load_id,date,posted_rate,predicted_rate
TR-038478,2025-09-01,323.23,348.09387678985826
TR-038479,2025-09-01,1264.2,1268.8347449893024
TR-038480,2025-09-01,1203.42,1211.5947051977369
TR-038481,2025-09-01,1478.3,1494.3672728895717
TR-038482,2025-09-01,2311.83,2292.203467948449
TR-038483,2025-09-01,3527.11,4082.1281634091856
TR-038484,2025-09-01,1052.15,1100.0105322098054
TR-038485,2025-09-01,907.09,921.7193232222185
TR-038486,2025-09-01,187.49,195.61552735632563
TR-038487,2025-09-01,1347.42,1417.4509704326993
TR-038488,2025-09-01,3913.63,4291.348287042889
TR-038489,2025-09-01,1308.86,1316.5411186039262
TR-038490,2025-09-01,2843.97,3157.8989504029673
TR-038491,2025-09-01,3182.84,3426.8025108379265
TR-038492,2025-09-01,6146.13,6734.133105686325
TR-038493,2025-09-01,1846.46,1883.0955457984714
TR-038494,2025-09-01,645.51,705.1860218975762
TR-038495,2025-09-01,956.77,998.1966214059532
TR-038496,2025-09-01,2570.31,2751.531226263127
TR-038497,2025-09-01,2800.31,3281.4513709679372
TR-038498,2025-09-01,3540.56,3731.9334866712275
TR-038499,2025-09-01,940.89,904.8520846512256
TR-038500,2025-09-01,1965.28,2103.6511484485277
TR-038501,2025-09-01,640.92,737.56629862967
TR-038502,2025-09-01,3084.4,3310.9923044911206
TR-038503,2025-09-01,1518.53,1544.8542593179645
TR-038504,2025-09-01,952.96,962.0611448392232
TR-038505,2025-09-01,753.12,751.9004984601855
TR-038506,2025-09-01,1760.57,1897.6984534221845
TR-038507,2025-09-01,2324.24,2593.1766209809903
TR-038508,2025-09-01,697.99,748.8983356865476
TR-038509,2025-09-01,4320.99,4454.751019591251
TR-038510,2025-09-01,2179.31,2299.797371414066
TR-038511,2025-09-01,1477.25,1431.8030494047375
TR-038512,2025-09-01,2308.35,2349.945514434254
TR-038513,2025-09-01,2753.14,2702.654815621039
TR-038514,2025-09-01,4438.04,4555.056596124061
TR-038515,2025-09-01,3801.75,3830.839484291919
TR-038516,2025-09-01,870.8,897.8169818750013
TR-038517,2025-09-01,1525.42,1460.292781295276
TR-038518,2025-09-01,3819.07,3784.0669244413707
TR-038519,2025-09-01,533.1,552.3981418530626
TR-038520,2025-09-01,572.08,552.3413047398017
TR-038521,2025-09-01,3762.42,4467.854467820508
TR-038522,2025-09-01,1246.71,1269.471481087041
TR-038523,2025-09-01,3167.45,3348.945036412864
TR-038524,2025-09-01,1453.26,1492.5446224432796
TR-038525,2025-09-01,2493.1,2538.213354186066
TR-038526,2025-09-01,890.4,898.9073514472901
TR-038527,2025-09-01,2813.6,2754.377738873961
TR-038528,2025-09-01,2631.8,2662.3795191577005
TR-038529,2025-09-01,2767.04,3085.6160936233814
TR-038530,2025-09-01,1076.48,1124.5380174179772
TR-038531,2025-09-01,2464.66,2496.1324536361662
TR-038532,2025-09-01,2139.93,2220.2931297238442
TR-038533,2025-09-01,803.35,871.1471031146334
TR-038534,2025-09-01,5609.77,5807.021687297608
TR-038535,2025-09-01,2462.59,2556.2582072343275
TR-038536,2025-09-01,996.39,1000.0886621427986
TR-038537,2025-09-01,2365.84,2642.4363715494037
TR-038538,2025-09-01,1244.22,1230.4466008980214
TR-038539,2025-09-01,4972.2,5066.369666201334
TR-038540,2025-09-01,462.1,509.0633701234769
TR-038541,2025-09-01,1752.1,1825.8626348552123
TR-038542,2025-09-01,1532.71,1544.0015826734127
TR-038543,2025-09-01,599.05,614.7919852451296
TR-038544,2025-09-01,1884.4,1841.1031389846605
TR-038545,2025-09-01,2099.41,2130.8509483236935
TR-038546,2025-09-01,362.54,377.60789177766765
TR-038547,2025-09-01,4425.96,4458.7216046565745
TR-038548,2025-09-01,1674.34,1721.6076563402203
TR-038549,2025-09-01,1217.27,1312.035266670407
TR-038550,2025-09-01,2215.87,2419.482960415149
TR-038551,2025-09-01,1081.85,1094.3981142954551
TR-038552,2025-09-01,2539.08,2580.2146050733586
TR-038553,2025-09-01,631.3,623.9861065659699
TR-038554,2025-09-01,1240.32,1264.402028239502
TR-038555,2025-09-01,1195.21,1346.3846063412684
TR-038556,2025-09-01,505.53,513.0646240902403
TR-038557,2025-09-01,3821.49,3826.283109765479
TR-038558,2025-09-01,2931.77,2782.449919532159
TR-038559,2025-09-01,4389.73,4607.109760336802
TR-038560,2025-09-01,572.82,596.4599332203557
TR-038561,2025-09-01,4825.78,5401.317786455996
TR-038562,2025-09-01,4468.22,4528.62908246044
TR-038563,2025-09-01,2185.71,2323.9095595504
TR-038564,2025-09-01,2180.78,2283.2663763331484
TR-038565,2025-09-01,676.22,656.7607519353187
TR-038566,2025-09-01,1951.88,1929.4130563541025
TR-038567,2025-09-01,3434.23,3541.4860157729854
TR-038568,2025-09-01,3250.49,3382.8088818270094
TR-038569,2025-09-01,985.7,1167.5375093761315
TR-038570,2025-09-01,977.59,1030.674936002153
TR-038571,2025-09-01,2811.5,2953.856597045637
TR-038572,2025-09-01,2379.08,2491.0240417928967
TR-038573,2025-09-01,3669.98,3726.927755084296
TR-038574,2025-09-01,1300.57,1253.5202123286592
TR-038575,2025-09-01,4301.88,4508.859672234348
TR-038576,2025-09-01,1931.02,2002.0198371712534
TR-038577,2025-09-01,2258.98,2511.5044009238495
TR-038578,2025-09-01,1985.68,2003.0566244062497
TR-038579,2025-09-01,2990.87,4365.917281512846
TR-038580,2025-09-01,1255.91,1329.4763714090088
TR-038581,2025-09-01,3678.91,3721.30791884798
TR-038582,2025-09-01,1959.31,1902.6286706793676
TR-038583,2025-09-01,3101.21,3197.7106292585113
TR-038584,2025-09-01,4804.71,4814.47594631783
TR-038585,2025-09-01,1797.48,1833.8293755859343
TR-038586,2025-09-01,3816.99,3840.5081381404557
TR-038587,2025-09-01,1758.12,2007.7328479899543
TR-038588,2025-09-01,1932.73,2111.888252222053
TR-038589,2025-09-01,2559.65,2648.3267214822013
TR-038590,2025-09-01,5774.35,6126.441850118256
TR-038591,2025-09-01,170.36,945.6886212478462
TR-038592,2025-09-01,903.41,933.3006556979216
TR-038593,2025-09-01,4025.92,4403.760202267241
TR-038594,2025-09-01,2995.32,3169.59905330736
TR-038595,2025-09-01,625.19,590.2466092280528
TR-038596,2025-09-01,1603.62,1626.2739222470273
TR-038597,2025-09-01,2282.16,2425.441554683228
TR-038598,2025-09-01,2156.07,2043.16452520137
TR-038599,2025-09-01,4271.25,4478.801781354812
TR-038600,2025-09-01,1208.44,1209.1833916843614
TR-038601,2025-09-01,1359.2,1281.587186565887
TR-038602,2025-09-01,4943.0,4914.53173465797
TR-038603,2025-09-01,1211.88,1129.2910497166808
TR-038604,2025-09-01,4176.25,4183.255458497971
TR-038605,2025-09-01,1783.92,1837.710849591164
TR-038606,2025-09-01,4093.8,4519.947975725837
TR-038607,2025-09-01,1170.43,1246.2853886059966
TR-038608,2025-09-01,1531.76,1495.9870773503478
TR-038609,2025-09-01,3029.69,3231.281500598946
TR-038610,2025-09-01,1823.43,1993.9463010824425
TR-038611,2025-09-01,3550.19,3962.489381761757
TR-038612,2025-09-01,3088.61,3183.1149016363433
TR-038613,2025-09-01,2651.65,2606.226249601484
TR-038614,2025-09-01,697.21,757.8531297834647
TR-038615,2025-09-01,4672.93,4691.117151811691
TR-038616,2025-09-01,4100.58,4316.698720164251
TR-038617,2025-09-01,2638.3,2846.459587277105
TR-038618,2025-09-01,3906.01,3849.4711873748975
TR-038619,2025-09-01,1650.6,1653.0594561481132
TR-038620,2025-09-01,1660.7,1824.1616004242476
TR-038621,2025-09-01,1080.36,1064.9862181166036
TR-038622,2025-09-01,4108.95,4205.888169675832
TR-038623,2025-09-01,1846.81,1891.9353280263094
TR-038624,2025-09-01,2020.1,2140.1370136629494
TR-038625,2025-09-01,2581.57,2573.5812484078956
TR-038626,2025-09-01,1384.61,1470.695185074484
TR-038627,2025-09-01,831.27,878.1238717701202
TR-038628,2025-09-01,1132.05,1135.048604973954
TR-038629,2025-09-01,2231.06,2423.913344909121
TR-038630,2025-09-01,4629.23,4708.663527774341
TR-038631,2025-09-01,5099.24,5063.385454660951
TR-038632,2025-09-01,4975.45,5186.668960274395
TR-038633,2025-09-01,1064.92,1031.676023636125
TR-038634,2025-09-01,597.28,599.50410139621
TR-038635,2025-09-02,4595.4,4580.541106544197
TR-038636,2025-09-02,3621.16,3648.9373982229777
TR-038637,2025-09-02,3845.42,3920.7006600252494
TR-038638,2025-09-02,1036.45,1051.4785889913328
TR-038639,2025-09-02,537.66,519.049217014703
TR-038640,2025-09-02,2250.41,2300.1292955762624
TR-038641,2025-09-02,1496.94,1558.8143043065686
TR-038642,2025-09-02,2435.72,2491.63158910326
TR-038643,2025-09-02,6323.82,6398.3141078231565
TR-038644,2025-09-02,1820.96,1954.710840237902
TR-038645,2025-09-02,1755.11,1734.4232669358364
TR-038646,2025-09-02,1069.87,1098.5395045760936
TR-038647,2025-09-02,2949.22,3222.538687724556
TR-038648,2025-09-02,2536.23,2506.336552984868
TR-038649,2025-09-02,1919.59,1982.6874797376524
TR-038650,2025-09-02,4617.91,5111.4463594282915
TR-038651,2025-09-02,1258.57,1501.2013910104254
TR-038652,2025-09-02,1433.77,1393.1799423241655
TR-038653,2025-09-02,3736.23,3919.676490491344
TR-038654,2025-09-02,1727.75,1768.32957642353
TR-038655,2025-09-02,624.33,689.4172774998038
TR-038656,2025-09-02,1272.52,1298.5200302912501
TR-038657,2025-09-02,2012.09,1915.6317988527562
TR-038658,2025-09-02,707.77,705.6244666555335
TR-038659,2025-09-02,3591.23,3456.993140772039
TR-038660,2025-09-02,555.34,596.1194593455183
TR-038661,2025-09-02,1352.42,1434.5585653228095
TR-038662,2025-09-02,2666.14,2501.3112853034177
TR-038663,2025-09-02,2476.54,2615.6467122042814
TR-038664,2025-09-02,1058.7,1014.0433953895987
TR-038665,2025-09-02,1824.73,2002.84835447148
TR-038666,2025-09-02,3424.84,3525.9256714789094
TR-038667,2025-09-02,5041.13,5177.7266772177
TR-038668,2025-09-02,1331.36,1359.5906677203318
TR-038669,2025-09-02,1309.45,1350.0530567603591
TR-038670,2025-09-02,1223.28,1207.0804892835047
TR-038671,2025-09-02,2249.04,2273.912941955781
TR-038672,2025-09-02,3292.86,3406.716794061748
TR-038673,2025-09-02,1464.17,1518.7366519660964
TR-038674,2025-09-02,1328.24,1357.7552124722772
TR-038675,2025-09-02,2566.52,2632.8379707391196
TR-038676,2025-09-02,2064.9,2028.8018368564558
TR-038677,2025-09-02,748.11,741.1431929167669
TR-038678,2025-09-02,1697.16,1725.0351637966278
TR-038679,2025-09-02,1408.45,1422.8022918552138
TR-038680,2025-09-02,733.24,729.2291645632545
TR-038681,2025-09-02,3208.32,3205.198694147803
TR-038682,2025-09-02,1629.6,1691.392738592324
TR-038683,2025-09-02,4484.01,4596.007786950757
TR-038684,2025-09-02,2440.1,2499.810527970428
TR-038685,2025-09-02,971.68,1032.2893107126165
TR-038686,2025-09-02,2932.54,3113.332436025686
TR-038687,2025-09-02,4163.72,4257.168727613356
TR-038688,2025-09-02,971.1,958.4189173053044
TR-038689,2025-09-02,1426.2,1412.0365598372784
TR-038690,2025-09-02,3818.1,4325.883317733473
TR-038691,2025-09-02,2983.74,3021.7151895342804
TR-038692,2025-09-02,2106.36,2240.1256492269263
TR-038693,2025-09-02,3245.38,3246.400445315847
TR-038694,2025-09-02,716.13,727.9700446485991
TR-038695,2025-09-02,1193.79,1136.3098172945074
TR-038696,2025-09-02,2066.21,2179.984710017363
TR-038697,2025-09-02,1278.23,1251.2831973201683
TR-038698,2025-09-02,1949.92,2048.9037268972743
TR-038699,2025-09-02,1593.01,1647.2437846627085
TR-038700,2025-09-02,1798.74,1771.13651684038
TR-038701,2025-09-02,3556.26,3535.8617742773185
TR-038702,2025-09-02,2136.24,2292.03848959069
TR-038703,2025-09-02,2000.26,2078.6850960381603
TR-038704,2025-09-02,2167.17,2368.061430437628
TR-038705,2025-09-02,607.3,609.2677523639308
TR-038706,2025-09-02,889.82,933.2795713042237
TR-038707,2025-09-02,1406.42,1512.3660836250608
TR-038708,2025-09-02,1436.54,1511.1325101172968
TR-038709,2025-09-02,4129.04,4245.278788539493
TR-038710,2025-09-02,309.15,912.2304049317287
TR-038711,2025-09-02,3408.34,3500.606661160087
TR-038712,2025-09-02,4460.9,4498.389279738797
TR-038713,2025-09-02,3214.87,3221.811067386297
TR-038714,2025-09-02,5681.04,5320.551792058923
TR-038715,2025-09-02,1206.46,1278.2653846424591
TR-038716,2025-09-02,1346.17,1601.0048492983121
TR-038717,2025-09-02,4389.4,4505.048484033139
TR-038718,2025-09-02,596.38,639.959519358026
TR-038719,2025-09-02,1179.97,1114.2578155101726
TR-038720,2025-09-02,3426.51,3664.383454920968
TR-038721,2025-09-02,1540.25,1550.659052347455
TR-038722,2025-09-02,685.55,669.3335759477857
TR-038723,2025-09-02,2445.9,3808.779110199268
TR-038724,2025-09-02,2989.15,2983.351430149136
TR-038725,2025-09-02,2450.2,2617.790951707356
TR-038726,2025-09-02,2853.25,2849.233826991908
TR-038727,2025-09-02,1874.72,1956.274970753315
TR-038728,2025-09-02,1070.88,1125.4052662002427
TR-038729,2025-09-02,4071.21,4340.1356555608345
TR-038730,2025-09-02,926.33,933.2634371607098
TR-038731,2025-09-02,2760.09,2965.901904899692
TR-038732,2025-09-02,2307.59,2482.857851183803
TR-038733,2025-09-02,3145.59,3332.6788467547885
TR-038734,2025-09-02,4096.04,4020.2824894405685
TR-038735,2025-09-02,5060.03,5186.8873227250515
TR-038736,2025-09-02,1780.41,1909.5889164827004
TR-038737,2025-09-02,1130.16,1131.1256615468678
TR-038738,2025-09-02,2245.46,2288.6725909744587
TR-038739,2025-09-02,1889.19,1978.772450874223
TR-038740,2025-09-02,361.07,378.272077943918
TR-038741,2025-09-02,2153.71,2166.486709946523
TR-038742,2025-09-02,2173.75,2486.607733666671
TR-038743,2025-09-02,329.42,358.5322624424756
TR-038744,2025-09-02,4928.27,4858.03129176006
TR-038745,2025-09-02,1506.14,1496.8948918334181
TR-038746,2025-09-02,489.93,521.6371762861561
TR-038747,2025-09-02,857.48,932.7061149316397
TR-038748,2025-09-02,1450.53,1470.7386222196146
TR-038749,2025-09-02,2548.51,2567.2192791972725
TR-038750,2025-09-02,1842.42,1746.0573835546822
TR-038751,2025-09-02,1355.34,1414.4032015770415
TR-038752,2025-09-02,4107.15,4235.684530050471
TR-038753,2025-09-02,1658.81,1700.2138542780124
TR-038754,2025-09-02,2344.9,2447.9549587301485
TR-038755,2025-09-02,1471.43,1503.9182352485338
TR-038756,2025-09-02,4262.27,4237.8440784388085
TR-038757,2025-09-02,3974.2,4010.916334088555
TR-038758,2025-09-02,722.95,770.2070788481847
TR-038759,2025-09-02,4274.76,4294.349729705649
TR-038760,2025-09-02,2024.78,2030.992697639975
TR-038761,2025-09-02,1951.68,1973.5016812887195
TR-038762,2025-09-02,1592.58,1581.004513708428
TR-038763,2025-09-02,824.12,869.6438241160812
TR-038764,2025-09-02,3466.51,3879.622939521166
TR-038765,2025-09-02,1313.46,1280.563775735473
TR-038766,2025-09-02,1023.67,996.7865160116844
TR-038767,2025-09-02,2309.25,2405.7945749019455
TR-038768,2025-09-02,1352.59,1399.2187670844412
TR-038769,2025-09-02,768.48,777.1332642031429
TR-038770,2025-09-02,511.2,546.6324356318463
TR-038771,2025-09-02,709.94,716.7786233935487
TR-038772,2025-09-02,11377.49,3493.9920232981844
TR-038773,2025-09-02,3197.82,3239.0925758470617
TR-038774,2025-09-02,4027.32,3952.769302181152
TR-038775,2025-09-02,3581.43,4002.7180671712244
TR-038776,2025-09-02,3052.83,3024.1976144104783
TR-038777,2025-09-02,2180.09,2619.507449445902
TR-038778,2025-09-02,1427.22,1526.9955793161391
TR-038779,2025-09-02,921.05,906.6556909400535
TR-038780,2025-09-02,4116.3,4245.635393707079
TR-038781,2025-09-02,3626.27,3602.2492790782403
TR-038782,2025-09-02,3614.41,3769.4971808025753
TR-038783,2025-09-02,1300.9,1325.0451593274843
TR-038784,2025-09-02,2673.39,2770.8765198709284
TR-038785,2025-09-02,1624.66,1711.9840037394335
TR-038786,2025-09-02,918.03,947.9340851540782
TR-038787,2025-09-02,1607.67,1672.0080286001185
TR-038788,2025-09-03,2102.38,2306.1197841233557
TR-038789,2025-09-03,5768.28,5995.710722710932
TR-038790,2025-09-03,2568.2,2585.2918196534456
TR-038791,2025-09-03,1837.9,1788.698046388689
TR-038792,2025-09-03,3673.71,3809.4681852875015
TR-038793,2025-09-03,2317.84,2380.174650816299
TR-038794,2025-09-03,3469.94,3380.3438834197345
TR-038795,2025-09-03,3365.78,3316.6953661228818
TR-038796,2025-09-03,714.78,701.8744661185957
TR-038797,2025-09-03,689.93,690.1279247733423
TR-038798,2025-09-03,3144.44,3180.656790042482
TR-038799,2025-09-03,1841.62,1789.9318427239448
TR-038800,2025-09-03,1007.46,1037.8952213640048
TR-038801,2025-09-03,2787.96,2742.9475838862422
TR-038802,2025-09-03,2484.83,2656.2908674019204
TR-038803,2025-09-03,486.09,1238.107087018473
TR-038804,2025-09-03,3665.65,3719.045580555414
TR-038805,2025-09-03,3329.54,3713.374234638872
TR-038806,2025-09-03,4243.19,4111.915686691065
TR-038807,2025-09-03,1384.46,1350.0908125702483
TR-038808,2025-09-03,1782.17,1821.9721695722865
TR-038809,2025-09-03,2329.64,2460.1391979164746
TR-038810,2025-09-03,1025.98,980.2317731799882
TR-038811,2025-09-03,2262.13,2340.8254501543856
TR-038812,2025-09-03,1653.13,1646.1428390609694
TR-038813,2025-09-03,1809.32,1959.5474772057282
TR-038814,2025-09-03,4192.29,4382.719680595765
TR-038815,2025-09-03,1311.58,1283.9241432923436
TR-038816,2025-09-03,2941.49,2909.6974458771583
TR-038817,2025-09-03,1438.42,1450.819328671196
TR-038818,2025-09-03,2279.18,2344.1584840514465
TR-038819,2025-09-03,1501.31,1528.5996617715134
TR-038820,2025-09-03,5645.59,5425.58084370273
TR-038821,2025-09-03,3301.88,3302.6908463121867
TR-038822,2025-09-03,1177.46,1205.7558858258972
TR-038823,2025-09-03,353.31,375.9638101937516
TR-038824,2025-09-03,1588.32,1579.6985351214232
TR-038825,2025-09-03,508.45,494.22213562254234
TR-038826,2025-09-03,1418.54,1437.4830329140134
TR-038827,2025-09-03,3545.47,3537.089993357832
TR-038828,2025-09-03,3947.82,3858.8889163262047
TR-038829,2025-09-03,1314.47,1362.3451677468204
TR-038830,2025-09-03,1045.11,1041.7479193571246
TR-038831,2025-09-03,1658.81,1652.1361631005802
TR-038832,2025-09-03,950.23,953.702886046968
TR-038833,2025-09-03,2122.98,2118.958134953457
TR-038834,2025-09-03,914.67,905.1383003682203
TR-038835,2025-09-03,856.83,1030.951580125429
TR-038836,2025-09-03,2005.14,2048.0627112795673
TR-038837,2025-09-03,1740.1,1723.2251875266074
TR-038838,2025-09-03,4931.28,1825.0636719120068
TR-038839,2025-09-03,1509.11,1574.0359152824763
TR-038840,2025-09-03,1366.36,1406.0611443194357
TR-038841,2025-09-03,643.59,695.4073928862529
TR-038842,2025-09-03,4159.14,4406.507628672523
TR-038843,2025-09-03,2019.72,2107.436650836676
TR-038844,2025-09-03,3574.04,3715.5740004812133
TR-038845,2025-09-03,1405.61,1533.770312874835
TR-038846,2025-09-03,1190.88,1236.5466635536318
TR-038847,2025-09-03,1552.07,1649.6468817666062
TR-038848,2025-09-03,3967.87,4077.6428741125087
TR-038849,2025-09-03,2152.14,2102.989754258622
TR-038850,2025-09-03,4376.41,4250.536436502571
TR-038851,2025-09-03,1509.58,1742.531212243806
TR-038852,2025-09-03,2125.38,2192.6723827410187
TR-038853,2025-09-03,2774.52,2746.2618718178974
TR-038854,2025-09-03,1137.04,1169.8143351427107
TR-038855,2025-09-03,1778.32,1701.662382283263
TR-038856,2025-09-03,1096.27,1039.6477510337852
TR-038857,2025-09-03,4400.76,5349.912141370431
TR-038858,2025-09-03,1838.06,1848.8995047331023
TR-038859,2025-09-03,1196.71,1318.9053517185641
TR-038860,2025-09-03,1062.89,1066.6194067427134
TR-038861,2025-09-03,756.61,721.6740217838448
TR-038862,2025-09-03,1790.45,1846.0759436011808
TR-038863,2025-09-03,1368.54,1361.6588522627987
TR-038864,2025-09-03,1933.62,1865.3629677202005
TR-038865,2025-09-03,1143.89,1082.4811559724953
TR-038866,2025-09-03,634.01,643.51944330299
TR-038867,2025-09-03,833.33,807.2868635740627
TR-038868,2025-09-03,2896.96,2941.467269919405
TR-038869,2025-09-03,1804.39,1850.2682096733881
TR-038870,2025-09-03,5502.7,5523.45860595385
TR-038871,2025-09-03,1177.76,1242.5023087153234
TR-038872,2025-09-03,1790.91,1673.5667747480989
TR-038873,2025-09-03,2419.58,2528.9767153226744
TR-038874,2025-09-03,824.38,849.391122511556
TR-038875,2025-09-03,4138.03,4365.907382456186
TR-038876,2025-09-03,1264.58,1292.2381111426844
TR-038877,2025-09-03,1609.32,1722.6036436938389
TR-038878,2025-09-03,948.67,935.3617165925026
TR-038879,2025-09-03,2408.22,2487.2573981686774
TR-038880,2025-09-03,4037.25,3968.6868659765164
TR-038881,2025-09-03,5870.15,5801.222343054116
TR-038882,2025-09-03,4332.21,4190.324182915706
TR-038883,2025-09-03,1429.26,1515.2583455520687
TR-038884,2025-09-03,2736.58,2770.5160888727155
TR-038885,2025-09-03,920.82,951.7012825819896
TR-038886,2025-09-03,1344.11,1397.2810501187976
TR-038887,2025-09-03,1846.08,1908.2883709051366
TR-038888,2025-09-03,454.76,452.4387167629753
TR-038889,2025-09-03,2334.05,2422.159623361549
TR-038890,2025-09-03,1120.7,1102.0489638731697
TR-038891,2025-09-03,2885.45,2855.7700026457705
TR-038892,2025-09-03,1412.11,1333.2179882873363
TR-038893,2025-09-03,4126.36,4357.492949487547
TR-038894,2025-09-03,4536.4,4834.091618377988
TR-038895,2025-09-03,988.98,929.2551522606318
TR-038896,2025-09-03,3696.76,3808.9719862476327
TR-038897,2025-09-03,4929.32,5126.852093020155
TR-038898,2025-09-03,445.85,455.061573496957
TR-038899,2025-09-03,3456.36,3614.041882679286
TR-038900,2025-09-03,1799.05,1797.8451223063364
TR-038901,2025-09-03,1899.77,1848.9362150902468
TR-038902,2025-09-03,1246.44,1413.7972906205996
TR-038903,2025-09-03,1034.94,1035.5019291869628
TR-038904,2025-09-03,1244.67,1186.4049915883957
TR-038905,2025-09-03,3381.01,3343.292822360922
TR-038906,2025-09-03,1186.89,1125.998650264105
TR-038907,2025-09-03,1574.67,1543.6360261076677
TR-038908,2025-09-03,1412.04,1329.8302689061377
TR-038909,2025-09-03,1618.75,1663.0034588002193
TR-038910,2025-09-03,1711.45,1749.9296616522063
TR-038911,2025-09-03,1058.96,1081.8511426402686
TR-038912,2025-09-03,2342.99,2349.3224022882728
TR-038913,2025-09-03,4769.86,4803.148288126185
TR-038914,2025-09-03,2749.61,2679.83553444131
TR-038915,2025-09-03,478.51,502.0875793831317
TR-038916,2025-09-03,4031.4,4143.207743481057
TR-038917,2025-09-03,1398.6,1442.8123099547863
TR-038918,2025-09-03,2035.61,1899.4089820244924
TR-038919,2025-09-03,379.08,407.0075632468133
TR-038920,2025-09-03,1762.2,1722.0284275385047
TR-038921,2025-09-03,490.18,517.5008962708292
TR-038922,2025-09-03,1833.07,1782.1073480481764
TR-038923,2025-09-03,1228.28,1284.8502001715046
TR-038924,2025-09-03,390.61,412.7315127483902
TR-038925,2025-09-03,2120.23,1995.5169826821075
TR-038926,2025-09-03,1281.36,1258.0687396779138
TR-038927,2025-09-03,1811.89,1881.9329344538235
TR-038928,2025-09-03,1657.1,1705.8143702851721
TR-038929,2025-09-03,4494.52,4389.65727521209
TR-038930,2025-09-03,4903.95,4752.772884508937
TR-038931,2025-09-03,3719.11,4233.977317514881
TR-038932,2025-09-03,3395.51,3388.1594678910387
TR-038933,2025-09-03,2534.45,2524.603030420288
TR-038934,2025-09-03,2884.07,3013.771716232368
TR-038935,2025-09-03,3287.09,3282.4464537534805
TR-038936,2025-09-04,2103.52,2112.323270424475
TR-038937,2025-09-04,1119.29,1089.1545255775188
TR-038938,2025-09-04,3831.98,3771.7327471982826
TR-038939,2025-09-04,611.13,633.5111378033564
TR-038940,2025-09-04,2807.36,2865.8271463261417
TR-038941,2025-09-04,2071.96,2066.728388235818
TR-038942,2025-09-04,2339.95,2542.254429590014
TR-038943,2025-09-04,4874.27,4912.989141164594
TR-038944,2025-09-04,1768.91,1811.5505707510424
TR-038945,2025-09-04,4304.74,4458.262512627014
TR-038946,2025-09-04,3572.95,3714.002415686817
TR-038947,2025-09-04,3764.61,3853.233924719437
TR-038948,2025-09-04,870.61,898.6580099087606
TR-038949,2025-09-04,413.09,405.8386356796576
TR-038950,2025-09-04,2544.99,2505.771861335339
TR-038951,2025-09-04,1660.37,1741.8421232060202
TR-038952,2025-09-04,1092.96,1151.9524206318304
TR-038953,2025-09-04,5716.18,5800.48250125468
TR-038954,2025-09-04,3141.19,3309.7609571770417
TR-038955,2025-09-04,6185.0,6043.121331992824
TR-038956,2025-09-04,4636.85,5078.584909817838
TR-038957,2025-09-04,3625.04,3708.291874328227
TR-038958,2025-09-04,1954.2,2373.861918827723
TR-038959,2025-09-04,3415.8,3441.796704410373
TR-038960,2025-09-04,819.65,824.9559786655041
TR-038961,2025-09-04,835.18,906.0345957205553
TR-038962,2025-09-04,517.61,544.6699242554921
TR-038963,2025-09-04,958.93,943.1143838444113
TR-038964,2025-09-04,1197.57,1186.5768726913311
TR-038965,2025-09-04,1674.76,1797.2762183729008
TR-038966,2025-09-04,5233.71,5338.600474651449
TR-038967,2025-09-04,4807.93,4743.587408211455
TR-038968,2025-09-04,1614.61,1719.2796685923313
TR-038969,2025-09-04,5839.12,5838.925082262187
TR-038970,2025-09-04,2360.93,2362.9424390461445
TR-038971,2025-09-04,4100.64,4004.3268544112643
TR-038972,2025-09-04,2338.31,2292.8190862472125
TR-038973,2025-09-04,777.59,790.6256885837769
TR-038974,2025-09-04,3240.89,3308.6487870362034
TR-038975,2025-09-04,3635.79,3964.469909581563
TR-038976,2025-09-04,1166.61,1170.248805797932
TR-038977,2025-09-04,5181.47,4926.985764922365
TR-038978,2025-09-04,4170.51,4205.916092079315
TR-038979,2025-09-04,2723.28,2767.1362052716463
TR-038980,2025-09-04,830.68,905.7883885742631
TR-038981,2025-09-04,4731.45,4558.262607903861
TR-038982,2025-09-04,946.26,1028.2310430187542
TR-038983,2025-09-04,711.59,734.8917179642158
TR-038984,2025-09-04,1082.09,1060.9131527805707
TR-038985,2025-09-04,2041.64,2092.619472658541
TR-038986,2025-09-04,2599.43,2461.3987841215367
TR-038987,2025-09-04,3685.54,3624.095734340341
TR-038988,2025-09-04,1417.52,1337.8347926395013
TR-038989,2025-09-04,4591.38,4663.235945889168
TR-038990,2025-09-04,5144.4,5158.319585837277
TR-038991,2025-09-04,4160.37,4391.739156503523
TR-038992,2025-09-04,2771.41,2728.100946018248
TR-038993,2025-09-04,812.49,790.7908136521552
TR-038994,2025-09-04,989.2,1029.849032534348
TR-038995,2025-09-04,251.45,241.3314177934093
TR-038996,2025-09-04,498.55,549.3726760659288
TR-038997,2025-09-04,1607.21,1983.2097714545082
TR-038998,2025-09-04,196.37,192.16803706184888
TR-038999,2025-09-04,3701.75,3635.8320442187583
TR-039000,2025-09-04,236.37,236.44420155145048
TR-039001,2025-09-04,345.86,359.4131735392765
TR-039002,2025-09-04,2077.33,2134.4937777772006
TR-039003,2025-09-04,5633.17,5562.139716359733
TR-039004,2025-09-04,1878.85,1830.3222463605828
TR-039005,2025-09-04,742.41,703.0043802107135
TR-039006,2025-09-04,1934.15,2153.5807492955296
TR-039007,2025-09-04,4583.28,4622.762580196725
TR-039008,2025-09-04,1155.21,1222.6302802316204
TR-039009,2025-09-04,2265.2,2316.526703148975
TR-039010,2025-09-04,1152.28,1197.0558993195723
TR-039011,2025-09-04,3524.5,3523.3376513607514
TR-039012,2025-09-04,1333.02,1484.1288035375353
TR-039013,2025-09-04,2290.51,2268.34673331862
TR-039014,2025-09-04,2815.63,2847.4933548572417
TR-039015,2025-09-04,3706.5,3826.8685353802052
TR-039016,2025-09-04,1625.36,1690.796803087446
TR-039017,2025-09-04,2034.63,1954.1363638797122
TR-039018,2025-09-04,2154.52,2120.6115178505092
TR-039019,2025-09-04,1086.45,1082.5940420270263
TR-039020,2025-09-04,1719.87,1766.7286611506063
TR-039021,2025-09-04,2197.15,2318.278108219593
TR-039022,2025-09-04,4716.82,4657.9591070295
TR-039023,2025-09-04,2940.08,2897.109412324394
TR-039024,2025-09-04,1864.87,1791.3510049977328
TR-039025,2025-09-04,3495.24,4085.2428185093404
TR-039026,2025-09-04,544.25,548.7410559311318
TR-039027,2025-09-04,3230.31,3250.803178915461
TR-039028,2025-09-04,3459.65,3497.2508891975444
TR-039029,2025-09-04,1036.49,1029.7295566150285
TR-039030,2025-09-04,1434.39,1466.0210462964787
TR-039031,2025-09-04,2102.58,2123.5661555643405
TR-039032,2025-09-04,3041.2,3065.0148246841077
TR-039033,2025-09-04,1922.11,1852.8892226630942
TR-039034,2025-09-04,2411.56,2518.0295239207885
TR-039035,2025-09-04,1202.71,1264.193989902127
TR-039036,2025-09-04,1342.71,1370.7002531145044
TR-039037,2025-09-04,1951.86,1904.3461728627253
TR-039038,2025-09-04,1492.67,1487.5853923626526
TR-039039,2025-09-04,2293.08,2447.9040762887844
TR-039040,2025-09-04,579.89,587.5488098588634
TR-039041,2025-09-04,4312.53,4290.135278811626
TR-039042,2025-09-04,1993.26,1874.2947865021195
TR-039043,2025-09-04,1803.31,1951.2223288186321
TR-039044,2025-09-04,1870.98,1896.1396706046235
TR-039045,2025-09-04,1035.33,1041.9800157178058
TR-039046,2025-09-04,2346.17,2330.1514891992306
TR-039047,2025-09-04,2565.6,2617.7985560126144
TR-039048,2025-09-04,2561.74,2589.0663239789574
TR-039049,2025-09-04,3226.05,3220.4667754709612
TR-039050,2025-09-04,3600.54,3683.6130041090687
TR-039051,2025-09-04,224.92,215.80909463124277
TR-039052,2025-09-04,1038.92,1015.1607459130464
TR-039053,2025-09-04,4309.6,4789.038030030473
TR-039054,2025-09-04,1073.55,1070.6709652167856
TR-039055,2025-09-04,2717.74,2729.286357705055
TR-039056,2025-09-04,545.79,540.0331773044277
TR-039057,2025-09-04,1635.9,1683.5890046288466
TR-039058,2025-09-04,2223.7,2292.588188903916
TR-039059,2025-09-04,706.43,749.2123219901753
TR-039060,2025-09-04,1993.08,1973.5054782111663
TR-039061,2025-09-04,419.81,419.71269769378773
TR-039062,2025-09-04,4728.81,4640.3636139063565
TR-039063,2025-09-04,1619.87,1671.3894054931684
TR-039064,2025-09-04,829.81,878.2172312890037
TR-039065,2025-09-04,675.2,651.5595121523097
TR-039066,2025-09-04,669.78,654.4418139110529
TR-039067,2025-09-04,1777.59,1753.7976213536094
TR-039068,2025-09-04,4479.42,4156.9297823735
TR-039069,2025-09-04,882.08,933.294839748232
TR-039070,2025-09-04,3210.13,3267.006794121795
TR-039071,2025-09-04,2080.39,2139.5924200962395
TR-039072,2025-09-04,1442.01,1495.1888358812785
TR-039073,2025-09-04,995.5,965.4418375714364
TR-039074,2025-09-04,557.08,565.8546505209061
TR-039075,2025-09-04,2895.45,3421.6620391512897
TR-039076,2025-09-04,2750.9,2948.524730412904
TR-039077,2025-09-04,497.6,492.7275647605382
TR-039078,2025-09-04,5931.57,5787.413002053454
TR-039079,2025-09-04,4678.42,4786.583697102685
TR-039080,2025-09-04,1735.69,1707.9337263220268
TR-039081,2025-09-04,1491.48,1516.48550760698
TR-039082,2025-09-04,2227.63,2313.836414275354
TR-039083,2025-09-04,2606.74,2539.509961014223
TR-039084,2025-09-04,5037.89,4959.401789843737
TR-039085,2025-09-04,5580.78,5988.292928161634
TR-039086,2025-09-04,1339.97,1248.247791929724
TR-039087,2025-09-04,4731.22,4819.414278028425
TR-039088,2025-09-04,3136.86,3173.1274278402952
TR-039089,2025-09-04,4776.59,4903.614646813084
TR-039090,2025-09-04,2207.44,2049.469037636742
TR-039091,2025-09-04,873.34,873.8023156495057
TR-039092,2025-09-05,1990.86,2145.658322728357
TR-039093,2025-09-05,1383.52,1396.4664058651415
TR-039094,2025-09-05,5939.13,6071.094505002366
TR-039095,2025-09-05,1602.12,1667.3519219070927
TR-039096,2025-09-05,1943.74,2056.939753477604
TR-039097,2025-09-05,2558.28,2616.950612938894
TR-039098,2025-09-05,1898.24,1880.2292490450816
TR-039099,2025-09-05,833.5,902.9645579330569
TR-039100,2025-09-05,2025.05,2174.280776071812
TR-039101,2025-09-05,2231.66,2145.915457386358
TR-039102,2025-09-05,1574.91,1491.6020942015064
TR-039103,2025-09-05,992.27,983.1941553145521
TR-039104,2025-09-05,3972.75,4053.616609863896
TR-039105,2025-09-05,1104.17,1144.7828999693816
TR-039106,2025-09-05,4521.64,4826.207300702455
TR-039107,2025-09-05,1668.8,1628.832237286298
TR-039108,2025-09-05,2740.42,3119.0566090215857
TR-039109,2025-09-05,2446.6,2540.3361680954185
TR-039110,2025-09-05,1368.65,1388.5952138709365
TR-039111,2025-09-05,3261.55,3474.158000750229
TR-039112,2025-09-05,640.63,680.4411786863463
TR-039113,2025-09-05,857.79,899.9943781454818
TR-039114,2025-09-05,1076.26,1114.091438188392
TR-039115,2025-09-05,1153.1,1208.1911006250905
TR-039116,2025-09-05,5027.1,5152.3886833416545
TR-039117,2025-09-05,2671.85,2770.360694024701
TR-039118,2025-09-05,1254.71,1271.721482309494
TR-039119,2025-09-05,965.6,900.8255618537237
TR-039120,2025-09-05,1290.97,1282.323489241877
TR-039121,2025-09-05,791.06,815.1182910111451
TR-039122,2025-09-05,1227.54,1259.4151593608835
TR-039123,2025-09-05,341.56,350.8277931015809
TR-039124,2025-09-05,581.85,699.5664012183272
TR-039125,2025-09-05,578.63,596.2893596970526
TR-039126,2025-09-05,3915.16,3846.416107398939
TR-039127,2025-09-05,2473.31,2495.097976189341
TR-039128,2025-09-05,1056.11,1078.013485980977
TR-039129,2025-09-05,1683.15,1660.4141481856059
TR-039130,2025-09-05,788.94,885.7644277941864
TR-039131,2025-09-05,1950.21,1896.7115950994198
TR-039132,2025-09-05,1155.37,1208.2345120494826
TR-039133,2025-09-05,785.6,868.6173967185366
TR-039134,2025-09-05,4124.89,4009.312389522658
TR-039135,2025-09-05,3112.26,3090.8541302650265
TR-039136,2025-09-05,4107.05,4127.960374192073
TR-039137,2025-09-05,2265.1,2204.8909575056396
TR-039138,2025-09-05,1455.36,1459.865425738242
TR-039139,2025-09-05,689.69,697.5781334011184
TR-039140,2025-09-05,2395.68,3010.50507072687
TR-039141,2025-09-05,4954.29,4885.359826005328
TR-039142,2025-09-05,1474.97,1547.5140175202398
TR-039143,2025-09-05,2664.11,2730.4717616392263
TR-039144,2025-09-05,4592.34,4590.957020900537
TR-039145,2025-09-05,2469.17,2450.5622903893595
TR-039146,2025-09-05,1028.4,1103.518769590512
TR-039147,2025-09-05,4251.39,4610.417597483035
TR-039148,2025-09-05,2009.23,2011.957229094637
TR-039149,2025-09-05,2139.57,2154.880760831342
TR-039150,2025-09-05,2307.9,2431.4918388779815
TR-039151,2025-09-05,361.96,437.8623739356297
TR-039152,2025-09-05,4078.17,4294.0825594617545
TR-039153,2025-09-05,2118.24,2159.7423427306853
TR-039154,2025-09-05,2511.37,2532.1986681413346
TR-039155,2025-09-05,1714.1,1915.2988257471957
TR-039156,2025-09-05,5335.02,5236.467502105513
TR-039157,2025-09-05,1169.68,1172.9765628064292
TR-039158,2025-09-05,3081.04,3039.3144924108515
TR-039159,2025-09-05,1187.65,1239.660423544575
TR-039160,2025-09-05,927.17,917.7073898304395
TR-039161,2025-09-05,3278.97,3238.627608371985
TR-039162,2025-09-05,4844.98,4922.471030748481
TR-039163,2025-09-05,1538.53,1526.9903293558816
TR-039164,2025-09-05,1556.98,1482.8585384119792
TR-039165,2025-09-05,1639.49,1529.5584811741298
TR-039166,2025-09-05,4829.59,4734.43464636812
TR-039167,2025-09-05,3605.8,3715.1606580114326
TR-039168,2025-09-05,2372.36,2288.4589375441255
TR-039169,2025-09-05,1848.35,1792.4037532720183
TR-039170,2025-09-05,1545.64,1512.8314550557698
TR-039171,2025-09-05,2236.81,2250.135785222286
TR-039172,2025-09-05,4856.02,4847.624007821887
TR-039173,2025-09-05,2963.57,3356.815466732392
TR-039174,2025-09-05,3804.05,3774.482219930441
TR-039175,2025-09-05,2504.29,2496.7879211699415
TR-039176,2025-09-05,1161.24,1156.5760658565275
TR-039177,2025-09-05,5084.27,5346.325441778524
TR-039178,2025-09-05,1551.07,1598.438855221386
TR-039179,2025-09-05,3925.06,4029.127246093372
TR-039180,2025-09-05,1940.07,1881.7252000641754
TR-039181,2025-09-05,2458.96,2511.74374691398
TR-039182,2025-09-05,3749.01,3732.065051593629
TR-039183,2025-09-05,3545.25,3546.9205400524384
TR-039184,2025-09-05,770.47,742.3182615324557
TR-039185,2025-09-05,2194.96,2293.0349804226676
TR-039186,2025-09-05,2501.52,2584.875021138145
TR-039187,2025-09-05,4472.64,4421.758753345566
TR-039188,2025-09-05,1597.1,1529.3807294081403
TR-039189,2025-09-05,1233.95,1260.882356042976
TR-039190,2025-09-05,2445.17,2460.956697546298
TR-039191,2025-09-05,3131.14,3253.603163276095
TR-039192,2025-09-05,2965.22,3072.9674658071704
TR-039193,2025-09-05,1744.51,1727.6799018987012
TR-039194,2025-09-05,1126.29,1197.529838157027
TR-039195,2025-09-05,1086.72,1130.3528684118007
TR-039196,2025-09-05,1638.54,1653.4859951140163
TR-039197,2025-09-05,1528.0,1624.2957641375474
TR-039198,2025-09-05,1023.08,1007.1497665136808
TR-039199,2025-09-05,555.88,581.9019783455253
TR-039200,2025-09-05,3039.5,3165.268972353412
TR-039201,2025-09-05,796.76,807.0561221523585
TR-039202,2025-09-05,5059.84,4954.459503655697
TR-039203,2025-09-05,3827.69,3859.254116370092
TR-039204,2025-09-05,1725.56,1795.752116611714
TR-039205,2025-09-05,806.04,780.82860758282
TR-039206,2025-09-05,1340.8,1308.2315939748123
TR-039207,2025-09-05,4949.75,4825.149155169064
TR-039208,2025-09-05,4428.74,4323.379843870771
TR-039209,2025-09-05,2715.57,2828.0636105725766
TR-039210,2025-09-05,2048.31,2006.3893312214163
TR-039211,2025-09-05,3028.91,3227.7149007012313
TR-039212,2025-09-05,2167.26,2070.704238499971
TR-039213,2025-09-05,1241.89,1268.6864186625228
TR-039214,2025-09-05,1036.02,998.546027667763
TR-039215,2025-09-05,3925.28,3818.84457322206
TR-039216,2025-09-05,4953.28,5026.509220997284
TR-039217,2025-09-05,1273.52,1312.0305667199755
TR-039218,2025-09-05,1118.18,1088.5283982509698
TR-039219,2025-09-05,823.81,829.1313719018742
TR-039220,2025-09-05,1408.04,1518.175865623182
TR-039221,2025-09-05,1432.23,1405.1557355512625
TR-039222,2025-09-05,1137.48,1141.3437107234888
TR-039223,2025-09-05,3174.53,3280.2772696193183
TR-039224,2025-09-05,4107.89,4137.938807866965
TR-039225,2025-09-05,3376.19,3739.498545979973
TR-039226,2025-09-05,2297.51,2209.3341023193707
TR-039227,2025-09-05,1884.83,1855.092952367668
TR-039228,2025-09-05,258.05,244.8503783437095
TR-039229,2025-09-05,4859.34,4667.269105316782
TR-039230,2025-09-05,683.15,671.7711825760219
TR-039231,2025-09-05,4073.23,4029.3613763407525
TR-039232,2025-09-05,1592.93,1631.7832416113195
TR-039233,2025-09-05,405.5,402.7440621976966
TR-039234,2025-09-05,1084.65,1067.2520389109413
TR-039235,2025-09-05,3092.79,3190.920741916273
TR-039236,2025-09-05,1672.09,1683.615431377997
TR-039237,2025-09-05,893.28,863.5546259220415
TR-039238,2025-09-05,1240.53,1230.203616472035
TR-039239,2025-09-05,2059.35,1976.039464293189
TR-039240,2025-09-05,4666.64,4634.078847490268
TR-039241,2025-09-05,883.17,921.6643523585907
TR-039242,2025-09-06,3389.96,3306.4387421026536
TR-039243,2025-09-06,2719.01,2749.927266442668
TR-039244,2025-09-06,2808.78,2951.236477777297
TR-039245,2025-09-06,929.65,932.2510328868749
TR-039246,2025-09-06,1023.48,1002.7541659350431
TR-039247,2025-09-06,1735.32,1904.2855778954845
TR-039248,2025-09-06,4370.43,4523.5498318188575
TR-039249,2025-09-06,1546.16,1697.4212678519477
TR-039250,2025-09-06,2035.95,2031.7711595457124
TR-039251,2025-09-06,4485.15,4522.274915695629
TR-039252,2025-09-06,1601.21,1573.0619972870286
TR-039253,2025-09-06,2066.06,2262.180054778857
TR-039254,2025-09-06,2197.3,2220.8230534872423
TR-039255,2025-09-06,4122.85,4166.568235722275
TR-039256,2025-09-06,730.65,730.1733244192767
TR-039257,2025-09-06,6768.62,6742.190351813547
TR-039258,2025-09-06,1179.45,1180.8918323121698
TR-039259,2025-09-06,1844.5,1817.0193199795212
TR-039260,2025-09-06,3040.63,3077.8455830452467
TR-039261,2025-09-06,1386.89,1538.0225451766091
TR-039262,2025-09-06,3061.97,3169.6775074742072
TR-039263,2025-09-06,4734.52,4657.007273131321
TR-039264,2025-09-06,3864.33,4002.779859092015
TR-039265,2025-09-06,5608.43,5821.323242368692
TR-039266,2025-09-06,3828.43,4169.7811457995895
TR-039267,2025-09-06,3648.31,3517.0444571348476
TR-039268,2025-09-06,1949.08,2075.325915987442
TR-039269,2025-09-06,847.69,898.2199635746357
TR-039270,2025-09-06,1749.83,1852.1916151261726
TR-039271,2025-09-06,3076.42,3047.0267266785318
TR-039272,2025-09-06,2587.34,2519.014633640432
TR-039273,2025-09-06,2080.38,2178.39273671022
TR-039274,2025-09-06,4656.27,4860.399439325652
TR-039275,2025-09-06,969.15,981.3537346563644
TR-039276,2025-09-06,651.83,812.9701566947656
TR-039277,2025-09-06,594.15,639.0763433334125
TR-039278,2025-09-06,2794.78,2767.272516812468
TR-039279,2025-09-06,1051.15,984.8015203561735
TR-039280,2025-09-06,2149.2,2140.8772190774653
TR-039281,2025-09-06,2044.32,2025.9945972771284
TR-039282,2025-09-06,2618.27,2980.1103087234965
TR-039283,2025-09-06,2764.5,3135.905735851017
TR-039284,2025-09-06,851.04,884.0117579068352
TR-039285,2025-09-06,2490.81,2510.3227404725367
TR-039286,2025-09-06,570.47,625.1368147748716
TR-039287,2025-09-06,2306.35,2456.6898199138986
TR-039288,2025-09-06,5439.24,5423.962441856141
TR-039289,2025-09-06,1855.19,1749.8676157588043
TR-039290,2025-09-06,4090.46,4144.5632891817
TR-039291,2025-09-06,1072.6,1109.102545409713
TR-039292,2025-09-06,6295.71,2379.684888543995
TR-039293,2025-09-06,2469.45,2466.315278100579
TR-039294,2025-09-06,997.29,970.1692062382579
TR-039295,2025-09-06,1656.07,1667.5878727374438
TR-039296,2025-09-06,2849.08,2922.0567572553164
TR-039297,2025-09-06,1245.26,1322.0782514180503
TR-039298,2025-09-06,663.83,690.8599368785101
TR-039299,2025-09-06,2596.02,2520.995910899264
TR-039300,2025-09-06,2518.86,2648.590815913219
TR-039301,2025-09-06,1096.44,1101.6670884135408
TR-039302,2025-09-06,1698.47,1817.047601307279
TR-039303,2025-09-06,3405.77,3442.274403953556
TR-039304,2025-09-06,763.32,819.9090196292378
TR-039305,2025-09-06,1418.95,1491.5687364599157
TR-039306,2025-09-06,3069.94,3061.6869881240154
TR-039307,2025-09-06,519.57,1389.71942508196
TR-039308,2025-09-06,5686.61,5490.263374768439
TR-039309,2025-09-06,3282.87,3243.3828444470587
TR-039310,2025-09-06,1849.22,1805.481048164601
TR-039311,2025-09-06,2167.65,2192.9623074959477
TR-039312,2025-09-06,2175.71,2333.072954284748
TR-039313,2025-09-06,2605.28,2648.8707885505346
TR-039314,2025-09-06,1126.8,1140.0743524249356
TR-039315,2025-09-06,2325.47,2377.9329346369177
TR-039316,2025-09-06,2859.86,3123.910170608117
TR-039317,2025-09-06,940.39,965.1200009070769
TR-039318,2025-09-06,4794.14,5138.4812841992425
TR-039319,2025-09-06,1120.78,1186.6090987321006
TR-039320,2025-09-06,645.29,631.6213630654692
TR-039321,2025-09-06,327.62,326.08914271676235
TR-039322,2025-09-06,1318.46,1316.3737069825243
TR-039323,2025-09-06,925.32,954.1735160061717
TR-039324,2025-09-06,382.63,396.16154288021903
TR-039325,2025-09-06,2652.69,2794.2072933456743
TR-039326,2025-09-06,1159.79,1269.4353582016363
TR-039327,2025-09-06,591.03,566.1161497818413
TR-039328,2025-09-06,1084.2,1075.5811311261991
TR-039329,2025-09-06,1814.58,1828.0557965492014
TR-039330,2025-09-06,1651.04,1618.776025037593
TR-039331,2025-09-06,694.25,739.7817276473095
TR-039332,2025-09-06,973.92,938.3707442945349
TR-039333,2025-09-06,4522.88,4572.186722718626
TR-039334,2025-09-06,1533.94,1592.055455108171
TR-039335,2025-09-06,3744.98,3837.5159323165853
TR-039336,2025-09-06,3921.95,4005.804854151636
TR-039337,2025-09-06,1883.57,2060.5231416439215
TR-039338,2025-09-06,1797.06,1800.7895308193051
TR-039339,2025-09-06,766.34,806.896448813186
TR-039340,2025-09-06,5553.3,5933.032132154136
TR-039341,2025-09-06,3607.34,4065.1082446811806
TR-039342,2025-09-06,1099.18,1192.6015671172056
TR-039343,2025-09-06,5329.38,5134.339623541231
TR-039344,2025-09-06,542.84,559.1623007516771
TR-039345,2025-09-06,1431.19,1420.3584334732914
TR-039346,2025-09-06,3645.68,3677.6987613921037
TR-039347,2025-09-06,1386.26,1493.4582242024503
TR-039348,2025-09-06,2183.38,2325.2884096218536
TR-039349,2025-09-06,669.86,704.8232751186771
TR-039350,2025-09-06,1096.55,1142.6503112646333
TR-039351,2025-09-06,4066.97,4167.376114835976
TR-039352,2025-09-06,901.47,948.9603006640476
TR-039353,2025-09-06,2912.56,2968.717020763908
TR-039354,2025-09-06,2402.59,2482.0652579372036
TR-039355,2025-09-06,219.83,233.39646772678853
TR-039356,2025-09-06,5018.5,5196.96142627306
TR-039357,2025-09-06,1366.89,1349.914342928938
TR-039358,2025-09-06,1822.67,1946.6664710474322
TR-039359,2025-09-06,394.42,1023.3456737900777
TR-039360,2025-09-06,2779.53,2839.144364893121
TR-039361,2025-09-06,820.3,896.914126756928
TR-039362,2025-09-06,1441.33,1414.3971438401702
TR-039363,2025-09-06,11684.7,2874.8614718049025
TR-039364,2025-09-06,3140.85,3090.631998989418
TR-039365,2025-09-06,1295.72,1286.8153524842776
TR-039366,2025-09-06,1827.9,1802.463576402604
TR-039367,2025-09-06,5673.91,5709.240706886126
TR-039368,2025-09-06,9250.6,2130.2408925894983
TR-039369,2025-09-06,819.34,869.6748895977452
TR-039370,2025-09-06,1700.82,1741.8630501375812
TR-039371,2025-09-06,2067.45,2218.0838783094214
TR-039372,2025-09-06,2351.81,2409.7270797152187
TR-039373,2025-09-06,422.75,516.6831932110101
TR-039374,2025-09-06,1417.7,1518.6239103314392
TR-039375,2025-09-06,2924.5,3106.735765269604
TR-039376,2025-09-06,1320.2,1268.1976131594265
TR-039377,2025-09-06,979.97,1008.9258701446065
TR-039378,2025-09-06,518.55,578.7878785655784
TR-039379,2025-09-06,2348.29,2334.9283576023763
TR-039380,2025-09-06,2307.08,2500.1821531961086
TR-039381,2025-09-06,1720.0,1847.4904601717817
TR-039382,2025-09-06,2573.08,2650.985001256671
TR-039383,2025-09-06,474.06,492.62297635587095
TR-039384,2025-09-06,1251.61,1268.9451874846552
TR-039385,2025-09-06,798.99,858.1219358170378
TR-039386,2025-09-06,1537.76,1507.9230607671575
TR-039387,2025-09-06,1718.98,1744.6318500016953
TR-039388,2025-09-06,1168.83,1160.0484317573457
TR-039389,2025-09-06,1276.72,1325.9222341923264
TR-039390,2025-09-06,1934.18,1977.9309101797594
TR-039391,2025-09-06,5635.6,5472.709603418524
TR-039392,2025-09-06,3236.78,3359.5743376299442
TR-039393,2025-09-06,3619.2,3705.242178829409
TR-039394,2025-09-06,3929.2,3980.064323927055
TR-039395,2025-09-06,1680.95,1822.6437054842636
TR-039396,2025-09-06,3259.67,3388.356014684546
TR-039397,2025-09-06,1274.14,1425.1918995205017
TR-039398,2025-09-06,2091.65,2056.214629661867
TR-039399,2025-09-06,4500.84,4592.619291284215
TR-039400,2025-09-06,2187.86,2291.6086893872503
TR-039401,2025-09-06,2024.09,2169.380443752802
TR-039402,2025-09-06,2494.08,2434.9776190261073
TR-039403,2025-09-06,823.14,791.2203366744336
TR-039404,2025-09-06,1519.16,1507.1465167325432
TR-039405,2025-09-06,1095.6,1143.5713893788707
TR-039406,2025-09-06,2834.89,3290.4899945309235
TR-039407,2025-09-06,611.65,631.0405419371637
TR-039408,2025-09-06,904.38,938.0323804195647
TR-039409,2025-09-06,1940.13,2057.44799956642
TR-039410,2025-09-06,1397.51,1425.2928158858665
TR-039411,2025-09-06,1946.57,2064.981824087606
TR-039412,2025-09-07,1472.84,1624.418534489664
TR-039413,2025-09-07,2260.94,2342.3497617131206
TR-039414,2025-09-07,4649.91,4432.470159707215
TR-039415,2025-09-07,3356.25,3387.159287163062
TR-039416,2025-09-07,3912.24,4001.2633835616143
TR-039417,2025-09-07,3145.67,3231.952762858024
TR-039418,2025-09-07,1711.18,1670.4426810103964
TR-039419,2025-09-07,1275.03,1236.1193282525746
TR-039420,2025-09-07,346.53,369.6763262361428
TR-039421,2025-09-07,1610.93,1749.0273320043723
TR-039422,2025-09-07,2137.02,2085.0999486377723
TR-039423,2025-09-07,1913.01,2004.8165618221276
TR-039424,2025-09-07,1530.06,1614.3278124594508
TR-039425,2025-09-07,259.85,305.3939805317448
TR-039426,2025-09-07,1239.05,1246.8705673396587
TR-039427,2025-09-07,6507.07,6585.857853375086
TR-039428,2025-09-07,4073.5,4277.909960815372
TR-039429,2025-09-07,3438.62,3580.2649423805656
TR-039430,2025-09-07,826.33,886.9789687551463
TR-039431,2025-09-07,3170.07,3322.7527910580898
TR-039432,2025-09-07,2023.51,2150.7115351254342
TR-039433,2025-09-07,2196.22,2159.1392339137574
TR-039434,2025-09-07,5451.7,5596.036776316892
TR-039435,2025-09-07,1009.88,970.8532254632157
TR-039436,2025-09-07,575.32,612.0951147314989
TR-039437,2025-09-07,3864.89,4069.56513033499
TR-039438,2025-09-07,2386.99,2637.494305147927
TR-039439,2025-09-07,7773.89,3107.1847706796175
TR-039440,2025-09-07,2518.56,2608.368493857653
TR-039441,2025-09-07,1471.93,1558.4120359279805
TR-039442,2025-09-07,1040.31,1071.6531915673431
TR-039443,2025-09-07,4546.95,5211.219884327178
TR-039444,2025-09-07,1865.15,1930.2846228757721
TR-039445,2025-09-07,5853.34,5935.613138281266
TR-039446,2025-09-07,2738.53,2658.245245317386
TR-039447,2025-09-07,2411.71,2515.5069039449645
TR-039448,2025-09-07,1384.37,1359.2076118817183
TR-039449,2025-09-07,1714.74,1757.5824026431792
TR-039450,2025-09-07,1172.76,1168.0635909006678
TR-039451,2025-09-07,829.69,850.8021494895415
TR-039452,2025-09-07,2345.65,2521.923967253495
TR-039453,2025-09-07,4680.61,4639.516599510565
TR-039454,2025-09-07,1312.28,1314.1846003743938
TR-039455,2025-09-07,3535.13,3638.0986921346794
TR-039456,2025-09-07,2159.99,2221.5826270292455
TR-039457,2025-09-07,1007.21,1007.3481096886944
TR-039458,2025-09-07,5895.32,6048.762406208831
TR-039459,2025-09-07,1375.54,1361.398980529024
TR-039460,2025-09-07,10528.39,4150.081323118289
TR-039461,2025-09-07,1606.52,1557.0582893787064
TR-039462,2025-09-07,2156.76,2466.1251691342572
TR-039463,2025-09-07,1607.8,1585.1427445933837
TR-039464,2025-09-07,879.23,918.9531911543039
TR-039465,2025-09-07,3696.98,4041.937979179507
TR-039466,2025-09-07,1221.65,1264.6121046003077
TR-039467,2025-09-07,1670.68,1796.4011463025686
TR-039468,2025-09-07,2493.04,2434.719893121629
TR-039469,2025-09-07,1001.46,994.8125282340798
TR-039470,2025-09-07,2768.33,2926.51840776837
TR-039471,2025-09-07,3948.28,3789.582259499314
TR-039472,2025-09-07,799.58,823.5917867252756
TR-039473,2025-09-07,4030.59,4160.275571962097
TR-039474,2025-09-07,1098.18,1159.9430155680343
TR-039475,2025-09-07,1158.69,1130.3625856813392
TR-039476,2025-09-07,3359.77,3445.191125499963
TR-039477,2025-09-07,1643.12,1675.5918836463213
TR-039478,2025-09-07,3729.06,3719.366180743675
TR-039479,2025-09-07,3395.52,3772.8656913261393
TR-039480,2025-09-07,8354.94,1883.8251092706919
TR-039481,2025-09-07,1166.12,1114.8139233365264
TR-039482,2025-09-07,3297.59,3248.120008327239
TR-039483,2025-09-07,1215.34,1241.7978662886296
TR-039484,2025-09-07,4191.0,4390.646375087585
TR-039485,2025-09-07,1413.69,1401.2923293303595
TR-039486,2025-09-07,2152.77,2183.584111407132
TR-039487,2025-09-07,343.33,336.0911384648228
TR-039488,2025-09-07,820.83,856.7202639758051
TR-039489,2025-09-07,2721.38,2714.890122791641
TR-039490,2025-09-07,858.77,907.331795817628
TR-039491,2025-09-07,6095.83,6442.4012904954025
TR-039492,2025-09-07,2285.94,2421.467134614787
TR-039493,2025-09-07,1089.0,1075.064622192856
TR-039494,2025-09-07,1203.48,1299.4477942457945
TR-039495,2025-09-07,921.46,1148.6607234761768
TR-039496,2025-09-07,4839.21,4654.79894605235
TR-039497,2025-09-07,5064.37,5169.778848462751
TR-039498,2025-09-07,2760.21,3161.9657057496725
TR-039499,2025-09-07,4159.52,4285.174514589358
TR-039500,2025-09-07,1480.7,1516.0335314569093
TR-039501,2025-09-07,3547.97,3407.7015135389
TR-039502,2025-09-07,4401.81,4566.558347122207
TR-039503,2025-09-07,3708.8,3732.241182304957
TR-039504,2025-09-07,2099.69,2176.040753856329
TR-039505,2025-09-07,2482.71,2506.0253275437676
TR-039506,2025-09-07,3321.61,3302.349522620108
TR-039507,2025-09-07,2144.55,2216.1159716086827
TR-039508,2025-09-07,1894.1,1927.501647328976
TR-039509,2025-09-07,1717.44,1763.2440492874725
TR-039510,2025-09-07,1262.04,1266.6732434215592
TR-039511,2025-09-07,1674.09,1750.8766294949296
TR-039512,2025-09-07,4191.96,4217.0524827550435
TR-039513,2025-09-07,2461.67,2755.120773705623
TR-039514,2025-09-07,3509.58,1475.512262133758
TR-039515,2025-09-07,2129.99,2076.9652972724384
TR-039516,2025-09-07,2738.76,2722.180953146418
TR-039517,2025-09-07,1305.73,1342.9129706757417
TR-039518,2025-09-07,491.43,527.4245714875865
TR-039519,2025-09-07,869.11,910.1128142412894
TR-039520,2025-09-07,1721.63,1667.8180741062033
TR-039521,2025-09-07,3966.54,4188.506848482074
TR-039522,2025-09-07,1171.48,1289.6703900158532
TR-039523,2025-09-07,1922.81,1805.8527069915167
TR-039524,2025-09-07,2341.29,2494.8322719934367
TR-039525,2025-09-07,2751.76,2836.3179498549694
TR-039526,2025-09-07,4251.85,4327.326955986162
TR-039527,2025-09-07,4103.62,4242.9027246028745
TR-039528,2025-09-07,352.04,345.8948090340955
TR-039529,2025-09-07,4337.4,4553.461480994239
TR-039530,2025-09-07,1205.49,1267.1234328471587
TR-039531,2025-09-07,2005.36,2074.0981137753874
TR-039532,2025-09-07,1652.64,1733.8519826411284
TR-039533,2025-09-07,3379.91,3395.705779767145
TR-039534,2025-09-07,3821.57,5131.090827404344
TR-039535,2025-09-07,1529.04,2086.939067387357
TR-039536,2025-09-07,1693.03,1831.4559946389525
TR-039537,2025-09-07,3646.69,3743.360112320268
TR-039538,2025-09-07,4841.75,5003.3311049954555
TR-039539,2025-09-07,1130.84,1146.8756743709794
TR-039540,2025-09-07,2359.22,2440.765849460992
TR-039541,2025-09-07,2047.67,2056.7705620051884
TR-039542,2025-09-07,1014.08,1041.8345312389642
TR-039543,2025-09-07,4740.83,4722.744065698284
TR-039544,2025-09-07,2396.78,2531.500643915013
TR-039545,2025-09-07,646.25,695.1588782610141
TR-039546,2025-09-07,1477.09,4023.2715618614707
TR-039547,2025-09-07,971.37,980.8980111529911
TR-039548,2025-09-07,1157.04,1191.1622216344622
TR-039549,2025-09-07,2065.89,1949.8320565879383
TR-039550,2025-09-07,3716.51,3676.0591103993156
TR-039551,2025-09-07,2890.69,3536.58625561914
TR-039552,2025-09-07,1114.15,1143.2633654246251
TR-039553,2025-09-07,1465.64,1460.0248822608073
TR-039554,2025-09-07,2266.5,2340.987065828827
TR-039555,2025-09-07,1482.34,1451.056151006851
TR-039556,2025-09-07,1209.0,1253.2350197265519
TR-039557,2025-09-07,3641.16,3683.2456668401355
TR-039558,2025-09-07,499.9,509.3928432315655
TR-039559,2025-09-07,198.16,855.3575958265122
TR-039560,2025-09-07,1136.33,1139.4945022822012
TR-039561,2025-09-07,1211.34,1231.846904266196
TR-039562,2025-09-07,4067.4,4591.063078935837
TR-039563,2025-09-07,1334.81,1420.204964726664
TR-039564,2025-09-07,2365.18,2580.72236994102
TR-039565,2025-09-07,664.79,691.0146554568145
TR-039566,2025-09-07,3399.59,3767.3500299110387
TR-039567,2025-09-07,905.5,944.3268690879191
TR-039568,2025-09-07,2122.6,2231.1354465364784
TR-039569,2025-09-07,3813.01,4235.625520599533
TR-039570,2025-09-07,3183.5,3110.9479495592623
TR-039571,2025-09-07,2124.08,2320.9074328627767
TR-039572,2025-09-08,1258.26,1229.4017008884025
TR-039573,2025-09-08,1832.43,1919.5638648850083
TR-039574,2025-09-08,2684.71,2643.6307416798463
TR-039575,2025-09-08,1779.91,2086.4198731672204
TR-039576,2025-09-08,1643.21,1798.3445217900176
TR-039577,2025-09-08,1308.17,1360.1372977347303
TR-039578,2025-09-08,1834.7,1840.40188629529
TR-039579,2025-09-08,1106.89,1061.7002472200418
TR-039580,2025-09-08,4308.44,4777.834079142839
TR-039581,2025-09-08,1659.41,1632.2611823354089
TR-039582,2025-09-08,1010.14,1048.8120309156345
TR-039583,2025-09-08,2052.54,2114.242961264936
TR-039584,2025-09-08,664.46,653.0042372603814
TR-039585,2025-09-08,4409.01,4516.404655241944
TR-039586,2025-09-08,1144.42,1230.953832734328
TR-039587,2025-09-08,2062.26,2045.4799829029214
TR-039588,2025-09-08,2791.08,2840.4676043901272
TR-039589,2025-09-08,1374.41,1418.7435582104642
TR-039590,2025-09-08,3729.88,3868.3518576643864
TR-039591,2025-09-08,1611.62,1763.775529795511
TR-039592,2025-09-08,4852.21,5565.908989196241
TR-039593,2025-09-08,1714.23,1739.6131688696369
TR-039594,2025-09-08,1990.99,2211.231809688836
TR-039595,2025-09-08,1764.95,1812.4081884139325
TR-039596,2025-09-08,1322.52,1459.7568465233883
TR-039597,2025-09-08,4247.79,4163.560026970344
TR-039598,2025-09-08,1340.5,1344.7880589202023
TR-039599,2025-09-08,5620.89,6124.381048505311
TR-039600,2025-09-08,1717.38,1724.69276450791
TR-039601,2025-09-08,3365.65,3334.35755253317
TR-039602,2025-09-08,556.94,587.8911282614584
TR-039603,2025-09-08,1058.37,1082.025212844099
TR-039604,2025-09-08,3903.03,4015.3341191603595
TR-039605,2025-09-08,2014.63,2143.510150221362
TR-039606,2025-09-08,1999.43,2107.0893407260037
TR-039607,2025-09-08,1801.21,1866.702917767041
TR-039608,2025-09-08,4431.09,4445.652565685109
TR-039609,2025-09-08,3905.77,3760.966022940846
TR-039610,2025-09-08,809.6,822.8275344801206
TR-039611,2025-09-08,1872.88,1911.2845851245918
TR-039612,2025-09-08,2021.98,721.8910324583693
TR-039613,2025-09-08,4791.87,5280.823774239823
TR-039614,2025-09-08,4200.31,4221.060109048608
TR-039615,2025-09-08,1667.08,1798.1512498418645
TR-039616,2025-09-08,2948.72,3048.7370199395878
TR-039617,2025-09-08,2027.06,1954.2354099434633
TR-039618,2025-09-08,2292.08,2305.008569486431
TR-039619,2025-09-08,1387.72,1399.893710317961
TR-039620,2025-09-08,1751.27,1818.4171636679648
TR-039621,2025-09-08,2850.46,2881.3251032353214
TR-039622,2025-09-08,573.2,589.0120178545559
TR-039623,2025-09-08,1357.84,1434.7570717331641
TR-039624,2025-09-08,2689.88,2717.274338826175
TR-039625,2025-09-08,2836.8,2996.2732542777017
TR-039626,2025-09-08,1854.62,1961.9971291190327
TR-039627,2025-09-08,2213.5,2480.406157391441
TR-039628,2025-09-08,2589.09,2817.5536764348785
TR-039629,2025-09-08,1942.25,2051.2965747362505
TR-039630,2025-09-08,3568.34,3789.4308905238777
TR-039631,2025-09-08,767.26,764.5575759882554
TR-039632,2025-09-08,1623.8,1606.2356201095158
TR-039633,2025-09-08,2904.7,2892.7123152384265
TR-039634,2025-09-08,1282.29,1244.1523230429057
TR-039635,2025-09-08,1670.61,1836.52133781864
TR-039636,2025-09-08,2446.14,2502.692041397157
TR-039637,2025-09-08,3952.07,4034.9087633162117
TR-039638,2025-09-08,1746.0,1788.0703157621633
TR-039639,2025-09-08,2833.34,2926.3074393579586
TR-039640,2025-09-08,1984.86,2097.598490935163
TR-039641,2025-09-08,3964.88,4120.377302847462
TR-039642,2025-09-08,896.28,938.0934246140173
TR-039643,2025-09-08,4288.2,4310.060143719232
TR-039644,2025-09-08,1008.41,1118.7596153506938
TR-039645,2025-09-08,3975.86,4077.0689903215884
TR-039646,2025-09-08,5396.01,5543.974762639963
TR-039647,2025-09-08,5007.64,5851.593511038989
TR-039648,2025-09-08,2653.14,2738.0564395185997
TR-039649,2025-09-08,2458.79,2606.629720221933
TR-039650,2025-09-08,579.86,620.2261358495001
TR-039651,2025-09-08,3207.95,3119.6571703617683
TR-039652,2025-09-08,1140.47,1110.3796991566614
TR-039653,2025-09-08,936.17,1139.260176071703
TR-039654,2025-09-08,3444.93,3431.8621960698083
TR-039655,2025-09-08,846.27,866.8148990684392
TR-039656,2025-09-08,1039.33,3616.0402230831164
TR-039657,2025-09-08,3077.83,3389.7511790437366
TR-039658,2025-09-08,1366.54,1399.5149681532632
TR-039659,2025-09-08,1341.67,1429.2854956443857
TR-039660,2025-09-08,819.55,830.2730892917687
TR-039661,2025-09-08,801.7,808.3887397149549
TR-039662,2025-09-08,1574.89,1682.1557110039644
TR-039663,2025-09-08,1580.81,1631.4730859559218
TR-039664,2025-09-08,895.55,844.4935029403147
TR-039665,2025-09-08,810.22,859.8381412406517
TR-039666,2025-09-08,5216.82,5145.983846978208
TR-039667,2025-09-08,3482.9,3503.8879714017876
TR-039668,2025-09-08,2322.91,2416.713226249996
TR-039669,2025-09-08,3360.0,3459.546698328143
TR-039670,2025-09-08,599.52,579.6484199858244
TR-039671,2025-09-08,2524.95,2546.0887510057487
TR-039672,2025-09-08,996.28,951.9698545631145
TR-039673,2025-09-08,2615.19,2681.2093786056284
TR-039674,2025-09-08,4876.72,5056.308251782171
TR-039675,2025-09-08,1123.76,1111.3783992976137
TR-039676,2025-09-08,2486.05,2453.8431283453438
TR-039677,2025-09-08,758.12,1875.4175903900752
TR-039678,2025-09-08,402.44,469.2616789193213
TR-039679,2025-09-08,2950.34,2983.8793170178346
TR-039680,2025-09-08,514.24,525.3153381172474
TR-039681,2025-09-08,381.97,390.1551820341484
TR-039682,2025-09-08,997.23,1031.1448857593482
TR-039683,2025-09-08,2412.98,2549.0297356105175
TR-039684,2025-09-08,833.53,859.9787822988643
TR-039685,2025-09-08,1871.96,1886.899110882906
TR-039686,2025-09-08,1062.85,1036.3595525483352
TR-039687,2025-09-08,4653.73,4604.956857593369
TR-039688,2025-09-08,1095.41,1140.9679484570686
TR-039689,2025-09-08,2891.35,2937.4369634308946
TR-039690,2025-09-08,3059.64,3272.6983533303337
TR-039691,2025-09-08,2568.75,2570.8566191000573
TR-039692,2025-09-08,3891.56,4209.1875896171005
TR-039693,2025-09-08,1641.31,1627.6216087701623
TR-039694,2025-09-08,1132.92,1126.063509058851
TR-039695,2025-09-08,2132.59,2204.3827228272867
TR-039696,2025-09-08,2650.23,2711.9920135173534
TR-039697,2025-09-08,1138.21,1174.143793664227
TR-039698,2025-09-08,1704.6,1731.2343814262879
TR-039699,2025-09-08,3238.85,3334.7095960050315
TR-039700,2025-09-08,1688.91,1899.5182880483428
TR-039701,2025-09-08,1946.66,2040.9975205423245
TR-039702,2025-09-08,1786.14,1825.5844381702311
TR-039703,2025-09-08,3806.95,3738.1431193765693
TR-039704,2025-09-08,4380.38,4347.182457630929
TR-039705,2025-09-08,2149.63,2434.406805090388
TR-039706,2025-09-08,2873.29,2871.385303371288
TR-039707,2025-09-08,4481.33,4663.843951360135
TR-039708,2025-09-08,765.21,778.4312545394079
TR-039709,2025-09-08,1949.17,2076.8581043388535
TR-039710,2025-09-08,3869.27,3999.9224130021253
TR-039711,2025-09-08,5057.26,5031.689400014345
TR-039712,2025-09-08,1532.53,1652.4315930997018
TR-039713,2025-09-08,1015.6,1052.5823059262775
TR-039714,2025-09-08,2156.21,2732.377844773133
TR-039715,2025-09-08,4022.03,4240.861171712349
TR-039716,2025-09-08,6853.93,6710.290374162683
TR-039717,2025-09-08,4327.24,4552.278228717988
TR-039718,2025-09-08,1861.62,1886.2885444878286
TR-039719,2025-09-08,771.61,737.207897264386
TR-039720,2025-09-08,1803.52,1809.1984405431822
TR-039721,2025-09-08,4459.47,4656.90476202271
TR-039722,2025-09-08,3829.72,4150.089518615774
TR-039723,2025-09-08,288.59,368.09680981906985
TR-039724,2025-09-08,1997.43,1998.7212694138625
TR-039725,2025-09-08,1357.32,1319.0929342379645
TR-039726,2025-09-08,2560.61,2599.035461151367
TR-039727,2025-09-08,1210.84,1315.311003206281
TR-039728,2025-09-08,4652.33,4913.791813178207
TR-039729,2025-09-08,1475.59,1485.5754885145986
TR-039730,2025-09-08,536.68,554.4845327130005
TR-039731,2025-09-08,1455.89,1433.4496589303758
TR-039732,2025-09-08,1140.25,1135.1424566676712
TR-039733,2025-09-08,1431.89,1443.5071015352594
TR-039734,2025-09-08,1824.25,1994.4868812560842
TR-039735,2025-09-09,2646.9,2641.1425087049724
TR-039736,2025-09-09,3419.98,3286.7267196099024
TR-039737,2025-09-09,4409.54,4691.800196918824
TR-039738,2025-09-09,3293.99,3301.033278559553
TR-039739,2025-09-09,3756.14,3740.264560824764
TR-039740,2025-09-09,736.62,717.7143179943447
TR-039741,2025-09-09,1736.13,1678.1911978976998
TR-039742,2025-09-09,2129.31,2057.1931408094674
TR-039743,2025-09-09,798.6,799.2416133891063
TR-039744,2025-09-09,2937.98,3079.426637240387
TR-039745,2025-09-09,3102.39,3276.8240639351516
TR-039746,2025-09-09,841.5,900.0125035828304
TR-039747,2025-09-09,4439.53,4444.208958195685
TR-039748,2025-09-09,4346.79,4392.286431387061
TR-039749,2025-09-09,741.53,692.9751060482433
TR-039750,2025-09-09,1441.03,1444.643777614276
TR-039751,2025-09-09,5273.19,5372.612129941228
TR-039752,2025-09-09,2324.44,2369.2663658837673
TR-039753,2025-09-09,2011.22,1967.694995974625
TR-039754,2025-09-09,2411.65,2458.287299381536
TR-039755,2025-09-09,3101.74,3725.853091843245
TR-039756,2025-09-09,1843.06,1824.1722572850006
TR-039757,2025-09-09,758.22,819.8045445117127
TR-039758,2025-09-09,2375.16,2474.3935974267406
TR-039759,2025-09-09,1248.98,1280.7194483298217
TR-039760,2025-09-09,1877.24,1907.0496883358196
TR-039761,2025-09-09,3194.83,3521.414199636646
TR-039762,2025-09-09,3115.19,3289.889629797866
TR-039763,2025-09-09,1535.4,1834.023314825453
TR-039764,2025-09-09,3986.13,3991.480351120936
TR-039765,2025-09-09,4330.26,4266.544117788108
TR-039766,2025-09-09,1308.15,1359.7034577314605
TR-039767,2025-09-09,805.56,854.0209039408732
TR-039768,2025-09-09,2185.16,2161.5660555249788
TR-039769,2025-09-09,1068.62,1198.758800868009
TR-039770,2025-09-09,2118.18,2286.806225232782
TR-039771,2025-09-09,1420.85,1458.6027586212813
TR-039772,2025-09-09,1881.54,1906.7985633044573
TR-039773,2025-09-09,2523.52,2442.1438273893846
TR-039774,2025-09-09,1079.58,1077.005349722544
TR-039775,2025-09-09,476.49,507.7629903549286
TR-039776,2025-09-09,1790.29,1852.965381824377
TR-039777,2025-09-09,3825.67,3841.547024128157
TR-039778,2025-09-09,1168.88,1274.028681795577
TR-039779,2025-09-09,540.28,550.6639162536372
TR-039780,2025-09-09,4144.97,4204.640013490981
TR-039781,2025-09-09,3430.45,3378.8785742780874
TR-039782,2025-09-09,1089.14,1140.666906498538
TR-039783,2025-09-09,1496.16,1521.7083829346168
TR-039784,2025-09-09,357.82,380.95749098167437
TR-039785,2025-09-09,776.5,3278.405522940093
TR-039786,2025-09-09,1563.27,1605.8584137470239
TR-039787,2025-09-09,235.09,232.8985420424061
TR-039788,2025-09-09,1284.8,1338.7950557667534
TR-039789,2025-09-09,1632.44,1641.0012119900064
TR-039790,2025-09-09,4249.72,4562.644845052503
TR-039791,2025-09-09,734.9,738.9092117910103
TR-039792,2025-09-09,2122.27,2063.6262137076155
TR-039793,2025-09-09,2356.26,2416.116017938017
TR-039794,2025-09-09,2940.91,3003.80147229718
TR-039795,2025-09-09,1697.13,2109.2825249601256
TR-039796,2025-09-09,1153.23,1328.221095546796
TR-039797,2025-09-09,1760.2,1755.7394318764586
TR-039798,2025-09-09,826.5,830.8334756467259
TR-039799,2025-09-09,522.73,518.0222773521732
TR-039800,2025-09-09,3088.51,3099.2322199789032
TR-039801,2025-09-09,3918.45,3994.175997276629
TR-039802,2025-09-09,1744.76,1689.750949282009
TR-039803,2025-09-09,3267.04,3229.6627876559432
TR-039804,2025-09-09,955.94,1000.2488883971602
TR-039805,2025-09-09,1145.81,1207.5959113064814
TR-039806,2025-09-09,783.88,758.8527717609966
TR-039807,2025-09-09,2393.62,2369.7296259842406
TR-039808,2025-09-09,5099.65,5037.107888473101
TR-039809,2025-09-09,3823.37,3922.1749112396983
TR-039810,2025-09-09,714.31,781.8022063079387
TR-039811,2025-09-09,4718.05,4829.987990929489
TR-039812,2025-09-09,1832.35,1884.2907021371416
TR-039813,2025-09-09,5180.3,5245.586377058643
TR-039814,2025-09-09,299.01,332.9598379181415
TR-039815,2025-09-09,1361.79,1374.1449828050966
TR-039816,2025-09-09,2786.74,3044.7600614212674
TR-039817,2025-09-09,4467.02,4968.651821518671
TR-039818,2025-09-09,3448.36,3560.8448021993204
TR-039819,2025-09-09,2934.27,2998.0008566025604
TR-039820,2025-09-09,1515.65,1506.890447686165
TR-039821,2025-09-09,3623.26,3696.0483862988426
TR-039822,2025-09-09,772.57,798.0373608138566
TR-039823,2025-09-09,1400.18,1459.4823065736912
TR-039824,2025-09-09,2645.92,2569.067652302431
TR-039825,2025-09-09,1751.61,1782.9857132011962
TR-039826,2025-09-09,4606.47,5204.823954849048
TR-039827,2025-09-09,3726.44,3884.0320371102175
TR-039828,2025-09-09,1188.52,1173.9313637396176
TR-039829,2025-09-09,1854.52,1830.805632434156
TR-039830,2025-09-09,1108.73,1321.6190005524468
TR-039831,2025-09-09,3805.0,3950.7548954284593
TR-039832,2025-09-09,1569.73,1729.2887426144362
TR-039833,2025-09-09,474.35,507.4665812207235
TR-039834,2025-09-09,1865.49,1895.2886332466262
TR-039835,2025-09-09,827.22,810.1493333038924
TR-039836,2025-09-09,4380.71,4832.447534555128
TR-039837,2025-09-09,770.35,741.9650514615449
TR-039838,2025-09-09,501.55,489.614628504034
TR-039839,2025-09-09,494.72,480.7357036341314
TR-039840,2025-09-09,835.94,839.4607829700892
TR-039841,2025-09-09,1419.19,1463.8940125789422
TR-039842,2025-09-09,2237.19,2322.5976727233497
TR-039843,2025-09-09,3770.8,3830.213838244
TR-039844,2025-09-09,2954.69,2996.6480269035947
TR-039845,2025-09-09,5432.67,5288.115393772467
TR-039846,2025-09-09,2532.98,2513.0676150053628
TR-039847,2025-09-09,3328.7,3788.5546770278706
TR-039848,2025-09-09,1125.98,1202.4170814911288
TR-039849,2025-09-09,3038.98,3023.496391085129
TR-039850,2025-09-09,4046.38,4136.999252787896
TR-039851,2025-09-09,1010.4,985.1594836543419
TR-039852,2025-09-09,1766.85,1799.2907986162402
TR-039853,2025-09-09,1401.81,1384.8720234090526
TR-039854,2025-09-09,1068.44,1073.5572521592271
TR-039855,2025-09-09,2901.08,2880.415106430211
TR-039856,2025-09-09,1490.23,1565.7789143315938
TR-039857,2025-09-09,3120.02,3105.8396395269037
TR-039858,2025-09-09,3082.78,3032.6775294325603
TR-039859,2025-09-09,1764.32,1776.4552728538913
TR-039860,2025-09-09,1232.86,1234.7878924484944
TR-039861,2025-09-09,1528.31,1516.2093212652342
TR-039862,2025-09-09,4537.71,4664.90156348906
TR-039863,2025-09-09,2369.38,2378.6700184750703
TR-039864,2025-09-09,1911.08,1964.321961228174
TR-039865,2025-09-09,899.29,907.9308831515303
TR-039866,2025-09-09,4862.84,4905.933540920052
TR-039867,2025-09-09,1014.12,992.3286152236449
TR-039868,2025-09-09,2439.93,2451.647868923234
TR-039869,2025-09-09,5375.41,5416.963093144441
TR-039870,2025-09-09,1855.47,2156.73489452931
TR-039871,2025-09-09,1120.17,1191.3235388023977
TR-039872,2025-09-09,3529.76,3835.351572294922
TR-039873,2025-09-09,4233.88,4228.78530485935
TR-039874,2025-09-09,1775.71,1801.8213065814712
TR-039875,2025-09-09,1887.01,1933.485848919596
TR-039876,2025-09-09,5250.05,5261.55438106768
TR-039877,2025-09-09,2407.73,2342.287838095907
TR-039878,2025-09-09,4875.93,4940.596261882901
TR-039879,2025-09-09,4505.4,4636.545642955114
TR-039880,2025-09-09,2985.84,2929.588171596191
TR-039881,2025-09-09,926.34,862.2997809844984
TR-039882,2025-09-09,1185.19,1220.743274711561
TR-039883,2025-09-09,2529.83,2694.0365141602283
TR-039884,2025-09-09,2072.02,2116.554870978771
TR-039885,2025-09-09,1134.3,1312.309716683965
TR-039886,2025-09-09,4011.04,4017.792877068432
TR-039887,2025-09-09,4606.8,4755.895501192874
TR-039888,2025-09-09,2324.44,2394.4031766759454
TR-039889,2025-09-09,1663.25,1787.9664197757538
TR-039890,2025-09-09,2317.78,2394.127659713707
TR-039891,2025-09-09,2253.5,2315.8144892248906
TR-039892,2025-09-09,625.09,620.8987705928553
TR-039893,2025-09-09,2214.63,2238.6637232527114
TR-039894,2025-09-09,2005.03,2387.524026328276
TR-039895,2025-09-09,1734.28,1800.2888236853398
TR-039896,2025-09-09,2513.73,2434.4524959474966
TR-039897,2025-09-09,1601.42,1658.9892950400822
TR-039898,2025-09-09,1949.56,2021.1550794676734
TR-039899,2025-09-09,2424.14,2551.627343197288
TR-039900,2025-09-09,587.37,594.689713548477
TR-039901,2025-09-10,1234.24,1225.6521462547007
TR-039902,2025-09-10,5383.25,5162.013709504622
TR-039903,2025-09-10,3849.67,3798.850693157025
TR-039904,2025-09-10,2218.39,2245.7473738457184
TR-039905,2025-09-10,1165.07,1223.1430368028093
TR-039906,2025-09-10,1591.62,1940.5714779743673
TR-039907,2025-09-10,5842.69,5909.738294169809
TR-039908,2025-09-10,1422.84,1522.0559803675756
TR-039909,2025-09-10,5795.79,2094.1300070898915
TR-039910,2025-09-10,3704.0,3720.7662061475435
TR-039911,2025-09-10,1330.84,1392.66182862231
TR-039912,2025-09-10,5969.57,5782.931721589887
TR-039913,2025-09-10,2057.92,2143.5201513095344
TR-039914,2025-09-10,5233.94,5580.886825216658
TR-039915,2025-09-10,1654.8,1750.6088914759
TR-039916,2025-09-10,630.26,612.8247115418923
TR-039917,2025-09-10,3902.89,3913.6222027493145
TR-039918,2025-09-10,548.19,538.7137846434056
TR-039919,2025-09-10,1953.83,1952.8866441342432
TR-039920,2025-09-10,1834.95,1804.9576285509738
TR-039921,2025-09-10,4355.98,4350.839156906513
TR-039922,2025-09-10,1391.81,1385.723429742229
TR-039923,2025-09-10,1323.33,1253.7372129073499
TR-039924,2025-09-10,1682.87,1624.600307187015
TR-039925,2025-09-10,3642.58,3730.0425887159513
TR-039926,2025-09-10,3688.48,3723.357046183766
TR-039927,2025-09-10,2459.73,2760.4505638660057
TR-039928,2025-09-10,1716.4,1784.7675287917873
TR-039929,2025-09-10,3159.05,3122.485971101004
TR-039930,2025-09-10,1375.61,1338.3518031592412
TR-039931,2025-09-10,3457.21,3453.3432467676607
TR-039932,2025-09-10,805.25,743.3113946934861
TR-039933,2025-09-10,3318.89,3263.059734619464
TR-039934,2025-09-10,4213.04,4130.867622586303
TR-039935,2025-09-10,1800.09,1811.0120908232052
TR-039936,2025-09-10,830.98,810.2464535225905
TR-039937,2025-09-10,822.94,970.5644451294927
TR-039938,2025-09-10,606.05,582.3585314675793
TR-039939,2025-09-10,3890.56,4021.5195165558243
TR-039940,2025-09-10,1978.86,2106.193698588795
TR-039941,2025-09-10,932.38,997.808779453708
TR-039942,2025-09-10,3379.98,3481.907098413278
TR-039943,2025-09-10,245.86,243.04060755357364
TR-039944,2025-09-10,910.23,941.5475862569098
TR-039945,2025-09-10,3826.97,3749.451997439121
TR-039946,2025-09-10,468.64,468.3731994795261
TR-039947,2025-09-10,3655.22,3795.0198552722895
TR-039948,2025-09-10,1227.68,1320.625641702542
TR-039949,2025-09-10,3892.71,3800.4311193766243
TR-039950,2025-09-10,1159.83,1201.2862790949512
TR-039951,2025-09-10,1714.46,1832.8490033651403
TR-039952,2025-09-10,3751.53,4216.895161353035
TR-039953,2025-09-10,1490.03,1528.365837390624
TR-039954,2025-09-10,4221.78,4307.172351876934
TR-039955,2025-09-10,1274.03,1281.152302563748
TR-039956,2025-09-10,2456.19,2661.2630620274376
TR-039957,2025-09-10,706.67,787.2148767178028
TR-039958,2025-09-10,2134.16,2158.8928986903525
TR-039959,2025-09-10,5990.75,6074.253483724136
TR-039960,2025-09-10,1891.27,1879.578608021965
TR-039961,2025-09-10,1261.09,1227.7618851551656
TR-039962,2025-09-10,1495.45,1459.3105904348201
TR-039963,2025-09-10,5714.34,5760.1356478836105
TR-039964,2025-09-10,857.81,871.6776653132586
TR-039965,2025-09-10,810.24,897.1004470378671
TR-039966,2025-09-10,856.86,867.7027508920908
TR-039967,2025-09-10,4324.74,4334.643767146937
TR-039968,2025-09-10,775.28,825.9986646936001
TR-039969,2025-09-10,2897.11,2982.552814278033
TR-039970,2025-09-10,2932.4,3038.083496263937
TR-039971,2025-09-10,899.18,870.7535479648382
TR-039972,2025-09-10,5282.81,5570.486378336691
TR-039973,2025-09-10,1604.96,1748.6075232148862
TR-039974,2025-09-10,4190.71,4280.321598753149
TR-039975,2025-09-10,902.06,911.7689510537042
TR-039976,2025-09-10,1284.52,1224.6075862092955
TR-039977,2025-09-10,4791.56,4752.701551898557
TR-039978,2025-09-10,4493.19,4562.052632861214
TR-039979,2025-09-10,1194.45,1248.1920194368793
TR-039980,2025-09-10,1403.96,1496.3713946013447
TR-039981,2025-09-10,1389.2,1357.2952386761442
TR-039982,2025-09-10,5433.92,6082.4721053899175
TR-039983,2025-09-10,2077.41,2047.7033483167074
TR-039984,2025-09-10,867.11,884.3848575348372
TR-039985,2025-09-10,1673.2,1775.6720269240745
TR-039986,2025-09-10,5348.71,5706.052991089445
TR-039987,2025-09-10,851.64,835.745925636525
TR-039988,2025-09-10,3442.21,3365.758054059291
TR-039989,2025-09-10,1870.77,1778.0034633107387
TR-039990,2025-09-10,2203.39,2141.0009492063223
TR-039991,2025-09-10,4945.33,4893.571208465995
TR-039992,2025-09-10,4316.9,4197.409789575859
TR-039993,2025-09-10,1617.61,2032.187281323326
TR-039994,2025-09-10,2135.53,2078.0840149412734
TR-039995,2025-09-10,5390.41,5197.972093661155
TR-039996,2025-09-10,2952.58,3222.6610637205845
TR-039997,2025-09-10,745.55,735.7423449844204
TR-039998,2025-09-10,2039.12,2005.1781027225743
TR-039999,2025-09-10,1642.87,1759.0213881934837
TR-040000,2025-09-10,3055.7,3156.6061190480123
TR-040001,2025-09-10,3333.07,3310.4378651608276
TR-040002,2025-09-10,1175.9,1244.6287343975976
TR-040003,2025-09-10,2813.46,2843.509123726265
TR-040004,2025-09-10,977.98,979.6127337021325
TR-040005,2025-09-10,3025.17,2895.2552006665037
TR-040006,2025-09-10,1174.92,1179.723472114358
TR-040007,2025-09-10,1652.47,1641.2322089911356
TR-040008,2025-09-10,4186.74,4297.106864684899
TR-040009,2025-09-10,2057.18,2056.9627806048793
TR-040010,2025-09-10,961.79,983.5042212676105
TR-040011,2025-09-10,1417.14,1458.4351984017408
TR-040012,2025-09-10,4233.0,4319.1810284555
TR-040013,2025-09-10,1563.34,1703.7093706327419
TR-040014,2025-09-10,3545.53,3509.2776255280733
TR-040015,2025-09-10,4307.33,4300.846273317897
TR-040016,2025-09-10,1407.48,1324.0420276881255
TR-040017,2025-09-10,4376.2,4329.760094420369
TR-040018,2025-09-10,548.09,587.6282202959673
TR-040019,2025-09-10,3124.92,3079.5362400898425
TR-040020,2025-09-10,2782.8,2845.2177661343653
TR-040021,2025-09-10,2012.52,2050.6855699514626
TR-040022,2025-09-10,4860.78,4855.086164362156
TR-040023,2025-09-10,2276.91,2260.0054037466302
TR-040024,2025-09-10,3663.3,3783.153620065257
TR-040025,2025-09-10,2406.78,2444.873185662458
TR-040026,2025-09-10,643.83,659.3308715108255
TR-040027,2025-09-10,1711.91,2148.613785497037
TR-040028,2025-09-10,2042.48,2095.046612590058
TR-040029,2025-09-10,1098.71,1031.6564367013411
TR-040030,2025-09-10,1070.18,1121.2730439663512
TR-040031,2025-09-10,1395.18,1401.4954561442653
TR-040032,2025-09-10,5241.8,5445.1938267145415
TR-040033,2025-09-10,2710.93,2814.6495896280326
TR-040034,2025-09-10,4813.65,5134.489935202426
TR-040035,2025-09-10,2195.23,2444.7765074354634
TR-040036,2025-09-10,2806.77,2828.190142115944
TR-040037,2025-09-10,636.64,652.1135212628714
TR-040038,2025-09-10,1887.3,1965.5356328293724
TR-040039,2025-09-10,2192.73,2117.5532906148474
TR-040040,2025-09-10,2680.22,2638.0618362978917
TR-040041,2025-09-10,477.61,504.5717104703832
TR-040042,2025-09-10,3401.18,3434.3335945201857
TR-040043,2025-09-10,2511.55,2510.580647700211
TR-040044,2025-09-10,5641.98,5680.72813339272
TR-040045,2025-09-10,3808.59,3684.78625545322
TR-040046,2025-09-10,3348.83,1564.5352352434222
TR-040047,2025-09-10,2049.34,1996.9302822421355
TR-040048,2025-09-10,2807.39,2881.7751463192735
TR-040049,2025-09-10,1758.37,5636.334898161387
TR-040050,2025-09-10,4302.88,4213.316981309868
TR-040051,2025-09-10,1969.6,2075.1577955415646
TR-040052,2025-09-10,855.3,921.4727981626158
TR-040053,2025-09-10,2914.9,2984.477243762746
TR-040054,2025-09-10,2465.22,2471.9734199279865
TR-040055,2025-09-10,2399.07,2265.5007348359604
TR-040056,2025-09-10,5383.59,5578.100500501248
TR-040057,2025-09-10,1579.77,1585.8683895671352
TR-040058,2025-09-10,4140.08,4146.707464817847
TR-040059,2025-09-10,2887.23,2870.2457586599216
TR-040060,2025-09-10,3869.45,805.2409844218722
TR-040061,2025-09-10,657.63,661.1260738227776
TR-040062,2025-09-11,2291.53,2404.855964623751
TR-040063,2025-09-11,3516.64,3453.4491200113275
TR-040064,2025-09-11,2417.85,2284.8761406301373
TR-040065,2025-09-11,4033.26,4004.5912125357318
TR-040066,2025-09-11,2439.49,2292.367808509754
TR-040067,2025-09-11,934.11,977.9794071384578
TR-040068,2025-09-11,3825.7,3788.764603764414
TR-040069,2025-09-11,4007.04,4211.304961385215
TR-040070,2025-09-11,1452.89,1500.4397775258303
TR-040071,2025-09-11,627.33,615.0616486402369
TR-040072,2025-09-11,1337.53,1361.3965453960955
TR-040073,2025-09-11,5729.48,5775.011017755593
TR-040074,2025-09-11,2534.93,2594.101300604038
TR-040075,2025-09-11,1893.57,1831.5236698468611
TR-040076,2025-09-11,3118.9,3218.0269649569595
TR-040077,2025-09-11,1991.68,1893.8657477506638
TR-040078,2025-09-11,3709.46,3658.4755836775225
TR-040079,2025-09-11,363.4,361.8279550373467
TR-040080,2025-09-11,9993.31,4055.3649427055575
TR-040081,2025-09-11,548.2,557.5648521668207
TR-040082,2025-09-11,3595.73,3490.422528555995
TR-040083,2025-09-11,1190.03,1220.9996600626462
TR-040084,2025-09-11,1258.59,1206.7315778048926
TR-040085,2025-09-11,1169.27,1191.5824444505843
TR-040086,2025-09-11,468.28,488.0130564323734
TR-040087,2025-09-11,3077.55,3002.620716217322
TR-040088,2025-09-11,1750.91,1736.7793626251057
TR-040089,2025-09-11,4867.0,4647.819585695376
TR-040090,2025-09-11,674.55,647.9343016696952
TR-040091,2025-09-11,637.22,629.0548295479566
TR-040092,2025-09-11,632.9,636.5203863595752
TR-040093,2025-09-11,1013.09,1013.6360162744957
TR-040094,2025-09-11,1437.98,1364.651529578371
TR-040095,2025-09-11,392.73,378.06195418230266
TR-040096,2025-09-11,480.28,458.09845532360475
TR-040097,2025-09-11,20132.37,3911.559287838582
TR-040098,2025-09-11,2463.78,2533.407203275972
TR-040099,2025-09-11,879.33,853.8123938763645
TR-040100,2025-09-11,1495.51,1449.9608039398338
TR-040101,2025-09-11,1606.71,1566.880037891577
TR-040102,2025-09-11,1606.62,1528.3189726816802
TR-040103,2025-09-11,2213.28,2286.1849561730596
TR-040104,2025-09-11,1625.51,1829.8604813314155
TR-040105,2025-09-11,2270.71,2363.4875597525456
TR-040106,2025-09-11,1872.91,1832.61356548402
TR-040107,2025-09-11,1196.5,1209.9039164088258
TR-040108,2025-09-11,2320.06,2269.213544752512
TR-040109,2025-09-11,4229.61,4219.121683787534
TR-040110,2025-09-11,2167.33,2271.0199414957756
TR-040111,2025-09-11,3664.86,3773.135074163905
TR-040112,2025-09-11,2196.15,2152.551786506222
TR-040113,2025-09-11,977.56,919.5165033616573
TR-040114,2025-09-11,1685.94,2028.102564220069
TR-040115,2025-09-11,1979.6,2136.086304344273
TR-040116,2025-09-11,1098.94,1099.2734149597059
TR-040117,2025-09-11,2989.01,3115.7704013419166
TR-040118,2025-09-11,5292.37,5248.39537786137
TR-040119,2025-09-11,3098.97,3079.5370747173542
TR-040120,2025-09-11,4344.65,4126.4965057263735
TR-040121,2025-09-11,492.83,485.94712838738815
TR-040122,2025-09-11,1599.16,1648.6452802538058
TR-040123,2025-09-11,941.77,980.7532090980527
TR-040124,2025-09-11,4198.18,4132.034265684305
TR-040125,2025-09-11,1749.01,1857.2970957572754
TR-040126,2025-09-11,4168.47,4286.075938553089
TR-040127,2025-09-11,1301.34,1287.2748924160624
TR-040128,2025-09-11,3471.55,3500.5169442129004
TR-040129,2025-09-11,4630.06,4610.9114602975305
TR-040130,2025-09-11,2434.73,2442.121915017293
TR-040131,2025-09-11,1194.91,1233.3050480207287
TR-040132,2025-09-11,2820.43,2820.9672649736617
TR-040133,2025-09-11,880.53,813.343071229476
TR-040134,2025-09-11,3309.54,3345.6889981140976
TR-040135,2025-09-11,1195.38,1233.9568427532188
TR-040136,2025-09-11,2679.76,2733.2378740227878
TR-040137,2025-09-11,4219.73,4139.280469143326
TR-040138,2025-09-11,1606.18,1764.7473727930198
TR-040139,2025-09-11,1217.29,1345.8260221800936
TR-040140,2025-09-11,958.52,959.8046197158878
TR-040141,2025-09-11,4241.61,4172.569685656455
TR-040142,2025-09-11,3791.78,3799.0185815386512
TR-040143,2025-09-11,2814.93,2834.6759428348482
TR-040144,2025-09-11,3895.62,3966.734768531778
TR-040145,2025-09-11,3866.67,3836.9963038528495
TR-040146,2025-09-11,1328.04,1329.7768288471377
TR-040147,2025-09-11,5113.28,5023.933697273925
TR-040148,2025-09-11,5746.04,5773.21185880145
TR-040149,2025-09-11,1360.11,1390.9694004102626
TR-040150,2025-09-11,2140.16,2161.6039766342224
TR-040151,2025-09-11,3534.88,3614.191374681913
TR-040152,2025-09-11,967.48,991.2380736789714
TR-040153,2025-09-11,869.7,940.3763298576907
TR-040154,2025-09-11,732.91,702.7677437399591
TR-040155,2025-09-11,2668.05,2585.0495115518365
TR-040156,2025-09-11,770.42,774.1222588433243
TR-040157,2025-09-11,1172.93,1122.8637173290128
TR-040158,2025-09-11,1098.51,1157.4838276328592
TR-040159,2025-09-11,12240.81,3799.6874937100615
TR-040160,2025-09-11,550.71,550.1907314232857
TR-040161,2025-09-11,993.48,949.2714631276481
TR-040162,2025-09-11,1879.68,1925.2861828754105
TR-040163,2025-09-11,2545.64,2523.5266043329957
TR-040164,2025-09-11,1010.27,994.1803115869926
TR-040165,2025-09-11,4331.88,4440.044375685924
TR-040166,2025-09-11,2163.98,2204.6943999712425
TR-040167,2025-09-11,2695.4,2763.4812903719367
TR-040168,2025-09-11,2682.78,3022.195715668719
TR-040169,2025-09-11,3981.03,3791.6477239521214
TR-040170,2025-09-11,2474.47,2530.9915934780006
TR-040171,2025-09-11,1212.72,1216.4743021004933
TR-040172,2025-09-11,20361.89,4587.310250387106
TR-040173,2025-09-11,899.35,916.6570389266939
TR-040174,2025-09-11,244.05,1254.5601819319988
TR-040175,2025-09-11,2526.64,2551.39278565741
TR-040176,2025-09-11,2423.17,2428.734779898
TR-040177,2025-09-11,2534.0,2517.3319789134166
TR-040178,2025-09-11,1879.01,1831.307448913766
TR-040179,2025-09-11,5488.25,5508.622192838941
TR-040180,2025-09-11,1711.83,1721.8100116783962
TR-040181,2025-09-11,2250.71,2479.3280140196002
TR-040182,2025-09-11,4541.48,4446.644556767238
TR-040183,2025-09-11,3295.32,3880.360257613535
TR-040184,2025-09-11,4008.71,3772.11807751747
TR-040185,2025-09-11,780.62,849.8619740708864
TR-040186,2025-09-11,963.27,941.6832449824103
TR-040187,2025-09-11,3688.72,3565.6235954287654
TR-040188,2025-09-11,1139.9,1086.4583781637984
TR-040189,2025-09-11,1562.41,1655.0720692043565
TR-040190,2025-09-11,939.43,966.1761797372134
TR-040191,2025-09-11,3780.8,4057.7749451562445
TR-040192,2025-09-11,4087.56,4166.686410697377
TR-040193,2025-09-11,2435.69,2497.660371767467
TR-040194,2025-09-11,3586.64,3519.320843801181
TR-040195,2025-09-11,4789.73,4865.062174889329
TR-040196,2025-09-11,3313.06,3273.193803362847
TR-040197,2025-09-11,2325.49,2603.1822775618984
TR-040198,2025-09-11,2019.28,1989.139305829042
TR-040199,2025-09-11,3086.07,3074.1232120658506
TR-040200,2025-09-11,1863.61,1850.0535945835547
TR-040201,2025-09-11,1956.54,1971.5782682941528
TR-040202,2025-09-11,4542.1,4551.541926188147
TR-040203,2025-09-11,1690.71,1670.8521420014943
TR-040204,2025-09-11,5069.2,5026.1938676391865
TR-040205,2025-09-11,2925.33,2864.923569671338
TR-040206,2025-09-11,4590.57,4670.538494706953
TR-040207,2025-09-11,4872.62,4788.87212767157
TR-040208,2025-09-11,4808.27,4791.633869776031
TR-040209,2025-09-11,1603.47,1674.2041495189064
TR-040210,2025-09-11,643.67,634.8755462001335
TR-040211,2025-09-11,5816.71,5801.769432109044
TR-040212,2025-09-11,979.75,992.4332335993419
TR-040213,2025-09-11,1342.92,1255.2577262122718
TR-040214,2025-09-11,4292.87,4138.574768738666
TR-040215,2025-09-11,3390.36,3341.0799735339006
TR-040216,2025-09-11,820.63,766.0507074563916
TR-040217,2025-09-11,4105.79,4256.979673990279
TR-040218,2025-09-11,4006.85,3860.304989629526
TR-040219,2025-09-12,863.19,854.3416903484332
TR-040220,2025-09-12,767.37,750.8439689802829
TR-040221,2025-09-12,3793.98,3779.8605388412516
TR-040222,2025-09-12,3929.53,3808.1304661213085
TR-040223,2025-09-12,1980.42,1798.8763807577166
TR-040224,2025-09-12,2759.38,2656.434471741464
TR-040225,2025-09-12,1625.12,1547.5558840206538
TR-040226,2025-09-12,4099.71,3831.8682054618903
TR-040227,2025-09-12,1379.44,1349.7462744962413
TR-040228,2025-09-12,2548.48,2606.395829267952
TR-040229,2025-09-12,1158.71,1154.4422479394289
TR-040230,2025-09-12,1487.45,1592.0342857008525
TR-040231,2025-09-12,767.78,752.7291377205094
TR-040232,2025-09-12,1667.13,1729.9337816890732
TR-040233,2025-09-12,5722.29,6440.461389675508
TR-040234,2025-09-12,2938.6,2849.497995506259
TR-040235,2025-09-12,4591.1,4511.919551546539
TR-040236,2025-09-12,4100.14,4153.047601761662
TR-040237,2025-09-12,1824.41,1871.0554570242728
TR-040238,2025-09-12,1438.34,1491.181537990399
TR-040239,2025-09-12,1776.7,1885.0346552395968
TR-040240,2025-09-12,1791.57,1938.1382287249216
TR-040241,2025-09-12,2270.22,2347.178756637774
TR-040242,2025-09-12,2023.04,1981.8666795413267
TR-040243,2025-09-12,1554.3,1527.2523667824325
TR-040244,2025-09-12,1638.1,1633.5260858254067
TR-040245,2025-09-12,3209.87,3736.6800679196695
TR-040246,2025-09-12,2315.18,2440.892440230562
TR-040247,2025-09-12,2765.1,2858.6691239897377
TR-040248,2025-09-12,4187.65,4053.3031400391155
TR-040249,2025-09-12,5413.49,5223.349692595827
TR-040250,2025-09-12,2089.53,2041.474441143488
TR-040251,2025-09-12,1529.14,1504.4815091965572
TR-040252,2025-09-12,3547.22,3558.535936731852
TR-040253,2025-09-12,1091.26,1104.8335568386271
TR-040254,2025-09-12,4639.2,4350.658649913957
TR-040255,2025-09-12,5437.19,5553.4324313986735
TR-040256,2025-09-12,4618.42,4871.36066159006
TR-040257,2025-09-12,2496.84,2417.5195530207725
TR-040258,2025-09-12,1135.31,1381.849960385292
TR-040259,2025-09-12,4185.43,4905.501147366438
TR-040260,2025-09-12,4591.58,4798.176947911265
TR-040261,2025-09-12,2364.33,2327.5789046988084
TR-040262,2025-09-12,2225.24,2541.220293611564
TR-040263,2025-09-12,4945.19,4963.402417767544
TR-040264,2025-09-12,879.21,891.110174843999
TR-040265,2025-09-12,4561.04,4321.1260856671815
TR-040266,2025-09-12,2543.79,2526.6429516407893
TR-040267,2025-09-12,5028.04,4864.084383064257
TR-040268,2025-09-12,3489.82,3458.904549776205
TR-040269,2025-09-12,1882.39,1936.2378702311369
TR-040270,2025-09-12,1972.59,2011.9508985255895
TR-040271,2025-09-12,1106.33,1108.7650384916296
TR-040272,2025-09-12,1328.03,1302.6412589719375
TR-040273,2025-09-12,3357.98,3307.938600429996
TR-040274,2025-09-12,352.31,1253.2688181369285
TR-040275,2025-09-12,4259.95,4560.431182920445
TR-040276,2025-09-12,3901.63,3894.8609738028726
TR-040277,2025-09-12,1806.24,1846.3473882722978
TR-040278,2025-09-12,1302.11,1341.6478336510038
TR-040279,2025-09-12,659.64,759.3336888018083
TR-040280,2025-09-12,1475.99,1520.4002093891554
TR-040281,2025-09-12,1490.26,1515.6809245996758
TR-040282,2025-09-12,3320.42,3349.9527302139018
TR-040283,2025-09-12,3472.54,3491.30432493358
TR-040284,2025-09-12,1137.73,1199.7037884981778
TR-040285,2025-09-12,3696.43,3693.7019367188955
TR-040286,2025-09-12,577.85,592.266029840939
TR-040287,2025-09-12,3239.2,3130.098261947444
TR-040288,2025-09-12,3561.78,3947.4586526705657
TR-040289,2025-09-12,3320.48,4106.5156853235585
TR-040290,2025-09-12,4697.77,4633.416342039459
TR-040291,2025-09-12,1046.21,981.1127924630056
TR-040292,2025-09-12,4717.95,4668.885891552939
TR-040293,2025-09-12,2420.04,2339.4636380755255
TR-040294,2025-09-12,763.18,754.8607690373692
TR-040295,2025-09-12,3908.63,3950.7286245062714
TR-040296,2025-09-12,1672.54,1606.1174974488988
TR-040297,2025-09-12,971.23,997.659305861013
TR-040298,2025-09-12,4982.94,5077.55431007104
TR-040299,2025-09-12,2276.71,2320.3587110277135
TR-040300,2025-09-12,461.77,1755.4372593545525
TR-040301,2025-09-12,1077.4,1125.1495737468438
TR-040302,2025-09-12,739.46,832.1849143029714
TR-040303,2025-09-12,4373.27,4515.466803007068
TR-040304,2025-09-12,1141.5,1059.304488132125
TR-040305,2025-09-12,1558.84,1514.8879548364441
TR-040306,2025-09-12,2644.28,2651.862718294126
TR-040307,2025-09-12,3979.89,3861.854997317332
TR-040308,2025-09-12,4787.12,4878.532033465089
TR-040309,2025-09-12,1811.81,1747.4598123947237
TR-040310,2025-09-12,1369.82,1378.7026841070983
TR-040311,2025-09-12,3467.94,3337.761464270372
TR-040312,2025-09-12,1037.14,992.1348120133038
TR-040313,2025-09-12,1214.34,1173.3970001877124
TR-040314,2025-09-12,2044.98,1991.6373628005479
TR-040315,2025-09-12,1042.66,1062.8958897854297
TR-040316,2025-09-12,794.57,745.8107161509653
TR-040317,2025-09-12,1026.46,1079.8242817730504
TR-040318,2025-09-12,5451.58,5407.639120038771
TR-040319,2025-09-12,5482.58,5462.485213551756
TR-040320,2025-09-12,2956.1,2970.986608562077
TR-040321,2025-09-12,1364.46,1394.1962039150549
TR-040322,2025-09-12,247.85,264.2811396094645
TR-040323,2025-09-12,14949.25,3267.4892346600122
TR-040324,2025-09-12,447.8,508.66306571599426
TR-040325,2025-09-12,2262.85,2302.500394964626
TR-040326,2025-09-12,473.51,484.6667070517552
TR-040327,2025-09-12,2161.89,2239.790918994626
TR-040328,2025-09-12,3072.12,3101.787853595967
TR-040329,2025-09-12,6656.87,6643.163834753818
TR-040330,2025-09-12,4522.94,4533.489814996066
TR-040331,2025-09-12,3198.8,3207.04545833415
TR-040332,2025-09-12,2312.51,2196.0091484461236
TR-040333,2025-09-12,2666.9,2547.9459151703554
TR-040334,2025-09-12,905.78,1032.0712517240192
TR-040335,2025-09-12,406.25,382.6118386247946
TR-040336,2025-09-12,2386.95,2292.16013954241
TR-040337,2025-09-12,2234.94,2313.10701335235
TR-040338,2025-09-12,4093.95,3832.490979605473
TR-040339,2025-09-12,828.81,846.3210542722869
TR-040340,2025-09-12,2263.03,2253.085440528168
TR-040341,2025-09-12,598.68,590.5742836782417
TR-040342,2025-09-12,2710.46,3036.2291594694225
TR-040343,2025-09-12,4232.89,4423.77468025384
TR-040344,2025-09-12,2243.11,2324.6414264758555
TR-040345,2025-09-12,5715.39,5681.444230102937
TR-040346,2025-09-12,866.51,860.0045464034838
TR-040347,2025-09-12,853.76,918.0926442625539
TR-040348,2025-09-12,1085.75,1144.6462384320562
TR-040349,2025-09-12,2089.87,2198.364842330058
TR-040350,2025-09-12,1467.17,1489.196811919442
TR-040351,2025-09-12,2314.16,2214.8582425359396
TR-040352,2025-09-12,1235.15,1291.988309435516
TR-040353,2025-09-12,2838.17,2761.0354143039876
TR-040354,2025-09-12,956.43,963.1631651509384
TR-040355,2025-09-12,1326.12,1457.6288345978014
TR-040356,2025-09-12,2133.45,2168.676573725305
TR-040357,2025-09-12,377.23,381.76465294706264
TR-040358,2025-09-12,5109.12,5145.310281368986
TR-040359,2025-09-12,1660.54,1714.4283227757267
TR-040360,2025-09-12,2562.34,2476.335374647181
TR-040361,2025-09-12,4194.09,4347.481401621145
TR-040362,2025-09-12,2122.65,2148.1098576615054
TR-040363,2025-09-12,1989.84,1862.158832511038
TR-040364,2025-09-12,1352.36,1326.1576089994667
TR-040365,2025-09-12,3269.05,3560.6882521628736
TR-040366,2025-09-12,1384.88,1322.6410238143294
TR-040367,2025-09-12,1760.79,1780.255800511577
TR-040368,2025-09-12,2275.58,2335.189995491036
TR-040369,2025-09-12,1365.44,1394.569763997627
TR-040370,2025-09-12,870.24,948.7185193637836
TR-040371,2025-09-12,4070.73,3989.5366571496484
TR-040372,2025-09-12,2270.2,2218.521277582349
TR-040373,2025-09-12,2926.04,3083.136929837226
TR-040374,2025-09-12,2770.25,2883.7472209523617
TR-040375,2025-09-12,1254.79,1227.6343790719689
TR-040376,2025-09-12,2776.29,2674.8783427157828
TR-040377,2025-09-12,2124.53,2402.7412683057883
TR-040378,2025-09-12,1496.82,1413.2527032359433
TR-040379,2025-09-12,1110.55,1139.7449973556788
TR-040380,2025-09-13,5032.44,5388.050533284389
TR-040381,2025-09-13,1156.27,1156.1266307515994
TR-040382,2025-09-13,3594.44,3427.943407878078
TR-040383,2025-09-13,5024.42,5237.035084962839
TR-040384,2025-09-13,3518.99,3308.818618237204
TR-040385,2025-09-13,1308.11,1513.9496280689277
TR-040386,2025-09-13,2641.06,2588.3677077887996
TR-040387,2025-09-13,2047.73,2026.2201226114591
TR-040388,2025-09-13,1098.51,1121.9663448200108
TR-040389,2025-09-13,2165.4,2274.154869257174
TR-040390,2025-09-13,642.34,686.9319844445735
TR-040391,2025-09-13,2312.59,2298.1238754345095
TR-040392,2025-09-13,3300.38,3237.744739363097
TR-040393,2025-09-13,4012.45,3962.0050635537
TR-040394,2025-09-13,3842.18,3806.5176392033145
TR-040395,2025-09-13,4067.4,3944.0067837209854
TR-040396,2025-09-13,1871.23,1894.335648316299
TR-040397,2025-09-13,1345.09,1347.5678983679134
TR-040398,2025-09-13,2379.95,2521.649052977262
TR-040399,2025-09-13,3234.86,3505.659133567993
TR-040400,2025-09-13,3888.05,3718.965769006491
TR-040401,2025-09-13,5546.62,6113.721213322163
TR-040402,2025-09-13,1170.83,1120.815413861606
TR-040403,2025-09-13,827.34,735.1518937659096
TR-040404,2025-09-13,1401.93,1438.1717952870256
TR-040405,2025-09-13,2614.48,2558.455343918292
TR-040406,2025-09-13,1219.14,1275.2218988672846
TR-040407,2025-09-13,3280.39,3227.149785694768
TR-040408,2025-09-13,1654.89,1671.9740517737778
TR-040409,2025-09-13,3701.25,3856.084740507044
TR-040410,2025-09-13,4009.05,4081.4090566268073
TR-040411,2025-09-13,3045.39,3276.5707925863785
TR-040412,2025-09-13,2354.32,2428.257014415747
TR-040413,2025-09-13,1044.62,1007.9581991824657
TR-040414,2025-09-13,4472.56,4527.282442373662
TR-040415,2025-09-13,3543.62,3447.501020847644
TR-040416,2025-09-13,1172.55,1306.17345440266
TR-040417,2025-09-13,522.39,539.2220266897257
TR-040418,2025-09-13,946.45,941.4830225687776
TR-040419,2025-09-13,1287.81,1217.8742200798356
TR-040420,2025-09-13,2479.11,2586.877018602279
TR-040421,2025-09-13,1079.36,1092.6904874162676
TR-040422,2025-09-13,2108.65,2153.590832839731
TR-040423,2025-09-13,1228.34,1235.829456844401
TR-040424,2025-09-13,1651.44,1712.2994149637016
TR-040425,2025-09-13,2785.71,2805.7838733503936
TR-040426,2025-09-13,1009.66,1020.1490930860787
TR-040427,2025-09-13,2166.72,2260.242365986716
TR-040428,2025-09-13,2058.77,1986.7600202314486
TR-040429,2025-09-13,3388.79,3467.7091971344025
TR-040430,2025-09-13,3731.04,3464.0262348918595
TR-040431,2025-09-13,2474.14,2642.8052144364333
TR-040432,2025-09-13,3947.05,4027.7910623719195
TR-040433,2025-09-13,3475.62,3680.797401189391
TR-040434,2025-09-13,2662.84,2792.8650447670375
TR-040435,2025-09-13,3904.05,3804.966201815384
TR-040436,2025-09-13,1296.1,1229.748039865729
TR-040437,2025-09-13,5031.51,5048.843516437208
TR-040438,2025-09-13,3090.11,3062.62107597947
TR-040439,2025-09-13,463.47,466.4600487573502
TR-040440,2025-09-13,2545.48,2621.300017195689
TR-040441,2025-09-13,1686.2,1677.3071647324768
TR-040442,2025-09-13,1454.96,1514.4594898221224
TR-040443,2025-09-13,4695.81,4914.294043674368
TR-040444,2025-09-13,2958.37,3036.5539867848183
TR-040445,2025-09-13,1734.08,1808.9700513335124
TR-040446,2025-09-13,1585.84,1568.5696887606707
TR-040447,2025-09-13,2357.09,2313.791289530942
TR-040448,2025-09-13,1203.48,1173.0946098053014
TR-040449,2025-09-13,4194.59,4372.741601793299
TR-040450,2025-09-13,1836.72,1874.5060561038938
TR-040451,2025-09-13,1044.71,1121.0861632209899
TR-040452,2025-09-13,1951.01,1916.867864326459
TR-040453,2025-09-13,1304.13,1290.2307169156882
TR-040454,2025-09-13,2187.52,2138.717908711662
TR-040455,2025-09-13,615.98,649.9251606129656
TR-040456,2025-09-13,5455.82,5783.430505149465
TR-040457,2025-09-13,3089.77,3339.641269408783
TR-040458,2025-09-13,2391.71,2538.801866105972
TR-040459,2025-09-13,4738.84,4611.318107952479
TR-040460,2025-09-13,255.06,250.65887805751976
TR-040461,2025-09-13,1799.91,1757.7901137283689
TR-040462,2025-09-13,4376.14,4624.200343080054
TR-040463,2025-09-13,1688.51,1772.248122587331
TR-040464,2025-09-13,2187.93,2313.607276176772
TR-040465,2025-09-13,3475.74,3531.7874222512396
TR-040466,2025-09-13,1608.67,1602.5628673245844
TR-040467,2025-09-13,552.07,522.2625116387103
TR-040468,2025-09-13,2883.87,2901.5936236013
TR-040469,2025-09-13,2079.12,2007.7935557372743
TR-040470,2025-09-13,1328.98,1285.7241075275392
TR-040471,2025-09-13,2066.4,1928.6002857259305
TR-040472,2025-09-13,2886.97,2764.9011399074875
TR-040473,2025-09-13,1878.13,1765.2633012236906
TR-040474,2025-09-13,1906.74,2031.6218143413832
TR-040475,2025-09-13,1632.62,1635.624145720168
TR-040476,2025-09-13,2622.33,2541.353059094712
TR-040477,2025-09-13,4250.53,4585.7275774564005
TR-040478,2025-09-13,1417.05,1386.1855329377736
TR-040479,2025-09-13,2092.12,2090.2678989785186
TR-040480,2025-09-13,719.31,734.2616092785406
TR-040481,2025-09-13,863.27,902.8907464629721
TR-040482,2025-09-13,1933.73,2017.3606199855308
TR-040483,2025-09-13,1571.83,1604.990856841416
TR-040484,2025-09-13,1271.19,1303.222652050116
TR-040485,2025-09-13,1900.04,1964.9018159061704
TR-040486,2025-09-13,3954.63,3999.5043781305803
TR-040487,2025-09-13,2561.78,2635.3256321546096
TR-040488,2025-09-13,5851.44,5671.74543338259
TR-040489,2025-09-13,1960.67,2065.1812984312396
TR-040490,2025-09-13,2971.31,2932.2812405655673
TR-040491,2025-09-13,5391.91,5490.628413837475
TR-040492,2025-09-13,4266.21,4262.299622283537
TR-040493,2025-09-13,2520.81,2673.357894199414
TR-040494,2025-09-13,3124.48,3115.734410487297
TR-040495,2025-09-13,1878.81,1933.8159426919372
TR-040496,2025-09-13,585.46,613.1524232586628
TR-040497,2025-09-13,2333.85,2437.408488890845
TR-040498,2025-09-13,2162.01,2186.0258965295807
TR-040499,2025-09-13,780.38,775.253189536873
TR-040500,2025-09-13,2027.02,2065.8299374382823
TR-040501,2025-09-13,2341.29,2333.549197480227
TR-040502,2025-09-13,2582.43,2496.9199074234566
TR-040503,2025-09-13,4209.28,4228.15632656464
TR-040504,2025-09-13,5482.81,5737.851907329811
TR-040505,2025-09-13,1292.29,1352.3451018755432
TR-040506,2025-09-13,2350.57,2349.992434092041
TR-040507,2025-09-13,1693.84,1697.9557381256604
TR-040508,2025-09-13,2750.57,2745.5968208654926
TR-040509,2025-09-13,2500.8,2397.965914233604
TR-040510,2025-09-13,679.62,722.0481245643456
TR-040511,2025-09-13,1405.66,1347.7661835116219
TR-040512,2025-09-13,2735.13,2767.9568563873318
TR-040513,2025-09-13,4475.25,5179.41508675661
TR-040514,2025-09-13,900.01,991.7357761116439
TR-040515,2025-09-13,1601.14,1593.2281481470916
TR-040516,2025-09-13,2754.85,2801.0458156644086
TR-040517,2025-09-13,698.07,669.4158431608827
TR-040518,2025-09-13,586.07,600.120239728273
TR-040519,2025-09-13,804.41,785.7776638634966
TR-040520,2025-09-13,1061.76,995.7786062555723
TR-040521,2025-09-13,3432.15,3554.1836682616913
TR-040522,2025-09-13,1152.91,1167.305975323786
TR-040523,2025-09-13,3445.34,3328.5737275625893
TR-040524,2025-09-13,4873.57,5134.353449588517
TR-040525,2025-09-13,3772.59,3765.562437601986
TR-040526,2025-09-13,2065.79,2162.8893527971572
TR-040527,2025-09-13,608.99,694.9398643661727
TR-040528,2025-09-13,2507.83,2474.988285325288
TR-040529,2025-09-13,3101.53,3233.899281629412
TR-040530,2025-09-13,1398.57,1326.4891500016147
TR-040531,2025-09-13,2085.72,2155.5640517723514
TR-040532,2025-09-13,1932.61,2042.42722963949
TR-040533,2025-09-13,3847.17,3801.978788845599
TR-040534,2025-09-13,2083.05,2158.288225537559
TR-040535,2025-09-13,3883.47,3926.9730254121537
TR-040536,2025-09-13,590.85,587.5928137408864
TR-040537,2025-09-13,1809.43,2046.3921227700887
TR-040538,2025-09-13,1466.23,1426.988238887551
TR-040539,2025-09-13,4734.69,4914.710022273178
TR-040540,2025-09-13,5571.21,5515.070652429245
TR-040541,2025-09-13,1483.49,1557.3539434682423
TR-040542,2025-09-13,4169.76,5110.9083200691675
TR-040543,2025-09-14,4597.16,4487.543779887675
TR-040544,2025-09-14,834.73,892.3107512831183
TR-040545,2025-09-14,3989.26,4145.274279556498
TR-040546,2025-09-14,4060.39,3981.9408563061374
TR-040547,2025-09-14,1175.58,1139.2277001851755
TR-040548,2025-09-14,3964.42,3921.229338563749
TR-040549,2025-09-14,3539.25,3467.8833151511567
TR-040550,2025-09-14,1590.9,1628.4609001273955
TR-040551,2025-09-14,2372.35,2316.0377811629164
TR-040552,2025-09-14,4168.59,4069.8798243236643
TR-040553,2025-09-14,872.33,861.0726571670809
TR-040554,2025-09-14,1805.4,1779.0374197025585
TR-040555,2025-09-14,3184.99,3091.311925538024
TR-040556,2025-09-14,2393.93,2478.7081583811373
TR-040557,2025-09-14,3498.42,4073.749567621691
TR-040558,2025-09-14,1421.64,1497.73302611631
TR-040559,2025-09-14,2119.94,1984.9124016122094
TR-040560,2025-09-14,5663.09,6055.594846803936
TR-040561,2025-09-14,872.19,881.0789640143875
TR-040562,2025-09-14,2379.3,2321.010860928478
TR-040563,2025-09-14,1978.44,1896.1388415925453
TR-040564,2025-09-14,1041.46,952.1047672400944
TR-040565,2025-09-14,2637.86,2738.0887995672674
TR-040566,2025-09-14,1581.62,1678.0507945807585
TR-040567,2025-09-14,2171.01,2090.4692136313506
TR-040568,2025-09-14,3184.5,3277.284466866466
TR-040569,2025-09-14,4227.95,4260.956418218218
TR-040570,2025-09-14,935.55,990.4197131891815
TR-040571,2025-09-14,1426.71,1462.2397147296763
TR-040572,2025-09-14,1196.62,1156.48758405633
TR-040573,2025-09-14,947.92,986.2120185347932
TR-040574,2025-09-14,4848.77,5047.9294679326085
TR-040575,2025-09-14,3257.67,3264.980475555354
TR-040576,2025-09-14,1827.95,1849.3677332722818
TR-040577,2025-09-14,211.07,227.84967601309782
TR-040578,2025-09-14,1751.84,1796.7592901960136
TR-040579,2025-09-14,2328.71,2369.6552920074696
TR-040580,2025-09-14,2739.57,2592.166303678288
TR-040581,2025-09-14,1036.14,1087.8303168744792
TR-040582,2025-09-14,3452.05,3305.2795933793327
TR-040583,2025-09-14,1072.22,1230.1830957981933
TR-040584,2025-09-14,2411.77,2529.6549503372053
TR-040585,2025-09-14,4941.5,5103.593521557426
TR-040586,2025-09-14,701.85,690.9630732238805
TR-040587,2025-09-14,5079.33,5099.388183054486
TR-040588,2025-09-14,5218.28,5310.59529404101
TR-040589,2025-09-14,4267.23,4464.663761025226
TR-040590,2025-09-14,2904.58,2837.1629511155984
TR-040591,2025-09-14,3822.07,3868.1205030489386
TR-040592,2025-09-14,2365.37,2368.438519643343
TR-040593,2025-09-14,2315.08,2331.197272566367
TR-040594,2025-09-14,1752.86,1770.9139127655928
TR-040595,2025-09-14,3289.09,3306.4396440713435
TR-040596,2025-09-14,733.39,1829.0527637333275
TR-040597,2025-09-14,1354.26,1355.3698285905577
TR-040598,2025-09-14,4223.18,4565.042109268432
TR-040599,2025-09-14,4618.86,4484.765856287232
TR-040600,2025-09-14,4259.02,4459.574552405697
TR-040601,2025-09-14,808.74,3997.402959362964
TR-040602,2025-09-14,1700.06,1780.2602193572775
TR-040603,2025-09-14,2338.34,2190.206245817884
TR-040604,2025-09-14,1653.93,1728.825768242059
TR-040605,2025-09-14,4115.96,4218.2193492356255
TR-040606,2025-09-14,2525.35,2658.7907449927225
TR-040607,2025-09-14,1940.14,2144.137904111262
TR-040608,2025-09-14,3659.54,3732.21546065505
TR-040609,2025-09-14,4550.71,4406.755034011374
TR-040610,2025-09-14,3778.61,3836.4652036360953
TR-040611,2025-09-14,952.32,961.4748204951549
TR-040612,2025-09-14,1914.44,2016.4461957593142
TR-040613,2025-09-14,1088.44,1177.597769027662
TR-040614,2025-09-14,3916.1,3956.883554410664
TR-040615,2025-09-14,1040.95,1036.7535524281252
TR-040616,2025-09-14,1990.67,2171.799395862283
TR-040617,2025-09-14,3698.67,3744.024467233263
TR-040618,2025-09-14,2529.22,2602.731199233305
TR-040619,2025-09-14,885.52,917.8916364646822
TR-040620,2025-09-14,3043.83,943.0668395032229
TR-040621,2025-09-14,439.89,450.94528713804687
TR-040622,2025-09-14,1153.83,1241.572177895833
TR-040623,2025-09-14,3862.55,4075.663741130755
TR-040624,2025-09-14,1890.09,1818.7128136571484
TR-040625,2025-09-14,3674.7,3798.9263804054694
TR-040626,2025-09-14,3075.53,3024.3228727934497
TR-040627,2025-09-14,1911.52,1913.6185348197066
TR-040628,2025-09-14,1647.07,1708.6908289912233
TR-040629,2025-09-14,968.36,973.6956782781476
TR-040630,2025-09-14,2236.91,2251.6812909371415
TR-040631,2025-09-14,1041.14,1079.3805692073063
TR-040632,2025-09-14,2656.72,2610.173083035565
TR-040633,2025-09-14,2750.6,2837.028453930915
TR-040634,2025-09-14,3015.94,3158.0832427217856
TR-040635,2025-09-14,897.94,890.8432794035917
TR-040636,2025-09-14,1535.46,1537.3225302936216
TR-040637,2025-09-14,1274.27,1316.3428463554974
TR-040638,2025-09-14,4485.86,4600.23854903333
TR-040639,2025-09-14,1930.91,2137.8764912132847
TR-040640,2025-09-14,2747.43,2627.605566530615
TR-040641,2025-09-14,2581.86,2624.67404596164
TR-040642,2025-09-14,1999.03,2018.4633805306303
TR-040643,2025-09-14,1856.98,1812.3958544021123
TR-040644,2025-09-14,2806.99,2897.883466466026
TR-040645,2025-09-14,1047.96,1054.3360009870376
TR-040646,2025-09-14,5487.77,5521.576276086462
TR-040647,2025-09-14,1626.23,1604.1716121447732
TR-040648,2025-09-14,2468.53,2591.126403702024
TR-040649,2025-09-14,1359.7,1373.3459379177423
TR-040650,2025-09-14,3944.15,3908.338975928278
TR-040651,2025-09-14,3304.61,3365.7585100441793
TR-040652,2025-09-14,2541.31,2604.556658322886
TR-040653,2025-09-14,1843.13,1979.95492510994
TR-040654,2025-09-14,1357.03,1386.6621829916342
TR-040655,2025-09-14,1492.26,1491.306678813101
TR-040656,2025-09-14,1151.06,1106.6889947184768
TR-040657,2025-09-14,4344.6,4569.759257824428
TR-040658,2025-09-14,1465.86,1539.2261714237532
TR-040659,2025-09-14,1555.76,1535.4062563197597
TR-040660,2025-09-14,1745.31,1798.912634459694
TR-040661,2025-09-14,2401.12,2311.2662714629764
TR-040662,2025-09-14,1536.67,1615.0249942748335
TR-040663,2025-09-14,3211.14,3285.182330803285
TR-040664,2025-09-14,1394.94,1438.1715280975307
TR-040665,2025-09-14,1245.58,1285.1749386575514
TR-040666,2025-09-14,1114.52,1366.9320624474583
TR-040667,2025-09-14,5308.01,5651.1655758256475
TR-040668,2025-09-14,1833.03,1728.677077807102
TR-040669,2025-09-14,758.17,824.7779255776037
TR-040670,2025-09-14,1393.75,1394.5699543242445
TR-040671,2025-09-14,975.82,1058.5027665047646
TR-040672,2025-09-14,2122.92,2218.065231136548
TR-040673,2025-09-14,1493.78,1442.703874171205
TR-040674,2025-09-14,2587.46,2687.9307670811572
TR-040675,2025-09-14,4724.87,4465.557526263343
TR-040676,2025-09-14,1311.04,1426.0960588463288
TR-040677,2025-09-14,1367.4,1418.6178542795096
TR-040678,2025-09-14,803.0,921.1290868787803
TR-040679,2025-09-14,4277.4,1357.8523448764013
TR-040680,2025-09-14,1544.08,1645.8387477416695
TR-040681,2025-09-14,2356.8,2499.6558734047167
TR-040682,2025-09-14,2282.38,2302.664689240874
TR-040683,2025-09-14,868.27,845.3868304399462
TR-040684,2025-09-14,913.85,973.1827161016793
TR-040685,2025-09-14,2142.39,2130.6334132484576
TR-040686,2025-09-14,1683.98,1634.1329410149556
TR-040687,2025-09-14,1978.32,2079.7698985347624
TR-040688,2025-09-14,2480.99,2412.6005336545954
TR-040689,2025-09-14,1663.98,1807.7532431305476
TR-040690,2025-09-14,3141.7,3660.3338674928436
TR-040691,2025-09-14,1228.47,1166.1454558063504
TR-040692,2025-09-14,2088.95,2182.2209340619424
TR-040693,2025-09-14,907.21,951.634300565609
TR-040694,2025-09-14,3541.96,3602.6871836074115
TR-040695,2025-09-14,2273.19,2440.170137855808
TR-040696,2025-09-14,2525.6,2499.383817808575
TR-040697,2025-09-14,3579.73,3698.7809483501624
TR-040698,2025-09-14,5121.15,5066.986866449419
TR-040699,2025-09-14,2075.54,2038.9997628055048
TR-040700,2025-09-14,806.71,744.366611552876
TR-040701,2025-09-14,3211.44,3158.2804482821653
TR-040702,2025-09-14,1020.34,1024.3565123692824
TR-040703,2025-09-14,3341.34,3378.742661158723
TR-040704,2025-09-14,737.54,739.7118125889784
TR-040705,2025-09-14,1223.19,1290.2928831051086
TR-040706,2025-09-14,1566.25,1609.692342709565
TR-040707,2025-09-15,3062.16,3167.164396524263
TR-040708,2025-09-15,3074.81,3164.132906749804
TR-040709,2025-09-15,1431.72,1523.8244201752282
TR-040710,2025-09-15,4563.16,4655.332660260661
TR-040711,2025-09-15,1632.04,1533.9279305307407
TR-040712,2025-09-15,4885.54,5238.138166419509
TR-040713,2025-09-15,948.95,941.6067935902228
TR-040714,2025-09-15,2133.96,2044.2184227567225
TR-040715,2025-09-15,3110.59,3163.48128771294
TR-040716,2025-09-15,1424.34,1473.4933524489409
TR-040717,2025-09-15,2335.22,2386.1370904015766
TR-040718,2025-09-15,1687.24,1862.2404278458803
TR-040719,2025-09-15,1102.46,1024.039209601021
TR-040720,2025-09-15,1299.13,1238.1802419227781
TR-040721,2025-09-15,1324.29,1358.0607395403665
TR-040722,2025-09-15,1738.51,1866.916908021146
TR-040723,2025-09-15,4570.75,4637.000620180751
TR-040724,2025-09-15,3515.75,818.9994641823108
TR-040725,2025-09-15,905.06,920.2230158632455
TR-040726,2025-09-15,3307.65,3582.106236713945
TR-040727,2025-09-15,1573.36,1528.540920688639
TR-040728,2025-09-15,1764.63,1959.1407638971314
TR-040729,2025-09-15,5473.89,5445.560807864269
TR-040730,2025-09-15,4555.22,4419.920636238668
TR-040731,2025-09-15,996.42,962.6283115711294
TR-040732,2025-09-15,2772.19,2740.97632725972
TR-040733,2025-09-15,1627.76,1653.0246183863285
TR-040734,2025-09-15,1814.27,1841.5129864782825
TR-040735,2025-09-15,1211.23,1376.8363597125685
TR-040736,2025-09-15,4400.11,4649.562065310963
TR-040737,2025-09-15,2144.77,2169.967505871314
TR-040738,2025-09-15,3584.65,3579.4213059968183
TR-040739,2025-09-15,4151.1,4295.521253427603
TR-040740,2025-09-15,2467.5,2466.5091756928146
TR-040741,2025-09-15,1050.24,1040.4853796308146
TR-040742,2025-09-15,3094.1,3022.8026473403806
TR-040743,2025-09-15,3206.78,3197.339042893891
TR-040744,2025-09-15,3771.61,3719.5793230432173
TR-040745,2025-09-15,2081.42,2116.983010026707
TR-040746,2025-09-15,968.79,960.2134496546543
TR-040747,2025-09-15,2265.27,2425.5246579914196
TR-040748,2025-09-15,588.75,642.3436808303097
TR-040749,2025-09-15,674.16,666.2217628138856
TR-040750,2025-09-15,4757.28,4964.658601346646
TR-040751,2025-09-15,3565.01,3947.1367238423936
TR-040752,2025-09-15,1017.61,1011.0390453869254
TR-040753,2025-09-15,1132.1,1183.922419317426
TR-040754,2025-09-15,3533.31,3728.3936346461655
TR-040755,2025-09-15,4317.3,5152.361543522409
TR-040756,2025-09-15,1839.49,1819.183693586986
TR-040757,2025-09-15,1720.57,1826.827557603574
TR-040758,2025-09-15,1619.11,1697.1773892269287
TR-040759,2025-09-15,4006.97,3999.276122817546
TR-040760,2025-09-15,3216.59,3225.244639518171
TR-040761,2025-09-15,3617.9,3858.7105560231444
TR-040762,2025-09-15,453.28,480.7568197291106
TR-040763,2025-09-15,1604.51,1682.3888855483847
TR-040764,2025-09-15,2148.4,2143.510653546768
TR-040765,2025-09-15,4688.14,4643.725029756825
TR-040766,2025-09-15,778.24,800.8740170370493
TR-040767,2025-09-15,3409.93,3830.8354360959715
TR-040768,2025-09-15,1767.56,2051.9040361699394
TR-040769,2025-09-15,1947.44,1992.780269534125
TR-040770,2025-09-15,4955.66,4824.275303671884
TR-040771,2025-09-15,1174.63,1221.226606904555
TR-040772,2025-09-15,1172.91,1200.8730219887111
TR-040773,2025-09-15,466.35,474.5954766600805
TR-040774,2025-09-15,5059.98,5011.115586996203
TR-040775,2025-09-15,575.21,2205.813853922817
TR-040776,2025-09-15,2707.48,2684.521665312291
TR-040777,2025-09-15,4476.59,4386.484402822375
TR-040778,2025-09-15,1701.5,1629.29135725656
TR-040779,2025-09-15,3500.96,3489.2774745590355
TR-040780,2025-09-15,1080.4,1136.4385886947657
TR-040781,2025-09-15,1575.85,1636.7679784922118
TR-040782,2025-09-15,1644.06,1739.7586446346058
TR-040783,2025-09-15,2184.53,2208.3871786623054
TR-040784,2025-09-15,3274.66,3136.349572975874
TR-040785,2025-09-15,5052.62,4977.818583092055
TR-040786,2025-09-15,729.28,709.2607608211821
TR-040787,2025-09-15,1347.06,1776.4598623068366
TR-040788,2025-09-15,3080.46,3068.504573511052
TR-040789,2025-09-15,4583.82,5139.285333819433
TR-040790,2025-09-15,3336.87,3597.2494109243953
TR-040791,2025-09-15,2863.65,2929.9521172402788
TR-040792,2025-09-15,1594.5,1615.4760137626051
TR-040793,2025-09-15,1965.05,2060.814543818248
TR-040794,2025-09-15,1069.2,1075.4162743773704
TR-040795,2025-09-15,1050.81,1080.3125368204098
TR-040796,2025-09-15,4330.39,4314.257500079125
TR-040797,2025-09-15,1106.96,1135.5708277482665
TR-040798,2025-09-15,3386.05,3665.3289240232248
TR-040799,2025-09-15,426.34,474.9889353107076
TR-040800,2025-09-15,2665.44,2748.175360905418
TR-040801,2025-09-15,5290.27,5277.417536683888
TR-040802,2025-09-15,2763.04,3052.9860649208185
TR-040803,2025-09-15,1498.19,1565.4492663894855
TR-040804,2025-09-15,823.54,817.4292948798555
TR-040805,2025-09-15,730.98,753.692073013024
TR-040806,2025-09-15,1937.55,2076.246279598403
TR-040807,2025-09-15,3218.12,3384.494148855988
TR-040808,2025-09-15,4622.68,4827.709764714865
TR-040809,2025-09-15,1354.82,1393.2883489342485
TR-040810,2025-09-15,2478.05,2507.583829469635
TR-040811,2025-09-15,2165.51,2755.9014783446023
TR-040812,2025-09-15,1196.67,1299.8013892741378
TR-040813,2025-09-15,2261.1,2390.266873831386
TR-040814,2025-09-15,2689.4,2618.213772543795
TR-040815,2025-09-15,1502.22,1611.0058464942113
TR-040816,2025-09-15,1496.45,1628.988428248727
TR-040817,2025-09-15,2041.42,2018.3324886428557
TR-040818,2025-09-15,4089.63,4124.469905642198
TR-040819,2025-09-15,2015.11,2323.796594712626
TR-040820,2025-09-15,1168.59,1100.60046390727
TR-040821,2025-09-15,1672.92,1732.2358410205554
TR-040822,2025-09-15,2808.09,2793.4073680044794
TR-040823,2025-09-15,2228.44,2375.1917799510516
TR-040824,2025-09-15,3175.28,3250.0641028727973
TR-040825,2025-09-15,1787.88,1930.2325717748654
TR-040826,2025-09-15,5510.91,5489.511171434506
TR-040827,2025-09-15,2671.07,2608.7126662970386
TR-040828,2025-09-15,5392.76,5525.996624793325
TR-040829,2025-09-15,4220.44,4766.968422314764
TR-040830,2025-09-15,1807.31,1894.890214877123
TR-040831,2025-09-15,5682.27,6040.559147922479
TR-040832,2025-09-15,3185.85,3127.103821633514
TR-040833,2025-09-15,4442.45,4387.18266456607
TR-040834,2025-09-15,1233.62,1135.8066722083022
TR-040835,2025-09-15,3073.89,2972.101573235443
TR-040836,2025-09-15,1438.67,1472.0798213984249
TR-040837,2025-09-15,3210.74,3407.0612659296694
TR-040838,2025-09-15,1049.12,1101.290706444908
TR-040839,2025-09-15,4018.01,4126.341541006195
TR-040840,2025-09-15,2835.01,2995.6815360259357
TR-040841,2025-09-15,1053.79,978.8196088880471
TR-040842,2025-09-15,1821.43,1819.3813317725314
TR-040843,2025-09-15,3852.73,3948.680791040651
TR-040844,2025-09-15,6307.27,6346.62257565245
TR-040845,2025-09-15,1980.81,2033.540818442718
TR-040846,2025-09-15,4645.13,4837.518506716663
TR-040847,2025-09-15,2554.83,2669.30677291009
TR-040848,2025-09-15,1737.3,1604.9600712874383
TR-040849,2025-09-15,1166.74,1231.5509220641998
TR-040850,2025-09-15,1267.79,1221.6772109917117
TR-040851,2025-09-16,1378.26,1367.9445554322288
TR-040852,2025-09-16,1223.22,1190.2271680333326
TR-040853,2025-09-16,2233.85,2294.7518046443083
TR-040854,2025-09-16,1088.38,1068.1089343359338
TR-040855,2025-09-16,2085.37,2056.2687951888065
TR-040856,2025-09-16,2338.37,2712.645193719039
TR-040857,2025-09-16,1185.12,1431.7577785078745
TR-040858,2025-09-16,660.71,654.400303399819
TR-040859,2025-09-16,1603.87,1568.8326914872239
TR-040860,2025-09-16,2493.76,2503.076891145673
TR-040861,2025-09-16,2083.09,2209.97927967984
TR-040862,2025-09-16,1877.96,1936.5966503644813
TR-040863,2025-09-16,852.03,891.3603581880151
TR-040864,2025-09-16,4391.11,4382.195922387232
TR-040865,2025-09-16,3037.88,3064.952782211249
TR-040866,2025-09-16,3337.89,3253.756070724179
TR-040867,2025-09-16,960.44,998.1503518089374
TR-040868,2025-09-16,5332.73,5677.897233255054
TR-040869,2025-09-16,3955.24,3927.6044800826107
TR-040870,2025-09-16,1870.61,1787.1182912713628
TR-040871,2025-09-16,2627.08,2742.3519405056536
TR-040872,2025-09-16,2616.44,2706.3239510313747
TR-040873,2025-09-16,988.5,994.0514396154074
TR-040874,2025-09-16,1843.92,5517.709544652587
TR-040875,2025-09-16,4985.71,4929.614598711616
TR-040876,2025-09-16,2443.51,2416.4342926103586
TR-040877,2025-09-16,2458.21,2481.754603504649
TR-040878,2025-09-16,3813.18,3800.8936558905866
TR-040879,2025-09-16,587.21,673.7040894203353
TR-040880,2025-09-16,6980.2,6814.2085149839895
TR-040881,2025-09-16,3176.7,3250.584509772054
TR-040882,2025-09-16,1086.13,1166.7447587333588
TR-040883,2025-09-16,2035.38,1956.008641859052
TR-040884,2025-09-16,2026.62,2045.9035303705407
TR-040885,2025-09-16,1430.78,1586.294802535282
TR-040886,2025-09-16,1601.26,1552.585794127313
TR-040887,2025-09-16,2597.83,2629.816008296189
TR-040888,2025-09-16,1386.56,1388.1203988866043
TR-040889,2025-09-16,809.74,905.0720497289587
TR-040890,2025-09-16,2818.13,3099.204988661169
TR-040891,2025-09-16,3081.78,3078.610301324748
TR-040892,2025-09-16,1810.5,1856.6765719075606
TR-040893,2025-09-16,2019.08,1990.3334574827095
TR-040894,2025-09-16,2736.15,2695.6888514769475
TR-040895,2025-09-16,1601.91,1672.5393017184813
TR-040896,2025-09-16,2369.62,2467.133391414972
TR-040897,2025-09-16,4319.43,4192.337707063647
TR-040898,2025-09-16,3554.88,3553.357248680662
TR-040899,2025-09-16,4623.71,4920.609818947384
TR-040900,2025-09-16,5703.47,5830.3644867518005
TR-040901,2025-09-16,2206.18,2406.9728625697826
TR-040902,2025-09-16,664.52,653.9944214245205
TR-040903,2025-09-16,3668.0,3698.603932400827
TR-040904,2025-09-16,4560.56,5061.515952976013
TR-040905,2025-09-16,5067.55,5428.084589397148
TR-040906,2025-09-16,6054.32,6118.243339623513
TR-040907,2025-09-16,916.15,937.8554727650055
TR-040908,2025-09-16,623.54,598.195805965637
TR-040909,2025-09-16,1477.06,1519.9872872851895
TR-040910,2025-09-16,1290.12,1304.1341072524526
TR-040911,2025-09-16,817.03,838.655632336472
TR-040912,2025-09-16,1886.02,2003.362946037536
TR-040913,2025-09-16,1249.27,1335.3533882401446
TR-040914,2025-09-16,3605.83,3706.3427395521894
TR-040915,2025-09-16,1469.88,1546.3968846695614
TR-040916,2025-09-16,4956.68,5203.608603076145
TR-040917,2025-09-16,1015.05,997.3114472458022
TR-040918,2025-09-16,4170.13,4232.866581121655
TR-040919,2025-09-16,3698.14,3633.875701649145
TR-040920,2025-09-16,5841.12,5989.155273955101
TR-040921,2025-09-16,4325.09,4567.286160465006
TR-040922,2025-09-16,1147.98,1128.8557392641667
TR-040923,2025-09-16,4251.9,4232.045906023025
TR-040924,2025-09-16,2628.86,2557.5382132345567
TR-040925,2025-09-16,4051.53,3976.5220118724433
TR-040926,2025-09-16,3250.67,3196.796080837726
TR-040927,2025-09-16,1253.08,1236.5699326464714
TR-040928,2025-09-16,2238.41,2227.8342413438077
TR-040929,2025-09-16,812.56,837.9815944711248
TR-040930,2025-09-16,1026.3,1049.577107407898
TR-040931,2025-09-16,4680.29,4777.4333437412415
TR-040932,2025-09-16,1793.86,1776.2558607854198
TR-040933,2025-09-16,3078.74,3400.496272575694
TR-040934,2025-09-16,2014.48,2028.2378845018795
TR-040935,2025-09-16,1484.69,1541.9837562277241
TR-040936,2025-09-16,1499.84,1428.479832468984
TR-040937,2025-09-16,2054.88,1995.4215534039342
TR-040938,2025-09-16,1219.92,1262.2953242640162
TR-040939,2025-09-16,1242.48,1297.5629956554787
TR-040940,2025-09-16,1807.11,2008.8462616151548
TR-040941,2025-09-16,1979.33,2021.6175779170244
TR-040942,2025-09-16,667.93,703.8043638453687
TR-040943,2025-09-16,4503.51,4589.896703563368
TR-040944,2025-09-16,3945.11,3746.6385704663257
TR-040945,2025-09-16,1970.18,2015.1273047626755
TR-040946,2025-09-16,1087.27,1078.1926915062757
TR-040947,2025-09-16,1766.67,1607.8246111158398
TR-040948,2025-09-16,1131.77,1139.1374406692646
TR-040949,2025-09-16,1521.6,1538.4912482919588
TR-040950,2025-09-16,3868.91,3808.111901303601
TR-040951,2025-09-16,3185.68,3179.4252428384148
TR-040952,2025-09-16,2638.03,2644.9100116228624
TR-040953,2025-09-16,839.67,823.9496094373179
TR-040954,2025-09-16,2704.71,2699.9139459420253
TR-040955,2025-09-16,1545.62,1549.1655276143338
TR-040956,2025-09-16,1558.53,1561.8938910773888
TR-040957,2025-09-16,3918.17,3990.6477966590132
TR-040958,2025-09-16,2442.86,2497.359306980843
TR-040959,2025-09-16,1982.16,1990.5660871395535
TR-040960,2025-09-16,581.45,604.9180085341594
TR-040961,2025-09-16,2852.03,2899.479807710403
TR-040962,2025-09-16,1279.53,1297.0382671011307
TR-040963,2025-09-16,1367.88,1439.3718251121356
TR-040964,2025-09-16,4170.61,4173.375094018896
TR-040965,2025-09-16,3944.47,4091.580872006363
TR-040966,2025-09-16,1081.8,1130.5690972201385
TR-040967,2025-09-16,2057.08,2068.182621091616
TR-040968,2025-09-16,3174.22,3347.4099566618906
TR-040969,2025-09-16,4067.99,3827.82496686499
TR-040970,2025-09-16,2224.4,2338.6121104738545
TR-040971,2025-09-16,3577.0,3524.982044523292
TR-040972,2025-09-16,2154.7,2365.3599212920103
TR-040973,2025-09-16,2756.57,2759.8104516897947
TR-040974,2025-09-16,4126.92,4099.930506398847
TR-040975,2025-09-16,1659.73,1729.0431531053478
TR-040976,2025-09-16,4080.93,4038.962857724777
TR-040977,2025-09-16,2506.42,2609.3162613754653
TR-040978,2025-09-16,4029.83,4651.0236335483905
TR-040979,2025-09-16,4091.43,4023.581427348101
TR-040980,2025-09-16,4078.58,4268.920394394539
TR-040981,2025-09-16,934.49,932.246742057895
TR-040982,2025-09-16,1789.68,1842.2559605091706
TR-040983,2025-09-16,1687.91,1764.8437140398212
TR-040984,2025-09-16,2134.44,2449.622061319846
TR-040985,2025-09-16,1132.66,1187.4964445495493
TR-040986,2025-09-16,1710.51,1747.292353459637
TR-040987,2025-09-16,3380.14,3366.885026143789
TR-040988,2025-09-17,1617.6,1652.656681819678
TR-040989,2025-09-17,1015.28,960.2109440257352
TR-040990,2025-09-17,4091.01,4499.582840114348
TR-040991,2025-09-17,4336.7,4698.669235259083
TR-040992,2025-09-17,3262.82,3171.808275595324
TR-040993,2025-09-17,4567.4,4698.2573379484775
TR-040994,2025-09-17,1851.07,1795.9464083763316
TR-040995,2025-09-17,2103.06,2123.583152180002
TR-040996,2025-09-17,1839.0,1884.4827705391579
TR-040997,2025-09-17,1397.52,1293.2551622293388
TR-040998,2025-09-17,1369.61,1387.1495579137254
TR-040999,2025-09-17,1714.65,1729.5896191422298
TR-041000,2025-09-17,1536.66,1510.9872518591228
TR-041001,2025-09-17,2021.45,2067.3154705756315
TR-041002,2025-09-17,1509.8,1479.8211426784949
TR-041003,2025-09-17,2165.33,2300.1792568930437
TR-041004,2025-09-17,4566.56,4575.749541840519
TR-041005,2025-09-17,5892.61,6297.5280852481055
TR-041006,2025-09-17,4118.9,4108.374815706501
TR-041007,2025-09-17,700.67,727.7755508667549
TR-041008,2025-09-17,4223.34,4188.369602282607
TR-041009,2025-09-17,4943.1,4719.103108127453
TR-041010,2025-09-17,899.51,899.6062247442013
TR-041011,2025-09-17,1973.28,1893.5001059495278
TR-041012,2025-09-17,1165.59,1111.8826740428112
TR-041013,2025-09-17,1631.56,1694.8420495696555
TR-041014,2025-09-17,2502.95,2499.927230542895
TR-041015,2025-09-17,1476.1,1425.4191798596933
TR-041016,2025-09-17,2313.33,2328.249133712452
TR-041017,2025-09-17,3052.05,3143.2384888393176
TR-041018,2025-09-17,2829.57,2799.5610817765505
TR-041019,2025-09-17,3938.37,3830.5660773656814
TR-041020,2025-09-17,3648.58,3529.721070099553
TR-041021,2025-09-17,1466.6,1442.8411142134128
TR-041022,2025-09-17,273.37,319.42103147182877
TR-041023,2025-09-17,3112.83,3459.1553391918046
TR-041024,2025-09-17,2276.42,2310.7696928975856
TR-041025,2025-09-17,729.36,740.7743369658825
TR-041026,2025-09-17,2104.11,2049.42936799646
TR-041027,2025-09-17,990.67,980.46921529721
TR-041028,2025-09-17,1197.94,1215.1416916213248
TR-041029,2025-09-17,1389.62,1388.5106366587695
TR-041030,2025-09-17,1335.13,1349.9920735883793
TR-041031,2025-09-17,2728.59,2776.8522146656614
TR-041032,2025-09-17,573.51,582.2009597290918
TR-041033,2025-09-17,4659.3,4411.185966137666
TR-041034,2025-09-17,988.26,991.3927576768295
TR-041035,2025-09-17,2937.59,2877.666152035989
TR-041036,2025-09-17,714.33,750.8599657175778
TR-041037,2025-09-17,4631.81,4664.6335664968465
TR-041038,2025-09-17,1360.34,1375.0870446536508
TR-041039,2025-09-17,1229.15,1199.732085470916
TR-041040,2025-09-17,2138.99,2113.2873920685006
TR-041041,2025-09-17,3600.79,3831.4653279963354
TR-041042,2025-09-17,1162.72,1149.7255573724685
TR-041043,2025-09-17,3135.32,3144.204206156413
TR-041044,2025-09-17,2066.78,2305.8798083469815
TR-041045,2025-09-17,3598.79,3617.3743151519952
TR-041046,2025-09-17,3908.44,3754.2857188502335
TR-041047,2025-09-17,1846.47,1871.3658795259669
TR-041048,2025-09-17,4706.92,4679.449561458808
TR-041049,2025-09-17,814.08,799.3017653535783
TR-041050,2025-09-17,880.59,945.0624787365168
TR-041051,2025-09-17,5846.36,5808.705865528744
TR-041052,2025-09-17,1720.64,1704.0641630403306
TR-041053,2025-09-17,3312.66,3258.6184291830305
TR-041054,2025-09-17,3690.6,3674.4614509201406
TR-041055,2025-09-17,1488.08,1569.1143937699396
TR-041056,2025-09-17,3655.47,3371.3339297752464
TR-041057,2025-09-17,4523.32,4306.089898939739
TR-041058,2025-09-17,3177.01,3101.3837498992493
TR-041059,2025-09-17,5112.3,4869.925276481189
TR-041060,2025-09-17,1371.31,1428.037874491228
TR-041061,2025-09-17,6357.66,6278.7803618547005
TR-041062,2025-09-17,4269.7,4309.733535393286
TR-041063,2025-09-17,3970.47,3825.2180995692706
TR-041064,2025-09-17,452.28,452.25876251193773
TR-041065,2025-09-17,959.77,970.9910481605599
TR-041066,2025-09-17,2751.84,2809.0904060649764
TR-041067,2025-09-17,911.83,927.5884686546959
TR-041068,2025-09-17,1119.2,1188.3319342692737
TR-041069,2025-09-17,1404.58,1384.1540720389885
TR-041070,2025-09-17,1388.78,1382.8375121941276
TR-041071,2025-09-17,1679.9,1669.5832170556168
TR-041072,2025-09-17,2806.83,2705.035531989435
TR-041073,2025-09-17,960.78,1013.7443359694238
TR-041074,2025-09-17,1470.55,1454.1132650302152
TR-041075,2025-09-17,4412.66,4311.245956654672
TR-041076,2025-09-17,1701.66,1806.1785321308662
TR-041077,2025-09-17,3611.76,3916.551216202386
TR-041078,2025-09-17,1248.13,1200.3339209536557
TR-041079,2025-09-17,2579.63,3079.6637723791014
TR-041080,2025-09-17,2995.71,3085.3963410168744
TR-041081,2025-09-17,5378.9,5581.370909871458
TR-041082,2025-09-17,1445.94,1363.329700475131
TR-041083,2025-09-17,2932.57,2715.2600995712364
TR-041084,2025-09-17,2622.63,2617.910371780024
TR-041085,2025-09-17,1931.11,1912.1190294343878
TR-041086,2025-09-17,1278.61,1305.1189778181317
TR-041087,2025-09-17,2749.07,2816.436792974719
TR-041088,2025-09-17,3878.08,3827.3330481492208
TR-041089,2025-09-17,3848.82,838.0647351631176
TR-041090,2025-09-17,1368.56,1652.2941194561681
TR-041091,2025-09-17,1073.49,1120.8915582638233
TR-041092,2025-09-17,814.99,774.5304706625502
TR-041093,2025-09-17,3588.73,4241.146320743967
TR-041094,2025-09-17,2577.91,2599.893563413564
TR-041095,2025-09-17,4132.31,4278.182284597348
TR-041096,2025-09-17,2885.53,2898.158943425987
TR-041097,2025-09-17,5317.19,5262.557747979164
TR-041098,2025-09-17,791.36,758.7870588583481
TR-041099,2025-09-17,2796.78,2870.24742550563
TR-041100,2025-09-17,1162.66,1168.376673440042
TR-041101,2025-09-17,2826.87,2732.244339683731
TR-041102,2025-09-17,2943.01,3076.2651898962695
TR-041103,2025-09-17,1914.6,1781.007563828526
TR-041104,2025-09-17,2533.96,2493.4988163558114
TR-041105,2025-09-17,5358.59,5215.086582378411
TR-041106,2025-09-17,1338.09,1343.3460289170137
TR-041107,2025-09-17,414.0,422.15294060207793
TR-041108,2025-09-17,3889.04,3759.1782873754155
TR-041109,2025-09-17,316.38,358.1993093159732
TR-041110,2025-09-17,1317.55,1268.8571358584702
TR-041111,2025-09-17,999.43,1021.9376118759103
TR-041112,2025-09-17,2000.33,1897.993003362967
TR-041113,2025-09-17,1650.1,1678.8257610810417
TR-041114,2025-09-17,5395.2,5532.19957363014
TR-041115,2025-09-17,2252.16,2210.7563137259635
TR-041116,2025-09-17,624.09,651.1794910472214
TR-041117,2025-09-17,2935.57,3143.7179170097565
TR-041118,2025-09-17,3551.15,3426.7112206490538
TR-041119,2025-09-17,918.41,865.3185154427599
TR-041120,2025-09-17,5576.86,5434.609419052991
TR-041121,2025-09-17,3261.98,3363.173851300251
TR-041122,2025-09-17,992.4,946.6916185494057
TR-041123,2025-09-17,2275.66,2214.143983848081
TR-041124,2025-09-17,1031.93,1217.4876006042105
TR-041125,2025-09-17,2383.15,2320.1237365243755
TR-041126,2025-09-17,3999.28,4177.642240541065
TR-041127,2025-09-17,796.55,739.4361771849406
TR-041128,2025-09-17,5227.72,5079.914068615807
TR-041129,2025-09-17,3322.27,3862.0837326738765
TR-041130,2025-09-17,1805.75,1804.851094350528
TR-041131,2025-09-17,897.02,904.1191030572587
TR-041132,2025-09-17,5307.92,5212.02714733664
TR-041133,2025-09-17,1599.52,1632.7117641775953
TR-041134,2025-09-17,1503.91,1613.3226299318562
TR-041135,2025-09-17,2470.32,2410.24556372847
TR-041136,2025-09-17,837.75,856.8346422763428
TR-041137,2025-09-17,1786.6,1746.7100892052001
TR-041138,2025-09-17,4381.32,4305.567902334864
TR-041139,2025-09-18,1182.12,1196.2956184750979
TR-041140,2025-09-18,1790.79,1851.0039721989333
TR-041141,2025-09-18,2372.58,2365.1931823859177
TR-041142,2025-09-18,1245.98,1222.426099368836
TR-041143,2025-09-18,2246.24,2233.632624639069
TR-041144,2025-09-18,980.22,992.747469122778
TR-041145,2025-09-18,859.17,865.3291905737394
TR-041146,2025-09-18,3153.62,3143.0812917374215
TR-041147,2025-09-18,1933.02,2035.2199215448009
TR-041148,2025-09-18,5495.7,5380.361046453409
TR-041149,2025-09-18,436.95,472.09161645640813
TR-041150,2025-09-18,2059.06,1964.8401619525878
TR-041151,2025-09-18,3435.44,3400.3835804871874
TR-041152,2025-09-18,2781.29,2866.3572160330914
TR-041153,2025-09-18,1843.05,2064.205177627298
TR-041154,2025-09-18,1946.98,1982.7121904333017
TR-041155,2025-09-18,2332.46,2349.407121603166
TR-041156,2025-09-18,5695.78,5542.056038953089
TR-041157,2025-09-18,2032.48,2046.4130710302736
TR-041158,2025-09-18,3604.9,3363.990743132053
TR-041159,2025-09-18,5154.0,5106.100021590995
TR-041160,2025-09-18,1341.43,1349.7597958798103
TR-041161,2025-09-18,836.33,865.6516617165653
TR-041162,2025-09-18,3815.87,3713.887610667688
TR-041163,2025-09-18,885.17,2231.180825728948
TR-041164,2025-09-18,4030.69,3845.9251461513295
TR-041165,2025-09-18,2164.8,2185.425880787265
TR-041166,2025-09-18,1115.02,1118.1983944428844
TR-041167,2025-09-18,3388.51,3321.834093820861
TR-041168,2025-09-18,3529.08,3620.10128668776
TR-041169,2025-09-18,3266.65,3252.1142937333602
TR-041170,2025-09-18,2045.91,1944.4182385668566
TR-041171,2025-09-18,1042.37,1019.7116187373816
TR-041172,2025-09-18,1264.25,1243.2008176037184
TR-041173,2025-09-18,3029.19,3119.8725488625983
TR-041174,2025-09-18,1065.43,978.9649739839213
TR-041175,2025-09-18,1037.51,1141.924449554458
TR-041176,2025-09-18,2417.3,2401.538452826423
TR-041177,2025-09-18,4019.3,3983.071577762182
TR-041178,2025-09-18,2703.52,2669.79358113431
TR-041179,2025-09-18,1567.93,1522.2799885698657
TR-041180,2025-09-18,1649.02,1591.2638342732002
TR-041181,2025-09-18,5797.14,5625.084159843404
TR-041182,2025-09-18,2220.74,2181.2700446492804
TR-041183,2025-09-18,1321.15,1264.3447934618446
TR-041184,2025-09-18,1567.88,1641.4168494326525
TR-041185,2025-09-18,5298.62,5166.900947416976
TR-041186,2025-09-18,4547.86,4294.454844786363
TR-041187,2025-09-18,885.3,895.3510070252628
TR-041188,2025-09-18,5223.67,5183.832821437032
TR-041189,2025-09-18,1986.74,1942.039429852867
TR-041190,2025-09-18,1416.04,1389.2977159807429
TR-041191,2025-09-18,2259.09,2242.7977465338467
TR-041192,2025-09-18,3119.9,3101.0116939358268
TR-041193,2025-09-18,2612.11,2553.6940091464453
TR-041194,2025-09-18,1167.77,1108.5662422621813
TR-041195,2025-09-18,2337.65,2172.0603717591766
TR-041196,2025-09-18,4868.18,5108.1214647309125
TR-041197,2025-09-18,3972.67,3849.653408145232
TR-041198,2025-09-18,4109.95,4008.874552465813
TR-041199,2025-09-18,1958.31,1965.726029175258
TR-041200,2025-09-18,2130.39,2223.628999168748
TR-041201,2025-09-18,1788.14,1820.1404932134665
TR-041202,2025-09-18,2137.06,2031.6883907087843
TR-041203,2025-09-18,3595.28,3516.1201794645895
TR-041204,2025-09-18,2314.91,2295.1882645838637
TR-041205,2025-09-18,3538.35,3532.679930322913
TR-041206,2025-09-18,3771.62,3745.0427890274527
TR-041207,2025-09-18,564.55,580.3713454419952
TR-041208,2025-09-18,3055.45,3027.627888976977
TR-041209,2025-09-18,6586.76,6521.484253124186
TR-041210,2025-09-18,1752.61,1645.0469748328132
TR-041211,2025-09-18,2056.74,2091.0327364613067
TR-041212,2025-09-18,1099.58,1070.8120065957423
TR-041213,2025-09-18,2031.94,2011.869372935981
TR-041214,2025-09-18,4129.46,4205.573353426291
TR-041215,2025-09-18,4083.22,3855.5284659778745
TR-041216,2025-09-18,1344.15,1359.502900725319
TR-041217,2025-09-18,1770.17,1813.3100487227366
TR-041218,2025-09-18,1027.87,1034.7017921787158
TR-041219,2025-09-18,1771.04,1677.60239337627
TR-041220,2025-09-18,478.02,548.5487962414273
TR-041221,2025-09-18,2240.88,2412.541932046316
TR-041222,2025-09-18,4419.92,4546.604877598041
TR-041223,2025-09-18,929.25,948.1318993717844
TR-041224,2025-09-18,3628.7,3509.66979957186
TR-041225,2025-09-18,2265.66,2144.5497292458776
TR-041226,2025-09-18,1740.58,1853.002480431769
TR-041227,2025-09-18,1650.49,1750.8588950885405
TR-041228,2025-09-18,4786.14,4916.020562576459
TR-041229,2025-09-18,1915.64,1913.9609858796455
TR-041230,2025-09-18,2864.86,3118.47467061292
TR-041231,2025-09-18,2342.44,2292.291399443157
TR-041232,2025-09-18,987.48,946.9066866392095
TR-041233,2025-09-18,2390.47,2439.7420625679943
TR-041234,2025-09-18,5812.57,5796.399197389919
TR-041235,2025-09-18,1047.42,1036.2348798028752
TR-041236,2025-09-18,5446.12,5335.755685752701
TR-041237,2025-09-18,800.45,823.7926847467675
TR-041238,2025-09-18,995.21,1000.7496012043675
TR-041239,2025-09-18,2915.4,2916.859136168547
TR-041240,2025-09-18,2328.57,2817.409617012165
TR-041241,2025-09-18,2995.54,3323.1455516181472
TR-041242,2025-09-18,4914.73,5178.610538614041
TR-041243,2025-09-18,3696.63,3697.09834859046
TR-041244,2025-09-18,4894.62,4729.938012241205
TR-041245,2025-09-18,2822.47,2821.454688990317
TR-041246,2025-09-18,966.91,996.987669543731
TR-041247,2025-09-18,2294.9,2294.0441605101933
TR-041248,2025-09-18,1917.68,1873.5382796537224
TR-041249,2025-09-18,1337.6,1264.8489944083385
TR-041250,2025-09-18,3669.73,3765.09632690508
TR-041251,2025-09-18,2518.18,2421.8075192276156
TR-041252,2025-09-18,1315.02,1334.8740290350847
TR-041253,2025-09-18,1542.34,1621.0445673837219
TR-041254,2025-09-18,1246.18,1280.9858854544123
TR-041255,2025-09-18,599.39,620.6461071503157
TR-041256,2025-09-18,4103.83,3819.378200383312
TR-041257,2025-09-18,2050.57,1964.7047021181386
TR-041258,2025-09-18,2133.38,2125.731274464877
TR-041259,2025-09-18,4187.8,4027.93748701093
TR-041260,2025-09-18,3405.96,3360.033035069768
TR-041261,2025-09-18,966.93,994.2229261294261
TR-041262,2025-09-18,683.55,665.5655456503501
TR-041263,2025-09-18,3083.47,3004.8073634640973
TR-041264,2025-09-18,2349.97,2371.019445410829
TR-041265,2025-09-18,1089.72,1145.4402546254003
TR-041266,2025-09-18,1388.56,1400.086830587327
TR-041267,2025-09-18,1096.12,1071.53840699818
TR-041268,2025-09-18,386.27,371.15748590290605
TR-041269,2025-09-18,1155.18,1142.0870308213102
TR-041270,2025-09-18,535.96,525.0590447131382
TR-041271,2025-09-18,2817.62,2740.5963260727185
TR-041272,2025-09-18,1850.05,1796.4662776900282
TR-041273,2025-09-18,4899.37,4960.568017259087
TR-041274,2025-09-18,2715.31,2510.649937746469
TR-041275,2025-09-18,757.99,734.9367136572084
TR-041276,2025-09-18,1657.2,1603.2437657496253
TR-041277,2025-09-18,1187.35,1202.9840355864676
TR-041278,2025-09-18,657.12,724.8550662087819
TR-041279,2025-09-18,1626.15,1564.593418094704
TR-041280,2025-09-18,1558.19,1468.695476147425
TR-041281,2025-09-18,1344.39,1334.1688802449428
TR-041282,2025-09-18,897.6,928.3968704644573
TR-041283,2025-09-18,1636.88,1645.6335897880099
TR-041284,2025-09-18,1756.73,1625.208765889038
TR-041285,2025-09-18,3063.44,3226.6326246097588
TR-041286,2025-09-18,816.57,798.9500387701881
TR-041287,2025-09-18,1765.83,1838.6677397507829
TR-041288,2025-09-18,5166.2,5063.629088403764
TR-041289,2025-09-18,2083.43,2128.9026066939027
TR-041290,2025-09-18,4607.16,4621.687328976864
TR-041291,2025-09-18,779.84,772.2740374687793
TR-041292,2025-09-18,836.28,833.2871021201762
TR-041293,2025-09-18,3176.84,3245.875606303644
TR-041294,2025-09-18,495.46,473.348600641444
TR-041295,2025-09-18,4347.36,4228.420006129839
TR-041296,2025-09-18,4178.51,4013.8693272060787
TR-041297,2025-09-18,3006.37,3000.661046749886
TR-041298,2025-09-18,4053.08,4184.090216015821
TR-041299,2025-09-18,1607.34,2216.189664802212
TR-041300,2025-09-18,1949.7,1904.2946853222977
TR-041301,2025-09-18,3802.99,3945.074072538205
TR-041302,2025-09-18,1483.86,1605.402896014818
TR-041303,2025-09-18,2759.78,2673.968243638796
TR-041304,2025-09-18,1445.84,1485.2881032061691
TR-041305,2025-09-18,1615.1,1631.3332713700865
TR-041306,2025-09-18,2584.15,2815.53717765522
TR-041307,2025-09-18,405.1,1840.6976906294822
TR-041308,2025-09-18,3412.56,3422.003852691777
TR-041309,2025-09-18,4087.21,4014.9400130801414
TR-041310,2025-09-18,3359.31,3211.2313502739353
TR-041311,2025-09-18,2325.78,2326.9485393997275
TR-041312,2025-09-18,2730.21,2675.7238266304803
TR-041313,2025-09-19,826.67,840.7863582451191
TR-041314,2025-09-19,1962.07,1869.341148241596
TR-041315,2025-09-19,1166.63,1038.4924633686715
TR-041316,2025-09-19,2564.42,2563.0701723490674
TR-041317,2025-09-19,600.81,610.4891401638016
TR-041318,2025-09-19,4014.66,4081.6730240604234
TR-041319,2025-09-19,4738.37,4703.271911969092
TR-041320,2025-09-19,2092.82,2340.814922979764
TR-041321,2025-09-19,3163.26,3081.6253901391406
TR-041322,2025-09-19,2019.13,2094.638346964962
TR-041323,2025-09-19,2802.25,2771.0384996268635
TR-041324,2025-09-19,2066.97,2051.341312707767
TR-041325,2025-09-19,4590.43,4625.098630612017
TR-041326,2025-09-19,3670.77,3400.9480621969547
TR-041327,2025-09-19,4250.42,4298.16452292581
TR-041328,2025-09-19,572.29,578.7767117004599
TR-041329,2025-09-19,3894.84,3915.594515882873
TR-041330,2025-09-19,1665.41,1780.4579215911542
TR-041331,2025-09-19,1549.99,1581.2314505529616
TR-041332,2025-09-19,373.8,367.0078903713764
TR-041333,2025-09-19,249.46,246.1653628034733
TR-041334,2025-09-19,1841.98,1792.0099320742604
TR-041335,2025-09-19,2160.19,2090.802821241458
TR-041336,2025-09-19,4847.31,5086.357890686189
TR-041337,2025-09-19,5106.42,5084.562167418874
TR-041338,2025-09-19,2911.96,2759.551609113817
TR-041339,2025-09-19,1809.62,1820.9049645346734
TR-041340,2025-09-19,2273.21,2270.5358384742285
TR-041341,2025-09-19,2039.79,1917.4402970222197
TR-041342,2025-09-19,4417.79,4522.034933910866
TR-041343,2025-09-19,2867.1,3358.553192148873
TR-041344,2025-09-19,3683.21,3560.1188274440005
TR-041345,2025-09-19,3549.61,3391.138031121747
TR-041346,2025-09-19,469.54,490.4065385019096
TR-041347,2025-09-19,1551.3,1660.1969992393128
TR-041348,2025-09-19,2382.54,2400.325810797393
TR-041349,2025-09-19,4489.53,5230.667274969019
TR-041350,2025-09-19,3701.37,3836.6499498198514
TR-041351,2025-09-19,717.35,723.7462730394878
TR-041352,2025-09-19,918.88,910.1469425684479
TR-041353,2025-09-19,2313.34,2423.1915744478547
TR-041354,2025-09-19,3012.74,2989.4937415805757
TR-041355,2025-09-19,5178.86,5035.986505701565
TR-041356,2025-09-19,1862.86,1840.9674428652809
TR-041357,2025-09-19,3962.57,3928.920247895395
TR-041358,2025-09-19,348.25,380.6792728973124
TR-041359,2025-09-19,2798.54,2708.3478481159073
TR-041360,2025-09-19,2912.78,2955.3716001181965
TR-041361,2025-09-19,4193.39,4094.6549810574174
TR-041362,2025-09-19,2333.95,2268.535573189794
TR-041363,2025-09-19,545.4,543.0289756415307
TR-041364,2025-09-19,1823.61,1910.4422037688678
TR-041365,2025-09-19,1131.31,1033.9184618495922
TR-041366,2025-09-19,880.09,879.8816761013518
TR-041367,2025-09-19,2446.13,2489.846882031786
TR-041368,2025-09-19,432.04,2083.574819177145
TR-041369,2025-09-19,2825.22,2901.0602394377793
TR-041370,2025-09-19,1526.78,1502.6093889723961
TR-041371,2025-09-19,1058.42,1051.5892799009223
TR-041372,2025-09-19,1601.24,1514.8611662821697
TR-041373,2025-09-19,3788.58,3631.2491453961825
TR-041374,2025-09-19,1235.15,1228.065192106256
TR-041375,2025-09-19,2413.33,2367.423812488205
TR-041376,2025-09-19,2272.44,2337.563261005609
TR-041377,2025-09-19,1969.29,1920.747539937159
TR-041378,2025-09-19,3317.48,3333.2743990589547
TR-041379,2025-09-19,1566.34,1524.5121846502861
TR-041380,2025-09-19,1111.1,1080.4296109207157
TR-041381,2025-09-19,2600.02,2651.2126102313473
TR-041382,2025-09-19,1354.98,1328.0926830128253
TR-041383,2025-09-19,897.45,887.3581845462239
TR-041384,2025-09-19,3963.16,4096.733984389765
TR-041385,2025-09-19,2136.16,2105.756001696484
TR-041386,2025-09-19,4859.45,5351.931790011016
TR-041387,2025-09-19,4167.22,4146.522825952017
TR-041388,2025-09-19,4020.92,3908.785475083193
TR-041389,2025-09-19,3264.88,3254.4577285055107
TR-041390,2025-09-19,3581.05,3468.915626958899
TR-041391,2025-09-19,2090.09,2136.566694434438
TR-041392,2025-09-19,1915.77,1935.243868660766
TR-041393,2025-09-19,1493.8,1656.4865818136955
TR-041394,2025-09-19,5809.72,5723.352254127149
TR-041395,2025-09-19,1860.36,2125.294362664951
TR-041396,2025-09-19,718.21,753.1948525851512
TR-041397,2025-09-19,3752.22,3724.494872036434
TR-041398,2025-09-19,1009.11,946.1488770632393
TR-041399,2025-09-19,1688.02,1631.1060175562338
TR-041400,2025-09-19,675.49,739.5125833424476
TR-041401,2025-09-19,1092.65,1042.1529142595034
TR-041402,2025-09-19,2445.31,2395.383313636614
TR-041403,2025-09-19,1575.86,1673.1573747842278
TR-041404,2025-09-19,1942.8,1961.335579184601
TR-041405,2025-09-19,1490.24,1502.972532332412
TR-041406,2025-09-19,1823.67,1889.36396756162
TR-041407,2025-09-19,3149.95,3162.6481314653447
TR-041408,2025-09-19,3684.7,3984.421729043144
TR-041409,2025-09-19,1149.42,1045.2096648033273
TR-041410,2025-09-19,1057.51,997.0016168094194
TR-041411,2025-09-19,1108.17,1179.2811249794051
TR-041412,2025-09-19,4413.86,4223.072572496836
TR-041413,2025-09-19,7000.31,6861.547529618484
TR-041414,2025-09-19,729.0,777.6539016579081
TR-041415,2025-09-19,697.25,740.1012426282704
TR-041416,2025-09-19,1732.79,1720.2148875866876
TR-041417,2025-09-19,699.16,672.8144006387146
TR-041418,2025-09-19,1024.61,1137.8993648391881
TR-041419,2025-09-19,984.87,897.4432333875028
TR-041420,2025-09-19,1120.14,1194.2093399346977
TR-041421,2025-09-19,5513.01,5265.550647664715
TR-041422,2025-09-19,1698.83,1632.2518324731693
TR-041423,2025-09-19,2098.69,2077.101216999718
TR-041424,2025-09-19,511.87,540.0737820574279
TR-041425,2025-09-19,5677.76,5548.568488702239
TR-041426,2025-09-19,3838.77,3965.033315425187
TR-041427,2025-09-19,1919.67,1833.8113869230763
TR-041428,2025-09-19,1724.82,1736.1190656534695
TR-041429,2025-09-19,1478.5,1385.6824301835775
TR-041430,2025-09-19,1751.33,1683.1543309414171
TR-041431,2025-09-19,1599.26,1574.639716558958
TR-041432,2025-09-19,2598.59,2541.395184359242
TR-041433,2025-09-19,4609.65,4396.390640340312
TR-041434,2025-09-19,2637.5,2532.198249970257
TR-041435,2025-09-19,1583.02,1550.359645128447
TR-041436,2025-09-19,1166.33,1182.2487021808786
TR-041437,2025-09-19,2423.32,2443.604559352779
TR-041438,2025-09-19,1411.33,1404.2894206938
TR-041439,2025-09-19,1983.08,1995.918590862817
TR-041440,2025-09-19,829.31,836.8320529208862
TR-041441,2025-09-19,2031.65,1954.0596168472828
TR-041442,2025-09-19,2710.77,2680.703936072391
TR-041443,2025-09-19,3526.7,3662.3489075708453
TR-041444,2025-09-19,5785.57,6433.596840066405
TR-041445,2025-09-19,3976.16,4215.1703241344885
TR-041446,2025-09-19,3382.24,3395.3856042236175
TR-041447,2025-09-19,1870.14,1750.229869421561
TR-041448,2025-09-19,3800.07,3902.019116877215
TR-041449,2025-09-19,3178.92,3108.0210881756807
TR-041450,2025-09-19,1772.42,1720.0618207543885
TR-041451,2025-09-19,4268.29,4570.11844204373
TR-041452,2025-09-19,1085.89,1177.925253374275
TR-041453,2025-09-19,1067.12,1072.4914648188856
TR-041454,2025-09-19,5532.01,5498.486229215544
TR-041455,2025-09-19,1267.47,1290.8888942055269
TR-041456,2025-09-19,1977.83,1995.3586542361784
TR-041457,2025-09-19,1514.56,1646.950779013486
TR-041458,2025-09-19,2563.44,2618.9478719887493
TR-041459,2025-09-19,2244.2,2339.4782576117655
TR-041460,2025-09-19,2281.98,2247.3793156211964
TR-041461,2025-09-19,2464.37,2480.002447622061
TR-041462,2025-09-19,1251.18,1284.0033220988296
TR-041463,2025-09-19,701.83,731.6313070497712
TR-041464,2025-09-19,3911.62,3973.862006885477
TR-041465,2025-09-19,4489.47,4574.90623490677
TR-041466,2025-09-19,1779.73,1828.6411603055158
TR-041467,2025-09-19,1137.37,1161.5724404041969
TR-041468,2025-09-19,2618.81,2458.524133014637
TR-041469,2025-09-20,2777.97,2967.3710838986067
TR-041470,2025-09-20,2051.76,2077.7869743907945
TR-041471,2025-09-20,1148.22,1062.6745660043562
TR-041472,2025-09-20,681.23,678.2249934331098
TR-041473,2025-09-20,817.29,749.30702734045
TR-041474,2025-09-20,858.27,867.3178340641471
TR-041475,2025-09-20,4472.14,4496.333799886504
TR-041476,2025-09-20,4102.92,4125.406266489188
TR-041477,2025-09-20,4114.55,3991.071214241151
TR-041478,2025-09-20,1498.39,1464.039868175276
TR-041479,2025-09-20,3486.22,3521.407173204207
TR-041480,2025-09-20,1031.05,1051.1765596211605
TR-041481,2025-09-20,1002.51,1082.9328293503352
TR-041482,2025-09-20,1263.21,1202.5022522192996
TR-041483,2025-09-20,4619.3,4563.289263026225
TR-041484,2025-09-20,2077.27,2034.0509690176893
TR-041485,2025-09-20,372.53,375.40416844010105
TR-041486,2025-09-20,1368.72,1433.7969387368184
TR-041487,2025-09-20,679.95,706.8574405024495
TR-041488,2025-09-20,3736.98,3787.789855777264
TR-041489,2025-09-20,2482.7,2452.844420031409
TR-041490,2025-09-20,4011.6,3749.8664516830127
TR-041491,2025-09-20,4622.88,4637.695865295854
TR-041492,2025-09-20,2288.84,2280.9885418485464
TR-041493,2025-09-20,3411.6,3420.6291487408253
TR-041494,2025-09-20,2104.46,2101.0777270435046
TR-041495,2025-09-20,2144.77,2151.2467463203006
TR-041496,2025-09-20,2243.52,2441.8352298691616
TR-041497,2025-09-20,1998.89,1942.5148616415224
TR-041498,2025-09-20,2219.93,2219.290461290823
TR-041499,2025-09-20,335.52,346.4069712277175
TR-041500,2025-09-20,901.1,875.0446749662674
TR-041501,2025-09-20,3012.21,3177.730788445189
TR-041502,2025-09-20,1533.17,1533.0809218540849
TR-041503,2025-09-20,2146.22,2134.5743602980824
TR-041504,2025-09-20,1102.28,1141.2212560312691
TR-041505,2025-09-20,3257.94,3287.3292434780756
TR-041506,2025-09-20,1699.99,1696.51027748853
TR-041507,2025-09-20,5653.85,5818.99767810361
TR-041508,2025-09-20,1920.07,1948.781665780705
TR-041509,2025-09-20,881.72,872.3010977252828
TR-041510,2025-09-20,2604.3,2583.710677350334
TR-041511,2025-09-20,2758.91,2747.6796514809243
TR-041512,2025-09-20,3721.12,3756.5151918356783
TR-041513,2025-09-20,2035.36,2239.0383681071357
TR-041514,2025-09-20,2146.79,2288.0370280833267
TR-041515,2025-09-20,2458.05,2365.933626546369
TR-041516,2025-09-20,4252.72,4042.509057777892
TR-041517,2025-09-20,3005.24,2928.560196178992
TR-041518,2025-09-20,2602.63,2605.5990479691895
TR-041519,2025-09-20,4747.91,4626.198949149063
TR-041520,2025-09-20,3161.48,3215.4216722740075
TR-041521,2025-09-20,5262.91,5321.96063253674
TR-041522,2025-09-20,1980.51,2082.978247159571
TR-041523,2025-09-20,2463.93,2413.0887124248297
TR-041524,2025-09-20,663.18,725.5288661160101
TR-041525,2025-09-20,4674.14,4764.860475685186
TR-041526,2025-09-20,1870.42,1830.05345782755
TR-041527,2025-09-20,1270.66,1230.6141783193627
TR-041528,2025-09-20,1553.72,1690.9501368570825
TR-041529,2025-09-20,2021.6,2005.2365082690355
TR-041530,2025-09-20,953.96,936.1781687875804
TR-041531,2025-09-20,2195.35,2161.3267131478183
TR-041532,2025-09-20,272.91,264.33284936224106
TR-041533,2025-09-20,685.08,821.3574028473097
TR-041534,2025-09-20,3415.45,3333.1227356715563
TR-041535,2025-09-20,1154.58,1165.447721931105
TR-041536,2025-09-20,665.35,714.1635834667801
TR-041537,2025-09-20,1411.62,1344.5055622892519
TR-041538,2025-09-20,1934.67,1918.7577705430851
TR-041539,2025-09-20,1361.74,1396.6124878517876
TR-041540,2025-09-20,2654.53,2700.8991044492973
TR-041541,2025-09-20,1578.66,1472.4317640503593
TR-041542,2025-09-20,3639.45,3785.6370999597434
TR-041543,2025-09-20,2152.21,2186.572286363993
TR-041544,2025-09-20,660.37,664.2213094910791
TR-041545,2025-09-20,3689.68,3601.2811527090503
TR-041546,2025-09-20,647.45,666.8030840253213
TR-041547,2025-09-20,2708.57,2531.7256861960886
TR-041548,2025-09-20,1321.9,1276.7844348955132
TR-041549,2025-09-20,1267.57,1180.2759126957185
TR-041550,2025-09-20,1007.21,1037.6487410428915
TR-041551,2025-09-20,1218.31,1193.0146716472643
TR-041552,2025-09-20,4250.94,4295.000998332331
TR-041553,2025-09-20,766.56,751.9916956643441
TR-041554,2025-09-20,1085.7,1181.2389898000674
TR-041555,2025-09-20,4321.42,4826.8415552994675
TR-041556,2025-09-20,2205.52,2172.4734178589724
TR-041557,2025-09-20,594.54,586.4455439655062
TR-041558,2025-09-20,2343.87,2943.730142457224
TR-041559,2025-09-20,3066.44,2927.710204655474
TR-041560,2025-09-20,755.87,755.0024020029934
TR-041561,2025-09-20,2005.63,2046.0807022860702
TR-041562,2025-09-20,4423.86,4601.465026773671
TR-041563,2025-09-20,2458.95,2453.53254109932
TR-041564,2025-09-20,2676.11,2689.578308544308
TR-041565,2025-09-20,553.31,556.1073141956837
TR-041566,2025-09-20,1702.75,1802.9998154251277
TR-041567,2025-09-20,5494.02,5313.834197235482
TR-041568,2025-09-20,2135.93,2102.7409560313495
TR-041569,2025-09-20,1893.4,1978.687637595778
TR-041570,2025-09-20,1672.18,1732.4484616012844
TR-041571,2025-09-20,1326.94,1350.3381505867944
TR-041572,2025-09-20,1097.05,1135.4638992653586
TR-041573,2025-09-20,256.31,255.09379308531564
TR-041574,2025-09-20,2697.63,2606.1144845198373
TR-041575,2025-09-20,6062.73,5963.597245576988
TR-041576,2025-09-20,4426.29,4264.950842808666
TR-041577,2025-09-20,4436.16,4677.4253357561565
TR-041578,2025-09-20,752.64,754.4050596718508
TR-041579,2025-09-20,5132.62,5150.173064202852
TR-041580,2025-09-20,1788.23,1831.9801461411182
TR-041581,2025-09-20,1207.23,1213.0938078829138
TR-041582,2025-09-20,1156.91,1139.1001951696494
TR-041583,2025-09-20,1875.17,1902.104164338988
TR-041584,2025-09-20,2800.54,2851.6864161229228
TR-041585,2025-09-20,548.54,563.9078728888347
TR-041586,2025-09-20,895.46,899.9979491732945
TR-041587,2025-09-20,584.9,585.1811666285313
TR-041588,2025-09-20,718.43,738.865084045944
TR-041589,2025-09-20,2934.3,3474.479801406607
TR-041590,2025-09-20,2442.85,2360.027405783186
TR-041591,2025-09-20,4279.35,4211.843230695667
TR-041592,2025-09-20,852.06,846.1226068719
TR-041593,2025-09-20,736.28,730.4851276132379
TR-041594,2025-09-20,1514.72,1545.8620219990037
TR-041595,2025-09-20,1942.49,1884.2088395352364
TR-041596,2025-09-20,2369.5,2294.978321597444
TR-041597,2025-09-20,4329.3,4244.268849411141
TR-041598,2025-09-20,1129.4,1089.0204929848405
TR-041599,2025-09-20,1146.01,1146.6952861742936
TR-041600,2025-09-20,1556.84,1577.6426870177534
TR-041601,2025-09-20,2807.0,2866.3368037313235
TR-041602,2025-09-20,586.23,598.7502462366798
TR-041603,2025-09-20,1376.63,1284.3787497663327
TR-041604,2025-09-20,2990.48,3465.3060204276603
TR-041605,2025-09-20,728.24,666.4545768355222
TR-041606,2025-09-20,4417.98,4357.819590103051
TR-041607,2025-09-20,1112.43,1133.789415233777
TR-041608,2025-09-20,4553.03,4446.252288337808
TR-041609,2025-09-20,3737.08,3696.3975357427485
TR-041610,2025-09-20,2595.85,3085.751330356657
TR-041611,2025-09-20,2428.37,2476.8919353939127
TR-041612,2025-09-20,2160.55,2134.5016961404626
TR-041613,2025-09-20,4399.61,4382.323477695848
TR-041614,2025-09-20,1804.25,1865.1396683464234
TR-041615,2025-09-20,1108.08,1058.4132365021683
TR-041616,2025-09-20,4005.68,3838.0245681969855
TR-041617,2025-09-20,4511.67,4468.232278724754
TR-041618,2025-09-20,1005.81,1014.3293382765117
TR-041619,2025-09-20,4513.5,4600.071363697608
TR-041620,2025-09-20,2683.56,2604.443639539231
TR-041621,2025-09-20,2324.01,2452.133845056124
TR-041622,2025-09-20,3985.25,3858.511754662522
TR-041623,2025-09-20,1504.04,1552.8605604355025
TR-041624,2025-09-20,921.31,901.7197277045791
TR-041625,2025-09-20,1366.91,1422.5048257863903
TR-041626,2025-09-20,262.05,251.68577774794375
TR-041627,2025-09-20,661.66,668.4036431551738
TR-041628,2025-09-20,1324.49,1270.320137624618
TR-041629,2025-09-20,1087.21,1066.1620481615562
TR-041630,2025-09-20,1725.11,1765.4689068536813
TR-041631,2025-09-20,1676.07,1644.1114437325368
TR-041632,2025-09-20,5941.62,5991.909919043723
TR-041633,2025-09-20,3017.66,3053.1816097915125
TR-041634,2025-09-21,3611.88,3553.510542536423
TR-041635,2025-09-21,2498.49,2554.5359390797157
TR-041636,2025-09-21,2310.62,2294.664140430004
TR-041637,2025-09-21,3946.83,3779.3324456810647
TR-041638,2025-09-21,3480.52,3717.139179506156
TR-041639,2025-09-21,656.64,660.9606823549786
TR-041640,2025-09-21,1150.42,1134.0919479759148
TR-041641,2025-09-21,2309.66,2516.920566059904
TR-041642,2025-09-21,1091.36,1117.4598910571324
TR-041643,2025-09-21,3456.18,3515.9200845841497
TR-041644,2025-09-21,1183.78,1137.3938180453847
TR-041645,2025-09-21,4502.92,4483.548062007125
TR-041646,2025-09-21,937.58,974.5577908133375
TR-041647,2025-09-21,3646.07,3777.797279200624
TR-041648,2025-09-21,581.09,553.0384196135732
TR-041649,2025-09-21,2297.22,2346.1881841554637
TR-041650,2025-09-21,1193.08,1143.8779945752767
TR-041651,2025-09-21,1740.18,1688.9710871535299
TR-041652,2025-09-21,3074.08,3171.557365410014
TR-041653,2025-09-21,1143.9,1076.9648569907115
TR-041654,2025-09-21,1957.77,2365.6325879014385
TR-041655,2025-09-21,365.4,352.6008273761969
TR-041656,2025-09-21,2169.77,2136.074729231674
TR-041657,2025-09-21,1898.38,1814.24568304118
TR-041658,2025-09-21,1971.85,1860.6384142654072
TR-041659,2025-09-21,800.84,821.8117798071739
TR-041660,2025-09-21,807.9,846.6475848074559
TR-041661,2025-09-21,554.99,542.5501410102735
TR-041662,2025-09-21,2382.06,2528.433637251801
TR-041663,2025-09-21,1220.3,1192.5877713506509
TR-041664,2025-09-21,1360.17,1420.418870076146
TR-041665,2025-09-21,2162.8,2125.0904467513274
TR-041666,2025-09-21,2239.01,2353.203019452182
TR-041667,2025-09-21,4080.25,4211.240058282022
TR-041668,2025-09-21,1752.55,1790.999325495259
TR-041669,2025-09-21,584.89,604.4589825325204
TR-041670,2025-09-21,3304.89,3252.2728692500787
TR-041671,2025-09-21,4233.74,4350.103036468446
TR-041672,2025-09-21,1661.42,1652.1316082093037
TR-041673,2025-09-21,828.15,819.1517159994181
TR-041674,2025-09-21,1868.09,1847.2795521985176
TR-041675,2025-09-21,1767.74,1645.448103038978
TR-041676,2025-09-21,1491.52,1474.4992188264146
TR-041677,2025-09-21,2551.97,2505.643994999683
TR-041678,2025-09-21,3696.45,3696.0025082121942
TR-041679,2025-09-21,3427.37,3456.1764981753827
TR-041680,2025-09-21,2493.86,2424.34487495204
TR-041681,2025-09-21,3252.12,3251.6824480102946
TR-041682,2025-09-21,4953.89,4768.716579103466
TR-041683,2025-09-21,1398.23,1449.0759975932551
TR-041684,2025-09-21,5882.21,5822.520135323234
TR-041685,2025-09-21,3113.17,3093.7513767633973
TR-041686,2025-09-21,216.43,224.84696002374363
TR-041687,2025-09-21,2108.16,2081.2326251297163
TR-041688,2025-09-21,4976.59,4899.080938905094
TR-041689,2025-09-21,924.23,943.5418578292642
TR-041690,2025-09-21,4553.9,4324.778581407029
TR-041691,2025-09-21,3217.01,3239.664068517972
TR-041692,2025-09-21,3269.56,3295.2775713785036
TR-041693,2025-09-21,4026.29,4039.881733323722
TR-041694,2025-09-21,2725.13,2565.293508025478
TR-041695,2025-09-21,4748.45,4781.79917512192
TR-041696,2025-09-21,2479.52,2431.1304717921194
TR-041697,2025-09-21,1515.47,1454.3141274395587
TR-041698,2025-09-21,1345.26,1352.8801526329382
TR-041699,2025-09-21,2784.94,2817.8443471535984
TR-041700,2025-09-21,3667.95,3829.781272432243
TR-041701,2025-09-21,2487.79,2513.396983519548
TR-041702,2025-09-21,911.59,922.9066971324704
TR-041703,2025-09-21,936.36,966.402465919111
TR-041704,2025-09-21,1881.04,1840.6303635411562
TR-041705,2025-09-21,5700.34,5858.795160154701
TR-041706,2025-09-21,1022.08,1138.2642762626024
TR-041707,2025-09-21,683.1,655.0908518861904
TR-041708,2025-09-21,1709.29,1717.6112397284194
TR-041709,2025-09-21,2231.98,2232.409647148342
TR-041710,2025-09-21,1377.14,1297.2121246781805
TR-041711,2025-09-21,4268.96,4291.875503848634
TR-041712,2025-09-21,5070.8,5060.068467713188
TR-041713,2025-09-21,2103.34,2137.1523025451183
TR-041714,2025-09-21,4051.87,4271.6882584840405
TR-041715,2025-09-21,1161.23,1254.39604911996
TR-041716,2025-09-21,1373.05,1311.6523478984125
TR-041717,2025-09-21,2122.07,2082.7035392427356
TR-041718,2025-09-21,1254.13,1293.4607009529127
TR-041719,2025-09-21,2906.25,2819.6300146718486
TR-041720,2025-09-21,5931.87,6083.020248768614
TR-041721,2025-09-21,244.71,830.328702170131
TR-041722,2025-09-21,5709.8,5899.86268157085
TR-041723,2025-09-21,2386.8,2352.946723671406
TR-041724,2025-09-21,4134.62,4037.982071749518
TR-041725,2025-09-21,1916.49,1866.3434220006775
TR-041726,2025-09-21,3923.46,3764.9796358216004
TR-041727,2025-09-21,3419.89,4224.514793862834
TR-041728,2025-09-21,2421.49,2390.6926181639587
TR-041729,2025-09-21,762.33,736.9912393403436
TR-041730,2025-09-21,1108.34,1116.2515409265225
TR-041731,2025-09-21,2406.81,2415.829423599841
TR-041732,2025-09-21,5554.59,5287.115794027754
TR-041733,2025-09-21,1091.14,1076.439572820266
TR-041734,2025-09-21,1422.21,1351.092603312313
TR-041735,2025-09-21,2632.12,2807.131335909826
TR-041736,2025-09-21,3352.84,3434.182740317717
TR-041737,2025-09-21,4540.34,4301.856743170209
TR-041738,2025-09-21,3564.41,3588.4783763335336
TR-041739,2025-09-21,1698.54,1947.5016146180526
TR-041740,2025-09-21,2008.12,2097.9341933305554
TR-041741,2025-09-21,4920.08,5048.1383195868975
TR-041742,2025-09-21,2146.69,2179.3456609058053
TR-041743,2025-09-21,3160.7,3128.09865119361
TR-041744,2025-09-21,4976.74,5077.638104387378
TR-041745,2025-09-21,1719.66,1779.3881264563902
TR-041746,2025-09-21,1466.84,1561.0098664834602
TR-041747,2025-09-21,597.35,616.0464251081614
TR-041748,2025-09-21,435.75,396.55050168584285
TR-041749,2025-09-21,1883.43,1709.569432191665
TR-041750,2025-09-21,3765.88,3802.5093436767675
TR-041751,2025-09-21,1181.13,1303.3172998190194
TR-041752,2025-09-21,2585.03,2624.9061618661053
TR-041753,2025-09-21,5593.05,5585.668268802535
TR-041754,2025-09-21,2872.83,3039.5066104317993
TR-041755,2025-09-21,1243.64,1271.1809256094648
TR-041756,2025-09-21,1191.99,1157.350589853251
TR-041757,2025-09-21,3622.66,3610.254243545
TR-041758,2025-09-21,4224.72,4333.43730220216
TR-041759,2025-09-21,3774.79,3809.7208359781444
TR-041760,2025-09-21,983.11,1039.7782891527486
TR-041761,2025-09-21,4238.58,4503.3934933004775
TR-041762,2025-09-21,6531.29,6474.737677666193
TR-041763,2025-09-21,1214.44,1224.6989796860462
TR-041764,2025-09-21,1597.77,1759.7604065717892
TR-041765,2025-09-21,2476.39,2639.2885349422722
TR-041766,2025-09-21,2612.5,2599.3438686285626
TR-041767,2025-09-21,664.97,682.6953295124626
TR-041768,2025-09-21,4338.34,4302.437540830021
TR-041769,2025-09-21,3287.49,3289.570620119934
TR-041770,2025-09-21,2040.68,2073.8683874922817
TR-041771,2025-09-21,2381.44,2394.308653918289
TR-041772,2025-09-21,2836.21,2885.4255750761613
TR-041773,2025-09-21,3438.75,3699.456151334679
TR-041774,2025-09-21,2846.57,2973.6645609571765
TR-041775,2025-09-21,1924.08,1894.7488843606207
TR-041776,2025-09-21,3085.65,3057.105583841587
TR-041777,2025-09-21,4135.69,4188.432902569182
TR-041778,2025-09-21,4199.58,4231.397881727741
TR-041779,2025-09-21,460.98,493.95215404803895
TR-041780,2025-09-21,998.75,993.4178590574016
TR-041781,2025-09-21,2684.0,2786.819177902756
TR-041782,2025-09-21,3891.27,4591.4913942293315
TR-041783,2025-09-21,1745.97,1784.3531753751602
TR-041784,2025-09-21,5583.52,5995.5552688651505
TR-041785,2025-09-21,806.69,898.2119639084286
TR-041786,2025-09-21,2945.77,3039.8643824532596
TR-041787,2025-09-21,847.94,788.9606556745268
TR-041788,2025-09-21,3704.41,3707.660319940297
TR-041789,2025-09-21,1772.5,1801.6138539918472
TR-041790,2025-09-21,3563.18,3483.929884128741
TR-041791,2025-09-21,3667.32,3574.8870797439586
TR-041792,2025-09-21,2291.91,2112.647314680518
TR-041793,2025-09-21,2359.67,2399.3390481404335
TR-041794,2025-09-21,2850.44,2822.565693940887
TR-041795,2025-09-21,2392.66,2407.1292548068072
TR-041796,2025-09-21,512.08,538.9581828287733
TR-041797,2025-09-21,4363.74,4582.13508770461
TR-041798,2025-09-21,748.37,739.4797465135166
TR-041799,2025-09-21,2177.89,2366.3126123286775
TR-041800,2025-09-21,2376.16,2422.819327895019
TR-041801,2025-09-21,1699.23,1685.211169041008
TR-041802,2025-09-21,1215.54,1203.8258786440192
TR-041803,2025-09-21,3766.9,3808.189157590883
TR-041804,2025-09-22,2128.56,2151.182905485927
TR-041805,2025-09-22,1392.33,1454.7031057685954
TR-041806,2025-09-22,3440.26,3397.8323158301173
TR-041807,2025-09-22,4046.17,4160.520989453612
TR-041808,2025-09-22,1540.67,1571.1853252309568
TR-041809,2025-09-22,3878.45,3995.106302592878
TR-041810,2025-09-22,1538.05,1516.1042260958604
TR-041811,2025-09-22,1544.91,1500.5340115942454
TR-041812,2025-09-22,4597.18,4435.666967940956
TR-041813,2025-09-22,2531.03,2548.8809190441484
TR-041814,2025-09-22,976.23,981.6453748842631
TR-041815,2025-09-22,2554.85,2520.849393695566
TR-041816,2025-09-22,2158.7,2186.647551835042
TR-041817,2025-09-22,2347.09,2412.4117587809656
TR-041818,2025-09-22,375.07,384.37551868578987
TR-041819,2025-09-22,923.27,951.8455309719907
TR-041820,2025-09-22,555.39,564.9330808218091
TR-041821,2025-09-22,2538.88,2623.5372317869833
TR-041822,2025-09-22,1378.44,1344.5643691043854
TR-041823,2025-09-22,501.37,520.014420635377
TR-041824,2025-09-22,2992.86,3107.306836387658
TR-041825,2025-09-22,1204.25,1169.9765728959112
TR-041826,2025-09-22,5426.58,5342.266569069753
TR-041827,2025-09-22,1048.6,1003.0671747419615
TR-041828,2025-09-22,2931.57,3064.5376705553
TR-041829,2025-09-22,1099.07,1047.6433882243866
TR-041830,2025-09-22,2775.61,2925.364838482202
TR-041831,2025-09-22,633.76,636.7569894378275
TR-041832,2025-09-22,2098.04,2127.0209993391645
TR-041833,2025-09-22,1851.74,1893.585682974186
TR-041834,2025-09-22,1355.55,1376.1891586642548
TR-041835,2025-09-22,1625.53,1747.270348513384
TR-041836,2025-09-22,1125.97,1120.5479022576944
TR-041837,2025-09-22,2152.81,2118.2696793744976
TR-041838,2025-09-22,983.53,1146.3198216087455
TR-041839,2025-09-22,1939.61,1982.101616912304
TR-041840,2025-09-22,2691.8,2946.824033233875
TR-041841,2025-09-22,1628.59,1607.8491292845501
TR-041842,2025-09-22,1699.49,1772.540193849627
TR-041843,2025-09-22,959.92,972.4734262077266
TR-041844,2025-09-22,1496.18,1551.7671150657907
TR-041845,2025-09-22,4098.74,4122.469316598241
TR-041846,2025-09-22,2928.12,2927.8843418772162
TR-041847,2025-09-22,5214.68,5086.700677945213
TR-041848,2025-09-22,1920.81,1904.6994619328582
TR-041849,2025-09-22,1342.0,1447.5558013770205
TR-041850,2025-09-22,373.78,373.72830472420446
TR-041851,2025-09-22,1977.64,1925.316345133963
TR-041852,2025-09-22,898.29,913.9843746887739
TR-041853,2025-09-22,2004.53,1984.5193508169327
TR-041854,2025-09-22,748.0,736.3948794860867
TR-041855,2025-09-22,4486.44,4419.963933450863
TR-041856,2025-09-22,1113.48,1137.5338563877187
TR-041857,2025-09-22,3244.08,3328.4291924333684
TR-041858,2025-09-22,1349.6,1330.1482309610678
TR-041859,2025-09-22,1733.25,1649.8033396760727
TR-041860,2025-09-22,4679.78,4711.6742393627255
TR-041861,2025-09-22,1549.59,1482.3672416442187
TR-041862,2025-09-22,1817.52,1704.139599941351
TR-041863,2025-09-22,2398.51,2392.0706856655693
TR-041864,2025-09-22,2497.67,2440.5082058590815
TR-041865,2025-09-22,1227.05,1445.8706211210067
TR-041866,2025-09-22,2259.47,2126.0279881048327
TR-041867,2025-09-22,782.19,766.4049099276594
TR-041868,2025-09-22,3823.47,3886.285165363983
TR-041869,2025-09-22,2778.74,2723.456778697004
TR-041870,2025-09-22,2064.85,2082.99164025676
TR-041871,2025-09-22,1051.24,1146.961545496408
TR-041872,2025-09-22,3988.91,3971.090128814616
TR-041873,2025-09-22,1385.82,1454.667615179668
TR-041874,2025-09-22,1175.72,1095.6658022921508
TR-041875,2025-09-22,569.67,579.2334932062113
TR-041876,2025-09-22,3963.94,4805.65596075147
TR-041877,2025-09-22,2063.23,2125.5794997988096
TR-041878,2025-09-22,383.49,406.02610195620497
TR-041879,2025-09-22,1608.15,1610.3273064541333
TR-041880,2025-09-22,1667.17,1636.6912200536342
TR-041881,2025-09-22,1193.46,1172.2694889084908
TR-041882,2025-09-22,3775.66,3857.368251743603
TR-041883,2025-09-22,2429.57,2270.771257707346
TR-041884,2025-09-22,3902.72,4029.234719640929
TR-041885,2025-09-22,884.94,915.8841666863001
TR-041886,2025-09-22,3667.82,3725.914895538625
TR-041887,2025-09-22,4192.73,5459.9120062331485
TR-041888,2025-09-22,1161.6,1128.6032059616882
TR-041889,2025-09-22,509.11,514.8754533394406
TR-041890,2025-09-22,4197.87,4055.1627093904654
TR-041891,2025-09-22,5728.27,5890.1790591453255
TR-041892,2025-09-22,344.39,366.6030581991259
TR-041893,2025-09-22,2216.98,2202.9615869808276
TR-041894,2025-09-22,3656.53,3800.653142216252
TR-041895,2025-09-22,2289.62,2201.8417957693537
TR-041896,2025-09-22,1834.15,1639.4323040309598
TR-041897,2025-09-22,1259.22,1251.7990175503226
TR-041898,2025-09-22,901.25,902.1670456009069
TR-041899,2025-09-22,2075.25,2263.2653121381686
TR-041900,2025-09-22,1961.33,2075.222455647062
TR-041901,2025-09-22,2668.74,2988.0575631782767
TR-041902,2025-09-22,863.66,894.5811810391444
TR-041903,2025-09-22,1502.5,1545.089747672193
TR-041904,2025-09-22,4047.61,4250.24877344343
TR-041905,2025-09-22,2745.03,2708.0583425841614
TR-041906,2025-09-22,1915.26,1980.7213749710754
TR-041907,2025-09-22,4609.13,4661.040301053165
TR-041908,2025-09-22,4898.32,4868.529704817653
TR-041909,2025-09-22,3122.02,3346.3130657224915
TR-041910,2025-09-22,2249.86,2324.645171948564
TR-041911,2025-09-22,2716.18,2574.0082018117178
TR-041912,2025-09-22,1151.79,1088.8551285037718
TR-041913,2025-09-22,1040.12,969.6721997833229
TR-041914,2025-09-22,1637.66,1682.4683130977826
TR-041915,2025-09-22,455.17,501.30153130820486
TR-041916,2025-09-22,755.4,775.8940942180733
TR-041917,2025-09-22,1382.93,1404.4451286782628
TR-041918,2025-09-22,791.95,863.6525222007915
TR-041919,2025-09-22,1264.86,1297.1054585851111
TR-041920,2025-09-22,349.2,377.68743406375216
TR-041921,2025-09-22,620.41,610.4046925274754
TR-041922,2025-09-22,1972.72,2113.6578799575286
TR-041923,2025-09-22,938.4,959.9172251911867
TR-041924,2025-09-22,1052.71,967.6810190607283
TR-041925,2025-09-22,2333.1,2528.162505207039
TR-041926,2025-09-22,1094.42,1104.9768282693303
TR-041927,2025-09-22,1486.23,1537.2138445569394
TR-041928,2025-09-22,2095.39,2260.405618932618
TR-041929,2025-09-22,883.79,863.4525996050177
TR-041930,2025-09-22,3727.53,3752.2228179117433
TR-041931,2025-09-22,3367.15,3762.4374256322835
TR-041932,2025-09-22,580.22,642.4332799367261
TR-041933,2025-09-22,2751.44,2997.5851862318727
TR-041934,2025-09-22,1753.47,1752.2346053528554
TR-041935,2025-09-22,2831.17,3044.716085878856
TR-041936,2025-09-22,4986.16,5138.403780629535
TR-041937,2025-09-22,3237.63,3060.9374077025745
TR-041938,2025-09-22,1167.44,1219.4913877424976
TR-041939,2025-09-22,3721.9,3812.1798872087484
TR-041940,2025-09-22,1565.74,1559.9000199799186
TR-041941,2025-09-22,1636.8,1738.9498806533322
TR-041942,2025-09-22,2014.62,1972.2105205356565
TR-041943,2025-09-22,2826.25,2720.386513459416
TR-041944,2025-09-22,1946.28,1997.8096219187323
TR-041945,2025-09-22,3824.6,3858.018759533159
TR-041946,2025-09-22,1822.63,1797.5413447789917
TR-041947,2025-09-22,5226.16,5488.347226542347
TR-041948,2025-09-22,3518.72,3858.023674097534
TR-041949,2025-09-22,727.52,718.5746436618207
TR-041950,2025-09-22,5484.51,5609.754941141913
TR-041951,2025-09-22,4080.13,4409.191062406779
TR-041952,2025-09-22,2566.19,2625.5393792961736
TR-041953,2025-09-22,3686.09,3727.282321036218
TR-041954,2025-09-22,2079.7,2093.6676192564655
TR-041955,2025-09-22,4598.86,4637.449535356893
TR-041956,2025-09-22,1533.36,1501.0496956368604
TR-041957,2025-09-23,790.81,833.0481255103952
TR-041958,2025-09-23,5667.22,5812.327521691916
TR-041959,2025-09-23,2482.03,2534.719732039564
TR-041960,2025-09-23,2799.55,2770.1703382623177
TR-041961,2025-09-23,1557.88,1498.1544092552676
TR-041962,2025-09-23,1190.7,1375.6496377237204
TR-041963,2025-09-23,3022.15,2926.7660372003065
TR-041964,2025-09-23,3231.74,3393.3550151413097
TR-041965,2025-09-23,1124.33,1188.4269301808058
TR-041966,2025-09-23,724.44,731.3234536439237
TR-041967,2025-09-23,1739.85,1697.180244545642
TR-041968,2025-09-23,592.8,599.9875555634924
TR-041969,2025-09-23,2522.33,2756.5387308838444
TR-041970,2025-09-23,1509.49,1576.3487037051743
TR-041971,2025-09-23,4756.46,5819.517979673002
TR-041972,2025-09-23,4177.12,4213.941967364234
TR-041973,2025-09-23,1885.76,1951.8077883428537
TR-041974,2025-09-23,4776.1,5156.754674283208
TR-041975,2025-09-23,2635.86,2584.860195904871
TR-041976,2025-09-23,1653.44,1607.441737179264
TR-041977,2025-09-23,522.62,571.1753457324861
TR-041978,2025-09-23,1787.64,1749.8482309734698
TR-041979,2025-09-23,1542.61,1671.5301320608833
TR-041980,2025-09-23,4533.05,4684.381958983847
TR-041981,2025-09-23,1883.24,1898.5268389173434
TR-041982,2025-09-23,2810.7,2737.347603519472
TR-041983,2025-09-23,2838.34,2795.831475705027
TR-041984,2025-09-23,1638.9,1552.4311755336041
TR-041985,2025-09-23,2047.55,2118.904361251838
TR-041986,2025-09-23,1398.71,1456.3249705459252
TR-041987,2025-09-23,711.03,3033.9617084305755
TR-041988,2025-09-23,1228.36,1224.6550930586066
TR-041989,2025-09-23,595.46,607.2177168161194
TR-041990,2025-09-23,2231.13,2193.217451059202
TR-041991,2025-09-23,742.69,725.6413818499254
TR-041992,2025-09-23,705.08,717.7764354968398
TR-041993,2025-09-23,646.86,670.4897924001413
TR-041994,2025-09-23,3862.09,3959.4690487511534
TR-041995,2025-09-23,435.27,453.06072793239434
TR-041996,2025-09-23,2309.76,2383.297986422788
TR-041997,2025-09-23,5088.19,4946.208967576644
TR-041998,2025-09-23,3994.83,4078.8004061257593
TR-041999,2025-09-23,2388.93,2661.5773720320785
TR-042000,2025-09-23,1101.11,1167.6601351661284
TR-042001,2025-09-23,4155.43,4319.419715639188
TR-042002,2025-09-23,3432.98,3376.126972375317
TR-042003,2025-09-23,1563.76,1714.8394737326175
TR-042004,2025-09-23,3380.49,3291.9263927351185
TR-042005,2025-09-23,1098.56,1026.0267957259036
TR-042006,2025-09-23,2277.98,2313.903016776536
TR-042007,2025-09-23,5683.63,5673.450657519434
TR-042008,2025-09-23,2337.12,2864.3688546479025
TR-042009,2025-09-23,3369.41,3716.1548663809026
TR-042010,2025-09-23,3638.32,3538.567643290461
TR-042011,2025-09-23,4202.91,4544.606301772174
TR-042012,2025-09-23,4581.19,4646.995386796153
TR-042013,2025-09-23,2736.4,2795.062002948023
TR-042014,2025-09-23,1738.09,1761.7411251238027
TR-042015,2025-09-23,1660.43,1692.0931437520346
TR-042016,2025-09-23,4842.97,4746.04379320597
TR-042017,2025-09-23,731.1,729.6775230295349
TR-042018,2025-09-23,1227.42,1247.7674258026507
TR-042019,2025-09-23,3958.1,3890.286308853828
TR-042020,2025-09-23,2009.54,1979.4019088748598
TR-042021,2025-09-23,1774.47,1839.7378081161273
TR-042022,2025-09-23,4600.17,4735.348491074673
TR-042023,2025-09-23,4515.31,4469.74452805621
TR-042024,2025-09-23,2254.26,2313.1624128833505
TR-042025,2025-09-23,2018.27,1982.1687023242296
TR-042026,2025-09-23,4140.09,3944.9547247222895
TR-042027,2025-09-23,3530.8,3643.2761188905106
TR-042028,2025-09-23,4814.82,4715.736267664283
TR-042029,2025-09-23,1666.44,1630.6643367653476
TR-042030,2025-09-23,2350.24,2239.9464282879953
TR-042031,2025-09-23,759.16,735.8964267138024
TR-042032,2025-09-23,5033.39,4982.182198046131
TR-042033,2025-09-23,322.34,1864.0526297948004
TR-042034,2025-09-23,5577.48,5640.088381464364
TR-042035,2025-09-23,4438.72,4380.891607320963
TR-042036,2025-09-23,3727.19,3710.61722657702
TR-042037,2025-09-23,1343.64,1342.6168965524807
TR-042038,2025-09-23,1564.53,1620.7930024652114
TR-042039,2025-09-23,1745.08,1709.054135454526
TR-042040,2025-09-23,436.33,435.6407304636197
TR-042041,2025-09-23,997.52,977.0271756814486
TR-042042,2025-09-23,6078.29,6020.083448935934
TR-042043,2025-09-23,1980.66,2016.6265346883959
TR-042044,2025-09-23,4012.31,4540.876453341114
TR-042045,2025-09-23,436.95,468.9969944809164
TR-042046,2025-09-23,509.49,538.126814800764
TR-042047,2025-09-23,2050.84,1972.1530363524453
TR-042048,2025-09-23,997.19,978.6572148321059
TR-042049,2025-09-23,1068.01,1100.0479158640862
TR-042050,2025-09-23,943.32,963.8180281921086
TR-042051,2025-09-23,2090.75,2228.3102533858073
TR-042052,2025-09-23,269.11,256.38029651170285
TR-042053,2025-09-23,1458.41,1529.347082882647
TR-042054,2025-09-23,893.07,877.0898358167467
TR-042055,2025-09-23,4756.33,4707.920759387465
TR-042056,2025-09-23,1079.12,1057.7936046280133
TR-042057,2025-09-23,2323.37,2375.3077630230864
TR-042058,2025-09-23,2936.24,3004.9148488298642
TR-042059,2025-09-23,1268.05,1241.0866597720317
TR-042060,2025-09-23,1705.42,1659.409314218008
TR-042061,2025-09-23,3196.74,3317.955378960646
TR-042062,2025-09-23,5914.46,6143.789401597056
TR-042063,2025-09-23,1338.37,1305.4932643584846
TR-042064,2025-09-23,887.15,888.5119043698404
TR-042065,2025-09-23,2179.55,2367.693119380622
TR-042066,2025-09-23,2404.05,2450.647375898302
TR-042067,2025-09-23,1083.45,1110.199484138278
TR-042068,2025-09-23,3650.77,3326.62477344151
TR-042069,2025-09-23,1876.04,1907.6275855964225
TR-042070,2025-09-23,1414.99,1302.4180114798464
TR-042071,2025-09-23,4273.9,4632.819444861757
TR-042072,2025-09-23,1392.01,1514.4330436844134
TR-042073,2025-09-23,1871.4,1787.7245031150676
TR-042074,2025-09-23,2687.38,2649.210926995514
TR-042075,2025-09-23,2666.89,3469.8783201862925
TR-042076,2025-09-23,4386.65,4306.760011787499
TR-042077,2025-09-23,2664.59,2781.656845020157
TR-042078,2025-09-23,3938.41,5148.677009759433
TR-042079,2025-09-23,4537.16,4697.950664203756
TR-042080,2025-09-23,745.34,764.1631207042909
TR-042081,2025-09-23,4440.3,5057.876276179719
TR-042082,2025-09-23,2524.09,2526.0010710282436
TR-042083,2025-09-23,1080.84,1115.329247240799
TR-042084,2025-09-23,2189.11,2220.0855041553737
TR-042085,2025-09-23,3963.65,3931.4714466204464
TR-042086,2025-09-23,2167.86,2025.0019260593706
TR-042087,2025-09-23,1554.02,1527.9334926432143
TR-042088,2025-09-23,2039.75,2065.4384025411864
TR-042089,2025-09-23,2024.17,2027.3347781147245
TR-042090,2025-09-23,681.2,649.6640519126398
TR-042091,2025-09-23,890.9,982.9594286822575
TR-042092,2025-09-23,5471.67,5213.820779239041
TR-042093,2025-09-23,590.75,581.8305132644899
TR-042094,2025-09-23,873.95,978.0183747758074
TR-042095,2025-09-23,4339.94,4159.29830226104
TR-042096,2025-09-23,6219.04,6069.395207052567
TR-042097,2025-09-23,2723.7,2795.9187010248515
TR-042098,2025-09-23,1592.93,1644.1796333149061
TR-042099,2025-09-23,1570.77,1601.1724560289526
TR-042100,2025-09-23,559.36,565.519235378893
TR-042101,2025-09-23,4467.36,4407.365131482681
TR-042102,2025-09-23,2608.57,2514.018549257293
TR-042103,2025-09-23,1457.22,1531.5599933891624
TR-042104,2025-09-23,1213.26,1145.930072154399
TR-042105,2025-09-24,1858.56,1853.1996675384812
TR-042106,2025-09-24,1640.99,1551.1648776307604
TR-042107,2025-09-24,831.82,866.8994485250745
TR-042108,2025-09-24,4344.78,4365.569019214292
TR-042109,2025-09-24,5375.13,5326.300807539889
TR-042110,2025-09-24,3243.45,2948.592240440272
TR-042111,2025-09-24,486.64,556.4325061162385
TR-042112,2025-09-24,2421.53,2477.380018381748
TR-042113,2025-09-24,774.12,721.5452338618658
TR-042114,2025-09-24,4504.8,4611.908770097639
TR-042115,2025-09-24,872.42,864.4131139176465
TR-042116,2025-09-24,965.6,1212.6755422593792
TR-042117,2025-09-24,3812.94,3936.3320697103936
TR-042118,2025-09-24,765.42,751.8560721938644
TR-042119,2025-09-24,4913.77,5009.2157130780015
TR-042120,2025-09-24,1907.82,1898.7055959305271
TR-042121,2025-09-24,4576.82,4933.3237756291455
TR-042122,2025-09-24,1075.11,1092.310852147413
TR-042123,2025-09-24,3454.06,3374.6989393531917
TR-042124,2025-09-24,3492.43,3433.3780764260196
TR-042125,2025-09-24,2006.15,2236.1151111028935
TR-042126,2025-09-24,2311.97,2167.2895006668787
TR-042127,2025-09-24,5685.16,5715.448744186281
TR-042128,2025-09-24,1647.88,1738.0111806334282
TR-042129,2025-09-24,2493.63,2524.994832811685
TR-042130,2025-09-24,2740.24,2731.9022205339475
TR-042131,2025-09-24,3225.05,3109.872199693733
TR-042132,2025-09-24,1140.94,1127.6133716880126
TR-042133,2025-09-24,4050.11,4402.025073655604
TR-042134,2025-09-24,1500.33,1509.289631904021
TR-042135,2025-09-24,4161.55,4120.166539327926
TR-042136,2025-09-24,2029.71,1982.9499022158527
TR-042137,2025-09-24,1841.47,1842.8829422528413
TR-042138,2025-09-24,2411.4,2376.1059210340973
TR-042139,2025-09-24,2419.53,2507.546072272168
TR-042140,2025-09-24,2179.13,2212.0123528665595
TR-042141,2025-09-24,3015.19,2953.0614769992444
TR-042142,2025-09-24,2935.55,2743.8185702138494
TR-042143,2025-09-24,3418.66,3347.822424504029
TR-042144,2025-09-24,4715.78,5129.620209719739
TR-042145,2025-09-24,4088.47,3866.1826635069856
TR-042146,2025-09-24,3505.47,3458.550887021234
TR-042147,2025-09-24,5063.42,5118.544467741677
TR-042148,2025-09-24,4446.28,4163.8509392198275
TR-042149,2025-09-24,1733.22,1881.1953862113296
TR-042150,2025-09-24,13026.22,2906.2287448376237
TR-042151,2025-09-24,5884.52,5545.278484175827
TR-042152,2025-09-24,2109.73,2048.7899109754344
TR-042153,2025-09-24,4373.32,4623.793354152916
TR-042154,2025-09-24,2231.28,2286.8307212090144
TR-042155,2025-09-24,4987.73,4862.556605304781
TR-042156,2025-09-24,2100.75,2018.8090751143973
TR-042157,2025-09-24,2762.46,2738.72497728115
TR-042158,2025-09-24,5117.77,4644.91338337167
TR-042159,2025-09-24,1163.04,1037.3670023537734
TR-042160,2025-09-24,5724.44,5786.112258536809
TR-042161,2025-09-24,1018.98,964.8685589664809
TR-042162,2025-09-24,564.94,565.8146597412756
TR-042163,2025-09-24,926.75,902.4671435261619
TR-042164,2025-09-24,2891.9,2797.7391786594385
TR-042165,2025-09-24,1573.33,1616.5462432696913
TR-042166,2025-09-24,562.12,560.8175950196048
TR-042167,2025-09-24,1761.53,1677.1726796028345
TR-042168,2025-09-24,3178.09,3188.17238744364
TR-042169,2025-09-24,4088.81,3944.779375402132
TR-042170,2025-09-24,2056.92,2046.0686576083294
TR-042171,2025-09-24,1475.32,1432.6213963244393
TR-042172,2025-09-24,2307.45,2366.0038267138775
TR-042173,2025-09-24,944.09,934.2581210897886
TR-042174,2025-09-24,2244.31,2097.7409333299706
TR-042175,2025-09-24,1812.97,1804.1059380670404
TR-042176,2025-09-24,1017.35,1093.2282510463458
TR-042177,2025-09-24,1223.55,1183.3954565268064
TR-042178,2025-09-24,757.04,773.0128854734756
TR-042179,2025-09-24,2187.59,1999.430869324815
TR-042180,2025-09-24,4031.66,4283.103157769276
TR-042181,2025-09-24,892.63,903.6966141372603
TR-042182,2025-09-24,1257.54,1248.3715132396128
TR-042183,2025-09-24,1578.48,1465.9364887473978
TR-042184,2025-09-24,2122.13,2025.752807381889
TR-042185,2025-09-24,4599.91,4668.899301240398
TR-042186,2025-09-24,5692.34,5670.257497534035
TR-042187,2025-09-24,2230.17,2246.2894140268895
TR-042188,2025-09-24,2184.86,2138.101454788206
TR-042189,2025-09-24,2740.72,2834.200640008787
TR-042190,2025-09-24,1888.07,1967.511756527936
TR-042191,2025-09-24,2647.68,2528.6581441672133
TR-042192,2025-09-24,594.17,632.9714732617698
TR-042193,2025-09-24,2258.15,2278.3543514471216
TR-042194,2025-09-24,4305.47,4140.0871187125595
TR-042195,2025-09-24,4852.12,4782.957385471307
TR-042196,2025-09-24,243.49,231.88362016267914
TR-042197,2025-09-24,1892.2,1864.0234860382598
TR-042198,2025-09-24,2316.44,2373.405411064159
TR-042199,2025-09-24,1155.97,1173.8519410316378
TR-042200,2025-09-24,4488.03,4398.874276493525
TR-042201,2025-09-24,1357.36,1306.6628886708488
TR-042202,2025-09-24,1715.81,1738.7047027152025
TR-042203,2025-09-24,4171.88,3956.5678810292707
TR-042204,2025-09-24,6023.57,5827.557541653299
TR-042205,2025-09-24,1682.87,1783.0195778010616
TR-042206,2025-09-24,1167.82,1106.485109378378
TR-042207,2025-09-24,5177.62,5164.236603422331
TR-042208,2025-09-24,805.16,762.2754601118424
TR-042209,2025-09-24,447.62,454.61950854266655
TR-042210,2025-09-24,348.52,367.3565921524761
TR-042211,2025-09-24,3341.3,3017.4182593112605
TR-042212,2025-09-24,2766.75,2785.5528485731484
TR-042213,2025-09-24,3547.14,3529.7052257571527
TR-042214,2025-09-24,1407.31,1461.4410797562184
TR-042215,2025-09-24,4228.77,4245.91294761386
TR-042216,2025-09-24,1296.7,1386.7329985467811
TR-042217,2025-09-24,6474.77,6541.083164316928
TR-042218,2025-09-24,5551.14,5229.330349295588
TR-042219,2025-09-24,1029.93,1083.8241441914718
TR-042220,2025-09-24,3775.4,4040.3310848593665
TR-042221,2025-09-24,2032.78,2082.0158517095465
TR-042222,2025-09-24,1777.36,1723.2056572931313
TR-042223,2025-09-24,1369.6,1287.4540134530362
TR-042224,2025-09-24,933.03,959.4839770135751
TR-042225,2025-09-24,5431.34,5496.847617632453
TR-042226,2025-09-24,1325.03,1326.6864636363641
TR-042227,2025-09-24,3705.15,3587.04275278108
TR-042228,2025-09-24,2122.83,2195.215235328583
TR-042229,2025-09-24,787.05,737.3775746975435
TR-042230,2025-09-24,691.92,658.3404878942453
TR-042231,2025-09-24,570.79,616.382906344677
TR-042232,2025-09-24,3844.53,4086.8614154376805
TR-042233,2025-09-24,1335.3,1303.086277856109
TR-042234,2025-09-24,6033.69,6034.001701633134
TR-042235,2025-09-24,4417.55,4126.847390727913
TR-042236,2025-09-24,671.84,729.8469230833066
TR-042237,2025-09-24,3973.01,3905.3140858131646
TR-042238,2025-09-24,1366.55,1367.4142582106401
TR-042239,2025-09-24,1106.98,1159.6095843831288
TR-042240,2025-09-24,3923.25,3847.3425571794783
TR-042241,2025-09-24,4649.34,4721.218776382809
TR-042242,2025-09-24,4853.02,5284.712059932322
TR-042243,2025-09-24,1615.3,1509.3883798102133
TR-042244,2025-09-24,366.07,364.7110846266842
TR-042245,2025-09-24,858.82,901.844881395266
TR-042246,2025-09-24,3101.69,3046.0374854369074
TR-042247,2025-09-24,1206.63,1199.8190181038647
TR-042248,2025-09-24,2329.37,2351.554939412685
TR-042249,2025-09-24,2427.31,2409.3157116050356
TR-042250,2025-09-24,515.93,561.9734828639025
TR-042251,2025-09-24,4981.33,4886.940573375921
TR-042252,2025-09-24,2447.3,2457.0727440554697
TR-042253,2025-09-24,4771.94,4639.714114983913
TR-042254,2025-09-24,2881.01,3114.160580995719
TR-042255,2025-09-24,5092.81,5250.189429945005
TR-042256,2025-09-24,1789.16,1708.7190636183825
TR-042257,2025-09-24,2331.54,2363.22825936741
TR-042258,2025-09-24,1886.18,1823.738585294601
TR-042259,2025-09-24,681.3,2275.404166967276
TR-042260,2025-09-25,717.72,676.7170500758833
TR-042261,2025-09-25,1756.86,1677.0909547656083
TR-042262,2025-09-25,2355.19,2377.2774240215817
TR-042263,2025-09-25,2682.7,2640.4719826516994
TR-042264,2025-09-25,3126.04,3153.3526703248867
TR-042265,2025-09-25,5887.74,5768.719383059345
TR-042266,2025-09-25,4133.57,3864.9172168507466
TR-042267,2025-09-25,1756.17,1633.3257594999634
TR-042268,2025-09-25,4584.97,4584.155425080281
TR-042269,2025-09-25,1605.89,1533.9792801664655
TR-042270,2025-09-25,1147.94,1169.3696122346626
TR-042271,2025-09-25,5084.53,5117.674705954896
TR-042272,2025-09-25,5681.94,5235.259140059315
TR-042273,2025-09-25,1482.22,1497.9533954283324
TR-042274,2025-09-25,1396.36,1318.3903922314278
TR-042275,2025-09-25,4739.76,4890.901300624465
TR-042276,2025-09-25,1909.96,1860.6862683992774
TR-042277,2025-09-25,1794.23,1803.8920785503462
TR-042278,2025-09-25,1233.72,1396.5650718008726
TR-042279,2025-09-25,1495.26,1472.9842314648515
TR-042280,2025-09-25,1961.16,2042.4581983623782
TR-042281,2025-09-25,870.43,883.000392314584
TR-042282,2025-09-25,804.31,789.5713374206473
TR-042283,2025-09-25,4348.33,4266.434010890813
TR-042284,2025-09-25,2592.04,2659.9657640568407
TR-042285,2025-09-25,2109.59,2026.3570893110443
TR-042286,2025-09-25,1611.88,1511.1302592274092
TR-042287,2025-09-25,2240.76,2124.0401521470703
TR-042288,2025-09-25,5578.56,5655.937033092471
TR-042289,2025-09-25,4226.82,3974.7353054537034
TR-042290,2025-09-25,1656.6,1468.736888592428
TR-042291,2025-09-25,826.89,837.611921127448
TR-042292,2025-09-25,866.09,854.6137185101971
TR-042293,2025-09-25,1042.68,1143.1338808411242
TR-042294,2025-09-25,708.86,736.4236613974346
TR-042295,2025-09-25,857.15,876.7323054733013
TR-042296,2025-09-25,2558.09,2382.5050082460575
TR-042297,2025-09-25,2094.08,2170.9118348120674
TR-042298,2025-09-25,1663.96,1634.1413696511356
TR-042299,2025-09-25,3819.58,3915.2225165576315
TR-042300,2025-09-25,4914.29,4816.168096840846
TR-042301,2025-09-25,6534.49,6568.061068480818
TR-042302,2025-09-25,349.14,873.174064377826
TR-042303,2025-09-25,2072.67,2152.719510376304
TR-042304,2025-09-25,2009.25,1933.0395955664378
TR-042305,2025-09-25,2805.6,2718.257844494617
TR-042306,2025-09-25,1888.51,1843.4496909771437
TR-042307,2025-09-25,2359.77,2231.4558714049767
TR-042308,2025-09-25,1027.96,1019.2100939732404
TR-042309,2025-09-25,1591.11,1426.5197127266529
TR-042310,2025-09-25,2812.37,2934.49433037713
TR-042311,2025-09-25,3643.04,3489.0686997286953
TR-042312,2025-09-25,1603.47,1626.0430392960338
TR-042313,2025-09-25,4294.08,4254.301227343943
TR-042314,2025-09-25,800.37,792.7929175850308
TR-042315,2025-09-25,1799.66,1907.176233473686
TR-042316,2025-09-25,2828.46,3161.007362090424
TR-042317,2025-09-25,2614.01,2539.007304430537
TR-042318,2025-09-25,2351.77,2300.5318633982984
TR-042319,2025-09-25,4229.68,4244.250107713521
TR-042320,2025-09-25,1135.51,1192.1166544672428
TR-042321,2025-09-25,1636.35,1602.8178405933165
TR-042322,2025-09-25,4626.49,4522.876236767405
TR-042323,2025-09-25,2890.62,2927.9258123031427
TR-042324,2025-09-25,816.62,840.276698121841
TR-042325,2025-09-25,1719.66,1885.8751987623873
TR-042326,2025-09-25,2209.21,2224.604853859534
TR-042327,2025-09-25,5345.03,5179.176277507083
TR-042328,2025-09-25,2616.64,2674.076817497313
TR-042329,2025-09-25,940.28,929.2186227821726
TR-042330,2025-09-25,1116.95,1426.0931929567994
TR-042331,2025-09-25,1760.83,1804.5616527809032
TR-042332,2025-09-25,2281.31,2584.083584628484
TR-042333,2025-09-25,1963.71,1849.3229859657197
TR-042334,2025-09-25,2622.01,2620.390271363359
TR-042335,2025-09-25,5614.38,5519.349889462681
TR-042336,2025-09-25,3330.13,3102.074575272452
TR-042337,2025-09-25,1498.05,1382.553123076574
TR-042338,2025-09-25,2239.53,2352.0430821175632
TR-042339,2025-09-25,1851.15,1848.5080993368026
TR-042340,2025-09-25,1534.73,1531.5466590276012
TR-042341,2025-09-25,1083.05,1087.9980039735906
TR-042342,2025-09-25,1361.77,1283.2551937398516
TR-042343,2025-09-25,2143.1,2162.216337773074
TR-042344,2025-09-25,3123.92,3173.3193387536453
TR-042345,2025-09-25,2814.56,3002.4110088862562
TR-042346,2025-09-25,1623.43,1567.1615471044715
TR-042347,2025-09-25,1738.95,1664.7446319094358
TR-042348,2025-09-25,3114.73,3200.484964609042
TR-042349,2025-09-25,828.58,833.1270272812369
TR-042350,2025-09-25,2160.03,2109.415015057094
TR-042351,2025-09-25,714.4,650.2965910864133
TR-042352,2025-09-25,2033.38,2085.0486022621494
TR-042353,2025-09-25,1867.63,1876.20877486276
TR-042354,2025-09-25,3286.31,1055.726363384531
TR-042355,2025-09-25,2228.56,2161.20826083198
TR-042356,2025-09-25,1708.13,1776.6240585740582
TR-042357,2025-09-25,1571.24,1570.410087038312
TR-042358,2025-09-25,602.47,589.6186062471579
TR-042359,2025-09-25,2259.41,2214.6110846890197
TR-042360,2025-09-25,577.07,562.9169906275835
TR-042361,2025-09-25,1473.79,1333.2452701744994
TR-042362,2025-09-25,1588.38,1494.9455536244675
TR-042363,2025-09-25,398.95,362.7571159238092
TR-042364,2025-09-25,3622.14,3765.7611142715073
TR-042365,2025-09-25,1207.78,1221.0926542633902
TR-042366,2025-09-25,2122.98,2351.730818540893
TR-042367,2025-09-25,3215.91,3315.9620491448145
TR-042368,2025-09-25,5313.02,5278.599718477139
TR-042369,2025-09-25,2213.6,2236.6795417009153
TR-042370,2025-09-25,1507.78,1388.4632864307398
TR-042371,2025-09-25,771.72,739.5551225597765
TR-042372,2025-09-25,1328.96,1346.5315365138413
TR-042373,2025-09-25,2118.79,1993.686975151652
TR-042374,2025-09-25,4227.79,4119.437060982548
TR-042375,2025-09-25,5325.72,5453.45269584581
TR-042376,2025-09-25,1249.91,1229.8247719342417
TR-042377,2025-09-25,1512.7,1497.5273278722443
TR-042378,2025-09-25,1609.45,1521.7444850631896
TR-042379,2025-09-25,1933.19,1898.1961862092146
TR-042380,2025-09-25,5617.44,5511.440819478932
TR-042381,2025-09-25,3234.83,3584.6275218579017
TR-042382,2025-09-25,3748.42,3729.269152148743
TR-042383,2025-09-25,3423.2,3379.941498295172
TR-042384,2025-09-25,1331.03,1406.12527964547
TR-042385,2025-09-25,1059.91,962.0837063146697
TR-042386,2025-09-25,1504.79,1448.281823065246
TR-042387,2025-09-25,2393.85,2335.843432256543
TR-042388,2025-09-25,655.29,647.7080026610325
TR-042389,2025-09-25,4798.24,4594.351162892313
TR-042390,2025-09-25,2274.23,2221.7409677707537
TR-042391,2025-09-25,1041.96,1046.8460318679827
TR-042392,2025-09-25,5701.19,5652.1849316027
TR-042393,2025-09-25,4495.91,4262.2568755642305
TR-042394,2025-09-25,1422.6,1342.821602391069
TR-042395,2025-09-25,1011.95,974.3203935550365
TR-042396,2025-09-25,1390.26,1406.4931012752857
TR-042397,2025-09-25,2470.44,2405.4226850328814
TR-042398,2025-09-25,1453.23,1389.2950867255095
TR-042399,2025-09-25,1097.99,1130.9102309279256
TR-042400,2025-09-25,1316.62,1317.1004594025987
TR-042401,2025-09-25,3020.08,2914.1682837769386
TR-042402,2025-09-25,2731.0,2602.2844120193536
TR-042403,2025-09-25,752.07,748.2246741221253
TR-042404,2025-09-25,265.12,254.75167391886657
TR-042405,2025-09-25,696.53,654.8947286067834
TR-042406,2025-09-25,1937.24,1881.6903685475547
TR-042407,2025-09-25,5952.63,6001.049102396343
TR-042408,2025-09-25,4370.79,4124.155131355216
TR-042409,2025-09-25,4989.37,4918.538965080015
TR-042410,2025-09-25,2618.46,2399.6538504019595
TR-042411,2025-09-25,3714.77,3621.2130568814487
TR-042412,2025-09-25,1882.15,2035.1927897888368
TR-042413,2025-09-25,1660.95,1640.026718297412
TR-042414,2025-09-26,3924.21,3944.6419450672056
TR-042415,2025-09-26,1313.9,1370.9395134486688
TR-042416,2025-09-26,1851.14,1844.6213082307554
TR-042417,2025-09-26,2224.97,2098.8259005368077
TR-042418,2025-09-26,2788.7,2706.290977252518
TR-042419,2025-09-26,2953.83,2905.5376209165042
TR-042420,2025-09-26,2436.98,2743.578673671755
TR-042421,2025-09-26,710.92,804.0042987498523
TR-042422,2025-09-26,3595.49,3530.7114217967223
TR-042423,2025-09-26,438.63,450.8206534527056
TR-042424,2025-09-26,893.91,927.3959290226559
TR-042425,2025-09-26,1258.11,1305.9295687928745
TR-042426,2025-09-26,2316.54,2146.7389940288285
TR-042427,2025-09-26,917.99,872.6162331520045
TR-042428,2025-09-26,1235.8,1167.1244333819413
TR-042429,2025-09-26,5847.69,5464.303735780987
TR-042430,2025-09-26,827.54,806.4573756452977
TR-042431,2025-09-26,1730.12,1815.2090097979608
TR-042432,2025-09-26,2799.82,2795.0632003563587
TR-042433,2025-09-26,2000.12,1939.5516966706048
TR-042434,2025-09-26,1506.38,1555.652549092153
TR-042435,2025-09-26,3221.62,3196.4810517624005
TR-042436,2025-09-26,1913.19,2080.924620531347
TR-042437,2025-09-26,764.33,713.8909857680942
TR-042438,2025-09-26,7197.15,2924.3688879144947
TR-042439,2025-09-26,331.48,345.6143039174549
TR-042440,2025-09-26,4225.65,4545.510016675091
TR-042441,2025-09-26,3139.51,3064.3254845579313
TR-042442,2025-09-26,4386.98,4277.156752390791
TR-042443,2025-09-26,1267.35,1327.4747534986464
TR-042444,2025-09-26,803.21,747.71300586184
TR-042445,2025-09-26,2102.08,1968.7384321402822
TR-042446,2025-09-26,4777.51,4658.214747091932
TR-042447,2025-09-26,837.27,745.1666622011292
TR-042448,2025-09-26,772.63,751.8359706376542
TR-042449,2025-09-26,4595.52,4719.728308687559
TR-042450,2025-09-26,3035.82,2838.7410053610765
TR-042451,2025-09-26,1621.3,1471.8912280902277
TR-042452,2025-09-26,1129.55,1075.207775114312
TR-042453,2025-09-26,5949.01,1702.1154788911115
TR-042454,2025-09-26,1498.77,1442.4834139259303
TR-042455,2025-09-26,3769.39,3687.949798571483
TR-042456,2025-09-26,2016.06,2129.920005710435
TR-042457,2025-09-26,1452.6,1402.1005091060485
TR-042458,2025-09-26,3944.75,3743.6844197726755
TR-042459,2025-09-26,476.98,1316.0734124423273
TR-042460,2025-09-26,1954.77,1929.3173228406351
TR-042461,2025-09-26,2346.68,2264.370111764321
TR-042462,2025-09-26,5213.61,4968.59722157903
TR-042463,2025-09-26,4288.85,4737.707179152053
TR-042464,2025-09-26,1171.1,1202.3683931491362
TR-042465,2025-09-26,4309.85,4123.41174546518
TR-042466,2025-09-26,1991.22,1909.3763135691709
TR-042467,2025-09-26,2363.42,2379.7966399669845
TR-042468,2025-09-26,3795.38,3680.724071757626
TR-042469,2025-09-26,2366.45,2425.190186009949
TR-042470,2025-09-26,486.54,543.0678444863387
TR-042471,2025-09-26,3358.71,3451.5534894635825
TR-042472,2025-09-26,1934.7,1827.9455419891071
TR-042473,2025-09-26,3463.26,3578.5655482337074
TR-042474,2025-09-26,1226.42,1227.5902652530597
TR-042475,2025-09-26,4536.04,4367.090200174242
TR-042476,2025-09-26,867.93,813.3329043349171
TR-042477,2025-09-26,717.39,735.6515032381767
TR-042478,2025-09-26,1486.08,1362.9639560019984
TR-042479,2025-09-26,1078.07,1056.3421809136107
TR-042480,2025-09-26,855.88,823.5777784495331
TR-042481,2025-09-26,1126.38,1105.5756753063217
TR-042482,2025-09-26,2335.12,2358.587155811697
TR-042483,2025-09-26,4188.51,4011.3283752957823
TR-042484,2025-09-26,1036.67,985.1158819226707
TR-042485,2025-09-26,1403.1,1404.6611130213864
TR-042486,2025-09-26,6403.51,6724.7495066126885
TR-042487,2025-09-26,3634.68,3463.8755554232894
TR-042488,2025-09-26,4184.34,4045.584686557962
TR-042489,2025-09-26,2363.97,2274.617647345101
TR-042490,2025-09-26,1438.09,1256.6982719976613
TR-042491,2025-09-26,3636.61,3560.3257113284253
TR-042492,2025-09-26,1632.67,1617.8948996268198
TR-042493,2025-09-26,1583.25,1748.5683095243896
TR-042494,2025-09-26,4072.03,3927.6429996323104
TR-042495,2025-09-26,1455.84,1665.0413944733807
TR-042496,2025-09-26,2488.14,2420.1807615701773
TR-042497,2025-09-26,2108.81,2131.6155214734617
TR-042498,2025-09-26,1117.43,1092.953932316528
TR-042499,2025-09-26,1343.06,1352.597962519843
TR-042500,2025-09-26,2082.19,2151.281522118173
TR-042501,2025-09-26,4204.51,4286.344495294099
TR-042502,2025-09-26,3876.29,4253.216995458334
TR-042503,2025-09-26,2423.56,2493.241584054838
TR-042504,2025-09-26,1323.85,1339.9648083248892
TR-042505,2025-09-26,2343.57,2156.2173622074947
TR-042506,2025-09-26,3422.31,3346.377495799698
TR-042507,2025-09-26,4348.13,4240.386105541454
TR-042508,2025-09-26,5711.86,6071.0850544519635
TR-042509,2025-09-26,2446.06,2508.282473678784
TR-042510,2025-09-26,4401.36,4227.9162609997675
TR-042511,2025-09-26,1276.3,1238.2073432618256
TR-042512,2025-09-26,5677.85,5284.277651468472
TR-042513,2025-09-26,373.96,358.61090052395775
TR-042514,2025-09-26,1005.85,3159.346728601937
TR-042515,2025-09-26,1504.47,1809.1949349042218
TR-042516,2025-09-26,3972.93,3887.3061816841923
TR-042517,2025-09-26,4452.33,4587.071035172218
TR-042518,2025-09-26,3515.61,3955.7385083077374
TR-042519,2025-09-26,3844.97,3675.5345250158416
TR-042520,2025-09-26,2842.44,2942.860622799865
TR-042521,2025-09-26,2536.06,2469.6191048005962
TR-042522,2025-09-26,2157.59,2088.587179875526
TR-042523,2025-09-26,3229.8,3168.271099946021
TR-042524,2025-09-26,3380.7,3359.6271952940715
TR-042525,2025-09-26,1945.45,1979.3173193414823
TR-042526,2025-09-26,700.79,648.1905199727423
TR-042527,2025-09-26,602.06,751.3548265744414
TR-042528,2025-09-26,3003.63,2975.6157670775356
TR-042529,2025-09-26,1638.01,1565.029029443254
TR-042530,2025-09-26,3511.37,3309.572303455019
TR-042531,2025-09-26,1592.95,1647.1856416345663
TR-042532,2025-09-26,3013.31,3310.9029398901525
TR-042533,2025-09-26,504.51,541.6908158155843
TR-042534,2025-09-26,5547.79,6072.393325408701
TR-042535,2025-09-26,4132.72,4226.724354586744
TR-042536,2025-09-26,1922.36,1842.7932015324152
TR-042537,2025-09-26,679.25,646.5467454433289
TR-042538,2025-09-26,708.81,686.5949841066597
TR-042539,2025-09-26,1546.85,1603.9002621175828
TR-042540,2025-09-26,1804.41,1732.373323747467
TR-042541,2025-09-26,2248.78,2125.9179047536177
TR-042542,2025-09-26,1472.19,1438.807008733785
TR-042543,2025-09-26,3356.17,3227.242727802885
TR-042544,2025-09-26,1298.09,1243.050827717494
TR-042545,2025-09-26,624.76,642.603340407284
TR-042546,2025-09-26,1757.41,1614.8097260700165
TR-042547,2025-09-26,4356.9,4206.296052352261
TR-042548,2025-09-26,726.29,716.514702396424
TR-042549,2025-09-26,2116.49,2180.85318792966
TR-042550,2025-09-26,2038.12,1935.7682674542675
TR-042551,2025-09-26,3755.51,3607.995291488069
TR-042552,2025-09-27,3268.21,3371.7950967562297
TR-042553,2025-09-27,4170.77,4040.030820601983
TR-042554,2025-09-27,2525.86,2513.682300864923
TR-042555,2025-09-27,2319.48,2438.4072888881533
TR-042556,2025-09-27,3623.63,3636.4878562662493
TR-042557,2025-09-27,671.62,642.4387010980033
TR-042558,2025-09-27,875.9,895.3348872169798
TR-042559,2025-09-27,2703.93,2808.533691992524
TR-042560,2025-09-27,1660.86,1634.8476680784643
TR-042561,2025-09-27,2947.68,2859.017673318912
TR-042562,2025-09-27,3944.36,3785.602613728444
TR-042563,2025-09-27,2402.78,2410.5203599864253
TR-042564,2025-09-27,4038.01,4538.232281474972
TR-042565,2025-09-27,3409.5,3250.7161546366024
TR-042566,2025-09-27,1308.52,1361.9867181175864
TR-042567,2025-09-27,4072.33,4363.6293260977145
TR-042568,2025-09-27,3812.12,3718.980086255042
TR-042569,2025-09-27,2971.41,3115.7407802005678
TR-042570,2025-09-27,1301.34,1321.823804269838
TR-042571,2025-09-27,2120.19,2253.3922435393447
TR-042572,2025-09-27,584.16,532.3202697895139
TR-042573,2025-09-27,1633.96,1512.5065223636304
TR-042574,2025-09-27,2292.18,2277.220839995483
TR-042575,2025-09-27,804.32,789.0801241515258
TR-042576,2025-09-27,1583.61,1545.557562903855
TR-042577,2025-09-27,871.46,833.8329256293026
TR-042578,2025-09-27,1076.42,1094.1114603835003
TR-042579,2025-09-27,3190.59,3665.631153698649
TR-042580,2025-09-27,2002.72,1994.2461605550736
TR-042581,2025-09-27,2114.27,2135.6022111728817
TR-042582,2025-09-27,3385.79,3278.9960382359845
TR-042583,2025-09-27,3171.86,3149.5197712086247
TR-042584,2025-09-27,1119.0,1176.0342978711224
TR-042585,2025-09-27,526.16,510.20235844986104
TR-042586,2025-09-27,2119.88,2125.6944760968754
TR-042587,2025-09-27,1875.07,1993.2869128000996
TR-042588,2025-09-27,2146.22,2148.2094517923088
TR-042589,2025-09-27,1692.33,1721.8618134060637
TR-042590,2025-09-27,1467.23,1301.1268470609887
TR-042591,2025-09-27,965.68,945.092276987959
TR-042592,2025-09-27,1378.86,1249.2743886955975
TR-042593,2025-09-27,2043.1,1991.28696320821
TR-042594,2025-09-27,2271.11,2172.8860661310596
TR-042595,2025-09-27,2706.85,2745.3736607713986
TR-042596,2025-09-27,4509.16,4590.329404876011
TR-042597,2025-09-27,1407.84,1357.1910071413456
TR-042598,2025-09-27,1840.77,1878.451072632472
TR-042599,2025-09-27,2314.18,2324.0222256640936
TR-042600,2025-09-27,5204.12,5173.327157963467
TR-042601,2025-09-27,4380.96,4335.720586042042
TR-042602,2025-09-27,1331.02,1291.9366377883548
TR-042603,2025-09-27,983.64,1146.6168315216617
TR-042604,2025-09-27,2703.71,2597.1585944024746
TR-042605,2025-09-27,3878.07,3825.727601070491
TR-042606,2025-09-27,1157.62,1307.8656517855354
TR-042607,2025-09-27,490.81,490.0947574955231
TR-042608,2025-09-27,3381.92,3357.495016922726
TR-042609,2025-09-27,2442.27,2404.1155169825784
TR-042610,2025-09-27,1321.91,1271.1490046956894
TR-042611,2025-09-27,1146.87,1221.1318393961205
TR-042612,2025-09-27,3330.74,3396.6536750978908
TR-042613,2025-09-27,916.16,906.8437183871196
TR-042614,2025-09-27,1361.47,1355.7421710039898
TR-042615,2025-09-27,2496.2,2442.903262011685
TR-042616,2025-09-27,1886.36,1908.6315005778192
TR-042617,2025-09-27,2156.27,2147.007900122332
TR-042618,2025-09-27,2290.39,2598.5185379042928
TR-042619,2025-09-27,3171.04,3013.990648124377
TR-042620,2025-09-27,3802.71,4416.443441708423
TR-042621,2025-09-27,3995.74,4044.2314657830834
TR-042622,2025-09-27,3890.78,4413.280533047902
TR-042623,2025-09-27,3408.02,3463.738586941989
TR-042624,2025-09-27,1700.72,1772.3020814826336
TR-042625,2025-09-27,1315.81,1302.1637213774754
TR-042626,2025-09-27,1349.68,1440.6751241817526
TR-042627,2025-09-27,3325.68,3116.3334460116416
TR-042628,2025-09-27,891.87,952.2964633798153
TR-042629,2025-09-27,952.82,926.7490531180517
TR-042630,2025-09-27,2583.02,2647.944615314366
TR-042631,2025-09-27,815.6,753.4506106014958
TR-042632,2025-09-27,976.42,1021.2204731891787
TR-042633,2025-09-27,4427.33,4296.724618907922
TR-042634,2025-09-27,3311.83,3314.7699981121596
TR-042635,2025-09-27,5438.66,5591.532195749956
TR-042636,2025-09-27,4489.52,4599.746040261925
TR-042637,2025-09-27,1233.05,1285.8062965429608
TR-042638,2025-09-27,3859.28,3745.4715307291676
TR-042639,2025-09-27,2272.14,2184.0738834730487
TR-042640,2025-09-27,1014.25,1048.2403087091338
TR-042641,2025-09-27,2532.76,2468.5525721166377
TR-042642,2025-09-27,1677.41,1634.0805822034722
TR-042643,2025-09-27,1317.5,1263.0316428084536
TR-042644,2025-09-27,1347.11,1408.239956350538
TR-042645,2025-09-27,2056.61,1989.744297480499
TR-042646,2025-09-27,13420.59,5795.101129329555
TR-042647,2025-09-27,2701.16,2823.811969359259
TR-042648,2025-09-27,1587.63,1507.8913215420455
TR-042649,2025-09-27,1077.11,1133.7055093056867
TR-042650,2025-09-27,1919.24,1879.2406311445932
TR-042651,2025-09-27,1371.1,1317.228476856199
TR-042652,2025-09-27,1433.8,1357.7585268798032
TR-042653,2025-09-27,2087.18,2112.8550579096
TR-042654,2025-09-27,386.73,405.1076142140117
TR-042655,2025-09-27,6039.73,5984.474816777822
TR-042656,2025-09-27,3466.52,3432.5396771349333
TR-042657,2025-09-27,2248.59,2214.827826770439
TR-042658,2025-09-27,1938.08,1897.9650847549935
TR-042659,2025-09-27,2948.77,3277.976402332956
TR-042660,2025-09-27,1944.78,1813.5975649099153
TR-042661,2025-09-27,1726.89,1641.2975127738832
TR-042662,2025-09-27,1529.34,1445.653109117516
TR-042663,2025-09-27,2304.14,2264.552424749306
TR-042664,2025-09-27,4190.5,4112.291394958049
TR-042665,2025-09-27,1840.83,1789.0947691130855
TR-042666,2025-09-27,2186.6,2280.439879483982
TR-042667,2025-09-27,3436.63,3470.861346119217
TR-042668,2025-09-27,4662.25,4466.023797915827
TR-042669,2025-09-27,634.61,586.8937668656926
TR-042670,2025-09-27,2438.48,2375.442056854427
TR-042671,2025-09-27,784.6,833.1349442296291
TR-042672,2025-09-27,2296.04,2135.5566070701443
TR-042673,2025-09-27,5454.91,5418.7624171845755
TR-042674,2025-09-27,3974.29,5126.139136122786
TR-042675,2025-09-27,1001.0,1018.1590746903428
TR-042676,2025-09-27,3900.3,3739.5337549784017
TR-042677,2025-09-27,2212.19,2239.9491932155743
TR-042678,2025-09-27,839.84,830.6604685655891
TR-042679,2025-09-27,1537.28,1700.2257376481737
TR-042680,2025-09-27,2180.76,2113.3254205050193
TR-042681,2025-09-27,1957.42,1996.6449772174078
TR-042682,2025-09-27,1929.82,2072.1126787630815
TR-042683,2025-09-27,2057.32,1990.8146759673868
TR-042684,2025-09-27,4317.37,4674.689585131772
TR-042685,2025-09-27,476.13,474.4905691692781
TR-042686,2025-09-27,3101.26,3105.5857234051705
TR-042687,2025-09-27,4249.3,4206.204227326504
TR-042688,2025-09-27,989.93,1012.2393889715951
TR-042689,2025-09-27,3184.6,3155.3577126081113
TR-042690,2025-09-27,1345.5,1370.1633387041447
TR-042691,2025-09-27,2627.09,2493.8839625514315
TR-042692,2025-09-27,2577.85,2611.408168286618
TR-042693,2025-09-27,5195.38,5111.852487253378
TR-042694,2025-09-27,5082.25,5406.898889856568
TR-042695,2025-09-27,530.21,571.3001746754722
TR-042696,2025-09-27,747.51,741.3210769682886
TR-042697,2025-09-27,2129.9,2095.346303006756
TR-042698,2025-09-27,1672.82,1585.9136934150229
TR-042699,2025-09-27,752.71,729.6329635557496
TR-042700,2025-09-27,2119.15,1934.4113448240957
TR-042701,2025-09-27,1412.29,1373.5233236194679
TR-042702,2025-09-27,6112.28,6102.572862548284
TR-042703,2025-09-27,2999.69,2949.954066422497
TR-042704,2025-09-27,4493.91,4584.736236130416
TR-042705,2025-09-27,1279.9,1322.9279795897812
TR-042706,2025-09-27,4286.1,4396.294713558263
TR-042707,2025-09-27,1138.54,1176.6862737148474
TR-042708,2025-09-28,1093.77,1132.5728465343766
TR-042709,2025-09-28,2008.04,1944.4288661179758
TR-042710,2025-09-28,2928.47,2949.2773105734636
TR-042711,2025-09-28,2285.6,2315.4293240605875
TR-042712,2025-09-28,2108.91,2016.903034795465
TR-042713,2025-09-28,773.3,769.3059372773279
TR-042714,2025-09-28,1490.97,1380.3532891584375
TR-042715,2025-09-28,1251.3,1301.7614346818673
TR-042716,2025-09-28,1081.43,1072.817992713808
TR-042717,2025-09-28,662.77,694.6818666230303
TR-042718,2025-09-28,3176.32,2893.5167252171523
TR-042719,2025-09-28,713.74,674.2404682438929
TR-042720,2025-09-28,1137.0,1022.9965406178927
TR-042721,2025-09-28,2519.53,2509.822329141839
TR-042722,2025-09-28,5116.14,4950.333419436113
TR-042723,2025-09-28,1451.38,1533.2723428442093
TR-042724,2025-09-28,515.71,518.6828457137212
TR-042725,2025-09-28,3964.27,3974.0145029609657
TR-042726,2025-09-28,1046.48,1189.3576306798518
TR-042727,2025-09-28,2576.92,2564.9216266825047
TR-042728,2025-09-28,1416.65,1501.4596581702635
TR-042729,2025-09-28,1137.5,1150.7327228676236
TR-042730,2025-09-28,1714.87,1794.6403184193296
TR-042731,2025-09-28,1320.09,1349.2725085101486
TR-042732,2025-09-28,1953.03,1777.0228920743796
TR-042733,2025-09-28,3981.74,3801.369990030038
TR-042734,2025-09-28,2043.62,2193.336635769679
TR-042735,2025-09-28,1811.32,1798.2561598872471
TR-042736,2025-09-28,12797.54,3604.608316996935
TR-042737,2025-09-28,1152.43,1172.3681092951274
TR-042738,2025-09-28,988.29,1090.382008639555
TR-042739,2025-09-28,1604.79,1541.514177976794
TR-042740,2025-09-28,1244.65,1204.0979565363098
TR-042741,2025-09-28,2440.28,2457.7458307392685
TR-042742,2025-09-28,2161.46,2244.5531156342226
TR-042743,2025-09-28,1781.92,1764.5097318058927
TR-042744,2025-09-28,1060.01,1009.6907252833861
TR-042745,2025-09-28,1519.45,1436.1888284434192
TR-042746,2025-09-28,3934.89,4113.077341796248
TR-042747,2025-09-28,1628.9,1706.850846649729
TR-042748,2025-09-28,1410.12,1390.756219371192
TR-042749,2025-09-28,2438.58,2286.629152556057
TR-042750,2025-09-28,1084.53,1070.7519376556775
TR-042751,2025-09-28,3188.14,3407.8485810508864
TR-042752,2025-09-28,2010.31,1924.5127040719874
TR-042753,2025-09-28,753.24,753.5163003159834
TR-042754,2025-09-28,4230.2,4559.821203616569
TR-042755,2025-09-28,1639.84,1731.9833038480435
TR-042756,2025-09-28,5406.93,5241.05552349487
TR-042757,2025-09-28,2151.5,2296.7892307476586
TR-042758,2025-09-28,718.39,761.825125652737
TR-042759,2025-09-28,1873.55,1902.1464642631875
TR-042760,2025-09-28,1296.2,1353.5120318921129
TR-042761,2025-09-28,3288.85,3395.5251176939014
TR-042762,2025-09-28,3645.77,3662.3906659935724
TR-042763,2025-09-28,5754.21,5681.780419449412
TR-042764,2025-09-28,930.58,893.1696083913223
TR-042765,2025-09-28,2641.2,2585.8646145019843
TR-042766,2025-09-28,2453.74,2446.39935607613
TR-042767,2025-09-28,2306.76,2285.9444744715524
TR-042768,2025-09-28,3441.04,3429.0470203232776
TR-042769,2025-09-28,1652.67,1662.8218838108469
TR-042770,2025-09-28,389.7,375.2212415338933
TR-042771,2025-09-28,690.48,657.8884100444163
TR-042772,2025-09-28,2741.16,2738.0538262807713
TR-042773,2025-09-28,2075.87,2072.1662224750216
TR-042774,2025-09-28,4097.27,4130.214069275076
TR-042775,2025-09-28,1969.64,1930.5921886892895
TR-042776,2025-09-28,1723.88,1717.4988503114607
TR-042777,2025-09-28,901.55,821.7061846182382
TR-042778,2025-09-28,1309.13,1219.5657066521928
TR-042779,2025-09-28,3751.81,3739.316927520944
TR-042780,2025-09-28,3906.11,3810.036953748664
TR-042781,2025-09-28,4028.7,3813.279936067359
TR-042782,2025-09-28,2724.61,2792.627243536386
TR-042783,2025-09-28,4211.03,4116.15579151091
TR-042784,2025-09-28,1207.36,1119.8836154342882
TR-042785,2025-09-28,1687.68,1627.7622928522003
TR-042786,2025-09-28,1834.37,1946.915454424099
TR-042787,2025-09-28,2811.69,2703.958909079421
TR-042788,2025-09-28,2222.13,2170.7069051014096
TR-042789,2025-09-28,3940.37,3902.8547825597793
TR-042790,2025-09-28,1130.78,1142.4913408051268
TR-042791,2025-09-28,2349.87,2331.2101906917164
TR-042792,2025-09-28,1405.8,1409.8022497723516
TR-042793,2025-09-28,679.49,740.1626115094745
TR-042794,2025-09-28,2341.7,2408.031789341672
TR-042795,2025-09-28,1592.02,1563.7423356975683
TR-042796,2025-09-28,1914.47,1949.593693121433
TR-042797,2025-09-28,1741.04,1598.7151418254844
TR-042798,2025-09-28,2431.83,2330.2351949387917
TR-042799,2025-09-28,4092.63,4215.921298527225
TR-042800,2025-09-28,835.1,2267.7169405139784
TR-042801,2025-09-28,2027.96,2133.5547074662504
TR-042802,2025-09-28,572.78,675.4016432319648
TR-042803,2025-09-28,774.13,788.3130673160068
TR-042804,2025-09-28,2562.73,2713.9325537163136
TR-042805,2025-09-28,2265.28,2276.688692140005
TR-042806,2025-09-28,659.63,645.9868910159385
TR-042807,2025-09-28,1517.69,1645.2259238851232
TR-042808,2025-09-28,3064.0,3077.1347232713188
TR-042809,2025-09-28,1163.05,1154.8832122586248
TR-042810,2025-09-28,3865.31,3762.0284526591677
TR-042811,2025-09-28,1110.79,1114.7373558568302
TR-042812,2025-09-28,1877.01,1829.7550386861153
TR-042813,2025-09-28,3175.1,3119.0314829167796
TR-042814,2025-09-28,1235.23,1231.8171956532728
TR-042815,2025-09-28,1071.17,1040.103035915865
TR-042816,2025-09-28,1998.56,2090.097494754282
TR-042817,2025-09-28,1837.98,1858.1453679387027
TR-042818,2025-09-28,1970.93,2376.9879172232486
TR-042819,2025-09-28,3646.22,3772.22804652243
TR-042820,2025-09-28,4095.03,4556.063036597397
TR-042821,2025-09-28,2946.68,2914.2862083477644
TR-042822,2025-09-28,6276.34,6236.194123145894
TR-042823,2025-09-28,759.15,2051.665666137568
TR-042824,2025-09-28,2019.44,1991.068418855893
TR-042825,2025-09-28,2636.98,2726.582450987651
TR-042826,2025-09-28,1154.54,1215.9742012517981
TR-042827,2025-09-28,1784.89,1775.482022912614
TR-042828,2025-09-28,1173.97,1237.0889503422645
TR-042829,2025-09-28,510.64,496.62741078616597
TR-042830,2025-09-28,2643.41,2627.0127193688813
TR-042831,2025-09-28,5745.39,5876.962725911705
TR-042832,2025-09-28,2841.04,2834.035259640814
TR-042833,2025-09-28,652.12,640.3541187430839
TR-042834,2025-09-28,3089.81,3021.2772338792456
TR-042835,2025-09-28,1412.41,1456.9747044798642
TR-042836,2025-09-28,3167.21,3019.1498531973925
TR-042837,2025-09-28,783.73,889.1870288114447
TR-042838,2025-09-28,746.15,742.4650015909071
TR-042839,2025-09-28,3665.41,3788.3438111435476
TR-042840,2025-09-28,1541.54,1565.6885673689258
TR-042841,2025-09-28,2347.52,2332.317913936394
TR-042842,2025-09-28,1348.4,1339.3353949743503
TR-042843,2025-09-28,550.8,552.8090563424855
TR-042844,2025-09-28,351.36,353.2623441843162
TR-042845,2025-09-28,3319.67,3385.1334073244852
TR-042846,2025-09-28,2022.01,1955.7182696550399
TR-042847,2025-09-28,2406.52,2363.400659021505
TR-042848,2025-09-28,1363.38,1326.4878856151067
TR-042849,2025-09-28,2100.8,1936.9986604656979
TR-042850,2025-09-28,2936.55,2854.8523429685697
TR-042851,2025-09-28,3212.43,3162.1240713071406
TR-042852,2025-09-28,4164.97,4084.5679041297835
TR-042853,2025-09-28,2650.56,2587.671360199707
TR-042854,2025-09-28,4195.51,4387.960598286659
TR-042855,2025-09-28,2127.87,2220.9648496296945
TR-042856,2025-09-29,4238.86,4181.166013214111
TR-042857,2025-09-29,1516.81,1526.9496230182554
TR-042858,2025-09-29,603.85,581.7077868880924
TR-042859,2025-09-29,2420.76,2476.6669221183365
TR-042860,2025-09-29,1581.01,1500.5628597508
TR-042861,2025-09-29,6620.24,6670.372218242898
TR-042862,2025-09-29,1033.77,943.3051729674187
TR-042863,2025-09-29,3381.26,3664.844865998399
TR-042864,2025-09-29,1939.71,2074.382973954804
TR-042865,2025-09-29,3538.32,3600.3136863635114
TR-042866,2025-09-29,1140.78,1078.2577992171093
TR-042867,2025-09-29,2480.38,2519.387178778758
TR-042868,2025-09-29,4317.28,4255.112071632096
TR-042869,2025-09-29,3510.14,3417.6257302574027
TR-042870,2025-09-29,3127.58,3076.4211231868226
TR-042871,2025-09-29,2257.84,2425.1239903078763
TR-042872,2025-09-29,2049.02,2199.5468948116904
TR-042873,2025-09-29,1393.82,1263.2772933986923
TR-042874,2025-09-29,861.86,897.9739668211017
TR-042875,2025-09-29,734.67,761.2397912290834
TR-042876,2025-09-29,2575.9,2481.501439873663
TR-042877,2025-09-29,3770.99,3727.816744687319
TR-042878,2025-09-29,3179.94,3175.410036416747
TR-042879,2025-09-29,1902.01,2052.3937701032596
TR-042880,2025-09-29,731.51,731.580402647652
TR-042881,2025-09-29,3849.56,3607.9782610806064
TR-042882,2025-09-29,13503.63,3791.5782532562775
TR-042883,2025-09-29,1115.22,1132.1330231164836
TR-042884,2025-09-29,1280.61,1220.4365949447017
TR-042885,2025-09-29,2415.33,2331.3853523420944
TR-042886,2025-09-29,4163.43,4395.613090776928
TR-042887,2025-09-29,995.38,972.3521512338923
TR-042888,2025-09-29,2359.68,2350.712498658886
TR-042889,2025-09-29,5885.2,6017.862254962458
TR-042890,2025-09-29,1187.96,1123.4471057428905
TR-042891,2025-09-29,2211.3,2279.2795145189903
TR-042892,2025-09-29,4272.31,4446.089075859049
TR-042893,2025-09-29,2699.63,2741.281268240616
TR-042894,2025-09-29,1041.35,1001.2615509662908
TR-042895,2025-09-29,2068.14,1880.6539871937052
TR-042896,2025-09-29,5691.61,5549.949237504274
TR-042897,2025-09-29,1652.47,1696.4569848852614
TR-042898,2025-09-29,1753.06,1622.9106850880303
TR-042899,2025-09-29,2473.32,2438.7310356902913
TR-042900,2025-09-29,1385.48,1310.778584268411
TR-042901,2025-09-29,297.77,305.61195896962965
TR-042902,2025-09-29,3187.62,3139.053361800267
TR-042903,2025-09-29,2315.78,2308.595132774722
TR-042904,2025-09-29,1367.89,1319.8545358538981
TR-042905,2025-09-29,3543.74,3511.2523029096237
TR-042906,2025-09-29,958.88,917.3605368265496
TR-042907,2025-09-29,3033.86,2966.482571557504
TR-042908,2025-09-29,1126.7,1088.84366464581
TR-042909,2025-09-29,1325.46,1378.0610874820838
TR-042910,2025-09-29,1682.02,1710.2137314441354
TR-042911,2025-09-29,3275.31,3269.3489516886348
TR-042912,2025-09-29,3427.48,3556.4802994481443
TR-042913,2025-09-29,1536.58,1432.8018355957581
TR-042914,2025-09-29,4242.7,4325.188952941218
TR-042915,2025-09-29,1622.59,1645.30137236069
TR-042916,2025-09-29,2949.32,2847.0569180693565
TR-042917,2025-09-29,1636.32,1533.860836693879
TR-042918,2025-09-29,3937.63,3730.4223843908917
TR-042919,2025-09-29,5037.89,4686.89689383928
TR-042920,2025-09-29,543.25,535.0407195115088
TR-042921,2025-09-29,1343.69,1398.8887313010657
TR-042922,2025-09-29,1176.75,1170.845849963534
TR-042923,2025-09-29,3627.2,3333.6075572577965
TR-042924,2025-09-29,1202.33,1122.8197704432448
TR-042925,2025-09-29,2093.05,2022.5657100602791
TR-042926,2025-09-29,2666.6,3069.5867124011447
TR-042927,2025-09-29,4073.7,4026.7773045458684
TR-042928,2025-09-29,2989.61,3072.6999164769454
TR-042929,2025-09-29,606.85,612.1296119590749
TR-042930,2025-09-29,1928.87,2152.090302011805
TR-042931,2025-09-29,1101.73,1171.3190649438675
TR-042932,2025-09-29,3690.01,4192.962634781982
TR-042933,2025-09-29,1058.02,1095.2731609711893
TR-042934,2025-09-29,4190.81,4293.150072181664
TR-042935,2025-09-29,914.56,989.1621945008509
TR-042936,2025-09-29,3614.61,3649.7015394479704
TR-042937,2025-09-29,1479.07,1458.8239660504396
TR-042938,2025-09-29,2218.14,2034.1640389705772
TR-042939,2025-09-29,2067.31,2074.7655184319137
TR-042940,2025-09-29,2214.66,2237.5147524109334
TR-042941,2025-09-29,1909.99,1866.5798078113585
TR-042942,2025-09-29,3109.58,3076.4220817521477
TR-042943,2025-09-29,2506.95,2575.9087715841583
TR-042944,2025-09-29,2575.84,2473.9417946383146
TR-042945,2025-09-29,2697.94,2571.7285439760117
TR-042946,2025-09-29,1494.4,1489.690031800704
TR-042947,2025-09-29,3730.45,4160.739341758115
TR-042948,2025-09-29,1170.87,1225.8426206053875
TR-042949,2025-09-29,843.31,874.9816500134871
TR-042950,2025-09-29,1801.36,1741.6083735699397
TR-042951,2025-09-29,4116.74,4282.987717746839
TR-042952,2025-09-29,1689.45,1613.7547308246517
TR-042953,2025-09-29,3462.39,3558.9531601700915
TR-042954,2025-09-29,1500.36,1481.205900648507
TR-042955,2025-09-29,869.6,853.2813311097304
TR-042956,2025-09-29,3112.89,3107.982301217394
TR-042957,2025-09-29,2364.94,2460.175118956838
TR-042958,2025-09-29,5868.16,6343.179540006197
TR-042959,2025-09-29,1469.39,1418.078749197423
TR-042960,2025-09-29,4026.53,4346.862240418115
TR-042961,2025-09-29,3055.72,2960.540193912376
TR-042962,2025-09-29,2840.5,2814.718762367448
TR-042963,2025-09-29,752.54,709.575360218064
TR-042964,2025-09-29,5401.18,5406.416808571499
TR-042965,2025-09-29,1166.42,1021.0991480009365
TR-042966,2025-09-29,1250.51,1231.249288837805
TR-042967,2025-09-29,1039.93,1071.1438283088057
TR-042968,2025-09-29,1713.41,1858.2821131494711
TR-042969,2025-09-29,2173.05,2229.7840069213535
TR-042970,2025-09-29,1785.72,1776.7549769591105
TR-042971,2025-09-29,2310.73,2347.2579994657704
TR-042972,2025-09-29,4332.87,4182.5177551490715
TR-042973,2025-09-29,1423.88,1317.6938237105696
TR-042974,2025-09-29,2429.29,2521.8330216809177
TR-042975,2025-09-29,822.8,822.902040128096
TR-042976,2025-09-29,2417.99,2441.0259428140234
TR-042977,2025-09-29,2067.22,2092.8425608222965
TR-042978,2025-09-29,3397.49,3466.5964862007827
TR-042979,2025-09-29,1047.29,974.1478856450296
TR-042980,2025-09-29,3017.03,3328.8606363225636
TR-042981,2025-09-29,1401.54,1395.5545148463086
TR-042982,2025-09-29,4120.13,3967.6701868892546
TR-042983,2025-09-29,1891.3,1839.1861603786506
TR-042984,2025-09-29,845.31,841.59826299504
TR-042985,2025-09-29,2563.03,2943.571987181484
TR-042986,2025-09-29,650.29,660.2489308087507
TR-042987,2025-09-29,449.54,488.58564144711505
TR-042988,2025-09-29,1969.6,1926.0918935697678
TR-042989,2025-09-29,3574.92,3430.053280608006
TR-042990,2025-09-29,1247.17,1135.8947108460554
TR-042991,2025-09-29,4217.34,4038.837641138476
TR-042992,2025-09-29,10119.16,3007.6164084837
TR-042993,2025-09-29,1371.52,1447.3671613214144
TR-042994,2025-09-29,4431.8,4179.06464785323
TR-042995,2025-09-29,3565.92,3613.735976187892
TR-042996,2025-09-29,4815.72,4791.829682685419
TR-042997,2025-09-30,3338.79,3237.86674030642
TR-042998,2025-09-30,1853.42,1751.2679531178546
TR-042999,2025-09-30,5043.62,4958.001184163743
TR-043000,2025-09-30,4138.2,4012.3239953193697
TR-043001,2025-09-30,1170.91,1103.7374417154267
TR-043002,2025-09-30,780.1,738.3860745219657
TR-043003,2025-09-30,1379.76,1370.9687020773654
TR-043004,2025-09-30,1718.71,1708.09081518936
TR-043005,2025-09-30,839.98,893.9184832626895
TR-043006,2025-09-30,1129.32,1127.0554312874126
TR-043007,2025-09-30,1991.19,2050.6970105149258
TR-043008,2025-09-30,2189.03,2097.766482545561
TR-043009,2025-09-30,357.0,375.0924003909452
TR-043010,2025-09-30,4293.84,4002.900140735347
TR-043011,2025-09-30,2499.88,2550.858613474455
TR-043012,2025-09-30,1467.25,1395.1920331420313
TR-043013,2025-09-30,1190.36,1083.19183199907
TR-043014,2025-09-30,3419.14,3646.1624596784623
TR-043015,2025-09-30,2795.58,2859.503586615386
TR-043016,2025-09-30,690.34,663.7927140730915
TR-043017,2025-09-30,2421.83,2711.220850718753
TR-043018,2025-09-30,2011.7,2050.4366626727347
TR-043019,2025-09-30,1592.4,1547.5751608360565
TR-043020,2025-09-30,1029.31,1031.0231496864037
TR-043021,2025-09-30,2838.18,2947.5986379264723
TR-043022,2025-09-30,4018.97,3874.1521392816167
TR-043023,2025-09-30,4366.61,4251.24719934749
TR-043024,2025-09-30,4260.11,4324.008832840713
TR-043025,2025-09-30,848.73,804.7339925119591
TR-043026,2025-09-30,331.22,349.5304396708548
TR-043027,2025-09-30,1375.18,1363.20777164503
TR-043028,2025-09-30,2550.66,2370.6177467648467
TR-043029,2025-09-30,651.21,665.1795940762571
TR-043030,2025-09-30,4795.09,5282.901628981327
TR-043031,2025-09-30,2765.85,2487.050002129435
TR-043032,2025-09-30,3055.97,3069.991812548673
TR-043033,2025-09-30,4048.13,4050.7708307275093
TR-043034,2025-09-30,1829.79,1775.250311639278
TR-043035,2025-09-30,2322.98,2363.430797836718
TR-043036,2025-09-30,3453.46,3370.2064720710546
TR-043037,2025-09-30,1483.96,1451.8867636013688
TR-043038,2025-09-30,944.64,914.7761145251737
TR-043039,2025-09-30,1440.38,1492.263044941597
TR-043040,2025-09-30,1009.23,1032.2798972664054
TR-043041,2025-09-30,1224.2,1208.676559136308
TR-043042,2025-09-30,4764.98,4668.5369422929425
TR-043043,2025-09-30,2823.19,2755.666370946303
TR-043044,2025-09-30,1570.24,1465.0185957781823
TR-043045,2025-09-30,4027.94,4067.0796778496674
TR-043046,2025-09-30,2381.69,2373.4714469806618
TR-043047,2025-09-30,4038.74,3788.355246753288
TR-043048,2025-09-30,2149.82,2295.148465749407
TR-043049,2025-09-30,2519.02,2558.1714338523225
TR-043050,2025-09-30,5093.93,5323.6994622617485
TR-043051,2025-09-30,870.54,960.5240758355811
TR-043052,2025-09-30,3335.73,3263.4559927463047
TR-043053,2025-09-30,2108.84,2158.3373993410705
TR-043054,2025-09-30,1416.74,1385.7348805981276
TR-043055,2025-09-30,5046.46,4975.101355941965
TR-043056,2025-09-30,1623.96,1641.0778704393185
TR-043057,2025-09-30,4884.93,5231.28548004773
TR-043058,2025-09-30,1718.35,1803.305005821228
TR-043059,2025-09-30,1371.66,1406.4555954894952
TR-043060,2025-09-30,5343.79,5915.839683743526
TR-043061,2025-09-30,1340.72,1313.889168538986
TR-043062,2025-09-30,3511.31,3589.4966975273105
TR-043063,2025-09-30,2113.68,2122.0555633049194
TR-043064,2025-09-30,4609.2,4515.439370225386
TR-043065,2025-09-30,1109.63,1150.6599379322572
TR-043066,2025-09-30,2905.43,3082.062477257217
TR-043067,2025-09-30,1412.3,1479.2048919149772
TR-043068,2025-09-30,2642.23,2613.819824159938
TR-043069,2025-09-30,2610.3,789.9339311095923
TR-043070,2025-09-30,4026.49,4323.334409213405
TR-043071,2025-09-30,3531.35,3489.5086487455537
TR-043072,2025-09-30,716.88,751.1005770790588
TR-043073,2025-09-30,1736.2,1800.8526101838925
TR-043074,2025-09-30,1480.19,1459.3181440877615
TR-043075,2025-09-30,1913.03,1823.3581689987195
TR-043076,2025-09-30,2600.14,2922.2967904902803
TR-043077,2025-09-30,2522.62,991.6516130147015
TR-043078,2025-09-30,876.64,918.4161704471911
TR-043079,2025-09-30,434.29,437.5915027574227
TR-043080,2025-09-30,801.38,769.2890344854876
TR-043081,2025-09-30,989.5,975.7004975629474
TR-043082,2025-09-30,896.69,897.474492938827
TR-043083,2025-09-30,2726.84,2615.681833367407
TR-043084,2025-09-30,1484.02,1606.7392507267239
TR-043085,2025-09-30,940.89,969.0787901079552
TR-043086,2025-09-30,532.29,522.2867802806602
TR-043087,2025-09-30,1185.03,1124.831212540356
TR-043088,2025-09-30,3365.72,3382.4364224725064
TR-043089,2025-09-30,365.66,390.93606273478343
TR-043090,2025-09-30,1200.94,1089.4942543016864
TR-043091,2025-09-30,1352.62,1254.2579970229194
TR-043092,2025-09-30,2889.42,2856.2791821042583
TR-043093,2025-09-30,1771.8,1873.5599650374293
TR-043094,2025-09-30,1946.45,1976.4960965906123
TR-043095,2025-09-30,3300.91,3176.951835587405
TR-043096,2025-09-30,715.18,733.2873713513685
TR-043097,2025-09-30,4299.66,4433.024732639258
TR-043098,2025-09-30,1811.26,1688.7532091698833
TR-043099,2025-09-30,4205.63,4447.6899435348805
TR-043100,2025-09-30,838.67,828.2988225958103
TR-043101,2025-09-30,6610.21,6388.454389531001
TR-043102,2025-09-30,7443.31,2050.1758536488755
TR-043103,2025-09-30,1500.18,1577.4745729484189
TR-043104,2025-09-30,4526.15,4985.849417788086
TR-043105,2025-09-30,5382.19,5335.681064625051
TR-043106,2025-09-30,3542.5,3416.2826450763228
TR-043107,2025-09-30,4713.14,4476.911460724471
TR-043108,2025-09-30,2050.87,1995.5202721765788
TR-043109,2025-09-30,4361.64,4419.104814010132
TR-043110,2025-09-30,2023.59,2114.481001553566
TR-043111,2025-09-30,2275.62,2239.611167381585
TR-043112,2025-09-30,2250.21,2239.048191103126
TR-043113,2025-09-30,3981.2,3804.7868263972814
TR-043114,2025-09-30,2489.82,2518.9759565160057
TR-043115,2025-09-30,1856.04,1790.6257367119229
TR-043116,2025-09-30,3878.4,4056.716265507175
TR-043117,2025-09-30,1371.12,1264.087228769645
TR-043118,2025-09-30,1818.34,1692.8338362963923
TR-043119,2025-09-30,968.44,967.9975321222366
TR-043120,2025-09-30,3308.06,3383.2938717461075
TR-043121,2025-09-30,1454.09,1310.9263122784885
TR-043122,2025-09-30,4726.9,4582.993534045106
TR-043123,2025-09-30,749.67,772.3013611152289
TR-043124,2025-09-30,2009.55,2099.560762529981
TR-043125,2025-09-30,3784.87,3714.5247642134705
TR-043126,2025-09-30,4713.82,4555.2871800098055
TR-043127,2025-09-30,1095.54,1066.2478039990237
TR-043128,2025-09-30,2423.41,2494.6232996777617
TR-043129,2025-09-30,6031.83,6236.186745811875
TR-043130,2025-09-30,4633.29,4314.660273803777
TR-043131,2025-09-30,4000.2,1292.1296516665598
TR-043132,2025-09-30,2040.44,1781.305997170232
TR-043133,2025-09-30,4265.6,4687.3861728716965
TR-043134,2025-09-30,1280.48,1260.1166923914868
TR-043135,2025-09-30,2711.58,2606.479483891196
TR-043136,2025-09-30,1997.28,2037.8405636373725
TR-043137,2025-09-30,1351.46,1267.0483886303655
TR-043138,2025-09-30,5812.69,6084.696464249305
TR-043139,2025-09-30,2108.23,2009.6827543598197
TR-043140,2025-09-30,3252.91,3441.8177256698027
TR-043141,2025-09-30,5237.53,5137.91666845761
TR-043142,2025-09-30,4514.51,4273.940731876532
TR-043143,2025-09-30,1980.3,2039.3562351451023
TR-043144,2025-09-30,1931.07,1767.4700665521575
TR-043145,2025-09-30,3707.12,3572.1993757376813
TR-043146,2025-09-30,1650.2,1592.2956112589072
TR-043147,2025-09-30,1938.61,1827.9026737982322
