load_id,date,posted_rate,predicted_rate
TR-028807,2025-07-01,626.6,609.8410830799289
TR-028808,2025-07-01,935.85,981.7918230118835
TR-028809,2025-07-01,2098.29,2171.320923381022
TR-028810,2025-07-01,3062.96,3018.5269731442822
TR-028811,2025-07-01,1221.59,1247.0351668737567
TR-028812,2025-07-01,1114.49,1142.4473865363507
TR-028813,2025-07-01,1829.62,1802.1900533001558
TR-028814,2025-07-01,10620.88,3228.882923211423
TR-028815,2025-07-01,562.33,545.6244886446207
TR-028816,2025-07-01,4406.98,4386.625309392426
TR-028817,2025-07-01,1322.56,1286.947931982366
TR-028818,2025-07-01,2634.99,2722.1569577542487
TR-028819,2025-07-01,3208.35,3153.55014840915
TR-028820,2025-07-01,3627.33,3764.965335866249
TR-028821,2025-07-01,2793.15,2772.775303070437
TR-028822,2025-07-01,2992.18,2988.5806796898287
TR-028823,2025-07-01,2944.35,2970.8608992691043
TR-028824,2025-07-01,3450.56,3596.8502695608395
TR-028825,2025-07-01,14317.13,3348.541439242368
TR-028826,2025-07-01,1821.29,1863.7677939285509
TR-028827,2025-07-01,1453.06,1538.4836987033827
TR-028828,2025-07-01,327.04,311.0485673588282
TR-028829,2025-07-01,653.64,648.7284243125284
TR-028830,2025-07-01,417.85,411.34153596592614
TR-028831,2025-07-01,1778.94,1786.0615254272227
TR-028832,2025-07-01,2884.66,2872.510339752652
TR-028833,2025-07-01,1271.87,1294.0227961826877
TR-028834,2025-07-01,839.16,798.2057517269452
TR-028835,2025-07-01,2860.06,2832.4266014771088
TR-028836,2025-07-01,698.22,684.5779296491125
TR-028837,2025-07-01,645.97,643.1459839375384
TR-028838,2025-07-01,3502.07,3444.6115657553737
TR-028839,2025-07-01,4025.77,3885.581329254409
TR-028840,2025-07-01,1241.43,1245.9091124531496
TR-028841,2025-07-01,2856.47,2976.2204322357993
TR-028842,2025-07-01,4300.61,4366.0959022615225
TR-028843,2025-07-01,2343.99,2328.1598908204655
TR-028844,2025-07-01,739.24,752.4689460360128
TR-028845,2025-07-01,2176.41,2103.113073090912
TR-028846,2025-07-01,3866.42,3767.375993729601
TR-028847,2025-07-01,1907.65,1865.7081608352712
TR-028848,2025-07-01,3986.07,4043.327187467483
TR-028849,2025-07-01,235.59,269.376163259514
TR-028850,2025-07-01,1850.29,1818.715915836015
TR-028851,2025-07-01,982.61,988.1110790393939
TR-028852,2025-07-01,1984.8,1922.9751674853371
TR-028853,2025-07-01,2617.48,2576.172733231631
TR-028854,2025-07-01,815.85,787.8417720226971
TR-028855,2025-07-01,5303.95,5234.517769589336
TR-028856,2025-07-01,3194.99,3288.093872980462
TR-028857,2025-07-01,914.78,902.5571987277883
TR-028858,2025-07-01,2708.27,2657.7546049881453
TR-028859,2025-07-01,2200.21,2202.8503196022893
TR-028860,2025-07-01,1321.67,1322.6926213759712
TR-028861,2025-07-01,5777.13,5841.941502656375
TR-028862,2025-07-01,1224.18,1256.176658697338
TR-028863,2025-07-01,516.87,502.1072984529628
TR-028864,2025-07-01,1548.83,1601.9515409138671
TR-028865,2025-07-01,1278.95,1327.730192970606
TR-028866,2025-07-01,1461.33,1462.749788440654
TR-028867,2025-07-01,273.18,295.1814391068874
TR-028868,2025-07-01,4093.76,4111.016333870985
TR-028869,2025-07-01,4423.87,4332.015972366724
TR-028870,2025-07-01,1377.43,1387.5028638851888
TR-028871,2025-07-01,1101.06,1119.571675332491
TR-028872,2025-07-01,3504.89,3409.219462866969
TR-028873,2025-07-01,1840.51,1819.5803420899038
TR-028874,2025-07-01,1216.63,1194.2526250167007
TR-028875,2025-07-01,703.33,668.0561441678674
TR-028876,2025-07-01,356.22,386.09765080924035
TR-028877,2025-07-01,2139.58,2118.775026833759
TR-028878,2025-07-01,1328.65,1360.0927211205199
TR-028879,2025-07-01,2571.68,2521.2697879013645
TR-028880,2025-07-01,2147.82,2133.760632327395
TR-028881,2025-07-01,4045.7,4063.4102345079427
TR-028882,2025-07-01,5258.57,5265.409510249314
TR-028883,2025-07-01,1509.85,1546.2277642494057
TR-028884,2025-07-01,2493.54,2553.5722241939943
TR-028885,2025-07-01,2007.92,1979.6201183847966
TR-028886,2025-07-01,2705.35,2719.7518771422747
TR-028887,2025-07-01,4773.67,4820.763527070176
TR-028888,2025-07-01,2946.58,2962.692079278855
TR-028889,2025-07-01,3296.22,3372.925924224226
TR-028890,2025-07-01,1065.26,1069.6567103870211
TR-028891,2025-07-01,4341.59,4418.759905049192
TR-028892,2025-07-01,4819.69,4914.890607149086
TR-028893,2025-07-01,900.44,919.6758193540968
TR-028894,2025-07-01,769.64,760.9064322301413
TR-028895,2025-07-01,2215.65,2229.2022885472793
TR-028896,2025-07-01,3848.85,3845.9181289559383
TR-028897,2025-07-01,1624.75,1695.0393114301255
TR-028898,2025-07-01,2448.78,2453.5475180901162
TR-028899,2025-07-01,858.44,877.8835005530025
TR-028900,2025-07-01,2907.21,2881.1290921626837
TR-028901,2025-07-01,1149.03,1180.8235640217536
TR-028902,2025-07-01,3544.78,3538.249892579166
TR-028903,2025-07-01,579.66,603.3096126603702
TR-028904,2025-07-01,543.27,538.1550430005889
TR-028905,2025-07-01,3914.12,3851.696696529193
TR-028906,2025-07-01,3315.5,3445.5866116556736
TR-028907,2025-07-01,583.89,565.468743014048
TR-028908,2025-07-01,1173.28,1144.1192646020577
TR-028909,2025-07-01,1981.14,1933.0078507690846
TR-028910,2025-07-01,370.42,368.00325716586076
TR-028911,2025-07-01,3861.91,3934.843829690822
TR-028912,2025-07-01,1230.66,1269.1238122025825
TR-028913,2025-07-01,871.05,836.7018529568024
TR-028914,2025-07-01,4603.91,4757.800838516701
TR-028915,2025-07-01,1580.55,1548.8666259243823
TR-028916,2025-07-01,2822.69,2756.406114515033
TR-028917,2025-07-01,6680.25,6428.9715455595315
TR-028918,2025-07-01,2046.52,1961.8714293498367
TR-028919,2025-07-01,2178.28,2152.073787025939
TR-028920,2025-07-01,1034.06,1013.3047317744046
TR-028921,2025-07-01,688.13,682.8129559927904
TR-028922,2025-07-01,402.91,385.11795212624656
TR-028923,2025-07-01,1853.36,1847.611664116993
TR-028924,2025-07-01,1855.08,1893.4010118479105
TR-028925,2025-07-01,975.19,946.9874826979265
TR-028926,2025-07-01,248.36,263.2834522874273
TR-028927,2025-07-01,1388.73,1386.5156635688054
TR-028928,2025-07-01,714.49,702.191888005169
TR-028929,2025-07-01,3611.14,3579.172080488834
TR-028930,2025-07-01,2908.62,2990.2585631593324
TR-028931,2025-07-01,2165.32,2156.198969439347
TR-028932,2025-07-01,2021.38,2046.6532467541235
TR-028933,2025-07-01,1581.8,1578.5356270693972
TR-028934,2025-07-01,1826.13,1813.6842282429955
TR-028935,2025-07-01,919.01,913.1425147225525
TR-028936,2025-07-01,1797.97,1817.505018320067
TR-028937,2025-07-01,939.1,956.6110405983552
TR-028938,2025-07-01,404.65,398.30006514059073
TR-028939,2025-07-01,3968.9,3956.9001763857805
TR-028940,2025-07-01,3981.55,4065.2525233622746
TR-028941,2025-07-01,1943.06,1920.3507859195086
TR-028942,2025-07-02,5711.09,5750.997404099817
TR-028943,2025-07-02,855.3,885.8339139491309
TR-028944,2025-07-02,1695.86,1655.0483974795538
TR-028945,2025-07-02,832.59,857.8381354662247
TR-028946,2025-07-02,5215.9,5334.034256296885
TR-028947,2025-07-02,3653.88,3533.4707539288256
TR-028948,2025-07-02,4028.79,3877.501521057954
TR-028949,2025-07-02,851.35,844.599530483941
TR-028950,2025-07-02,2996.52,3001.2731545575
TR-028951,2025-07-02,4131.57,4055.1878435432614
TR-028952,2025-07-02,2892.63,2789.423015251574
TR-028953,2025-07-02,3701.2,3674.0803150323177
TR-028954,2025-07-02,1760.71,1739.8884965024297
TR-028955,2025-07-02,942.81,940.7812586092014
TR-028956,2025-07-02,1920.97,1905.0797051136683
TR-028957,2025-07-02,2407.72,2384.5386636515304
TR-028958,2025-07-02,2319.06,2388.75568922263
TR-028959,2025-07-02,6114.99,6073.978131422421
TR-028960,2025-07-02,1482.09,1436.3218708275408
TR-028961,2025-07-02,4264.16,4403.051357973868
TR-028962,2025-07-02,1585.26,1690.8416587190477
TR-028963,2025-07-02,2356.2,2402.73242527622
TR-028964,2025-07-02,1587.61,1596.6026382547964
TR-028965,2025-07-02,1286.43,1242.1399223631581
TR-028966,2025-07-02,2530.79,2564.407078926464
TR-028967,2025-07-02,1802.0,1792.6363160468395
TR-028968,2025-07-02,3269.47,3355.174956497329
TR-028969,2025-07-02,3631.63,3747.7632668964598
TR-028970,2025-07-02,1567.37,1559.3576110400425
TR-028971,2025-07-02,5145.21,5069.497356877381
TR-028972,2025-07-02,1717.01,1732.0610962658393
TR-028973,2025-07-02,1301.23,1303.3669536583539
TR-028974,2025-07-02,3154.11,3190.996842840971
TR-028975,2025-07-02,4209.18,4242.2793977820675
TR-028976,2025-07-02,2152.54,2145.5570649577544
TR-028977,2025-07-02,1536.48,1557.958273398911
TR-028978,2025-07-02,864.86,834.7369908365347
TR-028979,2025-07-02,3931.54,3750.693409462729
TR-028980,2025-07-02,2327.02,2335.9678075616507
TR-028981,2025-07-02,2752.9,2723.522184139657
TR-028982,2025-07-02,3771.83,3667.78468882551
TR-028983,2025-07-02,918.39,964.9950626007474
TR-028984,2025-07-02,2212.28,2237.649752386521
TR-028985,2025-07-02,1710.13,1681.5009127505061
TR-028986,2025-07-02,1354.27,1366.154538991626
TR-028987,2025-07-02,1236.65,1216.076220075252
TR-028988,2025-07-02,875.39,867.7840624538762
TR-028989,2025-07-02,1836.8,1846.0729829824913
TR-028990,2025-07-02,1767.03,1764.0213920504061
TR-028991,2025-07-02,1041.97,1065.7520696612132
TR-028992,2025-07-02,4940.32,4853.081627890784
TR-028993,2025-07-02,4472.58,4482.9552961281615
TR-028994,2025-07-02,2573.29,2540.4642258970657
TR-028995,2025-07-02,4351.15,4535.43060936785
TR-028996,2025-07-02,1156.87,3209.0602496189176
TR-028997,2025-07-02,414.32,406.53837429115356
TR-028998,2025-07-02,3533.26,3476.18686993554
TR-028999,2025-07-02,1093.87,1085.0696959220422
TR-029000,2025-07-02,2738.89,2687.940439591416
TR-029001,2025-07-02,1535.3,1516.5155259135202
TR-029002,2025-07-02,1448.52,1438.109542966258
TR-029003,2025-07-02,1652.99,1693.4635259458992
TR-029004,2025-07-02,1289.14,1293.9832450313654
TR-029005,2025-07-02,2736.43,2675.5276978939423
TR-029006,2025-07-02,759.45,726.4934492529699
TR-029007,2025-07-02,3712.22,3752.5676946923963
TR-029008,2025-07-02,2062.12,2066.8042596798323
TR-029009,2025-07-02,830.7,815.3355850650726
TR-029010,2025-07-02,3244.87,3265.9966749598525
TR-029011,2025-07-02,1569.03,1577.315767230817
TR-029012,2025-07-02,999.13,1034.8390024101723
TR-029013,2025-07-02,3277.56,3399.0343001838196
TR-029014,2025-07-02,1156.57,1179.9387458291753
TR-029015,2025-07-02,5028.75,5129.628506525921
TR-029016,2025-07-02,2438.96,2375.706422139172
TR-029017,2025-07-02,1428.54,1469.7120917888462
TR-029018,2025-07-02,2633.23,2705.977482849783
TR-029019,2025-07-02,2255.41,2296.250836908254
TR-029020,2025-07-02,2306.72,2310.969919619352
TR-029021,2025-07-02,6533.28,6603.521239550869
TR-029022,2025-07-02,1835.12,1892.1640819380314
TR-029023,2025-07-02,2127.89,2197.3232891283915
TR-029024,2025-07-02,1941.68,1891.1734017961876
TR-029025,2025-07-02,1422.18,1385.3505835236244
TR-029026,2025-07-02,2562.16,2544.7511625580264
TR-029027,2025-07-02,2806.86,2908.41524441455
TR-029028,2025-07-02,3821.87,3830.3097742458485
TR-029029,2025-07-02,3490.08,3430.3581038184025
TR-029030,2025-07-02,1944.87,1892.9807511121242
TR-029031,2025-07-02,4689.45,4685.775906933485
TR-029032,2025-07-02,600.54,613.6736253933275
TR-029033,2025-07-02,4250.77,4313.840691499917
TR-029034,2025-07-02,1390.85,1414.5232288312664
TR-029035,2025-07-02,2521.13,2538.1859352868346
TR-029036,2025-07-02,2570.02,2679.190420095326
TR-029037,2025-07-02,1787.35,1841.2305473155968
TR-029038,2025-07-02,763.35,745.1838263696045
TR-029039,2025-07-02,4680.28,4688.998597443201
TR-029040,2025-07-02,632.86,605.4439703922305
TR-029041,2025-07-02,914.78,955.202045359511
TR-029042,2025-07-02,1354.81,1350.6671921858763
TR-029043,2025-07-02,3027.02,2986.590573333201
TR-029044,2025-07-02,3145.29,3196.320552592262
TR-029045,2025-07-02,2643.78,2677.2105915722827
TR-029046,2025-07-02,3915.41,3985.426607717145
TR-029047,2025-07-02,3646.72,3739.784338397448
TR-029048,2025-07-02,2101.39,2141.346114122107
TR-029049,2025-07-02,4255.94,4088.5698357917763
TR-029050,2025-07-02,1960.27,1974.5770188436766
TR-029051,2025-07-02,2302.58,2304.261678029129
TR-029052,2025-07-02,1507.02,1537.4028180101634
TR-029053,2025-07-02,2502.53,2522.5357024011764
TR-029054,2025-07-02,1645.78,1718.7732014237422
TR-029055,2025-07-02,1984.68,5865.201719066978
TR-029056,2025-07-02,667.86,2841.548611414046
TR-029057,2025-07-02,939.55,953.9623748292158
TR-029058,2025-07-02,385.09,1085.9912944541725
TR-029059,2025-07-02,1830.56,1842.8934897433655
TR-029060,2025-07-02,1240.91,1248.4270796336577
TR-029061,2025-07-02,2615.74,2637.60579349951
TR-029062,2025-07-02,994.92,991.7830996194793
TR-029063,2025-07-02,2543.01,2489.0309557245714
TR-029064,2025-07-02,1465.3,1436.4681241112844
TR-029065,2025-07-02,1541.37,1567.3929324836286
TR-029066,2025-07-02,3444.49,3494.2361841402158
TR-029067,2025-07-02,1218.98,1220.158161246502
TR-029068,2025-07-02,1795.15,1789.7673174149402
TR-029069,2025-07-02,1088.73,1091.5818577552172
TR-029070,2025-07-02,4930.68,5136.617756176465
TR-029071,2025-07-02,1778.3,1827.8187790231425
TR-029072,2025-07-02,881.52,898.330359998188
TR-029073,2025-07-02,3468.84,3486.3379117164586
TR-029074,2025-07-02,3889.14,3832.262699055271
TR-029075,2025-07-02,5576.85,5702.264471101651
TR-029076,2025-07-02,3618.13,3505.761339858056
TR-029077,2025-07-02,2173.12,2199.732644218734
TR-029078,2025-07-02,4207.04,4268.133409746325
TR-029079,2025-07-02,2252.03,2297.141047875983
TR-029080,2025-07-02,3400.54,3389.9247840324797
TR-029081,2025-07-02,4057.18,4109.4729373985165
TR-029082,2025-07-02,302.23,316.37399574719825
TR-029083,2025-07-02,1005.71,1037.1809940533217
TR-029084,2025-07-02,1313.45,1303.6958115062153
TR-029085,2025-07-02,3401.92,3509.8763026681627
TR-029086,2025-07-02,1973.95,1983.0710118811865
TR-029087,2025-07-02,3913.76,3899.2279156841796
TR-029088,2025-07-02,1281.3,1273.5160173006554
TR-029089,2025-07-02,2986.67,703.6868032695452
TR-029090,2025-07-02,3828.91,3863.7411565595135
TR-029091,2025-07-02,4161.23,4220.176137881876
TR-029092,2025-07-02,3500.78,3497.1631010632536
TR-029093,2025-07-02,927.41,892.2464080064378
TR-029094,2025-07-02,3514.9,3534.2145564587763
TR-029095,2025-07-02,2571.41,2506.933302484248
TR-029096,2025-07-02,3126.05,3146.592162092973
TR-029097,2025-07-02,1201.25,1202.5598911760176
TR-029098,2025-07-02,1071.17,1078.274729717865
TR-029099,2025-07-02,2041.72,2043.2966514910436
TR-029100,2025-07-02,3403.32,3373.8215921669807
TR-029101,2025-07-02,2291.86,2319.406885523673
TR-029102,2025-07-02,6557.41,6410.02140787009
TR-029103,2025-07-02,1616.31,1642.4129321723997
TR-029104,2025-07-02,4067.5,4118.570654950364
TR-029105,2025-07-02,3671.51,3761.461390245132
TR-029106,2025-07-02,2491.55,2476.645755569931
TR-029107,2025-07-02,1022.58,1028.7160726269512
TR-029108,2025-07-02,2411.54,2346.936333638786
TR-029109,2025-07-02,2672.17,2666.2007194580838
TR-029110,2025-07-02,1411.61,1469.0112474534303
TR-029111,2025-07-02,1302.7,1351.8531951055852
TR-029112,2025-07-02,809.09,798.1173568737697
TR-029113,2025-07-03,1372.84,1332.2450538513413
TR-029114,2025-07-03,4993.53,5029.455071201608
TR-029115,2025-07-03,1635.91,1636.856991470208
TR-029116,2025-07-03,4120.34,4221.818540276687
TR-029117,2025-07-03,3178.09,3211.6170339826504
TR-029118,2025-07-03,618.65,595.1157886433091
TR-029119,2025-07-03,2610.24,2632.853929091318
TR-029120,2025-07-03,899.4,860.3603752010633
TR-029121,2025-07-03,945.76,944.6482520057168
TR-029122,2025-07-03,551.17,549.1649882250472
TR-029123,2025-07-03,1768.84,1834.421654099974
TR-029124,2025-07-03,2518.94,2596.523136558922
TR-029125,2025-07-03,363.33,370.7810856412682
TR-029126,2025-07-03,879.49,889.4635480210238
TR-029127,2025-07-03,1411.96,1401.5033381329704
TR-029128,2025-07-03,531.88,530.4593248247977
TR-029129,2025-07-03,1577.31,1570.270360669989
TR-029130,2025-07-03,3756.05,3714.050269803636
TR-029131,2025-07-03,1523.87,1512.4774254367076
TR-029132,2025-07-03,620.08,631.7665070112171
TR-029133,2025-07-03,1272.96,1258.404168631984
TR-029134,2025-07-03,1547.43,1599.0645738631263
TR-029135,2025-07-03,2195.94,2167.4024420742753
TR-029136,2025-07-03,1243.41,1239.1865944828169
TR-029137,2025-07-03,1802.67,1808.9173043753622
TR-029138,2025-07-03,1497.95,1458.9672797550147
TR-029139,2025-07-03,1565.05,1617.8975076168404
TR-029140,2025-07-03,1964.36,2015.639986416265
TR-029141,2025-07-03,1715.34,1675.4388137464844
TR-029142,2025-07-03,1092.52,1094.2213989351085
TR-029143,2025-07-03,3842.68,3863.865885515341
TR-029144,2025-07-03,3605.69,3676.1016660296145
TR-029145,2025-07-03,1365.22,1380.8024947533552
TR-029146,2025-07-03,354.91,332.56660340836333
TR-029147,2025-07-03,819.45,793.0465032582497
TR-029148,2025-07-03,3163.43,3175.531471504759
TR-029149,2025-07-03,1780.26,1786.039896724613
TR-029150,2025-07-03,819.93,786.1129383737057
TR-029151,2025-07-03,367.89,358.1018861202592
TR-029152,2025-07-03,1798.74,1766.1208620934885
TR-029153,2025-07-03,2355.7,2325.648270683332
TR-029154,2025-07-03,3258.23,3228.8757913593363
TR-029155,2025-07-03,1639.04,1692.433963952906
TR-029156,2025-07-03,508.14,461.7114113474636
TR-029157,2025-07-03,1751.51,1744.3529324137182
TR-029158,2025-07-03,4130.3,4134.442871798102
TR-029159,2025-07-03,504.55,496.0933484254042
TR-029160,2025-07-03,739.49,699.4713826885879
TR-029161,2025-07-03,1984.65,1989.541811602676
TR-029162,2025-07-03,2229.43,2271.9773095475903
TR-029163,2025-07-03,625.37,630.0157071475251
TR-029164,2025-07-03,985.28,1016.0018242720305
TR-029165,2025-07-03,3701.58,3732.749974291057
TR-029166,2025-07-03,599.88,588.9652421942037
TR-029167,2025-07-03,3830.39,3818.3724436252705
TR-029168,2025-07-03,1491.5,1513.3971658989094
TR-029169,2025-07-03,798.32,778.5706308173515
TR-029170,2025-07-03,3077.81,3044.798013397259
TR-029171,2025-07-03,6757.79,6437.95334714918
TR-029172,2025-07-03,2398.43,2395.062972249939
TR-029173,2025-07-03,1689.91,1643.0353417569684
TR-029174,2025-07-03,4185.87,4237.87709136247
TR-029175,2025-07-03,1888.21,1935.1186246567202
TR-029176,2025-07-03,1024.02,1007.2818585183943
TR-029177,2025-07-03,2554.26,2543.11718256231
TR-029178,2025-07-03,1211.43,1211.8328311864636
TR-029179,2025-07-03,3073.9,3036.3389920726854
TR-029180,2025-07-03,5471.49,5380.81017394956
TR-029181,2025-07-03,2141.4,2219.240559705118
TR-029182,2025-07-03,3260.53,3261.861541339472
TR-029183,2025-07-03,2283.75,2308.779137109551
TR-029184,2025-07-03,1496.39,1543.5195080373178
TR-029185,2025-07-03,4132.37,4046.345498344918
TR-029186,2025-07-03,2167.12,2137.7703397505234
TR-029187,2025-07-03,1848.13,1857.3914082879771
TR-029188,2025-07-03,1390.25,1387.4761560687912
TR-029189,2025-07-03,993.6,1025.8336805506617
TR-029190,2025-07-03,3963.72,4075.970505698091
TR-029191,2025-07-03,2866.56,2759.1572385516015
TR-029192,2025-07-03,3088.02,3144.4087126278455
TR-029193,2025-07-03,3601.13,3612.442162635113
TR-029194,2025-07-03,3175.81,3219.359947775519
TR-029195,2025-07-03,2095.34,2094.031681565321
TR-029196,2025-07-03,3898.37,3939.248782265245
TR-029197,2025-07-03,1507.49,1534.1588488789982
TR-029198,2025-07-03,750.7,752.8651642356378
TR-029199,2025-07-03,727.64,724.4604581595843
TR-029200,2025-07-03,5388.14,5596.858904178416
TR-029201,2025-07-03,5213.56,5177.398456463492
TR-029202,2025-07-03,3975.27,4075.499006935059
TR-029203,2025-07-03,5251.54,5339.4579184392
TR-029204,2025-07-03,2007.61,2054.3360716940692
TR-029205,2025-07-03,652.91,632.9587167615362
TR-029206,2025-07-03,2011.24,2002.6350442693047
TR-029207,2025-07-03,717.4,726.990578630862
TR-029208,2025-07-03,3476.12,3559.887843431754
TR-029209,2025-07-03,3095.41,3102.3777790543986
TR-029210,2025-07-03,1681.61,1638.6456534355134
TR-029211,2025-07-03,868.37,899.6136300392855
TR-029212,2025-07-03,1555.08,1573.4400576802805
TR-029213,2025-07-03,1243.46,1294.0176578714368
TR-029214,2025-07-03,2429.23,2474.3601351983575
TR-029215,2025-07-03,2047.49,2103.900003140643
TR-029216,2025-07-03,3904.97,3850.2529410012394
TR-029217,2025-07-03,4014.57,3917.78812477924
TR-029218,2025-07-03,3504.91,3589.5908607630117
TR-029219,2025-07-03,3890.59,3864.0471318068567
TR-029220,2025-07-03,3530.95,3501.0043859338884
TR-029221,2025-07-03,820.77,837.011934805899
TR-029222,2025-07-03,555.72,548.7564165890374
TR-029223,2025-07-03,2359.44,2373.935123720032
TR-029224,2025-07-03,1438.78,1422.8134468431713
TR-029225,2025-07-03,3022.9,3100.9749141257953
TR-029226,2025-07-03,1780.81,1781.8161812064116
TR-029227,2025-07-03,5808.93,5847.189887454353
TR-029228,2025-07-03,1227.25,1215.9487608890097
TR-029229,2025-07-03,4089.85,4022.9481074134255
TR-029230,2025-07-03,3026.77,3106.6496220753734
TR-029231,2025-07-03,2970.8,2924.8627867532327
TR-029232,2025-07-03,2739.12,2683.736126113717
TR-029233,2025-07-03,4740.65,4886.975868986039
TR-029234,2025-07-03,1199.16,1222.8890742184713
TR-029235,2025-07-03,3065.85,3016.249489711972
TR-029236,2025-07-03,1910.41,1927.926020772141
TR-029237,2025-07-03,2359.23,2320.5007792697343
TR-029238,2025-07-03,2771.73,2682.606324102591
TR-029239,2025-07-03,452.41,2135.608116361979
TR-029240,2025-07-03,1470.71,1446.4368438786191
TR-029241,2025-07-03,2721.94,2740.097844241731
TR-029242,2025-07-03,1764.63,1782.4813801431399
TR-029243,2025-07-03,4127.61,3971.7191647406644
TR-029244,2025-07-03,2736.72,2774.1095676260993
TR-029245,2025-07-03,2259.6,2306.0775979860477
TR-029246,2025-07-03,1948.46,1919.7025737476101
TR-029247,2025-07-03,2759.39,2762.6118905706185
TR-029248,2025-07-03,4634.7,4554.450331959026
TR-029249,2025-07-03,4362.9,4477.774892817242
TR-029250,2025-07-03,1761.67,1837.1785170389835
TR-029251,2025-07-03,1779.73,1819.7375703219545
TR-029252,2025-07-03,1736.02,1733.1777321620286
TR-029253,2025-07-03,1139.87,1193.4444559156236
TR-029254,2025-07-03,466.76,478.7823639581004
TR-029255,2025-07-03,5091.93,5197.522806958821
TR-029256,2025-07-03,5237.17,5262.67332460059
TR-029257,2025-07-03,4141.16,4234.690855834773
TR-029258,2025-07-03,1449.51,1471.1074664591833
TR-029259,2025-07-03,1532.58,1540.5629408210352
TR-029260,2025-07-03,2554.74,2637.954597995554
TR-029261,2025-07-03,3867.09,3802.7748796616834
TR-029262,2025-07-03,731.01,720.1002669782504
TR-029263,2025-07-03,2045.53,2036.02408543318
TR-029264,2025-07-03,2005.72,2087.4682411753224
TR-029265,2025-07-03,1727.72,1733.2732029291415
TR-029266,2025-07-03,875.59,858.3440637182125
TR-029267,2025-07-03,3582.28,3614.2669753415703
TR-029268,2025-07-03,5397.96,1631.9295315822392
TR-029269,2025-07-03,1423.44,1431.642117659193
TR-029270,2025-07-03,4594.59,4502.507077788516
TR-029271,2025-07-03,1852.17,1870.759506107785
TR-029272,2025-07-03,5851.06,5912.056484657338
TR-029273,2025-07-03,5773.55,5749.748356741808
TR-029274,2025-07-03,1571.52,1584.5494425767654
TR-029275,2025-07-03,615.72,636.259855021056
TR-029276,2025-07-03,984.22,973.1076268762881
TR-029277,2025-07-03,5132.78,5242.6257788552975
TR-029278,2025-07-03,7269.5,1569.82588169984
TR-029279,2025-07-03,1326.62,1326.2677470038875
TR-029280,2025-07-03,1595.79,1650.955930499205
TR-029281,2025-07-03,2320.91,2312.1870944481802
TR-029282,2025-07-03,2133.72,2169.1755003393428
TR-029283,2025-07-03,5304.85,5438.4164412008595
TR-029284,2025-07-03,2918.04,2957.9224540712016
TR-029285,2025-07-04,4019.88,4055.6447516286435
TR-029286,2025-07-04,13817.43,3571.47814301764
TR-029287,2025-07-04,2143.34,2193.0546148379003
TR-029288,2025-07-04,639.48,642.6272784916744
TR-029289,2025-07-04,1847.91,1855.4782263849468
TR-029290,2025-07-04,5440.05,5529.131983786734
TR-029291,2025-07-04,4157.05,4103.885347562665
TR-029292,2025-07-04,2758.46,2737.001121503825
TR-029293,2025-07-04,528.02,524.8076955020372
TR-029294,2025-07-04,3698.93,3831.6405184233854
TR-029295,2025-07-04,1625.58,1665.0495661185853
TR-029296,2025-07-04,1918.63,1924.4313834756863
TR-029297,2025-07-04,2385.13,2420.4543261475364
TR-029298,2025-07-04,1947.16,2036.334209508965
TR-029299,2025-07-04,4087.24,4189.996644197034
TR-029300,2025-07-04,1888.37,1853.2712493850504
TR-029301,2025-07-04,4764.99,4742.1148883317965
TR-029302,2025-07-04,5112.57,5060.803839658035
TR-029303,2025-07-04,4796.35,4846.454603632792
TR-029304,2025-07-04,2494.55,2504.324397659324
TR-029305,2025-07-04,4537.98,4444.39361263603
TR-029306,2025-07-04,1035.87,1043.5770547008624
TR-029307,2025-07-04,919.79,920.6370509389701
TR-029308,2025-07-04,2804.29,2821.9620679593936
TR-029309,2025-07-04,722.76,728.6324426687154
TR-029310,2025-07-04,1199.68,1135.2829840663842
TR-029311,2025-07-04,1158.38,1187.342374769512
TR-029312,2025-07-04,5514.34,5589.606199610198
TR-029313,2025-07-04,3865.41,3852.5234830511295
TR-029314,2025-07-04,3925.43,3864.7954880562156
TR-029315,2025-07-04,1477.98,1507.1343609107732
TR-029316,2025-07-04,2055.98,2046.4704454885975
TR-029317,2025-07-04,3927.35,3930.6862141481406
TR-029318,2025-07-04,3927.72,3845.5087393603253
TR-029319,2025-07-04,4225.89,4155.607717927787
TR-029320,2025-07-04,2882.95,2886.155751985471
TR-029321,2025-07-04,2697.99,2666.298615834913
TR-029322,2025-07-04,3145.99,3073.9748997316497
TR-029323,2025-07-04,1177.34,1162.3162827629508
TR-029324,2025-07-04,1367.89,1336.531013803707
TR-029325,2025-07-04,1494.5,1473.7238785341706
TR-029326,2025-07-04,829.71,813.2388138153106
TR-029327,2025-07-04,3994.55,4102.509213867017
TR-029328,2025-07-04,1796.35,1839.3515885105141
TR-029329,2025-07-04,4076.22,4113.986141379077
TR-029330,2025-07-04,4022.62,4163.120243036533
TR-029331,2025-07-04,1322.87,1311.9333323728044
TR-029332,2025-07-04,2223.07,2223.4231154945983
TR-029333,2025-07-04,2105.37,2149.611271145297
TR-029334,2025-07-04,3426.84,3452.1147822947255
TR-029335,2025-07-04,996.34,976.8931215251089
TR-029336,2025-07-04,1508.58,1546.188699076415
TR-029337,2025-07-04,4357.42,4327.1384879883335
TR-029338,2025-07-04,3723.96,3768.3583084207958
TR-029339,2025-07-04,1304.58,1337.6999307356564
TR-029340,2025-07-04,4386.53,4554.1768245810745
TR-029341,2025-07-04,1454.55,1412.5041940865294
TR-029342,2025-07-04,2585.52,2676.906687561999
TR-029343,2025-07-04,701.1,692.5462701295303
TR-029344,2025-07-04,4181.68,4214.14572074857
TR-029345,2025-07-04,696.83,672.8911556229007
TR-029346,2025-07-04,2132.08,2149.657181900919
TR-029347,2025-07-04,2378.43,2309.991875043633
TR-029348,2025-07-04,3131.22,3133.785142560369
TR-029349,2025-07-04,1798.2,1746.9166034593522
TR-029350,2025-07-04,490.31,475.8251658477159
TR-029351,2025-07-04,4233.73,4416.264627872809
TR-029352,2025-07-04,344.43,345.7520830884696
TR-029353,2025-07-04,1290.82,1313.8654157941044
TR-029354,2025-07-04,1580.3,1597.6039828046878
TR-029355,2025-07-04,893.72,885.7348482744801
TR-029356,2025-07-04,1469.03,1400.984269014185
TR-029357,2025-07-04,3968.35,3934.7383700716427
TR-029358,2025-07-04,4206.42,4351.349726394239
TR-029359,2025-07-04,4325.3,4440.628822321037
TR-029360,2025-07-04,3406.29,3599.10301131744
TR-029361,2025-07-04,2647.51,2662.320702984876
TR-029362,2025-07-04,2240.91,2306.243705574415
TR-029363,2025-07-04,442.27,428.49313868257104
TR-029364,2025-07-04,2293.52,2347.4102586927775
TR-029365,2025-07-04,2452.37,2415.1876421509182
TR-029366,2025-07-04,4875.9,4894.8841051774225
TR-029367,2025-07-04,3446.64,3367.6097062324825
TR-029368,2025-07-04,2099.15,2080.570959291884
TR-029369,2025-07-04,803.22,815.1764143588041
TR-029370,2025-07-04,658.24,616.7197024405648
TR-029371,2025-07-04,1468.13,1531.1463671080705
TR-029372,2025-07-04,2036.7,2040.8434726994547
TR-029373,2025-07-04,5313.86,5522.631505900299
TR-029374,2025-07-04,3392.6,3421.720024099126
TR-029375,2025-07-04,2033.25,2043.2064715575937
TR-029376,2025-07-04,710.07,710.6217137848798
TR-029377,2025-07-04,1915.96,1905.7887499386027
TR-029378,2025-07-04,3730.89,3819.58455861107
TR-029379,2025-07-04,2631.99,2656.648658853636
TR-029380,2025-07-04,2937.1,2934.075709148253
TR-029381,2025-07-04,1330.81,1399.6852261295862
TR-029382,2025-07-04,681.33,678.9325421296116
TR-029383,2025-07-04,1296.27,1309.3990358892247
TR-029384,2025-07-04,882.14,868.3781704314754
TR-029385,2025-07-04,1677.87,1670.4847318495642
TR-029386,2025-07-04,4418.08,4238.700777574688
TR-029387,2025-07-04,2798.61,2766.694342233315
TR-029388,2025-07-04,2045.88,2054.5050690684966
TR-029389,2025-07-04,3290.81,3198.6766778899373
TR-029390,2025-07-04,4252.48,4262.6583954416365
TR-029391,2025-07-04,1839.26,1857.3164282556004
TR-029392,2025-07-04,2040.87,2021.783037167396
TR-029393,2025-07-04,2951.52,2964.1634611624086
TR-029394,2025-07-04,1936.5,1925.841633548847
TR-029395,2025-07-04,2529.67,2549.0733726076214
TR-029396,2025-07-04,1244.39,1249.3537991080166
TR-029397,2025-07-04,1370.28,1364.9747015954679
TR-029398,2025-07-04,5749.58,5672.419387207083
TR-029399,2025-07-04,2016.41,2049.6834218424538
TR-029400,2025-07-04,3292.86,3461.7943800255025
TR-029401,2025-07-04,4087.19,4190.001294712209
TR-029402,2025-07-04,807.99,832.9498109636863
TR-029403,2025-07-04,818.29,815.1439980166622
TR-029404,2025-07-04,2465.5,2410.0739813264368
TR-029405,2025-07-04,3194.19,3158.193987344106
TR-029406,2025-07-04,2249.56,2274.194382829801
TR-029407,2025-07-04,5425.66,5462.528992669408
TR-029408,2025-07-04,1914.88,1974.4980279908725
TR-029409,2025-07-04,1767.63,1685.10293885441
TR-029410,2025-07-04,2001.73,2014.2971053699446
TR-029411,2025-07-04,1617.99,1667.0171644595994
TR-029412,2025-07-04,1640.33,1634.6038996986786
TR-029413,2025-07-04,1782.21,1756.742383722487
TR-029414,2025-07-04,1243.0,1279.6220397872203
TR-029415,2025-07-04,1954.86,1926.4167684060806
TR-029416,2025-07-04,4593.72,4678.0875599786505
TR-029417,2025-07-04,564.78,543.2246434781168
TR-029418,2025-07-04,1681.36,1692.5875451653376
TR-029419,2025-07-04,5824.57,5832.09686855849
TR-029420,2025-07-04,1089.71,1087.1693402934416
TR-029421,2025-07-04,1737.98,1749.8445970058115
TR-029422,2025-07-04,3485.98,3549.3370299408507
TR-029423,2025-07-04,1837.71,1836.9367333361586
TR-029424,2025-07-04,5739.12,5951.610409852213
TR-029425,2025-07-04,1722.82,1750.0988273021235
TR-029426,2025-07-04,1629.28,1655.800065378792
TR-029427,2025-07-04,3703.13,3778.7222717346685
TR-029428,2025-07-04,3722.23,3701.256780200075
TR-029429,2025-07-04,617.99,641.2103720789428
TR-029430,2025-07-04,1596.17,1615.5577886348017
TR-029431,2025-07-04,2065.76,2154.7978038648075
TR-029432,2025-07-04,1449.07,1442.1851596055164
TR-029433,2025-07-04,2048.62,2100.419415030246
TR-029434,2025-07-04,1041.1,1073.509434321227
TR-029435,2025-07-04,4345.44,4414.754637179971
TR-029436,2025-07-04,1244.09,1241.2614809585357
TR-029437,2025-07-04,999.87,976.6032417849381
TR-029438,2025-07-04,2567.85,2566.63186951532
TR-029439,2025-07-04,974.25,1000.0855432432629
TR-029440,2025-07-04,3787.08,3744.9258086619184
TR-029441,2025-07-04,1729.94,1761.5399058367034
TR-029442,2025-07-04,5041.51,5129.626872317741
TR-029443,2025-07-04,4589.0,4731.13081774193
TR-029444,2025-07-04,4144.83,4043.6178688656432
TR-029445,2025-07-05,1495.83,1544.5024023089657
TR-029446,2025-07-05,1196.55,1187.471214833767
TR-029447,2025-07-05,3251.55,3355.3096968264535
TR-029448,2025-07-05,3750.93,3792.326093662772
TR-029449,2025-07-05,3787.58,3689.560567212796
TR-029450,2025-07-05,1531.92,1508.915677497583
TR-029451,2025-07-05,1005.19,1033.2550943791903
TR-029452,2025-07-05,902.04,897.1388636759868
TR-029453,2025-07-05,1723.05,1791.8607408691546
TR-029454,2025-07-05,792.69,795.1271971430515
TR-029455,2025-07-05,4043.93,4002.3488869968633
TR-029456,2025-07-05,1483.35,1501.7211379718858
TR-029457,2025-07-05,855.4,832.7398483473937
TR-029458,2025-07-05,3866.73,3930.1266256270546
TR-029459,2025-07-05,1106.28,5093.135625463175
TR-029460,2025-07-05,4236.66,4288.830342727806
TR-029461,2025-07-05,2741.53,2745.9163886346214
TR-029462,2025-07-05,1031.18,1008.1689029858604
TR-029463,2025-07-05,827.88,854.8093404865522
TR-029464,2025-07-05,4206.35,4395.4842834668625
TR-029465,2025-07-05,3138.63,3161.2486412249073
TR-029466,2025-07-05,4769.15,4730.6524200273125
TR-029467,2025-07-05,702.09,1855.378106237818
TR-029468,2025-07-05,2421.97,2368.1661546879322
TR-029469,2025-07-05,777.65,750.4751995231652
TR-029470,2025-07-05,1311.94,1348.2726598859845
TR-029471,2025-07-05,1409.21,1455.8818600938448
TR-029472,2025-07-05,3969.15,3958.0727768658608
TR-029473,2025-07-05,797.28,757.6146664113653
TR-029474,2025-07-05,2416.03,2465.595378185819
TR-029475,2025-07-05,1773.5,1814.1072297824796
TR-029476,2025-07-05,1904.6,1864.9356692151603
TR-029477,2025-07-05,4984.87,5002.736078744278
TR-029478,2025-07-05,1148.65,3971.243658733116
TR-029479,2025-07-05,1389.51,1395.7805795482982
TR-029480,2025-07-05,3099.14,3117.248627444778
TR-029481,2025-07-05,5032.11,5100.72847392416
TR-029482,2025-07-05,2166.86,2179.0902133957597
TR-029483,2025-07-05,4038.3,4095.553397709295
TR-029484,2025-07-05,971.09,1018.8544994731083
TR-029485,2025-07-05,1033.12,989.5568793771947
TR-029486,2025-07-05,4902.03,4915.485944633191
TR-029487,2025-07-05,1627.18,1679.137982267927
TR-029488,2025-07-05,3257.36,3335.303914916119
TR-029489,2025-07-05,1781.19,1808.4376624160134
TR-029490,2025-07-05,5274.28,5231.7327652801605
TR-029491,2025-07-05,3670.72,3796.4321051827483
TR-029492,2025-07-05,1237.53,1263.6978683606662
TR-029493,2025-07-05,1975.38,1947.205232353974
TR-029494,2025-07-05,1599.65,1632.6284840254498
TR-029495,2025-07-05,4818.53,4851.979778111652
TR-029496,2025-07-05,2984.98,2893.3683497539414
TR-029497,2025-07-05,2865.45,2787.2401651071586
TR-029498,2025-07-05,3842.82,3942.8652911088166
TR-029499,2025-07-05,2811.6,2873.252127979155
TR-029500,2025-07-05,3330.61,3310.587255717536
TR-029501,2025-07-05,3523.03,3444.862975595075
TR-029502,2025-07-05,1909.48,1927.479259283299
TR-029503,2025-07-05,4548.76,4811.382602900394
TR-029504,2025-07-05,1159.26,1165.6616047081593
TR-029505,2025-07-05,1247.77,1259.4704057486786
TR-029506,2025-07-05,1182.16,1195.79226552671
TR-029507,2025-07-05,3803.43,3872.2860147368647
TR-029508,2025-07-05,4126.76,4127.653080108017
TR-029509,2025-07-05,629.04,615.5599426802821
TR-029510,2025-07-05,2315.52,2327.852346176718
TR-029511,2025-07-05,1178.19,1164.7944551222895
TR-029512,2025-07-05,1012.04,990.5824397046918
TR-029513,2025-07-05,3424.96,3488.996053695774
TR-029514,2025-07-05,3200.94,3282.2179177721614
TR-029515,2025-07-05,4428.23,4454.480569323394
TR-029516,2025-07-05,1820.64,1859.0217552867327
TR-029517,2025-07-05,3625.07,3650.3216582106415
TR-029518,2025-07-05,1519.05,1507.9439717164162
TR-029519,2025-07-05,531.61,533.4533667676731
TR-029520,2025-07-05,2747.64,2778.5740328072557
TR-029521,2025-07-05,3235.84,3233.0885170199354
TR-029522,2025-07-05,4997.88,5093.482043056283
TR-029523,2025-07-05,1250.27,1262.1161973301032
TR-029524,2025-07-05,516.91,521.9770043835076
TR-029525,2025-07-05,2731.3,2707.760691902871
TR-029526,2025-07-05,3941.71,3849.6047180122914
TR-029527,2025-07-05,1353.25,1352.083649376009
TR-029528,2025-07-05,4776.1,4760.40492466889
TR-029529,2025-07-05,2526.59,2611.314048303372
TR-029530,2025-07-05,1818.14,1780.6854273541478
TR-029531,2025-07-05,2174.19,2162.6802946119665
TR-029532,2025-07-05,991.44,1009.1147299326494
TR-029533,2025-07-05,4784.95,4792.729335553096
TR-029534,2025-07-05,1028.05,1056.0391345386777
TR-029535,2025-07-05,1485.39,1458.8305358692319
TR-029536,2025-07-05,4262.82,4374.289925607186
TR-029537,2025-07-05,1748.65,1772.7089507555454
TR-029538,2025-07-05,1988.92,1946.8219730646424
TR-029539,2025-07-05,1444.01,1468.0388274558538
TR-029540,2025-07-05,4081.0,4088.4084167866126
TR-029541,2025-07-05,1459.64,1471.4407552271864
TR-029542,2025-07-05,900.08,921.155838409247
TR-029543,2025-07-05,1646.61,1667.270873054545
TR-029544,2025-07-05,3964.59,4043.082197904874
TR-029545,2025-07-05,3882.86,3759.0834772338435
TR-029546,2025-07-05,1936.38,1967.752987699945
TR-029547,2025-07-05,1361.92,1402.5363379241421
TR-029548,2025-07-05,1124.47,1151.83339268906
TR-029549,2025-07-05,531.52,503.4249677076134
TR-029550,2025-07-05,2413.62,2392.022184784117
TR-029551,2025-07-05,3685.44,3826.873116842433
TR-029552,2025-07-05,3157.83,3134.739455528187
TR-029553,2025-07-05,4308.66,4295.81315256257
TR-029554,2025-07-05,1376.85,1411.4483908616317
TR-029555,2025-07-05,5950.82,6056.150240658002
TR-029556,2025-07-05,741.9,744.9106693565795
TR-029557,2025-07-05,5594.43,5702.512407449495
TR-029558,2025-07-05,885.65,866.1865141967342
TR-029559,2025-07-05,563.63,569.631414998566
TR-029560,2025-07-05,2970.02,2941.961227952662
TR-029561,2025-07-05,999.72,989.220708869736
TR-029562,2025-07-05,1337.29,1338.9521839224954
TR-029563,2025-07-05,1956.45,1969.2983860716656
TR-029564,2025-07-05,866.47,872.1367347796718
TR-029565,2025-07-05,2106.25,2221.5240951979085
TR-029566,2025-07-05,1652.09,1644.0680376081748
TR-029567,2025-07-05,3442.12,3526.773386544013
TR-029568,2025-07-05,1966.63,1977.13208608296
TR-029569,2025-07-05,1676.66,1658.7304337176313
TR-029570,2025-07-05,3054.67,3114.176793988341
TR-029571,2025-07-05,760.97,765.0584439734575
TR-029572,2025-07-05,4415.52,4305.641371602875
TR-029573,2025-07-05,3771.03,3842.161628922343
TR-029574,2025-07-05,3164.49,3244.199983453255
TR-029575,2025-07-05,1537.25,1571.315871516074
TR-029576,2025-07-05,1590.07,1627.938101920989
TR-029577,2025-07-05,3834.16,3779.318224899428
TR-029578,2025-07-05,1839.86,1819.2270974254698
TR-029579,2025-07-05,1069.51,1067.9617224546937
TR-029580,2025-07-05,5041.32,5094.789641041009
TR-029581,2025-07-05,814.13,785.5419704049755
TR-029582,2025-07-05,1618.0,1680.2292860629987
TR-029583,2025-07-05,1950.61,1938.2313171688686
TR-029584,2025-07-05,1732.69,1741.5866850477407
TR-029585,2025-07-05,3900.36,4085.739991434481
TR-029586,2025-07-05,3486.55,3532.152464332747
TR-029587,2025-07-05,763.59,741.8963941089135
TR-029588,2025-07-05,5030.16,5018.438845998795
TR-029589,2025-07-05,585.34,596.431970622694
TR-029590,2025-07-05,2116.65,2137.1090098030295
TR-029591,2025-07-05,3020.17,3053.02493798168
TR-029592,2025-07-05,1401.68,1427.5023368288657
TR-029593,2025-07-05,2138.02,2161.5063382369867
TR-029594,2025-07-05,1205.69,1205.5643988170439
TR-029595,2025-07-05,617.46,613.1080080642769
TR-029596,2025-07-05,898.06,900.7544711469557
TR-029597,2025-07-05,1767.05,1849.8421332769879
TR-029598,2025-07-05,519.31,510.3284590937353
TR-029599,2025-07-05,2858.4,2762.203523987811
TR-029600,2025-07-05,1773.71,1749.475688767909
TR-029601,2025-07-05,1299.89,1307.5454690137617
TR-029602,2025-07-06,4513.23,4518.825310090955
TR-029603,2025-07-06,832.92,877.4334588634683
TR-029604,2025-07-06,1624.22,1635.674606983657
TR-029605,2025-07-06,4360.01,4298.027403789651
TR-029606,2025-07-06,4577.93,4652.698434767194
TR-029607,2025-07-06,2299.21,2255.334854403637
TR-029608,2025-07-06,4114.77,4141.2864889535795
TR-029609,2025-07-06,3623.95,3770.921409106819
TR-029610,2025-07-06,2856.51,2853.6110006846966
TR-029611,2025-07-06,1792.47,1796.2626878941533
TR-029612,2025-07-06,3302.2,3334.22811908361
TR-029613,2025-07-06,1121.54,1147.491088504743
TR-029614,2025-07-06,3624.28,3570.2347185918816
TR-029615,2025-07-06,4231.21,4118.535739147455
TR-029616,2025-07-06,4312.0,4457.167077097636
TR-029617,2025-07-06,5790.14,5819.631134252348
TR-029618,2025-07-06,3368.95,3316.235804894054
TR-029619,2025-07-06,1426.19,1455.0932746614117
TR-029620,2025-07-06,2074.09,2111.5466356317006
TR-029621,2025-07-06,2532.05,2559.463160538922
TR-029622,2025-07-06,3846.05,3774.821265110721
TR-029623,2025-07-06,983.13,985.6429638469015
TR-029624,2025-07-06,993.18,1001.9946854583255
TR-029625,2025-07-06,2680.09,2629.578395237306
TR-029626,2025-07-06,720.22,711.7719712873297
TR-029627,2025-07-06,2238.73,2251.0381432337495
TR-029628,2025-07-06,5249.4,5180.517685944369
TR-029629,2025-07-06,3257.91,3289.9223849737195
TR-029630,2025-07-06,2698.54,2758.110765934905
TR-029631,2025-07-06,2560.74,2520.458874471748
TR-029632,2025-07-06,1597.46,1624.2353095006602
TR-029633,2025-07-06,4475.09,4510.1374340649545
TR-029634,2025-07-06,2149.52,2179.0144559969876
TR-029635,2025-07-06,3534.47,3569.116942453493
TR-029636,2025-07-06,2347.08,2315.7676461142964
TR-029637,2025-07-06,2006.6,2015.397754607868
TR-029638,2025-07-06,551.68,532.2676789521859
TR-029639,2025-07-06,4003.18,4182.291617001509
TR-029640,2025-07-06,672.9,674.9193856653096
TR-029641,2025-07-06,4554.63,4593.986874562528
TR-029642,2025-07-06,815.3,820.8211864639361
TR-029643,2025-07-06,4142.67,4018.3475661490993
TR-029644,2025-07-06,1249.07,1262.7989631505457
TR-029645,2025-07-06,5358.34,2250.92316406344
TR-029646,2025-07-06,2324.37,2285.1798873277826
TR-029647,2025-07-06,2058.7,2069.3776034886973
TR-029648,2025-07-06,1350.03,1363.821202282832
TR-029649,2025-07-06,2313.31,2303.7056191955085
TR-029650,2025-07-06,575.49,549.3272156025946
TR-029651,2025-07-06,1228.85,1233.7991919897331
TR-029652,2025-07-06,3264.82,3208.687959053984
TR-029653,2025-07-06,5751.03,5774.178846107059
TR-029654,2025-07-06,2347.62,2384.710904916454
TR-029655,2025-07-06,1552.41,1545.8603004635295
TR-029656,2025-07-06,1413.81,1453.8797414879846
TR-029657,2025-07-06,1316.01,1366.8465481656194
TR-029658,2025-07-06,2632.16,2629.398530974906
TR-029659,2025-07-06,1030.76,1044.2580767237318
TR-029660,2025-07-06,2266.75,2310.544806127888
TR-029661,2025-07-06,1202.34,1242.3344737970524
TR-029662,2025-07-06,2443.58,2374.013278505981
TR-029663,2025-07-06,5707.96,5854.734774169119
TR-029664,2025-07-06,11668.74,3614.3308522541192
TR-029665,2025-07-06,1584.88,1612.581804218527
TR-029666,2025-07-06,1362.22,1397.8550531620253
TR-029667,2025-07-06,2243.83,2241.855634245041
TR-029668,2025-07-06,3100.02,3081.557077859353
TR-029669,2025-07-06,1646.85,1650.2969131006296
TR-029670,2025-07-06,1683.28,1721.124383030436
TR-029671,2025-07-06,1896.2,1917.431281009116
TR-029672,2025-07-06,1343.45,1336.9323536407796
TR-029673,2025-07-06,1478.1,1457.7421136172022
TR-029674,2025-07-06,4335.38,4324.66316435516
TR-029675,2025-07-06,802.27,801.9913695652415
TR-029676,2025-07-06,2015.18,2058.3080921677974
TR-029677,2025-07-06,1831.1,1794.4265322302383
TR-029678,2025-07-06,582.19,572.6046705115032
TR-029679,2025-07-06,2779.86,2907.9249032294965
TR-029680,2025-07-06,1320.15,1332.0335707715888
TR-029681,2025-07-06,964.92,994.8275854893134
TR-029682,2025-07-06,4645.47,4715.722942803375
TR-029683,2025-07-06,726.69,750.6625113187106
TR-029684,2025-07-06,819.71,831.9158985491631
TR-029685,2025-07-06,4315.1,4240.0899313423
TR-029686,2025-07-06,1078.23,1076.9962206655882
TR-029687,2025-07-06,615.1,602.525082309952
TR-029688,2025-07-06,1115.04,1103.0760323915952
TR-029689,2025-07-06,2031.45,2066.5424505781602
TR-029690,2025-07-06,3275.44,3338.6252229673623
TR-029691,2025-07-06,762.83,760.687043299024
TR-029692,2025-07-06,2148.64,2142.4897331162606
TR-029693,2025-07-06,2296.55,2336.6363858485797
TR-029694,2025-07-06,2061.38,2099.2986197533255
TR-029695,2025-07-06,3608.02,3755.668140268286
TR-029696,2025-07-06,1782.63,1816.2256120438506
TR-029697,2025-07-06,1292.92,1261.170203801189
TR-029698,2025-07-06,769.8,767.374243440702
TR-029699,2025-07-06,1150.48,1149.699890511401
TR-029700,2025-07-06,2879.67,2884.1215449320125
TR-029701,2025-07-06,1930.48,1997.1742966685836
TR-029702,2025-07-06,1627.15,1601.8252221468233
TR-029703,2025-07-06,1694.67,1685.3695092857322
TR-029704,2025-07-06,2145.18,2140.9739103946076
TR-029705,2025-07-06,2370.51,2331.7527572482395
TR-029706,2025-07-06,2588.12,2628.1801493960993
TR-029707,2025-07-06,1268.29,1361.3635733042083
TR-029708,2025-07-06,3534.89,3630.0265280405038
TR-029709,2025-07-06,2375.02,2369.459186068743
TR-029710,2025-07-06,1489.93,1520.9170778304765
TR-029711,2025-07-06,1376.68,1402.1848292676964
TR-029712,2025-07-06,1043.58,1012.5400409547088
TR-029713,2025-07-06,2071.76,2096.254429168467
TR-029714,2025-07-06,1209.07,1187.383858542798
TR-029715,2025-07-06,1219.22,1283.783193419416
TR-029716,2025-07-06,1339.91,1374.456585253195
TR-029717,2025-07-06,2868.75,2830.0585148835066
TR-029718,2025-07-06,6056.34,6276.805201128231
TR-029719,2025-07-06,5099.29,5303.832140583682
TR-029720,2025-07-06,1058.21,1048.1937165967388
TR-029721,2025-07-06,2092.4,2101.9100352260766
TR-029722,2025-07-06,350.72,347.92982050853243
TR-029723,2025-07-06,2269.61,2291.3807562839797
TR-029724,2025-07-06,395.91,404.9510720390531
TR-029725,2025-07-06,1758.81,1748.8602840048895
TR-029726,2025-07-06,2114.9,2162.7361515363464
TR-029727,2025-07-06,4633.67,4988.355570354686
TR-029728,2025-07-06,3058.63,3100.9354430171215
TR-029729,2025-07-06,1689.52,1712.8768152234811
TR-029730,2025-07-06,928.06,942.7905573913815
TR-029731,2025-07-06,2661.19,2728.6319141558274
TR-029732,2025-07-06,2265.17,2265.9077003707926
TR-029733,2025-07-06,959.9,927.2215943450044
TR-029734,2025-07-06,2149.69,2250.4627064036486
TR-029735,2025-07-06,4293.49,4260.833285082996
TR-029736,2025-07-06,3038.18,3095.5105342103857
TR-029737,2025-07-06,743.21,737.4496950949044
TR-029738,2025-07-06,3556.04,3701.547363434729
TR-029739,2025-07-06,1228.53,1235.4880787617071
TR-029740,2025-07-06,391.76,367.9192956398779
TR-029741,2025-07-06,2082.26,2184.13495814608
TR-029742,2025-07-06,4870.49,4719.240620040871
TR-029743,2025-07-06,4025.95,4078.751255985757
TR-029744,2025-07-06,4968.89,4972.340803914212
TR-029745,2025-07-06,4640.5,4672.126998772906
TR-029746,2025-07-06,608.97,585.2457563474256
TR-029747,2025-07-06,3524.86,3550.036000462075
TR-029748,2025-07-06,1857.37,1791.729847606238
TR-029749,2025-07-06,1908.71,1906.4621395757063
TR-029750,2025-07-06,3921.87,3966.893088732363
TR-029751,2025-07-06,1581.72,1588.2690386965855
TR-029752,2025-07-06,1401.27,1437.925960125132
TR-029753,2025-07-06,2245.65,2169.223325154274
TR-029754,2025-07-06,1443.59,1456.715655796593
TR-029755,2025-07-06,5719.02,5824.720526602956
TR-029756,2025-07-06,617.74,633.6775288790959
TR-029757,2025-07-06,3909.21,3789.9615981052175
TR-029758,2025-07-06,2891.15,2794.9081451016423
TR-029759,2025-07-06,2794.91,2788.996548906693
TR-029760,2025-07-07,3652.5,3567.4793752970836
TR-029761,2025-07-07,3208.66,3160.945724342522
TR-029762,2025-07-07,2071.21,2042.207350240111
TR-029763,2025-07-07,3513.08,3590.023229449913
TR-029764,2025-07-07,5710.29,5589.411568855343
TR-029765,2025-07-07,1105.94,1117.4990915140534
TR-029766,2025-07-07,1810.27,1858.4491143880377
TR-029767,2025-07-07,560.53,565.5585104486042
TR-029768,2025-07-07,384.65,351.9391308452359
TR-029769,2025-07-07,4203.06,4122.263159828444
TR-029770,2025-07-07,2722.41,2780.6766282743793
TR-029771,2025-07-07,1394.22,1418.6975432319878
TR-029772,2025-07-07,1754.92,1753.899071671881
TR-029773,2025-07-07,1777.79,1806.6348482816468
TR-029774,2025-07-07,4212.42,4311.115915674476
TR-029775,2025-07-07,2088.72,2045.35493902248
TR-029776,2025-07-07,998.63,1024.9996127156908
TR-029777,2025-07-07,2251.07,2217.860861813309
TR-029778,2025-07-07,1031.12,1018.2031414052838
TR-029779,2025-07-07,3039.93,3029.2817999298204
TR-029780,2025-07-07,1076.51,1085.264164105873
TR-029781,2025-07-07,643.11,639.8584978232498
TR-029782,2025-07-07,4946.54,4728.9197391335965
TR-029783,2025-07-07,951.82,950.7811490939398
TR-029784,2025-07-07,1619.46,1594.4345821978313
TR-029785,2025-07-07,4576.49,4642.13395897989
TR-029786,2025-07-07,2157.24,2137.7940238980796
TR-029787,2025-07-07,785.28,812.0266543379407
TR-029788,2025-07-07,2011.13,2049.676532846292
TR-029789,2025-07-07,4166.98,4295.855452077058
TR-029790,2025-07-07,4351.72,1711.2781524845075
TR-029791,2025-07-07,2570.66,2551.1650066564866
TR-029792,2025-07-07,3764.81,3836.5502065686574
TR-029793,2025-07-07,3472.67,3402.2810564951833
TR-029794,2025-07-07,972.06,963.9785510581883
TR-029795,2025-07-07,1872.28,1890.8740100892787
TR-029796,2025-07-07,2046.59,2013.1815130320972
TR-029797,2025-07-07,2179.72,2238.382935620667
TR-029798,2025-07-07,1208.32,1204.245724597818
TR-029799,2025-07-07,812.94,825.1173555391708
TR-029800,2025-07-07,3253.63,3213.5905483016595
TR-029801,2025-07-07,3060.08,3066.3608378611107
TR-029802,2025-07-07,722.1,703.1100997639912
TR-029803,2025-07-07,952.36,970.875038860748
TR-029804,2025-07-07,1631.59,1674.817936046435
TR-029805,2025-07-07,3728.4,3868.5004789242184
TR-029806,2025-07-07,4889.84,4920.9213225056155
TR-029807,2025-07-07,1196.07,1216.8547679577332
TR-029808,2025-07-07,3066.58,3147.333817230596
TR-029809,2025-07-07,3686.7,3757.755140354535
TR-029810,2025-07-07,3348.65,3402.444893619803
TR-029811,2025-07-07,263.32,1199.5743246451939
TR-029812,2025-07-07,1909.16,1873.3044370415678
TR-029813,2025-07-07,1118.11,1153.7059683697091
TR-029814,2025-07-07,1963.8,1979.463871655578
TR-029815,2025-07-07,1179.95,1214.4587958734194
TR-029816,2025-07-07,4140.45,4051.7310702868613
TR-029817,2025-07-07,3332.63,3374.580800305651
TR-029818,2025-07-07,2996.51,3051.085818384562
TR-029819,2025-07-07,1076.08,1055.5002520080102
TR-029820,2025-07-07,5157.08,5372.297731070148
TR-029821,2025-07-07,3260.8,3330.372901896172
TR-029822,2025-07-07,2970.19,2991.6898695744794
TR-029823,2025-07-07,2531.29,2522.587986921364
TR-029824,2025-07-07,1222.4,1236.4472876021634
TR-029825,2025-07-07,3915.5,3909.078819388763
TR-029826,2025-07-07,1649.96,1692.1426311600176
TR-029827,2025-07-07,1038.42,1045.0345167021849
TR-029828,2025-07-07,1105.46,1137.5141396396018
TR-029829,2025-07-07,1140.4,1121.6642100710415
TR-029830,2025-07-07,241.77,225.98573278933532
TR-029831,2025-07-07,4796.23,4873.789895453092
TR-029832,2025-07-07,2627.06,2667.1705002610342
TR-029833,2025-07-07,3740.1,3676.1698414728435
TR-029834,2025-07-07,705.3,711.5185233544269
TR-029835,2025-07-07,1847.01,1889.2406635837622
TR-029836,2025-07-07,2054.9,2037.9752696897729
TR-029837,2025-07-07,2730.21,2832.8000469121525
TR-029838,2025-07-07,985.22,984.90730691195
TR-029839,2025-07-07,558.22,560.8196936708209
TR-029840,2025-07-07,2056.06,2043.7551315690735
TR-029841,2025-07-07,2936.61,2968.108851907095
TR-029842,2025-07-07,3223.34,3201.5932087497554
TR-029843,2025-07-07,4852.09,4835.0056196886435
TR-029844,2025-07-07,1826.8,1867.3958223704203
TR-029845,2025-07-07,4920.45,4965.7397345448635
TR-029846,2025-07-07,1646.33,1651.9362929528993
TR-029847,2025-07-07,4098.28,3946.8440679229043
TR-029848,2025-07-07,3933.73,3873.38489351149
TR-029849,2025-07-07,1846.89,1887.084301167179
TR-029850,2025-07-07,3910.23,3898.9884377032004
TR-029851,2025-07-07,2291.12,2323.395630191196
TR-029852,2025-07-07,1430.19,1475.8989662652652
TR-029853,2025-07-07,1880.41,1908.4367122596936
TR-029854,2025-07-07,1149.71,1120.8736943908666
TR-029855,2025-07-07,5071.42,5123.383613165346
TR-029856,2025-07-07,985.59,1014.8474455354509
TR-029857,2025-07-07,1053.52,1114.3414118371916
TR-029858,2025-07-07,795.93,804.5073763904547
TR-029859,2025-07-07,937.62,913.4714190919547
TR-029860,2025-07-07,1773.57,1800.2124272098922
TR-029861,2025-07-07,761.96,740.2069693629114
TR-029862,2025-07-07,649.15,609.8212235418534
TR-029863,2025-07-07,2634.37,2642.7983206972667
TR-029864,2025-07-07,4382.8,4396.113641223802
TR-029865,2025-07-07,6127.77,6208.4911316253165
TR-029866,2025-07-07,2749.98,2763.6008783151674
TR-029867,2025-07-07,2117.13,2062.670724921583
TR-029868,2025-07-07,529.64,509.0201062041824
TR-029869,2025-07-07,1682.91,1738.1318378043277
TR-029870,2025-07-07,917.0,925.7958889075665
TR-029871,2025-07-07,1441.54,1462.9319463780657
TR-029872,2025-07-07,2108.04,2101.857532954397
TR-029873,2025-07-07,2153.45,2179.675469438207
TR-029874,2025-07-07,745.13,736.1150774721164
TR-029875,2025-07-07,4275.75,4299.19664515124
TR-029876,2025-07-07,1759.78,1779.2723595794073
TR-029877,2025-07-07,2618.05,2672.6647361121395
TR-029878,2025-07-07,1551.91,1582.6575509102954
TR-029879,2025-07-07,1207.83,1224.5632020127582
TR-029880,2025-07-07,3816.51,3836.4950352787537
TR-029881,2025-07-07,2594.91,2573.422986205483
TR-029882,2025-07-07,1428.73,1425.8208170918144
TR-029883,2025-07-07,2385.68,2422.8609754043177
TR-029884,2025-07-07,1130.41,1157.075462616021
TR-029885,2025-07-07,2666.36,2638.327328100837
TR-029886,2025-07-07,2616.03,2718.030637404645
TR-029887,2025-07-07,2579.89,2614.33624648844
TR-029888,2025-07-07,3845.66,1206.424085518236
TR-029889,2025-07-07,1370.56,1345.241337233263
TR-029890,2025-07-07,2076.69,2124.478032414417
TR-029891,2025-07-07,4103.29,4219.054110314359
TR-029892,2025-07-07,3937.2,4044.6034256908806
TR-029893,2025-07-07,4142.27,4171.094033122839
TR-029894,2025-07-07,4380.44,4507.7895381137205
TR-029895,2025-07-07,3669.44,3688.988023506737
TR-029896,2025-07-07,5806.21,5843.765843953098
TR-029897,2025-07-07,3717.33,3709.0232045179982
TR-029898,2025-07-07,3918.62,3989.1771875415557
TR-029899,2025-07-07,762.97,767.0769423482884
TR-029900,2025-07-07,672.44,671.0236988001814
TR-029901,2025-07-07,588.46,584.5856690169289
TR-029902,2025-07-07,1780.94,1795.2957962999435
TR-029903,2025-07-07,2076.43,2052.5327091137788
TR-029904,2025-07-07,2985.89,3121.5898533657773
TR-029905,2025-07-07,3520.39,3426.0099559920573
TR-029906,2025-07-07,3022.93,3082.4638448728574
TR-029907,2025-07-07,1485.47,1497.134246167076
TR-029908,2025-07-07,3627.75,3694.708381673392
TR-029909,2025-07-07,1377.56,1394.3083712335124
TR-029910,2025-07-07,1005.05,966.7681082399922
TR-029911,2025-07-07,5280.81,5312.247724246646
TR-029912,2025-07-07,4152.27,4114.405039242129
TR-029913,2025-07-07,1677.13,1676.6040392161487
TR-029914,2025-07-07,308.96,296.3994523674694
TR-029915,2025-07-07,1546.41,1512.2781589968504
TR-029916,2025-07-07,1509.34,1493.274288654135
TR-029917,2025-07-07,2598.13,2542.708176547418
TR-029918,2025-07-07,2802.36,2783.5390281004957
TR-029919,2025-07-07,3308.09,3285.6815741413293
TR-029920,2025-07-07,2575.87,2654.444994769854
TR-029921,2025-07-08,1644.7,1636.9705396037803
TR-029922,2025-07-08,452.53,493.8632299295182
TR-029923,2025-07-08,1773.86,1789.1923149095705
TR-029924,2025-07-08,5407.07,5503.345072211888
TR-029925,2025-07-08,1827.0,1830.8810604066866
TR-029926,2025-07-08,750.24,775.8848610587859
TR-029927,2025-07-08,5195.32,5197.875951061335
TR-029928,2025-07-08,1659.44,1664.5047965258168
TR-029929,2025-07-08,3807.67,3873.9313261568213
TR-029930,2025-07-08,4625.88,4674.640587668617
TR-029931,2025-07-08,2559.65,2514.089698429934
TR-029932,2025-07-08,1869.96,1899.9445469019897
TR-029933,2025-07-08,1741.74,1749.7945678169076
TR-029934,2025-07-08,1864.5,1904.0138540252767
TR-029935,2025-07-08,2157.75,2261.7037719467976
TR-029936,2025-07-08,4454.91,4464.049891659346
TR-029937,2025-07-08,1846.43,1826.3872137729238
TR-029938,2025-07-08,4308.43,4428.003438804655
TR-029939,2025-07-08,2424.46,2449.525931452522
TR-029940,2025-07-08,4293.06,4606.39163023445
TR-029941,2025-07-08,3220.54,3326.930352416396
TR-029942,2025-07-08,1065.49,1067.9480952539454
TR-029943,2025-07-08,1055.32,1118.8077448947004
TR-029944,2025-07-08,4251.67,4311.657274141758
TR-029945,2025-07-08,5234.45,5236.980505880182
TR-029946,2025-07-08,4787.27,4818.053005066517
TR-029947,2025-07-08,1742.46,1748.6784223427399
TR-029948,2025-07-08,3396.48,3403.076691570446
TR-029949,2025-07-08,598.25,592.2628117635807
TR-029950,2025-07-08,5491.89,5473.446228172046
TR-029951,2025-07-08,2161.73,2157.496494374004
TR-029952,2025-07-08,1195.62,1188.989998092656
TR-029953,2025-07-08,2540.32,2526.098404592341
TR-029954,2025-07-08,2806.38,2819.2560410256165
TR-029955,2025-07-08,1886.19,1853.278808894254
TR-029956,2025-07-08,2163.87,2144.1054612173084
TR-029957,2025-07-08,3004.0,3004.7130001804558
TR-029958,2025-07-08,1142.68,1143.7620152274758
TR-029959,2025-07-08,2841.34,2900.191084525448
TR-029960,2025-07-08,1825.14,1899.709385035208
TR-029961,2025-07-08,3356.42,3305.583608355931
TR-029962,2025-07-08,1293.11,1283.6761198897648
TR-029963,2025-07-08,3583.66,3643.6826280836267
TR-029964,2025-07-08,2300.37,2340.7795651480697
TR-029965,2025-07-08,2565.53,2580.238254948459
TR-029966,2025-07-08,2733.0,2824.2772720329335
TR-029967,2025-07-08,1609.28,1624.4278326708977
TR-029968,2025-07-08,1995.25,2011.2734338976375
TR-029969,2025-07-08,1488.25,1478.9698045633054
TR-029970,2025-07-08,1984.16,1958.9106285966745
TR-029971,2025-07-08,2713.57,2723.719377742235
TR-029972,2025-07-08,2286.85,2297.6902118531293
TR-029973,2025-07-08,1124.29,1162.4719222971844
TR-029974,2025-07-08,1333.38,1318.0056630484296
TR-029975,2025-07-08,3526.89,3498.2368232091676
TR-029976,2025-07-08,2104.75,2127.8329767624323
TR-029977,2025-07-08,1291.2,1275.1508933285377
TR-029978,2025-07-08,1308.6,1347.8766093800843
TR-029979,2025-07-08,3618.61,3677.308564838032
TR-029980,2025-07-08,704.43,692.7085342120286
TR-029981,2025-07-08,3929.93,4071.1057090914255
TR-029982,2025-07-08,607.63,617.2451147340339
TR-029983,2025-07-08,4203.07,4235.902324936596
TR-029984,2025-07-08,890.88,885.0145348654589
TR-029985,2025-07-08,913.71,933.0599409508834
TR-029986,2025-07-08,4293.71,4387.122995129826
TR-029987,2025-07-08,4101.92,4105.65578482705
TR-029988,2025-07-08,4916.55,4944.335315387691
TR-029989,2025-07-08,906.56,889.0676212555991
TR-029990,2025-07-08,5112.96,5322.873889058677
TR-029991,2025-07-08,2354.4,2248.6611937433076
TR-029992,2025-07-08,3177.96,3205.7264150063165
TR-029993,2025-07-08,4704.81,4780.945159889505
TR-029994,2025-07-08,997.17,996.7510416496557
TR-029995,2025-07-08,3777.81,3875.047040176197
TR-029996,2025-07-08,3749.13,3816.8641040626535
TR-029997,2025-07-08,1585.47,1618.0870796977779
TR-029998,2025-07-08,1025.8,1072.7478686027948
TR-029999,2025-07-08,2408.88,2538.9903704566386
TR-030000,2025-07-08,1141.97,1179.8412403953218
TR-030001,2025-07-08,2376.48,2390.7103645426005
TR-030002,2025-07-08,5720.81,5758.149041382596
TR-030003,2025-07-08,3627.57,3575.258194432149
TR-030004,2025-07-08,1332.8,1371.4259441239465
TR-030005,2025-07-08,1383.7,1450.1711248756178
TR-030006,2025-07-08,2777.65,2868.281957809989
TR-030007,2025-07-08,1368.29,1342.2013409201904
TR-030008,2025-07-08,4208.45,4213.735856983976
TR-030009,2025-07-08,3361.33,3271.260043431106
TR-030010,2025-07-08,1944.06,1990.2540920432514
TR-030011,2025-07-08,1162.95,1165.1401533632634
TR-030012,2025-07-08,2389.02,2409.9296927471064
TR-030013,2025-07-08,3689.71,3747.646789659272
TR-030014,2025-07-08,2967.97,2961.6496468359314
TR-030015,2025-07-08,631.45,622.3878175776376
TR-030016,2025-07-08,257.56,701.9656767119052
TR-030017,2025-07-08,1167.59,1164.6942589710102
TR-030018,2025-07-08,2709.45,2753.7627882695515
TR-030019,2025-07-08,3697.65,3644.4000998183715
TR-030020,2025-07-08,3279.46,3411.772119788923
TR-030021,2025-07-08,2917.16,2999.05889815699
TR-030022,2025-07-08,867.03,868.5209673913755
TR-030023,2025-07-08,2155.12,2244.2528864235205
TR-030024,2025-07-08,648.08,660.9082983449698
TR-030025,2025-07-08,659.71,646.9543754979759
TR-030026,2025-07-08,1822.58,1865.2504791781714
TR-030027,2025-07-08,4917.64,4991.32262850368
TR-030028,2025-07-08,3390.55,3462.485369648647
TR-030029,2025-07-08,1863.17,1889.8669544988807
TR-030030,2025-07-08,1290.16,1311.9634418733235
TR-030031,2025-07-08,5068.93,5066.791565855912
TR-030032,2025-07-08,1326.82,1273.6037680329446
TR-030033,2025-07-08,654.74,635.6708714018655
TR-030034,2025-07-08,3069.03,3175.492826831246
TR-030035,2025-07-08,3625.56,3649.3823829983967
TR-030036,2025-07-08,1111.55,1113.018118812591
TR-030037,2025-07-08,4601.79,4759.233679863909
TR-030038,2025-07-08,2516.27,2497.9567382762743
TR-030039,2025-07-08,4506.2,4291.342696337086
TR-030040,2025-07-08,1688.02,1710.8260501065224
TR-030041,2025-07-08,1373.06,1403.387866927475
TR-030042,2025-07-08,3881.78,3863.485134243987
TR-030043,2025-07-08,1176.33,1183.878027606907
TR-030044,2025-07-08,1867.59,1857.9576617921293
TR-030045,2025-07-08,607.6,596.9292136498887
TR-030046,2025-07-08,1334.43,1335.6905456292045
TR-030047,2025-07-08,600.02,579.0628107686275
TR-030048,2025-07-08,2020.54,2053.366453857343
TR-030049,2025-07-08,2461.77,2589.444036658441
TR-030050,2025-07-08,1220.34,1220.9553497782354
TR-030051,2025-07-08,1150.24,1116.5526596501827
TR-030052,2025-07-08,1171.78,1185.944567688215
TR-030053,2025-07-08,843.66,840.9162218221006
TR-030054,2025-07-08,2932.68,2908.137003116476
TR-030055,2025-07-08,670.67,667.484627809999
TR-030056,2025-07-08,1821.22,1849.0937414203333
TR-030057,2025-07-08,2084.7,2050.2778644407135
TR-030058,2025-07-08,1723.45,1720.5559376115514
TR-030059,2025-07-08,2271.48,2312.019353281404
TR-030060,2025-07-08,1183.92,1216.3124743022368
TR-030061,2025-07-08,2355.46,2448.926132233741
TR-030062,2025-07-08,1749.53,1684.7759646168652
TR-030063,2025-07-08,3752.29,3789.2246416691323
TR-030064,2025-07-08,2078.58,2102.272110446589
TR-030065,2025-07-08,1571.22,1585.8122382797312
TR-030066,2025-07-08,1337.74,1348.341925128921
TR-030067,2025-07-08,440.58,424.52678182242016
TR-030068,2025-07-08,2122.34,2135.909158254243
TR-030069,2025-07-08,3595.37,3659.7846603504586
TR-030070,2025-07-08,413.57,424.2132204089901
TR-030071,2025-07-08,2407.45,2462.4523673554877
TR-030072,2025-07-08,3719.01,3764.311126626767
TR-030073,2025-07-08,2163.53,2187.020368453568
TR-030074,2025-07-08,4168.93,4271.340312009597
TR-030075,2025-07-08,3893.03,3907.1090391459684
TR-030076,2025-07-08,4797.89,4925.551464782544
TR-030077,2025-07-08,984.19,959.9654232851874
TR-030078,2025-07-08,1491.15,1482.8889219255109
TR-030079,2025-07-09,1918.31,1913.1444509027674
TR-030080,2025-07-09,2505.27,2528.3825876374144
TR-030081,2025-07-09,689.7,677.4521510604259
TR-030082,2025-07-09,1177.25,1175.5161100514229
TR-030083,2025-07-09,823.68,846.5354582352281
TR-030084,2025-07-09,1586.23,1630.850379821715
TR-030085,2025-07-09,4460.44,4364.24575159911
TR-030086,2025-07-09,1179.49,1207.3541323451293
TR-030087,2025-07-09,2525.5,2508.743811868023
TR-030088,2025-07-09,3252.7,3224.1862339364343
TR-030089,2025-07-09,861.45,856.1984565624919
TR-030090,2025-07-09,733.1,744.354430565171
TR-030091,2025-07-09,1213.49,1172.7288249026649
TR-030092,2025-07-09,1021.99,1059.5419415789186
TR-030093,2025-07-09,3560.52,3433.6037304822366
TR-030094,2025-07-09,1125.27,1103.591430180384
TR-030095,2025-07-09,597.85,578.7335724582656
TR-030096,2025-07-09,2443.73,2462.0273555053795
TR-030097,2025-07-09,1196.88,1207.4901320520466
TR-030098,2025-07-09,3787.41,3990.1685505376763
TR-030099,2025-07-09,2504.91,2523.437187941226
TR-030100,2025-07-09,1114.16,1130.5568306600157
TR-030101,2025-07-09,1617.52,1585.0452239122333
TR-030102,2025-07-09,699.76,685.4659192662955
TR-030103,2025-07-09,2677.13,2691.698108325856
TR-030104,2025-07-09,2589.23,2624.013915816179
TR-030105,2025-07-09,4836.0,4791.922625091613
TR-030106,2025-07-09,5216.09,5272.331369049136
TR-030107,2025-07-09,2488.39,2523.0570972222417
TR-030108,2025-07-09,3721.62,3773.3805641230592
TR-030109,2025-07-09,2798.5,2870.696762183036
TR-030110,2025-07-09,4221.43,4124.684718456419
TR-030111,2025-07-09,2899.95,2851.321436958069
TR-030112,2025-07-09,2060.38,1965.316041833109
TR-030113,2025-07-09,3093.4,3106.825864617447
TR-030114,2025-07-09,1694.08,1723.1838651271933
TR-030115,2025-07-09,376.78,372.99637422076194
TR-030116,2025-07-09,2573.8,2574.107602470666
TR-030117,2025-07-09,573.61,591.038220469077
TR-030118,2025-07-09,1731.16,1769.8350681741942
TR-030119,2025-07-09,4923.86,5048.530490465973
TR-030120,2025-07-09,2370.49,2321.461234684033
TR-030121,2025-07-09,3468.06,3494.9709340964328
TR-030122,2025-07-09,2957.67,2838.595011150799
TR-030123,2025-07-09,1015.2,1039.8154957613149
TR-030124,2025-07-09,2925.94,2856.050901032073
TR-030125,2025-07-09,1204.9,1220.0685688903277
TR-030126,2025-07-09,2264.18,2273.2353182258526
TR-030127,2025-07-09,538.31,537.9433668348743
TR-030128,2025-07-09,4180.35,4140.415107135999
TR-030129,2025-07-09,790.68,806.0903271822885
TR-030130,2025-07-09,858.02,878.9562483147131
TR-030131,2025-07-09,2210.64,2254.416792914953
TR-030132,2025-07-09,2130.31,2152.8389880361283
TR-030133,2025-07-09,5376.03,5587.441485082207
TR-030134,2025-07-09,1368.21,1375.8425006496586
TR-030135,2025-07-09,880.62,861.2745649493697
TR-030136,2025-07-09,2633.33,2565.3150112240205
TR-030137,2025-07-09,3214.93,3315.9648775951764
TR-030138,2025-07-09,1410.07,1397.2043677135198
TR-030139,2025-07-09,1544.25,1514.5228972912128
TR-030140,2025-07-09,4028.53,4177.646975954624
TR-030141,2025-07-09,1131.34,1094.9947242500791
TR-030142,2025-07-09,6253.88,6371.148512079175
TR-030143,2025-07-09,837.32,847.377817061589
TR-030144,2025-07-09,345.24,337.1434968232493
TR-030145,2025-07-09,604.66,585.7735017306056
TR-030146,2025-07-09,5490.92,5546.171278340596
TR-030147,2025-07-09,3548.48,3692.8933098772354
TR-030148,2025-07-09,561.47,556.3090899983724
TR-030149,2025-07-09,2610.84,2559.18907990396
TR-030150,2025-07-09,4107.71,4166.761385656502
TR-030151,2025-07-09,4673.1,4734.132145266668
TR-030152,2025-07-09,1018.93,1020.8155325461466
TR-030153,2025-07-09,1963.42,1982.2064089807975
TR-030154,2025-07-09,4096.14,4271.05668743229
TR-030155,2025-07-09,1261.07,1263.2343227276021
TR-030156,2025-07-09,1047.4,1061.1150938510712
TR-030157,2025-07-09,1491.03,1496.370697744921
TR-030158,2025-07-09,1871.14,1895.8394647995924
TR-030159,2025-07-09,941.58,944.9039092719231
TR-030160,2025-07-09,1051.8,1031.4824862066798
TR-030161,2025-07-09,2295.37,2338.2944817416437
TR-030162,2025-07-09,2309.83,2368.5722475101998
TR-030163,2025-07-09,1752.57,1800.3186866696149
TR-030164,2025-07-09,947.02,955.3538170469155
TR-030165,2025-07-09,4639.86,4892.62484939356
TR-030166,2025-07-09,2156.39,2173.192640828934
TR-030167,2025-07-09,641.98,649.2431137631972
TR-030168,2025-07-09,4130.83,4163.646307374187
TR-030169,2025-07-09,1977.38,2010.8870527921858
TR-030170,2025-07-09,5432.18,5308.470346604777
TR-030171,2025-07-09,4457.44,4587.550606764428
TR-030172,2025-07-09,3381.78,3524.405441033048
TR-030173,2025-07-09,2422.81,2465.071760670471
TR-030174,2025-07-09,1628.56,1581.9400354805537
TR-030175,2025-07-09,1832.26,1866.9926009430949
TR-030176,2025-07-09,1625.66,1622.5561653941681
TR-030177,2025-07-09,2032.0,1989.4502005115248
TR-030178,2025-07-09,2439.62,2382.5545664039423
TR-030179,2025-07-09,5210.28,5147.765226422491
TR-030180,2025-07-09,358.61,354.4038308447582
TR-030181,2025-07-09,823.5,843.1173890487958
TR-030182,2025-07-09,4181.78,4233.2750623994325
TR-030183,2025-07-09,4156.52,4197.9057413220235
TR-030184,2025-07-09,4388.84,4423.80736367361
TR-030185,2025-07-09,5057.59,5121.649288291517
TR-030186,2025-07-09,1095.22,1088.2527320068011
TR-030187,2025-07-09,2087.95,2080.1060949084804
TR-030188,2025-07-09,1689.82,1625.7205154049843
TR-030189,2025-07-09,3016.53,3105.9252375755877
TR-030190,2025-07-09,1074.18,1102.7870061460771
TR-030191,2025-07-09,2452.29,2569.263773769473
TR-030192,2025-07-09,3536.39,3564.193417655641
TR-030193,2025-07-09,1477.74,1461.7979190134083
TR-030194,2025-07-09,642.44,610.3072803695709
TR-030195,2025-07-09,3963.63,4018.8358705950905
TR-030196,2025-07-09,3875.7,3816.69462726853
TR-030197,2025-07-09,1852.71,1846.7186386370454
TR-030198,2025-07-09,2701.94,2732.6686846467096
TR-030199,2025-07-09,3050.6,3078.845056179054
TR-030200,2025-07-09,3908.63,3921.2303938830155
TR-030201,2025-07-09,5504.76,5399.847690228971
TR-030202,2025-07-09,2968.73,2998.8755987074114
TR-030203,2025-07-09,3858.33,3883.016201431815
TR-030204,2025-07-09,3713.37,3528.1188980925963
TR-030205,2025-07-09,2952.19,2931.4850261101865
TR-030206,2025-07-09,1505.23,1465.3617062774815
TR-030207,2025-07-09,4231.6,4208.762302526449
TR-030208,2025-07-09,1402.44,1409.7061902563719
TR-030209,2025-07-09,1783.63,1811.8290832770545
TR-030210,2025-07-09,3698.1,3730.6789901583675
TR-030211,2025-07-09,1377.03,1350.9968774119684
TR-030212,2025-07-09,1098.53,1115.1736852671165
TR-030213,2025-07-09,1137.98,1141.0484487721073
TR-030214,2025-07-09,2549.82,2537.139469150168
TR-030215,2025-07-09,1003.06,1033.2684055963891
TR-030216,2025-07-09,4588.11,4493.249003928586
TR-030217,2025-07-09,5099.39,5259.2876259820905
TR-030218,2025-07-09,1361.85,1380.818199716442
TR-030219,2025-07-09,394.67,393.778387149855
TR-030220,2025-07-09,6025.48,5995.630562574118
TR-030221,2025-07-09,1032.94,1063.2058283461083
TR-030222,2025-07-09,1722.75,1725.289369934416
TR-030223,2025-07-09,900.24,929.5800048181222
TR-030224,2025-07-09,3537.12,3586.7083332776583
TR-030225,2025-07-09,2312.7,2279.04580060612
TR-030226,2025-07-09,1830.89,1910.306573168754
TR-030227,2025-07-09,1321.23,1313.3197852950998
TR-030228,2025-07-09,1245.3,1312.9366888335858
TR-030229,2025-07-09,3730.35,3727.1512263549503
TR-030230,2025-07-09,2628.19,2726.3798005571116
TR-030231,2025-07-09,968.65,972.8580122746116
TR-030232,2025-07-09,4748.61,4725.479358907146
TR-030233,2025-07-09,5015.01,4936.730714027355
TR-030234,2025-07-09,4412.43,4427.845677078199
TR-030235,2025-07-09,1411.03,1423.560061928582
TR-030236,2025-07-09,3444.42,3432.8615826619966
TR-030237,2025-07-09,2415.31,2501.020629290417
TR-030238,2025-07-09,4379.17,4668.069649787743
TR-030239,2025-07-10,2373.65,2320.7451116621396
TR-030240,2025-07-10,897.34,892.5639714083129
TR-030241,2025-07-10,3399.79,3437.4033259035295
TR-030242,2025-07-10,3815.85,3776.248651501452
TR-030243,2025-07-10,1815.89,1821.9737031802736
TR-030244,2025-07-10,1045.47,1071.3389900549314
TR-030245,2025-07-10,5115.5,5124.00548026728
TR-030246,2025-07-10,4418.0,4490.218285506268
TR-030247,2025-07-10,9195.08,2307.521130334696
TR-030248,2025-07-10,1737.14,1734.501117234727
TR-030249,2025-07-10,2628.29,2577.0739704708867
TR-030250,2025-07-10,2058.62,2076.2058538788183
TR-030251,2025-07-10,2239.98,2246.07391502929
TR-030252,2025-07-10,4130.03,4245.417720685164
TR-030253,2025-07-10,1099.01,1110.2001253723606
TR-030254,2025-07-10,2180.16,2211.779450176743
TR-030255,2025-07-10,805.51,836.6792165111922
TR-030256,2025-07-10,1829.67,1801.5970370222317
TR-030257,2025-07-10,2870.07,3037.6820067843955
TR-030258,2025-07-10,831.31,857.5686967482436
TR-030259,2025-07-10,3472.38,3416.876590407732
TR-030260,2025-07-10,1791.11,1823.1772286938058
TR-030261,2025-07-10,2803.99,2827.65310695663
TR-030262,2025-07-10,4313.93,4381.279140569918
TR-030263,2025-07-10,3828.95,3942.533324272945
TR-030264,2025-07-10,2358.71,2356.414957612275
TR-030265,2025-07-10,2316.84,2281.2717214665663
TR-030266,2025-07-10,1707.48,1665.145736114222
TR-030267,2025-07-10,2163.0,2228.1519462129227
TR-030268,2025-07-10,2203.3,2191.671663670866
TR-030269,2025-07-10,1684.25,1694.0008375107338
TR-030270,2025-07-10,4289.7,4332.1988907481555
TR-030271,2025-07-10,380.61,393.55946645640574
TR-030272,2025-07-10,1298.18,1281.9886397761325
TR-030273,2025-07-10,1886.23,1887.6322148017603
TR-030274,2025-07-10,1955.39,2013.9106964332036
TR-030275,2025-07-10,1886.21,1903.205076130939
TR-030276,2025-07-10,3753.04,3723.11160914272
TR-030277,2025-07-10,2574.13,2584.077954049895
TR-030278,2025-07-10,4267.8,4153.124700646136
TR-030279,2025-07-10,3311.28,3443.0610456519853
TR-030280,2025-07-10,1200.02,1251.201509432137
TR-030281,2025-07-10,712.33,735.6314626439448
TR-030282,2025-07-10,1962.96,709.4662149556636
TR-030283,2025-07-10,1430.89,1457.3236607488511
TR-030284,2025-07-10,2426.25,2482.6061822386982
TR-030285,2025-07-10,1671.53,1638.9362380083335
TR-030286,2025-07-10,2926.74,2998.134412554078
TR-030287,2025-07-10,3778.76,3870.1077458543386
TR-030288,2025-07-10,1679.51,1725.0381815487372
TR-030289,2025-07-10,1128.63,1151.730061234719
TR-030290,2025-07-10,828.3,852.2922686064207
TR-030291,2025-07-10,4702.08,4792.387175755421
TR-030292,2025-07-10,3554.06,3547.0217469840427
TR-030293,2025-07-10,4086.68,4197.334514997636
TR-030294,2025-07-10,1080.81,1090.1699371208138
TR-030295,2025-07-10,1453.52,1455.901107634444
TR-030296,2025-07-10,3467.68,3438.332029312224
TR-030297,2025-07-10,4546.52,4503.045094319135
TR-030298,2025-07-10,1278.08,1276.7342204908937
TR-030299,2025-07-10,731.19,731.2781861108808
TR-030300,2025-07-10,1134.64,1133.9488192612203
TR-030301,2025-07-10,3798.22,3944.355309977424
TR-030302,2025-07-10,2234.27,2282.9036309437956
TR-030303,2025-07-10,2035.77,2067.673517858983
TR-030304,2025-07-10,3139.08,3177.8885231418217
TR-030305,2025-07-10,4340.03,4337.71861542674
TR-030306,2025-07-10,4249.28,4234.85673447756
TR-030307,2025-07-10,3411.75,3459.071955264195
TR-030308,2025-07-10,3009.16,3153.641663870137
TR-030309,2025-07-10,1207.36,1199.6448490227003
TR-030310,2025-07-10,4002.13,3803.6576921555497
TR-030311,2025-07-10,4302.23,4437.387417242224
TR-030312,2025-07-10,857.92,879.2242987783245
TR-030313,2025-07-10,773.56,778.1922216230271
TR-030314,2025-07-10,1566.2,1557.6153024529926
TR-030315,2025-07-10,1251.91,1271.0471940608168
TR-030316,2025-07-10,3722.25,3715.3733719050033
TR-030317,2025-07-10,630.34,635.4505754742122
TR-030318,2025-07-10,5218.42,5264.670676274945
TR-030319,2025-07-10,2452.12,2451.0753162023543
TR-030320,2025-07-10,2518.98,2628.362226057388
TR-030321,2025-07-10,768.57,3330.215954311616
TR-030322,2025-07-10,2055.19,2065.2685302971495
TR-030323,2025-07-10,4238.49,4128.507222204926
TR-030324,2025-07-10,2802.16,2757.5270421952237
TR-030325,2025-07-10,1195.69,1240.2111361095244
TR-030326,2025-07-10,4291.58,4347.879045321995
TR-030327,2025-07-10,294.68,328.8776602337091
TR-030328,2025-07-10,3353.23,3460.7875417176065
TR-030329,2025-07-10,1854.9,1811.234622090393
TR-030330,2025-07-10,1700.99,1746.6637586419686
TR-030331,2025-07-10,1917.99,1915.4135849058293
TR-030332,2025-07-10,1547.92,1541.441190180533
TR-030333,2025-07-10,3888.68,3891.0617408285584
TR-030334,2025-07-10,400.03,419.651536725931
TR-030335,2025-07-10,1767.35,1741.6010362376182
TR-030336,2025-07-10,1314.74,1322.309020840325
TR-030337,2025-07-10,1294.11,1347.4418689642575
TR-030338,2025-07-10,2455.29,2456.907416169548
TR-030339,2025-07-10,4729.75,4580.780267886737
TR-030340,2025-07-10,695.57,675.7847758745809
TR-030341,2025-07-10,1738.57,1741.3149978341653
TR-030342,2025-07-10,975.29,4563.00829563608
TR-030343,2025-07-10,1077.35,1083.2798187981539
TR-030344,2025-07-10,2142.74,2148.1366910615443
TR-030345,2025-07-10,1849.91,1963.767545498194
TR-030346,2025-07-10,4137.3,4238.020166408542
TR-030347,2025-07-10,1639.8,1664.7197707682485
TR-030348,2025-07-10,1812.31,1822.8918681988966
TR-030349,2025-07-10,620.69,608.793661866338
TR-030350,2025-07-10,1084.15,1062.1379947215778
TR-030351,2025-07-10,515.33,534.0659359105216
TR-030352,2025-07-10,1316.25,1320.5226670334785
TR-030353,2025-07-10,2280.68,2300.399162939675
TR-030354,2025-07-10,3007.69,3017.1514647126382
TR-030355,2025-07-10,1363.17,1377.6456496726728
TR-030356,2025-07-10,4101.61,4084.9984820645127
TR-030357,2025-07-10,1003.31,973.967052481463
TR-030358,2025-07-10,2185.23,2216.586094523057
TR-030359,2025-07-10,2191.39,2233.563137045069
TR-030360,2025-07-10,1186.89,1198.7161932664067
TR-030361,2025-07-10,2535.9,2586.803120986418
TR-030362,2025-07-10,4237.3,4283.675299718371
TR-030363,2025-07-10,1843.28,1884.905486397635
TR-030364,2025-07-10,1822.83,1821.2408003664657
TR-030365,2025-07-10,3137.89,3242.277457723946
TR-030366,2025-07-10,2146.76,2218.4012661696993
TR-030367,2025-07-10,2687.1,2785.693922954478
TR-030368,2025-07-10,2147.47,2202.9802840669154
TR-030369,2025-07-10,4108.07,4269.612621547013
TR-030370,2025-07-10,1903.09,1918.0587862728926
TR-030371,2025-07-10,2883.01,2922.20785073598
TR-030372,2025-07-10,2023.87,2137.094129830935
TR-030373,2025-07-10,1971.33,1906.9130490217374
TR-030374,2025-07-10,674.36,666.5629373830591
TR-030375,2025-07-10,1124.0,1139.8120032858897
TR-030376,2025-07-10,1550.5,1544.0897922290005
TR-030377,2025-07-10,1232.56,1237.5330710848436
TR-030378,2025-07-10,1603.28,1665.8457399866288
TR-030379,2025-07-10,1544.9,1541.5607146019959
TR-030380,2025-07-10,3028.0,3026.7580313738436
TR-030381,2025-07-10,2550.07,2622.195975924281
TR-030382,2025-07-10,1308.99,1295.1959776502028
TR-030383,2025-07-10,1108.93,1107.674030507005
TR-030384,2025-07-10,2976.55,2985.707274818178
TR-030385,2025-07-10,2039.29,2074.0562610743727
TR-030386,2025-07-10,736.1,739.6761066698241
TR-030387,2025-07-10,1757.22,1766.0997824732688
TR-030388,2025-07-10,1886.66,1865.6236095160746
TR-030389,2025-07-10,2177.86,2204.759466691376
TR-030390,2025-07-10,1975.47,1983.9145752633412
TR-030391,2025-07-10,2197.73,2139.2025288128566
TR-030392,2025-07-10,4356.37,4450.6625239110535
TR-030393,2025-07-10,3877.58,3917.2857718751575
TR-030394,2025-07-10,1302.0,1352.1939166606978
TR-030395,2025-07-10,775.05,770.7945728426039
TR-030396,2025-07-10,1347.03,1360.749383231349
TR-030397,2025-07-10,581.53,589.688910759505
TR-030398,2025-07-10,3562.07,3493.6508707716985
TR-030399,2025-07-10,405.35,410.4343803260813
TR-030400,2025-07-10,588.0,579.6058851626533
TR-030401,2025-07-11,1740.14,1723.5026560853153
TR-030402,2025-07-11,1564.51,1623.3620555903449
TR-030403,2025-07-11,1679.46,1659.5482687696829
TR-030404,2025-07-11,1687.22,1704.4142740330703
TR-030405,2025-07-11,2442.57,2441.8814215466687
TR-030406,2025-07-11,1238.04,1249.6010418740639
TR-030407,2025-07-11,2698.28,2717.0463410344178
TR-030408,2025-07-11,773.41,767.3699760422232
TR-030409,2025-07-11,1929.35,2014.47652194308
TR-030410,2025-07-11,3519.09,3581.734972376483
TR-030411,2025-07-11,2017.2,2075.3620830449136
TR-030412,2025-07-11,1633.32,1595.7918079765627
TR-030413,2025-07-11,2553.12,2564.293260987532
TR-030414,2025-07-11,578.85,557.3962780463341
TR-030415,2025-07-11,3201.57,3237.417099344676
TR-030416,2025-07-11,1568.48,1607.5100835018125
TR-030417,2025-07-11,3257.96,3259.7757884593875
TR-030418,2025-07-11,1342.88,1322.414381421011
TR-030419,2025-07-11,1549.37,1572.657104886216
TR-030420,2025-07-11,2016.18,2075.7717288323806
TR-030421,2025-07-11,1807.82,1786.2961554358783
TR-030422,2025-07-11,2456.53,2404.1209930697796
TR-030423,2025-07-11,256.45,253.81896570758772
TR-030424,2025-07-11,1855.24,1873.169980768767
TR-030425,2025-07-11,6266.37,6321.993590092477
TR-030426,2025-07-11,2498.42,2472.528085052465
TR-030427,2025-07-11,582.19,563.1927138573653
TR-030428,2025-07-11,1228.6,1238.5640402660683
TR-030429,2025-07-11,1076.83,1071.3770503452292
TR-030430,2025-07-11,2763.46,2834.818890337112
TR-030431,2025-07-11,1941.54,1949.974311114784
TR-030432,2025-07-11,3633.13,3748.567644892195
TR-030433,2025-07-11,2720.36,2798.4214780880507
TR-030434,2025-07-11,5767.46,5879.634008936448
TR-030435,2025-07-11,2016.79,1955.7974866738432
TR-030436,2025-07-11,1727.51,1731.5875592497116
TR-030437,2025-07-11,4757.05,4717.898016782432
TR-030438,2025-07-11,944.04,911.4987135982053
TR-030439,2025-07-11,790.33,770.2402322521391
TR-030440,2025-07-11,1726.64,1729.7995873110274
TR-030441,2025-07-11,3629.97,3584.350863573987
TR-030442,2025-07-11,1918.28,1980.6525081294728
TR-030443,2025-07-11,2981.44,2955.6832294809983
TR-030444,2025-07-11,1716.55,1741.7501986801717
TR-030445,2025-07-11,1875.33,1931.0096671596011
TR-030446,2025-07-11,2205.88,2202.8855138954063
TR-030447,2025-07-11,2371.55,2398.7838237631695
TR-030448,2025-07-11,5144.32,5169.643849493321
TR-030449,2025-07-11,1227.77,1263.6044741346368
TR-030450,2025-07-11,3896.53,3919.270576648213
TR-030451,2025-07-11,4977.66,5203.004945884793
TR-030452,2025-07-11,3240.86,3317.1651724960375
TR-030453,2025-07-11,4136.94,4189.919723696643
TR-030454,2025-07-11,3811.69,3976.3691503726827
TR-030455,2025-07-11,2211.05,2222.3565354472757
TR-030456,2025-07-11,609.87,608.5982377829055
TR-030457,2025-07-11,4873.99,5095.330426608591
TR-030458,2025-07-11,1712.44,1670.8001844473706
TR-030459,2025-07-11,3403.88,3493.183740807638
TR-030460,2025-07-11,1405.33,1418.7584941130058
TR-030461,2025-07-11,2890.52,2876.5035586627882
TR-030462,2025-07-11,3143.44,2997.2589286199527
TR-030463,2025-07-11,5108.04,5078.707230631297
TR-030464,2025-07-11,2972.43,2936.0508943710547
TR-030465,2025-07-11,3229.92,3172.55608823994
TR-030466,2025-07-11,1971.93,1933.3337516956453
TR-030467,2025-07-11,1076.73,1077.4963369918132
TR-030468,2025-07-11,4037.3,3983.115340931478
TR-030469,2025-07-11,1659.3,1648.9391835500253
TR-030470,2025-07-11,2284.14,2276.399306791403
TR-030471,2025-07-11,991.96,1012.2942831626042
TR-030472,2025-07-11,594.84,606.936395175667
TR-030473,2025-07-11,784.37,782.0568170499589
TR-030474,2025-07-11,1538.29,1554.447584396004
TR-030475,2025-07-11,1152.41,1194.7907770981237
TR-030476,2025-07-11,4525.25,4608.588881800952
TR-030477,2025-07-11,3744.87,3646.949113535945
TR-030478,2025-07-11,1418.62,1435.922548418594
TR-030479,2025-07-11,3954.39,4061.203908882978
TR-030480,2025-07-11,2609.26,2602.3603884296263
TR-030481,2025-07-11,3343.63,3329.0628734687944
TR-030482,2025-07-11,4015.8,3902.12954577234
TR-030483,2025-07-11,1243.34,1242.997618716128
TR-030484,2025-07-11,2871.44,2845.008020657662
TR-030485,2025-07-11,2062.09,2070.8404238710154
TR-030486,2025-07-11,2870.35,2918.6813577038392
TR-030487,2025-07-11,2793.09,2808.4561879456837
TR-030488,2025-07-11,902.09,916.3101056097883
TR-030489,2025-07-11,2013.0,2075.869095731524
TR-030490,2025-07-11,3207.33,3262.1491916088544
TR-030491,2025-07-11,1914.13,1898.2420749093828
TR-030492,2025-07-11,3882.52,3963.3511854655667
TR-030493,2025-07-11,3690.44,3668.647707758535
TR-030494,2025-07-11,4747.59,4749.694911835005
TR-030495,2025-07-11,3456.02,3511.211581101581
TR-030496,2025-07-11,901.88,920.0617936467868
TR-030497,2025-07-11,1081.31,1058.3495803964202
TR-030498,2025-07-11,6305.98,6282.296195048154
TR-030499,2025-07-11,1607.62,1645.4559586516257
TR-030500,2025-07-11,1065.25,1122.509761794905
TR-030501,2025-07-11,2274.3,2302.206466716216
TR-030502,2025-07-11,3016.82,3082.368551341133
TR-030503,2025-07-11,1667.35,1703.5164021755022
TR-030504,2025-07-11,2061.53,2020.6875705518512
TR-030505,2025-07-11,728.28,734.8345465292302
TR-030506,2025-07-11,1035.0,1090.2946428871796
TR-030507,2025-07-11,1563.21,1582.7473270003907
TR-030508,2025-07-11,494.43,463.98355328643265
TR-030509,2025-07-11,5725.17,5662.675034976807
TR-030510,2025-07-11,3514.5,3650.316073428755
TR-030511,2025-07-11,1358.99,604.3832503991691
TR-030512,2025-07-11,1260.8,1282.5257449270393
TR-030513,2025-07-11,2303.83,2295.138586729194
TR-030514,2025-07-11,1474.65,1502.9381826537378
TR-030515,2025-07-11,1980.45,1980.4060141184189
TR-030516,2025-07-11,648.69,635.4380859710814
TR-030517,2025-07-11,1927.79,1938.7965309307199
TR-030518,2025-07-11,2517.17,2594.8285266632856
TR-030519,2025-07-11,854.89,830.9637652619463
TR-030520,2025-07-11,2100.29,2118.846040666839
TR-030521,2025-07-11,1407.3,1439.453953474423
TR-030522,2025-07-11,1717.31,1707.9896522430176
TR-030523,2025-07-11,1245.57,1261.2911942203261
TR-030524,2025-07-11,1140.16,1170.9959971313522
TR-030525,2025-07-11,4513.38,4437.354480603346
TR-030526,2025-07-11,2390.61,2376.1391026138535
TR-030527,2025-07-11,1673.86,1653.2743473115224
TR-030528,2025-07-11,1820.79,1826.4276579499167
TR-030529,2025-07-11,750.35,747.0757202787738
TR-030530,2025-07-11,4190.89,4186.154984347666
TR-030531,2025-07-11,2012.11,2044.9003668798193
TR-030532,2025-07-11,3836.62,3898.506598487841
TR-030533,2025-07-11,2113.91,2123.848786285747
TR-030534,2025-07-11,4424.19,4238.918322528849
TR-030535,2025-07-11,2616.67,2584.7214767609767
TR-030536,2025-07-11,1467.73,1440.4111664380944
TR-030537,2025-07-11,2481.8,2530.119393234597
TR-030538,2025-07-11,4759.82,4723.6214171270285
TR-030539,2025-07-11,1546.1,1593.354516161091
TR-030540,2025-07-11,4014.1,4103.591959904203
TR-030541,2025-07-11,1434.29,1426.5091782580594
TR-030542,2025-07-11,1683.92,1746.7832815123825
TR-030543,2025-07-11,1553.15,1564.593964618331
TR-030544,2025-07-11,4921.95,4908.534193257872
TR-030545,2025-07-11,5103.52,5247.423792270762
TR-030546,2025-07-11,203.79,230.0251368130837
TR-030547,2025-07-11,4157.51,4259.586806866715
TR-030548,2025-07-11,4497.89,4655.408412785942
TR-030549,2025-07-11,3280.06,3182.936501266636
TR-030550,2025-07-11,1327.62,1349.63205219178
TR-030551,2025-07-11,1087.12,1119.0111544977628
TR-030552,2025-07-11,3872.4,3875.871796014709
TR-030553,2025-07-11,3950.65,3927.3634708028985
TR-030554,2025-07-11,396.96,1133.5697491802466
TR-030555,2025-07-11,4706.47,4683.2614617378995
TR-030556,2025-07-12,1582.52,1586.6404677442106
TR-030557,2025-07-12,3375.78,3378.1247302757574
TR-030558,2025-07-12,361.11,345.6013593941011
TR-030559,2025-07-12,1166.72,1170.841340179763
TR-030560,2025-07-12,2139.92,2181.7027472306363
TR-030561,2025-07-12,2030.05,2067.7757978325158
TR-030562,2025-07-12,4349.07,4387.71998320121
TR-030563,2025-07-12,1344.15,1344.1123746884418
TR-030564,2025-07-12,1898.77,1907.6196481371333
TR-030565,2025-07-12,1205.38,1166.4250238974619
TR-030566,2025-07-12,2329.47,2381.2251935034014
TR-030567,2025-07-12,1630.6,1634.3999153944824
TR-030568,2025-07-12,534.63,550.4488989347965
TR-030569,2025-07-12,1904.16,1859.749261818142
TR-030570,2025-07-12,1168.73,1203.2358073416835
TR-030571,2025-07-12,1959.68,1930.5171085579923
TR-030572,2025-07-12,2508.14,2616.7364895576093
TR-030573,2025-07-12,4582.06,4788.984147692501
TR-030574,2025-07-12,736.17,733.6701563501802
TR-030575,2025-07-12,764.43,725.356174033956
TR-030576,2025-07-12,763.81,761.2814672951088
TR-030577,2025-07-12,1079.94,1108.1183086614228
TR-030578,2025-07-12,1192.53,1239.8793681094235
TR-030579,2025-07-12,5799.27,5924.4377650163915
TR-030580,2025-07-12,1582.17,1597.2173200026516
TR-030581,2025-07-12,1676.06,1705.9306677635382
TR-030582,2025-07-12,2518.79,2531.574288104094
TR-030583,2025-07-12,1434.59,1439.9971903660935
TR-030584,2025-07-12,3122.35,3243.96654661686
TR-030585,2025-07-12,2640.3,2658.8088108401207
TR-030586,2025-07-12,1778.52,1812.5289667656646
TR-030587,2025-07-12,2479.15,2557.307866378487
TR-030588,2025-07-12,685.37,663.9062803679424
TR-030589,2025-07-12,1066.85,1114.6522823665537
TR-030590,2025-07-12,3171.73,3207.517186600013
TR-030591,2025-07-12,4594.73,4757.180348824496
TR-030592,2025-07-12,3667.36,3738.761213050566
TR-030593,2025-07-12,1420.59,1380.2544506505947
TR-030594,2025-07-12,1896.84,1876.3455756143912
TR-030595,2025-07-12,3049.71,3038.812343185843
TR-030596,2025-07-12,2454.58,2483.7430263290803
TR-030597,2025-07-12,2328.88,2346.193917596155
TR-030598,2025-07-12,3695.67,3777.3863336386166
TR-030599,2025-07-12,1544.7,1544.4111691028686
TR-030600,2025-07-12,1097.2,1098.6435375516212
TR-030601,2025-07-12,1766.12,1789.2940578124815
TR-030602,2025-07-12,1892.28,1982.9171052264837
TR-030603,2025-07-12,3538.64,3589.838192856477
TR-030604,2025-07-12,1708.49,1763.4220712464034
TR-030605,2025-07-12,1969.98,2038.7909322621163
TR-030606,2025-07-12,1063.53,1054.5955053620996
TR-030607,2025-07-12,1824.22,1756.9214138340358
TR-030608,2025-07-12,920.38,949.3535419014158
TR-030609,2025-07-12,549.54,540.2019880291186
TR-030610,2025-07-12,1028.6,1046.0128395786155
TR-030611,2025-07-12,2544.72,2711.941591995169
TR-030612,2025-07-12,1414.68,1439.2311681797225
TR-030613,2025-07-12,2685.28,2778.065647488279
TR-030614,2025-07-12,1794.12,1831.1125823916293
TR-030615,2025-07-12,469.04,471.20961769731866
TR-030616,2025-07-12,1121.45,1105.5690800023767
TR-030617,2025-07-12,1261.64,1290.1732798369985
TR-030618,2025-07-12,2416.93,2466.1018560931875
TR-030619,2025-07-12,3306.46,3311.93380108687
TR-030620,2025-07-12,3423.76,3400.561518052903
TR-030621,2025-07-12,2065.96,2129.6539124771684
TR-030622,2025-07-12,3673.45,3803.3980619220056
TR-030623,2025-07-12,1820.89,1828.239172409778
TR-030624,2025-07-12,1541.39,1554.0696789681565
TR-030625,2025-07-12,1480.38,1436.0165488218686
TR-030626,2025-07-12,2345.65,2286.849401116172
TR-030627,2025-07-12,1568.51,1620.1483931975242
TR-030628,2025-07-12,1455.5,1495.1853917582398
TR-030629,2025-07-12,974.69,1020.2167165712824
TR-030630,2025-07-12,1895.5,1943.7765513089143
TR-030631,2025-07-12,3538.73,3634.209578671359
TR-030632,2025-07-12,2672.73,2638.0273848639035
TR-030633,2025-07-12,2396.84,2411.2092279968724
TR-030634,2025-07-12,4997.41,5216.924894886666
TR-030635,2025-07-12,1796.96,1804.7692709095802
TR-030636,2025-07-12,2174.18,2191.5862170059286
TR-030637,2025-07-12,929.42,937.4858294941314
TR-030638,2025-07-12,3609.71,3651.8442199642996
TR-030639,2025-07-12,3369.42,3370.9069564443366
TR-030640,2025-07-12,1764.02,1799.5918608750244
TR-030641,2025-07-12,2527.27,2562.8805999746737
TR-030642,2025-07-12,2434.39,2423.609126906142
TR-030643,2025-07-12,4391.45,4501.79094172242
TR-030644,2025-07-12,5340.69,5521.614769351746
TR-030645,2025-07-12,2170.43,2188.8527242957334
TR-030646,2025-07-12,2875.23,2875.5121694171257
TR-030647,2025-07-12,1592.63,1624.0698377660142
TR-030648,2025-07-12,3549.24,3630.6194599015143
TR-030649,2025-07-12,1244.92,1251.5100325233248
TR-030650,2025-07-12,4750.92,4834.166757418703
TR-030651,2025-07-12,3673.59,3731.989131116022
TR-030652,2025-07-12,711.95,694.0271742413483
TR-030653,2025-07-12,1691.69,1676.371099323005
TR-030654,2025-07-12,1057.38,1086.3275037970698
TR-030655,2025-07-12,3207.56,3128.0877439750766
TR-030656,2025-07-12,4242.07,4266.547723768445
TR-030657,2025-07-12,2981.6,3048.5583054528506
TR-030658,2025-07-12,2336.97,2391.2052872777404
TR-030659,2025-07-12,1592.75,1615.1994472404838
TR-030660,2025-07-12,907.85,935.294470772365
TR-030661,2025-07-12,1193.71,1195.1164165527387
TR-030662,2025-07-12,4044.97,4129.491750365923
TR-030663,2025-07-12,3819.9,3874.320409001376
TR-030664,2025-07-12,1546.66,1597.298978376807
TR-030665,2025-07-12,2363.33,2393.7868324230367
TR-030666,2025-07-12,2516.06,2511.396761184631
TR-030667,2025-07-12,1652.35,1643.9366507152417
TR-030668,2025-07-12,3516.22,3531.1643023007496
TR-030669,2025-07-12,1213.38,1265.359914512284
TR-030670,2025-07-12,311.81,326.7401573454738
TR-030671,2025-07-12,4175.17,4177.498080936896
TR-030672,2025-07-12,616.27,613.7462606524243
TR-030673,2025-07-12,930.57,956.5918987841981
TR-030674,2025-07-12,3309.52,3322.2875105353164
TR-030675,2025-07-12,962.96,984.6664892950048
TR-030676,2025-07-12,1625.64,1653.342778210816
TR-030677,2025-07-12,3408.91,3465.7226025687623
TR-030678,2025-07-12,1557.97,1554.6834032153886
TR-030679,2025-07-12,704.47,699.9855408565802
TR-030680,2025-07-12,1518.98,1499.4895228956952
TR-030681,2025-07-12,1854.9,1839.089222795157
TR-030682,2025-07-12,4060.4,4021.609826041942
TR-030683,2025-07-12,2872.47,2861.966806620959
TR-030684,2025-07-12,1076.42,1074.9299329074074
TR-030685,2025-07-12,2616.71,2694.652070918038
TR-030686,2025-07-12,4186.0,4216.486864452743
TR-030687,2025-07-12,2203.03,2236.2422196365956
TR-030688,2025-07-12,1471.4,1515.0923130885562
TR-030689,2025-07-12,2784.21,2874.1283140132673
TR-030690,2025-07-12,3814.26,3798.052558339469
TR-030691,2025-07-12,3154.85,3243.680874523163
TR-030692,2025-07-12,2507.85,2578.589751959295
TR-030693,2025-07-12,5414.25,5579.8767075540545
TR-030694,2025-07-12,575.56,556.1292244873102
TR-030695,2025-07-12,1374.42,1420.4777250228703
TR-030696,2025-07-12,1435.82,1481.1233986028928
TR-030697,2025-07-12,4016.37,4145.136094031037
TR-030698,2025-07-12,1648.54,1655.7521698196122
TR-030699,2025-07-12,2480.34,2527.33704320697
TR-030700,2025-07-12,1034.17,1040.9453696193054
TR-030701,2025-07-12,977.65,1003.835518692739
TR-030702,2025-07-12,714.25,671.0315676298767
TR-030703,2025-07-12,2850.62,2862.9839485521584
TR-030704,2025-07-12,1600.92,1620.835459473081
TR-030705,2025-07-12,1677.72,1675.5076014610495
TR-030706,2025-07-12,59.68,307.23042199083625
TR-030707,2025-07-12,3532.44,3480.904879264659
TR-030708,2025-07-12,1879.21,1924.4567565438647
TR-030709,2025-07-12,2405.92,2364.3897925985043
TR-030710,2025-07-12,1425.36,1419.7163265550728
TR-030711,2025-07-12,486.47,472.30953195239795
TR-030712,2025-07-12,780.01,803.031485865298
TR-030713,2025-07-12,1003.71,1048.284534376135
TR-030714,2025-07-12,2800.97,2782.4123681229685
TR-030715,2025-07-12,2940.64,2985.228239545968
TR-030716,2025-07-12,4458.97,4500.349710976309
TR-030717,2025-07-12,4685.49,4731.707826936341
TR-030718,2025-07-12,1684.33,1751.4175067223002
TR-030719,2025-07-12,4721.65,4548.305548690234
TR-030720,2025-07-12,2561.63,2610.5637003796733
TR-030721,2025-07-12,1475.77,1564.7610423022468
TR-030722,2025-07-12,571.08,547.2574529656542
TR-030723,2025-07-12,3343.04,3431.516068711485
TR-030724,2025-07-12,2666.67,2661.137544201474
TR-030725,2025-07-12,2231.48,2251.897732878753
TR-030726,2025-07-12,1740.67,1736.6244836011367
TR-030727,2025-07-12,295.75,287.1561471481946
TR-030728,2025-07-12,644.13,640.2615527108076
TR-030729,2025-07-12,354.52,380.6586752751209
TR-030730,2025-07-12,4311.95,4470.856641963647
TR-030731,2025-07-12,2156.22,2129.142468622975
TR-030732,2025-07-12,4086.56,4022.139043964541
TR-030733,2025-07-12,3823.2,3966.9808920137907
TR-030734,2025-07-12,473.3,496.17218619206756
TR-030735,2025-07-12,4622.8,4730.5047586040655
TR-030736,2025-07-12,2396.05,2475.9683257645183
TR-030737,2025-07-12,778.53,772.2852790710656
TR-030738,2025-07-12,1814.43,1796.1173363337055
TR-030739,2025-07-12,4568.56,4678.895181639542
TR-030740,2025-07-12,1514.04,1474.8351507435746
TR-030741,2025-07-12,1044.81,1072.2898618647723
TR-030742,2025-07-12,5089.15,5285.771980231597
TR-030743,2025-07-12,911.34,924.6313383762424
TR-030744,2025-07-12,4526.11,4629.263689583284
TR-030745,2025-07-12,610.41,581.514400188621
TR-030746,2025-07-12,3760.95,3736.884375917756
TR-030747,2025-07-13,1561.4,1574.8110213265572
TR-030748,2025-07-13,3410.5,3432.1258114480333
TR-030749,2025-07-13,891.18,859.2167312950196
TR-030750,2025-07-13,4795.16,1913.9684172975583
TR-030751,2025-07-13,732.38,713.2951115737189
TR-030752,2025-07-13,3658.81,3734.791955438787
TR-030753,2025-07-13,4145.37,4135.63408901642
TR-030754,2025-07-13,4839.33,4970.616388748803
TR-030755,2025-07-13,2113.95,2110.512863072491
TR-030756,2025-07-13,871.33,902.2715592517729
TR-030757,2025-07-13,2287.78,2312.3461042629074
TR-030758,2025-07-13,2152.13,2219.3790663979157
TR-030759,2025-07-13,1151.15,1135.5063166707973
TR-030760,2025-07-13,2182.98,2192.437691487009
TR-030761,2025-07-13,2230.67,2267.414308901158
TR-030762,2025-07-13,3598.75,3472.4449249221284
TR-030763,2025-07-13,1064.0,1037.9839393326138
TR-030764,2025-07-13,2085.06,2104.883494021903
TR-030765,2025-07-13,1122.73,1177.6572673615897
TR-030766,2025-07-13,1218.41,1264.7634820316894
TR-030767,2025-07-13,1345.82,1392.3605823760797
TR-030768,2025-07-13,1028.05,1065.5962481660504
TR-030769,2025-07-13,1481.63,1517.0712266645753
TR-030770,2025-07-13,1943.03,1999.3058037519743
TR-030771,2025-07-13,1314.1,1342.2404042575545
TR-030772,2025-07-13,503.1,503.26347723001504
TR-030773,2025-07-13,3726.14,3779.1696758106023
TR-030774,2025-07-13,3682.73,3663.3489243586578
TR-030775,2025-07-13,2048.55,2063.2409756302986
TR-030776,2025-07-13,1550.27,1561.798015098817
TR-030777,2025-07-13,4022.07,4060.1547228104987
TR-030778,2025-07-13,2326.7,2293.764412068367
TR-030779,2025-07-13,4410.95,4457.358479992739
TR-030780,2025-07-13,890.93,896.763065845638
TR-030781,2025-07-13,4992.12,5039.692286927748
TR-030782,2025-07-13,1165.89,1119.1801570099585
TR-030783,2025-07-13,880.74,848.8644050569342
TR-030784,2025-07-13,2021.66,1958.5936955473076
TR-030785,2025-07-13,2022.06,2030.101224104395
TR-030786,2025-07-13,1722.7,1713.7829425161935
TR-030787,2025-07-13,892.59,908.8214550724865
TR-030788,2025-07-13,1356.1,1330.9038037661553
TR-030789,2025-07-13,1649.67,1685.7608391294025
TR-030790,2025-07-13,1674.54,1705.1511800285987
TR-030791,2025-07-13,2784.88,2784.0769102303198
TR-030792,2025-07-13,2383.43,2434.9700690109225
TR-030793,2025-07-13,6065.51,6159.843147294
TR-030794,2025-07-13,1786.01,1809.3630906551339
TR-030795,2025-07-13,688.99,665.4593391424878
TR-030796,2025-07-13,1462.35,1439.330449717589
TR-030797,2025-07-13,3999.47,4128.635087670835
TR-030798,2025-07-13,1255.88,1265.7985841899463
TR-030799,2025-07-13,3450.04,3373.199487185425
TR-030800,2025-07-13,1675.24,1676.0374876431467
TR-030801,2025-07-13,751.2,754.9018582763103
TR-030802,2025-07-13,585.86,570.1198256115961
TR-030803,2025-07-13,1035.13,1029.0739515515802
TR-030804,2025-07-13,1359.53,1383.7657125859487
TR-030805,2025-07-13,3773.57,3792.156568310578
TR-030806,2025-07-13,912.34,942.3839403816562
TR-030807,2025-07-13,1452.6,1490.0352457740555
TR-030808,2025-07-13,1307.3,1334.1260764908275
TR-030809,2025-07-13,969.11,963.5201130147336
TR-030810,2025-07-13,1623.84,1645.0790856991314
TR-030811,2025-07-13,1252.32,1247.895739736138
TR-030812,2025-07-13,2470.29,2492.744706274627
TR-030813,2025-07-13,2556.21,2558.535762790177
TR-030814,2025-07-13,2082.85,2125.2257202112705
TR-030815,2025-07-13,2757.5,2779.9359415770477
TR-030816,2025-07-13,3779.43,3958.0695819895404
TR-030817,2025-07-13,1377.33,1202.6013710913155
TR-030818,2025-07-13,4038.49,4000.1448291882793
TR-030819,2025-07-13,3006.92,2940.9539278561674
TR-030820,2025-07-13,3780.45,3813.00023858662
TR-030821,2025-07-13,2387.39,2301.4661749377187
TR-030822,2025-07-13,782.79,767.2653773103027
TR-030823,2025-07-13,2206.75,2226.1601244879253
TR-030824,2025-07-13,2122.49,2180.2944435074214
TR-030825,2025-07-13,845.86,814.4296357963808
TR-030826,2025-07-13,997.28,984.2284311501828
TR-030827,2025-07-13,3989.15,4037.6753289453563
TR-030828,2025-07-13,2744.55,2736.4654645346377
TR-030829,2025-07-13,2058.37,2001.7710293620107
TR-030830,2025-07-13,2030.82,2072.0445947527555
TR-030831,2025-07-13,2759.22,2756.175193482181
TR-030832,2025-07-13,1293.41,1319.9250302505566
TR-030833,2025-07-13,3960.48,4105.251780415658
TR-030834,2025-07-13,2090.8,2137.7539505042187
TR-030835,2025-07-13,2241.72,2304.745400411505
TR-030836,2025-07-13,982.02,995.6003813715163
TR-030837,2025-07-13,2406.93,2368.9015548348034
TR-030838,2025-07-13,2246.31,2215.1995482420184
TR-030839,2025-07-13,2783.66,2821.27251397686
TR-030840,2025-07-13,836.56,833.8779261716356
TR-030841,2025-07-13,2043.29,2041.8641995876205
TR-030842,2025-07-13,749.7,762.1494544369018
TR-030843,2025-07-13,1154.47,1148.8566789248425
TR-030844,2025-07-13,4325.3,4375.584508659054
TR-030845,2025-07-13,993.97,1034.5033568156882
TR-030846,2025-07-13,4314.78,4419.787430440494
TR-030847,2025-07-13,1145.24,1159.321677544541
TR-030848,2025-07-13,2522.14,2616.1147683517083
TR-030849,2025-07-13,1627.4,1641.619186286856
TR-030850,2025-07-13,728.41,711.7417188001416
TR-030851,2025-07-13,4217.09,4157.860493269573
TR-030852,2025-07-13,2064.09,2108.3108825409704
TR-030853,2025-07-13,224.9,224.97408413816515
TR-030854,2025-07-13,4429.42,4499.701980228787
TR-030855,2025-07-13,1670.59,1694.3353890096635
TR-030856,2025-07-13,758.79,780.7048325864762
TR-030857,2025-07-13,312.99,297.0368916131333
TR-030858,2025-07-13,1001.52,996.9573534887911
TR-030859,2025-07-13,4827.69,4785.388489198209
TR-030860,2025-07-13,1874.57,1851.4824707897944
TR-030861,2025-07-13,2071.3,2045.2880249311147
TR-030862,2025-07-13,2351.95,2325.8656162742946
TR-030863,2025-07-13,1383.51,1426.6089160640126
TR-030864,2025-07-13,1265.86,1268.7487304774313
TR-030865,2025-07-13,5283.97,5230.488978121666
TR-030866,2025-07-13,476.03,460.0945276129182
TR-030867,2025-07-13,1370.24,1379.3168325394472
TR-030868,2025-07-13,5702.78,6175.049845620065
TR-030869,2025-07-13,3011.81,2991.347713821998
TR-030870,2025-07-13,1532.49,1494.456762023132
TR-030871,2025-07-13,3866.94,3928.0114972957235
TR-030872,2025-07-13,3950.52,3993.0159359989048
TR-030873,2025-07-13,4226.81,4264.255907148426
TR-030874,2025-07-13,5382.71,5294.580392287473
TR-030875,2025-07-13,2018.87,2036.9562188529883
TR-030876,2025-07-13,3086.11,3089.3553896365165
TR-030877,2025-07-13,4798.13,4987.509323520704
TR-030878,2025-07-13,1544.93,1545.4902555687252
TR-030879,2025-07-13,1991.18,2018.457096844334
TR-030880,2025-07-13,4780.32,4919.323287777495
TR-030881,2025-07-13,2628.64,2633.765845701751
TR-030882,2025-07-13,4926.8,5043.332193793905
TR-030883,2025-07-13,610.35,608.1219797358585
TR-030884,2025-07-13,3336.06,3328.9884405458242
TR-030885,2025-07-13,1596.0,1631.7147261641007
TR-030886,2025-07-13,2594.37,2573.4808643461874
TR-030887,2025-07-13,3417.87,3457.584388826959
TR-030888,2025-07-13,2348.52,2425.1658723177234
TR-030889,2025-07-13,2193.11,2209.469130945984
TR-030890,2025-07-13,4082.08,4161.644757109567
TR-030891,2025-07-13,3871.02,3946.977886657126
TR-030892,2025-07-13,3108.39,952.6410909031827
TR-030893,2025-07-13,1075.32,1106.1386449734002
TR-030894,2025-07-13,2217.93,2247.2677124631914
TR-030895,2025-07-13,4549.32,4335.163389444018
TR-030896,2025-07-13,1084.28,1079.9820968009185
TR-030897,2025-07-13,4767.36,4795.933396834076
TR-030898,2025-07-13,764.55,758.0189704225993
TR-030899,2025-07-13,997.07,1020.6176128770898
TR-030900,2025-07-13,774.46,767.8729961213462
TR-030901,2025-07-13,3827.37,3824.677851635747
TR-030902,2025-07-13,1156.04,1167.7774918215496
TR-030903,2025-07-13,4714.08,4756.077710770814
TR-030904,2025-07-13,2065.24,2067.016914744863
TR-030905,2025-07-13,1196.57,1241.6890239588715
TR-030906,2025-07-13,2054.27,2101.7531928104268
TR-030907,2025-07-13,2010.15,1968.0781902250867
TR-030908,2025-07-13,3822.26,3836.4629182147946
TR-030909,2025-07-13,2478.38,2543.4953593972014
TR-030910,2025-07-13,780.67,761.1639495952631
TR-030911,2025-07-13,1592.78,1538.1499439687618
TR-030912,2025-07-13,2316.17,2309.563514748924
TR-030913,2025-07-13,1645.68,1675.0250373027977
TR-030914,2025-07-13,2027.85,2085.7209805093044
TR-030915,2025-07-13,3920.49,3985.739457482336
TR-030916,2025-07-13,3775.64,3774.282579050633
TR-030917,2025-07-13,890.78,904.9220127964618
TR-030918,2025-07-13,1499.46,1567.5975976607324
TR-030919,2025-07-13,1149.11,1139.6833524395097
TR-030920,2025-07-13,1464.45,1505.1514785537506
TR-030921,2025-07-13,3451.49,3510.280304490256
TR-030922,2025-07-13,706.48,693.8525446693329
TR-030923,2025-07-14,2013.79,2110.2677701569105
TR-030924,2025-07-14,3977.13,3949.7951601841414
TR-030925,2025-07-14,5355.59,5441.654243840392
TR-030926,2025-07-14,1544.71,1544.7738402705295
TR-030927,2025-07-14,1495.6,1562.790141782153
TR-030928,2025-07-14,5172.64,5175.363467011257
TR-030929,2025-07-14,4011.1,3980.822379343379
TR-030930,2025-07-14,4097.64,4258.450258859148
TR-030931,2025-07-14,3050.75,3138.3034223863415
TR-030932,2025-07-14,3216.84,3304.0463949695777
TR-030933,2025-07-14,4303.41,4397.171216922463
TR-030934,2025-07-14,4481.51,4602.973401881908
TR-030935,2025-07-14,2716.36,2836.818134279098
TR-030936,2025-07-14,361.91,368.79056008715975
TR-030937,2025-07-14,2253.82,2233.3514188033887
TR-030938,2025-07-14,1106.54,1115.25227336729
TR-030939,2025-07-14,1002.36,1069.178409055227
TR-030940,2025-07-14,1052.89,1039.6894103909924
TR-030941,2025-07-14,1256.28,1301.8802299290248
TR-030942,2025-07-14,898.29,872.0967272642429
TR-030943,2025-07-14,2864.99,2964.491173882462
TR-030944,2025-07-14,493.72,485.18818348488094
TR-030945,2025-07-14,3072.58,3118.801113498719
TR-030946,2025-07-14,3324.84,3360.7892996732407
TR-030947,2025-07-14,3688.5,3666.184878558121
TR-030948,2025-07-14,4177.2,4189.367687118892
TR-030949,2025-07-14,2966.57,2966.082152041162
TR-030950,2025-07-14,1790.77,1867.6348193720955
TR-030951,2025-07-14,1451.46,1499.894112186633
TR-030952,2025-07-14,5975.08,5900.754378197475
TR-030953,2025-07-14,3176.69,3176.4294118484704
TR-030954,2025-07-14,1851.57,1874.533895213121
TR-030955,2025-07-14,891.32,905.4624936630328
TR-030956,2025-07-14,2053.22,2044.2839178095956
TR-030957,2025-07-14,4609.63,4838.675409846231
TR-030958,2025-07-14,557.59,573.9978069299762
TR-030959,2025-07-14,983.41,1025.8149884864883
TR-030960,2025-07-14,2910.22,2953.8909151347284
TR-030961,2025-07-14,3494.0,3639.840565046561
TR-030962,2025-07-14,2544.98,2670.2465833090628
TR-030963,2025-07-14,576.24,560.6804113595656
TR-030964,2025-07-14,3613.63,3764.2531768759836
TR-030965,2025-07-14,923.25,933.2138663683654
TR-030966,2025-07-14,803.51,843.7597301263631
TR-030967,2025-07-14,3835.93,3957.8772500249775
TR-030968,2025-07-14,2299.7,2389.656436356033
TR-030969,2025-07-14,268.86,287.6208183889855
TR-030970,2025-07-14,2823.78,2870.6354202730927
TR-030971,2025-07-14,2509.41,2525.9640295171516
TR-030972,2025-07-14,525.15,537.1883106944015
TR-030973,2025-07-14,6516.72,6537.392635386121
TR-030974,2025-07-14,1006.11,1046.0323996400912
TR-030975,2025-07-14,612.21,611.4032972314551
TR-030976,2025-07-14,1769.34,1826.0285043890128
TR-030977,2025-07-14,1720.02,1715.7273328610056
TR-030978,2025-07-14,2189.38,2201.9341519960717
TR-030979,2025-07-14,1169.63,1173.5651909237863
TR-030980,2025-07-14,4376.89,4520.319374063758
TR-030981,2025-07-14,977.71,977.03907452816
TR-030982,2025-07-14,1104.31,1133.5070171836412
TR-030983,2025-07-14,2072.97,2093.996999678586
TR-030984,2025-07-14,779.65,767.5081574369574
TR-030985,2025-07-14,1560.35,1610.3532742349441
TR-030986,2025-07-14,2303.43,2324.8540375796924
TR-030987,2025-07-14,2279.06,2224.7357001307146
TR-030988,2025-07-14,2300.43,2369.1404545635028
TR-030989,2025-07-14,1673.65,1660.8655401051624
TR-030990,2025-07-14,1723.8,1765.640436781272
TR-030991,2025-07-14,3718.98,3659.961614926152
TR-030992,2025-07-14,1468.72,1455.6805243202873
TR-030993,2025-07-14,1572.4,1584.2882726696805
TR-030994,2025-07-14,3572.98,3643.5462855182823
TR-030995,2025-07-14,3963.91,3866.4516175665703
TR-030996,2025-07-14,792.37,787.7015054212568
TR-030997,2025-07-14,5696.87,5762.927310919162
TR-030998,2025-07-14,1882.51,1954.624531476783
TR-030999,2025-07-14,4295.23,4406.222350147198
TR-031000,2025-07-14,4404.9,4406.22291661329
TR-031001,2025-07-14,3129.2,3097.8664640132342
TR-031002,2025-07-14,2553.5,2586.7873117825025
TR-031003,2025-07-14,2700.92,2697.38981648484
TR-031004,2025-07-14,2590.21,2748.4027042714697
TR-031005,2025-07-14,602.57,596.3499478090041
TR-031006,2025-07-14,1227.94,1275.5006795734907
TR-031007,2025-07-14,721.77,715.4900110734266
TR-031008,2025-07-14,4337.99,4304.92582603902
TR-031009,2025-07-14,2459.35,2423.0216585564053
TR-031010,2025-07-14,1605.46,1581.841051414145
TR-031011,2025-07-14,600.87,608.792096410441
TR-031012,2025-07-14,3474.14,3390.0421309023304
TR-031013,2025-07-14,2100.13,2093.0320685758725
TR-031014,2025-07-14,1609.27,1654.682258219017
TR-031015,2025-07-14,2206.95,2286.5207664275176
TR-031016,2025-07-14,758.87,779.1080621039946
TR-031017,2025-07-14,3492.31,3457.0543265100614
TR-031018,2025-07-14,4109.53,4365.9878542571605
TR-031019,2025-07-14,926.82,4002.7442267637443
TR-031020,2025-07-14,753.27,736.9966083470008
TR-031021,2025-07-14,964.44,956.6029436592783
TR-031022,2025-07-14,4574.6,4629.528221018592
TR-031023,2025-07-14,4116.38,4149.415322946872
TR-031024,2025-07-14,1782.79,1858.4353839765963
TR-031025,2025-07-14,3802.08,3828.055057425082
TR-031026,2025-07-14,1654.42,1628.8285454955587
TR-031027,2025-07-14,1943.65,1936.8971023636404
TR-031028,2025-07-14,3136.73,3102.4297888878477
TR-031029,2025-07-14,1297.39,1351.0226733139684
TR-031030,2025-07-14,1042.42,1046.7277041332839
TR-031031,2025-07-14,3822.67,4037.0930775546076
TR-031032,2025-07-14,5929.17,5790.774391702906
TR-031033,2025-07-14,1563.33,1585.6133612108176
TR-031034,2025-07-14,2962.14,3035.5419939344297
TR-031035,2025-07-14,1850.69,1830.403307904609
TR-031036,2025-07-14,1720.99,1790.2676293757113
TR-031037,2025-07-14,3956.97,3889.259796795659
TR-031038,2025-07-14,3841.23,3894.217910452101
TR-031039,2025-07-14,2380.76,2352.6418938301595
TR-031040,2025-07-14,2062.37,2056.55254796036
TR-031041,2025-07-14,3842.0,3829.0906853651068
TR-031042,2025-07-14,4003.37,4013.5100252246775
TR-031043,2025-07-14,1204.56,1218.860117927498
TR-031044,2025-07-14,4140.39,4331.376371481521
TR-031045,2025-07-14,1642.24,1761.4337247634642
TR-031046,2025-07-14,3859.46,3927.1237338702213
TR-031047,2025-07-14,3440.06,3433.367006970523
TR-031048,2025-07-14,1980.59,2062.0918797303575
TR-031049,2025-07-14,1241.76,1286.232299068274
TR-031050,2025-07-14,5052.56,5004.121657863551
TR-031051,2025-07-14,646.7,657.5719366911819
TR-031052,2025-07-14,2707.19,2699.2089587284236
TR-031053,2025-07-14,2378.42,2375.34699914586
TR-031054,2025-07-14,1021.92,1059.94609874301
TR-031055,2025-07-14,245.71,294.22327587613927
TR-031056,2025-07-14,2792.66,2881.156780323305
TR-031057,2025-07-14,1017.63,1037.447832213943
TR-031058,2025-07-14,1481.47,1539.483311198026
TR-031059,2025-07-14,3440.83,3513.9757161540347
TR-031060,2025-07-14,1930.82,1980.2410758519725
TR-031061,2025-07-14,2200.07,2223.513826675658
TR-031062,2025-07-14,1918.97,1900.91588296879
TR-031063,2025-07-14,492.71,484.21221593347354
TR-031064,2025-07-14,2663.21,2696.0368976089
TR-031065,2025-07-14,4484.12,4365.512591438768
TR-031066,2025-07-14,2557.11,2545.110879866112
TR-031067,2025-07-14,6359.0,6399.167114156358
TR-031068,2025-07-14,2028.09,2039.2868153566928
TR-031069,2025-07-14,4856.54,4774.388554077474
TR-031070,2025-07-14,2566.75,2482.7510926160157
TR-031071,2025-07-14,915.73,930.3573077306114
TR-031072,2025-07-14,1850.23,1824.8565409669127
TR-031073,2025-07-14,2802.59,2838.780215805647
TR-031074,2025-07-14,1813.98,1890.0663027507665
TR-031075,2025-07-14,3495.35,3500.5045813817005
TR-031076,2025-07-15,1028.63,1056.0562313519074
TR-031077,2025-07-15,1828.3,1789.503316965937
TR-031078,2025-07-15,2828.32,2954.4358446577194
TR-031079,2025-07-15,3718.96,3911.098843461001
TR-031080,2025-07-15,4411.76,4492.68347872091
TR-031081,2025-07-15,4700.02,4939.552587076852
TR-031082,2025-07-15,2703.15,2750.098276702801
TR-031083,2025-07-15,4170.96,4338.784296748273
TR-031084,2025-07-15,4538.81,4596.353653487436
TR-031085,2025-07-15,3463.97,3489.69364485553
TR-031086,2025-07-15,3837.61,3956.5310170635894
TR-031087,2025-07-15,5519.2,5702.850971891759
TR-031088,2025-07-15,5481.82,5660.068581252926
TR-031089,2025-07-15,3898.57,3835.541615087216
TR-031090,2025-07-15,1834.62,1836.292718261874
TR-031091,2025-07-15,1468.29,1420.0598923893244
TR-031092,2025-07-15,1661.76,1679.4531571794018
TR-031093,2025-07-15,588.42,604.6732983039115
TR-031094,2025-07-15,2997.65,3019.0672867865105
TR-031095,2025-07-15,1070.62,1037.9502166659393
TR-031096,2025-07-15,4025.89,3995.399952569584
TR-031097,2025-07-15,4861.52,4903.160861214521
TR-031098,2025-07-15,2101.44,2089.7744397512347
TR-031099,2025-07-15,1330.11,1399.8981395632777
TR-031100,2025-07-15,1647.97,1705.8073190800696
TR-031101,2025-07-15,1394.12,1389.696933581576
TR-031102,2025-07-15,4231.14,4306.328454403582
TR-031103,2025-07-15,3402.55,3501.1374937718333
TR-031104,2025-07-15,2128.61,2140.1680285391235
TR-031105,2025-07-15,896.3,900.7673443101203
TR-031106,2025-07-15,1146.04,1190.3202895979102
TR-031107,2025-07-15,1149.63,1112.9705704585078
TR-031108,2025-07-15,3900.59,3861.77676262641
TR-031109,2025-07-15,3886.51,3946.877342233416
TR-031110,2025-07-15,3857.69,3895.430510855489
TR-031111,2025-07-15,2637.05,2706.95838366704
TR-031112,2025-07-15,4026.81,4040.4782339156754
TR-031113,2025-07-15,1483.61,1476.639836212148
TR-031114,2025-07-15,880.63,887.9965644060483
TR-031115,2025-07-15,589.95,626.1865597818551
TR-031116,2025-07-15,2619.05,2642.2969686825945
TR-031117,2025-07-15,3670.22,3664.1126200414556
TR-031118,2025-07-15,1033.64,1050.1115735512171
TR-031119,2025-07-15,1960.16,2005.6188133893243
TR-031120,2025-07-15,1133.6,1209.7351810993362
TR-031121,2025-07-15,3569.07,3792.703950864303
TR-031122,2025-07-15,4496.11,4510.410369824538
TR-031123,2025-07-15,2192.77,2276.942180235002
TR-031124,2025-07-15,3462.35,3557.509215735411
TR-031125,2025-07-15,1051.27,1067.7104269589508
TR-031126,2025-07-15,1908.66,1971.4137921974568
TR-031127,2025-07-15,4779.51,4968.412401657033
TR-031128,2025-07-15,2800.39,2815.005522456529
TR-031129,2025-07-15,2132.27,2199.4946542987864
TR-031130,2025-07-15,1962.71,2005.7475777407672
TR-031131,2025-07-15,5061.61,1672.6315905793072
TR-031132,2025-07-15,1779.31,1825.6794649257818
TR-031133,2025-07-15,438.84,490.78020167736076
TR-031134,2025-07-15,2242.32,2219.9319124205545
TR-031135,2025-07-15,4073.44,4148.101373478545
TR-031136,2025-07-15,1908.18,1926.1022534494346
TR-031137,2025-07-15,5592.89,5751.212490519614
TR-031138,2025-07-15,2374.3,2479.530395815592
TR-031139,2025-07-15,2479.34,2478.0811948603377
TR-031140,2025-07-15,2058.89,2121.47587688032
TR-031141,2025-07-15,4651.51,4765.241425394901
TR-031142,2025-07-15,1987.29,2019.4965014302488
TR-031143,2025-07-15,5591.08,5616.546282741523
TR-031144,2025-07-15,542.36,561.677287739232
TR-031145,2025-07-15,312.92,329.22370011051294
TR-031146,2025-07-15,3781.76,3867.8603891679722
TR-031147,2025-07-15,1869.74,1894.3344072933212
TR-031148,2025-07-15,4280.67,4266.354678238273
TR-031149,2025-07-15,1131.43,1152.5135942811578
TR-031150,2025-07-15,3590.05,3533.6378978953735
TR-031151,2025-07-15,2061.73,2139.7605120819835
TR-031152,2025-07-15,5802.66,5740.554640235939
TR-031153,2025-07-15,730.52,758.5857291765446
TR-031154,2025-07-15,723.46,734.7755544042286
TR-031155,2025-07-15,839.57,867.6701483353027
TR-031156,2025-07-15,1120.67,1191.1902600213175
TR-031157,2025-07-15,1005.61,1016.3648232844139
TR-031158,2025-07-15,2175.61,2212.659761433779
TR-031159,2025-07-15,4050.58,4162.39145435629
TR-031160,2025-07-15,4662.18,4692.117315257608
TR-031161,2025-07-15,2313.21,2335.044114430841
TR-031162,2025-07-15,2513.39,2479.491375968842
TR-031163,2025-07-15,2475.03,2565.6461751803313
TR-031164,2025-07-15,3052.91,3148.078297772657
TR-031165,2025-07-15,1141.87,1162.4598285963743
TR-031166,2025-07-15,1415.54,1473.3155121061616
TR-031167,2025-07-15,4309.52,4389.57311546762
TR-031168,2025-07-15,2297.18,2304.7538329734352
TR-031169,2025-07-15,1373.21,1387.7220802824472
TR-031170,2025-07-15,3165.42,3149.095519337929
TR-031171,2025-07-15,673.4,657.5750834833573
TR-031172,2025-07-15,3618.84,3723.8735021409875
TR-031173,2025-07-15,2676.5,2615.4047205301945
TR-031174,2025-07-15,4056.98,4279.217217940078
TR-031175,2025-07-15,1185.63,1197.8852792126763
TR-031176,2025-07-15,4080.45,4119.683255496799
TR-031177,2025-07-15,1156.3,1200.4774433988068
TR-031178,2025-07-15,912.09,931.6296017710144
TR-031179,2025-07-15,3341.52,3447.3528601981325
TR-031180,2025-07-15,4128.74,4189.118906357611
TR-031181,2025-07-15,6109.42,6170.039953919282
TR-031182,2025-07-15,885.35,904.1231781275972
TR-031183,2025-07-15,1100.5,1127.0796332962013
TR-031184,2025-07-15,4203.27,4232.648138409748
TR-031185,2025-07-15,474.14,472.65653943421717
TR-031186,2025-07-15,1544.4,1587.013995408597
TR-031187,2025-07-15,4436.55,4524.175906618293
TR-031188,2025-07-15,2530.21,2579.1952244037147
TR-031189,2025-07-15,1039.62,1069.0187135441988
TR-031190,2025-07-15,1343.16,1389.1566032077208
TR-031191,2025-07-15,3745.4,3788.499979827141
TR-031192,2025-07-15,3428.99,3536.909006533622
TR-031193,2025-07-15,2283.5,2283.6864480545532
TR-031194,2025-07-15,3505.89,3657.9019347827743
TR-031195,2025-07-15,345.46,339.69176763421956
TR-031196,2025-07-15,3369.69,3469.089372300965
TR-031197,2025-07-15,3133.96,3225.056845058457
TR-031198,2025-07-15,1395.35,1438.1656173453084
TR-031199,2025-07-15,910.93,926.5844542912228
TR-031200,2025-07-15,3460.09,3490.775355264197
TR-031201,2025-07-15,2499.54,2476.460116567064
TR-031202,2025-07-15,9445.95,2932.7861977367706
TR-031203,2025-07-15,2406.54,2453.9769311570735
TR-031204,2025-07-15,3614.89,3583.737228662106
TR-031205,2025-07-15,2665.86,2726.670453455291
TR-031206,2025-07-15,4806.59,4927.922111840371
TR-031207,2025-07-15,4374.54,4496.953809417833
TR-031208,2025-07-15,5737.5,5751.087454288996
TR-031209,2025-07-15,5800.11,5822.845105791326
TR-031210,2025-07-15,968.4,953.5261755383449
TR-031211,2025-07-15,1466.16,1459.7895311454376
TR-031212,2025-07-15,4253.1,4365.807077455091
TR-031213,2025-07-15,2551.17,2714.943967496203
TR-031214,2025-07-15,3565.25,3715.2104480331177
TR-031215,2025-07-15,4869.46,4948.948582371789
TR-031216,2025-07-15,1882.94,1917.6279139912785
TR-031217,2025-07-15,909.27,940.3524549105398
TR-031218,2025-07-15,2911.96,3021.939714008158
TR-031219,2025-07-15,2488.57,2505.708725629342
TR-031220,2025-07-15,5477.69,5598.125230332324
TR-031221,2025-07-15,1231.82,1247.865697950329
TR-031222,2025-07-15,1479.55,1516.0870149442385
TR-031223,2025-07-15,2318.57,2300.7262784409745
TR-031224,2025-07-15,491.96,500.3324193274261
TR-031225,2025-07-16,2513.37,2540.7066296957623
TR-031226,2025-07-16,1180.47,1208.6117732160953
TR-031227,2025-07-16,1545.31,1586.0311698415578
TR-031228,2025-07-16,1349.51,1404.0204228125742
TR-031229,2025-07-16,1595.7,1658.0231861582201
TR-031230,2025-07-16,531.33,532.0249181302024
TR-031231,2025-07-16,3745.55,3755.0787074314985
TR-031232,2025-07-16,4736.47,4867.646433748422
TR-031233,2025-07-16,3269.88,3171.739008241386
TR-031234,2025-07-16,4781.12,4702.646732173402
TR-031235,2025-07-16,3162.43,3255.0832869452
TR-031236,2025-07-16,4778.73,4712.366607773607
TR-031237,2025-07-16,1284.21,1292.582084537794
TR-031238,2025-07-16,763.11,753.3079177509899
TR-031239,2025-07-16,6312.38,6377.143235295944
TR-031240,2025-07-16,2299.33,2348.0918645035936
TR-031241,2025-07-16,4552.61,4487.789628313965
TR-031242,2025-07-16,713.38,715.8426481876033
TR-031243,2025-07-16,2054.62,2081.903196094952
TR-031244,2025-07-16,1846.19,1887.0275489070027
TR-031245,2025-07-16,343.21,343.9198301765173
TR-031246,2025-07-16,4944.65,4988.7914514612385
TR-031247,2025-07-16,1164.94,1205.9265912132175
TR-031248,2025-07-16,2198.2,2314.4713572396963
TR-031249,2025-07-16,2076.81,2144.2662217562374
TR-031250,2025-07-16,1688.09,1731.2298974646628
TR-031251,2025-07-16,3019.0,2951.0630258600213
TR-031252,2025-07-16,5180.86,5324.37701074685
TR-031253,2025-07-16,3985.45,4109.525741657144
TR-031254,2025-07-16,1209.55,1273.7488659131723
TR-031255,2025-07-16,2629.73,2596.9284298853186
TR-031256,2025-07-16,5202.28,5261.988269077683
TR-031257,2025-07-16,657.66,660.4977613987717
TR-031258,2025-07-16,1820.91,1905.2943226769116
TR-031259,2025-07-16,1691.93,1703.985823314465
TR-031260,2025-07-16,19042.39,4018.9884641814656
TR-031261,2025-07-16,2545.02,2562.012490883687
TR-031262,2025-07-16,1700.07,1740.4644580129657
TR-031263,2025-07-16,4453.17,4363.804095025309
TR-031264,2025-07-16,1762.58,1776.725871752891
TR-031265,2025-07-16,2458.42,2496.3880452987123
TR-031266,2025-07-16,2995.27,3024.086904314951
TR-031267,2025-07-16,1846.89,1832.2264012183896
TR-031268,2025-07-16,2479.39,2467.0106703105375
TR-031269,2025-07-16,3948.52,3992.4057023271316
TR-031270,2025-07-16,4388.84,4513.309310305432
TR-031271,2025-07-16,5341.61,5402.70760245495
TR-031272,2025-07-16,796.62,828.3527348705611
TR-031273,2025-07-16,4157.9,4202.363448426315
TR-031274,2025-07-16,811.4,854.9922845231229
TR-031275,2025-07-16,2531.05,2671.546021859799
TR-031276,2025-07-16,1334.81,1355.0194479732659
TR-031277,2025-07-16,2274.26,2238.846972806566
TR-031278,2025-07-16,2179.5,2180.835850333529
TR-031279,2025-07-16,1336.61,1371.2271791499074
TR-031280,2025-07-16,2848.44,2838.433606733034
TR-031281,2025-07-16,1016.23,1058.5558981883833
TR-031282,2025-07-16,3369.39,3540.760942107975
TR-031283,2025-07-16,2478.25,2494.235248693777
TR-031284,2025-07-16,5817.95,5785.755137565204
TR-031285,2025-07-16,2797.85,2910.336003614948
TR-031286,2025-07-16,1615.55,1627.2722706025286
TR-031287,2025-07-16,2282.64,2384.2824421693394
TR-031288,2025-07-16,4191.28,4383.009873169349
TR-031289,2025-07-16,1877.27,1887.147715930934
TR-031290,2025-07-16,1739.6,1718.1614413083396
TR-031291,2025-07-16,4179.08,4112.3833969889565
TR-031292,2025-07-16,4635.54,4666.4899450739085
TR-031293,2025-07-16,2837.44,2819.409280370719
TR-031294,2025-07-16,804.91,2510.2906322183526
TR-031295,2025-07-16,2613.67,2597.859047734828
TR-031296,2025-07-16,5018.11,4954.259047676871
TR-031297,2025-07-16,4643.35,4743.405042118373
TR-031298,2025-07-16,423.31,428.877788529242
TR-031299,2025-07-16,2044.57,2116.192543283509
TR-031300,2025-07-16,4560.5,4720.754879815251
TR-031301,2025-07-16,353.57,379.9430975819753
TR-031302,2025-07-16,1800.31,1825.6315371829862
TR-031303,2025-07-16,4358.6,1871.0439293347306
TR-031304,2025-07-16,2821.46,2826.299907190727
TR-031305,2025-07-16,1537.67,1524.1271875350394
TR-031306,2025-07-16,1143.56,1154.4655135182675
TR-031307,2025-07-16,1417.5,1465.3829227325234
TR-031308,2025-07-16,562.63,561.386863297611
TR-031309,2025-07-16,4130.49,4186.4218038876315
TR-031310,2025-07-16,1566.47,1585.7740839889998
TR-031311,2025-07-16,2037.41,2002.7966256249658
TR-031312,2025-07-16,1010.31,1055.2648219245702
TR-031313,2025-07-16,5392.04,5365.073832663198
TR-031314,2025-07-16,1488.69,1546.339014420243
TR-031315,2025-07-16,2684.4,2703.789748799754
TR-031316,2025-07-16,2095.89,2115.1908824119405
TR-031317,2025-07-16,3175.88,3243.7434956926572
TR-031318,2025-07-16,1129.56,1130.0213930562336
TR-031319,2025-07-16,1954.38,1988.2756653617803
TR-031320,2025-07-16,1174.86,1190.4310580823458
TR-031321,2025-07-16,1734.09,1797.0600566834019
TR-031322,2025-07-16,2210.71,2175.4686021726848
TR-031323,2025-07-16,1278.83,1301.1941250789864
TR-031324,2025-07-16,1152.25,1138.2357254466829
TR-031325,2025-07-16,2305.91,2421.410660849701
TR-031326,2025-07-16,2942.26,3055.6717465941856
TR-031327,2025-07-16,6510.96,6467.101827695013
TR-031328,2025-07-16,2371.78,2297.2140387498407
TR-031329,2025-07-16,1954.96,2021.4620885545853
TR-031330,2025-07-16,1423.55,1430.7413640687446
TR-031331,2025-07-16,956.22,957.2887308153165
TR-031332,2025-07-16,2894.8,2917.88482892009
TR-031333,2025-07-16,5970.35,1688.1153473464847
TR-031334,2025-07-16,2963.06,3013.10877347933
TR-031335,2025-07-16,1694.67,1669.5179284482126
TR-031336,2025-07-16,902.78,932.312342213055
TR-031337,2025-07-16,966.36,980.9681509743443
TR-031338,2025-07-16,4544.07,4462.888341677214
TR-031339,2025-07-16,1660.46,1708.3505268274644
TR-031340,2025-07-16,312.22,274.43487927396245
TR-031341,2025-07-16,2629.41,2696.794099638786
TR-031342,2025-07-16,3531.56,3561.1522825738452
TR-031343,2025-07-16,4615.93,4607.957934942873
TR-031344,2025-07-16,4006.49,3986.1005069736248
TR-031345,2025-07-16,3435.48,3454.8792509099935
TR-031346,2025-07-16,2103.16,2148.4854610112648
TR-031347,2025-07-16,2088.78,2065.0093196719176
TR-031348,2025-07-16,926.88,948.0311485267357
TR-031349,2025-07-16,1186.7,1145.70894837292
TR-031350,2025-07-16,2685.15,2761.485673940166
TR-031351,2025-07-16,2928.02,2916.8100090854614
TR-031352,2025-07-16,3691.21,3707.8870372341844
TR-031353,2025-07-16,2363.35,2332.595198620691
TR-031354,2025-07-16,1341.26,1375.0861542430775
TR-031355,2025-07-16,1941.56,1932.463232767256
TR-031356,2025-07-16,2065.8,2058.104485518443
TR-031357,2025-07-16,2839.63,2883.9514411406954
TR-031358,2025-07-16,849.26,859.4546299738638
TR-031359,2025-07-16,3803.6,3887.1900457379525
TR-031360,2025-07-16,1499.34,1572.2463096203878
TR-031361,2025-07-16,2178.09,2200.266141746522
TR-031362,2025-07-16,703.07,710.3306688958794
TR-031363,2025-07-16,1195.93,1270.7755434084474
TR-031364,2025-07-16,2555.73,2700.4164281916064
TR-031365,2025-07-16,5972.2,6056.748459311085
TR-031366,2025-07-16,2171.81,2164.046978938249
TR-031367,2025-07-16,3296.97,3409.6553461965955
TR-031368,2025-07-16,4155.08,4171.377411022986
TR-031369,2025-07-16,1773.92,1845.8389751135862
TR-031370,2025-07-16,1187.01,1262.5873320282985
TR-031371,2025-07-16,1575.81,1591.7239578405706
TR-031372,2025-07-16,3118.16,3262.7644326787927
TR-031373,2025-07-16,1143.76,1162.1284782951234
TR-031374,2025-07-17,6638.75,6726.919063933637
TR-031375,2025-07-17,2217.51,2276.6589634024353
TR-031376,2025-07-17,3492.8,3556.308256540687
TR-031377,2025-07-17,3229.54,3271.521341508849
TR-031378,2025-07-17,1656.43,1672.133633209677
TR-031379,2025-07-17,3832.66,3921.9115777505185
TR-031380,2025-07-17,2045.58,2007.0204763202216
TR-031381,2025-07-17,1082.16,1079.387363305078
TR-031382,2025-07-17,1397.01,1401.3327556337117
TR-031383,2025-07-17,3669.39,3875.0562516183245
TR-031384,2025-07-17,596.1,602.8105649565016
TR-031385,2025-07-17,4256.96,4049.4966760644093
TR-031386,2025-07-17,2309.46,2330.5453608980993
TR-031387,2025-07-17,804.37,828.2947166151155
TR-031388,2025-07-17,1980.14,1954.6173552514601
TR-031389,2025-07-17,357.76,402.20768388297097
TR-031390,2025-07-17,2417.81,2486.9733043072006
TR-031391,2025-07-17,1272.41,1281.6365203366838
TR-031392,2025-07-17,4098.46,4133.330025027564
TR-031393,2025-07-17,813.18,819.991190855807
TR-031394,2025-07-17,2960.92,3128.2325727672446
TR-031395,2025-07-17,3715.2,3712.471557777168
TR-031396,2025-07-17,4511.81,4476.1081602421
TR-031397,2025-07-17,1621.96,1622.538727311845
TR-031398,2025-07-17,4058.58,4129.762801812442
TR-031399,2025-07-17,380.46,373.8294585485121
TR-031400,2025-07-17,3694.79,3816.595765704942
TR-031401,2025-07-17,1420.85,1476.2263907197876
TR-031402,2025-07-17,353.69,362.3607919636843
TR-031403,2025-07-17,2072.59,2066.588240803706
TR-031404,2025-07-17,2116.32,2192.2011422659534
TR-031405,2025-07-17,3275.69,3244.901632109354
TR-031406,2025-07-17,2966.6,2947.0046513035973
TR-031407,2025-07-17,2277.07,2305.089321483266
TR-031408,2025-07-17,3556.32,3629.1173149199376
TR-031409,2025-07-17,1126.03,1150.105787268047
TR-031410,2025-07-17,580.91,561.4953132029937
TR-031411,2025-07-17,4422.6,4604.99661634195
TR-031412,2025-07-17,859.57,880.0097547911171
TR-031413,2025-07-17,3499.26,3616.441670588255
TR-031414,2025-07-17,1562.78,1611.721641299512
TR-031415,2025-07-17,2841.75,2912.561768741413
TR-031416,2025-07-17,884.63,890.6696870590813
TR-031417,2025-07-17,3133.06,3160.8322891439248
TR-031418,2025-07-17,4123.03,4051.025209531609
TR-031419,2025-07-17,3959.06,3989.6043929712732
TR-031420,2025-07-17,4757.82,4743.321518775177
TR-031421,2025-07-17,3384.98,3448.8476255384985
TR-031422,2025-07-17,2275.32,2375.9607306564435
TR-031423,2025-07-17,3429.16,3495.238518759603
TR-031424,2025-07-17,1225.21,1196.5477762018436
TR-031425,2025-07-17,1558.87,1562.8385236556935
TR-031426,2025-07-17,1023.17,1031.6480228928924
TR-031427,2025-07-17,3305.66,3401.888386732794
TR-031428,2025-07-17,1376.76,1402.1006549500528
TR-031429,2025-07-17,694.65,701.269926628617
TR-031430,2025-07-17,1812.61,1819.2315900113224
TR-031431,2025-07-17,3558.75,3583.4115707144992
TR-031432,2025-07-17,1684.1,1729.3367243357504
TR-031433,2025-07-17,4264.82,4417.923937202064
TR-031434,2025-07-17,1629.48,1679.5402799706776
TR-031435,2025-07-17,3598.03,3668.5941065223087
TR-031436,2025-07-17,865.1,903.9219458430189
TR-031437,2025-07-17,1989.26,2019.2300894046184
TR-031438,2025-07-17,1695.22,1720.6248745861258
TR-031439,2025-07-17,781.61,785.8537249423559
TR-031440,2025-07-17,2015.81,2013.7839971632247
TR-031441,2025-07-17,1043.87,1089.8300301134504
TR-031442,2025-07-17,4162.47,4273.974892954792
TR-031443,2025-07-17,2587.52,2662.626195056224
TR-031444,2025-07-17,3984.62,4106.849778827642
TR-031445,2025-07-17,2072.24,2136.9639219851915
TR-031446,2025-07-17,1229.83,1251.5811121545748
TR-031447,2025-07-17,2592.17,2524.8727079771597
TR-031448,2025-07-17,3759.21,3679.8702630458133
TR-031449,2025-07-17,2493.89,2514.38232718573
TR-031450,2025-07-17,4384.53,4536.6915044911275
TR-031451,2025-07-17,1596.51,1644.0444858672174
TR-031452,2025-07-17,3722.0,3664.7416509869117
TR-031453,2025-07-17,796.1,828.310880207054
TR-031454,2025-07-17,3792.84,3919.172601518478
TR-031455,2025-07-17,1825.92,1833.1711897514012
TR-031456,2025-07-17,5190.0,5230.9976608131565
TR-031457,2025-07-17,1393.35,1397.203688956362
TR-031458,2025-07-17,2033.9,2129.2159032366085
TR-031459,2025-07-17,1306.37,1325.368358520766
TR-031460,2025-07-17,1291.87,1358.2653402985884
TR-031461,2025-07-17,10965.67,2458.1809947864813
TR-031462,2025-07-17,3619.13,3606.7946744454193
TR-031463,2025-07-17,1820.41,1852.784688618968
TR-031464,2025-07-17,1998.3,2087.995269979172
TR-031465,2025-07-17,1363.85,1416.1170727058777
TR-031466,2025-07-17,3749.6,3720.9951585077806
TR-031467,2025-07-17,5204.08,5268.4689674245365
TR-031468,2025-07-17,6156.12,6096.131735342682
TR-031469,2025-07-17,4263.01,4131.635289280368
TR-031470,2025-07-17,1595.4,1588.4775510951195
TR-031471,2025-07-17,1361.76,1400.2530336170107
TR-031472,2025-07-17,1159.11,1193.2725008775049
TR-031473,2025-07-17,2976.78,2990.3678186137395
TR-031474,2025-07-17,1947.38,1876.6115369056454
TR-031475,2025-07-17,3119.09,3048.0430634478644
TR-031476,2025-07-17,4078.02,4082.1326548085076
TR-031477,2025-07-17,5495.08,5608.887194600147
TR-031478,2025-07-17,879.94,913.5424670627422
TR-031479,2025-07-17,1015.33,1006.6333946496749
TR-031480,2025-07-17,1802.44,1824.9974372449117
TR-031481,2025-07-17,2064.26,2061.003775427108
TR-031482,2025-07-17,1347.85,1422.719951025389
TR-031483,2025-07-17,1272.75,1298.1454835180461
TR-031484,2025-07-17,4223.36,4409.377217403553
TR-031485,2025-07-17,846.13,879.9517708997323
TR-031486,2025-07-17,1597.36,1619.1625865297003
TR-031487,2025-07-17,1820.18,1818.6501077019639
TR-031488,2025-07-17,613.47,595.9908278586836
TR-031489,2025-07-17,1213.6,1239.6212540116621
TR-031490,2025-07-17,1616.93,1619.9033701885253
TR-031491,2025-07-17,3797.93,3836.050040996032
TR-031492,2025-07-17,2109.92,2174.474450220697
TR-031493,2025-07-17,3967.58,4202.129737186766
TR-031494,2025-07-17,763.41,763.9842790562077
TR-031495,2025-07-17,924.44,927.6922807611372
TR-031496,2025-07-17,2507.98,2494.812454887462
TR-031497,2025-07-17,3511.46,3510.8850702935533
TR-031498,2025-07-17,518.99,533.8383705969047
TR-031499,2025-07-17,625.26,637.0513037462592
TR-031500,2025-07-17,468.9,459.3724275605214
TR-031501,2025-07-17,4824.66,4701.824560466402
TR-031502,2025-07-17,4962.25,5144.67250084503
TR-031503,2025-07-17,1574.86,1591.2890780409934
TR-031504,2025-07-17,2311.49,2335.1064703753746
TR-031505,2025-07-17,1769.7,1761.6777331886206
TR-031506,2025-07-17,3794.57,3867.6905036049384
TR-031507,2025-07-17,1296.07,1301.3187970696004
TR-031508,2025-07-17,1711.55,1733.2979714274493
TR-031509,2025-07-17,1814.05,1818.8466579565713
TR-031510,2025-07-17,1558.87,1560.8925351841112
TR-031511,2025-07-17,2646.95,2616.000188166998
TR-031512,2025-07-17,1647.46,1714.8645622837744
TR-031513,2025-07-17,2415.54,2451.9864780930616
TR-031514,2025-07-17,3124.63,3092.105639912702
TR-031515,2025-07-17,2650.43,2793.47083040468
TR-031516,2025-07-17,1151.48,1229.34849226311
TR-031517,2025-07-17,974.64,1005.9039005079351
TR-031518,2025-07-17,2152.83,2231.4747592607105
TR-031519,2025-07-17,2285.17,2335.252158327755
TR-031520,2025-07-17,1278.15,1281.8770185397668
TR-031521,2025-07-17,4258.71,4242.4626692338115
TR-031522,2025-07-17,1604.74,1646.792260658369
TR-031523,2025-07-17,3223.02,3290.0206546542004
TR-031524,2025-07-17,2535.07,2479.731910824561
TR-031525,2025-07-17,3510.78,3462.0929989616034
TR-031526,2025-07-18,2113.86,2175.0601908659705
TR-031527,2025-07-18,5278.65,5283.945959426587
TR-031528,2025-07-18,4048.36,4099.933150290688
TR-031529,2025-07-18,1592.76,1608.921217403194
TR-031530,2025-07-18,3416.23,3455.1886797967077
TR-031531,2025-07-18,1572.25,1620.0291901673281
TR-031532,2025-07-18,482.25,504.1209388088712
TR-031533,2025-07-18,1778.15,1812.9183886239293
TR-031534,2025-07-18,1267.89,1278.7404489641558
TR-031535,2025-07-18,1764.79,1733.2569174447856
TR-031536,2025-07-18,2292.08,2248.1783684686566
TR-031537,2025-07-18,3453.16,3462.4899136215954
TR-031538,2025-07-18,4608.72,4705.958643322579
TR-031539,2025-07-18,2542.37,2491.4240423471974
TR-031540,2025-07-18,1186.65,1193.0838032029787
TR-031541,2025-07-18,1279.82,1304.884129167303
TR-031542,2025-07-18,1809.81,1848.60648685154
TR-031543,2025-07-18,833.05,843.315949175355
TR-031544,2025-07-18,583.26,580.76594465063
TR-031545,2025-07-18,764.93,776.0641880703984
TR-031546,2025-07-18,1246.54,1297.3510078720706
TR-031547,2025-07-18,860.69,825.7431375208296
TR-031548,2025-07-18,4386.82,4296.385486024856
TR-031549,2025-07-18,1188.12,1203.9129470717007
TR-031550,2025-07-18,2279.14,2320.8112370544504
TR-031551,2025-07-18,1237.17,1231.7761637248736
TR-031552,2025-07-18,1982.94,2025.4867454868493
TR-031553,2025-07-18,2836.0,2784.2836958216913
TR-031554,2025-07-18,756.12,772.6676837058117
TR-031555,2025-07-18,1665.21,1675.6043542787788
TR-031556,2025-07-18,1884.32,1917.647948296463
TR-031557,2025-07-18,1997.67,2066.825082825677
TR-031558,2025-07-18,4695.36,4710.606480608971
TR-031559,2025-07-18,3200.48,3263.0749635460593
TR-031560,2025-07-18,2916.47,2906.0760243089517
TR-031561,2025-07-18,1889.65,1924.2974952823695
TR-031562,2025-07-18,3980.9,4008.869876568764
TR-031563,2025-07-18,3048.58,3160.2074846575533
TR-031564,2025-07-18,3271.96,3308.0360285110164
TR-031565,2025-07-18,2059.4,2090.4077539137884
TR-031566,2025-07-18,1484.88,1551.1248584577668
TR-031567,2025-07-18,3758.14,3774.1347021291085
TR-031568,2025-07-18,1880.56,1919.5304756167309
TR-031569,2025-07-18,1040.46,1051.3487065833792
TR-031570,2025-07-18,2147.13,2170.2165765918257
TR-031571,2025-07-18,1374.61,1404.112807532798
TR-031572,2025-07-18,886.08,882.4167577332955
TR-031573,2025-07-18,2009.98,2045.8829996106663
TR-031574,2025-07-18,2509.51,2559.432707215368
TR-031575,2025-07-18,3701.45,3817.594691880183
TR-031576,2025-07-18,1470.86,1479.4915719599257
TR-031577,2025-07-18,1194.38,1160.26966526351
TR-031578,2025-07-18,4883.17,4911.615694474533
TR-031579,2025-07-18,772.66,777.6276159381553
TR-031580,2025-07-18,3039.33,3052.255158222174
TR-031581,2025-07-18,831.51,888.4412755210697
TR-031582,2025-07-18,5121.69,5123.803099656579
TR-031583,2025-07-18,1039.54,1069.8131424310245
TR-031584,2025-07-18,3312.14,3376.7095313888594
TR-031585,2025-07-18,2140.92,2118.7645066581404
TR-031586,2025-07-18,1130.85,1217.6389588455297
TR-031587,2025-07-18,1102.63,1137.6059135745027
TR-031588,2025-07-18,1447.66,1441.0064224323798
TR-031589,2025-07-18,4535.45,4687.841404311754
TR-031590,2025-07-18,1545.48,1577.3956355592609
TR-031591,2025-07-18,1152.92,1212.9715336025872
TR-031592,2025-07-18,788.56,811.6127087639552
TR-031593,2025-07-18,1679.29,1638.3303741642544
TR-031594,2025-07-18,1326.29,1342.3083451314956
TR-031595,2025-07-18,3610.33,3714.6031134093946
TR-031596,2025-07-18,4522.53,4412.739688163823
TR-031597,2025-07-18,5145.5,5135.294475353776
TR-031598,2025-07-18,3360.46,3370.011642413473
TR-031599,2025-07-18,3584.14,3592.7873813512333
TR-031600,2025-07-18,3594.26,3621.4021266859354
TR-031601,2025-07-18,1444.58,1451.5529336675481
TR-031602,2025-07-18,1826.01,1943.8323178420026
TR-031603,2025-07-18,5132.85,5341.196693135364
TR-031604,2025-07-18,2017.87,2041.6848383308984
TR-031605,2025-07-18,1041.78,1009.4460433803397
TR-031606,2025-07-18,2305.08,2277.1234794821817
TR-031607,2025-07-18,1292.76,1304.6640156542724
TR-031608,2025-07-18,1221.06,1259.9158771022344
TR-031609,2025-07-18,1533.85,1615.1731299047478
TR-031610,2025-07-18,2131.63,2215.3680405590007
TR-031611,2025-07-18,4197.17,4413.970939628503
TR-031612,2025-07-18,1364.3,1379.0489799751122
TR-031613,2025-07-18,847.29,859.5553627611789
TR-031614,2025-07-18,628.38,620.1675193287224
TR-031615,2025-07-18,4660.82,4985.495461136918
TR-031616,2025-07-18,1109.81,1158.799517897224
TR-031617,2025-07-18,1682.6,1717.242605494496
TR-031618,2025-07-18,1931.59,1982.6763652024392
TR-031619,2025-07-18,751.31,773.4420450573914
TR-031620,2025-07-18,1025.42,2545.1730396796574
TR-031621,2025-07-18,1847.63,1857.3540750712623
TR-031622,2025-07-18,2223.8,2202.9829654158434
TR-031623,2025-07-18,1512.25,1521.0092659089396
TR-031624,2025-07-18,485.59,469.6517645538938
TR-031625,2025-07-18,2183.25,2175.572808545672
TR-031626,2025-07-18,1971.5,1963.4169241993654
TR-031627,2025-07-18,644.32,645.2284699552806
TR-031628,2025-07-18,2900.65,2907.7172938168596
TR-031629,2025-07-18,2111.93,2192.6375216824695
TR-031630,2025-07-18,2789.58,2785.936357691585
TR-031631,2025-07-18,2667.5,2808.0555551921398
TR-031632,2025-07-18,2434.0,2467.628411419907
TR-031633,2025-07-18,3166.44,3053.9011745359667
TR-031634,2025-07-18,1735.84,1745.4863259690844
TR-031635,2025-07-18,1340.13,1368.1090255893935
TR-031636,2025-07-18,2375.42,2445.3177228820227
TR-031637,2025-07-18,2383.02,2460.6849688443317
TR-031638,2025-07-18,4657.5,4805.378192516489
TR-031639,2025-07-18,1051.37,1071.876118785442
TR-031640,2025-07-18,2208.89,2249.4519988602656
TR-031641,2025-07-18,4304.42,4373.206119549539
TR-031642,2025-07-18,839.15,861.3467354097518
TR-031643,2025-07-18,2083.52,2093.284967121478
TR-031644,2025-07-18,3827.29,3837.6213355219043
TR-031645,2025-07-18,3559.85,3603.489275944262
TR-031646,2025-07-18,1892.96,2007.5881927768871
TR-031647,2025-07-18,2714.25,2726.2669906655938
TR-031648,2025-07-18,2319.37,2337.3011560067157
TR-031649,2025-07-18,2437.76,2536.3457555037735
TR-031650,2025-07-18,4302.4,4445.722296885533
TR-031651,2025-07-18,920.33,936.0935215699262
TR-031652,2025-07-18,2037.23,2076.3143938980643
TR-031653,2025-07-18,1263.39,1267.5190812542069
TR-031654,2025-07-18,648.31,662.4826965993393
TR-031655,2025-07-18,1945.39,1976.0866655433483
TR-031656,2025-07-18,1726.9,1767.7286519551903
TR-031657,2025-07-18,3905.98,4027.1885444767886
TR-031658,2025-07-18,3879.18,4066.434076180709
TR-031659,2025-07-18,2436.91,2515.0177874837887
TR-031660,2025-07-18,3969.03,3830.4489983265294
TR-031661,2025-07-18,2196.24,2283.587348635977
TR-031662,2025-07-18,2772.61,2784.0186443163125
TR-031663,2025-07-18,4734.99,4910.685319560874
TR-031664,2025-07-18,3341.15,3403.906686496256
TR-031665,2025-07-18,569.62,584.6512740469263
TR-031666,2025-07-18,3872.25,3909.486092905786
TR-031667,2025-07-18,1689.23,1809.65497540861
TR-031668,2025-07-18,2211.48,2168.583679099101
TR-031669,2025-07-18,764.33,802.9322088358417
TR-031670,2025-07-18,1909.88,1867.410842445991
TR-031671,2025-07-18,1402.08,1404.895360102621
TR-031672,2025-07-18,643.27,663.6388258721115
TR-031673,2025-07-18,1086.93,1084.610987964426
TR-031674,2025-07-18,581.24,605.1176862524514
TR-031675,2025-07-18,860.37,863.0867345126342
TR-031676,2025-07-18,627.4,626.0494588246811
TR-031677,2025-07-18,1207.2,1241.5839898678837
TR-031678,2025-07-18,695.03,731.133339518597
TR-031679,2025-07-18,735.65,748.2120669201677
TR-031680,2025-07-19,411.83,399.63515627604806
TR-031681,2025-07-19,2395.32,2399.9123712855
TR-031682,2025-07-19,656.07,653.7470548701756
TR-031683,2025-07-19,1385.05,1387.9597040611895
TR-031684,2025-07-19,2868.19,3008.427741713874
TR-031685,2025-07-19,3329.37,3492.353615516108
TR-031686,2025-07-19,2271.09,2239.031524598937
TR-031687,2025-07-19,3795.87,3894.9488949263696
TR-031688,2025-07-19,1707.52,1766.8617665788138
TR-031689,2025-07-19,2859.05,2995.7207791389546
TR-031690,2025-07-19,2269.87,2365.308704851964
TR-031691,2025-07-19,3168.1,3370.96272149346
TR-031692,2025-07-19,1856.54,1898.336407044494
TR-031693,2025-07-19,6184.19,6175.869774760025
TR-031694,2025-07-19,779.74,805.5855906058903
TR-031695,2025-07-19,3725.54,3844.6883320678944
TR-031696,2025-07-19,634.94,615.8903123620457
TR-031697,2025-07-19,2302.7,2379.9738054974596
TR-031698,2025-07-19,1742.37,1753.7748725356723
TR-031699,2025-07-19,1213.28,1225.533457376559
TR-031700,2025-07-19,4645.79,4674.430912846956
TR-031701,2025-07-19,1915.25,1960.8707719525594
TR-031702,2025-07-19,1661.79,1640.7978223202563
TR-031703,2025-07-19,3918.5,3845.516187881146
TR-031704,2025-07-19,832.48,841.8128183086894
TR-031705,2025-07-19,2902.84,3042.120116553369
TR-031706,2025-07-19,1418.35,1408.0500317606247
TR-031707,2025-07-19,1137.81,1160.0378511945407
TR-031708,2025-07-19,3832.34,3789.7764798491107
TR-031709,2025-07-19,1286.38,1287.0552773387053
TR-031710,2025-07-19,3365.82,3427.4768184915974
TR-031711,2025-07-19,2629.72,2703.898757958861
TR-031712,2025-07-19,655.11,628.6404447504556
TR-031713,2025-07-19,739.06,767.8462812898038
TR-031714,2025-07-19,1101.84,1152.6230513557805
TR-031715,2025-07-19,4287.8,4487.441067470192
TR-031716,2025-07-19,644.95,640.2935617244896
TR-031717,2025-07-19,3813.66,3976.549881858319
TR-031718,2025-07-19,3906.53,3947.9535791109693
TR-031719,2025-07-19,961.59,969.847168705591
TR-031720,2025-07-19,728.49,743.9453080068004
TR-031721,2025-07-19,2323.82,2389.027652469809
TR-031722,2025-07-19,3789.38,3794.576978736748
TR-031723,2025-07-19,1860.35,1909.2231011203473
TR-031724,2025-07-19,3016.54,3028.8178556894936
TR-031725,2025-07-19,2190.35,2170.334579812312
TR-031726,2025-07-19,5619.01,5671.525530252271
TR-031727,2025-07-19,2012.82,2002.1122129240277
TR-031728,2025-07-19,2988.76,3015.09316041974
TR-031729,2025-07-19,4291.97,4267.875292704997
TR-031730,2025-07-19,167.63,797.9374525204514
TR-031731,2025-07-19,4670.39,4759.183783306322
TR-031732,2025-07-19,1160.24,1198.3537995959284
TR-031733,2025-07-19,2031.14,2106.6239404974185
TR-031734,2025-07-19,3363.21,3453.4475079678723
TR-031735,2025-07-19,2655.17,2639.1368619812174
TR-031736,2025-07-19,856.18,840.2768211401515
TR-031737,2025-07-19,2123.07,2227.075635779146
TR-031738,2025-07-19,2193.44,2154.469173390295
TR-031739,2025-07-19,1682.44,1699.007744914187
TR-031740,2025-07-19,1558.6,1625.4302416820794
TR-031741,2025-07-19,1417.06,1399.3360774875123
TR-031742,2025-07-19,921.0,951.1357331748841
TR-031743,2025-07-19,6193.75,6349.726582328897
TR-031744,2025-07-19,1208.29,1233.7347294250699
TR-031745,2025-07-19,2640.82,2664.372950539616
TR-031746,2025-07-19,573.13,2485.5943495522165
TR-031747,2025-07-19,1386.42,1401.25638004441
TR-031748,2025-07-19,4507.5,4496.4292078454255
TR-031749,2025-07-19,2004.62,2052.3730209570776
TR-031750,2025-07-19,5281.13,5362.952901916332
TR-031751,2025-07-19,1217.22,1277.5535604848988
TR-031752,2025-07-19,2021.05,2078.9645901539598
TR-031753,2025-07-19,2197.86,2297.884687248021
TR-031754,2025-07-19,4127.58,4164.883263009595
TR-031755,2025-07-19,1836.18,1784.539331019382
TR-031756,2025-07-19,1490.12,1557.0410138463521
TR-031757,2025-07-19,1080.05,1083.4724155070867
TR-031758,2025-07-19,5071.98,5059.442534134792
TR-031759,2025-07-19,2383.37,2297.8041848131397
TR-031760,2025-07-19,2948.52,2970.7672368617914
TR-031761,2025-07-19,1024.45,1049.392065044924
TR-031762,2025-07-19,1554.87,1555.9828160180975
TR-031763,2025-07-19,1537.23,1589.3800758298803
TR-031764,2025-07-19,3693.9,3702.234520443943
TR-031765,2025-07-19,4838.22,4879.373007868061
TR-031766,2025-07-19,2856.63,2971.7282826949913
TR-031767,2025-07-19,1186.79,1169.114858028421
TR-031768,2025-07-19,2773.41,2884.6863952799144
TR-031769,2025-07-19,2589.11,2618.479188419692
TR-031770,2025-07-19,2202.94,2340.6481153431164
TR-031771,2025-07-19,1809.76,1938.204349640618
TR-031772,2025-07-19,2407.29,2523.2299396960684
TR-031773,2025-07-19,4554.92,4508.763894459968
TR-031774,2025-07-19,1638.48,1588.7575487201236
TR-031775,2025-07-19,628.22,659.0260878923684
TR-031776,2025-07-19,3351.5,3403.874432822663
TR-031777,2025-07-19,2970.23,2975.0953093314783
TR-031778,2025-07-19,1532.08,1549.200974178931
TR-031779,2025-07-19,1088.36,1090.4867903158188
TR-031780,2025-07-19,5088.98,5154.489285204513
TR-031781,2025-07-19,2335.46,2290.404375196534
TR-031782,2025-07-19,1116.86,1141.961373751515
TR-031783,2025-07-19,639.73,657.455248314873
TR-031784,2025-07-19,1757.58,1818.4697613992507
TR-031785,2025-07-19,2821.13,2979.921527980307
TR-031786,2025-07-19,3978.13,4082.500196329072
TR-031787,2025-07-19,1272.75,1285.0338848142355
TR-031788,2025-07-19,1398.67,3905.055506975208
TR-031789,2025-07-19,607.91,585.7824351155784
TR-031790,2025-07-19,3765.86,3828.5547473100028
TR-031791,2025-07-19,1920.95,1947.7645787120102
TR-031792,2025-07-19,689.96,676.9215666069022
TR-031793,2025-07-19,3340.64,3425.828742099691
TR-031794,2025-07-19,2471.11,2456.144207789215
TR-031795,2025-07-19,1987.25,2063.362915595388
TR-031796,2025-07-19,1983.19,2000.805843547415
TR-031797,2025-07-19,1228.65,1225.9953960406835
TR-031798,2025-07-19,4373.61,4507.992468527178
TR-031799,2025-07-19,1971.73,2061.3270293572978
TR-031800,2025-07-19,1282.18,1334.214549058551
TR-031801,2025-07-19,2771.07,2824.6525656624635
TR-031802,2025-07-19,2265.62,2377.3588753363324
TR-031803,2025-07-19,1410.06,1461.4182630687
TR-031804,2025-07-19,1739.75,1778.2054399687843
TR-031805,2025-07-19,1139.4,1217.6914829934808
TR-031806,2025-07-19,897.41,878.4124199452631
TR-031807,2025-07-19,3478.54,3466.4427241094027
TR-031808,2025-07-19,1362.07,1379.5472134223908
TR-031809,2025-07-19,1153.21,1212.9615406873818
TR-031810,2025-07-19,3692.33,3881.936169772809
TR-031811,2025-07-19,1356.86,1369.592454807154
TR-031812,2025-07-19,3781.83,3795.284936467069
TR-031813,2025-07-19,2697.24,2824.4048204408577
TR-031814,2025-07-19,3993.28,3993.6007545392486
TR-031815,2025-07-19,888.58,935.6280214259605
TR-031816,2025-07-19,1849.59,1858.9579614267352
TR-031817,2025-07-19,792.23,836.3768426147726
TR-031818,2025-07-19,2049.36,2037.317079520391
TR-031819,2025-07-19,3321.53,3446.4359041320995
TR-031820,2025-07-19,5111.68,5164.542927986746
TR-031821,2025-07-19,2890.32,2911.0702370750055
TR-031822,2025-07-19,1554.7,1566.2516644757764
TR-031823,2025-07-19,3709.91,3859.152103271263
TR-031824,2025-07-19,1249.2,1257.1314194503677
TR-031825,2025-07-19,2315.59,2407.4122144478383
TR-031826,2025-07-20,1703.23,1751.186830543942
TR-031827,2025-07-20,1831.22,1863.486408926883
TR-031828,2025-07-20,1302.13,1346.5738163618626
TR-031829,2025-07-20,1934.13,1965.813118232531
TR-031830,2025-07-20,3708.88,3726.903723538013
TR-031831,2025-07-20,3967.28,4040.1432083885757
TR-031832,2025-07-20,4197.26,4337.576872119157
TR-031833,2025-07-20,711.85,713.4734292115045
TR-031834,2025-07-20,1607.39,1604.2414896118123
TR-031835,2025-07-20,2399.63,2422.8393190202937
TR-031836,2025-07-20,2508.49,2538.904844278876
TR-031837,2025-07-20,834.95,852.6771848070689
TR-031838,2025-07-20,957.04,993.1016343921351
TR-031839,2025-07-20,1489.56,1512.767908655364
TR-031840,2025-07-20,3642.46,3805.8754648472222
TR-031841,2025-07-20,3308.16,3317.647240191906
TR-031842,2025-07-20,5254.97,5322.421486076044
TR-031843,2025-07-20,2017.97,2059.916433281182
TR-031844,2025-07-20,2552.19,2680.021095790178
TR-031845,2025-07-20,3008.23,3104.727716825635
TR-031846,2025-07-20,5260.81,5317.995872573229
TR-031847,2025-07-20,1398.98,1404.7658421166243
TR-031848,2025-07-20,1520.14,1529.8910373193007
TR-031849,2025-07-20,988.49,1072.9423213985183
TR-031850,2025-07-20,1363.62,1378.7620054058236
TR-031851,2025-07-20,1944.96,1952.7348159238506
TR-031852,2025-07-20,4117.33,4280.662915138664
TR-031853,2025-07-20,1810.98,1879.2807883495616
TR-031854,2025-07-20,2291.82,2356.605524566623
TR-031855,2025-07-20,2955.39,2839.2226413344188
TR-031856,2025-07-20,2924.74,2958.436883644116
TR-031857,2025-07-20,1107.3,1090.4116139672487
TR-031858,2025-07-20,4157.82,4262.901925821201
TR-031859,2025-07-20,2868.58,2926.82157045215
TR-031860,2025-07-20,2402.16,2497.4387324174354
TR-031861,2025-07-20,4106.3,4292.6038200098055
TR-031862,2025-07-20,2881.52,2859.4464216070305
TR-031863,2025-07-20,730.58,752.6276245657716
TR-031864,2025-07-20,3755.18,3756.4746833983636
TR-031865,2025-07-20,1821.63,1833.338286524388
TR-031866,2025-07-20,2280.81,2355.3486376290566
TR-031867,2025-07-20,597.48,613.8416732512069
TR-031868,2025-07-20,2162.48,2219.7939508517647
TR-031869,2025-07-20,4844.2,4835.273428786097
TR-031870,2025-07-20,3239.14,3314.6034745126667
TR-031871,2025-07-20,2675.14,2733.973270851369
TR-031872,2025-07-20,1211.4,1232.2015897362048
TR-031873,2025-07-20,494.05,479.16076325116796
TR-031874,2025-07-20,1384.32,1421.0032476813735
TR-031875,2025-07-20,3602.1,3553.7697246811726
TR-031876,2025-07-20,5394.76,5583.062381285161
TR-031877,2025-07-20,5115.97,5362.356612048799
TR-031878,2025-07-20,920.1,933.5764127859384
TR-031879,2025-07-20,2696.01,2773.6595391986066
TR-031880,2025-07-20,3314.31,3347.4995805048275
TR-031881,2025-07-20,872.08,924.6406881799792
TR-031882,2025-07-20,3934.28,3904.3761851515474
TR-031883,2025-07-20,2195.52,2174.7409863198213
TR-031884,2025-07-20,2451.04,2529.266803187683
TR-031885,2025-07-20,2697.37,2738.170076834296
TR-031886,2025-07-20,2368.9,2440.280254340171
TR-031887,2025-07-20,4092.25,4143.16569693308
TR-031888,2025-07-20,3445.36,3463.9237516560424
TR-031889,2025-07-20,4346.16,4312.325439331824
TR-031890,2025-07-20,1410.03,1472.6824363710512
TR-031891,2025-07-20,1112.27,1132.8868862195523
TR-031892,2025-07-20,5235.6,5283.225761501984
TR-031893,2025-07-20,5010.93,5192.995246158402
TR-031894,2025-07-20,4487.05,4628.9593627172735
TR-031895,2025-07-20,4430.3,4486.029778493747
TR-031896,2025-07-20,1862.84,1882.9363285067946
TR-031897,2025-07-20,412.5,436.9492738421818
TR-031898,2025-07-20,5847.05,5840.822029676593
TR-031899,2025-07-20,6113.07,6210.0433650397
TR-031900,2025-07-20,1531.53,1573.2118453491353
TR-031901,2025-07-20,1796.25,1847.5303352746716
TR-031902,2025-07-20,1174.03,1188.5687040439548
TR-031903,2025-07-20,3390.69,3349.18835848656
TR-031904,2025-07-20,543.57,574.4750927200087
TR-031905,2025-07-20,1845.07,1959.0700430619477
TR-031906,2025-07-20,4848.69,4941.3296513812475
TR-031907,2025-07-20,1200.36,1264.810027992985
TR-031908,2025-07-20,1455.79,1439.9268937854529
TR-031909,2025-07-20,687.82,682.3412582257058
TR-031910,2025-07-20,4276.57,4528.219163687217
TR-031911,2025-07-20,1800.7,1877.6758592165256
TR-031912,2025-07-20,2489.92,2504.4295768612287
TR-031913,2025-07-20,993.92,1032.0714817450425
TR-031914,2025-07-20,657.56,701.7112837573259
TR-031915,2025-07-20,758.05,758.0283278962231
TR-031916,2025-07-20,1546.1,1476.822652225353
TR-031917,2025-07-20,2302.76,2369.7058909963994
TR-031918,2025-07-20,4528.71,4810.347664073548
TR-031919,2025-07-20,1138.71,1191.5474106996803
TR-031920,2025-07-20,1675.33,1785.4872264631294
TR-031921,2025-07-20,2427.19,2490.714196255388
TR-031922,2025-07-20,4120.08,4164.484984985929
TR-031923,2025-07-20,1145.31,1213.525667693079
TR-031924,2025-07-20,2378.18,2353.4673934661296
TR-031925,2025-07-20,585.54,580.1435347839233
TR-031926,2025-07-20,1125.47,1199.7365853183828
TR-031927,2025-07-20,2818.39,2946.936998222178
TR-031928,2025-07-20,799.82,785.5617412131191
TR-031929,2025-07-20,1877.2,1923.0256199481876
TR-031930,2025-07-20,676.94,694.586854984821
TR-031931,2025-07-20,1981.19,2010.2681650584975
TR-031932,2025-07-20,1438.94,1471.0255442851799
TR-031933,2025-07-20,1037.33,1048.1646409021214
TR-031934,2025-07-20,2548.7,2616.0993272575365
TR-031935,2025-07-20,1039.63,1098.9107314282194
TR-031936,2025-07-20,3235.64,3349.666797471264
TR-031937,2025-07-20,1129.75,1216.5026761611507
TR-031938,2025-07-20,2969.7,2917.8812660919534
TR-031939,2025-07-20,518.29,554.9581303734033
TR-031940,2025-07-20,2192.83,2231.520639914658
TR-031941,2025-07-20,3803.56,3864.08863681967
TR-031942,2025-07-20,2692.13,2670.7230987892835
TR-031943,2025-07-20,4406.97,4635.764782079792
TR-031944,2025-07-20,1455.31,1537.7456687254316
TR-031945,2025-07-20,1109.72,1155.475955663409
TR-031946,2025-07-20,960.16,982.1035126191907
TR-031947,2025-07-20,1359.09,1372.7696981732956
TR-031948,2025-07-20,4620.0,4720.922280881421
TR-031949,2025-07-20,3727.62,3910.9076922510403
TR-031950,2025-07-20,4819.32,4934.74963013031
TR-031951,2025-07-20,2435.03,2477.286346845899
TR-031952,2025-07-20,3910.33,3900.38216501072
TR-031953,2025-07-20,2505.79,2614.7411059281767
TR-031954,2025-07-20,3367.1,3395.6191540714017
TR-031955,2025-07-20,1917.44,1947.7087193577606
TR-031956,2025-07-20,1973.65,2021.1213115081528
TR-031957,2025-07-20,981.06,1020.3937868887404
TR-031958,2025-07-20,3632.59,3827.189195972249
TR-031959,2025-07-20,1487.91,1592.34929775642
TR-031960,2025-07-20,1472.86,1507.6739444897694
TR-031961,2025-07-20,553.64,575.0541151495859
TR-031962,2025-07-20,2825.47,2863.4417834657525
TR-031963,2025-07-20,858.34,4641.014890581027
TR-031964,2025-07-20,3365.67,3327.3660852317616
TR-031965,2025-07-20,4585.63,4738.156009104512
TR-031966,2025-07-20,1772.56,1877.239656062493
TR-031967,2025-07-20,2068.14,2186.9068796675047
TR-031968,2025-07-20,1940.57,1930.9342664203725
TR-031969,2025-07-20,2602.55,2602.4980383366915
TR-031970,2025-07-20,1803.76,1928.085140652649
TR-031971,2025-07-20,1177.75,1219.2497973819634
TR-031972,2025-07-20,1401.87,1397.2651926306353
TR-031973,2025-07-20,2415.19,2544.8241456609603
TR-031974,2025-07-20,3041.27,3041.475843684392
TR-031975,2025-07-20,3765.98,3905.169828184454
TR-031976,2025-07-20,1912.88,2001.9873141994883
TR-031977,2025-07-20,652.88,667.3620869025503
TR-031978,2025-07-20,1770.64,1858.236704858387
TR-031979,2025-07-20,1034.67,1107.3034580678786
TR-031980,2025-07-20,617.18,621.7466476549209
TR-031981,2025-07-20,1052.3,1045.6220118018277
TR-031982,2025-07-20,3845.9,3981.990955765858
TR-031983,2025-07-20,2462.15,2431.921382321191
TR-031984,2025-07-20,1831.7,1895.6288630587376
TR-031985,2025-07-20,1917.86,1989.6104006254445
TR-031986,2025-07-21,2328.27,2358.1164716079447
TR-031987,2025-07-21,1110.64,1159.1427465340398
TR-031988,2025-07-21,2368.89,2442.3767021719423
TR-031989,2025-07-21,4058.51,4068.590263133591
TR-031990,2025-07-21,3300.43,3370.212825707237
TR-031991,2025-07-21,3866.32,4067.8058438040794
TR-031992,2025-07-21,1347.15,1364.5201798608077
TR-031993,2025-07-21,1626.95,1642.5362675344027
TR-031994,2025-07-21,3353.12,3455.036674019012
TR-031995,2025-07-21,3867.57,3975.1687501557053
TR-031996,2025-07-21,2878.11,2867.0401745135955
TR-031997,2025-07-21,1404.33,1456.5084386422027
TR-031998,2025-07-21,831.36,827.1874176958165
TR-031999,2025-07-21,1768.56,1891.1065517980865
TR-032000,2025-07-21,1716.55,1775.690816572137
TR-032001,2025-07-21,1977.25,2146.2362584571215
TR-032002,2025-07-21,1175.04,1234.8047153091675
TR-032003,2025-07-21,3914.0,4061.646485020404
TR-032004,2025-07-21,418.34,424.81261661114013
TR-032005,2025-07-21,1049.48,1071.9882043217235
TR-032006,2025-07-21,835.07,812.3540002898478
TR-032007,2025-07-21,586.26,628.6185849207573
TR-032008,2025-07-21,3225.33,3121.074312327668
TR-032009,2025-07-21,1847.13,1852.9867649094322
TR-032010,2025-07-21,1503.47,1562.303825221214
TR-032011,2025-07-21,1905.24,1963.3638111785322
TR-032012,2025-07-21,2847.22,2836.979141307133
TR-032013,2025-07-21,555.97,581.084893334177
TR-032014,2025-07-21,2803.6,2903.898618445738
TR-032015,2025-07-21,4701.91,4724.967586636954
TR-032016,2025-07-21,2446.87,2561.920037466845
TR-032017,2025-07-21,4101.96,4143.274254514918
TR-032018,2025-07-21,1716.17,1714.507665046688
TR-032019,2025-07-21,1993.56,2031.3224323542804
TR-032020,2025-07-21,1442.66,1484.1229359710633
TR-032021,2025-07-21,1722.55,1741.7284335600707
TR-032022,2025-07-21,2048.23,2235.385020136232
TR-032023,2025-07-21,4246.1,4312.43542072083
TR-032024,2025-07-21,3905.04,3955.6028144605934
TR-032025,2025-07-21,4463.38,4527.342065506196
TR-032026,2025-07-21,905.22,946.2987378406742
TR-032027,2025-07-21,4629.83,4741.181971245542
TR-032028,2025-07-21,1805.26,1792.3312068676403
TR-032029,2025-07-21,2038.28,2006.595125564844
TR-032030,2025-07-21,3954.69,4030.9338529222705
TR-032031,2025-07-21,3152.33,3116.2352769937297
TR-032032,2025-07-21,1164.63,1235.713533652891
TR-032033,2025-07-21,1487.98,1442.8824055418468
TR-032034,2025-07-21,2727.28,2810.3476150018087
TR-032035,2025-07-21,351.4,347.8855373559777
TR-032036,2025-07-21,2921.23,2955.249151694175
TR-032037,2025-07-21,5705.67,5869.17479634294
TR-032038,2025-07-21,3131.17,3176.8377564497678
TR-032039,2025-07-21,4287.11,4446.891502929327
TR-032040,2025-07-21,4184.88,4103.977362866801
TR-032041,2025-07-21,1261.08,1303.5544355783622
TR-032042,2025-07-21,4821.73,4862.046433513287
TR-032043,2025-07-21,503.34,520.8408449786464
TR-032044,2025-07-21,3728.3,3822.3400039921285
TR-032045,2025-07-21,3470.76,3523.05025762899
TR-032046,2025-07-21,4129.51,4106.02895100663
TR-032047,2025-07-21,2081.08,2152.960382179125
TR-032048,2025-07-21,5546.76,5779.14875369463
TR-032049,2025-07-21,3462.71,3454.0406577552035
TR-032050,2025-07-21,5517.76,5773.174208685389
TR-032051,2025-07-21,2361.95,2371.6015900012267
TR-032052,2025-07-21,2155.51,2173.2913227021536
TR-032053,2025-07-21,1712.92,1706.7098627102569
TR-032054,2025-07-21,4577.46,4737.8723795309015
TR-032055,2025-07-21,1749.54,1780.3742478174654
TR-032056,2025-07-21,1801.65,1869.4686855863845
TR-032057,2025-07-21,558.05,548.5099180474531
TR-032058,2025-07-21,1631.51,1639.8681686315726
TR-032059,2025-07-21,3587.67,3643.0269243710372
TR-032060,2025-07-21,1034.33,1097.4347627436932
TR-032061,2025-07-21,3827.23,3922.8368212423957
TR-032062,2025-07-21,1046.53,1093.7056801537035
TR-032063,2025-07-21,2001.45,2081.0544261143814
TR-032064,2025-07-21,4042.24,4258.407323599369
TR-032065,2025-07-21,1892.07,1935.8544189116583
TR-032066,2025-07-21,5202.24,5457.921170561258
TR-032067,2025-07-21,3387.64,3668.881839903245
TR-032068,2025-07-21,4625.92,4746.593182399476
TR-032069,2025-07-21,320.74,325.1518520713323
TR-032070,2025-07-21,1399.66,1455.6824987320588
TR-032071,2025-07-21,1289.1,1298.3095968842408
TR-032072,2025-07-21,1350.0,1393.6653165492153
TR-032073,2025-07-21,2287.61,2299.2921657870666
TR-032074,2025-07-21,3862.65,4094.837591690129
TR-032075,2025-07-21,2103.83,2250.321869079834
TR-032076,2025-07-21,2285.81,2275.380475674329
TR-032077,2025-07-21,3092.0,3081.6238317704783
TR-032078,2025-07-21,767.15,765.8502607141188
TR-032079,2025-07-21,5072.27,4997.109988698092
TR-032080,2025-07-21,856.74,877.9835344346836
TR-032081,2025-07-21,4237.97,4317.429748596537
TR-032082,2025-07-21,2410.14,2483.867047640151
TR-032083,2025-07-21,2229.86,2354.969378502681
TR-032084,2025-07-21,1956.53,2005.6320643361896
TR-032085,2025-07-21,7417.99,2751.540575670991
TR-032086,2025-07-21,459.81,418.4222980335999
TR-032087,2025-07-21,1847.9,1860.2324471931918
TR-032088,2025-07-21,2235.24,2370.8481657670336
TR-032089,2025-07-21,969.68,1020.0376390032543
TR-032090,2025-07-21,2248.32,2298.9946041242747
TR-032091,2025-07-21,1500.0,1547.0457164536404
TR-032092,2025-07-21,1115.5,1160.1621493662233
TR-032093,2025-07-21,2015.42,2000.0467408917875
TR-032094,2025-07-21,924.31,955.6699727794853
TR-032095,2025-07-21,2370.21,2364.5511680898976
TR-032096,2025-07-21,1139.35,1128.9424119845132
TR-032097,2025-07-21,3261.6,3332.3284411117756
TR-032098,2025-07-21,1776.72,1789.4207540852733
TR-032099,2025-07-21,4499.82,4500.206980962114
TR-032100,2025-07-21,1709.75,1762.0502112202348
TR-032101,2025-07-21,1074.33,1102.5024979200152
TR-032102,2025-07-21,709.4,689.8896053854389
TR-032103,2025-07-21,885.53,953.0438465057193
TR-032104,2025-07-21,686.28,687.3592713030257
TR-032105,2025-07-21,2235.1,2273.1112777889166
TR-032106,2025-07-21,5060.17,5066.301154050347
TR-032107,2025-07-21,983.41,1003.4909595954381
TR-032108,2025-07-21,1868.55,1920.0210641220976
TR-032109,2025-07-21,1961.33,1963.5750336178153
TR-032110,2025-07-21,1551.94,1617.8835079095063
TR-032111,2025-07-21,952.89,958.2359703998395
TR-032112,2025-07-21,3602.63,3619.738330447103
TR-032113,2025-07-21,3163.37,3190.4899653934926
TR-032114,2025-07-21,1529.24,1570.7247429876606
TR-032115,2025-07-21,1327.91,1383.3107044717135
TR-032116,2025-07-21,1906.13,1968.5547142048806
TR-032117,2025-07-21,1280.25,1307.8509805671279
TR-032118,2025-07-21,4603.74,4661.272806680744
TR-032119,2025-07-21,2365.91,2466.5125971604975
TR-032120,2025-07-21,1894.4,1864.3771081091134
TR-032121,2025-07-21,1433.69,1480.2982845019137
TR-032122,2025-07-21,2689.69,2742.000600730659
TR-032123,2025-07-21,1417.36,1422.6463860057493
TR-032124,2025-07-21,4813.4,4774.527555482031
TR-032125,2025-07-21,2553.37,2595.4412792447047
TR-032126,2025-07-21,2376.58,2411.595724123057
TR-032127,2025-07-21,1913.57,2008.371501679685
TR-032128,2025-07-21,3514.03,3478.812497647415
TR-032129,2025-07-21,4215.05,4197.69367318845
TR-032130,2025-07-21,451.41,447.78469783806077
TR-032131,2025-07-22,3118.81,3094.356526939582
TR-032132,2025-07-22,1935.36,2072.5534512066397
TR-032133,2025-07-22,545.29,557.4375500936237
TR-032134,2025-07-22,975.02,1026.5286417197226
TR-032135,2025-07-22,2954.5,3138.2996699549494
TR-032136,2025-07-22,3726.02,3789.1261412639724
TR-032137,2025-07-22,599.98,609.0553523614012
TR-032138,2025-07-22,3386.87,3394.8477409874117
TR-032139,2025-07-22,1072.0,1132.6736412110854
TR-032140,2025-07-22,4130.11,4202.420504211729
TR-032141,2025-07-22,1830.93,1840.9467458695485
TR-032142,2025-07-22,907.2,960.0273132739021
TR-032143,2025-07-22,2578.18,2800.4479594630398
TR-032144,2025-07-22,2537.47,2766.406774504553
TR-032145,2025-07-22,2058.72,2096.0951357233544
TR-032146,2025-07-22,762.05,739.9744559874148
TR-032147,2025-07-22,1695.49,1698.2227868273142
TR-032148,2025-07-22,1345.77,1433.4710607007864
TR-032149,2025-07-22,1950.66,2030.9928509360964
TR-032150,2025-07-22,2248.05,2244.9446119756312
TR-032151,2025-07-22,2760.2,2732.0265622155302
TR-032152,2025-07-22,958.75,969.9003026033402
TR-032153,2025-07-22,4250.1,4536.62040936827
TR-032154,2025-07-22,933.83,945.2756433611546
TR-032155,2025-07-22,2040.02,2114.9763293810497
TR-032156,2025-07-22,3804.83,3865.1643587024264
TR-032157,2025-07-22,4985.24,5089.312831210811
TR-032158,2025-07-22,6077.29,6259.180914226286
TR-032159,2025-07-22,5289.24,5752.01161170018
TR-032160,2025-07-22,3601.12,3673.832819813125
TR-032161,2025-07-22,1601.13,1627.897414162902
TR-032162,2025-07-22,3768.69,3825.901648500516
TR-032163,2025-07-22,1040.61,1114.802145259291
TR-032164,2025-07-22,2315.06,2400.8776666182803
TR-032165,2025-07-22,1729.03,1767.4389523552763
TR-032166,2025-07-22,1587.97,1637.992720863279
TR-032167,2025-07-22,2179.79,2223.0556172741813
TR-032168,2025-07-22,3160.11,3207.84478281078
TR-032169,2025-07-22,379.37,437.4529126382349
TR-032170,2025-07-22,1550.55,1606.9925265050888
TR-032171,2025-07-22,819.75,894.0270448217091
TR-032172,2025-07-22,547.2,580.7767880730614
TR-032173,2025-07-22,2139.39,2219.28827950718
TR-032174,2025-07-22,1483.72,1505.0066144397942
TR-032175,2025-07-22,4369.5,4421.330306126958
TR-032176,2025-07-22,697.86,709.7534569390098
TR-032177,2025-07-22,1336.26,1460.759847615933
TR-032178,2025-07-22,4044.58,4113.382231668877
TR-032179,2025-07-22,1350.4,1368.5245821192773
TR-032180,2025-07-22,1939.01,2077.0067863568033
TR-032181,2025-07-22,4618.69,4720.811553584502
TR-032182,2025-07-22,3610.1,3542.11196254323
TR-032183,2025-07-22,4162.31,4312.4317560208965
TR-032184,2025-07-22,403.54,413.6413310636665
TR-032185,2025-07-22,802.6,813.5897803280752
TR-032186,2025-07-22,5653.26,5853.7742768423905
TR-032187,2025-07-22,3739.79,3790.9200602493484
TR-032188,2025-07-22,1498.09,1545.7175161866235
TR-032189,2025-07-22,1645.67,1690.563000512424
TR-032190,2025-07-22,5204.97,5484.013520816553
TR-032191,2025-07-22,1372.03,1402.8355456870056
TR-032192,2025-07-22,2413.94,2504.2323677098966
TR-032193,2025-07-22,2088.38,2073.1941952215175
TR-032194,2025-07-22,4143.74,4429.993674139374
TR-032195,2025-07-22,2194.97,2251.419106161796
TR-032196,2025-07-22,1547.72,1685.868281567243
TR-032197,2025-07-22,3721.19,4038.585997451235
TR-032198,2025-07-22,2500.87,2628.9784502771276
TR-032199,2025-07-22,2449.62,2448.8303615670247
TR-032200,2025-07-22,4204.43,4226.688512742601
TR-032201,2025-07-22,1002.41,1012.7149527952718
TR-032202,2025-07-22,2846.43,2954.6150213233805
TR-032203,2025-07-22,1425.2,1426.56644791575
TR-032204,2025-07-22,3292.5,3388.208283098451
TR-032205,2025-07-22,863.79,890.5220325603445
TR-032206,2025-07-22,799.03,872.7181810528205
TR-032207,2025-07-22,4082.26,4127.834154581289
TR-032208,2025-07-22,2975.7,2976.5644876854426
TR-032209,2025-07-22,4751.34,4807.769558558759
TR-032210,2025-07-22,1640.31,1701.6330192706387
TR-032211,2025-07-22,1646.27,1737.0436236468963
TR-032212,2025-07-22,1694.58,1827.5131827387575
TR-032213,2025-07-22,662.69,668.2705855395361
TR-032214,2025-07-22,1920.01,2000.3197970836145
TR-032215,2025-07-22,1436.72,1415.4003604899412
TR-032216,2025-07-22,2195.04,2312.030854473016
TR-032217,2025-07-22,1759.09,1813.4024402649482
TR-032218,2025-07-22,4332.02,4286.921295960623
TR-032219,2025-07-22,3950.97,3995.8289851100176
TR-032220,2025-07-22,1857.64,1879.311069909236
TR-032221,2025-07-22,2896.25,2934.429936895429
TR-032222,2025-07-22,2808.01,2885.2316918240795
TR-032223,2025-07-22,4244.92,4341.71537488238
TR-032224,2025-07-22,1572.08,1538.272017120141
TR-032225,2025-07-22,1218.33,1286.9707615002028
TR-032226,2025-07-22,801.89,802.1520935093442
TR-032227,2025-07-22,577.9,586.2422016739354
TR-032228,2025-07-22,2267.57,2332.501228229059
TR-032229,2025-07-22,2431.16,2472.4573140750545
TR-032230,2025-07-22,3877.98,4257.845142718989
TR-032231,2025-07-22,1072.61,1140.8547809422287
TR-032232,2025-07-22,576.02,562.5414198385372
TR-032233,2025-07-22,1057.9,1090.8015108101754
TR-032234,2025-07-22,5197.75,5369.225294663074
TR-032235,2025-07-22,2152.78,2184.132904985205
TR-032236,2025-07-22,5627.38,5800.417349118863
TR-032237,2025-07-22,3851.85,3904.105140658964
TR-032238,2025-07-22,3599.05,3613.4757006209447
TR-032239,2025-07-22,3328.52,3419.8772315868964
TR-032240,2025-07-22,2268.51,2351.4386585864668
TR-032241,2025-07-22,1352.14,1425.4531401867457
TR-032242,2025-07-22,2544.38,2520.83036737766
TR-032243,2025-07-22,607.16,614.9301525889998
TR-032244,2025-07-22,1899.21,1902.3120669384004
TR-032245,2025-07-22,3630.98,3703.993302772914
TR-032246,2025-07-22,3215.1,3267.030429832585
TR-032247,2025-07-22,1594.6,1648.0681679917354
TR-032248,2025-07-22,348.25,342.5330812111415
TR-032249,2025-07-22,2358.73,2407.21045224907
TR-032250,2025-07-22,3232.74,3175.9876280529998
TR-032251,2025-07-22,3132.15,3276.350118260293
TR-032252,2025-07-22,1384.72,1431.816962002717
TR-032253,2025-07-22,2263.66,2309.031438172439
TR-032254,2025-07-22,1979.75,1944.9524458274536
TR-032255,2025-07-22,971.38,1009.3211511658335
TR-032256,2025-07-22,1379.89,1464.795303174544
TR-032257,2025-07-22,951.13,979.796180996831
TR-032258,2025-07-22,4151.26,4398.912133420694
TR-032259,2025-07-22,758.05,794.0258707844534
TR-032260,2025-07-22,5179.03,5301.538439414896
TR-032261,2025-07-22,1550.64,1573.8339791069295
TR-032262,2025-07-22,1950.01,2006.3985829478447
TR-032263,2025-07-22,5594.86,5763.513438200718
TR-032264,2025-07-22,4365.27,4514.063627608813
TR-032265,2025-07-22,1199.71,1195.5344967904941
TR-032266,2025-07-22,961.48,1032.1331003947594
TR-032267,2025-07-22,5095.64,5147.241877751956
TR-032268,2025-07-22,1065.82,1092.6720742552957
TR-032269,2025-07-22,1159.73,1262.167497937773
TR-032270,2025-07-22,756.9,760.6269420637354
TR-032271,2025-07-23,2551.45,2592.7731742863707
TR-032272,2025-07-23,4423.19,4588.855775651884
TR-032273,2025-07-23,1518.14,1602.3180604791337
TR-032274,2025-07-23,2820.85,3002.163577976724
TR-032275,2025-07-23,5244.46,5331.377573742138
TR-032276,2025-07-23,591.14,582.6025760026205
TR-032277,2025-07-23,3201.63,3249.4634093931645
TR-032278,2025-07-23,2762.55,2842.1976884992305
TR-032279,2025-07-23,2450.15,2486.582292135554
TR-032280,2025-07-23,4264.95,4375.396902981825
TR-032281,2025-07-23,2569.18,2688.0694616667306
TR-032282,2025-07-23,4339.24,4344.63285740902
TR-032283,2025-07-23,4298.71,4392.670818048182
TR-032284,2025-07-23,494.28,486.78671462914144
TR-032285,2025-07-23,1998.7,2035.2056920408443
TR-032286,2025-07-23,4520.49,4690.998953631785
TR-032287,2025-07-23,3505.59,3602.7415013313666
TR-032288,2025-07-23,3573.57,3552.9873624101497
TR-032289,2025-07-23,1572.68,1575.2002856210324
TR-032290,2025-07-23,2216.12,2272.9712679814543
TR-032291,2025-07-23,3213.67,3283.0123861701745
TR-032292,2025-07-23,1975.71,2113.541470422512
TR-032293,2025-07-23,1705.82,1737.1401993988602
TR-032294,2025-07-23,3222.1,3258.122189640234
TR-032295,2025-07-23,1948.42,2087.384059689364
TR-032296,2025-07-23,1970.19,1929.2413429849971
TR-032297,2025-07-23,2272.78,2361.969552941663
TR-032298,2025-07-23,271.64,303.04498198248393
TR-032299,2025-07-23,4917.21,5013.437977400459
TR-032300,2025-07-23,2416.6,2417.0285481690757
TR-032301,2025-07-23,948.27,957.9837936463689
TR-032302,2025-07-23,1677.09,1738.1056576614642
TR-032303,2025-07-23,5802.22,5806.263121841883
TR-032304,2025-07-23,964.02,1004.4924858471483
TR-032305,2025-07-23,294.25,301.9742053660941
TR-032306,2025-07-23,2376.23,2487.7381637822077
TR-032307,2025-07-23,1584.27,1664.5261162720703
TR-032308,2025-07-23,2142.64,2113.590349293816
TR-032309,2025-07-23,1183.85,1207.428646955748
TR-032310,2025-07-23,5756.91,5832.461174932196
TR-032311,2025-07-23,1880.81,2004.4237414908273
TR-032312,2025-07-23,4509.27,4583.309404769005
TR-032313,2025-07-23,909.91,921.6044451132334
TR-032314,2025-07-23,2479.9,2509.3938117349185
TR-032315,2025-07-23,2040.08,2079.3884837772293
TR-032316,2025-07-23,2972.14,3087.149767765126
TR-032317,2025-07-23,1159.27,1203.4894092553802
TR-032318,2025-07-23,3892.85,3835.2005238972442
TR-032319,2025-07-23,837.13,839.2704866634733
TR-032320,2025-07-23,4539.41,4698.362055128291
TR-032321,2025-07-23,5793.1,5892.653322548864
TR-032322,2025-07-23,2052.62,2135.6122530318294
TR-032323,2025-07-23,1024.98,1118.4125110722055
TR-032324,2025-07-23,2310.4,2320.8864732768316
TR-032325,2025-07-23,4962.1,4953.01300078953
TR-032326,2025-07-23,3903.22,3860.9256446553945
TR-032327,2025-07-23,1965.2,1981.9843676324635
TR-032328,2025-07-23,4080.74,4129.787146487015
TR-032329,2025-07-23,3900.3,3943.2178591915635
TR-032330,2025-07-23,1969.08,1969.6154057945362
TR-032331,2025-07-23,1715.4,1712.8368049090652
TR-032332,2025-07-23,2819.81,2879.013206196069
TR-032333,2025-07-23,1465.62,1533.2629367516374
TR-032334,2025-07-23,594.29,602.8638160863547
TR-032335,2025-07-23,3855.52,3857.328273011013
TR-032336,2025-07-23,1227.04,1252.8784787694515
TR-032337,2025-07-23,2314.21,2303.197429339699
TR-032338,2025-07-23,1552.87,1661.3642332059649
TR-032339,2025-07-23,1645.22,1752.215110156431
TR-032340,2025-07-23,2526.91,2622.8325537814962
TR-032341,2025-07-23,4200.86,4197.368398258453
TR-032342,2025-07-23,2074.58,2075.6494064421854
TR-032343,2025-07-23,5093.85,4938.4659072325285
TR-032344,2025-07-23,2123.14,2101.4758979259373
TR-032345,2025-07-23,1525.94,1610.4172266249382
TR-032346,2025-07-23,4081.96,4145.595683129999
TR-032347,2025-07-23,653.21,675.9001249172331
TR-032348,2025-07-23,2990.39,2987.8892298593205
TR-032349,2025-07-23,1411.48,1455.115393980062
TR-032350,2025-07-23,1990.08,2036.1104807429585
TR-032351,2025-07-23,5230.66,5192.781148607533
TR-032352,2025-07-23,757.61,803.1277050299898
TR-032353,2025-07-23,16951.43,4130.86244340439
TR-032354,2025-07-23,661.41,646.166032768185
TR-032355,2025-07-23,1247.3,1307.1038377342948
TR-032356,2025-07-23,766.12,810.2031661403598
TR-032357,2025-07-23,3723.41,3769.402282696309
TR-032358,2025-07-23,2879.31,2951.1891503030383
TR-032359,2025-07-23,825.71,855.7202798829533
TR-032360,2025-07-23,1071.84,1105.0996909965202
TR-032361,2025-07-23,2197.55,2273.9141438865063
TR-032362,2025-07-23,1295.01,1292.2576102657922
TR-032363,2025-07-23,2612.3,2741.781673599071
TR-032364,2025-07-23,1459.36,1534.7225716843343
TR-032365,2025-07-23,6156.47,6187.955259929417
TR-032366,2025-07-23,445.58,465.0060544639239
TR-032367,2025-07-23,1402.62,1440.9372505852396
TR-032368,2025-07-23,1229.28,1279.753866860284
TR-032369,2025-07-23,1226.8,1259.75693193511
TR-032370,2025-07-23,1394.95,1421.5872896803985
TR-032371,2025-07-23,3028.58,3146.133482196362
TR-032372,2025-07-23,1208.01,1243.4136502586753
TR-032373,2025-07-23,2539.04,2539.3123851051387
TR-032374,2025-07-23,4534.55,4607.049900562486
TR-032375,2025-07-23,4246.43,4313.304452169692
TR-032376,2025-07-23,3573.99,3696.6942521682427
TR-032377,2025-07-23,2879.9,3005.2784440169044
TR-032378,2025-07-23,1452.88,1537.9203364018235
TR-032379,2025-07-23,5801.05,5930.862424002778
TR-032380,2025-07-23,4300.79,4417.3642170627045
TR-032381,2025-07-23,3990.99,4138.444875560241
TR-032382,2025-07-23,2104.29,2083.6532360782544
TR-032383,2025-07-23,2641.73,2746.506698201581
TR-032384,2025-07-23,3002.52,3074.5793240526655
TR-032385,2025-07-23,5203.78,5176.03350183357
TR-032386,2025-07-23,770.1,791.7726398130455
TR-032387,2025-07-23,4699.02,5047.24138877704
TR-032388,2025-07-23,3381.92,3515.3965354653546
TR-032389,2025-07-23,615.99,632.2220484837981
TR-032390,2025-07-23,734.71,745.6950428640284
TR-032391,2025-07-23,1173.3,1190.587225766964
TR-032392,2025-07-23,825.08,858.3138048904573
TR-032393,2025-07-23,4811.72,5061.904006019267
TR-032394,2025-07-23,1166.91,1193.5385977794294
TR-032395,2025-07-23,2568.09,2557.057681866458
TR-032396,2025-07-23,1862.24,1942.211374831451
TR-032397,2025-07-23,2186.85,2236.747910801592
TR-032398,2025-07-23,704.37,745.4217877521039
TR-032399,2025-07-23,1516.32,1558.296339783888
TR-032400,2025-07-23,4959.87,5153.653599911582
TR-032401,2025-07-23,4021.57,4132.315711469739
TR-032402,2025-07-23,1092.07,1143.079192341392
TR-032403,2025-07-23,3392.97,3444.7104351344733
TR-032404,2025-07-23,1839.94,1902.1164818272853
TR-032405,2025-07-23,5974.22,6129.690111931394
TR-032406,2025-07-23,5734.76,6008.627133431601
TR-032407,2025-07-23,2716.73,2729.8483144529646
TR-032408,2025-07-23,1571.49,1622.047712107385
TR-032409,2025-07-23,1691.71,1756.414982292865
TR-032410,2025-07-23,3185.68,3348.527307641935
TR-032411,2025-07-23,3428.36,3443.6486836378363
TR-032412,2025-07-23,1172.56,1188.2613789870416
TR-032413,2025-07-23,995.08,1005.023713960968
TR-032414,2025-07-23,1023.88,1040.652496151524
TR-032415,2025-07-23,1902.8,1934.8306725567174
TR-032416,2025-07-23,1262.54,1234.2367035548677
TR-032417,2025-07-23,2179.03,2205.473773506442
TR-032418,2025-07-23,3198.89,3299.0425189623224
TR-032419,2025-07-23,464.13,504.3824531502021
TR-032420,2025-07-23,487.04,471.0320244826685
TR-032421,2025-07-23,2079.76,2105.302435915802
TR-032422,2025-07-23,4234.79,4360.942871747671
TR-032423,2025-07-23,4382.86,4621.101793498072
TR-032424,2025-07-23,872.21,921.9964478761294
TR-032425,2025-07-23,2126.09,2232.030116564033
TR-032426,2025-07-23,3943.11,4027.7670202277773
TR-032427,2025-07-23,1437.0,1525.9591318794126
TR-032428,2025-07-23,1054.0,1101.243448080747
TR-032429,2025-07-23,4132.74,4142.034163903498
TR-032430,2025-07-23,3099.06,3155.43968374941
TR-032431,2025-07-23,1428.2,1455.3301311355362
TR-032432,2025-07-23,2139.58,2176.7730479150655
TR-032433,2025-07-23,369.61,396.5671883903715
TR-032434,2025-07-23,3737.41,3780.383975030276
TR-032435,2025-07-23,1514.15,1560.4855210957744
TR-032436,2025-07-23,1769.18,1819.5661030404701
TR-032437,2025-07-23,2074.38,2152.5806340820386
TR-032438,2025-07-23,3045.77,3120.005964502533
TR-032439,2025-07-24,2127.16,2125.0533373968487
TR-032440,2025-07-24,4494.97,4611.519505503649
TR-032441,2025-07-24,3182.95,3298.2994615987227
TR-032442,2025-07-24,2346.29,2441.6002302740417
TR-032443,2025-07-24,4403.7,4427.662380442066
TR-032444,2025-07-24,2979.92,3044.2491753028135
TR-032445,2025-07-24,1835.08,1930.833892922438
TR-032446,2025-07-24,5960.77,6321.659723187464
TR-032447,2025-07-24,1425.84,1435.2650766718693
TR-032448,2025-07-24,5351.48,5413.540136719075
TR-032449,2025-07-24,1527.46,1606.9574319773983
TR-032450,2025-07-24,3685.65,3850.3935320108703
TR-032451,2025-07-24,874.49,898.1299143213985
TR-032452,2025-07-24,2144.08,2230.150393141611
TR-032453,2025-07-24,2083.57,2179.599614324909
TR-032454,2025-07-24,310.54,328.98507481265824
TR-032455,2025-07-24,1152.24,1176.0673404833965
TR-032456,2025-07-24,4657.66,4728.3677027873055
TR-032457,2025-07-24,2637.28,2744.3161945182865
TR-032458,2025-07-24,2002.5,2098.2062455343503
TR-032459,2025-07-24,604.62,634.1150521206289
TR-032460,2025-07-24,12550.02,3101.1102470155106
TR-032461,2025-07-24,1660.36,1661.5970986514214
TR-032462,2025-07-24,1124.76,1131.7707978298554
TR-032463,2025-07-24,651.26,669.5102093848122
TR-032464,2025-07-24,2948.5,3027.2957778986665
TR-032465,2025-07-24,1707.29,1788.6598242891257
TR-032466,2025-07-24,2494.43,2592.2025663547934
TR-032467,2025-07-24,2895.51,3048.732341355736
TR-032468,2025-07-24,2723.09,2740.0617711809195
TR-032469,2025-07-24,1473.54,1501.7634271068368
TR-032470,2025-07-24,1805.51,1837.9442897375093
TR-032471,2025-07-24,2000.32,1980.580216538466
TR-032472,2025-07-24,3053.32,3203.826920708316
TR-032473,2025-07-24,1189.82,1263.2608453353628
TR-032474,2025-07-24,1729.8,1733.170913538214
TR-032475,2025-07-24,3740.2,3862.758405372264
TR-032476,2025-07-24,3073.93,3090.711698915195
TR-032477,2025-07-24,3645.93,3696.1244861926903
TR-032478,2025-07-24,2568.3,2668.817713661895
TR-032479,2025-07-24,1017.35,1025.9972402461747
TR-032480,2025-07-24,1268.66,1289.8321332635946
TR-032481,2025-07-24,2482.63,2501.2606220092625
TR-032482,2025-07-24,3207.04,3220.2504292861786
TR-032483,2025-07-24,2133.42,2125.7891307274517
TR-032484,2025-07-24,4191.34,4300.381566058438
TR-032485,2025-07-24,2770.5,2816.2960302490937
TR-032486,2025-07-24,1232.54,1248.263085296196
TR-032487,2025-07-24,3754.36,3763.970680411643
TR-032488,2025-07-24,1310.4,1317.2023442162726
TR-032489,2025-07-24,1812.49,1837.664201559312
TR-032490,2025-07-24,5120.97,5228.751837772047
TR-032491,2025-07-24,3321.14,3406.9603814503234
TR-032492,2025-07-24,4196.33,4224.736735229321
TR-032493,2025-07-24,1799.18,1797.5498951683894
TR-032494,2025-07-24,456.27,486.5918422369905
TR-032495,2025-07-24,3751.68,3877.333264445884
TR-032496,2025-07-24,4110.84,4219.2496538116775
TR-032497,2025-07-24,3636.56,3686.185259130585
TR-032498,2025-07-24,3048.31,3025.3743231097333
TR-032499,2025-07-24,662.45,670.2353141065837
TR-032500,2025-07-24,4419.14,4485.98231315727
TR-032501,2025-07-24,1490.35,1522.77946012224
TR-032502,2025-07-24,1814.53,1859.120721784584
TR-032503,2025-07-24,5221.67,5246.520461160448
TR-032504,2025-07-24,2948.5,2997.23709424008
TR-032505,2025-07-24,764.29,791.1748224536545
TR-032506,2025-07-24,3077.99,3114.3824021923947
TR-032507,2025-07-24,1803.91,1886.7276088886733
TR-032508,2025-07-24,4336.99,4355.964459382084
TR-032509,2025-07-24,2761.56,2697.8553420141398
TR-032510,2025-07-24,4565.08,4927.605099787783
TR-032511,2025-07-24,268.39,291.8301488967968
TR-032512,2025-07-24,2167.62,2293.390483473324
TR-032513,2025-07-24,941.27,974.6561436291845
TR-032514,2025-07-24,3646.94,3634.6202211856707
TR-032515,2025-07-24,5954.96,6098.4701267520295
TR-032516,2025-07-24,1514.63,1562.505933659387
TR-032517,2025-07-24,4931.44,5012.289383021538
TR-032518,2025-07-24,4963.66,5103.192711233809
TR-032519,2025-07-24,1650.5,1662.627017204908
TR-032520,2025-07-24,2075.93,2078.4455447002824
TR-032521,2025-07-24,774.84,765.1105443475844
TR-032522,2025-07-24,1492.0,1518.4437138780036
TR-032523,2025-07-24,5708.78,5771.873455565056
TR-032524,2025-07-24,2659.09,2633.813072177605
TR-032525,2025-07-24,2102.06,2123.394497251198
TR-032526,2025-07-24,1639.47,1731.865436337034
TR-032527,2025-07-24,4386.8,4384.307890361308
TR-032528,2025-07-24,2124.86,2278.7007358741967
TR-032529,2025-07-24,2300.5,2379.4689121573215
TR-032530,2025-07-24,1517.3,1593.099479316368
TR-032531,2025-07-24,3444.56,3570.600990993692
TR-032532,2025-07-24,1306.02,1378.883377646091
TR-032533,2025-07-24,5956.93,6103.087340040533
TR-032534,2025-07-24,5208.75,5376.505683030975
TR-032535,2025-07-24,2733.7,2803.808772001585
TR-032536,2025-07-24,2151.37,2253.313016248818
TR-032537,2025-07-24,1356.66,1398.2158341474226
TR-032538,2025-07-24,2140.0,2231.120472198896
TR-032539,2025-07-24,1055.48,1132.6887129501179
TR-032540,2025-07-24,1773.15,1809.4130643057445
TR-032541,2025-07-24,5224.07,5211.105788076002
TR-032542,2025-07-24,5636.47,5709.609921263571
TR-032543,2025-07-24,1406.38,1535.280366713546
TR-032544,2025-07-24,2039.67,2170.241136627423
TR-032545,2025-07-24,4524.37,4562.270790013219
TR-032546,2025-07-24,1832.07,1822.9643483972814
TR-032547,2025-07-24,2999.1,3111.1415163120664
TR-032548,2025-07-24,2132.38,2177.8882423371283
TR-032549,2025-07-24,2949.87,2975.4362401249036
TR-032550,2025-07-24,4609.86,4570.759853626307
TR-032551,2025-07-24,1893.54,1979.728853562947
TR-032552,2025-07-24,4527.05,4503.12346412123
TR-032553,2025-07-24,3964.68,4051.904691554787
TR-032554,2025-07-24,2767.44,2790.3227288224816
TR-032555,2025-07-24,2332.55,2344.4025212371084
TR-032556,2025-07-24,3116.64,3382.4844598526133
TR-032557,2025-07-24,5736.22,5785.552751135422
TR-032558,2025-07-24,1019.26,1080.6874898062001
TR-032559,2025-07-24,2152.39,2247.645575015244
TR-032560,2025-07-24,894.51,903.9341997592135
TR-032561,2025-07-24,1893.8,1889.6067997579876
TR-032562,2025-07-24,3678.62,3705.436406511404
TR-032563,2025-07-24,2087.84,2129.331734154249
TR-032564,2025-07-24,2900.38,3037.4185595305025
TR-032565,2025-07-24,1271.78,1314.7581999040005
TR-032566,2025-07-24,2003.15,2039.9823913436292
TR-032567,2025-07-24,4843.0,4867.617443709461
TR-032568,2025-07-24,2015.2,2031.6135366684853
TR-032569,2025-07-24,1417.95,1493.1381666032723
TR-032570,2025-07-24,1537.72,1557.3626532789785
TR-032571,2025-07-24,1629.41,1670.3727726526363
TR-032572,2025-07-24,4952.66,5000.861309253438
TR-032573,2025-07-24,2887.1,2992.5486170210565
TR-032574,2025-07-24,2255.31,2217.449022136851
TR-032575,2025-07-24,1071.54,1151.3278840776961
TR-032576,2025-07-24,4162.33,4307.374780801649
TR-032577,2025-07-24,3061.87,2994.4737013509784
TR-032578,2025-07-24,1106.35,1163.7740849640004
TR-032579,2025-07-24,2447.95,2516.324071324894
TR-032580,2025-07-24,252.03,1225.7420698650185
TR-032581,2025-07-24,603.69,601.6452744997598
TR-032582,2025-07-24,1803.83,1824.4532759754186
TR-032583,2025-07-24,848.87,861.4609627985919
TR-032584,2025-07-24,5154.94,5316.097333844051
TR-032585,2025-07-24,1786.59,1809.7363944450387
TR-032586,2025-07-24,1297.55,1381.168071057556
TR-032587,2025-07-24,2106.93,2174.3330495423843
TR-032588,2025-07-24,808.63,840.6383940098374
TR-032589,2025-07-24,2469.34,2519.388774432635
TR-032590,2025-07-24,2510.09,2574.3068014658575
TR-032591,2025-07-24,1993.05,2093.7195643708205
TR-032592,2025-07-24,2172.77,2274.1393021511376
TR-032593,2025-07-24,960.83,971.156168071634
TR-032594,2025-07-24,5880.07,6092.607783732175
TR-032595,2025-07-24,3079.08,3118.6238955662043
TR-032596,2025-07-24,715.77,722.408311170343
TR-032597,2025-07-24,3883.12,4041.2938744233943
TR-032598,2025-07-24,1198.31,1226.3918884307545
TR-032599,2025-07-24,4402.47,4507.6860599748725
TR-032600,2025-07-24,1244.54,1274.2640155400638
TR-032601,2025-07-25,1795.6,1878.3109030426047
TR-032602,2025-07-25,3985.09,4107.350793085633
TR-032603,2025-07-25,1831.44,1862.5292863267591
TR-032604,2025-07-25,1814.73,1878.8648860695214
TR-032605,2025-07-25,5060.6,5451.050982088902
TR-032606,2025-07-25,1159.69,1210.8448378101543
TR-032607,2025-07-25,776.49,785.0557408465404
TR-032608,2025-07-25,1345.49,1394.104500101942
TR-032609,2025-07-25,2391.1,2514.775516460801
TR-032610,2025-07-25,640.86,653.9424234352614
TR-032611,2025-07-25,1003.51,1125.9807495959965
TR-032612,2025-07-25,2223.64,2320.806318962781
TR-032613,2025-07-25,1483.36,1509.118569430494
TR-032614,2025-07-25,1013.01,1049.416006098207
TR-032615,2025-07-25,1268.49,1302.914862584643
TR-032616,2025-07-25,1603.79,1643.2861723628262
TR-032617,2025-07-25,1920.16,1981.7285942969181
TR-032618,2025-07-25,3219.74,3292.168192697968
TR-032619,2025-07-25,1515.31,1605.7449604333765
TR-032620,2025-07-25,2086.34,2155.679524890605
TR-032621,2025-07-25,1453.48,1520.1013775447193
TR-032622,2025-07-25,1631.89,1683.1698097431472
TR-032623,2025-07-25,1844.26,1911.487512057058
TR-032624,2025-07-25,1591.32,1675.2925010173537
TR-032625,2025-07-25,1380.67,1419.7905948900825
TR-032626,2025-07-25,3180.61,3324.7850632051095
TR-032627,2025-07-25,1272.59,1298.7880453228527
TR-032628,2025-07-25,559.05,588.1134120523152
TR-032629,2025-07-25,4374.65,4399.167871820333
TR-032630,2025-07-25,1269.2,1337.720924597504
TR-032631,2025-07-25,1840.76,1938.754624082897
TR-032632,2025-07-25,937.61,952.2871051579191
TR-032633,2025-07-25,822.73,853.2206370408057
TR-032634,2025-07-25,3858.21,4144.799364106734
TR-032635,2025-07-25,4051.75,4161.732479448672
TR-032636,2025-07-25,1826.04,1877.1296944165624
TR-032637,2025-07-25,1869.29,1888.9492766317328
TR-032638,2025-07-25,3347.59,3561.5266734416336
TR-032639,2025-07-25,2653.19,2724.945828829308
TR-032640,2025-07-25,720.47,726.8700477789637
TR-032641,2025-07-25,2766.8,2931.9577956877138
TR-032642,2025-07-25,2385.54,2471.15094683683
TR-032643,2025-07-25,1155.79,1233.013600661916
TR-032644,2025-07-25,2351.78,2483.741705995373
TR-032645,2025-07-25,1705.03,1761.7600935886594
TR-032646,2025-07-25,1615.16,1682.149725640493
TR-032647,2025-07-25,4232.78,4452.828295457659
TR-032648,2025-07-25,768.26,850.5518047428016
TR-032649,2025-07-25,2339.92,2432.747973336487
TR-032650,2025-07-25,3526.8,3717.4698028809607
TR-032651,2025-07-25,1780.57,1845.9861191186387
TR-032652,2025-07-25,3484.76,3619.782738430901
TR-032653,2025-07-25,1924.84,2024.7417177862665
TR-032654,2025-07-25,1711.68,1771.5734411255062
TR-032655,2025-07-25,790.18,818.513200055681
TR-032656,2025-07-25,1802.55,1784.4932032006031
TR-032657,2025-07-25,1675.31,1790.0038243605554
TR-032658,2025-07-25,1490.02,1569.2318468360381
TR-032659,2025-07-25,3944.08,4171.714669922144
TR-032660,2025-07-25,3416.38,3639.0390049533726
TR-032661,2025-07-25,3111.53,3195.5578200251293
TR-032662,2025-07-25,2159.84,2142.2103260922477
TR-032663,2025-07-25,3293.39,3384.797736539369
TR-032664,2025-07-25,2397.54,2473.8813862814004
TR-032665,2025-07-25,5543.22,5880.730433272622
TR-032666,2025-07-25,3674.78,3901.7835654371434
TR-032667,2025-07-25,1358.54,1392.7728849022142
TR-032668,2025-07-25,5174.53,5539.450832080847
TR-032669,2025-07-25,960.12,1056.1518258669107
TR-032670,2025-07-25,899.68,936.5898171923334
TR-032671,2025-07-25,2827.98,2861.805195299569
TR-032672,2025-07-25,2570.38,2637.464219272624
TR-032673,2025-07-25,3939.9,3916.1623221560685
TR-032674,2025-07-25,4025.72,4106.898250892575
TR-032675,2025-07-25,2064.45,2082.3726513026622
TR-032676,2025-07-25,3644.19,3698.7344413905694
TR-032677,2025-07-25,5376.87,5628.926164443874
TR-032678,2025-07-25,13435.73,3143.377374839812
TR-032679,2025-07-25,10182.59,3612.9160421256083
TR-032680,2025-07-25,1243.96,1292.4792586718613
TR-032681,2025-07-25,4132.2,4329.504706202941
TR-032682,2025-07-25,3252.3,3370.3597158948487
TR-032683,2025-07-25,3191.53,3294.8336793840863
TR-032684,2025-07-25,4200.2,4301.098823576817
TR-032685,2025-07-25,2304.15,2458.687729098158
TR-032686,2025-07-25,3444.4,3566.309636331318
TR-032687,2025-07-25,983.26,1049.8352340545364
TR-032688,2025-07-25,2020.06,2095.0781941287764
TR-032689,2025-07-25,1919.24,1901.4073732888053
TR-032690,2025-07-25,3653.08,3755.368959528524
TR-032691,2025-07-25,2290.3,2315.360148758564
TR-032692,2025-07-25,659.75,677.0734431582293
TR-032693,2025-07-25,1003.77,1068.0957278031078
TR-032694,2025-07-25,2900.85,3093.86280901668
TR-032695,2025-07-25,3366.83,3651.249709718714
TR-032696,2025-07-25,2370.42,2520.6173544941007
TR-032697,2025-07-25,4704.4,4767.495763431352
TR-032698,2025-07-25,1426.38,1509.8187995381127
TR-032699,2025-07-25,1141.74,1191.039418717031
TR-032700,2025-07-25,3958.98,3966.4054107986467
TR-032701,2025-07-25,1431.72,1483.718113873681
TR-032702,2025-07-25,333.87,291.8205357413083
TR-032703,2025-07-25,1112.55,1157.182714145691
TR-032704,2025-07-25,3215.38,3301.552470413507
TR-032705,2025-07-25,1761.75,1754.2288640591123
TR-032706,2025-07-25,1147.6,1216.9467005085462
TR-032707,2025-07-25,2869.52,2959.8814986219013
TR-032708,2025-07-25,683.06,684.3021539751905
TR-032709,2025-07-25,2385.69,2491.746314181763
TR-032710,2025-07-25,3695.63,3710.90795024906
TR-032711,2025-07-25,1973.87,2029.5583708857878
TR-032712,2025-07-25,4621.28,4819.847996142955
TR-032713,2025-07-25,5914.63,6309.666719332665
TR-032714,2025-07-25,1385.85,1463.135292282131
TR-032715,2025-07-25,1855.55,1954.8393863741774
TR-032716,2025-07-25,4113.84,4285.025961600528
TR-032717,2025-07-25,2840.2,2998.679251330411
TR-032718,2025-07-25,5716.61,5784.0293794481295
TR-032719,2025-07-25,1447.89,1512.131186898478
TR-032720,2025-07-25,1002.59,1046.4040079718438
TR-032721,2025-07-25,1823.86,1839.0409867926608
TR-032722,2025-07-25,568.64,560.6657042846334
TR-032723,2025-07-25,2761.01,2848.845924759766
TR-032724,2025-07-25,2110.93,2161.0119063509574
TR-032725,2025-07-25,3322.7,3508.130073698968
TR-032726,2025-07-25,1188.63,1229.1846370785017
TR-032727,2025-07-25,605.63,631.3644365809989
TR-032728,2025-07-25,672.84,687.6985933681931
TR-032729,2025-07-25,4127.3,4294.949017403074
TR-032730,2025-07-25,4887.45,5157.21475221308
TR-032731,2025-07-25,877.84,925.0700955958275
TR-032732,2025-07-25,1210.06,1327.4927850624063
TR-032733,2025-07-25,2827.1,2944.202441377544
TR-032734,2025-07-25,2264.1,2352.014369582667
TR-032735,2025-07-25,786.2,842.5313285205964
TR-032736,2025-07-25,1039.6,1077.083254972563
TR-032737,2025-07-25,2884.04,2940.736869355791
TR-032738,2025-07-25,4075.32,4297.289802661962
TR-032739,2025-07-25,3975.65,4097.495284085782
TR-032740,2025-07-25,2091.38,2182.7888830463094
TR-032741,2025-07-25,1148.66,1196.2983248509986
TR-032742,2025-07-25,1026.79,1062.461617305979
TR-032743,2025-07-25,618.25,650.3069348773713
TR-032744,2025-07-25,3399.53,3463.2203539197394
TR-032745,2025-07-25,1229.81,1270.8338537780214
TR-032746,2025-07-25,3774.01,3822.3534309609745
TR-032747,2025-07-25,1954.6,2138.929741497935
TR-032748,2025-07-25,2362.59,2450.2172490002968
TR-032749,2025-07-25,1886.47,1926.5022632074038
TR-032750,2025-07-25,2310.25,2352.692635554531
TR-032751,2025-07-25,2685.21,2741.307683397419
TR-032752,2025-07-25,4164.07,4290.64037415593
TR-032753,2025-07-26,4181.36,4304.016744062961
TR-032754,2025-07-26,3815.28,3949.662559676889
TR-032755,2025-07-26,5341.24,5517.711560360709
TR-032756,2025-07-26,2472.19,2646.0020419229986
TR-032757,2025-07-26,1256.62,1314.6432574185508
TR-032758,2025-07-26,1736.66,1831.7160870530913
TR-032759,2025-07-26,1816.77,1854.0656427794506
TR-032760,2025-07-26,5172.5,5408.048999750423
TR-032761,2025-07-26,2614.96,2682.1672745465416
TR-032762,2025-07-26,1966.84,2011.3021632364423
TR-032763,2025-07-26,612.07,615.2194048475374
TR-032764,2025-07-26,3681.76,3703.8267277594414
TR-032765,2025-07-26,3007.83,3214.391543218714
TR-032766,2025-07-26,676.85,714.7990642317891
TR-032767,2025-07-26,2457.83,2626.0941221101916
TR-032768,2025-07-26,4523.97,4612.216250793674
TR-032769,2025-07-26,1781.1,1877.1509373767421
TR-032770,2025-07-26,5134.52,5334.873554022784
TR-032771,2025-07-26,1896.67,2014.8891787185332
TR-032772,2025-07-26,1179.97,1257.6150184027435
TR-032773,2025-07-26,542.58,535.8681562856348
TR-032774,2025-07-26,849.68,851.5641060636897
TR-032775,2025-07-26,2923.62,2977.067732389024
TR-032776,2025-07-26,3968.6,4119.290990096545
TR-032777,2025-07-26,1409.82,1441.4978613799844
TR-032778,2025-07-26,3809.9,3829.1133655580097
TR-032779,2025-07-26,1531.01,1690.4907894182359
TR-032780,2025-07-26,2384.36,2484.7909009645673
TR-032781,2025-07-26,1137.39,1228.0779930822441
TR-032782,2025-07-26,2000.96,2019.209210145703
TR-032783,2025-07-26,3226.76,3325.8238181495553
TR-032784,2025-07-26,2768.45,2841.794718006318
TR-032785,2025-07-26,1572.21,1660.956371022465
TR-032786,2025-07-26,2523.24,2578.827874890886
TR-032787,2025-07-26,1289.13,1384.1389105039282
TR-032788,2025-07-26,1627.76,1748.358953514006
TR-032789,2025-07-26,1890.39,1909.5380239757735
TR-032790,2025-07-26,846.21,906.8966966598473
TR-032791,2025-07-26,4073.45,4288.293419574529
TR-032792,2025-07-26,3655.58,3695.924863342496
TR-032793,2025-07-26,3205.68,3397.0530047618386
TR-032794,2025-07-26,4322.64,4488.690043020934
TR-032795,2025-07-26,1852.53,1896.4576920232648
TR-032796,2025-07-26,4388.08,4489.485515282018
TR-032797,2025-07-26,3292.14,3359.519980677713
TR-032798,2025-07-26,1364.0,1390.549726542621
TR-032799,2025-07-26,843.8,844.1774006910396
TR-032800,2025-07-26,2240.57,2265.502920727583
TR-032801,2025-07-26,1738.9,1806.8029767541484
TR-032802,2025-07-26,2442.47,2549.9521427035234
TR-032803,2025-07-26,1519.19,1581.669950015062
TR-032804,2025-07-26,1102.01,1200.678409881697
TR-032805,2025-07-26,3689.12,3851.572058291798
TR-032806,2025-07-26,1864.49,1864.1584480736894
TR-032807,2025-07-26,3162.9,3253.773357456381
TR-032808,2025-07-26,1179.8,1217.0297329454154
TR-032809,2025-07-26,1560.31,1692.7769019055315
TR-032810,2025-07-26,927.32,1015.7268347824999
TR-032811,2025-07-26,2652.52,2859.0265126729046
TR-032812,2025-07-26,1878.06,1899.9773972913972
TR-032813,2025-07-26,3409.05,3561.2926096214132
TR-032814,2025-07-26,2671.9,2642.5743875196035
TR-032815,2025-07-26,2300.15,2521.0136410118666
TR-032816,2025-07-26,2905.05,3220.0325696373848
TR-032817,2025-07-26,2627.38,2712.143003309762
TR-032818,2025-07-26,4849.72,5091.664475496806
TR-032819,2025-07-26,1076.49,1137.2317831061846
TR-032820,2025-07-26,1348.68,1392.7422281001577
TR-032821,2025-07-26,738.87,789.837268337408
TR-032822,2025-07-26,1606.4,1741.6526929948625
TR-032823,2025-07-26,1419.4,1458.8617598818855
TR-032824,2025-07-26,2689.56,2775.8151736212053
TR-032825,2025-07-26,1335.43,1394.285994890938
TR-032826,2025-07-26,1183.71,1273.0458387307604
TR-032827,2025-07-26,835.6,854.154479610032
TR-032828,2025-07-26,3390.19,3552.6586251944564
TR-032829,2025-07-26,707.65,693.3212971751564
TR-032830,2025-07-26,3598.69,3814.8629172038727
TR-032831,2025-07-26,3018.99,3039.060245022614
TR-032832,2025-07-26,1772.88,1854.1060894425295
TR-032833,2025-07-26,2410.26,2494.9136760131564
TR-032834,2025-07-26,1372.35,1389.038650036312
TR-032835,2025-07-26,4693.29,4890.131414442245
TR-032836,2025-07-26,1446.05,1506.939396426948
TR-032837,2025-07-26,3819.84,3864.8164667141473
TR-032838,2025-07-26,5158.76,5369.099406016716
TR-032839,2025-07-26,1168.4,1253.2218352178406
TR-032840,2025-07-26,2541.0,2624.7029221634675
TR-032841,2025-07-26,1123.05,1187.4662495385137
TR-032842,2025-07-26,1896.51,1956.8854622888045
TR-032843,2025-07-26,2544.97,2571.2035309151825
TR-032844,2025-07-26,1148.73,1241.293316078852
TR-032845,2025-07-26,1112.39,1186.8000281930717
TR-032846,2025-07-26,5661.91,5923.720339221735
TR-032847,2025-07-26,3866.25,4099.482713136049
TR-032848,2025-07-26,2412.34,2511.787106668786
TR-032849,2025-07-26,1619.06,1694.7069714469353
TR-032850,2025-07-26,1197.41,2939.539535555481
TR-032851,2025-07-26,1745.58,1869.6303396594965
TR-032852,2025-07-26,3469.22,3643.320892580705
TR-032853,2025-07-26,965.32,1019.7611101792697
TR-032854,2025-07-26,2371.59,2494.2246392458637
TR-032855,2025-07-26,1088.47,1176.4633717798063
TR-032856,2025-07-26,1838.99,1924.55792712728
TR-032857,2025-07-26,1667.62,1738.2318906875885
TR-032858,2025-07-26,3998.84,4142.231275437672
TR-032859,2025-07-26,564.67,571.0478875177207
TR-032860,2025-07-26,2852.1,2923.4930383853216
TR-032861,2025-07-26,1562.25,1595.8942844074272
TR-032862,2025-07-26,1971.58,2086.6188339503533
TR-032863,2025-07-26,842.78,891.5620639437066
TR-032864,2025-07-26,1639.91,1671.3834775205928
TR-032865,2025-07-26,1493.3,1560.5495980143155
TR-032866,2025-07-26,4327.16,4713.653607064878
TR-032867,2025-07-26,3710.4,3801.1286755090837
TR-032868,2025-07-26,1235.73,1304.7959244562805
TR-032869,2025-07-26,3288.98,1299.1770282961688
TR-032870,2025-07-26,1510.16,1568.2371713778555
TR-032871,2025-07-26,1572.34,1602.2624970381787
TR-032872,2025-07-26,1577.9,1634.6105396507494
TR-032873,2025-07-26,4115.12,4337.88834920656
TR-032874,2025-07-26,3288.49,3392.537473727325
TR-032875,2025-07-26,1759.96,1839.8744271870717
TR-032876,2025-07-26,597.98,601.9630958010075
TR-032877,2025-07-26,2487.69,2546.778839864216
TR-032878,2025-07-26,8768.95,3984.073212590032
TR-032879,2025-07-26,2163.74,2243.908855395359
TR-032880,2025-07-26,2773.57,2843.127515862193
TR-032881,2025-07-26,4553.24,4668.0385835370835
TR-032882,2025-07-26,952.59,1041.064766873272
TR-032883,2025-07-26,1402.65,1458.7524741638333
TR-032884,2025-07-26,4552.36,4639.26634363304
TR-032885,2025-07-26,2897.27,2996.9817760989135
TR-032886,2025-07-26,1399.03,1467.8262937258683
TR-032887,2025-07-26,947.49,1009.8972290459292
TR-032888,2025-07-26,1176.38,1284.4168929021398
TR-032889,2025-07-26,5200.47,5499.109483046426
TR-032890,2025-07-26,2860.19,2991.987724956379
TR-032891,2025-07-26,1575.72,1608.1452981654027
TR-032892,2025-07-26,772.97,789.9866523939766
TR-032893,2025-07-26,2586.97,2616.132918159177
TR-032894,2025-07-26,3428.93,3450.127195174544
TR-032895,2025-07-26,1081.32,1143.0332036694767
TR-032896,2025-07-26,3283.34,3249.3979360733765
TR-032897,2025-07-26,1427.14,1556.9505395737078
TR-032898,2025-07-26,1110.4,1138.8105758778954
TR-032899,2025-07-26,5798.7,6127.5942553647665
TR-032900,2025-07-26,5254.63,5642.792394009208
TR-032901,2025-07-26,2443.03,2709.1479393760233
TR-032902,2025-07-26,1347.37,1383.144577317113
TR-032903,2025-07-26,2318.6,2424.6335421223403
TR-032904,2025-07-26,3633.29,3684.875806231604
TR-032905,2025-07-26,2430.05,2603.76156185914
TR-032906,2025-07-26,4470.06,4622.597297088538
TR-032907,2025-07-26,2349.02,2463.7827226796066
TR-032908,2025-07-26,990.98,1058.2681842453444
TR-032909,2025-07-26,734.78,757.7758398231883
TR-032910,2025-07-26,1982.32,2108.2530174173
TR-032911,2025-07-26,2734.49,2912.606988198637
TR-032912,2025-07-26,1824.23,1896.5859823142519
TR-032913,2025-07-26,2772.56,2862.672209240298
TR-032914,2025-07-26,2677.59,2746.2351129243075
TR-032915,2025-07-26,3234.32,3332.3264452450003
TR-032916,2025-07-26,1134.2,1208.343941201107
TR-032917,2025-07-26,4501.69,4689.966079958984
TR-032918,2025-07-26,1381.2,1417.1852529172806
TR-032919,2025-07-26,3769.93,4037.4785931132983
TR-032920,2025-07-26,1821.68,1907.8337770938729
TR-032921,2025-07-26,1875.38,1948.9011469392922
TR-032922,2025-07-26,251.26,264.48888957496774
TR-032923,2025-07-26,1114.11,1222.4682868063742
TR-032924,2025-07-26,5048.44,5152.457268717339
TR-032925,2025-07-26,1633.33,1749.2626861591732
TR-032926,2025-07-26,1069.02,1137.485088315022
TR-032927,2025-07-26,1423.48,1511.7252886604406
TR-032928,2025-07-26,4156.88,4206.864893317637
TR-032929,2025-07-26,858.21,928.9768224313368
TR-032930,2025-07-26,813.75,845.9085401593202
TR-032931,2025-07-26,901.8,905.4159018865219
TR-032932,2025-07-26,2850.86,2841.127005639087
TR-032933,2025-07-26,3981.98,4039.3145408821383
TR-032934,2025-07-26,1245.71,1241.6256683902363
TR-032935,2025-07-27,2163.29,2281.6567239585647
TR-032936,2025-07-27,2384.07,2503.724972130503
TR-032937,2025-07-27,1435.17,1546.9372917328592
TR-032938,2025-07-27,3416.49,3556.1841264470613
TR-032939,2025-07-27,3988.53,4285.028256284189
TR-032940,2025-07-27,3037.1,3052.6047093694647
TR-032941,2025-07-27,706.09,751.2282658024778
TR-032942,2025-07-27,2852.16,2956.726952073943
TR-032943,2025-07-27,2828.82,2814.177028922779
TR-032944,2025-07-27,1101.66,1146.910556245145
TR-032945,2025-07-27,1417.23,1516.8244242695557
TR-032946,2025-07-27,181.52,627.5937195957772
TR-032947,2025-07-27,3736.52,3853.4816346578655
TR-032948,2025-07-27,4227.74,4483.711250902749
TR-032949,2025-07-27,3424.45,3545.2613175390115
TR-032950,2025-07-27,1408.76,1490.9131572996112
TR-032951,2025-07-27,1424.22,1493.4632565939012
TR-032952,2025-07-27,1572.85,1646.2045005684506
TR-032953,2025-07-27,3176.7,3273.075761748841
TR-032954,2025-07-27,2287.55,2403.2997481020543
TR-032955,2025-07-27,3445.03,3568.8549422895658
TR-032956,2025-07-27,1948.74,1995.168218491008
TR-032957,2025-07-27,1043.92,1064.845591788855
TR-032958,2025-07-27,2558.38,2724.390516690054
TR-032959,2025-07-27,1187.48,1231.376744955986
TR-032960,2025-07-27,2899.85,2912.622712644893
TR-032961,2025-07-27,524.13,540.4258023851512
TR-032962,2025-07-27,698.25,776.3024941030997
TR-032963,2025-07-27,2421.32,2525.5414984579115
TR-032964,2025-07-27,1855.81,1873.7468302928366
TR-032965,2025-07-27,257.43,305.75688675067886
TR-032966,2025-07-27,192.65,219.04079047979985
TR-032967,2025-07-27,4571.1,4727.581518924939
TR-032968,2025-07-27,1482.91,1502.84242109751
TR-032969,2025-07-27,2401.55,2541.610214055021
TR-032970,2025-07-27,1785.98,1831.449032338484
TR-032971,2025-07-27,2359.07,2493.224065978727
TR-032972,2025-07-27,1350.54,1415.6919867823767
TR-032973,2025-07-27,2014.06,2136.368476211351
TR-032974,2025-07-27,877.53,952.7144344821211
TR-032975,2025-07-27,1644.0,1779.7481874237194
TR-032976,2025-07-27,2059.41,2125.8652858309524
TR-032977,2025-07-27,646.48,633.7967794818433
TR-032978,2025-07-27,2969.42,3094.8246514405887
TR-032979,2025-07-27,1253.86,1365.532194159537
TR-032980,2025-07-27,2594.03,2644.917264692745
TR-032981,2025-07-27,3524.21,3585.663327001589
TR-032982,2025-07-27,845.62,883.8762576401898
TR-032983,2025-07-27,1436.2,1497.5506001053006
TR-032984,2025-07-27,2888.72,3045.244188040866
TR-032985,2025-07-27,1448.87,1549.952026516466
TR-032986,2025-07-27,981.73,1061.2798297736463
TR-032987,2025-07-27,1229.03,1307.0211230279588
TR-032988,2025-07-27,1125.51,1183.289910756589
TR-032989,2025-07-27,2983.7,3113.00811844315
TR-032990,2025-07-27,1472.31,1656.239353403068
TR-032991,2025-07-27,1865.89,1910.7345811477958
TR-032992,2025-07-27,1329.27,1411.1334105990752
TR-032993,2025-07-27,1877.25,1942.2917380752467
TR-032994,2025-07-27,405.29,412.32445869803087
TR-032995,2025-07-27,3533.37,3623.520262857254
TR-032996,2025-07-27,2875.14,2948.262046246559
TR-032997,2025-07-27,2638.38,2730.7581183967586
TR-032998,2025-07-27,4168.72,4287.291920868423
TR-032999,2025-07-27,711.37,763.6568977543504
TR-033000,2025-07-27,1205.4,1230.0534167349826
TR-033001,2025-07-27,2486.71,2547.5503610452397
TR-033002,2025-07-27,349.68,381.0258099789021
TR-033003,2025-07-27,3779.91,3909.057224125989
TR-033004,2025-07-27,3363.73,3475.6477141042706
TR-033005,2025-07-27,869.31,909.349480385805
TR-033006,2025-07-27,1723.34,1854.8662776121212
TR-033007,2025-07-27,1106.77,1223.2953663482708
TR-033008,2025-07-27,1444.1,1462.629034426694
TR-033009,2025-07-27,2923.22,3075.7138145157865
TR-033010,2025-07-27,727.21,781.5271103881767
TR-033011,2025-07-27,2120.51,2155.21583638062
TR-033012,2025-07-27,1343.73,1381.8863003803476
TR-033013,2025-07-27,1499.67,1561.2558494420493
TR-033014,2025-07-27,2055.35,2085.003690557961
TR-033015,2025-07-27,1253.36,1307.8263645753789
TR-033016,2025-07-27,2003.88,2066.6375741474176
TR-033017,2025-07-27,2031.04,2167.2763461861573
TR-033018,2025-07-27,823.25,863.8241217220027
TR-033019,2025-07-27,3529.73,3619.857387475966
TR-033020,2025-07-27,2966.04,3235.283095292452
TR-033021,2025-07-27,1819.42,1937.4748316670948
TR-033022,2025-07-27,771.46,836.3622778707679
TR-033023,2025-07-27,1054.01,1115.6142909481118
TR-033024,2025-07-27,4226.13,4385.071006737577
TR-033025,2025-07-27,1205.58,1270.8126990690419
TR-033026,2025-07-27,3939.59,4086.118571628941
TR-033027,2025-07-27,4486.08,4555.074837495727
TR-033028,2025-07-27,768.89,792.337828230133
TR-033029,2025-07-27,1552.48,1647.738678859684
TR-033030,2025-07-27,3302.26,3418.4882861232963
TR-033031,2025-07-27,2526.04,2763.40409633705
TR-033032,2025-07-27,2018.47,2141.5301244429797
TR-033033,2025-07-27,1355.23,1432.646514366988
TR-033034,2025-07-27,1604.66,1738.7171864207671
TR-033035,2025-07-27,3343.47,3292.072227730602
TR-033036,2025-07-27,379.33,360.16658930514654
TR-033037,2025-07-27,3330.78,3445.7522660108816
TR-033038,2025-07-27,1177.81,1202.042129105607
TR-033039,2025-07-27,7607.75,1744.6999713462933
TR-033040,2025-07-27,2234.86,2270.5803944516206
TR-033041,2025-07-27,2251.6,2344.0022292413996
TR-033042,2025-07-27,1307.33,1454.7669395234748
TR-033043,2025-07-27,2145.12,2273.259652272364
TR-033044,2025-07-27,4354.23,4751.931707467072
TR-033045,2025-07-27,2597.26,2746.656679112114
TR-033046,2025-07-27,2016.83,2060.318005896162
TR-033047,2025-07-27,2413.16,2444.9678361453507
TR-033048,2025-07-27,786.53,834.3753665191794
TR-033049,2025-07-27,1705.16,1736.2440641005126
TR-033050,2025-07-27,898.23,925.5753669669964
TR-033051,2025-07-27,3261.16,3357.391875917161
TR-033052,2025-07-27,1282.83,1386.0110655564204
TR-033053,2025-07-27,751.79,809.5775123468047
TR-033054,2025-07-27,2592.78,2778.6548062093952
TR-033055,2025-07-27,798.03,848.3882494851398
TR-033056,2025-07-27,3734.08,3789.748119615895
TR-033057,2025-07-27,1280.74,1412.174410770208
TR-033058,2025-07-27,3296.85,3394.2422007842715
TR-033059,2025-07-27,2278.22,2251.2544051269992
TR-033060,2025-07-27,4984.21,5307.97360055076
TR-033061,2025-07-27,282.54,1535.4435160813948
TR-033062,2025-07-27,3261.9,3341.3334747931412
TR-033063,2025-07-27,3530.35,3727.7489179223567
TR-033064,2025-07-27,2883.41,2913.9639595586677
TR-033065,2025-07-27,806.0,845.5630665383678
TR-033066,2025-07-27,1275.74,1410.0888870126446
TR-033067,2025-07-27,1464.1,1534.330775854589
TR-033068,2025-07-27,4174.09,4148.26249335369
TR-033069,2025-07-27,691.7,729.0553661999604
TR-033070,2025-07-27,2662.76,2782.714377770607
TR-033071,2025-07-27,3847.58,4008.468055364904
TR-033072,2025-07-27,1900.56,1999.850882437291
TR-033073,2025-07-27,3531.73,3600.453253846833
TR-033074,2025-07-27,230.1,234.1962401089463
TR-033075,2025-07-27,17333.65,4083.145252918354
TR-033076,2025-07-27,5553.38,5821.256475629152
TR-033077,2025-07-27,1585.57,1635.2914435984499
TR-033078,2025-07-27,1756.09,1825.3571825314643
TR-033079,2025-07-27,1241.89,1308.8518700429888
TR-033080,2025-07-27,1760.78,1819.2078103867036
TR-033081,2025-07-27,4298.03,4359.525030033141
TR-033082,2025-07-27,978.54,1094.3771779156364
TR-033083,2025-07-28,989.65,1048.8348239323298
TR-033084,2025-07-28,3554.43,3719.837725714867
TR-033085,2025-07-28,551.0,586.2203572849492
TR-033086,2025-07-28,2866.84,2993.2152345768127
TR-033087,2025-07-28,11117.85,3952.1020414995955
TR-033088,2025-07-28,1495.86,1539.393575301515
TR-033089,2025-07-28,3873.08,3908.7672905862737
TR-033090,2025-07-28,5421.9,5622.6949704896
TR-033091,2025-07-28,1898.11,2037.8583896565378
TR-033092,2025-07-28,4163.82,4200.230604945913
TR-033093,2025-07-28,4689.79,4954.304299637753
TR-033094,2025-07-28,251.2,301.83127066217844
TR-033095,2025-07-28,1084.99,1172.8165131253272
TR-033096,2025-07-28,1374.59,1414.3798446914152
TR-033097,2025-07-28,4869.68,5140.8316970376945
TR-033098,2025-07-28,1859.46,1875.714705641067
TR-033099,2025-07-28,1222.71,1294.1894978603689
TR-033100,2025-07-28,571.03,602.3886579634666
TR-033101,2025-07-28,1062.28,1126.8971778963469
TR-033102,2025-07-28,2462.39,2670.0361643059045
TR-033103,2025-07-28,1023.46,1137.7327244565024
TR-033104,2025-07-28,730.81,793.4999833943534
TR-033105,2025-07-28,345.19,339.0925292720465
TR-033106,2025-07-28,2821.94,2986.354300928778
TR-033107,2025-07-28,5266.95,5585.466425812783
TR-033108,2025-07-28,2010.78,2099.3223851465787
TR-033109,2025-07-28,1741.31,1834.5000413114153
TR-033110,2025-07-28,1307.68,1429.1543813237035
TR-033111,2025-07-28,1454.74,1512.8495671019205
TR-033112,2025-07-28,1898.27,1955.979567315255
TR-033113,2025-07-28,3337.67,3333.8005490980913
TR-033114,2025-07-28,1608.9,1639.972701240751
TR-033115,2025-07-28,5884.68,5926.040661981067
TR-033116,2025-07-28,968.12,995.7179518522532
TR-033117,2025-07-28,1358.77,1441.6828478251832
TR-033118,2025-07-28,1688.03,1832.1989216893364
TR-033119,2025-07-28,589.77,1587.8966682731411
TR-033120,2025-07-28,1319.58,1464.816982428499
TR-033121,2025-07-28,1341.91,1396.6718824006518
TR-033122,2025-07-28,1060.52,1168.2220587170366
TR-033123,2025-07-28,2288.59,2336.3214292830817
TR-033124,2025-07-28,4235.39,4427.808613457129
TR-033125,2025-07-28,667.47,692.175297447028
TR-033126,2025-07-28,1866.7,1984.6598611083846
TR-033127,2025-07-28,921.09,971.5210795202547
TR-033128,2025-07-28,4423.69,4626.32989903333
TR-033129,2025-07-28,591.93,618.7871165246743
TR-033130,2025-07-28,1981.07,2007.7312315817392
TR-033131,2025-07-28,1079.93,1126.1239366796221
TR-033132,2025-07-28,453.76,491.82834544788216
TR-033133,2025-07-28,1841.68,1888.0149004940017
TR-033134,2025-07-28,1045.98,1137.8151372579969
TR-033135,2025-07-28,749.0,802.1907826426639
TR-033136,2025-07-28,644.7,677.8115449851227
TR-033137,2025-07-28,507.31,549.6322090827657
TR-033138,2025-07-28,1157.48,1249.4939503133492
TR-033139,2025-07-28,951.85,1032.8682785681008
TR-033140,2025-07-28,2317.43,2385.1522405860137
TR-033141,2025-07-28,882.87,957.9064619702717
TR-033142,2025-07-28,2472.06,2623.94145343159
TR-033143,2025-07-28,669.33,738.2229530665929
TR-033144,2025-07-28,1349.13,1378.1404300281738
TR-033145,2025-07-28,1769.62,1897.8195089013193
TR-033146,2025-07-28,3851.99,3880.698733634633
TR-033147,2025-07-28,1047.91,1135.9917577983556
TR-033148,2025-07-28,3793.81,3966.444528666604
TR-033149,2025-07-28,5189.0,5424.196230361184
TR-033150,2025-07-28,1722.32,1760.2309432383931
TR-033151,2025-07-28,2675.46,2739.498843628615
TR-033152,2025-07-28,3934.13,4123.348977063022
TR-033153,2025-07-28,1955.71,1989.4228304413123
TR-033154,2025-07-28,1926.51,1951.5573125082392
TR-033155,2025-07-28,2297.29,2320.152026686265
TR-033156,2025-07-28,2347.66,2437.3657754727956
TR-033157,2025-07-28,730.76,815.20519884912
TR-033158,2025-07-28,2894.13,3040.367678905921
TR-033159,2025-07-28,2843.17,2924.6023443322856
TR-033160,2025-07-28,2992.03,3091.4907127512615
TR-033161,2025-07-28,2311.92,2419.3282912813083
TR-033162,2025-07-28,1733.19,1797.6352923255909
TR-033163,2025-07-28,2131.03,2204.0821720976783
TR-033164,2025-07-28,1181.15,1228.118023625899
TR-033165,2025-07-28,2177.26,2231.0757974680105
TR-033166,2025-07-28,2453.15,2524.2871132252003
TR-033167,2025-07-28,1178.59,1313.2367026307427
TR-033168,2025-07-28,1929.08,1969.7877061539612
TR-033169,2025-07-28,2217.1,2345.769120525793
TR-033170,2025-07-28,2897.57,2946.235122229373
TR-033171,2025-07-28,1663.4,1698.0660516176958
TR-033172,2025-07-28,2666.77,2647.3341465488584
TR-033173,2025-07-28,1407.1,1447.6200640240818
TR-033174,2025-07-28,2062.01,2104.0130320947987
TR-033175,2025-07-28,1426.78,1510.3011701268765
TR-033176,2025-07-28,4536.47,4708.114556649422
TR-033177,2025-07-28,5405.95,5484.567878400014
TR-033178,2025-07-28,1153.57,1266.9645542861208
TR-033179,2025-07-28,1991.56,2098.8847076393918
TR-033180,2025-07-28,839.54,840.9994018551413
TR-033181,2025-07-28,3503.11,3705.0747769403115
TR-033182,2025-07-28,840.66,882.6881477367351
TR-033183,2025-07-28,1543.43,1605.9330927659537
TR-033184,2025-07-28,958.89,1055.1809476332521
TR-033185,2025-07-28,2594.5,2693.336133942064
TR-033186,2025-07-28,4765.47,4896.7775154590545
TR-033187,2025-07-28,1072.73,1150.7228582952607
TR-033188,2025-07-28,4758.75,5047.932516722472
TR-033189,2025-07-28,820.22,855.8307765536763
TR-033190,2025-07-28,1560.64,1608.620603529458
TR-033191,2025-07-28,3648.27,3933.1480746700836
TR-033192,2025-07-28,3962.34,4098.294945321124
TR-033193,2025-07-28,751.09,853.436857035862
TR-033194,2025-07-28,3243.61,3387.3927292648013
TR-033195,2025-07-28,4010.64,4171.336068541412
TR-033196,2025-07-28,2371.53,2443.0768787362003
TR-033197,2025-07-28,2254.81,2377.1513844956653
TR-033198,2025-07-28,3124.78,3405.474030006698
TR-033199,2025-07-28,4868.75,5266.0652409853665
TR-033200,2025-07-28,4209.92,4366.93204156711
TR-033201,2025-07-28,1826.1,1918.3154885109175
TR-033202,2025-07-28,2182.49,2244.286443376539
TR-033203,2025-07-28,3861.21,3924.2278053492955
TR-033204,2025-07-28,424.18,446.40635868274353
TR-033205,2025-07-28,3736.94,3828.0216263063594
TR-033206,2025-07-28,1541.48,1680.7620678263818
TR-033207,2025-07-28,864.75,909.1951321561046
TR-033208,2025-07-28,1023.49,1029.875174270804
TR-033209,2025-07-28,1115.26,1211.9353442569554
TR-033210,2025-07-28,1086.36,1118.919395327707
TR-033211,2025-07-28,3724.13,3782.293163065611
TR-033212,2025-07-28,1157.89,1216.0301189494853
TR-033213,2025-07-28,3690.14,3944.107301449006
TR-033214,2025-07-28,1568.81,1656.9805330677916
TR-033215,2025-07-28,1133.62,1176.7424656209878
TR-033216,2025-07-28,2473.93,2546.7059620076648
TR-033217,2025-07-28,761.27,785.6967592968597
TR-033218,2025-07-28,1398.53,1483.349968745978
TR-033219,2025-07-29,1420.59,1475.672040705661
TR-033220,2025-07-29,3640.51,3645.487192991678
TR-033221,2025-07-29,3878.94,4011.2325300996536
TR-033222,2025-07-29,2615.16,2682.7377925776323
TR-033223,2025-07-29,1713.02,1823.1273397295286
TR-033224,2025-07-29,1259.85,1373.8192179779694
TR-033225,2025-07-29,1611.43,1692.1272052881889
TR-033226,2025-07-29,3114.18,3325.6219777017313
TR-033227,2025-07-29,4014.56,4062.8986538503596
TR-033228,2025-07-29,2989.18,3196.1838898905917
TR-033229,2025-07-29,1676.83,1872.2138727484478
TR-033230,2025-07-29,998.86,1023.9880765221524
TR-033231,2025-07-29,1828.03,1953.0874900736756
TR-033232,2025-07-29,2425.52,2532.0097508281383
TR-033233,2025-07-29,9454.94,3485.360746348895
TR-033234,2025-07-29,997.94,1052.7784947065388
TR-033235,2025-07-29,1803.99,1944.8502899973219
TR-033236,2025-07-29,1083.0,1106.5262451424371
TR-033237,2025-07-29,1579.09,1709.730789179915
TR-033238,2025-07-29,1928.09,2030.8673511088791
TR-033239,2025-07-29,3548.35,3602.70270565224
TR-033240,2025-07-29,3843.58,3931.952588232266
TR-033241,2025-07-29,1284.5,1406.808374363588
TR-033242,2025-07-29,824.27,860.6946811764576
TR-033243,2025-07-29,1388.81,1504.997072411893
TR-033244,2025-07-29,1128.9,1211.5381392921927
TR-033245,2025-07-29,1293.47,1294.618534622537
TR-033246,2025-07-29,1354.57,1440.032179963306
TR-033247,2025-07-29,1861.38,1839.6722502525445
TR-033248,2025-07-29,805.38,857.7110422666699
TR-033249,2025-07-29,2233.73,2368.4261056870346
TR-033250,2025-07-29,3420.69,3537.7842251855645
TR-033251,2025-07-29,1473.1,1500.7647701668177
TR-033252,2025-07-29,1769.73,1819.6236496791314
TR-033253,2025-07-29,777.3,806.7775702605736
TR-033254,2025-07-29,1007.53,1051.102756358425
TR-033255,2025-07-29,5605.79,5967.579293934858
TR-033256,2025-07-29,756.5,817.0746319237619
TR-033257,2025-07-29,237.05,1248.3857673256798
TR-033258,2025-07-29,665.14,718.1153485107543
TR-033259,2025-07-29,5075.37,5240.907061845177
TR-033260,2025-07-29,1230.53,1341.2314128013331
TR-033261,2025-07-29,3738.79,3770.654523276882
TR-033262,2025-07-29,2849.25,2948.999237524674
TR-033263,2025-07-29,1455.4,1483.6142554447006
TR-033264,2025-07-29,4372.17,4481.931159994159
TR-033265,2025-07-29,3614.59,3654.0111247790337
TR-033266,2025-07-29,1016.92,1071.8178485502347
TR-033267,2025-07-29,2035.28,2122.256051662373
TR-033268,2025-07-29,1073.77,1170.327137980125
TR-033269,2025-07-29,2058.58,2056.7263332659873
TR-033270,2025-07-29,585.85,603.5589726553183
TR-033271,2025-07-29,602.71,632.403385079168
TR-033272,2025-07-29,2242.34,2412.0933837581365
TR-033273,2025-07-29,2226.3,2381.9882635520225
TR-033274,2025-07-29,11700.79,3774.4544014945
TR-033275,2025-07-29,2093.58,2191.4506652933487
TR-033276,2025-07-29,3064.63,3186.7214389471887
TR-033277,2025-07-29,4545.32,4737.460736633197
TR-033278,2025-07-29,5078.8,5216.576471785542
TR-033279,2025-07-29,1706.41,1712.5996702358339
TR-033280,2025-07-29,6289.39,6589.239105117088
TR-033281,2025-07-29,4150.42,4313.344974992066
TR-033282,2025-07-29,3478.47,3624.8328676582605
TR-033283,2025-07-29,2239.24,2266.2161680878044
TR-033284,2025-07-29,2090.95,2162.1143764459407
TR-033285,2025-07-29,656.33,709.1332520439521
TR-033286,2025-07-29,638.98,667.0933911028264
TR-033287,2025-07-29,3120.61,3371.179479524409
TR-033288,2025-07-29,1778.43,1831.616431941868
TR-033289,2025-07-29,6070.24,6455.697423327255
TR-033290,2025-07-29,1801.21,1886.5066918043722
TR-033291,2025-07-29,2757.75,2899.411037716966
TR-033292,2025-07-29,1710.7,1771.8263471191406
TR-033293,2025-07-29,1796.29,1874.639261059261
TR-033294,2025-07-29,4082.81,4222.190844240726
TR-033295,2025-07-29,1526.56,1545.4298727994587
TR-033296,2025-07-29,3748.15,3931.521896689563
TR-033297,2025-07-29,2358.57,2522.1050074968016
TR-033298,2025-07-29,799.27,789.9020636897569
TR-033299,2025-07-29,3889.88,4126.243995784645
TR-033300,2025-07-29,5071.95,5371.992882177905
TR-033301,2025-07-29,1999.57,2024.6505424950665
TR-033302,2025-07-29,684.23,741.9156758698325
TR-033303,2025-07-29,1161.81,1234.971573477597
TR-033304,2025-07-29,631.69,640.366015465275
TR-033305,2025-07-29,6289.74,1970.1962613981823
TR-033306,2025-07-29,1692.64,1755.9306875458835
TR-033307,2025-07-29,324.35,344.27492762182123
TR-033308,2025-07-29,3264.59,3341.9996311590157
TR-033309,2025-07-29,1340.04,1418.255132916989
TR-033310,2025-07-29,1671.29,1706.0742317166678
TR-033311,2025-07-29,818.04,859.0022303480159
TR-033312,2025-07-29,11663.11,3661.5403039956173
TR-033313,2025-07-29,2835.15,3055.8013827442737
TR-033314,2025-07-29,3547.14,3694.9896295284443
TR-033315,2025-07-29,4005.08,4244.536033594832
TR-033316,2025-07-29,3889.7,4246.772915467445
TR-033317,2025-07-29,1238.33,1261.6071981321852
TR-033318,2025-07-29,4113.77,4247.529826371199
TR-033319,2025-07-29,1454.31,1498.0249397526736
TR-033320,2025-07-29,1538.63,1590.046395883534
TR-033321,2025-07-29,3402.81,3547.7979555211364
TR-033322,2025-07-29,3019.11,3049.6140050532595
TR-033323,2025-07-29,3738.64,3839.352463689045
TR-033324,2025-07-29,3278.18,3370.2352219204695
TR-033325,2025-07-29,1574.29,1624.8210896813212
TR-033326,2025-07-29,1140.79,1518.5290483712572
TR-033327,2025-07-29,862.51,916.3211039897571
TR-033328,2025-07-29,4653.68,5166.0768225874435
TR-033329,2025-07-29,1705.18,1768.9592628550886
TR-033330,2025-07-29,2253.53,2460.378870388481
TR-033331,2025-07-29,2217.15,2229.2925723385656
TR-033332,2025-07-29,4453.21,4749.9919488281985
TR-033333,2025-07-29,801.41,841.0975621107593
TR-033334,2025-07-29,3689.1,3915.7477965245853
TR-033335,2025-07-29,3272.85,3432.099256158669
TR-033336,2025-07-29,1665.39,1683.4010382060058
TR-033337,2025-07-29,3877.1,4140.000121410514
TR-033338,2025-07-29,3782.81,3869.8300769665966
TR-033339,2025-07-29,989.07,1025.7176432908254
TR-033340,2025-07-29,3865.21,4089.2676531879224
TR-033341,2025-07-29,1811.38,1945.8586232266139
TR-033342,2025-07-29,625.2,647.5778042787824
TR-033343,2025-07-29,754.69,786.4310461501482
TR-033344,2025-07-29,2668.85,2807.4620546454057
TR-033345,2025-07-29,4211.13,4427.854312900439
TR-033346,2025-07-29,1055.08,1098.508515144731
TR-033347,2025-07-29,4668.29,4902.0132284798365
TR-033348,2025-07-29,2304.18,2376.5712335503335
TR-033349,2025-07-29,1144.3,1234.7497264659614
TR-033350,2025-07-29,5897.96,6278.182840239961
TR-033351,2025-07-29,2152.41,2206.2312389823655
TR-033352,2025-07-29,1680.49,1723.3954640066402
TR-033353,2025-07-29,840.99,875.8590627245917
TR-033354,2025-07-29,844.68,912.212395653029
TR-033355,2025-07-29,2292.39,2501.653514798726
TR-033356,2025-07-29,1238.44,1366.1950449549338
TR-033357,2025-07-29,521.73,547.922269304745
TR-033358,2025-07-29,1656.78,2067.869629970346
TR-033359,2025-07-29,4343.02,4631.56109859605
TR-033360,2025-07-29,500.83,531.7279873141804
TR-033361,2025-07-29,1151.03,1223.303301103074
TR-033362,2025-07-29,3391.79,3513.4506464059077
TR-033363,2025-07-29,1942.0,2061.155080773731
TR-033364,2025-07-29,3836.36,4122.351140118139
TR-033365,2025-07-29,4229.91,4281.372679569803
TR-033366,2025-07-29,1245.46,1261.6914773274962
TR-033367,2025-07-29,3647.9,3810.9315505461304
TR-033368,2025-07-29,3693.66,3790.8113456254146
TR-033369,2025-07-29,1132.59,1196.270155053228
TR-033370,2025-07-29,1651.94,1766.126208260363
TR-033371,2025-07-29,1388.08,1442.4272234442292
TR-033372,2025-07-29,1238.54,1258.237041531137
TR-033373,2025-07-29,1145.59,1180.9196515482517
TR-033374,2025-07-29,662.05,662.2729420773542
TR-033375,2025-07-29,1800.0,1884.1906635683001
TR-033376,2025-07-29,1353.63,1400.2118540357649
TR-033377,2025-07-29,840.06,897.5382890611008
TR-033378,2025-07-29,3325.49,3449.680349453931
TR-033379,2025-07-29,1512.77,1564.7041249134895
TR-033380,2025-07-29,1407.85,1471.5408261164412
TR-033381,2025-07-29,654.72,655.0648069331407
TR-033382,2025-07-29,830.79,909.4314878874291
TR-033383,2025-07-29,5179.71,5240.398481875498
TR-033384,2025-07-29,1737.63,1806.584976078913
TR-033385,2025-07-29,3778.79,3960.6552157154442
TR-033386,2025-07-29,831.77,914.4100847198645
TR-033387,2025-07-29,2589.12,2606.0468759854743
TR-033388,2025-07-30,1492.45,1544.0131260162266
TR-033389,2025-07-30,2425.9,2572.1469144641505
TR-033390,2025-07-30,523.76,529.9147341989051
TR-033391,2025-07-30,1894.87,1972.3709442360791
TR-033392,2025-07-30,4510.5,4667.112039001575
TR-033393,2025-07-30,2095.34,2171.0856117075546
TR-033394,2025-07-30,1159.17,1231.0756029614072
TR-033395,2025-07-30,4384.3,4446.526318796126
TR-033396,2025-07-30,4316.63,4604.535828314845
TR-033397,2025-07-30,1823.2,1865.757585471236
TR-033398,2025-07-30,649.26,693.2109088020204
TR-033399,2025-07-30,4873.57,4967.105624892762
TR-033400,2025-07-30,1074.28,1105.4147450281828
TR-033401,2025-07-30,4532.07,4798.963742945396
TR-033402,2025-07-30,2285.16,2410.792579380807
TR-033403,2025-07-30,972.93,1055.9805507466363
TR-033404,2025-07-30,1109.36,1184.7577035728928
TR-033405,2025-07-30,2836.02,3137.8748563631484
TR-033406,2025-07-30,2754.93,2940.978240425843
TR-033407,2025-07-30,3188.57,3267.535281965465
TR-033408,2025-07-30,1594.22,1648.7218943325495
TR-033409,2025-07-30,1704.36,1788.2255586391684
TR-033410,2025-07-30,1211.82,1260.3714488790752
TR-033411,2025-07-30,1577.8,1594.6454141699617
TR-033412,2025-07-30,1903.08,2077.8766452233776
TR-033413,2025-07-30,574.23,583.4154421953897
TR-033414,2025-07-30,1093.54,1202.6974963574771
TR-033415,2025-07-30,793.91,820.2671115388234
TR-033416,2025-07-30,2146.61,2171.597772164874
TR-033417,2025-07-30,1963.31,2104.368922061046
TR-033418,2025-07-30,1826.74,2021.3415908765764
TR-033419,2025-07-30,1558.35,1701.9665723761948
TR-033420,2025-07-30,2532.58,2668.593186873604
TR-033421,2025-07-30,4237.41,4491.539040308997
TR-033422,2025-07-30,2149.7,2219.930011860125
TR-033423,2025-07-30,3921.35,3982.993965529859
TR-033424,2025-07-30,2609.89,2756.202703603846
TR-033425,2025-07-30,3454.91,3453.471246969085
TR-033426,2025-07-30,1941.84,2085.726297633209
TR-033427,2025-07-30,3018.74,3107.895478721058
TR-033428,2025-07-30,532.18,531.8101658149394
TR-033429,2025-07-30,3547.81,3800.7455327003686
TR-033430,2025-07-30,2285.38,2397.0736277285105
TR-033431,2025-07-30,1942.42,2081.0716926776568
TR-033432,2025-07-30,839.25,858.7651360918724
TR-033433,2025-07-30,1555.16,1627.636227170724
TR-033434,2025-07-30,3762.37,3839.886322828983
TR-033435,2025-07-30,1800.79,1809.7055782531752
TR-033436,2025-07-30,5326.07,5411.400080848383
TR-033437,2025-07-30,1820.67,1892.8835025472297
TR-033438,2025-07-30,1689.34,1762.8298051839
TR-033439,2025-07-30,3137.97,3218.1294139578417
TR-033440,2025-07-30,4318.58,4512.537978525912
TR-033441,2025-07-30,804.53,801.8359834850544
TR-033442,2025-07-30,2333.02,2396.72543267649
TR-033443,2025-07-30,3461.44,3651.6457192804064
TR-033444,2025-07-30,2818.73,2967.567673197678
TR-033445,2025-07-30,3543.39,3634.0008670381576
TR-033446,2025-07-30,2291.67,2475.771897749299
TR-033447,2025-07-30,1712.33,1822.1808913612124
TR-033448,2025-07-30,2348.45,2450.3545554046727
TR-033449,2025-07-30,1681.37,1745.0326092482287
TR-033450,2025-07-30,1270.94,1369.8410336715633
TR-033451,2025-07-30,2166.93,2384.2306588066544
TR-033452,2025-07-30,3599.57,3803.121336994167
TR-033453,2025-07-30,2504.96,2538.591474476094
TR-033454,2025-07-30,4148.95,4219.781295492737
TR-033455,2025-07-30,2080.07,2155.937892714092
TR-033456,2025-07-30,2834.56,2967.1001404746166
TR-033457,2025-07-30,1444.8,1503.0459470622789
TR-033458,2025-07-30,1861.47,1925.6264316569252
TR-033459,2025-07-30,4571.47,4973.039849778439
TR-033460,2025-07-30,5253.1,5349.482173804059
TR-033461,2025-07-30,2799.52,2904.891385074777
TR-033462,2025-07-30,4442.0,4690.89475870965
TR-033463,2025-07-30,787.16,805.7925864288297
TR-033464,2025-07-30,2207.87,2345.134538527006
TR-033465,2025-07-30,2117.14,2217.9978415918413
TR-033466,2025-07-30,1153.84,1243.8009446249098
TR-033467,2025-07-30,2595.59,2687.3414885385687
TR-033468,2025-07-30,1392.04,1453.4865956357883
TR-033469,2025-07-30,889.07,944.0972288320834
TR-033470,2025-07-30,1982.01,2044.3665490827505
TR-033471,2025-07-30,2686.32,2845.3412507900684
TR-033472,2025-07-30,6127.79,6317.593745155547
TR-033473,2025-07-30,1046.89,1170.9532373168704
TR-033474,2025-07-30,3986.38,4256.664010541912
TR-033475,2025-07-30,2158.96,2181.681815396407
TR-033476,2025-07-30,5522.82,5808.8420924008515
TR-033477,2025-07-30,2331.43,2446.865891265905
TR-033478,2025-07-30,2089.17,2182.5126025431023
TR-033479,2025-07-30,3859.45,4164.645753391875
TR-033480,2025-07-30,4432.04,4592.160232742119
TR-033481,2025-07-30,4367.11,4628.682643929924
TR-033482,2025-07-30,2423.77,2435.6736817239403
TR-033483,2025-07-30,1868.17,1887.6301986709007
TR-033484,2025-07-30,2265.16,2474.8904774206203
TR-033485,2025-07-30,1850.8,2037.0034695850236
TR-033486,2025-07-30,5403.43,5753.302510362577
TR-033487,2025-07-30,3749.77,3934.4739959582475
TR-033488,2025-07-30,1636.98,1717.936161681123
TR-033489,2025-07-30,2373.91,2466.7192114751024
TR-033490,2025-07-30,4711.88,5151.647094169244
TR-033491,2025-07-30,1115.43,1174.2417671669764
TR-033492,2025-07-30,4374.98,4612.6089763248565
TR-033493,2025-07-30,5228.93,5568.54311582574
TR-033494,2025-07-30,331.63,350.0838960331564
TR-033495,2025-07-30,3983.97,4210.553275925501
TR-033496,2025-07-30,853.23,870.584635905326
TR-033497,2025-07-30,2766.52,2951.183888101072
TR-033498,2025-07-30,5234.26,5431.326389107778
TR-033499,2025-07-30,944.31,951.0839859967996
TR-033500,2025-07-30,3815.3,3877.7953384153807
TR-033501,2025-07-30,1579.34,1653.5276368159705
TR-033502,2025-07-30,681.29,698.0787068464456
TR-033503,2025-07-30,972.78,1368.3791052500108
TR-033504,2025-07-30,1472.46,1545.5351665012552
TR-033505,2025-07-30,867.75,918.1476660248159
TR-033506,2025-07-30,1607.06,1715.6604264414354
TR-033507,2025-07-30,4816.56,5062.493685536211
TR-033508,2025-07-30,795.95,820.9808568921685
TR-033509,2025-07-30,5154.49,5412.798077978303
TR-033510,2025-07-30,3244.94,3318.350597932504
TR-033511,2025-07-30,1407.64,1448.331100289477
TR-033512,2025-07-30,420.29,410.9130871551549
TR-033513,2025-07-30,817.79,854.3229331863604
TR-033514,2025-07-30,4307.23,4475.829152977967
TR-033515,2025-07-30,2734.49,2820.4261335928227
TR-033516,2025-07-30,1492.69,1580.7785269453052
TR-033517,2025-07-30,473.01,491.109615111842
TR-033518,2025-07-30,2046.33,2097.44953212656
TR-033519,2025-07-30,2864.62,3163.825193263657
TR-033520,2025-07-30,2127.18,2242.1638334354575
TR-033521,2025-07-30,1184.72,1278.1157216723796
TR-033522,2025-07-30,1737.62,1868.545195996566
TR-033523,2025-07-30,825.4,908.6949464439999
TR-033524,2025-07-30,3397.54,3429.4968096039775
TR-033525,2025-07-30,1065.03,1124.1639367604441
TR-033526,2025-07-30,1540.87,1587.3019022844455
TR-033527,2025-07-30,2008.33,2193.4918750750926
TR-033528,2025-07-30,4067.77,4181.580053629323
TR-033529,2025-07-30,2755.3,2858.4206838816945
TR-033530,2025-07-30,1671.59,1725.2735867159151
TR-033531,2025-07-30,2717.57,2800.2222611528196
TR-033532,2025-07-30,2597.84,2710.8268246665834
TR-033533,2025-07-30,1642.37,1806.7699933289698
TR-033534,2025-07-30,4436.45,4638.717690525442
TR-033535,2025-07-30,1294.5,1358.9869902239204
TR-033536,2025-07-30,755.86,778.8569108015806
TR-033537,2025-07-30,1058.07,1171.7018328886443
TR-033538,2025-07-30,3587.26,3705.3394898999577
TR-033539,2025-07-30,1526.98,1662.4052020629406
TR-033540,2025-07-30,4765.3,5046.7375060914
TR-033541,2025-07-30,2626.56,2858.6347167458293
TR-033542,2025-07-30,2777.24,2971.6888775355624
TR-033543,2025-07-30,2705.94,2910.782333877257
TR-033544,2025-07-30,4655.63,4816.408593488481
TR-033545,2025-07-30,4927.45,5101.6359660263215
TR-033546,2025-07-30,3099.64,3119.981617013357
TR-033547,2025-07-30,391.46,419.01413628728415
TR-033548,2025-07-30,1601.82,1713.1432757156865
TR-033549,2025-07-30,1986.12,2028.7670296054673
TR-033550,2025-07-30,1398.59,3863.156816904669
TR-033551,2025-07-30,2425.96,2566.8510443438545
TR-033552,2025-07-30,1193.55,1238.1208214318349
TR-033553,2025-07-30,1154.62,1240.0475114833332
TR-033554,2025-07-31,1179.09,1229.7809508857936
TR-033555,2025-07-31,694.94,699.808666216233
TR-033556,2025-07-31,966.97,1063.4362689639993
TR-033557,2025-07-31,2028.71,2187.5232576332637
TR-033558,2025-07-31,2520.82,2718.3362615765664
TR-033559,2025-07-31,1053.9,1093.0617044852133
TR-033560,2025-07-31,2665.31,2677.3731054795717
TR-033561,2025-07-31,5306.3,5544.328920341839
TR-033562,2025-07-31,2984.0,3199.980987503766
TR-033563,2025-07-31,3609.2,3700.6577540611784
TR-033564,2025-07-31,3905.53,3940.7687166724054
TR-033565,2025-07-31,2525.63,2629.6012675823486
TR-033566,2025-07-31,773.86,829.474736221963
TR-033567,2025-07-31,4283.98,4405.973895274226
TR-033568,2025-07-31,1674.07,1737.5930881052632
TR-033569,2025-07-31,977.64,1021.6976531131668
TR-033570,2025-07-31,1437.12,1492.1072878235946
TR-033571,2025-07-31,5167.59,5206.1506550335
TR-033572,2025-07-31,2329.27,2382.6016989247673
TR-033573,2025-07-31,1536.67,1632.0835417364497
TR-033574,2025-07-31,1710.34,1822.0892419643503
TR-033575,2025-07-31,2564.39,2687.992119630193
TR-033576,2025-07-31,2283.06,2421.870132303528
TR-033577,2025-07-31,1516.79,1626.3561402885732
TR-033578,2025-07-31,1315.65,1394.1532458410215
TR-033579,2025-07-31,2284.82,2362.1204157963743
TR-033580,2025-07-31,3818.44,3924.2885686600866
TR-033581,2025-07-31,3287.63,3488.5156715414078
TR-033582,2025-07-31,1031.99,1140.234146458749
TR-033583,2025-07-31,2256.64,2324.9338335723637
TR-033584,2025-07-31,2382.85,2557.0576827419313
TR-033585,2025-07-31,2996.59,3047.3494667772325
TR-033586,2025-07-31,171.28,974.8336871953716
TR-033587,2025-07-31,3236.3,3438.7370130158497
TR-033588,2025-07-31,5242.67,5379.83892655397
TR-033589,2025-07-31,821.5,904.640408501049
TR-033590,2025-07-31,1522.92,1625.6570614668642
TR-033591,2025-07-31,2939.42,3047.7237061577675
TR-033592,2025-07-31,4293.63,4365.655442611771
TR-033593,2025-07-31,2945.96,3116.684609678001
TR-033594,2025-07-31,2472.99,2533.3383324727365
TR-033595,2025-07-31,738.34,771.0604732546756
TR-033596,2025-07-31,3256.86,3335.5598930139645
TR-033597,2025-07-31,1944.65,2000.4252400250239
TR-033598,2025-07-31,4297.86,4519.455811379394
TR-033599,2025-07-31,2198.37,2298.6575728814287
TR-033600,2025-07-31,2978.27,3069.4843690542443
TR-033601,2025-07-31,4935.31,4974.269660646147
TR-033602,2025-07-31,652.13,681.592143325898
TR-033603,2025-07-31,3506.35,3704.9310549558254
TR-033604,2025-07-31,1113.56,1162.8710958899828
TR-033605,2025-07-31,4448.72,4691.838390791939
TR-033606,2025-07-31,1633.43,1772.0697520373774
TR-033607,2025-07-31,1482.92,1551.0074272498646
TR-033608,2025-07-31,1600.76,1709.5123699564608
TR-033609,2025-07-31,1754.5,1840.770395116972
TR-033610,2025-07-31,850.85,920.7338357782567
TR-033611,2025-07-31,574.44,632.8769917536458
TR-033612,2025-07-31,805.97,896.1375105536927
TR-033613,2025-07-31,3726.52,3890.7834591092305
TR-033614,2025-07-31,1813.51,1888.9484085771871
TR-033615,2025-07-31,1956.95,2044.2567148203718
TR-033616,2025-07-31,3509.04,3681.5037014057534
TR-033617,2025-07-31,3414.58,3644.8669180873885
TR-033618,2025-07-31,1171.32,1218.4303592450976
TR-033619,2025-07-31,1169.44,1293.892936986018
TR-033620,2025-07-31,1078.13,1203.6914768113243
TR-033621,2025-07-31,2035.68,2197.395135091051
TR-033622,2025-07-31,816.59,819.8958952772603
TR-033623,2025-07-31,2883.69,3075.988669236863
TR-033624,2025-07-31,1690.05,1781.8988294541493
TR-033625,2025-07-31,1374.42,1391.7454794046498
TR-033626,2025-07-31,4992.63,5159.820290314692
TR-033627,2025-07-31,1519.07,1592.1132601840018
TR-033628,2025-07-31,4372.7,4500.6268162274755
TR-033629,2025-07-31,6555.87,6720.737974960871
TR-033630,2025-07-31,4293.8,4538.888173070482
TR-033631,2025-07-31,3888.72,3982.463655382533
TR-033632,2025-07-31,4984.37,5273.011003155309
TR-033633,2025-07-31,1305.57,1356.1617574496686
TR-033634,2025-07-31,4343.49,4573.023773319976
TR-033635,2025-07-31,3201.29,3324.843524912486
TR-033636,2025-07-31,1041.63,1065.588609533053
TR-033637,2025-07-31,487.3,482.1732971959202
TR-033638,2025-07-31,3469.85,3585.8834458907754
TR-033639,2025-07-31,3461.66,3599.8891277199396
TR-033640,2025-07-31,1669.65,1710.2386719966235
TR-033641,2025-07-31,3991.54,4063.5287415998664
TR-033642,2025-07-31,4627.87,4607.255487223807
TR-033643,2025-07-31,1234.28,1329.894410221399
TR-033644,2025-07-31,3037.85,3051.4325338237977
TR-033645,2025-07-31,2908.0,3010.9297055764478
TR-033646,2025-07-31,3475.05,3672.3006170696035
TR-033647,2025-07-31,3325.09,1228.8463178472819
TR-033648,2025-07-31,1802.48,1919.1837710539712
TR-033649,2025-07-31,2392.89,2596.0958508585572
TR-033650,2025-07-31,2638.99,2815.510091214023
TR-033651,2025-07-31,1554.34,1631.0128798221783
TR-033652,2025-07-31,6861.97,6823.123258147276
TR-033653,2025-07-31,2903.33,2959.1606477187997
TR-033654,2025-07-31,1820.81,1885.2372302576705
TR-033655,2025-07-31,2099.51,2210.5362203718214
TR-033656,2025-07-31,399.91,409.9683908878635
TR-033657,2025-07-31,242.62,292.32157958207176
TR-033658,2025-07-31,4389.63,4653.473532531592
TR-033659,2025-07-31,2147.77,2250.4206509130977
TR-033660,2025-07-31,837.32,914.312489287883
TR-033661,2025-07-31,1380.87,1407.2606502358876
TR-033662,2025-07-31,764.39,776.0269550715884
TR-033663,2025-07-31,3676.16,3873.4709229133796
TR-033664,2025-07-31,4366.08,4502.245860967699
TR-033665,2025-07-31,1893.21,1979.958790842799
TR-033666,2025-07-31,1577.92,1661.2561106267885
TR-033667,2025-07-31,3057.03,3163.219151750018
TR-033668,2025-07-31,1672.79,1781.6926082604289
TR-033669,2025-07-31,3559.74,3798.5614367261524
TR-033670,2025-07-31,4510.39,4639.196973833656
TR-033671,2025-07-31,2729.95,2874.605540514501
TR-033672,2025-07-31,1783.51,1852.2269917288606
TR-033673,2025-07-31,3407.64,3397.820326385874
TR-033674,2025-07-31,1016.79,1055.7615925279893
TR-033675,2025-07-31,1827.31,1993.108823374187
TR-033676,2025-07-31,981.15,1005.1119788946847
TR-033677,2025-07-31,2524.36,2605.5475720857326
TR-033678,2025-07-31,1914.4,1909.1152988393867
TR-033679,2025-07-31,1109.3,1159.2381019567842
TR-033680,2025-07-31,4295.53,4539.674606025455
TR-033681,2025-07-31,4692.93,4724.163698353685
TR-033682,2025-07-31,2704.31,2850.4556681167132
TR-033683,2025-07-31,960.9,996.9098560900036
TR-033684,2025-07-31,813.1,850.1001207085851
TR-033685,2025-07-31,2067.97,2208.7643228630363
TR-033686,2025-07-31,1782.53,1813.5765735802127
TR-033687,2025-07-31,3067.99,3207.1188554434666
TR-033688,2025-07-31,3593.31,3686.906391030924
TR-033689,2025-07-31,1501.04,1496.4237756439838
TR-033690,2025-07-31,2114.02,2169.752794122224
TR-033691,2025-07-31,2733.75,2911.136432284787
TR-033692,2025-07-31,1579.13,1686.8405298346906
TR-033693,2025-07-31,1775.76,1956.0582703868454
TR-033694,2025-07-31,1960.66,2109.9219724021154
TR-033695,2025-07-31,3005.74,3113.11725032949
TR-033696,2025-07-31,1824.89,1899.3137106943745
TR-033697,2025-07-31,875.7,876.2205218377042
TR-033698,2025-07-31,5256.89,5547.305858886965
TR-033699,2025-07-31,1633.09,1704.8002024187317
TR-033700,2025-07-31,2673.7,2838.851510157564
TR-033701,2025-07-31,4477.45,4521.644352230422
TR-033702,2025-07-31,1839.76,2010.7991956697958
TR-033703,2025-07-31,3429.46,3578.846688856247
TR-033704,2025-07-31,1681.79,1724.9112268713795
TR-033705,2025-07-31,1663.85,1758.3712431359343
TR-033706,2025-07-31,1565.57,1634.1837772417807
TR-033707,2025-07-31,2153.28,2184.8176466382965
TR-033708,2025-07-31,1184.85,1270.8899837779813
TR-033709,2025-07-31,252.68,249.33375667154178
TR-033710,2025-07-31,1758.02,1812.0192920268628
TR-033711,2025-07-31,2554.48,2597.7784952256916
TR-033712,2025-07-31,2655.55,2871.555326311742
TR-033713,2025-07-31,1131.42,1148.6340950747194
TR-033714,2025-07-31,3190.44,3229.694526359558
TR-033715,2025-07-31,2092.53,2274.359419629247
TR-033716,2025-07-31,2316.16,2395.306302864732
TR-033717,2025-07-31,1860.68,1985.022407802979
TR-033718,2025-07-31,1247.41,1386.1227228215375
TR-033719,2025-08-01,867.62,878.419556926387
TR-033720,2025-08-01,1789.0,1743.260615904816
TR-033721,2025-08-01,2403.16,2394.00752556699
TR-033722,2025-08-01,4722.42,4916.467193946226
TR-033723,2025-08-01,276.48,263.6640983748066
TR-033724,2025-08-01,1243.65,1226.3846731360904
TR-033725,2025-08-01,1664.84,1684.7388868933094
TR-033726,2025-08-01,1286.77,1288.8033526458241
TR-033727,2025-08-01,3475.19,3504.525574366692
TR-033728,2025-08-01,4007.13,4038.1238357044786
TR-033729,2025-08-01,2507.97,2486.5130307503296
TR-033730,2025-08-01,917.05,918.6364054874491
TR-033731,2025-08-01,3562.11,3625.120736931209
TR-033732,2025-08-01,2197.15,2216.042280118941
TR-033733,2025-08-01,747.57,740.4120831220537
TR-033734,2025-08-01,2511.03,2587.015665140463
TR-033735,2025-08-01,1092.22,1114.7405426199712
TR-033736,2025-08-01,1331.9,1320.8267190502531
TR-033737,2025-08-01,3634.84,3727.8222835605147
TR-033738,2025-08-01,606.35,575.7885756985243
TR-033739,2025-08-01,3822.64,3965.937409108001
TR-033740,2025-08-01,830.35,824.8768614201708
TR-033741,2025-08-01,2525.75,2656.942078641024
TR-033742,2025-08-01,3472.54,3509.2229398655563
TR-033743,2025-08-01,2215.04,2229.415859531364
TR-033744,2025-08-01,4279.06,4341.547159769957
TR-033745,2025-08-01,1096.66,1122.6828109401258
TR-033746,2025-08-01,2040.66,2015.5544054550298
TR-033747,2025-08-01,664.74,634.0679226949169
TR-033748,2025-08-01,662.76,672.1314871557636
TR-033749,2025-08-01,2008.68,2071.650464991074
TR-033750,2025-08-01,2234.64,2230.170509991499
TR-033751,2025-08-01,2537.62,2581.983352250189
TR-033752,2025-08-01,4258.1,4310.415245902267
TR-033753,2025-08-01,2474.08,2453.056929778819
TR-033754,2025-08-01,1809.03,1799.0427557314717
TR-033755,2025-08-01,3799.11,3945.7772901811486
TR-033756,2025-08-01,856.65,872.6284567344933
TR-033757,2025-08-01,2136.44,2111.6486015900914
TR-033758,2025-08-01,3853.87,3975.9673387070543
TR-033759,2025-08-01,1090.79,1098.0987654903429
TR-033760,2025-08-01,5143.64,5287.018404593442
TR-033761,2025-08-01,3967.88,3970.645672059358
TR-033762,2025-08-01,2142.51,2148.906655654158
TR-033763,2025-08-01,3074.49,3085.8992474697397
TR-033764,2025-08-01,2482.57,2457.3540906179946
TR-033765,2025-08-01,631.13,630.8149366848736
TR-033766,2025-08-01,4026.23,4026.1422930932904
TR-033767,2025-08-01,941.46,957.0928670966214
TR-033768,2025-08-01,1457.24,1515.6973941072101
TR-033769,2025-08-01,2057.39,2076.98399005406
TR-033770,2025-08-01,236.48,690.0596371544782
TR-033771,2025-08-01,784.35,781.5158705344595
TR-033772,2025-08-01,1659.97,1657.0345362377973
TR-033773,2025-08-01,1971.17,1948.0606889259432
TR-033774,2025-08-01,1442.58,1455.394205111981
TR-033775,2025-08-01,2610.45,2586.534580001581
TR-033776,2025-08-01,4334.24,4483.732276494595
TR-033777,2025-08-01,4004.31,4000.1983004468657
TR-033778,2025-08-01,3317.04,3188.0024582557753
TR-033779,2025-08-01,2746.34,2754.804237271502
TR-033780,2025-08-01,1575.68,1626.0619665948334
TR-033781,2025-08-01,3699.41,3732.423229006621
TR-033782,2025-08-01,1220.53,1250.5730261212802
TR-033783,2025-08-01,2808.81,2784.6806468009795
TR-033784,2025-08-01,780.13,730.8151777715582
TR-033785,2025-08-01,1304.64,1339.452975494887
TR-033786,2025-08-01,1959.95,1950.4994740668806
TR-033787,2025-08-01,539.38,564.0721671496337
TR-033788,2025-08-01,4168.16,4411.215744372211
TR-033789,2025-08-01,1257.53,1294.4151586612977
TR-033790,2025-08-01,400.5,385.1587436067332
TR-033791,2025-08-01,2085.87,2118.83256897125
TR-033792,2025-08-01,3052.13,3017.739781548083
TR-033793,2025-08-01,925.69,945.9182139208917
TR-033794,2025-08-01,3801.15,3932.313731133422
TR-033795,2025-08-01,2124.89,2153.5415869783487
TR-033796,2025-08-01,3882.94,3911.4030127067917
TR-033797,2025-08-01,1166.72,1186.530683270283
TR-033798,2025-08-01,3282.16,3156.280809578828
TR-033799,2025-08-01,2234.9,2268.178826373958
TR-033800,2025-08-01,1326.02,1292.8217810414658
TR-033801,2025-08-01,920.2,946.2050543865473
TR-033802,2025-08-01,3944.93,4073.605436622955
TR-033803,2025-08-01,4835.29,4903.826028066145
TR-033804,2025-08-01,2202.97,2250.1555275741284
TR-033805,2025-08-01,2969.53,2996.162969236706
TR-033806,2025-08-01,4057.04,4106.7699700775365
TR-033807,2025-08-01,4766.29,4924.36811880114
TR-033808,2025-08-01,1229.96,1274.8688296305813
TR-033809,2025-08-01,2260.24,2224.3230074205367
TR-033810,2025-08-01,3841.99,3881.4459409474302
TR-033811,2025-08-01,1660.14,1710.7289637758286
TR-033812,2025-08-01,3193.75,3185.439412047679
TR-033813,2025-08-01,1044.84,1043.4519882800796
TR-033814,2025-08-01,1907.25,1940.24212816965
TR-033815,2025-08-01,3001.06,3092.3405109718296
TR-033816,2025-08-01,2686.58,2739.2804364908407
TR-033817,2025-08-01,2140.85,2131.901331921763
TR-033818,2025-08-01,3702.88,3761.2012437516505
TR-033819,2025-08-01,1658.17,1666.9818218049704
TR-033820,2025-08-01,1855.63,1868.4890203720508
TR-033821,2025-08-01,648.19,625.9839797724635
TR-033822,2025-08-01,625.72,624.8264230652767
TR-033823,2025-08-01,772.01,767.2021620023143
TR-033824,2025-08-01,3827.0,3849.43763479018
TR-033825,2025-08-01,4059.57,4111.157468925875
TR-033826,2025-08-01,2568.67,2618.814144707994
TR-033827,2025-08-01,2463.37,2508.3455368772493
TR-033828,2025-08-01,1930.71,1862.0344280638744
TR-033829,2025-08-01,2334.52,2376.397536787802
TR-033830,2025-08-01,2795.59,2786.9427832315196
TR-033831,2025-08-01,3130.89,3035.2483382560295
TR-033832,2025-08-01,3156.54,3209.192393642516
TR-033833,2025-08-01,1141.69,1141.0853653936697
TR-033834,2025-08-01,3477.96,3518.178375390475
TR-033835,2025-08-01,1699.01,1773.5866676845958
TR-033836,2025-08-01,4584.03,4509.566455524466
TR-033837,2025-08-01,3884.75,3922.9054261016745
TR-033838,2025-08-01,804.18,817.9551494960074
TR-033839,2025-08-01,1414.94,1413.2492497787885
TR-033840,2025-08-01,1383.98,1358.374619821397
TR-033841,2025-08-01,1809.13,1830.0734155138894
TR-033842,2025-08-01,3598.93,3623.0327636579896
TR-033843,2025-08-01,2956.21,2981.7134790290497
TR-033844,2025-08-01,1653.71,1661.701992631629
TR-033845,2025-08-01,1171.55,1203.4023451449793
TR-033846,2025-08-01,2896.69,2850.1174981106215
TR-033847,2025-08-01,2682.67,2617.341537375696
TR-033848,2025-08-01,2852.82,2737.115294772767
TR-033849,2025-08-01,1298.64,1284.2820535257524
TR-033850,2025-08-01,1646.28,1652.2260666306963
TR-033851,2025-08-01,4136.86,4124.468324339737
TR-033852,2025-08-01,3533.04,3581.226214265348
TR-033853,2025-08-01,3390.11,3462.4662853733266
TR-033854,2025-08-01,2165.69,2230.7704507123763
TR-033855,2025-08-01,2207.7,2167.604940456735
TR-033856,2025-08-01,3894.65,3928.991496591856
TR-033857,2025-08-01,2203.67,2234.293532121675
TR-033858,2025-08-01,1605.77,1643.813340107333
TR-033859,2025-08-01,5226.07,5645.368523202694
TR-033860,2025-08-01,5850.29,5872.110988460674
TR-033861,2025-08-01,1693.17,1690.5673005061738
TR-033862,2025-08-01,3470.83,3631.4502398981813
TR-033863,2025-08-01,5152.02,5298.502185786129
TR-033864,2025-08-01,1343.43,1375.7706839503753
TR-033865,2025-08-01,1038.63,1056.9277096539095
TR-033866,2025-08-01,483.85,502.70636000583636
TR-033867,2025-08-02,2394.85,2418.9775959889153
TR-033868,2025-08-02,5608.62,5551.63844440067
TR-033869,2025-08-02,907.17,897.8984869006415
TR-033870,2025-08-02,1593.7,1533.7819771675463
TR-033871,2025-08-02,3088.95,3128.785810030009
TR-033872,2025-08-02,1383.73,1383.6278041088606
TR-033873,2025-08-02,548.34,545.9709638613542
TR-033874,2025-08-02,4344.56,4276.699499044455
TR-033875,2025-08-02,926.33,911.0558904612815
TR-033876,2025-08-02,1778.67,1721.451842188459
TR-033877,2025-08-02,4067.91,4078.3315237756465
TR-033878,2025-08-02,1594.47,1585.7345454052684
TR-033879,2025-08-02,1079.38,1119.079972231123
TR-033880,2025-08-02,1902.25,1914.64463930583
TR-033881,2025-08-02,804.32,797.9136878862657
TR-033882,2025-08-02,524.83,521.9144579232357
TR-033883,2025-08-02,2845.08,2941.253303671093
TR-033884,2025-08-02,1931.83,1922.5122974080455
TR-033885,2025-08-02,3592.99,3759.716739551885
TR-033886,2025-08-02,3812.14,3842.2545018035235
TR-033887,2025-08-02,3812.37,3818.6087638692243
TR-033888,2025-08-02,6163.95,6154.94358613318
TR-033889,2025-08-02,1908.53,1946.061863120958
TR-033890,2025-08-02,1861.41,1845.029733134342
TR-033891,2025-08-02,1822.01,1847.5774410457554
TR-033892,2025-08-02,2553.25,2541.159297296994
TR-033893,2025-08-02,4532.85,4468.313228366433
TR-033894,2025-08-02,3939.72,4051.5188824446677
TR-033895,2025-08-02,4714.07,4798.48860935087
TR-033896,2025-08-02,1056.64,1076.333080572189
TR-033897,2025-08-02,1752.59,1812.8984450980533
TR-033898,2025-08-02,1427.18,1439.7421317770754
TR-033899,2025-08-02,1994.72,1945.9023574425082
TR-033900,2025-08-02,3962.62,3926.4854050053505
TR-033901,2025-08-02,1702.25,1694.2091911981574
TR-033902,2025-08-02,3031.99,3059.1037869719285
TR-033903,2025-08-02,1486.79,1545.6605099445237
TR-033904,2025-08-02,1851.59,1863.7342510653527
TR-033905,2025-08-02,4161.02,4320.53149065996
TR-033906,2025-08-02,4813.98,5025.948596908207
TR-033907,2025-08-02,803.92,793.1243426843121
TR-033908,2025-08-02,1437.39,1467.7594878194
TR-033909,2025-08-02,2690.82,2768.3802309587163
TR-033910,2025-08-02,2281.95,2285.544371231641
TR-033911,2025-08-02,2448.56,2520.6066224525453
TR-033912,2025-08-02,650.81,657.6765700812834
TR-033913,2025-08-02,3234.68,3293.7830250432135
TR-033914,2025-08-02,4871.74,5199.484256628408
TR-033915,2025-08-02,2222.35,2233.5336968170723
TR-033916,2025-08-02,1100.92,1163.1015785100574
TR-033917,2025-08-02,1394.76,1356.407294010999
TR-033918,2025-08-02,3205.6,3286.580532009717
TR-033919,2025-08-02,648.49,643.473338606705
TR-033920,2025-08-02,3807.18,3848.184805473311
TR-033921,2025-08-02,978.47,959.4091203432552
TR-033922,2025-08-02,3293.11,3317.401841081536
TR-033923,2025-08-02,1734.74,1734.0077721318028
TR-033924,2025-08-02,1947.61,1993.2989048813577
TR-033925,2025-08-02,1559.92,1539.8016083592756
TR-033926,2025-08-02,1784.01,1799.3345274753349
TR-033927,2025-08-02,1771.45,1779.533283153415
TR-033928,2025-08-02,1171.35,1184.7999560022135
TR-033929,2025-08-02,252.2,235.38762521240074
TR-033930,2025-08-02,2145.78,2197.4992785225363
TR-033931,2025-08-02,2912.64,2904.329293005575
TR-033932,2025-08-02,2299.11,2302.944698077331
TR-033933,2025-08-02,3307.2,3387.261885400065
TR-033934,2025-08-02,2475.56,2495.333619815551
TR-033935,2025-08-02,3940.26,3885.479918197221
TR-033936,2025-08-02,5735.1,5819.229402861843
TR-033937,2025-08-02,2324.69,2293.9619143795653
TR-033938,2025-08-02,2134.15,2134.6801880291578
TR-033939,2025-08-02,3170.25,3174.4844358857454
TR-033940,2025-08-02,1416.92,1429.9458924700998
TR-033941,2025-08-02,1896.46,1945.6878296446728
TR-033942,2025-08-02,1198.58,1213.4776375503197
TR-033943,2025-08-02,2033.22,2069.7957710910114
TR-033944,2025-08-02,3740.02,3672.0423752801485
TR-033945,2025-08-02,574.3,542.7019752333078
TR-033946,2025-08-02,2341.23,2412.6196280543477
TR-033947,2025-08-02,4210.03,4136.737039315521
TR-033948,2025-08-02,2654.01,2584.2478190365123
TR-033949,2025-08-02,5754.26,5711.075708495802
TR-033950,2025-08-02,2267.14,2269.8316917828306
TR-033951,2025-08-02,5227.69,5387.031331994426
TR-033952,2025-08-02,1642.52,1613.4696291980742
TR-033953,2025-08-02,1933.41,1916.9909519384594
TR-033954,2025-08-02,846.8,808.0864278777481
TR-033955,2025-08-02,3164.8,3261.1284172143855
TR-033956,2025-08-02,3686.34,3742.3961905154583
TR-033957,2025-08-02,1834.02,1806.8112434171421
TR-033958,2025-08-02,5106.99,5245.274787776214
TR-033959,2025-08-02,1777.75,1825.3635920927013
TR-033960,2025-08-02,1973.02,1992.8632858508115
TR-033961,2025-08-02,2778.66,2798.83752610378
TR-033962,2025-08-02,1551.83,1548.317855539309
TR-033963,2025-08-02,1011.11,1014.0354457966771
TR-033964,2025-08-02,5071.92,5073.508587978451
TR-033965,2025-08-02,1496.05,1533.9819523967512
TR-033966,2025-08-02,4353.92,4287.400609265602
TR-033967,2025-08-02,837.63,840.7042421816855
TR-033968,2025-08-02,2597.51,2631.141305907985
TR-033969,2025-08-02,2084.14,2095.3347293307206
TR-033970,2025-08-02,1924.28,1913.090321462911
TR-033971,2025-08-02,2285.31,2307.3540952214516
TR-033972,2025-08-02,3325.75,3411.7025727865157
TR-033973,2025-08-02,760.91,752.7089380790164
TR-033974,2025-08-02,2362.67,2314.7038173122555
TR-033975,2025-08-02,3556.89,3664.27933294942
TR-033976,2025-08-02,5709.31,5640.20693636772
TR-033977,2025-08-02,829.36,831.7832176705615
TR-033978,2025-08-02,785.23,809.7267360991973
TR-033979,2025-08-02,1493.87,1591.8288925253994
TR-033980,2025-08-02,2309.75,2293.857616818731
TR-033981,2025-08-02,2501.06,2456.596100630684
TR-033982,2025-08-02,2255.88,2338.7216435106657
TR-033983,2025-08-02,1951.31,1993.635558808855
TR-033984,2025-08-02,4086.4,4274.07628394966
TR-033985,2025-08-02,1074.82,1067.7109194881336
TR-033986,2025-08-02,3146.66,3167.3909284115252
TR-033987,2025-08-02,2079.64,2089.091271967487
TR-033988,2025-08-02,2018.62,2043.8551378216494
TR-033989,2025-08-02,1562.72,1566.919244486571
TR-033990,2025-08-02,2505.44,2569.1634484893243
TR-033991,2025-08-02,1328.04,1322.1832915573714
TR-033992,2025-08-02,2125.37,2163.374219583784
TR-033993,2025-08-02,1665.9,1681.411812689278
TR-033994,2025-08-02,1119.16,1168.9551457022662
TR-033995,2025-08-02,2680.3,2827.0376147871575
TR-033996,2025-08-02,837.83,821.0356918920227
TR-033997,2025-08-02,2346.96,2373.7273042709917
TR-033998,2025-08-02,1634.34,1672.5146886872942
TR-033999,2025-08-02,1126.45,1137.5808899039152
TR-034000,2025-08-02,1183.3,1147.166002480652
TR-034001,2025-08-02,2320.25,2336.390478146345
TR-034002,2025-08-02,317.01,313.62015058705447
TR-034003,2025-08-02,512.3,472.32354677984495
TR-034004,2025-08-02,919.74,913.1174602759461
TR-034005,2025-08-02,1444.21,1434.9694201085476
TR-034006,2025-08-02,948.25,938.929715293664
TR-034007,2025-08-02,1827.37,1858.2354359712406
TR-034008,2025-08-02,817.95,824.9287018424654
TR-034009,2025-08-02,2057.63,2058.9085855789194
TR-034010,2025-08-02,3609.07,3732.4924080936576
TR-034011,2025-08-02,1239.71,1257.0394486392183
TR-034012,2025-08-02,1603.87,1630.5005030838474
TR-034013,2025-08-02,2125.75,2144.3363147212085
TR-034014,2025-08-02,1962.76,1984.1380472449605
TR-034015,2025-08-02,1034.19,1101.8122306952741
TR-034016,2025-08-02,5067.84,5158.270210915718
TR-034017,2025-08-02,1796.09,1823.6281002320845
TR-034018,2025-08-02,1937.5,1975.2320559861564
TR-034019,2025-08-02,1244.72,1272.4331089706097
TR-034020,2025-08-02,1025.87,1061.387354061508
TR-034021,2025-08-02,5269.1,5459.351349453063
TR-034022,2025-08-02,3420.72,3371.947078221161
TR-034023,2025-08-02,1134.01,1149.3902213373729
TR-034024,2025-08-02,1406.7,1419.4354058101496
TR-034025,2025-08-02,1152.47,1152.1723335467977
TR-034026,2025-08-02,4159.38,4187.253482852613
TR-034027,2025-08-02,1076.58,1059.5934470224129
TR-034028,2025-08-03,2687.56,2771.86653859943
TR-034029,2025-08-03,1707.58,1714.308463165701
TR-034030,2025-08-03,770.25,742.8830073048996
TR-034031,2025-08-03,863.58,877.4892875752923
TR-034032,2025-08-03,1139.44,1156.98423363823
TR-034033,2025-08-03,5041.03,5038.809859707568
TR-034034,2025-08-03,4407.53,4428.242603582599
TR-034035,2025-08-03,4795.74,4869.071605652451
TR-034036,2025-08-03,3487.12,3400.264053001234
TR-034037,2025-08-03,1346.16,1345.863021076128
TR-034038,2025-08-03,800.76,804.5699325233622
TR-034039,2025-08-03,3689.84,3628.2821009513236
TR-034040,2025-08-03,3897.88,3975.045324540063
TR-034041,2025-08-03,756.26,773.857233200381
TR-034042,2025-08-03,3359.43,3416.3497488282815
TR-034043,2025-08-03,865.81,894.1435798388115
TR-034044,2025-08-03,1324.91,1336.9342243628703
TR-034045,2025-08-03,625.75,617.0136430554558
TR-034046,2025-08-03,2592.04,2666.257499371082
TR-034047,2025-08-03,2306.19,2332.2983446340722
TR-034048,2025-08-03,948.57,971.9653201577946
TR-034049,2025-08-03,3353.18,3383.6448853828188
TR-034050,2025-08-03,3952.31,3914.5530002488804
TR-034051,2025-08-03,2007.18,2025.410180917695
TR-034052,2025-08-03,544.64,558.3647064805023
TR-034053,2025-08-03,722.17,730.3139635240898
TR-034054,2025-08-03,3674.51,3713.2523655085047
TR-034055,2025-08-03,2447.73,2497.685564086922
TR-034056,2025-08-03,656.28,656.7007449191979
TR-034057,2025-08-03,3738.3,3821.285376667148
TR-034058,2025-08-03,238.78,1256.4866047222556
TR-034059,2025-08-03,981.12,1031.7622482159704
TR-034060,2025-08-03,1408.98,1416.495384429393
TR-034061,2025-08-03,1379.06,1372.4893872540918
TR-034062,2025-08-03,1159.04,1202.5238024568448
TR-034063,2025-08-03,3950.06,3995.3953443518567
TR-034064,2025-08-03,1490.56,1525.164172641244
TR-034065,2025-08-03,1157.76,1172.3244524421184
TR-034066,2025-08-03,1177.76,1215.1866597818594
TR-034067,2025-08-03,4004.92,3999.3747645805033
TR-034068,2025-08-03,2402.34,2287.9154576365268
TR-034069,2025-08-03,3703.6,3730.2084774137566
TR-034070,2025-08-03,1816.14,1883.9050477149142
TR-034071,2025-08-03,3423.45,3460.152798945667
TR-034072,2025-08-03,1443.93,1459.4715004374395
TR-034073,2025-08-03,1146.37,1184.8688946468549
TR-034074,2025-08-03,406.42,424.2043470575086
TR-034075,2025-08-03,5278.88,5348.730260726292
TR-034076,2025-08-03,1957.47,2017.3078605225044
TR-034077,2025-08-03,2075.07,2082.153564692079
TR-034078,2025-08-03,970.99,990.105320474443
TR-034079,2025-08-03,3959.2,3941.492545384156
TR-034080,2025-08-03,6080.38,5967.715594425387
TR-034081,2025-08-03,2107.48,2116.1251258493326
TR-034082,2025-08-03,4196.12,4097.8496333459025
TR-034083,2025-08-03,1264.42,1293.904277061087
TR-034084,2025-08-03,1954.35,1948.992020985225
TR-034085,2025-08-03,1158.06,1171.3405856024851
TR-034086,2025-08-03,573.43,603.74538090789
TR-034087,2025-08-03,3270.79,3305.474464080414
TR-034088,2025-08-03,3229.4,3271.8588728919863
TR-034089,2025-08-03,1883.01,1903.9619295290197
TR-034090,2025-08-03,2766.02,2795.2767560940592
TR-034091,2025-08-03,2134.55,2129.4000986233264
TR-034092,2025-08-03,4959.93,5171.910987137654
TR-034093,2025-08-03,1335.54,1375.5566081189097
TR-034094,2025-08-03,2258.06,2318.3241737865465
TR-034095,2025-08-03,1520.28,1594.300846287426
TR-034096,2025-08-03,736.9,713.8817691548243
TR-034097,2025-08-03,3201.46,3250.6606505407512
TR-034098,2025-08-03,3894.26,3884.7458427924057
TR-034099,2025-08-03,3088.09,3122.9939011581046
TR-034100,2025-08-03,1248.29,1283.4661169773785
TR-034101,2025-08-03,1407.25,1372.334350488044
TR-034102,2025-08-03,728.46,742.2239383954986
TR-034103,2025-08-03,942.37,941.4087992688362
TR-034104,2025-08-03,801.01,816.8728456658184
TR-034105,2025-08-03,1082.19,1102.9433447087881
TR-034106,2025-08-03,3891.19,3983.3102712140353
TR-034107,2025-08-03,4872.27,5067.694858342107
TR-034108,2025-08-03,1219.42,1274.5450159691459
TR-034109,2025-08-03,2208.36,2238.16456530565
TR-034110,2025-08-03,1741.58,1773.2764309959657
TR-034111,2025-08-03,2673.22,2736.3095707719863
TR-034112,2025-08-03,2455.34,2504.0947834319477
TR-034113,2025-08-03,2314.64,2308.0077193577717
TR-034114,2025-08-03,4551.32,4454.440017827666
TR-034115,2025-08-03,944.68,978.4954051107591
TR-034116,2025-08-03,1566.36,1584.5591515589463
TR-034117,2025-08-03,610.64,623.8442438626232
TR-034118,2025-08-03,261.93,296.6558471456383
TR-034119,2025-08-03,601.04,615.2067849702098
TR-034120,2025-08-03,1426.84,1484.1260626423864
TR-034121,2025-08-03,1445.35,1479.483578311325
TR-034122,2025-08-03,3804.38,3772.42774884944
TR-034123,2025-08-03,2125.75,2128.544228752864
TR-034124,2025-08-03,2911.04,2957.433495972476
TR-034125,2025-08-03,398.68,404.157243540257
TR-034126,2025-08-03,1585.61,1628.7180140564105
TR-034127,2025-08-03,1623.34,1631.4399521227233
TR-034128,2025-08-03,1762.27,1769.9002751548155
TR-034129,2025-08-03,872.25,906.8044487347586
TR-034130,2025-08-03,4625.7,4611.448028354506
TR-034131,2025-08-03,451.9,420.16717298179924
TR-034132,2025-08-03,4874.89,4897.934243386582
TR-034133,2025-08-03,3297.77,3428.6574200806576
TR-034134,2025-08-03,4092.06,4164.259642041647
TR-034135,2025-08-03,1550.87,1526.2160719230992
TR-034136,2025-08-03,1471.63,1423.948675500565
TR-034137,2025-08-03,232.27,267.75098093168754
TR-034138,2025-08-03,1193.71,1241.1693619082819
TR-034139,2025-08-03,1345.07,1359.03608006366
TR-034140,2025-08-03,704.33,718.9958394318303
TR-034141,2025-08-03,3119.88,3148.155312853224
TR-034142,2025-08-03,1566.66,1550.5264097856511
TR-034143,2025-08-03,2211.72,2239.8102566593016
TR-034144,2025-08-03,994.23,1022.2305738196936
TR-034145,2025-08-03,2630.37,2658.3854374826224
TR-034146,2025-08-03,546.61,557.446677970561
TR-034147,2025-08-03,657.56,651.9811601711181
TR-034148,2025-08-03,2018.95,2079.921171853167
TR-034149,2025-08-03,784.88,804.0909390678517
TR-034150,2025-08-03,4628.21,4625.482145671303
TR-034151,2025-08-03,4443.29,4426.84512870399
TR-034152,2025-08-03,5413.99,5439.284349660413
TR-034153,2025-08-03,4265.3,4269.867176541789
TR-034154,2025-08-03,2211.24,2288.158111865278
TR-034155,2025-08-03,1401.46,1376.1271752312484
TR-034156,2025-08-03,3678.88,3666.399821083857
TR-034157,2025-08-03,1593.4,1640.583272741092
TR-034158,2025-08-03,5486.34,5445.994570415898
TR-034159,2025-08-03,1263.75,1270.2291356792123
TR-034160,2025-08-03,585.53,611.1463548963598
TR-034161,2025-08-03,995.56,1032.0749841241168
TR-034162,2025-08-03,4191.23,4207.312601107473
TR-034163,2025-08-03,1989.32,2032.581007180273
TR-034164,2025-08-03,1491.46,1499.3380801459452
TR-034165,2025-08-03,4970.98,5119.427736608347
TR-034166,2025-08-03,2540.65,2471.001901473268
TR-034167,2025-08-03,1601.44,1607.6442916038973
TR-034168,2025-08-03,1942.11,1935.1938640621559
TR-034169,2025-08-03,5483.01,5634.520163938487
TR-034170,2025-08-03,2853.29,2838.189309728719
TR-034171,2025-08-03,2426.63,2456.0871106378963
TR-034172,2025-08-03,2585.32,2587.6985634060293
TR-034173,2025-08-03,1591.5,1571.912982642852
TR-034174,2025-08-03,1895.4,1959.2507670530274
TR-034175,2025-08-03,3806.4,3826.8326954168706
TR-034176,2025-08-03,3303.15,3297.9527173216
TR-034177,2025-08-03,666.29,675.1633186714744
TR-034178,2025-08-03,1447.17,1467.0504959681857
TR-034179,2025-08-03,708.77,693.6556481678413
TR-034180,2025-08-03,1114.64,1138.260411902765
TR-034181,2025-08-03,2235.33,2283.717659303333
TR-034182,2025-08-03,2499.42,2510.515805562737
TR-034183,2025-08-03,940.7,973.7621652574553
TR-034184,2025-08-03,1599.3,1600.8597897052625
TR-034185,2025-08-03,3844.87,4066.8593867194663
TR-034186,2025-08-03,1496.87,1458.5546353253808
TR-034187,2025-08-03,4209.92,4261.355471114201
TR-034188,2025-08-03,2630.14,2596.019465318186
TR-034189,2025-08-03,1534.71,1507.6723768872002
TR-034190,2025-08-03,5108.51,5024.972777557724
TR-034191,2025-08-03,986.8,1010.6029930858912
TR-034192,2025-08-03,2780.68,2808.560301755934
TR-034193,2025-08-03,3518.46,3441.6217640752634
TR-034194,2025-08-03,5849.97,5960.132917386837
TR-034195,2025-08-04,4433.82,4679.935830083914
TR-034196,2025-08-04,1141.42,1179.8900833804798
TR-034197,2025-08-04,2698.93,2775.5504566029367
TR-034198,2025-08-04,1693.78,1670.0679720364521
TR-034199,2025-08-04,1631.85,1641.3243263774098
TR-034200,2025-08-04,2302.23,2242.7630120534895
TR-034201,2025-08-04,1197.74,1177.3261470707969
TR-034202,2025-08-04,1652.95,1635.1557297672423
TR-034203,2025-08-04,4173.58,4215.598219691755
TR-034204,2025-08-04,544.52,534.4025129258644
TR-034205,2025-08-04,1714.21,1765.6080134538215
TR-034206,2025-08-04,2014.28,2010.536525345448
TR-034207,2025-08-04,5205.12,5296.5399306473455
TR-034208,2025-08-04,4555.64,4656.222044985867
TR-034209,2025-08-04,2874.24,3026.2425247501774
TR-034210,2025-08-04,1124.02,1156.878093835117
TR-034211,2025-08-04,1058.85,1067.4516899671514
TR-034212,2025-08-04,2021.46,2023.4249293208884
TR-034213,2025-08-04,496.18,501.8023490362648
TR-034214,2025-08-04,818.39,831.2226978296176
TR-034215,2025-08-04,5739.34,5695.473687677666
TR-034216,2025-08-04,1287.17,1328.6582039046273
TR-034217,2025-08-04,4069.8,4055.8658986298265
TR-034218,2025-08-04,2453.31,2469.6522387947894
TR-034219,2025-08-04,1230.35,1259.2493171666538
TR-034220,2025-08-04,1174.26,1218.126397185041
TR-034221,2025-08-04,2425.13,2388.7180857305425
TR-034222,2025-08-04,555.03,541.439259345437
TR-034223,2025-08-04,929.83,949.0664164460409
TR-034224,2025-08-04,1405.3,1402.5564664896742
TR-034225,2025-08-04,2042.92,2051.8116673321206
TR-034226,2025-08-04,914.06,925.0363760475145
TR-034227,2025-08-04,2065.84,2076.2648728891304
TR-034228,2025-08-04,1823.5,1786.2614802040996
TR-034229,2025-08-04,3910.43,3949.414400280125
TR-034230,2025-08-04,1842.54,1812.0471647722095
TR-034231,2025-08-04,1603.2,1625.142596470886
TR-034232,2025-08-04,3369.66,3450.6380110933824
TR-034233,2025-08-04,4594.78,4568.798240727963
TR-034234,2025-08-04,2885.13,2903.183806206179
TR-034235,2025-08-04,1769.96,1739.6895471098514
TR-034236,2025-08-04,2419.31,2409.1941235405375
TR-034237,2025-08-04,1220.66,1255.10855497317
TR-034238,2025-08-04,4257.67,4131.599084305903
TR-034239,2025-08-04,2020.7,2044.9931301899999
TR-034240,2025-08-04,1360.52,1369.4198860110137
TR-034241,2025-08-04,3775.48,3707.022355060103
TR-034242,2025-08-04,1499.26,1515.566826130405
TR-034243,2025-08-04,2056.61,2067.7046057806883
TR-034244,2025-08-04,1755.85,1713.6059404623907
TR-034245,2025-08-04,4268.13,4408.7550687995845
TR-034246,2025-08-04,3159.4,3111.306872888271
TR-034247,2025-08-04,1446.35,1452.648736312022
TR-034248,2025-08-04,1062.41,1084.9918483249883
TR-034249,2025-08-04,1385.14,1367.4256321327894
TR-034250,2025-08-04,1035.9,1046.3698588693405
TR-034251,2025-08-04,1628.37,1631.4942536105013
TR-034252,2025-08-04,1360.36,1408.125483825586
TR-034253,2025-08-04,2183.5,2166.438472800494
TR-034254,2025-08-04,1201.83,1231.3722323166048
TR-034255,2025-08-04,1606.21,1616.0831374845143
TR-034256,2025-08-04,4299.9,4317.6392304386045
TR-034257,2025-08-04,1327.57,1339.1903296941819
TR-034258,2025-08-04,1289.89,1310.2206747434266
TR-034259,2025-08-04,3352.59,3460.5236292589925
TR-034260,2025-08-04,641.88,641.2841541484374
TR-034261,2025-08-04,1522.0,1503.0421010559655
TR-034262,2025-08-04,2519.83,2515.868429051463
TR-034263,2025-08-04,248.66,288.9119866739097
TR-034264,2025-08-04,1027.69,1022.9542672134539
TR-034265,2025-08-04,4711.58,4920.356516166883
TR-034266,2025-08-04,4878.94,4933.868735469927
TR-034267,2025-08-04,4529.6,4617.06469018522
TR-034268,2025-08-04,2164.46,2107.9554732614233
TR-034269,2025-08-04,640.47,637.032509424529
TR-034270,2025-08-04,505.89,496.7546883575144
TR-034271,2025-08-04,3640.33,3575.7173651052
TR-034272,2025-08-04,5176.26,5310.821517364779
TR-034273,2025-08-04,1518.94,1499.526279562355
TR-034274,2025-08-04,4728.14,4720.549803941061
TR-034275,2025-08-04,841.73,850.6836105323694
TR-034276,2025-08-04,635.9,638.9258402501057
TR-034277,2025-08-04,4559.79,4661.401248603905
TR-034278,2025-08-04,1004.28,1003.7494852545916
TR-034279,2025-08-04,1833.6,1813.9185637645696
TR-034280,2025-08-04,1038.09,999.4425668963918
TR-034281,2025-08-04,740.9,751.0787103171374
TR-034282,2025-08-04,1789.47,1887.2145375934722
TR-034283,2025-08-04,2485.16,2602.571400497388
TR-034284,2025-08-04,6054.63,5996.952133339382
TR-034285,2025-08-04,3966.47,4036.8543570572747
TR-034286,2025-08-04,1510.89,1506.1360758890673
TR-034287,2025-08-04,4169.66,4140.3788195903235
TR-034288,2025-08-04,9535.05,2120.551980215241
TR-034289,2025-08-04,3026.98,2976.8059355568116
TR-034290,2025-08-04,1328.05,1357.8545265369603
TR-034291,2025-08-04,4440.66,4332.009524794448
TR-034292,2025-08-04,1812.55,1850.8141718434729
TR-034293,2025-08-04,2055.41,2057.0695624219493
TR-034294,2025-08-04,1849.82,1868.6765897263742
TR-034295,2025-08-04,1657.43,1671.7247391792775
TR-034296,2025-08-04,2146.11,2166.435649874128
TR-034297,2025-08-04,2410.89,2446.8730953120166
TR-034298,2025-08-04,3727.79,3812.0867211820714
TR-034299,2025-08-04,2297.53,2354.3632107863086
TR-034300,2025-08-04,1583.33,1608.4761542639435
TR-034301,2025-08-04,1634.34,1616.7700750840136
TR-034302,2025-08-04,4028.12,4097.338480357145
TR-034303,2025-08-04,2668.88,2701.885622218464
TR-034304,2025-08-04,3789.94,3932.71456271457
TR-034305,2025-08-04,1838.66,1836.0262711608311
TR-034306,2025-08-04,3284.95,3206.8434356460575
TR-034307,2025-08-04,2766.64,2752.004396394691
TR-034308,2025-08-04,1823.03,1868.781541428185
TR-034309,2025-08-04,1044.58,1077.4727496843827
TR-034310,2025-08-04,4393.14,4462.583396949217
TR-034311,2025-08-04,1450.62,1473.112121675868
TR-034312,2025-08-04,2253.42,2353.5962341342724
TR-034313,2025-08-04,3448.82,3473.1803057075113
TR-034314,2025-08-04,3442.31,3442.3660761190486
TR-034315,2025-08-04,1820.23,1862.5659891955147
TR-034316,2025-08-04,973.57,989.6038971830726
TR-034317,2025-08-04,5239.8,5294.382809434423
TR-034318,2025-08-04,4093.97,4118.141684171073
TR-034319,2025-08-04,1613.39,1637.9704102394778
TR-034320,2025-08-04,4606.36,4733.079386258907
TR-034321,2025-08-04,745.45,764.4731483857747
TR-034322,2025-08-04,2229.87,2205.3681786200436
TR-034323,2025-08-04,510.54,489.1655030175398
TR-034324,2025-08-04,812.25,841.8902546039562
TR-034325,2025-08-04,4493.48,4684.709309180728
TR-034326,2025-08-04,2353.03,2404.6709485369893
TR-034327,2025-08-04,1513.03,1521.9359540102002
TR-034328,2025-08-04,1388.9,1434.6198795216137
TR-034329,2025-08-04,1854.39,1838.9609427004796
TR-034330,2025-08-04,2229.01,2275.530171608986
TR-034331,2025-08-04,4627.9,4768.763027949339
TR-034332,2025-08-04,979.33,1005.3349393609558
TR-034333,2025-08-04,920.74,924.422931694424
TR-034334,2025-08-04,2873.26,2829.8132227970304
TR-034335,2025-08-04,2465.47,2499.8603870823295
TR-034336,2025-08-04,1666.71,1608.159626947221
TR-034337,2025-08-04,2475.46,2491.860899626015
TR-034338,2025-08-04,2665.16,2716.9840147608556
TR-034339,2025-08-04,1533.45,1544.105228263731
TR-034340,2025-08-04,2263.51,2302.118516334766
TR-034341,2025-08-04,1592.43,1606.078787275114
TR-034342,2025-08-04,2636.22,2749.1885806825844
TR-034343,2025-08-04,5367.45,5444.4567248376625
TR-034344,2025-08-04,82.38,247.67259025488033
TR-034345,2025-08-04,1907.08,2008.7668721211378
TR-034346,2025-08-04,854.18,860.0357888087076
TR-034347,2025-08-04,1621.68,1649.6762603224051
TR-034348,2025-08-04,1420.42,1393.9755376048972
TR-034349,2025-08-04,741.02,751.1557004092485
TR-034350,2025-08-04,2748.76,2808.1314817540197
TR-034351,2025-08-04,1467.12,1499.079363632944
TR-034352,2025-08-04,608.22,619.998653491328
TR-034353,2025-08-04,2315.85,2354.895195204313
TR-034354,2025-08-04,1961.23,2016.2488523232123
TR-034355,2025-08-04,1926.33,1940.466225012211
TR-034356,2025-08-04,1232.75,1236.8433078295557
TR-034357,2025-08-04,1616.46,1592.0198096091342
TR-034358,2025-08-04,700.54,698.2898147710637
TR-034359,2025-08-04,1992.66,2048.943844840399
TR-034360,2025-08-04,1143.93,1153.31548046984
TR-034361,2025-08-04,2587.81,2675.374619555443
TR-034362,2025-08-04,1025.42,1001.0170249715882
TR-034363,2025-08-04,3641.08,3749.062995212913
TR-034364,2025-08-04,4015.52,4072.968700733487
TR-034365,2025-08-04,3662.47,3764.1496215567413
TR-034366,2025-08-04,5332.84,5481.243918198123
TR-034367,2025-08-04,338.67,1701.8258086807655
TR-034368,2025-08-04,2585.17,2585.760448208921
TR-034369,2025-08-04,4040.31,4164.155585488619
TR-034370,2025-08-05,2410.27,2416.824752220382
TR-034371,2025-08-05,2609.36,2675.687843369016
TR-034372,2025-08-05,2077.72,2046.8095618056093
TR-034373,2025-08-05,5393.67,5384.818889259661
TR-034374,2025-08-05,7603.41,2684.759796571024
TR-034375,2025-08-05,5775.22,5715.517468383802
TR-034376,2025-08-05,4295.11,4418.508814360391
TR-034377,2025-08-05,741.1,731.6344970789878
TR-034378,2025-08-05,5948.94,6162.7718020906195
TR-034379,2025-08-05,3221.66,3275.7348811260263
TR-034380,2025-08-05,2535.21,2535.219758509466
TR-034381,2025-08-05,2264.45,2395.8306649131314
TR-034382,2025-08-05,929.32,949.2652677395722
TR-034383,2025-08-05,1684.17,1756.6132825952477
TR-034384,2025-08-05,2561.56,2540.243548489332
TR-034385,2025-08-05,2549.96,2637.033000293657
TR-034386,2025-08-05,865.02,850.9071639556798
TR-034387,2025-08-05,891.95,898.2379860570518
TR-034388,2025-08-05,4647.65,4681.39128664706
TR-034389,2025-08-05,2462.49,2524.99704846921
TR-034390,2025-08-05,1773.53,1786.2506236546487
TR-034391,2025-08-05,3222.22,3162.092743824331
TR-034392,2025-08-05,1067.27,1063.9675992646564
TR-034393,2025-08-05,2240.2,2273.540971381214
TR-034394,2025-08-05,2341.02,2318.639632532586
TR-034395,2025-08-05,489.57,461.64374981740957
TR-034396,2025-08-05,2541.24,2574.5340180495555
TR-034397,2025-08-05,1707.9,1798.2835642862897
TR-034398,2025-08-05,4630.38,4674.196462038939
TR-034399,2025-08-05,1826.7,1826.5502620270115
TR-034400,2025-08-05,1936.01,1919.0967260801153
TR-034401,2025-08-05,1582.5,1559.7293372172967
TR-034402,2025-08-05,1297.18,1281.8269967593492
TR-034403,2025-08-05,1243.28,1229.1618748659175
TR-034404,2025-08-05,1101.62,1071.4068543193957
TR-034405,2025-08-05,2401.2,2432.19258198663
TR-034406,2025-08-05,2920.43,3021.267425311658
TR-034407,2025-08-05,1581.08,1612.6733274598878
TR-034408,2025-08-05,1600.53,1594.807597891705
TR-034409,2025-08-05,2317.05,2343.832433002548
TR-034410,2025-08-05,2042.95,1994.3620937157561
TR-034411,2025-08-05,3080.48,3159.7322567589763
TR-034412,2025-08-05,3217.56,3217.2456339188698
TR-034413,2025-08-05,1378.3,1375.457316059098
TR-034414,2025-08-05,3221.63,3252.0157301979852
TR-034415,2025-08-05,1904.92,1923.091465281658
TR-034416,2025-08-05,2562.63,2531.7156729090248
TR-034417,2025-08-05,2596.53,2601.748226834508
TR-034418,2025-08-05,349.06,1525.9533479011566
TR-034419,2025-08-05,3354.77,3488.179821101091
TR-034420,2025-08-05,2064.16,2065.144221764946
TR-034421,2025-08-05,1395.34,1441.9686273708942
TR-034422,2025-08-05,1571.81,1534.8440397763047
TR-034423,2025-08-05,1186.51,1224.453939439077
TR-034424,2025-08-05,5192.12,5222.764331082311
TR-034425,2025-08-05,1463.87,1463.428836665198
TR-034426,2025-08-05,2073.3,2069.1563650300236
TR-034427,2025-08-05,3183.27,3229.7528551766927
TR-034428,2025-08-05,2038.22,1963.466590118119
TR-034429,2025-08-05,983.42,983.6030485564247
TR-034430,2025-08-05,1497.67,1498.2402778140718
TR-034431,2025-08-05,2913.62,2902.364730239883
TR-034432,2025-08-05,1938.59,1916.8941253699793
TR-034433,2025-08-05,1078.55,1105.7445463478116
TR-034434,2025-08-05,792.34,757.9602558389747
TR-034435,2025-08-05,4163.41,4133.187094700925
TR-034436,2025-08-05,1475.54,1428.434914374107
TR-034437,2025-08-05,2220.69,2260.544014788902
TR-034438,2025-08-05,949.44,956.3454679707916
TR-034439,2025-08-05,1589.66,1542.54291965731
TR-034440,2025-08-05,1024.25,1061.6547645575938
TR-034441,2025-08-05,366.28,356.49437168356553
TR-034442,2025-08-05,764.88,796.6270725296727
TR-034443,2025-08-05,860.72,857.8071619976727
TR-034444,2025-08-05,477.32,459.9140448400051
TR-034445,2025-08-05,4848.75,5013.463495345349
TR-034446,2025-08-05,4237.76,4409.909053063164
TR-034447,2025-08-05,3677.63,3672.7970880053063
TR-034448,2025-08-05,1930.97,1908.930419165334
TR-034449,2025-08-05,2321.74,2326.711865794705
TR-034450,2025-08-05,4024.05,4021.982355981807
TR-034451,2025-08-05,561.29,554.9828102055719
TR-034452,2025-08-05,3449.99,3437.2955736005515
TR-034453,2025-08-05,2045.13,2119.4474139767044
TR-034454,2025-08-05,2469.73,2519.9870412335895
TR-034455,2025-08-05,534.28,526.2515699800235
TR-034456,2025-08-05,3568.16,3653.7642320731056
TR-034457,2025-08-05,502.26,485.33460097736815
TR-034458,2025-08-05,1552.87,1507.1978262746215
TR-034459,2025-08-05,438.64,435.0198369308946
TR-034460,2025-08-05,430.62,413.12841183505316
TR-034461,2025-08-05,2856.44,2897.859934520536
TR-034462,2025-08-05,1578.16,1652.1148075580404
TR-034463,2025-08-05,2809.0,2795.5009008675925
TR-034464,2025-08-05,738.95,738.3429750135224
TR-034465,2025-08-05,3050.77,3105.5084341150605
TR-034466,2025-08-05,2161.55,2156.201361794986
TR-034467,2025-08-05,3147.3,3185.9795749743316
TR-034468,2025-08-05,4379.71,4159.050828509942
TR-034469,2025-08-05,1210.94,1256.8128900180136
TR-034470,2025-08-05,3496.1,3458.8266036525
TR-034471,2025-08-05,364.77,368.5881006759296
TR-034472,2025-08-05,3702.59,3678.492615987258
TR-034473,2025-08-05,2476.29,2468.610589922989
TR-034474,2025-08-05,7436.41,2300.4076727670576
TR-034475,2025-08-05,1994.59,2000.5907726012813
TR-034476,2025-08-05,2463.96,2510.1558193733918
TR-034477,2025-08-05,2804.39,2817.6325379086466
TR-034478,2025-08-05,3466.51,3517.6277933161023
TR-034479,2025-08-05,4889.68,4917.046316201671
TR-034480,2025-08-05,1054.06,1056.4447347905118
TR-034481,2025-08-05,1483.67,1532.553074919229
TR-034482,2025-08-05,1979.01,2068.7254601236473
TR-034483,2025-08-05,1686.96,1694.5965410556933
TR-034484,2025-08-05,4154.61,4189.298227952213
TR-034485,2025-08-05,1715.32,1736.096835837938
TR-034486,2025-08-05,2112.99,2156.5677108493146
TR-034487,2025-08-05,4902.04,5093.276496416448
TR-034488,2025-08-05,1075.39,1079.8193306775124
TR-034489,2025-08-05,2042.33,2042.6133705980697
TR-034490,2025-08-05,3375.52,3402.5640968766993
TR-034491,2025-08-05,219.45,211.15142636760743
TR-034492,2025-08-05,1098.32,1102.1852121732477
TR-034493,2025-08-05,544.54,566.015813833094
TR-034494,2025-08-05,2858.42,2896.585233426808
TR-034495,2025-08-05,2338.98,2347.3626066156967
TR-034496,2025-08-05,2178.59,2128.508115334921
TR-034497,2025-08-05,1164.54,1153.1881671333676
TR-034498,2025-08-05,1022.04,1021.2597338804412
TR-034499,2025-08-05,2788.14,2815.0101792539303
TR-034500,2025-08-05,768.55,784.0725107282215
TR-034501,2025-08-05,1367.23,1341.8128328041987
TR-034502,2025-08-05,3276.94,3416.8577174464726
TR-034503,2025-08-05,3687.08,3712.6894743542384
TR-034504,2025-08-05,5329.83,5476.0030237135015
TR-034505,2025-08-05,2819.99,2857.9309457899044
TR-034506,2025-08-05,1380.92,1405.1455632331613
TR-034507,2025-08-05,3587.95,3688.4195664088656
TR-034508,2025-08-05,1155.46,1165.9047331609772
TR-034509,2025-08-05,2390.22,2424.7005831227093
TR-034510,2025-08-05,1277.45,1289.393471715003
TR-034511,2025-08-05,2173.55,2285.3806767521833
TR-034512,2025-08-05,3790.87,3803.438153919783
TR-034513,2025-08-05,1211.97,1247.1562963268757
TR-034514,2025-08-05,1527.78,1568.260838088687
TR-034515,2025-08-05,387.41,1833.4248186446393
TR-034516,2025-08-05,1402.97,1367.0447792106306
TR-034517,2025-08-05,1758.01,1745.8678537268624
TR-034518,2025-08-05,2828.04,2851.025082031127
TR-034519,2025-08-05,3717.6,3655.664211361922
TR-034520,2025-08-05,546.05,569.1464865967118
TR-034521,2025-08-05,3651.95,3648.3847168192447
TR-034522,2025-08-05,2115.78,2079.7881353814387
TR-034523,2025-08-05,3417.7,3566.350367729612
TR-034524,2025-08-05,5305.08,5425.488237597769
TR-034525,2025-08-05,1021.07,1045.676944753718
TR-034526,2025-08-05,3708.46,3810.114595226648
TR-034527,2025-08-05,5148.89,5228.946479922866
TR-034528,2025-08-05,1643.71,1636.520996271066
TR-034529,2025-08-05,1945.71,1970.3321689413376
TR-034530,2025-08-05,4329.1,4403.716173577277
TR-034531,2025-08-05,456.96,442.8456655236005
TR-034532,2025-08-05,811.53,835.9272829878946
TR-034533,2025-08-05,5489.51,5754.863585250618
TR-034534,2025-08-05,3051.36,2980.190747564935
TR-034535,2025-08-05,682.59,1649.9392913640966
TR-034536,2025-08-05,1250.44,1256.367377502931
TR-034537,2025-08-05,924.09,942.5284472428605
TR-034538,2025-08-05,4035.65,4141.130641136849
TR-034539,2025-08-05,1039.31,1063.9953789917781
TR-034540,2025-08-05,1385.45,1383.4133897861502
TR-034541,2025-08-05,3916.77,3950.0789985081583
TR-034542,2025-08-05,1086.12,1114.2132771452852
TR-034543,2025-08-05,772.01,777.6145495299684
TR-034544,2025-08-05,909.61,915.0541324463268
TR-034545,2025-08-05,3098.87,3093.0088019367627
TR-034546,2025-08-05,3110.36,2989.876531205789
TR-034547,2025-08-05,1507.8,1514.3068889637343
TR-034548,2025-08-06,2874.2,2798.6529575306386
TR-034549,2025-08-06,1323.94,1328.1352324032127
TR-034550,2025-08-06,1118.31,1118.0422811545382
TR-034551,2025-08-06,2190.09,2229.64702103336
TR-034552,2025-08-06,3826.52,3821.960895142124
TR-034553,2025-08-06,1555.48,1609.1618492453185
TR-034554,2025-08-06,3493.19,3566.155323710168
TR-034555,2025-08-06,1574.59,1621.002450161764
TR-034556,2025-08-06,2648.29,2742.353126761056
TR-034557,2025-08-06,792.3,816.1188196698083
TR-034558,2025-08-06,3796.08,3760.0227818134463
TR-034559,2025-08-06,1245.99,1235.3949653486266
TR-034560,2025-08-06,1732.96,1714.3719320963316
TR-034561,2025-08-06,1536.47,1562.4601797496214
TR-034562,2025-08-06,3204.39,3349.3564414531083
TR-034563,2025-08-06,3612.88,3513.528473548991
TR-034564,2025-08-06,2017.06,2005.5547726828727
TR-034565,2025-08-06,836.56,833.5155369129975
TR-034566,2025-08-06,5558.87,5915.152328485819
TR-034567,2025-08-06,3597.46,3673.345617756482
TR-034568,2025-08-06,3123.19,3120.176667006862
TR-034569,2025-08-06,1122.6,1163.718222570428
TR-034570,2025-08-06,1797.19,1893.075206434699
TR-034571,2025-08-06,3648.36,3700.206676907074
TR-034572,2025-08-06,2617.72,2671.7338900988548
TR-034573,2025-08-06,1351.75,1370.9229056722547
TR-034574,2025-08-06,974.4,988.2282027797407
TR-034575,2025-08-06,1383.85,1396.338324501604
TR-034576,2025-08-06,1788.18,1791.1643539786553
TR-034577,2025-08-06,2257.8,2357.4423485393054
TR-034578,2025-08-06,823.35,827.5347452050523
TR-034579,2025-08-06,1651.8,1660.1313736318912
TR-034580,2025-08-06,2450.38,2440.7981767512665
TR-034581,2025-08-06,4765.59,4750.4367733131385
TR-034582,2025-08-06,4339.02,4541.423791650294
TR-034583,2025-08-06,2975.48,3000.196146106795
TR-034584,2025-08-06,18972.15,4249.811425943231
TR-034585,2025-08-06,4874.2,4930.00946535611
TR-034586,2025-08-06,2415.9,2414.0094208271485
TR-034587,2025-08-06,254.59,274.5917833986814
TR-034588,2025-08-06,3504.64,3560.584202616951
TR-034589,2025-08-06,1080.16,1088.7822389869502
TR-034590,2025-08-06,1697.58,1729.399458620011
TR-034591,2025-08-06,3468.77,3477.697203311256
TR-034592,2025-08-06,2976.57,3097.4795853136648
TR-034593,2025-08-06,1356.34,1377.6547925521868
TR-034594,2025-08-06,1549.55,1572.322464324402
TR-034595,2025-08-06,1503.85,1583.9706543263464
TR-034596,2025-08-06,3988.76,4236.456403437414
TR-034597,2025-08-06,590.99,594.9256527363748
TR-034598,2025-08-06,1930.92,1994.8903842679465
TR-034599,2025-08-06,887.81,938.9132336603313
TR-034600,2025-08-06,2313.4,2377.2477975553443
TR-034601,2025-08-06,1754.24,1708.350043589835
TR-034602,2025-08-06,1928.76,1944.9286245070803
TR-034603,2025-08-06,4983.84,4969.044290838476
TR-034604,2025-08-06,504.48,490.33245685830775
TR-034605,2025-08-06,5514.42,5583.943461212997
TR-034606,2025-08-06,2433.35,2489.886485560196
TR-034607,2025-08-06,1666.76,1646.9013437434176
TR-034608,2025-08-06,2419.83,2406.4597654322024
TR-034609,2025-08-06,2271.22,2427.456477865171
TR-034610,2025-08-06,1802.65,1863.7915505825126
TR-034611,2025-08-06,1467.12,1461.723726865375
TR-034612,2025-08-06,1680.01,1735.8685144900237
TR-034613,2025-08-06,3112.32,3233.043891462848
TR-034614,2025-08-06,1473.44,1443.7384247283612
TR-034615,2025-08-06,3159.65,3240.542664527158
TR-034616,2025-08-06,501.52,466.5830177907467
TR-034617,2025-08-06,1028.59,1066.9432995081463
TR-034618,2025-08-06,1427.94,1467.3033341839396
TR-034619,2025-08-06,1759.75,1814.9063798600546
TR-034620,2025-08-06,1981.5,2008.8726650796468
TR-034621,2025-08-06,1027.01,1069.6664637980055
TR-034622,2025-08-06,1986.63,2018.6280045207757
TR-034623,2025-08-06,1374.59,1405.5541511320366
TR-034624,2025-08-06,867.11,859.7324649748887
TR-034625,2025-08-06,1711.41,1750.014761661227
TR-034626,2025-08-06,765.37,762.7237056645686
TR-034627,2025-08-06,3081.37,3189.6873340057755
TR-034628,2025-08-06,3782.97,3870.709315994961
TR-034629,2025-08-06,2132.39,2178.493690303011
TR-034630,2025-08-06,3234.66,3242.1330516308926
TR-034631,2025-08-06,5133.07,5361.582560696996
TR-034632,2025-08-06,1481.05,1466.768590595484
TR-034633,2025-08-06,1256.1,1277.3765698278014
TR-034634,2025-08-06,2981.88,3063.8100252861113
TR-034635,2025-08-06,2909.4,2909.551749436271
TR-034636,2025-08-06,5602.35,5768.8215243909235
TR-034637,2025-08-06,1120.37,1108.6692991032262
TR-034638,2025-08-06,1448.63,1481.064399253759
TR-034639,2025-08-06,2838.46,2852.902674555394
TR-034640,2025-08-06,2258.7,2307.116146529221
TR-034641,2025-08-06,972.05,1000.8801155439697
TR-034642,2025-08-06,1772.78,1788.1482467772835
TR-034643,2025-08-06,2210.84,2341.129596040042
TR-034644,2025-08-06,2014.36,2002.862045385722
TR-034645,2025-08-06,2408.12,2430.3732820568566
TR-034646,2025-08-06,5164.83,5379.635172346943
TR-034647,2025-08-06,1216.74,1245.19946361767
TR-034648,2025-08-06,777.88,791.1874089879677
TR-034649,2025-08-06,3143.47,3164.1899003472004
TR-034650,2025-08-06,3395.56,3462.3918162954024
TR-034651,2025-08-06,1571.67,1590.2546294491829
TR-034652,2025-08-06,4468.11,4583.774647376999
TR-034653,2025-08-06,2799.59,2953.3604347531677
TR-034654,2025-08-06,5683.71,1809.6700557073846
TR-034655,2025-08-06,732.67,753.5026250704439
TR-034656,2025-08-06,3552.01,3550.8599173059933
TR-034657,2025-08-06,2456.55,2441.290313164396
TR-034658,2025-08-06,745.17,756.8013302504369
TR-034659,2025-08-06,1370.78,1353.4356050830063
TR-034660,2025-08-06,576.43,548.1603190658009
TR-034661,2025-08-06,991.38,1001.763828235314
TR-034662,2025-08-06,2140.03,2161.3917952612805
TR-034663,2025-08-06,1018.23,1040.3433123754685
TR-034664,2025-08-06,3826.35,3943.205281433864
TR-034665,2025-08-06,1948.77,1980.5336656520467
TR-034666,2025-08-06,3259.7,3403.1746820857334
TR-034667,2025-08-06,475.52,485.4723018612301
TR-034668,2025-08-06,404.45,362.3320154101059
TR-034669,2025-08-06,1912.4,1961.5388800321166
TR-034670,2025-08-06,1673.13,1699.5600489053681
TR-034671,2025-08-06,2062.25,2127.2062450421067
TR-034672,2025-08-06,1152.35,1195.702048909614
TR-034673,2025-08-06,1388.98,1364.3157181065976
TR-034674,2025-08-06,1575.96,1586.6220190997046
TR-034675,2025-08-06,1360.35,1373.1951668993051
TR-034676,2025-08-06,1542.96,1601.824319099367
TR-034677,2025-08-06,3825.45,3788.90194896143
TR-034678,2025-08-06,3065.8,3125.4471930111085
TR-034679,2025-08-06,2180.15,2248.558624474809
TR-034680,2025-08-06,2070.16,2126.1803625645503
TR-034681,2025-08-06,829.37,843.0671575900813
TR-034682,2025-08-06,2268.62,2320.753586457929
TR-034683,2025-08-06,5199.14,5428.51324908673
TR-034684,2025-08-06,1610.85,1617.3280359915711
TR-034685,2025-08-06,1987.7,2090.2644936889665
TR-034686,2025-08-06,1976.79,2004.2629732987903
TR-034687,2025-08-06,3825.29,3839.110019208552
TR-034688,2025-08-06,3317.38,3417.9487024185246
TR-034689,2025-08-06,772.73,783.7322937429276
TR-034690,2025-08-06,540.33,544.2474500973074
TR-034691,2025-08-07,2951.8,3046.0581980046186
TR-034692,2025-08-07,5438.05,5624.245825701347
TR-034693,2025-08-07,3723.07,3791.2466319888895
TR-034694,2025-08-07,2054.95,2058.673767332106
TR-034695,2025-08-07,4541.48,4538.335051543761
TR-034696,2025-08-07,2927.05,2938.5854152551206
TR-034697,2025-08-07,1434.89,1494.7943365199644
TR-034698,2025-08-07,500.91,500.1665044300221
TR-034699,2025-08-07,1362.53,1390.4919782872294
TR-034700,2025-08-07,630.52,595.9789955890215
TR-034701,2025-08-07,2156.91,2220.3355496012114
TR-034702,2025-08-07,2064.49,2094.2834881584754
TR-034703,2025-08-07,2094.46,2089.0593805097883
TR-034704,2025-08-07,2172.36,2169.717845999698
TR-034705,2025-08-07,1884.75,1907.385273112537
TR-034706,2025-08-07,801.56,797.6428149358203
TR-034707,2025-08-07,710.19,668.3366748156884
TR-034708,2025-08-07,2339.68,2420.51165769604
TR-034709,2025-08-07,997.09,1014.7071623948858
TR-034710,2025-08-07,854.23,851.113078560956
TR-034711,2025-08-07,706.05,680.1517825268093
TR-034712,2025-08-07,3430.8,3484.968778777665
TR-034713,2025-08-07,3569.91,3692.6611200056423
TR-034714,2025-08-07,4404.33,4401.7204754117065
TR-034715,2025-08-07,2703.6,2738.2568841538528
TR-034716,2025-08-07,1183.07,1228.8432461987318
TR-034717,2025-08-07,1574.83,1600.3375225267444
TR-034718,2025-08-07,870.68,884.0718729670225
TR-034719,2025-08-07,1542.22,1587.5836886431157
TR-034720,2025-08-07,786.43,787.2387154431833
TR-034721,2025-08-07,1894.3,1866.4756766128157
TR-034722,2025-08-07,1209.44,1218.8545170406833
TR-034723,2025-08-07,1299.39,1326.4249423877493
TR-034724,2025-08-07,2897.77,3006.365722980231
TR-034725,2025-08-07,2611.62,2619.373935127705
TR-034726,2025-08-07,1236.71,1265.711251525708
TR-034727,2025-08-07,401.93,388.51579422142436
TR-034728,2025-08-07,1736.07,1778.8259689636034
TR-034729,2025-08-07,565.79,532.8069198193571
TR-034730,2025-08-07,1611.58,1688.3640453988019
TR-034731,2025-08-07,650.57,646.1453755271452
TR-034732,2025-08-07,2870.53,3025.777775200313
TR-034733,2025-08-07,1578.01,1603.3061754200958
TR-034734,2025-08-07,1521.52,1515.143513852405
TR-034735,2025-08-07,1514.86,1571.4799459150565
TR-034736,2025-08-07,1174.07,1226.3386027206525
TR-034737,2025-08-07,4036.07,4059.7375332796187
TR-034738,2025-08-07,3048.49,3001.6355527742744
TR-034739,2025-08-07,667.47,634.4576939818257
TR-034740,2025-08-07,833.05,839.0667372647331
TR-034741,2025-08-07,1964.78,1971.7791802354109
TR-034742,2025-08-07,1798.1,1822.1440029298321
TR-034743,2025-08-07,4789.86,4792.656006478695
TR-034744,2025-08-07,784.66,802.5907102885415
TR-034745,2025-08-07,3257.36,3321.5127275121476
TR-034746,2025-08-07,349.58,339.15904940327346
TR-034747,2025-08-07,766.52,762.014621800198
TR-034748,2025-08-07,2747.01,2842.4406704845082
TR-034749,2025-08-07,5176.59,5220.470991905449
TR-034750,2025-08-07,4690.81,4839.941454666617
TR-034751,2025-08-07,2633.37,2650.460686149391
TR-034752,2025-08-07,2072.09,2078.7076980318993
TR-034753,2025-08-07,1830.62,5245.029480543049
TR-034754,2025-08-07,3372.04,3424.880861089732
TR-034755,2025-08-07,1656.95,1643.0740790206448
TR-034756,2025-08-07,284.34,327.91224050324126
TR-034757,2025-08-07,1261.03,1266.127576430174
TR-034758,2025-08-07,3762.66,3729.0478130191777
TR-034759,2025-08-07,663.38,667.1097739812615
TR-034760,2025-08-07,1942.6,1991.5280408199244
TR-034761,2025-08-07,495.86,500.09458611502464
TR-034762,2025-08-07,1408.45,1380.4759065631602
TR-034763,2025-08-07,2485.18,2555.4924762489654
TR-034764,2025-08-07,1925.82,1903.90547436491
TR-034765,2025-08-07,4237.04,4305.746616990296
TR-034766,2025-08-07,3382.18,3324.867319628282
TR-034767,2025-08-07,2487.08,2404.885371676654
TR-034768,2025-08-07,209.4,243.2485815037835
TR-034769,2025-08-07,2954.76,3036.8925565606296
TR-034770,2025-08-07,1570.29,1545.9971959410632
TR-034771,2025-08-07,3184.03,3259.7455384186283
TR-034772,2025-08-07,1565.79,1543.6453303584894
TR-034773,2025-08-07,1964.47,1945.8047318656666
TR-034774,2025-08-07,3690.06,3874.594247401501
TR-034775,2025-08-07,792.21,786.1119382193265
TR-034776,2025-08-07,1090.99,1100.1846786315277
TR-034777,2025-08-07,1899.73,1926.5985400598872
TR-034778,2025-08-07,1903.46,1946.6454011669064
TR-034779,2025-08-07,1341.65,1385.552841253781
TR-034780,2025-08-07,2158.03,2207.5714653564055
TR-034781,2025-08-07,2308.97,2326.7153281195106
TR-034782,2025-08-07,3719.44,3760.247075571146
TR-034783,2025-08-07,3625.95,3750.2040103540567
TR-034784,2025-08-07,4331.05,4451.847846536124
TR-034785,2025-08-07,2998.17,3000.376796460354
TR-034786,2025-08-07,1003.91,1003.893022069352
TR-034787,2025-08-07,1554.46,1546.0710435319556
TR-034788,2025-08-07,1579.46,1608.5697366456145
TR-034789,2025-08-07,3330.65,3434.1187837276075
TR-034790,2025-08-07,2820.72,2833.3886695451665
TR-034791,2025-08-07,562.57,544.2152071723776
TR-034792,2025-08-07,2533.07,2453.3573366623364
TR-034793,2025-08-07,1751.03,1769.983149205418
TR-034794,2025-08-07,2740.8,2811.491207184919
TR-034795,2025-08-07,1494.32,1547.9516830670736
TR-034796,2025-08-07,1579.37,1604.5838937250962
TR-034797,2025-08-07,3384.67,3444.827101547491
TR-034798,2025-08-07,3491.47,3634.211003097196
TR-034799,2025-08-07,774.15,809.230407351856
TR-034800,2025-08-07,2121.71,2157.6337940782323
TR-034801,2025-08-07,4039.42,4094.8776526197375
TR-034802,2025-08-07,5955.45,6123.038917266256
TR-034803,2025-08-07,2808.51,2813.6546690319547
TR-034804,2025-08-07,2278.63,2330.6843305796224
TR-034805,2025-08-07,1067.95,1093.3735828167846
TR-034806,2025-08-07,1008.36,1015.8206875395485
TR-034807,2025-08-07,1422.9,1434.8259940767389
TR-034808,2025-08-07,4991.17,4992.108793068768
TR-034809,2025-08-07,2361.06,2391.731724327692
TR-034810,2025-08-07,3002.98,3120.0994117001455
TR-034811,2025-08-07,1270.71,1299.5525677165238
TR-034812,2025-08-07,411.76,419.4744937535306
TR-034813,2025-08-07,958.54,978.5499916841122
TR-034814,2025-08-07,3809.42,3922.038705478054
TR-034815,2025-08-07,741.22,721.8434381537529
TR-034816,2025-08-07,438.9,420.5291867252379
TR-034817,2025-08-07,3086.9,3139.75268917986
TR-034818,2025-08-07,3074.72,3015.0717519585437
TR-034819,2025-08-07,3945.58,3946.3593960430544
TR-034820,2025-08-07,1594.36,1604.9169943983177
TR-034821,2025-08-07,957.66,967.9272314129346
TR-034822,2025-08-07,1053.53,1073.9684421138381
TR-034823,2025-08-07,1715.62,1753.4706070306204
TR-034824,2025-08-07,587.61,584.1139303159673
TR-034825,2025-08-07,2927.36,2942.8644428357707
TR-034826,2025-08-07,1672.28,1670.6500691733354
TR-034827,2025-08-07,1940.52,1998.7532782885935
TR-034828,2025-08-07,1279.7,1252.7434091482864
TR-034829,2025-08-07,4220.82,4294.364060507283
TR-034830,2025-08-07,4464.55,4536.583113621498
TR-034831,2025-08-07,1810.57,1776.0534336720573
TR-034832,2025-08-07,2032.18,2007.5624747523602
TR-034833,2025-08-07,642.46,644.6883207928213
TR-034834,2025-08-07,1357.74,1403.9378807764147
TR-034835,2025-08-07,2376.05,2435.5380403438044
TR-034836,2025-08-07,782.28,798.3975599880125
TR-034837,2025-08-07,1173.83,1236.7701218450184
TR-034838,2025-08-07,1670.44,1679.471411035877
TR-034839,2025-08-07,1171.67,1206.2610892119455
TR-034840,2025-08-07,304.19,300.40235138145954
TR-034841,2025-08-07,4992.36,5133.027459760323
TR-034842,2025-08-07,1391.2,1448.749404176059
TR-034843,2025-08-07,907.3,918.9187377445251
TR-034844,2025-08-07,1004.91,1045.726091858451
TR-034845,2025-08-08,663.11,627.2325894849662
TR-034846,2025-08-08,5705.66,5693.641273838044
TR-034847,2025-08-08,2167.6,2157.903399194217
TR-034848,2025-08-08,864.72,877.553861681452
TR-034849,2025-08-08,1684.04,1692.0110724050219
TR-034850,2025-08-08,1934.3,1953.0385487248564
TR-034851,2025-08-08,1165.31,1227.0350239437591
TR-034852,2025-08-08,1751.1,1777.91387222253
TR-034853,2025-08-08,3540.37,3546.318334595888
TR-034854,2025-08-08,3570.31,3555.4878099640837
TR-034855,2025-08-08,4832.58,4859.321056338729
TR-034856,2025-08-08,4892.81,5084.588975220827
TR-034857,2025-08-08,1782.14,1804.5038704239273
TR-034858,2025-08-08,588.08,599.7776892705683
TR-034859,2025-08-08,750.45,770.6875494193466
TR-034860,2025-08-08,3670.29,3725.4668154729134
TR-034861,2025-08-08,1363.67,1395.4303000487178
TR-034862,2025-08-08,5020.53,5429.008855248004
TR-034863,2025-08-08,3903.3,4015.2429172870534
TR-034864,2025-08-08,1692.05,1747.5929472128105
TR-034865,2025-08-08,3848.31,3967.510320977667
TR-034866,2025-08-08,1317.98,1351.2682703065839
TR-034867,2025-08-08,517.57,495.7854264243424
TR-034868,2025-08-08,3881.97,3968.551481764658
TR-034869,2025-08-08,2220.75,2298.673833064915
TR-034870,2025-08-08,1015.89,1054.8836487998449
TR-034871,2025-08-08,2470.57,2494.3250057880387
TR-034872,2025-08-08,3771.21,3890.2354065605405
TR-034873,2025-08-08,2492.87,2523.3010697775644
TR-034874,2025-08-08,4326.19,4351.494825083743
TR-034875,2025-08-08,3830.53,3916.487581845806
TR-034876,2025-08-08,683.22,689.0746526576122
TR-034877,2025-08-08,1327.43,1322.2516651850794
TR-034878,2025-08-08,1433.38,1459.2778538833043
TR-034879,2025-08-08,3823.46,3853.1199374325524
TR-034880,2025-08-08,3773.14,3709.916276019595
TR-034881,2025-08-08,1465.1,1522.0159410459896
TR-034882,2025-08-08,966.22,1010.3926362966786
TR-034883,2025-08-08,571.01,574.9845882702484
TR-034884,2025-08-08,5570.67,5616.535684562934
TR-034885,2025-08-08,5674.2,5697.237822143796
TR-034886,2025-08-08,997.09,1025.6478047559344
TR-034887,2025-08-08,4036.41,4131.542822497462
TR-034888,2025-08-08,2934.61,2905.8979702950846
TR-034889,2025-08-08,1410.76,1451.00671303167
TR-034890,2025-08-08,1571.25,1634.0852286887957
TR-034891,2025-08-08,5720.06,5952.534336869416
TR-034892,2025-08-08,2048.83,2110.6754290349313
TR-034893,2025-08-08,1161.43,1184.2683042231392
TR-034894,2025-08-08,2316.1,2274.1016197338827
TR-034895,2025-08-08,1267.82,1290.5648748404517
TR-034896,2025-08-08,2038.35,2001.3888782614652
TR-034897,2025-08-08,1765.51,1781.3049071597939
TR-034898,2025-08-08,1551.07,1602.8591629335897
TR-034899,2025-08-08,836.0,855.070634867164
TR-034900,2025-08-08,2065.82,2082.6079994020824
TR-034901,2025-08-08,2509.21,2548.2589677828114
TR-034902,2025-08-08,995.76,1013.5609283645933
TR-034903,2025-08-08,927.99,950.1895099444025
TR-034904,2025-08-08,2658.24,2613.5483967690598
TR-034905,2025-08-08,4294.76,4279.079766870382
TR-034906,2025-08-08,1346.29,1324.0291749008065
TR-034907,2025-08-08,1945.82,1958.961934567549
TR-034908,2025-08-08,2234.7,2237.648207986316
TR-034909,2025-08-08,2989.73,3126.850697532979
TR-034910,2025-08-08,3733.6,3935.5183279457315
TR-034911,2025-08-08,2194.45,2204.531503280901
TR-034912,2025-08-08,2416.12,2459.700077766853
TR-034913,2025-08-08,5274.79,5379.702437613096
TR-034914,2025-08-08,4829.09,4939.020048999116
TR-034915,2025-08-08,1778.27,1831.9852930353702
TR-034916,2025-08-08,2128.43,2101.191343138598
TR-034917,2025-08-08,1461.4,1506.5140042681544
TR-034918,2025-08-08,1215.61,1214.9909522643004
TR-034919,2025-08-08,1681.32,1626.9676517946052
TR-034920,2025-08-08,1833.6,1825.5041122152436
TR-034921,2025-08-08,1044.26,1113.0612447353508
TR-034922,2025-08-08,897.12,903.1410463435052
TR-034923,2025-08-08,3601.64,3668.673333865831
TR-034924,2025-08-08,1592.58,1615.6052269614436
TR-034925,2025-08-08,3258.23,3220.007660229271
TR-034926,2025-08-08,3779.79,3786.0894771861977
TR-034927,2025-08-08,2108.66,2182.053529715734
TR-034928,2025-08-08,1814.15,1820.8183912428224
TR-034929,2025-08-08,3266.77,3371.7910666868547
TR-034930,2025-08-08,2545.42,2624.198630879925
TR-034931,2025-08-08,4419.87,4500.06349882399
TR-034932,2025-08-08,4450.96,4458.412505386784
TR-034933,2025-08-08,1367.66,1344.1002540624036
TR-034934,2025-08-08,650.18,1682.1487196319467
TR-034935,2025-08-08,3436.38,3528.9680523251373
TR-034936,2025-08-08,1187.34,1203.8862498945555
TR-034937,2025-08-08,1905.67,1917.9434494928598
TR-034938,2025-08-08,2900.29,2900.267223466599
TR-034939,2025-08-08,3414.47,3489.5800251108403
TR-034940,2025-08-08,2208.98,2217.7405789554296
TR-034941,2025-08-08,337.03,1441.7278119765674
TR-034942,2025-08-08,385.5,404.0113849077545
TR-034943,2025-08-08,2293.39,2328.001573613493
TR-034944,2025-08-08,1207.71,1250.6608243356786
TR-034945,2025-08-08,2706.03,2705.712361675046
TR-034946,2025-08-08,4146.94,4354.336076096528
TR-034947,2025-08-08,2704.44,2772.4706304351093
TR-034948,2025-08-08,3210.97,3327.946114620737
TR-034949,2025-08-08,1322.46,1306.2294792592409
TR-034950,2025-08-08,2766.03,2878.775866664027
TR-034951,2025-08-08,2818.11,2806.364576371391
TR-034952,2025-08-08,5823.64,5762.280007983515
TR-034953,2025-08-08,3571.55,3695.111833769706
TR-034954,2025-08-08,859.46,860.045662572649
TR-034955,2025-08-08,4179.39,4303.597350625302
TR-034956,2025-08-08,965.42,985.8345263178489
TR-034957,2025-08-08,4577.31,4697.343382189252
TR-034958,2025-08-08,3612.69,3739.621097314999
TR-034959,2025-08-08,712.84,719.3533285413512
TR-034960,2025-08-08,3655.8,3677.4046413159804
TR-034961,2025-08-08,2474.44,2537.350754780896
TR-034962,2025-08-08,2736.5,2727.6347119065013
TR-034963,2025-08-08,5760.01,5993.957097333287
TR-034964,2025-08-08,2789.62,2891.580303546184
TR-034965,2025-08-08,2252.44,2206.8901482420524
TR-034966,2025-08-08,3052.21,3098.595598059986
TR-034967,2025-08-08,611.95,630.1944660398997
TR-034968,2025-08-08,2322.08,2340.282219857007
TR-034969,2025-08-08,1646.7,1659.1842648916631
TR-034970,2025-08-08,446.97,446.19772469873965
TR-034971,2025-08-08,4059.94,4093.1370215255397
TR-034972,2025-08-08,790.09,835.52039934709
TR-034973,2025-08-08,1944.03,1953.838383522289
TR-034974,2025-08-08,1201.16,1208.99765586997
TR-034975,2025-08-08,1895.48,1937.3114702200191
TR-034976,2025-08-08,2917.68,2868.8537959528153
TR-034977,2025-08-08,2545.53,2636.3884283370517
TR-034978,2025-08-08,4195.98,4206.978756703806
TR-034979,2025-08-08,4781.79,4991.855753442354
TR-034980,2025-08-08,1098.67,1101.6390222157065
TR-034981,2025-08-08,1234.26,1265.04282217291
TR-034982,2025-08-08,4432.5,4536.079341290789
TR-034983,2025-08-08,4725.92,4846.793418103311
TR-034984,2025-08-08,1579.67,1608.8531249172386
TR-034985,2025-08-08,5499.06,5618.079601786956
TR-034986,2025-08-08,1344.04,1348.3750570951015
TR-034987,2025-08-09,1036.77,1055.2195147376572
TR-034988,2025-08-09,2349.25,2348.4756913412134
TR-034989,2025-08-09,1251.03,1263.710623519477
TR-034990,2025-08-09,1187.19,1196.778412117802
TR-034991,2025-08-09,2651.6,2706.909760908564
TR-034992,2025-08-09,2045.35,2039.9104410876562
TR-034993,2025-08-09,3935.62,3986.8466839292782
TR-034994,2025-08-09,2099.19,2103.6995974717242
TR-034995,2025-08-09,710.04,743.1402313223423
TR-034996,2025-08-09,1094.79,1141.1243852873986
TR-034997,2025-08-09,4026.88,3910.7450306381515
TR-034998,2025-08-09,712.5,704.848388497139
TR-034999,2025-08-09,5031.67,4999.3757390306755
TR-035000,2025-08-09,3164.39,3084.1553815663956
TR-035001,2025-08-09,1188.22,1194.2172636898986
TR-035002,2025-08-09,1232.15,1273.5682482973277
TR-035003,2025-08-09,2077.35,2142.538985256217
TR-035004,2025-08-09,3016.77,3018.539870311783
TR-035005,2025-08-09,4958.16,5204.827964337077
TR-035006,2025-08-09,3288.81,3261.237629068626
TR-035007,2025-08-09,3013.8,3167.8040555547313
TR-035008,2025-08-09,358.18,335.2901535863516
TR-035009,2025-08-09,1676.9,1715.608491276462
TR-035010,2025-08-09,4139.48,4179.03741544827
TR-035011,2025-08-09,655.92,678.3453479596349
TR-035012,2025-08-09,1414.15,1433.5230382475274
TR-035013,2025-08-09,1790.35,1838.8656316281856
TR-035014,2025-08-09,2895.37,2882.994560351757
TR-035015,2025-08-09,1056.79,3503.105575590861
TR-035016,2025-08-09,916.51,936.7318312241587
TR-035017,2025-08-09,2997.24,3035.720429242629
TR-035018,2025-08-09,2030.21,2019.3395688376067
TR-035019,2025-08-09,2460.35,2507.261939582124
TR-035020,2025-08-09,727.6,753.2503672091891
TR-035021,2025-08-09,1540.56,1538.300646009252
TR-035022,2025-08-09,3248.29,3203.7273810318493
TR-035023,2025-08-09,3901.56,972.6312372456939
TR-035024,2025-08-09,1556.08,1564.176476256938
TR-035025,2025-08-09,1369.86,1398.483770503803
TR-035026,2025-08-09,1460.21,1505.2927815700173
TR-035027,2025-08-09,1428.06,1459.3170716982377
TR-035028,2025-08-09,2020.28,2045.4832606907719
TR-035029,2025-08-09,1811.5,1831.7817930649708
TR-035030,2025-08-09,3877.81,3999.0652773362285
TR-035031,2025-08-09,1176.42,1198.952346564828
TR-035032,2025-08-09,1599.34,1595.9004805465565
TR-035033,2025-08-09,1626.92,1610.5814078683584
TR-035034,2025-08-09,3529.05,3637.0932126798057
TR-035035,2025-08-09,1407.97,1383.6519689043134
TR-035036,2025-08-09,3958.79,3918.1743424829965
TR-035037,2025-08-09,1777.94,1790.9571415384194
TR-035038,2025-08-09,1172.4,1221.8452606495557
TR-035039,2025-08-09,1700.05,1716.4537914986013
TR-035040,2025-08-09,3860.28,4008.9399596239437
TR-035041,2025-08-09,1703.49,1715.3540028931002
TR-035042,2025-08-09,3806.09,3851.7515001311535
TR-035043,2025-08-09,1940.32,1952.9105365877667
TR-035044,2025-08-09,659.78,667.0508887750261
TR-035045,2025-08-09,230.74,241.78134450985772
TR-035046,2025-08-09,2782.99,2796.539009082129
TR-035047,2025-08-09,3003.62,3078.8208781268886
TR-035048,2025-08-09,3572.6,3659.3861437275336
TR-035049,2025-08-09,617.77,615.5680389921533
TR-035050,2025-08-09,1561.71,1566.7531537167165
TR-035051,2025-08-09,4431.13,4509.751301472419
TR-035052,2025-08-09,2642.06,2735.3838525507854
TR-035053,2025-08-09,4474.0,4609.610511990126
TR-035054,2025-08-09,1528.76,1546.7951725120247
TR-035055,2025-08-09,4333.26,4596.441973317158
TR-035056,2025-08-09,4006.7,4099.310659034607
TR-035057,2025-08-09,3615.67,3640.808911011575
TR-035058,2025-08-09,920.29,936.7671189712814
TR-035059,2025-08-09,1547.03,1636.017028613655
TR-035060,2025-08-09,1003.44,1024.2509387222021
TR-035061,2025-08-09,4236.94,4191.928599828501
TR-035062,2025-08-09,589.3,585.908122618297
TR-035063,2025-08-09,1437.11,1486.1621902636657
TR-035064,2025-08-09,2925.64,2915.2507029142553
TR-035065,2025-08-09,1157.66,1178.1425706907298
TR-035066,2025-08-09,2442.54,2481.259806457173
TR-035067,2025-08-09,2302.4,2395.979216867978
TR-035068,2025-08-09,1474.25,1546.9382636153114
TR-035069,2025-08-09,1038.4,1086.0950726540182
TR-035070,2025-08-09,1467.37,1485.1937899782922
TR-035071,2025-08-09,3840.01,3825.4624303958735
TR-035072,2025-08-09,2562.49,2593.4785841963576
TR-035073,2025-08-09,986.16,995.7555849328783
TR-035074,2025-08-09,783.59,804.8954796012113
TR-035075,2025-08-09,780.79,745.991729092312
TR-035076,2025-08-09,3359.74,3457.519586412577
TR-035077,2025-08-09,991.31,1015.9941275612587
TR-035078,2025-08-09,1550.93,1525.5385861023694
TR-035079,2025-08-09,4765.56,4619.031017626372
TR-035080,2025-08-09,2898.12,2988.5171283465647
TR-035081,2025-08-09,1639.52,1605.3560229770162
TR-035082,2025-08-09,908.2,906.6601378790817
TR-035083,2025-08-09,1128.95,1176.954649013172
TR-035084,2025-08-09,2648.74,2652.5987738429058
TR-035085,2025-08-09,3987.01,3979.864525454554
TR-035086,2025-08-09,1882.9,1962.5384336663528
TR-035087,2025-08-09,925.7,952.4509552423888
TR-035088,2025-08-09,4020.71,4197.542803252206
TR-035089,2025-08-09,773.77,770.5608512915287
TR-035090,2025-08-09,3640.82,3670.559732989039
TR-035091,2025-08-09,1735.44,1742.321002916592
TR-035092,2025-08-09,2580.12,2599.947044707039
TR-035093,2025-08-09,3265.54,3339.006203912831
TR-035094,2025-08-09,3573.56,3536.1522113276083
TR-035095,2025-08-09,1765.9,1781.2775956982123
TR-035096,2025-08-09,3398.64,3380.5225678546053
TR-035097,2025-08-09,1859.26,1880.327232849008
TR-035098,2025-08-09,1867.23,1878.0427892759637
TR-035099,2025-08-09,1473.24,1499.734161665292
TR-035100,2025-08-09,1462.21,1453.6218764432963
TR-035101,2025-08-09,2075.08,2105.553880832989
TR-035102,2025-08-09,875.03,885.9943924265949
TR-035103,2025-08-09,795.36,3972.8674073234292
TR-035104,2025-08-09,1211.18,1219.7147023004686
TR-035105,2025-08-09,2953.57,2914.392992419181
TR-035106,2025-08-09,2188.21,2258.647994700133
TR-035107,2025-08-09,6146.72,6202.643485330285
TR-035108,2025-08-09,1126.53,1118.7924872856606
TR-035109,2025-08-09,1328.61,1367.1317351769706
TR-035110,2025-08-09,2718.35,2723.997858646486
TR-035111,2025-08-09,3835.04,3953.1575052680028
TR-035112,2025-08-09,2852.57,2910.8856110077727
TR-035113,2025-08-09,1693.89,1773.5361822305406
TR-035114,2025-08-09,1489.42,1535.4930458211902
TR-035115,2025-08-09,1039.42,1071.7111838138358
TR-035116,2025-08-09,884.21,904.5802061945351
TR-035117,2025-08-09,1385.87,1376.2786378773308
TR-035118,2025-08-09,3121.41,3230.59222389789
TR-035119,2025-08-09,1591.62,1559.0810756879387
TR-035120,2025-08-09,992.49,1013.6880210324404
TR-035121,2025-08-09,1335.98,1394.687431213225
TR-035122,2025-08-09,733.42,744.2668146637527
TR-035123,2025-08-09,1117.78,1177.767954786908
TR-035124,2025-08-09,899.52,922.7508578259094
TR-035125,2025-08-09,1036.15,1073.4043101602715
TR-035126,2025-08-09,1202.29,1211.4252152967708
TR-035127,2025-08-09,2519.36,2580.2805244286146
TR-035128,2025-08-09,1642.55,1708.7131727002115
TR-035129,2025-08-10,1776.04,1825.3230057309204
TR-035130,2025-08-10,2054.43,2098.593082842232
TR-035131,2025-08-10,1365.5,1391.6438183559928
TR-035132,2025-08-10,3699.35,3801.2423884394557
TR-035133,2025-08-10,1795.06,1780.5652463134468
TR-035134,2025-08-10,632.38,664.2582443136735
TR-035135,2025-08-10,1038.13,1083.4714327931665
TR-035136,2025-08-10,1342.86,1389.1471913831515
TR-035137,2025-08-10,1902.18,1930.059634786168
TR-035138,2025-08-10,1220.87,1247.0810215837255
TR-035139,2025-08-10,2447.19,2471.475501404766
TR-035140,2025-08-10,1909.85,1934.5371693277064
TR-035141,2025-08-10,4106.44,4184.571579066922
TR-035142,2025-08-10,3343.72,3475.6281863091326
TR-035143,2025-08-10,2854.8,2876.295833679923
TR-035144,2025-08-10,4216.16,4224.0673714513605
TR-035145,2025-08-10,3217.55,3368.4429268275276
TR-035146,2025-08-10,942.45,963.9282479614558
TR-035147,2025-08-10,3190.13,3263.812373667215
TR-035148,2025-08-10,3126.39,3098.703417852739
TR-035149,2025-08-10,2284.93,2321.1841805319996
TR-035150,2025-08-10,1420.87,1489.188492280349
TR-035151,2025-08-10,1404.52,1440.5333261465003
TR-035152,2025-08-10,413.18,385.0755657586815
TR-035153,2025-08-10,1398.22,1419.825884022564
TR-035154,2025-08-10,960.36,984.7566892913815
TR-035155,2025-08-10,1023.97,1047.9622797161408
TR-035156,2025-08-10,928.24,968.9527537913102
TR-035157,2025-08-10,4071.62,4074.9099586503567
TR-035158,2025-08-10,3504.05,3531.6659203281592
TR-035159,2025-08-10,4328.43,4508.53188287036
TR-035160,2025-08-10,1553.55,1579.0363306819308
TR-035161,2025-08-10,2905.53,2985.3695905169457
TR-035162,2025-08-10,1997.37,2020.7357562055597
TR-035163,2025-08-10,3931.8,3974.022119901074
TR-035164,2025-08-10,723.9,722.0914620553212
TR-035165,2025-08-10,329.37,350.0715239255303
TR-035166,2025-08-10,3718.65,3895.645843938454
TR-035167,2025-08-10,2454.42,2616.2841019603206
TR-035168,2025-08-10,1859.54,1867.1386038688838
TR-035169,2025-08-10,972.43,983.6714537010748
TR-035170,2025-08-10,1378.6,1423.6955866421586
TR-035171,2025-08-10,233.81,248.63797081622397
TR-035172,2025-08-10,957.67,949.3890099411078
TR-035173,2025-08-10,2691.28,2725.3372403693347
TR-035174,2025-08-10,1828.07,1860.8461460785873
TR-035175,2025-08-10,3824.3,3796.8990462497763
TR-035176,2025-08-10,1164.15,1182.7158823775194
TR-035177,2025-08-10,275.69,306.0122855534671
TR-035178,2025-08-10,2426.85,2448.9207256727827
TR-035179,2025-08-10,1204.81,1196.8121960375292
TR-035180,2025-08-10,3178.59,3207.317003398429
TR-035181,2025-08-10,4405.84,4466.187564880306
TR-035182,2025-08-10,4611.27,4605.710125775523
TR-035183,2025-08-10,4298.7,4371.151507856432
TR-035184,2025-08-10,851.58,849.5916615002423
TR-035185,2025-08-10,3305.7,3384.907989158266
TR-035186,2025-08-10,2085.7,2143.2296173214163
TR-035187,2025-08-10,2153.53,2150.6637649417576
TR-035188,2025-08-10,3186.66,3243.5095075809327
TR-035189,2025-08-10,1832.56,1857.5024990837978
TR-035190,2025-08-10,550.36,578.865847262844
TR-035191,2025-08-10,783.37,792.1287243774618
TR-035192,2025-08-10,1047.55,1102.2578193496568
TR-035193,2025-08-10,5093.1,5141.554032857346
TR-035194,2025-08-10,3093.54,3151.3137147163825
TR-035195,2025-08-10,760.66,773.0247590307706
TR-035196,2025-08-10,2792.14,2755.643103371566
TR-035197,2025-08-10,5553.52,2344.2178297949695
TR-035198,2025-08-10,4582.99,4558.210072460828
TR-035199,2025-08-10,3857.29,3786.7131272498127
TR-035200,2025-08-10,1001.11,1018.6628893186175
TR-035201,2025-08-10,337.95,346.05981048159697
TR-035202,2025-08-10,4656.79,4775.920191418777
TR-035203,2025-08-10,660.17,649.8765593156456
TR-035204,2025-08-10,3718.38,3691.3108105019455
TR-035205,2025-08-10,858.29,873.3985559205792
TR-035206,2025-08-10,888.26,911.8226468117014
TR-035207,2025-08-10,2380.21,2414.5603468711965
TR-035208,2025-08-10,2721.3,2784.924975433974
TR-035209,2025-08-10,3882.23,1362.4745332976677
TR-035210,2025-08-10,649.19,646.8639824151983
TR-035211,2025-08-10,4573.63,4573.233859271315
TR-035212,2025-08-10,789.87,808.1938236589888
TR-035213,2025-08-10,1399.97,1476.0773922030369
TR-035214,2025-08-10,496.96,487.1026030833227
TR-035215,2025-08-10,3247.66,3345.2806866963365
TR-035216,2025-08-10,3810.01,3744.523853244188
TR-035217,2025-08-10,1204.71,1222.948755638045
TR-035218,2025-08-10,4704.17,4976.0317655758645
TR-035219,2025-08-10,791.45,816.1743386963715
TR-035220,2025-08-10,4040.02,4041.715130449289
TR-035221,2025-08-10,2894.59,2959.0012850073435
TR-035222,2025-08-10,1646.72,1671.3942750301
TR-035223,2025-08-10,1513.5,1522.4160957494455
TR-035224,2025-08-10,1777.71,1740.7394335864915
TR-035225,2025-08-10,1878.82,1882.6921281887046
TR-035226,2025-08-10,2769.66,2847.8422734031947
TR-035227,2025-08-10,1161.9,1187.7933157981706
TR-035228,2025-08-10,268.64,1365.8063284937703
TR-035229,2025-08-10,919.66,946.6422858376498
TR-035230,2025-08-10,262.01,297.6412977975326
TR-035231,2025-08-10,1197.41,1233.1135586970213
TR-035232,2025-08-10,1389.13,1442.0593987734565
TR-035233,2025-08-10,4036.21,4011.3420536057097
TR-035234,2025-08-10,1841.89,1872.30230609145
TR-035235,2025-08-10,791.5,803.5349766162597
TR-035236,2025-08-10,5414.37,5625.268892806331
TR-035237,2025-08-10,1121.27,1199.7071419662698
TR-035238,2025-08-10,826.9,871.3397316212731
TR-035239,2025-08-10,6481.38,6605.662124493969
TR-035240,2025-08-10,2515.98,2430.6768754590075
TR-035241,2025-08-10,2327.19,2317.567703251876
TR-035242,2025-08-10,2412.94,2370.001496420544
TR-035243,2025-08-10,973.67,1019.7730809032752
TR-035244,2025-08-10,1367.36,1411.6947725915961
TR-035245,2025-08-10,5749.81,5880.439303032943
TR-035246,2025-08-10,4277.12,4079.2694319260386
TR-035247,2025-08-10,420.44,411.1806277801154
TR-035248,2025-08-10,1416.79,1428.0199815735734
TR-035249,2025-08-10,2495.11,2545.520086650808
TR-035250,2025-08-10,1798.38,1825.79325778431
TR-035251,2025-08-10,1335.27,1407.4423787128762
TR-035252,2025-08-10,1418.91,1453.412557134255
TR-035253,2025-08-10,1491.67,1456.840321704753
TR-035254,2025-08-10,4273.82,4461.632512585645
TR-035255,2025-08-10,4088.63,4113.262673990846
TR-035256,2025-08-10,767.11,774.3336819236388
TR-035257,2025-08-10,3958.37,4018.016908154749
TR-035258,2025-08-10,974.02,995.4716359363404
TR-035259,2025-08-10,636.89,655.4056532062275
TR-035260,2025-08-10,1831.93,1858.580404084274
TR-035261,2025-08-10,761.53,781.2965104005357
TR-035262,2025-08-11,4491.77,4495.222500995834
TR-035263,2025-08-11,1524.75,1529.263425812361
TR-035264,2025-08-11,625.37,647.187809396167
TR-035265,2025-08-11,3458.25,3537.2410124688695
TR-035266,2025-08-11,1279.49,1339.8952256234402
TR-035267,2025-08-11,907.19,946.7499869435212
TR-035268,2025-08-11,2209.07,2244.097945295912
TR-035269,2025-08-11,953.88,987.4946678288179
TR-035270,2025-08-11,4084.75,4174.1326018110785
TR-035271,2025-08-11,1892.94,1939.0514607037653
TR-035272,2025-08-11,600.71,624.7298747273005
TR-035273,2025-08-11,1576.18,1659.4260797977076
TR-035274,2025-08-11,2599.39,2647.199829257395
TR-035275,2025-08-11,2593.96,2630.8784681986426
TR-035276,2025-08-11,888.38,916.1174604998134
TR-035277,2025-08-11,5270.78,5401.17678566037
TR-035278,2025-08-11,2890.49,2881.0877581305313
TR-035279,2025-08-11,3238.03,3288.085048797977
TR-035280,2025-08-11,3421.27,3526.9566372893355
TR-035281,2025-08-11,1334.25,1397.9064921393426
TR-035282,2025-08-11,305.68,1380.2639431327766
TR-035283,2025-08-11,886.67,923.4406849248699
TR-035284,2025-08-11,1872.3,1838.848784043579
TR-035285,2025-08-11,3017.51,3000.0343453246496
TR-035286,2025-08-11,4309.28,4321.052779890056
TR-035287,2025-08-11,3788.89,3890.685579286752
TR-035288,2025-08-11,4313.31,4335.813985087689
TR-035289,2025-08-11,1425.03,1455.9085009629725
TR-035290,2025-08-11,2664.37,2782.1336808500537
TR-035291,2025-08-11,795.95,833.0482763629605
TR-035292,2025-08-11,2334.57,2432.058853685185
TR-035293,2025-08-11,1571.35,1610.66335944157
TR-035294,2025-08-11,3296.51,3391.2176167574826
TR-035295,2025-08-11,729.36,721.8265529360108
TR-035296,2025-08-11,747.24,730.5680866053344
TR-035297,2025-08-11,3842.81,3970.0257468733485
TR-035298,2025-08-11,4651.57,1851.1221245184904
TR-035299,2025-08-11,2191.92,2239.6725318594317
TR-035300,2025-08-11,1529.59,1592.6323344832085
TR-035301,2025-08-11,3495.32,3531.0461755685874
TR-035302,2025-08-11,1985.71,1969.1407081624056
TR-035303,2025-08-11,3666.1,3726.498748697768
TR-035304,2025-08-11,2136.72,2248.216234726813
TR-035305,2025-08-11,2581.99,2605.014893764446
TR-035306,2025-08-11,2234.66,2291.6124724728943
TR-035307,2025-08-11,1340.58,1342.0103663213404
TR-035308,2025-08-11,3461.55,3524.507883067883
TR-035309,2025-08-11,4213.99,4228.100656302408
TR-035310,2025-08-11,1395.03,1407.5485541036444
TR-035311,2025-08-11,1103.59,1126.7600749160342
TR-035312,2025-08-11,2388.35,2368.451335840638
TR-035313,2025-08-11,1901.97,1932.9020302626038
TR-035314,2025-08-11,566.28,591.3781470564229
TR-035315,2025-08-11,2606.73,2553.1024242996955
TR-035316,2025-08-11,1138.47,1150.3778604501592
TR-035317,2025-08-11,3401.27,3510.7610268931785
TR-035318,2025-08-11,1663.41,1728.3984433079486
TR-035319,2025-08-11,1796.52,1842.5211831081724
TR-035320,2025-08-11,2254.77,2278.949309621245
TR-035321,2025-08-11,3690.87,3777.107270057442
TR-035322,2025-08-11,1985.19,1961.0883425863715
TR-035323,2025-08-11,1871.5,1979.3760417570036
TR-035324,2025-08-11,304.31,324.1681000591907
TR-035325,2025-08-11,1917.59,1948.318952350449
TR-035326,2025-08-11,1497.97,1477.5110851612953
TR-035327,2025-08-11,4638.65,4723.456721407281
TR-035328,2025-08-11,3709.66,3715.944819939356
TR-035329,2025-08-11,429.58,467.4640084401751
TR-035330,2025-08-11,733.71,728.591424296894
TR-035331,2025-08-11,2231.77,2163.7124177182995
TR-035332,2025-08-11,1865.51,1841.5009046109144
TR-035333,2025-08-11,1683.04,1778.0038498652382
TR-035334,2025-08-11,3304.34,3226.1750417992926
TR-035335,2025-08-11,3276.77,3323.037870111903
TR-035336,2025-08-11,568.95,583.5473272551656
TR-035337,2025-08-11,3444.01,3427.1939080152606
TR-035338,2025-08-11,1453.67,1470.3279129727227
TR-035339,2025-08-11,2430.57,2541.309652711211
TR-035340,2025-08-11,1294.06,1359.4406451421155
TR-035341,2025-08-11,3617.96,3647.3785863753146
TR-035342,2025-08-11,1181.25,1253.1900134924
TR-035343,2025-08-11,1498.56,1470.3971015425764
TR-035344,2025-08-11,765.88,795.89824490501
TR-035345,2025-08-11,2669.69,2741.456961037519
TR-035346,2025-08-11,1612.19,1617.6899179871584
TR-035347,2025-08-11,1492.87,1496.1066061015902
TR-035348,2025-08-11,1386.4,1393.0870380389742
TR-035349,2025-08-11,1670.87,1717.3850780424596
TR-035350,2025-08-11,1790.56,1835.84484090028
TR-035351,2025-08-11,2142.78,2126.861640803647
TR-035352,2025-08-11,1623.25,1652.9809841216277
TR-035353,2025-08-11,3352.96,3309.430405763314
TR-035354,2025-08-11,5452.45,5428.776927354693
TR-035355,2025-08-11,4119.36,4173.75786563395
TR-035356,2025-08-11,2659.28,2657.8933239456646
TR-035357,2025-08-11,4882.05,4915.654632721546
TR-035358,2025-08-11,518.13,543.5012568464319
TR-035359,2025-08-11,1430.63,1437.1389032425798
TR-035360,2025-08-11,831.87,855.5151026111719
TR-035361,2025-08-11,3000.01,2998.911518114576
TR-035362,2025-08-11,1544.93,1547.2483769420037
TR-035363,2025-08-11,2402.26,2480.006656631487
TR-035364,2025-08-11,3810.04,3947.3871790472613
TR-035365,2025-08-11,5972.5,5860.220287045042
TR-035366,2025-08-11,2494.39,2568.224802722828
TR-035367,2025-08-11,1896.38,1933.8872110377272
TR-035368,2025-08-11,2240.73,2291.3155010440946
TR-035369,2025-08-11,1992.2,1981.467500249888
TR-035370,2025-08-11,934.02,939.6518053809157
TR-035371,2025-08-11,5164.25,5169.826037010683
TR-035372,2025-08-11,6014.82,1367.4993262257158
TR-035373,2025-08-11,1999.18,2049.6424854562574
TR-035374,2025-08-11,1357.81,1377.067257697134
TR-035375,2025-08-11,568.19,598.2410957380337
TR-035376,2025-08-11,1742.95,1823.8455620963002
TR-035377,2025-08-11,1367.57,1353.326082825427
TR-035378,2025-08-11,3965.59,4021.000772989373
TR-035379,2025-08-11,4264.24,4153.414732537644
TR-035380,2025-08-11,758.85,750.2301584197282
TR-035381,2025-08-11,685.02,667.3341089607059
TR-035382,2025-08-11,1579.0,1605.735226170467
TR-035383,2025-08-11,1033.19,1070.8308214637982
TR-035384,2025-08-11,1554.74,1550.0281757442422
TR-035385,2025-08-11,2934.63,3058.9768606829202
TR-035386,2025-08-11,3974.16,4048.587605083953
TR-035387,2025-08-11,2213.47,2346.673031510531
TR-035388,2025-08-11,6007.97,5940.700649442053
TR-035389,2025-08-12,4173.86,4298.636056610987
TR-035390,2025-08-12,2055.39,2090.7151714267266
TR-035391,2025-08-12,760.89,756.134795674611
TR-035392,2025-08-12,3191.5,3316.098235891939
TR-035393,2025-08-12,3137.2,3315.516421463097
TR-035394,2025-08-12,2247.29,2165.078067257087
TR-035395,2025-08-12,1564.87,1568.1918093035413
TR-035396,2025-08-12,1355.11,1314.1433413195832
TR-035397,2025-08-12,1547.8,1584.8709452407784
TR-035398,2025-08-12,1764.71,1837.3717814787176
TR-035399,2025-08-12,2448.27,2422.934064354014
TR-035400,2025-08-12,733.93,732.3153787956949
TR-035401,2025-08-12,3274.68,3318.3114957552334
TR-035402,2025-08-12,1267.48,1272.0602763327627
TR-035403,2025-08-12,1129.75,1173.0298034637608
TR-035404,2025-08-12,1294.1,1303.3249958671486
TR-035405,2025-08-12,1804.71,1798.0278930360948
TR-035406,2025-08-12,3418.29,3483.361432083495
TR-035407,2025-08-12,1418.4,1425.5308571550997
TR-035408,2025-08-12,6117.19,6269.341464110249
TR-035409,2025-08-12,1555.07,1538.5754910316352
TR-035410,2025-08-12,1580.51,1597.6461379433867
TR-035411,2025-08-12,817.61,853.9833389417943
TR-035412,2025-08-12,1120.36,1170.7115685657136
TR-035413,2025-08-12,3874.7,3955.979565252018
TR-035414,2025-08-12,2827.06,2854.532605227473
TR-035415,2025-08-12,4015.75,4082.8214876499937
TR-035416,2025-08-12,487.49,498.0385865731703
TR-035417,2025-08-12,3278.0,3278.6773874554146
TR-035418,2025-08-12,490.96,498.479981057415
TR-035419,2025-08-12,4894.91,4981.120237908202
TR-035420,2025-08-12,3058.8,3121.6279024893083
TR-035421,2025-08-12,1012.87,1028.9898220558332
TR-035422,2025-08-12,719.03,717.2649216938612
TR-035423,2025-08-12,1188.59,1211.3818159691873
TR-035424,2025-08-12,3800.8,3892.040683386193
TR-035425,2025-08-12,1721.02,1802.2238566715785
TR-035426,2025-08-12,4414.39,4844.03090592875
TR-035427,2025-08-12,4433.82,4600.229896423067
TR-035428,2025-08-12,899.73,898.0431938788147
TR-035429,2025-08-12,3180.76,3290.873054564484
TR-035430,2025-08-12,2346.24,2419.114746848593
TR-035431,2025-08-12,1320.13,1354.290412475104
TR-035432,2025-08-12,4222.33,4413.360503180461
TR-035433,2025-08-12,4741.87,4776.945293502524
TR-035434,2025-08-12,222.13,245.8236812109251
TR-035435,2025-08-12,2416.63,2509.901758027696
TR-035436,2025-08-12,1033.95,1033.1071959953415
TR-035437,2025-08-12,4163.04,4125.868602489193
TR-035438,2025-08-12,2875.26,2986.5697878316587
TR-035439,2025-08-12,1835.64,1831.7370395369185
TR-035440,2025-08-12,1546.47,1626.2511882843
TR-035441,2025-08-12,959.82,993.3437672388202
TR-035442,2025-08-12,1542.4,1533.3923299570795
TR-035443,2025-08-12,4475.75,4511.800020163444
TR-035444,2025-08-12,3716.68,3768.608693843392
TR-035445,2025-08-12,1513.38,1579.3711233044305
TR-035446,2025-08-12,1007.71,1011.9035758985424
TR-035447,2025-08-12,1407.86,1467.7377991577428
TR-035448,2025-08-12,4698.32,4983.263019755818
TR-035449,2025-08-12,2878.99,2995.4581265182833
TR-035450,2025-08-12,753.64,2599.8171224739613
TR-035451,2025-08-12,3030.24,3049.3490589719777
TR-035452,2025-08-12,1073.62,1065.3292849941954
TR-035453,2025-08-12,1280.53,1256.5330352144526
TR-035454,2025-08-12,2650.02,2702.514158723963
TR-035455,2025-08-12,2350.23,2397.5779209788443
TR-035456,2025-08-12,2090.34,2052.5533026287967
TR-035457,2025-08-12,1833.04,1877.4652682814735
TR-035458,2025-08-12,2984.48,3140.115676541116
TR-035459,2025-08-12,5417.7,5425.896981079588
TR-035460,2025-08-12,1502.08,1526.0071051517727
TR-035461,2025-08-12,2498.65,2452.9294180256766
TR-035462,2025-08-12,2198.17,2254.110533093123
TR-035463,2025-08-12,2467.43,2485.129199118099
TR-035464,2025-08-12,3079.37,3131.239884868575
TR-035465,2025-08-12,1192.7,1206.467477847706
TR-035466,2025-08-12,2707.75,2796.7856414544567
TR-035467,2025-08-12,3128.98,3210.172681139869
TR-035468,2025-08-12,1922.58,1934.7913215186993
TR-035469,2025-08-12,17742.34,4392.181041498684
TR-035470,2025-08-12,4709.82,4760.021032467439
TR-035471,2025-08-12,531.16,539.4318359827616
TR-035472,2025-08-12,713.31,716.5778168573277
TR-035473,2025-08-12,1229.37,1228.3932061181822
TR-035474,2025-08-12,2903.46,3043.4059480318583
TR-035475,2025-08-12,4558.05,4587.112684714957
TR-035476,2025-08-12,1345.5,5656.542109800654
TR-035477,2025-08-12,2177.5,2115.4269723975963
TR-035478,2025-08-12,1850.03,1851.3541334098911
TR-035479,2025-08-12,4914.03,4945.409400854881
TR-035480,2025-08-12,4241.98,4528.564076844712
TR-035481,2025-08-12,447.03,490.1536134678993
TR-035482,2025-08-12,2631.33,2648.1240245389235
TR-035483,2025-08-12,979.25,984.7080432792638
TR-035484,2025-08-12,2717.02,2797.820138585614
TR-035485,2025-08-12,3253.74,3413.5849677193432
TR-035486,2025-08-12,3963.28,3960.021525305128
TR-035487,2025-08-12,1881.37,1989.746939035257
TR-035488,2025-08-12,817.86,856.9188109760453
TR-035489,2025-08-12,5590.56,5747.637367087194
TR-035490,2025-08-12,1575.11,1624.5279193375118
TR-035491,2025-08-12,2216.38,2221.5321223878527
TR-035492,2025-08-12,233.96,227.2043037020767
TR-035493,2025-08-12,1023.88,1054.1894312868335
TR-035494,2025-08-12,5942.84,6067.356922678342
TR-035495,2025-08-12,1675.03,1709.805115283106
TR-035496,2025-08-12,1768.75,1758.0327687852907
TR-035497,2025-08-12,1523.87,1523.3247940453884
TR-035498,2025-08-12,1269.77,1285.8355262484438
TR-035499,2025-08-12,1542.49,1596.0392637766083
TR-035500,2025-08-12,2010.8,2045.8365744756975
TR-035501,2025-08-12,1927.86,1960.2925167756107
TR-035502,2025-08-12,3707.97,3759.8057375419685
TR-035503,2025-08-12,1932.14,2023.8187181568574
TR-035504,2025-08-12,3943.12,4151.463170345194
TR-035505,2025-08-12,1672.08,1701.558860896418
TR-035506,2025-08-12,2046.7,2095.676313561265
TR-035507,2025-08-12,3880.13,3938.4278667830736
TR-035508,2025-08-12,2172.33,2232.2069584241626
TR-035509,2025-08-12,3677.1,3725.1086060534735
TR-035510,2025-08-12,5619.9,5723.236982570634
TR-035511,2025-08-12,1605.32,1632.2999935396165
TR-035512,2025-08-12,942.11,967.8173223010217
TR-035513,2025-08-12,3378.16,3469.256175496248
TR-035514,2025-08-12,1022.74,1043.42999307125
TR-035515,2025-08-12,4776.8,4868.06170583498
TR-035516,2025-08-12,1376.52,1414.1757246224124
TR-035517,2025-08-12,4728.39,4793.788014358097
TR-035518,2025-08-12,1027.67,1055.0473886402629
TR-035519,2025-08-12,1936.23,2025.8417504188774
TR-035520,2025-08-12,1953.3,2039.218471117813
TR-035521,2025-08-12,3869.9,3875.2416895182214
TR-035522,2025-08-12,3504.32,3516.691497517096
TR-035523,2025-08-12,1728.42,1740.6271403542614
TR-035524,2025-08-12,12284.47,3701.2267630800725
TR-035525,2025-08-12,3103.93,3112.178518566232
TR-035526,2025-08-12,1240.54,1217.9163686195411
TR-035527,2025-08-12,1800.36,1780.7114959476555
TR-035528,2025-08-12,1033.46,1038.1152865120248
TR-035529,2025-08-12,4059.2,4157.369088159743
TR-035530,2025-08-12,1682.04,1671.2364465651804
TR-035531,2025-08-12,890.09,918.0466277886587
TR-035532,2025-08-12,3393.28,3377.572773790612
TR-035533,2025-08-12,338.93,297.6682454487641
TR-035534,2025-08-12,1324.37,1323.710631336383
TR-035535,2025-08-12,4232.5,4379.2997567589
TR-035536,2025-08-12,808.78,803.8730541714528
TR-035537,2025-08-12,5172.18,5282.577397460909
TR-035538,2025-08-12,298.71,305.25780355795473
TR-035539,2025-08-12,1030.03,1048.0714839279647
TR-035540,2025-08-12,1361.82,1386.767356941733
TR-035541,2025-08-12,1839.3,1865.0275106150216
TR-035542,2025-08-12,1178.19,1189.430049867302
TR-035543,2025-08-12,1260.69,1283.225706681831
TR-035544,2025-08-13,2552.52,2551.9607043560018
TR-035545,2025-08-13,1419.2,1432.7375477875526
TR-035546,2025-08-13,826.03,820.3036097338172
TR-035547,2025-08-13,1484.31,1525.6390717317001
TR-035548,2025-08-13,1666.06,1673.1834420046303
TR-035549,2025-08-13,3964.03,4074.457736510794
TR-035550,2025-08-13,4176.33,4383.744933790793
TR-035551,2025-08-13,1515.66,1559.1676847760107
TR-035552,2025-08-13,1631.7,1660.2785645140193
TR-035553,2025-08-13,2224.17,2245.342782718377
TR-035554,2025-08-13,1029.13,1049.078578816694
TR-035555,2025-08-13,2069.22,2118.771077383337
TR-035556,2025-08-13,1009.14,1044.1092643094926
TR-035557,2025-08-13,1848.52,1873.2621895325397
TR-035558,2025-08-13,796.71,801.5998779127392
TR-035559,2025-08-13,4262.9,4350.030053034936
TR-035560,2025-08-13,1210.29,1271.671535377068
TR-035561,2025-08-13,1775.63,1845.5109004391766
TR-035562,2025-08-13,5690.1,5771.03902917798
TR-035563,2025-08-13,1281.27,1344.5637571178358
TR-035564,2025-08-13,5170.25,5452.420220793887
TR-035565,2025-08-13,2052.87,2135.3888502968034
TR-035566,2025-08-13,3910.47,3959.0992240663572
TR-035567,2025-08-13,1507.98,1532.951843730948
TR-035568,2025-08-13,3624.2,3688.9204963973352
TR-035569,2025-08-13,3890.34,4041.346583788426
TR-035570,2025-08-13,1267.81,1265.9672075770632
TR-035571,2025-08-13,2743.85,2722.3847048596426
TR-035572,2025-08-13,2509.34,2447.961342424538
TR-035573,2025-08-13,2255.21,2334.196141018768
TR-035574,2025-08-13,2562.47,2600.940681504587
TR-035575,2025-08-13,2409.79,2389.5443314853646
TR-035576,2025-08-13,5738.04,5846.858020442794
TR-035577,2025-08-13,3004.32,3085.14681326569
TR-035578,2025-08-13,2237.22,2289.856218804182
TR-035579,2025-08-13,822.99,260.86239883495887
TR-035580,2025-08-13,913.22,926.5218680523833
TR-035581,2025-08-13,4926.46,4981.386345602548
TR-035582,2025-08-13,1981.8,2089.0929291434027
TR-035583,2025-08-13,2280.93,2340.2365521174743
TR-035584,2025-08-13,2131.94,2168.011386057878
TR-035585,2025-08-13,1522.31,1523.1304493431976
TR-035586,2025-08-13,355.65,358.5306960077753
TR-035587,2025-08-13,1930.02,1983.2130422874375
TR-035588,2025-08-13,1888.96,1884.5546478200367
TR-035589,2025-08-13,3872.5,3941.632313730439
TR-035590,2025-08-13,302.81,1650.9913798443413
TR-035591,2025-08-13,2264.42,2395.7082702963244
TR-035592,2025-08-13,727.21,740.1633051153103
TR-035593,2025-08-13,884.52,911.9035595722257
TR-035594,2025-08-13,5296.44,5403.352755443738
TR-035595,2025-08-13,759.64,796.6376885577529
TR-035596,2025-08-13,4554.85,4669.848895363424
TR-035597,2025-08-13,948.79,987.5581959219451
TR-035598,2025-08-13,3905.64,4018.857130258714
TR-035599,2025-08-13,4684.95,4779.696117012907
TR-035600,2025-08-13,3891.19,3897.2774743488926
TR-035601,2025-08-13,2593.66,2640.37810282596
TR-035602,2025-08-13,1760.4,1828.9183613015755
TR-035603,2025-08-13,1395.09,1391.0999794355557
TR-035604,2025-08-13,1420.13,1483.163994388134
TR-035605,2025-08-13,3262.87,3439.7428431604103
TR-035606,2025-08-13,1339.62,1370.75752200141
TR-035607,2025-08-13,1190.11,1260.116383560488
TR-035608,2025-08-13,2160.05,2229.51967658529
TR-035609,2025-08-13,1608.46,1608.288157448494
TR-035610,2025-08-13,1971.11,1960.1469170616583
TR-035611,2025-08-13,1684.44,1700.3189983398142
TR-035612,2025-08-13,3163.22,3245.6380362125533
TR-035613,2025-08-13,2313.16,2398.106563402133
TR-035614,2025-08-13,1599.48,1636.4933188700002
TR-035615,2025-08-13,3034.89,3166.958356734084
TR-035616,2025-08-13,1756.55,1798.3305735263593
TR-035617,2025-08-13,4927.52,4910.525722922426
TR-035618,2025-08-13,1012.15,1058.9483590314421
TR-035619,2025-08-13,4546.93,4576.197943882693
TR-035620,2025-08-13,874.12,917.5844365433845
TR-035621,2025-08-13,1871.38,1872.6045761719536
TR-035622,2025-08-13,2556.82,2547.3919932121644
TR-035623,2025-08-13,1645.91,1682.3108708445257
TR-035624,2025-08-13,1357.84,1384.272361758622
TR-035625,2025-08-13,2096.07,2132.539930595892
TR-035626,2025-08-13,2795.68,2836.0961705458203
TR-035627,2025-08-13,1268.28,1314.110611413008
TR-035628,2025-08-13,3867.7,3924.423541090272
TR-035629,2025-08-13,1005.63,1018.5493260598516
TR-035630,2025-08-13,630.43,640.1772398355854
TR-035631,2025-08-13,1968.99,2006.078374295802
TR-035632,2025-08-13,1530.17,1557.4366701616673
TR-035633,2025-08-13,1454.54,1511.9767426396381
TR-035634,2025-08-13,1723.73,1803.1604103448292
TR-035635,2025-08-13,1925.19,1959.7959600502109
TR-035636,2025-08-13,1098.27,1129.236092016161
TR-035637,2025-08-13,470.28,464.40493502590016
TR-035638,2025-08-13,614.86,602.8132876802438
TR-035639,2025-08-13,1762.98,1816.8152516131468
TR-035640,2025-08-13,3283.74,3424.0821026553294
TR-035641,2025-08-13,1976.0,1969.8185194290272
TR-035642,2025-08-13,4820.41,4927.949113742165
TR-035643,2025-08-13,1831.89,1866.277817527156
TR-035644,2025-08-13,948.0,993.1454412076907
TR-035645,2025-08-13,4394.74,4303.722442510047
TR-035646,2025-08-13,1318.27,1351.4688473188523
TR-035647,2025-08-13,1251.39,1282.50944326042
TR-035648,2025-08-13,802.54,807.8552779686026
TR-035649,2025-08-13,2304.56,2347.2614619673714
TR-035650,2025-08-13,1117.83,1147.2714269035882
TR-035651,2025-08-13,2890.03,2871.949723094745
TR-035652,2025-08-13,1793.66,1796.8689372524625
TR-035653,2025-08-13,1743.89,1767.4008554277143
TR-035654,2025-08-13,2305.98,2418.6776539758
TR-035655,2025-08-13,2038.96,2055.647669552989
TR-035656,2025-08-13,1700.53,1750.203610261798
TR-035657,2025-08-13,1994.51,2041.8836628330193
TR-035658,2025-08-13,1113.64,1132.0479776081665
TR-035659,2025-08-13,2225.94,2240.1920112907133
TR-035660,2025-08-13,587.21,595.8272855245114
TR-035661,2025-08-13,2295.26,2349.72780956686
TR-035662,2025-08-13,1196.61,1187.7407898922106
TR-035663,2025-08-13,676.49,657.5570518067211
TR-035664,2025-08-13,580.17,594.6383220399935
TR-035665,2025-08-13,4025.07,4169.331939166011
TR-035666,2025-08-13,4661.36,4661.556273897055
TR-035667,2025-08-13,2354.29,2483.234920638145
TR-035668,2025-08-13,4620.01,4628.578715869062
TR-035669,2025-08-13,968.25,983.8943164553575
TR-035670,2025-08-13,1918.8,1991.1710393078395
TR-035671,2025-08-13,5501.64,5394.059615717374
TR-035672,2025-08-13,483.01,470.01533753612534
TR-035673,2025-08-13,2454.32,2529.514596954518
TR-035674,2025-08-13,1769.44,1800.2823357739387
TR-035675,2025-08-13,1845.72,1849.1239981125104
TR-035676,2025-08-13,1312.8,1356.3713395457603
TR-035677,2025-08-13,1694.66,1764.1030777223605
TR-035678,2025-08-13,1809.36,1841.7939765532126
TR-035679,2025-08-13,1897.88,1890.8387296504138
TR-035680,2025-08-13,4480.32,4514.989459679156
TR-035681,2025-08-13,1759.48,1782.069279766993
TR-035682,2025-08-13,2512.99,2525.9962426677253
TR-035683,2025-08-13,3552.86,3632.601643049971
TR-035684,2025-08-13,2570.44,2646.9283355109546
TR-035685,2025-08-13,1381.64,1391.4436200477614
TR-035686,2025-08-13,2320.32,2340.41479136514
TR-035687,2025-08-13,1493.45,1555.8218001889413
TR-035688,2025-08-13,2384.33,2438.004359870337
TR-035689,2025-08-13,3374.69,3366.9361219594534
TR-035690,2025-08-13,4291.28,4326.988366851858
TR-035691,2025-08-13,2455.25,2530.4484397811552
TR-035692,2025-08-13,730.02,704.111441922118
TR-035693,2025-08-13,1794.44,1791.8841790598212
TR-035694,2025-08-13,4860.05,5120.005540491567
TR-035695,2025-08-13,2245.67,2230.3876431166277
TR-035696,2025-08-13,2018.63,2018.6781628374865
TR-035697,2025-08-13,2023.64,2089.5749266345956
TR-035698,2025-08-13,1626.46,1692.528612590701
TR-035699,2025-08-13,1626.49,1651.9324205309958
TR-035700,2025-08-13,1178.32,1234.9309775708216
TR-035701,2025-08-13,3061.21,3200.2612261281056
TR-035702,2025-08-13,1901.31,1862.8665366236664
TR-035703,2025-08-14,4919.05,5077.723926758892
TR-035704,2025-08-14,555.29,552.5725429783754
TR-035705,2025-08-14,2184.73,2178.288666272382
TR-035706,2025-08-14,3680.0,3674.9118865712644
TR-035707,2025-08-14,1646.85,1679.2870959065153
TR-035708,2025-08-14,4275.68,4401.775785650772
TR-035709,2025-08-14,3728.88,3819.424983783544
TR-035710,2025-08-14,4175.17,4413.689923105858
TR-035711,2025-08-14,1533.45,1563.7093771156437
TR-035712,2025-08-14,3932.57,3982.838863224271
TR-035713,2025-08-14,1100.7,1113.6886696013555
TR-035714,2025-08-14,1710.79,1712.7311519743384
TR-035715,2025-08-14,3898.03,3899.0798326124095
TR-035716,2025-08-14,718.5,720.1491270594647
TR-035717,2025-08-14,2188.02,2214.3421091737123
TR-035718,2025-08-14,1010.12,1014.1656819277423
TR-035719,2025-08-14,1552.79,1625.1337212012954
TR-035720,2025-08-14,788.21,795.7194433368497
TR-035721,2025-08-14,3463.64,3487.4967254604053
TR-035722,2025-08-14,4194.23,4238.025214898025
TR-035723,2025-08-14,4851.23,4887.210684760979
TR-035724,2025-08-14,2504.16,2678.0335579637513
TR-035725,2025-08-14,3550.99,3636.3134273558253
TR-035726,2025-08-14,996.66,989.53754988275
TR-035727,2025-08-14,1763.78,1784.1086138516557
TR-035728,2025-08-14,3821.38,3773.832635755244
TR-035729,2025-08-14,3246.78,3365.227931697068
TR-035730,2025-08-14,5911.62,6111.912201435505
TR-035731,2025-08-14,1001.34,997.9582343848638
TR-035732,2025-08-14,5292.71,5390.117529118965
TR-035733,2025-08-14,2202.79,2272.3089146794014
TR-035734,2025-08-14,2602.76,2571.0743243054767
TR-035735,2025-08-14,1704.91,1732.3339418364412
TR-035736,2025-08-14,2388.42,2473.507088101814
TR-035737,2025-08-14,5332.67,5554.12190425613
TR-035738,2025-08-14,1160.03,1162.8464791415495
TR-035739,2025-08-14,1491.11,1527.4961545797003
TR-035740,2025-08-14,1554.43,1537.810978124954
TR-035741,2025-08-14,2773.45,2740.623986199925
TR-035742,2025-08-14,4762.65,4951.121535108741
TR-035743,2025-08-14,3702.16,3714.0500720290383
TR-035744,2025-08-14,5680.52,5620.810191574929
TR-035745,2025-08-14,694.63,684.9462143661572
TR-035746,2025-08-14,1427.92,1483.2472152596733
TR-035747,2025-08-14,1083.82,1124.499054408533
TR-035748,2025-08-14,2419.34,2451.4471252273106
TR-035749,2025-08-14,955.18,931.0753019728452
TR-035750,2025-08-14,1277.52,1266.1667611779992
TR-035751,2025-08-14,4740.74,4832.999745871504
TR-035752,2025-08-14,716.74,724.4567078209118
TR-035753,2025-08-14,2838.44,2887.1923379442705
TR-035754,2025-08-14,3893.12,3974.626329533289
TR-035755,2025-08-14,1567.72,1591.4195654058328
TR-035756,2025-08-14,886.12,920.1961703968275
TR-035757,2025-08-14,5010.88,5075.021980407633
TR-035758,2025-08-14,321.79,316.6769415004803
TR-035759,2025-08-14,1432.89,1463.7916322658862
TR-035760,2025-08-14,324.08,344.5501990412722
TR-035761,2025-08-14,510.01,525.7240446882004
TR-035762,2025-08-14,2136.98,2180.449895221198
TR-035763,2025-08-14,2835.46,2917.8074651287034
TR-035764,2025-08-14,3036.26,3004.84285295721
TR-035765,2025-08-14,845.61,842.7976384326948
TR-035766,2025-08-14,4715.34,4761.1894879655265
TR-035767,2025-08-14,4324.68,4460.606354976182
TR-035768,2025-08-14,3107.7,3271.6335173245425
TR-035769,2025-08-14,5420.15,5708.407555136863
TR-035770,2025-08-14,754.24,747.3600156467678
TR-035771,2025-08-14,1381.84,1446.760958161029
TR-035772,2025-08-14,2820.29,2903.498346884092
TR-035773,2025-08-14,2002.2,2012.9623012394457
TR-035774,2025-08-14,3069.57,3118.777931988504
TR-035775,2025-08-14,4823.97,4801.199041985445
TR-035776,2025-08-14,3029.65,3184.616688331662
TR-035777,2025-08-14,1431.15,1407.2916822544203
TR-035778,2025-08-14,1410.33,1452.6881778535294
TR-035779,2025-08-14,1280.36,1303.8804242400643
TR-035780,2025-08-14,4034.06,4041.4448549419267
TR-035781,2025-08-14,1682.41,1738.221488526408
TR-035782,2025-08-14,722.88,752.6469166815061
TR-035783,2025-08-14,556.01,545.3370004483825
TR-035784,2025-08-14,1361.82,1378.172807962971
TR-035785,2025-08-14,890.14,948.1858027290357
TR-035786,2025-08-14,1181.54,1196.3709636718386
TR-035787,2025-08-14,5714.96,5813.787416841053
TR-035788,2025-08-14,2424.97,2437.173027775965
TR-035789,2025-08-14,2189.04,2192.946436480412
TR-035790,2025-08-14,2733.22,2740.3188180593247
TR-035791,2025-08-14,3046.33,3114.162543129655
TR-035792,2025-08-14,1858.94,1901.0071594839342
TR-035793,2025-08-14,1609.89,1573.1204344144812
TR-035794,2025-08-14,2743.14,2752.4176485742664
TR-035795,2025-08-14,4403.55,4540.584811968762
TR-035796,2025-08-14,1348.0,1342.3899383249855
TR-035797,2025-08-14,1102.47,1161.035554176166
TR-035798,2025-08-14,3548.54,3637.6048104535203
TR-035799,2025-08-14,3705.12,3717.9470418485807
TR-035800,2025-08-14,1330.98,1335.0043087916565
TR-035801,2025-08-14,2557.91,2669.4866104496787
TR-035802,2025-08-14,871.65,919.0891642341298
TR-035803,2025-08-14,1448.35,1420.3235937706265
TR-035804,2025-08-14,912.97,943.0392455987903
TR-035805,2025-08-14,4201.17,4373.631304375816
TR-035806,2025-08-14,3416.73,3429.3169236769386
TR-035807,2025-08-14,2708.64,2791.7949389525093
TR-035808,2025-08-14,930.25,938.2170688285544
TR-035809,2025-08-14,1339.32,1374.686143049269
TR-035810,2025-08-14,2294.66,2262.8205159452327
TR-035811,2025-08-14,5034.02,5264.557231824918
TR-035812,2025-08-14,3268.75,3284.2630613887354
TR-035813,2025-08-14,3779.93,3765.9051336156163
TR-035814,2025-08-14,2094.06,2210.514615765651
TR-035815,2025-08-14,1271.47,1277.8984521190919
TR-035816,2025-08-14,2414.56,2409.4791580706374
TR-035817,2025-08-14,3129.28,3144.160804276123
TR-035818,2025-08-14,1487.91,1511.3174418434285
TR-035819,2025-08-14,5102.64,5204.602562257891
TR-035820,2025-08-14,726.95,747.2861003462347
TR-035821,2025-08-14,5004.21,5103.39553049041
TR-035822,2025-08-14,890.84,931.5019221721502
TR-035823,2025-08-14,5441.3,5515.703012067843
TR-035824,2025-08-14,542.38,542.4726219666466
TR-035825,2025-08-14,2715.78,2761.713227199667
TR-035826,2025-08-14,2147.75,2232.7026765161854
TR-035827,2025-08-14,3812.05,3998.8349429485575
TR-035828,2025-08-14,1783.53,1781.8636634847915
TR-035829,2025-08-14,600.73,604.409764513789
TR-035830,2025-08-14,212.76,239.76172200193514
TR-035831,2025-08-14,1526.07,1565.4008859488501
TR-035832,2025-08-14,2091.82,2155.0171495330696
TR-035833,2025-08-14,563.43,567.4147881866254
TR-035834,2025-08-14,11797.79,3194.765854764426
TR-035835,2025-08-14,828.81,849.7027791465694
TR-035836,2025-08-14,2201.48,2297.714885439075
TR-035837,2025-08-14,732.97,723.24416395495
TR-035838,2025-08-14,986.09,998.6615811563433
TR-035839,2025-08-14,829.25,787.4648637169075
TR-035840,2025-08-14,2398.11,2412.1586371821727
TR-035841,2025-08-14,1022.33,1015.7105048295477
TR-035842,2025-08-14,2957.43,3004.4366829824653
TR-035843,2025-08-14,4173.83,4293.9525922036155
TR-035844,2025-08-14,375.17,388.7408686732879
TR-035845,2025-08-14,2063.37,2091.617661991479
TR-035846,2025-08-14,2337.41,2318.825234820774
TR-035847,2025-08-14,2554.62,2629.0477802796313
TR-035848,2025-08-14,1079.31,1082.9937059440392
TR-035849,2025-08-14,2760.37,2837.7381015901638
TR-035850,2025-08-14,3329.1,3353.6299828396714
TR-035851,2025-08-14,955.7,1000.173105940211
TR-035852,2025-08-14,4087.87,4175.320141913
TR-035853,2025-08-14,2007.27,2036.9393206146092
TR-035854,2025-08-14,3863.93,3966.9561339838297
TR-035855,2025-08-14,878.84,916.2774092808697
TR-035856,2025-08-14,1520.44,1482.6422073745173
TR-035857,2025-08-14,3824.57,3903.3373360069663
TR-035858,2025-08-14,2660.65,2750.503405591806
TR-035859,2025-08-14,3488.59,3481.407924985122
TR-035860,2025-08-14,1038.35,1066.7048159583046
TR-035861,2025-08-15,2545.38,2637.4865985459464
TR-035862,2025-08-15,1744.99,1817.66527256661
TR-035863,2025-08-15,2886.57,2933.8859960159425
TR-035864,2025-08-15,2209.86,2325.1663526755783
TR-035865,2025-08-15,2139.65,2138.232661582242
TR-035866,2025-08-15,2580.47,2706.6712927817575
TR-035867,2025-08-15,2051.54,2056.549388231768
TR-035868,2025-08-15,530.93,573.9414271565602
TR-035869,2025-08-15,4934.24,5220.797169095106
TR-035870,2025-08-15,1522.56,1607.789803464585
TR-035871,2025-08-15,843.95,875.5016436546323
TR-035872,2025-08-15,1401.96,1396.6912079110987
TR-035873,2025-08-15,1423.89,1460.5511664703545
TR-035874,2025-08-15,4172.95,4260.149584513143
TR-035875,2025-08-15,2285.21,2367.8496538705504
TR-035876,2025-08-15,2529.79,2561.342957214808
TR-035877,2025-08-15,2425.46,2436.2051277712517
TR-035878,2025-08-15,728.58,755.7271505911922
TR-035879,2025-08-15,2640.59,2736.599780139102
TR-035880,2025-08-15,1688.52,1723.0434485438386
TR-035881,2025-08-15,3163.17,3166.3630965697544
TR-035882,2025-08-15,4166.5,4324.305196048169
TR-035883,2025-08-15,1133.46,1157.6951324757924
TR-035884,2025-08-15,3905.16,4048.6394257594384
TR-035885,2025-08-15,956.31,951.8010934259162
TR-035886,2025-08-15,785.61,774.9265341869038
TR-035887,2025-08-15,979.97,1019.6587334224391
TR-035888,2025-08-15,4185.15,4239.084185562584
TR-035889,2025-08-15,4475.11,4466.643182257309
TR-035890,2025-08-15,2052.77,2095.941808157728
TR-035891,2025-08-15,2969.82,2985.4868604894073
TR-035892,2025-08-15,2406.46,2424.551614856437
TR-035893,2025-08-15,3706.18,3793.6764477527677
TR-035894,2025-08-15,2966.94,3032.36517414845
TR-035895,2025-08-15,1889.77,1995.333709279528
TR-035896,2025-08-15,1218.39,1277.2305752857797
TR-035897,2025-08-15,3733.14,3756.28930727997
TR-035898,2025-08-15,2341.55,2397.4336431992165
TR-035899,2025-08-15,2601.85,2648.271135817484
TR-035900,2025-08-15,3464.46,3533.8832755617327
TR-035901,2025-08-15,647.94,670.3426766572861
TR-035902,2025-08-15,1031.84,1062.0110950728954
TR-035903,2025-08-15,3083.86,3071.2583418849426
TR-035904,2025-08-15,404.73,432.62828691865525
TR-035905,2025-08-15,8904.72,2209.4370621946973
TR-035906,2025-08-15,1588.68,1621.5580289057857
TR-035907,2025-08-15,3962.92,3877.871647146249
TR-035908,2025-08-15,5807.63,5787.385575955871
TR-035909,2025-08-15,1767.45,1789.988506935226
TR-035910,2025-08-15,1221.98,1234.6492829545325
TR-035911,2025-08-15,2330.98,2397.3657243631055
TR-035912,2025-08-15,4384.86,4540.538263384706
TR-035913,2025-08-15,2050.76,2045.4221382109297
TR-035914,2025-08-15,1032.82,1049.2061596221538
TR-035915,2025-08-15,3462.97,3503.362893516688
TR-035916,2025-08-15,1897.9,1973.4305500107137
TR-035917,2025-08-15,3018.47,2966.880106706313
TR-035918,2025-08-15,4738.76,4951.686556833964
TR-035919,2025-08-15,1606.85,1642.291628454254
TR-035920,2025-08-15,430.98,438.9310604619486
TR-035921,2025-08-15,5297.2,5407.927064546686
TR-035922,2025-08-15,3993.33,4157.617271942936
TR-035923,2025-08-15,2143.25,2140.948893903009
TR-035924,2025-08-15,2434.72,2498.9892389595348
TR-035925,2025-08-15,3644.74,3858.2643325282024
TR-035926,2025-08-15,415.29,431.14276366657964
TR-035927,2025-08-15,2613.88,2736.628730775714
TR-035928,2025-08-15,1284.33,1348.24386626647
TR-035929,2025-08-15,1435.28,1428.3827837785552
TR-035930,2025-08-15,2208.18,2163.5120855056352
TR-035931,2025-08-15,826.49,853.6882092141402
TR-035932,2025-08-15,1963.65,2031.5661180010702
TR-035933,2025-08-15,960.97,993.3431918697167
TR-035934,2025-08-15,4252.53,4279.577911463806
TR-035935,2025-08-15,4544.84,4604.082007588187
TR-035936,2025-08-15,4500.1,4515.527625925115
TR-035937,2025-08-15,1981.29,2033.140567358105
TR-035938,2025-08-15,2134.19,2190.731507982471
TR-035939,2025-08-15,2458.41,2483.660096800343
TR-035940,2025-08-15,1343.79,1388.7341873373466
TR-035941,2025-08-15,847.08,852.2883688821798
TR-035942,2025-08-15,547.39,516.375897914018
TR-035943,2025-08-15,2263.78,2372.0298983710836
TR-035944,2025-08-15,955.67,968.5774424286028
TR-035945,2025-08-15,2327.04,2356.0029032005605
TR-035946,2025-08-15,1323.9,1346.978618427784
TR-035947,2025-08-15,3483.19,3603.8486874356213
TR-035948,2025-08-15,558.53,564.2238738567826
TR-035949,2025-08-15,4258.9,4360.88875341726
TR-035950,2025-08-15,729.3,745.7457451437613
TR-035951,2025-08-15,3582.04,3583.2365682799373
TR-035952,2025-08-15,3963.21,4040.3156982533746
TR-035953,2025-08-15,1347.91,1385.8703286903506
TR-035954,2025-08-15,642.3,651.433164272315
TR-035955,2025-08-15,2378.79,2308.1453713025626
TR-035956,2025-08-15,1774.56,1822.911663977923
TR-035957,2025-08-15,2099.76,2116.584753934537
TR-035958,2025-08-15,1405.83,1424.8157185700702
TR-035959,2025-08-15,2874.57,2965.1167471257195
TR-035960,2025-08-15,3919.74,4056.603097129202
TR-035961,2025-08-15,2446.78,2550.621518358163
TR-035962,2025-08-15,3035.7,3221.427354666869
TR-035963,2025-08-15,1043.9,1039.7781826855858
TR-035964,2025-08-15,1304.06,1335.2308311121478
TR-035965,2025-08-15,1574.52,1658.9231335589855
TR-035966,2025-08-15,894.25,935.8000713322099
TR-035967,2025-08-15,1519.04,1559.5487299233735
TR-035968,2025-08-15,4775.95,4894.774406528719
TR-035969,2025-08-15,1940.71,1930.0650956069776
TR-035970,2025-08-15,719.5,711.6826372774844
TR-035971,2025-08-15,1409.26,1425.6189239443283
TR-035972,2025-08-15,4423.32,4617.56202764871
TR-035973,2025-08-15,1223.41,1234.828680544362
TR-035974,2025-08-15,2142.57,2219.5263633761065
TR-035975,2025-08-15,1261.45,1283.4931474566824
TR-035976,2025-08-15,3769.56,3836.755154828351
TR-035977,2025-08-15,1276.29,1319.9641447045615
TR-035978,2025-08-15,2431.97,2534.471240616669
TR-035979,2025-08-15,1638.07,1647.2819134302936
TR-035980,2025-08-15,397.3,1045.5248168650633
TR-035981,2025-08-15,4547.38,4639.190711860205
TR-035982,2025-08-15,1636.97,1668.720891720409
TR-035983,2025-08-15,899.24,924.5703291620378
TR-035984,2025-08-15,2295.78,2351.8403864624256
TR-035985,2025-08-15,1905.41,1932.2583598881722
TR-035986,2025-08-15,2031.02,2025.44093267496
TR-035987,2025-08-15,3075.57,3088.496252236738
TR-035988,2025-08-15,2327.21,2347.4118755758386
TR-035989,2025-08-15,2264.87,2250.204587968455
TR-035990,2025-08-15,1498.65,1497.5917814642494
TR-035991,2025-08-15,3099.76,3118.6179380113854
TR-035992,2025-08-15,1159.62,1205.0314027192264
TR-035993,2025-08-15,835.48,874.9123534795144
TR-035994,2025-08-15,2295.09,2351.5705511599467
TR-035995,2025-08-15,1375.34,1424.1738010813933
TR-035996,2025-08-15,402.54,408.82622811663146
TR-035997,2025-08-15,1066.44,1103.7404844796326
TR-035998,2025-08-15,2645.54,2585.5489777606317
TR-035999,2025-08-15,6767.41,1606.542186162244
TR-036000,2025-08-15,2725.03,2793.7919157984247
TR-036001,2025-08-15,4406.16,4562.858651533568
TR-036002,2025-08-15,3229.29,3455.113986979947
TR-036003,2025-08-15,2232.61,2309.186826021235
TR-036004,2025-08-15,778.77,790.2652962069913
TR-036005,2025-08-15,3800.77,3813.3681226862345
TR-036006,2025-08-15,4450.0,4523.916723776751
TR-036007,2025-08-15,1955.24,1956.9394031601396
TR-036008,2025-08-15,2730.46,2753.7561827673076
TR-036009,2025-08-15,4283.87,4288.881062714327
TR-036010,2025-08-15,4004.42,4066.324687370772
TR-036011,2025-08-15,1025.89,1039.495510462708
TR-036012,2025-08-15,2388.5,2452.3703511301487
TR-036013,2025-08-15,2127.74,2181.581257419144
TR-036014,2025-08-15,2447.09,2545.6411226507444
TR-036015,2025-08-15,2026.52,2057.3402928727382
TR-036016,2025-08-15,1434.56,1438.892274461724
TR-036017,2025-08-15,905.61,927.3121417537127
TR-036018,2025-08-15,228.14,235.79353675327252
TR-036019,2025-08-15,870.97,865.6615483571002
TR-036020,2025-08-15,2446.1,2501.2386913844744
TR-036021,2025-08-15,887.44,892.2242492926036
TR-036022,2025-08-15,518.2,486.5422567945802
TR-036023,2025-08-15,4419.17,4679.069709534951
TR-036024,2025-08-15,4660.74,4685.046211428907
TR-036025,2025-08-15,819.28,819.7391692503463
TR-036026,2025-08-15,831.29,828.558457165351
TR-036027,2025-08-15,3004.44,2994.1325300235044
TR-036028,2025-08-15,647.03,641.3938739271073
TR-036029,2025-08-15,1115.83,1137.5489227401854
TR-036030,2025-08-15,3230.46,3277.4178258251395
TR-036031,2025-08-15,4144.99,4203.032243093428
TR-036032,2025-08-16,1841.5,1815.037944479303
TR-036033,2025-08-16,3684.22,3701.4321901623953
TR-036034,2025-08-16,3269.29,3335.1913179066405
TR-036035,2025-08-16,2322.85,2309.8453763730463
TR-036036,2025-08-16,2049.08,2059.133573853829
TR-036037,2025-08-16,1757.33,1859.137449706212
TR-036038,2025-08-16,3837.87,3828.4989354187837
TR-036039,2025-08-16,2023.19,2090.1518115123517
TR-036040,2025-08-16,1911.36,1997.4722740987995
TR-036041,2025-08-16,893.25,938.0797700746948
TR-036042,2025-08-16,1650.86,1687.6039750806617
TR-036043,2025-08-16,1613.54,1650.566767771326
TR-036044,2025-08-16,2673.7,2729.480065651786
TR-036045,2025-08-16,3599.97,3712.011833851289
TR-036046,2025-08-16,3418.9,3485.323125136565
TR-036047,2025-08-16,1145.54,1144.1498191227204
TR-036048,2025-08-16,3224.14,3275.093650360939
TR-036049,2025-08-16,4071.82,4178.906821405357
TR-036050,2025-08-16,1576.71,1621.4377473992263
TR-036051,2025-08-16,1602.84,1690.1466738731856
TR-036052,2025-08-16,3650.17,3693.370454990405
TR-036053,2025-08-16,1659.44,1691.5435001394626
TR-036054,2025-08-16,3246.09,3376.67271579326
TR-036055,2025-08-16,2257.36,2327.524923170005
TR-036056,2025-08-16,2892.53,2935.184070854767
TR-036057,2025-08-16,1951.46,1984.7207409122375
TR-036058,2025-08-16,815.17,828.9129029036806
TR-036059,2025-08-16,1151.02,1210.085348280618
TR-036060,2025-08-16,2154.06,2172.1510404401597
TR-036061,2025-08-16,2285.29,2390.6996352020496
TR-036062,2025-08-16,1831.39,1806.7555019563094
TR-036063,2025-08-16,2049.4,2106.625657485052
TR-036064,2025-08-16,2375.44,2441.2793046978645
TR-036065,2025-08-16,372.27,381.22642455255686
TR-036066,2025-08-16,5311.84,5482.944998086555
TR-036067,2025-08-16,2928.35,3034.9070765608217
TR-036068,2025-08-16,3125.51,3145.4764453702637
TR-036069,2025-08-16,2480.93,2579.512215337586
TR-036070,2025-08-16,2398.27,2472.758094174432
TR-036071,2025-08-16,255.7,289.76535365376844
TR-036072,2025-08-16,4697.05,4770.726453600071
TR-036073,2025-08-16,3674.62,3883.882088446008
TR-036074,2025-08-16,2844.65,2878.141941660892
TR-036075,2025-08-16,250.44,255.3354398154936
TR-036076,2025-08-16,3217.33,3303.600416818505
TR-036077,2025-08-16,2269.65,2362.470489501421
TR-036078,2025-08-16,1534.37,1567.8177411718937
TR-036079,2025-08-16,1769.3,1832.644431137488
TR-036080,2025-08-16,1617.76,1633.229615303051
TR-036081,2025-08-16,2168.56,2279.452404446696
TR-036082,2025-08-16,1794.13,1778.8675280374543
TR-036083,2025-08-16,1138.56,1157.3402137610035
TR-036084,2025-08-16,5936.83,5941.766727317641
TR-036085,2025-08-16,1911.85,1922.3617744161584
TR-036086,2025-08-16,3676.84,3856.6755610408295
TR-036087,2025-08-16,1230.68,1297.3413729976
TR-036088,2025-08-16,1520.78,1569.2366469242472
TR-036089,2025-08-16,3178.12,3212.7876001635486
TR-036090,2025-08-16,3976.42,4113.668009568807
TR-036091,2025-08-16,5467.0,5416.084923147681
TR-036092,2025-08-16,2241.16,2267.2379935670347
TR-036093,2025-08-16,1639.75,1727.670256733195
TR-036094,2025-08-16,1681.79,1714.4690701072634
TR-036095,2025-08-16,1748.6,1783.3681406872533
TR-036096,2025-08-16,4562.29,4620.3440393715055
TR-036097,2025-08-16,1016.49,1054.964413710655
TR-036098,2025-08-16,1743.72,1793.3771910090022
TR-036099,2025-08-16,3687.56,3714.8001379306334
TR-036100,2025-08-16,4096.12,4106.4605955101415
TR-036101,2025-08-16,474.97,1845.5665785709189
TR-036102,2025-08-16,3838.1,3874.0089820989606
TR-036103,2025-08-16,1834.23,1867.751098140025
TR-036104,2025-08-16,2497.26,2564.913066482945
TR-036105,2025-08-16,2273.1,2332.598097290974
TR-036106,2025-08-16,4607.33,4701.532946259026
TR-036107,2025-08-16,622.95,620.222755364937
TR-036108,2025-08-16,1687.84,1679.8816059272424
TR-036109,2025-08-16,3022.84,3218.6447059246757
TR-036110,2025-08-16,2039.42,2143.129265188505
TR-036111,2025-08-16,1465.38,1477.0506799925338
TR-036112,2025-08-16,960.78,995.9991590458708
TR-036113,2025-08-16,493.34,497.6621171621641
TR-036114,2025-08-16,2483.22,2669.1487127227806
TR-036115,2025-08-16,2759.1,2765.7341949523543
TR-036116,2025-08-16,2651.89,2703.514500681098
TR-036117,2025-08-16,1132.13,1170.8252076039698
TR-036118,2025-08-16,2123.96,2183.149512392531
TR-036119,2025-08-16,1069.59,1142.3000254303715
TR-036120,2025-08-16,3055.64,3078.022822185263
TR-036121,2025-08-16,3073.16,3114.3568426242805
TR-036122,2025-08-16,4215.87,4253.059104792308
TR-036123,2025-08-16,336.62,336.760783042351
TR-036124,2025-08-16,1455.33,1482.7867333248928
TR-036125,2025-08-16,1481.84,1469.3564094361968
TR-036126,2025-08-16,1801.22,1795.946281045002
TR-036127,2025-08-16,3652.18,3642.3554573565407
TR-036128,2025-08-16,2068.77,2121.195157651935
TR-036129,2025-08-16,3868.89,4069.460585164151
TR-036130,2025-08-16,4075.62,4315.7833910882855
TR-036131,2025-08-16,802.3,820.4368208206399
TR-036132,2025-08-16,3788.68,3802.978517551525
TR-036133,2025-08-16,1915.8,2003.662124269194
TR-036134,2025-08-16,726.88,710.3353589405051
TR-036135,2025-08-16,2990.38,3217.210647255205
TR-036136,2025-08-16,1622.29,1620.6124342755938
TR-036137,2025-08-16,2750.99,2766.627069007428
TR-036138,2025-08-16,1249.44,1260.9662865599416
TR-036139,2025-08-16,4247.68,4429.8820984268
TR-036140,2025-08-16,2638.95,2517.2679851341236
TR-036141,2025-08-16,2614.31,2612.507809704435
TR-036142,2025-08-16,5157.53,5254.969613498764
TR-036143,2025-08-16,1797.61,1839.9906028108403
TR-036144,2025-08-16,1130.66,1174.6325097119206
TR-036145,2025-08-16,1944.47,2069.215186006558
TR-036146,2025-08-16,1001.14,1024.0432256897207
TR-036147,2025-08-16,2625.33,2683.8599922522817
TR-036148,2025-08-16,2031.99,2082.3065692337254
TR-036149,2025-08-16,1413.77,1411.2902140552824
TR-036150,2025-08-16,4953.76,5096.92577030089
TR-036151,2025-08-16,5013.5,5057.85197483538
TR-036152,2025-08-16,1571.67,1641.68631027032
TR-036153,2025-08-16,4412.23,4410.7760201238725
TR-036154,2025-08-16,3611.27,3643.842225119363
TR-036155,2025-08-16,2261.69,2318.7267286975502
TR-036156,2025-08-16,3401.34,3468.792876468553
TR-036157,2025-08-16,1646.63,1657.0505251119985
TR-036158,2025-08-16,3454.23,3556.6179890429985
TR-036159,2025-08-16,1457.51,1470.6033469306299
TR-036160,2025-08-16,5451.29,5761.017994420024
TR-036161,2025-08-16,3816.6,4030.812972883292
TR-036162,2025-08-16,2322.3,2339.2521255235574
TR-036163,2025-08-16,3473.17,3493.357501529692
TR-036164,2025-08-16,663.35,669.5948484802768
TR-036165,2025-08-16,4844.76,5039.720827906386
TR-036166,2025-08-16,2569.81,2672.786995139668
TR-036167,2025-08-16,1160.98,1178.4886204510617
TR-036168,2025-08-17,1652.87,1742.794588727048
TR-036169,2025-08-17,1644.17,1684.8842014598608
TR-036170,2025-08-17,5136.17,5294.989253591709
TR-036171,2025-08-17,4414.17,4576.403545716534
TR-036172,2025-08-17,2410.45,2532.060739894017
TR-036173,2025-08-17,1206.28,1294.9726563807862
TR-036174,2025-08-17,590.4,1971.2491826038201
TR-036175,2025-08-17,1105.12,1114.258616535466
TR-036176,2025-08-17,2619.57,2635.7014647517226
TR-036177,2025-08-17,2247.2,2286.378598101351
TR-036178,2025-08-17,436.28,423.3098323374486
TR-036179,2025-08-17,1313.47,1341.3169768519388
TR-036180,2025-08-17,1037.58,1075.361329376478
TR-036181,2025-08-17,2378.78,2394.2365294308615
TR-036182,2025-08-17,2727.16,2792.905117654941
TR-036183,2025-08-17,3821.36,4041.1410252400656
TR-036184,2025-08-17,3380.18,3561.147668361414
TR-036185,2025-08-17,740.47,768.9534108398868
TR-036186,2025-08-17,2055.83,2181.231567478243
TR-036187,2025-08-17,2250.27,2416.849992601271
TR-036188,2025-08-17,1527.78,1622.4388056588584
TR-036189,2025-08-17,3093.44,3267.060258426386
TR-036190,2025-08-17,1733.05,1783.541099995681
TR-036191,2025-08-17,4800.2,4839.983475911669
TR-036192,2025-08-17,549.01,561.5088440987549
TR-036193,2025-08-17,3767.23,3747.3322400565658
TR-036194,2025-08-17,3019.94,3105.4272417319125
TR-036195,2025-08-17,898.11,942.3416326499835
TR-036196,2025-08-17,830.05,877.739085788869
TR-036197,2025-08-17,2144.22,2148.507086657977
TR-036198,2025-08-17,3686.55,3931.172659363732
TR-036199,2025-08-17,1091.95,1120.1820887320346
TR-036200,2025-08-17,3196.57,3243.0466913944283
TR-036201,2025-08-17,3381.1,3376.874936260996
TR-036202,2025-08-17,3762.82,3835.0140056831137
TR-036203,2025-08-17,2135.53,2125.787941458695
TR-036204,2025-08-17,839.05,892.0321702039626
TR-036205,2025-08-17,4083.3,4198.738764447079
TR-036206,2025-08-17,1030.79,1074.015550291768
TR-036207,2025-08-17,979.98,1023.5464659069243
TR-036208,2025-08-17,2014.89,2087.9435576371543
TR-036209,2025-08-17,775.55,797.2272046146245
TR-036210,2025-08-17,5484.89,5621.621286911048
TR-036211,2025-08-17,2470.83,2573.6260926700265
TR-036212,2025-08-17,229.68,275.13411301584574
TR-036213,2025-08-17,574.81,592.6674948691102
TR-036214,2025-08-17,858.66,896.7312535679641
TR-036215,2025-08-17,2039.55,2110.4557741546228
TR-036216,2025-08-17,5097.56,5261.871232277774
TR-036217,2025-08-17,1213.75,1208.8305200505094
TR-036218,2025-08-17,2730.21,2854.4521122043116
TR-036219,2025-08-17,1430.67,1467.745281601202
TR-036220,2025-08-17,1080.77,1132.6403740570681
TR-036221,2025-08-17,1826.94,1979.5826480715598
TR-036222,2025-08-17,3316.18,3428.9031470933905
TR-036223,2025-08-17,3805.29,3907.8873007992447
TR-036224,2025-08-17,1206.5,1203.9395738271792
TR-036225,2025-08-17,3475.0,3525.6218697037943
TR-036226,2025-08-17,3979.62,4078.4149999748843
TR-036227,2025-08-17,4153.36,4317.226906328611
TR-036228,2025-08-17,1389.16,1436.5051088521977
TR-036229,2025-08-17,2186.81,2265.7449090132322
TR-036230,2025-08-17,582.53,583.8820852009974
TR-036231,2025-08-17,3160.75,3107.1232617658084
TR-036232,2025-08-17,701.0,723.0593053169841
TR-036233,2025-08-17,500.33,503.8918701163459
TR-036234,2025-08-17,951.19,1021.3649640488314
TR-036235,2025-08-17,1345.95,1344.2864917936074
TR-036236,2025-08-17,575.45,625.061166856721
TR-036237,2025-08-17,1427.88,1503.927491472563
TR-036238,2025-08-17,3563.83,3691.5665212209706
TR-036239,2025-08-17,4616.32,4856.061561194317
TR-036240,2025-08-17,903.07,931.9180111358894
TR-036241,2025-08-17,2050.24,2101.0210873843
TR-036242,2025-08-17,1151.23,1204.940961375286
TR-036243,2025-08-17,1374.88,1423.7171015251693
TR-036244,2025-08-17,2483.45,2510.5491760620894
TR-036245,2025-08-17,1250.99,1324.4952610100518
TR-036246,2025-08-17,551.79,582.1395032962023
TR-036247,2025-08-17,3761.24,3751.9215452087274
TR-036248,2025-08-17,1922.79,1958.3307515749868
TR-036249,2025-08-17,1742.86,1803.5691244390198
TR-036250,2025-08-17,2597.63,2697.336694559249
TR-036251,2025-08-17,2091.12,2144.460796279959
TR-036252,2025-08-17,3595.51,3653.4351318310337
TR-036253,2025-08-17,766.26,786.6821382968039
TR-036254,2025-08-17,1884.95,1929.5858899805125
TR-036255,2025-08-17,3030.28,3137.060949657103
TR-036256,2025-08-17,2050.45,2069.6626033368384
TR-036257,2025-08-17,4803.79,4909.316869589883
TR-036258,2025-08-17,2393.67,2550.0822816209297
TR-036259,2025-08-17,4864.79,5116.5115128318375
TR-036260,2025-08-17,2032.97,2112.7073078793237
TR-036261,2025-08-17,2089.62,2161.8768374799806
TR-036262,2025-08-17,2089.28,2196.3049798715215
TR-036263,2025-08-17,1855.56,1864.7497760333872
TR-036264,2025-08-17,2202.77,2216.1376720128915
TR-036265,2025-08-17,4154.97,4190.388398584026
TR-036266,2025-08-17,4335.22,4381.919045659638
TR-036267,2025-08-17,3318.05,3457.1712983370035
TR-036268,2025-08-17,4307.74,4371.263767531034
TR-036269,2025-08-17,1567.26,1611.5266576524225
TR-036270,2025-08-17,4264.12,4208.888621878443
TR-036271,2025-08-17,1933.24,1996.5790418856668
TR-036272,2025-08-17,1493.51,1509.265851498941
TR-036273,2025-08-17,894.5,929.6078777580942
TR-036274,2025-08-17,2550.29,2670.578413602708
TR-036275,2025-08-17,4713.06,4789.822743342721
TR-036276,2025-08-17,4047.8,4108.977241796255
TR-036277,2025-08-17,2205.46,2225.5799275351474
TR-036278,2025-08-17,1297.22,1378.0695365858194
TR-036279,2025-08-17,3844.59,4045.922628226107
TR-036280,2025-08-17,5396.59,5396.9621500894145
TR-036281,2025-08-17,2064.97,2091.264591099655
TR-036282,2025-08-17,1105.94,1120.5875574991244
TR-036283,2025-08-17,1605.1,1647.7342745509113
TR-036284,2025-08-17,4324.29,4452.928583444377
TR-036285,2025-08-17,2112.79,2152.758047738163
TR-036286,2025-08-17,786.37,826.2085617644673
TR-036287,2025-08-17,3266.32,3237.38984797421
TR-036288,2025-08-17,5763.0,5908.56578865423
TR-036289,2025-08-17,1708.81,1737.6413821995832
TR-036290,2025-08-17,3827.3,3841.218080001803
TR-036291,2025-08-17,1470.35,1607.7874401784284
TR-036292,2025-08-17,1607.91,1593.6102963281965
TR-036293,2025-08-17,3974.12,3951.5855652748605
TR-036294,2025-08-17,2305.45,2329.761157900118
TR-036295,2025-08-17,587.69,599.5422507028493
TR-036296,2025-08-17,1520.23,1572.4929504081465
TR-036297,2025-08-17,2405.08,2501.803415643733
TR-036298,2025-08-17,1508.56,1534.878882293261
TR-036299,2025-08-17,1155.37,1204.1112495678772
TR-036300,2025-08-17,880.58,923.6329424058383
TR-036301,2025-08-17,2290.38,2380.2067048384665
TR-036302,2025-08-17,2676.64,2699.942602681548
TR-036303,2025-08-17,2719.32,2717.0958255637433
TR-036304,2025-08-17,470.52,473.6472450518704
TR-036305,2025-08-17,1140.31,1169.7367189884296
TR-036306,2025-08-17,4307.93,4422.592612864348
TR-036307,2025-08-17,836.43,869.6599399423981
TR-036308,2025-08-17,2003.51,2007.0158292983429
TR-036309,2025-08-17,1203.26,1213.0238707600897
TR-036310,2025-08-17,2768.58,2812.9528684405705
TR-036311,2025-08-17,2159.37,2155.4094750185195
TR-036312,2025-08-17,2617.18,2662.830307262062
TR-036313,2025-08-17,455.32,466.90185977841725
TR-036314,2025-08-17,2029.34,2053.301290962609
TR-036315,2025-08-17,2803.91,2881.3012848936223
TR-036316,2025-08-17,1104.37,1163.7912926616177
TR-036317,2025-08-17,2222.31,2186.5354724182134
TR-036318,2025-08-17,1400.4,1451.0574044611228
TR-036319,2025-08-17,571.65,578.9035472382659
TR-036320,2025-08-17,1286.62,1380.5442763671572
TR-036321,2025-08-17,3386.31,3447.0476557679435
TR-036322,2025-08-17,580.04,606.2459829845639
TR-036323,2025-08-17,1635.76,1578.58229847962
TR-036324,2025-08-17,2316.54,2366.1921452771135
TR-036325,2025-08-17,1440.32,1420.2584610379831
TR-036326,2025-08-17,885.0,931.8965891041059
TR-036327,2025-08-17,4180.5,4147.52273997426
TR-036328,2025-08-18,1302.19,1343.1729804846861
TR-036329,2025-08-18,968.56,1016.800149483498
TR-036330,2025-08-18,1486.25,1511.8233125410547
TR-036331,2025-08-18,1213.62,1299.166786126376
TR-036332,2025-08-18,960.39,986.44653022238
TR-036333,2025-08-18,1873.0,1912.703512955453
TR-036334,2025-08-18,530.61,546.9280114158919
TR-036335,2025-08-18,1790.14,1835.4515322997572
TR-036336,2025-08-18,1463.86,1522.8384616193755
TR-036337,2025-08-18,7005.3,1981.9258536843347
TR-036338,2025-08-18,2754.32,2875.6085746328586
TR-036339,2025-08-18,4459.58,4422.413362909865
TR-036340,2025-08-18,1085.17,1161.826237641672
TR-036341,2025-08-18,824.06,862.7860368547351
TR-036342,2025-08-18,2422.92,2551.5364593412887
TR-036343,2025-08-18,2196.65,2275.7551599154326
TR-036344,2025-08-18,2033.9,2065.77336401008
TR-036345,2025-08-18,1311.96,1308.7182793871507
TR-036346,2025-08-18,4145.32,4037.8446167054103
TR-036347,2025-08-18,609.92,629.9904705133179
TR-036348,2025-08-18,3018.58,3141.404085548933
TR-036349,2025-08-18,2280.83,2331.979377757674
TR-036350,2025-08-18,363.64,377.92705880550216
TR-036351,2025-08-18,1474.28,1546.2054072714318
TR-036352,2025-08-18,2625.24,2611.757539418407
TR-036353,2025-08-18,1182.95,1175.379795249382
TR-036354,2025-08-18,1588.15,1647.1666321328385
TR-036355,2025-08-18,4013.6,4129.024352115177
TR-036356,2025-08-18,387.66,445.0220544642982
TR-036357,2025-08-18,1067.44,1109.9156748856333
TR-036358,2025-08-18,924.05,968.0339731689187
TR-036359,2025-08-18,3251.33,3228.907694868725
TR-036360,2025-08-18,2867.66,2881.5069977433295
TR-036361,2025-08-18,5279.47,5415.528561415177
TR-036362,2025-08-18,2235.11,2245.716375055208
TR-036363,2025-08-18,4469.94,4497.649698946396
TR-036364,2025-08-18,4767.02,4797.898834476009
TR-036365,2025-08-18,2766.01,2780.251167138763
TR-036366,2025-08-18,3101.88,3164.538704520871
TR-036367,2025-08-18,3414.11,3518.5429637931447
TR-036368,2025-08-18,594.86,649.1093522457186
TR-036369,2025-08-18,1655.43,1694.5024526660673
TR-036370,2025-08-18,1136.01,1164.836044466574
TR-036371,2025-08-18,5474.99,1192.5537206166516
TR-036372,2025-08-18,2101.95,2172.20347736539
TR-036373,2025-08-18,1601.64,1665.8356143217165
TR-036374,2025-08-18,945.7,1001.2422599366084
TR-036375,2025-08-18,2830.13,2928.9047048444745
TR-036376,2025-08-18,764.68,782.7754565675116
TR-036377,2025-08-18,592.37,643.7725311333772
TR-036378,2025-08-18,583.85,599.3875321598478
TR-036379,2025-08-18,2325.74,2400.663366187069
TR-036380,2025-08-18,451.84,466.26677410291495
TR-036381,2025-08-18,1291.52,1324.1600086423887
TR-036382,2025-08-18,4435.81,4501.822413977261
TR-036383,2025-08-18,1474.08,1538.4689246420503
TR-036384,2025-08-18,3001.21,2996.0586427508033
TR-036385,2025-08-18,5270.1,5558.265260120594
TR-036386,2025-08-18,1762.06,1808.5156064942394
TR-036387,2025-08-18,1780.32,1852.9445713575421
TR-036388,2025-08-18,3216.91,3370.685266597948
TR-036389,2025-08-18,4407.92,4571.4678263933665
TR-036390,2025-08-18,1040.88,1083.158978405409
TR-036391,2025-08-18,475.28,493.71794309553275
TR-036392,2025-08-18,9127.43,2968.0356459321492
TR-036393,2025-08-18,2986.01,3032.782386635246
TR-036394,2025-08-18,4112.57,4233.776945049805
TR-036395,2025-08-18,3004.7,3105.39067781592
TR-036396,2025-08-18,1405.11,1471.4223432678707
TR-036397,2025-08-18,921.85,952.7384949638601
TR-036398,2025-08-18,5391.98,5353.127317606955
TR-036399,2025-08-18,2704.57,2839.9846709889334
TR-036400,2025-08-18,3284.18,3324.8549895707893
TR-036401,2025-08-18,1396.72,1468.0254239647802
TR-036402,2025-08-18,1066.18,1111.0585380620582
TR-036403,2025-08-18,3184.97,3282.1337546963628
TR-036404,2025-08-18,4600.41,4714.2907148093545
TR-036405,2025-08-18,3414.08,3552.036595873732
TR-036406,2025-08-18,2600.97,2635.1922387420636
TR-036407,2025-08-18,2356.65,2383.813016484077
TR-036408,2025-08-18,2950.3,3051.585299878112
TR-036409,2025-08-18,1205.97,1241.476874801974
TR-036410,2025-08-18,1119.34,1162.4263735003049
TR-036411,2025-08-18,1151.14,1219.9806678957054
TR-036412,2025-08-18,2691.6,2664.782268843724
TR-036413,2025-08-18,1783.71,1865.6986816990814
TR-036414,2025-08-18,552.32,575.1103300612924
TR-036415,2025-08-18,1323.71,1320.318762126811
TR-036416,2025-08-18,1222.79,1246.8426112812676
TR-036417,2025-08-18,2446.14,2599.8600747762966
TR-036418,2025-08-18,1253.85,1295.976381625665
TR-036419,2025-08-18,1870.75,1859.3090827016113
TR-036420,2025-08-18,1694.82,1725.9518672391655
TR-036421,2025-08-18,1041.44,1089.5757382586366
TR-036422,2025-08-18,1695.68,1775.0168675701834
TR-036423,2025-08-18,907.4,934.3518834474619
TR-036424,2025-08-18,4036.53,4194.872801404048
TR-036425,2025-08-18,2205.14,2267.445054143815
TR-036426,2025-08-18,3675.29,3761.3367498582556
TR-036427,2025-08-18,2094.68,2113.4550791337697
TR-036428,2025-08-18,3807.79,3914.0283983188056
TR-036429,2025-08-18,4223.98,4150.074410942707
TR-036430,2025-08-18,1038.63,1059.4972489589954
TR-036431,2025-08-18,713.95,742.1006626079648
TR-036432,2025-08-18,3634.28,3735.327669685417
TR-036433,2025-08-18,3443.19,3620.3409791784507
TR-036434,2025-08-18,1497.08,1585.8847628206584
TR-036435,2025-08-18,4874.55,5084.592000865506
TR-036436,2025-08-18,845.52,903.3684657144981
TR-036437,2025-08-18,4633.79,4869.0967314885875
TR-036438,2025-08-18,2608.3,2639.7321706537227
TR-036439,2025-08-18,1073.13,1094.1369867770686
TR-036440,2025-08-18,2924.85,2998.7439020575207
TR-036441,2025-08-18,742.67,784.5174087239759
TR-036442,2025-08-18,3055.59,3193.3319960618273
TR-036443,2025-08-18,2569.04,2779.5370793211005
TR-036444,2025-08-18,1541.79,1560.8211141438069
TR-036445,2025-08-18,3784.74,3870.0745094931963
TR-036446,2025-08-18,1179.95,1244.9330893858341
TR-036447,2025-08-18,1593.1,1557.3086625854369
TR-036448,2025-08-18,1621.52,1665.4365192786588
TR-036449,2025-08-18,1540.02,1578.376652880289
TR-036450,2025-08-18,830.01,842.5074486964027
TR-036451,2025-08-18,1881.25,1958.7633307570036
TR-036452,2025-08-18,631.79,676.3371549644967
TR-036453,2025-08-18,3197.64,3269.7164333002534
TR-036454,2025-08-18,1219.62,1261.0589493718603
TR-036455,2025-08-18,3946.97,4033.470441211614
TR-036456,2025-08-18,1799.23,1774.8519804430548
TR-036457,2025-08-18,1389.5,1486.216460459995
TR-036458,2025-08-18,2763.16,2748.4438958691853
TR-036459,2025-08-18,3493.69,3535.473360855167
TR-036460,2025-08-18,1104.2,1153.0612684048374
TR-036461,2025-08-18,3292.21,3246.8571956689484
TR-036462,2025-08-18,2140.29,2153.3743274117783
TR-036463,2025-08-18,1333.56,1343.802651933186
TR-036464,2025-08-18,3545.35,3566.4811490931643
TR-036465,2025-08-18,246.24,282.05803751873714
TR-036466,2025-08-18,1876.54,1990.336112020196
TR-036467,2025-08-18,870.16,896.574711131585
TR-036468,2025-08-18,646.37,656.4960865704563
TR-036469,2025-08-18,2662.1,2660.121781468159
TR-036470,2025-08-18,2450.2,2439.63376722556
TR-036471,2025-08-18,1881.24,1951.2462725493913
TR-036472,2025-08-18,1239.46,1320.8479350606349
TR-036473,2025-08-18,2022.38,2077.1558447077637
TR-036474,2025-08-18,1068.71,1144.5219122832016
TR-036475,2025-08-18,3088.48,3177.377093089411
TR-036476,2025-08-18,2533.85,2620.4146077095934
TR-036477,2025-08-18,648.16,674.2181265842796
TR-036478,2025-08-19,4062.45,4068.13764172656
TR-036479,2025-08-19,2528.12,2592.9798387841856
TR-036480,2025-08-19,2170.15,2211.2675699716838
TR-036481,2025-08-19,2807.51,2910.5191828027364
TR-036482,2025-08-19,4494.76,4615.673369060132
TR-036483,2025-08-19,700.81,699.5900010487044
TR-036484,2025-08-19,1434.06,1464.7659036224463
TR-036485,2025-08-19,1421.04,1464.2670704567336
TR-036486,2025-08-19,3248.51,3399.4447198020853
TR-036487,2025-08-19,3482.69,3562.523107503796
TR-036488,2025-08-19,1940.19,1979.9253559638062
TR-036489,2025-08-19,577.87,571.167632116106
TR-036490,2025-08-19,1938.92,1967.2213061689597
TR-036491,2025-08-19,2529.01,2640.839207121208
TR-036492,2025-08-19,4145.98,4263.8404387797
TR-036493,2025-08-19,3683.08,3751.629459472122
TR-036494,2025-08-19,621.06,653.36678768506
TR-036495,2025-08-19,2412.3,2452.140322064
TR-036496,2025-08-19,1602.28,1631.9178516715456
TR-036497,2025-08-19,5007.09,5141.491673026616
TR-036498,2025-08-19,3974.93,4110.124352697325
TR-036499,2025-08-19,3785.29,3876.2256900677053
TR-036500,2025-08-19,3699.85,3806.6481804478144
TR-036501,2025-08-19,3577.21,3531.4415458354697
TR-036502,2025-08-19,2123.58,2175.6278689831925
TR-036503,2025-08-19,5212.13,5277.473335843953
TR-036504,2025-08-19,1360.75,1362.6571836349203
TR-036505,2025-08-19,2928.8,3101.6632218006725
TR-036506,2025-08-19,3687.08,3798.519439911512
TR-036507,2025-08-19,1239.01,1298.1760461983004
TR-036508,2025-08-19,698.91,722.2223718356372
TR-036509,2025-08-19,1890.03,1880.740789764874
TR-036510,2025-08-19,3376.05,3487.880064019999
TR-036511,2025-08-19,484.6,486.8910461673379
TR-036512,2025-08-19,3328.76,3339.2958456715187
TR-036513,2025-08-19,2946.23,3111.421707245314
TR-036514,2025-08-19,1713.96,1752.3324640097944
TR-036515,2025-08-19,2876.51,2887.048314022423
TR-036516,2025-08-19,2088.96,2100.753777989989
TR-036517,2025-08-19,3594.09,3691.5999288597604
TR-036518,2025-08-19,3494.05,3614.354561162372
TR-036519,2025-08-19,1114.24,1142.859486886624
TR-036520,2025-08-19,2714.49,2762.710108656061
TR-036521,2025-08-19,1401.37,1428.1967514413104
TR-036522,2025-08-19,2062.24,2089.000908865615
TR-036523,2025-08-19,910.62,975.3856158545811
TR-036524,2025-08-19,2451.68,2476.536683258651
TR-036525,2025-08-19,1876.04,1939.3894732759268
TR-036526,2025-08-19,643.19,662.636448362198
TR-036527,2025-08-19,2168.16,2316.049978398416
TR-036528,2025-08-19,3719.7,3666.693760889566
TR-036529,2025-08-19,3308.92,3327.5458502388155
TR-036530,2025-08-19,2682.76,2795.783037744409
TR-036531,2025-08-19,1574.32,1577.6367607817176
TR-036532,2025-08-19,4083.58,4137.011999925118
TR-036533,2025-08-19,1889.76,1945.9706054498936
TR-036534,2025-08-19,4693.35,4902.078207296467
TR-036535,2025-08-19,3092.36,3118.06395272424
TR-036536,2025-08-19,1094.04,1151.1565864443805
TR-036537,2025-08-19,1201.66,1215.1307815413375
TR-036538,2025-08-19,2757.2,2693.850317125717
TR-036539,2025-08-19,2296.67,2387.75900849657
TR-036540,2025-08-19,2650.75,2679.7314358346225
TR-036541,2025-08-19,1098.72,1136.650371989254
TR-036542,2025-08-19,1292.85,1322.3106284789746
TR-036543,2025-08-19,780.91,842.5862178091772
TR-036544,2025-08-19,2459.64,2490.9837507175444
TR-036545,2025-08-19,2801.49,2821.838427162167
TR-036546,2025-08-19,881.77,941.4691725955256
TR-036547,2025-08-19,4040.94,4099.2939216969025
TR-036548,2025-08-19,269.95,324.37970672351025
TR-036549,2025-08-19,1487.21,1486.2453209845125
TR-036550,2025-08-19,1881.32,1970.4432613209233
TR-036551,2025-08-19,1649.02,1738.5655378092335
TR-036552,2025-08-19,3390.6,3504.4973405710243
TR-036553,2025-08-19,2499.47,2681.099129063711
TR-036554,2025-08-19,1415.92,1521.5868800609096
TR-036555,2025-08-19,2284.29,2356.5053417848835
TR-036556,2025-08-19,1813.52,1895.7163801154513
TR-036557,2025-08-19,1186.67,1253.7758749928973
TR-036558,2025-08-19,640.91,676.2641972534179
TR-036559,2025-08-19,3199.7,3249.729959496386
TR-036560,2025-08-19,330.59,334.07372762913906
TR-036561,2025-08-19,1762.13,1755.9127374769039
TR-036562,2025-08-19,2439.47,2560.924057337158
TR-036563,2025-08-19,1363.3,1421.1366612578881
TR-036564,2025-08-19,1700.11,1787.9818728274013
TR-036565,2025-08-19,888.84,913.3745266442011
TR-036566,2025-08-19,768.75,769.0609530848812
TR-036567,2025-08-19,423.14,398.1099192014758
TR-036568,2025-08-19,2057.14,2047.329584496813
TR-036569,2025-08-19,2365.86,2338.6721765792836
TR-036570,2025-08-19,4523.85,4538.010968051041
TR-036571,2025-08-19,2401.06,2439.2448378205704
TR-036572,2025-08-19,611.69,634.6915208490129
TR-036573,2025-08-19,1834.73,1903.33659220861
TR-036574,2025-08-19,3876.58,3921.460498341364
TR-036575,2025-08-19,4178.76,4292.791455110318
TR-036576,2025-08-19,2125.87,2208.945790064685
TR-036577,2025-08-19,808.98,852.818280887288
TR-036578,2025-08-19,5132.34,5408.761955633579
TR-036579,2025-08-19,3954.67,4127.828296174819
TR-036580,2025-08-19,4222.39,4358.761216501503
TR-036581,2025-08-19,779.19,836.740756107401
TR-036582,2025-08-19,305.5,292.93844886798183
TR-036583,2025-08-19,927.53,982.1285011478099
TR-036584,2025-08-19,4263.95,4478.635308351672
TR-036585,2025-08-19,1070.05,1136.8944868823492
TR-036586,2025-08-19,1551.73,1626.751158801073
TR-036587,2025-08-19,5028.79,5245.5201438499125
TR-036588,2025-08-19,1432.27,1501.7630757153001
TR-036589,2025-08-19,1249.37,1324.5046563119713
TR-036590,2025-08-19,3132.86,3151.3295805893376
TR-036591,2025-08-19,545.0,565.1172042970252
TR-036592,2025-08-19,3215.76,3233.857717878178
TR-036593,2025-08-19,2014.18,2012.671585150377
TR-036594,2025-08-19,2571.46,2575.626013099604
TR-036595,2025-08-19,1139.56,1174.233473868735
TR-036596,2025-08-19,5055.89,5152.022851829901
TR-036597,2025-08-19,1867.51,1917.809992401884
TR-036598,2025-08-19,1233.19,439.89266598079394
TR-036599,2025-08-19,1651.75,1718.028635058643
TR-036600,2025-08-19,2183.06,2254.512609667012
TR-036601,2025-08-19,4622.21,4961.89225169671
TR-036602,2025-08-19,3186.96,3373.010394953641
TR-036603,2025-08-19,4157.95,4209.895900852077
TR-036604,2025-08-19,1086.93,1191.2995781193022
TR-036605,2025-08-19,2969.49,3117.2944218132207
TR-036606,2025-08-19,5016.26,5152.813894409352
TR-036607,2025-08-19,251.48,283.90630475703597
TR-036608,2025-08-19,475.77,464.0837519805541
TR-036609,2025-08-19,4493.84,4629.493531629723
TR-036610,2025-08-20,1386.42,329.96289630026604
TR-036611,2025-08-20,1283.24,1338.1161735044484
TR-036612,2025-08-20,3774.05,3877.8817460110354
TR-036613,2025-08-20,2310.44,2288.573990268152
TR-036614,2025-08-20,2867.53,2942.706717773015
TR-036615,2025-08-20,4091.63,4102.425366415147
TR-036616,2025-08-20,2104.27,761.4852354804375
TR-036617,2025-08-20,3897.69,3956.490385635201
TR-036618,2025-08-20,2244.64,2307.1590853359708
TR-036619,2025-08-20,2651.55,2860.7492477533337
TR-036620,2025-08-20,2380.7,2327.508791518979
TR-036621,2025-08-20,829.39,888.5654062524693
TR-036622,2025-08-20,1473.56,1485.393007383552
TR-036623,2025-08-20,3636.99,3618.0920880055637
TR-036624,2025-08-20,915.54,943.3145643731114
TR-036625,2025-08-20,1183.23,1203.7916781908227
TR-036626,2025-08-20,4304.02,4193.634293075927
TR-036627,2025-08-20,4808.84,4836.059742169334
TR-036628,2025-08-20,1391.56,1441.49599327854
TR-036629,2025-08-20,1284.09,1372.1145292312194
TR-036630,2025-08-20,1595.82,1595.324645287338
TR-036631,2025-08-20,2925.66,2980.958597030636
TR-036632,2025-08-20,3402.74,3617.417663583991
TR-036633,2025-08-20,3447.63,3549.9861659755616
TR-036634,2025-08-20,2126.57,2113.0969217364923
TR-036635,2025-08-20,3155.17,3223.968954685388
TR-036636,2025-08-20,5422.39,5538.67874875937
TR-036637,2025-08-20,3591.08,3791.753532615219
TR-036638,2025-08-20,5169.48,5395.394741691963
TR-036639,2025-08-20,3599.34,3661.149899829101
TR-036640,2025-08-20,2646.7,2782.22893768942
TR-036641,2025-08-20,472.55,475.39900217614877
TR-036642,2025-08-20,863.42,881.1990040569967
TR-036643,2025-08-20,1960.5,1973.809440717144
TR-036644,2025-08-20,342.72,1483.6628299378665
TR-036645,2025-08-20,2388.92,2401.298384289899
TR-036646,2025-08-20,2259.87,2202.306207952244
TR-036647,2025-08-20,2261.14,2285.0141776342352
TR-036648,2025-08-20,1790.72,1828.8701821625614
TR-036649,2025-08-20,1034.76,1071.48062838034
TR-036650,2025-08-20,1851.91,1900.824449641414
TR-036651,2025-08-20,1013.63,1029.6349548466276
TR-036652,2025-08-20,954.57,997.2847125422413
TR-036653,2025-08-20,814.6,834.2803526389325
TR-036654,2025-08-20,636.77,642.5767006454457
TR-036655,2025-08-20,1098.68,4506.716696337746
TR-036656,2025-08-20,2434.53,2455.854827925411
TR-036657,2025-08-20,501.72,470.4623641983644
TR-036658,2025-08-20,3768.26,3826.2949521128426
TR-036659,2025-08-20,672.86,664.7674274997419
TR-036660,2025-08-20,3694.93,3772.416901900307
TR-036661,2025-08-20,1834.61,1826.3988959503422
TR-036662,2025-08-20,1855.13,1913.8434070344024
TR-036663,2025-08-20,1850.53,1884.1185225411834
TR-036664,2025-08-20,2405.01,2504.587127517689
TR-036665,2025-08-20,1585.92,1577.618131379106
TR-036666,2025-08-20,485.3,497.9125141203965
TR-036667,2025-08-20,1466.89,1561.728046365825
TR-036668,2025-08-20,3732.56,3837.9378853058906
TR-036669,2025-08-20,969.07,1003.0658959481297
TR-036670,2025-08-20,1597.78,1612.3738761877078
TR-036671,2025-08-20,1033.53,1075.304404409218
TR-036672,2025-08-20,1007.86,1056.4143681833016
TR-036673,2025-08-20,2015.73,2083.9986166054205
TR-036674,2025-08-20,4108.8,4174.510017241334
TR-036675,2025-08-20,2542.56,2649.530116970936
TR-036676,2025-08-20,2090.52,2191.5943022088395
TR-036677,2025-08-20,2214.55,2313.686530950259
TR-036678,2025-08-20,601.12,622.0944488859511
TR-036679,2025-08-20,1374.58,1398.7735259888045
TR-036680,2025-08-20,11839.2,3422.761282162001
TR-036681,2025-08-20,3288.75,3275.8373765234337
TR-036682,2025-08-20,1945.54,2044.5311779531528
TR-036683,2025-08-20,1951.68,1991.1075082105142
TR-036684,2025-08-20,1038.02,1066.1814755268197
TR-036685,2025-08-20,721.78,701.9938737624379
TR-036686,2025-08-20,1436.61,1444.7728763461428
TR-036687,2025-08-20,1764.72,1738.075315148879
TR-036688,2025-08-20,2089.6,2206.3764003645597
TR-036689,2025-08-20,1890.54,1888.4940639425583
TR-036690,2025-08-20,2105.68,2171.5103319781574
TR-036691,2025-08-20,5533.57,5752.818689662925
TR-036692,2025-08-20,1474.64,1540.4150650079537
TR-036693,2025-08-20,3669.47,3772.7156134437237
TR-036694,2025-08-20,2434.45,2567.2691384550694
TR-036695,2025-08-20,4408.52,4579.927927910944
TR-036696,2025-08-20,3681.09,3662.4641130413747
TR-036697,2025-08-20,3813.32,3836.698347864017
TR-036698,2025-08-20,3441.2,3472.40578990621
TR-036699,2025-08-20,3826.6,3775.7721249493934
TR-036700,2025-08-20,1209.64,1191.314973102773
TR-036701,2025-08-20,842.96,892.5955067344833
TR-036702,2025-08-20,1325.4,1368.6031334796721
TR-036703,2025-08-20,1785.26,1828.4499880900519
TR-036704,2025-08-20,3738.53,3961.4686128535122
TR-036705,2025-08-20,1789.47,1791.483089435642
TR-036706,2025-08-20,2219.86,2288.2005932076468
TR-036707,2025-08-20,3637.47,3827.104981266779
TR-036708,2025-08-20,6180.67,6439.75418423922
TR-036709,2025-08-20,4075.64,4330.495576657465
TR-036710,2025-08-20,218.86,249.7461549600721
TR-036711,2025-08-20,2243.05,2382.380112934762
TR-036712,2025-08-20,4382.01,4394.405184259174
TR-036713,2025-08-20,510.82,487.10143577593385
TR-036714,2025-08-20,4325.54,4389.461442613812
TR-036715,2025-08-20,989.96,1005.1881601863487
TR-036716,2025-08-20,2755.51,2734.634123017287
TR-036717,2025-08-20,704.44,710.2547354618157
TR-036718,2025-08-20,2691.38,2772.485511285446
TR-036719,2025-08-20,3913.51,3965.400701194017
TR-036720,2025-08-20,1091.2,1110.343604613389
TR-036721,2025-08-20,3753.75,3719.5529950559558
TR-036722,2025-08-20,1375.57,1415.2208768565756
TR-036723,2025-08-20,725.83,720.4735595996367
TR-036724,2025-08-20,1370.4,1427.7829691255488
TR-036725,2025-08-20,956.28,969.5207227994119
TR-036726,2025-08-20,2748.99,2800.96289885181
TR-036727,2025-08-20,4305.07,4551.733915342651
TR-036728,2025-08-20,1285.25,1324.119266200224
TR-036729,2025-08-20,1712.54,1803.0993937107266
TR-036730,2025-08-20,3234.1,3345.4937397470003
TR-036731,2025-08-20,3722.53,3896.9641402477546
TR-036732,2025-08-20,657.03,647.1018386940443
TR-036733,2025-08-20,2707.86,2826.9602192872553
TR-036734,2025-08-20,2152.23,2156.8421528226772
TR-036735,2025-08-20,3067.5,3182.302398689345
TR-036736,2025-08-20,1009.51,1030.3367536853368
TR-036737,2025-08-20,2068.94,2143.1627205069312
TR-036738,2025-08-20,4399.22,4451.558292579066
TR-036739,2025-08-20,910.13,902.5506666542483
TR-036740,2025-08-20,1244.46,1316.5485759711908
TR-036741,2025-08-20,2054.36,2090.352680066005
TR-036742,2025-08-20,3311.12,3420.799985051359
TR-036743,2025-08-20,3116.25,3273.1933263898254
TR-036744,2025-08-20,972.59,988.6385688204057
TR-036745,2025-08-20,1528.99,1630.8923607395016
TR-036746,2025-08-20,904.99,907.7689332055163
TR-036747,2025-08-20,2681.57,2875.708956996946
TR-036748,2025-08-20,4782.94,4892.374840787075
TR-036749,2025-08-20,2305.82,2327.502206706262
TR-036750,2025-08-20,1135.08,1154.9432272888037
TR-036751,2025-08-20,1621.15,1660.2509160675581
TR-036752,2025-08-20,2537.55,2586.34155625698
TR-036753,2025-08-20,1166.11,1183.917730995929
TR-036754,2025-08-20,1535.6,1513.9816486104135
TR-036755,2025-08-20,1724.39,1770.4825340859168
TR-036756,2025-08-20,493.53,496.10932683454735
TR-036757,2025-08-20,3778.8,3888.246965088347
TR-036758,2025-08-20,946.97,991.4457736246479
TR-036759,2025-08-20,1586.05,1590.1248174775014
TR-036760,2025-08-20,588.43,606.8050597102151
TR-036761,2025-08-20,3540.52,3672.064480721642
TR-036762,2025-08-20,2164.19,2205.8127512002984
TR-036763,2025-08-20,4327.83,4467.097716394281
TR-036764,2025-08-20,4999.28,5112.598010428569
TR-036765,2025-08-20,4525.36,4745.723062958643
TR-036766,2025-08-20,1804.96,1856.4618027870329
TR-036767,2025-08-20,1452.84,1466.3611302575537
TR-036768,2025-08-20,3612.33,3849.6731158861908
TR-036769,2025-08-20,660.26,673.5798053938506
TR-036770,2025-08-20,5089.9,5258.138696905306
TR-036771,2025-08-20,4681.91,4968.196927088953
TR-036772,2025-08-20,989.75,1055.733810796843
TR-036773,2025-08-20,3808.51,3933.557572120889
TR-036774,2025-08-20,2535.37,2486.887665936454
TR-036775,2025-08-20,2002.27,2014.9502481377258
TR-036776,2025-08-20,1186.24,1289.6650477980195
TR-036777,2025-08-20,3466.25,3430.6751443131993
TR-036778,2025-08-21,697.99,717.9975695391372
TR-036779,2025-08-21,2390.25,2420.8323079371257
TR-036780,2025-08-21,949.82,999.3754036679775
TR-036781,2025-08-21,2029.95,2047.6681867578916
TR-036782,2025-08-21,1791.15,1799.1763983485305
TR-036783,2025-08-21,1570.09,1568.5514100358837
TR-036784,2025-08-21,2239.63,2287.4999451185167
TR-036785,2025-08-21,1638.23,1615.7736907348265
TR-036786,2025-08-21,990.81,1002.2344200289614
TR-036787,2025-08-21,3892.62,3999.913170404023
TR-036788,2025-08-21,971.16,1027.621875542579
TR-036789,2025-08-21,1270.17,1373.9610150476265
TR-036790,2025-08-21,5285.51,5380.945837167821
TR-036791,2025-08-21,847.21,862.4763458718003
TR-036792,2025-08-21,5067.94,5093.755830457714
TR-036793,2025-08-21,4868.53,4956.762009602708
TR-036794,2025-08-21,1579.37,1607.6041887142462
TR-036795,2025-08-21,3794.2,3850.6805279086966
TR-036796,2025-08-21,1145.33,1192.635423546848
TR-036797,2025-08-21,1837.01,1912.3040793244004
TR-036798,2025-08-21,748.1,776.124565957794
TR-036799,2025-08-21,1619.03,1702.677480916008
TR-036800,2025-08-21,2244.95,2287.5764692732364
TR-036801,2025-08-21,2897.26,2947.8828577424447
TR-036802,2025-08-21,1933.26,1964.242942517688
TR-036803,2025-08-21,6445.9,6733.052115038981
TR-036804,2025-08-21,3509.63,3644.6573199270088
TR-036805,2025-08-21,881.82,906.6430085307732
TR-036806,2025-08-21,1117.21,1180.6189570249994
TR-036807,2025-08-21,884.12,863.9024440677852
TR-036808,2025-08-21,1004.87,1072.1755486232523
TR-036809,2025-08-21,1786.82,1834.323216174378
TR-036810,2025-08-21,1253.59,1260.3829427730889
TR-036811,2025-08-21,4403.73,4540.475563853082
TR-036812,2025-08-21,767.18,768.7323505934871
TR-036813,2025-08-21,3856.7,4113.344778083635
TR-036814,2025-08-21,1758.47,1862.3839848150728
TR-036815,2025-08-21,2669.68,2677.174557909478
TR-036816,2025-08-21,1292.01,1313.112971061492
TR-036817,2025-08-21,3610.69,3652.815710121074
TR-036818,2025-08-21,1019.65,1130.5025559048627
TR-036819,2025-08-21,333.85,347.09449526996696
TR-036820,2025-08-21,2059.99,2072.0422213744855
TR-036821,2025-08-21,1276.36,1393.962162058659
TR-036822,2025-08-21,4884.31,4871.632340847427
TR-036823,2025-08-21,2222.35,2363.7531088051946
TR-036824,2025-08-21,1108.91,1151.91718908855
TR-036825,2025-08-21,3056.51,3338.2794589862688
TR-036826,2025-08-21,2399.16,2398.6033967085546
TR-036827,2025-08-21,3246.87,3293.90023807604
TR-036828,2025-08-21,918.93,949.5563905459794
TR-036829,2025-08-21,3712.27,3724.271045560662
TR-036830,2025-08-21,1929.4,1999.2592701108686
TR-036831,2025-08-21,1986.98,2033.9045562344563
TR-036832,2025-08-21,2160.97,2287.204448240146
TR-036833,2025-08-21,2817.46,2888.874070325618
TR-036834,2025-08-21,3299.81,3411.198081976305
TR-036835,2025-08-21,6089.99,6354.667133769451
TR-036836,2025-08-21,2457.42,2553.5847567260257
TR-036837,2025-08-21,1202.6,1270.5983834310564
TR-036838,2025-08-21,2550.17,2570.261793642362
TR-036839,2025-08-21,1642.54,1697.9054266724524
TR-036840,2025-08-21,1239.55,1288.6734812651296
TR-036841,2025-08-21,2014.39,2076.7251343300163
TR-036842,2025-08-21,1775.15,1801.5827991110068
TR-036843,2025-08-21,842.84,852.9272643697691
TR-036844,2025-08-21,1736.32,1732.1487938184562
TR-036845,2025-08-21,2515.93,2637.42904205248
TR-036846,2025-08-21,1714.47,1805.0485366580917
TR-036847,2025-08-21,1150.61,1207.2051496610343
TR-036848,2025-08-21,1076.29,1157.9614274334526
TR-036849,2025-08-21,1611.52,1617.134935530179
TR-036850,2025-08-21,515.58,521.0630385672587
TR-036851,2025-08-21,1628.64,1684.1290783815246
TR-036852,2025-08-21,1712.3,1780.3626320602648
TR-036853,2025-08-21,4457.75,4580.475666473292
TR-036854,2025-08-21,1136.15,1205.986391773262
TR-036855,2025-08-21,3759.61,3695.8492417844127
TR-036856,2025-08-21,3034.0,3195.5179641429672
TR-036857,2025-08-21,2928.26,2882.905879135218
TR-036858,2025-08-21,1902.46,1950.4702102638505
TR-036859,2025-08-21,2817.21,2853.8576977927078
TR-036860,2025-08-21,1879.48,1943.380442456151
TR-036861,2025-08-21,1845.85,1820.4851758588952
TR-036862,2025-08-21,2318.82,2427.642428794221
TR-036863,2025-08-21,1856.59,1923.493641368286
TR-036864,2025-08-21,3400.02,3510.3628555114965
TR-036865,2025-08-21,1034.15,1114.4739357210092
TR-036866,2025-08-21,2274.67,2356.8600298675838
TR-036867,2025-08-21,3866.5,3961.0101473344994
TR-036868,2025-08-21,550.87,558.7958594114871
TR-036869,2025-08-21,2077.94,2126.088794829919
TR-036870,2025-08-21,1560.6,1609.2040425592172
TR-036871,2025-08-21,506.1,523.2051886154507
TR-036872,2025-08-21,4790.81,4947.7682518054735
TR-036873,2025-08-21,1957.68,2069.938950061072
TR-036874,2025-08-21,3303.46,3523.820570263856
TR-036875,2025-08-21,2290.55,2294.538253256445
TR-036876,2025-08-21,1119.74,1156.0288731156047
TR-036877,2025-08-21,1889.92,2019.9739409789238
TR-036878,2025-08-21,1867.94,1895.3683927891345
TR-036879,2025-08-21,1640.97,1687.4958935704437
TR-036880,2025-08-21,1284.06,1389.9902248434241
TR-036881,2025-08-21,1440.59,1495.7544335625576
TR-036882,2025-08-21,5418.53,5604.9966395592455
TR-036883,2025-08-21,2669.51,2676.397594433928
TR-036884,2025-08-21,2243.76,2320.1608978925187
TR-036885,2025-08-21,3686.52,3781.271804663681
TR-036886,2025-08-21,3291.83,3415.4022676094532
TR-036887,2025-08-21,2216.2,2249.1251308324713
TR-036888,2025-08-21,316.32,333.2118233634619
TR-036889,2025-08-21,4229.19,4260.046787224568
TR-036890,2025-08-21,916.1,957.1314903844864
TR-036891,2025-08-21,4069.8,4148.246162357789
TR-036892,2025-08-21,3132.63,3088.9953489207455
TR-036893,2025-08-21,1151.52,1169.5289232093155
TR-036894,2025-08-21,3740.47,3881.3242513387613
TR-036895,2025-08-21,1761.83,1759.7466049054092
TR-036896,2025-08-21,227.45,263.0301795770199
TR-036897,2025-08-21,3116.42,3204.0451002924847
TR-036898,2025-08-21,3538.11,3586.0284135496295
TR-036899,2025-08-21,1396.51,1443.069367409322
TR-036900,2025-08-21,1891.09,1896.189678119298
TR-036901,2025-08-21,679.82,718.4107314240396
TR-036902,2025-08-21,1090.2,1127.1254843049655
TR-036903,2025-08-21,3525.78,3591.947872240524
TR-036904,2025-08-21,3345.13,3497.8387442727094
TR-036905,2025-08-21,3381.17,3513.893269714935
TR-036906,2025-08-21,5342.18,5487.892720439677
TR-036907,2025-08-21,4353.98,4499.028813238372
TR-036908,2025-08-21,578.24,578.6392433412557
TR-036909,2025-08-21,1648.21,1625.8060749279634
TR-036910,2025-08-21,526.23,554.4952684393004
TR-036911,2025-08-21,2766.38,2815.586698026694
TR-036912,2025-08-21,2474.42,2533.115010341997
TR-036913,2025-08-21,3814.88,3986.125447027074
TR-036914,2025-08-21,1161.68,1226.808715946585
TR-036915,2025-08-21,2231.31,2258.595951184995
TR-036916,2025-08-21,2401.98,2425.1085612160705
TR-036917,2025-08-21,2888.44,3132.2570496246426
TR-036918,2025-08-21,1856.3,1870.3997209102283
TR-036919,2025-08-21,2593.53,2642.4530542823313
TR-036920,2025-08-21,2925.55,3043.0933757878247
TR-036921,2025-08-21,1272.48,1325.2504657893653
TR-036922,2025-08-21,648.07,650.9614664891594
TR-036923,2025-08-21,5258.82,5395.797826307346
TR-036924,2025-08-21,249.52,773.1923655280139
TR-036925,2025-08-21,2773.08,2811.192644569672
TR-036926,2025-08-21,2780.93,2856.7198355268165
TR-036927,2025-08-21,4470.46,4656.224988278037
TR-036928,2025-08-21,2415.52,2452.7997108650416
TR-036929,2025-08-21,2272.12,2281.116474637493
TR-036930,2025-08-21,14362.88,3528.5736471799273
TR-036931,2025-08-21,2555.97,2633.585625043039
TR-036932,2025-08-21,5076.78,5238.618386642105
TR-036933,2025-08-21,3778.41,3857.6846354722675
TR-036934,2025-08-21,3556.83,3569.0884612406326
TR-036935,2025-08-21,935.62,995.5142538882496
TR-036936,2025-08-21,1011.03,1079.291609221097
TR-036937,2025-08-21,1645.78,1742.271670384617
TR-036938,2025-08-21,4947.36,5041.948362870352
TR-036939,2025-08-21,1275.31,1349.374520706429
TR-036940,2025-08-21,4222.13,4366.727866722922
TR-036941,2025-08-21,3501.53,3686.886665596359
TR-036942,2025-08-21,2180.5,2292.5719887857513
TR-036943,2025-08-22,1029.15,1048.7222649002458
TR-036944,2025-08-22,1334.05,1381.4444650796058
TR-036945,2025-08-22,1525.93,1561.485065314359
TR-036946,2025-08-22,348.27,399.5660089914679
TR-036947,2025-08-22,954.67,1027.6174368878746
TR-036948,2025-08-22,1958.51,2008.9365705962268
TR-036949,2025-08-22,5154.03,5294.307933979398
TR-036950,2025-08-22,842.65,841.5829683053137
TR-036951,2025-08-22,3665.34,3709.023718771691
TR-036952,2025-08-22,1946.35,2132.6439529731265
TR-036953,2025-08-22,664.28,2004.9087642573052
TR-036954,2025-08-22,4097.41,4258.487261463051
TR-036955,2025-08-22,1537.52,1658.8604543389097
TR-036956,2025-08-22,3218.08,3380.795491253265
TR-036957,2025-08-22,2701.36,2865.809491275513
TR-036958,2025-08-22,573.81,572.3650103272698
TR-036959,2025-08-22,1697.95,1782.9572186454639
TR-036960,2025-08-22,695.52,695.864606862619
TR-036961,2025-08-22,1109.67,3818.009841807041
TR-036962,2025-08-22,4321.15,4445.55066131213
TR-036963,2025-08-22,5249.85,5563.245696318489
TR-036964,2025-08-22,1866.21,1885.3405530803389
TR-036965,2025-08-22,2688.22,2857.878207202961
TR-036966,2025-08-22,1306.2,1335.741881302377
TR-036967,2025-08-22,2127.18,2194.8603448985627
TR-036968,2025-08-22,1962.15,2137.995590865822
TR-036969,2025-08-22,1022.31,1058.6239854158011
TR-036970,2025-08-22,3930.77,4198.89079409355
TR-036971,2025-08-22,2197.33,2270.928033903867
TR-036972,2025-08-22,239.63,237.0473579224065
TR-036973,2025-08-22,946.18,955.7452872639094
TR-036974,2025-08-22,2460.35,2637.19379013466
TR-036975,2025-08-22,5255.27,5347.689329915529
TR-036976,2025-08-22,4195.1,4320.507430092928
TR-036977,2025-08-22,1262.86,1343.6363743035129
TR-036978,2025-08-22,1053.46,1117.2837887974993
TR-036979,2025-08-22,1241.93,1335.5018818021658
TR-036980,2025-08-22,4522.51,4496.457018301907
TR-036981,2025-08-22,3349.09,3477.5115071236846
TR-036982,2025-08-22,526.72,571.3682874378212
TR-036983,2025-08-22,4815.5,5079.225700956826
TR-036984,2025-08-22,3303.55,3359.409491510987
TR-036985,2025-08-22,3635.08,3897.4819971637303
TR-036986,2025-08-22,1863.97,1866.4055208121613
TR-036987,2025-08-22,1871.41,1955.0832410386554
TR-036988,2025-08-22,1547.77,1613.4864861742083
TR-036989,2025-08-22,666.16,665.2934200234129
TR-036990,2025-08-22,2285.14,2379.349727442405
TR-036991,2025-08-22,1405.65,1478.1730755575054
TR-036992,2025-08-22,754.23,804.0477167600172
TR-036993,2025-08-22,3060.21,3139.7603609094244
TR-036994,2025-08-22,1216.75,1275.086128175694
TR-036995,2025-08-22,2960.5,2948.778118323484
TR-036996,2025-08-22,1947.58,2003.4159056166986
TR-036997,2025-08-22,1676.59,1728.525366250672
TR-036998,2025-08-22,1857.57,1918.1879306053274
TR-036999,2025-08-22,2961.48,3042.4241087533856
TR-037000,2025-08-22,2064.48,2177.8288017597247
TR-037001,2025-08-22,2454.6,2515.179951008543
TR-037002,2025-08-22,2147.36,2186.1010840979648
TR-037003,2025-08-22,1343.79,1446.5591599176455
TR-037004,2025-08-22,1784.4,1812.6531435932407
TR-037005,2025-08-22,1785.93,1804.46348979792
TR-037006,2025-08-22,1400.87,1460.8240421977073
TR-037007,2025-08-22,5043.72,5159.981894164281
TR-037008,2025-08-22,4386.83,4523.231960490687
TR-037009,2025-08-22,1935.05,1928.1957885224801
TR-037010,2025-08-22,1328.92,1424.8817546958353
TR-037011,2025-08-22,1021.56,1116.2295362378438
TR-037012,2025-08-22,3409.39,3589.6615709343505
TR-037013,2025-08-22,2999.84,3038.534393347821
TR-037014,2025-08-22,1611.21,1669.5111165343305
TR-037015,2025-08-22,855.73,908.9435872693314
TR-037016,2025-08-22,2162.53,2234.650702718914
TR-037017,2025-08-22,3853.5,3848.8929329771236
TR-037018,2025-08-22,709.62,705.1228625181241
TR-037019,2025-08-22,1572.54,1606.5165065110655
TR-037020,2025-08-22,2631.26,2641.8411565521656
TR-037021,2025-08-22,4036.45,4185.18122310107
TR-037022,2025-08-22,3321.75,3399.5953958763066
TR-037023,2025-08-22,679.98,703.8757161778444
TR-037024,2025-08-22,1002.94,1041.608919750067
TR-037025,2025-08-22,3095.69,3250.5436353040323
TR-037026,2025-08-22,2806.91,2842.194570872681
TR-037027,2025-08-22,5454.33,5757.004710646588
TR-037028,2025-08-22,4504.06,4495.992302764711
TR-037029,2025-08-22,1004.1,1023.3549962294983
TR-037030,2025-08-22,1573.25,1582.5908062824685
TR-037031,2025-08-22,3219.57,3345.9917148475133
TR-037032,2025-08-22,2652.04,2681.930994905033
TR-037033,2025-08-22,1680.37,1690.456898232123
TR-037034,2025-08-22,3740.15,3956.6726941020293
TR-037035,2025-08-22,5376.34,5637.282855379175
TR-037036,2025-08-22,1506.92,1528.7719913362525
TR-037037,2025-08-22,4308.01,4487.031829168207
TR-037038,2025-08-22,1879.92,1940.7173037535836
TR-037039,2025-08-22,1318.97,1376.757207259742
TR-037040,2025-08-22,707.9,755.6985032638793
TR-037041,2025-08-22,2404.88,2528.495904517409
TR-037042,2025-08-22,1524.89,1560.3871839717012
TR-037043,2025-08-22,2476.08,2651.5500071538754
TR-037044,2025-08-22,1382.58,1375.400362986296
TR-037045,2025-08-22,1765.69,1788.2996962340385
TR-037046,2025-08-22,1305.11,1340.5276348214898
TR-037047,2025-08-22,4092.43,4135.12675544921
TR-037048,2025-08-22,607.66,657.9032499206362
TR-037049,2025-08-22,1649.33,1651.0724428656156
TR-037050,2025-08-22,5347.7,5436.036117386973
TR-037051,2025-08-22,1765.59,1774.6490874581948
TR-037052,2025-08-22,2048.33,2084.4050474575897
TR-037053,2025-08-22,2025.53,2142.0327699447503
TR-037054,2025-08-22,4752.73,5136.5810893062135
TR-037055,2025-08-22,1782.3,1867.285803768575
TR-037056,2025-08-22,2333.46,2415.955806718948
TR-037057,2025-08-22,862.5,892.5061332951093
TR-037058,2025-08-22,6036.06,6152.899984398497
TR-037059,2025-08-22,1218.12,1327.4172690690125
TR-037060,2025-08-22,445.02,462.0495780873043
TR-037061,2025-08-22,947.41,961.8457189760554
TR-037062,2025-08-22,460.11,465.67753140311106
TR-037063,2025-08-22,5754.79,5827.380791024447
TR-037064,2025-08-22,2154.21,2191.98440478346
TR-037065,2025-08-22,2438.81,2526.924408719187
TR-037066,2025-08-22,3197.26,3259.3211757868053
TR-037067,2025-08-22,5150.15,5449.250797177564
TR-037068,2025-08-22,2655.51,2839.72859045538
TR-037069,2025-08-22,958.7,970.4092288799181
TR-037070,2025-08-22,3207.35,3250.7409620392636
TR-037071,2025-08-22,1741.96,1771.8033079179106
TR-037072,2025-08-22,2491.35,2565.1573498534253
TR-037073,2025-08-22,1015.7,1091.0589018704504
TR-037074,2025-08-22,3837.73,3936.6097376376783
TR-037075,2025-08-22,440.22,457.20802280438056
TR-037076,2025-08-23,4926.52,5018.558056716247
TR-037077,2025-08-23,2243.56,2378.8138450636925
TR-037078,2025-08-23,1403.99,1491.7947718203905
TR-037079,2025-08-23,758.3,780.5488243418963
TR-037080,2025-08-23,5422.12,5433.584374033048
TR-037081,2025-08-23,3864.3,4134.077422370641
TR-037082,2025-08-23,2355.88,2489.2579303828716
TR-037083,2025-08-23,4208.52,4510.937194266644
TR-037084,2025-08-23,876.19,911.8565602022086
TR-037085,2025-08-23,680.26,704.3293902014816
TR-037086,2025-08-23,1540.43,1639.0559991945436
TR-037087,2025-08-23,2336.74,2362.6109126149804
TR-037088,2025-08-23,3525.59,3569.5637214611347
TR-037089,2025-08-23,3444.13,3514.8023747407096
TR-037090,2025-08-23,1364.33,1426.281337392371
TR-037091,2025-08-23,3290.93,3491.0575947189145
TR-037092,2025-08-23,2906.55,3063.6403432938855
TR-037093,2025-08-23,1712.77,1755.2895610444489
TR-037094,2025-08-23,1885.57,2000.1398768196982
TR-037095,2025-08-23,2926.84,2995.4000584101022
TR-037096,2025-08-23,1670.48,1734.9062376719394
TR-037097,2025-08-23,4443.39,4607.036207990509
TR-037098,2025-08-23,2889.83,2942.0831359437248
TR-037099,2025-08-23,2091.31,2120.417833984147
TR-037100,2025-08-23,4058.8,4166.624292974412
TR-037101,2025-08-23,3483.18,3585.3066869398544
TR-037102,2025-08-23,2376.56,2417.365172385206
TR-037103,2025-08-23,1290.75,1381.6052653393053
TR-037104,2025-08-23,2556.88,2557.5292572329363
TR-037105,2025-08-23,1196.96,1278.7648085253168
TR-037106,2025-08-23,692.62,709.4519884409056
TR-037107,2025-08-23,2441.75,2516.0871989633324
TR-037108,2025-08-23,2519.17,2599.6351487070337
TR-037109,2025-08-23,934.38,1021.4969214204926
TR-037110,2025-08-23,3935.77,4084.1389603428565
TR-037111,2025-08-23,3257.83,3291.793015992883
TR-037112,2025-08-23,3184.54,3274.240139448205
TR-037113,2025-08-23,4835.13,4971.2255407981975
TR-037114,2025-08-23,1780.64,1889.4169408346838
TR-037115,2025-08-23,1139.21,1244.951580772356
TR-037116,2025-08-23,4088.62,4357.117255436955
TR-037117,2025-08-23,1381.48,1481.1102058588103
TR-037118,2025-08-23,1249.48,1324.6300416473478
TR-037119,2025-08-23,4499.44,4628.801224826289
TR-037120,2025-08-23,1892.08,1917.976930850399
TR-037121,2025-08-23,3369.7,3468.387886136415
TR-037122,2025-08-23,723.37,765.2497567349574
TR-037123,2025-08-23,3188.75,3293.324922247919
TR-037124,2025-08-23,1866.9,2027.321857886124
TR-037125,2025-08-23,725.06,713.0444341648706
TR-037126,2025-08-23,1077.88,1151.49323970996
TR-037127,2025-08-23,5864.87,5822.9557908373845
TR-037128,2025-08-23,1366.32,1423.8471680604507
TR-037129,2025-08-23,1851.36,1971.5605342846013
TR-037130,2025-08-23,2880.2,2936.212034778131
TR-037131,2025-08-23,3638.89,3807.1138885382406
TR-037132,2025-08-23,2111.16,2197.4878351268517
TR-037133,2025-08-23,1641.34,1742.4573220094856
TR-037134,2025-08-23,1625.2,1646.3487158458504
TR-037135,2025-08-23,3460.44,3558.9081806425206
TR-037136,2025-08-23,736.46,755.959595388772
TR-037137,2025-08-23,3151.74,3271.432437468443
TR-037138,2025-08-23,1956.23,2086.6886512103097
TR-037139,2025-08-23,810.86,857.8201619766348
TR-037140,2025-08-23,1318.15,1328.4661669161173
TR-037141,2025-08-23,5267.91,5302.309885013349
TR-037142,2025-08-23,3878.02,4015.5992440059745
TR-037143,2025-08-23,1310.97,1359.6066555920977
TR-037144,2025-08-23,2049.1,2179.3513349535506
TR-037145,2025-08-23,1656.94,1656.378578071999
TR-037146,2025-08-23,1101.21,1164.5742043901223
TR-037147,2025-08-23,5110.7,5288.753480018205
TR-037148,2025-08-23,1363.09,1442.132217005125
TR-037149,2025-08-23,4900.82,4979.580733600087
TR-037150,2025-08-23,5360.53,5555.5656434427165
TR-037151,2025-08-23,723.28,751.4103932391135
TR-037152,2025-08-23,1486.62,1512.6552853483408
TR-037153,2025-08-23,953.04,984.8360604357836
TR-037154,2025-08-23,1516.82,1550.2015142732946
TR-037155,2025-08-23,3723.95,3764.0500414434773
TR-037156,2025-08-23,5328.33,5529.581444143032
TR-037157,2025-08-23,1210.95,1341.4638674300784
TR-037158,2025-08-23,3061.05,3148.5263757562643
TR-037159,2025-08-23,1473.63,1565.0336237630697
TR-037160,2025-08-23,901.03,927.206228372195
TR-037161,2025-08-23,2549.6,2593.8653059996905
TR-037162,2025-08-23,4575.83,4741.085130866159
TR-037163,2025-08-23,4779.29,5013.51905079536
TR-037164,2025-08-23,1496.84,1536.0101650671024
TR-037165,2025-08-23,2721.41,2915.8426706380174
TR-037166,2025-08-23,4364.43,4453.670696402814
TR-037167,2025-08-23,1215.08,1301.9149640929286
TR-037168,2025-08-23,1303.3,1305.7359001860468
TR-037169,2025-08-23,2517.13,2689.9743547414982
TR-037170,2025-08-23,1874.15,2041.5501645421386
TR-037171,2025-08-23,1199.57,1214.0826320517585
TR-037172,2025-08-23,1789.85,1793.222579731786
TR-037173,2025-08-23,1416.31,1473.4512908528868
TR-037174,2025-08-23,11981.0,2922.507876728634
TR-037175,2025-08-23,5002.47,4996.552188725913
TR-037176,2025-08-23,5160.6,5363.1993715371445
TR-037177,2025-08-23,885.63,923.0630834695401
TR-037178,2025-08-23,1324.98,1387.939150455347
TR-037179,2025-08-23,4140.5,4291.65721948938
TR-037180,2025-08-23,2260.55,2314.3397253142316
TR-037181,2025-08-23,4415.77,4546.818487430177
TR-037182,2025-08-23,1231.15,1316.0391936634737
TR-037183,2025-08-23,1697.97,1703.0146425237215
TR-037184,2025-08-23,218.9,302.070779162136
TR-037185,2025-08-23,1743.3,1794.4510340606844
TR-037186,2025-08-23,4165.97,4325.557208244994
TR-037187,2025-08-23,2685.36,2714.1010262540112
TR-037188,2025-08-23,3482.37,3541.00966177635
TR-037189,2025-08-23,1633.05,1652.691336414209
TR-037190,2025-08-23,2125.42,2185.538888585555
TR-037191,2025-08-23,4179.22,4256.838518949251
TR-037192,2025-08-23,1566.73,1608.7405628665924
TR-037193,2025-08-23,975.11,988.4034851510189
TR-037194,2025-08-23,2326.77,2389.5131772463383
TR-037195,2025-08-23,4032.25,4022.4790696156947
TR-037196,2025-08-23,1121.81,1203.0231075001952
TR-037197,2025-08-23,2181.88,2231.823793172281
TR-037198,2025-08-23,2853.66,2942.448467484498
TR-037199,2025-08-23,2683.95,2891.948089747434
TR-037200,2025-08-23,3852.12,3996.5942334881497
TR-037201,2025-08-23,494.37,1778.4526753204054
TR-037202,2025-08-23,2113.74,2228.0142596426144
TR-037203,2025-08-23,1101.03,1136.2135950920372
TR-037204,2025-08-23,2792.02,2873.1249140518307
TR-037205,2025-08-23,3303.78,3446.915257895815
TR-037206,2025-08-23,1006.46,1026.7284084096855
TR-037207,2025-08-23,1403.05,1439.7853799953295
TR-037208,2025-08-23,3642.59,3723.1132920855275
TR-037209,2025-08-23,3282.53,3444.2455830151757
TR-037210,2025-08-23,1815.02,1909.32363329002
TR-037211,2025-08-23,2267.3,2396.2115753516528
TR-037212,2025-08-23,889.93,921.7996156983547
TR-037213,2025-08-23,542.39,569.342887100086
TR-037214,2025-08-23,1702.34,1774.5770153869191
TR-037215,2025-08-23,3111.47,3179.071057462683
TR-037216,2025-08-23,1704.0,1765.6204395021775
TR-037217,2025-08-23,1724.25,1810.7238114366344
TR-037218,2025-08-23,1671.16,1722.8748150512358
TR-037219,2025-08-23,713.05,760.0108219297147
TR-037220,2025-08-23,3469.59,3554.2151007136263
TR-037221,2025-08-23,2537.24,2549.4164136306326
TR-037222,2025-08-23,3286.22,3372.6134217319295
TR-037223,2025-08-23,2369.52,2418.450321186513
TR-037224,2025-08-23,3002.99,3155.2411019481824
TR-037225,2025-08-23,2073.2,2118.2737142177725
TR-037226,2025-08-23,2112.13,2084.1317535945896
TR-037227,2025-08-23,1125.28,1165.8727308801517
TR-037228,2025-08-23,1468.95,1521.5815959858176
TR-037229,2025-08-23,995.3,1040.54505253055
TR-037230,2025-08-23,838.07,892.5212705782085
TR-037231,2025-08-23,567.49,617.5400506696305
TR-037232,2025-08-23,1992.45,2036.465968112328
TR-037233,2025-08-23,918.74,962.5120581805033
TR-037234,2025-08-23,2662.69,685.6635930166101
TR-037235,2025-08-24,1919.73,2019.9048066489559
TR-037236,2025-08-24,1929.14,1971.7703080196704
TR-037237,2025-08-24,1721.44,1774.858592149065
TR-037238,2025-08-24,3997.77,4047.29771732221
TR-037239,2025-08-24,1538.17,1539.7809900975135
TR-037240,2025-08-24,935.47,992.8117808849138
TR-037241,2025-08-24,3683.01,3884.291476724263
TR-037242,2025-08-24,4757.86,5120.5387575838
TR-037243,2025-08-24,2077.63,2108.7180595680434
TR-037244,2025-08-24,622.91,691.8292542710908
TR-037245,2025-08-24,3315.62,3381.7501733617164
TR-037246,2025-08-24,5060.31,5119.5826119469
TR-037247,2025-08-24,2428.63,2555.0863488277982
TR-037248,2025-08-24,1041.67,1060.864682982741
TR-037249,2025-08-24,1498.19,1564.6680957294825
TR-037250,2025-08-24,4630.16,4707.1553551403795
TR-037251,2025-08-24,1109.63,1196.601419021552
TR-037252,2025-08-24,459.39,495.4600417610818
TR-037253,2025-08-24,2897.07,2946.9900184927124
TR-037254,2025-08-24,2296.82,2433.70949409473
TR-037255,2025-08-24,3009.15,3103.112882767786
TR-037256,2025-08-24,3421.87,3581.3187047532465
TR-037257,2025-08-24,2409.45,2495.972339244036
TR-037258,2025-08-24,4695.99,4950.226896607899
TR-037259,2025-08-24,947.31,1039.8638176331958
TR-037260,2025-08-24,1006.34,1088.5135300225718
TR-037261,2025-08-24,4110.03,4283.496953861517
TR-037262,2025-08-24,922.96,967.285685664895
TR-037263,2025-08-24,726.92,767.9085487140426
TR-037264,2025-08-24,2773.9,2843.977419686854
TR-037265,2025-08-24,1541.65,1608.5771628247655
TR-037266,2025-08-24,2215.4,2292.039171546227
TR-037267,2025-08-24,4531.67,4627.835543928108
TR-037268,2025-08-24,3618.48,3803.6049446952716
TR-037269,2025-08-24,3500.98,3657.7803009059926
TR-037270,2025-08-24,1170.1,1217.6248902161913
TR-037271,2025-08-24,2317.13,2348.762966966507
TR-037272,2025-08-24,1101.68,1156.0266894071929
TR-037273,2025-08-24,873.25,943.0873053958685
TR-037274,2025-08-24,321.32,381.91238725633957
TR-037275,2025-08-24,1629.18,1706.8507321948098
TR-037276,2025-08-24,5138.3,5261.138644893243
TR-037277,2025-08-24,3513.12,3535.4490991572575
TR-037278,2025-08-24,1986.79,2022.5514501080456
TR-037279,2025-08-24,740.97,793.7222670756539
TR-037280,2025-08-24,1706.19,1784.0725632414071
TR-037281,2025-08-24,2191.06,2208.1572107838156
TR-037282,2025-08-24,3617.33,3761.307120714786
TR-037283,2025-08-24,1198.94,1306.2552933810775
TR-037284,2025-08-24,2581.04,2730.7490830041797
TR-037285,2025-08-24,1306.66,1346.0087335772114
TR-037286,2025-08-24,2053.79,2084.0796053275185
TR-037287,2025-08-24,3788.44,3777.3914451155288
TR-037288,2025-08-24,4348.94,4423.2547781132525
TR-037289,2025-08-24,1763.23,1793.8529994367234
TR-037290,2025-08-24,1802.36,1822.2791964071776
TR-037291,2025-08-24,1871.34,1912.9435976597074
TR-037292,2025-08-24,3761.88,3816.1597163224615
TR-037293,2025-08-24,306.45,367.65938715554444
TR-037294,2025-08-24,2457.2,2620.966080198851
TR-037295,2025-08-24,1299.89,1401.3127312939696
TR-037296,2025-08-24,2062.13,2099.3839634501537
TR-037297,2025-08-24,1692.16,1753.4414225095147
TR-037298,2025-08-24,2069.21,2137.0542864768927
TR-037299,2025-08-24,583.78,599.6882646282959
TR-037300,2025-08-24,1835.49,1940.6946912612138
TR-037301,2025-08-24,3514.88,3563.26382443527
TR-037302,2025-08-24,2025.32,2046.3695656947098
TR-037303,2025-08-24,1106.82,1184.1557998027054
TR-037304,2025-08-24,3327.79,3449.154318730919
TR-037305,2025-08-24,1686.27,1746.954861473389
TR-037306,2025-08-24,3685.39,3745.2051000990477
TR-037307,2025-08-24,1582.29,1640.7560679441574
TR-037308,2025-08-24,2418.25,2492.596954754808
TR-037309,2025-08-24,2154.85,2244.46150075714
TR-037310,2025-08-24,1208.83,1264.3388180990178
TR-037311,2025-08-24,2852.17,2944.449624172271
TR-037312,2025-08-24,2262.34,2398.4837023068562
TR-037313,2025-08-24,2692.43,2819.9673862652066
TR-037314,2025-08-24,509.3,1515.4410514056403
TR-037315,2025-08-24,869.6,904.6643354301159
TR-037316,2025-08-24,1829.88,1940.4614195968034
TR-037317,2025-08-24,2135.95,2173.3242901268713
TR-037318,2025-08-24,2201.68,2182.313139173884
TR-037319,2025-08-24,525.2,573.98300024028
TR-037320,2025-08-24,1756.81,1832.9759972032266
TR-037321,2025-08-24,2611.16,2673.678093359775
TR-037322,2025-08-24,4381.12,4641.54531536272
TR-037323,2025-08-24,2271.6,2299.3253149024627
TR-037324,2025-08-24,1734.72,1868.9179982902697
TR-037325,2025-08-24,2355.02,2355.9080160845842
TR-037326,2025-08-24,666.39,675.391612418756
TR-037327,2025-08-24,4233.89,4435.950178325778
TR-037328,2025-08-24,3684.57,3657.6147892710424
TR-037329,2025-08-24,1481.86,1489.6671978518502
TR-037330,2025-08-24,3854.48,4059.036432783117
TR-037331,2025-08-24,5577.31,5693.017887374387
TR-037332,2025-08-24,1279.34,1342.822362550709
TR-037333,2025-08-24,2425.34,2571.799115728658
TR-037334,2025-08-24,1493.17,1551.6804722956542
TR-037335,2025-08-24,2670.46,2781.157520657218
TR-037336,2025-08-24,2192.56,2279.3296207712956
TR-037337,2025-08-24,1167.75,1204.595126137745
TR-037338,2025-08-24,1401.41,1451.9112143248858
TR-037339,2025-08-24,2028.25,2100.2055785796406
TR-037340,2025-08-24,2173.53,2296.1385399096794
TR-037341,2025-08-24,1338.42,1397.5970332828595
TR-037342,2025-08-24,2593.02,2793.5357297393834
TR-037343,2025-08-24,4711.71,4964.375284999109
TR-037344,2025-08-24,1778.92,1868.438299375005
TR-037345,2025-08-24,2697.42,2806.817696258162
TR-037346,2025-08-24,2236.9,2347.0161110993604
TR-037347,2025-08-24,787.78,808.6942670785527
TR-037348,2025-08-24,3938.05,4071.8393416082954
TR-037349,2025-08-24,1590.46,1641.7044280246917
TR-037350,2025-08-24,1569.15,1621.5812602355354
TR-037351,2025-08-24,1665.73,1747.6766688623957
TR-037352,2025-08-24,1008.38,1045.442561396539
TR-037353,2025-08-24,3269.5,3414.7043130487928
TR-037354,2025-08-24,3273.33,3393.9852426056623
TR-037355,2025-08-24,872.46,941.7841778378192
TR-037356,2025-08-24,1590.15,1663.5592347299626
TR-037357,2025-08-24,3267.86,3350.811297961035
TR-037358,2025-08-24,2927.7,3119.91317447423
TR-037359,2025-08-24,3117.03,3214.2518543135384
TR-037360,2025-08-24,880.37,915.3261472823167
TR-037361,2025-08-24,1858.87,1897.033236336976
TR-037362,2025-08-24,2437.64,966.9886214080216
TR-037363,2025-08-24,432.79,472.64984407222505
TR-037364,2025-08-24,3581.09,3619.632065983772
TR-037365,2025-08-24,807.14,840.6330064414972
TR-037366,2025-08-24,1300.28,1312.2252233563627
TR-037367,2025-08-24,2405.38,2466.476927766135
TR-037368,2025-08-24,1718.36,1779.9052825168692
TR-037369,2025-08-24,1881.99,1931.3094032573788
TR-037370,2025-08-24,880.86,940.3236180797437
TR-037371,2025-08-24,442.88,453.03284217430155
TR-037372,2025-08-24,2276.79,2334.813844130296
TR-037373,2025-08-24,2054.57,2210.1353743020873
TR-037374,2025-08-24,2247.08,2274.6763738613777
TR-037375,2025-08-24,2294.2,2331.509748986414
TR-037376,2025-08-24,1366.08,1410.6941751144034
TR-037377,2025-08-24,2593.96,2579.1814441135184
TR-037378,2025-08-24,738.04,837.2682080994864
TR-037379,2025-08-24,2567.17,2773.4195376784646
TR-037380,2025-08-24,1093.46,1117.0649397829939
TR-037381,2025-08-24,3343.32,3295.8303991833363
TR-037382,2025-08-24,1895.76,1971.0539995399854
TR-037383,2025-08-24,3927.86,4050.9908900601904
TR-037384,2025-08-24,1108.77,1197.941276174191
TR-037385,2025-08-24,3090.61,3235.20739188537
TR-037386,2025-08-24,3118.45,3160.1647032303026
TR-037387,2025-08-24,928.46,982.0688172066289
TR-037388,2025-08-24,2422.87,2499.759344874002
TR-037389,2025-08-24,1022.55,1101.6381460264233
TR-037390,2025-08-24,2481.43,2561.280953132632
TR-037391,2025-08-24,1102.93,1227.9069097768604
TR-037392,2025-08-24,894.95,950.797644767629
TR-037393,2025-08-24,1054.43,1100.1663966185133
TR-037394,2025-08-24,2567.52,2717.9125071949447
TR-037395,2025-08-25,2796.73,2923.1268011305515
TR-037396,2025-08-25,1661.97,1719.676908896048
TR-037397,2025-08-25,308.52,319.7695499467777
TR-037398,2025-08-25,3398.73,3538.3115040244174
TR-037399,2025-08-25,1453.09,1499.0709817130605
TR-037400,2025-08-25,4567.92,4761.936626384693
TR-037401,2025-08-25,1480.31,1549.5159585876136
TR-037402,2025-08-25,3089.86,3261.882913234276
TR-037403,2025-08-25,1207.44,1318.5673781997177
TR-037404,2025-08-25,1354.88,1402.611797748593
TR-037405,2025-08-25,2525.06,2575.9177419965295
TR-037406,2025-08-25,5126.65,5406.506937073916
TR-037407,2025-08-25,2566.58,2681.7865628914324
TR-037408,2025-08-25,928.81,958.9698617586707
TR-037409,2025-08-25,1745.66,1875.5964359688949
TR-037410,2025-08-25,2645.67,2776.6697187749123
TR-037411,2025-08-25,2631.63,2809.7447277722194
TR-037412,2025-08-25,1576.43,1719.0277004650147
TR-037413,2025-08-25,1434.51,1509.1324591574034
TR-037414,2025-08-25,1575.57,1625.7058765670656
TR-037415,2025-08-25,4595.87,4670.064161291015
TR-037416,2025-08-25,4488.99,4518.03228280922
TR-037417,2025-08-25,2925.43,3059.389664843852
TR-037418,2025-08-25,2103.7,2182.96711992605
TR-037419,2025-08-25,631.25,680.3290310262769
TR-037420,2025-08-25,4753.96,4857.879423641445
TR-037421,2025-08-25,1310.54,1321.1727501451046
TR-037422,2025-08-25,2495.39,2590.6520201661015
TR-037423,2025-08-25,1761.46,1762.7921326047194
TR-037424,2025-08-25,950.57,1008.7470746493574
TR-037425,2025-08-25,1820.93,1800.3026293598232
TR-037426,2025-08-25,6450.5,6675.541685241317
TR-037427,2025-08-25,633.84,3132.059198651248
TR-037428,2025-08-25,1626.05,1694.3624883280474
TR-037429,2025-08-25,1537.62,1588.2314748971608
TR-037430,2025-08-25,2450.5,2443.3796944448422
TR-037431,2025-08-25,3075.6,3104.427981074822
TR-037432,2025-08-25,2575.39,2672.782088966112
TR-037433,2025-08-25,3800.27,3952.2488963410765
TR-037434,2025-08-25,1415.27,1481.651593166718
TR-037435,2025-08-25,3286.5,3499.9432762132956
TR-037436,2025-08-25,1998.34,2033.877703178213
TR-037437,2025-08-25,1356.23,1464.6308471823847
TR-037438,2025-08-25,3895.33,4059.8309223706374
TR-037439,2025-08-25,3885.01,3900.215079428643
TR-037440,2025-08-25,2790.28,2871.326815675139
TR-037441,2025-08-25,3384.09,3469.235858710257
TR-037442,2025-08-25,2734.43,2773.841407244974
TR-037443,2025-08-25,4507.79,4681.283496564142
TR-037444,2025-08-25,2277.19,2324.1625377260834
TR-037445,2025-08-25,1768.34,1820.4056104824326
TR-037446,2025-08-25,3578.75,3763.557784484484
TR-037447,2025-08-25,4142.32,4413.481123265688
TR-037448,2025-08-25,321.01,360.8336287836137
TR-037449,2025-08-25,999.69,1040.849400600835
TR-037450,2025-08-25,5201.7,5401.359419255872
TR-037451,2025-08-25,1682.14,1742.1276873923193
TR-037452,2025-08-25,1058.57,1084.2768601568698
TR-037453,2025-08-25,1336.47,1397.6997752324812
TR-037454,2025-08-25,2925.47,3066.524665121251
TR-037455,2025-08-25,4029.68,4098.68098763261
TR-037456,2025-08-25,1321.95,1358.842071115766
TR-037457,2025-08-25,1730.58,1816.7220326656095
TR-037458,2025-08-25,1929.15,2025.2640434842726
TR-037459,2025-08-25,1017.42,1064.0148594372877
TR-037460,2025-08-25,2191.42,2249.2871326399113
TR-037461,2025-08-25,6600.96,6761.349408133346
TR-037462,2025-08-25,3503.39,3587.5554611431317
TR-037463,2025-08-25,4342.27,4494.757483324731
TR-037464,2025-08-25,2589.5,2690.1391858347815
TR-037465,2025-08-25,1433.9,1481.6972835955257
TR-037466,2025-08-25,1549.96,1663.2270839285904
TR-037467,2025-08-25,856.35,920.3761036511835
TR-037468,2025-08-25,1147.09,1179.2942489282905
TR-037469,2025-08-25,2731.74,2798.766390081773
TR-037470,2025-08-25,1355.42,1391.8598797670736
TR-037471,2025-08-25,1389.14,1421.8107921764777
TR-037472,2025-08-25,4591.86,4719.921450903141
TR-037473,2025-08-25,4727.74,4895.031220604475
TR-037474,2025-08-25,2511.8,2496.160124464293
TR-037475,2025-08-25,1269.27,1372.691992898595
TR-037476,2025-08-25,3340.43,3448.632888080814
TR-037477,2025-08-25,3123.56,3269.037960049919
TR-037478,2025-08-25,1786.52,1843.5249685902486
TR-037479,2025-08-25,835.39,852.1739694525384
TR-037480,2025-08-25,2006.14,2024.7905456709136
TR-037481,2025-08-25,3013.5,3155.038447330548
TR-037482,2025-08-25,2283.71,2385.1474283435095
TR-037483,2025-08-25,412.37,454.11196018703595
TR-037484,2025-08-25,1342.31,1387.3507979995536
TR-037485,2025-08-25,3474.89,3810.600932362616
TR-037486,2025-08-25,1781.67,1891.947481628012
TR-037487,2025-08-25,2230.48,2335.4429280364184
TR-037488,2025-08-25,3480.85,3657.579739640434
TR-037489,2025-08-25,3791.97,3898.512685113336
TR-037490,2025-08-25,470.3,502.5201788126749
TR-037491,2025-08-25,1129.48,1170.5505975573014
TR-037492,2025-08-25,2416.23,2496.4529915461067
TR-037493,2025-08-25,3974.86,4011.0664485871257
TR-037494,2025-08-25,1554.96,1613.944355981118
TR-037495,2025-08-25,1430.57,1500.9623722637787
TR-037496,2025-08-25,1371.93,1424.8481091151011
TR-037497,2025-08-25,4704.09,4921.807809469229
TR-037498,2025-08-25,5266.93,5497.208077809286
TR-037499,2025-08-25,2318.21,2486.708803395656
TR-037500,2025-08-25,4077.42,4018.045681339636
TR-037501,2025-08-25,2393.51,2455.150054036303
TR-037502,2025-08-25,1793.6,1832.0560738626584
TR-037503,2025-08-25,546.06,581.0847683044778
TR-037504,2025-08-25,471.35,504.1001285490113
TR-037505,2025-08-25,1359.21,1411.1798937197914
TR-037506,2025-08-25,1359.02,1401.1017947530115
TR-037507,2025-08-25,5874.84,6004.311041487555
TR-037508,2025-08-25,1458.43,1538.507470208846
TR-037509,2025-08-25,759.91,815.7791850121521
TR-037510,2025-08-25,3389.76,3548.101020451829
TR-037511,2025-08-25,4140.17,4291.88761164091
TR-037512,2025-08-25,4029.27,4249.919601161548
TR-037513,2025-08-25,911.49,940.41304734458
TR-037514,2025-08-25,1814.2,1942.411500021237
TR-037515,2025-08-25,4270.17,4358.585451294393
TR-037516,2025-08-25,4172.44,4365.048381335808
TR-037517,2025-08-25,1081.96,1141.541294101517
TR-037518,2025-08-25,2261.4,2266.4149648743387
TR-037519,2025-08-25,580.73,620.4567549008134
TR-037520,2025-08-25,1235.0,1315.599028808398
TR-037521,2025-08-25,4212.53,4432.30307019216
TR-037522,2025-08-25,3196.39,3373.3829663174774
TR-037523,2025-08-25,1027.81,1098.1974703683086
TR-037524,2025-08-25,3958.96,4010.0408042688646
TR-037525,2025-08-25,1672.26,1741.195827371218
TR-037526,2025-08-25,1764.35,1814.5481579298894
TR-037527,2025-08-25,1311.35,1326.5070961238519
TR-037528,2025-08-25,2507.22,2551.839511236944
TR-037529,2025-08-25,2396.54,2507.652711541313
TR-037530,2025-08-25,1243.11,1320.2438769495877
TR-037531,2025-08-25,4177.52,4283.94065076552
TR-037532,2025-08-25,891.98,925.4297905458116
TR-037533,2025-08-25,2102.24,2210.3970539206316
TR-037534,2025-08-25,844.6,909.8019889168929
TR-037535,2025-08-25,826.36,840.5518114266285
TR-037536,2025-08-25,4259.34,4411.452868326905
TR-037537,2025-08-25,1223.24,1241.750447965604
TR-037538,2025-08-26,4207.6,4290.159984781886
TR-037539,2025-08-26,1704.22,1675.323787460517
TR-037540,2025-08-26,5543.98,5730.086544249566
TR-037541,2025-08-26,1745.83,1776.488711394827
TR-037542,2025-08-26,2814.36,2858.6575962472434
TR-037543,2025-08-26,3151.52,3192.160008697846
TR-037544,2025-08-26,1059.53,1106.5546129813588
TR-037545,2025-08-26,882.57,909.0614240662389
TR-037546,2025-08-26,2374.48,2530.555569982106
TR-037547,2025-08-26,529.58,553.2978421539549
TR-037548,2025-08-26,776.71,768.0050428749623
TR-037549,2025-08-26,1848.34,1955.1314656085892
TR-037550,2025-08-26,2702.67,2703.401506320161
TR-037551,2025-08-26,3359.87,3614.0112296149523
TR-037552,2025-08-26,1875.62,1889.5327497936685
TR-037553,2025-08-26,2775.5,2869.7439161014922
TR-037554,2025-08-26,439.78,454.2467702003546
TR-037555,2025-08-26,5253.18,5532.439738036805
TR-037556,2025-08-26,1239.38,1292.172265889142
TR-037557,2025-08-26,3621.56,3637.801519772966
TR-037558,2025-08-26,3116.28,3050.3785104674207
TR-037559,2025-08-26,1298.15,1338.2025357194639
TR-037560,2025-08-26,4133.81,4301.83506538378
TR-037561,2025-08-26,1935.9,2076.1519147036356
TR-037562,2025-08-26,2753.95,2883.484433879319
TR-037563,2025-08-26,2148.99,2238.0487041130114
TR-037564,2025-08-26,1342.1,1427.3680156499502
TR-037565,2025-08-26,1400.2,1433.7634144830079
TR-037566,2025-08-26,2128.94,2160.163468158361
TR-037567,2025-08-26,2419.5,2491.604551526276
TR-037568,2025-08-26,480.53,512.1309214041157
TR-037569,2025-08-26,3280.89,3398.751667085151
TR-037570,2025-08-26,2143.84,2209.4618754639246
TR-037571,2025-08-26,1999.35,2038.6304386049155
TR-037572,2025-08-26,1840.35,1875.8164681221217
TR-037573,2025-08-26,2533.0,2648.9595343850847
TR-037574,2025-08-26,769.24,768.0729282662362
TR-037575,2025-08-26,2531.82,2541.161257979811
TR-037576,2025-08-26,3549.2,3878.0616299070366
TR-037577,2025-08-26,1683.88,1768.0213555445082
TR-037578,2025-08-26,3080.9,3208.6205808024138
TR-037579,2025-08-26,3883.87,4115.771379430038
TR-037580,2025-08-26,5314.35,5348.756633647821
TR-037581,2025-08-26,1299.42,1356.7714770700354
TR-037582,2025-08-26,4128.11,4170.126202926316
TR-037583,2025-08-26,1780.4,1837.6754458575924
TR-037584,2025-08-26,2337.1,2480.0794311100317
TR-037585,2025-08-26,625.66,689.5541967596291
TR-037586,2025-08-26,1485.25,1570.2262075127906
TR-037587,2025-08-26,464.06,513.8827784761197
TR-037588,2025-08-26,816.33,849.7710224419423
TR-037589,2025-08-26,2369.79,2487.6907890122884
TR-037590,2025-08-26,4074.46,4016.653921414377
TR-037591,2025-08-26,1678.89,1716.2528800041282
TR-037592,2025-08-26,1020.5,1063.2814679205792
TR-037593,2025-08-26,1469.47,1535.8199727809583
TR-037594,2025-08-26,1554.66,1595.5627982475312
TR-037595,2025-08-26,1827.24,1966.567229338029
TR-037596,2025-08-26,531.79,538.8347367692056
TR-037597,2025-08-26,1141.64,1181.8240461610667
TR-037598,2025-08-26,3389.74,3506.5322829391835
TR-037599,2025-08-26,2337.5,2504.427363114626
TR-037600,2025-08-26,2413.43,2488.016720884758
TR-037601,2025-08-26,2448.42,2550.999029446568
TR-037602,2025-08-26,1240.34,1254.0100288225103
TR-037603,2025-08-26,4122.47,4200.067075973451
TR-037604,2025-08-26,3751.93,3798.8277816776463
TR-037605,2025-08-26,2197.75,2242.858096749439
TR-037606,2025-08-26,2164.68,2242.961778506704
TR-037607,2025-08-26,579.29,626.1268928040904
TR-037608,2025-08-26,3826.84,3903.9951775808895
TR-037609,2025-08-26,3739.54,3811.2219990198923
TR-037610,2025-08-26,2247.78,2296.550459048198
TR-037611,2025-08-26,929.59,964.8480706454393
TR-037612,2025-08-26,626.83,642.3213688022156
TR-037613,2025-08-26,3084.71,3245.22237531473
TR-037614,2025-08-26,3474.44,3671.6529188527197
TR-037615,2025-08-26,892.54,943.5011606615171
TR-037616,2025-08-26,895.86,933.0361252193097
TR-037617,2025-08-26,1149.77,1184.7573913658134
TR-037618,2025-08-26,1935.32,1965.8225832821227
TR-037619,2025-08-26,1120.27,1195.8398897496418
TR-037620,2025-08-26,1728.72,1826.4013775573735
TR-037621,2025-08-26,3097.49,3381.61544039669
TR-037622,2025-08-26,4244.53,4484.767793330211
TR-037623,2025-08-26,3724.92,3910.716087681771
TR-037624,2025-08-26,2607.99,2700.9709259578703
TR-037625,2025-08-26,4145.22,4274.054964678049
TR-037626,2025-08-26,4884.69,4993.522003625401
TR-037627,2025-08-26,1894.18,1865.8164238828801
TR-037628,2025-08-26,3107.88,3301.679281638052
TR-037629,2025-08-26,3343.16,3339.1888562798877
TR-037630,2025-08-26,4211.34,4411.582743896755
TR-037631,2025-08-26,234.78,252.9275807351055
TR-037632,2025-08-26,4501.93,4342.116819575421
TR-037633,2025-08-26,4409.52,4520.43685877403
TR-037634,2025-08-26,2734.23,2764.265138724327
TR-037635,2025-08-26,1007.76,1093.8527720953145
TR-037636,2025-08-26,2487.71,2614.672079140815
TR-037637,2025-08-26,1196.28,1285.2903152443175
TR-037638,2025-08-26,4570.74,4674.993366957967
TR-037639,2025-08-26,3756.09,3822.440322660274
TR-037640,2025-08-26,2804.03,2755.066332523974
TR-037641,2025-08-26,1768.74,1861.9087197709418
TR-037642,2025-08-26,4834.15,4908.5462093078995
TR-037643,2025-08-26,1909.79,1894.4154530460592
TR-037644,2025-08-26,1452.43,1506.9749875944813
TR-037645,2025-08-26,2856.98,2874.4801664487186
TR-037646,2025-08-26,3034.16,3098.3083722643973
TR-037647,2025-08-26,1569.66,1641.3520540435484
TR-037648,2025-08-26,4760.85,4829.636777409589
TR-037649,2025-08-26,4252.97,4388.028494977465
TR-037650,2025-08-26,5371.91,5490.173474283172
TR-037651,2025-08-26,2678.85,2744.2839835876275
TR-037652,2025-08-26,670.09,706.191626163612
TR-037653,2025-08-26,837.58,857.2987446289242
TR-037654,2025-08-26,2161.67,2172.826631615933
TR-037655,2025-08-26,1815.69,1986.9968714398801
TR-037656,2025-08-26,1471.38,1541.0837827964363
TR-037657,2025-08-26,1808.99,1816.2370913996338
TR-037658,2025-08-26,3018.61,3276.789303177563
TR-037659,2025-08-26,1378.05,1396.1635166950246
TR-037660,2025-08-26,3207.68,3451.349553926521
TR-037661,2025-08-26,879.66,968.0222301296596
TR-037662,2025-08-26,3446.98,3546.125524109324
TR-037663,2025-08-26,2254.18,2238.5546326486433
TR-037664,2025-08-26,1496.33,1635.226187285527
TR-037665,2025-08-26,1220.66,1231.944238896755
TR-037666,2025-08-26,1635.51,1731.3776563903352
TR-037667,2025-08-26,3126.4,3143.5816472501983
TR-037668,2025-08-26,800.04,835.0658029719659
TR-037669,2025-08-26,2020.49,2153.465483071351
TR-037670,2025-08-26,4425.0,4542.713821087127
TR-037671,2025-08-26,4015.37,4118.828817805371
TR-037672,2025-08-26,3653.07,3883.4839642127226
TR-037673,2025-08-26,2850.71,2854.82285437456
TR-037674,2025-08-26,4345.54,4581.944110516369
TR-037675,2025-08-26,1086.98,1202.2077321641145
TR-037676,2025-08-26,2952.96,3218.7693945154115
TR-037677,2025-08-26,2549.25,2648.3617093267794
TR-037678,2025-08-26,2998.91,3093.7931077286994
TR-037679,2025-08-26,4163.16,4284.291187790621
TR-037680,2025-08-26,4425.38,4538.868780231542
TR-037681,2025-08-26,6659.04,6733.6808182019295
TR-037682,2025-08-26,2608.55,2723.293434751153
TR-037683,2025-08-26,346.48,386.54113924499234
TR-037684,2025-08-26,2434.71,2521.6663864219363
TR-037685,2025-08-26,1988.07,2095.0004450886713
TR-037686,2025-08-26,1152.5,1181.512752999186
TR-037687,2025-08-26,3859.22,3958.4050306805525
TR-037688,2025-08-26,669.53,705.7548113747748
TR-037689,2025-08-26,2137.58,2164.257851202066
TR-037690,2025-08-26,4646.35,4787.932391629618
TR-037691,2025-08-26,481.58,492.3680778713597
TR-037692,2025-08-27,1947.49,1962.3147737217373
TR-037693,2025-08-27,3584.34,3778.9885552726037
TR-037694,2025-08-27,5390.78,5645.956590059225
TR-037695,2025-08-27,971.18,1046.0217646651597
TR-037696,2025-08-27,857.47,921.218920243442
TR-037697,2025-08-27,2380.42,2387.8112013177188
TR-037698,2025-08-27,5058.01,5097.348875147193
TR-037699,2025-08-27,794.67,788.8182264147681
TR-037700,2025-08-27,2485.21,2566.6387318128936
TR-037701,2025-08-27,1598.8,1596.9460061427728
TR-037702,2025-08-27,489.56,482.5497895316489
TR-037703,2025-08-27,2312.48,2427.14067605758
TR-037704,2025-08-27,4878.99,5012.785454635025
TR-037705,2025-08-27,897.42,927.281465551797
TR-037706,2025-08-27,2632.86,2751.2501588078126
TR-037707,2025-08-27,741.58,776.992852992493
TR-037708,2025-08-27,1413.89,1462.1831441731797
TR-037709,2025-08-27,2761.5,2974.419301610044
TR-037710,2025-08-27,1841.26,1931.286484007691
TR-037711,2025-08-27,1106.42,1149.0629551129632
TR-037712,2025-08-27,3653.94,3769.377654354269
TR-037713,2025-08-27,2076.05,2081.10744026079
TR-037714,2025-08-27,3885.89,3914.1623172485615
TR-037715,2025-08-27,1488.98,1570.0967999926188
TR-037716,2025-08-27,5283.49,5605.872209732491
TR-037717,2025-08-27,2201.11,2326.7367648614127
TR-037718,2025-08-27,1944.16,1995.1123107190613
TR-037719,2025-08-27,4336.38,4427.847739353954
TR-037720,2025-08-27,2890.25,3010.0753360526005
TR-037721,2025-08-27,994.31,1065.608005653403
TR-037722,2025-08-27,3072.38,3116.1671157813125
TR-037723,2025-08-27,740.81,789.8775783594699
TR-037724,2025-08-27,2768.05,2907.6783441629445
TR-037725,2025-08-27,1604.13,1657.1981212079204
TR-037726,2025-08-27,4031.9,4088.97314277218
TR-037727,2025-08-27,1247.72,1341.7484544711106
TR-037728,2025-08-27,1231.91,1311.535292569015
TR-037729,2025-08-27,274.19,282.57434764666345
TR-037730,2025-08-27,639.55,682.883483457892
TR-037731,2025-08-27,3286.93,3300.5711323167443
TR-037732,2025-08-27,3661.53,3800.9417258611657
TR-037733,2025-08-27,826.05,867.1453293837733
TR-037734,2025-08-27,1882.87,1902.9109832180493
TR-037735,2025-08-27,1384.21,1447.3871642823592
TR-037736,2025-08-27,1443.46,1446.2111350560376
TR-037737,2025-08-27,3951.12,4108.965575097316
TR-037738,2025-08-27,1960.64,2014.603100574129
TR-037739,2025-08-27,1204.34,1228.1627342706124
TR-037740,2025-08-27,1155.44,1205.0567525460306
TR-037741,2025-08-27,2947.8,3016.2291635076526
TR-037742,2025-08-27,1054.29,1104.1789856984421
TR-037743,2025-08-27,2919.81,3058.4035227486265
TR-037744,2025-08-27,3541.23,3556.3662036935402
TR-037745,2025-08-27,1684.1,1701.168322484966
TR-037746,2025-08-27,805.31,800.6881573361329
TR-037747,2025-08-27,3329.25,3388.5591349912206
TR-037748,2025-08-27,605.68,624.2877412942196
TR-037749,2025-08-27,648.4,649.9068638163592
TR-037750,2025-08-27,240.18,633.803833828739
TR-037751,2025-08-27,3272.48,3393.674708051218
TR-037752,2025-08-27,4083.19,4272.425866316149
TR-037753,2025-08-27,2485.52,2590.4229020030457
TR-037754,2025-08-27,632.38,643.1628521003222
TR-037755,2025-08-27,3525.65,3603.013379141719
TR-037756,2025-08-27,2100.88,2209.6375950638694
TR-037757,2025-08-27,1027.84,1082.5167933295938
TR-037758,2025-08-27,2124.84,2255.731509288776
TR-037759,2025-08-27,3776.47,3991.8666639513112
TR-037760,2025-08-27,914.43,952.1209061140949
TR-037761,2025-08-27,1883.25,2044.9267944019261
TR-037762,2025-08-27,2824.37,2850.7879149729556
TR-037763,2025-08-27,1337.71,1366.7540304434788
TR-037764,2025-08-27,1864.52,2005.3699920165122
TR-037765,2025-08-27,24294.98,5150.529691750027
TR-037766,2025-08-27,3950.17,4019.3779987528033
TR-037767,2025-08-27,748.62,760.619769929828
TR-037768,2025-08-27,1731.97,1827.1283936054317
TR-037769,2025-08-27,1567.29,1601.3119218365323
TR-037770,2025-08-27,5369.04,5551.7108533797
TR-037771,2025-08-27,1637.51,1742.1384825081307
TR-037772,2025-08-27,1947.0,2014.4853721835593
TR-037773,2025-08-27,2011.85,2122.753562390464
TR-037774,2025-08-27,4654.29,4866.116385235013
TR-037775,2025-08-27,1210.64,1229.3947841449713
TR-037776,2025-08-27,1919.3,1990.744061345521
TR-037777,2025-08-27,1786.35,1845.5194913569837
TR-037778,2025-08-27,4927.84,5235.772186681978
TR-037779,2025-08-27,1256.55,1287.1869418970018
TR-037780,2025-08-27,820.76,868.5283905313813
TR-037781,2025-08-27,1732.68,1768.3545312851775
TR-037782,2025-08-27,3636.08,3763.211959157372
TR-037783,2025-08-27,4874.91,5004.532526679623
TR-037784,2025-08-27,1830.01,1864.4793157487563
TR-037785,2025-08-27,2378.55,2482.8719194418804
TR-037786,2025-08-27,3841.84,3897.3851047702465
TR-037787,2025-08-27,2478.27,2666.904927306883
TR-037788,2025-08-27,1582.18,1594.248980193937
TR-037789,2025-08-27,2082.11,2212.4352048291917
TR-037790,2025-08-27,1025.65,1147.15070445115
TR-037791,2025-08-27,830.19,913.0986966350242
TR-037792,2025-08-27,588.43,608.791392493413
TR-037793,2025-08-27,4241.09,4432.462697003197
TR-037794,2025-08-27,1595.56,1623.540211343607
TR-037795,2025-08-27,1934.79,2037.309754793575
TR-037796,2025-08-27,1887.98,1866.8113484553742
TR-037797,2025-08-27,4784.42,5005.6852832633995
TR-037798,2025-08-27,2088.52,2116.3917384171004
TR-037799,2025-08-27,2327.45,2355.2348840795667
TR-037800,2025-08-27,2466.04,2555.039401075635
TR-037801,2025-08-27,3202.97,3288.8846926398255
TR-037802,2025-08-27,3570.01,3562.6017092542224
TR-037803,2025-08-27,863.26,897.4659416416275
TR-037804,2025-08-27,2846.54,2950.6854708680694
TR-037805,2025-08-27,2174.57,2213.450162030618
TR-037806,2025-08-27,1178.12,1249.5591874271768
TR-037807,2025-08-27,910.42,955.5502245308794
TR-037808,2025-08-27,425.68,453.76967921296364
TR-037809,2025-08-27,4447.18,4369.508342325271
TR-037810,2025-08-27,2497.99,2527.704201485347
TR-037811,2025-08-27,2103.44,2189.7974930929113
TR-037812,2025-08-27,2080.37,2186.1348774506178
TR-037813,2025-08-27,1593.5,1611.5907465103357
TR-037814,2025-08-27,2847.78,2976.406804298395
TR-037815,2025-08-27,3236.69,3404.729907398297
TR-037816,2025-08-27,1248.79,1289.0429506877294
TR-037817,2025-08-27,913.21,937.4383056513814
TR-037818,2025-08-27,1585.24,1741.2308638559794
TR-037819,2025-08-27,874.6,886.0613545195263
TR-037820,2025-08-27,3849.14,4189.59373875984
TR-037821,2025-08-27,726.24,747.5376915009488
TR-037822,2025-08-27,2429.53,2532.042482759939
TR-037823,2025-08-27,782.98,765.1701521143973
TR-037824,2025-08-27,2024.03,2129.1529668078233
TR-037825,2025-08-27,3607.67,3723.1637564683033
TR-037826,2025-08-27,2880.71,2998.204345989721
TR-037827,2025-08-27,1314.22,1327.0918335533297
TR-037828,2025-08-27,2859.51,2954.3499732669666
TR-037829,2025-08-27,2660.34,2733.0556974979454
TR-037830,2025-08-27,3452.72,3604.3588228803333
TR-037831,2025-08-27,1807.34,1789.655217010288
TR-037832,2025-08-27,2669.9,2808.88417817546
TR-037833,2025-08-27,1173.38,1226.7781926420307
TR-037834,2025-08-27,956.97,962.8287543681736
TR-037835,2025-08-27,1745.97,1906.0158636858448
TR-037836,2025-08-27,1624.84,1695.2213439393674
TR-037837,2025-08-27,3878.35,4076.568089994865
TR-037838,2025-08-27,955.72,1034.588196440837
TR-037839,2025-08-27,5585.41,5718.223770047426
TR-037840,2025-08-27,1354.84,1364.861748419485
TR-037841,2025-08-27,3572.03,3638.924723220045
TR-037842,2025-08-27,1207.55,1250.5905714153002
TR-037843,2025-08-27,385.4,404.5824145156348
TR-037844,2025-08-27,3052.88,3188.8096976581164
TR-037845,2025-08-27,2013.43,1990.9091282290556
TR-037846,2025-08-27,1278.5,1355.1567248197584
TR-037847,2025-08-27,814.53,823.3528922843491
TR-037848,2025-08-27,641.45,677.8955931817993
TR-037849,2025-08-27,5595.12,5752.6097271761655
TR-037850,2025-08-27,2537.72,2641.4565332076772
TR-037851,2025-08-27,2920.26,3037.415222617694
TR-037852,2025-08-27,2886.36,3045.0357011983506
TR-037853,2025-08-27,411.05,427.9456027171275
TR-037854,2025-08-27,4584.66,4757.842321039623
TR-037855,2025-08-27,1234.56,1292.7383541150712
TR-037856,2025-08-27,2265.03,2303.3534761730225
TR-037857,2025-08-27,3824.33,3912.3449595582842
TR-037858,2025-08-27,2256.3,2341.435972648068
TR-037859,2025-08-27,3348.23,3542.9482246268435
TR-037860,2025-08-27,1802.0,1795.47877017135
TR-037861,2025-08-27,1304.18,1343.9298393752738
TR-037862,2025-08-27,4297.06,4389.8802767816405
TR-037863,2025-08-27,964.54,1068.6359206673205
TR-037864,2025-08-27,3421.01,3526.4865339501166
TR-037865,2025-08-27,611.4,603.8171794881143
TR-037866,2025-08-27,1239.4,1237.2502499832856
TR-037867,2025-08-27,3843.69,3901.2281686109845
TR-037868,2025-08-27,1429.32,1487.0061270415722
TR-037869,2025-08-27,2384.31,2376.0665570730293
TR-037870,2025-08-27,1139.34,1188.929084234701
TR-037871,2025-08-27,910.55,969.4478952837735
TR-037872,2025-08-27,3111.16,3252.783880565991
TR-037873,2025-08-27,631.56,632.3043983542243
TR-037874,2025-08-27,1535.2,1562.8751660676523
TR-037875,2025-08-27,4626.57,4796.9694092865475
TR-037876,2025-08-28,929.34,3300.1824532979867
TR-037877,2025-08-28,2150.65,2132.9239132343987
TR-037878,2025-08-28,5266.47,5482.831980670253
TR-037879,2025-08-28,914.55,943.2739287301201
TR-037880,2025-08-28,2377.46,2498.8235083674926
TR-037881,2025-08-28,2567.11,2701.0341238275873
TR-037882,2025-08-28,3589.92,3760.1712304698567
TR-037883,2025-08-28,578.94,598.6040001015749
TR-037884,2025-08-28,3442.41,3486.367806266102
TR-037885,2025-08-28,771.36,810.1194179175002
TR-037886,2025-08-28,2159.15,2197.704295414548
TR-037887,2025-08-28,1325.32,1393.3747824870838
TR-037888,2025-08-28,3197.62,3352.201258109397
TR-037889,2025-08-28,489.53,479.9037370710371
TR-037890,2025-08-28,4410.04,4616.421478946395
TR-037891,2025-08-28,4320.86,4402.662106889563
TR-037892,2025-08-28,1069.0,1108.2494546168723
TR-037893,2025-08-28,4911.81,5187.031551048716
TR-037894,2025-08-28,3688.75,3929.1205242619903
TR-037895,2025-08-28,1942.6,2121.6637329336863
TR-037896,2025-08-28,1923.54,2009.561965632539
TR-037897,2025-08-28,784.94,2541.910412073164
TR-037898,2025-08-28,1558.7,1640.3207669607639
TR-037899,2025-08-28,1166.18,1216.4529065361862
TR-037900,2025-08-28,4057.35,4123.479053293117
TR-037901,2025-08-28,931.46,971.373499624937
TR-037902,2025-08-28,2214.15,2296.5613409086523
TR-037903,2025-08-28,1309.77,1430.3502966118544
TR-037904,2025-08-28,2533.04,2760.2219236432884
TR-037905,2025-08-28,1117.17,1219.9986313277932
TR-037906,2025-08-28,1663.45,1736.3167375622188
TR-037907,2025-08-28,903.74,956.92543493782
TR-037908,2025-08-28,1982.8,2111.5328379616208
TR-037909,2025-08-28,1157.6,1214.1345523477933
TR-037910,2025-08-28,1023.16,1080.7168798589714
TR-037911,2025-08-28,1557.83,1632.2533484710893
TR-037912,2025-08-28,2576.74,2560.4507572077355
TR-037913,2025-08-28,4556.3,4713.456893217294
TR-037914,2025-08-28,1489.51,1617.297903374737
TR-037915,2025-08-28,1681.13,1689.7752908629116
TR-037916,2025-08-28,379.75,371.65895511018675
TR-037917,2025-08-28,596.66,615.5013441868923
TR-037918,2025-08-28,2006.88,2094.550304776861
TR-037919,2025-08-28,2191.94,2203.0549956064115
TR-037920,2025-08-28,2301.75,2447.7527025148643
TR-037921,2025-08-28,3783.43,3893.511428802762
TR-037922,2025-08-28,1318.28,1361.0089325580752
TR-037923,2025-08-28,2683.81,2842.6248050319823
TR-037924,2025-08-28,915.56,963.7196141111469
TR-037925,2025-08-28,1135.02,1227.9994757161503
TR-037926,2025-08-28,2327.43,2340.4100571634735
TR-037927,2025-08-28,1396.35,1449.5137731724697
TR-037928,2025-08-28,5511.11,5717.89436117106
TR-037929,2025-08-28,4248.81,4449.01284243742
TR-037930,2025-08-28,3002.06,3090.6371221455456
TR-037931,2025-08-28,1866.56,1900.9072230473828
TR-037932,2025-08-28,1092.98,1175.7837280538215
TR-037933,2025-08-28,1497.36,591.9162745625601
TR-037934,2025-08-28,2265.29,2294.735936563769
TR-037935,2025-08-28,3183.54,3335.5848568300526
TR-037936,2025-08-28,5008.04,5241.621807113886
TR-037937,2025-08-28,1154.83,1210.327455505018
TR-037938,2025-08-28,4872.48,5135.833080904071
TR-037939,2025-08-28,1521.09,1522.9609181350816
TR-037940,2025-08-28,1198.97,1307.3843276167763
TR-037941,2025-08-28,2486.64,2601.6770895053346
TR-037942,2025-08-28,3063.56,3124.443343512883
TR-037943,2025-08-28,2305.2,2360.6077899451993
TR-037944,2025-08-28,4845.77,1922.4013047460317
TR-037945,2025-08-28,1063.14,1095.6362437461607
TR-037946,2025-08-28,3830.63,3879.237121659814
TR-037947,2025-08-28,1463.75,1534.3447085159846
TR-037948,2025-08-28,3492.12,3636.434765765036
TR-037949,2025-08-28,660.18,642.1817735900918
TR-037950,2025-08-28,1761.74,1850.7693249303395
TR-037951,2025-08-28,543.05,562.6475625979699
TR-037952,2025-08-28,1465.92,1489.1902352260634
TR-037953,2025-08-28,3776.02,3914.085243362889
TR-037954,2025-08-28,2190.78,2291.0148394338685
TR-037955,2025-08-28,1185.36,1208.6398283646063
TR-037956,2025-08-28,1023.5,1085.2167819285187
TR-037957,2025-08-28,2317.42,2431.6878126105516
TR-037958,2025-08-28,1430.85,1489.3888741733413
TR-037959,2025-08-28,741.67,766.7139016304061
TR-037960,2025-08-28,822.76,871.8205458005964
TR-037961,2025-08-28,1724.02,1813.4052403455548
TR-037962,2025-08-28,1588.13,1697.8113014669757
TR-037963,2025-08-28,13409.18,4337.824536952043
TR-037964,2025-08-28,3187.06,3367.356917999802
TR-037965,2025-08-28,5342.33,5454.671496795783
TR-037966,2025-08-28,5712.69,5911.787957895116
TR-037967,2025-08-28,493.08,498.21357337248355
TR-037968,2025-08-28,1192.19,1237.7187205944126
TR-037969,2025-08-28,1043.42,1099.478682005616
TR-037970,2025-08-28,4980.31,5159.00931105692
TR-037971,2025-08-28,2813.86,2892.0897822820375
TR-037972,2025-08-28,5672.62,5984.983546140253
TR-037973,2025-08-28,1501.32,1564.869334720929
TR-037974,2025-08-28,3638.16,3913.429073650812
TR-037975,2025-08-28,3442.92,3482.217153816073
TR-037976,2025-08-28,641.72,661.7824381414262
TR-037977,2025-08-28,3521.02,3654.42531534263
TR-037978,2025-08-28,4064.81,4225.365542576981
TR-037979,2025-08-28,4340.88,4577.238425992011
TR-037980,2025-08-28,456.07,508.0415288184156
TR-037981,2025-08-28,1046.72,1124.4978839186876
TR-037982,2025-08-28,1752.92,1842.903506172999
TR-037983,2025-08-28,841.55,905.7259813579706
TR-037984,2025-08-28,3649.79,3725.9607903584165
TR-037985,2025-08-28,5230.52,5277.05537960792
TR-037986,2025-08-28,570.78,577.0985874720066
TR-037987,2025-08-28,636.16,661.5227985255001
TR-037988,2025-08-28,1325.69,1366.3216859196011
TR-037989,2025-08-28,4784.97,4971.345087505383
TR-037990,2025-08-28,2263.46,2158.007150558278
TR-037991,2025-08-28,5207.45,5198.4109073862655
TR-037992,2025-08-28,4638.51,4781.441692151378
TR-037993,2025-08-28,3040.13,3270.0838733575256
TR-037994,2025-08-28,2150.73,2170.4216260153207
TR-037995,2025-08-28,1360.48,1367.104158146341
TR-037996,2025-08-28,732.78,729.0887803399464
TR-037997,2025-08-28,1821.47,1881.5643001022092
TR-037998,2025-08-28,1793.3,1816.9720139048313
TR-037999,2025-08-28,609.26,629.3071101005944
TR-038000,2025-08-28,2695.43,2969.6761372008987
TR-038001,2025-08-28,566.92,2218.933304424263
TR-038002,2025-08-28,1850.18,1933.431018941112
TR-038003,2025-08-28,462.4,462.4948233470377
TR-038004,2025-08-28,963.88,988.3025096718009
TR-038005,2025-08-28,1032.25,1055.678222445614
TR-038006,2025-08-28,213.24,235.14057466223903
TR-038007,2025-08-28,1261.4,1348.9568412055548
TR-038008,2025-08-28,1848.26,1923.3833784739966
TR-038009,2025-08-28,3869.64,4023.2229815766277
TR-038010,2025-08-28,4687.06,4655.613099669674
TR-038011,2025-08-28,3835.83,4051.296776742278
TR-038012,2025-08-28,2568.11,2649.2246282715923
TR-038013,2025-08-28,2675.61,2812.1225757822303
TR-038014,2025-08-28,2962.37,3046.1382010058287
TR-038015,2025-08-28,935.04,989.3307690820573
TR-038016,2025-08-28,4301.09,4546.379508172577
TR-038017,2025-08-28,3043.42,3151.23193676359
TR-038018,2025-08-28,2575.77,2778.807039676503
TR-038019,2025-08-28,1521.67,1508.2592575961828
TR-038020,2025-08-28,2070.71,2139.305746372712
TR-038021,2025-08-28,3410.9,3543.856048444799
TR-038022,2025-08-28,992.78,1059.7155868357586
TR-038023,2025-08-28,999.39,1051.0025331853033
TR-038024,2025-08-28,1074.03,1132.9946734584496
TR-038025,2025-08-28,1167.7,1258.0281721016
TR-038026,2025-08-28,6133.24,6460.710106604795
TR-038027,2025-08-28,5037.8,5238.945149788689
TR-038028,2025-08-28,4708.22,4737.15107196896
TR-038029,2025-08-28,5004.85,5305.505094857808
TR-038030,2025-08-28,5347.64,5626.704750465876
TR-038031,2025-08-28,1887.77,2015.3423824307863
TR-038032,2025-08-28,2976.99,3183.541146348629
TR-038033,2025-08-28,1099.93,1143.0529236584016
TR-038034,2025-08-28,1185.14,1236.4336146907774
TR-038035,2025-08-28,817.54,831.2203563096846
TR-038036,2025-08-28,1591.49,1621.4141417120222
TR-038037,2025-08-28,2695.04,2789.4592500165645
TR-038038,2025-08-28,3779.82,3885.507272104698
TR-038039,2025-08-28,2938.51,2976.273335897558
TR-038040,2025-08-29,4852.55,4996.645442608902
TR-038041,2025-08-29,1273.81,1343.4294767833067
TR-038042,2025-08-29,1328.3,1395.0036093618237
TR-038043,2025-08-29,1081.06,1110.2948883382157
TR-038044,2025-08-29,1938.15,1978.555343632928
TR-038045,2025-08-29,6964.45,2402.1026906468674
TR-038046,2025-08-29,1441.78,1482.3310328716068
TR-038047,2025-08-29,1441.83,1536.988415435197
TR-038048,2025-08-29,1079.27,1152.251037282137
TR-038049,2025-08-29,3346.24,3527.660707705508
TR-038050,2025-08-29,1206.48,1263.857097705285
TR-038051,2025-08-29,940.04,981.404204827473
TR-038052,2025-08-29,888.64,925.8372597803793
TR-038053,2025-08-29,1047.9,1097.6297318313218
TR-038054,2025-08-29,3500.84,3483.0051126000217
TR-038055,2025-08-29,917.56,958.7518312838199
TR-038056,2025-08-29,3486.06,3706.2244788820008
TR-038057,2025-08-29,1181.15,1204.3359932805906
TR-038058,2025-08-29,1599.86,1685.1652228464093
TR-038059,2025-08-29,3780.36,3798.746271860098
TR-038060,2025-08-29,2276.37,2320.227944662107
TR-038061,2025-08-29,3832.73,4011.447425521739
TR-038062,2025-08-29,4243.53,4422.570941747743
TR-038063,2025-08-29,5675.17,5896.361932860913
TR-038064,2025-08-29,1471.2,1536.2748959068474
TR-038065,2025-08-29,2467.5,2513.2430818308494
TR-038066,2025-08-29,430.44,433.22272073887825
TR-038067,2025-08-29,1241.26,1228.3564192761805
TR-038068,2025-08-29,881.85,890.1491287063197
TR-038069,2025-08-29,1002.64,1047.3577199742463
TR-038070,2025-08-29,3688.46,3746.892645814859
TR-038071,2025-08-29,3388.98,3596.5936530627214
TR-038072,2025-08-29,1198.78,1245.0557036156315
TR-038073,2025-08-29,1638.39,1655.7449187792597
TR-038074,2025-08-29,3717.58,3848.3700439173654
TR-038075,2025-08-29,3769.36,3712.194770596944
TR-038076,2025-08-29,1756.32,1857.5781013267638
TR-038077,2025-08-29,1154.44,1222.3952083199515
TR-038078,2025-08-29,2145.54,2251.3068232465457
TR-038079,2025-08-29,3065.67,3007.853742635628
TR-038080,2025-08-29,4466.21,4576.941382475832
TR-038081,2025-08-29,2414.14,2497.673274253826
TR-038082,2025-08-29,4165.93,4377.411794294276
TR-038083,2025-08-29,4017.55,4153.097857274372
TR-038084,2025-08-29,4316.49,4388.0429879879175
TR-038085,2025-08-29,2566.92,2629.7964843022874
TR-038086,2025-08-29,1723.18,1750.0096581354437
TR-038087,2025-08-29,3114.15,3331.4403450591544
TR-038088,2025-08-29,1098.57,1216.877992733836
TR-038089,2025-08-29,5408.24,5599.427992078381
TR-038090,2025-08-29,5571.16,5747.439486721363
TR-038091,2025-08-29,1801.54,1881.8489991258148
TR-038092,2025-08-29,5291.81,5429.702951957493
TR-038093,2025-08-29,3948.31,4004.147846343768
TR-038094,2025-08-29,3588.64,3746.140487136302
TR-038095,2025-08-29,999.34,1050.496214009077
TR-038096,2025-08-29,3568.75,3608.7779825069524
TR-038097,2025-08-29,2896.5,2993.616534385441
TR-038098,2025-08-29,1902.84,2035.4017493661056
TR-038099,2025-08-29,3500.09,3589.0116457567333
TR-038100,2025-08-29,5007.73,5145.978052865635
TR-038101,2025-08-29,984.23,1033.9422883693878
TR-038102,2025-08-29,1266.69,1368.4808182411048
TR-038103,2025-08-29,2680.97,2720.79625461506
TR-038104,2025-08-29,3822.75,3931.7485441190656
TR-038105,2025-08-29,1830.82,1993.5811092861354
TR-038106,2025-08-29,925.77,966.0905496471555
TR-038107,2025-08-29,3920.72,4089.600522828416
TR-038108,2025-08-29,1539.99,1603.1857100191517
TR-038109,2025-08-29,1851.64,1876.2749079397834
TR-038110,2025-08-29,2229.78,2332.7950498404757
TR-038111,2025-08-29,1288.41,1334.4783493447567
TR-038112,2025-08-29,657.63,676.8994413965092
TR-038113,2025-08-29,2921.08,3109.592149354243
TR-038114,2025-08-29,4295.47,4420.353498703569
TR-038115,2025-08-29,1026.41,1036.395052005484
TR-038116,2025-08-29,1779.0,1806.8185869992028
TR-038117,2025-08-29,1638.14,1767.8454255030074
TR-038118,2025-08-29,3679.12,4005.3373056394607
TR-038119,2025-08-29,918.1,953.7202644945819
TR-038120,2025-08-29,750.05,795.0439393648012
TR-038121,2025-08-29,1933.49,2023.6592171210227
TR-038122,2025-08-29,595.99,606.8156120489728
TR-038123,2025-08-29,3921.4,4171.174591954396
TR-038124,2025-08-29,910.05,961.9893824314097
TR-038125,2025-08-29,3335.15,3401.8607831989157
TR-038126,2025-08-29,816.48,867.6053654613095
TR-038127,2025-08-29,2267.47,2356.7988142454888
TR-038128,2025-08-29,4900.24,4967.956579829997
TR-038129,2025-08-29,3459.86,3588.5402619504284
TR-038130,2025-08-29,1459.3,1578.187797403977
TR-038131,2025-08-29,1334.9,1352.6273862028847
TR-038132,2025-08-29,328.67,337.17614714266347
TR-038133,2025-08-29,4808.25,4855.367608783337
TR-038134,2025-08-29,1913.11,1978.6100254654461
TR-038135,2025-08-29,1518.34,1587.2687777151407
TR-038136,2025-08-29,2644.98,2607.0346671601974
TR-038137,2025-08-29,2586.01,2795.701758916972
TR-038138,2025-08-29,2038.98,2081.702988098551
TR-038139,2025-08-29,3057.42,3126.7825422371307
TR-038140,2025-08-29,756.89,777.8361934207867
TR-038141,2025-08-29,1637.49,1653.1487057682832
TR-038142,2025-08-29,4027.95,4118.178591191864
TR-038143,2025-08-29,393.98,393.0828482628033
TR-038144,2025-08-29,3815.57,4044.1049978743413
TR-038145,2025-08-29,1356.09,1443.3569666135054
TR-038146,2025-08-29,3158.14,3338.1491950287786
TR-038147,2025-08-29,5472.38,5665.9091918398335
TR-038148,2025-08-29,1759.2,1866.2596610676437
TR-038149,2025-08-29,1240.94,1305.5410599903532
TR-038150,2025-08-29,2089.29,2137.4891229266123
TR-038151,2025-08-29,1948.57,2024.9416375541648
TR-038152,2025-08-29,648.48,641.0119873593053
TR-038153,2025-08-29,2403.04,2397.320356320351
TR-038154,2025-08-29,1825.23,1923.5599041626206
TR-038155,2025-08-29,1077.31,1122.2462980116384
TR-038156,2025-08-29,2213.62,2383.4367549525787
TR-038157,2025-08-29,815.86,801.3887104921635
TR-038158,2025-08-29,1256.28,1296.823893064046
TR-038159,2025-08-29,1680.91,1760.2676698126747
TR-038160,2025-08-29,3566.64,3720.1627585017686
TR-038161,2025-08-29,5511.33,5744.0690733172305
TR-038162,2025-08-29,3389.92,3352.5758321128587
TR-038163,2025-08-29,4152.38,4487.206851244742
TR-038164,2025-08-29,1157.08,1210.1589363755115
TR-038165,2025-08-29,1240.59,1247.8573977285432
TR-038166,2025-08-29,370.89,346.91575063299024
TR-038167,2025-08-29,741.7,832.1885296923631
TR-038168,2025-08-29,2130.86,2221.391767471002
TR-038169,2025-08-29,1850.54,1908.1141597853302
TR-038170,2025-08-29,784.51,840.3392874779827
TR-038171,2025-08-29,3032.24,3152.4232215853403
TR-038172,2025-08-29,5566.96,5692.346507168265
TR-038173,2025-08-29,5228.39,5599.432174686408
TR-038174,2025-08-29,2989.33,3126.3875437708716
TR-038175,2025-08-29,521.98,547.4735722995038
TR-038176,2025-08-29,822.33,832.6169780932439
TR-038177,2025-08-29,4198.62,4213.679111669938
TR-038178,2025-08-29,889.15,916.449361151881
TR-038179,2025-08-29,1424.01,1493.9238202571214
TR-038180,2025-08-29,520.3,522.7885283214935
TR-038181,2025-08-29,3770.29,3912.769209895847
TR-038182,2025-08-29,1630.64,1721.4226113561288
TR-038183,2025-08-29,1647.96,1758.8843890869987
TR-038184,2025-08-29,3711.01,3752.8062932026387
TR-038185,2025-08-29,766.72,805.2896909878107
TR-038186,2025-08-29,2915.5,3033.21304106726
TR-038187,2025-08-29,1453.84,1466.8479857920124
TR-038188,2025-08-29,845.78,934.512838952701
TR-038189,2025-08-29,4283.63,4497.201275280449
TR-038190,2025-08-29,2595.65,2681.4213666019045
TR-038191,2025-08-30,1537.18,1556.001105605344
TR-038192,2025-08-30,1284.09,1344.3810664420262
TR-038193,2025-08-30,2640.74,2670.759924330192
TR-038194,2025-08-30,1557.32,1652.2562456339274
TR-038195,2025-08-30,4117.4,4215.394542332917
TR-038196,2025-08-30,1675.95,1717.2439912890077
TR-038197,2025-08-30,2412.8,2543.6509958295296
TR-038198,2025-08-30,2242.61,2405.300985875796
TR-038199,2025-08-30,1291.48,1329.730119365931
TR-038200,2025-08-30,812.63,898.1917539791934
TR-038201,2025-08-30,2332.23,2396.757637792557
TR-038202,2025-08-30,1788.42,1820.4911500941475
TR-038203,2025-08-30,1988.34,2095.8305875321485
TR-038204,2025-08-30,2919.33,3020.8206960982243
TR-038205,2025-08-30,6012.08,6339.780964617981
TR-038206,2025-08-30,835.19,927.5728958678067
TR-038207,2025-08-30,4356.01,4537.400688333824
TR-038208,2025-08-30,1916.36,1972.626851383928
TR-038209,2025-08-30,2862.05,2955.0792103408826
TR-038210,2025-08-30,1848.53,2001.6066728808498
TR-038211,2025-08-30,2041.37,2120.7079950510556
TR-038212,2025-08-30,4580.65,4715.428998324744
TR-038213,2025-08-30,610.03,638.1649710437143
TR-038214,2025-08-30,1402.53,1444.6031399030467
TR-038215,2025-08-30,3437.47,3612.086294856582
TR-038216,2025-08-30,2926.22,3039.9482005944506
TR-038217,2025-08-30,3567.51,3764.962271250545
TR-038218,2025-08-30,1888.29,1908.8341444185617
TR-038219,2025-08-30,969.71,1018.8016835583838
TR-038220,2025-08-30,1002.84,1102.5355120742393
TR-038221,2025-08-30,4628.63,4873.702498842175
TR-038222,2025-08-30,4158.93,4283.858290494536
TR-038223,2025-08-30,1298.2,1414.2691422988567
TR-038224,2025-08-30,4150.04,4259.920988778236
TR-038225,2025-08-30,794.7,817.2804307155891
TR-038226,2025-08-30,1559.92,1619.9876356580085
TR-038227,2025-08-30,1210.11,1312.619387134812
TR-038228,2025-08-30,2845.92,2941.713949301174
TR-038229,2025-08-30,707.81,737.7947627510944
TR-038230,2025-08-30,3624.6,3952.279066681654
TR-038231,2025-08-30,3147.85,3201.082146014718
TR-038232,2025-08-30,3550.67,3583.0375677687925
TR-038233,2025-08-30,1395.48,1388.8838339236218
TR-038234,2025-08-30,317.92,324.8544413597949
TR-038235,2025-08-30,1050.91,1133.9880821765742
TR-038236,2025-08-30,1754.69,1782.1715506839357
TR-038237,2025-08-30,927.54,1040.744873936083
TR-038238,2025-08-30,846.04,871.328568991473
TR-038239,2025-08-30,1733.62,1805.8769620797998
TR-038240,2025-08-30,741.41,759.8699547652736
TR-038241,2025-08-30,573.04,590.8054102468236
TR-038242,2025-08-30,891.99,949.3237503220387
TR-038243,2025-08-30,144.92,768.350537085968
TR-038244,2025-08-30,2511.08,2542.38302283974
TR-038245,2025-08-30,2263.98,2410.2856407019535
TR-038246,2025-08-30,4283.8,4509.424231465717
TR-038247,2025-08-30,2413.56,2489.124732867527
TR-038248,2025-08-30,2568.36,2610.884585138517
TR-038249,2025-08-30,1351.11,1414.7313530682964
TR-038250,2025-08-30,2529.62,2599.1155481370456
TR-038251,2025-08-30,2551.04,2717.824447258371
TR-038252,2025-08-30,1001.31,1089.7580160011198
TR-038253,2025-08-30,4638.53,4807.309101274743
TR-038254,2025-08-30,3311.2,3515.241424870347
TR-038255,2025-08-30,1747.5,1801.9868913926186
TR-038256,2025-08-30,4680.78,4894.990713102046
TR-038257,2025-08-30,4209.65,4344.63902976286
TR-038258,2025-08-30,2558.26,2713.382333921816
TR-038259,2025-08-30,3239.62,3319.2486571325844
TR-038260,2025-08-30,6127.24,6533.573990112295
TR-038261,2025-08-30,1162.14,1201.169324942447
TR-038262,2025-08-30,2335.37,2588.899325941085
TR-038263,2025-08-30,2738.82,2854.066088504203
TR-038264,2025-08-30,4183.92,4348.174672554711
TR-038265,2025-08-30,1877.94,1952.3933903506713
TR-038266,2025-08-30,709.82,725.8127590172955
TR-038267,2025-08-30,3502.5,3694.0601819875014
TR-038268,2025-08-30,3177.86,3260.8441624355983
TR-038269,2025-08-30,1991.79,2120.1734622407257
TR-038270,2025-08-30,4940.91,5217.8918453584465
TR-038271,2025-08-30,1586.21,1638.1767736099014
TR-038272,2025-08-30,1289.22,1339.1879593657293
TR-038273,2025-08-30,1965.8,2114.2008422039776
TR-038274,2025-08-30,854.24,888.0827860251102
TR-038275,2025-08-30,3537.46,3677.6519009076746
TR-038276,2025-08-30,3456.86,3626.505406217403
TR-038277,2025-08-30,3977.4,3988.899117164514
TR-038278,2025-08-30,1909.86,2039.224078122859
TR-038279,2025-08-30,3743.08,4089.9628886696405
TR-038280,2025-08-30,3975.76,4175.777721746122
TR-038281,2025-08-30,2980.73,3089.83692089232
TR-038282,2025-08-30,222.11,262.5301704979281
TR-038283,2025-08-30,1469.79,1568.6174196312722
TR-038284,2025-08-30,4252.82,4384.925567711742
TR-038285,2025-08-30,1605.29,1639.4519222667154
TR-038286,2025-08-30,3421.38,3592.8322818356173
TR-038287,2025-08-30,2482.39,2575.256675365811
TR-038288,2025-08-30,3508.42,3553.1152001829746
TR-038289,2025-08-30,3922.75,4126.209233896938
TR-038290,2025-08-30,1919.72,1968.9407041338118
TR-038291,2025-08-30,1637.17,1708.1918109728872
TR-038292,2025-08-30,780.67,836.8847159587483
TR-038293,2025-08-30,3545.01,3737.6129944518234
TR-038294,2025-08-30,801.44,893.4424919647824
TR-038295,2025-08-30,3153.81,3215.4652584686582
TR-038296,2025-08-30,1425.21,1447.5305671761384
TR-038297,2025-08-30,1076.3,1174.3072883312916
TR-038298,2025-08-30,4388.14,4510.690717961135
TR-038299,2025-08-30,1579.71,1677.0034716162374
TR-038300,2025-08-30,1772.91,1881.7902317226024
TR-038301,2025-08-30,810.88,845.9240515878907
TR-038302,2025-08-30,3223.23,3271.754757633845
TR-038303,2025-08-30,2236.78,2417.529001309536
TR-038304,2025-08-30,2506.35,2585.1488622226834
TR-038305,2025-08-30,2323.16,2487.740336094938
TR-038306,2025-08-30,2073.43,2154.8648109388578
TR-038307,2025-08-30,1270.61,1329.1272697195118
TR-038308,2025-08-30,4162.88,4228.464446173223
TR-038309,2025-08-30,551.31,1503.8863558453472
TR-038310,2025-08-30,2044.34,2036.6261098714251
TR-038311,2025-08-30,2999.26,3133.7335792680337
TR-038312,2025-08-30,836.07,884.8447363534272
TR-038313,2025-08-30,2206.24,2286.16235613806
TR-038314,2025-08-30,1535.9,1681.7918795328592
TR-038315,2025-08-30,1567.67,1659.243216742119
TR-038316,2025-08-30,2069.16,2113.7948228742734
TR-038317,2025-08-30,3016.58,3128.5241044264985
TR-038318,2025-08-30,1997.86,2145.192752848043
TR-038319,2025-08-30,3483.44,3722.8560540959716
TR-038320,2025-08-30,2983.43,3142.431413077379
TR-038321,2025-08-30,2511.74,2539.1109336451354
TR-038322,2025-08-30,4600.11,4806.198721532748
TR-038323,2025-08-30,2546.13,2637.77731190684
TR-038324,2025-08-30,1762.17,1811.180017465018
TR-038325,2025-08-30,2236.94,2303.5845957648608
TR-038326,2025-08-30,4206.68,4387.782211486643
TR-038327,2025-08-30,4288.11,4505.070464920859
TR-038328,2025-08-30,2881.95,2965.859447526514
TR-038329,2025-08-30,1501.74,3922.7504535845355
TR-038330,2025-08-30,2578.73,2745.356315404911
TR-038331,2025-08-31,3233.75,3407.3151347518487
TR-038332,2025-08-31,698.09,732.0876212588244
TR-038333,2025-08-31,1671.41,1816.5405479034846
TR-038334,2025-08-31,1727.0,1807.4270756915773
TR-038335,2025-08-31,5012.22,5550.332324795923
TR-038336,2025-08-31,454.17,477.19986788061965
TR-038337,2025-08-31,3354.9,3381.1330193596777
TR-038338,2025-08-31,2461.86,2612.4837421583356
TR-038339,2025-08-31,854.42,913.0044106934167
TR-038340,2025-08-31,3475.31,3650.454449384725
TR-038341,2025-08-31,1510.17,1566.9710325953238
TR-038342,2025-08-31,4870.06,5190.894016872888
TR-038343,2025-08-31,907.84,935.4033442087325
TR-038344,2025-08-31,4140.64,4327.994275068426
TR-038345,2025-08-31,449.49,476.29007072738705
TR-038346,2025-08-31,2027.8,2050.1148359848175
TR-038347,2025-08-31,1939.87,2035.5819588830398
TR-038348,2025-08-31,3038.18,3210.305224336548
TR-038349,2025-08-31,4459.97,4712.966807960126
TR-038350,2025-08-31,717.91,707.6714016043582
TR-038351,2025-08-31,985.38,1037.6678377504772
TR-038352,2025-08-31,4204.85,4278.796635187024
TR-038353,2025-08-31,1697.78,1850.1693214869417
TR-038354,2025-08-31,1943.47,2040.8711147935442
TR-038355,2025-08-31,3666.12,3766.252168337569
TR-038356,2025-08-31,2916.24,3071.6838293993897
TR-038357,2025-08-31,1456.78,1467.2587119535017
TR-038358,2025-08-31,1864.32,2019.422783948172
TR-038359,2025-08-31,2958.21,3097.6122597055682
TR-038360,2025-08-31,4343.73,4509.458567956786
TR-038361,2025-08-31,1310.33,1342.7334187832112
TR-038362,2025-08-31,3263.99,3369.6071948141425
TR-038363,2025-08-31,3426.22,3545.5159748646342
TR-038364,2025-08-31,1859.2,1971.7751171089221
TR-038365,2025-08-31,2288.42,2385.172629795207
TR-038366,2025-08-31,3232.28,3292.7251150511265
TR-038367,2025-08-31,2801.66,2975.761564549517
TR-038368,2025-08-31,2266.11,2409.8661927680355
TR-038369,2025-08-31,4464.52,4676.375171770818
TR-038370,2025-08-31,3527.76,3605.924766762149
TR-038371,2025-08-31,2793.3,2871.2580014321647
TR-038372,2025-08-31,2844.85,2952.78202697039
TR-038373,2025-08-31,420.84,464.8834609070077
TR-038374,2025-08-31,2497.8,2693.573179985917
TR-038375,2025-08-31,1587.51,1642.9758955882662
TR-038376,2025-08-31,1876.86,1997.3405225134663
TR-038377,2025-08-31,892.93,940.092176540817
TR-038378,2025-08-31,2089.46,2255.748271669276
TR-038379,2025-08-31,2665.95,2765.7141099113887
TR-038380,2025-08-31,2167.35,2325.577140914987
TR-038381,2025-08-31,2952.37,3137.7718229570546
TR-038382,2025-08-31,4309.09,4567.763133542087
TR-038383,2025-08-31,603.33,625.4812519122036
TR-038384,2025-08-31,2275.18,2471.0575910435723
TR-038385,2025-08-31,4238.1,4357.425525394243
TR-038386,2025-08-31,918.32,974.4365832488686
TR-038387,2025-08-31,578.11,609.197192082733
TR-038388,2025-08-31,2804.5,2839.7436432266713
TR-038389,2025-08-31,2342.64,2466.972643157967
TR-038390,2025-08-31,2146.44,2136.413606057529
TR-038391,2025-08-31,2009.89,2090.7604059465907
TR-038392,2025-08-31,1278.9,1377.682245897972
TR-038393,2025-08-31,4801.85,4999.785142688319
TR-038394,2025-08-31,4661.41,4820.956724597788
TR-038395,2025-08-31,892.65,954.0662325752221
TR-038396,2025-08-31,4691.77,4842.04313672058
TR-038397,2025-08-31,1837.56,1936.5414337402706
TR-038398,2025-08-31,1647.49,1734.3504932126893
TR-038399,2025-08-31,2063.84,2199.7425219101915
TR-038400,2025-08-31,762.75,811.2059975751297
TR-038401,2025-08-31,631.07,685.0724997584068
TR-038402,2025-08-31,1755.35,1803.322563049701
TR-038403,2025-08-31,4466.13,4876.6010405423995
TR-038404,2025-08-31,2574.99,2761.353695311778
TR-038405,2025-08-31,576.69,589.9431873728179
TR-038406,2025-08-31,3685.33,3652.52806549571
TR-038407,2025-08-31,2851.4,3088.535181497572
TR-038408,2025-08-31,2996.08,3076.862476751356
TR-038409,2025-08-31,4225.72,4305.123921908021
TR-038410,2025-08-31,3850.74,4096.763161130752
TR-038411,2025-08-31,1239.35,1349.80256703425
TR-038412,2025-08-31,1222.86,1353.2644992934424
TR-038413,2025-08-31,2142.98,2230.1004544084744
TR-038414,2025-08-31,3847.65,4007.699716326608
TR-038415,2025-08-31,1939.02,2027.3706554606179
TR-038416,2025-08-31,1887.9,1932.4357773992665
TR-038417,2025-08-31,361.91,445.92357892450514
TR-038418,2025-08-31,5030.28,5184.184901231297
TR-038419,2025-08-31,1578.38,1709.4729892357655
TR-038420,2025-08-31,1834.76,1922.9243236886537
TR-038421,2025-08-31,4722.33,4890.87707542585
TR-038422,2025-08-31,1473.29,1537.412417774291
TR-038423,2025-08-31,724.88,798.1970788198348
TR-038424,2025-08-31,1873.01,1905.397716455357
TR-038425,2025-08-31,1875.26,2013.825502941467
TR-038426,2025-08-31,1534.18,1631.9857062777487
TR-038427,2025-08-31,1017.09,1087.8223811178013
TR-038428,2025-08-31,4375.08,4509.758170032859
TR-038429,2025-08-31,1327.08,1354.4687237768453
TR-038430,2025-08-31,611.1,656.7240643949019
TR-038431,2025-08-31,1778.4,1848.0665464580206
TR-038432,2025-08-31,693.2,704.5277105702614
TR-038433,2025-08-31,1374.19,1425.352590039311
TR-038434,2025-08-31,982.54,1057.9170737455515
TR-038435,2025-08-31,3546.39,3674.6153178422164
TR-038436,2025-08-31,2473.61,2649.6046261363317
TR-038437,2025-08-31,2734.79,2845.749546707313
TR-038438,2025-08-31,4245.9,4454.429990001558
TR-038439,2025-08-31,2964.86,3041.6881344036487
TR-038440,2025-08-31,3704.63,3912.121114261002
TR-038441,2025-08-31,2148.12,2304.7892055598077
TR-038442,2025-08-31,805.86,856.3547470605808
TR-038443,2025-08-31,3067.56,3086.9613983922627
TR-038444,2025-08-31,4405.94,4617.202301416379
TR-038445,2025-08-31,618.57,666.8782039942432
TR-038446,2025-08-31,1987.09,2124.5658492867597
TR-038447,2025-08-31,1021.84,1063.5303063770828
TR-038448,2025-08-31,449.12,479.16197254997246
TR-038449,2025-08-31,2475.36,2484.2223689464463
TR-038450,2025-08-31,1770.71,1864.344794794098
TR-038451,2025-08-31,2007.29,2077.762181461326
TR-038452,2025-08-31,1346.97,1363.7428948013353
TR-038453,2025-08-31,1282.9,1375.3037530857414
TR-038454,2025-08-31,2494.51,2578.895272689132
TR-038455,2025-08-31,1869.31,1937.038717175837
TR-038456,2025-08-31,4632.24,4759.892704846323
TR-038457,2025-08-31,3369.16,3434.9880882307666
TR-038458,2025-08-31,1405.18,1443.1158236770339
TR-038459,2025-08-31,1587.4,1619.4832044439047
TR-038460,2025-08-31,7384.72,3192.420394758072
TR-038461,2025-08-31,2459.39,2532.5841188143386
TR-038462,2025-08-31,3536.58,3631.412820840355
TR-038463,2025-08-31,2121.53,2276.8583969913175
TR-038464,2025-08-31,894.58,899.1286234427414
TR-038465,2025-08-31,1038.53,1068.3120114430667
TR-038466,2025-08-31,2040.45,2142.7098638569364
TR-038467,2025-08-31,890.49,965.3447969254619
TR-038468,2025-08-31,699.48,755.7566979401768
TR-038469,2025-08-31,1856.32,2001.0156976101487
TR-038470,2025-08-31,214.48,274.0194114384801
TR-038471,2025-08-31,3899.95,3998.2062924351876
TR-038472,2025-08-31,4945.76,5130.267319219785
TR-038473,2025-08-31,3057.86,3222.277429302796
TR-038474,2025-08-31,2322.2,2557.225332368256
TR-038475,2025-08-31,1636.72,1780.4960368468526
TR-038476,2025-08-31,2591.36,2798.080161633635
TR-038477,2025-08-31,3365.56,3560.8662405220775
