load_id,date,posted_rate,predicted_rate
TR-038478,2025-09-01,323.23,308.5039808454435
TR-038479,2025-09-01,1264.2,1272.0919097080564
TR-038480,2025-09-01,1203.42,1184.1246293206573
TR-038481,2025-09-01,1478.3,1477.9339002640922
TR-038482,2025-09-01,2311.83,2228.1465840985293
TR-038483,2025-09-01,3527.11,3553.0712748270726
TR-038484,2025-09-01,1052.15,1012.3217188741595
TR-038485,2025-09-01,907.09,905.2549649248633
TR-038486,2025-09-01,187.49,210.74817337919558
TR-038487,2025-09-01,1347.42,1300.3017649295148
TR-038488,2025-09-01,3913.63,3908.793193074521
TR-038489,2025-09-01,1308.86,1350.3704740972694
TR-038490,2025-09-01,2843.97,2894.2569072617207
TR-038491,2025-09-01,3182.84,3170.726002371311
TR-038492,2025-09-01,6146.13,5687.475615356292
TR-038493,2025-09-01,1846.46,1804.6228891151457
TR-038494,2025-09-01,645.51,663.8716738241899
TR-038495,2025-09-01,956.77,935.5628906654106
TR-038496,2025-09-01,2570.31,2622.0603618242167
TR-038497,2025-09-01,2800.31,2862.6701932181786
TR-038498,2025-09-01,3540.56,3575.878922319215
TR-038499,2025-09-01,940.89,915.6236676027349
TR-038500,2025-09-01,1965.28,1959.728788704634
TR-038501,2025-09-01,640.92,624.5327385031546
TR-038502,2025-09-01,3084.4,3118.838952993032
TR-038503,2025-09-01,1518.53,1480.175493255469
TR-038504,2025-09-01,952.96,974.9324872961099
TR-038505,2025-09-01,753.12,759.3515666124608
TR-038506,2025-09-01,1760.57,1767.9202860108303
TR-038507,2025-09-01,2324.24,2380.224113457301
TR-038508,2025-09-01,697.99,687.8736110398095
TR-038509,2025-09-01,4320.99,4371.396350373173
TR-038510,2025-09-01,2179.31,2152.2516680578533
TR-038511,2025-09-01,1477.25,1440.3648901415968
TR-038512,2025-09-01,2308.35,2291.047576910986
TR-038513,2025-09-01,2753.14,2725.7764814002894
TR-038514,2025-09-01,4438.04,4530.01045420184
TR-038515,2025-09-01,3801.75,3809.900420265748
TR-038516,2025-09-01,870.8,855.8649308588174
TR-038517,2025-09-01,1525.42,1504.7917734917032
TR-038518,2025-09-01,3819.07,3749.5391126853087
TR-038519,2025-09-01,533.1,536.2174152715143
TR-038520,2025-09-01,572.08,569.8475739039445
TR-038521,2025-09-01,3762.42,3743.1103152521437
TR-038522,2025-09-01,1246.71,1232.9023255673997
TR-038523,2025-09-01,3167.45,3195.4569252473575
TR-038524,2025-09-01,1453.26,1416.678969229873
TR-038525,2025-09-01,2493.1,2502.32161676785
TR-038526,2025-09-01,890.4,871.5661229635857
TR-038527,2025-09-01,2813.6,2768.819883288227
TR-038528,2025-09-01,2631.8,2548.076045572163
TR-038529,2025-09-01,2767.04,2744.7966501122532
TR-038530,2025-09-01,1076.48,1073.036156807345
TR-038531,2025-09-01,2464.66,2485.3457688749254
TR-038532,2025-09-01,2139.93,2075.845541595211
TR-038533,2025-09-01,803.35,804.9567971059805
TR-038534,2025-09-01,5609.77,5469.467201058575
TR-038535,2025-09-01,2462.59,2485.2507771403957
TR-038536,2025-09-01,996.39,988.7706137525879
TR-038537,2025-09-01,2365.84,2327.3843007168184
TR-038538,2025-09-01,1244.22,1245.157281719821
TR-038539,2025-09-01,4972.2,4971.349970076462
TR-038540,2025-09-01,462.1,469.80717642114337
TR-038541,2025-09-01,1752.1,1763.3078143775533
TR-038542,2025-09-01,1532.71,1505.2103917696404
TR-038543,2025-09-01,599.05,623.8381082390279
TR-038544,2025-09-01,1884.4,1821.000141467057
TR-038545,2025-09-01,2099.41,2106.8856131238344
TR-038546,2025-09-01,362.54,378.09718081393
TR-038547,2025-09-01,4425.96,4291.1676776608965
TR-038548,2025-09-01,1674.34,1687.8310274818289
TR-038549,2025-09-01,1217.27,1223.850349232079
TR-038550,2025-09-01,2215.87,2264.7321524215427
TR-038551,2025-09-01,1081.85,1047.6667583907156
TR-038552,2025-09-01,2539.08,2519.151212480883
TR-038553,2025-09-01,631.3,593.8894957756165
TR-038554,2025-09-01,1240.32,1254.805686079134
TR-038555,2025-09-01,1195.21,1185.275930346078
TR-038556,2025-09-01,505.53,485.29308370514195
TR-038557,2025-09-01,3821.49,3739.5834629090878
TR-038558,2025-09-01,2931.77,2873.939778913789
TR-038559,2025-09-01,4389.73,4485.760563464203
TR-038560,2025-09-01,572.82,563.5330340474513
TR-038561,2025-09-01,4825.78,4944.778677291011
TR-038562,2025-09-01,4468.22,4451.4878782992055
TR-038563,2025-09-01,2185.71,2160.342732274474
TR-038564,2025-09-01,2180.78,2167.3797453560223
TR-038565,2025-09-01,676.22,667.4081310091019
TR-038566,2025-09-01,1951.88,1931.644834435808
TR-038567,2025-09-01,3434.23,3423.103282697055
TR-038568,2025-09-01,3250.49,3155.9792635055264
TR-038569,2025-09-01,985.7,990.7162501693438
TR-038570,2025-09-01,977.59,971.1446819049925
TR-038571,2025-09-01,2811.5,2838.8272793714973
TR-038572,2025-09-01,2379.08,2299.91688686937
TR-038573,2025-09-01,3669.98,3600.644073386215
TR-038574,2025-09-01,1300.57,1223.1210794123378
TR-038575,2025-09-01,4301.88,4145.094171576967
TR-038576,2025-09-01,1931.02,1895.073330999164
TR-038577,2025-09-01,2258.98,2232.0442138973417
TR-038578,2025-09-01,1985.68,1962.3979217922613
TR-038579,2025-09-01,2990.87,3010.5819746859706
TR-038580,2025-09-01,1255.91,1272.32633824295
TR-038581,2025-09-01,3678.91,3624.664662362722
TR-038582,2025-09-01,1959.31,1940.6467657341027
TR-038583,2025-09-01,3101.21,3027.503813005751
TR-038584,2025-09-01,4804.71,4666.592819119653
TR-038585,2025-09-01,1797.48,1757.8491566304663
TR-038586,2025-09-01,3816.99,3805.650446265232
TR-038587,2025-09-01,1758.12,1786.750751784968
TR-038588,2025-09-01,1932.73,1962.196494553506
TR-038589,2025-09-01,2559.65,2579.539308750349
TR-038590,2025-09-01,5774.35,5655.759157408798
TR-038591,2025-09-01,170.36,886.833166015783
TR-038592,2025-09-01,903.41,901.3385841652102
TR-038593,2025-09-01,4025.92,3980.8233207766
TR-038594,2025-09-01,2995.32,2946.173472933172
TR-038595,2025-09-01,625.19,598.6834083477945
TR-038596,2025-09-01,1603.62,1587.226901603483
TR-038597,2025-09-01,2282.16,2199.46449484478
TR-038598,2025-09-01,2156.07,2102.496087420747
TR-038599,2025-09-01,4271.25,4269.146250359334
TR-038600,2025-09-01,1208.44,1196.4541449246722
TR-038601,2025-09-01,1359.2,1312.3014430788562
TR-038602,2025-09-01,4943.0,4679.2043278180045
TR-038603,2025-09-01,1211.88,1159.9880396031638
TR-038604,2025-09-01,4176.25,4186.66215927321
TR-038605,2025-09-01,1783.92,1746.5739269659489
TR-038606,2025-09-01,4093.8,4065.3172776383517
TR-038607,2025-09-01,1170.43,1158.208925323806
TR-038608,2025-09-01,1531.76,1495.9793907095764
TR-038609,2025-09-01,3029.69,3029.3059554759975
TR-038610,2025-09-01,1823.43,1869.3545152822062
TR-038611,2025-09-01,3550.19,3573.127112959204
TR-038612,2025-09-01,3088.61,3114.7415890021393
TR-038613,2025-09-01,2651.65,2636.984425672472
TR-038614,2025-09-01,697.21,692.9549598317778
TR-038615,2025-09-01,4672.93,4579.835156037711
TR-038616,2025-09-01,4100.58,4048.2152011887874
TR-038617,2025-09-01,2638.3,2672.8876614641213
TR-038618,2025-09-01,3906.01,3747.8879029256914
TR-038619,2025-09-01,1650.6,1675.912578720761
TR-038620,2025-09-01,1660.7,1661.8974965976345
TR-038621,2025-09-01,1080.36,1084.191846358788
TR-038622,2025-09-01,4108.95,4058.1350578729234
TR-038623,2025-09-01,1846.81,1869.7070753420385
TR-038624,2025-09-01,2020.1,1971.347375518628
TR-038625,2025-09-01,2581.57,2571.646115649374
TR-038626,2025-09-01,1384.61,1368.2545414057836
TR-038627,2025-09-01,831.27,795.7324372327505
TR-038628,2025-09-01,1132.05,1139.915303933929
TR-038629,2025-09-01,2231.06,2216.174952955864
TR-038630,2025-09-01,4629.23,4569.194208003862
TR-038631,2025-09-01,5099.24,4941.355587343454
TR-038632,2025-09-01,4975.45,4958.630355761862
TR-038633,2025-09-01,1064.92,1053.9780384925057
TR-038634,2025-09-01,597.28,601.3023160271382
TR-038635,2025-09-02,4595.4,4589.918073379382
TR-038636,2025-09-02,3621.16,3563.7633252508585
TR-038637,2025-09-02,3845.42,3735.4915112106305
TR-038638,2025-09-02,1036.45,1046.0215381303806
TR-038639,2025-09-02,537.66,522.40728920827
TR-038640,2025-09-02,2250.41,2208.251936978619
TR-038641,2025-09-02,1496.94,1492.8607832856644
TR-038642,2025-09-02,2435.72,2419.1486715118153
TR-038643,2025-09-02,6323.82,6162.365630882514
TR-038644,2025-09-02,1820.96,1801.7150281501356
TR-038645,2025-09-02,1755.11,1726.3548968253072
TR-038646,2025-09-02,1069.87,1038.4956846052053
TR-038647,2025-09-02,2949.22,2850.219791772483
TR-038648,2025-09-02,2536.23,2525.770415402049
TR-038649,2025-09-02,1919.59,1887.3661995553505
TR-038650,2025-09-02,4617.91,4666.269221070431
TR-038651,2025-09-02,1258.57,1231.0123380960715
TR-038652,2025-09-02,1433.77,1389.360396513891
TR-038653,2025-09-02,3736.23,3769.6892048617656
TR-038654,2025-09-02,1727.75,1718.8552314081562
TR-038655,2025-09-02,624.33,619.1338676970349
TR-038656,2025-09-02,1272.52,1278.1035182233645
TR-038657,2025-09-02,2012.09,1957.0876695515713
TR-038658,2025-09-02,707.77,712.1695013155693
TR-038659,2025-09-02,3591.23,3408.84745152904
TR-038660,2025-09-02,555.34,541.1712931223819
TR-038661,2025-09-02,1352.42,1342.9710877543043
TR-038662,2025-09-02,2666.14,2530.662763425501
TR-038663,2025-09-02,2476.54,2490.598273865195
TR-038664,2025-09-02,1058.7,1023.4503714257559
TR-038665,2025-09-02,1824.73,1857.2768517604047
TR-038666,2025-09-02,3424.84,3409.3005224659582
TR-038667,2025-09-02,5041.13,5082.9545369141715
TR-038668,2025-09-02,1331.36,1366.8392457873892
TR-038669,2025-09-02,1309.45,1261.7121495228691
TR-038670,2025-09-02,1223.28,1225.6384564382165
TR-038671,2025-09-02,2249.04,2221.9104953075484
TR-038672,2025-09-02,3292.86,3127.5087811385406
TR-038673,2025-09-02,1464.17,1463.1583407302774
TR-038674,2025-09-02,1328.24,1325.282513202405
TR-038675,2025-09-02,2566.52,2535.4501178808673
TR-038676,2025-09-02,2064.9,2032.8039841146951
TR-038677,2025-09-02,748.11,733.7743567597822
TR-038678,2025-09-02,1697.16,1740.7289821595905
TR-038679,2025-09-02,1408.45,1372.376590596622
TR-038680,2025-09-02,733.24,736.2347093649648
TR-038681,2025-09-02,3208.32,3028.6359792246676
TR-038682,2025-09-02,1629.6,1578.4760184372533
TR-038683,2025-09-02,4484.01,4466.625228166333
TR-038684,2025-09-02,2440.1,2371.8577141205014
TR-038685,2025-09-02,971.68,949.6070232489062
TR-038686,2025-09-02,2932.54,2895.4366837924736
TR-038687,2025-09-02,4163.72,4197.073301229386
TR-038688,2025-09-02,971.1,974.9047462189453
TR-038689,2025-09-02,1426.2,1409.5628971991955
TR-038690,2025-09-02,3818.1,3737.9348103176835
TR-038691,2025-09-02,2983.74,2952.914366381483
TR-038692,2025-09-02,2106.36,2103.8652939778544
TR-038693,2025-09-02,3245.38,3191.8504329493558
TR-038694,2025-09-02,716.13,711.4052250796697
TR-038695,2025-09-02,1193.79,1185.1922854144339
TR-038696,2025-09-02,2066.21,2055.2016482376716
TR-038697,2025-09-02,1278.23,1261.4254844169377
TR-038698,2025-09-02,1949.92,1903.1091089922004
TR-038699,2025-09-02,1593.01,1574.2357578040999
TR-038700,2025-09-02,1798.74,1746.9598658144682
TR-038701,2025-09-02,3556.26,3437.796715754609
TR-038702,2025-09-02,2136.24,2129.2169101323375
TR-038703,2025-09-02,2000.26,1989.0439826363724
TR-038704,2025-09-02,2167.17,2217.1350077174816
TR-038705,2025-09-02,607.3,585.2619563306437
TR-038706,2025-09-02,889.82,870.4667267934562
TR-038707,2025-09-02,1406.42,1431.8592595298921
TR-038708,2025-09-02,1436.54,1463.0540626973664
TR-038709,2025-09-02,4129.04,4023.313109356336
TR-038710,2025-09-02,309.15,826.9678789298903
TR-038711,2025-09-02,3408.34,3432.66120695657
TR-038712,2025-09-02,4460.9,4359.714245863972
TR-038713,2025-09-02,3214.87,3192.1613620786825
TR-038714,2025-09-02,5681.04,5473.121747982059
TR-038715,2025-09-02,1206.46,1220.240548150732
TR-038716,2025-09-02,1346.17,1328.0462948526538
TR-038717,2025-09-02,4389.4,4324.143922718585
TR-038718,2025-09-02,596.38,614.304225244128
TR-038719,2025-09-02,1179.97,1158.913670014544
TR-038720,2025-09-02,3426.51,3413.08811850403
TR-038721,2025-09-02,1540.25,1510.9780837754724
TR-038722,2025-09-02,685.55,660.6495714323669
TR-038723,2025-09-02,2445.9,2398.5257654646443
TR-038724,2025-09-02,2989.15,2942.968903286895
TR-038725,2025-09-02,2450.2,2408.1484673796604
TR-038726,2025-09-02,2853.25,2748.6030283717546
TR-038727,2025-09-02,1874.72,1838.8895017936363
TR-038728,2025-09-02,1070.88,1040.861859666868
TR-038729,2025-09-02,4071.21,4005.0861022846666
TR-038730,2025-09-02,926.33,909.7364641263719
TR-038731,2025-09-02,2760.09,2678.8283006042284
TR-038732,2025-09-02,2307.59,2404.7038035899336
TR-038733,2025-09-02,3145.59,3136.5981885244746
TR-038734,2025-09-02,4096.04,3981.1946072379533
TR-038735,2025-09-02,5060.03,4921.84219817828
TR-038736,2025-09-02,1780.41,1797.7467478997946
TR-038737,2025-09-02,1130.16,1144.7802649344796
TR-038738,2025-09-02,2245.46,2173.4829912002333
TR-038739,2025-09-02,1889.19,1862.0973930418736
TR-038740,2025-09-02,361.07,334.1762966509791
TR-038741,2025-09-02,2153.71,2098.8602897900114
TR-038742,2025-09-02,2173.75,2201.1533715019596
TR-038743,2025-09-02,329.42,301.0903747824668
TR-038744,2025-09-02,4928.27,4844.080059634022
TR-038745,2025-09-02,1506.14,1510.2474618772617
TR-038746,2025-09-02,489.93,516.1404836162255
TR-038747,2025-09-02,857.48,850.9711603137209
TR-038748,2025-09-02,1450.53,1422.4160413085228
TR-038749,2025-09-02,2548.51,2547.7245482763783
TR-038750,2025-09-02,1842.42,1806.489444168016
TR-038751,2025-09-02,1355.34,1317.6273873233426
TR-038752,2025-09-02,4107.15,4125.574773314995
TR-038753,2025-09-02,1658.81,1651.6606459131463
TR-038754,2025-09-02,2344.9,2343.932949492012
TR-038755,2025-09-02,1471.43,1432.8291913590188
TR-038756,2025-09-02,4262.27,4183.255328164526
TR-038757,2025-09-02,3974.2,3923.3319790395467
TR-038758,2025-09-02,722.95,722.4747181459566
TR-038759,2025-09-02,4274.76,4158.275731366635
TR-038760,2025-09-02,2024.78,1998.3214765466068
TR-038761,2025-09-02,1951.68,1941.3197240133852
TR-038762,2025-09-02,1592.58,1590.132709181803
TR-038763,2025-09-02,824.12,829.7771113752251
TR-038764,2025-09-02,3466.51,3506.6112325625827
TR-038765,2025-09-02,1313.46,1275.6291501546066
TR-038766,2025-09-02,1023.67,1004.9080356146646
TR-038767,2025-09-02,2309.25,2304.018682180565
TR-038768,2025-09-02,1352.59,1321.5381948753084
TR-038769,2025-09-02,768.48,759.1479147290677
TR-038770,2025-09-02,511.2,517.8091630590154
TR-038771,2025-09-02,709.94,704.1337059482469
TR-038772,2025-09-02,11377.49,3338.2394522346704
TR-038773,2025-09-02,3197.82,3196.212940309466
TR-038774,2025-09-02,4027.32,3927.873316786829
TR-038775,2025-09-02,3581.43,3515.5173680949256
TR-038776,2025-09-02,3052.83,2968.4993506595074
TR-038777,2025-09-02,2180.09,2136.9083655045565
TR-038778,2025-09-02,1427.22,1425.948631974656
TR-038779,2025-09-02,921.05,887.096483291632
TR-038780,2025-09-02,4116.3,4040.841163101679
TR-038781,2025-09-02,3626.27,3503.0136082157087
TR-038782,2025-09-02,3614.41,3693.4152004616126
TR-038783,2025-09-02,1300.9,1278.2231166364468
TR-038784,2025-09-02,2673.39,2623.8355208853345
TR-038785,2025-09-02,1624.66,1636.6656890715112
TR-038786,2025-09-02,918.03,917.899098161799
TR-038787,2025-09-02,1607.67,1606.6605576823297
TR-038788,2025-09-03,2102.38,2093.641109920028
TR-038789,2025-09-03,5768.28,5896.972426778924
TR-038790,2025-09-03,2568.2,2572.7149932700786
TR-038791,2025-09-03,1837.9,1761.6077765524863
TR-038792,2025-09-03,3673.71,3690.791157613449
TR-038793,2025-09-03,2317.84,2303.5351212402816
TR-038794,2025-09-03,3469.94,3402.551148534265
TR-038795,2025-09-03,3365.78,3357.351304491918
TR-038796,2025-09-03,714.78,700.888115339734
TR-038797,2025-09-03,689.93,681.7902574513257
TR-038798,2025-09-03,3144.44,3129.675755515159
TR-038799,2025-09-03,1841.62,1767.4308276930592
TR-038800,2025-09-03,1007.46,1002.5759482815826
TR-038801,2025-09-03,2787.96,2743.5188301091575
TR-038802,2025-09-03,2484.83,2513.132173274861
TR-038803,2025-09-03,486.09,1203.4202794398093
TR-038804,2025-09-03,3665.65,3721.87025941476
TR-038805,2025-09-03,3329.54,3271.4453548165156
TR-038806,2025-09-03,4243.19,4162.907100157585
TR-038807,2025-09-03,1384.46,1359.7526222646186
TR-038808,2025-09-03,1782.17,1768.8974982660031
TR-038809,2025-09-03,2329.64,2250.984226148334
TR-038810,2025-09-03,1025.98,1026.0648128885978
TR-038811,2025-09-03,2262.13,2274.116785465199
TR-038812,2025-09-03,1653.13,1585.280768759008
TR-038813,2025-09-03,1809.32,1797.1994780326913
TR-038814,2025-09-03,4192.29,4162.65808459111
TR-038815,2025-09-03,1311.58,1326.2643627365956
TR-038816,2025-09-03,2941.49,2886.156190003562
TR-038817,2025-09-03,1438.42,1406.4941129644249
TR-038818,2025-09-03,2279.18,2262.42323703124
TR-038819,2025-09-03,1501.31,1518.7057694137068
TR-038820,2025-09-03,5645.59,5296.2884248067985
TR-038821,2025-09-03,3301.88,3269.5396982454768
TR-038822,2025-09-03,1177.46,1192.8391199554108
TR-038823,2025-09-03,353.31,347.5221126143715
TR-038824,2025-09-03,1588.32,1575.3735619621439
TR-038825,2025-09-03,508.45,501.5841146920425
TR-038826,2025-09-03,1418.54,1411.9681829472838
TR-038827,2025-09-03,3545.47,3419.4823150883863
TR-038828,2025-09-03,3947.82,3869.4635049953104
TR-038829,2025-09-03,1314.47,1301.3457001213023
TR-038830,2025-09-03,1045.11,1026.65641860847
TR-038831,2025-09-03,1658.81,1674.0344132904818
TR-038832,2025-09-03,950.23,936.0993149962783
TR-038833,2025-09-03,2122.98,2131.6028545197755
TR-038834,2025-09-03,914.67,913.0663605891243
TR-038835,2025-09-03,856.83,844.7341147369332
TR-038836,2025-09-03,2005.14,1987.349398363807
TR-038837,2025-09-03,1740.1,1724.7780213744063
TR-038838,2025-09-03,4931.28,1728.806841326108
TR-038839,2025-09-03,1509.11,1506.776439062378
TR-038840,2025-09-03,1366.36,1357.2889952919995
TR-038841,2025-09-03,643.59,638.7485193442506
TR-038842,2025-09-03,4159.14,4151.0040420645155
TR-038843,2025-09-03,2019.72,2043.3442306365823
TR-038844,2025-09-03,3574.04,3546.3677941159312
TR-038845,2025-09-03,1405.61,1425.727858679903
TR-038846,2025-09-03,1190.88,1189.6239749567421
TR-038847,2025-09-03,1552.07,1563.1424032955988
TR-038848,2025-09-03,3967.87,3842.2913437097986
TR-038849,2025-09-03,2152.14,2082.5139275524652
TR-038850,2025-09-03,4376.41,4223.177419130005
TR-038851,2025-09-03,1509.58,1468.0193906520426
TR-038852,2025-09-03,2125.38,2030.6587699184267
TR-038853,2025-09-03,2774.52,2742.9491773412974
TR-038854,2025-09-03,1137.04,1119.9509791450328
TR-038855,2025-09-03,1778.32,1735.8486846406292
TR-038856,2025-09-03,1096.27,1055.4515271765747
TR-038857,2025-09-03,4400.76,4632.34676111121
TR-038858,2025-09-03,1838.06,1838.0392364959364
TR-038859,2025-09-03,1196.71,1191.722269740797
TR-038860,2025-09-03,1062.89,1049.5951054586433
TR-038861,2025-09-03,756.61,740.7806260484876
TR-038862,2025-09-03,1790.45,1789.200925522052
TR-038863,2025-09-03,1368.54,1375.9854686003428
TR-038864,2025-09-03,1933.62,1923.6146449755943
TR-038865,2025-09-03,1143.89,1134.794741545305
TR-038866,2025-09-03,634.01,627.684914751781
TR-038867,2025-09-03,833.33,797.050403274571
TR-038868,2025-09-03,2896.96,2798.415737701155
TR-038869,2025-09-03,1804.39,1811.866815799824
TR-038870,2025-09-03,5502.7,5261.511215755985
TR-038871,2025-09-03,1177.76,1169.3595553533432
TR-038872,2025-09-03,1790.91,1738.6016522314017
TR-038873,2025-09-03,2419.58,2444.7652090116026
TR-038874,2025-09-03,824.38,814.4815699386456
TR-038875,2025-09-03,4138.03,4186.634135285658
TR-038876,2025-09-03,1264.58,1258.4865892939442
TR-038877,2025-09-03,1609.32,1604.6165279162503
TR-038878,2025-09-03,948.67,923.8795636293744
TR-038879,2025-09-03,2408.22,2428.781035751328
TR-038880,2025-09-03,4037.25,3980.8117341386733
TR-038881,2025-09-03,5870.15,5924.2911299457755
TR-038882,2025-09-03,4332.21,4180.936085448449
TR-038883,2025-09-03,1429.26,1456.2097601265677
TR-038884,2025-09-03,2736.58,2681.873031165722
TR-038885,2025-09-03,920.82,898.5993527363935
TR-038886,2025-09-03,1344.11,1342.7503699532645
TR-038887,2025-09-03,1846.08,1822.0641891142336
TR-038888,2025-09-03,454.76,415.2002947463782
TR-038889,2025-09-03,2334.05,2273.529984751381
TR-038890,2025-09-03,1120.7,1115.2015124438344
TR-038891,2025-09-03,2885.45,2870.5201147957896
TR-038892,2025-09-03,1412.11,1354.3316165599217
TR-038893,2025-09-03,4126.36,4204.66690213479
TR-038894,2025-09-03,4536.4,4569.14166293943
TR-038895,2025-09-03,988.98,959.702599136451
TR-038896,2025-09-03,3696.76,3742.2529847854107
TR-038897,2025-09-03,4929.32,4975.654262709132
TR-038898,2025-09-03,445.85,440.49396041190676
TR-038899,2025-09-03,3456.36,3428.321007181611
TR-038900,2025-09-03,1799.05,1765.0355412000654
TR-038901,2025-09-03,1899.77,1890.7265626741028
TR-038902,2025-09-03,1246.44,1284.5276990568934
TR-038903,2025-09-03,1034.94,1022.5371144844654
TR-038904,2025-09-03,1244.67,1226.4720372731495
TR-038905,2025-09-03,3381.01,3338.833143884186
TR-038906,2025-09-03,1186.89,1175.8568562224805
TR-038907,2025-09-03,1574.67,1552.707570003622
TR-038908,2025-09-03,1412.04,1351.5313754706876
TR-038909,2025-09-03,1618.75,1604.568450118557
TR-038910,2025-09-03,1711.45,1648.9491020523565
TR-038911,2025-09-03,1058.96,1078.257319270057
TR-038912,2025-09-03,2342.99,2262.5390775077653
TR-038913,2025-09-03,4769.86,4765.697764759863
TR-038914,2025-09-03,2749.61,2679.2504876900175
TR-038915,2025-09-03,478.51,456.2913535100495
TR-038916,2025-09-03,4031.4,4097.532425144119
TR-038917,2025-09-03,1398.6,1383.6642223720028
TR-038918,2025-09-03,2035.61,1943.9882605865198
TR-038919,2025-09-03,379.08,374.1598838742484
TR-038920,2025-09-03,1762.2,1749.271273609184
TR-038921,2025-09-03,490.18,492.5682018395735
TR-038922,2025-09-03,1833.07,1766.8467560050585
TR-038923,2025-09-03,1228.28,1170.8583482463623
TR-038924,2025-09-03,390.61,389.06341008566255
TR-038925,2025-09-03,2120.23,2050.6363997877643
TR-038926,2025-09-03,1281.36,1299.7113581751712
TR-038927,2025-09-03,1811.89,1769.2580224933713
TR-038928,2025-09-03,1657.1,1657.7699682539715
TR-038929,2025-09-03,4494.52,4532.293630557973
TR-038930,2025-09-03,4903.95,4666.787497798985
TR-038931,2025-09-03,3719.11,3701.066228304612
TR-038932,2025-09-03,3395.51,3369.0337261188697
TR-038933,2025-09-03,2534.45,2516.8700458918725
TR-038934,2025-09-03,2884.07,2885.5037493695645
TR-038935,2025-09-03,3287.09,3257.8379610463116
TR-038936,2025-09-04,2103.52,2083.6759639614424
TR-038937,2025-09-04,1119.29,1113.9092663548663
TR-038938,2025-09-04,3831.98,3800.9650830517717
TR-038939,2025-09-04,611.13,596.9339707041383
TR-038940,2025-09-04,2807.36,2804.2857170257785
TR-038941,2025-09-04,2071.96,2056.4674047701474
TR-038942,2025-09-04,2339.95,2301.999766419273
TR-038943,2025-09-04,4874.27,4813.2753183369705
TR-038944,2025-09-04,1768.91,1781.8872881683153
TR-038945,2025-09-04,4304.74,4278.271893170493
TR-038946,2025-09-04,3572.95,3626.436475253745
TR-038947,2025-09-04,3764.61,3634.4422626935584
TR-038948,2025-09-04,870.61,875.8681533477697
TR-038949,2025-09-04,413.09,409.4540218833681
TR-038950,2025-09-04,2544.99,2488.630464963996
TR-038951,2025-09-04,1660.37,1599.1150329009388
TR-038952,2025-09-04,1092.96,1132.0553691825007
TR-038953,2025-09-04,5716.18,5627.109815736947
TR-038954,2025-09-04,3141.19,3178.295962111316
TR-038955,2025-09-04,6185.0,5927.9795071656445
TR-038956,2025-09-04,4636.85,4502.827782435248
TR-038957,2025-09-04,3625.04,3494.757629658352
TR-038958,2025-09-04,1954.2,1977.186862484343
TR-038959,2025-09-04,3415.8,3387.6592624074788
TR-038960,2025-09-04,819.65,826.8293552507262
TR-038961,2025-09-04,835.18,846.7757593840956
TR-038962,2025-09-04,517.61,531.8896610939576
TR-038963,2025-09-04,958.93,957.1179771736734
TR-038964,2025-09-04,1197.57,1195.5055613314767
TR-038965,2025-09-04,1674.76,1679.2133374727869
TR-038966,2025-09-04,5233.71,5213.778510104643
TR-038967,2025-09-04,4807.93,4659.504441529714
TR-038968,2025-09-04,1614.61,1660.0624472726317
TR-038969,2025-09-04,5839.12,5755.638684154372
TR-038970,2025-09-04,2360.93,2356.735407890875
TR-038971,2025-09-04,4100.64,4007.23108310038
TR-038972,2025-09-04,2338.31,2299.1999129873393
TR-038973,2025-09-04,777.59,763.0870235476193
TR-038974,2025-09-04,3240.89,3177.7273955807673
TR-038975,2025-09-04,3635.79,3540.589689108143
TR-038976,2025-09-04,1166.61,1169.795255965116
TR-038977,2025-09-04,5181.47,5066.304905063829
TR-038978,2025-09-04,4170.51,4140.596274480452
TR-038979,2025-09-04,2723.28,2652.691923666073
TR-038980,2025-09-04,830.68,850.8135069900152
TR-038981,2025-09-04,4731.45,4552.017655911372
TR-038982,2025-09-04,946.26,968.8209514164505
TR-038983,2025-09-04,711.59,700.0282466675917
TR-038984,2025-09-04,1082.09,1034.5531244593512
TR-038985,2025-09-04,2041.64,1994.028731677452
TR-038986,2025-09-04,2599.43,2473.642566977087
TR-038987,2025-09-04,3685.54,3598.383184389774
TR-038988,2025-09-04,1417.52,1386.0871754719178
TR-038989,2025-09-04,4591.38,4550.7577631125005
TR-038990,2025-09-04,5144.4,5119.023709541119
TR-038991,2025-09-04,4160.37,4125.259629096564
TR-038992,2025-09-04,2771.41,2698.1006814062844
TR-038993,2025-09-04,812.49,809.9364813985167
TR-038994,2025-09-04,989.2,1009.1261931309003
TR-038995,2025-09-04,251.45,233.25893111766322
TR-038996,2025-09-04,498.55,504.5088595353493
TR-038997,2025-09-04,1607.21,1662.9886410007907
TR-038998,2025-09-04,196.37,208.33193333321606
TR-038999,2025-09-04,3701.75,3641.968478350801
TR-039000,2025-09-04,236.37,262.62986796400014
TR-039001,2025-09-04,345.86,335.9519206898792
TR-039002,2025-09-04,2077.33,2025.3037427959887
TR-039003,2025-09-04,5633.17,5645.922291834123
TR-039004,2025-09-04,1878.85,1830.7741309193889
TR-039005,2025-09-04,742.41,729.7914824370703
TR-039006,2025-09-04,1934.15,1962.8717725906147
TR-039007,2025-09-04,4583.28,4509.064416284078
TR-039008,2025-09-04,1155.21,1133.6936416910312
TR-039009,2025-09-04,2265.2,2252.1124213413595
TR-039010,2025-09-04,1152.28,1157.5299765076093
TR-039011,2025-09-04,3524.5,3514.556620748681
TR-039012,2025-09-04,1333.02,1352.4834828339804
TR-039013,2025-09-04,2290.51,2280.9919685115215
TR-039014,2025-09-04,2815.63,2794.063820227338
TR-039015,2025-09-04,3706.5,3759.050947337667
TR-039016,2025-09-04,1625.36,1600.4157563947883
TR-039017,2025-09-04,2034.63,1958.1042115995422
TR-039018,2025-09-04,2154.52,2140.347747957979
TR-039019,2025-09-04,1086.45,1039.7837190490304
TR-039020,2025-09-04,1719.87,1667.5503428250267
TR-039021,2025-09-04,2197.15,2179.8283031752367
TR-039022,2025-09-04,4716.82,4497.179996334742
TR-039023,2025-09-04,2940.08,2850.0761625077366
TR-039024,2025-09-04,1864.87,1817.7895898584354
TR-039025,2025-09-04,3495.24,3491.963919955124
TR-039026,2025-09-04,544.25,529.9342801865525
TR-039027,2025-09-04,3230.31,3172.0087979587843
TR-039028,2025-09-04,3459.65,3451.9251145635317
TR-039029,2025-09-04,1036.49,1030.0207172852397
TR-039030,2025-09-04,1434.39,1442.4943456832818
TR-039031,2025-09-04,2102.58,2070.8341798383726
TR-039032,2025-09-04,3041.2,3031.427109173693
TR-039033,2025-09-04,1922.11,1883.2797157112004
TR-039034,2025-09-04,2411.56,2443.766403361644
TR-039035,2025-09-04,1202.71,1202.7647305073813
TR-039036,2025-09-04,1342.71,1336.6124258367531
TR-039037,2025-09-04,1951.86,1914.9507345212808
TR-039038,2025-09-04,1492.67,1468.23863833335
TR-039039,2025-09-04,2293.08,2335.3514449121863
TR-039040,2025-09-04,579.89,578.8896036222482
TR-039041,2025-09-04,4312.53,4216.805971356633
TR-039042,2025-09-04,1993.26,1901.743579918605
TR-039043,2025-09-04,1803.31,1819.061638521535
TR-039044,2025-09-04,1870.98,1785.7721843817326
TR-039045,2025-09-04,1035.33,1016.2939144704898
TR-039046,2025-09-04,2346.17,2353.2819730304873
TR-039047,2025-09-04,2565.6,2566.130165110526
TR-039048,2025-09-04,2561.74,2478.0940086238343
TR-039049,2025-09-04,3226.05,3206.1019492147107
TR-039050,2025-09-04,3600.54,3560.253797367376
TR-039051,2025-09-04,224.92,239.1406357805124
TR-039052,2025-09-04,1038.92,1016.507036265686
TR-039053,2025-09-04,4309.6,4262.723247921717
TR-039054,2025-09-04,1073.55,1077.3016401743128
TR-039055,2025-09-04,2717.74,2696.111993635457
TR-039056,2025-09-04,545.79,525.8804965946142
TR-039057,2025-09-04,1635.9,1604.8775655924678
TR-039058,2025-09-04,2223.7,2214.007436828972
TR-039059,2025-09-04,706.43,699.1003936365705
TR-039060,2025-09-04,1993.08,2009.9638917903312
TR-039061,2025-09-04,419.81,404.33418678505245
TR-039062,2025-09-04,4728.81,4636.87868291789
TR-039063,2025-09-04,1619.87,1606.6386591414857
TR-039064,2025-09-04,829.81,826.561503415986
TR-039065,2025-09-04,675.2,656.2658291945829
TR-039066,2025-09-04,669.78,679.5011549165974
TR-039067,2025-09-04,1777.59,1760.8676768381276
TR-039068,2025-09-04,4479.42,4394.634697894969
TR-039069,2025-09-04,882.08,877.8558787275474
TR-039070,2025-09-04,3210.13,3227.9249425232774
TR-039071,2025-09-04,2080.39,1986.6833679880924
TR-039072,2025-09-04,1442.01,1399.7559957279773
TR-039073,2025-09-04,995.5,1013.6255425692017
TR-039074,2025-09-04,557.08,547.1832913401549
TR-039075,2025-09-04,2895.45,2870.121757069267
TR-039076,2025-09-04,2750.9,2722.4431857047316
TR-039077,2025-09-04,497.6,487.8435706637931
TR-039078,2025-09-04,5931.57,5676.078686288704
TR-039079,2025-09-04,4678.42,4628.438619488328
TR-039080,2025-09-04,1735.69,1693.3478487457048
TR-039081,2025-09-04,1491.48,1518.3464470125214
TR-039082,2025-09-04,2227.63,2219.0955960750116
TR-039083,2025-09-04,2606.74,2553.5784552097102
TR-039084,2025-09-04,5037.89,5031.63152638753
TR-039085,2025-09-04,5580.78,5402.819648466721
TR-039086,2025-09-04,1339.97,1313.8927154507044
TR-039087,2025-09-04,4731.22,4733.414231005236
TR-039088,2025-09-04,3136.86,3097.5208614960147
TR-039089,2025-09-04,4776.59,4700.672864546773
TR-039090,2025-09-04,2207.44,2075.1579607851313
TR-039091,2025-09-04,873.34,862.5629739208241
TR-039092,2025-09-05,1990.86,2038.0964478545304
TR-039093,2025-09-05,1383.52,1362.469397835814
TR-039094,2025-09-05,5939.13,5755.979590527486
TR-039095,2025-09-05,1602.12,1603.6964671202427
TR-039096,2025-09-05,1943.74,1905.6409700409297
TR-039097,2025-09-05,2558.28,2517.3321681507214
TR-039098,2025-09-05,1898.24,1880.1413235826856
TR-039099,2025-09-05,833.5,799.4893234490564
TR-039100,2025-09-05,2025.05,1992.6456569357451
TR-039101,2025-09-05,2231.66,2107.844487416944
TR-039102,2025-09-05,1574.91,1521.0391044784124
TR-039103,2025-09-05,992.27,941.0143874215664
TR-039104,2025-09-05,3972.75,4030.9369384995225
TR-039105,2025-09-05,1104.17,1060.1724679121166
TR-039106,2025-09-05,4521.64,4542.425895923613
TR-039107,2025-09-05,1668.8,1614.8913917429045
TR-039108,2025-09-05,2740.42,2698.0829467720637
TR-039109,2025-09-05,2446.6,2372.160973187724
TR-039110,2025-09-05,1368.65,1328.683148557064
TR-039111,2025-09-05,3261.55,3122.1348223605078
TR-039112,2025-09-05,640.63,643.3514983585542
TR-039113,2025-09-05,857.79,850.731969228174
TR-039114,2025-09-05,1076.26,1078.8259897208372
TR-039115,2025-09-05,1153.1,1151.640091401368
TR-039116,2025-09-05,5027.1,5037.611003539659
TR-039117,2025-09-05,2671.85,2666.6199333946083
TR-039118,2025-09-05,1254.71,1241.6299332273736
TR-039119,2025-09-05,965.6,920.117660658839
TR-039120,2025-09-05,1290.97,1299.0612911694193
TR-039121,2025-09-05,791.06,785.809507274228
TR-039122,2025-09-05,1227.54,1216.8391331899334
TR-039123,2025-09-05,341.56,332.8567025550085
TR-039124,2025-09-05,581.85,567.1990102314276
TR-039125,2025-09-05,578.63,598.626588590593
TR-039126,2025-09-05,3915.16,3870.0531537066095
TR-039127,2025-09-05,2473.31,2464.400540316112
TR-039128,2025-09-05,1056.11,1054.8921389831658
TR-039129,2025-09-05,1683.15,1677.9336969972333
TR-039130,2025-09-05,788.94,755.6653139581426
TR-039131,2025-09-05,1950.21,1869.268599731803
TR-039132,2025-09-05,1155.37,1125.8762027423168
TR-039133,2025-09-05,785.6,786.7721731628546
TR-039134,2025-09-05,4124.89,4112.480023926775
TR-039135,2025-09-05,3112.26,3119.2236427369135
TR-039136,2025-09-05,4107.05,4096.874680556555
TR-039137,2025-09-05,2265.1,2205.3739689750287
TR-039138,2025-09-05,1455.36,1418.392267614383
TR-039139,2025-09-05,689.69,702.705715460218
TR-039140,2025-09-05,2395.68,2445.323701995758
TR-039141,2025-09-05,4954.29,4890.339985546549
TR-039142,2025-09-05,1474.97,1486.8083287938848
TR-039143,2025-09-05,2664.11,2671.301332343231
TR-039144,2025-09-05,4592.34,4365.564456759676
TR-039145,2025-09-05,2469.17,2434.6607042339483
TR-039146,2025-09-05,1028.4,1010.7102583313846
TR-039147,2025-09-05,4251.39,4105.56511162823
TR-039148,2025-09-05,2009.23,2024.836718810903
TR-039149,2025-09-05,2139.57,2125.6430402225715
TR-039150,2025-09-05,2307.9,2270.412199212059
TR-039151,2025-09-05,361.96,346.7065707442
TR-039152,2025-09-05,4078.17,4092.230430393076
TR-039153,2025-09-05,2118.24,2117.9653853752584
TR-039154,2025-09-05,2511.37,2565.9229793960476
TR-039155,2025-09-05,1714.1,1713.1966481004088
TR-039156,2025-09-05,5335.02,5067.688027033237
TR-039157,2025-09-05,1169.68,1192.3147410331326
TR-039158,2025-09-05,3081.04,3013.799745305858
TR-039159,2025-09-05,1187.65,1195.8443088257823
TR-039160,2025-09-05,927.17,906.5142472517816
TR-039161,2025-09-05,3278.97,3190.9955882863765
TR-039162,2025-09-05,4844.98,4730.083456512986
TR-039163,2025-09-05,1538.53,1504.2627759974557
TR-039164,2025-09-05,1556.98,1534.4574290233295
TR-039165,2025-09-05,1639.49,1653.1909958803976
TR-039166,2025-09-05,4829.59,4743.445117629024
TR-039167,2025-09-05,3605.8,3601.281549034049
TR-039168,2025-09-05,2372.36,2327.674938343078
TR-039169,2025-09-05,1848.35,1803.3104014506462
TR-039170,2025-09-05,1545.64,1552.4455461789344
TR-039171,2025-09-05,2236.81,2232.4950341858753
TR-039172,2025-09-05,4856.02,4734.896799405682
TR-039173,2025-09-05,2963.57,2935.6789238543324
TR-039174,2025-09-05,3804.05,3791.3284387642934
TR-039175,2025-09-05,2504.29,2508.027878388455
TR-039176,2025-09-05,1161.24,1175.1347910039144
TR-039177,2025-09-05,5084.27,4903.936934643199
TR-039178,2025-09-05,1551.07,1569.4963991945087
TR-039179,2025-09-05,3925.06,3822.1330070764825
TR-039180,2025-09-05,1940.07,1862.6347978977888
TR-039181,2025-09-05,2458.96,2415.9080434094085
TR-039182,2025-09-05,3749.01,3687.116553086551
TR-039183,2025-09-05,3545.25,3419.1527027805832
TR-039184,2025-09-05,770.47,760.7625118548949
TR-039185,2025-09-05,2194.96,2179.0749382595723
TR-039186,2025-09-05,2501.52,2469.6150943926154
TR-039187,2025-09-05,4472.64,4407.351017025148
TR-039188,2025-09-05,1597.1,1553.1399167972063
TR-039189,2025-09-05,1233.95,1205.3923441752065
TR-039190,2025-09-05,2445.17,2422.507107643773
TR-039191,2025-09-05,3131.14,3116.5536015472503
TR-039192,2025-09-05,2965.22,2851.669226348943
TR-039193,2025-09-05,1744.51,1725.9122657576058
TR-039194,2025-09-05,1126.29,1119.9355059781738
TR-039195,2025-09-05,1086.72,1084.9808252914222
TR-039196,2025-09-05,1638.54,1602.6166629068166
TR-039197,2025-09-05,1528.0,1541.8476546498327
TR-039198,2025-09-05,1023.08,1038.0198984370566
TR-039199,2025-09-05,555.88,543.6258448078856
TR-039200,2025-09-05,3039.5,3083.3306595232216
TR-039201,2025-09-05,796.76,796.0358889862118
TR-039202,2025-09-05,5059.84,4931.197678361546
TR-039203,2025-09-05,3827.69,3795.0050355346375
TR-039204,2025-09-05,1725.56,1689.4500847673007
TR-039205,2025-09-05,806.04,764.3366144905235
TR-039206,2025-09-05,1340.8,1295.0964918316731
TR-039207,2025-09-05,4949.75,4792.792113479707
TR-039208,2025-09-05,4428.74,4333.851365055152
TR-039209,2025-09-05,2715.57,2655.6589009312047
TR-039210,2025-09-05,2048.31,2075.831070026976
TR-039211,2025-09-05,3028.91,2992.795696924874
TR-039212,2025-09-05,2167.26,2059.523996954268
TR-039213,2025-09-05,1241.89,1208.8047311556375
TR-039214,2025-09-05,1036.02,1014.2073781092281
TR-039215,2025-09-05,3925.28,3816.733466957844
TR-039216,2025-09-05,4953.28,4901.872340999042
TR-039217,2025-09-05,1273.52,1247.385550030605
TR-039218,2025-09-05,1118.18,1100.5452246169327
TR-039219,2025-09-05,823.81,819.476104126843
TR-039220,2025-09-05,1408.04,1427.5959995425058
TR-039221,2025-09-05,1432.23,1438.9133365288167
TR-039222,2025-09-05,1137.48,1087.9731945478934
TR-039223,2025-09-05,3174.53,3126.6301837249443
TR-039224,2025-09-05,4107.89,3988.603394528852
TR-039225,2025-09-05,3376.19,3402.030000424067
TR-039226,2025-09-05,2297.51,2303.761741333862
TR-039227,2025-09-05,1884.83,1835.310544035533
TR-039228,2025-09-05,258.05,258.21529419945
TR-039229,2025-09-05,4859.34,4818.419687722573
TR-039230,2025-09-05,683.15,660.3054338505024
TR-039231,2025-09-05,4073.23,3970.1489985227267
TR-039232,2025-09-05,1592.93,1564.6464212348687
TR-039233,2025-09-05,405.5,402.346513425656
TR-039234,2025-09-05,1084.65,1082.2740485947022
TR-039235,2025-09-05,3092.79,3032.2011561338
TR-039236,2025-09-05,1672.09,1625.0945467597708
TR-039237,2025-09-05,893.28,871.9257034994143
TR-039238,2025-09-05,1240.53,1172.3817674471397
TR-039239,2025-09-05,2059.35,2007.9559893320638
TR-039240,2025-09-05,4666.64,4509.060079155196
TR-039241,2025-09-05,883.17,888.1097545381897
TR-039242,2025-09-06,3389.96,3303.7679962357943
TR-039243,2025-09-06,2719.01,2691.3564736300777
TR-039244,2025-09-06,2808.78,2851.9105190709147
TR-039245,2025-09-06,929.65,945.1642892180912
TR-039246,2025-09-06,1023.48,970.4396983960123
TR-039247,2025-09-06,1735.32,1668.739651395312
TR-039248,2025-09-06,4370.43,4393.8184648085
TR-039249,2025-09-06,1546.16,1541.686228398673
TR-039250,2025-09-06,2035.95,1944.0703726651982
TR-039251,2025-09-06,4485.15,4461.047946836326
TR-039252,2025-09-06,1601.21,1609.7319980224502
TR-039253,2025-09-06,2066.06,2049.323935359818
TR-039254,2025-09-06,2197.3,2215.781622354336
TR-039255,2025-09-06,4122.85,4064.807037694911
TR-039256,2025-09-06,730.65,706.4301758463687
TR-039257,2025-09-06,6768.62,6511.204795767238
TR-039258,2025-09-06,1179.45,1186.0281592674946
TR-039259,2025-09-06,1844.5,1831.7057754227708
TR-039260,2025-09-06,3040.63,2999.458648984035
TR-039261,2025-09-06,1386.89,1393.9469169629147
TR-039262,2025-09-06,3061.97,2962.07939146237
TR-039263,2025-09-06,4734.52,4549.801673789303
TR-039264,2025-09-06,3864.33,3805.3577618532
TR-039265,2025-09-06,5608.43,5491.150525702507
TR-039266,2025-09-06,3828.43,3879.0192067471717
TR-039267,2025-09-06,3648.31,3533.6941407793365
TR-039268,2025-09-06,1949.08,1980.796136074505
TR-039269,2025-09-06,847.69,853.543524387288
TR-039270,2025-09-06,1749.83,1711.2019192106764
TR-039271,2025-09-06,3076.42,2968.7403326687545
TR-039272,2025-09-06,2587.34,2515.7158235501493
TR-039273,2025-09-06,2080.38,2032.7416522009491
TR-039274,2025-09-06,4656.27,4671.205463409922
TR-039275,2025-09-06,969.15,952.5157956392318
TR-039276,2025-09-06,651.83,648.1408571411664
TR-039277,2025-09-06,594.15,582.6331286586308
TR-039278,2025-09-06,2794.78,2728.5281145496733
TR-039279,2025-09-06,1051.15,1005.4313568941186
TR-039280,2025-09-06,2149.2,2173.5788397226765
TR-039281,2025-09-06,2044.32,2039.5820222156622
TR-039282,2025-09-06,2618.27,2571.7097691243207
TR-039283,2025-09-06,2764.5,2739.2051268264295
TR-039284,2025-09-06,851.04,853.5136389975339
TR-039285,2025-09-06,2490.81,2481.152557659059
TR-039286,2025-09-06,570.47,556.3790589527634
TR-039287,2025-09-06,2306.35,2276.312856065867
TR-039288,2025-09-06,5439.24,5391.099238661844
TR-039289,2025-09-06,1855.19,1836.129199559426
TR-039290,2025-09-06,4090.46,3933.2167270454374
TR-039291,2025-09-06,1072.6,1074.3215230195988
TR-039292,2025-09-06,6295.71,2203.858731689278
TR-039293,2025-09-06,2469.45,2405.675593126872
TR-039294,2025-09-06,997.29,1004.0582851496728
TR-039295,2025-09-06,1656.07,1616.8053206530872
TR-039296,2025-09-06,2849.08,2817.129191923049
TR-039297,2025-09-06,1245.26,1268.5296527974187
TR-039298,2025-09-06,663.83,667.3047815142988
TR-039299,2025-09-06,2596.02,2549.125391251998
TR-039300,2025-09-06,2518.86,2476.2677708178708
TR-039301,2025-09-06,1096.44,1053.1807427382664
TR-039302,2025-09-06,1698.47,1692.3056610258877
TR-039303,2025-09-06,3405.77,3322.395494824751
TR-039304,2025-09-06,763.32,764.2889043531052
TR-039305,2025-09-06,1418.95,1401.9855864730143
TR-039306,2025-09-06,3069.94,2989.554516394599
TR-039307,2025-09-06,519.57,1293.1076098803387
TR-039308,2025-09-06,5686.61,5574.063695880616
TR-039309,2025-09-06,3282.87,3217.6972112719623
TR-039310,2025-09-06,1849.22,1824.4818539938092
TR-039311,2025-09-06,2167.65,2136.625103259757
TR-039312,2025-09-06,2175.71,2211.325713232522
TR-039313,2025-09-06,2605.28,2629.2171506907707
TR-039314,2025-09-06,1126.8,1155.0052225370628
TR-039315,2025-09-06,2325.47,2331.381012248528
TR-039316,2025-09-06,2859.86,2796.182749917
TR-039317,2025-09-06,940.39,910.0555681336964
TR-039318,2025-09-06,4794.14,4886.375823006276
TR-039319,2025-09-06,1120.78,1097.9514547896597
TR-039320,2025-09-06,645.29,636.4904108297176
TR-039321,2025-09-06,327.62,292.2108782634905
TR-039322,2025-09-06,1318.46,1292.9424156354203
TR-039323,2025-09-06,925.32,928.0291109026582
TR-039324,2025-09-06,382.63,384.09295775218993
TR-039325,2025-09-06,2652.69,2671.018547936675
TR-039326,2025-09-06,1159.79,1148.3365686145235
TR-039327,2025-09-06,591.03,576.1953828789001
TR-039328,2025-09-06,1084.2,1058.1261304123605
TR-039329,2025-09-06,1814.58,1758.8637609885668
TR-039330,2025-09-06,1651.04,1566.9480999759062
TR-039331,2025-09-06,694.25,686.7883428866212
TR-039332,2025-09-06,973.92,963.2273080571601
TR-039333,2025-09-06,4522.88,4452.519345393366
TR-039334,2025-09-06,1533.94,1493.0464368452908
TR-039335,2025-09-06,3744.98,3683.1225130511802
TR-039336,2025-09-06,3921.95,3874.838156664641
TR-039337,2025-09-06,1883.57,1867.0718674076265
TR-039338,2025-09-06,1797.06,1726.1348734437686
TR-039339,2025-09-06,766.34,753.5651895117862
TR-039340,2025-09-06,5553.3,5509.046844200981
TR-039341,2025-09-06,3607.34,3644.1935153907393
TR-039342,2025-09-06,1099.18,1097.6453121494965
TR-039343,2025-09-06,5329.38,5064.223077040676
TR-039344,2025-09-06,542.84,538.6157664960629
TR-039345,2025-09-06,1431.19,1398.0227993220005
TR-039346,2025-09-06,3645.68,3537.4862389883547
TR-039347,2025-09-06,1386.26,1358.2623535982166
TR-039348,2025-09-06,2183.38,2193.0275576521663
TR-039349,2025-09-06,669.86,672.6538445899312
TR-039350,2025-09-06,1096.55,1084.6149256560934
TR-039351,2025-09-06,4066.97,3977.7245735231672
TR-039352,2025-09-06,901.47,892.649497199405
TR-039353,2025-09-06,2912.56,2967.7702177727574
TR-039354,2025-09-06,2402.59,2382.777799485697
TR-039355,2025-09-06,219.83,238.84869109825445
TR-039356,2025-09-06,5018.5,4933.486800259803
TR-039357,2025-09-06,1366.89,1391.3575524391013
TR-039358,2025-09-06,1822.67,1849.6458300990078
TR-039359,2025-09-06,394.42,953.8645790397522
TR-039360,2025-09-06,2779.53,2761.91835171465
TR-039361,2025-09-06,820.3,807.0107806310054
TR-039362,2025-09-06,1441.33,1384.4628997334355
TR-039363,2025-09-06,11684.7,2882.569136018938
TR-039364,2025-09-06,3140.85,3028.02963905261
TR-039365,2025-09-06,1295.72,1237.8811160159025
TR-039366,2025-09-06,1827.9,1790.2424042481553
TR-039367,2025-09-06,5673.91,5695.238795147991
TR-039368,2025-09-06,9250.6,2045.403719543528
TR-039369,2025-09-06,819.34,836.6592465297656
TR-039370,2025-09-06,1700.82,1699.6564536272954
TR-039371,2025-09-06,2067.45,2103.638571320359
TR-039372,2025-09-06,2351.81,2375.4475833568
TR-039373,2025-09-06,422.75,455.1757979752156
TR-039374,2025-09-06,1417.7,1391.062469296194
TR-039375,2025-09-06,2924.5,2940.5389122567785
TR-039376,2025-09-06,1320.2,1257.4421635337412
TR-039377,2025-09-06,979.97,968.8908975495588
TR-039378,2025-09-06,518.55,532.4977339086611
TR-039379,2025-09-06,2348.29,2241.3651253465
TR-039380,2025-09-06,2307.08,2243.8808641196433
TR-039381,2025-09-06,1720.0,1716.8995856525635
TR-039382,2025-09-06,2573.08,2588.4425038445006
TR-039383,2025-09-06,474.06,484.0419488753505
TR-039384,2025-09-06,1251.61,1272.1567166267112
TR-039385,2025-09-06,798.99,790.7873530889681
TR-039386,2025-09-06,1537.76,1452.2284237375811
TR-039387,2025-09-06,1718.98,1668.8006849726307
TR-039388,2025-09-06,1168.83,1166.1170827483647
TR-039389,2025-09-06,1276.72,1283.9561561430341
TR-039390,2025-09-06,1934.18,1936.4963729066833
TR-039391,2025-09-06,5635.6,5518.2129994474135
TR-039392,2025-09-06,3236.78,3247.296050631903
TR-039393,2025-09-06,3619.2,3561.70583808176
TR-039394,2025-09-06,3929.2,3886.4838006120035
TR-039395,2025-09-06,1680.95,1680.5442743432855
TR-039396,2025-09-06,3259.67,3141.361682183912
TR-039397,2025-09-06,1274.14,1267.1553897306208
TR-039398,2025-09-06,2091.65,2006.642538434693
TR-039399,2025-09-06,4500.84,4481.49093172092
TR-039400,2025-09-06,2187.86,2190.965924374463
TR-039401,2025-09-06,2024.09,2005.4896031123847
TR-039402,2025-09-06,2494.08,2399.538081114598
TR-039403,2025-09-06,823.14,802.8896878092437
TR-039404,2025-09-06,1519.16,1505.2022181471475
TR-039405,2025-09-06,1095.6,1104.965242548037
TR-039406,2025-09-06,2834.89,2781.1541167258156
TR-039407,2025-09-06,611.65,589.8791962859575
TR-039408,2025-09-06,904.38,874.2026579296962
TR-039409,2025-09-06,1940.13,1911.5405579300832
TR-039410,2025-09-06,1397.51,1318.6206366419628
TR-039411,2025-09-06,1946.57,1903.6563467964775
TR-039412,2025-09-07,1472.84,1507.2172085710476
TR-039413,2025-09-07,2260.94,2187.3108328996805
TR-039414,2025-09-07,4649.91,4545.904437415091
TR-039415,2025-09-07,3356.25,3245.4051599503046
TR-039416,2025-09-07,3912.24,3721.813582448559
TR-039417,2025-09-07,3145.67,3157.400041183869
TR-039418,2025-09-07,1711.18,1741.689741824872
TR-039419,2025-09-07,1275.03,1249.670037302834
TR-039420,2025-09-07,346.53,343.7088945329235
TR-039421,2025-09-07,1610.93,1593.8674031691824
TR-039422,2025-09-07,2137.02,2065.5873496871495
TR-039423,2025-09-07,1913.01,1913.8846931311205
TR-039424,2025-09-07,1530.06,1546.141077349757
TR-039425,2025-09-07,259.85,270.09848777936486
TR-039426,2025-09-07,1239.05,1225.2835955098028
TR-039427,2025-09-07,6507.07,6243.827260334962
TR-039428,2025-09-07,4073.5,3873.487054219798
TR-039429,2025-09-07,3438.62,3431.9052471037367
TR-039430,2025-09-07,826.33,831.6736717007213
TR-039431,2025-09-07,3170.07,3072.8371028387255
TR-039432,2025-09-07,2023.51,2021.7105242830976
TR-039433,2025-09-07,2196.22,2170.191191965168
TR-039434,2025-09-07,5451.7,5325.468585608709
TR-039435,2025-09-07,1009.88,1021.7505450675308
TR-039436,2025-09-07,575.32,571.4869183996643
TR-039437,2025-09-07,3864.89,3908.8667813583643
TR-039438,2025-09-07,2386.99,2398.055104090648
TR-039439,2025-09-07,7773.89,2597.7055368973224
TR-039440,2025-09-07,2518.56,2570.410615678345
TR-039441,2025-09-07,1471.93,1497.8787367922114
TR-039442,2025-09-07,1040.31,1034.3779193051978
TR-039443,2025-09-07,4546.95,4588.425170543829
TR-039444,2025-09-07,1865.15,1890.5049626880682
TR-039445,2025-09-07,5853.34,5631.429589436066
TR-039446,2025-09-07,2738.53,2777.2928955371963
TR-039447,2025-09-07,2411.71,2415.266780154685
TR-039448,2025-09-07,1384.37,1353.3679297161173
TR-039449,2025-09-07,1714.74,1706.6026103272275
TR-039450,2025-09-07,1172.76,1184.19543178613
TR-039451,2025-09-07,829.69,792.1458462890034
TR-039452,2025-09-07,2345.65,2322.1874752826084
TR-039453,2025-09-07,4680.61,4588.323324813933
TR-039454,2025-09-07,1312.28,1286.6803122273382
TR-039455,2025-09-07,3535.13,3547.332471586689
TR-039456,2025-09-07,2159.99,2122.583116313443
TR-039457,2025-09-07,1007.21,1012.0946340208014
TR-039458,2025-09-07,5895.32,5899.131161336394
TR-039459,2025-09-07,1375.54,1345.6701290343808
TR-039460,2025-09-07,10528.39,4031.6887151999517
TR-039461,2025-09-07,1606.52,1608.8615921870992
TR-039462,2025-09-07,2156.76,2170.1373088267324
TR-039463,2025-09-07,1607.8,1577.0953324044028
TR-039464,2025-09-07,879.23,894.1900798165223
TR-039465,2025-09-07,3696.98,3756.1535508997104
TR-039466,2025-09-07,1221.65,1196.801930054232
TR-039467,2025-09-07,1670.68,1697.6090640155971
TR-039468,2025-09-07,2493.04,2408.047403240637
TR-039469,2025-09-07,1001.46,957.6461730551521
TR-039470,2025-09-07,2768.33,2786.210826691149
TR-039471,2025-09-07,3948.28,3848.5159005274436
TR-039472,2025-09-07,799.58,807.1493533015948
TR-039473,2025-09-07,4030.59,3998.819772591747
TR-039474,2025-09-07,1098.18,1089.1213251005722
TR-039475,2025-09-07,1158.69,1142.8539612257503
TR-039476,2025-09-07,3359.77,3363.5076610986134
TR-039477,2025-09-07,1643.12,1624.153459971691
TR-039478,2025-09-07,3729.06,3573.96749356041
TR-039479,2025-09-07,3395.52,3393.6161973023554
TR-039480,2025-09-07,8354.94,1803.4295441072152
TR-039481,2025-09-07,1166.12,1125.4395014452653
TR-039482,2025-09-07,3297.59,3207.5439777621514
TR-039483,2025-09-07,1215.34,1195.482870402288
TR-039484,2025-09-07,4191.0,4187.620686853135
TR-039485,2025-09-07,1413.69,1363.597685695769
TR-039486,2025-09-07,2152.77,2084.381441278856
TR-039487,2025-09-07,343.33,349.0202868499723
TR-039488,2025-09-07,820.83,810.23263757016
TR-039489,2025-09-07,2721.38,2682.9789184569254
TR-039490,2025-09-07,858.77,860.6919017071409
TR-039491,2025-09-07,6095.83,5930.577498521123
TR-039492,2025-09-07,2285.94,2271.1981382178583
TR-039493,2025-09-07,1089.0,1105.6699195780238
TR-039494,2025-09-07,1203.48,1205.3464520128282
TR-039495,2025-09-07,921.46,925.5765210631544
TR-039496,2025-09-07,4839.21,4691.941020264323
TR-039497,2025-09-07,5064.37,4992.94270820448
TR-039498,2025-09-07,2760.21,2749.4154949227654
TR-039499,2025-09-07,4159.52,4113.503444883227
TR-039500,2025-09-07,1480.7,1480.3523070703277
TR-039501,2025-09-07,3547.97,3424.2292626965987
TR-039502,2025-09-07,4401.81,4407.281835269961
TR-039503,2025-09-07,3708.8,3716.2193948275767
TR-039504,2025-09-07,2099.69,2040.78038899313
TR-039505,2025-09-07,2482.71,2497.532245735685
TR-039506,2025-09-07,3321.61,3261.9086634417363
TR-039507,2025-09-07,2144.55,2115.1694269241884
TR-039508,2025-09-07,1894.1,1877.1001178223387
TR-039509,2025-09-07,1717.44,1762.8304266641521
TR-039510,2025-09-07,1262.04,1283.16561830364
TR-039511,2025-09-07,1674.09,1705.4889806969081
TR-039512,2025-09-07,4191.96,4132.840262708658
TR-039513,2025-09-07,2461.67,2390.0862504127927
TR-039514,2025-09-07,3509.58,1352.80154374214
TR-039515,2025-09-07,2129.99,2082.764928037729
TR-039516,2025-09-07,2738.76,2676.234792390586
TR-039517,2025-09-07,1305.73,1284.7264607194807
TR-039518,2025-09-07,491.43,493.8006941635542
TR-039519,2025-09-07,869.11,848.1041967505575
TR-039520,2025-09-07,1721.63,1721.4122372047298
TR-039521,2025-09-07,3966.54,3897.2779434215363
TR-039522,2025-09-07,1171.48,1163.5274380669205
TR-039523,2025-09-07,1922.81,1848.639260200852
TR-039524,2025-09-07,2341.29,2335.060486455237
TR-039525,2025-09-07,2751.76,2733.7034429690257
TR-039526,2025-09-07,4251.85,4218.82371501848
TR-039527,2025-09-07,4103.62,4031.1443237650046
TR-039528,2025-09-07,352.04,367.4520785607531
TR-039529,2025-09-07,4337.4,4471.317796013851
TR-039530,2025-09-07,1205.49,1200.6951590208096
TR-039531,2025-09-07,2005.36,1916.0720217395294
TR-039532,2025-09-07,1652.64,1672.3741055354258
TR-039533,2025-09-07,3379.91,3284.86228841972
TR-039534,2025-09-07,3821.57,3737.2954865995716
TR-039535,2025-09-07,1529.04,1506.4950887536593
TR-039536,2025-09-07,1693.03,1724.4150914124925
TR-039537,2025-09-07,3646.69,3592.0686728313285
TR-039538,2025-09-07,4841.75,4761.498523300401
TR-039539,2025-09-07,1130.84,1090.36580214802
TR-039540,2025-09-07,2359.22,2359.637551881001
TR-039541,2025-09-07,2047.67,2001.2173074285563
TR-039542,2025-09-07,1014.08,1006.9117965730588
TR-039543,2025-09-07,4740.83,4654.221307993245
TR-039544,2025-09-07,2396.78,2361.6219955899696
TR-039545,2025-09-07,646.25,666.9467843505688
TR-039546,2025-09-07,1477.09,3689.780140428055
TR-039547,2025-09-07,971.37,980.2878268453214
TR-039548,2025-09-07,1157.04,1153.8617269206761
TR-039549,2025-09-07,2065.89,1974.0779016539323
TR-039550,2025-09-07,3716.51,3648.883739257446
TR-039551,2025-09-07,2890.69,2925.709285372515
TR-039552,2025-09-07,1114.15,1134.5966766789534
TR-039553,2025-09-07,1465.64,1393.8268373532915
TR-039554,2025-09-07,2266.5,2181.7987349036275
TR-039555,2025-09-07,1482.34,1477.917499668522
TR-039556,2025-09-07,1209.0,1211.6354597363124
TR-039557,2025-09-07,3641.16,3528.30119475422
TR-039558,2025-09-07,499.9,497.30561723329515
TR-039559,2025-09-07,198.16,826.445368570528
TR-039560,2025-09-07,1136.33,1098.3434308673031
TR-039561,2025-09-07,1211.34,1170.555478065597
TR-039562,2025-09-07,4067.4,4107.042147390912
TR-039563,2025-09-07,1334.81,1344.894563521766
TR-039564,2025-09-07,2365.18,2308.331261604514
TR-039565,2025-09-07,664.79,661.0901537297268
TR-039566,2025-09-07,3399.59,3384.765659746701
TR-039567,2025-09-07,905.5,886.8142921080228
TR-039568,2025-09-07,2122.6,2093.642004356621
TR-039569,2025-09-07,3813.01,3821.773994633036
TR-039570,2025-09-07,3183.5,3122.9373438290777
TR-039571,2025-09-07,2124.08,2143.0115665861267
TR-039572,2025-09-08,1258.26,1250.1950040793977
TR-039573,2025-09-08,1832.43,1776.485579550361
TR-039574,2025-09-08,2684.71,2632.1516491664397
TR-039575,2025-09-08,1779.91,1782.8984594859
TR-039576,2025-09-08,1643.21,1685.3250170519525
TR-039577,2025-09-08,1308.17,1302.6005437107024
TR-039578,2025-09-08,1834.7,1827.656658776867
TR-039579,2025-09-08,1106.89,1063.5499820872749
TR-039580,2025-09-08,4308.44,4369.79711778437
TR-039581,2025-09-08,1659.41,1634.861316188018
TR-039582,2025-09-08,1010.14,1002.9909478666208
TR-039583,2025-09-08,2052.54,2009.9777456899103
TR-039584,2025-09-08,664.46,654.8904490550506
TR-039585,2025-09-08,4409.01,4367.687257944927
TR-039586,2025-09-08,1144.42,1129.498449919612
TR-039587,2025-09-08,2062.26,1969.6727976779187
TR-039588,2025-09-08,2791.08,2879.142334059466
TR-039589,2025-09-08,1374.41,1360.1438284434064
TR-039590,2025-09-08,3729.88,3715.5533117198233
TR-039591,2025-09-08,1611.62,1619.1704885525132
TR-039592,2025-09-08,4852.21,4821.856662066188
TR-039593,2025-09-08,1714.23,1683.2323966802874
TR-039594,2025-09-08,1990.99,1982.06382592476
TR-039595,2025-09-08,1764.95,1763.8947221547605
TR-039596,2025-09-08,1322.52,1345.6798478970336
TR-039597,2025-09-08,4247.79,4106.734014027854
TR-039598,2025-09-08,1340.5,1303.0010214471
TR-039599,2025-09-08,5620.89,5597.61477519994
TR-039600,2025-09-08,1717.38,1750.195584391176
TR-039601,2025-09-08,3365.65,3260.164366050116
TR-039602,2025-09-08,556.94,537.3849627812726
TR-039603,2025-09-08,1058.37,1065.1897609963316
TR-039604,2025-09-08,3903.03,3917.360933444085
TR-039605,2025-09-08,2014.63,1959.454215817171
TR-039606,2025-09-08,1999.43,1919.755566900989
TR-039607,2025-09-08,1801.21,1739.617810207783
TR-039608,2025-09-08,4431.09,4345.225165395304
TR-039609,2025-09-08,3905.77,3772.7383347869313
TR-039610,2025-09-08,809.6,795.7160965301225
TR-039611,2025-09-08,1872.88,1909.1725926816418
TR-039612,2025-09-08,2021.98,702.157220455244
TR-039613,2025-09-08,4791.87,4798.7732092967235
TR-039614,2025-09-08,4200.31,4124.341047909667
TR-039615,2025-09-08,1667.08,1663.3148234992836
TR-039616,2025-09-08,2948.72,2949.5702940512956
TR-039617,2025-09-08,2027.06,1966.895172901394
TR-039618,2025-09-08,2292.08,2208.4675590555908
TR-039619,2025-09-08,1387.72,1360.3151280516495
TR-039620,2025-09-08,1751.27,1697.0712051202631
TR-039621,2025-09-08,2850.46,2781.131384297656
TR-039622,2025-09-08,573.2,550.2345910064
TR-039623,2025-09-08,1357.84,1341.7765393539535
TR-039624,2025-09-08,2689.88,2631.764277614726
TR-039625,2025-09-08,2836.8,2869.910315381119
TR-039626,2025-09-08,1854.62,1855.0947280691616
TR-039627,2025-09-08,2213.5,2217.23836370163
TR-039628,2025-09-08,2589.09,2699.9919241947655
TR-039629,2025-09-08,1942.25,1934.8660777110167
TR-039630,2025-09-08,3568.34,3469.5258295378644
TR-039631,2025-09-08,767.26,765.6373201517044
TR-039632,2025-09-08,1623.8,1580.8641725434904
TR-039633,2025-09-08,2904.7,2816.2339845391075
TR-039634,2025-09-08,1282.29,1268.8864918286747
TR-039635,2025-09-08,1670.61,1693.2043631921279
TR-039636,2025-09-08,2446.14,2409.5366158997317
TR-039637,2025-09-08,3952.07,4028.9296210838647
TR-039638,2025-09-08,1746.0,1763.0079784990544
TR-039639,2025-09-08,2833.34,2772.297907857645
TR-039640,2025-09-08,1984.86,1961.24629714341
TR-039641,2025-09-08,3964.88,4041.83790894917
TR-039642,2025-09-08,896.28,865.4832554757579
TR-039643,2025-09-08,4288.2,4256.670549329454
TR-039644,2025-09-08,1008.41,998.6803691985906
TR-039645,2025-09-08,3975.86,3902.8324668378223
TR-039646,2025-09-08,5396.01,5313.0220368409655
TR-039647,2025-09-08,5007.64,4883.564709845606
TR-039648,2025-09-08,2653.14,2653.4085843741127
TR-039649,2025-09-08,2458.79,2563.029201523905
TR-039650,2025-09-08,579.86,588.8363040022064
TR-039651,2025-09-08,3207.95,3085.6843493310316
TR-039652,2025-09-08,1140.47,1092.7861918729818
TR-039653,2025-09-08,936.17,916.8701913504092
TR-039654,2025-09-08,3444.93,3334.29189149249
TR-039655,2025-09-08,846.27,838.2141766070188
TR-039656,2025-09-08,1039.33,3414.439373972391
TR-039657,2025-09-08,3077.83,3093.301825077421
TR-039658,2025-09-08,1366.54,1344.2673899582965
TR-039659,2025-09-08,1341.67,1332.2790377266342
TR-039660,2025-09-08,819.55,823.0470121643614
TR-039661,2025-09-08,801.7,790.1221125338477
TR-039662,2025-09-08,1574.89,1592.1588650006854
TR-039663,2025-09-08,1580.81,1558.6412671134879
TR-039664,2025-09-08,895.55,858.8564032848244
TR-039665,2025-09-08,810.22,788.038920833267
TR-039666,2025-09-08,5216.82,5237.243834573321
TR-039667,2025-09-08,3482.9,3462.399505929253
TR-039668,2025-09-08,2322.91,2252.1916732234904
TR-039669,2025-09-08,3360.0,3361.076984020093
TR-039670,2025-09-08,599.52,602.0276352943258
TR-039671,2025-09-08,2524.95,2458.647893486818
TR-039672,2025-09-08,996.28,979.1152145369667
TR-039673,2025-09-08,2615.19,2591.051462678025
TR-039674,2025-09-08,4876.72,4765.306609651603
TR-039675,2025-09-08,1123.76,1112.9150156755345
TR-039676,2025-09-08,2486.05,2449.283693509687
TR-039677,2025-09-08,758.12,1850.6683139062852
TR-039678,2025-09-08,402.44,418.764438877919
TR-039679,2025-09-08,2950.34,2836.6569306056163
TR-039680,2025-09-08,514.24,530.3380096520382
TR-039681,2025-09-08,381.97,364.14578538425167
TR-039682,2025-09-08,997.23,1002.9050061347732
TR-039683,2025-09-08,2412.98,2440.8888674694194
TR-039684,2025-09-08,833.53,827.364152884594
TR-039685,2025-09-08,1871.96,1836.7222961089612
TR-039686,2025-09-08,1062.85,1054.9226015204517
TR-039687,2025-09-08,4653.73,4437.658129415089
TR-039688,2025-09-08,1095.41,1078.2268020068989
TR-039689,2025-09-08,2891.35,2888.1940114475283
TR-039690,2025-09-08,3059.64,3203.6968089752627
TR-039691,2025-09-08,2568.75,2531.1542200034464
TR-039692,2025-09-08,3891.56,3901.278451111987
TR-039693,2025-09-08,1641.31,1591.3238910014238
TR-039694,2025-09-08,1132.92,1101.9593032392067
TR-039695,2025-09-08,2132.59,2191.8075390379518
TR-039696,2025-09-08,2650.23,2674.5693759440605
TR-039697,2025-09-08,1138.21,1144.9289828629264
TR-039698,2025-09-08,1704.6,1671.2932795628901
TR-039699,2025-09-08,3238.85,3208.718362055777
TR-039700,2025-09-08,1688.91,1680.6776371668793
TR-039701,2025-09-08,1946.66,1902.884799907847
TR-039702,2025-09-08,1786.14,1723.000092330627
TR-039703,2025-09-08,3806.95,3728.501608986149
TR-039704,2025-09-08,4380.38,4266.099838802337
TR-039705,2025-09-08,2149.63,2204.7219660038463
TR-039706,2025-09-08,2873.29,2813.4634266060602
TR-039707,2025-09-08,4481.33,4537.962556604096
TR-039708,2025-09-08,765.21,739.242683119262
TR-039709,2025-09-08,1949.17,1983.1057352315875
TR-039710,2025-09-08,3869.27,3841.33642779775
TR-039711,2025-09-08,5057.26,4948.841586246253
TR-039712,2025-09-08,1532.53,1515.8773383433204
TR-039713,2025-09-08,1015.6,990.3391880977138
TR-039714,2025-09-08,2156.21,2206.4107904360135
TR-039715,2025-09-08,4022.03,4034.7075674137304
TR-039716,2025-09-08,6853.93,6491.817677781218
TR-039717,2025-09-08,4327.24,4316.156578630342
TR-039718,2025-09-08,1861.62,1758.351900139335
TR-039719,2025-09-08,771.61,734.088660237036
TR-039720,2025-09-08,1803.52,1757.812565099315
TR-039721,2025-09-08,4459.47,4481.649335876871
TR-039722,2025-09-08,3829.72,3801.9698373829424
TR-039723,2025-09-08,288.59,304.99443553521405
TR-039724,2025-09-08,1997.43,1945.0891338123567
TR-039725,2025-09-08,1357.32,1351.0553099837439
TR-039726,2025-09-08,2560.61,2566.4030453826003
TR-039727,2025-09-08,1210.84,1214.3278615258912
TR-039728,2025-09-08,4652.33,4730.777476099716
TR-039729,2025-09-08,1475.59,1495.4273728914163
TR-039730,2025-09-08,536.68,523.4191224518434
TR-039731,2025-09-08,1455.89,1474.6210371607667
TR-039732,2025-09-08,1140.25,1101.0261917106548
TR-039733,2025-09-08,1431.89,1435.8421683377092
TR-039734,2025-09-08,1824.25,1830.608608455164
TR-039735,2025-09-09,2646.9,2604.0499786921814
TR-039736,2025-09-09,3419.98,3330.2826936527504
TR-039737,2025-09-09,4409.54,4476.483358422078
TR-039738,2025-09-09,3293.99,3229.421642223802
TR-039739,2025-09-09,3756.14,3697.853493735224
TR-039740,2025-09-09,736.62,724.0547883135484
TR-039741,2025-09-09,1736.13,1670.8346063345
TR-039742,2025-09-09,2129.31,2027.15927797762
TR-039743,2025-09-09,798.6,796.9598821502575
TR-039744,2025-09-09,2937.98,2917.816283860291
TR-039745,2025-09-09,3102.39,3155.4552462063334
TR-039746,2025-09-09,841.5,842.9249354815499
TR-039747,2025-09-09,4439.53,4370.890044264854
TR-039748,2025-09-09,4346.79,4185.857837788177
TR-039749,2025-09-09,741.53,706.3707257018807
TR-039750,2025-09-09,1441.03,1424.4566909532252
TR-039751,2025-09-09,5273.19,5222.046675118747
TR-039752,2025-09-09,2324.44,2232.9217767899863
TR-039753,2025-09-09,2011.22,1977.032323564778
TR-039754,2025-09-09,2411.65,2415.790131117965
TR-039755,2025-09-09,3101.74,3056.566439568558
TR-039756,2025-09-09,1843.06,1812.864765826167
TR-039757,2025-09-09,758.22,737.9897912342105
TR-039758,2025-09-09,2375.16,2356.649802422009
TR-039759,2025-09-09,1248.98,1243.0179542095088
TR-039760,2025-09-09,1877.24,1873.9854799744742
TR-039761,2025-09-09,3194.83,3217.17188949775
TR-039762,2025-09-09,3115.19,3096.326817695647
TR-039763,2025-09-09,1535.4,1504.4692394001
TR-039764,2025-09-09,3986.13,3945.92019947519
TR-039765,2025-09-09,4330.26,4269.778332331354
TR-039766,2025-09-09,1308.15,1324.4388897963654
TR-039767,2025-09-09,805.56,789.3218995048796
TR-039768,2025-09-09,2185.16,2123.661523465668
TR-039769,2025-09-09,1068.62,1041.4207601023097
TR-039770,2025-09-09,2118.18,2153.027507979741
TR-039771,2025-09-09,1420.85,1403.8453809132352
TR-039772,2025-09-09,1881.54,1854.7638916994497
TR-039773,2025-09-09,2523.52,2461.2548634670165
TR-039774,2025-09-09,1079.58,1057.2683988528097
TR-039775,2025-09-09,476.49,465.9749921901332
TR-039776,2025-09-09,1790.29,1763.3037112224752
TR-039777,2025-09-09,3825.67,3771.6403254394936
TR-039778,2025-09-09,1168.88,1175.7865278124823
TR-039779,2025-09-09,540.28,518.7345695001527
TR-039780,2025-09-09,4144.97,4090.2833542474905
TR-039781,2025-09-09,3430.45,3307.5829271350913
TR-039782,2025-09-09,1089.14,1080.8634140729114
TR-039783,2025-09-09,1496.16,1469.1057194967962
TR-039784,2025-09-09,357.82,361.3556634741676
TR-039785,2025-09-09,776.5,3159.0297413093317
TR-039786,2025-09-09,1563.27,1542.2104604953029
TR-039787,2025-09-09,235.09,251.92070878848904
TR-039788,2025-09-09,1284.8,1227.8225139119072
TR-039789,2025-09-09,1632.44,1600.8624449018762
TR-039790,2025-09-09,4249.72,4175.513171717217
TR-039791,2025-09-09,734.9,737.5453718830561
TR-039792,2025-09-09,2122.27,2085.7098524100356
TR-039793,2025-09-09,2356.26,2363.062829896245
TR-039794,2025-09-09,2940.91,2853.0295196315037
TR-039795,2025-09-09,1697.13,1642.710139086968
TR-039796,2025-09-09,1153.23,1143.8256178993413
TR-039797,2025-09-09,1760.2,1684.649994636996
TR-039798,2025-09-09,826.5,837.0929751464985
TR-039799,2025-09-09,522.73,516.7602967909456
TR-039800,2025-09-09,3088.51,3072.284299290958
TR-039801,2025-09-09,3918.45,3819.2578718830396
TR-039802,2025-09-09,1744.76,1768.995982005501
TR-039803,2025-09-09,3267.04,3187.09265669975
TR-039804,2025-09-09,955.94,951.4933525861807
TR-039805,2025-09-09,1145.81,1157.9657135174607
TR-039806,2025-09-09,783.88,780.5124476220269
TR-039807,2025-09-09,2393.62,2358.535198055355
TR-039808,2025-09-09,5099.65,4932.003410849834
TR-039809,2025-09-09,3823.37,3862.8680914829347
TR-039810,2025-09-09,714.31,680.0497700095568
TR-039811,2025-09-09,4718.05,4638.469513009204
TR-039812,2025-09-09,1832.35,1812.4019246320172
TR-039813,2025-09-09,5180.3,4987.767153430725
TR-039814,2025-09-09,299.01,265.24892964721175
TR-039815,2025-09-09,1361.79,1348.0070717381752
TR-039816,2025-09-09,2786.74,2750.423477610161
TR-039817,2025-09-09,4467.02,4303.370104362721
TR-039818,2025-09-09,3448.36,3376.1713900665436
TR-039819,2025-09-09,2934.27,3013.9173009967512
TR-039820,2025-09-09,1515.65,1507.057355710378
TR-039821,2025-09-09,3623.26,3583.450096814871
TR-039822,2025-09-09,772.57,735.5936986207294
TR-039823,2025-09-09,1400.18,1436.1394910132794
TR-039824,2025-09-09,2645.92,2623.954444192382
TR-039825,2025-09-09,1751.61,1719.7160742638387
TR-039826,2025-09-09,4606.47,4654.139569573617
TR-039827,2025-09-09,3726.44,3769.315421510518
TR-039828,2025-09-09,1188.52,1162.7264867010542
TR-039829,2025-09-09,1854.52,1822.0634513260359
TR-039830,2025-09-09,1108.73,1105.0241209229275
TR-039831,2025-09-09,3805.0,3814.713183067951
TR-039832,2025-09-09,1569.73,1558.1350129964578
TR-039833,2025-09-09,474.35,461.98699123722645
TR-039834,2025-09-09,1865.49,1793.573877677606
TR-039835,2025-09-09,827.22,825.277826750103
TR-039836,2025-09-09,4380.71,4441.983811529625
TR-039837,2025-09-09,770.35,741.8021288299092
TR-039838,2025-09-09,501.55,483.0368565834085
TR-039839,2025-09-09,494.72,495.9133076837102
TR-039840,2025-09-09,835.94,815.3812850091686
TR-039841,2025-09-09,1419.19,1423.1906807525463
TR-039842,2025-09-09,2237.19,2157.8586442041747
TR-039843,2025-09-09,3770.8,3831.3941833677873
TR-039844,2025-09-09,2954.69,2892.678922691074
TR-039845,2025-09-09,5432.67,5126.3603817458425
TR-039846,2025-09-09,2532.98,2444.7232062418448
TR-039847,2025-09-09,3328.7,3334.8879309683743
TR-039848,2025-09-09,1125.98,1119.1850184595182
TR-039849,2025-09-09,3038.98,3011.012916873613
TR-039850,2025-09-09,4046.38,4061.05692095225
TR-039851,2025-09-09,1010.4,1009.306324834085
TR-039852,2025-09-09,1766.85,1720.7090377111745
TR-039853,2025-09-09,1401.81,1396.7006919078726
TR-039854,2025-09-09,1068.44,1071.8852865952163
TR-039855,2025-09-09,2901.08,2827.9991680971752
TR-039856,2025-09-09,1490.23,1493.3078002519999
TR-039857,2025-09-09,3120.02,3028.863303227057
TR-039858,2025-09-09,3082.78,2988.602259974484
TR-039859,2025-09-09,1764.32,1695.7511479248953
TR-039860,2025-09-09,1232.86,1212.1069115894602
TR-039861,2025-09-09,1528.31,1479.2778658478983
TR-039862,2025-09-09,4537.71,4501.49507131618
TR-039863,2025-09-09,2369.38,2360.3300309228935
TR-039864,2025-09-09,1911.08,1837.629267727133
TR-039865,2025-09-09,899.29,877.6004580942804
TR-039866,2025-09-09,4862.84,4812.739224393984
TR-039867,2025-09-09,1014.12,995.5213419772365
TR-039868,2025-09-09,2439.93,2388.817144906268
TR-039869,2025-09-09,5375.41,5238.59814498345
TR-039870,2025-09-09,1855.47,1868.5811060686337
TR-039871,2025-09-09,1120.17,1123.5046635281726
TR-039872,2025-09-09,3529.76,3496.5523833569914
TR-039873,2025-09-09,4233.88,4171.083444268112
TR-039874,2025-09-09,1775.71,1743.919369852183
TR-039875,2025-09-09,1887.01,1843.809566648257
TR-039876,2025-09-09,5250.05,5197.551813303733
TR-039877,2025-09-09,2407.73,2341.1398117824724
TR-039878,2025-09-09,4875.93,4804.2571345780925
TR-039879,2025-09-09,4505.4,4417.472268771861
TR-039880,2025-09-09,2985.84,2937.437316287446
TR-039881,2025-09-09,926.34,894.556569113884
TR-039882,2025-09-09,1185.19,1191.1362206469917
TR-039883,2025-09-09,2529.83,2472.43787274947
TR-039884,2025-09-09,2072.02,2010.0641177816842
TR-039885,2025-09-09,1134.3,1138.087928914248
TR-039886,2025-09-09,4011.04,3896.334640002
TR-039887,2025-09-09,4606.8,4597.937234529101
TR-039888,2025-09-09,2324.44,2303.083817854219
TR-039889,2025-09-09,1663.25,1666.5101679610593
TR-039890,2025-09-09,2317.78,2248.923557215146
TR-039891,2025-09-09,2253.5,2199.3647047015907
TR-039892,2025-09-09,625.09,601.1833581360402
TR-039893,2025-09-09,2214.63,2182.59937046613
TR-039894,2025-09-09,2005.03,1995.7159393735424
TR-039895,2025-09-09,1734.28,1661.114160861946
TR-039896,2025-09-09,2513.73,2431.649332882648
TR-039897,2025-09-09,1601.42,1562.2605966676085
TR-039898,2025-09-09,1949.56,1906.148896001472
TR-039899,2025-09-09,2424.14,2410.4348661600097
TR-039900,2025-09-09,587.37,582.0595686484044
TR-039901,2025-09-10,1234.24,1226.5282454801536
TR-039902,2025-09-10,5383.25,5041.631856274492
TR-039903,2025-09-10,3849.67,3667.8452389672166
TR-039904,2025-09-10,2218.39,2219.6370183246318
TR-039905,2025-09-10,1165.07,1134.7459508171069
TR-039906,2025-09-10,1591.62,1602.6706592807348
TR-039907,2025-09-10,5842.69,5769.420513758131
TR-039908,2025-09-10,1422.84,1451.8257038364002
TR-039909,2025-09-10,5795.79,1930.2009847380732
TR-039910,2025-09-10,3704.0,3668.0294903748827
TR-039911,2025-09-10,1330.84,1361.1774031578375
TR-039912,2025-09-10,5969.57,5581.412259395336
TR-039913,2025-09-10,2057.92,2053.925092165918
TR-039914,2025-09-10,5233.94,5068.273049875948
TR-039915,2025-09-10,1654.8,1677.5723327767307
TR-039916,2025-09-10,630.26,636.0556738158562
TR-039917,2025-09-10,3902.89,3813.011731788928
TR-039918,2025-09-10,548.19,547.4392072810233
TR-039919,2025-09-10,1953.83,1892.5238773873348
TR-039920,2025-09-10,1834.95,1795.6879944151672
TR-039921,2025-09-10,4355.98,4215.2533062822
TR-039922,2025-09-10,1391.81,1377.638518328995
TR-039923,2025-09-10,1323.33,1290.8448499506758
TR-039924,2025-09-10,1682.87,1633.0137987511114
TR-039925,2025-09-10,3642.58,3594.705197999997
TR-039926,2025-09-10,3688.48,3637.8210358383294
TR-039927,2025-09-10,2459.73,2448.5450263086746
TR-039928,2025-09-10,1716.4,1697.8380079219173
TR-039929,2025-09-10,3159.05,3059.1446332646037
TR-039930,2025-09-10,1375.61,1309.120391283676
TR-039931,2025-09-10,3457.21,3371.890575343323
TR-039932,2025-09-10,805.25,794.3185136652332
TR-039933,2025-09-10,3318.89,3190.5735523623716
TR-039934,2025-09-10,4213.04,4170.412637060246
TR-039935,2025-09-10,1800.09,1717.7942021490428
TR-039936,2025-09-10,830.98,821.8074456298193
TR-039937,2025-09-10,822.94,793.4012008173484
TR-039938,2025-09-10,606.05,550.913219529114
TR-039939,2025-09-10,3890.56,3897.408540427845
TR-039940,2025-09-10,1978.86,1915.5472712613464
TR-039941,2025-09-10,932.38,888.3945506150008
TR-039942,2025-09-10,3379.98,3470.5210499417967
TR-039943,2025-09-10,245.86,230.7900445415646
TR-039944,2025-09-10,910.23,910.4389992131328
TR-039945,2025-09-10,3826.97,3724.724701996154
TR-039946,2025-09-10,468.64,452.08091773599017
TR-039947,2025-09-10,3655.22,3590.6308798815085
TR-039948,2025-09-10,1227.68,1183.766742207088
TR-039949,2025-09-10,3892.71,3835.504585968342
TR-039950,2025-09-10,1159.83,1134.1953392087566
TR-039951,2025-09-10,1714.46,1692.1113861118142
TR-039952,2025-09-10,3751.53,3495.2320202066467
TR-039953,2025-09-10,1490.03,1481.0646886651468
TR-039954,2025-09-10,4221.78,4072.5078122085256
TR-039955,2025-09-10,1274.03,1226.8023766759043
TR-039956,2025-09-10,2456.19,2423.089117832429
TR-039957,2025-09-10,706.67,694.1915659150852
TR-039958,2025-09-10,2134.16,2021.0178196226177
TR-039959,2025-09-10,5990.75,5997.690388895715
TR-039960,2025-09-10,1891.27,1877.1032777536102
TR-039961,2025-09-10,1261.09,1243.9172193056563
TR-039962,2025-09-10,1495.45,1444.9145231042705
TR-039963,2025-09-10,5714.34,5656.176382794205
TR-039964,2025-09-10,857.81,829.9777117766744
TR-039965,2025-09-10,810.24,767.1257729782342
TR-039966,2025-09-10,856.86,823.3267218456756
TR-039967,2025-09-10,4324.74,4344.318889518036
TR-039968,2025-09-10,775.28,789.702024893043
TR-039969,2025-09-10,2897.11,2859.9522971534975
TR-039970,2025-09-10,2932.4,2894.016983822542
TR-039971,2025-09-10,899.18,881.7965989559907
TR-039972,2025-09-10,5282.81,5259.729949722366
TR-039973,2025-09-10,1604.96,1604.3307360974336
TR-039974,2025-09-10,4190.71,4129.236721149558
TR-039975,2025-09-10,902.06,886.7034267073657
TR-039976,2025-09-10,1284.52,1246.656247860536
TR-039977,2025-09-10,4791.56,4629.276681788899
TR-039978,2025-09-10,4493.19,4328.1936219555655
TR-039979,2025-09-10,1194.45,1181.5293427829754
TR-039980,2025-09-10,1403.96,1444.9992257357017
TR-039981,2025-09-10,1389.2,1348.6911585058367
TR-039982,2025-09-10,5433.92,5444.119792961826
TR-039983,2025-09-10,2077.41,2028.770646781257
TR-039984,2025-09-10,867.11,885.8954844528014
TR-039985,2025-09-10,1673.2,1661.7286911437557
TR-039986,2025-09-10,5348.71,5114.477138074364
TR-039987,2025-09-10,851.64,827.1346437265031
TR-039988,2025-09-10,3442.21,3382.3841178635184
TR-039989,2025-09-10,1870.77,1798.4872268552383
TR-039990,2025-09-10,2203.39,2166.966011697552
TR-039991,2025-09-10,4945.33,4759.625450093176
TR-039992,2025-09-10,4316.9,4201.674579315713
TR-039993,2025-09-10,1617.61,1597.163700942182
TR-039994,2025-09-10,2135.53,2093.649174596442
TR-039995,2025-09-10,5390.41,5221.7814716542525
TR-039996,2025-09-10,2952.58,2793.894187966435
TR-039997,2025-09-10,745.55,727.745234644407
TR-039998,2025-09-10,2039.12,2061.7194570077168
TR-039999,2025-09-10,1642.87,1584.9351577879997
TR-040000,2025-09-10,3055.7,3037.36576182185
TR-040001,2025-09-10,3333.07,3357.243106917598
TR-040002,2025-09-10,1175.9,1147.189867608547
TR-040003,2025-09-10,2813.46,2733.726229888267
TR-040004,2025-09-10,977.98,954.6408877708373
TR-040005,2025-09-10,3025.17,2852.1642180922836
TR-040006,2025-09-10,1174.92,1191.386914081977
TR-040007,2025-09-10,1652.47,1640.8635322252217
TR-040008,2025-09-10,4186.74,4186.326899866815
TR-040009,2025-09-10,2057.18,1984.3680789524703
TR-040010,2025-09-10,961.79,939.6611087202439
TR-040011,2025-09-10,1417.14,1408.5301249358529
TR-040012,2025-09-10,4233.0,4107.44553316704
TR-040013,2025-09-10,1563.34,1559.3800682017168
TR-040014,2025-09-10,3545.53,3443.7129273481755
TR-040015,2025-09-10,4307.33,4314.954974723182
TR-040016,2025-09-10,1407.48,1373.4775997693607
TR-040017,2025-09-10,4376.2,4288.185338794285
TR-040018,2025-09-10,548.09,524.5661878424416
TR-040019,2025-09-10,3124.92,3045.5322384609553
TR-040020,2025-09-10,2782.8,2700.00107941521
TR-040021,2025-09-10,2012.52,1961.2892693844806
TR-040022,2025-09-10,4860.78,4892.97781811634
TR-040023,2025-09-10,2276.91,2254.978979158203
TR-040024,2025-09-10,3663.3,3603.269805061916
TR-040025,2025-09-10,2406.78,2383.934066680862
TR-040026,2025-09-10,643.83,600.5680986782756
TR-040027,2025-09-10,1711.91,1702.54435783028
TR-040028,2025-09-10,2042.48,1997.7009472605546
TR-040029,2025-09-10,1098.71,1046.318848389113
TR-040030,2025-09-10,1070.18,1055.9015490061793
TR-040031,2025-09-10,1395.18,1394.5641795028894
TR-040032,2025-09-10,5241.8,5219.180039705496
TR-040033,2025-09-10,2710.93,2665.8742926600607
TR-040034,2025-09-10,4813.65,4739.289965644071
TR-040035,2025-09-10,2195.23,2153.9725358028704
TR-040036,2025-09-10,2806.77,2731.6371712005416
TR-040037,2025-09-10,636.64,630.1483372766893
TR-040038,2025-09-10,1887.3,1909.4791286345974
TR-040039,2025-09-10,2192.73,2160.1220664268285
TR-040040,2025-09-10,2680.22,2602.6043704648123
TR-040041,2025-09-10,477.61,452.8768526872377
TR-040042,2025-09-10,3401.18,3349.4164363555446
TR-040043,2025-09-10,2511.55,2426.924530993544
TR-040044,2025-09-10,5641.98,5450.388694654692
TR-040045,2025-09-10,3808.59,3794.6924311993102
TR-040046,2025-09-10,3348.83,1451.2701373244577
TR-040047,2025-09-10,2049.34,2004.3097563422732
TR-040048,2025-09-10,2807.39,2742.59454851014
TR-040049,2025-09-10,1758.37,5527.232558136953
TR-040050,2025-09-10,4302.88,4242.694414676671
TR-040051,2025-09-10,1969.6,1946.3662239176697
TR-040052,2025-09-10,855.3,871.6904296095013
TR-040053,2025-09-10,2914.9,2840.3273648001486
TR-040054,2025-09-10,2465.22,2484.892286230928
TR-040055,2025-09-10,2399.07,2286.185440276872
TR-040056,2025-09-10,5383.59,5349.126219153899
TR-040057,2025-09-10,1579.77,1500.8433323608128
TR-040058,2025-09-10,4140.08,4035.1712101769162
TR-040059,2025-09-10,2887.23,2756.640100801698
TR-040060,2025-09-10,3869.45,793.5154737992109
TR-040061,2025-09-10,657.63,660.4151708023951
TR-040062,2025-09-11,2291.53,2299.929974060622
TR-040063,2025-09-11,3516.64,3412.2839693917595
TR-040064,2025-09-11,2417.85,2344.8651551496196
TR-040065,2025-09-11,4033.26,3979.9344643128943
TR-040066,2025-09-11,2439.49,2369.4437179884576
TR-040067,2025-09-11,934.11,906.2750472091325
TR-040068,2025-09-11,3825.7,3722.332127174779
TR-040069,2025-09-11,4007.04,3974.460850279873
TR-040070,2025-09-11,1452.89,1393.9705884769587
TR-040071,2025-09-11,627.33,596.0755219556465
TR-040072,2025-09-11,1337.53,1292.6066395353173
TR-040073,2025-09-11,5729.48,5534.2343614053925
TR-040074,2025-09-11,2534.93,2564.8080345618446
TR-040075,2025-09-11,1893.57,1858.2991587306735
TR-040076,2025-09-11,3118.9,3191.3773011206526
TR-040077,2025-09-11,1991.68,1937.7639355283227
TR-040078,2025-09-11,3709.46,3570.32755915044
TR-040079,2025-09-11,363.4,352.930558330311
TR-040080,2025-09-11,9993.31,4040.1155851740805
TR-040081,2025-09-11,548.2,540.3701649382849
TR-040082,2025-09-11,3595.73,3463.841193189114
TR-040083,2025-09-11,1190.03,1175.0126478961802
TR-040084,2025-09-11,1258.59,1229.5152451719268
TR-040085,2025-09-11,1169.27,1111.5830023401836
TR-040086,2025-09-11,468.28,455.7988826427677
TR-040087,2025-09-11,3077.55,2973.6588823018856
TR-040088,2025-09-11,1750.91,1709.1654543724326
TR-040089,2025-09-11,4867.0,4766.757478779302
TR-040090,2025-09-11,674.55,642.0122141983791
TR-040091,2025-09-11,637.22,605.4149070007909
TR-040092,2025-09-11,632.9,625.2058906413058
TR-040093,2025-09-11,1013.09,1015.2437862025635
TR-040094,2025-09-11,1437.98,1400.7818257992476
TR-040095,2025-09-11,392.73,370.75819961605885
TR-040096,2025-09-11,480.28,454.0447690578062
TR-040097,2025-09-11,20132.37,3825.2221591039292
TR-040098,2025-09-11,2463.78,2433.1828940471382
TR-040099,2025-09-11,879.33,871.8185392656485
TR-040100,2025-09-11,1495.51,1454.8674633535334
TR-040101,2025-09-11,1606.71,1599.7043480625139
TR-040102,2025-09-11,1606.62,1580.9527734362846
TR-040103,2025-09-11,2213.28,2176.3347726867214
TR-040104,2025-09-11,1625.51,1603.0226955787618
TR-040105,2025-09-11,2270.71,2284.562692961805
TR-040106,2025-09-11,1872.91,1872.4844402464778
TR-040107,2025-09-11,1196.5,1173.9311306642828
TR-040108,2025-09-11,2320.06,2231.151606954768
TR-040109,2025-09-11,4229.61,4090.792685879724
TR-040110,2025-09-11,2167.33,2172.1588707516626
TR-040111,2025-09-11,3664.86,3643.6930980291672
TR-040112,2025-09-11,2196.15,2085.4018997292374
TR-040113,2025-09-11,977.56,944.8591754557731
TR-040114,2025-09-11,1685.94,1666.8701144543438
TR-040115,2025-09-11,1979.6,1936.8259910481186
TR-040116,2025-09-11,1098.94,1075.1645735247498
TR-040117,2025-09-11,2989.01,2985.4583431210385
TR-040118,2025-09-11,5292.37,5119.225746659855
TR-040119,2025-09-11,3098.97,3045.8718628811957
TR-040120,2025-09-11,4344.65,4105.451169551325
TR-040121,2025-09-11,492.83,452.96248672798265
TR-040122,2025-09-11,1599.16,1548.9365227884628
TR-040123,2025-09-11,941.77,961.136675129163
TR-040124,2025-09-11,4198.18,4040.201311223649
TR-040125,2025-09-11,1749.01,1718.9765043815614
TR-040126,2025-09-11,4168.47,4110.1252979396395
TR-040127,2025-09-11,1301.34,1272.2848776600886
TR-040128,2025-09-11,3471.55,3391.0218934594095
TR-040129,2025-09-11,4630.06,4460.4855020459345
TR-040130,2025-09-11,2434.73,2353.8029537180196
TR-040131,2025-09-11,1194.91,1200.6993344002342
TR-040132,2025-09-11,2820.43,2706.031601503143
TR-040133,2025-09-11,880.53,845.9016494165726
TR-040134,2025-09-11,3309.54,3309.392935466891
TR-040135,2025-09-11,1195.38,1216.8701535311693
TR-040136,2025-09-11,2679.76,2623.5582688451614
TR-040137,2025-09-11,4219.73,4127.548907271876
TR-040138,2025-09-11,1606.18,1591.1911674833386
TR-040139,2025-09-11,1217.29,1189.0774738397063
TR-040140,2025-09-11,958.52,960.6727610319213
TR-040141,2025-09-11,4241.61,4201.137798941824
TR-040142,2025-09-11,3791.78,3778.2797433072215
TR-040143,2025-09-11,2814.93,2806.7769142047487
TR-040144,2025-09-11,3895.62,3988.5917412063654
TR-040145,2025-09-11,3866.67,3838.8780960155723
TR-040146,2025-09-11,1328.04,1325.291865672776
TR-040147,2025-09-11,5113.28,4894.660876008032
TR-040148,2025-09-11,5746.04,5705.318036374734
TR-040149,2025-09-11,1360.11,1308.5249764714931
TR-040150,2025-09-11,2140.16,2024.210950763091
TR-040151,2025-09-11,3534.88,3457.913766185893
TR-040152,2025-09-11,967.48,981.008542060945
TR-040153,2025-09-11,869.7,840.2441223844492
TR-040154,2025-09-11,732.91,712.8080019062465
TR-040155,2025-09-11,2668.05,2588.762067110586
TR-040156,2025-09-11,770.42,777.9872557636206
TR-040157,2025-09-11,1172.93,1159.8794006012859
TR-040158,2025-09-11,1098.51,1096.7111490194793
TR-040159,2025-09-11,12240.81,3854.6786303892704
TR-040160,2025-09-11,550.71,545.3025528022258
TR-040161,2025-09-11,993.48,953.4509521376119
TR-040162,2025-09-11,1879.68,1811.1626370799122
TR-040163,2025-09-11,2545.64,2493.3427160347783
TR-040164,2025-09-11,1010.27,1018.0600268533448
TR-040165,2025-09-11,4331.88,4197.155858448834
TR-040166,2025-09-11,2163.98,2180.222665673285
TR-040167,2025-09-11,2695.4,2628.2193159628446
TR-040168,2025-09-11,2682.78,2649.1943659957305
TR-040169,2025-09-11,3981.03,3866.329984790009
TR-040170,2025-09-11,2474.47,2459.382257278365
TR-040171,2025-09-11,1212.72,1184.787747208487
TR-040172,2025-09-11,20361.89,4238.41681122033
TR-040173,2025-09-11,899.35,889.0909087390037
TR-040174,2025-09-11,244.05,1237.6148897214448
TR-040175,2025-09-11,2526.64,2499.8180183434592
TR-040176,2025-09-11,2423.17,2340.067522254532
TR-040177,2025-09-11,2534.0,2556.760205343905
TR-040178,2025-09-11,1879.01,1868.6229816536302
TR-040179,2025-09-11,5488.25,5457.411671711876
TR-040180,2025-09-11,1711.83,1722.7740056443417
TR-040181,2025-09-11,2250.71,2241.372438812126
TR-040182,2025-09-11,4541.48,4517.212189565424
TR-040183,2025-09-11,3295.32,3252.625806229472
TR-040184,2025-09-11,4008.71,3930.5408445578805
TR-040185,2025-09-11,780.62,784.2166244720102
TR-040186,2025-09-11,963.27,958.2658571055324
TR-040187,2025-09-11,3688.72,3546.6324606344424
TR-040188,2025-09-11,1139.9,1151.2448049483849
TR-040189,2025-09-11,1562.41,1574.1225538722017
TR-040190,2025-09-11,939.43,926.6587181669022
TR-040191,2025-09-11,3780.8,3654.798678091238
TR-040192,2025-09-11,4087.56,4087.019312801441
TR-040193,2025-09-11,2435.69,2401.3870776960925
TR-040194,2025-09-11,3586.64,3490.9838284499306
TR-040195,2025-09-11,4789.73,4727.252066770678
TR-040196,2025-09-11,3313.06,3324.112289524343
TR-040197,2025-09-11,2325.49,2242.911419771058
TR-040198,2025-09-11,2019.28,2066.1861438420524
TR-040199,2025-09-11,3086.07,3005.187988987276
TR-040200,2025-09-11,1863.61,1892.6613374495541
TR-040201,2025-09-11,1956.54,1956.3861097539298
TR-040202,2025-09-11,4542.1,4491.035155879886
TR-040203,2025-09-11,1690.71,1622.6541206216623
TR-040204,2025-09-11,5069.2,4929.286599119053
TR-040205,2025-09-11,2925.33,2858.7362186682367
TR-040206,2025-09-11,4590.57,4576.884861174847
TR-040207,2025-09-11,4872.62,4875.618021784696
TR-040208,2025-09-11,4808.27,4697.093747824838
TR-040209,2025-09-11,1603.47,1568.0027930709089
TR-040210,2025-09-11,643.67,626.6639509037184
TR-040211,2025-09-11,5816.71,5727.611057435939
TR-040212,2025-09-11,979.75,973.5217087383003
TR-040213,2025-09-11,1342.92,1310.2964063658608
TR-040214,2025-09-11,4292.87,4207.470130867918
TR-040215,2025-09-11,3390.36,3312.45924973486
TR-040216,2025-09-11,820.63,780.384389188936
TR-040217,2025-09-11,4105.79,4079.9972607670766
TR-040218,2025-09-11,4006.85,3801.0153489998447
TR-040219,2025-09-12,863.19,851.5316349288826
TR-040220,2025-09-12,767.37,719.215476741984
TR-040221,2025-09-12,3793.98,3721.99968468309
TR-040222,2025-09-12,3929.53,3885.936362183922
TR-040223,2025-09-12,1980.42,1879.1446601875957
TR-040224,2025-09-12,2759.38,2706.451232900243
TR-040225,2025-09-12,1625.12,1522.215092946434
TR-040226,2025-09-12,4099.71,3901.624030547943
TR-040227,2025-09-12,1379.44,1348.6300201349088
TR-040228,2025-09-12,2548.48,2505.1180884345713
TR-040229,2025-09-12,1158.71,1123.9455499947485
TR-040230,2025-09-12,1487.45,1497.371249442108
TR-040231,2025-09-12,767.78,752.3507340670981
TR-040232,2025-09-12,1667.13,1625.990911564283
TR-040233,2025-09-12,5722.29,5481.249902190313
TR-040234,2025-09-12,2938.6,2785.3623933700483
TR-040235,2025-09-12,4591.1,4373.68088076011
TR-040236,2025-09-12,4100.14,4045.482686527815
TR-040237,2025-09-12,1824.41,1755.970164152472
TR-040238,2025-09-12,1438.34,1394.0184319746052
TR-040239,2025-09-12,1776.7,1740.7995892330327
TR-040240,2025-09-12,1791.57,1734.1847764922152
TR-040241,2025-09-12,2270.22,2261.748224869267
TR-040242,2025-09-12,2023.04,1986.114292445808
TR-040243,2025-09-12,1554.3,1488.316287461153
TR-040244,2025-09-12,1638.1,1665.7124367279184
TR-040245,2025-09-12,3209.87,3142.5164344578698
TR-040246,2025-09-12,2315.18,2308.416640643633
TR-040247,2025-09-12,2765.1,2652.9220005363723
TR-040248,2025-09-12,4187.65,4067.2780236762133
TR-040249,2025-09-12,5413.49,5157.433344386163
TR-040250,2025-09-12,2089.53,2092.025086211171
TR-040251,2025-09-12,1529.14,1508.97721169018
TR-040252,2025-09-12,3547.22,3552.5617403835085
TR-040253,2025-09-12,1091.26,1034.3869992870739
TR-040254,2025-09-12,4639.2,4303.485472327129
TR-040255,2025-09-12,5437.19,5464.522486048472
TR-040256,2025-09-12,4618.42,4555.750738979968
TR-040257,2025-09-12,2496.84,2430.8864513287413
TR-040258,2025-09-12,1135.31,1105.9146866836452
TR-040259,2025-09-12,4185.43,4034.841760167422
TR-040260,2025-09-12,4591.58,4475.625136963767
TR-040261,2025-09-12,2364.33,2332.273311304809
TR-040262,2025-09-12,2225.24,2159.483712405541
TR-040263,2025-09-12,4945.19,4803.328450834646
TR-040264,2025-09-12,879.21,874.1394270197402
TR-040265,2025-09-12,4561.04,4414.5722076087695
TR-040266,2025-09-12,2543.79,2493.1660713851993
TR-040267,2025-09-12,5028.04,4788.090653551548
TR-040268,2025-09-12,3489.82,3398.2868992053686
TR-040269,2025-09-12,1882.39,1826.635020363851
TR-040270,2025-09-12,1972.59,1963.0277736188245
TR-040271,2025-09-12,1106.33,1064.344254272576
TR-040272,2025-09-12,1328.03,1285.6747584920222
TR-040273,2025-09-12,3357.98,3218.647672084325
TR-040274,2025-09-12,352.31,1306.9474960217783
TR-040275,2025-09-12,4259.95,4202.872900339455
TR-040276,2025-09-12,3901.63,3758.682577138872
TR-040277,2025-09-12,1806.24,1759.1018567455878
TR-040278,2025-09-12,1302.11,1295.059106216765
TR-040279,2025-09-12,659.64,655.5042346477849
TR-040280,2025-09-12,1475.99,1438.857143544862
TR-040281,2025-09-12,1490.26,1440.5274989585723
TR-040282,2025-09-12,3320.42,3267.295576147684
TR-040283,2025-09-12,3472.54,3316.4665133472226
TR-040284,2025-09-12,1137.73,1098.235789833329
TR-040285,2025-09-12,3696.43,3680.3296887814104
TR-040286,2025-09-12,577.85,569.6249545401181
TR-040287,2025-09-12,3239.2,3085.113969628759
TR-040288,2025-09-12,3561.78,3429.5938271995346
TR-040289,2025-09-12,3320.48,3257.187129717102
TR-040290,2025-09-12,4697.77,4521.767925502146
TR-040291,2025-09-12,1046.21,985.4178159346909
TR-040292,2025-09-12,4717.95,4625.853003016216
TR-040293,2025-09-12,2420.04,2359.7442152253548
TR-040294,2025-09-12,763.18,755.2461169144635
TR-040295,2025-09-12,3908.63,3900.2815320610625
TR-040296,2025-09-12,1672.54,1636.2996883531187
TR-040297,2025-09-12,971.23,938.8719692369493
TR-040298,2025-09-12,4982.94,4966.638693867773
TR-040299,2025-09-12,2276.71,2209.1908333212905
TR-040300,2025-09-12,461.77,1565.0254340332262
TR-040301,2025-09-12,1077.4,1095.224227100979
TR-040302,2025-09-12,739.46,713.9005187803768
TR-040303,2025-09-12,4373.27,4331.049726002244
TR-040304,2025-09-12,1141.5,1086.4678563153461
TR-040305,2025-09-12,1558.84,1533.4398032173547
TR-040306,2025-09-12,2644.28,2585.9135225806385
TR-040307,2025-09-12,3979.89,3921.1478446443534
TR-040308,2025-09-12,4787.12,4797.561658665911
TR-040309,2025-09-12,1811.81,1795.1138793000468
TR-040310,2025-09-12,1369.82,1347.5836986152162
TR-040311,2025-09-12,3467.94,3321.1219977050587
TR-040312,2025-09-12,1037.14,1015.6542146476503
TR-040313,2025-09-12,1214.34,1223.1768213859518
TR-040314,2025-09-12,2044.98,2034.4168357193034
TR-040315,2025-09-12,1042.66,1059.9046158364108
TR-040316,2025-09-12,794.57,785.1054233152736
TR-040317,2025-09-12,1026.46,1032.4858008619935
TR-040318,2025-09-12,5451.58,5263.880835827615
TR-040319,2025-09-12,5482.58,5298.63260038635
TR-040320,2025-09-12,2956.1,2891.159905698305
TR-040321,2025-09-12,1364.46,1310.8959843800162
TR-040322,2025-09-12,247.85,279.1087781994145
TR-040323,2025-09-12,14949.25,3237.5024538103335
TR-040324,2025-09-12,447.8,455.50237171255503
TR-040325,2025-09-12,2262.85,2236.9956877949517
TR-040326,2025-09-12,473.51,479.13714105808003
TR-040327,2025-09-12,2161.89,2129.8075908512233
TR-040328,2025-09-12,3072.12,3033.921537218151
TR-040329,2025-09-12,6656.87,6484.233612967908
TR-040330,2025-09-12,4522.94,4496.964651426874
TR-040331,2025-09-12,3198.8,3153.4624203934145
TR-040332,2025-09-12,2312.51,2208.9457244783825
TR-040333,2025-09-12,2666.9,2565.954947895336
TR-040334,2025-09-12,905.78,872.1400090195211
TR-040335,2025-09-12,406.25,392.6867120319023
TR-040336,2025-09-12,2386.95,2253.496657955013
TR-040337,2025-09-12,2234.94,2198.644504235619
TR-040338,2025-09-12,4093.95,3905.071463310891
TR-040339,2025-09-12,828.81,808.854573376989
TR-040340,2025-09-12,2263.03,2223.367080040679
TR-040341,2025-09-12,598.68,563.2322331266344
TR-040342,2025-09-12,2710.46,2660.5781727500703
TR-040343,2025-09-12,4232.89,4151.506172599102
TR-040344,2025-09-12,2243.11,2221.583728861001
TR-040345,2025-09-12,5715.39,5486.724960192851
TR-040346,2025-09-12,866.51,823.9404340576098
TR-040347,2025-09-12,853.76,854.2206327481633
TR-040348,2025-09-12,1085.75,1089.476587220634
TR-040349,2025-09-12,2089.87,2131.487144277329
TR-040350,2025-09-12,1467.17,1450.9593577997325
TR-040351,2025-09-12,2314.16,2237.0236977766344
TR-040352,2025-09-12,1235.15,1211.9884503042085
TR-040353,2025-09-12,2838.17,2747.616937308232
TR-040354,2025-09-12,956.43,960.0508399344233
TR-040355,2025-09-12,1326.12,1284.9002134643206
TR-040356,2025-09-12,2133.45,2073.5354090957285
TR-040357,2025-09-12,377.23,361.51819993330855
TR-040358,2025-09-12,5109.12,4939.264900522728
TR-040359,2025-09-12,1660.54,1660.9890214514594
TR-040360,2025-09-12,2562.34,2458.4492772224157
TR-040361,2025-09-12,4194.09,4176.615126187247
TR-040362,2025-09-12,2122.65,2084.969784334793
TR-040363,2025-09-12,1989.84,1910.9598609696159
TR-040364,2025-09-12,1352.36,1352.2634521101556
TR-040365,2025-09-12,3269.05,3318.1947042608726
TR-040366,2025-09-12,1384.88,1336.6790401051016
TR-040367,2025-09-12,1760.79,1745.9163056386142
TR-040368,2025-09-12,2275.58,2216.9230288683557
TR-040369,2025-09-12,1365.44,1302.9413590904924
TR-040370,2025-09-12,870.24,863.3335302228256
TR-040371,2025-09-12,4070.73,4056.4821690196222
TR-040372,2025-09-12,2270.2,2188.020397705281
TR-040373,2025-09-12,2926.04,2903.1318064739553
TR-040374,2025-09-12,2770.25,2706.207202414416
TR-040375,2025-09-12,1254.79,1249.047189255603
TR-040376,2025-09-12,2776.29,2682.463878504476
TR-040377,2025-09-12,2124.53,2099.254019356356
TR-040378,2025-09-12,1496.82,1435.93629635068
TR-040379,2025-09-12,1110.55,1077.7180514413342
TR-040380,2025-09-13,5032.44,4966.938612156062
TR-040381,2025-09-13,1156.27,1088.0826017576228
TR-040382,2025-09-13,3594.44,3428.8829910183226
TR-040383,2025-09-13,5024.42,5020.315991962047
TR-040384,2025-09-13,3518.99,3333.687138605309
TR-040385,2025-09-13,1308.11,1296.4020332258087
TR-040386,2025-09-13,2641.06,2607.8392946197273
TR-040387,2025-09-13,2047.73,2052.5506819422008
TR-040388,2025-09-13,1098.51,1102.296181708583
TR-040389,2025-09-13,2165.4,2153.504272602481
TR-040390,2025-09-13,642.34,611.1336833554074
TR-040391,2025-09-13,2312.59,2229.5763271945607
TR-040392,2025-09-13,3300.38,3155.2379228505233
TR-040393,2025-09-13,4012.45,3987.1701152574788
TR-040394,2025-09-13,3842.18,3777.229943717642
TR-040395,2025-09-13,4067.4,3906.73650315313
TR-040396,2025-09-13,1871.23,1779.6336535862936
TR-040397,2025-09-13,1345.09,1279.850841498429
TR-040398,2025-09-13,2379.95,2408.8090875843786
TR-040399,2025-09-13,3234.86,3211.7021033538076
TR-040400,2025-09-13,3888.05,3736.403789239034
TR-040401,2025-09-13,5546.62,5256.914360418112
TR-040402,2025-09-13,1170.83,1103.9714156566229
TR-040403,2025-09-13,827.34,782.5252627233017
TR-040404,2025-09-13,1401.93,1389.076329066871
TR-040405,2025-09-13,2614.48,2623.6668432167685
TR-040406,2025-09-13,1219.14,1190.9794788549762
TR-040407,2025-09-13,3280.39,3222.726923359195
TR-040408,2025-09-13,1654.89,1665.6605845076224
TR-040409,2025-09-13,3701.25,3685.9707893240293
TR-040410,2025-09-13,4009.05,3919.880220365002
TR-040411,2025-09-13,3045.39,2972.389685858163
TR-040412,2025-09-13,2354.32,2332.3280505438247
TR-040413,2025-09-13,1044.62,1013.7438475545737
TR-040414,2025-09-13,4472.56,4306.568320798969
TR-040415,2025-09-13,3543.62,3401.6273051099506
TR-040416,2025-09-13,1172.55,1190.0770241036348
TR-040417,2025-09-13,522.39,518.5421261010797
TR-040418,2025-09-13,946.45,897.1029204573765
TR-040419,2025-09-13,1287.81,1243.3864616921753
TR-040420,2025-09-13,2479.11,2489.1671963329363
TR-040421,2025-09-13,1079.36,1067.9971157899374
TR-040422,2025-09-13,2108.65,2065.9350680898306
TR-040423,2025-09-13,1228.34,1204.301114757221
TR-040424,2025-09-13,1651.44,1621.4828762292948
TR-040425,2025-09-13,2785.71,2695.0873912781863
TR-040426,2025-09-13,1009.66,999.0129593885802
TR-040427,2025-09-13,2166.72,2151.5834959797526
TR-040428,2025-09-13,2058.77,2017.384135743904
TR-040429,2025-09-13,3388.79,3302.4138873016163
TR-040430,2025-09-13,3731.04,3632.829789836338
TR-040431,2025-09-13,2474.14,2502.2559467935544
TR-040432,2025-09-13,3947.05,3886.829076163227
TR-040433,2025-09-13,3475.62,3496.76212835937
TR-040434,2025-09-13,2662.84,2694.426651215482
TR-040435,2025-09-13,3904.05,3768.8488974012116
TR-040436,2025-09-13,1296.1,1272.6397102654055
TR-040437,2025-09-13,5031.51,4915.581770621471
TR-040438,2025-09-13,3090.11,2973.0831220109603
TR-040439,2025-09-13,463.47,455.79761746409986
TR-040440,2025-09-13,2545.48,2441.5033612435695
TR-040441,2025-09-13,1686.2,1616.630196865401
TR-040442,2025-09-13,1454.96,1444.7004379126283
TR-040443,2025-09-13,4695.81,4541.22294678302
TR-040444,2025-09-13,2958.37,2918.4244873103635
TR-040445,2025-09-13,1734.08,1710.2420260270214
TR-040446,2025-09-13,1585.84,1554.2273104161059
TR-040447,2025-09-13,2357.09,2225.1506082590927
TR-040448,2025-09-13,1203.48,1188.5258076526395
TR-040449,2025-09-13,4194.59,4199.902551261097
TR-040450,2025-09-13,1836.72,1783.980070531924
TR-040451,2025-09-13,1044.71,1026.1962633987578
TR-040452,2025-09-13,1951.01,1918.6025869695623
TR-040453,2025-09-13,1304.13,1286.9837023474367
TR-040454,2025-09-13,2187.52,2131.181935862951
TR-040455,2025-09-13,615.98,606.602773522952
TR-040456,2025-09-13,5455.82,5424.843311519533
TR-040457,2025-09-13,3089.77,3000.878155312581
TR-040458,2025-09-13,2391.71,2406.6706148118246
TR-040459,2025-09-13,4738.84,4574.293598629365
TR-040460,2025-09-13,255.06,281.63715826132307
TR-040461,2025-09-13,1799.91,1759.890295888066
TR-040462,2025-09-13,4376.14,4235.633694765211
TR-040463,2025-09-13,1688.51,1641.2405450908705
TR-040464,2025-09-13,2187.93,2183.57505812738
TR-040465,2025-09-13,3475.74,3537.3845282942184
TR-040466,2025-09-13,1608.67,1578.9990230428261
TR-040467,2025-09-13,552.07,515.7343945856344
TR-040468,2025-09-13,2883.87,2864.1328335876674
TR-040469,2025-09-13,2079.12,2035.786155425773
TR-040470,2025-09-13,1328.98,1301.8470022283582
TR-040471,2025-09-13,2066.4,1981.5159199965526
TR-040472,2025-09-13,2886.97,2795.013077874901
TR-040473,2025-09-13,1878.13,1796.4770059187608
TR-040474,2025-09-13,1906.74,1983.806538466837
TR-040475,2025-09-13,1632.62,1583.0193310876518
TR-040476,2025-09-13,2622.33,2513.7131246853114
TR-040477,2025-09-13,4250.53,4152.04688559075
TR-040478,2025-09-13,1417.05,1358.3750236760202
TR-040479,2025-09-13,2092.12,2026.8794794960293
TR-040480,2025-09-13,719.31,721.4424143633455
TR-040481,2025-09-13,863.27,856.0382384081188
TR-040482,2025-09-13,1933.73,1949.4787671195452
TR-040483,2025-09-13,1571.83,1572.2423155985769
TR-040484,2025-09-13,1271.19,1292.4156578085422
TR-040485,2025-09-13,1900.04,1896.2629573833458
TR-040486,2025-09-13,3954.63,3972.6497393747536
TR-040487,2025-09-13,2561.78,2611.9803721345324
TR-040488,2025-09-13,5851.44,5617.194305670206
TR-040489,2025-09-13,1960.67,1936.5441737316353
TR-040490,2025-09-13,2971.31,2923.7937979682974
TR-040491,2025-09-13,5391.91,5187.19303796942
TR-040492,2025-09-13,4266.21,4121.350958433353
TR-040493,2025-09-13,2520.81,2484.6190084465834
TR-040494,2025-09-13,3124.48,3056.6351151606095
TR-040495,2025-09-13,1878.81,1870.3406082151125
TR-040496,2025-09-13,585.46,607.7623750751675
TR-040497,2025-09-13,2333.85,2356.1203097717253
TR-040498,2025-09-13,2162.01,2064.9044637526526
TR-040499,2025-09-13,780.38,747.818639681723
TR-040500,2025-09-13,2027.02,1929.4277719207748
TR-040501,2025-09-13,2341.29,2261.3409547244214
TR-040502,2025-09-13,2582.43,2515.9164400855916
TR-040503,2025-09-13,4209.28,4139.409675087385
TR-040504,2025-09-13,5482.81,5496.147366081611
TR-040505,2025-09-13,1292.29,1254.523636209528
TR-040506,2025-09-13,2350.57,2326.2597890179854
TR-040507,2025-09-13,1693.84,1719.699938296452
TR-040508,2025-09-13,2750.57,2740.054441053586
TR-040509,2025-09-13,2500.8,2361.7463973358
TR-040510,2025-09-13,679.62,672.6703618567158
TR-040511,2025-09-13,1405.66,1372.6659889205298
TR-040512,2025-09-13,2735.13,2725.4265437210406
TR-040513,2025-09-13,4475.25,4493.304722854656
TR-040514,2025-09-13,900.01,897.9684699290444
TR-040515,2025-09-13,1601.14,1568.5126997312077
TR-040516,2025-09-13,2754.85,2736.967641268279
TR-040517,2025-09-13,698.07,692.9063437531622
TR-040518,2025-09-13,586.07,588.9397395528354
TR-040519,2025-09-13,804.41,739.6944698225827
TR-040520,2025-09-13,1061.76,1018.0210792565641
TR-040521,2025-09-13,3432.15,3348.668257989758
TR-040522,2025-09-13,1152.91,1132.064909402841
TR-040523,2025-09-13,3445.34,3315.9541979204128
TR-040524,2025-09-13,4873.57,4771.161730370801
TR-040525,2025-09-13,3772.59,3713.44139407736
TR-040526,2025-09-13,2065.79,2024.1696506370529
TR-040527,2025-09-13,608.99,604.3864259309357
TR-040528,2025-09-13,2507.83,2468.1803011599527
TR-040529,2025-09-13,3101.53,3159.994450653299
TR-040530,2025-09-13,1398.57,1372.7521089711663
TR-040531,2025-09-13,2085.72,2072.9555731744026
TR-040532,2025-09-13,1932.61,1874.6046549750183
TR-040533,2025-09-13,3847.17,3746.350350698787
TR-040534,2025-09-13,2083.05,1988.9834858100849
TR-040535,2025-09-13,3883.47,3859.674155849166
TR-040536,2025-09-13,590.85,574.4324181388893
TR-040537,2025-09-13,1809.43,1804.6485703427284
TR-040538,2025-09-13,1466.23,1458.790150759438
TR-040539,2025-09-13,4734.69,4689.839324455124
TR-040540,2025-09-13,5571.21,5363.0228876280935
TR-040541,2025-09-13,1483.49,1502.0542024075767
TR-040542,2025-09-13,4169.76,4105.319452732572
TR-040543,2025-09-14,4597.16,4413.8604625443095
TR-040544,2025-09-14,834.73,835.1779991310573
TR-040545,2025-09-14,3989.26,4082.83350052029
TR-040546,2025-09-14,4060.39,4022.3769749105304
TR-040547,2025-09-14,1175.58,1121.380812737978
TR-040548,2025-09-14,3964.42,3780.9226383100986
TR-040549,2025-09-14,3539.25,3374.5898959857805
TR-040550,2025-09-14,1590.9,1572.1933495547416
TR-040551,2025-09-14,2372.35,2294.0397938314895
TR-040552,2025-09-14,4168.59,3967.5102244270706
TR-040553,2025-09-14,872.33,849.1589441637921
TR-040554,2025-09-14,1805.4,1730.0695954407458
TR-040555,2025-09-14,3184.99,3143.6006657567996
TR-040556,2025-09-14,2393.93,2403.3778136142264
TR-040557,2025-09-14,3498.42,3482.4874325475107
TR-040558,2025-09-14,1421.64,1378.062583083804
TR-040559,2025-09-14,2119.94,1999.5123519568
TR-040560,2025-09-14,5663.09,5697.361946787532
TR-040561,2025-09-14,872.19,865.93725257351
TR-040562,2025-09-14,2379.3,2259.4371914717112
TR-040563,2025-09-14,1978.44,1898.9332759158349
TR-040564,2025-09-14,1041.46,1021.5857853788492
TR-040565,2025-09-14,2637.86,2650.7355489234355
TR-040566,2025-09-14,1581.62,1556.2567087200791
TR-040567,2025-09-14,2171.01,2077.6642473695797
TR-040568,2025-09-14,3184.5,3143.122481854055
TR-040569,2025-09-14,4227.95,4217.796313823357
TR-040570,2025-09-14,935.55,906.056767166627
TR-040571,2025-09-14,1426.71,1384.4976622843133
TR-040572,2025-09-14,1196.62,1126.8429642557041
TR-040573,2025-09-14,947.92,1027.484314939615
TR-040574,2025-09-14,4848.77,4837.095148979872
TR-040575,2025-09-14,3257.67,3172.870876084661
TR-040576,2025-09-14,1827.95,1802.6920187083138
TR-040577,2025-09-14,211.07,227.64110409162708
TR-040578,2025-09-14,1751.84,1748.9278178257755
TR-040579,2025-09-14,2328.71,2285.7410310731993
TR-040580,2025-09-14,2739.57,2670.4891552431873
TR-040581,2025-09-14,1036.14,1029.2096038653963
TR-040582,2025-09-14,3452.05,3302.961503155474
TR-040583,2025-09-14,1072.22,1032.3779484700672
TR-040584,2025-09-14,2411.77,2366.4080915090144
TR-040585,2025-09-14,4941.5,4846.807497551385
TR-040586,2025-09-14,701.85,661.7052748789192
TR-040587,2025-09-14,5079.33,4972.530763699438
TR-040588,2025-09-14,5218.28,5050.03026609327
TR-040589,2025-09-14,4267.23,4275.150410494464
TR-040590,2025-09-14,2904.58,2695.0851144056196
TR-040591,2025-09-14,3822.07,3647.591830228989
TR-040592,2025-09-14,2365.37,2316.5735949588347
TR-040593,2025-09-14,2315.08,2251.426869125157
TR-040594,2025-09-14,1752.86,1675.975220144981
TR-040595,2025-09-14,3289.09,3221.9031689180492
TR-040596,2025-09-14,733.39,1770.8800763390343
TR-040597,2025-09-14,1354.26,1324.1196833426934
TR-040598,2025-09-14,4223.18,4324.611006086705
TR-040599,2025-09-14,4618.86,4437.25177606215
TR-040600,2025-09-14,4259.02,4180.649775865397
TR-040601,2025-09-14,808.74,3831.531690921035
TR-040602,2025-09-14,1700.06,1735.7185269499328
TR-040603,2025-09-14,2338.34,2204.940791744146
TR-040604,2025-09-14,1653.93,1681.4413152835236
TR-040605,2025-09-14,4115.96,4089.026677694098
TR-040606,2025-09-14,2525.35,2445.6788538747205
TR-040607,2025-09-14,1940.14,1894.2140806939271
TR-040608,2025-09-14,3659.54,3582.4187109537515
TR-040609,2025-09-14,4550.71,4403.08063959229
TR-040610,2025-09-14,3778.61,3698.52156915721
TR-040611,2025-09-14,952.32,905.3298897896163
TR-040612,2025-09-14,1914.44,1845.126103008288
TR-040613,2025-09-14,1088.44,1065.7872307125901
TR-040614,2025-09-14,3916.1,3822.942439678387
TR-040615,2025-09-14,1040.95,997.9513276392101
TR-040616,2025-09-14,1990.67,1991.955412229537
TR-040617,2025-09-14,3698.67,3585.8850878932335
TR-040618,2025-09-14,2529.22,2470.790585269134
TR-040619,2025-09-14,885.52,867.3179340357594
TR-040620,2025-09-14,3043.83,830.8521581213822
TR-040621,2025-09-14,439.89,419.2822360726136
TR-040622,2025-09-14,1153.83,1110.5140736796736
TR-040623,2025-09-14,3862.55,3715.347912463001
TR-040624,2025-09-14,1890.09,1778.4490219904876
TR-040625,2025-09-14,3674.7,3718.789649928424
TR-040626,2025-09-14,3075.53,3051.0941165715462
TR-040627,2025-09-14,1911.52,1880.7770697558542
TR-040628,2025-09-14,1647.07,1651.450238126525
TR-040629,2025-09-14,968.36,977.3363393030584
TR-040630,2025-09-14,2236.91,2170.0888683611615
TR-040631,2025-09-14,1041.14,1057.3549474007445
TR-040632,2025-09-14,2656.72,2552.631995089496
TR-040633,2025-09-14,2750.6,2678.787158967177
TR-040634,2025-09-14,3015.94,3024.1345974862315
TR-040635,2025-09-14,897.94,855.7063260610828
TR-040636,2025-09-14,1535.46,1498.8745620065256
TR-040637,2025-09-14,1274.27,1236.8884355601624
TR-040638,2025-09-14,4485.86,4445.850233466141
TR-040639,2025-09-14,1930.91,1962.1565183052312
TR-040640,2025-09-14,2747.43,2630.7931662089236
TR-040641,2025-09-14,2581.86,2551.4067859623005
TR-040642,2025-09-14,1999.03,1908.331870407051
TR-040643,2025-09-14,1856.98,1760.1127884507287
TR-040644,2025-09-14,2806.99,2708.902273509047
TR-040645,2025-09-14,1047.96,994.85457355515
TR-040646,2025-09-14,5487.77,5330.311719888592
TR-040647,2025-09-14,1626.23,1599.543523554275
TR-040648,2025-09-14,2468.53,2593.7854237430483
TR-040649,2025-09-14,1359.7,1353.2714746277993
TR-040650,2025-09-14,3944.15,3825.2383743962073
TR-040651,2025-09-14,3304.61,3295.834834174072
TR-040652,2025-09-14,2541.31,2444.6680323284395
TR-040653,2025-09-14,1843.13,1875.4920774791503
TR-040654,2025-09-14,1357.03,1370.4379669321388
TR-040655,2025-09-14,1492.26,1439.6768473575207
TR-040656,2025-09-14,1151.06,1163.7986421247847
TR-040657,2025-09-14,4344.6,4306.985706144445
TR-040658,2025-09-14,1465.86,1481.6869945827384
TR-040659,2025-09-14,1555.76,1495.5764126082547
TR-040660,2025-09-14,1745.31,1702.5302234457743
TR-040661,2025-09-14,2401.12,2373.93748252044
TR-040662,2025-09-14,1536.67,1506.8492072254396
TR-040663,2025-09-14,3211.14,3137.087269418375
TR-040664,2025-09-14,1394.94,1432.6879566257876
TR-040665,2025-09-14,1245.58,1215.2901554654109
TR-040666,2025-09-14,1114.52,1107.253308838045
TR-040667,2025-09-14,5308.01,5213.3633894091845
TR-040668,2025-09-14,1833.03,1770.1641339663788
TR-040669,2025-09-14,758.17,749.7660103071639
TR-040670,2025-09-14,1393.75,1367.842678883591
TR-040671,2025-09-14,975.82,964.80240025081
TR-040672,2025-09-14,2122.92,2091.7979498666214
TR-040673,2025-09-14,1493.78,1465.0267247415673
TR-040674,2025-09-14,2587.46,2569.938554231486
TR-040675,2025-09-14,4724.87,4487.434986527119
TR-040676,2025-09-14,1311.04,1285.0401316654638
TR-040677,2025-09-14,1367.4,1328.9771710835084
TR-040678,2025-09-14,803.0,805.724052327949
TR-040679,2025-09-14,4277.4,1308.296300171918
TR-040680,2025-09-14,1544.08,1552.8886840175373
TR-040681,2025-09-14,2356.8,2359.664152986019
TR-040682,2025-09-14,2282.38,2241.2928897098755
TR-040683,2025-09-14,868.27,825.4889771673834
TR-040684,2025-09-14,913.85,879.5520327147176
TR-040685,2025-09-14,2142.39,2076.2224567357307
TR-040686,2025-09-14,1683.98,1586.3162910484398
TR-040687,2025-09-14,1978.32,1942.9150847427143
TR-040688,2025-09-14,2480.99,2423.1552980082065
TR-040689,2025-09-14,1663.98,1679.3220626756788
TR-040690,2025-09-14,3141.7,3160.479006816845
TR-040691,2025-09-14,1228.47,1185.9169999617438
TR-040692,2025-09-14,2088.95,2069.441277074862
TR-040693,2025-09-14,907.21,906.3316478515824
TR-040694,2025-09-14,3541.96,3547.385095285402
TR-040695,2025-09-14,2273.19,2291.8488136451256
TR-040696,2025-09-14,2525.6,2533.019556111297
TR-040697,2025-09-14,3579.73,3535.3509360977596
TR-040698,2025-09-14,5121.15,4878.384517940348
TR-040699,2025-09-14,2075.54,2016.4639011106872
TR-040700,2025-09-14,806.71,779.1187505819412
TR-040701,2025-09-14,3211.44,3098.2215551281543
TR-040702,2025-09-14,1020.34,1050.0426349102281
TR-040703,2025-09-14,3341.34,3260.3801550901685
TR-040704,2025-09-14,737.54,741.9624749746918
TR-040705,2025-09-14,1223.19,1179.7294560842718
TR-040706,2025-09-14,1566.25,1517.4419968663071
TR-040707,2025-09-15,3062.16,2978.8212795183376
TR-040708,2025-09-15,3074.81,2987.788858281627
TR-040709,2025-09-15,1431.72,1429.8545654532772
TR-040710,2025-09-15,4563.16,4420.431540341087
TR-040711,2025-09-15,1632.04,1638.670415373747
TR-040712,2025-09-15,4885.54,4949.126064571936
TR-040713,2025-09-15,948.95,929.9996223141334
TR-040714,2025-09-15,2133.96,1935.000178660205
TR-040715,2025-09-15,3110.59,3057.2479860561066
TR-040716,2025-09-15,1424.34,1432.3880271288408
TR-040717,2025-09-15,2335.22,2307.538963161266
TR-040718,2025-09-15,1687.24,1668.8852494809146
TR-040719,2025-09-15,1102.46,1061.430086580605
TR-040720,2025-09-15,1299.13,1274.9713110563216
TR-040721,2025-09-15,1324.29,1293.7366652283235
TR-040722,2025-09-15,1738.51,1766.9188877191968
TR-040723,2025-09-15,4570.75,4484.434572002656
TR-040724,2025-09-15,3515.75,792.6261305493401
TR-040725,2025-09-15,905.06,912.0796303896111
TR-040726,2025-09-15,3307.65,3278.8488025651777
TR-040727,2025-09-15,1573.36,1485.4383762918767
TR-040728,2025-09-15,1764.63,1780.7142880933154
TR-040729,2025-09-15,5473.89,5357.302457196363
TR-040730,2025-09-15,4555.22,4319.71313401057
TR-040731,2025-09-15,996.42,950.8497418147367
TR-040732,2025-09-15,2772.19,2746.7350521216194
TR-040733,2025-09-15,1627.76,1623.5154277940194
TR-040734,2025-09-15,1814.27,1781.3711837950602
TR-040735,2025-09-15,1211.23,1143.6932025368146
TR-040736,2025-09-15,4400.11,4163.54401148939
TR-040737,2025-09-15,2144.77,2033.638945835093
TR-040738,2025-09-15,3584.65,3490.953384484968
TR-040739,2025-09-15,4151.1,4149.32377690676
TR-040740,2025-09-15,2467.5,2386.286832920127
TR-040741,2025-09-15,1050.24,1004.9367946584474
TR-040742,2025-09-15,3094.1,2961.4188019044645
TR-040743,2025-09-15,3206.78,3089.211453486573
TR-040744,2025-09-15,3771.61,3753.7537908223694
TR-040745,2025-09-15,2081.42,2059.705803863888
TR-040746,2025-09-15,968.79,942.900400231712
TR-040747,2025-09-15,2265.27,2312.607120107146
TR-040748,2025-09-15,588.75,571.8715949673012
TR-040749,2025-09-15,674.16,635.4869669502516
TR-040750,2025-09-15,4757.28,4750.37267600952
TR-040751,2025-09-15,3565.01,3459.654553798301
TR-040752,2025-09-15,1017.61,975.9509461514058
TR-040753,2025-09-15,1132.1,1128.9725971342393
TR-040754,2025-09-15,3533.31,3566.8204152595717
TR-040755,2025-09-15,4317.3,3991.3831944442563
TR-040756,2025-09-15,1839.49,1765.8515760418036
TR-040757,2025-09-15,1720.57,1686.695665802452
TR-040758,2025-09-15,1619.11,1558.0268717591407
TR-040759,2025-09-15,4006.97,3945.485624141441
TR-040760,2025-09-15,3216.59,3176.874875462783
TR-040761,2025-09-15,3617.9,3609.098907455793
TR-040762,2025-09-15,453.28,444.4674313284288
TR-040763,2025-09-15,1604.51,1535.344487816515
TR-040764,2025-09-15,2148.4,2070.775661607796
TR-040765,2025-09-15,4688.14,4507.3448379153415
TR-040766,2025-09-15,778.24,767.8298897486959
TR-040767,2025-09-15,3409.93,3337.1401116104043
TR-040768,2025-09-15,1767.56,1760.3040238019098
TR-040769,2025-09-15,1947.44,1887.3734647167234
TR-040770,2025-09-15,4955.66,4719.869517242589
TR-040771,2025-09-15,1174.63,1140.8978110502007
TR-040772,2025-09-15,1172.91,1157.7609474528547
TR-040773,2025-09-15,466.35,461.0477703724182
TR-040774,2025-09-15,5059.98,4773.649180740698
TR-040775,2025-09-15,575.21,2269.4117696522517
TR-040776,2025-09-15,2707.48,2659.168007016901
TR-040777,2025-09-15,4476.59,4265.374382551179
TR-040778,2025-09-15,1701.5,1673.139158953185
TR-040779,2025-09-15,3500.96,3381.5974597724753
TR-040780,2025-09-15,1080.4,1092.9817415380267
TR-040781,2025-09-15,1575.85,1510.6911518915101
TR-040782,2025-09-15,1644.06,1577.0786956370496
TR-040783,2025-09-15,2184.53,2204.0172310527682
TR-040784,2025-09-15,3274.66,3060.364608715894
TR-040785,2025-09-15,5052.62,4770.841642443517
TR-040786,2025-09-15,729.28,702.4710874982293
TR-040787,2025-09-15,1347.06,1307.805147114339
TR-040788,2025-09-15,3080.46,3046.9332571284667
TR-040789,2025-09-15,4583.82,4271.327813917777
TR-040790,2025-09-15,3336.87,3268.612719414526
TR-040791,2025-09-15,2863.65,2861.1990897489945
TR-040792,2025-09-15,1594.5,1623.7982791205486
TR-040793,2025-09-15,1965.05,1950.0886321886564
TR-040794,2025-09-15,1069.2,1049.2753695380954
TR-040795,2025-09-15,1050.81,1046.187415219545
TR-040796,2025-09-15,4330.39,4193.512056406468
TR-040797,2025-09-15,1106.96,1068.1508453734218
TR-040798,2025-09-15,3386.05,3456.6945977202913
TR-040799,2025-09-15,426.34,434.2667385316238
TR-040800,2025-09-15,2665.44,2621.7843199483473
TR-040801,2025-09-15,5290.27,5098.328203719842
TR-040802,2025-09-15,2763.04,2824.2812987294174
TR-040803,2025-09-15,1498.19,1534.4534755647132
TR-040804,2025-09-15,823.54,792.0382492127678
TR-040805,2025-09-15,730.98,709.1887345535986
TR-040806,2025-09-15,1937.55,1909.673425688408
TR-040807,2025-09-15,3218.12,3213.5267940012736
TR-040808,2025-09-15,4622.68,4634.572109859948
TR-040809,2025-09-15,1354.82,1356.5803809437245
TR-040810,2025-09-15,2478.05,2497.9206331478695
TR-040811,2025-09-15,2165.51,2223.656536454878
TR-040812,2025-09-15,1196.67,1175.948216647487
TR-040813,2025-09-15,2261.1,2187.179303862971
TR-040814,2025-09-15,2689.4,2650.317397165155
TR-040815,2025-09-15,1502.22,1460.5799905916492
TR-040816,2025-09-15,1496.45,1502.58817039779
TR-040817,2025-09-15,2041.42,2007.1108467431134
TR-040818,2025-09-15,4089.63,4038.7656523252535
TR-040819,2025-09-15,2015.11,2013.6040789220335
TR-040820,2025-09-15,1168.59,1144.7478386786493
TR-040821,2025-09-15,1672.92,1621.3255670660214
TR-040822,2025-09-15,2808.09,2709.9653981307465
TR-040823,2025-09-15,2228.44,2229.163954517996
TR-040824,2025-09-15,3175.28,3135.331809967306
TR-040825,2025-09-15,1787.88,1785.3854500332768
TR-040826,2025-09-15,5510.91,5324.4522548049
TR-040827,2025-09-15,2671.07,2561.020023267757
TR-040828,2025-09-15,5392.76,5253.53584646499
TR-040829,2025-09-15,4220.44,4197.382622808789
TR-040830,2025-09-15,1807.31,1778.6564487203964
TR-040831,2025-09-15,5682.27,5461.172902356842
TR-040832,2025-09-15,3185.85,3066.299920642133
TR-040833,2025-09-15,4442.45,4346.042216749407
TR-040834,2025-09-15,1233.62,1180.8068525372373
TR-040835,2025-09-15,3073.89,2900.430443450206
TR-040836,2025-09-15,1438.67,1424.3662884702421
TR-040837,2025-09-15,3210.74,3230.1748855883316
TR-040838,2025-09-15,1049.12,1029.1923794932845
TR-040839,2025-09-15,4018.01,3946.4534070840823
TR-040840,2025-09-15,2835.01,2748.6040734117714
TR-040841,2025-09-15,1053.79,1027.2536843344478
TR-040842,2025-09-15,1821.43,1801.966499129108
TR-040843,2025-09-15,3852.73,3646.1276095336248
TR-040844,2025-09-15,6307.27,6172.83102684309
TR-040845,2025-09-15,1980.81,1987.5297804403347
TR-040846,2025-09-15,4645.13,4657.291496484771
TR-040847,2025-09-15,2554.83,2628.8587676297648
TR-040848,2025-09-15,1737.3,1643.7074909304442
TR-040849,2025-09-15,1166.74,1182.164636814041
TR-040850,2025-09-15,1267.79,1232.0763873609574
TR-040851,2025-09-16,1378.26,1350.2231157346462
TR-040852,2025-09-16,1223.22,1202.7846289479417
TR-040853,2025-09-16,2233.85,2127.081366305567
TR-040854,2025-09-16,1088.38,1051.2017226506741
TR-040855,2025-09-16,2085.37,2022.0282275470577
TR-040856,2025-09-16,2338.37,2373.9639985112344
TR-040857,2025-09-16,1185.12,1124.1480260762626
TR-040858,2025-09-16,660.71,617.2491422794933
TR-040859,2025-09-16,1603.87,1571.675257086948
TR-040860,2025-09-16,2493.76,2399.0252306232587
TR-040861,2025-09-16,2083.09,2103.317720367457
TR-040862,2025-09-16,1877.96,1813.106835822272
TR-040863,2025-09-16,852.03,838.8874413518431
TR-040864,2025-09-16,4391.11,4266.081462591016
TR-040865,2025-09-16,3037.88,3005.0773373078578
TR-040866,2025-09-16,3337.89,3216.7932828712624
TR-040867,2025-09-16,960.44,910.9451802233018
TR-040868,2025-09-16,5332.73,5334.597682277394
TR-040869,2025-09-16,3955.24,3858.1522518667234
TR-040870,2025-09-16,1870.61,1816.7070523648995
TR-040871,2025-09-16,2627.08,2521.163648098705
TR-040872,2025-09-16,2616.44,2539.934607434693
TR-040873,2025-09-16,988.5,977.7875322772029
TR-040874,2025-09-16,1843.92,5611.617688116562
TR-040875,2025-09-16,4985.71,4717.45028498722
TR-040876,2025-09-16,2443.51,2399.1358958597843
TR-040877,2025-09-16,2458.21,2358.35548686822
TR-040878,2025-09-16,3813.18,3718.0275714041045
TR-040879,2025-09-16,587.21,574.3888269598099
TR-040880,2025-09-16,6980.2,6478.254289332789
TR-040881,2025-09-16,3176.7,3125.8990818367547
TR-040882,2025-09-16,1086.13,1046.947545176742
TR-040883,2025-09-16,2035.38,1959.669441919431
TR-040884,2025-09-16,2026.62,2000.7438792046773
TR-040885,2025-09-16,1430.78,1439.3845532375813
TR-040886,2025-09-16,1601.26,1613.3527097581662
TR-040887,2025-09-16,2597.83,2591.8113631281544
TR-040888,2025-09-16,1386.56,1355.3358261069975
TR-040889,2025-09-16,809.74,790.9197092393283
TR-040890,2025-09-16,2818.13,2696.4191191283107
TR-040891,2025-09-16,3081.78,3022.6900378003365
TR-040892,2025-09-16,1810.5,1808.141572723116
TR-040893,2025-09-16,2019.08,1864.2125121261693
TR-040894,2025-09-16,2736.15,2753.902884408189
TR-040895,2025-09-16,1601.91,1626.841550703552
TR-040896,2025-09-16,2369.62,2349.794409216658
TR-040897,2025-09-16,4319.43,4216.22052737613
TR-040898,2025-09-16,3554.88,3483.8400000350707
TR-040899,2025-09-16,4623.71,4681.042625151969
TR-040900,2025-09-16,5703.47,5622.523569969011
TR-040901,2025-09-16,2206.18,2200.423283907274
TR-040902,2025-09-16,664.52,643.1172416325894
TR-040903,2025-09-16,3668.0,3621.5252405482483
TR-040904,2025-09-16,4560.56,4588.850090703048
TR-040905,2025-09-16,5067.55,5023.539723568784
TR-040906,2025-09-16,6054.32,5968.704126959705
TR-040907,2025-09-16,916.15,901.4112496786083
TR-040908,2025-09-16,623.54,616.1696836468843
TR-040909,2025-09-16,1477.06,1437.547588779029
TR-040910,2025-09-16,1290.12,1261.740769568981
TR-040911,2025-09-16,817.03,824.6831916739447
TR-040912,2025-09-16,1886.02,1903.9146206180455
TR-040913,2025-09-16,1249.27,1235.985162345261
TR-040914,2025-09-16,3605.83,3685.795039091947
TR-040915,2025-09-16,1469.88,1468.1699045834348
TR-040916,2025-09-16,4956.68,4855.745193950748
TR-040917,2025-09-16,1015.05,948.5775371603127
TR-040918,2025-09-16,4170.13,4149.43646107656
TR-040919,2025-09-16,3698.14,3536.404535610576
TR-040920,2025-09-16,5841.12,5757.669895059659
TR-040921,2025-09-16,4325.09,4306.351655743514
TR-040922,2025-09-16,1147.98,1172.378958803512
TR-040923,2025-09-16,4251.9,4093.283534791895
TR-040924,2025-09-16,2628.86,2530.069368561633
TR-040925,2025-09-16,4051.53,3966.0245896480124
TR-040926,2025-09-16,3250.67,3087.3765667940356
TR-040927,2025-09-16,1253.08,1174.2549078202996
TR-040928,2025-09-16,2238.41,2139.7964426683857
TR-040929,2025-09-16,812.56,823.9317875457509
TR-040930,2025-09-16,1026.3,1012.5806434215818
TR-040931,2025-09-16,4680.29,4667.7837563895
TR-040932,2025-09-16,1793.86,1743.656840637731
TR-040933,2025-09-16,3078.74,3076.9471258936373
TR-040934,2025-09-16,2014.48,1911.7477154487722
TR-040935,2025-09-16,1484.69,1545.6856956863603
TR-040936,2025-09-16,1499.84,1438.8430768996304
TR-040937,2025-09-16,2054.88,2006.4027219701727
TR-040938,2025-09-16,1219.92,1212.4943816986984
TR-040939,2025-09-16,1242.48,1197.4055967088632
TR-040940,2025-09-16,1807.11,1844.0964628930797
TR-040941,2025-09-16,1979.33,1951.935304343137
TR-040942,2025-09-16,667.93,640.3029312749661
TR-040943,2025-09-16,4503.51,4406.82025462895
TR-040944,2025-09-16,3945.11,3828.8532624119916
TR-040945,2025-09-16,1970.18,1955.7470188804284
TR-040946,2025-09-16,1087.27,1082.8560635513181
TR-040947,2025-09-16,1766.67,1647.5240965308062
TR-040948,2025-09-16,1131.77,1132.322083359535
TR-040949,2025-09-16,1521.6,1522.7486048561223
TR-040950,2025-09-16,3868.91,3570.280639835395
TR-040951,2025-09-16,3185.68,3031.356542045518
TR-040952,2025-09-16,2638.03,2720.490339679022
TR-040953,2025-09-16,839.67,821.7419308843414
TR-040954,2025-09-16,2704.71,2730.1908889033994
TR-040955,2025-09-16,1545.62,1457.299526290121
TR-040956,2025-09-16,1558.53,1539.7984805039046
TR-040957,2025-09-16,3918.17,3781.283496036416
TR-040958,2025-09-16,2442.86,2398.605048274213
TR-040959,2025-09-16,1982.16,1886.2452285143136
TR-040960,2025-09-16,581.45,615.312897474605
TR-040961,2025-09-16,2852.03,2857.4560157970514
TR-040962,2025-09-16,1279.53,1220.4495289604665
TR-040963,2025-09-16,1367.88,1364.0269525638332
TR-040964,2025-09-16,4170.61,4083.411773908508
TR-040965,2025-09-16,3944.47,4007.3655430869276
TR-040966,2025-09-16,1081.8,1084.362087632332
TR-040967,2025-09-16,2057.08,1973.2310460852555
TR-040968,2025-09-16,3174.22,3143.6822728987304
TR-040969,2025-09-16,4067.99,3900.4798440576974
TR-040970,2025-09-16,2224.4,2183.4443785609305
TR-040971,2025-09-16,3577.0,3427.397967414698
TR-040972,2025-09-16,2154.7,2172.5711993297127
TR-040973,2025-09-16,2756.57,2677.0521902845717
TR-040974,2025-09-16,4126.92,4080.5183474959463
TR-040975,2025-09-16,1659.73,1632.2344812375222
TR-040976,2025-09-16,4080.93,3963.78733985102
TR-040977,2025-09-16,2506.42,2405.502811911848
TR-040978,2025-09-16,4029.83,3807.915146332173
TR-040979,2025-09-16,4091.43,3943.597829868112
TR-040980,2025-09-16,4078.58,4118.625249465416
TR-040981,2025-09-16,934.49,874.3928265097259
TR-040982,2025-09-16,1789.68,1758.7731051054602
TR-040983,2025-09-16,1687.91,1650.9253566819698
TR-040984,2025-09-16,2134.44,2083.019198122434
TR-040985,2025-09-16,1132.66,1121.4894796400608
TR-040986,2025-09-16,1710.51,1642.3402436714543
TR-040987,2025-09-16,3380.14,3275.8720416322667
TR-040988,2025-09-17,1617.6,1645.3595004313315
TR-040989,2025-09-17,1015.28,976.6769906053266
TR-040990,2025-09-17,4091.01,4009.2502730356064
TR-040991,2025-09-17,4336.7,4325.556645947807
TR-040992,2025-09-17,3262.82,3150.634866323079
TR-040993,2025-09-17,4567.4,4493.47487648983
TR-040994,2025-09-17,1851.07,1791.7430141432642
TR-040995,2025-09-17,2103.06,2022.560877812301
TR-040996,2025-09-17,1839.0,1823.194605576147
TR-040997,2025-09-17,1397.52,1344.6745156905142
TR-040998,2025-09-17,1369.61,1352.7431598466433
TR-040999,2025-09-17,1714.65,1716.0611782018216
TR-041000,2025-09-17,1536.66,1502.7857046371337
TR-041001,2025-09-17,2021.45,2026.3689956354565
TR-041002,2025-09-17,1509.8,1462.9860733850605
TR-041003,2025-09-17,2165.33,2110.83800676399
TR-041004,2025-09-17,4566.56,4541.488931070495
TR-041005,2025-09-17,5892.61,5626.371066198433
TR-041006,2025-09-17,4118.9,3991.8795368135316
TR-041007,2025-09-17,700.67,703.6386439321477
TR-041008,2025-09-17,4223.34,4180.20512758011
TR-041009,2025-09-17,4943.1,4680.3014380587865
TR-041010,2025-09-17,899.51,859.2347638038016
TR-041011,2025-09-17,1973.28,1874.41611223552
TR-041012,2025-09-17,1165.59,1115.486598246246
TR-041013,2025-09-17,1631.56,1558.683270906005
TR-041014,2025-09-17,2502.95,2392.56916345697
TR-041015,2025-09-17,1476.1,1455.0117318796338
TR-041016,2025-09-17,2313.33,2213.3038706186526
TR-041017,2025-09-17,3052.05,2993.808121376233
TR-041018,2025-09-17,2829.57,2774.6167279399374
TR-041019,2025-09-17,3938.37,3729.608464810175
TR-041020,2025-09-17,3648.58,3514.724733008053
TR-041021,2025-09-17,1466.6,1420.9750181220052
TR-041022,2025-09-17,273.37,296.0773133968971
TR-041023,2025-09-17,3112.83,2979.2038618973565
TR-041024,2025-09-17,2276.42,2245.442744842895
TR-041025,2025-09-17,729.36,737.0012269511903
TR-041026,2025-09-17,2104.11,2025.8940611733506
TR-041027,2025-09-17,990.67,930.2952545487622
TR-041028,2025-09-17,1197.94,1177.4049450969687
TR-041029,2025-09-17,1389.62,1352.2352464984497
TR-041030,2025-09-17,1335.13,1302.3139672086972
TR-041031,2025-09-17,2728.59,2649.191251991964
TR-041032,2025-09-17,573.51,562.5482394581668
TR-041033,2025-09-17,4659.3,4394.349485031733
TR-041034,2025-09-17,988.26,957.3583999656305
TR-041035,2025-09-17,2937.59,2882.3015210024337
TR-041036,2025-09-17,714.33,692.131866575548
TR-041037,2025-09-17,4631.81,4506.631716913579
TR-041038,2025-09-17,1360.34,1355.8070787427835
TR-041039,2025-09-17,1229.15,1189.6525079793462
TR-041040,2025-09-17,2138.99,2076.1982001037545
TR-041041,2025-09-17,3600.79,3592.171817731721
TR-041042,2025-09-17,1162.72,1147.7735845967673
TR-041043,2025-09-17,3135.32,3075.5736227971292
TR-041044,2025-09-17,2066.78,2082.395229293364
TR-041045,2025-09-17,3598.79,3407.628812945625
TR-041046,2025-09-17,3908.44,3636.9119268223003
TR-041047,2025-09-17,1846.47,1818.0070557710399
TR-041048,2025-09-17,4706.92,4525.611611461199
TR-041049,2025-09-17,814.08,793.712613225445
TR-041050,2025-09-17,880.59,865.1942220981575
TR-041051,2025-09-17,5846.36,5731.1424406197875
TR-041052,2025-09-17,1720.64,1666.6788982821854
TR-041053,2025-09-17,3312.66,3216.8189939923986
TR-041054,2025-09-17,3690.6,3585.398906055789
TR-041055,2025-09-17,1488.08,1470.4672996241823
TR-041056,2025-09-17,3655.47,3476.332200379358
TR-041057,2025-09-17,4523.32,4273.892932167218
TR-041058,2025-09-17,3177.01,3098.213658723541
TR-041059,2025-09-17,5112.3,4797.508983290273
TR-041060,2025-09-17,1371.31,1317.2325615965012
TR-041061,2025-09-17,6357.66,6200.6645960336455
TR-041062,2025-09-17,4269.7,4234.829052689587
TR-041063,2025-09-17,3970.47,3852.4400439750043
TR-041064,2025-09-17,452.28,453.18404206678406
TR-041065,2025-09-17,959.77,946.9283679076495
TR-041066,2025-09-17,2751.84,2646.1417238109216
TR-041067,2025-09-17,911.83,913.5708180476515
TR-041068,2025-09-17,1119.2,1088.6305704388092
TR-041069,2025-09-17,1404.58,1399.7497647611094
TR-041070,2025-09-17,1388.78,1384.2998409879415
TR-041071,2025-09-17,1679.9,1701.0955513018794
TR-041072,2025-09-17,2806.83,2694.9214523558776
TR-041073,2025-09-17,960.78,943.1760611190202
TR-041074,2025-09-17,1470.55,1393.087435962968
TR-041075,2025-09-17,4412.66,4224.942878085354
TR-041076,2025-09-17,1701.66,1689.9348832777703
TR-041077,2025-09-17,3611.76,3582.7088713031544
TR-041078,2025-09-17,1248.13,1214.3948354204572
TR-041079,2025-09-17,2579.63,2462.2502025596236
TR-041080,2025-09-17,2995.71,2914.692425789149
TR-041081,2025-09-17,5378.9,5097.25498169258
TR-041082,2025-09-17,1445.94,1382.2288890172395
TR-041083,2025-09-17,2932.57,2846.2668315318797
TR-041084,2025-09-17,2622.63,2537.445267784518
TR-041085,2025-09-17,1931.11,1848.1757592949434
TR-041086,2025-09-17,1278.61,1232.5801656975168
TR-041087,2025-09-17,2749.07,2704.806900773756
TR-041088,2025-09-17,3878.08,3714.088883726512
TR-041089,2025-09-17,3848.82,820.6405452236586
TR-041090,2025-09-17,1368.56,1370.8990281488213
TR-041091,2025-09-17,1073.49,1039.9799823191192
TR-041092,2025-09-17,814.99,773.0808490921911
TR-041093,2025-09-17,3588.73,3565.1203794587523
TR-041094,2025-09-17,2577.91,2487.7603649024245
TR-041095,2025-09-17,4132.31,4202.532563577612
TR-041096,2025-09-17,2885.53,2815.8862054623964
TR-041097,2025-09-17,5317.19,5167.964988887181
TR-041098,2025-09-17,791.36,770.3906304866689
TR-041099,2025-09-17,2796.78,2841.610693221691
TR-041100,2025-09-17,1162.66,1118.3871372649874
TR-041101,2025-09-17,2826.87,2724.441443779606
TR-041102,2025-09-17,2943.01,2857.0825164050443
TR-041103,2025-09-17,1914.6,1804.1515812064715
TR-041104,2025-09-17,2533.96,2424.5033750455464
TR-041105,2025-09-17,5358.59,5199.942834567668
TR-041106,2025-09-17,1338.09,1305.9556149297787
TR-041107,2025-09-17,414.0,398.10538829100324
TR-041108,2025-09-17,3889.04,3671.1398562424447
TR-041109,2025-09-17,316.38,328.87069089166994
TR-041110,2025-09-17,1317.55,1267.809219715536
TR-041111,2025-09-17,999.43,989.5748123060955
TR-041112,2025-09-17,2000.33,1925.1600670942078
TR-041113,2025-09-17,1650.1,1599.6021629498978
TR-041114,2025-09-17,5395.2,5278.577716815875
TR-041115,2025-09-17,2252.16,2170.6480428190616
TR-041116,2025-09-17,624.09,618.2988669768995
TR-041117,2025-09-17,2935.57,2899.5815082564104
TR-041118,2025-09-17,3551.15,3361.033620144918
TR-041119,2025-09-17,918.41,890.2814387025346
TR-041120,2025-09-17,5576.86,5274.197652145138
TR-041121,2025-09-17,3261.98,3178.0953695017033
TR-041122,2025-09-17,992.4,968.4737839866709
TR-041123,2025-09-17,2275.66,2187.7691448764685
TR-041124,2025-09-17,1031.93,965.9719946971447
TR-041125,2025-09-17,2383.15,2307.921858638839
TR-041126,2025-09-17,3999.28,3936.6776553511577
TR-041127,2025-09-17,796.55,774.4020570810396
TR-041128,2025-09-17,5227.72,4923.264821322708
TR-041129,2025-09-17,3322.27,3381.081633315015
TR-041130,2025-09-17,1805.75,1746.9349101733203
TR-041131,2025-09-17,897.02,877.9534916659409
TR-041132,2025-09-17,5307.92,5083.886921471803
TR-041133,2025-09-17,1599.52,1537.6602967768667
TR-041134,2025-09-17,1503.91,1521.125929901111
TR-041135,2025-09-17,2470.32,2369.1353661337594
TR-041136,2025-09-17,837.75,837.1075216601757
TR-041137,2025-09-17,1786.6,1725.6974570898892
TR-041138,2025-09-17,4381.32,4251.241268884832
TR-041139,2025-09-18,1182.12,1145.0503888033786
TR-041140,2025-09-18,1790.79,1807.2047303645363
TR-041141,2025-09-18,2372.58,2295.790026615114
TR-041142,2025-09-18,1245.98,1209.8958789818519
TR-041143,2025-09-18,2246.24,2208.1454548949464
TR-041144,2025-09-18,980.22,979.4978761861937
TR-041145,2025-09-18,859.17,852.5025817787246
TR-041146,2025-09-18,3153.62,3128.142071722834
TR-041147,2025-09-18,1933.02,1927.699031185064
TR-041148,2025-09-18,5495.7,5182.475258390716
TR-041149,2025-09-18,436.95,429.4284086177115
TR-041150,2025-09-18,2059.06,2005.741206290208
TR-041151,2025-09-18,3435.44,3402.713902816874
TR-041152,2025-09-18,2781.29,2787.975441676112
TR-041153,2025-09-18,1843.05,1890.8910533110768
TR-041154,2025-09-18,1946.98,1878.7735907518625
TR-041155,2025-09-18,2332.46,2323.4395179653466
TR-041156,2025-09-18,5695.78,5458.717600426238
TR-041157,2025-09-18,2032.48,1911.8778276387673
TR-041158,2025-09-18,3604.9,3397.337053321595
TR-041159,2025-09-18,5154.0,4821.8595597021795
TR-041160,2025-09-18,1341.43,1344.6909383540751
TR-041161,2025-09-18,836.33,802.0716436837968
TR-041162,2025-09-18,3815.87,3689.329780398168
TR-041163,2025-09-18,885.17,2115.7861352064765
TR-041164,2025-09-18,4030.69,3826.0159533491146
TR-041165,2025-09-18,2164.8,2127.050936139315
TR-041166,2025-09-18,1115.02,1099.763419974461
TR-041167,2025-09-18,3388.51,3288.4485157315785
TR-041168,2025-09-18,3529.08,3596.4319511239937
TR-041169,2025-09-18,3266.65,3271.5918775617133
TR-041170,2025-09-18,2045.91,1953.6847719373577
TR-041171,2025-09-18,1042.37,1009.9835203333707
TR-041172,2025-09-18,1264.25,1194.199937487785
TR-041173,2025-09-18,3029.19,2986.0221691303445
TR-041174,2025-09-18,1065.43,1053.3805177962267
TR-041175,2025-09-18,1037.51,1046.2517317244565
TR-041176,2025-09-18,2417.3,2315.9583903323123
TR-041177,2025-09-18,4019.3,3884.7827203686315
TR-041178,2025-09-18,2703.52,2750.2470295712665
TR-041179,2025-09-18,1567.93,1503.4698314252887
TR-041180,2025-09-18,1649.02,1588.8969510233692
TR-041181,2025-09-18,5797.14,5544.294894066714
TR-041182,2025-09-18,2220.74,2139.2705697842907
TR-041183,2025-09-18,1321.15,1328.7666645188988
TR-041184,2025-09-18,1567.88,1546.173532584713
TR-041185,2025-09-18,5298.62,5089.842247217256
TR-041186,2025-09-18,4547.86,4331.412358760074
TR-041187,2025-09-18,885.3,882.2199635121467
TR-041188,2025-09-18,5223.67,5177.664110314088
TR-041189,2025-09-18,1986.74,1900.0849829388771
TR-041190,2025-09-18,1416.04,1453.9368018032717
TR-041191,2025-09-18,2259.09,2156.300433954494
TR-041192,2025-09-18,3119.9,3025.3242687254224
TR-041193,2025-09-18,2612.11,2535.0809920936645
TR-041194,2025-09-18,1167.77,1056.3841830746833
TR-041195,2025-09-18,2337.65,2211.997617305312
TR-041196,2025-09-18,4868.18,4781.2592115677
TR-041197,2025-09-18,3972.67,3817.479031720758
TR-041198,2025-09-18,4109.95,4024.242058347733
TR-041199,2025-09-18,1958.31,1939.18512767909
TR-041200,2025-09-18,2130.39,2152.1297044009243
TR-041201,2025-09-18,1788.14,1780.3677240968964
TR-041202,2025-09-18,2137.06,2061.395564745126
TR-041203,2025-09-18,3595.28,3526.0209218658088
TR-041204,2025-09-18,2314.91,2222.6968787038672
TR-041205,2025-09-18,3538.35,3559.329584401373
TR-041206,2025-09-18,3771.62,3720.401764932423
TR-041207,2025-09-18,564.55,562.7352197598618
TR-041208,2025-09-18,3055.45,2996.777666136528
TR-041209,2025-09-18,6586.76,6224.30826612785
TR-041210,2025-09-18,1752.61,1661.7341701157748
TR-041211,2025-09-18,2056.74,1965.7948572898115
TR-041212,2025-09-18,1099.58,1061.7463588205214
TR-041213,2025-09-18,2031.94,1912.2018579524142
TR-041214,2025-09-18,4129.46,4089.7817413032017
TR-041215,2025-09-18,4083.22,3878.883572792047
TR-041216,2025-09-18,1344.15,1301.4438409265563
TR-041217,2025-09-18,1770.17,1788.2970839501586
TR-041218,2025-09-18,1027.87,1016.6794737291797
TR-041219,2025-09-18,1771.04,1717.2880384369805
TR-041220,2025-09-18,478.02,465.875865699855
TR-041221,2025-09-18,2240.88,2151.725315539139
TR-041222,2025-09-18,4419.92,4471.263011144355
TR-041223,2025-09-18,929.25,925.4259881065764
TR-041224,2025-09-18,3628.7,3475.7891664654408
TR-041225,2025-09-18,2265.66,2145.834455311737
TR-041226,2025-09-18,1740.58,1719.1761347796678
TR-041227,2025-09-18,1650.49,1643.1456397201728
TR-041228,2025-09-18,4786.14,4725.738821218252
TR-041229,2025-09-18,1915.64,1892.2248945411109
TR-041230,2025-09-18,2864.86,2936.293761186928
TR-041231,2025-09-18,2342.44,2255.8800538325686
TR-041232,2025-09-18,987.48,940.7180536088229
TR-041233,2025-09-18,2390.47,2263.7546586499816
TR-041234,2025-09-18,5812.57,5590.290492411576
TR-041235,2025-09-18,1047.42,1010.852560369984
TR-041236,2025-09-18,5446.12,5226.717953227862
TR-041237,2025-09-18,800.45,778.0942750302484
TR-041238,2025-09-18,995.21,998.6505958355997
TR-041239,2025-09-18,2915.4,2805.2004352593726
TR-041240,2025-09-18,2328.57,2397.4713437437167
TR-041241,2025-09-18,2995.54,2948.566959495132
TR-041242,2025-09-18,4914.73,5083.180369096932
TR-041243,2025-09-18,3696.63,3664.2274497062713
TR-041244,2025-09-18,4894.62,4644.9684020486675
TR-041245,2025-09-18,2822.47,2726.4756788337863
TR-041246,2025-09-18,966.91,956.9206884140938
TR-041247,2025-09-18,2294.9,2168.6062805095944
TR-041248,2025-09-18,1917.68,1841.5650047661725
TR-041249,2025-09-18,1337.6,1275.5187262563675
TR-041250,2025-09-18,3669.73,3661.9896104976406
TR-041251,2025-09-18,2518.18,2439.864877840824
TR-041252,2025-09-18,1315.02,1251.69208076325
TR-041253,2025-09-18,1542.34,1550.6545751305903
TR-041254,2025-09-18,1246.18,1235.5145088454242
TR-041255,2025-09-18,599.39,557.7584718660246
TR-041256,2025-09-18,4103.83,3818.6174234479313
TR-041257,2025-09-18,2050.57,2029.7441835207276
TR-041258,2025-09-18,2133.38,2064.3548064167117
TR-041259,2025-09-18,4187.8,4156.240541129604
TR-041260,2025-09-18,3405.96,3245.7036613137598
TR-041261,2025-09-18,966.93,938.1688586140872
TR-041262,2025-09-18,683.55,639.7374773778777
TR-041263,2025-09-18,3083.47,2993.417427168401
TR-041264,2025-09-18,2349.97,2281.481114522494
TR-041265,2025-09-18,1089.72,1094.9894149123434
TR-041266,2025-09-18,1388.56,1395.9171423959383
TR-041267,2025-09-18,1096.12,1064.158611293706
TR-041268,2025-09-18,386.27,386.5452928346149
TR-041269,2025-09-18,1155.18,1098.3652855757168
TR-041270,2025-09-18,535.96,502.22394168804044
TR-041271,2025-09-18,2817.62,2605.6829041546716
TR-041272,2025-09-18,1850.05,1824.1912807824003
TR-041273,2025-09-18,4899.37,4847.978694590705
TR-041274,2025-09-18,2715.31,2530.888206615546
TR-041275,2025-09-18,757.99,737.0829726003581
TR-041276,2025-09-18,1657.2,1565.7417617871579
TR-041277,2025-09-18,1187.35,1173.4888438918533
TR-041278,2025-09-18,657.12,636.1309992477272
TR-041279,2025-09-18,1626.15,1550.4580549626846
TR-041280,2025-09-18,1558.19,1505.7378467435858
TR-041281,2025-09-18,1344.39,1302.4458593005843
TR-041282,2025-09-18,897.6,862.5225470778171
TR-041283,2025-09-18,1636.88,1573.4814485691518
TR-041284,2025-09-18,1756.73,1624.415373940011
TR-041285,2025-09-18,3063.44,2947.989963023219
TR-041286,2025-09-18,816.57,805.1914990674563
TR-041287,2025-09-18,1765.83,1746.5957635520022
TR-041288,2025-09-18,5166.2,4947.270413640264
TR-041289,2025-09-18,2083.43,2057.0383258999927
TR-041290,2025-09-18,4607.16,4469.8138192689075
TR-041291,2025-09-18,779.84,759.4209529192885
TR-041292,2025-09-18,836.28,816.6756719511413
TR-041293,2025-09-18,3176.84,3183.4929381586185
TR-041294,2025-09-18,495.46,471.7500166206421
TR-041295,2025-09-18,4347.36,4165.855060390738
TR-041296,2025-09-18,4178.51,4031.532668870644
TR-041297,2025-09-18,3006.37,2966.6623798325163
TR-041298,2025-09-18,4053.08,4063.1771227273443
TR-041299,2025-09-18,1607.34,1554.2942130512374
TR-041300,2025-09-18,1949.7,1899.4828805036902
TR-041301,2025-09-18,3802.99,3677.0788410039913
TR-041302,2025-09-18,1483.86,1515.738831343917
TR-041303,2025-09-18,2759.78,2653.5210669489725
TR-041304,2025-09-18,1445.84,1468.0545988395916
TR-041305,2025-09-18,1615.1,1608.2648737154723
TR-041306,2025-09-18,2584.15,2520.2548019682863
TR-041307,2025-09-18,405.1,1826.9287655840521
TR-041308,2025-09-18,3412.56,3352.041909318041
TR-041309,2025-09-18,4087.21,4023.0317065021018
TR-041310,2025-09-18,3359.31,3243.055903157724
TR-041311,2025-09-18,2325.78,2307.2933238725177
TR-041312,2025-09-18,2730.21,2635.450689460733
TR-041313,2025-09-19,826.67,834.4211636699667
TR-041314,2025-09-19,1962.07,1936.448724245717
TR-041315,2025-09-19,1166.63,1093.8483766645545
TR-041316,2025-09-19,2564.42,2538.3646600639922
TR-041317,2025-09-19,600.81,557.208062084643
TR-041318,2025-09-19,4014.66,3895.381560002248
TR-041319,2025-09-19,4738.37,4429.327693001658
TR-041320,2025-09-19,2092.82,2061.9022911007023
TR-041321,2025-09-19,3163.26,3075.027759949135
TR-041322,2025-09-19,2019.13,1989.3863005650903
TR-041323,2025-09-19,2802.25,2691.479269560465
TR-041324,2025-09-19,2066.97,1991.4308694732727
TR-041325,2025-09-19,4590.43,4535.927151423852
TR-041326,2025-09-19,3670.77,3413.411511974728
TR-041327,2025-09-19,4250.42,4193.923948801033
TR-041328,2025-09-19,572.29,562.2213951762444
TR-041329,2025-09-19,3894.84,3760.0360160246614
TR-041330,2025-09-19,1665.41,1632.2514993394934
TR-041331,2025-09-19,1549.99,1543.768997565473
TR-041332,2025-09-19,373.8,385.88247345334
TR-041333,2025-09-19,249.46,239.72549313052514
TR-041334,2025-09-19,1841.98,1826.4133309764218
TR-041335,2025-09-19,2160.19,1987.8967208334218
TR-041336,2025-09-19,4847.31,4844.915443623619
TR-041337,2025-09-19,5106.42,5083.696762264595
TR-041338,2025-09-19,2911.96,2742.0371719949626
TR-041339,2025-09-19,1809.62,1792.0581328961846
TR-041340,2025-09-19,2273.21,2268.0926665719394
TR-041341,2025-09-19,2039.79,1918.3989433982817
TR-041342,2025-09-19,4417.79,4282.58162520338
TR-041343,2025-09-19,2867.1,2746.2762316014364
TR-041344,2025-09-19,3683.21,3542.8002049097904
TR-041345,2025-09-19,3549.61,3405.018547886119
TR-041346,2025-09-19,469.54,468.33088122265553
TR-041347,2025-09-19,1551.3,1534.0513132511292
TR-041348,2025-09-19,2382.54,2365.204240779339
TR-041349,2025-09-19,4489.53,4313.1649448775015
TR-041350,2025-09-19,3701.37,3677.896971305059
TR-041351,2025-09-19,717.35,712.2677381839201
TR-041352,2025-09-19,918.88,865.2707044326733
TR-041353,2025-09-19,2313.34,2261.351122505196
TR-041354,2025-09-19,3012.74,2856.8090271105284
TR-041355,2025-09-19,5178.86,4876.083414037168
TR-041356,2025-09-19,1862.86,1866.8424295188677
TR-041357,2025-09-19,3962.57,3947.79098199036
TR-041358,2025-09-19,348.25,342.23191041465316
TR-041359,2025-09-19,2798.54,2670.482797235397
TR-041360,2025-09-19,2912.78,2823.3422804740694
TR-041361,2025-09-19,4193.39,4027.836423295351
TR-041362,2025-09-19,2333.95,2226.266937164623
TR-041363,2025-09-19,545.4,519.506335145484
TR-041364,2025-09-19,1823.61,1821.8163044023925
TR-041365,2025-09-19,1131.31,1044.2221064178157
TR-041366,2025-09-19,880.09,850.478587382468
TR-041367,2025-09-19,2446.13,2481.075541194668
TR-041368,2025-09-19,432.04,2067.1715559195745
TR-041369,2025-09-19,2825.22,2811.006578084777
TR-041370,2025-09-19,1526.78,1437.0556615764117
TR-041371,2025-09-19,1058.42,1037.0847405891345
TR-041372,2025-09-19,1601.24,1486.9210398466262
TR-041373,2025-09-19,3788.58,3546.3717955481034
TR-041374,2025-09-19,1235.15,1156.675593943209
TR-041375,2025-09-19,2413.33,2407.778300966998
TR-041376,2025-09-19,2272.44,2265.010910838343
TR-041377,2025-09-19,1969.29,1940.8978920836616
TR-041378,2025-09-19,3317.48,3298.037200378186
TR-041379,2025-09-19,1566.34,1553.4082246212483
TR-041380,2025-09-19,1111.1,1114.1490840506362
TR-041381,2025-09-19,2600.02,2606.396876300945
TR-041382,2025-09-19,1354.98,1289.4012915547073
TR-041383,2025-09-19,897.45,842.1947309863649
TR-041384,2025-09-19,3963.16,3936.2148535723845
TR-041385,2025-09-19,2136.16,2129.7153869789727
TR-041386,2025-09-19,4859.45,4850.79737100991
TR-041387,2025-09-19,4167.22,4114.524284512789
TR-041388,2025-09-19,4020.92,3873.655121645591
TR-041389,2025-09-19,3264.88,3157.9114013598555
TR-041390,2025-09-19,3581.05,3414.656792648508
TR-041391,2025-09-19,2090.09,2020.2956609518076
TR-041392,2025-09-19,1915.77,1852.366742749375
TR-041393,2025-09-19,1493.8,1488.7210612825984
TR-041394,2025-09-19,5809.72,5515.166872540665
TR-041395,2025-09-19,1860.36,1818.3379663919886
TR-041396,2025-09-19,718.21,700.2047895005735
TR-041397,2025-09-19,3752.22,3622.696384093863
TR-041398,2025-09-19,1009.11,985.3754022864912
TR-041399,2025-09-19,1688.02,1631.9125824152673
TR-041400,2025-09-19,675.49,656.4319466993322
TR-041401,2025-09-19,1092.65,1015.5479210026291
TR-041402,2025-09-19,2445.31,2389.1972906809942
TR-041403,2025-09-19,1575.86,1497.9188526857893
TR-041404,2025-09-19,1942.8,1884.3874884614186
TR-041405,2025-09-19,1490.24,1462.5111378574502
TR-041406,2025-09-19,1823.67,1799.6964576632192
TR-041407,2025-09-19,3149.95,3063.6958006721206
TR-041408,2025-09-19,3684.7,3449.4822811863623
TR-041409,2025-09-19,1149.42,1084.239117035418
TR-041410,2025-09-19,1057.51,981.3545953984644
TR-041411,2025-09-19,1108.17,1110.8449423630923
TR-041412,2025-09-19,4413.86,4337.926827974969
TR-041413,2025-09-19,7000.31,6667.934620242474
TR-041414,2025-09-19,729.0,692.7682578560757
TR-041415,2025-09-19,697.25,692.3412920959368
TR-041416,2025-09-19,1732.79,1676.844471591609
TR-041417,2025-09-19,699.16,652.5673565843547
TR-041418,2025-09-19,1024.61,1013.5910640115981
TR-041419,2025-09-19,984.87,920.7818712685389
TR-041420,2025-09-19,1120.14,1115.2062695868967
TR-041421,2025-09-19,5513.01,5103.126310298599
TR-041422,2025-09-19,1698.83,1674.4975020457227
TR-041423,2025-09-19,2098.69,2060.4668760925715
TR-041424,2025-09-19,511.87,510.0495838355355
TR-041425,2025-09-19,5677.76,5498.598624114801
TR-041426,2025-09-19,3838.77,3737.62627701173
TR-041427,2025-09-19,1919.67,1862.730064790765
TR-041428,2025-09-19,1724.82,1683.1005622437483
TR-041429,2025-09-19,1478.5,1401.028629390943
TR-041430,2025-09-19,1751.33,1680.969801864739
TR-041431,2025-09-19,1599.26,1599.756107716571
TR-041432,2025-09-19,2598.59,2496.650931430493
TR-041433,2025-09-19,4609.65,4458.051014668071
TR-041434,2025-09-19,2637.5,2606.800531891555
TR-041435,2025-09-19,1583.02,1498.6639599774808
TR-041436,2025-09-19,1166.33,1155.2920668926722
TR-041437,2025-09-19,2423.32,2396.043906414927
TR-041438,2025-09-19,1411.33,1387.7306547547328
TR-041439,2025-09-19,1983.08,1934.9991286615682
TR-041440,2025-09-19,829.31,818.7302750042945
TR-041441,2025-09-19,2031.65,2016.6153462117295
TR-041442,2025-09-19,2710.77,2666.5748710176777
TR-041443,2025-09-19,3526.7,3462.148206534368
TR-041444,2025-09-19,5785.57,5613.610702565675
TR-041445,2025-09-19,3976.16,3908.288231985389
TR-041446,2025-09-19,3382.24,3318.2769163850303
TR-041447,2025-09-19,1870.14,1800.2209818208755
TR-041448,2025-09-19,3800.07,3710.802745439798
TR-041449,2025-09-19,3178.92,3033.35166031834
TR-041450,2025-09-19,1772.42,1709.373616245303
TR-041451,2025-09-19,4268.29,4212.76597774874
TR-041452,2025-09-19,1085.89,1039.3061061018257
TR-041453,2025-09-19,1067.12,1044.005557888192
TR-041454,2025-09-19,5532.01,5308.930088586321
TR-041455,2025-09-19,1267.47,1205.4382987906217
TR-041456,2025-09-19,1977.83,1943.3925270347497
TR-041457,2025-09-19,1514.56,1529.785814315957
TR-041458,2025-09-19,2563.44,2507.7775155932277
TR-041459,2025-09-19,2244.2,2300.529630260217
TR-041460,2025-09-19,2281.98,2191.7786754442714
TR-041461,2025-09-19,2464.37,2426.631052060366
TR-041462,2025-09-19,1251.18,1234.5870990549279
TR-041463,2025-09-19,701.83,656.2794912303916
TR-041464,2025-09-19,3911.62,3921.3859886719993
TR-041465,2025-09-19,4489.47,4506.831372415541
TR-041466,2025-09-19,1779.73,1788.46961890728
TR-041467,2025-09-19,1137.37,1125.381875100055
TR-041468,2025-09-19,2618.81,2465.60847378228
TR-041469,2025-09-20,2777.97,2807.5778335194445
TR-041470,2025-09-20,2051.76,2052.687938749971
TR-041471,2025-09-20,1148.22,1106.5759598082816
TR-041472,2025-09-20,681.23,658.6852251331268
TR-041473,2025-09-20,817.29,770.0405152873561
TR-041474,2025-09-20,858.27,788.7684812815478
TR-041475,2025-09-20,4472.14,4149.951361043635
TR-041476,2025-09-20,4102.92,4005.822095785638
TR-041477,2025-09-20,4114.55,3913.852644157364
TR-041478,2025-09-20,1498.39,1433.2250861184234
TR-041479,2025-09-20,3486.22,3388.3727762380013
TR-041480,2025-09-20,1031.05,1014.88712613926
TR-041481,2025-09-20,1002.51,926.244126979002
TR-041482,2025-09-20,1263.21,1193.034817570264
TR-041483,2025-09-20,4619.3,4482.87653663149
TR-041484,2025-09-20,2077.27,1997.6145270607724
TR-041485,2025-09-20,372.53,375.0233821258312
TR-041486,2025-09-20,1368.72,1339.3982269474886
TR-041487,2025-09-20,679.95,655.8950199849924
TR-041488,2025-09-20,3736.98,3671.069230624123
TR-041489,2025-09-20,2482.7,2457.942003878035
TR-041490,2025-09-20,4011.6,3811.028291663767
TR-041491,2025-09-20,4622.88,4565.462906845356
TR-041492,2025-09-20,2288.84,2254.8585585023457
TR-041493,2025-09-20,3411.6,3393.737553326806
TR-041494,2025-09-20,2104.46,1993.3253017736552
TR-041495,2025-09-20,2144.77,2086.9286684360486
TR-041496,2025-09-20,2243.52,2276.8532365278957
TR-041497,2025-09-20,1998.89,1937.660337107005
TR-041498,2025-09-20,2219.93,2126.93007991934
TR-041499,2025-09-20,335.52,321.315256265618
TR-041500,2025-09-20,901.1,854.9371892380962
TR-041501,2025-09-20,3012.21,2949.31242710496
TR-041502,2025-09-20,1533.17,1470.2081608999174
TR-041503,2025-09-20,2146.22,2100.6048411647257
TR-041504,2025-09-20,1102.28,1102.1600040950054
TR-041505,2025-09-20,3257.94,3156.3244838823475
TR-041506,2025-09-20,1699.99,1630.9128761062864
TR-041507,2025-09-20,5653.85,5477.080988626312
TR-041508,2025-09-20,1920.07,1908.1889370597412
TR-041509,2025-09-20,881.72,847.4584975818873
TR-041510,2025-09-20,2604.3,2564.962875320739
TR-041511,2025-09-20,2758.91,2692.307505497323
TR-041512,2025-09-20,3721.12,3662.2469921937154
TR-041513,2025-09-20,2035.36,2042.864630802228
TR-041514,2025-09-20,2146.79,2204.7351970012096
TR-041515,2025-09-20,2458.05,2295.453396844178
TR-041516,2025-09-20,4252.72,3914.3183555329624
TR-041517,2025-09-20,3005.24,2810.888052535477
TR-041518,2025-09-20,2602.63,2547.619430229194
TR-041519,2025-09-20,4747.91,4485.771851206697
TR-041520,2025-09-20,3161.48,3107.3031082180723
TR-041521,2025-09-20,5262.91,5062.787871136233
TR-041522,2025-09-20,1980.51,1937.9077520820586
TR-041523,2025-09-20,2463.93,2403.764084741461
TR-041524,2025-09-20,663.18,650.6240249194443
TR-041525,2025-09-20,4674.14,4429.007373018923
TR-041526,2025-09-20,1870.42,1746.178396774208
TR-041527,2025-09-20,1270.66,1238.416952471315
TR-041528,2025-09-20,1553.72,1568.003934999596
TR-041529,2025-09-20,2021.6,1874.5560864378629
TR-041530,2025-09-20,953.96,932.183160056233
TR-041531,2025-09-20,2195.35,2105.46395152994
TR-041532,2025-09-20,272.91,291.5557072036547
TR-041533,2025-09-20,685.08,666.8916858671594
TR-041534,2025-09-20,3415.45,3306.5330577289533
TR-041535,2025-09-20,1154.58,1096.6356596820465
TR-041536,2025-09-20,665.35,663.7147079013903
TR-041537,2025-09-20,1411.62,1351.8479590796355
TR-041538,2025-09-20,1934.67,1857.2221921652263
TR-041539,2025-09-20,1361.74,1279.2776961862833
TR-041540,2025-09-20,2654.53,2645.7772263120023
TR-041541,2025-09-20,1578.66,1513.7488829244166
TR-041542,2025-09-20,3639.45,3551.470430412148
TR-041543,2025-09-20,2152.21,2118.7457349169295
TR-041544,2025-09-20,660.37,654.5631691847407
TR-041545,2025-09-20,3689.68,3527.745711101203
TR-041546,2025-09-20,647.45,619.4015129411428
TR-041547,2025-09-20,2708.57,2518.444539603135
TR-041548,2025-09-20,1321.9,1229.966600568965
TR-041549,2025-09-20,1267.57,1197.5400751190978
TR-041550,2025-09-20,1007.21,976.5280021755689
TR-041551,2025-09-20,1218.31,1204.271720546611
TR-041552,2025-09-20,4250.94,4145.070934430954
TR-041553,2025-09-20,766.56,742.355598663022
TR-041554,2025-09-20,1085.7,1079.6751847511127
TR-041555,2025-09-20,4321.42,4089.1269742166196
TR-041556,2025-09-20,2205.52,2068.218002306561
TR-041557,2025-09-20,594.54,574.4358162269914
TR-041558,2025-09-20,2343.87,2365.45538105925
TR-041559,2025-09-20,3066.44,3065.9178609252313
TR-041560,2025-09-20,755.87,728.9676921870146
TR-041561,2025-09-20,2005.63,1990.367587584723
TR-041562,2025-09-20,4423.86,4290.66260421189
TR-041563,2025-09-20,2458.95,2283.425030882026
TR-041564,2025-09-20,2676.11,2652.5829122238156
TR-041565,2025-09-20,553.31,565.390282198741
TR-041566,2025-09-20,1702.75,1657.2412164168707
TR-041567,2025-09-20,5494.02,5162.47170247555
TR-041568,2025-09-20,2135.93,2072.1623294030583
TR-041569,2025-09-20,1893.4,1872.8915942261947
TR-041570,2025-09-20,1672.18,1614.1395759964091
TR-041571,2025-09-20,1326.94,1318.840136691384
TR-041572,2025-09-20,1097.05,1071.931045633307
TR-041573,2025-09-20,256.31,286.9188634014731
TR-041574,2025-09-20,2697.63,2605.083866407415
TR-041575,2025-09-20,6062.73,5763.688791208112
TR-041576,2025-09-20,4426.29,4118.862469391025
TR-041577,2025-09-20,4436.16,4460.595873203006
TR-041578,2025-09-20,752.64,726.8902605493495
TR-041579,2025-09-20,5132.62,4972.126598904659
TR-041580,2025-09-20,1788.23,1757.2799152487373
TR-041581,2025-09-20,1207.23,1209.7910674769566
TR-041582,2025-09-20,1156.91,1137.8357046056003
TR-041583,2025-09-20,1875.17,1825.5714200640327
TR-041584,2025-09-20,2800.54,2814.7692270819307
TR-041585,2025-09-20,548.54,559.6536501992045
TR-041586,2025-09-20,895.46,846.9636934244738
TR-041587,2025-09-20,584.9,593.4500921817087
TR-041588,2025-09-20,718.43,677.5836433013246
TR-041589,2025-09-20,2934.3,2955.0968222271276
TR-041590,2025-09-20,2442.85,2365.9666984563146
TR-041591,2025-09-20,4279.35,4103.706092205897
TR-041592,2025-09-20,852.06,816.4343432540397
TR-041593,2025-09-20,736.28,705.9329552463339
TR-041594,2025-09-20,1514.72,1534.9434660101422
TR-041595,2025-09-20,1942.49,1853.5572106267753
TR-041596,2025-09-20,2369.5,2261.3729108425487
TR-041597,2025-09-20,4329.3,4069.857635256046
TR-041598,2025-09-20,1129.4,1064.327676557337
TR-041599,2025-09-20,1146.01,1061.1576268015604
TR-041600,2025-09-20,1556.84,1535.5707085640365
TR-041601,2025-09-20,2807.0,2736.6877404008605
TR-041602,2025-09-20,586.23,571.1707893356711
TR-041603,2025-09-20,1376.63,1297.2830975862425
TR-041604,2025-09-20,2990.48,2921.977995192942
TR-041605,2025-09-20,728.24,667.0806539376672
TR-041606,2025-09-20,4417.98,4258.285880047921
TR-041607,2025-09-20,1112.43,1058.204528765818
TR-041608,2025-09-20,4553.03,4355.575260399983
TR-041609,2025-09-20,3737.08,3630.888364304252
TR-041610,2025-09-20,2595.85,2517.962868028111
TR-041611,2025-09-20,2428.37,2284.181384370894
TR-041612,2025-09-20,2160.55,2059.6494819590753
TR-041613,2025-09-20,4399.61,4256.5326323239
TR-041614,2025-09-20,1804.25,1860.271727611045
TR-041615,2025-09-20,1108.08,1054.8796909175303
TR-041616,2025-09-20,4005.68,3866.344080542721
TR-041617,2025-09-20,4511.67,4365.29128739684
TR-041618,2025-09-20,1005.81,920.7822370690758
TR-041619,2025-09-20,4513.5,4416.862128449075
TR-041620,2025-09-20,2683.56,2575.508053774658
TR-041621,2025-09-20,2324.01,2279.519676028088
TR-041622,2025-09-20,3985.25,3838.695980271058
TR-041623,2025-09-20,1504.04,1474.6052129183804
TR-041624,2025-09-20,921.31,868.1655200611683
TR-041625,2025-09-20,1366.91,1358.965448213934
TR-041626,2025-09-20,262.05,237.3366192787512
TR-041627,2025-09-20,661.66,641.4711890922958
TR-041628,2025-09-20,1324.49,1284.6864759600187
TR-041629,2025-09-20,1087.21,1034.0538702493218
TR-041630,2025-09-20,1725.11,1681.3062740290234
TR-041631,2025-09-20,1676.07,1691.3455435750489
TR-041632,2025-09-20,5941.62,5701.17910931478
TR-041633,2025-09-20,3017.66,2932.772612958569
TR-041634,2025-09-21,3611.88,3537.2799183214847
TR-041635,2025-09-21,2498.49,2391.7657135087884
TR-041636,2025-09-21,2310.62,2188.2896552067705
TR-041637,2025-09-21,3946.83,3818.508820390843
TR-041638,2025-09-21,3480.52,3477.0315404070357
TR-041639,2025-09-21,656.64,642.8347332162268
TR-041640,2025-09-21,1150.42,1117.0264491175155
TR-041641,2025-09-21,2309.66,2114.4778006300294
TR-041642,2025-09-21,1091.36,1073.439164196217
TR-041643,2025-09-21,3456.18,3487.1438835055424
TR-041644,2025-09-21,1183.78,1155.287227764842
TR-041645,2025-09-21,4502.92,4384.29594591759
TR-041646,2025-09-21,937.58,924.8714271572865
TR-041647,2025-09-21,3646.07,3489.879078031726
TR-041648,2025-09-21,581.09,571.1674226815085
TR-041649,2025-09-21,2297.22,2239.0797663306894
TR-041650,2025-09-21,1193.08,1172.0236187698806
TR-041651,2025-09-21,1740.18,1653.1555993250795
TR-041652,2025-09-21,3074.08,3021.403714657832
TR-041653,2025-09-21,1143.9,1117.4548517934268
TR-041654,2025-09-21,1957.77,1968.4379097714786
TR-041655,2025-09-21,365.4,354.41645870799357
TR-041656,2025-09-21,2169.77,2144.126117742653
TR-041657,2025-09-21,1898.38,1802.18150776647
TR-041658,2025-09-21,1971.85,1907.9561667323958
TR-041659,2025-09-21,800.84,748.0068388245402
TR-041660,2025-09-21,807.9,754.4691196319113
TR-041661,2025-09-21,554.99,531.4290626494612
TR-041662,2025-09-21,2382.06,2387.8561685461705
TR-041663,2025-09-21,1220.3,1214.6181563552677
TR-041664,2025-09-21,1360.17,1325.7849710427963
TR-041665,2025-09-21,2162.8,2069.879207794945
TR-041666,2025-09-21,2239.01,2189.5573158756333
TR-041667,2025-09-21,4080.25,3983.1833945865937
TR-041668,2025-09-21,1752.55,1724.5156748166673
TR-041669,2025-09-21,584.89,567.086556388907
TR-041670,2025-09-21,3304.89,3167.2867007221835
TR-041671,2025-09-21,4233.74,4082.437525688636
TR-041672,2025-09-21,1661.42,1643.0831331806814
TR-041673,2025-09-21,828.15,776.9926113064776
TR-041674,2025-09-21,1868.09,1827.7857344389533
TR-041675,2025-09-21,1767.74,1623.8252086741602
TR-041676,2025-09-21,1491.52,1403.3671463800845
TR-041677,2025-09-21,2551.97,2484.545014204871
TR-041678,2025-09-21,3696.45,3618.19151103136
TR-041679,2025-09-21,3427.37,3362.357934121911
TR-041680,2025-09-21,2493.86,2359.4933875003626
TR-041681,2025-09-21,3252.12,3095.8323780890564
TR-041682,2025-09-21,4953.89,4721.424073816539
TR-041683,2025-09-21,1398.23,1342.5293145871121
TR-041684,2025-09-21,5882.21,5724.943121823245
TR-041685,2025-09-21,3113.17,3040.0104951090652
TR-041686,2025-09-21,216.43,228.71965189034768
TR-041687,2025-09-21,2108.16,2029.621818842436
TR-041688,2025-09-21,4976.59,4763.1124515091615
TR-041689,2025-09-21,924.23,871.3084445845661
TR-041690,2025-09-21,4553.9,4438.70184563065
TR-041691,2025-09-21,3217.01,3088.7426198147978
TR-041692,2025-09-21,3269.56,3153.121938564924
TR-041693,2025-09-21,4026.29,4021.040330542992
TR-041694,2025-09-21,2725.13,2667.640699780125
TR-041695,2025-09-21,4748.45,4589.880952569726
TR-041696,2025-09-21,2479.52,2465.6734910955643
TR-041697,2025-09-21,1515.47,1413.682754523561
TR-041698,2025-09-21,1345.26,1329.2950275973178
TR-041699,2025-09-21,2784.94,2752.028041195694
TR-041700,2025-09-21,3667.95,3635.845040705106
TR-041701,2025-09-21,2487.79,2425.567176921416
TR-041702,2025-09-21,911.59,874.5146145673568
TR-041703,2025-09-21,936.36,898.8312304891365
TR-041704,2025-09-21,1881.04,1838.9985293634527
TR-041705,2025-09-21,5700.34,5510.189265881665
TR-041706,2025-09-21,1022.08,1042.7183707171307
TR-041707,2025-09-21,683.1,658.2096877723054
TR-041708,2025-09-21,1709.29,1642.2482566346791
TR-041709,2025-09-21,2231.98,2197.6325833651076
TR-041710,2025-09-21,1377.14,1334.76271666664
TR-041711,2025-09-21,4268.96,4216.908913027204
TR-041712,2025-09-21,5070.8,4858.143338499102
TR-041713,2025-09-21,2103.34,2083.4484880134414
TR-041714,2025-09-21,4051.87,4068.747670689634
TR-041715,2025-09-21,1161.23,1161.3692855056506
TR-041716,2025-09-21,1373.05,1331.1516031634633
TR-041717,2025-09-21,2122.07,2031.410777361023
TR-041718,2025-09-21,1254.13,1196.9178402424532
TR-041719,2025-09-21,2906.25,2778.6856995749918
TR-041720,2025-09-21,5931.87,5631.394500616692
TR-041721,2025-09-21,244.71,807.5480100378834
TR-041722,2025-09-21,5709.8,5741.78608820762
TR-041723,2025-09-21,2386.8,2273.5124206939377
TR-041724,2025-09-21,4134.62,4005.782429505274
TR-041725,2025-09-21,1916.49,1873.95054754498
TR-041726,2025-09-21,3923.46,3609.896960584791
TR-041727,2025-09-21,3419.89,3342.8716122213546
TR-041728,2025-09-21,2421.49,2383.7566058564025
TR-041729,2025-09-21,762.33,755.0129382344423
TR-041730,2025-09-21,1108.34,1062.328132143955
TR-041731,2025-09-21,2406.81,2387.444002046629
TR-041732,2025-09-21,5554.59,5151.7190114224195
TR-041733,2025-09-21,1091.14,1080.7428208933122
TR-041734,2025-09-21,1422.21,1353.3249903405258
TR-041735,2025-09-21,2632.12,2606.8167769862707
TR-041736,2025-09-21,3352.84,3308.2601207919943
TR-041737,2025-09-21,4540.34,4213.837922998049
TR-041738,2025-09-21,3564.41,3486.0227659412367
TR-041739,2025-09-21,1698.54,1734.6683932590986
TR-041740,2025-09-21,2008.12,2021.400203356011
TR-041741,2025-09-21,4920.08,4881.604056585454
TR-041742,2025-09-21,2146.69,2098.441040068246
TR-041743,2025-09-21,3160.7,3107.712256663507
TR-041744,2025-09-21,4976.74,4896.059041490991
TR-041745,2025-09-21,1719.66,1760.9014080059758
TR-041746,2025-09-21,1466.84,1418.8859031951392
TR-041747,2025-09-21,597.35,568.5643782510733
TR-041748,2025-09-21,435.75,406.0553264505161
TR-041749,2025-09-21,1883.43,1724.1399291449234
TR-041750,2025-09-21,3765.88,3674.1306246529903
TR-041751,2025-09-21,1181.13,1109.5329949619504
TR-041752,2025-09-21,2585.03,2489.1286803298967
TR-041753,2025-09-21,5593.05,5345.941083204874
TR-041754,2025-09-21,2872.83,2889.090276275725
TR-041755,2025-09-21,1243.64,1253.4483169738742
TR-041756,2025-09-21,1191.99,1180.6596209140744
TR-041757,2025-09-21,3622.66,3493.025909873306
TR-041758,2025-09-21,4224.72,4252.752425174402
TR-041759,2025-09-21,3774.79,3794.226671473441
TR-041760,2025-09-21,983.11,974.8031599349754
TR-041761,2025-09-21,4238.58,4127.614325132381
TR-041762,2025-09-21,6531.29,6143.149559499226
TR-041763,2025-09-21,1214.44,1159.1699517134389
TR-041764,2025-09-21,1597.77,1540.9450861688485
TR-041765,2025-09-21,2476.39,2440.5049907811754
TR-041766,2025-09-21,2612.5,2604.733223115099
TR-041767,2025-09-21,664.97,628.2658150540092
TR-041768,2025-09-21,4338.34,4329.022267823022
TR-041769,2025-09-21,3287.49,3150.050109942218
TR-041770,2025-09-21,2040.68,1988.356554881798
TR-041771,2025-09-21,2381.44,2400.468875278115
TR-041772,2025-09-21,2836.21,2804.677643056997
TR-041773,2025-09-21,3438.75,3288.9528547191007
TR-041774,2025-09-21,2846.57,2681.4710827677686
TR-041775,2025-09-21,1924.08,1878.0290018162716
TR-041776,2025-09-21,3085.65,3044.9867504280082
TR-041777,2025-09-21,4135.69,4151.338637134129
TR-041778,2025-09-21,4199.58,4039.6433717412724
TR-041779,2025-09-21,460.98,445.4179175940999
TR-041780,2025-09-21,998.75,982.3423594719734
TR-041781,2025-09-21,2684.0,2667.607260216204
TR-041782,2025-09-21,3891.27,3792.5034408371885
TR-041783,2025-09-21,1745.97,1686.1264040963774
TR-041784,2025-09-21,5583.52,5453.6116164854175
TR-041785,2025-09-21,806.69,786.4370616706358
TR-041786,2025-09-21,2945.77,2928.2211812691176
TR-041787,2025-09-21,847.94,817.1984888780439
TR-041788,2025-09-21,3704.41,3600.3091935449665
TR-041789,2025-09-21,1772.5,1690.286591680479
TR-041790,2025-09-21,3563.18,3473.0332090824654
TR-041791,2025-09-21,3667.32,3479.4280796068597
TR-041792,2025-09-21,2291.91,2102.6272230159016
TR-041793,2025-09-21,2359.67,2333.2443846677434
TR-041794,2025-09-21,2850.44,2828.919509724766
TR-041795,2025-09-21,2392.66,2322.335095653091
TR-041796,2025-09-21,512.08,484.6284594645167
TR-041797,2025-09-21,4363.74,4295.8914142999465
TR-041798,2025-09-21,748.37,740.2517974733526
TR-041799,2025-09-21,2177.89,2185.0381753343027
TR-041800,2025-09-21,2376.16,2417.82394229534
TR-041801,2025-09-21,1699.23,1669.519542721111
TR-041802,2025-09-21,1215.54,1225.8836091002172
TR-041803,2025-09-21,3766.9,3721.939883440026
TR-041804,2025-09-22,2128.56,2026.5610190491898
TR-041805,2025-09-22,1392.33,1365.3902165847776
TR-041806,2025-09-22,3440.26,3345.2560582617853
TR-041807,2025-09-22,4046.17,3974.1871928338373
TR-041808,2025-09-22,1540.67,1551.6471317921828
TR-041809,2025-09-22,3878.45,3873.8843783481557
TR-041810,2025-09-22,1538.05,1526.7109492094796
TR-041811,2025-09-22,1544.91,1496.5003599260644
TR-041812,2025-09-22,4597.18,4325.736102473673
TR-041813,2025-09-22,2531.03,2452.1320252228115
TR-041814,2025-09-22,976.23,947.6345986603687
TR-041815,2025-09-22,2554.85,2457.959883185215
TR-041816,2025-09-22,2158.7,2110.6498454688544
TR-041817,2025-09-22,2347.09,2307.032237095172
TR-041818,2025-09-22,375.07,355.6917282826605
TR-041819,2025-09-22,923.27,882.8356632803634
TR-041820,2025-09-22,555.39,544.4497017830295
TR-041821,2025-09-22,2538.88,2477.4459533218837
TR-041822,2025-09-22,1378.44,1350.0140756745636
TR-041823,2025-09-22,501.37,487.1391807267828
TR-041824,2025-09-22,2992.86,2925.102697914297
TR-041825,2025-09-22,1204.25,1193.0034077111811
TR-041826,2025-09-22,5426.58,5060.0703977989
TR-041827,2025-09-22,1048.6,1019.4973078928725
TR-041828,2025-09-22,2931.57,2808.309218743595
TR-041829,2025-09-22,1099.07,1057.6493023497592
TR-041830,2025-09-22,2775.61,2734.0188573055266
TR-041831,2025-09-22,633.76,613.6239056783218
TR-041832,2025-09-22,2098.04,2112.7437349907377
TR-041833,2025-09-22,1851.74,1793.3190295403813
TR-041834,2025-09-22,1355.55,1316.739914747589
TR-041835,2025-09-22,1625.53,1623.5960049353293
TR-041836,2025-09-22,1125.97,1117.4385488172584
TR-041837,2025-09-22,2152.81,2095.1349993697227
TR-041838,2025-09-22,983.53,952.8559702512771
TR-041839,2025-09-22,1939.61,1935.9324078615796
TR-041840,2025-09-22,2691.8,2765.0088223485027
TR-041841,2025-09-22,1628.59,1537.1893124059889
TR-041842,2025-09-22,1699.49,1694.6739548603814
TR-041843,2025-09-22,959.92,902.83794690744
TR-041844,2025-09-22,1496.18,1513.472197274034
TR-041845,2025-09-22,4098.74,3894.4276689480625
TR-041846,2025-09-22,2928.12,2844.574690208111
TR-041847,2025-09-22,5214.68,4931.243109758653
TR-041848,2025-09-22,1920.81,1903.9945956671115
TR-041849,2025-09-22,1342.0,1342.9821930492508
TR-041850,2025-09-22,373.78,370.67791424761435
TR-041851,2025-09-22,1977.64,1896.2470206785476
TR-041852,2025-09-22,898.29,854.4726546313209
TR-041853,2025-09-22,2004.53,1883.340748580583
TR-041854,2025-09-22,748.0,723.0059314933951
TR-041855,2025-09-22,4486.44,4268.576177954901
TR-041856,2025-09-22,1113.48,1101.1145196586565
TR-041857,2025-09-22,3244.08,3257.761260120841
TR-041858,2025-09-22,1349.6,1336.288168184406
TR-041859,2025-09-22,1733.25,1635.788932233752
TR-041860,2025-09-22,4679.78,4534.262652287443
TR-041861,2025-09-22,1549.59,1513.0746355077138
TR-041862,2025-09-22,1817.52,1768.2723786472188
TR-041863,2025-09-22,2398.51,2346.7078697173797
TR-041864,2025-09-22,2497.67,2466.2488775797274
TR-041865,2025-09-22,1227.05,1198.7271647405123
TR-041866,2025-09-22,2259.47,2100.6891222276913
TR-041867,2025-09-22,782.19,754.8942892953912
TR-041868,2025-09-22,3823.47,3729.4398761313823
TR-041869,2025-09-22,2778.74,2622.247598790658
TR-041870,2025-09-22,2064.85,2005.7541209680433
TR-041871,2025-09-22,1051.24,1053.6928522309
TR-041872,2025-09-22,3988.91,3901.730429857105
TR-041873,2025-09-22,1385.82,1334.0924012111523
TR-041874,2025-09-22,1175.72,1099.494172588958
TR-041875,2025-09-22,569.67,567.7370358751427
TR-041876,2025-09-22,3963.94,3765.6817284660046
TR-041877,2025-09-22,2063.23,2021.9373142572665
TR-041878,2025-09-22,383.49,373.6784481073323
TR-041879,2025-09-22,1608.15,1545.056557848957
TR-041880,2025-09-22,1667.17,1566.9487975612537
TR-041881,2025-09-22,1193.46,1132.1121886920419
TR-041882,2025-09-22,3775.66,3671.852945509094
TR-041883,2025-09-22,2429.57,2328.9738117153483
TR-041884,2025-09-22,3902.72,3636.689364448874
TR-041885,2025-09-22,884.94,845.7566404045174
TR-041886,2025-09-22,3667.82,3585.4007343016046
TR-041887,2025-09-22,4192.73,4140.614952482019
TR-041888,2025-09-22,1161.6,1113.244121824297
TR-041889,2025-09-22,509.11,507.3704939860736
TR-041890,2025-09-22,4197.87,4016.4074027715483
TR-041891,2025-09-22,5728.27,5335.081305906686
TR-041892,2025-09-22,344.39,349.5429110905816
TR-041893,2025-09-22,2216.98,2145.6233248263993
TR-041894,2025-09-22,3656.53,3483.015960317235
TR-041895,2025-09-22,2289.62,2203.9272695628597
TR-041896,2025-09-22,1834.15,1651.532293878738
TR-041897,2025-09-22,1259.22,1198.348849493011
TR-041898,2025-09-22,901.25,883.2419721878064
TR-041899,2025-09-22,2075.25,2093.266894536667
TR-041900,2025-09-22,1961.33,1913.1526769708973
TR-041901,2025-09-22,2668.74,2599.0043656072953
TR-041902,2025-09-22,863.66,832.4222612954718
TR-041903,2025-09-22,1502.5,1522.707999700202
TR-041904,2025-09-22,4047.61,4158.71158726471
TR-041905,2025-09-22,2745.03,2569.9173309296248
TR-041906,2025-09-22,1915.26,1881.5455554178218
TR-041907,2025-09-22,4609.13,4476.352924381634
TR-041908,2025-09-22,4898.32,4721.636218061006
TR-041909,2025-09-22,3122.02,2974.1778790827375
TR-041910,2025-09-22,2249.86,2158.1971520077163
TR-041911,2025-09-22,2716.18,2544.1810987084164
TR-041912,2025-09-22,1151.79,1132.016118551894
TR-041913,2025-09-22,1040.12,973.5319024912762
TR-041914,2025-09-22,1637.66,1573.3951045681313
TR-041915,2025-09-22,455.17,459.4059783126013
TR-041916,2025-09-22,755.4,737.834962804505
TR-041917,2025-09-22,1382.93,1370.8790369442117
TR-041918,2025-09-22,791.95,779.5932958976011
TR-041919,2025-09-22,1264.86,1228.438187354303
TR-041920,2025-09-22,349.2,338.00743018146864
TR-041921,2025-09-22,620.41,607.1800026211893
TR-041922,2025-09-22,1972.72,1925.7517134214572
TR-041923,2025-09-22,938.4,933.1057624159021
TR-041924,2025-09-22,1052.71,961.4306828073991
TR-041925,2025-09-22,2333.1,2235.761614004952
TR-041926,2025-09-22,1094.42,1044.040560960439
TR-041927,2025-09-22,1486.23,1454.7228013451477
TR-041928,2025-09-22,2095.39,2054.0542827847976
TR-041929,2025-09-22,883.79,881.4176876684419
TR-041930,2025-09-22,3727.53,3639.231820244732
TR-041931,2025-09-22,3367.15,3272.409886981415
TR-041932,2025-09-22,580.22,571.5411695856715
TR-041933,2025-09-22,2751.44,2720.480635598107
TR-041934,2025-09-22,1753.47,1763.0679816149611
TR-041935,2025-09-22,2831.17,2796.121008364502
TR-041936,2025-09-22,4986.16,4714.69045218292
TR-041937,2025-09-22,3237.63,3076.5786246996113
TR-041938,2025-09-22,1167.44,1122.4228322457047
TR-041939,2025-09-22,3721.9,3670.717182622313
TR-041940,2025-09-22,1565.74,1541.8339902912667
TR-041941,2025-09-22,1636.8,1607.4563554766055
TR-041942,2025-09-22,2014.62,1938.7771509913848
TR-041943,2025-09-22,2826.25,2612.7396492178095
TR-041944,2025-09-22,1946.28,1936.0096116681289
TR-041945,2025-09-22,3824.6,3716.90891157503
TR-041946,2025-09-22,1822.63,1781.159468286548
TR-041947,2025-09-22,5226.16,5260.391534961316
TR-041948,2025-09-22,3518.72,3539.374102047016
TR-041949,2025-09-22,727.52,693.6237354451173
TR-041950,2025-09-22,5484.51,5418.667893746375
TR-041951,2025-09-22,4080.13,3971.8677862945106
TR-041952,2025-09-22,2566.19,2534.7011885384222
TR-041953,2025-09-22,3686.09,3867.3120488453733
TR-041954,2025-09-22,2079.7,2019.5060971085998
TR-041955,2025-09-22,4598.86,4497.496336959481
TR-041956,2025-09-22,1533.36,1523.3037845073732
TR-041957,2025-09-23,790.81,789.6591052850695
TR-041958,2025-09-23,5667.22,5542.433776407865
TR-041959,2025-09-23,2482.03,2512.686312696179
TR-041960,2025-09-23,2799.55,2682.0682276203556
TR-041961,2025-09-23,1557.88,1475.0126371077
TR-041962,2025-09-23,1190.7,1125.841815299686
TR-041963,2025-09-23,3022.15,2878.9632740628026
TR-041964,2025-09-23,3231.74,3155.026999595234
TR-041965,2025-09-23,1124.33,1093.2854433676512
TR-041966,2025-09-23,724.44,718.1743069878175
TR-041967,2025-09-23,1739.85,1661.9148315696225
TR-041968,2025-09-23,592.8,567.3976582102989
TR-041969,2025-09-23,2522.33,2411.915203338301
TR-041970,2025-09-23,1509.49,1485.7310410838518
TR-041971,2025-09-23,4756.46,4672.714272663501
TR-041972,2025-09-23,4177.12,3903.3415646241433
TR-041973,2025-09-23,1885.76,1837.6740524509207
TR-041974,2025-09-23,4776.1,4651.413959253027
TR-041975,2025-09-23,2635.86,2566.9707767725968
TR-041976,2025-09-23,1653.44,1593.2643150913107
TR-041977,2025-09-23,522.62,491.7776912572574
TR-041978,2025-09-23,1787.64,1724.00347123628
TR-041979,2025-09-23,1542.61,1504.969358025858
TR-041980,2025-09-23,4533.05,4449.7258380134535
TR-041981,2025-09-23,1883.24,1779.0513173240274
TR-041982,2025-09-23,2810.7,2677.558505657708
TR-041983,2025-09-23,2838.34,2747.754326354507
TR-041984,2025-09-23,1638.9,1520.1434864086432
TR-041985,2025-09-23,2047.55,1993.3050805721064
TR-041986,2025-09-23,1398.71,1318.6607328706993
TR-041987,2025-09-23,711.03,2395.489299843406
TR-041988,2025-09-23,1228.36,1195.0175197575222
TR-041989,2025-09-23,595.46,593.3171464275244
TR-041990,2025-09-23,2231.13,2199.6183762219375
TR-041991,2025-09-23,742.69,725.4181540758018
TR-041992,2025-09-23,705.08,691.2198455229043
TR-041993,2025-09-23,646.86,604.7705725497303
TR-041994,2025-09-23,3862.09,3754.8859828831974
TR-041995,2025-09-23,435.27,420.39326301705455
TR-041996,2025-09-23,2309.76,2269.972630869019
TR-041997,2025-09-23,5088.19,4886.938118976317
TR-041998,2025-09-23,3994.83,3661.88144246625
TR-041999,2025-09-23,2388.93,2410.708031852033
TR-042000,2025-09-23,1101.11,1083.4472079144834
TR-042001,2025-09-23,4155.43,3898.9470654481584
TR-042002,2025-09-23,3432.98,3329.7128578292313
TR-042003,2025-09-23,1563.76,1473.9172696342907
TR-042004,2025-09-23,3380.49,3230.1570320183864
TR-042005,2025-09-23,1098.56,1035.7002456942687
TR-042006,2025-09-23,2277.98,2162.3421999868115
TR-042007,2025-09-23,5683.63,5394.997671524063
TR-042008,2025-09-23,2337.12,2310.882375555936
TR-042009,2025-09-23,3369.41,3503.948563221073
TR-042010,2025-09-23,3638.32,3427.3196076719933
TR-042011,2025-09-23,4202.91,4159.319245960707
TR-042012,2025-09-23,4581.19,4486.528684959927
TR-042013,2025-09-23,2736.4,2656.7903342232817
TR-042014,2025-09-23,1738.09,1728.5595660609458
TR-042015,2025-09-23,1660.43,1646.2440249198498
TR-042016,2025-09-23,4842.97,4503.124252813482
TR-042017,2025-09-23,731.1,720.4332480795536
TR-042018,2025-09-23,1227.42,1197.5012348267514
TR-042019,2025-09-23,3958.1,3863.7502686134494
TR-042020,2025-09-23,2009.54,1987.0340147789623
TR-042021,2025-09-23,1774.47,1693.7417129950354
TR-042022,2025-09-23,4600.17,4412.9709836382735
TR-042023,2025-09-23,4515.31,4354.260158248449
TR-042024,2025-09-23,2254.26,2207.6045190235363
TR-042025,2025-09-23,2018.27,1972.0460917906414
TR-042026,2025-09-23,4140.09,3991.4913200189394
TR-042027,2025-09-23,3530.8,3505.244515039167
TR-042028,2025-09-23,4814.82,4593.532867964313
TR-042029,2025-09-23,1666.44,1579.9200846132387
TR-042030,2025-09-23,2350.24,2284.6378092999335
TR-042031,2025-09-23,759.16,744.3554488357252
TR-042032,2025-09-23,5033.39,4574.529577213049
TR-042033,2025-09-23,322.34,1709.195652772063
TR-042034,2025-09-23,5577.48,5511.014565316006
TR-042035,2025-09-23,4438.72,4155.533789990366
TR-042036,2025-09-23,3727.19,3627.5421673817973
TR-042037,2025-09-23,1343.64,1316.4460237341682
TR-042038,2025-09-23,1564.53,1501.2941014248504
TR-042039,2025-09-23,1745.08,1626.6517977214194
TR-042040,2025-09-23,436.33,428.6145275878646
TR-042041,2025-09-23,997.52,926.3937435915964
TR-042042,2025-09-23,6078.29,5715.3412070607155
TR-042043,2025-09-23,1980.66,1893.598364500494
TR-042044,2025-09-23,4012.31,3930.8919715836428
TR-042045,2025-09-23,436.95,419.9496110724758
TR-042046,2025-09-23,509.49,522.3681499460754
TR-042047,2025-09-23,2050.84,1982.4306704068363
TR-042048,2025-09-23,997.19,950.5224825381486
TR-042049,2025-09-23,1068.01,1026.053921446039
TR-042050,2025-09-23,943.32,881.2994286127328
TR-042051,2025-09-23,2090.75,2070.3506338279585
TR-042052,2025-09-23,269.11,276.3632537683884
TR-042053,2025-09-23,1458.41,1452.5333583073673
TR-042054,2025-09-23,893.07,872.9953624573459
TR-042055,2025-09-23,4756.33,4566.138188891475
TR-042056,2025-09-23,1079.12,1081.198031292339
TR-042057,2025-09-23,2323.37,2326.8975469120815
TR-042058,2025-09-23,2936.24,2764.6171620705286
TR-042059,2025-09-23,1268.05,1210.8300679648635
TR-042060,2025-09-23,1705.42,1554.6001955402182
TR-042061,2025-09-23,3196.74,3164.7700271706435
TR-042062,2025-09-23,5914.46,5621.902262121762
TR-042063,2025-09-23,1338.37,1247.7337323570143
TR-042064,2025-09-23,887.15,843.5625520314622
TR-042065,2025-09-23,2179.55,2177.621651975944
TR-042066,2025-09-23,2404.05,2365.525083583801
TR-042067,2025-09-23,1083.45,1040.1099446159976
TR-042068,2025-09-23,3650.77,3418.735714629628
TR-042069,2025-09-23,1876.04,1835.4394855793485
TR-042070,2025-09-23,1414.99,1419.4017105124872
TR-042071,2025-09-23,4273.9,4257.747232835489
TR-042072,2025-09-23,1392.01,1323.875115988958
TR-042073,2025-09-23,1871.4,1777.8683678847156
TR-042074,2025-09-23,2687.38,2572.002912304359
TR-042075,2025-09-23,2666.89,2474.603525329997
TR-042076,2025-09-23,4386.65,4136.7558673355725
TR-042077,2025-09-23,2664.59,2515.941718153359
TR-042078,2025-09-23,3938.41,4004.7014340821315
TR-042079,2025-09-23,4537.16,4482.400726603595
TR-042080,2025-09-23,745.34,727.9187238653283
TR-042081,2025-09-23,4440.3,4300.61542026106
TR-042082,2025-09-23,2524.09,2440.820128734238
TR-042083,2025-09-23,1080.84,1063.943882397045
TR-042084,2025-09-23,2189.11,2110.0961835383723
TR-042085,2025-09-23,3963.65,3911.830462165205
TR-042086,2025-09-23,2167.86,2070.3608196057776
TR-042087,2025-09-23,1554.02,1496.0913103301668
TR-042088,2025-09-23,2039.75,1968.6700543883453
TR-042089,2025-09-23,2024.17,1933.2944235204848
TR-042090,2025-09-23,681.2,678.3026383499575
TR-042091,2025-09-23,890.9,905.4846257292604
TR-042092,2025-09-23,5471.67,5091.252779826437
TR-042093,2025-09-23,590.75,589.9519545383155
TR-042094,2025-09-23,873.95,882.0255110764588
TR-042095,2025-09-23,4339.94,4143.492686764652
TR-042096,2025-09-23,6219.04,5764.010741083306
TR-042097,2025-09-23,2723.7,2715.273224990449
TR-042098,2025-09-23,1592.93,1583.0902759238625
TR-042099,2025-09-23,1570.77,1507.406544736498
TR-042100,2025-09-23,559.36,538.9617699363071
TR-042101,2025-09-23,4467.36,4327.465054540388
TR-042102,2025-09-23,2608.57,2436.491810221
TR-042103,2025-09-23,1457.22,1444.1415020097406
TR-042104,2025-09-23,1213.26,1147.2678026511617
TR-042105,2025-09-24,1858.56,1736.0905384971823
TR-042106,2025-09-24,1640.99,1582.2061725220003
TR-042107,2025-09-24,831.82,752.7598412759276
TR-042108,2025-09-24,4344.78,4238.289878566682
TR-042109,2025-09-24,5375.13,5096.031231698514
TR-042110,2025-09-24,3243.45,3155.3280704791546
TR-042111,2025-09-24,486.64,484.2903030294865
TR-042112,2025-09-24,2421.53,2304.815141774623
TR-042113,2025-09-24,774.12,742.8424918830756
TR-042114,2025-09-24,4504.8,4323.450975601936
TR-042115,2025-09-24,872.42,801.3446851956935
TR-042116,2025-09-24,965.6,927.2467355992435
TR-042117,2025-09-24,3812.94,3577.0660591358637
TR-042118,2025-09-24,765.42,741.0934800298292
TR-042119,2025-09-24,4913.77,4758.305698092717
TR-042120,2025-09-24,1907.82,1796.5847943386657
TR-042121,2025-09-24,4576.82,4419.1510354012935
TR-042122,2025-09-24,1075.11,1045.2402777510604
TR-042123,2025-09-24,3454.06,3333.9203498076595
TR-042124,2025-09-24,3492.43,3346.585355478146
TR-042125,2025-09-24,2006.15,1985.477400732622
TR-042126,2025-09-24,2311.97,2232.419023669181
TR-042127,2025-09-24,5685.16,5445.315747029548
TR-042128,2025-09-24,1647.88,1613.5016626408678
TR-042129,2025-09-24,2493.63,2455.5718494685907
TR-042130,2025-09-24,2740.24,2516.537034169488
TR-042131,2025-09-24,3225.05,3190.7961385481735
TR-042132,2025-09-24,1140.94,1080.3821328248146
TR-042133,2025-09-24,4050.11,4013.9402245023393
TR-042134,2025-09-24,1500.33,1418.6506875040773
TR-042135,2025-09-24,4161.55,4064.988797556457
TR-042136,2025-09-24,2029.71,1904.895830106976
TR-042137,2025-09-24,1841.47,1806.903649459582
TR-042138,2025-09-24,2411.4,2383.7780236439517
TR-042139,2025-09-24,2419.53,2252.108671219919
TR-042140,2025-09-24,2179.13,2138.7845541853762
TR-042141,2025-09-24,3015.19,2861.6567829481723
TR-042142,2025-09-24,2935.55,2728.635028454531
TR-042143,2025-09-24,3418.66,3338.1708452520725
TR-042144,2025-09-24,4715.78,4573.0955520589705
TR-042145,2025-09-24,4088.47,3820.5118672165386
TR-042146,2025-09-24,3505.47,3347.514847341148
TR-042147,2025-09-24,5063.42,4857.677599419874
TR-042148,2025-09-24,4446.28,4147.233169716751
TR-042149,2025-09-24,1733.22,1671.7926149638486
TR-042150,2025-09-24,13026.22,2786.903308793776
TR-042151,2025-09-24,5884.52,5314.8260265129975
TR-042152,2025-09-24,2109.73,2014.4013991327106
TR-042153,2025-09-24,4373.32,4258.905717685429
TR-042154,2025-09-24,2231.28,2141.965760862589
TR-042155,2025-09-24,4987.73,4805.579498722047
TR-042156,2025-09-24,2100.75,1967.8254090757596
TR-042157,2025-09-24,2762.46,2643.266459095543
TR-042158,2025-09-24,5117.77,4564.238320421154
TR-042159,2025-09-24,1163.04,1077.7044191692507
TR-042160,2025-09-24,5724.44,5641.348561863464
TR-042161,2025-09-24,1018.98,960.3057478166593
TR-042162,2025-09-24,564.94,519.8390887320436
TR-042163,2025-09-24,926.75,881.1564919218999
TR-042164,2025-09-24,2891.9,2749.259223022311
TR-042165,2025-09-24,1573.33,1526.8496406747843
TR-042166,2025-09-24,562.12,548.4772360946499
TR-042167,2025-09-24,1761.53,1650.6560771940199
TR-042168,2025-09-24,3178.09,3095.2634449434418
TR-042169,2025-09-24,4088.81,3953.553171610727
TR-042170,2025-09-24,2056.92,1918.7172631535555
TR-042171,2025-09-24,1475.32,1373.6571610759074
TR-042172,2025-09-24,2307.45,2246.0232566968016
TR-042173,2025-09-24,944.09,878.2937192696991
TR-042174,2025-09-24,2244.31,2104.679776196241
TR-042175,2025-09-24,1812.97,1712.2109745806783
TR-042176,2025-09-24,1017.35,1019.2972791379725
TR-042177,2025-09-24,1223.55,1221.807343191152
TR-042178,2025-09-24,757.04,725.6276930450958
TR-042179,2025-09-24,2187.59,2024.0652100831023
TR-042180,2025-09-24,4031.66,3997.7573203949087
TR-042181,2025-09-24,892.63,881.6201127805352
TR-042182,2025-09-24,1257.54,1197.0360243917578
TR-042183,2025-09-24,1578.48,1504.5834759681259
TR-042184,2025-09-24,2122.13,1985.4447176869844
TR-042185,2025-09-24,4599.91,4521.953603636957
TR-042186,2025-09-24,5692.34,5562.912374779497
TR-042187,2025-09-24,2230.17,2223.9118928168336
TR-042188,2025-09-24,2184.86,2114.355709397516
TR-042189,2025-09-24,2740.72,2652.450112466255
TR-042190,2025-09-24,1888.07,1822.2990320759322
TR-042191,2025-09-24,2647.68,2568.533929949109
TR-042192,2025-09-24,594.17,579.145899582951
TR-042193,2025-09-24,2258.15,2270.9537469865127
TR-042194,2025-09-24,4305.47,3996.5276378460217
TR-042195,2025-09-24,4852.12,4871.033935503743
TR-042196,2025-09-24,243.49,257.6771598353546
TR-042197,2025-09-24,1892.2,1801.0355160129134
TR-042198,2025-09-24,2316.44,2298.1894263192416
TR-042199,2025-09-24,1155.97,1133.641727663741
TR-042200,2025-09-24,4488.03,4288.814768522207
TR-042201,2025-09-24,1357.36,1255.2459145501775
TR-042202,2025-09-24,1715.81,1662.7108045714522
TR-042203,2025-09-24,4171.88,4014.6682279798206
TR-042204,2025-09-24,6023.57,5564.057374371052
TR-042205,2025-09-24,1682.87,1676.381162637501
TR-042206,2025-09-24,1167.82,1111.24859694022
TR-042207,2025-09-24,5177.62,5149.71338370834
TR-042208,2025-09-24,805.16,779.6395945845056
TR-042209,2025-09-24,447.62,431.0216264115286
TR-042210,2025-09-24,348.52,348.6246809898371
TR-042211,2025-09-24,3341.3,3179.4576339940168
TR-042212,2025-09-24,2766.75,2617.2852097376995
TR-042213,2025-09-24,3547.14,3482.5100232364616
TR-042214,2025-09-24,1407.31,1347.6486588719026
TR-042215,2025-09-24,4228.77,4103.597209413667
TR-042216,2025-09-24,1296.7,1243.465299336864
TR-042217,2025-09-24,6474.77,5973.344293826482
TR-042218,2025-09-24,5551.14,5066.224768581265
TR-042219,2025-09-24,1029.93,1000.3352270135592
TR-042220,2025-09-24,3775.4,3602.2494896994085
TR-042221,2025-09-24,2032.78,1957.3514141914325
TR-042222,2025-09-24,1777.36,1737.3926126722426
TR-042223,2025-09-24,1369.6,1259.4918259539795
TR-042224,2025-09-24,933.03,907.5106059601767
TR-042225,2025-09-24,5431.34,5360.801916343245
TR-042226,2025-09-24,1325.03,1325.9785800049544
TR-042227,2025-09-24,3705.15,3495.4011425587796
TR-042228,2025-09-24,2122.83,1998.9857085194824
TR-042229,2025-09-24,787.05,765.5275492316871
TR-042230,2025-09-24,691.92,610.4597532343546
TR-042231,2025-09-24,570.79,566.7640478862311
TR-042232,2025-09-24,3844.53,3851.021503977946
TR-042233,2025-09-24,1335.3,1319.4878703597265
TR-042234,2025-09-24,6033.69,5692.7819241374345
TR-042235,2025-09-24,4417.55,4104.4669822958385
TR-042236,2025-09-24,671.84,661.9280098032452
TR-042237,2025-09-24,3973.01,3814.2131995756217
TR-042238,2025-09-24,1366.55,1351.0207415983837
TR-042239,2025-09-24,1106.98,1074.239811493178
TR-042240,2025-09-24,3923.25,3663.056355156622
TR-042241,2025-09-24,4649.34,4275.855242443435
TR-042242,2025-09-24,4853.02,4592.038652898568
TR-042243,2025-09-24,1615.3,1563.0553370818411
TR-042244,2025-09-24,366.07,358.0029222237413
TR-042245,2025-09-24,858.82,844.1697947343839
TR-042246,2025-09-24,3101.69,3067.2085902278104
TR-042247,2025-09-24,1206.63,1211.3475111329712
TR-042248,2025-09-24,2329.37,2268.445650799842
TR-042249,2025-09-24,2427.31,2335.5947032750882
TR-042250,2025-09-24,515.93,515.6260017288646
TR-042251,2025-09-24,4981.33,4799.1985759137115
TR-042252,2025-09-24,2447.3,2394.3513033314916
TR-042253,2025-09-24,4771.94,4503.486157220226
TR-042254,2025-09-24,2881.01,2815.136109043451
TR-042255,2025-09-24,5092.81,5139.3194691811295
TR-042256,2025-09-24,1789.16,1736.2565654872146
TR-042257,2025-09-24,2331.54,2241.078456629254
TR-042258,2025-09-24,1886.18,1861.3547201763329
TR-042259,2025-09-24,681.3,2038.356892444749
TR-042260,2025-09-25,717.72,667.0752193561691
TR-042261,2025-09-25,1756.86,1649.7341844408747
TR-042262,2025-09-25,2355.19,2361.30828287123
TR-042263,2025-09-25,2682.7,2684.138903931538
TR-042264,2025-09-25,3126.04,2893.1283171190935
TR-042265,2025-09-25,5887.74,5599.631107865066
TR-042266,2025-09-25,4133.57,3705.8979237808
TR-042267,2025-09-25,1756.17,1677.8960530909653
TR-042268,2025-09-25,4584.97,4361.672186174437
TR-042269,2025-09-25,1605.89,1537.1970038609688
TR-042270,2025-09-25,1147.94,1117.6879179558055
TR-042271,2025-09-25,5084.53,4970.35662006494
TR-042272,2025-09-25,5681.94,5159.96895288501
TR-042273,2025-09-25,1482.22,1403.1404875244639
TR-042274,2025-09-25,1396.36,1320.4959843492265
TR-042275,2025-09-25,4739.76,4576.8584008895195
TR-042276,2025-09-25,1909.96,1821.7330863374518
TR-042277,2025-09-25,1794.23,1731.8361079522858
TR-042278,2025-09-25,1233.72,1189.8230127886723
TR-042279,2025-09-25,1495.26,1391.470487768857
TR-042280,2025-09-25,1961.16,1895.5871816878819
TR-042281,2025-09-25,870.43,845.138990449349
TR-042282,2025-09-25,804.31,750.0042906649971
TR-042283,2025-09-25,4348.33,4136.885078051273
TR-042284,2025-09-25,2592.04,2645.489671149952
TR-042285,2025-09-25,2109.59,1961.4848809120258
TR-042286,2025-09-25,1611.88,1547.8442509658046
TR-042287,2025-09-25,2240.76,2074.162641470912
TR-042288,2025-09-25,5578.56,5500.203102680791
TR-042289,2025-09-25,4226.82,3944.540154044753
TR-042290,2025-09-25,1656.6,1522.1513443712365
TR-042291,2025-09-25,826.89,814.9993569768196
TR-042292,2025-09-25,866.09,813.2969262634344
TR-042293,2025-09-25,1042.68,1000.9119125943214
TR-042294,2025-09-25,708.86,705.2757904148486
TR-042295,2025-09-25,857.15,860.4020062979057
TR-042296,2025-09-25,2558.09,2425.620372754646
TR-042297,2025-09-25,2094.08,2092.1104096089025
TR-042298,2025-09-25,1663.96,1635.6512894275822
TR-042299,2025-09-25,3819.58,3766.993018908356
TR-042300,2025-09-25,4914.29,4786.397878477366
TR-042301,2025-09-25,6534.49,6141.395398058546
TR-042302,2025-09-25,349.14,855.7631349113631
TR-042303,2025-09-25,2072.67,2018.1481434130667
TR-042304,2025-09-25,2009.25,1964.508405139331
TR-042305,2025-09-25,2805.6,2604.609192879072
TR-042306,2025-09-25,1888.51,1825.1532495405158
TR-042307,2025-09-25,2359.77,2298.9153399892657
TR-042308,2025-09-25,1027.96,987.2281390456351
TR-042309,2025-09-25,1591.11,1469.4950591234615
TR-042310,2025-09-25,2812.37,2777.217039401861
TR-042311,2025-09-25,3643.04,3382.918406899547
TR-042312,2025-09-25,1603.47,1569.8219569396156
TR-042313,2025-09-25,4294.08,4109.094753519711
TR-042314,2025-09-25,800.37,776.3774003578003
TR-042315,2025-09-25,1799.66,1667.2039180335414
TR-042316,2025-09-25,2828.46,2795.082625687738
TR-042317,2025-09-25,2614.01,2611.2839226024284
TR-042318,2025-09-25,2351.77,2129.3649381294895
TR-042319,2025-09-25,4229.68,4215.413481005441
TR-042320,2025-09-25,1135.51,1116.701900642361
TR-042321,2025-09-25,1636.35,1598.1450767508122
TR-042322,2025-09-25,4626.49,4381.086225583599
TR-042323,2025-09-25,2890.62,2791.8562797169334
TR-042324,2025-09-25,816.62,786.0001065326264
TR-042325,2025-09-25,1719.66,1656.5924467873724
TR-042326,2025-09-25,2209.21,2113.840796131918
TR-042327,2025-09-25,5345.03,5082.163723861043
TR-042328,2025-09-25,2616.64,2535.8923405308533
TR-042329,2025-09-25,940.28,891.2818529466851
TR-042330,2025-09-25,1116.95,1042.6288016200133
TR-042331,2025-09-25,1760.83,1692.1426263321705
TR-042332,2025-09-25,2281.31,2247.671925285792
TR-042333,2025-09-25,1963.71,1811.359777176421
TR-042334,2025-09-25,2622.01,2536.6766748437703
TR-042335,2025-09-25,5614.38,5397.851556655174
TR-042336,2025-09-25,3330.13,3088.2157438481486
TR-042337,2025-09-25,1498.05,1446.6305612611818
TR-042338,2025-09-25,2239.53,2166.918264827469
TR-042339,2025-09-25,1851.15,1816.1991461262655
TR-042340,2025-09-25,1534.73,1464.096052317912
TR-042341,2025-09-25,1083.05,1057.3517766448465
TR-042342,2025-09-25,1361.77,1265.5462027610179
TR-042343,2025-09-25,2143.1,2087.876156861924
TR-042344,2025-09-25,3123.92,3140.0840895040924
TR-042345,2025-09-25,2814.56,2712.7073608157443
TR-042346,2025-09-25,1623.43,1542.4459954551742
TR-042347,2025-09-25,1738.95,1622.7270553414983
TR-042348,2025-09-25,3114.73,3082.6107813863528
TR-042349,2025-09-25,828.58,747.0825698312378
TR-042350,2025-09-25,2160.03,2044.2889831529806
TR-042351,2025-09-25,714.4,654.964123929775
TR-042352,2025-09-25,2033.38,2016.734244962035
TR-042353,2025-09-25,1867.63,1848.223877728586
TR-042354,2025-09-25,3286.31,946.0887329384957
TR-042355,2025-09-25,2228.56,2188.381500534179
TR-042356,2025-09-25,1708.13,1668.4582572317313
TR-042357,2025-09-25,1571.24,1538.822698452951
TR-042358,2025-09-25,602.47,582.1159841247811
TR-042359,2025-09-25,2259.41,2159.6781346804883
TR-042360,2025-09-25,577.07,529.3379576612542
TR-042361,2025-09-25,1473.79,1356.6363191981668
TR-042362,2025-09-25,1588.38,1556.3331990503348
TR-042363,2025-09-25,398.95,374.45848099324735
TR-042364,2025-09-25,3622.14,3710.595789880153
TR-042365,2025-09-25,1207.78,1171.9240102682097
TR-042366,2025-09-25,2122.98,2105.1667623800413
TR-042367,2025-09-25,3215.91,3138.683014603452
TR-042368,2025-09-25,5313.02,4899.857723591584
TR-042369,2025-09-25,2213.6,2151.5035624850884
TR-042370,2025-09-25,1507.78,1453.1609292134813
TR-042371,2025-09-25,771.72,749.1093338135943
TR-042372,2025-09-25,1328.96,1282.3704792267113
TR-042373,2025-09-25,2118.79,2042.18271692123
TR-042374,2025-09-25,4227.79,4190.864931498174
TR-042375,2025-09-25,5325.72,5236.178345902043
TR-042376,2025-09-25,1249.91,1213.5136297285444
TR-042377,2025-09-25,1512.7,1415.6235722085405
TR-042378,2025-09-25,1609.45,1492.4681917286712
TR-042379,2025-09-25,1933.19,1769.5243976030456
TR-042380,2025-09-25,5617.44,5529.41254500713
TR-042381,2025-09-25,3234.83,3150.1208584274573
TR-042382,2025-09-25,3748.42,3581.000189614035
TR-042383,2025-09-25,3423.2,3251.908971697936
TR-042384,2025-09-25,1331.03,1320.0522920387866
TR-042385,2025-09-25,1059.91,975.0065758430426
TR-042386,2025-09-25,1504.79,1484.8276259296185
TR-042387,2025-09-25,2393.85,2352.6477079091405
TR-042388,2025-09-25,655.29,637.8359143966779
TR-042389,2025-09-25,4798.24,4328.472170264147
TR-042390,2025-09-25,2274.23,2174.490782647717
TR-042391,2025-09-25,1041.96,1010.4113939505507
TR-042392,2025-09-25,5701.19,5414.113534687935
TR-042393,2025-09-25,4495.91,4150.885190559549
TR-042394,2025-09-25,1422.6,1258.49668252291
TR-042395,2025-09-25,1011.95,930.8718800476142
TR-042396,2025-09-25,1390.26,1364.0268906562515
TR-042397,2025-09-25,2470.44,2344.512403099856
TR-042398,2025-09-25,1453.23,1349.321780675276
TR-042399,2025-09-25,1097.99,1057.7893989510944
TR-042400,2025-09-25,1316.62,1324.912083409194
TR-042401,2025-09-25,3020.08,2926.516321613614
TR-042402,2025-09-25,2731.0,2580.5682130233613
TR-042403,2025-09-25,752.07,731.0630634508163
TR-042404,2025-09-25,265.12,282.48735465718755
TR-042405,2025-09-25,696.53,658.5131403243947
TR-042406,2025-09-25,1937.24,1787.0005383992966
TR-042407,2025-09-25,5952.63,5679.261557202155
TR-042408,2025-09-25,4370.79,4029.6881034671715
TR-042409,2025-09-25,4989.37,4808.859501346889
TR-042410,2025-09-25,2618.46,2416.8752479744458
TR-042411,2025-09-25,3714.77,3601.1472608467598
TR-042412,2025-09-25,1882.15,1870.4626570637697
TR-042413,2025-09-25,1660.95,1604.1302552205998
TR-042414,2025-09-26,3924.21,3827.20925511883
TR-042415,2025-09-26,1313.9,1292.0619532751984
TR-042416,2025-09-26,1851.14,1787.854285744515
TR-042417,2025-09-26,2224.97,2125.7815676711475
TR-042418,2025-09-26,2788.7,2661.0133818379445
TR-042419,2025-09-26,2953.83,2870.8909860174563
TR-042420,2025-09-26,2436.98,2339.895590394126
TR-042421,2025-09-26,710.92,672.7833344513779
TR-042422,2025-09-26,3595.49,3571.189281404986
TR-042423,2025-09-26,438.63,425.2659077568135
TR-042424,2025-09-26,893.91,839.814323977452
TR-042425,2025-09-26,1258.11,1167.6443881189402
TR-042426,2025-09-26,2316.54,2157.533074466068
TR-042427,2025-09-26,917.99,842.207994227118
TR-042428,2025-09-26,1235.8,1191.1031912110384
TR-042429,2025-09-26,5847.69,5383.323274869154
TR-042430,2025-09-26,827.54,778.1700357849322
TR-042431,2025-09-26,1730.12,1729.1188467007366
TR-042432,2025-09-26,2799.82,2807.2461205339227
TR-042433,2025-09-26,2000.12,1880.3927009996341
TR-042434,2025-09-26,1506.38,1479.109818651344
TR-042435,2025-09-26,3221.62,3137.466384109045
TR-042436,2025-09-26,1913.19,1859.0709618012786
TR-042437,2025-09-26,764.33,721.8433297964395
TR-042438,2025-09-26,7197.15,2788.154089943903
TR-042439,2025-09-26,331.48,318.52299389511995
TR-042440,2025-09-26,4225.65,3806.0932358704904
TR-042441,2025-09-26,3139.51,3035.573257071269
TR-042442,2025-09-26,4386.98,4246.086301579857
TR-042443,2025-09-26,1267.35,1272.7764610772024
TR-042444,2025-09-26,803.21,713.9336187400772
TR-042445,2025-09-26,2102.08,1954.7671345459894
TR-042446,2025-09-26,4777.51,4586.228220508976
TR-042447,2025-09-26,837.27,783.9821649153278
TR-042448,2025-09-26,772.63,736.0723202973265
TR-042449,2025-09-26,4595.52,4454.721477559009
TR-042450,2025-09-26,3035.82,2848.5386419362694
TR-042451,2025-09-26,1621.3,1521.3202009712484
TR-042452,2025-09-26,1129.55,1096.6840742217564
TR-042453,2025-09-26,5949.01,1599.8666521659693
TR-042454,2025-09-26,1498.77,1392.4910225598087
TR-042455,2025-09-26,3769.39,3654.2126188003826
TR-042456,2025-09-26,2016.06,1913.0943748119412
TR-042457,2025-09-26,1452.6,1372.642104575306
TR-042458,2025-09-26,3944.75,3695.438813174247
TR-042459,2025-09-26,476.98,1308.0324582277074
TR-042460,2025-09-26,1954.77,1843.1028182588457
TR-042461,2025-09-26,2346.68,2163.0282020228965
TR-042462,2025-09-26,5213.61,4757.894817400036
TR-042463,2025-09-26,4288.85,4148.423933497095
TR-042464,2025-09-26,1171.1,1133.8218417249564
TR-042465,2025-09-26,4309.85,4173.430798553007
TR-042466,2025-09-26,1991.22,1961.2545902798622
TR-042467,2025-09-26,2363.42,2313.539810335907
TR-042468,2025-09-26,3795.38,3529.3764290653244
TR-042469,2025-09-26,2366.45,2323.823903845166
TR-042470,2025-09-26,486.54,495.2985395191172
TR-042471,2025-09-26,3358.71,3243.1565115183294
TR-042472,2025-09-26,1934.7,1856.7709072701048
TR-042473,2025-09-26,3463.26,3442.2110090219167
TR-042474,2025-09-26,1226.42,1217.259913603701
TR-042475,2025-09-26,4536.04,4294.100188741797
TR-042476,2025-09-26,867.93,809.641917891423
TR-042477,2025-09-26,717.39,711.5468566686795
TR-042478,2025-09-26,1486.08,1401.1970767201367
TR-042479,2025-09-26,1078.07,1030.3994348425913
TR-042480,2025-09-26,855.88,823.851404581914
TR-042481,2025-09-26,1126.38,1106.6903127533478
TR-042482,2025-09-26,2335.12,2237.4806973862173
TR-042483,2025-09-26,4188.51,4072.795377684114
TR-042484,2025-09-26,1036.67,1016.0514835735617
TR-042485,2025-09-26,1403.1,1381.6486685664493
TR-042486,2025-09-26,6403.51,5893.311617054238
TR-042487,2025-09-26,3634.68,3386.24341340892
TR-042488,2025-09-26,4184.34,3879.147452045121
TR-042489,2025-09-26,2363.97,2185.672444834728
TR-042490,2025-09-26,1438.09,1288.8089715161386
TR-042491,2025-09-26,3636.61,3472.234834398784
TR-042492,2025-09-26,1632.67,1530.3627601907117
TR-042493,2025-09-26,1583.25,1563.6167248816573
TR-042494,2025-09-26,4072.03,3843.0584723870206
TR-042495,2025-09-26,1455.84,1384.0726560606022
TR-042496,2025-09-26,2488.14,2454.548087649036
TR-042497,2025-09-26,2108.81,2036.9653004926215
TR-042498,2025-09-26,1117.43,1026.5307080165314
TR-042499,2025-09-26,1343.06,1322.8777370063142
TR-042500,2025-09-26,2082.19,2039.8163018660537
TR-042501,2025-09-26,4204.51,4054.943485100317
TR-042502,2025-09-26,3876.29,3627.329777697479
TR-042503,2025-09-26,2423.56,2260.0442536705714
TR-042504,2025-09-26,1323.85,1277.423045496163
TR-042505,2025-09-26,2343.57,2193.874791953027
TR-042506,2025-09-26,3422.31,3242.972330722572
TR-042507,2025-09-26,4348.13,4206.8179104851815
TR-042508,2025-09-26,5711.86,5527.822744180089
TR-042509,2025-09-26,2446.06,2443.4603731393954
TR-042510,2025-09-26,4401.36,4156.128398169987
TR-042511,2025-09-26,1276.3,1223.5513859384741
TR-042512,2025-09-26,5677.85,5161.084768890999
TR-042513,2025-09-26,373.96,349.73643658098376
TR-042514,2025-09-26,1005.85,3022.0249253758084
TR-042515,2025-09-26,1504.47,1407.8679311174442
TR-042516,2025-09-26,3972.93,3736.416659789049
TR-042517,2025-09-26,4452.33,4333.536693165603
TR-042518,2025-09-26,3515.61,3432.788757390074
TR-042519,2025-09-26,3844.97,3656.520450197989
TR-042520,2025-09-26,2842.44,2687.233147212236
TR-042521,2025-09-26,2536.06,2488.3436747888
TR-042522,2025-09-26,2157.59,2019.4352849345016
TR-042523,2025-09-26,3229.8,3064.944180666952
TR-042524,2025-09-26,3380.7,3346.7621965121007
TR-042525,2025-09-26,1945.45,1880.4396511606994
TR-042526,2025-09-26,700.79,675.4065412479292
TR-042527,2025-09-26,602.06,570.7877876039731
TR-042528,2025-09-26,3003.63,2972.415852233357
TR-042529,2025-09-26,1638.01,1503.3077861712422
TR-042530,2025-09-26,3511.37,3255.208652950797
TR-042531,2025-09-26,1592.95,1566.1715111514388
TR-042532,2025-09-26,3013.31,2891.3738955841327
TR-042533,2025-09-26,504.51,504.26747785394946
TR-042534,2025-09-26,5547.79,5329.72284724412
TR-042535,2025-09-26,4132.72,4113.736186006192
TR-042536,2025-09-26,1922.36,1855.1667497230476
TR-042537,2025-09-26,679.25,636.108525332432
TR-042538,2025-09-26,708.81,705.1700174208906
TR-042539,2025-09-26,1546.85,1495.0927674575778
TR-042540,2025-09-26,1804.41,1743.6274549121056
TR-042541,2025-09-26,2248.78,2084.059480430681
TR-042542,2025-09-26,1472.19,1453.400855230985
TR-042543,2025-09-26,3356.17,3123.328888018492
TR-042544,2025-09-26,1298.09,1226.144270043685
TR-042545,2025-09-26,624.76,587.4066147639244
TR-042546,2025-09-26,1757.41,1642.3450131353507
TR-042547,2025-09-26,4356.9,4140.845300278251
TR-042548,2025-09-26,726.29,713.0211480337305
TR-042549,2025-09-26,2116.49,2077.6138244709296
TR-042550,2025-09-26,2038.12,1910.6799876472344
TR-042551,2025-09-26,3755.51,3598.9148701475983
TR-042552,2025-09-27,3268.21,3111.094518127531
TR-042553,2025-09-27,4170.77,3991.8045064537127
TR-042554,2025-09-27,2525.86,2534.3334209916015
TR-042555,2025-09-27,2319.48,2300.129252164364
TR-042556,2025-09-27,3623.63,3508.3336635932246
TR-042557,2025-09-27,671.62,634.2885344839242
TR-042558,2025-09-27,875.9,846.8453071262604
TR-042559,2025-09-27,2703.93,2557.0023854772994
TR-042560,2025-09-27,1660.86,1572.4046806342217
TR-042561,2025-09-27,2947.68,2806.1395773336053
TR-042562,2025-09-27,3944.36,3793.841258243481
TR-042563,2025-09-27,2402.78,2340.281131145948
TR-042564,2025-09-27,4038.01,3948.1144982084015
TR-042565,2025-09-27,3409.5,3273.452901866485
TR-042566,2025-09-27,1308.52,1243.5388895805781
TR-042567,2025-09-27,4072.33,3870.8827779685844
TR-042568,2025-09-27,3812.12,3578.8967225638035
TR-042569,2025-09-27,2971.41,2875.712880725465
TR-042570,2025-09-27,1301.34,1286.2585995908914
TR-042571,2025-09-27,2120.19,2070.4618362485426
TR-042572,2025-09-27,584.16,568.2750914866444
TR-042573,2025-09-27,1633.96,1496.2616263210402
TR-042574,2025-09-27,2292.18,2207.5418713444096
TR-042575,2025-09-27,804.32,764.8696785245202
TR-042576,2025-09-27,1583.61,1520.799658591418
TR-042577,2025-09-27,871.46,785.9250112097336
TR-042578,2025-09-27,1076.42,1062.2229139345209
TR-042579,2025-09-27,3190.59,3101.9002975513376
TR-042580,2025-09-27,2002.72,1818.8516737440775
TR-042581,2025-09-27,2114.27,2039.1219397511647
TR-042582,2025-09-27,3385.79,3256.4560285420516
TR-042583,2025-09-27,3171.86,3103.0695172308906
TR-042584,2025-09-27,1119.0,1090.8703494741856
TR-042585,2025-09-27,526.16,485.8297012388218
TR-042586,2025-09-27,2119.88,2061.6146732442944
TR-042587,2025-09-27,1875.07,1785.7770115754263
TR-042588,2025-09-27,2146.22,2109.560223828812
TR-042589,2025-09-27,1692.33,1531.2249034672984
TR-042590,2025-09-27,1467.23,1340.1497314110438
TR-042591,2025-09-27,965.68,882.7551152309557
TR-042592,2025-09-27,1378.86,1301.4443684772905
TR-042593,2025-09-27,2043.1,2026.8865508425097
TR-042594,2025-09-27,2271.11,2191.1368606573506
TR-042595,2025-09-27,2706.85,2677.2229945075037
TR-042596,2025-09-27,4509.16,4413.301477360523
TR-042597,2025-09-27,1407.84,1352.7671139956183
TR-042598,2025-09-27,1840.77,1773.1465037221483
TR-042599,2025-09-27,2314.18,2323.4370579989954
TR-042600,2025-09-27,5204.12,4905.085950484741
TR-042601,2025-09-27,4380.96,3980.4870835129245
TR-042602,2025-09-27,1331.02,1268.410775073467
TR-042603,2025-09-27,983.64,930.9147575190757
TR-042604,2025-09-27,2703.71,2551.0999277000196
TR-042605,2025-09-27,3878.07,3779.926871570756
TR-042606,2025-09-27,1157.62,1107.8304627773414
TR-042607,2025-09-27,490.81,464.843274215199
TR-042608,2025-09-27,3381.92,3220.4080858525704
TR-042609,2025-09-27,2442.27,2354.9707642553435
TR-042610,2025-09-27,1321.91,1278.6523906112473
TR-042611,2025-09-27,1146.87,1044.5423256112663
TR-042612,2025-09-27,3330.74,3276.9541768875333
TR-042613,2025-09-27,916.16,892.1855381794885
TR-042614,2025-09-27,1361.47,1230.1568591842781
TR-042615,2025-09-27,2496.2,2454.226939172647
TR-042616,2025-09-27,1886.36,1863.7185522811237
TR-042617,2025-09-27,2156.27,2117.7167625862726
TR-042618,2025-09-27,2290.39,2160.9510669360116
TR-042619,2025-09-27,3171.04,2952.2301397973306
TR-042620,2025-09-27,3802.71,3675.7336428461167
TR-042621,2025-09-27,3995.74,3880.1610157551945
TR-042622,2025-09-27,3890.78,3791.9982180014867
TR-042623,2025-09-27,3408.02,3171.4159608273776
TR-042624,2025-09-27,1700.72,1656.1224289693284
TR-042625,2025-09-27,1315.81,1265.270041038039
TR-042626,2025-09-27,1349.68,1303.5582778140524
TR-042627,2025-09-27,3325.68,3083.1838439201983
TR-042628,2025-09-27,891.87,864.2430383777319
TR-042629,2025-09-27,952.82,887.0820931725477
TR-042630,2025-09-27,2583.02,2490.8424225886192
TR-042631,2025-09-27,815.6,740.7723699756352
TR-042632,2025-09-27,976.42,944.1757128633401
TR-042633,2025-09-27,4427.33,4110.497286404696
TR-042634,2025-09-27,3311.83,3205.5487156277836
TR-042635,2025-09-27,5438.66,5358.978352262058
TR-042636,2025-09-27,4489.52,4290.8722785523205
TR-042637,2025-09-27,1233.05,1193.8246243263288
TR-042638,2025-09-27,3859.28,3606.515018063747
TR-042639,2025-09-27,2272.14,2184.9041602031534
TR-042640,2025-09-27,1014.25,972.6919929172029
TR-042641,2025-09-27,2532.76,2332.254606422346
TR-042642,2025-09-27,1677.41,1622.791378549622
TR-042643,2025-09-27,1317.5,1246.0300682920556
TR-042644,2025-09-27,1347.11,1281.288309421556
TR-042645,2025-09-27,2056.61,1958.5640691219098
TR-042646,2025-09-27,13420.59,5594.44600831732
TR-042647,2025-09-27,2701.16,2593.421800799688
TR-042648,2025-09-27,1587.63,1558.910956237556
TR-042649,2025-09-27,1077.11,1038.8127828340175
TR-042650,2025-09-27,1919.24,1821.9428583692163
TR-042651,2025-09-27,1371.1,1332.483416513835
TR-042652,2025-09-27,1433.8,1366.4342382725301
TR-042653,2025-09-27,2087.18,2025.2748771739264
TR-042654,2025-09-27,386.73,360.34692839718605
TR-042655,2025-09-27,6039.73,5647.498093511695
TR-042656,2025-09-27,3466.52,3389.890545833867
TR-042657,2025-09-27,2248.59,2123.6266346469315
TR-042658,2025-09-27,1938.08,1906.1163941135494
TR-042659,2025-09-27,2948.77,2862.843563652408
TR-042660,2025-09-27,1944.78,1846.2808804238027
TR-042661,2025-09-27,1726.89,1583.999519889401
TR-042662,2025-09-27,1529.34,1411.330661337339
TR-042663,2025-09-27,2304.14,2203.7929498904846
TR-042664,2025-09-27,4190.5,4098.729229165618
TR-042665,2025-09-27,1840.83,1766.0869992724129
TR-042666,2025-09-27,2186.6,2094.805122983677
TR-042667,2025-09-27,3436.63,3361.534467153616
TR-042668,2025-09-27,4662.25,4384.513441029783
TR-042669,2025-09-27,634.61,608.3966306835603
TR-042670,2025-09-27,2438.48,2398.223329800574
TR-042671,2025-09-27,784.6,778.2915791948706
TR-042672,2025-09-27,2296.04,2160.2801088321357
TR-042673,2025-09-27,5454.91,5137.94620043243
TR-042674,2025-09-27,3974.29,3710.438410890214
TR-042675,2025-09-27,1001.0,911.3120371183877
TR-042676,2025-09-27,3900.3,3613.7208680546432
TR-042677,2025-09-27,2212.19,2102.3064885941208
TR-042678,2025-09-27,839.84,768.696564486047
TR-042679,2025-09-27,1537.28,1457.6594250509447
TR-042680,2025-09-27,2180.76,2037.5790706035305
TR-042681,2025-09-27,1957.42,1927.6597289352198
TR-042682,2025-09-27,1929.82,1860.4285803804664
TR-042683,2025-09-27,2057.32,1988.0507385526605
TR-042684,2025-09-27,4317.37,4341.876361807041
TR-042685,2025-09-27,476.13,419.16969341546974
TR-042686,2025-09-27,3101.26,2947.203815169103
TR-042687,2025-09-27,4249.3,4157.23243316535
TR-042688,2025-09-27,989.93,915.6824021896366
TR-042689,2025-09-27,3184.6,3123.74626669028
TR-042690,2025-09-27,1345.5,1352.9506504653239
TR-042691,2025-09-27,2627.09,2463.5777152280666
TR-042692,2025-09-27,2577.85,2447.773764591063
TR-042693,2025-09-27,5195.38,4853.351213780285
TR-042694,2025-09-27,5082.25,4831.140770221298
TR-042695,2025-09-27,530.21,534.3611777264373
TR-042696,2025-09-27,747.51,713.8977025700499
TR-042697,2025-09-27,2129.9,1913.2640626309462
TR-042698,2025-09-27,1672.82,1568.2086882673136
TR-042699,2025-09-27,752.71,740.4730378306176
TR-042700,2025-09-27,2119.15,2010.8786837729183
TR-042701,2025-09-27,1412.29,1295.3748372318432
TR-042702,2025-09-27,6112.28,5793.132432901171
TR-042703,2025-09-27,2999.69,2908.8644633814256
TR-042704,2025-09-27,4493.91,4407.228715438183
TR-042705,2025-09-27,1279.9,1254.3760501585277
TR-042706,2025-09-27,4286.1,4187.10681951714
TR-042707,2025-09-27,1138.54,1109.8195383356033
TR-042708,2025-09-28,1093.77,1044.2614041791903
TR-042709,2025-09-28,2008.04,1951.3296660065525
TR-042710,2025-09-28,2928.47,2890.9406304765753
TR-042711,2025-09-28,2285.6,2186.903304963801
TR-042712,2025-09-28,2108.91,1921.658701516082
TR-042713,2025-09-28,773.3,763.6095335934222
TR-042714,2025-09-28,1490.97,1449.246652278696
TR-042715,2025-09-28,1251.3,1230.1205839295544
TR-042716,2025-09-28,1081.43,1053.2297696282567
TR-042717,2025-09-28,662.77,655.5933684950317
TR-042718,2025-09-28,3176.32,3035.388993859801
TR-042719,2025-09-28,713.74,679.448192632686
TR-042720,2025-09-28,1137.0,1047.3018703125736
TR-042721,2025-09-28,2519.53,2447.0929210873464
TR-042722,2025-09-28,5116.14,4667.600404139077
TR-042723,2025-09-28,1451.38,1357.3788028773206
TR-042724,2025-09-28,515.71,523.530249099593
TR-042725,2025-09-28,3964.27,3773.0903657959707
TR-042726,2025-09-28,1046.48,1005.7483918324444
TR-042727,2025-09-28,2576.92,2492.9280154143917
TR-042728,2025-09-28,1416.65,1334.6469557774356
TR-042729,2025-09-28,1137.5,1120.7021159827025
TR-042730,2025-09-28,1714.87,1674.4266352503184
TR-042731,2025-09-28,1320.09,1286.1613903298057
TR-042732,2025-09-28,1953.03,1798.313972671647
TR-042733,2025-09-28,3981.74,3855.1040863803764
TR-042734,2025-09-28,2043.62,1985.756182542605
TR-042735,2025-09-28,1811.32,1746.9359444886006
TR-042736,2025-09-28,12797.54,3493.829678270805
TR-042737,2025-09-28,1152.43,1159.684933583066
TR-042738,2025-09-28,988.29,965.6872556797298
TR-042739,2025-09-28,1604.79,1570.818080386542
TR-042740,2025-09-28,1244.65,1173.6935935700435
TR-042741,2025-09-28,2440.28,2321.299879683133
TR-042742,2025-09-28,2161.46,2122.0519161183906
TR-042743,2025-09-28,1781.92,1757.7748504237666
TR-042744,2025-09-28,1060.01,1036.7925259440372
TR-042745,2025-09-28,1519.45,1396.5724278417824
TR-042746,2025-09-28,3934.89,3695.2857204503034
TR-042747,2025-09-28,1628.9,1573.0597352190732
TR-042748,2025-09-28,1410.12,1355.8228236156983
TR-042749,2025-09-28,2438.58,2179.7791345673827
TR-042750,2025-09-28,1084.53,1056.134187214186
TR-042751,2025-09-28,3188.14,3144.3550283150007
TR-042752,2025-09-28,2010.31,1865.4551918798838
TR-042753,2025-09-28,753.24,745.8214029821818
TR-042754,2025-09-28,4230.2,4013.936020117865
TR-042755,2025-09-28,1639.84,1645.1705120273734
TR-042756,2025-09-28,5406.93,5019.118770349976
TR-042757,2025-09-28,2151.5,2162.8036780235298
TR-042758,2025-09-28,718.39,720.8632526411673
TR-042759,2025-09-28,1873.55,1761.6805291062838
TR-042760,2025-09-28,1296.2,1259.1704371062342
TR-042761,2025-09-28,3288.85,3234.295330028549
TR-042762,2025-09-28,3645.77,3637.8363310042646
TR-042763,2025-09-28,5754.21,5234.321750776675
TR-042764,2025-09-28,930.58,853.5176639698764
TR-042765,2025-09-28,2641.2,2503.250194694624
TR-042766,2025-09-28,2453.74,2418.919311032073
TR-042767,2025-09-28,2306.76,2090.1154969728627
TR-042768,2025-09-28,3441.04,3318.830580063601
TR-042769,2025-09-28,1652.67,1581.7581750690397
TR-042770,2025-09-28,389.7,358.95800160254134
TR-042771,2025-09-28,690.48,640.4085295303685
TR-042772,2025-09-28,2741.16,2633.631027904842
TR-042773,2025-09-28,2075.87,2011.3324283846282
TR-042774,2025-09-28,4097.27,3991.892162179543
TR-042775,2025-09-28,1969.64,1955.8586274666804
TR-042776,2025-09-28,1723.88,1598.9296006589616
TR-042777,2025-09-28,901.55,823.6052715129899
TR-042778,2025-09-28,1309.13,1225.362676590639
TR-042779,2025-09-28,3751.81,3653.2483892864907
TR-042780,2025-09-28,3906.11,3699.4064288871223
TR-042781,2025-09-28,4028.7,3823.626924636374
TR-042782,2025-09-28,2724.61,2706.9320828156856
TR-042783,2025-09-28,4211.03,4039.2725733881416
TR-042784,2025-09-28,1207.36,1089.2607743991196
TR-042785,2025-09-28,1687.68,1580.31996704733
TR-042786,2025-09-28,1834.37,1819.7777604616363
TR-042787,2025-09-28,2811.69,2743.070729506487
TR-042788,2025-09-28,2222.13,2187.3374977555336
TR-042789,2025-09-28,3940.37,3846.811499709339
TR-042790,2025-09-28,1130.78,1084.4904497001216
TR-042791,2025-09-28,2349.87,2363.8655751219685
TR-042792,2025-09-28,1405.8,1312.461074191306
TR-042793,2025-09-28,679.49,682.0105533149888
TR-042794,2025-09-28,2341.7,2213.4355171843545
TR-042795,2025-09-28,1592.02,1573.8401246577278
TR-042796,2025-09-28,1914.47,1890.3971525339473
TR-042797,2025-09-28,1741.04,1606.7535039819693
TR-042798,2025-09-28,2431.83,2328.111042374072
TR-042799,2025-09-28,4092.63,4054.356851200529
TR-042800,2025-09-28,835.1,2126.4600861166045
TR-042801,2025-09-28,2027.96,2006.0652520957576
TR-042802,2025-09-28,572.78,544.684420238261
TR-042803,2025-09-28,774.13,752.1392744941804
TR-042804,2025-09-28,2562.73,2656.5187964190472
TR-042805,2025-09-28,2265.28,2163.46576608105
TR-042806,2025-09-28,659.63,627.2264175708845
TR-042807,2025-09-28,1517.69,1477.480388803994
TR-042808,2025-09-28,3064.0,3031.0327613306026
TR-042809,2025-09-28,1163.05,1106.4749491808384
TR-042810,2025-09-28,3865.31,3669.9478181752493
TR-042811,2025-09-28,1110.79,1048.2452587539856
TR-042812,2025-09-28,1877.01,1819.476997373934
TR-042813,2025-09-28,3175.1,3082.733419775119
TR-042814,2025-09-28,1235.23,1191.1692058238023
TR-042815,2025-09-28,1071.17,1019.5433344261519
TR-042816,2025-09-28,1998.56,1956.8945913449397
TR-042817,2025-09-28,1837.98,1751.5615023924252
TR-042818,2025-09-28,1970.93,1944.855205819903
TR-042819,2025-09-28,3646.22,3505.3788022922813
TR-042820,2025-09-28,4095.03,4097.450320983948
TR-042821,2025-09-28,2946.68,2859.79941811187
TR-042822,2025-09-28,6276.34,5963.4044599906665
TR-042823,2025-09-28,759.15,2047.647549534211
TR-042824,2025-09-28,2019.44,1941.9057969133335
TR-042825,2025-09-28,2636.98,2697.160477475926
TR-042826,2025-09-28,1154.54,1156.6645425299448
TR-042827,2025-09-28,1784.89,1737.3679756519084
TR-042828,2025-09-28,1173.97,1170.5362951063062
TR-042829,2025-09-28,510.64,460.81458957803557
TR-042830,2025-09-28,2643.41,2437.8508641652243
TR-042831,2025-09-28,5745.39,5423.486881400908
TR-042832,2025-09-28,2841.04,2808.0821669161396
TR-042833,2025-09-28,652.12,617.7126928084867
TR-042834,2025-09-28,3089.81,2897.3223530502137
TR-042835,2025-09-28,1412.41,1342.7905773967013
TR-042836,2025-09-28,3167.21,2942.64167209806
TR-042837,2025-09-28,783.73,756.3833940133063
TR-042838,2025-09-28,746.15,724.9213170392877
TR-042839,2025-09-28,3665.41,3663.7731834087726
TR-042840,2025-09-28,1541.54,1474.3238300734256
TR-042841,2025-09-28,2347.52,2264.020688497191
TR-042842,2025-09-28,1348.4,1299.551847479599
TR-042843,2025-09-28,550.8,528.5656671065865
TR-042844,2025-09-28,351.36,346.38238165371354
TR-042845,2025-09-28,3319.67,3224.0974088287776
TR-042846,2025-09-28,2022.01,1889.3604295595412
TR-042847,2025-09-28,2406.52,2302.3614246814927
TR-042848,2025-09-28,1363.38,1267.8833700897342
TR-042849,2025-09-28,2100.8,1983.651976936116
TR-042850,2025-09-28,2936.55,2785.42873046366
TR-042851,2025-09-28,3212.43,3048.5807049300024
TR-042852,2025-09-28,4164.97,4026.1651541657898
TR-042853,2025-09-28,2650.56,2513.776362714384
TR-042854,2025-09-28,4195.51,4102.213705034204
TR-042855,2025-09-28,2127.87,2028.6608305202212
TR-042856,2025-09-29,4238.86,4101.018737765637
TR-042857,2025-09-29,1516.81,1445.5705121601582
TR-042858,2025-09-29,603.85,559.6906535381486
TR-042859,2025-09-29,2420.76,2384.2202247413593
TR-042860,2025-09-29,1581.01,1552.2260161815707
TR-042861,2025-09-29,6620.24,6279.626928842475
TR-042862,2025-09-29,1033.77,912.1645066573053
TR-042863,2025-09-29,3381.26,3215.3177040488818
TR-042864,2025-09-29,1939.71,1870.203427235087
TR-042865,2025-09-29,3538.32,3404.155441310176
TR-042866,2025-09-29,1140.78,1069.4109112101019
TR-042867,2025-09-29,2480.38,2440.8640120469076
TR-042868,2025-09-29,4317.28,4098.2251985173425
TR-042869,2025-09-29,3510.14,3255.8948438723064
TR-042870,2025-09-29,3127.58,3029.963949915569
TR-042871,2025-09-29,2257.84,2142.292639912608
TR-042872,2025-09-29,2049.02,1980.748053764784
TR-042873,2025-09-29,1393.82,1268.9431144625555
TR-042874,2025-09-29,861.86,823.702757303616
TR-042875,2025-09-29,734.67,711.9095334037686
TR-042876,2025-09-29,2575.9,2534.07125120181
TR-042877,2025-09-29,3770.99,3667.572656529638
TR-042878,2025-09-29,3179.94,3003.7536867641065
TR-042879,2025-09-29,1902.01,1823.4453675811799
TR-042880,2025-09-29,731.51,699.3560657352903
TR-042881,2025-09-29,3849.56,3539.961805073784
TR-042882,2025-09-29,13503.63,2859.2585267137515
TR-042883,2025-09-29,1115.22,1103.7386928062974
TR-042884,2025-09-29,1280.61,1216.1751779468677
TR-042885,2025-09-29,2415.33,2337.2754001937756
TR-042886,2025-09-29,4163.43,4073.0079727239363
TR-042887,2025-09-29,995.38,951.4400988091875
TR-042888,2025-09-29,2359.68,2270.716191866949
TR-042889,2025-09-29,5885.2,5722.616654389632
TR-042890,2025-09-29,1187.96,1132.1773953390139
TR-042891,2025-09-29,2211.3,2090.1152187461735
TR-042892,2025-09-29,4272.31,3998.7940230950203
TR-042893,2025-09-29,2699.63,2693.6511336889635
TR-042894,2025-09-29,1041.35,990.6219014261221
TR-042895,2025-09-29,2068.14,1910.5883194896753
TR-042896,2025-09-29,5691.61,5380.467065069755
TR-042897,2025-09-29,1652.47,1556.9088725284512
TR-042898,2025-09-29,1753.06,1672.5397106203695
TR-042899,2025-09-29,2473.32,2369.7375733986896
TR-042900,2025-09-29,1385.48,1255.9189807679713
TR-042901,2025-09-29,297.77,260.8211079662801
TR-042902,2025-09-29,3187.62,3097.3518978618463
TR-042903,2025-09-29,2315.78,2154.8468549948734
TR-042904,2025-09-29,1367.89,1302.7073137030775
TR-042905,2025-09-29,3543.74,3427.968011805773
TR-042906,2025-09-29,958.88,893.1406145602696
TR-042907,2025-09-29,3033.86,2903.282400047915
TR-042908,2025-09-29,1126.7,1073.9259049642988
TR-042909,2025-09-29,1325.46,1297.701430659949
TR-042910,2025-09-29,1682.02,1530.568025118882
TR-042911,2025-09-29,3275.31,3135.72198747504
TR-042912,2025-09-29,3427.48,3396.185250426208
TR-042913,2025-09-29,1536.58,1421.8914169763823
TR-042914,2025-09-29,4242.7,4112.266094526552
TR-042915,2025-09-29,1622.59,1572.2776186371739
TR-042916,2025-09-29,2949.32,2822.0309561543145
TR-042917,2025-09-29,1636.32,1519.8751109585871
TR-042918,2025-09-29,3937.63,3591.3355792298034
TR-042919,2025-09-29,5037.89,4582.740004917251
TR-042920,2025-09-29,543.25,529.5252279502686
TR-042921,2025-09-29,1343.69,1329.2058915274372
TR-042922,2025-09-29,1176.75,1120.810992609277
TR-042923,2025-09-29,3627.2,3240.638780745906
TR-042924,2025-09-29,1202.33,1174.795178336812
TR-042925,2025-09-29,2093.05,2013.589099352435
TR-042926,2025-09-29,2666.6,2471.3196599229186
TR-042927,2025-09-29,4073.7,3971.806042890173
TR-042928,2025-09-29,2989.61,3002.393376769835
TR-042929,2025-09-29,606.85,578.8682431324994
TR-042930,2025-09-29,1928.87,2002.2823800707097
TR-042931,2025-09-29,1101.73,1093.1369098931505
TR-042932,2025-09-29,3690.01,3632.1760769045677
TR-042933,2025-09-29,1058.02,1024.425727060885
TR-042934,2025-09-29,4190.81,4136.201125904703
TR-042935,2025-09-29,914.56,892.5709074831918
TR-042936,2025-09-29,3614.61,3567.777226580558
TR-042937,2025-09-29,1479.07,1342.5238762952079
TR-042938,2025-09-29,2218.14,2031.4749001976518
TR-042939,2025-09-29,2067.31,1996.2191961995304
TR-042940,2025-09-29,2214.66,2098.0231089793438
TR-042941,2025-09-29,1909.99,1886.103345278516
TR-042942,2025-09-29,3109.58,2896.702384627205
TR-042943,2025-09-29,2506.95,2492.749501972903
TR-042944,2025-09-29,2575.84,2381.900009594022
TR-042945,2025-09-29,2697.94,2552.799557569949
TR-042946,2025-09-29,1494.4,1428.7545528432095
TR-042947,2025-09-29,3730.45,3630.9852411000247
TR-042948,2025-09-29,1170.87,1173.2915161474434
TR-042949,2025-09-29,843.31,839.1738575690338
TR-042950,2025-09-29,1801.36,1698.7327092989844
TR-042951,2025-09-29,4116.74,4072.158143228273
TR-042952,2025-09-29,1689.45,1659.8604167089875
TR-042953,2025-09-29,3462.39,3497.714150241726
TR-042954,2025-09-29,1500.36,1418.709627719023
TR-042955,2025-09-29,869.6,780.5174317827843
TR-042956,2025-09-29,3112.89,2985.8870101825846
TR-042957,2025-09-29,2364.94,2367.2059799047365
TR-042958,2025-09-29,5868.16,5621.231493664312
TR-042959,2025-09-29,1469.39,1383.5065370873192
TR-042960,2025-09-29,4026.53,3903.060146240516
TR-042961,2025-09-29,3055.72,2909.6492329328867
TR-042962,2025-09-29,2840.5,2758.519847914545
TR-042963,2025-09-29,752.54,690.0488191091906
TR-042964,2025-09-29,5401.18,5176.3498452277945
TR-042965,2025-09-29,1166.42,1039.3910343383939
TR-042966,2025-09-29,1250.51,1196.1548612667443
TR-042967,2025-09-29,1039.93,997.4928208913939
TR-042968,2025-09-29,1713.41,1653.9596161381978
TR-042969,2025-09-29,2173.05,2111.736360390288
TR-042970,2025-09-29,1785.72,1710.5072950270956
TR-042971,2025-09-29,2310.73,2145.9906852274253
TR-042972,2025-09-29,4332.87,4063.687320780811
TR-042973,2025-09-29,1423.88,1352.9086282443177
TR-042974,2025-09-29,2429.29,2408.9138161459127
TR-042975,2025-09-29,822.8,801.9490064472582
TR-042976,2025-09-29,2417.99,2318.8245491700914
TR-042977,2025-09-29,2067.22,2021.2627514715782
TR-042978,2025-09-29,3397.49,3155.7361677950003
TR-042979,2025-09-29,1047.29,986.8279419949004
TR-042980,2025-09-29,3017.03,2928.42773607062
TR-042981,2025-09-29,1401.54,1387.2426067485965
TR-042982,2025-09-29,4120.13,3855.3544478405724
TR-042983,2025-09-29,1891.3,1851.7872598212628
TR-042984,2025-09-29,845.31,818.3818815709217
TR-042985,2025-09-29,2563.03,2385.3587840949654
TR-042986,2025-09-29,650.29,596.0503292543558
TR-042987,2025-09-29,449.54,409.55987632951155
TR-042988,2025-09-29,1969.6,1844.9626585580754
TR-042989,2025-09-29,3574.92,3256.548313932475
TR-042990,2025-09-29,1247.17,1145.5594241998836
TR-042991,2025-09-29,4217.34,3904.631995713758
TR-042992,2025-09-29,10119.16,3041.289645730456
TR-042993,2025-09-29,1371.52,1352.3595232334828
TR-042994,2025-09-29,4431.8,4154.960005407203
TR-042995,2025-09-29,3565.92,3479.5020957279494
TR-042996,2025-09-29,4815.72,4736.340944007576
TR-042997,2025-09-30,3338.79,3162.6070066421807
TR-042998,2025-09-30,1853.42,1677.7894637778134
TR-042999,2025-09-30,5043.62,4839.366657256969
TR-043000,2025-09-30,4138.2,3828.363907128538
TR-043001,2025-09-30,1170.91,1133.502194804461
TR-043002,2025-09-30,780.1,741.699669734902
TR-043003,2025-09-30,1379.76,1312.8786425047842
TR-043004,2025-09-30,1718.71,1629.4682911492507
TR-043005,2025-09-30,839.98,733.2972440596941
TR-043006,2025-09-30,1129.32,1074.6199628594895
TR-043007,2025-09-30,1991.19,1918.1122532817762
TR-043008,2025-09-30,2189.03,2074.9211228772956
TR-043009,2025-09-30,357.0,356.1512927080387
TR-043010,2025-09-30,4293.84,3962.3206725487353
TR-043011,2025-09-30,2499.88,2472.5295433862657
TR-043012,2025-09-30,1467.25,1427.7868120237003
TR-043013,2025-09-30,1190.36,1120.3118294451695
TR-043014,2025-09-30,3419.14,3394.5139412612516
TR-043015,2025-09-30,2795.58,2705.7038944313585
TR-043016,2025-09-30,690.34,638.9159862138113
TR-043017,2025-09-30,2421.83,2352.8090600864475
TR-043018,2025-09-30,2011.7,1935.538876089254
TR-043019,2025-09-30,1592.4,1475.8587181098665
TR-043020,2025-09-30,1029.31,1005.236192445186
TR-043021,2025-09-30,2838.18,2754.914515383257
TR-043022,2025-09-30,4018.97,3726.2181951499915
TR-043023,2025-09-30,4366.61,4126.658245889154
TR-043024,2025-09-30,4260.11,4026.271982435337
TR-043025,2025-09-30,848.73,811.4017444385763
TR-043026,2025-09-30,331.22,307.03199755373385
TR-043027,2025-09-30,1375.18,1334.7036471289148
TR-043028,2025-09-30,2550.66,2380.615677323591
TR-043029,2025-09-30,651.21,604.8935313214317
TR-043030,2025-09-30,4795.09,4644.290927650387
TR-043031,2025-09-30,2765.85,2558.201287357164
TR-043032,2025-09-30,3055.97,3002.2917064730846
TR-043033,2025-09-30,4048.13,3823.400581532424
TR-043034,2025-09-30,1829.79,1643.9022842212798
TR-043035,2025-09-30,2322.98,2321.3013988312223
TR-043036,2025-09-30,3453.46,3328.4645541637146
TR-043037,2025-09-30,1483.96,1435.5132216641305
TR-043038,2025-09-30,944.64,879.7087387485151
TR-043039,2025-09-30,1440.38,1393.9613649562616
TR-043040,2025-09-30,1009.23,1042.126038648163
TR-043041,2025-09-30,1224.2,1168.9755078833605
TR-043042,2025-09-30,4764.98,4510.191216827679
TR-043043,2025-09-30,2823.19,2621.7656944013625
TR-043044,2025-09-30,1570.24,1505.1031115536437
TR-043045,2025-09-30,4027.94,3940.7236360713414
TR-043046,2025-09-30,2381.69,2232.7857785235938
TR-043047,2025-09-30,4038.74,3728.832126597507
TR-043048,2025-09-30,2149.82,2109.170605400193
TR-043049,2025-09-30,2519.02,2412.3531917954465
TR-043050,2025-09-30,5093.93,5038.32145136856
TR-043051,2025-09-30,870.54,846.7579913367599
TR-043052,2025-09-30,3335.73,3161.640934557803
TR-043053,2025-09-30,2108.84,2069.5862267012453
TR-043054,2025-09-30,1416.74,1344.9048384384073
TR-043055,2025-09-30,5046.46,4674.925769378398
TR-043056,2025-09-30,1623.96,1578.8476365070746
TR-043057,2025-09-30,4884.93,4648.103268265877
TR-043058,2025-09-30,1718.35,1651.4928476875739
TR-043059,2025-09-30,1371.66,1301.0652571978565
TR-043060,2025-09-30,5343.79,5186.567893049186
TR-043061,2025-09-30,1340.72,1283.20682110393
TR-043062,2025-09-30,3511.31,3358.5454365237365
TR-043063,2025-09-30,2113.68,2016.9823288318353
TR-043064,2025-09-30,4609.2,4323.2709177753795
TR-043065,2025-09-30,1109.63,1027.6322970441408
TR-043066,2025-09-30,2905.43,2840.655189115106
TR-043067,2025-09-30,1412.3,1344.025181497349
TR-043068,2025-09-30,2642.23,2492.670411388606
TR-043069,2025-09-30,2610.3,777.3444638136348
TR-043070,2025-09-30,4026.49,4001.8382664321407
TR-043071,2025-09-30,3531.35,3444.644441835765
TR-043072,2025-09-30,716.88,651.0141879610167
TR-043073,2025-09-30,1736.2,1710.2022697587354
TR-043074,2025-09-30,1480.19,1429.8292470380047
TR-043075,2025-09-30,1913.03,1832.5514098253145
TR-043076,2025-09-30,2600.14,2536.653384070377
TR-043077,2025-09-30,2522.62,959.2364778306753
TR-043078,2025-09-30,876.64,870.0427425011574
TR-043079,2025-09-30,434.29,393.8276974101525
TR-043080,2025-09-30,801.38,763.4216407476179
TR-043081,2025-09-30,989.5,951.2351732779282
TR-043082,2025-09-30,896.69,817.502334435288
TR-043083,2025-09-30,2726.84,2702.5331923860895
TR-043084,2025-09-30,1484.02,1414.7738645101942
TR-043085,2025-09-30,940.89,916.2491460583767
TR-043086,2025-09-30,532.29,501.0314420628963
TR-043087,2025-09-30,1185.03,1141.9513752595026
TR-043088,2025-09-30,3365.72,3259.745470625156
TR-043089,2025-09-30,365.66,320.59997788732926
TR-043090,2025-09-30,1200.94,1090.5916970765757
TR-043091,2025-09-30,1352.62,1270.583173533401
TR-043092,2025-09-30,2889.42,2811.777050297032
TR-043093,2025-09-30,1771.8,1758.7072966453281
TR-043094,2025-09-30,1946.45,1815.9654449725037
TR-043095,2025-09-30,3300.91,3090.832586094423
TR-043096,2025-09-30,715.18,699.8732794001933
TR-043097,2025-09-30,4299.66,4262.050705181974
TR-043098,2025-09-30,1811.26,1696.6046385164632
TR-043099,2025-09-30,4205.63,4113.96341488629
TR-043100,2025-09-30,838.67,808.4481939393315
TR-043101,2025-09-30,6610.21,5975.180698933065
TR-043102,2025-09-30,7443.31,1896.0240137691442
TR-043103,2025-09-30,1500.18,1427.0666398240774
TR-043104,2025-09-30,4526.15,4406.174862757854
TR-043105,2025-09-30,5382.19,5057.126821263394
TR-043106,2025-09-30,3542.5,3371.264670863161
TR-043107,2025-09-30,4713.14,4327.493984318156
TR-043108,2025-09-30,2050.87,1892.9212877855894
TR-043109,2025-09-30,4361.64,4241.552282677893
TR-043110,2025-09-30,2023.59,1924.847961295251
TR-043111,2025-09-30,2275.62,2149.6324394967423
TR-043112,2025-09-30,2250.21,2247.177949201401
TR-043113,2025-09-30,3981.2,3665.178071418002
TR-043114,2025-09-30,2489.82,2446.1934652824316
TR-043115,2025-09-30,1856.04,1742.302336397697
TR-043116,2025-09-30,3878.4,3763.055313147825
TR-043117,2025-09-30,1371.12,1206.1657897551543
TR-043118,2025-09-30,1818.34,1663.0247075143661
TR-043119,2025-09-30,968.44,911.1855703403492
TR-043120,2025-09-30,3308.06,3138.625665630255
TR-043121,2025-09-30,1454.09,1408.4914642981848
TR-043122,2025-09-30,4726.9,4184.849835867779
TR-043123,2025-09-30,749.67,716.9542897081162
TR-043124,2025-09-30,2009.55,1965.448567045499
TR-043125,2025-09-30,3784.87,3606.951699550893
TR-043126,2025-09-30,4713.82,4351.693983140009
TR-043127,2025-09-30,1095.54,1058.4956919546066
TR-043128,2025-09-30,2423.41,2384.440532927839
TR-043129,2025-09-30,6031.83,5557.9132284753805
TR-043130,2025-09-30,4633.29,4316.9153283349915
TR-043131,2025-09-30,4000.2,1248.656483552178
TR-043132,2025-09-30,2040.44,1847.6317785072663
TR-043133,2025-09-30,4265.6,4123.62230288524
TR-043134,2025-09-30,1280.48,1283.2208825521318
TR-043135,2025-09-30,2711.58,2512.175154961867
TR-043136,2025-09-30,1997.28,1901.5111255521845
TR-043137,2025-09-30,1351.46,1257.3149048577625
TR-043138,2025-09-30,5812.69,5478.048591270144
TR-043139,2025-09-30,2108.23,1958.1158672653305
TR-043140,2025-09-30,3252.91,3250.5743692206784
TR-043141,2025-09-30,5237.53,4930.934439363533
TR-043142,2025-09-30,4514.51,4265.920138881637
TR-043143,2025-09-30,1980.3,1949.108285903971
TR-043144,2025-09-30,1931.07,1839.6102668094213
TR-043145,2025-09-30,3707.12,3486.8194085783043
TR-043146,2025-09-30,1650.2,1589.074879127034
TR-043147,2025-09-30,1938.61,1831.437473560869
