load_id,date,posted_rate,predicted_rate
TR-028807,2025-07-01,626.6,630.5005904884515
TR-028808,2025-07-01,935.85,998.531713489331
TR-028809,2025-07-01,2098.29,2099.3220048284084
TR-028810,2025-07-01,3062.96,2975.8216457746557
TR-028811,2025-07-01,1221.59,1223.3393263046603
TR-028812,2025-07-01,1114.49,1107.6874079058907
TR-028813,2025-07-01,1829.62,1829.4958380557039
TR-028814,2025-07-01,10620.88,3032.241384982882
TR-028815,2025-07-01,562.33,551.8565175350798
TR-028816,2025-07-01,4406.98,4430.42446169128
TR-028817,2025-07-01,1322.56,1291.9418034502469
TR-028818,2025-07-01,2634.99,2862.7796692390807
TR-028819,2025-07-01,3208.35,3217.4669611085897
TR-028820,2025-07-01,3627.33,3763.1040867504403
TR-028821,2025-07-01,2793.15,2880.9352092207546
TR-028822,2025-07-01,2992.18,2918.0248245090647
TR-028823,2025-07-01,2944.35,2987.1684657433216
TR-028824,2025-07-01,3450.56,3667.2138352230086
TR-028825,2025-07-01,14317.13,3336.1596251112305
TR-028826,2025-07-01,1821.29,1843.7221831506006
TR-028827,2025-07-01,1453.06,1510.482156904888
TR-028828,2025-07-01,327.04,382.989642792875
TR-028829,2025-07-01,653.64,659.2345653395082
TR-028830,2025-07-01,417.85,469.3036166728232
TR-028831,2025-07-01,1778.94,1772.366694220155
TR-028832,2025-07-01,2884.66,2671.7979191539157
TR-028833,2025-07-01,1271.87,1254.13751524916
TR-028834,2025-07-01,839.16,832.8909850124046
TR-028835,2025-07-01,2860.06,3109.11725728533
TR-028836,2025-07-01,698.22,663.3100766723587
TR-028837,2025-07-01,645.97,615.3487341889268
TR-028838,2025-07-01,3502.07,3368.365428356705
TR-028839,2025-07-01,4025.77,3814.472786014985
TR-028840,2025-07-01,1241.43,1263.0741056512134
TR-028841,2025-07-01,2856.47,2755.285074103659
TR-028842,2025-07-01,4300.61,4335.2487037671635
TR-028843,2025-07-01,2343.99,2185.7588885343325
TR-028844,2025-07-01,739.24,791.5699733055394
TR-028845,2025-07-01,2176.41,2015.562003937915
TR-028846,2025-07-01,3866.42,3705.351874073329
TR-028847,2025-07-01,1907.65,1891.3338547621554
TR-028848,2025-07-01,3986.07,4026.6664345194454
TR-028849,2025-07-01,235.59,293.93270785661093
TR-028850,2025-07-01,1850.29,1845.947596327195
TR-028851,2025-07-01,982.61,1000.1368949574936
TR-028852,2025-07-01,1984.8,1925.0430948945188
TR-028853,2025-07-01,2617.48,2577.496900051753
TR-028854,2025-07-01,815.85,795.8359220851376
TR-028855,2025-07-01,5303.95,5005.046811356986
TR-028856,2025-07-01,3194.99,3068.3446369794465
TR-028857,2025-07-01,914.78,896.1205263212196
TR-028858,2025-07-01,2708.27,2689.7450520711
TR-028859,2025-07-01,2200.21,2115.1695242717224
TR-028860,2025-07-01,1321.67,1311.3071573442116
TR-028861,2025-07-01,5777.13,5813.772194975641
TR-028862,2025-07-01,1224.18,1271.9116414612265
TR-028863,2025-07-01,516.87,513.2980587400934
TR-028864,2025-07-01,1548.83,1638.1799314568952
TR-028865,2025-07-01,1278.95,1288.4936264384573
TR-028866,2025-07-01,1461.33,1470.384281756782
TR-028867,2025-07-01,273.18,376.70569945188686
TR-028868,2025-07-01,4093.76,4016.032891351887
TR-028869,2025-07-01,4423.87,4320.436816447149
TR-028870,2025-07-01,1377.43,1363.619677759566
TR-028871,2025-07-01,1101.06,1128.2434395580726
TR-028872,2025-07-01,3504.89,3542.5758832762576
TR-028873,2025-07-01,1840.51,1797.490696030253
TR-028874,2025-07-01,1216.63,1183.4984854267884
TR-028875,2025-07-01,703.33,666.2033314587923
TR-028876,2025-07-01,356.22,428.02768186567005
TR-028877,2025-07-01,2139.58,2061.800179283615
TR-028878,2025-07-01,1328.65,1349.7317688408198
TR-028879,2025-07-01,2571.68,2349.973666069351
TR-028880,2025-07-01,2147.82,2044.328662128404
TR-028881,2025-07-01,4045.7,4096.43859281
TR-028882,2025-07-01,5258.57,5240.178805031355
TR-028883,2025-07-01,1509.85,1532.170355777956
TR-028884,2025-07-01,2493.54,2400.441832921315
TR-028885,2025-07-01,2007.92,1922.9531967084142
TR-028886,2025-07-01,2705.35,2585.6193103373207
TR-028887,2025-07-01,4773.67,4723.880081043685
TR-028888,2025-07-01,2946.58,2751.964523813558
TR-028889,2025-07-01,3296.22,3429.253989995703
TR-028890,2025-07-01,1065.26,1053.3399376897532
TR-028891,2025-07-01,4341.59,4341.753558852071
TR-028892,2025-07-01,4819.69,4820.071861326278
TR-028893,2025-07-01,900.44,965.3369859360844
TR-028894,2025-07-01,769.64,781.9701206154348
TR-028895,2025-07-01,2215.65,2238.1214975383546
TR-028896,2025-07-01,3848.85,3909.9139167044923
TR-028897,2025-07-01,1624.75,1644.6804681154981
TR-028898,2025-07-01,2448.78,2379.088387383482
TR-028899,2025-07-01,858.44,889.151962230236
TR-028900,2025-07-01,2907.21,2923.082390542423
TR-028901,2025-07-01,1149.03,1165.3820302243084
TR-028902,2025-07-01,3544.78,3368.581312246143
TR-028903,2025-07-01,579.66,620.9073601394741
TR-028904,2025-07-01,543.27,522.3643762369973
TR-028905,2025-07-01,3914.12,3830.2294639336437
TR-028906,2025-07-01,3315.5,3497.5703350154236
TR-028907,2025-07-01,583.89,552.6665629583615
TR-028908,2025-07-01,1173.28,1146.4461250759791
TR-028909,2025-07-01,1981.14,1886.0385646780157
TR-028910,2025-07-01,370.42,450.1738265523202
TR-028911,2025-07-01,3861.91,3984.030460804019
TR-028912,2025-07-01,1230.66,1256.9580243351013
TR-028913,2025-07-01,871.05,873.7164652118877
TR-028914,2025-07-01,4603.91,4784.380729385446
TR-028915,2025-07-01,1580.55,1489.4182108867576
TR-028916,2025-07-01,2822.69,2792.6436414904074
TR-028917,2025-07-01,6680.25,6256.465185427993
TR-028918,2025-07-01,2046.52,1974.7782378770808
TR-028919,2025-07-01,2178.28,2211.0779710823754
TR-028920,2025-07-01,1034.06,1005.357627938444
TR-028921,2025-07-01,688.13,691.9399067075576
TR-028922,2025-07-01,402.91,420.0365130958753
TR-028923,2025-07-01,1853.36,1843.8242469478196
TR-028924,2025-07-01,1855.08,1875.2021948313225
TR-028925,2025-07-01,975.19,942.0132212945841
TR-028926,2025-07-01,248.36,401.8649567151481
TR-028927,2025-07-01,1388.73,1355.043666166582
TR-028928,2025-07-01,714.49,730.586250680695
TR-028929,2025-07-01,3611.14,3538.201850533892
TR-028930,2025-07-01,2908.62,3131.124470097621
TR-028931,2025-07-01,2165.32,2177.748887433211
TR-028932,2025-07-01,2021.38,1983.3830401393093
TR-028933,2025-07-01,1581.8,1611.285249304803
TR-028934,2025-07-01,1826.13,1774.529969517813
TR-028935,2025-07-01,919.01,906.1430792615618
TR-028936,2025-07-01,1797.97,1804.169665579878
TR-028937,2025-07-01,939.1,951.2253344840105
TR-028938,2025-07-01,404.65,431.34550269576675
TR-028939,2025-07-01,3968.9,3997.611458627028
TR-028940,2025-07-01,3981.55,4092.2624916104396
TR-028941,2025-07-01,1943.06,1858.3469861414958
TR-028942,2025-07-02,5711.09,5592.8351766879405
TR-028943,2025-07-02,855.3,885.4773955712301
TR-028944,2025-07-02,1695.86,1612.8947600926142
TR-028945,2025-07-02,832.59,880.1709921184713
TR-028946,2025-07-02,5215.9,5342.455191565559
TR-028947,2025-07-02,3653.88,3625.2053141105484
TR-028948,2025-07-02,4028.79,3823.2776209779604
TR-028949,2025-07-02,851.35,871.9799373213966
TR-028950,2025-07-02,2996.52,2873.321427146462
TR-028951,2025-07-02,4131.57,4049.4613339896196
TR-028952,2025-07-02,2892.63,2835.1178618586528
TR-028953,2025-07-02,3701.2,3659.75134163697
TR-028954,2025-07-02,1760.71,1692.5231458621515
TR-028955,2025-07-02,942.81,931.8254051092547
TR-028956,2025-07-02,1920.97,1897.5044536924856
TR-028957,2025-07-02,2407.72,2256.736789600176
TR-028958,2025-07-02,2319.06,2280.027147512062
TR-028959,2025-07-02,6114.99,5957.109281350913
TR-028960,2025-07-02,1482.09,1379.7906076442318
TR-028961,2025-07-02,4264.16,4181.283971279917
TR-028962,2025-07-02,1585.26,1698.0295293058657
TR-028963,2025-07-02,2356.2,2250.4618435149323
TR-028964,2025-07-02,1587.61,1563.6605365327719
TR-028965,2025-07-02,1286.43,1204.3230871652868
TR-028966,2025-07-02,2530.79,2529.152501653898
TR-028967,2025-07-02,1802.0,1778.6607620058135
TR-028968,2025-07-02,3269.47,3145.382175753067
TR-028969,2025-07-02,3631.63,3493.9775573058955
TR-028970,2025-07-02,1567.37,1574.8149841983247
TR-028971,2025-07-02,5145.21,4912.505603570365
TR-028972,2025-07-02,1717.01,1692.1441447492512
TR-028973,2025-07-02,1301.23,1254.5642595714876
TR-028974,2025-07-02,3154.11,3180.1138082939274
TR-028975,2025-07-02,4209.18,4229.317953813865
TR-028976,2025-07-02,2152.54,2067.967255371498
TR-028977,2025-07-02,1536.48,1568.6252144952446
TR-028978,2025-07-02,864.86,832.6608055676343
TR-028979,2025-07-02,3931.54,3740.608712524577
TR-028980,2025-07-02,2327.02,2357.8895805696493
TR-028981,2025-07-02,2752.9,2533.317773478975
TR-028982,2025-07-02,3771.83,3465.7456331448466
TR-028983,2025-07-02,918.39,959.1904695095761
TR-028984,2025-07-02,2212.28,2182.3328685513243
TR-028985,2025-07-02,1710.13,1644.5649798573281
TR-028986,2025-07-02,1354.27,1346.7405547156814
TR-028987,2025-07-02,1236.65,1199.0031403390371
TR-028988,2025-07-02,875.39,863.8356233639497
TR-028989,2025-07-02,1836.8,1838.1839501866657
TR-028990,2025-07-02,1767.03,1715.9827633450311
TR-028991,2025-07-02,1041.97,1031.462880172815
TR-028992,2025-07-02,4940.32,4739.5176278552935
TR-028993,2025-07-02,4472.58,4426.931882042171
TR-028994,2025-07-02,2573.29,2512.915934063287
TR-028995,2025-07-02,4351.15,4547.611753809866
TR-028996,2025-07-02,1156.87,3078.5802199976097
TR-028997,2025-07-02,414.32,440.25759585281753
TR-028998,2025-07-02,3533.26,3283.8012742551864
TR-028999,2025-07-02,1093.87,1054.862927801396
TR-029000,2025-07-02,2738.89,2689.9625451324305
TR-029001,2025-07-02,1535.3,1478.5834597571911
TR-029002,2025-07-02,1448.52,1404.1509621139403
TR-029003,2025-07-02,1652.99,1670.082391711867
TR-029004,2025-07-02,1289.14,1286.5184132019044
TR-029005,2025-07-02,2736.43,2656.7959357077784
TR-029006,2025-07-02,759.45,736.2852013285778
TR-029007,2025-07-02,3712.22,3777.0895743721076
TR-029008,2025-07-02,2062.12,2009.610822643098
TR-029009,2025-07-02,830.7,831.6010086244119
TR-029010,2025-07-02,3244.87,2995.7556019009144
TR-029011,2025-07-02,1569.03,1578.0331132787514
TR-029012,2025-07-02,999.13,1045.9786299465914
TR-029013,2025-07-02,3277.56,3486.977331126541
TR-029014,2025-07-02,1156.57,1188.6225478277534
TR-029015,2025-07-02,5028.75,5163.172432818132
TR-029016,2025-07-02,2438.96,2272.4127294211225
TR-029017,2025-07-02,1428.54,1409.0504940525338
TR-029018,2025-07-02,2633.23,2611.7908311874235
TR-029019,2025-07-02,2255.41,2184.0653795597245
TR-029020,2025-07-02,2306.72,2217.81668511264
TR-029021,2025-07-02,6533.28,6159.980125502789
TR-029022,2025-07-02,1835.12,1815.4279382852928
TR-029023,2025-07-02,2127.89,2138.4181469051955
TR-029024,2025-07-02,1941.68,1837.6049007635215
TR-029025,2025-07-02,1422.18,1375.241864092011
TR-029026,2025-07-02,2562.16,2406.3672437395026
TR-029027,2025-07-02,2806.86,2721.5492188576786
TR-029028,2025-07-02,3821.87,3683.7198095253143
TR-029029,2025-07-02,3490.08,3068.981658264063
TR-029030,2025-07-02,1944.87,1823.9348244082598
TR-029031,2025-07-02,4689.45,4540.325711881987
TR-029032,2025-07-02,600.54,632.4679142263265
TR-029033,2025-07-02,4250.77,4212.072248524006
TR-029034,2025-07-02,1390.85,1380.6438966674236
TR-029035,2025-07-02,2521.13,2443.8248829923964
TR-029036,2025-07-02,2570.02,2534.546692689209
TR-029037,2025-07-02,1787.35,1783.8389355507734
TR-029038,2025-07-02,763.35,759.7570898050728
TR-029039,2025-07-02,4680.28,4479.133335278776
TR-029040,2025-07-02,632.86,623.4147185122665
TR-029041,2025-07-02,914.78,961.926244032988
TR-029042,2025-07-02,1354.81,1313.564027950227
TR-029043,2025-07-02,3027.02,3056.1575126822863
TR-029044,2025-07-02,3145.29,3225.0367733850317
TR-029045,2025-07-02,2643.78,2619.551710676735
TR-029046,2025-07-02,3915.41,4010.790346648163
TR-029047,2025-07-02,3646.72,3634.8999389415976
TR-029048,2025-07-02,2101.39,2061.0831959030807
TR-029049,2025-07-02,4255.94,3973.6421109652038
TR-029050,2025-07-02,1960.27,1903.3763577400964
TR-029051,2025-07-02,2302.58,2105.079819202874
TR-029052,2025-07-02,1507.02,1490.2003809286573
TR-029053,2025-07-02,2502.53,2463.0885428262827
TR-029054,2025-07-02,1645.78,1747.5105503456914
TR-029055,2025-07-02,1984.68,5767.158933885119
TR-029056,2025-07-02,667.86,2929.1967513205827
TR-029057,2025-07-02,939.55,938.5786642922749
TR-029058,2025-07-02,385.09,1058.329751453778
TR-029059,2025-07-02,1830.56,1824.1074220147561
TR-029060,2025-07-02,1240.91,1228.717485439238
TR-029061,2025-07-02,2615.74,2543.3449504404152
TR-029062,2025-07-02,994.92,961.6140245237789
TR-029063,2025-07-02,2543.01,2425.798156057935
TR-029064,2025-07-02,1465.3,1373.2249999231474
TR-029065,2025-07-02,1541.37,1579.1443980028243
TR-029066,2025-07-02,3444.49,3531.904528598239
TR-029067,2025-07-02,1218.98,1139.4414850502883
TR-029068,2025-07-02,1795.15,1786.11708196044
TR-029069,2025-07-02,1088.73,1114.8027120899553
TR-029070,2025-07-02,4930.68,5062.025110946711
TR-029071,2025-07-02,1778.3,1782.5657756713235
TR-029072,2025-07-02,881.52,890.8737217976061
TR-029073,2025-07-02,3468.84,3450.8182574710636
TR-029074,2025-07-02,3889.14,3889.850821625647
TR-029075,2025-07-02,5576.85,5579.536775253484
TR-029076,2025-07-02,3618.13,3633.1175314291377
TR-029077,2025-07-02,2173.12,2144.9281498029495
TR-029078,2025-07-02,4207.04,4247.474667718228
TR-029079,2025-07-02,2252.03,2188.3739343500006
TR-029080,2025-07-02,3400.54,3396.5935406552207
TR-029081,2025-07-02,4057.18,4081.336667093708
TR-029082,2025-07-02,302.23,319.3368272190521
TR-029083,2025-07-02,1005.71,1037.0261476734402
TR-029084,2025-07-02,1313.45,1306.5121563439336
TR-029085,2025-07-02,3401.92,3447.060260765248
TR-029086,2025-07-02,1973.95,1992.064465067436
TR-029087,2025-07-02,3913.76,3827.384086231796
TR-029088,2025-07-02,1281.3,1275.4625768049978
TR-029089,2025-07-02,2986.67,698.5499533834322
TR-029090,2025-07-02,3828.91,3744.3027074102447
TR-029091,2025-07-02,4161.23,4035.0022570350275
TR-029092,2025-07-02,3500.78,3416.0607123380732
TR-029093,2025-07-02,927.41,908.4748394383159
TR-029094,2025-07-02,3514.9,3654.9657688993416
TR-029095,2025-07-02,2571.41,2540.160266460919
TR-029096,2025-07-02,3126.05,3047.5292204878647
TR-029097,2025-07-02,1201.25,1196.2791685047941
TR-029098,2025-07-02,1071.17,1088.8089061311887
TR-029099,2025-07-02,2041.72,2003.3677582433577
TR-029100,2025-07-02,3403.32,3519.6081461101458
TR-029101,2025-07-02,2291.86,2286.4728221912796
TR-029102,2025-07-02,6557.41,6017.094782891836
TR-029103,2025-07-02,1616.31,1606.940923363993
TR-029104,2025-07-02,4067.5,4194.819746384179
TR-029105,2025-07-02,3671.51,3755.215244962978
TR-029106,2025-07-02,2491.55,2356.845861663687
TR-029107,2025-07-02,1022.58,1022.1541204173692
TR-029108,2025-07-02,2411.54,2313.744863031845
TR-029109,2025-07-02,2672.17,2637.1823160622494
TR-029110,2025-07-02,1411.61,1449.1361901571713
TR-029111,2025-07-02,1302.7,1336.9765136232265
TR-029112,2025-07-02,809.09,826.6868132461575
TR-029113,2025-07-03,1372.84,1278.0682220705999
TR-029114,2025-07-03,4993.53,4870.557922475382
TR-029115,2025-07-03,1635.91,1629.5918675858109
TR-029116,2025-07-03,4120.34,4173.623396276755
TR-029117,2025-07-03,3178.09,3030.8452445312155
TR-029118,2025-07-03,618.65,633.9811702827863
TR-029119,2025-07-03,2610.24,2551.1820212630473
TR-029120,2025-07-03,899.4,856.9921160571539
TR-029121,2025-07-03,945.76,939.3387996767726
TR-029122,2025-07-03,551.17,549.3359280126708
TR-029123,2025-07-03,1768.84,1839.03772289162
TR-029124,2025-07-03,2518.94,2448.3659622360924
TR-029125,2025-07-03,363.33,389.4344634450738
TR-029126,2025-07-03,879.49,904.0405812212703
TR-029127,2025-07-03,1411.96,1355.5294551686322
TR-029128,2025-07-03,531.88,547.9357285138435
TR-029129,2025-07-03,1577.31,1495.6039001572753
TR-029130,2025-07-03,3756.05,3557.3423585591663
TR-029131,2025-07-03,1523.87,1426.4817998319468
TR-029132,2025-07-03,620.08,651.5388260539141
TR-029133,2025-07-03,1272.96,1219.7906394476313
TR-029134,2025-07-03,1547.43,1538.6214520704425
TR-029135,2025-07-03,2195.94,2195.2027394575757
TR-029136,2025-07-03,1243.41,1216.7267928487045
TR-029137,2025-07-03,1802.67,1767.8489914299028
TR-029138,2025-07-03,1497.95,1439.15922265442
TR-029139,2025-07-03,1565.05,1599.461354226887
TR-029140,2025-07-03,1964.36,1988.747453279925
TR-029141,2025-07-03,1715.34,1663.1061709170156
TR-029142,2025-07-03,1092.52,1068.1259406621923
TR-029143,2025-07-03,3842.68,3821.6275244742455
TR-029144,2025-07-03,3605.69,3577.398923890315
TR-029145,2025-07-03,1365.22,1335.9414311775254
TR-029146,2025-07-03,354.91,350.2863999249116
TR-029147,2025-07-03,819.45,824.8259701264067
TR-029148,2025-07-03,3163.43,3029.817949732672
TR-029149,2025-07-03,1780.26,1720.3614913740425
TR-029150,2025-07-03,819.93,793.2218782527325
TR-029151,2025-07-03,367.89,348.5782373787872
TR-029152,2025-07-03,1798.74,1781.2457833318613
TR-029153,2025-07-03,2355.7,2124.720452964296
TR-029154,2025-07-03,3258.23,3270.349347388238
TR-029155,2025-07-03,1639.04,1668.7353353191465
TR-029156,2025-07-03,508.14,478.69398618994796
TR-029157,2025-07-03,1751.51,1697.2661921057213
TR-029158,2025-07-03,4130.3,4088.6859558303786
TR-029159,2025-07-03,504.55,498.88092747030737
TR-029160,2025-07-03,739.49,723.1371913345793
TR-029161,2025-07-03,1984.65,1982.465466106561
TR-029162,2025-07-03,2229.43,2144.2266714423245
TR-029163,2025-07-03,625.37,655.7125757055164
TR-029164,2025-07-03,985.28,995.8623029894616
TR-029165,2025-07-03,3701.58,3635.891155716826
TR-029166,2025-07-03,599.88,626.7095397629696
TR-029167,2025-07-03,3830.39,3626.005159482541
TR-029168,2025-07-03,1491.5,1482.6809012368126
TR-029169,2025-07-03,798.32,768.4921627131366
TR-029170,2025-07-03,3077.81,3142.568767879559
TR-029171,2025-07-03,6757.79,6090.002821111017
TR-029172,2025-07-03,2398.43,2354.385004154332
TR-029173,2025-07-03,1689.91,1626.7181256305098
TR-029174,2025-07-03,4185.87,4106.737731044194
TR-029175,2025-07-03,1888.21,1914.6524349186027
TR-029176,2025-07-03,1024.02,983.6795692312814
TR-029177,2025-07-03,2554.26,2377.616863382231
TR-029178,2025-07-03,1211.43,1197.7671716724226
TR-029179,2025-07-03,3073.9,2963.850480168823
TR-029180,2025-07-03,5471.49,5104.810795670505
TR-029181,2025-07-03,2141.4,2223.6233788744353
TR-029182,2025-07-03,3260.53,3174.6861592905334
TR-029183,2025-07-03,2283.75,2263.0092146773068
TR-029184,2025-07-03,1496.39,1503.9065308310128
TR-029185,2025-07-03,4132.37,4019.4960017072553
TR-029186,2025-07-03,2167.12,2064.6542475709116
TR-029187,2025-07-03,1848.13,1847.1359287793357
TR-029188,2025-07-03,1390.25,1356.6793024091585
TR-029189,2025-07-03,993.6,990.5300440288315
TR-029190,2025-07-03,3963.72,4041.0138222683854
TR-029191,2025-07-03,2866.56,2609.3573757827867
TR-029192,2025-07-03,3088.02,3045.1318789895195
TR-029193,2025-07-03,3601.13,3687.0925034800357
TR-029194,2025-07-03,3175.81,3084.781353708325
TR-029195,2025-07-03,2095.34,2063.2903965652645
TR-029196,2025-07-03,3898.37,3862.2212134565134
TR-029197,2025-07-03,1507.49,1532.096121519295
TR-029198,2025-07-03,750.7,736.6545667686789
TR-029199,2025-07-03,727.64,728.5650784848992
TR-029200,2025-07-03,5388.14,5343.597305409371
TR-029201,2025-07-03,5213.56,4989.233622014963
TR-029202,2025-07-03,3975.27,4065.09038175053
TR-029203,2025-07-03,5251.54,5235.948964903006
TR-029204,2025-07-03,2007.61,2029.5101091333456
TR-029205,2025-07-03,652.91,637.8916930294404
TR-029206,2025-07-03,2011.24,2012.9888863759738
TR-029207,2025-07-03,717.4,755.7152885584096
TR-029208,2025-07-03,3476.12,3526.384667138054
TR-029209,2025-07-03,3095.41,2901.5609816899673
TR-029210,2025-07-03,1681.61,1599.8985830632168
TR-029211,2025-07-03,868.37,914.1365175635394
TR-029212,2025-07-03,1555.08,1570.9014932948016
TR-029213,2025-07-03,1243.46,1260.7026098232889
TR-029214,2025-07-03,2429.23,2321.4115324327754
TR-029215,2025-07-03,2047.49,1988.5068845024657
TR-029216,2025-07-03,3904.97,3857.96919791231
TR-029217,2025-07-03,4014.57,3899.6013218892813
TR-029218,2025-07-03,3504.91,3662.7180851842895
TR-029219,2025-07-03,3890.59,3783.9015469686337
TR-029220,2025-07-03,3530.95,3313.3446395127917
TR-029221,2025-07-03,820.77,821.6026679467561
TR-029222,2025-07-03,555.72,572.4968450834565
TR-029223,2025-07-03,2359.44,2351.9539233387877
TR-029224,2025-07-03,1438.78,1396.9647790310212
TR-029225,2025-07-03,3022.9,3043.619301467106
TR-029226,2025-07-03,1780.81,1754.943279302792
TR-029227,2025-07-03,5808.93,5663.795149374859
TR-029228,2025-07-03,1227.25,1202.4376321963005
TR-029229,2025-07-03,4089.85,3931.802038444831
TR-029230,2025-07-03,3026.77,2980.387642595746
TR-029231,2025-07-03,2970.8,2903.002921444111
TR-029232,2025-07-03,2739.12,2718.019880055638
TR-029233,2025-07-03,4740.65,4801.038232384362
TR-029234,2025-07-03,1199.16,1214.3436747587402
TR-029235,2025-07-03,3065.85,3056.1799506762645
TR-029236,2025-07-03,1910.41,1900.3655887653179
TR-029237,2025-07-03,2359.23,2235.683599862227
TR-029238,2025-07-03,2771.73,2630.295995177567
TR-029239,2025-07-03,452.41,2149.1573384379444
TR-029240,2025-07-03,1470.71,1375.337008109011
TR-029241,2025-07-03,2721.94,2732.160696976765
TR-029242,2025-07-03,1764.63,1785.5027483397112
TR-029243,2025-07-03,4127.61,3915.998258569428
TR-029244,2025-07-03,2736.72,2623.476788204682
TR-029245,2025-07-03,2259.6,2268.301018891908
TR-029246,2025-07-03,1948.46,1895.5934376220384
TR-029247,2025-07-03,2759.39,2743.5783541340843
TR-029248,2025-07-03,4634.7,4442.087691007977
TR-029249,2025-07-03,4362.9,4320.772763596188
TR-029250,2025-07-03,1761.67,1742.4155205747
TR-029251,2025-07-03,1779.73,1823.0963174139788
TR-029252,2025-07-03,1736.02,1707.7879839209918
TR-029253,2025-07-03,1139.87,1185.5858722457474
TR-029254,2025-07-03,466.76,460.64173790570203
TR-029255,2025-07-03,5091.93,5048.257216191352
TR-029256,2025-07-03,5237.17,4972.2089296259965
TR-029257,2025-07-03,4141.16,4177.080285470625
TR-029258,2025-07-03,1449.51,1443.558709112137
TR-029259,2025-07-03,1532.58,1502.3846678470532
TR-029260,2025-07-03,2554.74,2539.946636939198
TR-029261,2025-07-03,3867.09,3891.156035820335
TR-029262,2025-07-03,731.01,738.5862820422747
TR-029263,2025-07-03,2045.53,2031.1670795582145
TR-029264,2025-07-03,2005.72,2018.262711654841
TR-029265,2025-07-03,1727.72,1698.6790369561534
TR-029266,2025-07-03,875.59,889.384521717476
TR-029267,2025-07-03,3582.28,3620.0519315618585
TR-029268,2025-07-03,5397.96,1639.114923062289
TR-029269,2025-07-03,1423.44,1376.106024649158
TR-029270,2025-07-03,4594.59,4371.897636140935
TR-029271,2025-07-03,1852.17,1836.1474917459304
TR-029272,2025-07-03,5851.06,5775.410621619134
TR-029273,2025-07-03,5773.55,5545.37126644765
TR-029274,2025-07-03,1571.52,1546.7043798041204
TR-029275,2025-07-03,615.72,615.8425334888138
TR-029276,2025-07-03,984.22,969.2251167852032
TR-029277,2025-07-03,5132.78,5155.029406313237
TR-029278,2025-07-03,7269.5,1490.2057857504687
TR-029279,2025-07-03,1326.62,1330.1936963193039
TR-029280,2025-07-03,1595.79,1620.0184722656354
TR-029281,2025-07-03,2320.91,2306.036712403669
TR-029282,2025-07-03,2133.72,2097.653640256517
TR-029283,2025-07-03,5304.85,5284.928460627156
TR-029284,2025-07-03,2918.04,2865.332125404503
TR-029285,2025-07-04,4019.88,4018.574183423203
TR-029286,2025-07-04,13817.43,3333.5878678239596
TR-029287,2025-07-04,2143.34,2126.3200886398536
TR-029288,2025-07-04,639.48,668.6344988454618
TR-029289,2025-07-04,1847.91,1861.7026414784204
TR-029290,2025-07-04,5440.05,5423.052547510431
TR-029291,2025-07-04,4157.05,4150.048259112798
TR-029292,2025-07-04,2758.46,2556.956728220739
TR-029293,2025-07-04,528.02,535.9909015895973
TR-029294,2025-07-04,3698.93,3680.593436195698
TR-029295,2025-07-04,1625.58,1631.3219825367185
TR-029296,2025-07-04,1918.63,1884.6234208909405
TR-029297,2025-07-04,2385.13,2448.756527685451
TR-029298,2025-07-04,1947.16,1995.3265426814585
TR-029299,2025-07-04,4087.24,4013.6325187073835
TR-029300,2025-07-04,1888.37,1803.499589222232
TR-029301,2025-07-04,4764.99,4569.049553444767
TR-029302,2025-07-04,5112.57,4933.89829394031
TR-029303,2025-07-04,4796.35,4744.8465143992
TR-029304,2025-07-04,2494.55,2494.597698109052
TR-029305,2025-07-04,4537.98,4300.0705690588675
TR-029306,2025-07-04,1035.87,1037.2916431336494
TR-029307,2025-07-04,919.79,934.5794150771335
TR-029308,2025-07-04,2804.29,2633.4281175344213
TR-029309,2025-07-04,722.76,746.540969486663
TR-029310,2025-07-04,1199.68,1129.1106859382094
TR-029311,2025-07-04,1158.38,1173.3262149186544
TR-029312,2025-07-04,5514.34,5479.31164584968
TR-029313,2025-07-04,3865.41,3668.570198298762
TR-029314,2025-07-04,3925.43,3868.4647928601917
TR-029315,2025-07-04,1477.98,1439.8125206458758
TR-029316,2025-07-04,2055.98,2091.604644792721
TR-029317,2025-07-04,3927.35,3764.8403697630674
TR-029318,2025-07-04,3927.72,3608.391035091182
TR-029319,2025-07-04,4225.89,4189.294551521514
TR-029320,2025-07-04,2882.95,2901.4751830333053
TR-029321,2025-07-04,2697.99,2550.6864175929186
TR-029322,2025-07-04,3145.99,3061.531824909481
TR-029323,2025-07-04,1177.34,1186.2554994096872
TR-029324,2025-07-04,1367.89,1321.0089922463376
TR-029325,2025-07-04,1494.5,1474.746856469657
TR-029326,2025-07-04,829.71,796.090161459218
TR-029327,2025-07-04,3994.55,3935.200262298876
TR-029328,2025-07-04,1796.35,1743.9472910606726
TR-029329,2025-07-04,4076.22,4121.872445219923
TR-029330,2025-07-04,4022.62,3944.2238207720848
TR-029331,2025-07-04,1322.87,1264.2368740308993
TR-029332,2025-07-04,2223.07,2224.060517178911
TR-029333,2025-07-04,2105.37,2126.7565458714244
TR-029334,2025-07-04,3426.84,3426.4010134058967
TR-029335,2025-07-04,996.34,955.6111821672794
TR-029336,2025-07-04,1508.58,1567.7804246377852
TR-029337,2025-07-04,4357.42,4326.551630048938
TR-029338,2025-07-04,3723.96,3964.154429078972
TR-029339,2025-07-04,1304.58,1306.0692116759155
TR-029340,2025-07-04,4386.53,4514.291079753089
TR-029341,2025-07-04,1454.55,1367.9631882407548
TR-029342,2025-07-04,2585.52,2423.287075248799
TR-029343,2025-07-04,701.1,723.7532774736005
TR-029344,2025-07-04,4181.68,4027.0946191769553
TR-029345,2025-07-04,696.83,697.7754266961947
TR-029346,2025-07-04,2132.08,2102.9420676086384
TR-029347,2025-07-04,2378.43,2346.56810823035
TR-029348,2025-07-04,3131.22,2797.598412282502
TR-029349,2025-07-04,1798.2,1728.1199676366155
TR-029350,2025-07-04,490.31,520.6203003011587
TR-029351,2025-07-04,4233.73,4356.229621795647
TR-029352,2025-07-04,344.43,404.82347601838364
TR-029353,2025-07-04,1290.82,1274.1848401707823
TR-029354,2025-07-04,1580.3,1579.1730565984612
TR-029355,2025-07-04,893.72,857.8560671057676
TR-029356,2025-07-04,1469.03,1356.8525910532644
TR-029357,2025-07-04,3968.35,3994.8672826994807
TR-029358,2025-07-04,4206.42,4472.012023913589
TR-029359,2025-07-04,4325.3,4308.223995991708
TR-029360,2025-07-04,3406.29,3567.0026011417212
TR-029361,2025-07-04,2647.51,2650.0947886536683
TR-029362,2025-07-04,2240.91,2233.4731111422234
TR-029363,2025-07-04,442.27,475.07882471713174
TR-029364,2025-07-04,2293.52,2365.7715659319256
TR-029365,2025-07-04,2452.37,2310.105422233669
TR-029366,2025-07-04,4875.9,4799.460598725214
TR-029367,2025-07-04,3446.64,3189.604143880959
TR-029368,2025-07-04,2099.15,2019.2461997270689
TR-029369,2025-07-04,803.22,842.9627066236126
TR-029370,2025-07-04,658.24,633.5998251563353
TR-029371,2025-07-04,1468.13,1549.0138387431093
TR-029372,2025-07-04,2036.7,2004.3413250885608
TR-029373,2025-07-04,5313.86,5426.9312718502115
TR-029374,2025-07-04,3392.6,3380.8876863640326
TR-029375,2025-07-04,2033.25,1946.2730859328863
TR-029376,2025-07-04,710.07,735.5395000954095
TR-029377,2025-07-04,1915.96,1928.608132514176
TR-029378,2025-07-04,3730.89,3780.9967926812888
TR-029379,2025-07-04,2631.99,2571.8669024310957
TR-029380,2025-07-04,2937.1,2885.2547737897607
TR-029381,2025-07-04,1330.81,1366.4430795524333
TR-029382,2025-07-04,681.33,682.4887965176522
TR-029383,2025-07-04,1296.27,1290.1644586659818
TR-029384,2025-07-04,882.14,870.7984980446438
TR-029385,2025-07-04,1677.87,1689.3575885002851
TR-029386,2025-07-04,4418.08,4229.384101137426
TR-029387,2025-07-04,2798.61,2610.1906412501585
TR-029388,2025-07-04,2045.88,2061.301224047002
TR-029389,2025-07-04,3290.81,3223.4141318644397
TR-029390,2025-07-04,4252.48,4168.126433445816
TR-029391,2025-07-04,1839.26,1805.4692148853273
TR-029392,2025-07-04,2040.87,1984.4761638154948
TR-029393,2025-07-04,2951.52,2754.1251992279613
TR-029394,2025-07-04,1936.5,1930.743185351718
TR-029395,2025-07-04,2529.67,2531.555354307099
TR-029396,2025-07-04,1244.39,1270.699933802935
TR-029397,2025-07-04,1370.28,1332.6006146626041
TR-029398,2025-07-04,5749.58,5650.336732759543
TR-029399,2025-07-04,2016.41,2001.3885121902413
TR-029400,2025-07-04,3292.86,3484.572059378951
TR-029401,2025-07-04,4087.19,4081.1274745254027
TR-029402,2025-07-04,807.99,872.3464444935378
TR-029403,2025-07-04,818.29,805.543693916268
TR-029404,2025-07-04,2465.5,2502.390026130452
TR-029405,2025-07-04,3194.19,3178.633761019995
TR-029406,2025-07-04,2249.56,2239.119342228422
TR-029407,2025-07-04,5425.66,5302.998788928563
TR-029408,2025-07-04,1914.88,2047.6737239789877
TR-029409,2025-07-04,1767.63,1657.0491175829816
TR-029410,2025-07-04,2001.73,2002.0000511808682
TR-029411,2025-07-04,1617.99,1633.2138318098973
TR-029412,2025-07-04,1640.33,1589.7477407665308
TR-029413,2025-07-04,1782.21,1744.4054603943496
TR-029414,2025-07-04,1243.0,1300.9950013863677
TR-029415,2025-07-04,1954.86,1829.3001960651536
TR-029416,2025-07-04,4593.72,4528.375041116518
TR-029417,2025-07-04,564.78,593.8368487954856
TR-029418,2025-07-04,1681.36,1662.2819285721646
TR-029419,2025-07-04,5824.57,5746.798710952726
TR-029420,2025-07-04,1089.71,1046.9031741351673
TR-029421,2025-07-04,1737.98,1695.6144798071427
TR-029422,2025-07-04,3485.98,3442.954818517086
TR-029423,2025-07-04,1837.71,1811.9083448737488
TR-029424,2025-07-04,5739.12,5828.517209968776
TR-029425,2025-07-04,1722.82,1755.858457741921
TR-029426,2025-07-04,1629.28,1678.8760651245102
TR-029427,2025-07-04,3703.13,3679.4974789153603
TR-029428,2025-07-04,3722.23,3607.634833928844
TR-029429,2025-07-04,617.99,652.765052377767
TR-029430,2025-07-04,1596.17,1540.9402102053964
TR-029431,2025-07-04,2065.76,2115.360612884448
TR-029432,2025-07-04,1449.07,1439.6590602377269
TR-029433,2025-07-04,2048.62,2012.5439330873505
TR-029434,2025-07-04,1041.1,1075.1790761207258
TR-029435,2025-07-04,4345.44,4284.562605685533
TR-029436,2025-07-04,1244.09,1228.9807312299158
TR-029437,2025-07-04,999.87,973.6489149195936
TR-029438,2025-07-04,2567.85,2660.1122206391638
TR-029439,2025-07-04,974.25,1019.7504014336236
TR-029440,2025-07-04,3787.08,3821.124479770262
TR-029441,2025-07-04,1729.94,1754.8097619929222
TR-029442,2025-07-04,5041.51,5028.862561006636
TR-029443,2025-07-04,4589.0,4748.698011605633
TR-029444,2025-07-04,4144.83,3973.5959722819334
TR-029445,2025-07-05,1495.83,1566.132675009832
TR-029446,2025-07-05,1196.55,1197.0683831822498
TR-029447,2025-07-05,3251.55,3524.886681072713
TR-029448,2025-07-05,3750.93,3725.4115890510775
TR-029449,2025-07-05,3787.58,3546.2019116296924
TR-029450,2025-07-05,1531.92,1474.1499485218633
TR-029451,2025-07-05,1005.19,1054.4128454360484
TR-029452,2025-07-05,902.04,911.4394959110132
TR-029453,2025-07-05,1723.05,1737.492926554987
TR-029454,2025-07-05,792.69,810.8968150635769
TR-029455,2025-07-05,4043.93,4090.1587487614415
TR-029456,2025-07-05,1483.35,1495.3727495547619
TR-029457,2025-07-05,855.4,843.3546997154947
TR-029458,2025-07-05,3866.73,3893.95662863873
TR-029459,2025-07-05,1106.28,5024.24417482307
TR-029460,2025-07-05,4236.66,4206.2716557491185
TR-029461,2025-07-05,2741.53,2743.2861812931405
TR-029462,2025-07-05,1031.18,1014.9114482224414
TR-029463,2025-07-05,827.88,877.4817839231696
TR-029464,2025-07-05,4206.35,4433.360655963104
TR-029465,2025-07-05,3138.63,3042.446527521166
TR-029466,2025-07-05,4769.15,4556.2540598860205
TR-029467,2025-07-05,702.09,1782.6305377197893
TR-029468,2025-07-05,2421.97,2273.574608676405
TR-029469,2025-07-05,777.65,767.4003333887392
TR-029470,2025-07-05,1311.94,1341.2498443343532
TR-029471,2025-07-05,1409.21,1414.511824423705
TR-029472,2025-07-05,3969.15,3753.5056472677206
TR-029473,2025-07-05,797.28,780.868839847099
TR-029474,2025-07-05,2416.03,2370.5881783868035
TR-029475,2025-07-05,1773.5,1788.4854793404309
TR-029476,2025-07-05,1904.6,1808.7471315039593
TR-029477,2025-07-05,4984.87,4799.112591374384
TR-029478,2025-07-05,1148.65,4009.719220404196
TR-029479,2025-07-05,1389.51,1338.2164274043653
TR-029480,2025-07-05,3099.14,2809.1294524089362
TR-029481,2025-07-05,5032.11,5149.705182668532
TR-029482,2025-07-05,2166.86,2181.6028065084784
TR-029483,2025-07-05,4038.3,3979.969225251766
TR-029484,2025-07-05,971.09,1033.3390610903723
TR-029485,2025-07-05,1033.12,993.3397019344632
TR-029486,2025-07-05,4902.03,4799.4389770394755
TR-029487,2025-07-05,1627.18,1654.7412300392714
TR-029488,2025-07-05,3257.36,3346.80728566594
TR-029489,2025-07-05,1781.19,1784.1283564497157
TR-029490,2025-07-05,5274.28,5107.604077517297
TR-029491,2025-07-05,3670.72,3839.6988707036035
TR-029492,2025-07-05,1237.53,1247.1632369484787
TR-029493,2025-07-05,1975.38,2031.400401517889
TR-029494,2025-07-05,1599.65,1625.300054845809
TR-029495,2025-07-05,4818.53,4667.585796274858
TR-029496,2025-07-05,2984.98,2863.1982958814874
TR-029497,2025-07-05,2865.45,2504.410559344056
TR-029498,2025-07-05,3842.82,3919.388915748994
TR-029499,2025-07-05,2811.6,2669.473632704907
TR-029500,2025-07-05,3330.61,3547.6009445555305
TR-029501,2025-07-05,3523.03,3447.406819472161
TR-029502,2025-07-05,1909.48,1873.9057359719486
TR-029503,2025-07-05,4548.76,4858.477599721902
TR-029504,2025-07-05,1159.26,1143.32581532376
TR-029505,2025-07-05,1247.77,1250.2483296827606
TR-029506,2025-07-05,1182.16,1225.9603770413917
TR-029507,2025-07-05,3803.43,3964.872315044724
TR-029508,2025-07-05,4126.76,4063.7656855404566
TR-029509,2025-07-05,629.04,610.8155443527805
TR-029510,2025-07-05,2315.52,2234.4178373308964
TR-029511,2025-07-05,1178.19,1163.9925164576066
TR-029512,2025-07-05,1012.04,963.8751662300117
TR-029513,2025-07-05,3424.96,3361.3347818536067
TR-029514,2025-07-05,3200.94,3127.8506539124837
TR-029515,2025-07-05,4428.23,4434.120292799763
TR-029516,2025-07-05,1820.64,1876.1357850521258
TR-029517,2025-07-05,3625.07,3706.603726484991
TR-029518,2025-07-05,1519.05,1531.2418648889247
TR-029519,2025-07-05,531.61,522.5828898406874
TR-029520,2025-07-05,2747.64,2850.5670240272493
TR-029521,2025-07-05,3235.84,3161.5081200463746
TR-029522,2025-07-05,4997.88,4870.8812662261425
TR-029523,2025-07-05,1250.27,1228.6981874351613
TR-029524,2025-07-05,516.91,540.8914002499419
TR-029525,2025-07-05,2731.3,2759.238421281015
TR-029526,2025-07-05,3941.71,3454.189971241281
TR-029527,2025-07-05,1353.25,1314.7132767553644
TR-029528,2025-07-05,4776.1,4598.812258080416
TR-029529,2025-07-05,2526.59,2681.019529482881
TR-029530,2025-07-05,1818.14,1685.324609801517
TR-029531,2025-07-05,2174.19,2141.4369767469843
TR-029532,2025-07-05,991.44,1006.8745802910356
TR-029533,2025-07-05,4784.95,4674.0339287480565
TR-029534,2025-07-05,1028.05,1028.0423937098158
TR-029535,2025-07-05,1485.39,1366.4204809102314
TR-029536,2025-07-05,4262.82,4275.135158158795
TR-029537,2025-07-05,1748.65,1800.2578103553249
TR-029538,2025-07-05,1988.92,1939.1112889457206
TR-029539,2025-07-05,1444.01,1398.982441447621
TR-029540,2025-07-05,4081.0,3951.142539238871
TR-029541,2025-07-05,1459.64,1451.2674129052298
TR-029542,2025-07-05,900.08,954.0840024231973
TR-029543,2025-07-05,1646.61,1639.6739512413603
TR-029544,2025-07-05,3964.59,3909.6600805126104
TR-029545,2025-07-05,3882.86,3731.5486951353687
TR-029546,2025-07-05,1936.38,1934.8251452090187
TR-029547,2025-07-05,1361.92,1370.1757796118618
TR-029548,2025-07-05,1124.47,1115.2433147969107
TR-029549,2025-07-05,531.52,509.58929440283964
TR-029550,2025-07-05,2413.62,2412.0604867984243
TR-029551,2025-07-05,3685.44,3763.0787558222105
TR-029552,2025-07-05,3157.83,3121.435230556982
TR-029553,2025-07-05,4308.66,4141.404165908601
TR-029554,2025-07-05,1376.85,1408.133404233455
TR-029555,2025-07-05,5950.82,5651.849932209028
TR-029556,2025-07-05,741.9,772.8609224085294
TR-029557,2025-07-05,5594.43,5495.830249482609
TR-029558,2025-07-05,885.65,882.9563724447105
TR-029559,2025-07-05,563.63,604.9944599853218
TR-029560,2025-07-05,2970.02,2801.700844572317
TR-029561,2025-07-05,999.72,989.7431637368395
TR-029562,2025-07-05,1337.29,1315.1383244319645
TR-029563,2025-07-05,1956.45,1949.1545904141385
TR-029564,2025-07-05,866.47,884.3197185498545
TR-029565,2025-07-05,2106.25,2112.7265547865654
TR-029566,2025-07-05,1652.09,1623.7862703025432
TR-029567,2025-07-05,3442.12,3526.1342684459482
TR-029568,2025-07-05,1966.63,1914.849226233604
TR-029569,2025-07-05,1676.66,1633.1516812602056
TR-029570,2025-07-05,3054.67,3111.031786886041
TR-029571,2025-07-05,760.97,780.2830938937575
TR-029572,2025-07-05,4415.52,4214.540460142929
TR-029573,2025-07-05,3771.03,3718.749185684417
TR-029574,2025-07-05,3164.49,3234.5213639650933
TR-029575,2025-07-05,1537.25,1586.444708371802
TR-029576,2025-07-05,1590.07,1617.1873213139033
TR-029577,2025-07-05,3834.16,3727.785610096181
TR-029578,2025-07-05,1839.86,1820.3156263887372
TR-029579,2025-07-05,1069.51,1060.5963041620798
TR-029580,2025-07-05,5041.32,4995.741882651852
TR-029581,2025-07-05,814.13,777.8771266070655
TR-029582,2025-07-05,1618.0,1684.4726656223986
TR-029583,2025-07-05,1950.61,1881.413396797477
TR-029584,2025-07-05,1732.69,1755.6146837202905
TR-029585,2025-07-05,3900.36,4209.462932277254
TR-029586,2025-07-05,3486.55,3492.4621129302204
TR-029587,2025-07-05,763.59,747.1163474906305
TR-029588,2025-07-05,5030.16,5021.99984702319
TR-029589,2025-07-05,585.34,628.1396734361429
TR-029590,2025-07-05,2116.65,2200.9229058229275
TR-029591,2025-07-05,3020.17,3292.301152312135
TR-029592,2025-07-05,1401.68,1431.8081827398805
TR-029593,2025-07-05,2138.02,2086.9955671166877
TR-029594,2025-07-05,1205.69,1151.2610363088327
TR-029595,2025-07-05,617.46,599.1802600328563
TR-029596,2025-07-05,898.06,931.1797561185117
TR-029597,2025-07-05,1767.05,1765.3896013564708
TR-029598,2025-07-05,519.31,531.0462426142492
TR-029599,2025-07-05,2858.4,2785.9523186119122
TR-029600,2025-07-05,1773.71,1742.3507991630404
TR-029601,2025-07-05,1299.89,1333.6032614498608
TR-029602,2025-07-06,4513.23,4465.40610707299
TR-029603,2025-07-06,832.92,897.2604026031411
TR-029604,2025-07-06,1624.22,1612.7777380401403
TR-029605,2025-07-06,4360.01,4003.7730842027127
TR-029606,2025-07-06,4577.93,4408.362516318801
TR-029607,2025-07-06,2299.21,2072.6365930468605
TR-029608,2025-07-06,4114.77,4025.794185147714
TR-029609,2025-07-06,3623.95,3671.8810555781183
TR-029610,2025-07-06,2856.51,2635.2528562265743
TR-029611,2025-07-06,1792.47,1834.830903140361
TR-029612,2025-07-06,3302.2,3417.4517769773665
TR-029613,2025-07-06,1121.54,1155.7457444641207
TR-029614,2025-07-06,3624.28,3734.839416349394
TR-029615,2025-07-06,4231.21,4087.0374669275243
TR-029616,2025-07-06,4312.0,4407.059983728676
TR-029617,2025-07-06,5790.14,5796.735397669625
TR-029618,2025-07-06,3368.95,3266.876706658526
TR-029619,2025-07-06,1426.19,1421.1464953647596
TR-029620,2025-07-06,2074.09,2081.244128589687
TR-029621,2025-07-06,2532.05,2526.4234159279595
TR-029622,2025-07-06,3846.05,3581.0163923130235
TR-029623,2025-07-06,983.13,974.1052098822931
TR-029624,2025-07-06,993.18,1018.6031521483565
TR-029625,2025-07-06,2680.09,2594.5023954344747
TR-029626,2025-07-06,720.22,720.6855349393431
TR-029627,2025-07-06,2238.73,2158.122987184756
TR-029628,2025-07-06,5249.4,5043.286045864087
TR-029629,2025-07-06,3257.91,3265.179083682172
TR-029630,2025-07-06,2698.54,2718.656288814115
TR-029631,2025-07-06,2560.74,2622.042739096669
TR-029632,2025-07-06,1597.46,1617.6459385163596
TR-029633,2025-07-06,4475.09,4309.399612118163
TR-029634,2025-07-06,2149.52,2172.4098060273423
TR-029635,2025-07-06,3534.47,3655.7192006813166
TR-029636,2025-07-06,2347.08,2498.2786002727166
TR-029637,2025-07-06,2006.6,1948.7013062876172
TR-029638,2025-07-06,551.68,547.5010346983156
TR-029639,2025-07-06,4003.18,4099.957238710433
TR-029640,2025-07-06,672.9,693.2231183869442
TR-029641,2025-07-06,4554.63,4487.694248290336
TR-029642,2025-07-06,815.3,841.648789136065
TR-029643,2025-07-06,4142.67,4011.559902583662
TR-029644,2025-07-06,1249.07,1289.340446677645
TR-029645,2025-07-06,5358.34,2176.4525112778133
TR-029646,2025-07-06,2324.37,2520.3642978272374
TR-029647,2025-07-06,2058.7,2048.741044348604
TR-029648,2025-07-06,1350.03,1349.2621212081149
TR-029649,2025-07-06,2313.31,2367.474767937926
TR-029650,2025-07-06,575.49,571.0388412457969
TR-029651,2025-07-06,1228.85,1198.6576723857754
TR-029652,2025-07-06,3264.82,3262.783293816522
TR-029653,2025-07-06,5751.03,5647.598881250342
TR-029654,2025-07-06,2347.62,2465.363758060252
TR-029655,2025-07-06,1552.41,1555.452663151488
TR-029656,2025-07-06,1413.81,1425.6046880662889
TR-029657,2025-07-06,1316.01,1356.2361221792673
TR-029658,2025-07-06,2632.16,2829.7366848281763
TR-029659,2025-07-06,1030.76,1045.4925338638013
TR-029660,2025-07-06,2266.75,2221.7354331780502
TR-029661,2025-07-06,1202.34,1255.5333766336735
TR-029662,2025-07-06,2443.58,2402.5209879688696
TR-029663,2025-07-06,5707.96,5761.385358132449
TR-029664,2025-07-06,11668.74,3427.4024856650267
TR-029665,2025-07-06,1584.88,1546.968279140407
TR-029666,2025-07-06,1362.22,1368.117899748433
TR-029667,2025-07-06,2243.83,2216.488221409882
TR-029668,2025-07-06,3100.02,3052.4220193758156
TR-029669,2025-07-06,1646.85,1692.501721715442
TR-029670,2025-07-06,1683.28,1685.4617743984961
TR-029671,2025-07-06,1896.2,1892.1298526232724
TR-029672,2025-07-06,1343.45,1278.8842368691223
TR-029673,2025-07-06,1478.1,1428.1647879615853
TR-029674,2025-07-06,4335.38,4258.220671569541
TR-029675,2025-07-06,802.27,815.980916402171
TR-029676,2025-07-06,2015.18,1998.0358890385355
TR-029677,2025-07-06,1831.1,1751.5271732890494
TR-029678,2025-07-06,582.19,617.2344520757847
TR-029679,2025-07-06,2779.86,2743.46793182996
TR-029680,2025-07-06,1320.15,1307.2768392910782
TR-029681,2025-07-06,964.92,1004.8037896554822
TR-029682,2025-07-06,4645.47,4584.075244580015
TR-029683,2025-07-06,726.69,779.9880213632875
TR-029684,2025-07-06,819.71,859.398039091572
TR-029685,2025-07-06,4315.1,4201.049112556816
TR-029686,2025-07-06,1078.23,1077.8057301046174
TR-029687,2025-07-06,615.1,618.2274226704073
TR-029688,2025-07-06,1115.04,1056.7165191728668
TR-029689,2025-07-06,2031.45,1988.2546324728141
TR-029690,2025-07-06,3275.44,3326.1902940601794
TR-029691,2025-07-06,762.83,786.4980503274942
TR-029692,2025-07-06,2148.64,2132.022192596148
TR-029693,2025-07-06,2296.55,2200.4489346675064
TR-029694,2025-07-06,2061.38,2194.717605848366
TR-029695,2025-07-06,3608.02,3720.0863954083698
TR-029696,2025-07-06,1782.63,1813.0841235076462
TR-029697,2025-07-06,1292.92,1238.466993126714
TR-029698,2025-07-06,769.8,791.2003115379748
TR-029699,2025-07-06,1150.48,1096.584442824772
TR-029700,2025-07-06,2879.67,2696.4933764356365
TR-029701,2025-07-06,1930.48,1907.3212293211843
TR-029702,2025-07-06,1627.15,1556.6779076441942
TR-029703,2025-07-06,1694.67,1623.6969928619937
TR-029704,2025-07-06,2145.18,2043.0622019466266
TR-029705,2025-07-06,2370.51,2259.725657158302
TR-029706,2025-07-06,2588.12,2670.3675972015944
TR-029707,2025-07-06,1268.29,1357.3968212484542
TR-029708,2025-07-06,3534.89,3629.314022317066
TR-029709,2025-07-06,2375.02,2333.658309807964
TR-029710,2025-07-06,1489.93,1541.5537890499731
TR-029711,2025-07-06,1376.68,1389.967104312172
TR-029712,2025-07-06,1043.58,999.9181061047748
TR-029713,2025-07-06,2071.76,2000.062271227786
TR-029714,2025-07-06,1209.07,1181.6513079989418
TR-029715,2025-07-06,1219.22,1251.8806969810219
TR-029716,2025-07-06,1339.91,1377.5290785097538
TR-029717,2025-07-06,2868.75,2793.7006409749238
TR-029718,2025-07-06,6056.34,6130.906126306665
TR-029719,2025-07-06,5099.29,5161.311044497388
TR-029720,2025-07-06,1058.21,1022.5177779379993
TR-029721,2025-07-06,2092.4,2025.823194671053
TR-029722,2025-07-06,350.72,349.83542857359294
TR-029723,2025-07-06,2269.61,2276.0552888768475
TR-029724,2025-07-06,395.91,459.20792502683685
TR-029725,2025-07-06,1758.81,1744.7212230774492
TR-029726,2025-07-06,2114.9,2101.6241564493444
TR-029727,2025-07-06,4633.67,4865.757876357184
TR-029728,2025-07-06,3058.63,2939.3325724110177
TR-029729,2025-07-06,1689.52,1692.9397631050704
TR-029730,2025-07-06,928.06,929.246096542639
TR-029731,2025-07-06,2661.19,2602.747991083086
TR-029732,2025-07-06,2265.17,2207.517634001725
TR-029733,2025-07-06,959.9,932.4848396687614
TR-029734,2025-07-06,2149.69,2153.0161955591398
TR-029735,2025-07-06,4293.49,4200.846217802175
TR-029736,2025-07-06,3038.18,3265.770187839193
TR-029737,2025-07-06,743.21,749.1987939477235
TR-029738,2025-07-06,3556.04,3607.8377023418752
TR-029739,2025-07-06,1228.53,1199.3147654036866
TR-029740,2025-07-06,391.76,397.52912493029794
TR-029741,2025-07-06,2082.26,2093.16861011322
TR-029742,2025-07-06,4870.49,4627.546396635178
TR-029743,2025-07-06,4025.95,4033.6388302055257
TR-029744,2025-07-06,4968.89,4851.170754401143
TR-029745,2025-07-06,4640.5,4595.188994480615
TR-029746,2025-07-06,608.97,548.5578812557933
TR-029747,2025-07-06,3524.86,3659.561983143792
TR-029748,2025-07-06,1857.37,1749.3601990583493
TR-029749,2025-07-06,1908.71,1848.7322719738127
TR-029750,2025-07-06,3921.87,3895.409751927783
TR-029751,2025-07-06,1581.72,1606.3092708455938
TR-029752,2025-07-06,1401.27,1419.514434554851
TR-029753,2025-07-06,2245.65,2189.556047196477
TR-029754,2025-07-06,1443.59,1396.602019729272
TR-029755,2025-07-06,5719.02,5698.359512234488
TR-029756,2025-07-06,617.74,670.6845205237455
TR-029757,2025-07-06,3909.21,3641.554139653874
TR-029758,2025-07-06,2891.15,2637.9366812550275
TR-029759,2025-07-06,2794.91,2581.7118415831364
TR-029760,2025-07-07,3652.5,3623.2940853731175
TR-029761,2025-07-07,3208.66,3156.6221229958073
TR-029762,2025-07-07,2071.21,1964.2957775334469
TR-029763,2025-07-07,3513.08,3548.785840561259
TR-029764,2025-07-07,5710.29,5473.961170537146
TR-029765,2025-07-07,1105.94,1110.5083148330095
TR-029766,2025-07-07,1810.27,1872.0239905247693
TR-029767,2025-07-07,560.53,572.3008995316716
TR-029768,2025-07-07,384.65,366.02461215739095
TR-029769,2025-07-07,4203.06,4067.2479408171475
TR-029770,2025-07-07,2722.41,2491.49516977619
TR-029771,2025-07-07,1394.22,1362.0303796763733
TR-029772,2025-07-07,1754.92,1650.9695508442178
TR-029773,2025-07-07,1777.79,1793.9204853847518
TR-029774,2025-07-07,4212.42,4354.6401268754835
TR-029775,2025-07-07,2088.72,2043.326736258267
TR-029776,2025-07-07,998.63,1023.8112501687286
TR-029777,2025-07-07,2251.07,2184.0409568321493
TR-029778,2025-07-07,1031.12,1014.5562246383093
TR-029779,2025-07-07,3039.93,3080.7350296233226
TR-029780,2025-07-07,1076.51,1071.6076491522585
TR-029781,2025-07-07,643.11,623.6241760606122
TR-029782,2025-07-07,4946.54,4723.519744889079
TR-029783,2025-07-07,951.82,945.289796210905
TR-029784,2025-07-07,1619.46,1595.051021069787
TR-029785,2025-07-07,4576.49,4576.835555076545
TR-029786,2025-07-07,2157.24,2140.164140118417
TR-029787,2025-07-07,785.28,825.6963685544642
TR-029788,2025-07-07,2011.13,1988.7544995461144
TR-029789,2025-07-07,4166.98,4096.968737937912
TR-029790,2025-07-07,4351.72,1714.3044772001103
TR-029791,2025-07-07,2570.66,2491.0807785346933
TR-029792,2025-07-07,3764.81,3781.394595752181
TR-029793,2025-07-07,3472.67,3428.6671542286754
TR-029794,2025-07-07,972.06,951.263570808539
TR-029795,2025-07-07,1872.28,1877.1080386881226
TR-029796,2025-07-07,2046.59,1951.025988183782
TR-029797,2025-07-07,2179.72,2246.6836234389925
TR-029798,2025-07-07,1208.32,1188.964907587062
TR-029799,2025-07-07,812.94,836.688142600176
TR-029800,2025-07-07,3253.63,3350.29855456147
TR-029801,2025-07-07,3060.08,3090.3041520479874
TR-029802,2025-07-07,722.1,722.3406315012137
TR-029803,2025-07-07,952.36,981.1187220299532
TR-029804,2025-07-07,1631.59,1652.9710950639694
TR-029805,2025-07-07,3728.4,3905.2406563882387
TR-029806,2025-07-07,4889.84,4824.756837872335
TR-029807,2025-07-07,1196.07,1196.0273895841683
TR-029808,2025-07-07,3066.58,3091.599745738959
TR-029809,2025-07-07,3686.7,3582.300954247392
TR-029810,2025-07-07,3348.65,3383.466959591054
TR-029811,2025-07-07,263.32,1195.419422764047
TR-029812,2025-07-07,1909.16,1816.5143268352526
TR-029813,2025-07-07,1118.11,1149.7557197589647
TR-029814,2025-07-07,1963.8,2016.3660859570039
TR-029815,2025-07-07,1179.95,1139.2091213295814
TR-029816,2025-07-07,4140.45,4057.960464808483
TR-029817,2025-07-07,3332.63,3334.6190134496546
TR-029818,2025-07-07,2996.51,3060.9301827967884
TR-029819,2025-07-07,1076.08,1058.680465165069
TR-029820,2025-07-07,5157.08,5260.388126096243
TR-029821,2025-07-07,3260.8,3305.6467197364564
TR-029822,2025-07-07,2970.19,2732.798156170225
TR-029823,2025-07-07,2531.29,2639.3731260234154
TR-029824,2025-07-07,1222.4,1266.5728800027182
TR-029825,2025-07-07,3915.5,3930.6457382703047
TR-029826,2025-07-07,1649.96,1644.7746278045784
TR-029827,2025-07-07,1038.42,1021.2479287065294
TR-029828,2025-07-07,1105.46,1149.5819184878046
TR-029829,2025-07-07,1140.4,1170.489466094164
TR-029830,2025-07-07,241.77,351.8757640782951
TR-029831,2025-07-07,4796.23,4686.9180122337175
TR-029832,2025-07-07,2627.06,2626.7890286644756
TR-029833,2025-07-07,3740.1,3721.0161209858334
TR-029834,2025-07-07,705.3,730.556686051563
TR-029835,2025-07-07,1847.01,1860.8731211821782
TR-029836,2025-07-07,2054.9,2110.1179791540358
TR-029837,2025-07-07,2730.21,2989.233519216176
TR-029838,2025-07-07,985.22,979.4733285719155
TR-029839,2025-07-07,558.22,584.2394401049748
TR-029840,2025-07-07,2056.06,2117.497042649007
TR-029841,2025-07-07,2936.61,2957.481587179714
TR-029842,2025-07-07,3223.34,3157.469869620728
TR-029843,2025-07-07,4852.09,4633.751772054319
TR-029844,2025-07-07,1826.8,1829.2307970162306
TR-029845,2025-07-07,4920.45,4826.371866510541
TR-029846,2025-07-07,1646.33,1620.6520134006737
TR-029847,2025-07-07,4098.28,3825.409765364756
TR-029848,2025-07-07,3933.73,3743.0031420712967
TR-029849,2025-07-07,1846.89,1912.7108781338288
TR-029850,2025-07-07,3910.23,3869.6121934031207
TR-029851,2025-07-07,2291.12,2252.050456747328
TR-029852,2025-07-07,1430.19,1397.6819535834657
TR-029853,2025-07-07,1880.41,1892.549596456671
TR-029854,2025-07-07,1149.71,1109.5834871820337
TR-029855,2025-07-07,5071.42,5120.227853503942
TR-029856,2025-07-07,985.59,1024.5291391671649
TR-029857,2025-07-07,1053.52,1115.328289367223
TR-029858,2025-07-07,795.93,806.3691301799761
TR-029859,2025-07-07,937.62,906.3752311151798
TR-029860,2025-07-07,1773.57,1815.1636026380152
TR-029861,2025-07-07,761.96,781.1333134391909
TR-029862,2025-07-07,649.15,604.6940107261994
TR-029863,2025-07-07,2634.37,2546.2009090947904
TR-029864,2025-07-07,4382.8,4303.2663208481745
TR-029865,2025-07-07,6127.77,6061.324882207402
TR-029866,2025-07-07,2749.98,2889.0440155009023
TR-029867,2025-07-07,2117.13,2021.212413575521
TR-029868,2025-07-07,529.64,522.978781535802
TR-029869,2025-07-07,1682.91,1733.6890841511845
TR-029870,2025-07-07,917.0,928.8605817715688
TR-029871,2025-07-07,1441.54,1407.923325371818
TR-029872,2025-07-07,2108.04,2100.900851689707
TR-029873,2025-07-07,2153.45,2188.1324102443664
TR-029874,2025-07-07,745.13,768.9184423718202
TR-029875,2025-07-07,4275.75,4197.779910784959
TR-029876,2025-07-07,1759.78,1702.939071008286
TR-029877,2025-07-07,2618.05,2534.772095882175
TR-029878,2025-07-07,1551.91,1539.8696470772556
TR-029879,2025-07-07,1207.83,1210.5264669127816
TR-029880,2025-07-07,3816.51,3874.8974015580693
TR-029881,2025-07-07,2594.91,2529.7718942433917
TR-029882,2025-07-07,1428.73,1392.4399473846818
TR-029883,2025-07-07,2385.68,2364.9179755786513
TR-029884,2025-07-07,1130.41,1126.4419802228676
TR-029885,2025-07-07,2666.36,2776.613867249178
TR-029886,2025-07-07,2616.03,2498.270646503926
TR-029887,2025-07-07,2579.89,2399.7484101000036
TR-029888,2025-07-07,3845.66,1186.116302024061
TR-029889,2025-07-07,1370.56,1297.2798416675673
TR-029890,2025-07-07,2076.69,2046.801205713275
TR-029891,2025-07-07,4103.29,4158.727735107963
TR-029892,2025-07-07,3937.2,3993.562897223169
TR-029893,2025-07-07,4142.27,4159.514685142157
TR-029894,2025-07-07,4380.44,4311.853125061694
TR-029895,2025-07-07,3669.44,3607.6450334023307
TR-029896,2025-07-07,5806.21,5703.540133038157
TR-029897,2025-07-07,3717.33,3626.921686352902
TR-029898,2025-07-07,3918.62,3996.4174983005787
TR-029899,2025-07-07,762.97,780.7906746210756
TR-029900,2025-07-07,672.44,654.9149412504976
TR-029901,2025-07-07,588.46,604.5394799356286
TR-029902,2025-07-07,1780.94,1758.777230640414
TR-029903,2025-07-07,2076.43,2183.2557108723586
TR-029904,2025-07-07,2985.89,2818.585815207679
TR-029905,2025-07-07,3520.39,3471.954912598544
TR-029906,2025-07-07,3022.93,2931.113374435304
TR-029907,2025-07-07,1485.47,1425.3426542662987
TR-029908,2025-07-07,3627.75,3700.170605299384
TR-029909,2025-07-07,1377.56,1344.6200487959384
TR-029910,2025-07-07,1005.05,972.9241753353722
TR-029911,2025-07-07,5280.81,5396.750476002904
TR-029912,2025-07-07,4152.27,3943.9239445895564
TR-029913,2025-07-07,1677.13,1633.8436431647026
TR-029914,2025-07-07,308.96,391.46959606402675
TR-029915,2025-07-07,1546.41,1520.6155235270671
TR-029916,2025-07-07,1509.34,1473.5613595494333
TR-029917,2025-07-07,2598.13,2389.028424155226
TR-029918,2025-07-07,2802.36,2998.745722645095
TR-029919,2025-07-07,3308.09,3093.857698660543
TR-029920,2025-07-07,2575.87,2617.2978841568997
TR-029921,2025-07-08,1644.7,1618.4463712233373
TR-029922,2025-07-08,452.53,524.5138824199023
TR-029923,2025-07-08,1773.86,1709.4235936065704
TR-029924,2025-07-08,5407.07,5357.5380781259055
TR-029925,2025-07-08,1827.0,1845.4884582081038
TR-029926,2025-07-08,750.24,786.3791500590937
TR-029927,2025-07-08,5195.32,5009.138055076193
TR-029928,2025-07-08,1659.44,1645.0582094927536
TR-029929,2025-07-08,3807.67,3808.340362728529
TR-029930,2025-07-08,4625.88,4680.734393008028
TR-029931,2025-07-08,2559.65,2362.0920037377177
TR-029932,2025-07-08,1869.96,1876.8225407185585
TR-029933,2025-07-08,1741.74,1711.9191129698058
TR-029934,2025-07-08,1864.5,1847.679796528225
TR-029935,2025-07-08,2157.75,2193.326434554463
TR-029936,2025-07-08,4454.91,4305.820749736111
TR-029937,2025-07-08,1846.43,1767.1590645231513
TR-029938,2025-07-08,4308.43,4358.197152280654
TR-029939,2025-07-08,2424.46,2413.873808306296
TR-029940,2025-07-08,4293.06,4490.007510908822
TR-029941,2025-07-08,3220.54,3081.3528876017135
TR-029942,2025-07-08,1065.49,1039.508690482036
TR-029943,2025-07-08,1055.32,1140.9766985263677
TR-029944,2025-07-08,4251.67,4181.6520932326
TR-029945,2025-07-08,5234.45,5101.320286146096
TR-029946,2025-07-08,4787.27,4783.655117606479
TR-029947,2025-07-08,1742.46,1722.1948962780484
TR-029948,2025-07-08,3396.48,3370.43889603364
TR-029949,2025-07-08,598.25,618.6658282393414
TR-029950,2025-07-08,5491.89,5354.388566900747
TR-029951,2025-07-08,2161.73,2195.4353615203045
TR-029952,2025-07-08,1195.62,1165.9503692937571
TR-029953,2025-07-08,2540.32,2487.588616714732
TR-029954,2025-07-08,2806.38,2651.641189444188
TR-029955,2025-07-08,1886.19,1878.9359252882916
TR-029956,2025-07-08,2163.87,2073.0823947458925
TR-029957,2025-07-08,3004.0,2920.285623153917
TR-029958,2025-07-08,1142.68,1117.9948984832724
TR-029959,2025-07-08,2841.34,2678.8948852903795
TR-029960,2025-07-08,1825.14,1895.9504886028808
TR-029961,2025-07-08,3356.42,3334.7694865504764
TR-029962,2025-07-08,1293.11,1227.3567049116637
TR-029963,2025-07-08,3583.66,3562.6292811907238
TR-029964,2025-07-08,2300.37,2221.928070750885
TR-029965,2025-07-08,2565.53,2400.139640698888
TR-029966,2025-07-08,2733.0,2799.5985017687417
TR-029967,2025-07-08,1609.28,1601.9005838607125
TR-029968,2025-07-08,1995.25,2070.9750738590565
TR-029969,2025-07-08,1488.25,1427.5134671395995
TR-029970,2025-07-08,1984.16,1918.8639501448583
TR-029971,2025-07-08,2713.57,2699.777747145494
TR-029972,2025-07-08,2286.85,2401.248314806484
TR-029973,2025-07-08,1124.29,1144.7905218294904
TR-029974,2025-07-08,1333.38,1288.9442784725675
TR-029975,2025-07-08,3526.89,3516.2129051181764
TR-029976,2025-07-08,2104.75,2212.7948649243667
TR-029977,2025-07-08,1291.2,1243.2311602984864
TR-029978,2025-07-08,1308.6,1330.2281685647035
TR-029979,2025-07-08,3618.61,3707.6438248214763
TR-029980,2025-07-08,704.43,733.8053285540946
TR-029981,2025-07-08,3929.93,4094.559176726954
TR-029982,2025-07-08,607.63,602.2917022258416
TR-029983,2025-07-08,4203.07,4246.335347476852
TR-029984,2025-07-08,890.88,884.5643720292069
TR-029985,2025-07-08,913.71,913.0833124367157
TR-029986,2025-07-08,4293.71,4389.524689425274
TR-029987,2025-07-08,4101.92,4154.89735945171
TR-029988,2025-07-08,4916.55,4733.375273829951
TR-029989,2025-07-08,906.56,890.3697507185541
TR-029990,2025-07-08,5112.96,5209.465581577739
TR-029991,2025-07-08,2354.4,2125.4276224574232
TR-029992,2025-07-08,3177.96,3193.532607243375
TR-029993,2025-07-08,4704.81,4670.647372419069
TR-029994,2025-07-08,997.17,1005.4079513640423
TR-029995,2025-07-08,3777.81,3836.3565440813463
TR-029996,2025-07-08,3749.13,3728.5184507926147
TR-029997,2025-07-08,1585.47,1592.4354836160956
TR-029998,2025-07-08,1025.8,1058.487786039174
TR-029999,2025-07-08,2408.88,2517.8641384979155
TR-030000,2025-07-08,1141.97,1180.8907616110728
TR-030001,2025-07-08,2376.48,2305.3109422144826
TR-030002,2025-07-08,5720.81,5571.505140699478
TR-030003,2025-07-08,3627.57,3430.7208825999296
TR-030004,2025-07-08,1332.8,1298.610376441546
TR-030005,2025-07-08,1383.7,1415.1595146199525
TR-030006,2025-07-08,2777.65,2558.3821145601096
TR-030007,2025-07-08,1368.29,1287.6195553620269
TR-030008,2025-07-08,4208.45,4031.017585521841
TR-030009,2025-07-08,3361.33,3288.439838915919
TR-030010,2025-07-08,1944.06,1947.7862488739286
TR-030011,2025-07-08,1162.95,1150.105062459148
TR-030012,2025-07-08,2389.02,2380.4379496436277
TR-030013,2025-07-08,3689.71,3796.851589872578
TR-030014,2025-07-08,2967.97,2864.7876595599732
TR-030015,2025-07-08,631.45,648.4609768448558
TR-030016,2025-07-08,257.56,707.513594525004
TR-030017,2025-07-08,1167.59,1134.2174450325056
TR-030018,2025-07-08,2709.45,2563.859212538617
TR-030019,2025-07-08,3697.65,3781.771353579803
TR-030020,2025-07-08,3279.46,3418.179866063894
TR-030021,2025-07-08,2917.16,3123.3323666365677
TR-030022,2025-07-08,867.03,894.4418218013234
TR-030023,2025-07-08,2155.12,2130.2449630272768
TR-030024,2025-07-08,648.08,665.9007510851152
TR-030025,2025-07-08,659.71,637.9943893404088
TR-030026,2025-07-08,1822.58,1824.8373140603908
TR-030027,2025-07-08,4917.64,4821.7815194074465
TR-030028,2025-07-08,3390.55,3518.7157734833127
TR-030029,2025-07-08,1863.17,1830.7376864629011
TR-030030,2025-07-08,1290.16,1270.5063341957416
TR-030031,2025-07-08,5068.93,4937.5632902213165
TR-030032,2025-07-08,1326.82,1274.4089753947644
TR-030033,2025-07-08,654.74,643.1984454620238
TR-030034,2025-07-08,3069.03,3049.892331631886
TR-030035,2025-07-08,3625.56,3698.231575897823
TR-030036,2025-07-08,1111.55,1117.3211275157091
TR-030037,2025-07-08,4601.79,4584.146200257101
TR-030038,2025-07-08,2516.27,2339.94007987052
TR-030039,2025-07-08,4506.2,4153.832946264451
TR-030040,2025-07-08,1688.02,1731.7407049727283
TR-030041,2025-07-08,1373.06,1417.3988321402944
TR-030042,2025-07-08,3881.78,3690.0918306850226
TR-030043,2025-07-08,1176.33,1189.140409422061
TR-030044,2025-07-08,1867.59,1783.1922867499527
TR-030045,2025-07-08,607.6,576.4103051314437
TR-030046,2025-07-08,1334.43,1300.2920952850864
TR-030047,2025-07-08,600.02,595.0697722470072
TR-030048,2025-07-08,2020.54,1992.0213171909456
TR-030049,2025-07-08,2461.77,2480.9652278934736
TR-030050,2025-07-08,1220.34,1212.083583305995
TR-030051,2025-07-08,1150.24,1107.2608899001589
TR-030052,2025-07-08,1171.78,1181.0036507024552
TR-030053,2025-07-08,843.66,863.3522798975055
TR-030054,2025-07-08,2932.68,2940.5718435895765
TR-030055,2025-07-08,670.67,674.74259640524
TR-030056,2025-07-08,1821.22,1779.2450223079693
TR-030057,2025-07-08,2084.7,2129.7561485479146
TR-030058,2025-07-08,1723.45,1645.7717258753241
TR-030059,2025-07-08,2271.48,2236.463821074281
TR-030060,2025-07-08,1183.92,1175.885300637664
TR-030061,2025-07-08,2355.46,2215.151395567401
TR-030062,2025-07-08,1749.53,1649.4644092675899
TR-030063,2025-07-08,3752.29,3737.250603865743
TR-030064,2025-07-08,2078.58,2085.567384386941
TR-030065,2025-07-08,1571.22,1576.5867912276062
TR-030066,2025-07-08,1337.74,1338.9981166546474
TR-030067,2025-07-08,440.58,407.71143112231607
TR-030068,2025-07-08,2122.34,2212.0797393992602
TR-030069,2025-07-08,3595.37,3607.2391632691224
TR-030070,2025-07-08,413.57,444.51408958478146
TR-030071,2025-07-08,2407.45,2549.6195364754003
TR-030072,2025-07-08,3719.01,3691.2580014816367
TR-030073,2025-07-08,2163.53,2095.3251675163547
TR-030074,2025-07-08,4168.93,4257.381830005387
TR-030075,2025-07-08,3893.03,3721.0510958451523
TR-030076,2025-07-08,4797.89,4844.894458287628
TR-030077,2025-07-08,984.19,930.2817212369653
TR-030078,2025-07-08,1491.15,1439.3250104344265
TR-030079,2025-07-09,1918.31,1885.7079070582708
TR-030080,2025-07-09,2505.27,2547.7741652701607
TR-030081,2025-07-09,689.7,671.4491074130888
TR-030082,2025-07-09,1177.25,1160.2931721079394
TR-030083,2025-07-09,823.68,870.4321093444808
TR-030084,2025-07-09,1586.23,1561.014166524988
TR-030085,2025-07-09,4460.44,4447.963192688452
TR-030086,2025-07-09,1179.49,1176.012110076426
TR-030087,2025-07-09,2525.5,2499.800050208567
TR-030088,2025-07-09,3252.7,3245.6286221724317
TR-030089,2025-07-09,861.45,835.8543113025801
TR-030090,2025-07-09,733.1,761.2612325648684
TR-030091,2025-07-09,1213.49,1164.021489151237
TR-030092,2025-07-09,1021.99,1017.927187791903
TR-030093,2025-07-09,3560.52,3345.6077840089547
TR-030094,2025-07-09,1125.27,1084.3202812898107
TR-030095,2025-07-09,597.85,595.2883071349195
TR-030096,2025-07-09,2443.73,2368.1164052001445
TR-030097,2025-07-09,1196.88,1197.0106527293328
TR-030098,2025-07-09,3787.41,3979.0187297862394
TR-030099,2025-07-09,2504.91,2343.769403131627
TR-030100,2025-07-09,1114.16,1133.185373024076
TR-030101,2025-07-09,1617.52,1595.419502518784
TR-030102,2025-07-09,699.76,665.976305523448
TR-030103,2025-07-09,2677.13,2679.6519414975055
TR-030104,2025-07-09,2589.23,2403.1874436728485
TR-030105,2025-07-09,4836.0,4641.47152013142
TR-030106,2025-07-09,5216.09,5222.512278871706
TR-030107,2025-07-09,2488.39,2360.1213440406023
TR-030108,2025-07-09,3721.62,3724.799477700156
TR-030109,2025-07-09,2798.5,2542.2474580776516
TR-030110,2025-07-09,4221.43,4023.829277502836
TR-030111,2025-07-09,2899.95,2720.7495920305787
TR-030112,2025-07-09,2060.38,1947.1119586828659
TR-030113,2025-07-09,3093.4,3156.8465510343035
TR-030114,2025-07-09,1694.08,1704.750665120393
TR-030115,2025-07-09,376.78,363.6274947404693
TR-030116,2025-07-09,2573.8,2527.150479947243
TR-030117,2025-07-09,573.61,592.0379401657458
TR-030118,2025-07-09,1731.16,1770.5627815311532
TR-030119,2025-07-09,4923.86,4855.034981121236
TR-030120,2025-07-09,2370.49,2373.510556501063
TR-030121,2025-07-09,3468.06,3521.166311956355
TR-030122,2025-07-09,2957.67,2677.7261773069313
TR-030123,2025-07-09,1015.2,1004.7305356690922
TR-030124,2025-07-09,2925.94,2723.863641333647
TR-030125,2025-07-09,1204.9,1185.6208676639853
TR-030126,2025-07-09,2264.18,2167.481059533036
TR-030127,2025-07-09,538.31,538.2378657818322
TR-030128,2025-07-09,4180.35,3994.112244902277
TR-030129,2025-07-09,790.68,794.6326342471095
TR-030130,2025-07-09,858.02,853.370544811251
TR-030131,2025-07-09,2210.64,2351.776537731814
TR-030132,2025-07-09,2130.31,2059.1840925519746
TR-030133,2025-07-09,5376.03,5391.097964721814
TR-030134,2025-07-09,1368.21,1342.3346128348721
TR-030135,2025-07-09,880.62,860.1379471855319
TR-030136,2025-07-09,2633.33,2495.5135810074153
TR-030137,2025-07-09,3214.93,3094.7879940332177
TR-030138,2025-07-09,1410.07,1344.6243404581176
TR-030139,2025-07-09,1544.25,1468.7719915265152
TR-030140,2025-07-09,4028.53,3951.0375507008075
TR-030141,2025-07-09,1131.34,1058.7515606521474
TR-030142,2025-07-09,6253.88,6120.102295638419
TR-030143,2025-07-09,837.32,821.8305268540107
TR-030144,2025-07-09,345.24,337.0495842341436
TR-030145,2025-07-09,604.66,596.5813089473259
TR-030146,2025-07-09,5490.92,5414.255468467127
TR-030147,2025-07-09,3548.48,3658.792015486984
TR-030148,2025-07-09,561.47,568.9107133584316
TR-030149,2025-07-09,2610.84,2526.185986932531
TR-030150,2025-07-09,4107.71,4107.245343645243
TR-030151,2025-07-09,4673.1,4698.3405195341875
TR-030152,2025-07-09,1018.93,1028.8368093983065
TR-030153,2025-07-09,1963.42,1921.392941942969
TR-030154,2025-07-09,4096.14,4164.375465714735
TR-030155,2025-07-09,1261.07,1255.9026018253885
TR-030156,2025-07-09,1047.4,1083.2065907566275
TR-030157,2025-07-09,1491.03,1508.1876195077384
TR-030158,2025-07-09,1871.14,1857.510387019134
TR-030159,2025-07-09,941.58,929.7189880082237
TR-030160,2025-07-09,1051.8,1002.6539070752148
TR-030161,2025-07-09,2295.37,2262.0155856388305
TR-030162,2025-07-09,2309.83,2458.2253254872858
TR-030163,2025-07-09,1752.57,1739.146064853682
TR-030164,2025-07-09,947.02,954.9872905623777
TR-030165,2025-07-09,4639.86,4731.218486228467
TR-030166,2025-07-09,2156.39,2126.5043832275783
TR-030167,2025-07-09,641.98,643.9725985044413
TR-030168,2025-07-09,4130.83,3978.351339922442
TR-030169,2025-07-09,1977.38,1922.8964765896694
TR-030170,2025-07-09,5432.18,5275.125498217154
TR-030171,2025-07-09,4457.44,4359.057984476132
TR-030172,2025-07-09,3381.78,3485.593186057363
TR-030173,2025-07-09,2422.81,2309.3339516244037
TR-030174,2025-07-09,1628.56,1560.7673140889262
TR-030175,2025-07-09,1832.26,1853.1646378763476
TR-030176,2025-07-09,1625.66,1603.1713860635898
TR-030177,2025-07-09,2032.0,1999.2245642346616
TR-030178,2025-07-09,2439.62,2322.950517019543
TR-030179,2025-07-09,5210.28,5062.922122118507
TR-030180,2025-07-09,358.61,373.27644066699486
TR-030181,2025-07-09,823.5,864.7432288504403
TR-030182,2025-07-09,4181.78,4166.2371099246175
TR-030183,2025-07-09,4156.52,4177.735685418195
TR-030184,2025-07-09,4388.84,4477.928776221076
TR-030185,2025-07-09,5057.59,4857.497164657625
TR-030186,2025-07-09,1095.22,1057.0083836014196
TR-030187,2025-07-09,2087.95,2079.8564257919097
TR-030188,2025-07-09,1689.82,1560.0593940888484
TR-030189,2025-07-09,3016.53,3021.4488699326917
TR-030190,2025-07-09,1074.18,1078.5103401296517
TR-030191,2025-07-09,2452.29,2637.579018700592
TR-030192,2025-07-09,3536.39,3736.2010684841634
TR-030193,2025-07-09,1477.74,1466.1099628602724
TR-030194,2025-07-09,642.44,599.1195875311
TR-030195,2025-07-09,3963.63,3734.3396956227784
TR-030196,2025-07-09,3875.7,3893.181597470158
TR-030197,2025-07-09,1852.71,1836.3637615031657
TR-030198,2025-07-09,2701.94,2671.9775860350364
TR-030199,2025-07-09,3050.6,2850.5595822768
TR-030200,2025-07-09,3908.63,3946.535406100852
TR-030201,2025-07-09,5504.76,5175.69261818351
TR-030202,2025-07-09,2968.73,2973.954461078618
TR-030203,2025-07-09,3858.33,3827.383585000852
TR-030204,2025-07-09,3713.37,3554.3763937360854
TR-030205,2025-07-09,2952.19,2719.1535328046934
TR-030206,2025-07-09,1505.23,1422.07575836668
TR-030207,2025-07-09,4231.6,4150.673688616744
TR-030208,2025-07-09,1402.44,1408.1498944861469
TR-030209,2025-07-09,1783.63,1758.9139450479906
TR-030210,2025-07-09,3698.1,3716.283065343282
TR-030211,2025-07-09,1377.03,1312.3296721199972
TR-030212,2025-07-09,1098.53,1127.415160782893
TR-030213,2025-07-09,1137.98,1143.3564246250007
TR-030214,2025-07-09,2549.82,2529.829465412286
TR-030215,2025-07-09,1003.06,1019.2638094583801
TR-030216,2025-07-09,4588.11,4257.931064336648
TR-030217,2025-07-09,5099.39,5090.900234048211
TR-030218,2025-07-09,1361.85,1349.516406746588
TR-030219,2025-07-09,394.67,400.56318219952664
TR-030220,2025-07-09,6025.48,5893.294624460906
TR-030221,2025-07-09,1032.94,1010.6579521961975
TR-030222,2025-07-09,1722.75,1726.4550095618886
TR-030223,2025-07-09,900.24,893.2948266909675
TR-030224,2025-07-09,3537.12,3617.047602208384
TR-030225,2025-07-09,2312.7,2267.1616867410758
TR-030226,2025-07-09,1830.89,1866.5045374401393
TR-030227,2025-07-09,1321.23,1251.7898792260173
TR-030228,2025-07-09,1245.3,1274.8850535285842
TR-030229,2025-07-09,3730.35,3825.866506499651
TR-030230,2025-07-09,2628.19,2653.8398531527855
TR-030231,2025-07-09,968.65,950.1027645578363
TR-030232,2025-07-09,4748.61,4601.3322287798155
TR-030233,2025-07-09,5015.01,4856.453859397755
TR-030234,2025-07-09,4412.43,4361.657687599563
TR-030235,2025-07-09,1411.03,1438.0721261990345
TR-030236,2025-07-09,3444.42,3371.7109601866227
TR-030237,2025-07-09,2415.31,2399.396178482558
TR-030238,2025-07-09,4379.17,4470.531752028648
TR-030239,2025-07-10,2373.65,2296.4093670276693
TR-030240,2025-07-10,897.34,879.5313355127421
TR-030241,2025-07-10,3399.79,3518.5023809532286
TR-030242,2025-07-10,3815.85,3579.8649017028893
TR-030243,2025-07-10,1815.89,1786.3810716394842
TR-030244,2025-07-10,1045.47,1076.9834555096163
TR-030245,2025-07-10,5115.5,4856.681084575182
TR-030246,2025-07-10,4418.0,4378.926035406008
TR-030247,2025-07-10,9195.08,2311.4773077223304
TR-030248,2025-07-10,1737.14,1656.769746963313
TR-030249,2025-07-10,2628.29,2533.094363644994
TR-030250,2025-07-10,2058.62,2035.4434028767128
TR-030251,2025-07-10,2239.98,2211.6381707057767
TR-030252,2025-07-10,4130.03,4084.0575481847486
TR-030253,2025-07-10,1099.01,1073.8446410239208
TR-030254,2025-07-10,2180.16,2087.3874768614587
TR-030255,2025-07-10,805.51,819.5234477483464
TR-030256,2025-07-10,1829.67,1823.9287710366675
TR-030257,2025-07-10,2870.07,2960.6393536996984
TR-030258,2025-07-10,831.31,872.722739399014
TR-030259,2025-07-10,3472.38,3290.273618528536
TR-030260,2025-07-10,1791.11,1813.3503251361033
TR-030261,2025-07-10,2803.99,2805.384067866264
TR-030262,2025-07-10,4313.93,4374.833651264153
TR-030263,2025-07-10,3828.95,3787.599701794839
TR-030264,2025-07-10,2358.71,2493.933582475776
TR-030265,2025-07-10,2316.84,2115.340843731742
TR-030266,2025-07-10,1707.48,1618.7879763051578
TR-030267,2025-07-10,2163.0,2185.513162923161
TR-030268,2025-07-10,2203.3,2205.893226886096
TR-030269,2025-07-10,1684.25,1658.4617720761498
TR-030270,2025-07-10,4289.7,4284.081939034419
TR-030271,2025-07-10,380.61,411.1070823404125
TR-030272,2025-07-10,1298.18,1261.3418524294689
TR-030273,2025-07-10,1886.23,1804.5054114941047
TR-030274,2025-07-10,1955.39,1958.2030506972287
TR-030275,2025-07-10,1886.21,1859.775459088636
TR-030276,2025-07-10,3753.04,3493.1461726425696
TR-030277,2025-07-10,2574.13,2461.5751914572297
TR-030278,2025-07-10,4267.8,4014.3618848618444
TR-030279,2025-07-10,3311.28,3365.9651681055457
TR-030280,2025-07-10,1200.02,1220.0013305014086
TR-030281,2025-07-10,712.33,739.3750250938165
TR-030282,2025-07-10,1962.96,719.2452803136714
TR-030283,2025-07-10,1430.89,1383.5329128016624
TR-030284,2025-07-10,2426.25,2410.101690634451
TR-030285,2025-07-10,1671.53,1608.2672944541134
TR-030286,2025-07-10,2926.74,2816.7715548374154
TR-030287,2025-07-10,3778.76,3911.4299271567916
TR-030288,2025-07-10,1679.51,1681.617771205058
TR-030289,2025-07-10,1128.63,1115.4378848600873
TR-030290,2025-07-10,828.3,842.6652578682026
TR-030291,2025-07-10,4702.08,4717.300546036497
TR-030292,2025-07-10,3554.06,3661.6431416445275
TR-030293,2025-07-10,4086.68,4099.670955283395
TR-030294,2025-07-10,1080.81,1057.401182823603
TR-030295,2025-07-10,1453.52,1390.6526412114663
TR-030296,2025-07-10,3467.68,3446.158861168052
TR-030297,2025-07-10,4546.52,4246.64346143223
TR-030298,2025-07-10,1278.08,1316.2300940337013
TR-030299,2025-07-10,731.19,742.8579385374953
TR-030300,2025-07-10,1134.64,1115.6393487385067
TR-030301,2025-07-10,3798.22,3911.86150027689
TR-030302,2025-07-10,2234.27,2384.7832496552933
TR-030303,2025-07-10,2035.77,2020.9917020596279
TR-030304,2025-07-10,3139.08,3110.7560492990306
TR-030305,2025-07-10,4340.03,4337.913163507135
TR-030306,2025-07-10,4249.28,4016.3032117324356
TR-030307,2025-07-10,3411.75,3390.45611610004
TR-030308,2025-07-10,3009.16,2974.764637471631
TR-030309,2025-07-10,1207.36,1176.4522635251528
TR-030310,2025-07-10,4002.13,3788.0090657533174
TR-030311,2025-07-10,4302.23,4128.834617300152
TR-030312,2025-07-10,857.92,852.1487572201625
TR-030313,2025-07-10,773.56,780.2147976821332
TR-030314,2025-07-10,1566.2,1537.3606072644757
TR-030315,2025-07-10,1251.91,1255.2173550595935
TR-030316,2025-07-10,3722.25,3545.712880389997
TR-030317,2025-07-10,630.34,638.9635741560867
TR-030318,2025-07-10,5218.42,5072.29713787368
TR-030319,2025-07-10,2452.12,2410.0591709864325
TR-030320,2025-07-10,2518.98,2446.5137717406355
TR-030321,2025-07-10,768.57,3368.758768645404
TR-030322,2025-07-10,2055.19,2070.855473674786
TR-030323,2025-07-10,4238.49,3953.045083893423
TR-030324,2025-07-10,2802.16,2794.8415660939754
TR-030325,2025-07-10,1195.69,1188.1414265452015
TR-030326,2025-07-10,4291.58,4247.12499666799
TR-030327,2025-07-10,294.68,401.67101268073225
TR-030328,2025-07-10,3353.23,3408.846699494271
TR-030329,2025-07-10,1854.9,1748.7265259374708
TR-030330,2025-07-10,1700.99,1687.5966212377712
TR-030331,2025-07-10,1917.99,1892.071458295626
TR-030332,2025-07-10,1547.92,1550.5624534066967
TR-030333,2025-07-10,3888.68,3858.5950169558446
TR-030334,2025-07-10,400.03,440.1398056183814
TR-030335,2025-07-10,1767.35,1748.043756090021
TR-030336,2025-07-10,1314.74,1293.169947860913
TR-030337,2025-07-10,1294.11,1316.429003543356
TR-030338,2025-07-10,2455.29,2553.7572494099154
TR-030339,2025-07-10,4729.75,4344.3016430745665
TR-030340,2025-07-10,695.57,688.9742881050493
TR-030341,2025-07-10,1738.57,1683.518170495223
TR-030342,2025-07-10,975.29,4518.3124376274845
TR-030343,2025-07-10,1077.35,1077.0529358914591
TR-030344,2025-07-10,2142.74,2143.2496246377464
TR-030345,2025-07-10,1849.91,1919.8375276282984
TR-030346,2025-07-10,4137.3,4064.9587112969425
TR-030347,2025-07-10,1639.8,1630.8485558551129
TR-030348,2025-07-10,1812.31,1719.056148582783
TR-030349,2025-07-10,620.69,620.1963121638528
TR-030350,2025-07-10,1084.15,1035.359456484927
TR-030351,2025-07-10,515.33,546.5823707831878
TR-030352,2025-07-10,1316.25,1298.7258625883055
TR-030353,2025-07-10,2280.68,2221.047054187051
TR-030354,2025-07-10,3007.69,2922.2046635009797
TR-030355,2025-07-10,1363.17,1329.1094251648472
TR-030356,2025-07-10,4101.61,4259.733007230614
TR-030357,2025-07-10,1003.31,984.6853922172168
TR-030358,2025-07-10,2185.23,2152.9028507671615
TR-030359,2025-07-10,2191.39,2209.4048503844842
TR-030360,2025-07-10,1186.89,1201.2163366695572
TR-030361,2025-07-10,2535.9,2357.871809828399
TR-030362,2025-07-10,4237.3,3962.1358702620287
TR-030363,2025-07-10,1843.28,1861.3098020467955
TR-030364,2025-07-10,1822.83,1795.608190699782
TR-030365,2025-07-10,3137.89,3043.2738279326145
TR-030366,2025-07-10,2146.76,2099.1537552575674
TR-030367,2025-07-10,2687.1,2811.1649230072285
TR-030368,2025-07-10,2147.47,2126.5328610029924
TR-030369,2025-07-10,4108.07,4204.979194285143
TR-030370,2025-07-10,1903.09,1897.3485475961445
TR-030371,2025-07-10,2883.01,2627.7236417660793
TR-030372,2025-07-10,2023.87,2079.7320800419434
TR-030373,2025-07-10,1971.33,1864.338161836457
TR-030374,2025-07-10,674.36,680.3973475313785
TR-030375,2025-07-10,1124.0,1101.1653338958636
TR-030376,2025-07-10,1550.5,1480.8097344616863
TR-030377,2025-07-10,1232.56,1242.3101253191355
TR-030378,2025-07-10,1603.28,1610.7951961840276
TR-030379,2025-07-10,1544.9,1506.7517806983346
TR-030380,2025-07-10,3028.0,3172.5760320484046
TR-030381,2025-07-10,2550.07,2454.7019826708283
TR-030382,2025-07-10,1308.99,1260.6295658503668
TR-030383,2025-07-10,1108.93,1071.3879053330156
TR-030384,2025-07-10,2976.55,2949.4551648142524
TR-030385,2025-07-10,2039.29,2054.0994519299393
TR-030386,2025-07-10,736.1,704.6904483169967
TR-030387,2025-07-10,1757.22,1752.2617615671068
TR-030388,2025-07-10,1886.66,1865.2008534924496
TR-030389,2025-07-10,2177.86,2116.185047443694
TR-030390,2025-07-10,1975.47,1944.8474979086036
TR-030391,2025-07-10,2197.73,2034.342949641132
TR-030392,2025-07-10,4356.37,4275.499972132146
TR-030393,2025-07-10,3877.58,3871.743392314389
TR-030394,2025-07-10,1302.0,1327.9255469475945
TR-030395,2025-07-10,775.05,767.7130642949107
TR-030396,2025-07-10,1347.03,1281.256108561693
TR-030397,2025-07-10,581.53,585.3261924047872
TR-030398,2025-07-10,3562.07,3523.404249416494
TR-030399,2025-07-10,405.35,410.17321229964887
TR-030400,2025-07-10,588.0,557.2202259762546
TR-030401,2025-07-11,1740.14,1716.056456975718
TR-030402,2025-07-11,1564.51,1588.756310566746
TR-030403,2025-07-11,1679.46,1611.4451804599498
TR-030404,2025-07-11,1687.22,1677.5931240624236
TR-030405,2025-07-11,2442.57,2436.74339223869
TR-030406,2025-07-11,1238.04,1222.777105231798
TR-030407,2025-07-11,2698.28,2444.608042984127
TR-030408,2025-07-11,773.41,797.1324434033238
TR-030409,2025-07-11,1929.35,1967.7829498859583
TR-030410,2025-07-11,3519.09,3393.877020017867
TR-030411,2025-07-11,2017.2,1996.6519802826947
TR-030412,2025-07-11,1633.32,1577.9814512174999
TR-030413,2025-07-11,2553.12,2419.1923585906193
TR-030414,2025-07-11,578.85,582.5430515871274
TR-030415,2025-07-11,3201.57,3260.0049500210966
TR-030416,2025-07-11,1568.48,1528.159873533252
TR-030417,2025-07-11,3257.96,3299.6345732551554
TR-030418,2025-07-11,1342.88,1278.36180949833
TR-030419,2025-07-11,1549.37,1518.7467619812471
TR-030420,2025-07-11,2016.18,2188.906351132698
TR-030421,2025-07-11,1807.82,1800.147818562065
TR-030422,2025-07-11,2456.53,2401.534202564786
TR-030423,2025-07-11,256.45,349.6177405806411
TR-030424,2025-07-11,1855.24,1821.9185475632876
TR-030425,2025-07-11,6266.37,6180.964136781895
TR-030426,2025-07-11,2498.42,2473.3411744655405
TR-030427,2025-07-11,582.19,551.2140363171541
TR-030428,2025-07-11,1228.6,1218.528960303167
TR-030429,2025-07-11,1076.83,1083.5795283328116
TR-030430,2025-07-11,2763.46,2665.728234500403
TR-030431,2025-07-11,1941.54,1869.9651122120374
TR-030432,2025-07-11,3633.13,3738.0494979957602
TR-030433,2025-07-11,2720.36,2536.0872070957603
TR-030434,2025-07-11,5767.46,5747.774170271287
TR-030435,2025-07-11,2016.79,1950.4061490595457
TR-030436,2025-07-11,1727.51,1719.2414724816053
TR-030437,2025-07-11,4757.05,4684.170587072133
TR-030438,2025-07-11,944.04,900.9059160679749
TR-030439,2025-07-11,790.33,767.8973202549519
TR-030440,2025-07-11,1726.64,1646.4170377781163
TR-030441,2025-07-11,3629.97,3551.0590705837512
TR-030442,2025-07-11,1918.28,1931.281692750351
TR-030443,2025-07-11,2981.44,2971.162068952126
TR-030444,2025-07-11,1716.55,1760.5511733766384
TR-030445,2025-07-11,1875.33,1905.1810223479342
TR-030446,2025-07-11,2205.88,2082.0171362749384
TR-030447,2025-07-11,2371.55,2385.7221085270767
TR-030448,2025-07-11,5144.32,5052.781621834447
TR-030449,2025-07-11,1227.77,1265.136871856671
TR-030450,2025-07-11,3896.53,3728.184346932225
TR-030451,2025-07-11,4977.66,5203.287441772948
TR-030452,2025-07-11,3240.86,3501.787654945977
TR-030453,2025-07-11,4136.94,4248.614910787986
TR-030454,2025-07-11,3811.69,3891.5015944979723
TR-030455,2025-07-11,2211.05,2108.407282020883
TR-030456,2025-07-11,609.87,600.3732809668795
TR-030457,2025-07-11,4873.99,5086.234045280647
TR-030458,2025-07-11,1712.44,1635.2538285259793
TR-030459,2025-07-11,3403.88,3529.33940053226
TR-030460,2025-07-11,1405.33,1381.8362492688839
TR-030461,2025-07-11,2890.52,2887.272016355723
TR-030462,2025-07-11,3143.44,2977.75773843353
TR-030463,2025-07-11,5108.04,4986.880031499646
TR-030464,2025-07-11,2972.43,2782.8389953638844
TR-030465,2025-07-11,3229.92,3255.2107664508203
TR-030466,2025-07-11,1971.93,1884.6027414914356
TR-030467,2025-07-11,1076.73,1029.662234251301
TR-030468,2025-07-11,4037.3,3933.080504205811
TR-030469,2025-07-11,1659.3,1637.1503611618946
TR-030470,2025-07-11,2284.14,2272.5817962172223
TR-030471,2025-07-11,991.96,1013.7891443097051
TR-030472,2025-07-11,594.84,584.9390475188407
TR-030473,2025-07-11,784.37,787.7642441849953
TR-030474,2025-07-11,1538.29,1581.5275191928258
TR-030475,2025-07-11,1152.41,1166.4938753303777
TR-030476,2025-07-11,4525.25,4321.964626493351
TR-030477,2025-07-11,3744.87,3563.403320072667
TR-030478,2025-07-11,1418.62,1368.961028932758
TR-030479,2025-07-11,3954.39,3975.461878688293
TR-030480,2025-07-11,2609.26,2740.8065442937636
TR-030481,2025-07-11,3343.63,3198.263903447897
TR-030482,2025-07-11,4015.8,3877.957667771928
TR-030483,2025-07-11,1243.34,1246.9330629189376
TR-030484,2025-07-11,2871.44,2682.1309125124467
TR-030485,2025-07-11,2062.09,2007.4312413880698
TR-030486,2025-07-11,2870.35,3010.7069981609216
TR-030487,2025-07-11,2793.09,2632.349952290581
TR-030488,2025-07-11,902.09,897.4019493492997
TR-030489,2025-07-11,2013.0,1973.7390859396962
TR-030490,2025-07-11,3207.33,2999.5154496959867
TR-030491,2025-07-11,1914.13,1834.914131738526
TR-030492,2025-07-11,3882.52,3937.4682620776175
TR-030493,2025-07-11,3690.44,3472.3827988591147
TR-030494,2025-07-11,4747.59,4738.476211801257
TR-030495,2025-07-11,3456.02,3655.056693988963
TR-030496,2025-07-11,901.88,931.5294438485182
TR-030497,2025-07-11,1081.31,1060.1872860604394
TR-030498,2025-07-11,6305.98,6101.1712227383705
TR-030499,2025-07-11,1607.62,1647.4041605884395
TR-030500,2025-07-11,1065.25,1068.3012325691911
TR-030501,2025-07-11,2274.3,2195.073106187671
TR-030502,2025-07-11,3016.82,3188.619083562664
TR-030503,2025-07-11,1667.35,1663.5900089574602
TR-030504,2025-07-11,2061.53,2001.4614006346153
TR-030505,2025-07-11,728.28,741.9594901260843
TR-030506,2025-07-11,1035.0,1063.6048359454098
TR-030507,2025-07-11,1563.21,1520.2259104511309
TR-030508,2025-07-11,494.43,481.2215235830504
TR-030509,2025-07-11,5725.17,5491.82650209576
TR-030510,2025-07-11,3514.5,3595.8076936274533
TR-030511,2025-07-11,1358.99,614.7210927575586
TR-030512,2025-07-11,1260.8,1273.920479416389
TR-030513,2025-07-11,2303.83,2175.0773471181687
TR-030514,2025-07-11,1474.65,1487.9238533047474
TR-030515,2025-07-11,1980.45,1990.58751918165
TR-030516,2025-07-11,648.69,634.0970491190908
TR-030517,2025-07-11,1927.79,1880.4511418352022
TR-030518,2025-07-11,2517.17,2446.7740503358677
TR-030519,2025-07-11,854.89,817.4276841774349
TR-030520,2025-07-11,2100.29,2061.4784808683735
TR-030521,2025-07-11,1407.3,1411.9123699733834
TR-030522,2025-07-11,1717.31,1732.4266839992997
TR-030523,2025-07-11,1245.57,1260.0592792146078
TR-030524,2025-07-11,1140.16,1103.535591225277
TR-030525,2025-07-11,4513.38,4216.602637452572
TR-030526,2025-07-11,2390.61,2421.910024745836
TR-030527,2025-07-11,1673.86,1660.1233026079096
TR-030528,2025-07-11,1820.79,1835.1940513838672
TR-030529,2025-07-11,750.35,765.1206019139161
TR-030530,2025-07-11,4190.89,4139.482113886577
TR-030531,2025-07-11,2012.11,1992.7495066221916
TR-030532,2025-07-11,3836.62,3597.4253627997914
TR-030533,2025-07-11,2113.91,2146.8727058260283
TR-030534,2025-07-11,4424.19,4143.462972236359
TR-030535,2025-07-11,2616.67,2537.267659078069
TR-030536,2025-07-11,1467.73,1386.661895472067
TR-030537,2025-07-11,2481.8,2582.6441314103267
TR-030538,2025-07-11,4759.82,4571.492207891371
TR-030539,2025-07-11,1546.1,1568.5520285859998
TR-030540,2025-07-11,4014.1,3976.8891425893644
TR-030541,2025-07-11,1434.29,1373.19993876517
TR-030542,2025-07-11,1683.92,1709.0771875909604
TR-030543,2025-07-11,1553.15,1583.9133977299916
TR-030544,2025-07-11,4921.95,4785.533685600749
TR-030545,2025-07-11,5103.52,5091.471191857059
TR-030546,2025-07-11,203.79,356.41171051774245
TR-030547,2025-07-11,4157.51,4158.6094300793975
TR-030548,2025-07-11,4497.89,4500.528305672966
TR-030549,2025-07-11,3280.06,3217.894897300119
TR-030550,2025-07-11,1327.62,1335.8665364229712
TR-030551,2025-07-11,1087.12,1092.6661321210986
TR-030552,2025-07-11,3872.4,3863.706136480135
TR-030553,2025-07-11,3950.65,3767.0698313783887
TR-030554,2025-07-11,396.96,1100.8949937884147
TR-030555,2025-07-11,4706.47,4717.085463061212
TR-030556,2025-07-12,1582.52,1596.526149692547
TR-030557,2025-07-12,3375.78,3490.437689865135
TR-030558,2025-07-12,361.11,402.4651402292011
TR-030559,2025-07-12,1166.72,1173.7660734556753
TR-030560,2025-07-12,2139.92,2062.5429918751943
TR-030561,2025-07-12,2030.05,1999.6277653445059
TR-030562,2025-07-12,4349.07,4307.682313921996
TR-030563,2025-07-12,1344.15,1326.8853843060429
TR-030564,2025-07-12,1898.77,1892.1682961859938
TR-030565,2025-07-12,1205.38,1140.3797884057517
TR-030566,2025-07-12,2329.47,2222.063911734369
TR-030567,2025-07-12,1630.6,1592.2685118989234
TR-030568,2025-07-12,534.63,545.8982426773416
TR-030569,2025-07-12,1904.16,1821.6653970347634
TR-030570,2025-07-12,1168.73,1201.8431480563486
TR-030571,2025-07-12,1959.68,1925.1671744501477
TR-030572,2025-07-12,2508.14,2407.0247099563917
TR-030573,2025-07-12,4582.06,4749.06072420491
TR-030574,2025-07-12,736.17,745.066776171921
TR-030575,2025-07-12,764.43,747.4608283884643
TR-030576,2025-07-12,763.81,747.6825670867574
TR-030577,2025-07-12,1079.94,1081.5656363119426
TR-030578,2025-07-12,1192.53,1214.4115845635934
TR-030579,2025-07-12,5799.27,5786.408465664492
TR-030580,2025-07-12,1582.17,1577.7332272659266
TR-030581,2025-07-12,1676.06,1683.186649580151
TR-030582,2025-07-12,2518.79,2328.617814296384
TR-030583,2025-07-12,1434.59,1406.4580917959352
TR-030584,2025-07-12,3122.35,3297.1942902664623
TR-030585,2025-07-12,2640.3,2720.3838126838837
TR-030586,2025-07-12,1778.52,1772.852368398033
TR-030587,2025-07-12,2479.15,2504.6458261347007
TR-030588,2025-07-12,685.37,657.4283273490892
TR-030589,2025-07-12,1066.85,1073.812315418148
TR-030590,2025-07-12,3171.73,3037.2596628299425
TR-030591,2025-07-12,4594.73,4618.751244476631
TR-030592,2025-07-12,3667.36,3792.096236099983
TR-030593,2025-07-12,1420.59,1358.5812417007714
TR-030594,2025-07-12,1896.84,1838.0578712954105
TR-030595,2025-07-12,3049.71,3232.117431208997
TR-030596,2025-07-12,2454.58,2290.1889753080386
TR-030597,2025-07-12,2328.88,2383.6073294593243
TR-030598,2025-07-12,3695.67,3618.7660235896847
TR-030599,2025-07-12,1544.7,1550.5515991166624
TR-030600,2025-07-12,1097.2,1088.3121191342461
TR-030601,2025-07-12,1766.12,1732.9132983888694
TR-030602,2025-07-12,1892.28,1878.7240155423283
TR-030603,2025-07-12,3538.64,3791.553348705321
TR-030604,2025-07-12,1708.49,1853.2956279767538
TR-030605,2025-07-12,1969.98,2066.7350670878204
TR-030606,2025-07-12,1063.53,1024.8568379472918
TR-030607,2025-07-12,1824.22,1671.3704804498593
TR-030608,2025-07-12,920.38,934.9723286758583
TR-030609,2025-07-12,549.54,550.3053397587234
TR-030610,2025-07-12,1028.6,990.2780283329332
TR-030611,2025-07-12,2544.72,2538.9569494489515
TR-030612,2025-07-12,1414.68,1438.3140832289891
TR-030613,2025-07-12,2685.28,2591.2846249703034
TR-030614,2025-07-12,1794.12,1804.3654335086326
TR-030615,2025-07-12,469.04,453.9293840632722
TR-030616,2025-07-12,1121.45,1111.393214427088
TR-030617,2025-07-12,1261.64,1289.8863752509728
TR-030618,2025-07-12,2416.93,2288.5775347652093
TR-030619,2025-07-12,3306.46,3277.5910399994773
TR-030620,2025-07-12,3423.76,3330.425550802971
TR-030621,2025-07-12,2065.96,2139.3245452292736
TR-030622,2025-07-12,3673.45,3905.3532152916505
TR-030623,2025-07-12,1820.89,1819.6363315173317
TR-030624,2025-07-12,1541.39,1558.4588712394493
TR-030625,2025-07-12,1480.38,1408.9643075708088
TR-030626,2025-07-12,2345.65,2093.641768677493
TR-030627,2025-07-12,1568.51,1628.6900697173908
TR-030628,2025-07-12,1455.5,1492.5071030203908
TR-030629,2025-07-12,974.69,1001.7681123755558
TR-030630,2025-07-12,1895.5,2045.5206327435233
TR-030631,2025-07-12,3538.73,3537.8915930481653
TR-030632,2025-07-12,2672.73,2375.7437265012327
TR-030633,2025-07-12,2396.84,2543.286362535364
TR-030634,2025-07-12,4997.41,5170.603218414111
TR-030635,2025-07-12,1796.96,1798.0812611670515
TR-030636,2025-07-12,2174.18,2228.5430258119923
TR-030637,2025-07-12,929.42,915.6791034162236
TR-030638,2025-07-12,3609.71,3623.554756225166
TR-030639,2025-07-12,3369.42,3500.6607945361566
TR-030640,2025-07-12,1764.02,1749.6357087778515
TR-030641,2025-07-12,2527.27,2477.3718665746183
TR-030642,2025-07-12,2434.39,2456.2807134258587
TR-030643,2025-07-12,4391.45,4305.913176716719
TR-030644,2025-07-12,5340.69,5404.264333395115
TR-030645,2025-07-12,2170.43,2164.493437725899
TR-030646,2025-07-12,2875.23,2618.6543230494635
TR-030647,2025-07-12,1592.63,1531.7410184091104
TR-030648,2025-07-12,3549.24,3454.297092292522
TR-030649,2025-07-12,1244.92,1243.4668381684987
TR-030650,2025-07-12,4750.92,4793.791651950365
TR-030651,2025-07-12,3673.59,3474.0150218678627
TR-030652,2025-07-12,711.95,696.3958187449921
TR-030653,2025-07-12,1691.69,1664.1521134588395
TR-030654,2025-07-12,1057.38,1041.0613168258683
TR-030655,2025-07-12,3207.56,3168.804281012319
TR-030656,2025-07-12,4242.07,4147.939188290254
TR-030657,2025-07-12,2981.6,3157.619095229379
TR-030658,2025-07-12,2336.97,2310.2113005626657
TR-030659,2025-07-12,1592.75,1551.2243267065817
TR-030660,2025-07-12,907.85,935.7300535208724
TR-030661,2025-07-12,1193.71,1194.4475763948067
TR-030662,2025-07-12,4044.97,4036.8707184054547
TR-030663,2025-07-12,3819.9,3852.817731254599
TR-030664,2025-07-12,1546.66,1599.4793441300242
TR-030665,2025-07-12,2363.33,2446.368114515063
TR-030666,2025-07-12,2516.06,2463.473885528582
TR-030667,2025-07-12,1652.35,1609.193012015529
TR-030668,2025-07-12,3516.22,3267.893690843276
TR-030669,2025-07-12,1213.38,1238.3204914683006
TR-030670,2025-07-12,311.81,330.70689518600443
TR-030671,2025-07-12,4175.17,4124.475089046766
TR-030672,2025-07-12,616.27,610.107592419366
TR-030673,2025-07-12,930.57,973.2493042684509
TR-030674,2025-07-12,3309.52,3251.5437613411896
TR-030675,2025-07-12,962.96,982.5103503162336
TR-030676,2025-07-12,1625.64,1584.0352622811072
TR-030677,2025-07-12,3408.91,3326.1261456540337
TR-030678,2025-07-12,1557.97,1489.785990841553
TR-030679,2025-07-12,704.47,691.9045134702803
TR-030680,2025-07-12,1518.98,1424.3425843324685
TR-030681,2025-07-12,1854.9,1819.520755436106
TR-030682,2025-07-12,4060.4,3996.0707061695143
TR-030683,2025-07-12,2872.47,2848.36834047567
TR-030684,2025-07-12,1076.42,1068.092811123443
TR-030685,2025-07-12,2616.71,2805.4227927284805
TR-030686,2025-07-12,4186.0,4123.531487731083
TR-030687,2025-07-12,2203.03,2215.730932604277
TR-030688,2025-07-12,1471.4,1483.8929388247527
TR-030689,2025-07-12,2784.21,2798.3587432878
TR-030690,2025-07-12,3814.26,3845.03426849393
TR-030691,2025-07-12,3154.85,3116.6358410008534
TR-030692,2025-07-12,2507.85,2372.297376080065
TR-030693,2025-07-12,5414.25,5454.156640020382
TR-030694,2025-07-12,575.56,544.2691903417742
TR-030695,2025-07-12,1374.42,1395.457042085297
TR-030696,2025-07-12,1435.82,1421.5578234068057
TR-030697,2025-07-12,4016.37,4121.966718019393
TR-030698,2025-07-12,1648.54,1652.79570113594
TR-030699,2025-07-12,2480.34,2472.9135100744625
TR-030700,2025-07-12,1034.17,1034.1790347869924
TR-030701,2025-07-12,977.65,974.9224757107531
TR-030702,2025-07-12,714.25,677.0516260645174
TR-030703,2025-07-12,2850.62,2924.982724052904
TR-030704,2025-07-12,1600.92,1602.164313780122
TR-030705,2025-07-12,1677.72,1657.5549743517868
TR-030706,2025-07-12,59.68,294.6211293004212
TR-030707,2025-07-12,3532.44,3397.9844156329827
TR-030708,2025-07-12,1879.21,1822.4645528573271
TR-030709,2025-07-12,2405.92,2238.0221840859463
TR-030710,2025-07-12,1425.36,1416.2309036785914
TR-030711,2025-07-12,486.47,463.27767314439257
TR-030712,2025-07-12,780.01,812.6534859344335
TR-030713,2025-07-12,1003.71,1030.065853773077
TR-030714,2025-07-12,2800.97,2819.414370791442
TR-030715,2025-07-12,2940.64,3098.5988298982656
TR-030716,2025-07-12,4458.97,4329.054148589055
TR-030717,2025-07-12,4685.49,4573.384827074746
TR-030718,2025-07-12,1684.33,1774.289222311023
TR-030719,2025-07-12,4721.65,4465.906958179763
TR-030720,2025-07-12,2561.63,2540.618453102295
TR-030721,2025-07-12,1475.77,1523.6132652764038
TR-030722,2025-07-12,571.08,551.9515039526334
TR-030723,2025-07-12,3343.04,3375.0290643771946
TR-030724,2025-07-12,2666.67,2585.517307686866
TR-030725,2025-07-12,2231.48,2210.5903753935463
TR-030726,2025-07-12,1740.67,1720.9441249737715
TR-030727,2025-07-12,295.75,325.94832547005535
TR-030728,2025-07-12,644.13,633.7380009626311
TR-030729,2025-07-12,354.52,372.88412754109436
TR-030730,2025-07-12,4311.95,4352.438963730507
TR-030731,2025-07-12,2156.22,2104.1078630980583
TR-030732,2025-07-12,4086.56,3994.887087534508
TR-030733,2025-07-12,3823.2,3966.5667762362273
TR-030734,2025-07-12,473.3,513.6385471913538
TR-030735,2025-07-12,4622.8,4732.616605796144
TR-030736,2025-07-12,2396.05,2296.5494252529124
TR-030737,2025-07-12,778.53,776.6891637165288
TR-030738,2025-07-12,1814.43,1752.705805546661
TR-030739,2025-07-12,4568.56,4622.128749353393
TR-030740,2025-07-12,1514.04,1403.8188953016956
TR-030741,2025-07-12,1044.81,1069.0614209516038
TR-030742,2025-07-12,5089.15,5149.623528688911
TR-030743,2025-07-12,911.34,884.5016350562496
TR-030744,2025-07-12,4526.11,4478.629541443225
TR-030745,2025-07-12,610.41,573.3772053178277
TR-030746,2025-07-12,3760.95,3581.3217853696233
TR-030747,2025-07-13,1561.4,1576.476381019584
TR-030748,2025-07-13,3410.5,3416.794230051915
TR-030749,2025-07-13,891.18,871.3322554552797
TR-030750,2025-07-13,4795.16,1963.326779273746
TR-030751,2025-07-13,732.38,731.391321250693
TR-030752,2025-07-13,3658.81,3728.881121361677
TR-030753,2025-07-13,4145.37,4048.116446041843
TR-030754,2025-07-13,4839.33,4856.243503529347
TR-030755,2025-07-13,2113.95,2028.7972999247022
TR-030756,2025-07-13,871.33,901.8293865110859
TR-030757,2025-07-13,2287.78,2441.096454883148
TR-030758,2025-07-13,2152.13,2077.2700503572064
TR-030759,2025-07-13,1151.15,1125.08494038028
TR-030760,2025-07-13,2182.98,2197.679527646612
TR-030761,2025-07-13,2230.67,2283.90144521561
TR-030762,2025-07-13,3598.75,3541.5723261976464
TR-030763,2025-07-13,1064.0,1042.4635938242773
TR-030764,2025-07-13,2085.06,2087.0897589192596
TR-030765,2025-07-13,1122.73,1157.9380489947353
TR-030766,2025-07-13,1218.41,1250.9424381327096
TR-030767,2025-07-13,1345.82,1360.9862881355073
TR-030768,2025-07-13,1028.05,1046.481486351458
TR-030769,2025-07-13,1481.63,1581.3590425996701
TR-030770,2025-07-13,1943.03,1975.2874097494616
TR-030771,2025-07-13,1314.1,1327.5082810203382
TR-030772,2025-07-13,503.1,476.8284328424538
TR-030773,2025-07-13,3726.14,3636.546960896545
TR-030774,2025-07-13,3682.73,3471.418933711224
TR-030775,2025-07-13,2048.55,2090.3289745345196
TR-030776,2025-07-13,1550.27,1523.1751914761549
TR-030777,2025-07-13,4022.07,4002.2493687284878
TR-030778,2025-07-13,2326.7,2272.3558587270413
TR-030779,2025-07-13,4410.95,4372.210043597295
TR-030780,2025-07-13,890.93,933.6189906384277
TR-030781,2025-07-13,4992.12,4890.670942821406
TR-030782,2025-07-13,1165.89,1100.2830765905305
TR-030783,2025-07-13,880.74,845.8991467504397
TR-030784,2025-07-13,2021.66,1855.8109839278986
TR-030785,2025-07-13,2022.06,2049.1046896067705
TR-030786,2025-07-13,1722.7,1693.1852267425083
TR-030787,2025-07-13,892.59,889.5338141594723
TR-030788,2025-07-13,1356.1,1286.6220940742933
TR-030789,2025-07-13,1649.67,1636.2624016978803
TR-030790,2025-07-13,1674.54,1668.0514078592196
TR-030791,2025-07-13,2784.88,2571.267281581746
TR-030792,2025-07-13,2383.43,2452.4680623757527
TR-030793,2025-07-13,6065.51,5971.346603963673
TR-030794,2025-07-13,1786.01,1713.7712989935735
TR-030795,2025-07-13,688.99,683.7352842318573
TR-030796,2025-07-13,1462.35,1417.9711151792612
TR-030797,2025-07-13,3999.47,4019.365876670647
TR-030798,2025-07-13,1255.88,1238.1484518482894
TR-030799,2025-07-13,3450.04,3278.298530774596
TR-030800,2025-07-13,1675.24,1625.4309244445506
TR-030801,2025-07-13,751.2,769.2047508536712
TR-030802,2025-07-13,585.86,578.6780700567792
TR-030803,2025-07-13,1035.13,1012.8961380227792
TR-030804,2025-07-13,1359.53,1319.2539879017932
TR-030805,2025-07-13,3773.57,3642.543058495601
TR-030806,2025-07-13,912.34,953.4028519073988
TR-030807,2025-07-13,1452.6,1421.4675229485147
TR-030808,2025-07-13,1307.3,1284.4114707826502
TR-030809,2025-07-13,969.11,960.1909007256288
TR-030810,2025-07-13,1623.84,1580.7915141524784
TR-030811,2025-07-13,1252.32,1240.204567883211
TR-030812,2025-07-13,2470.29,2536.6582091038317
TR-030813,2025-07-13,2556.21,2493.915612799623
TR-030814,2025-07-13,2082.85,2024.6903334718124
TR-030815,2025-07-13,2757.5,2701.17951749758
TR-030816,2025-07-13,3779.43,3902.607955590457
TR-030817,2025-07-13,1377.33,1282.8106048307445
TR-030818,2025-07-13,4038.49,3966.514106989337
TR-030819,2025-07-13,3006.92,2759.9892676762656
TR-030820,2025-07-13,3780.45,3723.5845633502786
TR-030821,2025-07-13,2387.39,2367.4585659280738
TR-030822,2025-07-13,782.79,764.6581330414529
TR-030823,2025-07-13,2206.75,2143.8508562625007
TR-030824,2025-07-13,2122.49,2073.6973267670573
TR-030825,2025-07-13,845.86,840.000181002016
TR-030826,2025-07-13,997.28,959.1624752541818
TR-030827,2025-07-13,3989.15,3979.6611528484264
TR-030828,2025-07-13,2744.55,2826.348407017102
TR-030829,2025-07-13,2058.37,1976.4895067643486
TR-030830,2025-07-13,2030.82,2166.733973371074
TR-030831,2025-07-13,2759.22,2570.548211965526
TR-030832,2025-07-13,1293.41,1296.7282329569412
TR-030833,2025-07-13,3960.48,4079.9724762664914
TR-030834,2025-07-13,2090.8,2066.428698867514
TR-030835,2025-07-13,2241.72,2410.109781381865
TR-030836,2025-07-13,982.02,1005.4727678243952
TR-030837,2025-07-13,2406.93,2410.6389572455223
TR-030838,2025-07-13,2246.31,2301.1076665723094
TR-030839,2025-07-13,2783.66,2846.0145295352963
TR-030840,2025-07-13,836.56,819.2892269847721
TR-030841,2025-07-13,2043.29,1980.6601311632962
TR-030842,2025-07-13,749.7,781.2657284507372
TR-030843,2025-07-13,1154.47,1116.6378307647012
TR-030844,2025-07-13,4325.3,4278.505036056522
TR-030845,2025-07-13,993.97,1040.901122827804
TR-030846,2025-07-13,4314.78,4413.240027471478
TR-030847,2025-07-13,1145.24,1165.0063480873487
TR-030848,2025-07-13,2522.14,2530.847683587498
TR-030849,2025-07-13,1627.4,1626.5671874374038
TR-030850,2025-07-13,728.41,730.1121417545055
TR-030851,2025-07-13,4217.09,4200.326409130994
TR-030852,2025-07-13,2064.09,2004.3944709090636
TR-030853,2025-07-13,224.9,284.2459983305798
TR-030854,2025-07-13,4429.42,4416.257961386935
TR-030855,2025-07-13,1670.59,1649.3137055975114
TR-030856,2025-07-13,758.79,766.0365613744425
TR-030857,2025-07-13,312.99,277.6586423062115
TR-030858,2025-07-13,1001.52,976.6141939544486
TR-030859,2025-07-13,4827.69,4653.928178144213
TR-030860,2025-07-13,1874.57,1828.5884853007985
TR-030861,2025-07-13,2071.3,2125.1828645693613
TR-030862,2025-07-13,2351.95,2413.149928936736
TR-030863,2025-07-13,1383.51,1374.326692935676
TR-030864,2025-07-13,1265.86,1309.185004715063
TR-030865,2025-07-13,5283.97,5150.038988014183
TR-030866,2025-07-13,476.03,429.5916424776992
TR-030867,2025-07-13,1370.24,1344.3694308085132
TR-030868,2025-07-13,5702.78,5933.563116281855
TR-030869,2025-07-13,3011.81,3021.2187602921094
TR-030870,2025-07-13,1532.49,1417.956136559037
TR-030871,2025-07-13,3866.94,3804.290267422268
TR-030872,2025-07-13,3950.52,3876.050190101336
TR-030873,2025-07-13,4226.81,4226.910136289368
TR-030874,2025-07-13,5382.71,5141.710935816072
TR-030875,2025-07-13,2018.87,1984.1600758045245
TR-030876,2025-07-13,3086.11,3289.5943769724436
TR-030877,2025-07-13,4798.13,4774.985073646938
TR-030878,2025-07-13,1544.93,1564.7555902993176
TR-030879,2025-07-13,1991.18,1997.2024851817828
TR-030880,2025-07-13,4780.32,4694.424147076361
TR-030881,2025-07-13,2628.64,2698.6985382405246
TR-030882,2025-07-13,4926.8,4841.869521912569
TR-030883,2025-07-13,610.35,598.0481528700561
TR-030884,2025-07-13,3336.06,3513.763826600527
TR-030885,2025-07-13,1596.0,1564.981546244736
TR-030886,2025-07-13,2594.37,2657.5111794919258
TR-030887,2025-07-13,3417.87,3350.4070145480255
TR-030888,2025-07-13,2348.52,2240.014030698159
TR-030889,2025-07-13,2193.11,2119.546315670468
TR-030890,2025-07-13,4082.08,4156.650804741139
TR-030891,2025-07-13,3871.02,3970.1612384174487
TR-030892,2025-07-13,3108.39,923.3629748528524
TR-030893,2025-07-13,1075.32,1129.3054838103328
TR-030894,2025-07-13,2217.93,2270.3948580899496
TR-030895,2025-07-13,4549.32,4227.32073595969
TR-030896,2025-07-13,1084.28,1083.4336189545638
TR-030897,2025-07-13,4767.36,4617.511420667662
TR-030898,2025-07-13,764.55,766.5324970054808
TR-030899,2025-07-13,997.07,1017.8852680059098
TR-030900,2025-07-13,774.46,785.2234701622251
TR-030901,2025-07-13,3827.37,3812.9437644935306
TR-030902,2025-07-13,1156.04,1142.3098806693442
TR-030903,2025-07-13,4714.08,4611.311816327456
TR-030904,2025-07-13,2065.24,2026.0984552029122
TR-030905,2025-07-13,1196.57,1228.910907199885
TR-030906,2025-07-13,2054.27,2114.4072905056037
TR-030907,2025-07-13,2010.15,1955.0049478711574
TR-030908,2025-07-13,3822.26,3659.031725988425
TR-030909,2025-07-13,2478.38,2429.2432967179275
TR-030910,2025-07-13,780.67,720.1450137076158
TR-030911,2025-07-13,1592.78,1485.9602171771185
TR-030912,2025-07-13,2316.17,2184.6283909825597
TR-030913,2025-07-13,1645.68,1626.52479368527
TR-030914,2025-07-13,2027.85,2017.8389904082048
TR-030915,2025-07-13,3920.49,3981.902675664216
TR-030916,2025-07-13,3775.64,3712.643144655754
TR-030917,2025-07-13,890.78,883.8701117741286
TR-030918,2025-07-13,1499.46,1634.2880477125636
TR-030919,2025-07-13,1149.11,1133.9397438366775
TR-030920,2025-07-13,1464.45,1455.1032788210387
TR-030921,2025-07-13,3451.49,3401.1458587704774
TR-030922,2025-07-13,706.48,714.3656045760451
TR-030923,2025-07-14,2013.79,1982.2763087437384
TR-030924,2025-07-14,3977.13,3798.6362083495505
TR-030925,2025-07-14,5355.59,5284.101640655359
TR-030926,2025-07-14,1544.71,1461.8256172105912
TR-030927,2025-07-14,1495.6,1453.5985289384762
TR-030928,2025-07-14,5172.64,5021.638527756662
TR-030929,2025-07-14,4011.1,3936.7103785987856
TR-030930,2025-07-14,4097.64,4179.716925965912
TR-030931,2025-07-14,3050.75,3283.7506208676705
TR-030932,2025-07-14,3216.84,3206.8457867343923
TR-030933,2025-07-14,4303.41,4366.007944235109
TR-030934,2025-07-14,4481.51,4459.815026828011
TR-030935,2025-07-14,2716.36,2624.9365019097213
TR-030936,2025-07-14,361.91,374.72064696668235
TR-030937,2025-07-14,2253.82,2069.100900610665
TR-030938,2025-07-14,1106.54,1081.042998701268
TR-030939,2025-07-14,1002.36,1029.797336543561
TR-030940,2025-07-14,1052.89,1026.112670112715
TR-030941,2025-07-14,1256.28,1282.8227049293514
TR-030942,2025-07-14,898.29,859.7628539245679
TR-030943,2025-07-14,2864.99,2917.8637781055268
TR-030944,2025-07-14,493.72,480.0320471494192
TR-030945,2025-07-14,3072.58,2977.4038426498205
TR-030946,2025-07-14,3324.84,3144.0140178902284
TR-030947,2025-07-14,3688.5,3693.324672408893
TR-030948,2025-07-14,4177.2,4104.365955870911
TR-030949,2025-07-14,2966.57,2817.461533926244
TR-030950,2025-07-14,1790.77,1809.3954573932656
TR-030951,2025-07-14,1451.46,1532.4585376453729
TR-030952,2025-07-14,5975.08,5547.668416078346
TR-030953,2025-07-14,3176.69,3064.5397140322684
TR-030954,2025-07-14,1851.57,1842.9230212037428
TR-030955,2025-07-14,891.32,884.9912134562906
TR-030956,2025-07-14,2053.22,2121.1097068431295
TR-030957,2025-07-14,4609.63,4711.9155108099
TR-030958,2025-07-14,557.59,592.9771155854226
TR-030959,2025-07-14,983.41,986.955536009322
TR-030960,2025-07-14,2910.22,2830.779705436087
TR-030961,2025-07-14,3494.0,3462.888277837001
TR-030962,2025-07-14,2544.98,2564.931207316715
TR-030963,2025-07-14,576.24,563.2455143268664
TR-030964,2025-07-14,3613.63,3754.088336115592
TR-030965,2025-07-14,923.25,923.6903491864266
TR-030966,2025-07-14,803.51,853.6674182113845
TR-030967,2025-07-14,3835.93,3848.69473100525
TR-030968,2025-07-14,2299.7,2300.1793359025805
TR-030969,2025-07-14,268.86,327.0490840647585
TR-030970,2025-07-14,2823.78,2939.0906483489866
TR-030971,2025-07-14,2509.41,2481.421472540912
TR-030972,2025-07-14,525.15,537.1624110528292
TR-030973,2025-07-14,6516.72,6095.475143517066
TR-030974,2025-07-14,1006.11,1026.3810863560207
TR-030975,2025-07-14,612.21,616.0316907321287
TR-030976,2025-07-14,1769.34,1774.0104374418313
TR-030977,2025-07-14,1720.02,1702.1817165630673
TR-030978,2025-07-14,2189.38,2144.167459369135
TR-030979,2025-07-14,1169.63,1159.7760302575834
TR-030980,2025-07-14,4376.89,4381.185349857837
TR-030981,2025-07-14,977.71,957.9193960684679
TR-030982,2025-07-14,1104.31,1066.1132505242556
TR-030983,2025-07-14,2072.97,2048.2767322926957
TR-030984,2025-07-14,779.65,751.1421278251223
TR-030985,2025-07-14,1560.35,1580.3175270785944
TR-030986,2025-07-14,2303.43,2464.6879289507583
TR-030987,2025-07-14,2279.06,2097.2266149914276
TR-030988,2025-07-14,2300.43,2258.929965656326
TR-030989,2025-07-14,1673.65,1609.3409985899705
TR-030990,2025-07-14,1723.8,1771.010620420189
TR-030991,2025-07-14,3718.98,3584.2302081092384
TR-030992,2025-07-14,1468.72,1430.539744400091
TR-030993,2025-07-14,1572.4,1516.4818759166778
TR-030994,2025-07-14,3572.98,3467.039313156917
TR-030995,2025-07-14,3963.91,3791.6939431162045
TR-030996,2025-07-14,792.37,773.6007947641428
TR-030997,2025-07-14,5696.87,5463.852280742549
TR-030998,2025-07-14,1882.51,1896.321353341609
TR-030999,2025-07-14,4295.23,4362.010007093921
TR-031000,2025-07-14,4404.9,4264.0025816623265
TR-031001,2025-07-14,3129.2,2815.4384240281934
TR-031002,2025-07-14,2553.5,2446.4411209732043
TR-031003,2025-07-14,2700.92,2670.897766564687
TR-031004,2025-07-14,2590.21,2592.403250996845
TR-031005,2025-07-14,602.57,600.4173868676114
TR-031006,2025-07-14,1227.94,1249.1345655736063
TR-031007,2025-07-14,721.77,718.171248769509
TR-031008,2025-07-14,4337.99,4139.505106424574
TR-031009,2025-07-14,2459.35,2463.799036830834
TR-031010,2025-07-14,1605.46,1579.9727838732426
TR-031011,2025-07-14,600.87,605.456616141425
TR-031012,2025-07-14,3474.14,3448.026081693335
TR-031013,2025-07-14,2100.13,2011.6648057288348
TR-031014,2025-07-14,1609.27,1648.714570330205
TR-031015,2025-07-14,2206.95,2153.097635413312
TR-031016,2025-07-14,758.87,778.181345302582
TR-031017,2025-07-14,3492.31,3427.5028932725736
TR-031018,2025-07-14,4109.53,4252.116999820239
TR-031019,2025-07-14,926.82,3940.194671992779
TR-031020,2025-07-14,753.27,782.4674889913024
TR-031021,2025-07-14,964.44,981.2150818392238
TR-031022,2025-07-14,4574.6,4463.878965724432
TR-031023,2025-07-14,4116.38,3895.077879946726
TR-031024,2025-07-14,1782.79,1817.9678107376144
TR-031025,2025-07-14,3802.08,3718.0266216813034
TR-031026,2025-07-14,1654.42,1598.5392446397414
TR-031027,2025-07-14,1943.65,1903.2343137918194
TR-031028,2025-07-14,3136.73,3018.089588391417
TR-031029,2025-07-14,1297.39,1347.8974385575034
TR-031030,2025-07-14,1042.42,984.8785744548168
TR-031031,2025-07-14,3822.67,3945.962118664931
TR-031032,2025-07-14,5929.17,5287.073770701726
TR-031033,2025-07-14,1563.33,1576.0146735967396
TR-031034,2025-07-14,2962.14,2926.8208337779993
TR-031035,2025-07-14,1850.69,1859.03817479093
TR-031036,2025-07-14,1720.99,1705.4978315943968
TR-031037,2025-07-14,3956.97,3877.9782026602725
TR-031038,2025-07-14,3841.23,3781.986515408609
TR-031039,2025-07-14,2380.76,2363.643040083281
TR-031040,2025-07-14,2062.37,2030.285588925803
TR-031041,2025-07-14,3842.0,3725.2130492968918
TR-031042,2025-07-14,4003.37,4012.127470761668
TR-031043,2025-07-14,1204.56,1190.1787109329107
TR-031044,2025-07-14,4140.39,4174.2963457263295
TR-031045,2025-07-14,1642.24,1706.416793917936
TR-031046,2025-07-14,3859.46,3985.963564209261
TR-031047,2025-07-14,3440.06,3391.02006891027
TR-031048,2025-07-14,1980.59,2041.8729657878066
TR-031049,2025-07-14,1241.76,1265.8393035431377
TR-031050,2025-07-14,5052.56,4764.67080452269
TR-031051,2025-07-14,646.7,668.488736913605
TR-031052,2025-07-14,2707.19,2618.0944152477136
TR-031053,2025-07-14,2378.42,2431.7885077620626
TR-031054,2025-07-14,1021.92,1031.342956117178
TR-031055,2025-07-14,245.71,326.1027432770427
TR-031056,2025-07-14,2792.66,2736.434866267259
TR-031057,2025-07-14,1017.63,1004.3733348399392
TR-031058,2025-07-14,1481.47,1504.1535746827676
TR-031059,2025-07-14,3440.83,3525.60681998178
TR-031060,2025-07-14,1930.82,1928.069565291042
TR-031061,2025-07-14,2200.07,2107.14185778867
TR-031062,2025-07-14,1918.97,1877.4806252427263
TR-031063,2025-07-14,492.71,481.53941928402924
TR-031064,2025-07-14,2663.21,2662.9835512299032
TR-031065,2025-07-14,4484.12,4281.985529090041
TR-031066,2025-07-14,2557.11,2654.4216243417195
TR-031067,2025-07-14,6359.0,6116.108982558197
TR-031068,2025-07-14,2028.09,1987.8229598622854
TR-031069,2025-07-14,4856.54,4647.027576619068
TR-031070,2025-07-14,2566.75,2527.1970191901096
TR-031071,2025-07-14,915.73,913.371953037114
TR-031072,2025-07-14,1850.23,1823.4160020687582
TR-031073,2025-07-14,2802.59,3063.10571129056
TR-031074,2025-07-14,1813.98,1840.5923428431379
TR-031075,2025-07-14,3495.35,3440.3093609867383
TR-031076,2025-07-15,1028.63,1030.0116343789198
TR-031077,2025-07-15,1828.3,1791.6113857220553
TR-031078,2025-07-15,2828.32,2710.818168315928
TR-031079,2025-07-15,3718.96,3884.1600389298137
TR-031080,2025-07-15,4411.76,4512.785548703397
TR-031081,2025-07-15,4700.02,4674.476195830637
TR-031082,2025-07-15,2703.15,2602.594722942977
TR-031083,2025-07-15,4170.96,4211.420062924024
TR-031084,2025-07-15,4538.81,4430.801556797736
TR-031085,2025-07-15,3463.97,3507.187154248347
TR-031086,2025-07-15,3837.61,3783.976605754272
TR-031087,2025-07-15,5519.2,5513.757239109935
TR-031088,2025-07-15,5481.82,5458.270546668975
TR-031089,2025-07-15,3898.57,3874.0920767605576
TR-031090,2025-07-15,1834.62,1834.31649870031
TR-031091,2025-07-15,1468.29,1425.1910357022803
TR-031092,2025-07-15,1661.76,1626.3248581497778
TR-031093,2025-07-15,588.42,621.5576830623081
TR-031094,2025-07-15,2997.65,2845.5568427685607
TR-031095,2025-07-15,1070.62,1038.4524133050659
TR-031096,2025-07-15,4025.89,3926.792579173761
TR-031097,2025-07-15,4861.52,4675.434490592303
TR-031098,2025-07-15,2101.44,2102.5908337863348
TR-031099,2025-07-15,1330.11,1363.5402899894057
TR-031100,2025-07-15,1647.97,1704.0337284803302
TR-031101,2025-07-15,1394.12,1400.1767960310701
TR-031102,2025-07-15,4231.14,4199.412339898454
TR-031103,2025-07-15,3402.55,3688.126159694505
TR-031104,2025-07-15,2128.61,2073.804920638988
TR-031105,2025-07-15,896.3,918.4808887982169
TR-031106,2025-07-15,1146.04,1153.941047093548
TR-031107,2025-07-15,1149.63,1104.4890761403212
TR-031108,2025-07-15,3900.59,3905.597034825302
TR-031109,2025-07-15,3886.51,3937.577720770142
TR-031110,2025-07-15,3857.69,3767.760402037642
TR-031111,2025-07-15,2637.05,2473.823110100408
TR-031112,2025-07-15,4026.81,3936.851631536819
TR-031113,2025-07-15,1483.61,1414.5087756543885
TR-031114,2025-07-15,880.63,883.6380868092599
TR-031115,2025-07-15,589.95,641.8805082622059
TR-031116,2025-07-15,2619.05,2635.838852821017
TR-031117,2025-07-15,3670.22,3497.845307482362
TR-031118,2025-07-15,1033.64,1024.7682900370305
TR-031119,2025-07-15,1960.16,1948.1706062877788
TR-031120,2025-07-15,1133.6,1157.0415331440827
TR-031121,2025-07-15,3569.07,3679.343466175419
TR-031122,2025-07-15,4496.11,4407.703433244895
TR-031123,2025-07-15,2192.77,2282.797722506127
TR-031124,2025-07-15,3462.35,3436.493265618386
TR-031125,2025-07-15,1051.27,1047.092977977404
TR-031126,2025-07-15,1908.66,1955.8535622747193
TR-031127,2025-07-15,4779.51,4865.981743614186
TR-031128,2025-07-15,2800.39,2943.808632911846
TR-031129,2025-07-15,2132.27,2073.752708607032
TR-031130,2025-07-15,1962.71,1990.9256978295962
TR-031131,2025-07-15,5061.61,1686.9997991709456
TR-031132,2025-07-15,1779.31,1858.4254028819787
TR-031133,2025-07-15,438.84,492.58767500457975
TR-031134,2025-07-15,2242.32,2223.991791170572
TR-031135,2025-07-15,4073.44,4101.997515113557
TR-031136,2025-07-15,1908.18,1904.6786962890917
TR-031137,2025-07-15,5592.89,5492.4864071022
TR-031138,2025-07-15,2374.3,2271.1427568512536
TR-031139,2025-07-15,2479.34,2464.9934639720586
TR-031140,2025-07-15,2058.89,2036.7199156983218
TR-031141,2025-07-15,4651.51,4707.812982787202
TR-031142,2025-07-15,1987.29,1958.7762049289897
TR-031143,2025-07-15,5591.08,5467.335656147544
TR-031144,2025-07-15,542.36,557.7830962378587
TR-031145,2025-07-15,312.92,383.1133257891263
TR-031146,2025-07-15,3781.76,3908.485300943583
TR-031147,2025-07-15,1869.74,1883.2105016549567
TR-031148,2025-07-15,4280.67,4267.175850612911
TR-031149,2025-07-15,1131.43,1148.8183883132413
TR-031150,2025-07-15,3590.05,3556.562308415272
TR-031151,2025-07-15,2061.73,2053.651685202755
TR-031152,2025-07-15,5802.66,5475.536880486823
TR-031153,2025-07-15,730.52,757.7994776424894
TR-031154,2025-07-15,723.46,715.137693469725
TR-031155,2025-07-15,839.57,868.2239002220954
TR-031156,2025-07-15,1120.67,1167.6682867143697
TR-031157,2025-07-15,1005.61,999.0762763831862
TR-031158,2025-07-15,2175.61,2378.9307234426424
TR-031159,2025-07-15,4050.58,4063.709612174117
TR-031160,2025-07-15,4662.18,4525.460246228057
TR-031161,2025-07-15,2313.21,2283.245248779835
TR-031162,2025-07-15,2513.39,2453.8097485781514
TR-031163,2025-07-15,2475.03,2362.7297113996065
TR-031164,2025-07-15,3052.91,3222.578466133213
TR-031165,2025-07-15,1141.87,1141.4356351734195
TR-031166,2025-07-15,1415.54,1401.6123372134793
TR-031167,2025-07-15,4309.52,4298.015217014803
TR-031168,2025-07-15,2297.18,2235.3011861631007
TR-031169,2025-07-15,1373.21,1391.4189310160523
TR-031170,2025-07-15,3165.42,3087.7008256019462
TR-031171,2025-07-15,673.4,639.4815433874389
TR-031172,2025-07-15,3618.84,3489.912011147022
TR-031173,2025-07-15,2676.5,2359.517025212414
TR-031174,2025-07-15,4056.98,4136.2996518771415
TR-031175,2025-07-15,1185.63,1162.051631242458
TR-031176,2025-07-15,4080.45,3959.210442746048
TR-031177,2025-07-15,1156.3,1153.1227554810932
TR-031178,2025-07-15,912.09,968.9158519641489
TR-031179,2025-07-15,3341.52,3214.504199551845
TR-031180,2025-07-15,4128.74,4042.9589695224395
TR-031181,2025-07-15,6109.42,6047.072152231509
TR-031182,2025-07-15,885.35,896.1422412280233
TR-031183,2025-07-15,1100.5,1076.9877835710106
TR-031184,2025-07-15,4203.27,4040.999600524912
TR-031185,2025-07-15,474.14,448.3974619806388
TR-031186,2025-07-15,1544.4,1544.1891106715257
TR-031187,2025-07-15,4436.55,4478.5947979370885
TR-031188,2025-07-15,2530.21,2386.053574863816
TR-031189,2025-07-15,1039.62,1061.105225182507
TR-031190,2025-07-15,1343.16,1344.7199050511451
TR-031191,2025-07-15,3745.4,3750.7066896574197
TR-031192,2025-07-15,3428.99,3611.2972948398306
TR-031193,2025-07-15,2283.5,2250.1796888448366
TR-031194,2025-07-15,3505.89,3689.535400904967
TR-031195,2025-07-15,345.46,367.37174763891676
TR-031196,2025-07-15,3369.69,3083.767384483648
TR-031197,2025-07-15,3133.96,3068.3254109671993
TR-031198,2025-07-15,1395.35,1394.0228209210313
TR-031199,2025-07-15,910.93,939.0121485084569
TR-031200,2025-07-15,3460.09,3496.1377836180236
TR-031201,2025-07-15,2499.54,2318.9250428742534
TR-031202,2025-07-15,9445.95,2888.994770946917
TR-031203,2025-07-15,2406.54,2541.5293083769975
TR-031204,2025-07-15,3614.89,3528.8545175245144
TR-031205,2025-07-15,2665.86,2810.4740455762876
TR-031206,2025-07-15,4806.59,4800.614637508508
TR-031207,2025-07-15,4374.54,4306.004738000971
TR-031208,2025-07-15,5737.5,5547.0695528184715
TR-031209,2025-07-15,5800.11,5733.916216518066
TR-031210,2025-07-15,968.4,928.1435072085978
TR-031211,2025-07-15,1466.16,1446.2790827091249
TR-031212,2025-07-15,4253.1,4272.876766318154
TR-031213,2025-07-15,2551.17,2494.397471112516
TR-031214,2025-07-15,3565.25,3642.3627064445013
TR-031215,2025-07-15,4869.46,4801.123170151341
TR-031216,2025-07-15,1882.94,1884.952471942474
TR-031217,2025-07-15,909.27,928.9425064156399
TR-031218,2025-07-15,2911.96,3095.623132567038
TR-031219,2025-07-15,2488.57,2573.206955399655
TR-031220,2025-07-15,5477.69,5449.4841698225355
TR-031221,2025-07-15,1231.82,1260.36858875181
TR-031222,2025-07-15,1479.55,1429.237282001736
TR-031223,2025-07-15,2318.57,2246.0429759597114
TR-031224,2025-07-15,491.96,495.4122494089838
TR-031225,2025-07-16,2513.37,2529.045693581722
TR-031226,2025-07-16,1180.47,1165.910495295142
TR-031227,2025-07-16,1545.31,1540.870532914249
TR-031228,2025-07-16,1349.51,1354.094334586539
TR-031229,2025-07-16,1595.7,1580.433337569088
TR-031230,2025-07-16,531.33,548.8159695782672
TR-031231,2025-07-16,3745.55,3471.65308669791
TR-031232,2025-07-16,4736.47,4687.072565353231
TR-031233,2025-07-16,3269.88,3233.5282393832163
TR-031234,2025-07-16,4781.12,4522.585986801698
TR-031235,2025-07-16,3162.43,2961.757317001283
TR-031236,2025-07-16,4778.73,4452.63287898124
TR-031237,2025-07-16,1284.21,1246.9889052432281
TR-031238,2025-07-16,763.11,772.5816457588596
TR-031239,2025-07-16,6312.38,6170.044606735304
TR-031240,2025-07-16,2299.33,2183.3988793549192
TR-031241,2025-07-16,4552.61,4323.209692179787
TR-031242,2025-07-16,713.38,736.2363387573585
TR-031243,2025-07-16,2054.62,1997.2490669905603
TR-031244,2025-07-16,1846.19,1812.7823837050266
TR-031245,2025-07-16,343.21,423.6884659449356
TR-031246,2025-07-16,4944.65,4858.536404375363
TR-031247,2025-07-16,1164.94,1172.2061929091929
TR-031248,2025-07-16,2198.2,2202.4124299966
TR-031249,2025-07-16,2076.81,2083.8014288010872
TR-031250,2025-07-16,1688.09,1736.7939161452523
TR-031251,2025-07-16,3019.0,2948.117216452869
TR-031252,2025-07-16,5180.86,5177.351637605019
TR-031253,2025-07-16,3985.45,4079.023302646797
TR-031254,2025-07-16,1209.55,1265.9869235075312
TR-031255,2025-07-16,2629.73,2561.16091465933
TR-031256,2025-07-16,5202.28,5088.801806778269
TR-031257,2025-07-16,657.66,672.0542540472541
TR-031258,2025-07-16,1820.91,1857.7862784993738
TR-031259,2025-07-16,1691.93,1664.37078517696
TR-031260,2025-07-16,19042.39,3767.3787880581885
TR-031261,2025-07-16,2545.02,2401.1627403678876
TR-031262,2025-07-16,1700.07,1654.1699442984923
TR-031263,2025-07-16,4453.17,4184.885056410914
TR-031264,2025-07-16,1762.58,1696.7079196919221
TR-031265,2025-07-16,2458.42,2458.5507321300192
TR-031266,2025-07-16,2995.27,2791.693685364417
TR-031267,2025-07-16,1846.89,1765.783162085939
TR-031268,2025-07-16,2479.39,2412.2011190289004
TR-031269,2025-07-16,3948.52,3985.728151298281
TR-031270,2025-07-16,4388.84,4378.810691216348
TR-031271,2025-07-16,5341.61,5242.138456157032
TR-031272,2025-07-16,796.62,838.2107633644923
TR-031273,2025-07-16,4157.9,4128.418439959467
TR-031274,2025-07-16,811.4,846.0623294428958
TR-031275,2025-07-16,2531.05,2478.47267455543
TR-031276,2025-07-16,1334.81,1326.4196932104303
TR-031277,2025-07-16,2274.26,2087.961811356355
TR-031278,2025-07-16,2179.5,2164.052537559736
TR-031279,2025-07-16,1336.61,1315.392760804756
TR-031280,2025-07-16,2848.44,2737.1897948142187
TR-031281,2025-07-16,1016.23,1040.7784298257893
TR-031282,2025-07-16,3369.39,3414.086614247413
TR-031283,2025-07-16,2478.25,2520.8418278580493
TR-031284,2025-07-16,5817.95,5724.89060574597
TR-031285,2025-07-16,2797.85,2755.4651400971757
TR-031286,2025-07-16,1615.55,1620.1515301534937
TR-031287,2025-07-16,2282.64,2301.4472934631863
TR-031288,2025-07-16,4191.28,4345.713245045245
TR-031289,2025-07-16,1877.27,1798.020097860245
TR-031290,2025-07-16,1739.6,1663.7463892997862
TR-031291,2025-07-16,4179.08,4014.475119384338
TR-031292,2025-07-16,4635.54,4685.950432198557
TR-031293,2025-07-16,2837.44,2749.7666026525203
TR-031294,2025-07-16,804.91,2523.3564208815296
TR-031295,2025-07-16,2613.67,2607.1920305325375
TR-031296,2025-07-16,5018.11,4905.321012037072
TR-031297,2025-07-16,4643.35,4675.972094755496
TR-031298,2025-07-16,423.31,451.14663718342945
TR-031299,2025-07-16,2044.57,2022.3286195164483
TR-031300,2025-07-16,4560.5,4742.856561399028
TR-031301,2025-07-16,353.57,383.67611561128433
TR-031302,2025-07-16,1800.31,1813.5503655894768
TR-031303,2025-07-16,4358.6,1835.7388615516086
TR-031304,2025-07-16,2821.46,2810.593900255548
TR-031305,2025-07-16,1537.67,1551.8523066832354
TR-031306,2025-07-16,1143.56,1107.007712086566
TR-031307,2025-07-16,1417.5,1412.0704701558402
TR-031308,2025-07-16,562.63,552.6156194960558
TR-031309,2025-07-16,4130.49,3910.61325651914
TR-031310,2025-07-16,1566.47,1554.723425762726
TR-031311,2025-07-16,2037.41,1943.1447098419508
TR-031312,2025-07-16,1010.31,999.78865526016
TR-031313,2025-07-16,5392.04,5216.65230642887
TR-031314,2025-07-16,1488.69,1499.9639837261154
TR-031315,2025-07-16,2684.4,2579.8580406929987
TR-031316,2025-07-16,2095.89,2142.141847929764
TR-031317,2025-07-16,3175.88,3048.965836205948
TR-031318,2025-07-16,1129.56,1115.7812292463814
TR-031319,2025-07-16,1954.38,1992.460898295323
TR-031320,2025-07-16,1174.86,1199.6282236803722
TR-031321,2025-07-16,1734.09,1716.8430113311933
TR-031322,2025-07-16,2210.71,2164.892490515728
TR-031323,2025-07-16,1278.83,1266.355754527844
TR-031324,2025-07-16,1152.25,1121.9009940580809
TR-031325,2025-07-16,2305.91,2333.608965948024
TR-031326,2025-07-16,2942.26,3025.219680792845
TR-031327,2025-07-16,6510.96,6251.198394907744
TR-031328,2025-07-16,2371.78,2367.5935870519224
TR-031329,2025-07-16,1954.96,1949.1779867826854
TR-031330,2025-07-16,1423.55,1356.3994283296297
TR-031331,2025-07-16,956.22,942.286632743627
TR-031332,2025-07-16,2894.8,2729.003300432936
TR-031333,2025-07-16,5970.35,1643.8570051938964
TR-031334,2025-07-16,2963.06,3162.3534960293746
TR-031335,2025-07-16,1694.67,1653.698576852115
TR-031336,2025-07-16,902.78,931.2297881745599
TR-031337,2025-07-16,966.36,972.4024948268577
TR-031338,2025-07-16,4544.07,4290.151246010109
TR-031339,2025-07-16,1660.46,1671.8573015699394
TR-031340,2025-07-16,312.22,339.8632326848099
TR-031341,2025-07-16,2629.41,2669.5747260996377
TR-031342,2025-07-16,3531.56,3398.8617915328937
TR-031343,2025-07-16,4615.93,4487.696224236207
TR-031344,2025-07-16,4006.49,3977.4751499311224
TR-031345,2025-07-16,3435.48,3468.087253903883
TR-031346,2025-07-16,2103.16,2168.1054609948665
TR-031347,2025-07-16,2088.78,2009.7438886120046
TR-031348,2025-07-16,926.88,929.5891775342266
TR-031349,2025-07-16,1186.7,1078.4346640954623
TR-031350,2025-07-16,2685.15,2492.9061429728686
TR-031351,2025-07-16,2928.02,2930.235199616211
TR-031352,2025-07-16,3691.21,3589.714002427444
TR-031353,2025-07-16,2363.35,2192.9690876970644
TR-031354,2025-07-16,1341.26,1328.7141370643503
TR-031355,2025-07-16,1941.56,1856.528292209172
TR-031356,2025-07-16,2065.8,2000.5364170686212
TR-031357,2025-07-16,2839.63,2747.5825896588876
TR-031358,2025-07-16,849.26,858.6633759135739
TR-031359,2025-07-16,3803.6,3622.475632884897
TR-031360,2025-07-16,1499.34,1526.9182247668903
TR-031361,2025-07-16,2178.09,2174.76936239922
TR-031362,2025-07-16,703.07,706.2921375680248
TR-031363,2025-07-16,1195.93,1171.9014274070846
TR-031364,2025-07-16,2555.73,2578.1131823080814
TR-031365,2025-07-16,5972.2,6018.208730207484
TR-031366,2025-07-16,2171.81,2055.107784565066
TR-031367,2025-07-16,3296.97,3311.2943800005087
TR-031368,2025-07-16,4155.08,4191.016563630329
TR-031369,2025-07-16,1773.92,1741.5162438150587
TR-031370,2025-07-16,1187.01,1199.036230723496
TR-031371,2025-07-16,1575.81,1590.4163350350486
TR-031372,2025-07-16,3118.16,3257.9027587471282
TR-031373,2025-07-16,1143.76,1151.1469851815637
TR-031374,2025-07-17,6638.75,6408.011306205139
TR-031375,2025-07-17,2217.51,2222.63816325609
TR-031376,2025-07-17,3492.8,3296.009425154564
TR-031377,2025-07-17,3229.54,3209.0730122810664
TR-031378,2025-07-17,1656.43,1630.5390094152315
TR-031379,2025-07-17,3832.66,3848.4631952523473
TR-031380,2025-07-17,2045.58,1980.7861256897572
TR-031381,2025-07-17,1082.16,1080.1405473379677
TR-031382,2025-07-17,1397.01,1352.2822473880155
TR-031383,2025-07-17,3669.39,3610.338304496593
TR-031384,2025-07-17,596.1,586.7467902046419
TR-031385,2025-07-17,4256.96,4047.3825252416163
TR-031386,2025-07-17,2309.46,2169.612588953393
TR-031387,2025-07-17,804.37,856.6282515540368
TR-031388,2025-07-17,1980.14,1945.01079834452
TR-031389,2025-07-17,357.76,472.8682967033633
TR-031390,2025-07-17,2417.81,2335.459232638048
TR-031391,2025-07-17,1272.41,1245.1345271792752
TR-031392,2025-07-17,4098.46,4039.6407660119066
TR-031393,2025-07-17,813.18,801.6757986916057
TR-031394,2025-07-17,2960.92,3044.4120266630043
TR-031395,2025-07-17,3715.2,3615.5525990539963
TR-031396,2025-07-17,4511.81,4555.1232434254125
TR-031397,2025-07-17,1621.96,1607.8713731861553
TR-031398,2025-07-17,4058.58,4147.189524329174
TR-031399,2025-07-17,380.46,378.6582213284487
TR-031400,2025-07-17,3694.79,3637.1544988044843
TR-031401,2025-07-17,1420.85,1397.1641178532518
TR-031402,2025-07-17,353.69,438.42940419787055
TR-031403,2025-07-17,2072.59,1979.7018114144696
TR-031404,2025-07-17,2116.32,2119.1216147738337
TR-031405,2025-07-17,3275.69,3358.7548231066435
TR-031406,2025-07-17,2966.6,2825.331848203573
TR-031407,2025-07-17,2277.07,2260.6921292996676
TR-031408,2025-07-17,3556.32,3464.284641136722
TR-031409,2025-07-17,1126.03,1113.8642941320484
TR-031410,2025-07-17,580.91,567.6276080238608
TR-031411,2025-07-17,4422.6,4472.67604396822
TR-031412,2025-07-17,859.57,873.8972682051981
TR-031413,2025-07-17,3499.26,3454.02112282944
TR-031414,2025-07-17,1562.78,1601.4592282223873
TR-031415,2025-07-17,2841.75,2680.9866224870093
TR-031416,2025-07-17,884.63,898.6703912144069
TR-031417,2025-07-17,3133.06,3219.1045618699973
TR-031418,2025-07-17,4123.03,3966.534781630156
TR-031419,2025-07-17,3959.06,3950.3359585025323
TR-031420,2025-07-17,4757.82,4638.160216476166
TR-031421,2025-07-17,3384.98,3282.300353547028
TR-031422,2025-07-17,2275.32,2211.1951669251507
TR-031423,2025-07-17,3429.16,3421.2772555202846
TR-031424,2025-07-17,1225.21,1195.789559010204
TR-031425,2025-07-17,1558.87,1501.7623109836363
TR-031426,2025-07-17,1023.17,1010.0669087943387
TR-031427,2025-07-17,3305.66,3401.1612580637366
TR-031428,2025-07-17,1376.76,1351.6802077113055
TR-031429,2025-07-17,694.65,709.7423913965599
TR-031430,2025-07-17,1812.61,1777.0765830933321
TR-031431,2025-07-17,3558.75,3540.494750520854
TR-031432,2025-07-17,1684.1,1686.3214346231198
TR-031433,2025-07-17,4264.82,4281.809543588243
TR-031434,2025-07-17,1629.48,1601.1708196469212
TR-031435,2025-07-17,3598.03,3430.79604592928
TR-031436,2025-07-17,865.1,895.8563583574517
TR-031437,2025-07-17,1989.26,1926.1956854249013
TR-031438,2025-07-17,1695.22,1650.7552075348378
TR-031439,2025-07-17,781.61,798.346749454139
TR-031440,2025-07-17,2015.81,1993.038267303893
TR-031441,2025-07-17,1043.87,1075.5748452777839
TR-031442,2025-07-17,4162.47,4235.70198437105
TR-031443,2025-07-17,2587.52,2465.7141397146697
TR-031444,2025-07-17,3984.62,4057.2101439308353
TR-031445,2025-07-17,2072.24,2066.2119893828335
TR-031446,2025-07-17,1229.83,1266.1870043176339
TR-031447,2025-07-17,2592.17,2435.812078025965
TR-031448,2025-07-17,3759.21,3617.3540997186124
TR-031449,2025-07-17,2493.89,2446.415444274199
TR-031450,2025-07-17,4384.53,4347.4165290472665
TR-031451,2025-07-17,1596.51,1571.875139224275
TR-031452,2025-07-17,3722.0,3638.0665747991225
TR-031453,2025-07-17,796.1,829.4657222211574
TR-031454,2025-07-17,3792.84,3708.6664588539343
TR-031455,2025-07-17,1825.92,1758.429497408655
TR-031456,2025-07-17,5190.0,5084.879612003571
TR-031457,2025-07-17,1393.35,1358.1568914241298
TR-031458,2025-07-17,2033.9,2052.9995394995913
TR-031459,2025-07-17,1306.37,1301.5431525691645
TR-031460,2025-07-17,1291.87,1328.452938649813
TR-031461,2025-07-17,10965.67,2416.5338685019196
TR-031462,2025-07-17,3619.13,3534.632032559096
TR-031463,2025-07-17,1820.41,1832.4155757453536
TR-031464,2025-07-17,1998.3,2024.03723815194
TR-031465,2025-07-17,1363.85,1394.9339988095912
TR-031466,2025-07-17,3749.6,3713.2095278882334
TR-031467,2025-07-17,5204.08,5216.199697158343
TR-031468,2025-07-17,6156.12,6022.68598137544
TR-031469,2025-07-17,4263.01,4013.37553187872
TR-031470,2025-07-17,1595.4,1530.165408355026
TR-031471,2025-07-17,1361.76,1398.703410119338
TR-031472,2025-07-17,1159.11,1191.301409368037
TR-031473,2025-07-17,2976.78,2988.3278177053962
TR-031474,2025-07-17,1947.38,1828.2187839722908
TR-031475,2025-07-17,3119.09,3140.9694758211954
TR-031476,2025-07-17,4078.02,3979.5571541941804
TR-031477,2025-07-17,5495.08,5509.962000250172
TR-031478,2025-07-17,879.94,915.6679196008763
TR-031479,2025-07-17,1015.33,954.2760998360188
TR-031480,2025-07-17,1802.44,1790.7101458462298
TR-031481,2025-07-17,2064.26,1995.3690694029094
TR-031482,2025-07-17,1347.85,1377.21873538944
TR-031483,2025-07-17,1272.75,1260.794339190253
TR-031484,2025-07-17,4223.36,4272.586260116853
TR-031485,2025-07-17,846.13,872.9052228606076
TR-031486,2025-07-17,1597.36,1614.6805722851923
TR-031487,2025-07-17,1820.18,1749.4775892954112
TR-031488,2025-07-17,613.47,635.0059198887827
TR-031489,2025-07-17,1213.6,1164.6533640840653
TR-031490,2025-07-17,1616.93,1615.1267376172527
TR-031491,2025-07-17,3797.93,3781.6723320143146
TR-031492,2025-07-17,2109.92,2124.359456178111
TR-031493,2025-07-17,3967.58,4086.8592336215243
TR-031494,2025-07-17,763.41,777.6298596905954
TR-031495,2025-07-17,924.44,919.6976582368243
TR-031496,2025-07-17,2507.98,2495.4111543049403
TR-031497,2025-07-17,3511.46,3423.4931234604155
TR-031498,2025-07-17,518.99,521.4041219397477
TR-031499,2025-07-17,625.26,621.8851999600565
TR-031500,2025-07-17,468.9,452.52343049369597
TR-031501,2025-07-17,4824.66,4505.98359756715
TR-031502,2025-07-17,4962.25,4976.7738886456045
TR-031503,2025-07-17,1574.86,1540.8244197382537
TR-031504,2025-07-17,2311.49,2123.0248346451335
TR-031505,2025-07-17,1769.7,1769.1981744358354
TR-031506,2025-07-17,3794.57,3899.8989257020003
TR-031507,2025-07-17,1296.07,1238.081263601157
TR-031508,2025-07-17,1711.55,1656.0676150418608
TR-031509,2025-07-17,1814.05,1737.0885138049305
TR-031510,2025-07-17,1558.87,1518.6568488655203
TR-031511,2025-07-17,2646.95,2566.3548738574636
TR-031512,2025-07-17,1647.46,1650.4508168052698
TR-031513,2025-07-17,2415.54,2494.8061687304184
TR-031514,2025-07-17,3124.63,3027.5601358863673
TR-031515,2025-07-17,2650.43,2597.135460542393
TR-031516,2025-07-17,1151.48,1146.970100618376
TR-031517,2025-07-17,974.64,1011.0354955216769
TR-031518,2025-07-17,2152.83,2141.988195623125
TR-031519,2025-07-17,2285.17,2320.9459864376636
TR-031520,2025-07-17,1278.15,1304.3462849849552
TR-031521,2025-07-17,4258.71,4077.046093342316
TR-031522,2025-07-17,1604.74,1622.4656793521567
TR-031523,2025-07-17,3223.02,3128.918620931239
TR-031524,2025-07-17,2535.07,2484.837311537177
TR-031525,2025-07-17,3510.78,3321.6588905553754
TR-031526,2025-07-18,2113.86,2164.594150443059
TR-031527,2025-07-18,5278.65,5076.909168646874
TR-031528,2025-07-18,4048.36,4104.276676478609
TR-031529,2025-07-18,1592.76,1547.686924708927
TR-031530,2025-07-18,3416.23,3520.39847884733
TR-031531,2025-07-18,1572.25,1495.012786111845
TR-031532,2025-07-18,482.25,524.1070387840193
TR-031533,2025-07-18,1778.15,1770.1993136349474
TR-031534,2025-07-18,1267.89,1240.8446566351217
TR-031535,2025-07-18,1764.79,1688.161560899133
TR-031536,2025-07-18,2292.08,2216.3794043660296
TR-031537,2025-07-18,3453.16,3336.824969559946
TR-031538,2025-07-18,4608.72,4628.362642566201
TR-031539,2025-07-18,2542.37,2589.341610031092
TR-031540,2025-07-18,1186.65,1173.8116624582196
TR-031541,2025-07-18,1279.82,1315.6728527297191
TR-031542,2025-07-18,1809.81,1814.8153922587176
TR-031543,2025-07-18,833.05,830.4686694922589
TR-031544,2025-07-18,583.26,592.6870077432625
TR-031545,2025-07-18,764.93,768.4033480625606
TR-031546,2025-07-18,1246.54,1244.9988264999067
TR-031547,2025-07-18,860.69,811.2356138650555
TR-031548,2025-07-18,4386.82,4173.357038712713
TR-031549,2025-07-18,1188.12,1182.261385977983
TR-031550,2025-07-18,2279.14,2254.0452702208177
TR-031551,2025-07-18,1237.17,1238.0821140139826
TR-031552,2025-07-18,1982.94,1992.3353594742264
TR-031553,2025-07-18,2836.0,2667.7058699101385
TR-031554,2025-07-18,756.12,740.7920081366894
TR-031555,2025-07-18,1665.21,1640.7475107250916
TR-031556,2025-07-18,1884.32,1861.2185886976442
TR-031557,2025-07-18,1997.67,2008.3916666984933
TR-031558,2025-07-18,4695.36,4712.050807868596
TR-031559,2025-07-18,3200.48,3095.956271972079
TR-031560,2025-07-18,2916.47,2868.6427726926768
TR-031561,2025-07-18,1889.65,1853.4311716816317
TR-031562,2025-07-18,3980.9,4027.2046074362556
TR-031563,2025-07-18,3048.58,3286.692527926284
TR-031564,2025-07-18,3271.96,3256.127546491157
TR-031565,2025-07-18,2059.4,2049.5628317824862
TR-031566,2025-07-18,1484.88,1485.2006318957965
TR-031567,2025-07-18,3758.14,3706.168467971792
TR-031568,2025-07-18,1880.56,1919.1288495406022
TR-031569,2025-07-18,1040.46,1029.7212589624255
TR-031570,2025-07-18,2147.13,2244.3980192509734
TR-031571,2025-07-18,1374.61,1390.4967683548462
TR-031572,2025-07-18,886.08,841.1748603677411
TR-031573,2025-07-18,2009.98,1948.6248262849863
TR-031574,2025-07-18,2509.51,2529.607599758932
TR-031575,2025-07-18,3701.45,3619.791421450121
TR-031576,2025-07-18,1470.86,1447.002473432665
TR-031577,2025-07-18,1194.38,1160.757108039623
TR-031578,2025-07-18,4883.17,4736.9655791525765
TR-031579,2025-07-18,772.66,772.5053806579401
TR-031580,2025-07-18,3039.33,2991.5405972559615
TR-031581,2025-07-18,831.51,862.2497877483863
TR-031582,2025-07-18,5121.69,5075.04568488853
TR-031583,2025-07-18,1039.54,1051.5504100518592
TR-031584,2025-07-18,3312.14,3440.510902842339
TR-031585,2025-07-18,2140.92,2028.706867059465
TR-031586,2025-07-18,1130.85,1171.7166169444495
TR-031587,2025-07-18,1102.63,1165.6240475273723
TR-031588,2025-07-18,1447.66,1426.4189636619622
TR-031589,2025-07-18,4535.45,4598.153480152631
TR-031590,2025-07-18,1545.48,1572.5611044262105
TR-031591,2025-07-18,1152.92,1139.1187637675093
TR-031592,2025-07-18,788.56,835.4270710459264
TR-031593,2025-07-18,1679.29,1614.2677227864924
TR-031594,2025-07-18,1326.29,1288.2905476070086
TR-031595,2025-07-18,3610.33,3841.9691295977877
TR-031596,2025-07-18,4522.53,4194.406364951884
TR-031597,2025-07-18,5145.5,4975.680630754216
TR-031598,2025-07-18,3360.46,3418.6674513991
TR-031599,2025-07-18,3584.14,3585.8495445073495
TR-031600,2025-07-18,3594.26,3567.6914682077304
TR-031601,2025-07-18,1444.58,1400.3433115723835
TR-031602,2025-07-18,1826.01,1869.5174584493611
TR-031603,2025-07-18,5132.85,5178.505199765893
TR-031604,2025-07-18,2017.87,2035.6547520231884
TR-031605,2025-07-18,1041.78,1017.5901131173213
TR-031606,2025-07-18,2305.08,2178.136879462819
TR-031607,2025-07-18,1292.76,1244.7012138639132
TR-031608,2025-07-18,1221.06,1225.5353174390953
TR-031609,2025-07-18,1533.85,1601.9319169889704
TR-031610,2025-07-18,2131.63,2228.4738155373825
TR-031611,2025-07-18,4197.17,4115.2950995993215
TR-031612,2025-07-18,1364.3,1377.9766248146461
TR-031613,2025-07-18,847.29,841.2234175778165
TR-031614,2025-07-18,628.38,620.3666177357745
TR-031615,2025-07-18,4660.82,4848.476843996645
TR-031616,2025-07-18,1109.81,1176.4671344956655
TR-031617,2025-07-18,1682.6,1679.4244878785803
TR-031618,2025-07-18,1931.59,1875.558412146306
TR-031619,2025-07-18,751.31,788.5424937687269
TR-031620,2025-07-18,1025.42,2516.6957584906568
TR-031621,2025-07-18,1847.63,1874.6822305275007
TR-031622,2025-07-18,2223.8,2109.3645102637
TR-031623,2025-07-18,1512.25,1460.7208696211683
TR-031624,2025-07-18,485.59,451.0412899744217
TR-031625,2025-07-18,2183.25,2152.838486193303
TR-031626,2025-07-18,1971.5,1945.329696386687
TR-031627,2025-07-18,644.32,636.9608225101044
TR-031628,2025-07-18,2900.65,2562.1919289721864
TR-031629,2025-07-18,2111.93,2135.551702060587
TR-031630,2025-07-18,2789.58,2778.7682812574135
TR-031631,2025-07-18,2667.5,2641.5891806563177
TR-031632,2025-07-18,2434.0,2484.8479139537826
TR-031633,2025-07-18,3166.44,3091.165451438752
TR-031634,2025-07-18,1735.84,1750.7057480757144
TR-031635,2025-07-18,1340.13,1319.933472439943
TR-031636,2025-07-18,2375.42,2568.7507766195204
TR-031637,2025-07-18,2383.02,2349.396313957356
TR-031638,2025-07-18,4657.5,4725.026794748599
TR-031639,2025-07-18,1051.37,1075.6319765107646
TR-031640,2025-07-18,2208.89,2225.824328297131
TR-031641,2025-07-18,4304.42,4290.623333521112
TR-031642,2025-07-18,839.15,863.0026916500326
TR-031643,2025-07-18,2083.52,2105.0345085105037
TR-031644,2025-07-18,3827.29,3632.7709534324576
TR-031645,2025-07-18,3559.85,3402.8010124867906
TR-031646,2025-07-18,1892.96,1931.573155606542
TR-031647,2025-07-18,2714.25,2593.8187605093694
TR-031648,2025-07-18,2319.37,2314.397866581428
TR-031649,2025-07-18,2437.76,2541.6178444524594
TR-031650,2025-07-18,4302.4,4337.839630758322
TR-031651,2025-07-18,920.33,911.0367316205029
TR-031652,2025-07-18,2037.23,2086.4667474967223
TR-031653,2025-07-18,1263.39,1235.9674637801782
TR-031654,2025-07-18,648.31,637.4732791708436
TR-031655,2025-07-18,1945.39,1896.197967802928
TR-031656,2025-07-18,1726.9,1774.2731221585025
TR-031657,2025-07-18,3905.98,3752.6611654495928
TR-031658,2025-07-18,3879.18,3956.0462004883693
TR-031659,2025-07-18,2436.91,2343.548586558061
TR-031660,2025-07-18,3969.03,3886.7497730200785
TR-031661,2025-07-18,2196.24,2241.1847195253213
TR-031662,2025-07-18,2772.61,2747.848813582461
TR-031663,2025-07-18,4734.99,4776.286871883416
TR-031664,2025-07-18,3341.15,3195.9831030206524
TR-031665,2025-07-18,569.62,573.5210550486813
TR-031666,2025-07-18,3872.25,3826.4788688677813
TR-031667,2025-07-18,1689.23,1751.5562005954341
TR-031668,2025-07-18,2211.48,2087.8723686687863
TR-031669,2025-07-18,764.33,780.9251976062694
TR-031670,2025-07-18,1909.88,1822.1606663250122
TR-031671,2025-07-18,1402.08,1387.8677660234032
TR-031672,2025-07-18,643.27,643.760477352132
TR-031673,2025-07-18,1086.93,1065.8459463374488
TR-031674,2025-07-18,581.24,592.5061825031157
TR-031675,2025-07-18,860.37,845.1542896048518
TR-031676,2025-07-18,627.4,621.825535335269
TR-031677,2025-07-18,1207.2,1229.9387011817394
TR-031678,2025-07-18,695.03,726.5996000412201
TR-031679,2025-07-18,735.65,734.5055017799407
TR-031680,2025-07-19,411.83,383.08012764662294
TR-031681,2025-07-19,2395.32,2252.9462212649087
TR-031682,2025-07-19,656.07,642.2617033095291
TR-031683,2025-07-19,1385.05,1359.7721323053806
TR-031684,2025-07-19,2868.19,3063.3739678192014
TR-031685,2025-07-19,3329.37,3474.237928168671
TR-031686,2025-07-19,2271.09,2237.5464378739944
TR-031687,2025-07-19,3795.87,3708.5328599423265
TR-031688,2025-07-19,1707.52,1775.8598446200826
TR-031689,2025-07-19,2859.05,2730.4765277939314
TR-031690,2025-07-19,2269.87,2183.1821914189563
TR-031691,2025-07-19,3168.1,3144.400212920154
TR-031692,2025-07-19,1856.54,1872.064519878972
TR-031693,2025-07-19,6184.19,6045.423063241917
TR-031694,2025-07-19,779.74,825.0664252728288
TR-031695,2025-07-19,3725.54,3585.5527654202406
TR-031696,2025-07-19,634.94,594.0265551245238
TR-031697,2025-07-19,2302.7,2182.8783450675382
TR-031698,2025-07-19,1742.37,1762.4316391626385
TR-031699,2025-07-19,1213.28,1215.507726100362
TR-031700,2025-07-19,4645.79,4487.078988517842
TR-031701,2025-07-19,1915.25,1942.7275346174642
TR-031702,2025-07-19,1661.79,1623.004007328212
TR-031703,2025-07-19,3918.5,3799.4159674280286
TR-031704,2025-07-19,832.48,862.6958237432884
TR-031705,2025-07-19,2902.84,2905.624751694394
TR-031706,2025-07-19,1418.35,1379.7823166466737
TR-031707,2025-07-19,1137.81,1173.0194433996212
TR-031708,2025-07-19,3832.34,3472.679899989963
TR-031709,2025-07-19,1286.38,1217.7814786238646
TR-031710,2025-07-19,3365.82,3374.9398385058385
TR-031711,2025-07-19,2629.72,2595.5521930408727
TR-031712,2025-07-19,655.11,626.0563131480751
TR-031713,2025-07-19,739.06,744.8644089368506
TR-031714,2025-07-19,1101.84,1083.8955818980444
TR-031715,2025-07-19,4287.8,4453.262675174263
TR-031716,2025-07-19,644.95,658.3036366633266
TR-031717,2025-07-19,3813.66,3773.1154073379466
TR-031718,2025-07-19,3906.53,3801.2455118333064
TR-031719,2025-07-19,961.59,951.4500180915747
TR-031720,2025-07-19,728.49,743.1229882996615
TR-031721,2025-07-19,2323.82,2226.243635998287
TR-031722,2025-07-19,3789.38,3610.691665146386
TR-031723,2025-07-19,1860.35,1816.2349539003908
TR-031724,2025-07-19,3016.54,3063.752128854868
TR-031725,2025-07-19,2190.35,2227.842428044921
TR-031726,2025-07-19,5619.01,5596.423238936439
TR-031727,2025-07-19,2012.82,2129.8357210781637
TR-031728,2025-07-19,2988.76,2918.008481086899
TR-031729,2025-07-19,4291.97,4210.7252683809675
TR-031730,2025-07-19,167.63,772.5383612858118
TR-031731,2025-07-19,4670.39,4550.431273822678
TR-031732,2025-07-19,1160.24,1164.3597561147872
TR-031733,2025-07-19,2031.14,2191.089525207068
TR-031734,2025-07-19,3363.21,3216.096930390302
TR-031735,2025-07-19,2655.17,2612.853174501362
TR-031736,2025-07-19,856.18,818.7141271842843
TR-031737,2025-07-19,2123.07,2128.1730454602903
TR-031738,2025-07-19,2193.44,2043.2870617075178
TR-031739,2025-07-19,1682.44,1633.3324233317578
TR-031740,2025-07-19,1558.6,1640.3315755723806
TR-031741,2025-07-19,1417.06,1334.2914202851493
TR-031742,2025-07-19,921.0,976.9490757998292
TR-031743,2025-07-19,6193.75,6016.518551023331
TR-031744,2025-07-19,1208.29,1203.5392754991522
TR-031745,2025-07-19,2640.82,2477.3321817835767
TR-031746,2025-07-19,573.13,2274.843263732718
TR-031747,2025-07-19,1386.42,1330.690560205046
TR-031748,2025-07-19,4507.5,4302.457663824758
TR-031749,2025-07-19,2004.62,1992.3057528321651
TR-031750,2025-07-19,5281.13,5158.972575271442
TR-031751,2025-07-19,1217.22,1198.3335719065326
TR-031752,2025-07-19,2021.05,2010.855869355741
TR-031753,2025-07-19,2197.86,2207.381816257943
TR-031754,2025-07-19,4127.58,4011.2022201135255
TR-031755,2025-07-19,1836.18,1774.0768998549088
TR-031756,2025-07-19,1490.12,1525.5549942460289
TR-031757,2025-07-19,1080.05,1033.6412165549136
TR-031758,2025-07-19,5071.98,4859.077208508312
TR-031759,2025-07-19,2383.37,2222.914347516127
TR-031760,2025-07-19,2948.52,2949.825793714244
TR-031761,2025-07-19,1024.45,1036.8261878937599
TR-031762,2025-07-19,1554.87,1503.4126520002046
TR-031763,2025-07-19,1537.23,1555.9882084314181
TR-031764,2025-07-19,3693.9,3763.1252159135356
TR-031765,2025-07-19,4838.22,4751.965839747354
TR-031766,2025-07-19,2856.63,2945.643003838292
TR-031767,2025-07-19,1186.79,1141.1416057569927
TR-031768,2025-07-19,2773.41,2647.737228013786
TR-031769,2025-07-19,2589.11,2635.817782490898
TR-031770,2025-07-19,2202.94,2185.2413281392755
TR-031771,2025-07-19,1809.76,1866.7043745953358
TR-031772,2025-07-19,2407.29,2266.3137154724454
TR-031773,2025-07-19,4554.92,4436.815741403577
TR-031774,2025-07-19,1638.48,1590.6116317357505
TR-031775,2025-07-19,628.22,658.8853065179599
TR-031776,2025-07-19,3351.5,3295.971082167079
TR-031777,2025-07-19,2970.23,2758.6697755452296
TR-031778,2025-07-19,1532.08,1568.5365706936293
TR-031779,2025-07-19,1088.36,1071.3485772201002
TR-031780,2025-07-19,5088.98,4828.2784575611695
TR-031781,2025-07-19,2335.46,2101.1902468796766
TR-031782,2025-07-19,1116.86,1125.3437832055147
TR-031783,2025-07-19,639.73,643.115239092815
TR-031784,2025-07-19,1757.58,1779.8786082345562
TR-031785,2025-07-19,2821.13,2739.1088735587396
TR-031786,2025-07-19,3978.13,3799.433282558769
TR-031787,2025-07-19,1272.75,1289.0653996442547
TR-031788,2025-07-19,1398.67,3869.3556698157863
TR-031789,2025-07-19,607.91,600.7629694863492
TR-031790,2025-07-19,3765.86,3852.5293528410193
TR-031791,2025-07-19,1920.95,1889.965512048479
TR-031792,2025-07-19,689.96,691.355360806092
TR-031793,2025-07-19,3340.64,3361.1990291424318
TR-031794,2025-07-19,2471.11,2466.476874169777
TR-031795,2025-07-19,1987.25,2071.617955887363
TR-031796,2025-07-19,1983.19,1902.974855618741
TR-031797,2025-07-19,1228.65,1194.8357937083597
TR-031798,2025-07-19,4373.61,4381.587225222274
TR-031799,2025-07-19,1971.73,2007.3562502599602
TR-031800,2025-07-19,1282.18,1313.4529794006132
TR-031801,2025-07-19,2771.07,2906.5066040048005
TR-031802,2025-07-19,2265.62,2189.2473324142247
TR-031803,2025-07-19,1410.06,1380.1772095460326
TR-031804,2025-07-19,1739.75,1755.7519155159912
TR-031805,2025-07-19,1139.4,1128.9634283841392
TR-031806,2025-07-19,897.41,875.3417872409127
TR-031807,2025-07-19,3478.54,3369.389640901618
TR-031808,2025-07-19,1362.07,1351.3457198466572
TR-031809,2025-07-19,1153.21,1141.0335299028425
TR-031810,2025-07-19,3692.33,3677.7358871714196
TR-031811,2025-07-19,1356.86,1378.4538569472616
TR-031812,2025-07-19,3781.83,3796.403614384153
TR-031813,2025-07-19,2697.24,2606.117004201181
TR-031814,2025-07-19,3993.28,3764.1230686677295
TR-031815,2025-07-19,888.58,975.8672534298773
TR-031816,2025-07-19,1849.59,1860.8018948186514
TR-031817,2025-07-19,792.23,819.3929175947706
TR-031818,2025-07-19,2049.36,2003.8405041508265
TR-031819,2025-07-19,3321.53,3129.864305270069
TR-031820,2025-07-19,5111.68,4957.838869067754
TR-031821,2025-07-19,2890.32,2553.499255394505
TR-031822,2025-07-19,1554.7,1504.639415658959
TR-031823,2025-07-19,3709.91,3741.4683150949713
TR-031824,2025-07-19,1249.2,1232.3527644400433
TR-031825,2025-07-19,2315.59,2186.6081769986113
TR-031826,2025-07-20,1703.23,1715.3045597266132
TR-031827,2025-07-20,1831.22,1805.69722841486
TR-031828,2025-07-20,1302.13,1307.4455766742183
TR-031829,2025-07-20,1934.13,1829.7741742849164
TR-031830,2025-07-20,3708.88,3582.3051296195717
TR-031831,2025-07-20,3967.28,3846.0429060953206
TR-031832,2025-07-20,4197.26,4199.585717016031
TR-031833,2025-07-20,711.85,701.4643372446815
TR-031834,2025-07-20,1607.39,1564.3867018172139
TR-031835,2025-07-20,2399.63,2401.0482652799424
TR-031836,2025-07-20,2508.49,2486.8537130318496
TR-031837,2025-07-20,834.95,864.1041832054229
TR-031838,2025-07-20,957.04,985.4769743946877
TR-031839,2025-07-20,1489.56,1528.8399028937542
TR-031840,2025-07-20,3642.46,3727.9734275062356
TR-031841,2025-07-20,3308.16,3072.414330917276
TR-031842,2025-07-20,5254.97,5085.893234333993
TR-031843,2025-07-20,2017.97,2032.0416566303004
TR-031844,2025-07-20,2552.19,2545.593877682524
TR-031845,2025-07-20,3008.23,2939.7766287110007
TR-031846,2025-07-20,5260.81,5185.355708260033
TR-031847,2025-07-20,1398.98,1346.9290186735468
TR-031848,2025-07-20,1520.14,1493.367062765948
TR-031849,2025-07-20,988.49,1014.7992870620906
TR-031850,2025-07-20,1363.62,1315.117378850787
TR-031851,2025-07-20,1944.96,1928.826224462549
TR-031852,2025-07-20,4117.33,4161.23630931922
TR-031853,2025-07-20,1810.98,1814.3918906177903
TR-031854,2025-07-20,2291.82,2258.5793068577505
TR-031855,2025-07-20,2955.39,2627.8417910599305
TR-031856,2025-07-20,2924.74,3047.4715873174764
TR-031857,2025-07-20,1107.3,1094.794108523859
TR-031858,2025-07-20,4157.82,4114.835035022308
TR-031859,2025-07-20,2868.58,3017.1736132413075
TR-031860,2025-07-20,2402.16,2312.959940411152
TR-031861,2025-07-20,4106.3,4253.346055377433
TR-031862,2025-07-20,2881.52,2938.8411206455276
TR-031863,2025-07-20,730.58,774.2233232847609
TR-031864,2025-07-20,3755.18,3728.465943601892
TR-031865,2025-07-20,1821.63,1774.32098473204
TR-031866,2025-07-20,2280.81,2253.1207440034877
TR-031867,2025-07-20,597.48,581.9374569835331
TR-031868,2025-07-20,2162.48,2117.261238793703
TR-031869,2025-07-20,4844.2,4678.105508959317
TR-031870,2025-07-20,3239.14,3075.188965377159
TR-031871,2025-07-20,2675.14,2521.3975408208917
TR-031872,2025-07-20,1211.4,1213.1741198861434
TR-031873,2025-07-20,494.05,488.59772237514494
TR-031874,2025-07-20,1384.32,1342.672110474734
TR-031875,2025-07-20,3602.1,3581.2416034449275
TR-031876,2025-07-20,5394.76,5411.194179952568
TR-031877,2025-07-20,5115.97,5092.29199305567
TR-031878,2025-07-20,920.1,923.278444414769
TR-031879,2025-07-20,2696.01,2601.4172222292395
TR-031880,2025-07-20,3314.31,3101.100321087829
TR-031881,2025-07-20,872.08,893.0641349633602
TR-031882,2025-07-20,3934.28,3915.3069040304363
TR-031883,2025-07-20,2195.52,2112.2337148000215
TR-031884,2025-07-20,2451.04,2281.977367222964
TR-031885,2025-07-20,2697.37,2588.197140719806
TR-031886,2025-07-20,2368.9,2550.151851062807
TR-031887,2025-07-20,4092.25,4111.189371263921
TR-031888,2025-07-20,3445.36,3266.5727623146895
TR-031889,2025-07-20,4346.16,4244.27984226361
TR-031890,2025-07-20,1410.03,1405.4558771417474
TR-031891,2025-07-20,1112.27,1111.0413125848486
TR-031892,2025-07-20,5235.6,5038.53947552697
TR-031893,2025-07-20,5010.93,5100.373491544419
TR-031894,2025-07-20,4487.05,4470.965305219172
TR-031895,2025-07-20,4430.3,4456.82906486261
TR-031896,2025-07-20,1862.84,1809.0387828290736
TR-031897,2025-07-20,412.5,483.7117577700676
TR-031898,2025-07-20,5847.05,5678.021551323942
TR-031899,2025-07-20,6113.07,6019.408927834427
TR-031900,2025-07-20,1531.53,1515.357100465512
TR-031901,2025-07-20,1796.25,1843.348151641008
TR-031902,2025-07-20,1174.03,1172.4074196128388
TR-031903,2025-07-20,3390.69,3302.847849171285
TR-031904,2025-07-20,543.57,546.5772520985336
TR-031905,2025-07-20,1845.07,2070.5138441418
TR-031906,2025-07-20,4848.69,4813.270795192922
TR-031907,2025-07-20,1200.36,1193.6437089923697
TR-031908,2025-07-20,1455.79,1375.183214555163
TR-031909,2025-07-20,687.82,666.7364647200006
TR-031910,2025-07-20,4276.57,4261.2479407936025
TR-031911,2025-07-20,1800.7,1822.4828339570129
TR-031912,2025-07-20,2489.92,2289.454194075744
TR-031913,2025-07-20,993.92,983.712891348014
TR-031914,2025-07-20,657.56,686.8571909778452
TR-031915,2025-07-20,758.05,784.1601253664471
TR-031916,2025-07-20,1546.1,1444.7692330750256
TR-031917,2025-07-20,2302.76,2262.7900931539366
TR-031918,2025-07-20,4528.71,4577.7317901627375
TR-031919,2025-07-20,1138.71,1112.9252425696284
TR-031920,2025-07-20,1675.33,1636.7216608139502
TR-031921,2025-07-20,2427.19,2574.2331139542202
TR-031922,2025-07-20,4120.08,4125.479245969371
TR-031923,2025-07-20,1145.31,1173.2188649560774
TR-031924,2025-07-20,2378.18,2230.539033296279
TR-031925,2025-07-20,585.54,575.0499590466186
TR-031926,2025-07-20,1125.47,1195.4988382731647
TR-031927,2025-07-20,2818.39,2929.8321041472523
TR-031928,2025-07-20,799.82,768.4206312723327
TR-031929,2025-07-20,1877.2,1831.6467726150136
TR-031930,2025-07-20,676.94,685.0818805262027
TR-031931,2025-07-20,1981.19,2029.8261924576866
TR-031932,2025-07-20,1438.94,1514.1070383576969
TR-031933,2025-07-20,1037.33,1022.8014201515612
TR-031934,2025-07-20,2548.7,2417.1689961371794
TR-031935,2025-07-20,1039.63,1100.2606218512224
TR-031936,2025-07-20,3235.64,3101.811766112332
TR-031937,2025-07-20,1129.75,1130.0125003585417
TR-031938,2025-07-20,2969.7,3109.2705959435425
TR-031939,2025-07-20,518.29,521.9845394453887
TR-031940,2025-07-20,2192.83,2257.6832539903394
TR-031941,2025-07-20,3803.56,3834.2710840152704
TR-031942,2025-07-20,2692.13,2687.0755032255756
TR-031943,2025-07-20,4406.97,4559.05097545718
TR-031944,2025-07-20,1455.31,1455.243567554574
TR-031945,2025-07-20,1109.72,1091.724656972484
TR-031946,2025-07-20,960.16,959.2621536437684
TR-031947,2025-07-20,1359.09,1369.71160067294
TR-031948,2025-07-20,4620.0,4578.487033331236
TR-031949,2025-07-20,3727.62,3737.9747307882235
TR-031950,2025-07-20,4819.32,4808.065599534236
TR-031951,2025-07-20,2435.03,2554.227817224536
TR-031952,2025-07-20,3910.33,3729.617158080254
TR-031953,2025-07-20,2505.79,2681.607162369776
TR-031954,2025-07-20,3367.1,3359.0772574628018
TR-031955,2025-07-20,1917.44,1842.1300738409893
TR-031956,2025-07-20,1973.65,1956.7585492548671
TR-031957,2025-07-20,981.06,1018.0628249270594
TR-031958,2025-07-20,3632.59,3698.0829476460153
TR-031959,2025-07-20,1487.91,1473.7849914244196
TR-031960,2025-07-20,1472.86,1455.4582422858225
TR-031961,2025-07-20,553.64,538.2651316082822
TR-031962,2025-07-20,2825.47,2911.7097685437698
TR-031963,2025-07-20,858.34,4523.4254408933475
TR-031964,2025-07-20,3365.67,3338.2639849840707
TR-031965,2025-07-20,4585.63,4569.118928817085
TR-031966,2025-07-20,1772.56,1747.2947028831832
TR-031967,2025-07-20,2068.14,2088.3663025143824
TR-031968,2025-07-20,1940.57,1939.1448499529472
TR-031969,2025-07-20,2602.55,2675.877508032079
TR-031970,2025-07-20,1803.76,1842.2294444903112
TR-031971,2025-07-20,1177.75,1212.2304978307236
TR-031972,2025-07-20,1401.87,1352.5574338032889
TR-031973,2025-07-20,2415.19,2618.7446796314853
TR-031974,2025-07-20,3041.27,3163.158740822852
TR-031975,2025-07-20,3765.98,3658.247051038137
TR-031976,2025-07-20,1912.88,1915.7599188172837
TR-031977,2025-07-20,652.88,655.3450837490332
TR-031978,2025-07-20,1770.64,1797.2843624477603
TR-031979,2025-07-20,1034.67,1044.21067753932
TR-031980,2025-07-20,617.18,583.0860122843235
TR-031981,2025-07-20,1052.3,1063.2220945329507
TR-031982,2025-07-20,3845.9,4010.63662101091
TR-031983,2025-07-20,2462.15,2232.5990898204054
TR-031984,2025-07-20,1831.7,1881.7966964868451
TR-031985,2025-07-20,1917.86,1903.0636476106129
TR-031986,2025-07-21,2328.27,2256.354319921859
TR-031987,2025-07-21,1110.64,1152.5067657756786
TR-031988,2025-07-21,2368.89,2407.502609112651
TR-031989,2025-07-21,4058.51,3960.139473281365
TR-031990,2025-07-21,3300.43,3302.809054908401
TR-031991,2025-07-21,3866.32,4011.604618419305
TR-031992,2025-07-21,1347.15,1360.9397225597572
TR-031993,2025-07-21,1626.95,1590.6536802099567
TR-031994,2025-07-21,3353.12,3602.718551998022
TR-031995,2025-07-21,3867.57,3877.5422070702416
TR-031996,2025-07-21,2878.11,2919.1396669375968
TR-031997,2025-07-21,1404.33,1407.8680770975043
TR-031998,2025-07-21,831.36,837.4983859931285
TR-031999,2025-07-21,1768.56,1822.8189736086363
TR-032000,2025-07-21,1716.55,1731.7761178780472
TR-032001,2025-07-21,1977.25,1996.58406209579
TR-032002,2025-07-21,1175.04,1244.345841930528
TR-032003,2025-07-21,3914.0,4000.336040643393
TR-032004,2025-07-21,418.34,422.06053544326596
TR-032005,2025-07-21,1049.48,1042.768075737476
TR-032006,2025-07-21,835.07,835.9668968148483
TR-032007,2025-07-21,586.26,605.5605176564941
TR-032008,2025-07-21,3225.33,3140.60164936375
TR-032009,2025-07-21,1847.13,1849.0260347375417
TR-032010,2025-07-21,1503.47,1556.9844799055652
TR-032011,2025-07-21,1905.24,1833.584407174936
TR-032012,2025-07-21,2847.22,2725.0448347630013
TR-032013,2025-07-21,555.97,558.6090231228845
TR-032014,2025-07-21,2803.6,2834.778090195847
TR-032015,2025-07-21,4701.91,4505.565002172626
TR-032016,2025-07-21,2446.87,2559.926000020816
TR-032017,2025-07-21,4101.96,4082.8709568669424
TR-032018,2025-07-21,1716.17,1625.9948919249723
TR-032019,2025-07-21,1993.56,2005.7742478874122
TR-032020,2025-07-21,1442.66,1421.6104068628615
TR-032021,2025-07-21,1722.55,1806.076818853837
TR-032022,2025-07-21,2048.23,2109.659801370804
TR-032023,2025-07-21,4246.1,4291.483010054757
TR-032024,2025-07-21,3905.04,3874.322872602726
TR-032025,2025-07-21,4463.38,4282.495740128253
TR-032026,2025-07-21,905.22,915.7905284999947
TR-032027,2025-07-21,4629.83,4523.701023412918
TR-032028,2025-07-21,1805.26,1712.028142399159
TR-032029,2025-07-21,2038.28,1983.7617854733367
TR-032030,2025-07-21,3954.69,3874.8664477878856
TR-032031,2025-07-21,3152.33,3206.774636454405
TR-032032,2025-07-21,1164.63,1169.9731285589985
TR-032033,2025-07-21,1487.98,1414.6591025087441
TR-032034,2025-07-21,2727.28,2565.719062256834
TR-032035,2025-07-21,351.4,359.03998500585703
TR-032036,2025-07-21,2921.23,2873.7290329200982
TR-032037,2025-07-21,5705.67,5707.971270612817
TR-032038,2025-07-21,3131.17,3285.2433079201746
TR-032039,2025-07-21,4287.11,4420.976523016319
TR-032040,2025-07-21,4184.88,4089.7245001996016
TR-032041,2025-07-21,1261.08,1290.0556481332562
TR-032042,2025-07-21,4821.73,4563.086277737624
TR-032043,2025-07-21,503.34,519.8316994120553
TR-032044,2025-07-21,3728.3,3742.2311274667572
TR-032045,2025-07-21,3470.76,3597.085778922161
TR-032046,2025-07-21,4129.51,3939.515694111682
TR-032047,2025-07-21,2081.08,2129.600807694924
TR-032048,2025-07-21,5546.76,5514.066974246792
TR-032049,2025-07-21,3462.71,3506.2900902437405
TR-032050,2025-07-21,5517.76,5314.962182706545
TR-032051,2025-07-21,2361.95,2322.0417748787604
TR-032052,2025-07-21,2155.51,2070.9161544271674
TR-032053,2025-07-21,1712.92,1644.593663177483
TR-032054,2025-07-21,4577.46,4619.650984266449
TR-032055,2025-07-21,1749.54,1839.775945034714
TR-032056,2025-07-21,1801.65,1877.6178825313327
TR-032057,2025-07-21,558.05,561.9811416981856
TR-032058,2025-07-21,1631.51,1571.9018853711666
TR-032059,2025-07-21,3587.67,3682.288395493141
TR-032060,2025-07-21,1034.33,1068.677450196653
TR-032061,2025-07-21,3827.23,3843.474917810905
TR-032062,2025-07-21,1046.53,1081.170111960841
TR-032063,2025-07-21,2001.45,2006.9832480131854
TR-032064,2025-07-21,4042.24,4107.336264181517
TR-032065,2025-07-21,1892.07,1891.1806267265838
TR-032066,2025-07-21,5202.24,5237.497619218727
TR-032067,2025-07-21,3387.64,3625.391923239709
TR-032068,2025-07-21,4625.92,4612.414704586829
TR-032069,2025-07-21,320.74,344.4650144616155
TR-032070,2025-07-21,1399.66,1372.5019906217915
TR-032071,2025-07-21,1289.1,1254.6187453465452
TR-032072,2025-07-21,1350.0,1317.6433995934567
TR-032073,2025-07-21,2287.61,2253.158228267769
TR-032074,2025-07-21,3862.65,4056.0741861733613
TR-032075,2025-07-21,2103.83,2119.0526695501953
TR-032076,2025-07-21,2285.81,2096.699288419948
TR-032077,2025-07-21,3092.0,3078.0820524855994
TR-032078,2025-07-21,767.15,745.1289948330309
TR-032079,2025-07-21,5072.27,4705.424285216384
TR-032080,2025-07-21,856.74,844.1997799810822
TR-032081,2025-07-21,4237.97,4241.469563727162
TR-032082,2025-07-21,2410.14,2274.904164393004
TR-032083,2025-07-21,2229.86,2185.6519226783175
TR-032084,2025-07-21,1956.53,1921.0819285836387
TR-032085,2025-07-21,7417.99,2400.7375769915225
TR-032086,2025-07-21,459.81,395.184452049484
TR-032087,2025-07-21,1847.9,1838.4290568488304
TR-032088,2025-07-21,2235.24,2152.0305390674503
TR-032089,2025-07-21,969.68,984.9159777239872
TR-032090,2025-07-21,2248.32,2150.495797878747
TR-032091,2025-07-21,1500.0,1446.6736222944446
TR-032092,2025-07-21,1115.5,1173.79130298783
TR-032093,2025-07-21,2015.42,2061.215863273683
TR-032094,2025-07-21,924.31,933.1815119687881
TR-032095,2025-07-21,2370.21,2399.9479727787975
TR-032096,2025-07-21,1139.35,1116.569769375703
TR-032097,2025-07-21,3261.6,3276.0268949784286
TR-032098,2025-07-21,1776.72,1750.0442994175735
TR-032099,2025-07-21,4499.82,4339.660692596273
TR-032100,2025-07-21,1709.75,1766.6491176792433
TR-032101,2025-07-21,1074.33,1055.742270655434
TR-032102,2025-07-21,709.4,717.2218218196526
TR-032103,2025-07-21,885.53,945.6537454974568
TR-032104,2025-07-21,686.28,709.3716313299924
TR-032105,2025-07-21,2235.1,2128.8874486279315
TR-032106,2025-07-21,5060.17,4864.026016561998
TR-032107,2025-07-21,983.41,986.3303803650213
TR-032108,2025-07-21,1868.55,1891.1630025044904
TR-032109,2025-07-21,1961.33,2056.089405992119
TR-032110,2025-07-21,1551.94,1558.8068495289292
TR-032111,2025-07-21,952.89,926.7896867968955
TR-032112,2025-07-21,3602.63,3625.748890274267
TR-032113,2025-07-21,3163.37,3098.547655206599
TR-032114,2025-07-21,1529.24,1581.6649016346432
TR-032115,2025-07-21,1327.91,1331.7555471387016
TR-032116,2025-07-21,1906.13,1913.824138872382
TR-032117,2025-07-21,1280.25,1220.3014715848542
TR-032118,2025-07-21,4603.74,4664.724036623742
TR-032119,2025-07-21,2365.91,2453.220863594393
TR-032120,2025-07-21,1894.4,1918.413953546123
TR-032121,2025-07-21,1433.69,1381.521250262978
TR-032122,2025-07-21,2689.69,2743.4403070485514
TR-032123,2025-07-21,1417.36,1417.4125150840173
TR-032124,2025-07-21,4813.4,4707.925678199996
TR-032125,2025-07-21,2553.37,2727.0051066004085
TR-032126,2025-07-21,2376.58,2401.5782691470176
TR-032127,2025-07-21,1913.57,1884.8727229666847
TR-032128,2025-07-21,3514.03,3570.2423495822613
TR-032129,2025-07-21,4215.05,4120.611251419232
TR-032130,2025-07-21,451.41,415.31062677016916
TR-032131,2025-07-22,3118.81,3061.482025679752
TR-032132,2025-07-22,1935.36,1963.2727019897245
TR-032133,2025-07-22,545.29,535.242229438672
TR-032134,2025-07-22,975.02,1033.3070249432253
TR-032135,2025-07-22,2954.5,3006.8902833288093
TR-032136,2025-07-22,3726.02,3544.754817531671
TR-032137,2025-07-22,599.98,590.9879356497249
TR-032138,2025-07-22,3386.87,3304.7826425760386
TR-032139,2025-07-22,1072.0,1080.5391789876116
TR-032140,2025-07-22,4130.11,4185.19808606569
TR-032141,2025-07-22,1830.93,1804.5388574393353
TR-032142,2025-07-22,907.2,944.6772752187267
TR-032143,2025-07-22,2578.18,2521.6777717534205
TR-032144,2025-07-22,2537.47,2625.241696261129
TR-032145,2025-07-22,2058.72,2042.3421514771399
TR-032146,2025-07-22,762.05,754.0344217441732
TR-032147,2025-07-22,1695.49,1657.199724582887
TR-032148,2025-07-22,1345.77,1432.096918614129
TR-032149,2025-07-22,1950.66,1970.6302389199234
TR-032150,2025-07-22,2248.05,2262.368059381514
TR-032151,2025-07-22,2760.2,2774.392492015678
TR-032152,2025-07-22,958.75,977.9974054921261
TR-032153,2025-07-22,4250.1,4307.400678329299
TR-032154,2025-07-22,933.83,918.149776430359
TR-032155,2025-07-22,2040.02,2010.3895132832433
TR-032156,2025-07-22,3804.83,3814.191377716704
TR-032157,2025-07-22,4985.24,4920.497520059632
TR-032158,2025-07-22,6077.29,6056.660564056767
TR-032159,2025-07-22,5289.24,5619.4499942509065
TR-032160,2025-07-22,3601.12,3569.857237546654
TR-032161,2025-07-22,1601.13,1587.6054678854616
TR-032162,2025-07-22,3768.69,3715.970876359994
TR-032163,2025-07-22,1040.61,1072.9764766470394
TR-032164,2025-07-22,2315.06,2205.219346202561
TR-032165,2025-07-22,1729.03,1730.7051031466176
TR-032166,2025-07-22,1587.97,1611.7280666869565
TR-032167,2025-07-22,2179.79,2097.1184350683147
TR-032168,2025-07-22,3160.11,3190.21461539653
TR-032169,2025-07-22,379.37,443.7591463995177
TR-032170,2025-07-22,1550.55,1609.7321646948421
TR-032171,2025-07-22,819.75,856.2535838989859
TR-032172,2025-07-22,547.2,553.9059358516502
TR-032173,2025-07-22,2139.39,2064.481483954605
TR-032174,2025-07-22,1483.72,1478.9979608081742
TR-032175,2025-07-22,4369.5,4307.508736266147
TR-032176,2025-07-22,697.86,698.4174447765031
TR-032177,2025-07-22,1336.26,1367.5090135840553
TR-032178,2025-07-22,4044.58,3900.3674161729045
TR-032179,2025-07-22,1350.4,1248.5073997533163
TR-032180,2025-07-22,1939.01,1946.8777767688534
TR-032181,2025-07-22,4618.69,4420.083283539339
TR-032182,2025-07-22,3610.1,3601.5396616408307
TR-032183,2025-07-22,4162.31,4372.50651356563
TR-032184,2025-07-22,403.54,415.3402116410382
TR-032185,2025-07-22,802.6,800.5260434325176
TR-032186,2025-07-22,5653.26,5533.320212580257
TR-032187,2025-07-22,3739.79,3478.691932675422
TR-032188,2025-07-22,1498.09,1456.6009059086243
TR-032189,2025-07-22,1645.67,1631.13464454946
TR-032190,2025-07-22,5204.97,5198.296644750907
TR-032191,2025-07-22,1372.03,1349.8787473306343
TR-032192,2025-07-22,2413.94,2369.793646446906
TR-032193,2025-07-22,2088.38,2136.2329646585963
TR-032194,2025-07-22,4143.74,4222.892920209177
TR-032195,2025-07-22,2194.97,2253.855563397358
TR-032196,2025-07-22,1547.72,1578.1738283696664
TR-032197,2025-07-22,3721.19,3877.522950573199
TR-032198,2025-07-22,2500.87,2365.396740065141
TR-032199,2025-07-22,2449.62,2434.984610252426
TR-032200,2025-07-22,4204.43,3896.5465987853718
TR-032201,2025-07-22,1002.41,1007.854068943545
TR-032202,2025-07-22,2846.43,2919.5949065796667
TR-032203,2025-07-22,1425.2,1350.0971282514092
TR-032204,2025-07-22,3292.5,3162.4108004062437
TR-032205,2025-07-22,863.79,881.9553299103238
TR-032206,2025-07-22,799.03,842.209866190035
TR-032207,2025-07-22,4082.26,3965.589625665927
TR-032208,2025-07-22,2975.7,2683.8280650985766
TR-032209,2025-07-22,4751.34,4691.504159188622
TR-032210,2025-07-22,1640.31,1646.3012316103009
TR-032211,2025-07-22,1646.27,1653.7709537923872
TR-032212,2025-07-22,1694.58,1805.7957034344445
TR-032213,2025-07-22,662.69,644.3729813289724
TR-032214,2025-07-22,1920.01,1918.7661276753367
TR-032215,2025-07-22,1436.72,1338.6799565975384
TR-032216,2025-07-22,2195.04,2162.869671712451
TR-032217,2025-07-22,1759.09,1797.1097002410215
TR-032218,2025-07-22,4332.02,4155.860010045317
TR-032219,2025-07-22,3950.97,3742.165027093327
TR-032220,2025-07-22,1857.64,1809.7111708219832
TR-032221,2025-07-22,2896.25,2967.2804537911597
TR-032222,2025-07-22,2808.01,2626.446671711653
TR-032223,2025-07-22,4244.92,4258.0232034719775
TR-032224,2025-07-22,1572.08,1489.9298951064825
TR-032225,2025-07-22,1218.33,1228.3150441820544
TR-032226,2025-07-22,801.89,791.5026597605051
TR-032227,2025-07-22,577.9,598.9870347565336
TR-032228,2025-07-22,2267.57,2263.340044464468
TR-032229,2025-07-22,2431.16,2554.374406232959
TR-032230,2025-07-22,3877.98,4163.638756817905
TR-032231,2025-07-22,1072.61,1060.4222530713182
TR-032232,2025-07-22,576.02,550.3411392296598
TR-032233,2025-07-22,1057.9,1043.5906245007236
TR-032234,2025-07-22,5197.75,5291.104063373561
TR-032235,2025-07-22,2152.78,2106.875635760822
TR-032236,2025-07-22,5627.38,5590.273889663799
TR-032237,2025-07-22,3851.85,3851.4305637196326
TR-032238,2025-07-22,3599.05,3646.3826436845375
TR-032239,2025-07-22,3328.52,3247.763127664555
TR-032240,2025-07-22,2268.51,2212.1802197746883
TR-032241,2025-07-22,1352.14,1352.220262518967
TR-032242,2025-07-22,2544.38,2430.271889503183
TR-032243,2025-07-22,607.16,631.0005231091272
TR-032244,2025-07-22,1899.21,1901.4016077606022
TR-032245,2025-07-22,3630.98,3730.7342368513146
TR-032246,2025-07-22,3215.1,3363.215824453775
TR-032247,2025-07-22,1594.6,1595.994903035129
TR-032248,2025-07-22,348.25,407.8687301891596
TR-032249,2025-07-22,2358.73,2365.5994759823498
TR-032250,2025-07-22,3232.74,3167.059696604467
TR-032251,2025-07-22,3132.15,3057.848091707794
TR-032252,2025-07-22,1384.72,1363.8929109025103
TR-032253,2025-07-22,2263.66,2211.041452157018
TR-032254,2025-07-22,1979.75,1870.6983429184932
TR-032255,2025-07-22,971.38,995.1335028716883
TR-032256,2025-07-22,1379.89,1375.3705901085464
TR-032257,2025-07-22,951.13,937.870373819984
TR-032258,2025-07-22,4151.26,4301.934556297927
TR-032259,2025-07-22,758.05,788.3676671929436
TR-032260,2025-07-22,5179.03,5227.214925464055
TR-032261,2025-07-22,1550.64,1569.4765103583818
TR-032262,2025-07-22,1950.01,1886.550943935716
TR-032263,2025-07-22,5594.86,5507.088709557158
TR-032264,2025-07-22,4365.27,4304.215094618459
TR-032265,2025-07-22,1199.71,1171.000064055025
TR-032266,2025-07-22,961.48,992.4593236862283
TR-032267,2025-07-22,5095.64,4972.086354365207
TR-032268,2025-07-22,1065.82,1118.6965435444595
TR-032269,2025-07-22,1159.73,1176.9344403262198
TR-032270,2025-07-22,756.9,751.1869430228999
TR-032271,2025-07-23,2551.45,2403.1840396938314
TR-032272,2025-07-23,4423.19,4542.82590716244
TR-032273,2025-07-23,1518.14,1519.7728189687555
TR-032274,2025-07-23,2820.85,2738.643868468615
TR-032275,2025-07-23,5244.46,5089.203435790606
TR-032276,2025-07-23,591.14,589.3768709244544
TR-032277,2025-07-23,3201.63,3209.929641754561
TR-032278,2025-07-23,2762.55,2772.3043485473604
TR-032279,2025-07-23,2450.15,2266.902278986522
TR-032280,2025-07-23,4264.95,4340.006437357668
TR-032281,2025-07-23,2569.18,2398.7217531656825
TR-032282,2025-07-23,4339.24,4056.9741235861006
TR-032283,2025-07-23,4298.71,4273.560826797168
TR-032284,2025-07-23,494.28,501.1094259854551
TR-032285,2025-07-23,1998.7,2010.2040348119133
TR-032286,2025-07-23,4520.49,4513.142283761
TR-032287,2025-07-23,3505.59,3645.501099628781
TR-032288,2025-07-23,3573.57,3617.6114666389335
TR-032289,2025-07-23,1572.68,1556.6500292684875
TR-032290,2025-07-23,2216.12,2218.534839306738
TR-032291,2025-07-23,3213.67,3255.8984406024565
TR-032292,2025-07-23,1975.71,1982.2464929381053
TR-032293,2025-07-23,1705.82,1658.308863375883
TR-032294,2025-07-23,3222.1,3189.943269514517
TR-032295,2025-07-23,1948.42,1965.6926647043379
TR-032296,2025-07-23,1970.19,1839.1037133663065
TR-032297,2025-07-23,2272.78,2211.621154237215
TR-032298,2025-07-23,271.64,315.18086836380917
TR-032299,2025-07-23,4917.21,4887.139522472182
TR-032300,2025-07-23,2416.6,2441.5389052906876
TR-032301,2025-07-23,948.27,953.0194506405421
TR-032302,2025-07-23,1677.09,1711.2259629279538
TR-032303,2025-07-23,5802.22,5619.203498285331
TR-032304,2025-07-23,964.02,966.0401174905885
TR-032305,2025-07-23,294.25,336.50884804303655
TR-032306,2025-07-23,2376.23,2312.545989160553
TR-032307,2025-07-23,1584.27,1634.388585411864
TR-032308,2025-07-23,2142.64,2049.4339935311527
TR-032309,2025-07-23,1183.85,1203.5487278092942
TR-032310,2025-07-23,5756.91,5526.716428825932
TR-032311,2025-07-23,1880.81,1870.2097979959149
TR-032312,2025-07-23,4509.27,4465.508727973651
TR-032313,2025-07-23,909.91,908.562977536254
TR-032314,2025-07-23,2479.9,2528.5004866157356
TR-032315,2025-07-23,2040.08,2005.2672858906492
TR-032316,2025-07-23,2972.14,2779.6037445118177
TR-032317,2025-07-23,1159.27,1189.8653035497973
TR-032318,2025-07-23,3892.85,3818.3686514679644
TR-032319,2025-07-23,837.13,807.1497028826984
TR-032320,2025-07-23,4539.41,4533.574262071528
TR-032321,2025-07-23,5793.1,5628.51643665068
TR-032322,2025-07-23,2052.62,2065.240032758712
TR-032323,2025-07-23,1024.98,1055.3497851178859
TR-032324,2025-07-23,2310.4,2282.474813499567
TR-032325,2025-07-23,4962.1,4704.931568344571
TR-032326,2025-07-23,3903.22,3814.8275017806695
TR-032327,2025-07-23,1965.2,1922.0336793042643
TR-032328,2025-07-23,4080.74,3961.702960518085
TR-032329,2025-07-23,3900.3,3885.8005178254725
TR-032330,2025-07-23,1969.08,1852.244563789415
TR-032331,2025-07-23,1715.4,1581.1281229673004
TR-032332,2025-07-23,2819.81,2853.9763168918416
TR-032333,2025-07-23,1465.62,1471.7535478690224
TR-032334,2025-07-23,594.29,572.4503042537658
TR-032335,2025-07-23,3855.52,3727.290742800591
TR-032336,2025-07-23,1227.04,1158.461783612182
TR-032337,2025-07-23,2314.21,2328.2217404315975
TR-032338,2025-07-23,1552.87,1621.7690489998772
TR-032339,2025-07-23,1645.22,1631.0464887166067
TR-032340,2025-07-23,2526.91,2362.843258270548
TR-032341,2025-07-23,4200.86,4101.373283027411
TR-032342,2025-07-23,2074.58,1908.7220827209487
TR-032343,2025-07-23,5093.85,4727.567044683239
TR-032344,2025-07-23,2123.14,2047.824793601078
TR-032345,2025-07-23,1525.94,1496.0169426347354
TR-032346,2025-07-23,4081.96,3944.904399201027
TR-032347,2025-07-23,653.21,680.7561355326454
TR-032348,2025-07-23,2990.39,2804.47825493891
TR-032349,2025-07-23,1411.48,1350.9071764738756
TR-032350,2025-07-23,1990.08,1964.11945002721
TR-032351,2025-07-23,5230.66,4917.960155790743
TR-032352,2025-07-23,757.61,790.7416150219376
TR-032353,2025-07-23,16951.43,3936.594345905609
TR-032354,2025-07-23,661.41,657.7311047733338
TR-032355,2025-07-23,1247.3,1244.071594557951
TR-032356,2025-07-23,766.12,777.8471959613141
TR-032357,2025-07-23,3723.41,3724.260412013372
TR-032358,2025-07-23,2879.31,2674.0041086252604
TR-032359,2025-07-23,825.71,833.7790725121117
TR-032360,2025-07-23,1071.84,1121.5255622260531
TR-032361,2025-07-23,2197.55,2163.7624274920877
TR-032362,2025-07-23,1295.01,1286.1678890043222
TR-032363,2025-07-23,2612.3,2463.4070022164206
TR-032364,2025-07-23,1459.36,1428.909401835739
TR-032365,2025-07-23,6156.47,5959.335895351112
TR-032366,2025-07-23,445.58,465.93606862151637
TR-032367,2025-07-23,1402.62,1393.9461763274783
TR-032368,2025-07-23,1229.28,1240.6261791667457
TR-032369,2025-07-23,1226.8,1240.434833783921
TR-032370,2025-07-23,1394.95,1368.911195158858
TR-032371,2025-07-23,3028.58,3141.784596330719
TR-032372,2025-07-23,1208.01,1202.9847459245166
TR-032373,2025-07-23,2539.04,2337.020550681126
TR-032374,2025-07-23,4534.55,4600.7822309750645
TR-032375,2025-07-23,4246.43,4103.740466019352
TR-032376,2025-07-23,3573.99,3722.56114895833
TR-032377,2025-07-23,2879.9,2760.383887800934
TR-032378,2025-07-23,1452.88,1471.778525155667
TR-032379,2025-07-23,5801.05,5775.098117287049
TR-032380,2025-07-23,4300.79,4156.200917989441
TR-032381,2025-07-23,3990.99,4062.84498983655
TR-032382,2025-07-23,2104.29,2045.3167802203423
TR-032383,2025-07-23,2641.73,2629.8707996321295
TR-032384,2025-07-23,3002.52,3119.281509689805
TR-032385,2025-07-23,5203.78,4869.973130639197
TR-032386,2025-07-23,770.1,757.7446213105784
TR-032387,2025-07-23,4699.02,4716.789272087456
TR-032388,2025-07-23,3381.92,3275.900884187201
TR-032389,2025-07-23,615.99,621.58222491781
TR-032390,2025-07-23,734.71,763.3255213399491
TR-032391,2025-07-23,1173.3,1146.242599965277
TR-032392,2025-07-23,825.08,826.0255863839643
TR-032393,2025-07-23,4811.72,4859.039263638271
TR-032394,2025-07-23,1166.91,1189.8157726370753
TR-032395,2025-07-23,2568.09,2529.4466553513703
TR-032396,2025-07-23,1862.24,1856.5987497239098
TR-032397,2025-07-23,2186.85,2107.991788580452
TR-032398,2025-07-23,704.37,750.19984389395
TR-032399,2025-07-23,1516.32,1517.3403630587377
TR-032400,2025-07-23,4959.87,4909.233451450314
TR-032401,2025-07-23,4021.57,3972.9174374728486
TR-032402,2025-07-23,1092.07,1114.0265779411823
TR-032403,2025-07-23,3392.97,3151.7714773546563
TR-032404,2025-07-23,1839.94,1831.9519270462115
TR-032405,2025-07-23,5974.22,5949.51537854741
TR-032406,2025-07-23,5734.76,5819.948048849816
TR-032407,2025-07-23,2716.73,2717.1687167678306
TR-032408,2025-07-23,1571.49,1558.6016663339365
TR-032409,2025-07-23,1691.71,1679.2522755165633
TR-032410,2025-07-23,3185.68,3111.0134001632023
TR-032411,2025-07-23,3428.36,3140.5001046308853
TR-032412,2025-07-23,1172.56,1158.1587730586816
TR-032413,2025-07-23,995.08,1027.446405065514
TR-032414,2025-07-23,1023.88,996.0183882548276
TR-032415,2025-07-23,1902.8,1856.847967923553
TR-032416,2025-07-23,1262.54,1214.8935276398029
TR-032417,2025-07-23,2179.03,2192.849083869701
TR-032418,2025-07-23,3198.89,2916.8683703741053
TR-032419,2025-07-23,464.13,524.2920898205327
TR-032420,2025-07-23,487.04,464.9655234502509
TR-032421,2025-07-23,2079.76,2012.495339780554
TR-032422,2025-07-23,4234.79,4246.794620928733
TR-032423,2025-07-23,4382.86,4468.7049285215535
TR-032424,2025-07-23,872.21,906.2378195852546
TR-032425,2025-07-23,2126.09,2147.0404167742936
TR-032426,2025-07-23,3943.11,3995.0512064207073
TR-032427,2025-07-23,1437.0,1440.8939244358114
TR-032428,2025-07-23,1054.0,1074.1340265250064
TR-032429,2025-07-23,4132.74,3949.034883215244
TR-032430,2025-07-23,3099.06,3175.184257799888
TR-032431,2025-07-23,1428.2,1395.3536847212838
TR-032432,2025-07-23,2139.58,2088.668370167277
TR-032433,2025-07-23,369.61,394.6241730526651
TR-032434,2025-07-23,3737.41,3748.1464507947903
TR-032435,2025-07-23,1514.15,1461.4001617518034
TR-032436,2025-07-23,1769.18,1744.1690328296486
TR-032437,2025-07-23,2074.38,2053.077710410259
TR-032438,2025-07-23,3045.77,2943.3939174909756
TR-032439,2025-07-24,2127.16,2079.901814422567
TR-032440,2025-07-24,4494.97,4359.077102958028
TR-032441,2025-07-24,3182.95,3117.445130626742
TR-032442,2025-07-24,2346.29,2240.7602003348666
TR-032443,2025-07-24,4403.7,4252.468068670746
TR-032444,2025-07-24,2979.92,3033.960257512771
TR-032445,2025-07-24,1835.08,1857.1596678231733
TR-032446,2025-07-24,5960.77,6058.738175050206
TR-032447,2025-07-24,1425.84,1406.1020025229004
TR-032448,2025-07-24,5351.48,5337.377161804647
TR-032449,2025-07-24,1527.46,1541.6188068084034
TR-032450,2025-07-24,3685.65,3719.3727905988812
TR-032451,2025-07-24,874.49,897.9822295771037
TR-032452,2025-07-24,2144.08,2124.2814341074745
TR-032453,2025-07-24,2083.57,2126.0066851676997
TR-032454,2025-07-24,310.54,394.6751290051252
TR-032455,2025-07-24,1152.24,1169.7485918578082
TR-032456,2025-07-24,4657.66,4508.658131047678
TR-032457,2025-07-24,2637.28,2649.3237207629445
TR-032458,2025-07-24,2002.5,2028.6486566908213
TR-032459,2025-07-24,604.62,611.8286709191952
TR-032460,2025-07-24,12550.02,2972.8038391929
TR-032461,2025-07-24,1660.36,1645.785080014354
TR-032462,2025-07-24,1124.76,1138.7392850788106
TR-032463,2025-07-24,651.26,660.7949371714528
TR-032464,2025-07-24,2948.5,2941.1517911905394
TR-032465,2025-07-24,1707.29,1750.4617925948342
TR-032466,2025-07-24,2494.43,2346.4376250003806
TR-032467,2025-07-24,2895.51,2768.2053575744026
TR-032468,2025-07-24,2723.09,2417.395073906889
TR-032469,2025-07-24,1473.54,1483.5096705038172
TR-032470,2025-07-24,1805.51,1723.7982914813244
TR-032471,2025-07-24,2000.32,1866.6368113007368
TR-032472,2025-07-24,3053.32,3245.2088161187894
TR-032473,2025-07-24,1189.82,1240.0120696631361
TR-032474,2025-07-24,1729.8,1666.778906358207
TR-032475,2025-07-24,3740.2,3530.4960923645767
TR-032476,2025-07-24,3073.93,2808.6748843508612
TR-032477,2025-07-24,3645.93,3740.9268343058193
TR-032478,2025-07-24,2568.3,2364.428513887269
TR-032479,2025-07-24,1017.35,992.8979954173135
TR-032480,2025-07-24,1268.66,1228.8141067275242
TR-032481,2025-07-24,2482.63,2624.747691037929
TR-032482,2025-07-24,3207.04,3016.8957683056046
TR-032483,2025-07-24,2133.42,2080.165392707466
TR-032484,2025-07-24,4191.34,4147.426628501862
TR-032485,2025-07-24,2770.5,2752.0025869532833
TR-032486,2025-07-24,1232.54,1208.5915822647912
TR-032487,2025-07-24,3754.36,3654.280937410423
TR-032488,2025-07-24,1310.4,1318.4681533072558
TR-032489,2025-07-24,1812.49,1689.7490856564996
TR-032490,2025-07-24,5120.97,5133.475851741375
TR-032491,2025-07-24,3321.14,3541.3752409551616
TR-032492,2025-07-24,4196.33,3978.424698504402
TR-032493,2025-07-24,1799.18,1722.559896385523
TR-032494,2025-07-24,456.27,520.7877138957142
TR-032495,2025-07-24,3751.68,3620.8606250965436
TR-032496,2025-07-24,4110.84,4030.0827729388457
TR-032497,2025-07-24,3636.56,3646.273658926628
TR-032498,2025-07-24,3048.31,2574.5469455429848
TR-032499,2025-07-24,662.45,667.2609461371401
TR-032500,2025-07-24,4419.14,4358.191313493892
TR-032501,2025-07-24,1490.35,1562.9247399718001
TR-032502,2025-07-24,1814.53,1809.7443270861138
TR-032503,2025-07-24,5221.67,5133.508034758235
TR-032504,2025-07-24,2948.5,2733.5101020555917
TR-032505,2025-07-24,764.29,796.9730577406356
TR-032506,2025-07-24,3077.99,2810.6569519594996
TR-032507,2025-07-24,1803.91,1841.4229314282722
TR-032508,2025-07-24,4336.99,4107.6813424785105
TR-032509,2025-07-24,2761.56,2714.7899104478224
TR-032510,2025-07-24,4565.08,4761.68825487476
TR-032511,2025-07-24,268.39,327.3464155772406
TR-032512,2025-07-24,2167.62,2149.5108742897764
TR-032513,2025-07-24,941.27,945.2925630995801
TR-032514,2025-07-24,3646.94,3562.7913081285806
TR-032515,2025-07-24,5954.96,5818.036365972535
TR-032516,2025-07-24,1514.63,1497.7752488609726
TR-032517,2025-07-24,4931.44,4775.2450482257045
TR-032518,2025-07-24,4963.66,4969.50718237324
TR-032519,2025-07-24,1650.5,1611.8056681800113
TR-032520,2025-07-24,2075.93,2016.9659714928425
TR-032521,2025-07-24,774.84,766.5310780805853
TR-032522,2025-07-24,1492.0,1452.6222874740752
TR-032523,2025-07-24,5708.78,5453.989748239745
TR-032524,2025-07-24,2659.09,2641.4256446711943
TR-032525,2025-07-24,2102.06,2030.4197761026076
TR-032526,2025-07-24,1639.47,1687.9254175274357
TR-032527,2025-07-24,4386.8,4140.937189539882
TR-032528,2025-07-24,2124.86,2096.119611524287
TR-032529,2025-07-24,2300.5,2284.448265773767
TR-032530,2025-07-24,1517.3,1510.695313389258
TR-032531,2025-07-24,3444.56,3213.405051209515
TR-032532,2025-07-24,1306.02,1316.3001793291482
TR-032533,2025-07-24,5956.93,5922.253690612007
TR-032534,2025-07-24,5208.75,5081.3683311520135
TR-032535,2025-07-24,2733.7,2875.298853735799
TR-032536,2025-07-24,2151.37,2142.545393491863
TR-032537,2025-07-24,1356.66,1331.6344783495115
TR-032538,2025-07-24,2140.0,2141.0102966562595
TR-032539,2025-07-24,1055.48,1092.5353624039444
TR-032540,2025-07-24,1773.15,1725.6299261380004
TR-032541,2025-07-24,5224.07,5044.972650403692
TR-032542,2025-07-24,5636.47,5394.229341761853
TR-032543,2025-07-24,1406.38,1431.5104700680727
TR-032544,2025-07-24,2039.67,2047.2033381745964
TR-032545,2025-07-24,4524.37,4476.450173964868
TR-032546,2025-07-24,1832.07,1699.1369192264174
TR-032547,2025-07-24,2999.1,3146.2490836244283
TR-032548,2025-07-24,2132.38,2070.6055732229597
TR-032549,2025-07-24,2949.87,2870.3755873834575
TR-032550,2025-07-24,4609.86,4373.297253264995
TR-032551,2025-07-24,1893.54,1930.042378399254
TR-032552,2025-07-24,4527.05,4438.613864382196
TR-032553,2025-07-24,3964.68,3866.3572698081152
TR-032554,2025-07-24,2767.44,2794.7921573589997
TR-032555,2025-07-24,2332.55,2225.4094597835215
TR-032556,2025-07-24,3116.64,3128.425133084391
TR-032557,2025-07-24,5736.22,5524.5325848835855
TR-032558,2025-07-24,1019.26,1046.0829829429922
TR-032559,2025-07-24,2152.39,2295.419278074072
TR-032560,2025-07-24,894.51,908.0298243676916
TR-032561,2025-07-24,1893.8,1868.7476451244734
TR-032562,2025-07-24,3678.62,3746.852503917534
TR-032563,2025-07-24,2087.84,2068.200894102881
TR-032564,2025-07-24,2900.38,2977.7576658811186
TR-032565,2025-07-24,1271.78,1253.6321243423504
TR-032566,2025-07-24,2003.15,1971.3226986251168
TR-032567,2025-07-24,4843.0,4783.359596476562
TR-032568,2025-07-24,2015.2,1922.8066062872126
TR-032569,2025-07-24,1417.95,1408.1402985846935
TR-032570,2025-07-24,1537.72,1510.6083465197312
TR-032571,2025-07-24,1629.41,1625.6876826894056
TR-032572,2025-07-24,4952.66,4866.544834565261
TR-032573,2025-07-24,2887.1,2732.153917742508
TR-032574,2025-07-24,2255.31,2231.7983325028795
TR-032575,2025-07-24,1071.54,1099.0934419502305
TR-032576,2025-07-24,4162.33,4213.519498393845
TR-032577,2025-07-24,3061.87,2983.9425713720334
TR-032578,2025-07-24,1106.35,1100.562206314754
TR-032579,2025-07-24,2447.95,2556.2154541006203
TR-032580,2025-07-24,252.03,1124.3810776364571
TR-032581,2025-07-24,603.69,582.3611195012679
TR-032582,2025-07-24,1803.83,1710.2114427555032
TR-032583,2025-07-24,848.87,839.8189852063585
TR-032584,2025-07-24,5154.94,5101.9746168219735
TR-032585,2025-07-24,1786.59,1699.524281849616
TR-032586,2025-07-24,1297.55,1308.3648618018392
TR-032587,2025-07-24,2106.93,2086.9871748858577
TR-032588,2025-07-24,808.63,832.3257896225359
TR-032589,2025-07-24,2469.34,2465.901872919011
TR-032590,2025-07-24,2510.09,2363.8826616541446
TR-032591,2025-07-24,1993.05,2115.5363485150856
TR-032592,2025-07-24,2172.77,2297.3352238508633
TR-032593,2025-07-24,960.83,961.905738213381
TR-032594,2025-07-24,5880.07,5863.270918641885
TR-032595,2025-07-24,3079.08,3186.46663489759
TR-032596,2025-07-24,715.77,688.7143549002476
TR-032597,2025-07-24,3883.12,3783.631816928419
TR-032598,2025-07-24,1198.31,1214.0953697427658
TR-032599,2025-07-24,4402.47,4545.960245565171
TR-032600,2025-07-24,1244.54,1199.0849297865134
TR-032601,2025-07-25,1795.6,1814.2537993761794
TR-032602,2025-07-25,3985.09,3983.9944539513936
TR-032603,2025-07-25,1831.44,1870.283792509203
TR-032604,2025-07-25,1814.73,1874.6706286678325
TR-032605,2025-07-25,5060.6,5188.641573972814
TR-032606,2025-07-25,1159.69,1194.957440570055
TR-032607,2025-07-25,776.49,834.0659884610925
TR-032608,2025-07-25,1345.49,1364.7260286131652
TR-032609,2025-07-25,2391.1,2523.756213340844
TR-032610,2025-07-25,640.86,661.1416321487368
TR-032611,2025-07-25,1003.51,1076.6098376324073
TR-032612,2025-07-25,2223.64,2254.356657671109
TR-032613,2025-07-25,1483.36,1553.5475478246615
TR-032614,2025-07-25,1013.01,1000.622547138128
TR-032615,2025-07-25,1268.49,1303.1580325624784
TR-032616,2025-07-25,1603.79,1602.037233949217
TR-032617,2025-07-25,1920.16,2099.91228895145
TR-032618,2025-07-25,3219.74,3045.74088468043
TR-032619,2025-07-25,1515.31,1462.6218857101685
TR-032620,2025-07-25,2086.34,2311.01422137482
TR-032621,2025-07-25,1453.48,1436.7983641422165
TR-032622,2025-07-25,1631.89,1708.526629050673
TR-032623,2025-07-25,1844.26,1879.2520555153776
TR-032624,2025-07-25,1591.32,1644.4262156476184
TR-032625,2025-07-25,1380.67,1385.0403401507365
TR-032626,2025-07-25,3180.61,3351.327850071315
TR-032627,2025-07-25,1272.59,1290.9667009872196
TR-032628,2025-07-25,559.05,577.3512730934192
TR-032629,2025-07-25,4374.65,4317.30656997621
TR-032630,2025-07-25,1269.2,1292.0741245908866
TR-032631,2025-07-25,1840.76,1821.990427093124
TR-032632,2025-07-25,937.61,963.3090067135763
TR-032633,2025-07-25,822.73,859.7874443417625
TR-032634,2025-07-25,3858.21,4134.60687486305
TR-032635,2025-07-25,4051.75,4007.258355272299
TR-032636,2025-07-25,1826.04,2035.2497830558618
TR-032637,2025-07-25,1869.29,1872.5409303034637
TR-032638,2025-07-25,3347.59,3358.09688531674
TR-032639,2025-07-25,2653.19,2616.3875955077797
TR-032640,2025-07-25,720.47,755.2801432222107
TR-032641,2025-07-25,2766.8,2938.652838792364
TR-032642,2025-07-25,2385.54,2468.881515063013
TR-032643,2025-07-25,1155.79,1154.1480769917066
TR-032644,2025-07-25,2351.78,2259.7133169053495
TR-032645,2025-07-25,1705.03,1774.358631746949
TR-032646,2025-07-25,1615.16,1546.1155942908917
TR-032647,2025-07-25,4232.78,4329.333868214476
TR-032648,2025-07-25,768.26,807.2781750411223
TR-032649,2025-07-25,2339.92,2275.325093946045
TR-032650,2025-07-25,3526.8,3733.75917278694
TR-032651,2025-07-25,1780.57,1796.8293946623196
TR-032652,2025-07-25,3484.76,3477.355024787745
TR-032653,2025-07-25,1924.84,1899.6418816730798
TR-032654,2025-07-25,1711.68,1770.909782377859
TR-032655,2025-07-25,790.18,829.2994747306532
TR-032656,2025-07-25,1802.55,1842.399334713683
TR-032657,2025-07-25,1675.31,1650.157718486539
TR-032658,2025-07-25,1490.02,1476.1185527935954
TR-032659,2025-07-25,3944.08,3986.829840896804
TR-032660,2025-07-25,3416.38,3514.4197030706764
TR-032661,2025-07-25,3111.53,2836.473422237186
TR-032662,2025-07-25,2159.84,2073.6842679700794
TR-032663,2025-07-25,3293.39,3473.137535069044
TR-032664,2025-07-25,2397.54,2479.793398793785
TR-032665,2025-07-25,5543.22,5654.617166534126
TR-032666,2025-07-25,3674.78,3872.64213820557
TR-032667,2025-07-25,1358.54,1326.721836218794
TR-032668,2025-07-25,5174.53,5202.8840164501025
TR-032669,2025-07-25,960.12,997.2566552721717
TR-032670,2025-07-25,899.68,911.4316245343175
TR-032671,2025-07-25,2827.98,2919.1666743934147
TR-032672,2025-07-25,2570.38,2829.560531023878
TR-032673,2025-07-25,3939.9,3830.7319909467105
TR-032674,2025-07-25,4025.72,4011.348512011875
TR-032675,2025-07-25,2064.45,2132.5073004758215
TR-032676,2025-07-25,3644.19,3555.1732954357567
TR-032677,2025-07-25,5376.87,5355.808809572559
TR-032678,2025-07-25,13435.73,3205.9966747366643
TR-032679,2025-07-25,10182.59,3664.191536447744
TR-032680,2025-07-25,1243.96,1231.656331054502
TR-032681,2025-07-25,4132.2,4212.207003597161
TR-032682,2025-07-25,3252.3,3305.8079223616132
TR-032683,2025-07-25,3191.53,3084.545234094442
TR-032684,2025-07-25,4200.2,4090.911255782142
TR-032685,2025-07-25,2304.15,2300.6468203309146
TR-032686,2025-07-25,3444.4,3502.694828223999
TR-032687,2025-07-25,983.26,1025.2608283911463
TR-032688,2025-07-25,2020.06,2235.343243493812
TR-032689,2025-07-25,1919.24,1897.3945496070114
TR-032690,2025-07-25,3653.08,3675.923071893981
TR-032691,2025-07-25,2290.3,2407.719233339595
TR-032692,2025-07-25,659.75,666.1591071713169
TR-032693,2025-07-25,1003.77,1015.3052681744422
TR-032694,2025-07-25,2900.85,2984.7631187612606
TR-032695,2025-07-25,3366.83,3525.9186495316326
TR-032696,2025-07-25,2370.42,2697.870659653455
TR-032697,2025-07-25,4704.4,4629.455313432467
TR-032698,2025-07-25,1426.38,1407.7166433084767
TR-032699,2025-07-25,1141.74,1165.9940615005635
TR-032700,2025-07-25,3958.98,3873.722466874812
TR-032701,2025-07-25,1431.72,1471.2569111012613
TR-032702,2025-07-25,333.87,331.39541285435666
TR-032703,2025-07-25,1112.55,1082.8211340845878
TR-032704,2025-07-25,3215.38,3191.7620862829217
TR-032705,2025-07-25,1761.75,1670.0601573073827
TR-032706,2025-07-25,1147.6,1200.1312196356535
TR-032707,2025-07-25,2869.52,2707.868243305499
TR-032708,2025-07-25,683.06,691.3108880960001
TR-032709,2025-07-25,2385.69,2266.342860299434
TR-032710,2025-07-25,3695.63,3569.028875743995
TR-032711,2025-07-25,1973.87,1962.6203811822747
TR-032712,2025-07-25,4621.28,4511.657406920698
TR-032713,2025-07-25,5914.63,6037.805819807214
TR-032714,2025-07-25,1385.85,1406.1114722924358
TR-032715,2025-07-25,1855.55,1823.507237776803
TR-032716,2025-07-25,4113.84,4086.109069014136
TR-032717,2025-07-25,2840.2,3208.437699309193
TR-032718,2025-07-25,5716.61,5348.755054180434
TR-032719,2025-07-25,1447.89,1499.1031019898562
TR-032720,2025-07-25,1002.59,1011.1545655999809
TR-032721,2025-07-25,1823.86,1723.5969334336312
TR-032722,2025-07-25,568.64,543.1279542617203
TR-032723,2025-07-25,2761.01,2984.4974554133983
TR-032724,2025-07-25,2110.93,2034.389778722241
TR-032725,2025-07-25,3322.7,3482.0849459891415
TR-032726,2025-07-25,1188.63,1184.6698847358707
TR-032727,2025-07-25,605.63,636.6006776502584
TR-032728,2025-07-25,672.84,705.5899269869201
TR-032729,2025-07-25,4127.3,4316.309632578572
TR-032730,2025-07-25,4887.45,4945.855802168491
TR-032731,2025-07-25,877.84,862.9058465816261
TR-032732,2025-07-25,1210.06,1261.19327753261
TR-032733,2025-07-25,2827.1,2761.050241994032
TR-032734,2025-07-25,2264.1,2366.882607045115
TR-032735,2025-07-25,786.2,796.1499475076066
TR-032736,2025-07-25,1039.6,1031.1210617351303
TR-032737,2025-07-25,2884.04,3096.508746198817
TR-032738,2025-07-25,4075.32,4148.995828823834
TR-032739,2025-07-25,3975.65,4046.8678973605947
TR-032740,2025-07-25,2091.38,2229.757066673553
TR-032741,2025-07-25,1148.66,1168.834181497526
TR-032742,2025-07-25,1026.79,1021.00202922012
TR-032743,2025-07-25,618.25,673.1430132681946
TR-032744,2025-07-25,3399.53,3392.574148271364
TR-032745,2025-07-25,1229.81,1223.2591112189202
TR-032746,2025-07-25,3774.01,3708.389184750411
TR-032747,2025-07-25,1954.6,1963.0134986870794
TR-032748,2025-07-25,2362.59,2379.582338726319
TR-032749,2025-07-25,1886.47,1860.802728542029
TR-032750,2025-07-25,2310.25,2446.207224959122
TR-032751,2025-07-25,2685.21,2658.2350063289323
TR-032752,2025-07-25,4164.07,4232.492232473813
TR-032753,2025-07-26,4181.36,4166.523746114735
TR-032754,2025-07-26,3815.28,3864.2931564380265
TR-032755,2025-07-26,5341.24,5339.826432039443
TR-032756,2025-07-26,2472.19,2528.196179187234
TR-032757,2025-07-26,1256.62,1282.7402863909251
TR-032758,2025-07-26,1736.66,1726.8739948329178
TR-032759,2025-07-26,1816.77,1866.8122289423895
TR-032760,2025-07-26,5172.5,5255.4622128040555
TR-032761,2025-07-26,2614.96,2734.024278588795
TR-032762,2025-07-26,1966.84,2068.8130660376014
TR-032763,2025-07-26,612.07,635.6006097841134
TR-032764,2025-07-26,3681.76,3663.9798445102597
TR-032765,2025-07-26,3007.83,3146.679875936212
TR-032766,2025-07-26,676.85,724.3672350700085
TR-032767,2025-07-26,2457.83,2503.0885406393877
TR-032768,2025-07-26,4523.97,4589.483477754811
TR-032769,2025-07-26,1781.1,1822.3164182002154
TR-032770,2025-07-26,5134.52,5162.729289197711
TR-032771,2025-07-26,1896.67,1897.4706482641348
TR-032772,2025-07-26,1179.97,1211.8186104862712
TR-032773,2025-07-26,542.58,550.5073990356773
TR-032774,2025-07-26,849.68,869.5749749880665
TR-032775,2025-07-26,2923.62,3022.016294074737
TR-032776,2025-07-26,3968.6,4018.703498589765
TR-032777,2025-07-26,1409.82,1409.1587542520742
TR-032778,2025-07-26,3809.9,3808.28931159252
TR-032779,2025-07-26,1531.01,1613.9319654366032
TR-032780,2025-07-26,2384.36,2514.8213854318547
TR-032781,2025-07-26,1137.39,1190.016070724516
TR-032782,2025-07-26,2000.96,2018.458806349662
TR-032783,2025-07-26,3226.76,3076.681893152849
TR-032784,2025-07-26,2768.45,2802.3192922532708
TR-032785,2025-07-26,1572.21,1613.7830090446103
TR-032786,2025-07-26,2523.24,2524.7528072002647
TR-032787,2025-07-26,1289.13,1320.9337093287631
TR-032788,2025-07-26,1627.76,1613.9064746373933
TR-032789,2025-07-26,1890.39,1885.3737163045919
TR-032790,2025-07-26,846.21,887.8719756435162
TR-032791,2025-07-26,4073.45,4158.194163029025
TR-032792,2025-07-26,3655.58,3784.734400069242
TR-032793,2025-07-26,3205.68,3121.1878131506437
TR-032794,2025-07-26,4322.64,4238.997855762438
TR-032795,2025-07-26,1852.53,2005.097537033017
TR-032796,2025-07-26,4388.08,4322.89510212745
TR-032797,2025-07-26,3292.14,3291.530231476272
TR-032798,2025-07-26,1364.0,1380.1743302522382
TR-032799,2025-07-26,843.8,850.5035493195753
TR-032800,2025-07-26,2240.57,2256.1484942800885
TR-032801,2025-07-26,1738.9,1682.5555313243972
TR-032802,2025-07-26,2442.47,2238.9514577535215
TR-032803,2025-07-26,1519.19,1537.1951998738527
TR-032804,2025-07-26,1102.01,1157.4134712207297
TR-032805,2025-07-26,3689.12,3857.7025348919065
TR-032806,2025-07-26,1864.49,1831.8465780049585
TR-032807,2025-07-26,3162.9,3050.6083406960583
TR-032808,2025-07-26,1179.8,1166.023176225503
TR-032809,2025-07-26,1560.31,1585.0097763509355
TR-032810,2025-07-26,927.32,974.9017782331609
TR-032811,2025-07-26,2652.52,2779.985676047526
TR-032812,2025-07-26,1878.06,1932.1281653919482
TR-032813,2025-07-26,3409.05,3612.4303501056806
TR-032814,2025-07-26,2671.9,2697.220705620779
TR-032815,2025-07-26,2300.15,2413.4255315837513
TR-032816,2025-07-26,2905.05,3156.884190180356
TR-032817,2025-07-26,2627.38,2923.7325713312794
TR-032818,2025-07-26,4849.72,4977.049053775461
TR-032819,2025-07-26,1076.49,1087.145689767026
TR-032820,2025-07-26,1348.68,1364.3800056444115
TR-032821,2025-07-26,738.87,838.9704724744602
TR-032822,2025-07-26,1606.4,1696.4263234509604
TR-032823,2025-07-26,1419.4,1432.5369364470928
TR-032824,2025-07-26,2689.56,3013.3399751143165
TR-032825,2025-07-26,1335.43,1329.7993663500397
TR-032826,2025-07-26,1183.71,1193.815078614316
TR-032827,2025-07-26,835.6,868.3635765340132
TR-032828,2025-07-26,3390.19,3445.414426872855
TR-032829,2025-07-26,707.65,708.5017440272477
TR-032830,2025-07-26,3598.69,3567.6927401903404
TR-032831,2025-07-26,3018.99,3124.7662417073643
TR-032832,2025-07-26,1772.88,1796.4954023387568
TR-032833,2025-07-26,2410.26,2300.497491160091
TR-032834,2025-07-26,1372.35,1379.9437922214622
TR-032835,2025-07-26,4693.29,4686.979423206011
TR-032836,2025-07-26,1446.05,1440.6287292371235
TR-032837,2025-07-26,3819.84,3777.112846756141
TR-032838,2025-07-26,5158.76,5185.773759584117
TR-032839,2025-07-26,1168.4,1173.6810406322552
TR-032840,2025-07-26,2541.0,2782.9225812000946
TR-032841,2025-07-26,1123.05,1172.5984133443599
TR-032842,2025-07-26,1896.51,1867.299568838338
TR-032843,2025-07-26,2544.97,2506.547774528985
TR-032844,2025-07-26,1148.73,1229.6412797578896
TR-032845,2025-07-26,1112.39,1186.8021769135712
TR-032846,2025-07-26,5661.91,5655.9883900531695
TR-032847,2025-07-26,3866.25,3930.131993138373
TR-032848,2025-07-26,2412.34,2318.7417988790166
TR-032849,2025-07-26,1619.06,1669.423822417174
TR-032850,2025-07-26,1197.41,2795.7016495755784
TR-032851,2025-07-26,1745.58,1905.418548982474
TR-032852,2025-07-26,3469.22,3632.0130061206287
TR-032853,2025-07-26,965.32,993.1227457820769
TR-032854,2025-07-26,2371.59,2502.740181926484
TR-032855,2025-07-26,1088.47,1115.6417353497066
TR-032856,2025-07-26,1838.99,1914.4417070819056
TR-032857,2025-07-26,1667.62,1733.6936415302685
TR-032858,2025-07-26,3998.84,4122.755993525621
TR-032859,2025-07-26,564.67,602.9061027997861
TR-032860,2025-07-26,2852.1,2987.69135375519
TR-032861,2025-07-26,1562.25,1603.1793010133663
TR-032862,2025-07-26,1971.58,2255.8825374264447
TR-032863,2025-07-26,842.78,869.1582798938846
TR-032864,2025-07-26,1639.91,1641.9052115457089
TR-032865,2025-07-26,1493.3,1586.3425962036272
TR-032866,2025-07-26,4327.16,4587.346359973854
TR-032867,2025-07-26,3710.4,3835.1205926924804
TR-032868,2025-07-26,1235.73,1303.1806721512824
TR-032869,2025-07-26,3288.98,1269.4366044534024
TR-032870,2025-07-26,1510.16,1444.9205084741006
TR-032871,2025-07-26,1572.34,1585.2637395494341
TR-032872,2025-07-26,1577.9,1576.0946505163315
TR-032873,2025-07-26,4115.12,4266.339358400053
TR-032874,2025-07-26,3288.49,3228.6883623432727
TR-032875,2025-07-26,1759.96,1913.952382795534
TR-032876,2025-07-26,597.98,612.0536907184046
TR-032877,2025-07-26,2487.69,2614.388784043294
TR-032878,2025-07-26,8768.95,3897.478504049067
TR-032879,2025-07-26,2163.74,2279.697980621651
TR-032880,2025-07-26,2773.57,3009.6808068297614
TR-032881,2025-07-26,4553.24,4681.901609434297
TR-032882,2025-07-26,952.59,1001.8491552082654
TR-032883,2025-07-26,1402.65,1429.0697469032618
TR-032884,2025-07-26,4552.36,4423.992855428017
TR-032885,2025-07-26,2897.27,2782.373203202722
TR-032886,2025-07-26,1399.03,1442.7981619595403
TR-032887,2025-07-26,947.49,991.1747016089851
TR-032888,2025-07-26,1176.38,1220.1799792882812
TR-032889,2025-07-26,5200.47,5157.544380637458
TR-032890,2025-07-26,2860.19,2701.651830455545
TR-032891,2025-07-26,1575.72,1476.011207432879
TR-032892,2025-07-26,772.97,781.7496636917526
TR-032893,2025-07-26,2586.97,2592.5201638135272
TR-032894,2025-07-26,3428.93,3347.5258631816687
TR-032895,2025-07-26,1081.32,1100.2250108752035
TR-032896,2025-07-26,3283.34,3268.2666101968307
TR-032897,2025-07-26,1427.14,1480.2239547104255
TR-032898,2025-07-26,1110.4,1119.2424838420206
TR-032899,2025-07-26,5798.7,5869.512328984907
TR-032900,2025-07-26,5254.63,5459.431203088954
TR-032901,2025-07-26,2443.03,2639.068473753675
TR-032902,2025-07-26,1347.37,1379.9699587547047
TR-032903,2025-07-26,2318.6,2463.943279580549
TR-032904,2025-07-26,3633.29,3626.942106038732
TR-032905,2025-07-26,2430.05,2285.2937504908346
TR-032906,2025-07-26,4470.06,4260.735886939557
TR-032907,2025-07-26,2349.02,2433.650405678814
TR-032908,2025-07-26,990.98,1010.4368909070603
TR-032909,2025-07-26,734.78,796.2176834355821
TR-032910,2025-07-26,1982.32,2134.599925418796
TR-032911,2025-07-26,2734.49,2703.2901122047724
TR-032912,2025-07-26,1824.23,1842.0109309760273
TR-032913,2025-07-26,2772.56,2895.6301792839868
TR-032914,2025-07-26,2677.59,2904.723188520598
TR-032915,2025-07-26,3234.32,3321.406757045982
TR-032916,2025-07-26,1134.2,1124.923209896315
TR-032917,2025-07-26,4501.69,4425.833205534519
TR-032918,2025-07-26,1381.2,1379.549756733856
TR-032919,2025-07-26,3769.93,3984.3483767126127
TR-032920,2025-07-26,1821.68,1777.1132873210324
TR-032921,2025-07-26,1875.38,2079.764094293026
TR-032922,2025-07-26,251.26,337.08845390032843
TR-032923,2025-07-26,1114.11,1208.1404551045503
TR-032924,2025-07-26,5048.44,4960.549017666224
TR-032925,2025-07-26,1633.33,1632.9026242474624
TR-032926,2025-07-26,1069.02,1118.4019224029357
TR-032927,2025-07-26,1423.48,1451.604563731981
TR-032928,2025-07-26,4156.88,4124.490117982844
TR-032929,2025-07-26,858.21,905.2709134385539
TR-032930,2025-07-26,813.75,839.1273397432117
TR-032931,2025-07-26,901.8,915.4075884605734
TR-032932,2025-07-26,2850.86,2938.8707229585034
TR-032933,2025-07-26,3981.98,4076.218422353152
TR-032934,2025-07-26,1245.71,1259.067851590638
TR-032935,2025-07-27,2163.29,2208.9478273030854
TR-032936,2025-07-27,2384.07,2481.3388480746253
TR-032937,2025-07-27,1435.17,1441.8499718139337
TR-032938,2025-07-27,3416.49,3459.276105830608
TR-032939,2025-07-27,3988.53,4073.4168581169056
TR-032940,2025-07-27,3037.1,3091.926990577348
TR-032941,2025-07-27,706.09,749.7196417662583
TR-032942,2025-07-27,2852.16,2990.631459600594
TR-032943,2025-07-27,2828.82,3004.8581722747945
TR-032944,2025-07-27,1101.66,1116.962700757921
TR-032945,2025-07-27,1417.23,1510.5856177829446
TR-032946,2025-07-27,181.52,661.4096116490007
TR-032947,2025-07-27,3736.52,3815.6364987680363
TR-032948,2025-07-27,4227.74,4262.438050293221
TR-032949,2025-07-27,3424.45,3454.1971249238313
TR-032950,2025-07-27,1408.76,1388.6224769280307
TR-032951,2025-07-27,1424.22,1450.002257629732
TR-032952,2025-07-27,1572.85,1573.7596869160307
TR-032953,2025-07-27,3176.7,3339.3278422923863
TR-032954,2025-07-27,2287.55,2207.1098946531883
TR-032955,2025-07-27,3445.03,3364.494641402038
TR-032956,2025-07-27,1948.74,2114.554367191992
TR-032957,2025-07-27,1043.92,1043.639131650647
TR-032958,2025-07-27,2558.38,2360.3862411436535
TR-032959,2025-07-27,1187.48,1190.1198933227386
TR-032960,2025-07-27,2899.85,2926.5488328025
TR-032961,2025-07-27,524.13,572.1105030416586
TR-032962,2025-07-27,698.25,766.0718651844909
TR-032963,2025-07-27,2421.32,2442.1037802250576
TR-032964,2025-07-27,1855.81,1759.6569590043955
TR-032965,2025-07-27,257.43,462.0571630643947
TR-032966,2025-07-27,192.65,341.10685049801737
TR-032967,2025-07-27,4571.1,4521.285315134253
TR-032968,2025-07-27,1482.91,1504.0475317606147
TR-032969,2025-07-27,2401.55,2375.252476692219
TR-032970,2025-07-27,1785.98,1822.4036481515996
TR-032971,2025-07-27,2359.07,2476.2824734071087
TR-032972,2025-07-27,1350.54,1364.8957175291544
TR-032973,2025-07-27,2014.06,1973.3073316916677
TR-032974,2025-07-27,877.53,920.6404646271378
TR-032975,2025-07-27,1644.0,1708.4185190938742
TR-032976,2025-07-27,2059.41,2216.360262387762
TR-032977,2025-07-27,646.48,663.6587716405372
TR-032978,2025-07-27,2969.42,2972.0852160279774
TR-032979,2025-07-27,1253.86,1271.544135182557
TR-032980,2025-07-27,2594.03,2663.2165752787905
TR-032981,2025-07-27,3524.21,3639.9385805597476
TR-032982,2025-07-27,845.62,911.3588436591892
TR-032983,2025-07-27,1436.2,1424.6067281643388
TR-032984,2025-07-27,2888.72,2865.3747711230494
TR-032985,2025-07-27,1448.87,1565.294994659983
TR-032986,2025-07-27,981.73,1016.3495601671299
TR-032987,2025-07-27,1229.03,1252.8770642221637
TR-032988,2025-07-27,1125.51,1176.4787747967525
TR-032989,2025-07-27,2983.7,3106.512634573296
TR-032990,2025-07-27,1472.31,1584.7276395739398
TR-032991,2025-07-27,1865.89,2110.3990670538906
TR-032992,2025-07-27,1329.27,1329.8600216768684
TR-032993,2025-07-27,1877.25,1931.7628511576463
TR-032994,2025-07-27,405.29,425.2331351707928
TR-032995,2025-07-27,3533.37,3725.390000685974
TR-032996,2025-07-27,2875.14,3016.5144116864108
TR-032997,2025-07-27,2638.38,2560.381698022531
TR-032998,2025-07-27,4168.72,4125.632547986972
TR-032999,2025-07-27,711.37,783.5275553773147
TR-033000,2025-07-27,1205.4,1221.1691401111536
TR-033001,2025-07-27,2486.71,2617.3564908254184
TR-033002,2025-07-27,349.68,425.621365015626
TR-033003,2025-07-27,3779.91,3905.847562499921
TR-033004,2025-07-27,3363.73,3531.9624700458544
TR-033005,2025-07-27,869.31,939.8306551541989
TR-033006,2025-07-27,1723.34,1756.3376753864209
TR-033007,2025-07-27,1106.77,1100.7821631592037
TR-033008,2025-07-27,1444.1,1485.1027900421004
TR-033009,2025-07-27,2923.22,3129.8946908700914
TR-033010,2025-07-27,727.21,797.4061989791796
TR-033011,2025-07-27,2120.51,2069.906465868135
TR-033012,2025-07-27,1343.73,1354.3306175964194
TR-033013,2025-07-27,1499.67,1545.0396375803732
TR-033014,2025-07-27,2055.35,2140.0718914129907
TR-033015,2025-07-27,1253.36,1286.7692746349585
TR-033016,2025-07-27,2003.88,2151.512798326847
TR-033017,2025-07-27,2031.04,2208.282596634792
TR-033018,2025-07-27,823.25,881.2274916606964
TR-033019,2025-07-27,3529.73,3698.3962401623367
TR-033020,2025-07-27,2966.04,3113.9830294350604
TR-033021,2025-07-27,1819.42,1795.0096896032314
TR-033022,2025-07-27,771.46,827.3411569295577
TR-033023,2025-07-27,1054.01,1047.8322511936976
TR-033024,2025-07-27,4226.13,4221.321902704567
TR-033025,2025-07-27,1205.58,1271.5603941489671
TR-033026,2025-07-27,3939.59,4074.505299675417
TR-033027,2025-07-27,4486.08,4517.444271286629
TR-033028,2025-07-27,768.89,794.1434525863065
TR-033029,2025-07-27,1552.48,1542.5198619845546
TR-033030,2025-07-27,3302.26,3357.017361564621
TR-033031,2025-07-27,2526.04,2591.664877321462
TR-033032,2025-07-27,2018.47,2068.9695428502664
TR-033033,2025-07-27,1355.23,1417.459622899899
TR-033034,2025-07-27,1604.66,1654.7703172972826
TR-033035,2025-07-27,3343.47,3369.6151265938925
TR-033036,2025-07-27,379.33,361.9249524234633
TR-033037,2025-07-27,3330.78,3148.360734411164
TR-033038,2025-07-27,1177.81,1213.924528688688
TR-033039,2025-07-27,7607.75,1655.227943151798
TR-033040,2025-07-27,2234.86,2228.3668295248563
TR-033041,2025-07-27,2251.6,2523.6977822823574
TR-033042,2025-07-27,1307.33,1371.6419845643206
TR-033043,2025-07-27,2145.12,2105.865537579681
TR-033044,2025-07-27,4354.23,4518.404763005264
TR-033045,2025-07-27,2597.26,2633.9374803025094
TR-033046,2025-07-27,2016.83,2199.5278719203648
TR-033047,2025-07-27,2413.16,2589.2028339225167
TR-033048,2025-07-27,786.53,847.6603858481265
TR-033049,2025-07-27,1705.16,1682.896844454776
TR-033050,2025-07-27,898.23,919.9781822102175
TR-033051,2025-07-27,3261.16,3337.0039575929804
TR-033052,2025-07-27,1282.83,1316.5962147215864
TR-033053,2025-07-27,751.79,801.79500898432
TR-033054,2025-07-27,2592.78,2605.709868199157
TR-033055,2025-07-27,798.03,839.3363029550846
TR-033056,2025-07-27,3734.08,3724.971192395362
TR-033057,2025-07-27,1280.74,1321.739505061007
TR-033058,2025-07-27,3296.85,3359.0846676160854
TR-033059,2025-07-27,2278.22,2269.726094429729
TR-033060,2025-07-27,4984.21,5225.810201329059
TR-033061,2025-07-27,282.54,1410.4713205207688
TR-033062,2025-07-27,3261.9,3265.1801436611977
TR-033063,2025-07-27,3530.35,3692.877609466442
TR-033064,2025-07-27,2883.41,2901.254704733385
TR-033065,2025-07-27,806.0,878.7031757012803
TR-033066,2025-07-27,1275.74,1321.6620443217005
TR-033067,2025-07-27,1464.1,1456.4066921739286
TR-033068,2025-07-27,4174.09,4136.3055501923955
TR-033069,2025-07-27,691.7,743.6423962166377
TR-033070,2025-07-27,2662.76,2804.09300720372
TR-033071,2025-07-27,3847.58,3879.6874401059576
TR-033072,2025-07-27,1900.56,2066.0449436841545
TR-033073,2025-07-27,3531.73,3620.734457859745
TR-033074,2025-07-27,230.1,358.84850129317306
TR-033075,2025-07-27,17333.65,3888.178413255251
TR-033076,2025-07-27,5553.38,5590.468534346477
TR-033077,2025-07-27,1585.57,1611.607462906522
TR-033078,2025-07-27,1756.09,1797.1772165877999
TR-033079,2025-07-27,1241.89,1275.4875220484846
TR-033080,2025-07-27,1760.78,1797.8977049503992
TR-033081,2025-07-27,4298.03,4261.979676731682
TR-033082,2025-07-27,978.54,1067.3292826015672
TR-033083,2025-07-28,989.65,1041.5909195657623
TR-033084,2025-07-28,3554.43,3513.2089675095167
TR-033085,2025-07-28,551.0,636.5525712539418
TR-033086,2025-07-28,2866.84,2670.221562000925
TR-033087,2025-07-28,11117.85,3772.3177342838558
TR-033088,2025-07-28,1495.86,1534.0697892210683
TR-033089,2025-07-28,3873.08,3944.179783520256
TR-033090,2025-07-28,5421.9,5491.034511131764
TR-033091,2025-07-28,1898.11,1956.2592449331453
TR-033092,2025-07-28,4163.82,4160.028784674206
TR-033093,2025-07-28,4689.79,4915.227922134966
TR-033094,2025-07-28,251.2,398.78778410998484
TR-033095,2025-07-28,1084.99,1096.7166780949387
TR-033096,2025-07-28,1374.59,1370.7201381331656
TR-033097,2025-07-28,4869.68,4951.402998549125
TR-033098,2025-07-28,1859.46,1800.5819555136873
TR-033099,2025-07-28,1222.71,1234.2609769172755
TR-033100,2025-07-28,571.03,654.7170215029196
TR-033101,2025-07-28,1062.28,1107.3089064025385
TR-033102,2025-07-28,2462.39,2360.9382809429253
TR-033103,2025-07-28,1023.46,1079.8114219649574
TR-033104,2025-07-28,730.81,812.6122370881094
TR-033105,2025-07-28,345.19,394.97869735258746
TR-033106,2025-07-28,2821.94,2872.1754732039085
TR-033107,2025-07-28,5266.95,5356.787804788023
TR-033108,2025-07-28,2010.78,2017.916916820476
TR-033109,2025-07-28,1741.31,1769.194154334795
TR-033110,2025-07-28,1307.68,1345.9559124701645
TR-033111,2025-07-28,1454.74,1517.3529504881888
TR-033112,2025-07-28,1898.27,1912.6888531592747
TR-033113,2025-07-28,3337.67,3576.396416550954
TR-033114,2025-07-28,1608.9,1521.8702784836973
TR-033115,2025-07-28,5884.68,5798.600413127824
TR-033116,2025-07-28,968.12,989.8692622666965
TR-033117,2025-07-28,1358.77,1381.239343727544
TR-033118,2025-07-28,1688.03,1742.48986182012
TR-033119,2025-07-28,589.77,1506.4887789797313
TR-033120,2025-07-28,1319.58,1387.244812494708
TR-033121,2025-07-28,1341.91,1335.010489632552
TR-033122,2025-07-28,1060.52,1113.7251734735414
TR-033123,2025-07-28,2288.59,2455.1404430049556
TR-033124,2025-07-28,4235.39,4357.316808007728
TR-033125,2025-07-28,667.47,725.0814253684571
TR-033126,2025-07-28,1866.7,1837.1381521872102
TR-033127,2025-07-28,921.09,983.717038360006
TR-033128,2025-07-28,4423.69,4489.915107635365
TR-033129,2025-07-28,591.93,653.793103734708
TR-033130,2025-07-28,1981.07,1938.7654541918162
TR-033131,2025-07-28,1079.93,1083.4713581954397
TR-033132,2025-07-28,453.76,519.0789023348943
TR-033133,2025-07-28,1841.68,1983.4931422627762
TR-033134,2025-07-28,1045.98,1108.7277516726917
TR-033135,2025-07-28,749.0,825.9910128815993
TR-033136,2025-07-28,644.7,738.1164262185305
TR-033137,2025-07-28,507.31,557.228215761746
TR-033138,2025-07-28,1157.48,1219.7364631749
TR-033139,2025-07-28,951.85,978.6728366647767
TR-033140,2025-07-28,2317.43,2358.3332151225236
TR-033141,2025-07-28,882.87,924.0667981156689
TR-033142,2025-07-28,2472.06,2690.1501454241543
TR-033143,2025-07-28,669.33,738.5229767521557
TR-033144,2025-07-28,1349.13,1366.3766495618975
TR-033145,2025-07-28,1769.62,1754.5396784454656
TR-033146,2025-07-28,3851.99,3843.257393269448
TR-033147,2025-07-28,1047.91,1084.0590239745607
TR-033148,2025-07-28,3793.81,3885.609896412717
TR-033149,2025-07-28,5189.0,5188.349188789072
TR-033150,2025-07-28,1722.32,1630.5553115720609
TR-033151,2025-07-28,2675.46,2696.2763994833876
TR-033152,2025-07-28,3934.13,3887.850100210232
TR-033153,2025-07-28,1955.71,2025.305664203264
TR-033154,2025-07-28,1926.51,1991.059729326448
TR-033155,2025-07-28,2297.29,2358.7719164003
TR-033156,2025-07-28,2347.66,2447.6226846456675
TR-033157,2025-07-28,730.76,811.118176248412
TR-033158,2025-07-28,2894.13,3030.5198592218785
TR-033159,2025-07-28,2843.17,3035.536533849986
TR-033160,2025-07-28,2992.03,3283.181323742092
TR-033161,2025-07-28,2311.92,2181.2598530004952
TR-033162,2025-07-28,1733.19,1744.1780135999416
TR-033163,2025-07-28,2131.03,2224.313443933872
TR-033164,2025-07-28,1181.15,1207.6483412570885
TR-033165,2025-07-28,2177.26,2135.3522093482566
TR-033166,2025-07-28,2453.15,2501.233859728861
TR-033167,2025-07-28,1178.59,1231.160401752285
TR-033168,2025-07-28,1929.08,1974.7230153626276
TR-033169,2025-07-28,2217.1,2133.0200399298956
TR-033170,2025-07-28,2897.57,3094.302727422579
TR-033171,2025-07-28,1663.4,1683.5568879630368
TR-033172,2025-07-28,2666.77,2666.2967825487967
TR-033173,2025-07-28,1407.1,1404.5396136945576
TR-033174,2025-07-28,2062.01,2040.5758705972314
TR-033175,2025-07-28,1426.78,1455.4868332625897
TR-033176,2025-07-28,4536.47,4618.138267984875
TR-033177,2025-07-28,5405.95,5288.421570807807
TR-033178,2025-07-28,1153.57,1207.699082206062
TR-033179,2025-07-28,1991.56,2119.229600766683
TR-033180,2025-07-28,839.54,852.9110643302415
TR-033181,2025-07-28,3503.11,3673.323847568694
TR-033182,2025-07-28,840.66,892.9611455750219
TR-033183,2025-07-28,1543.43,1564.9012191393701
TR-033184,2025-07-28,958.89,992.0844255517948
TR-033185,2025-07-28,2594.5,2712.6903838581497
TR-033186,2025-07-28,4765.47,4796.882109123421
TR-033187,2025-07-28,1072.73,1127.1420637948358
TR-033188,2025-07-28,4758.75,4873.254395391468
TR-033189,2025-07-28,820.22,881.4834416725464
TR-033190,2025-07-28,1560.64,1574.0323077169292
TR-033191,2025-07-28,3648.27,3932.8312114672826
TR-033192,2025-07-28,3962.34,4148.018941087744
TR-033193,2025-07-28,751.09,822.0799973374615
TR-033194,2025-07-28,3243.61,3502.134016584739
TR-033195,2025-07-28,4010.64,4114.407654632232
TR-033196,2025-07-28,2371.53,2213.5495363182677
TR-033197,2025-07-28,2254.81,2192.3617686429225
TR-033198,2025-07-28,3124.78,3227.8413604129555
TR-033199,2025-07-28,4868.75,5052.862630646616
TR-033200,2025-07-28,4209.92,4304.720669394717
TR-033201,2025-07-28,1826.1,1914.8118975926513
TR-033202,2025-07-28,2182.49,2259.6813787692477
TR-033203,2025-07-28,3861.21,3865.8221318702667
TR-033204,2025-07-28,424.18,462.2868765903959
TR-033205,2025-07-28,3736.94,3845.5969085592715
TR-033206,2025-07-28,1541.48,1521.008349335454
TR-033207,2025-07-28,864.75,897.2236959857414
TR-033208,2025-07-28,1023.49,1033.6085711220985
TR-033209,2025-07-28,1115.26,1164.724490616818
TR-033210,2025-07-28,1086.36,1092.5960831741386
TR-033211,2025-07-28,3724.13,3766.3266273777936
TR-033212,2025-07-28,1157.89,1201.0634042883657
TR-033213,2025-07-28,3690.14,3988.4089148787643
TR-033214,2025-07-28,1568.81,1580.5315725875298
TR-033215,2025-07-28,1133.62,1167.5775373301467
TR-033216,2025-07-28,2473.93,2606.271390756263
TR-033217,2025-07-28,761.27,806.2900069285188
TR-033218,2025-07-28,1398.53,1444.0220508607767
TR-033219,2025-07-29,1420.59,1467.7237265080876
TR-033220,2025-07-29,3640.51,3689.3598980973684
TR-033221,2025-07-29,3878.94,3827.91972391308
TR-033222,2025-07-29,2615.16,2763.5285522785357
TR-033223,2025-07-29,1713.02,1820.1027406411754
TR-033224,2025-07-29,1259.85,1272.9258720049447
TR-033225,2025-07-29,1611.43,1715.4744534906495
TR-033226,2025-07-29,3114.18,3502.596796812188
TR-033227,2025-07-29,4014.56,3977.122736823944
TR-033228,2025-07-29,2989.18,3051.8593231637924
TR-033229,2025-07-29,1676.83,1722.064680447325
TR-033230,2025-07-29,998.86,1007.5029706398487
TR-033231,2025-07-29,1828.03,1853.5669393108076
TR-033232,2025-07-29,2425.52,2325.102695524483
TR-033233,2025-07-29,9454.94,3652.1380405995683
TR-033234,2025-07-29,997.94,1016.7904758145564
TR-033235,2025-07-29,1803.99,1833.525908176171
TR-033236,2025-07-29,1083.0,1102.6635614038216
TR-033237,2025-07-29,1579.09,1629.4034893377839
TR-033238,2025-07-29,1928.09,1952.7239166045804
TR-033239,2025-07-29,3548.35,3663.855104160418
TR-033240,2025-07-29,3843.58,3740.667117962231
TR-033241,2025-07-29,1284.5,1331.6244048550589
TR-033242,2025-07-29,824.27,867.451892664167
TR-033243,2025-07-29,1388.81,1464.019698535807
TR-033244,2025-07-29,1128.9,1170.1059677672552
TR-033245,2025-07-29,1293.47,1260.3586182275724
TR-033246,2025-07-29,1354.57,1372.8416137258353
TR-033247,2025-07-29,1861.38,1845.4591295334892
TR-033248,2025-07-29,805.38,847.9247543620011
TR-033249,2025-07-29,2233.73,2195.2576778574808
TR-033250,2025-07-29,3420.69,3569.0688912240657
TR-033251,2025-07-29,1473.1,1525.2539163295796
TR-033252,2025-07-29,1769.73,1747.1208344895954
TR-033253,2025-07-29,777.3,823.7418113527785
TR-033254,2025-07-29,1007.53,1022.4224742359869
TR-033255,2025-07-29,5605.79,5697.302601696488
TR-033256,2025-07-29,756.5,818.9625622540141
TR-033257,2025-07-29,237.05,1254.7131784106834
TR-033258,2025-07-29,665.14,718.2135932701785
TR-033259,2025-07-29,5075.37,5130.756263581297
TR-033260,2025-07-29,1230.53,1286.2062832561223
TR-033261,2025-07-29,3738.79,3658.0343068943694
TR-033262,2025-07-29,2849.25,2728.8704402276026
TR-033263,2025-07-29,1455.4,1501.7419275715517
TR-033264,2025-07-29,4372.17,4398.721589297018
TR-033265,2025-07-29,3614.59,3678.535180779059
TR-033266,2025-07-29,1016.92,1081.593649765396
TR-033267,2025-07-29,2035.28,2164.0987074405243
TR-033268,2025-07-29,1073.77,1120.8421207694241
TR-033269,2025-07-29,2058.58,2039.8400796961766
TR-033270,2025-07-29,585.85,611.0609631676762
TR-033271,2025-07-29,602.71,613.7219895782621
TR-033272,2025-07-29,2242.34,2240.7781507169125
TR-033273,2025-07-29,2226.3,2175.1037539198155
TR-033274,2025-07-29,11700.79,3696.975719626791
TR-033275,2025-07-29,2093.58,2020.0462396516002
TR-033276,2025-07-29,3064.63,2922.5703599689073
TR-033277,2025-07-29,4545.32,4547.460195437811
TR-033278,2025-07-29,5078.8,4965.602304792351
TR-033279,2025-07-29,1706.41,1639.5721943195422
TR-033280,2025-07-29,6289.39,6046.552867885983
TR-033281,2025-07-29,4150.42,4218.779977868051
TR-033282,2025-07-29,3478.47,3546.738576478543
TR-033283,2025-07-29,2239.24,2250.03049064434
TR-033284,2025-07-29,2090.95,2054.1132495725174
TR-033285,2025-07-29,656.33,713.2661516288044
TR-033286,2025-07-29,638.98,705.9243987219552
TR-033287,2025-07-29,3120.61,3253.807911570044
TR-033288,2025-07-29,1778.43,1690.04094853563
TR-033289,2025-07-29,6070.24,6092.387422167935
TR-033290,2025-07-29,1801.21,1849.3369607257034
TR-033291,2025-07-29,2757.75,2819.839480820905
TR-033292,2025-07-29,1710.7,1892.487078783056
TR-033293,2025-07-29,1796.29,1952.3454926051463
TR-033294,2025-07-29,4082.81,4054.0018235808197
TR-033295,2025-07-29,1526.56,1534.0920450307722
TR-033296,2025-07-29,3748.15,3881.5686258458645
TR-033297,2025-07-29,2358.57,2327.4111663318163
TR-033298,2025-07-29,799.27,822.7914474435579
TR-033299,2025-07-29,3889.88,4037.7781101222763
TR-033300,2025-07-29,5071.95,5252.448384694564
TR-033301,2025-07-29,1999.57,2089.3184764035386
TR-033302,2025-07-29,684.23,719.0107728452072
TR-033303,2025-07-29,1161.81,1215.054904549982
TR-033304,2025-07-29,631.69,673.5359953763489
TR-033305,2025-07-29,6289.74,2074.407595455477
TR-033306,2025-07-29,1692.64,1660.5612675966038
TR-033307,2025-07-29,324.35,363.6986034472602
TR-033308,2025-07-29,3264.59,3305.1900331295274
TR-033309,2025-07-29,1340.04,1356.0755926711354
TR-033310,2025-07-29,1671.29,1698.7154579585317
TR-033311,2025-07-29,818.04,911.4034001245338
TR-033312,2025-07-29,11663.11,3606.0413734885733
TR-033313,2025-07-29,2835.15,3010.07008372329
TR-033314,2025-07-29,3547.14,3693.9577559087174
TR-033315,2025-07-29,4005.08,4177.1494178217
TR-033316,2025-07-29,3889.7,4015.3901945222133
TR-033317,2025-07-29,1238.33,1237.6481859036949
TR-033318,2025-07-29,4113.77,4156.207066262503
TR-033319,2025-07-29,1454.31,1495.6927741791437
TR-033320,2025-07-29,1538.63,1542.5563835256614
TR-033321,2025-07-29,3402.81,3437.8006816960724
TR-033322,2025-07-29,3019.11,3037.380191149259
TR-033323,2025-07-29,3738.64,3546.2849044104305
TR-033324,2025-07-29,3278.18,3469.0764305403136
TR-033325,2025-07-29,1574.29,1552.6631823255902
TR-033326,2025-07-29,1140.79,1193.183965755613
TR-033327,2025-07-29,862.51,886.6386269867737
TR-033328,2025-07-29,4653.68,5104.534632341234
TR-033329,2025-07-29,1705.18,1775.492399700156
TR-033330,2025-07-29,2253.53,2251.554099156178
TR-033331,2025-07-29,2217.15,2268.453803097595
TR-033332,2025-07-29,4453.21,4612.697458115126
TR-033333,2025-07-29,801.41,854.1701242712857
TR-033334,2025-07-29,3689.1,3934.712889346042
TR-033335,2025-07-29,3272.85,3310.3575625591525
TR-033336,2025-07-29,1665.39,1613.94694044053
TR-033337,2025-07-29,3877.1,4033.877064040666
TR-033338,2025-07-29,3782.81,3852.568990562441
TR-033339,2025-07-29,989.07,1018.7982475299045
TR-033340,2025-07-29,3865.21,4041.8190661445456
TR-033341,2025-07-29,1811.38,1806.0413834138747
TR-033342,2025-07-29,625.2,701.458028519944
TR-033343,2025-07-29,754.69,756.1544689459856
TR-033344,2025-07-29,2668.85,2585.600615745173
TR-033345,2025-07-29,4211.13,4208.518926512321
TR-033346,2025-07-29,1055.08,1037.162076195731
TR-033347,2025-07-29,4668.29,4824.649196315795
TR-033348,2025-07-29,2304.18,2438.3693311537204
TR-033349,2025-07-29,1144.3,1201.1183632350344
TR-033350,2025-07-29,5897.96,6052.215454075285
TR-033351,2025-07-29,2152.41,2089.237957627521
TR-033352,2025-07-29,1680.49,1654.6476704931035
TR-033353,2025-07-29,840.99,867.3671356944644
TR-033354,2025-07-29,844.68,880.601854263354
TR-033355,2025-07-29,2292.39,2245.5977282237022
TR-033356,2025-07-29,1238.44,1302.1959502612967
TR-033357,2025-07-29,521.73,526.5452850058991
TR-033358,2025-07-29,1656.78,1702.7199161496774
TR-033359,2025-07-29,4343.02,4286.181692678591
TR-033360,2025-07-29,500.83,550.9442113432838
TR-033361,2025-07-29,1151.03,1194.814643180192
TR-033362,2025-07-29,3391.79,3430.863076186558
TR-033363,2025-07-29,1942.0,1913.8504480526497
TR-033364,2025-07-29,3836.36,4068.9768680711754
TR-033365,2025-07-29,4229.91,4031.5397464299253
TR-033366,2025-07-29,1245.46,1241.7484383119256
TR-033367,2025-07-29,3647.9,3687.131730434483
TR-033368,2025-07-29,3693.66,3659.0556749845528
TR-033369,2025-07-29,1132.59,1119.7200176438694
TR-033370,2025-07-29,1651.94,1707.719430322893
TR-033371,2025-07-29,1388.08,1378.8713072965002
TR-033372,2025-07-29,1238.54,1244.9146530964674
TR-033373,2025-07-29,1145.59,1162.4461216145876
TR-033374,2025-07-29,662.05,718.6522905484092
TR-033375,2025-07-29,1800.0,1828.858093175782
TR-033376,2025-07-29,1353.63,1328.1903108764382
TR-033377,2025-07-29,840.06,912.1467092439532
TR-033378,2025-07-29,3325.49,3198.1028495114397
TR-033379,2025-07-29,1512.77,1567.1709568985339
TR-033380,2025-07-29,1407.85,1392.8531759196562
TR-033381,2025-07-29,654.72,662.2031397327091
TR-033382,2025-07-29,830.79,870.6711863856506
TR-033383,2025-07-29,5179.71,4971.746232611246
TR-033384,2025-07-29,1737.63,1765.4981832895091
TR-033385,2025-07-29,3778.79,3761.6598849269776
TR-033386,2025-07-29,831.77,878.5309239586245
TR-033387,2025-07-29,2589.12,2616.0177772629754
TR-033388,2025-07-30,1492.45,1534.1292110788256
TR-033389,2025-07-30,2425.9,2625.730275557109
TR-033390,2025-07-30,523.76,545.0343380929307
TR-033391,2025-07-30,1894.87,1917.3908227168586
TR-033392,2025-07-30,4510.5,4398.7841202857135
TR-033393,2025-07-30,2095.34,2202.4147161550513
TR-033394,2025-07-30,1159.17,1149.631948597314
TR-033395,2025-07-30,4384.3,4124.760026576665
TR-033396,2025-07-30,4316.63,4472.192741821271
TR-033397,2025-07-30,1823.2,1699.6215715147205
TR-033398,2025-07-30,649.26,748.4694649150351
TR-033399,2025-07-30,4873.57,4602.626908434923
TR-033400,2025-07-30,1074.28,1049.166822806743
TR-033401,2025-07-30,4532.07,4660.580838674434
TR-033402,2025-07-30,2285.16,2236.945723477325
TR-033403,2025-07-30,972.93,1043.8581554396874
TR-033404,2025-07-30,1109.36,1111.0272010400784
TR-033405,2025-07-30,2836.02,2937.0657316631286
TR-033406,2025-07-30,2754.93,2652.895814057831
TR-033407,2025-07-30,3188.57,3176.9426072975393
TR-033408,2025-07-30,1594.22,1624.5035421568857
TR-033409,2025-07-30,1704.36,1672.605730600676
TR-033410,2025-07-30,1211.82,1234.1790484203618
TR-033411,2025-07-30,1577.8,1492.6159318471869
TR-033412,2025-07-30,1903.08,1948.0583277424055
TR-033413,2025-07-30,574.23,578.3790082912367
TR-033414,2025-07-30,1093.54,1100.73153270055
TR-033415,2025-07-30,793.91,791.6204386253567
TR-033416,2025-07-30,2146.61,2238.3299564412987
TR-033417,2025-07-30,1963.31,1940.9638092648133
TR-033418,2025-07-30,1826.74,1899.9901291676583
TR-033419,2025-07-30,1558.35,1621.0315870953837
TR-033420,2025-07-30,2532.58,2572.7222284179425
TR-033421,2025-07-30,4237.41,4336.154496134641
TR-033422,2025-07-30,2149.7,2195.540445164432
TR-033423,2025-07-30,3921.35,3863.2348771135166
TR-033424,2025-07-30,2609.89,2738.1879983280296
TR-033425,2025-07-30,3454.91,3358.8813451087176
TR-033426,2025-07-30,1941.84,1976.1741193738405
TR-033427,2025-07-30,3018.74,2980.7444983196738
TR-033428,2025-07-30,532.18,532.3713788265427
TR-033429,2025-07-30,3547.81,3727.504218324626
TR-033430,2025-07-30,2285.38,2247.3516336383304
TR-033431,2025-07-30,1942.42,1905.664611762212
TR-033432,2025-07-30,839.25,841.1593702873738
TR-033433,2025-07-30,1555.16,1519.4393501234201
TR-033434,2025-07-30,3762.37,3696.087028543643
TR-033435,2025-07-30,1800.79,1703.0785645023307
TR-033436,2025-07-30,5326.07,5026.749122524203
TR-033437,2025-07-30,1820.67,1810.7664647896638
TR-033438,2025-07-30,1689.34,1661.5858607259574
TR-033439,2025-07-30,3137.97,3177.6088776598376
TR-033440,2025-07-30,4318.58,4354.684979133195
TR-033441,2025-07-30,804.53,784.7716434353979
TR-033442,2025-07-30,2333.02,2399.8011500408984
TR-033443,2025-07-30,3461.44,3559.969459797827
TR-033444,2025-07-30,2818.73,2670.893957225964
TR-033445,2025-07-30,3543.39,3582.3833135328437
TR-033446,2025-07-30,2291.67,2251.3136271516914
TR-033447,2025-07-30,1712.33,1845.5819527305227
TR-033448,2025-07-30,2348.45,2393.280570737111
TR-033449,2025-07-30,1681.37,1784.2997293648186
TR-033450,2025-07-30,1270.94,1299.4740714965603
TR-033451,2025-07-30,2166.93,2158.3653201128845
TR-033452,2025-07-30,3599.57,3724.532991424062
TR-033453,2025-07-30,2504.96,2566.303680609233
TR-033454,2025-07-30,4148.95,4109.738903428788
TR-033455,2025-07-30,2080.07,2140.54926148379
TR-033456,2025-07-30,2834.56,2997.1700859326843
TR-033457,2025-07-30,1444.8,1438.5654963988336
TR-033458,2025-07-30,1861.47,1807.851696284748
TR-033459,2025-07-30,4571.47,4825.653000687515
TR-033460,2025-07-30,5253.1,5053.986812620456
TR-033461,2025-07-30,2799.52,3110.7605223943183
TR-033462,2025-07-30,4442.0,4470.473480481056
TR-033463,2025-07-30,787.16,784.2410124975218
TR-033464,2025-07-30,2207.87,2512.7423823727136
TR-033465,2025-07-30,2117.14,2020.6331602956395
TR-033466,2025-07-30,1153.84,1223.815295305209
TR-033467,2025-07-30,2595.59,2770.945242764683
TR-033468,2025-07-30,1392.04,1339.9862126474195
TR-033469,2025-07-30,889.07,906.082771089164
TR-033470,2025-07-30,1982.01,2184.9560227049287
TR-033471,2025-07-30,2686.32,2641.779773921609
TR-033472,2025-07-30,6127.79,6031.179226829274
TR-033473,2025-07-30,1046.89,1153.5869506357558
TR-033474,2025-07-30,3986.38,4016.1674962961483
TR-033475,2025-07-30,2158.96,2140.948939378956
TR-033476,2025-07-30,5522.82,5459.386942023031
TR-033477,2025-07-30,2331.43,2216.085099158024
TR-033478,2025-07-30,2089.17,2181.753646920912
TR-033479,2025-07-30,3859.45,4109.175903441931
TR-033480,2025-07-30,4432.04,4494.773780380477
TR-033481,2025-07-30,4367.11,4527.929070892726
TR-033482,2025-07-30,2423.77,2402.9800144504006
TR-033483,2025-07-30,1868.17,1763.3585441649284
TR-033484,2025-07-30,2265.16,2207.2591200591824
TR-033485,2025-07-30,1850.8,1823.471781592404
TR-033486,2025-07-30,5403.43,5488.819348896905
TR-033487,2025-07-30,3749.77,3816.2579119487573
TR-033488,2025-07-30,1636.98,1648.3221767408659
TR-033489,2025-07-30,2373.91,2475.604805802446
TR-033490,2025-07-30,4711.88,4950.027811614396
TR-033491,2025-07-30,1115.43,1170.083581885616
TR-033492,2025-07-30,4374.98,4510.077491532616
TR-033493,2025-07-30,5228.93,5333.556081636934
TR-033494,2025-07-30,331.63,339.3927067737427
TR-033495,2025-07-30,3983.97,4110.90428748621
TR-033496,2025-07-30,853.23,853.7818164617906
TR-033497,2025-07-30,2766.52,2758.240539563072
TR-033498,2025-07-30,5234.26,5310.327303998305
TR-033499,2025-07-30,944.31,915.575117983778
TR-033500,2025-07-30,3815.3,3835.840012973994
TR-033501,2025-07-30,1579.34,1617.2276584584788
TR-033502,2025-07-30,681.29,702.2451554583354
TR-033503,2025-07-30,972.78,1033.340465455642
TR-033504,2025-07-30,1472.46,1545.642350577064
TR-033505,2025-07-30,867.75,915.140393900416
TR-033506,2025-07-30,1607.06,1668.9124899921014
TR-033507,2025-07-30,4816.56,4931.827071746875
TR-033508,2025-07-30,795.95,794.2915294415168
TR-033509,2025-07-30,5154.49,5209.521865164592
TR-033510,2025-07-30,3244.94,3297.438426460658
TR-033511,2025-07-30,1407.64,1377.774627139987
TR-033512,2025-07-30,420.29,429.4363892758704
TR-033513,2025-07-30,817.79,841.5508600698972
TR-033514,2025-07-30,4307.23,4306.579565578857
TR-033515,2025-07-30,2734.49,2740.958565578492
TR-033516,2025-07-30,1492.69,1443.6578685147051
TR-033517,2025-07-30,473.01,462.9515140487656
TR-033518,2025-07-30,2046.33,2008.8098802828072
TR-033519,2025-07-30,2864.62,3066.7305457690973
TR-033520,2025-07-30,2127.18,2062.8566745572534
TR-033521,2025-07-30,1184.72,1204.9851211059445
TR-033522,2025-07-30,1737.62,1719.9515255047786
TR-033523,2025-07-30,825.4,870.8429778143097
TR-033524,2025-07-30,3397.54,3344.7681042349013
TR-033525,2025-07-30,1065.03,1094.6789816388728
TR-033526,2025-07-30,1540.87,1528.154140187782
TR-033527,2025-07-30,2008.33,2002.286743783055
TR-033528,2025-07-30,4067.77,3876.0541918603894
TR-033529,2025-07-30,2755.3,2557.3981567909236
TR-033530,2025-07-30,1671.59,1712.4142371226646
TR-033531,2025-07-30,2717.57,2830.194140749406
TR-033532,2025-07-30,2597.84,2448.9662161336937
TR-033533,2025-07-30,1642.37,1706.062256490091
TR-033534,2025-07-30,4436.45,4422.434230222381
TR-033535,2025-07-30,1294.5,1251.3705229662994
TR-033536,2025-07-30,755.86,760.8159944959887
TR-033537,2025-07-30,1058.07,1084.3157511987747
TR-033538,2025-07-30,3587.26,3590.90218059967
TR-033539,2025-07-30,1526.98,1554.0620925633145
TR-033540,2025-07-30,4765.3,4716.181683040967
TR-033541,2025-07-30,2626.56,2662.754906797458
TR-033542,2025-07-30,2777.24,2707.280443496098
TR-033543,2025-07-30,2705.94,2579.35546621139
TR-033544,2025-07-30,4655.63,4537.658718483774
TR-033545,2025-07-30,4927.45,4783.067133271681
TR-033546,2025-07-30,3099.64,3039.3458210483377
TR-033547,2025-07-30,391.46,406.7936304922348
TR-033548,2025-07-30,1601.82,1699.2973205400112
TR-033549,2025-07-30,1986.12,1941.0210025554672
TR-033550,2025-07-30,1398.59,3781.2365694084037
TR-033551,2025-07-30,2425.96,2358.8530063283515
TR-033552,2025-07-30,1193.55,1204.3317326119904
TR-033553,2025-07-30,1154.62,1188.862985659027
TR-033554,2025-07-31,1179.09,1203.2599406902514
TR-033555,2025-07-31,694.94,693.5385790522719
TR-033556,2025-07-31,966.97,1016.9088869674015
TR-033557,2025-07-31,2028.71,2073.470420335447
TR-033558,2025-07-31,2520.82,2522.263474164676
TR-033559,2025-07-31,1053.9,1049.0839131017656
TR-033560,2025-07-31,2665.31,2784.1952427540286
TR-033561,2025-07-31,5306.3,5302.656625526766
TR-033562,2025-07-31,2984.0,2846.0537197708986
TR-033563,2025-07-31,3609.2,3321.6190559728648
TR-033564,2025-07-31,3905.53,3877.383314288184
TR-033565,2025-07-31,2525.63,2567.001968073056
TR-033566,2025-07-31,773.86,787.3883868294586
TR-033567,2025-07-31,4283.98,4284.635514404871
TR-033568,2025-07-31,1674.07,1637.881307805002
TR-033569,2025-07-31,977.64,1017.72295613491
TR-033570,2025-07-31,1437.12,1509.2156242884184
TR-033571,2025-07-31,5167.59,4909.4431531821965
TR-033572,2025-07-31,2329.27,2385.545933363901
TR-033573,2025-07-31,1536.67,1516.41777360042
TR-033574,2025-07-31,1710.34,1684.4308805935634
TR-033575,2025-07-31,2564.39,2299.1394198653234
TR-033576,2025-07-31,2283.06,2213.2357793698657
TR-033577,2025-07-31,1516.79,1539.3744901448233
TR-033578,2025-07-31,1315.65,1334.3446892567422
TR-033579,2025-07-31,2284.82,2361.014705320268
TR-033580,2025-07-31,3818.44,3881.694150458852
TR-033581,2025-07-31,3287.63,3434.548883691828
TR-033582,2025-07-31,1031.99,1092.8694898565982
TR-033583,2025-07-31,2256.64,2416.8670919188758
TR-033584,2025-07-31,2382.85,2287.2678565485508
TR-033585,2025-07-31,2996.59,3071.9865256918993
TR-033586,2025-07-31,171.28,981.2619383017293
TR-033587,2025-07-31,3236.3,3091.511116799463
TR-033588,2025-07-31,5242.67,5253.121557005012
TR-033589,2025-07-31,821.5,868.8539382327965
TR-033590,2025-07-31,1522.92,1529.5035532680852
TR-033591,2025-07-31,2939.42,2975.023352911099
TR-033592,2025-07-31,4293.63,4150.721095067683
TR-033593,2025-07-31,2945.96,2902.7681632138447
TR-033594,2025-07-31,2472.99,2780.103153388578
TR-033595,2025-07-31,738.34,757.8876172597509
TR-033596,2025-07-31,3256.86,3354.058316555956
TR-033597,2025-07-31,1944.65,1941.1451515402239
TR-033598,2025-07-31,4297.86,4463.483080620397
TR-033599,2025-07-31,2198.37,2388.833708291343
TR-033600,2025-07-31,2978.27,2959.631421966446
TR-033601,2025-07-31,4935.31,4761.168444934594
TR-033602,2025-07-31,652.13,662.3339380320779
TR-033603,2025-07-31,3506.35,3561.304269263648
TR-033604,2025-07-31,1113.56,1134.4747856475096
TR-033605,2025-07-31,4448.72,4413.646047695289
TR-033606,2025-07-31,1633.43,1664.8327986942359
TR-033607,2025-07-31,1482.92,1527.0497980781693
TR-033608,2025-07-31,1600.76,1657.7289987380282
TR-033609,2025-07-31,1754.5,1749.2778624625983
TR-033610,2025-07-31,850.85,991.2615478358828
TR-033611,2025-07-31,574.44,602.0197583229904
TR-033612,2025-07-31,805.97,867.1771339840345
TR-033613,2025-07-31,3726.52,3732.2345387642654
TR-033614,2025-07-31,1813.51,1880.1279825114912
TR-033615,2025-07-31,1956.95,1956.3862314072348
TR-033616,2025-07-31,3509.04,3490.141420386848
TR-033617,2025-07-31,3414.58,3482.9876357740795
TR-033618,2025-07-31,1171.32,1220.8645579770684
TR-033619,2025-07-31,1169.44,1238.6883593806251
TR-033620,2025-07-31,1078.13,1113.8100382544844
TR-033621,2025-07-31,2035.68,2040.1127885205515
TR-033622,2025-07-31,816.59,801.0619754464483
TR-033623,2025-07-31,2883.69,3093.065652377627
TR-033624,2025-07-31,1690.05,1828.9288493674508
TR-033625,2025-07-31,1374.42,1358.8975735459283
TR-033626,2025-07-31,4992.63,4961.089208236426
TR-033627,2025-07-31,1519.07,1551.6444172368801
TR-033628,2025-07-31,4372.7,4230.176809960822
TR-033629,2025-07-31,6555.87,6311.987739252125
TR-033630,2025-07-31,4293.8,4353.658877964339
TR-033631,2025-07-31,3888.72,3892.145500418719
TR-033632,2025-07-31,4984.37,5012.367367215437
TR-033633,2025-07-31,1305.57,1304.5216210220397
TR-033634,2025-07-31,4343.49,4543.429067422989
TR-033635,2025-07-31,3201.29,3270.9312704283457
TR-033636,2025-07-31,1041.63,1025.920706561193
TR-033637,2025-07-31,487.3,478.5618931972556
TR-033638,2025-07-31,3469.85,3546.6646872485126
TR-033639,2025-07-31,3461.66,3554.756272274488
TR-033640,2025-07-31,1669.65,1610.8809436601196
TR-033641,2025-07-31,3991.54,3872.5036920589873
TR-033642,2025-07-31,4627.87,4653.78999649815
TR-033643,2025-07-31,1234.28,1317.592043694287
TR-033644,2025-07-31,3037.85,3116.5052698421787
TR-033645,2025-07-31,2908.0,2795.0486657529623
TR-033646,2025-07-31,3475.05,3709.7952511938975
TR-033647,2025-07-31,3325.09,1188.4102970496506
TR-033648,2025-07-31,1802.48,1788.25903038191
TR-033649,2025-07-31,2392.89,2451.255343685105
TR-033650,2025-07-31,2638.99,2570.393137290631
TR-033651,2025-07-31,1554.34,1607.1219700403071
TR-033652,2025-07-31,6861.97,6256.078927485369
TR-033653,2025-07-31,2903.33,3014.2053801495117
TR-033654,2025-07-31,1820.81,1857.66501806844
TR-033655,2025-07-31,2099.51,2080.6031253501073
TR-033656,2025-07-31,399.91,385.7885120135145
TR-033657,2025-07-31,242.62,327.5952906556006
TR-033658,2025-07-31,4389.63,4632.657588486873
TR-033659,2025-07-31,2147.77,2070.939667233087
TR-033660,2025-07-31,837.32,870.256494797696
TR-033661,2025-07-31,1380.87,1325.8652534193125
TR-033662,2025-07-31,764.39,716.9619101994799
TR-033663,2025-07-31,3676.16,3731.707982366055
TR-033664,2025-07-31,4366.08,4372.934906493389
TR-033665,2025-07-31,1893.21,1933.128060746013
TR-033666,2025-07-31,1577.92,1592.816896577249
TR-033667,2025-07-31,3057.03,3194.2706151107564
TR-033668,2025-07-31,1672.79,1663.9527065032862
TR-033669,2025-07-31,3559.74,3774.9528630276127
TR-033670,2025-07-31,4510.39,4414.267953888296
TR-033671,2025-07-31,2729.95,2913.7402889864074
TR-033672,2025-07-31,1783.51,1841.6652055587203
TR-033673,2025-07-31,3407.64,3443.8475508422957
TR-033674,2025-07-31,1016.79,1007.8358580405456
TR-033675,2025-07-31,1827.31,2077.9006466738733
TR-033676,2025-07-31,981.15,949.0224169854291
TR-033677,2025-07-31,2524.36,2654.687896620752
TR-033678,2025-07-31,1914.4,2041.3129695308292
TR-033679,2025-07-31,1109.3,1076.590555777613
TR-033680,2025-07-31,4295.53,4308.042231966056
TR-033681,2025-07-31,4692.93,4533.2217793328655
TR-033682,2025-07-31,2704.31,2624.2453016753802
TR-033683,2025-07-31,960.9,944.288148753164
TR-033684,2025-07-31,813.1,813.6122312662258
TR-033685,2025-07-31,2067.97,2048.9819654093244
TR-033686,2025-07-31,1782.53,1827.7356221456316
TR-033687,2025-07-31,3067.99,3216.9311602300886
TR-033688,2025-07-31,3593.31,3634.7189927743602
TR-033689,2025-07-31,1501.04,1456.954366497077
TR-033690,2025-07-31,2114.02,2197.3143682303794
TR-033691,2025-07-31,2733.75,2668.4167416521145
TR-033692,2025-07-31,1579.13,1576.716163043168
TR-033693,2025-07-31,1775.76,1839.8254417482294
TR-033694,2025-07-31,1960.66,1996.5632806306344
TR-033695,2025-07-31,3005.74,3018.222372182405
TR-033696,2025-07-31,1824.89,1821.4426043017465
TR-033697,2025-07-31,875.7,851.8894308591771
TR-033698,2025-07-31,5256.89,5345.3471895757175
TR-033699,2025-07-31,1633.09,1656.6541867677677
TR-033700,2025-07-31,2673.7,2851.1676605005337
TR-033701,2025-07-31,4477.45,4291.016928585088
TR-033702,2025-07-31,1839.76,1845.3879669575106
TR-033703,2025-07-31,3429.46,3556.913540397581
TR-033704,2025-07-31,1681.79,1636.8672926024954
TR-033705,2025-07-31,1663.85,1656.585365776682
TR-033706,2025-07-31,1565.57,1507.3300057538604
TR-033707,2025-07-31,2153.28,2116.9111389433338
TR-033708,2025-07-31,1184.85,1211.7056361188238
TR-033709,2025-07-31,252.68,333.294623760851
TR-033710,2025-07-31,1758.02,1847.951945528121
TR-033711,2025-07-31,2554.48,2528.7721388630835
TR-033712,2025-07-31,2655.55,2858.084809896838
TR-033713,2025-07-31,1131.42,1109.2108939514114
TR-033714,2025-07-31,3190.44,3259.180203994807
TR-033715,2025-07-31,2092.53,2094.550109666658
TR-033716,2025-07-31,2316.16,2280.0372202301646
TR-033717,2025-07-31,1860.68,1885.1846602341984
TR-033718,2025-07-31,1247.41,1287.22698679223
TR-033719,2025-08-01,867.62,899.9795202838
TR-033720,2025-08-01,1789.0,1732.833053891665
TR-033721,2025-08-01,2403.16,2386.136049911915
TR-033722,2025-08-01,4722.42,4821.057095339513
TR-033723,2025-08-01,276.48,385.72384450546383
TR-033724,2025-08-01,1243.65,1236.1928701613956
TR-033725,2025-08-01,1664.84,1752.4635346675623
TR-033726,2025-08-01,1286.77,1287.5001292595239
TR-033727,2025-08-01,3475.19,3643.121722691617
TR-033728,2025-08-01,4007.13,4009.019725894187
TR-033729,2025-08-01,2507.97,2451.3790853702576
TR-033730,2025-08-01,917.05,959.5391938854948
TR-033731,2025-08-01,3562.11,3622.755173088568
TR-033732,2025-08-01,2197.15,2180.230170625072
TR-033733,2025-08-01,747.57,839.4038027330389
TR-033734,2025-08-01,2511.03,2443.8730081798208
TR-033735,2025-08-01,1092.22,1138.3884942397067
TR-033736,2025-08-01,1331.9,1283.6705273536484
TR-033737,2025-08-01,3634.84,3651.830579570593
TR-033738,2025-08-01,606.35,636.465777159055
TR-033739,2025-08-01,3822.64,4013.902873510505
TR-033740,2025-08-01,830.35,844.034249160419
TR-033741,2025-08-01,2525.75,2853.756355633817
TR-033742,2025-08-01,3472.54,3454.7979165122374
TR-033743,2025-08-01,2215.04,2112.4681455376412
TR-033744,2025-08-01,4279.06,4224.412529921696
TR-033745,2025-08-01,1096.66,1119.1393943812095
TR-033746,2025-08-01,2040.66,2017.344784910423
TR-033747,2025-08-01,664.74,652.7043571749848
TR-033748,2025-08-01,662.76,717.3162094245226
TR-033749,2025-08-01,2008.68,2107.6908554202873
TR-033750,2025-08-01,2234.64,2108.5511455609394
TR-033751,2025-08-01,2537.62,2648.066979902081
TR-033752,2025-08-01,4258.1,4130.323405281528
TR-033753,2025-08-01,2474.08,2374.5846356958605
TR-033754,2025-08-01,1809.03,1713.4200878280383
TR-033755,2025-08-01,3799.11,3857.9925373575256
TR-033756,2025-08-01,856.65,850.5001241998345
TR-033757,2025-08-01,2136.44,2011.2466774648426
TR-033758,2025-08-01,3853.87,3988.8936451002883
TR-033759,2025-08-01,1090.79,1083.017482474951
TR-033760,2025-08-01,5143.64,5185.0231929112215
TR-033761,2025-08-01,3967.88,4014.3040333252256
TR-033762,2025-08-01,2142.51,2010.710374940551
TR-033763,2025-08-01,3074.49,3018.0027360554914
TR-033764,2025-08-01,2482.57,2380.607106075724
TR-033765,2025-08-01,631.13,603.8703444331063
TR-033766,2025-08-01,4026.23,3946.5686486865134
TR-033767,2025-08-01,941.46,977.2764030057999
TR-033768,2025-08-01,1457.24,1634.180900321434
TR-033769,2025-08-01,2057.39,2272.045135761087
TR-033770,2025-08-01,236.48,758.2752642659425
TR-033771,2025-08-01,784.35,728.0309313543682
TR-033772,2025-08-01,1659.97,1707.506912797088
TR-033773,2025-08-01,1971.17,2058.5465181985533
TR-033774,2025-08-01,1442.58,1461.4441664034694
TR-033775,2025-08-01,2610.45,2818.790961079203
TR-033776,2025-08-01,4334.24,4480.050106459032
TR-033777,2025-08-01,4004.31,3958.9701455441846
TR-033778,2025-08-01,3317.04,3309.6372502302247
TR-033779,2025-08-01,2746.34,2555.0907207100677
TR-033780,2025-08-01,1575.68,1550.714681412101
TR-033781,2025-08-01,3699.41,3560.4847953500266
TR-033782,2025-08-01,1220.53,1211.370914455409
TR-033783,2025-08-01,2808.81,2972.329144255165
TR-033784,2025-08-01,780.13,804.9247429796012
TR-033785,2025-08-01,1304.64,1342.2386626585135
TR-033786,2025-08-01,1959.95,1906.8248381829671
TR-033787,2025-08-01,539.38,658.8643756285835
TR-033788,2025-08-01,4168.16,4272.941359056648
TR-033789,2025-08-01,1257.53,1278.9882554016006
TR-033790,2025-08-01,400.5,546.2947666132134
TR-033791,2025-08-01,2085.87,2242.1804994501063
TR-033792,2025-08-01,3052.13,2866.181089306896
TR-033793,2025-08-01,925.69,950.4222968477986
TR-033794,2025-08-01,3801.15,3998.5062337653417
TR-033795,2025-08-01,2124.89,2041.7304074326812
TR-033796,2025-08-01,3882.94,3827.6864020702305
TR-033797,2025-08-01,1166.72,1174.843298502939
TR-033798,2025-08-01,3282.16,3065.679662807442
TR-033799,2025-08-01,2234.9,2208.1318505989343
TR-033800,2025-08-01,1326.02,1248.0928774669878
TR-033801,2025-08-01,920.2,1001.4618372717092
TR-033802,2025-08-01,3944.93,4038.8575306131497
TR-033803,2025-08-01,4835.29,4821.556292183181
TR-033804,2025-08-01,2202.97,2367.0122557102386
TR-033805,2025-08-01,2969.53,3083.071723355539
TR-033806,2025-08-01,4057.04,4031.0225045939724
TR-033807,2025-08-01,4766.29,4727.04239590252
TR-033808,2025-08-01,1229.96,1247.2375149033041
TR-033809,2025-08-01,2260.24,2164.6463634643865
TR-033810,2025-08-01,3841.99,4042.058482476358
TR-033811,2025-08-01,1660.14,1676.1523960045192
TR-033812,2025-08-01,3193.75,3062.0686621470295
TR-033813,2025-08-01,1044.84,1072.16864902328
TR-033814,2025-08-01,1907.25,1875.50389920524
TR-033815,2025-08-01,3001.06,3174.5767324174194
TR-033816,2025-08-01,2686.58,2775.7394368107734
TR-033817,2025-08-01,2140.85,2172.9686954836093
TR-033818,2025-08-01,3702.88,3731.682636998683
TR-033819,2025-08-01,1658.17,1646.2099775060271
TR-033820,2025-08-01,1855.63,1815.2195331494618
TR-033821,2025-08-01,648.19,664.8664308586774
TR-033822,2025-08-01,625.72,720.3234738402789
TR-033823,2025-08-01,772.01,852.1931098403095
TR-033824,2025-08-01,3827.0,3750.183120990624
TR-033825,2025-08-01,4059.57,4155.6810400768845
TR-033826,2025-08-01,2568.67,2398.1469750649503
TR-033827,2025-08-01,2463.37,2274.428458730836
TR-033828,2025-08-01,1930.71,1888.9185632400538
TR-033829,2025-08-01,2334.52,2432.841170460109
TR-033830,2025-08-01,2795.59,2610.2025959798116
TR-033831,2025-08-01,3130.89,3187.3520389125038
TR-033832,2025-08-01,3156.54,3228.332657207413
TR-033833,2025-08-01,1141.69,1129.0741176710858
TR-033834,2025-08-01,3477.96,3495.7900496193843
TR-033835,2025-08-01,1699.01,1682.8833836045108
TR-033836,2025-08-01,4584.03,4356.830042974125
TR-033837,2025-08-01,3884.75,3997.887053831445
TR-033838,2025-08-01,804.18,847.5706195179246
TR-033839,2025-08-01,1414.94,1436.845545573111
TR-033840,2025-08-01,1383.98,1353.6146679308717
TR-033841,2025-08-01,1809.13,1832.596842086982
TR-033842,2025-08-01,3598.93,3650.3861785711442
TR-033843,2025-08-01,2956.21,2937.6167808969385
TR-033844,2025-08-01,1653.71,1659.956137154934
TR-033845,2025-08-01,1171.55,1199.143295236603
TR-033846,2025-08-01,2896.69,2770.27065814203
TR-033847,2025-08-01,2682.67,2695.110430682515
TR-033848,2025-08-01,2852.82,3045.747875713977
TR-033849,2025-08-01,1298.64,1279.5911717774457
TR-033850,2025-08-01,1646.28,1719.15486621749
TR-033851,2025-08-01,4136.86,3938.362899457896
TR-033852,2025-08-01,3533.04,3647.4768639781287
TR-033853,2025-08-01,3390.11,3526.156209735956
TR-033854,2025-08-01,2165.69,2126.1389983310028
TR-033855,2025-08-01,2207.7,2262.857558305765
TR-033856,2025-08-01,3894.65,3854.4737042941065
TR-033857,2025-08-01,2203.67,2233.358865261401
TR-033858,2025-08-01,1605.77,1628.700639877901
TR-033859,2025-08-01,5226.07,5719.913311959353
TR-033860,2025-08-01,5850.29,5581.007988638996
TR-033861,2025-08-01,1693.17,1738.4541187047785
TR-033862,2025-08-01,3470.83,3805.2749051171168
TR-033863,2025-08-01,5152.02,5289.241641432009
TR-033864,2025-08-01,1343.43,1340.7365492280605
TR-033865,2025-08-01,1038.63,1074.9233200272179
TR-033866,2025-08-01,483.85,507.9489218201727
TR-033867,2025-08-02,2394.85,2627.680546212184
TR-033868,2025-08-02,5608.62,5515.8207553832035
TR-033869,2025-08-02,907.17,904.4278420310948
TR-033870,2025-08-02,1593.7,1534.2992618102003
TR-033871,2025-08-02,3088.95,2973.0976790658992
TR-033872,2025-08-02,1383.73,1348.0116827573254
TR-033873,2025-08-02,548.34,670.1958717695816
TR-033874,2025-08-02,4344.56,4221.71335937157
TR-033875,2025-08-02,926.33,936.5877557405588
TR-033876,2025-08-02,1778.67,1677.3269576086038
TR-033877,2025-08-02,4067.91,4045.106706403045
TR-033878,2025-08-02,1594.47,1613.154091469927
TR-033879,2025-08-02,1079.38,1145.1022040499258
TR-033880,2025-08-02,1902.25,1886.13257875474
TR-033881,2025-08-02,804.32,870.1755110790834
TR-033882,2025-08-02,524.83,598.2197402767899
TR-033883,2025-08-02,2845.08,2915.105539803912
TR-033884,2025-08-02,1931.83,2101.8984198221915
TR-033885,2025-08-02,3592.99,3814.388906650641
TR-033886,2025-08-02,3812.14,3904.832828378838
TR-033887,2025-08-02,3812.37,3879.7602952261213
TR-033888,2025-08-02,6163.95,5889.983399252666
TR-033889,2025-08-02,1908.53,1880.8349478883683
TR-033890,2025-08-02,1861.41,1762.2973000422726
TR-033891,2025-08-02,1822.01,1887.546676634997
TR-033892,2025-08-02,2553.25,2385.4833003836134
TR-033893,2025-08-02,4532.85,4329.296272158404
TR-033894,2025-08-02,3939.72,4126.3941452991785
TR-033895,2025-08-02,4714.07,4721.898151514424
TR-033896,2025-08-02,1056.64,1072.1580155855872
TR-033897,2025-08-02,1752.59,1869.3316886892537
TR-033898,2025-08-02,1427.18,1430.282266404578
TR-033899,2025-08-02,1994.72,1954.6335886470918
TR-033900,2025-08-02,3962.62,3863.844491892356
TR-033901,2025-08-02,1702.25,1680.7359593491508
TR-033902,2025-08-02,3031.99,3115.497227274538
TR-033903,2025-08-02,1486.79,1508.6742465575676
TR-033904,2025-08-02,1851.59,1877.641165239487
TR-033905,2025-08-02,4161.02,4054.0840757158985
TR-033906,2025-08-02,4813.98,5009.621470219607
TR-033907,2025-08-02,803.92,788.7476636922122
TR-033908,2025-08-02,1437.39,1440.1262634620998
TR-033909,2025-08-02,2690.82,2645.465478732761
TR-033910,2025-08-02,2281.95,2166.599634708174
TR-033911,2025-08-02,2448.56,2299.0045859653223
TR-033912,2025-08-02,650.81,753.3009997559868
TR-033913,2025-08-02,3234.68,3401.865238446626
TR-033914,2025-08-02,4871.74,5085.175918614805
TR-033915,2025-08-02,2222.35,2343.0472759298846
TR-033916,2025-08-02,1100.92,1190.7639699657875
TR-033917,2025-08-02,1394.76,1308.8516182455805
TR-033918,2025-08-02,3205.6,3165.026985309713
TR-033919,2025-08-02,648.49,720.3883745851738
TR-033920,2025-08-02,3807.18,3872.709694504075
TR-033921,2025-08-02,978.47,1014.8601060233992
TR-033922,2025-08-02,3293.11,3245.239665792591
TR-033923,2025-08-02,1734.74,1725.0728193033697
TR-033924,2025-08-02,1947.61,1991.494887887503
TR-033925,2025-08-02,1559.92,1494.2770773891273
TR-033926,2025-08-02,1784.01,1780.4519172455691
TR-033927,2025-08-02,1771.45,1808.103304444776
TR-033928,2025-08-02,1171.35,1192.0201406383485
TR-033929,2025-08-02,252.2,439.1564462027752
TR-033930,2025-08-02,2145.78,2143.0082958988482
TR-033931,2025-08-02,2912.64,2891.419943159223
TR-033932,2025-08-02,2299.11,2383.726749802379
TR-033933,2025-08-02,3307.2,3371.9262287464835
TR-033934,2025-08-02,2475.56,2322.7614068247062
TR-033935,2025-08-02,3940.26,3830.9496684441037
TR-033936,2025-08-02,5735.1,5617.987758546746
TR-033937,2025-08-02,2324.69,2455.606933080995
TR-033938,2025-08-02,2134.15,2078.274518295351
TR-033939,2025-08-02,3170.25,3283.193276702912
TR-033940,2025-08-02,1416.92,1424.3710455872633
TR-033941,2025-08-02,1896.46,1772.192204189475
TR-033942,2025-08-02,1198.58,1234.4731400030246
TR-033943,2025-08-02,2033.22,1947.4612425608657
TR-033944,2025-08-02,3740.02,3639.3864098176427
TR-033945,2025-08-02,574.3,627.5584427768342
TR-033946,2025-08-02,2341.23,2338.508992972918
TR-033947,2025-08-02,4210.03,4169.498095703315
TR-033948,2025-08-02,2654.01,2728.5141904656393
TR-033949,2025-08-02,5754.26,5722.0612832312
TR-033950,2025-08-02,2267.14,2150.400463169654
TR-033951,2025-08-02,5227.69,5418.243891562135
TR-033952,2025-08-02,1642.52,1673.4792668885157
TR-033953,2025-08-02,1933.41,1857.7381332831503
TR-033954,2025-08-02,846.8,902.5523497523602
TR-033955,2025-08-02,3164.8,3372.16560530583
TR-033956,2025-08-02,3686.34,3371.979386329961
TR-033957,2025-08-02,1834.02,1817.7143642002115
TR-033958,2025-08-02,5106.99,5323.10460577254
TR-033959,2025-08-02,1777.75,1799.0924411705337
TR-033960,2025-08-02,1973.02,2045.8169313353987
TR-033961,2025-08-02,2778.66,2897.930552773165
TR-033962,2025-08-02,1551.83,1567.8323333102692
TR-033963,2025-08-02,1011.11,1004.6434668590848
TR-033964,2025-08-02,5071.92,5082.704732043188
TR-033965,2025-08-02,1496.05,1533.9066629934318
TR-033966,2025-08-02,4353.92,4287.463981110959
TR-033967,2025-08-02,837.63,925.6097882644135
TR-033968,2025-08-02,2597.51,2647.8287220188513
TR-033969,2025-08-02,2084.14,2136.2360809189954
TR-033970,2025-08-02,1924.28,1852.4937340269896
TR-033971,2025-08-02,2285.31,2589.2321517925234
TR-033972,2025-08-02,3325.75,3458.994480535735
TR-033973,2025-08-02,760.91,847.4138617250205
TR-033974,2025-08-02,2362.67,2349.40794541371
TR-033975,2025-08-02,3556.89,3657.7970242828796
TR-033976,2025-08-02,5709.31,5429.371138908612
TR-033977,2025-08-02,829.36,885.1785396661194
TR-033978,2025-08-02,785.23,876.8246499646159
TR-033979,2025-08-02,1493.87,1493.393423587827
TR-033980,2025-08-02,2309.75,2317.30649370179
TR-033981,2025-08-02,2501.06,2494.4422889133775
TR-033982,2025-08-02,2255.88,2254.1466553874316
TR-033983,2025-08-02,1951.31,1953.8771950047346
TR-033984,2025-08-02,4086.4,4327.69251307817
TR-033985,2025-08-02,1074.82,1066.0818221795162
TR-033986,2025-08-02,3146.66,2624.7488695393013
TR-033987,2025-08-02,2079.64,2246.081154881168
TR-033988,2025-08-02,2018.62,2026.1330539310043
TR-033989,2025-08-02,1562.72,1573.772992288776
TR-033990,2025-08-02,2505.44,2494.504731104119
TR-033991,2025-08-02,1328.04,1338.481812352945
TR-033992,2025-08-02,2125.37,2245.51842238847
TR-033993,2025-08-02,1665.9,1744.9475333094413
TR-033994,2025-08-02,1119.16,1118.416649860368
TR-033995,2025-08-02,2680.3,2625.2612837494626
TR-033996,2025-08-02,837.83,910.8758842248646
TR-033997,2025-08-02,2346.96,2197.4490980962864
TR-033998,2025-08-02,1634.34,1667.3055246128397
TR-033999,2025-08-02,1126.45,1158.1936489079833
TR-034000,2025-08-02,1183.3,1165.0153375863588
TR-034001,2025-08-02,2320.25,2283.2582972987375
TR-034002,2025-08-02,317.01,304.1762226208391
TR-034003,2025-08-02,512.3,616.7491115155276
TR-034004,2025-08-02,919.74,974.3627038365003
TR-034005,2025-08-02,1444.21,1397.0967077908663
TR-034006,2025-08-02,948.25,970.5431233225067
TR-034007,2025-08-02,1827.37,1761.571237434494
TR-034008,2025-08-02,817.95,901.7386789422046
TR-034009,2025-08-02,2057.63,2012.325650744014
TR-034010,2025-08-02,3609.07,3162.013941051051
TR-034011,2025-08-02,1239.71,1261.0223503389425
TR-034012,2025-08-02,1603.87,1694.1192414295847
TR-034013,2025-08-02,2125.75,2213.462037302061
TR-034014,2025-08-02,1962.76,2019.004591396721
TR-034015,2025-08-02,1034.19,1108.699829702382
TR-034016,2025-08-02,5067.84,5059.581056741302
TR-034017,2025-08-02,1796.09,1881.3471873186415
TR-034018,2025-08-02,1937.5,1869.6392546519805
TR-034019,2025-08-02,1244.72,1259.526820965704
TR-034020,2025-08-02,1025.87,1091.963584819655
TR-034021,2025-08-02,5269.1,5342.11075558236
TR-034022,2025-08-02,3420.72,3670.072617187069
TR-034023,2025-08-02,1134.01,1148.45251364382
TR-034024,2025-08-02,1406.7,1414.7129652507695
TR-034025,2025-08-02,1152.47,1141.3159190989459
TR-034026,2025-08-02,4159.38,4139.071462780426
TR-034027,2025-08-02,1076.58,1081.6049563388915
TR-034028,2025-08-03,2687.56,2810.49755308179
TR-034029,2025-08-03,1707.58,1668.0525827151703
TR-034030,2025-08-03,770.25,845.0247408912028
TR-034031,2025-08-03,863.58,874.9668000142253
TR-034032,2025-08-03,1139.44,1146.0019121193463
TR-034033,2025-08-03,5041.03,5064.059660402394
TR-034034,2025-08-03,4407.53,4005.9611624661566
TR-034035,2025-08-03,4795.74,5003.361416109245
TR-034036,2025-08-03,3487.12,3590.3227039186795
TR-034037,2025-08-03,1346.16,1334.4612315432455
TR-034038,2025-08-03,800.76,883.4461169348783
TR-034039,2025-08-03,3689.84,3638.271594080516
TR-034040,2025-08-03,3897.88,3966.7285208300073
TR-034041,2025-08-03,756.26,770.9759827976825
TR-034042,2025-08-03,3359.43,3683.1350363263846
TR-034043,2025-08-03,865.81,919.6922658914575
TR-034044,2025-08-03,1324.91,1313.8221887364498
TR-034045,2025-08-03,625.75,734.7361394479258
TR-034046,2025-08-03,2592.04,2466.1054510014774
TR-034047,2025-08-03,2306.19,2148.4676682930963
TR-034048,2025-08-03,948.57,970.7038872814803
TR-034049,2025-08-03,3353.18,3391.7088230694353
TR-034050,2025-08-03,3952.31,3811.1967855669523
TR-034051,2025-08-03,2007.18,2161.503862024832
TR-034052,2025-08-03,544.64,672.0874519412057
TR-034053,2025-08-03,722.17,699.5143534578158
TR-034054,2025-08-03,3674.51,3296.670961673238
TR-034055,2025-08-03,2447.73,2542.38399285002
TR-034056,2025-08-03,656.28,778.8056745852757
TR-034057,2025-08-03,3738.3,3784.2503174345125
TR-034058,2025-08-03,238.78,1213.750412116862
TR-034059,2025-08-03,981.12,1052.0374924049347
TR-034060,2025-08-03,1408.98,1383.9506460436291
TR-034061,2025-08-03,1379.06,1371.5995103958355
TR-034062,2025-08-03,1159.04,1210.1698202917778
TR-034063,2025-08-03,3950.06,3834.8561712581027
TR-034064,2025-08-03,1490.56,1485.9722283533465
TR-034065,2025-08-03,1157.76,1179.1784183307354
TR-034066,2025-08-03,1177.76,1223.504973201492
TR-034067,2025-08-03,4004.92,3932.5743582335626
TR-034068,2025-08-03,2402.34,2148.729710739634
TR-034069,2025-08-03,3703.6,3775.8642581333006
TR-034070,2025-08-03,1816.14,1776.122949776137
TR-034071,2025-08-03,3423.45,3547.4689063079168
TR-034072,2025-08-03,1443.93,1463.0444035369671
TR-034073,2025-08-03,1146.37,1232.192586209642
TR-034074,2025-08-03,406.42,563.3527347172933
TR-034075,2025-08-03,5278.88,5316.542917337499
TR-034076,2025-08-03,1957.47,1929.145838298071
TR-034077,2025-08-03,2075.07,2256.101239773678
TR-034078,2025-08-03,970.99,992.9937819738589
TR-034079,2025-08-03,3959.2,4088.4904942142075
TR-034080,2025-08-03,6080.38,5876.9712334737615
TR-034081,2025-08-03,2107.48,2157.7618115663868
TR-034082,2025-08-03,4196.12,4154.108542274493
TR-034083,2025-08-03,1264.42,1273.8991973708753
TR-034084,2025-08-03,1954.35,1885.3451820874548
TR-034085,2025-08-03,1158.06,1179.3394225894056
TR-034086,2025-08-03,573.43,672.1323726135704
TR-034087,2025-08-03,3270.79,3348.774169466776
TR-034088,2025-08-03,3229.4,3550.3970516825384
TR-034089,2025-08-03,1883.01,1779.4924417326054
TR-034090,2025-08-03,2766.02,3010.951884484174
TR-034091,2025-08-03,2134.55,2075.72163478572
TR-034092,2025-08-03,4959.93,5229.5674627883545
TR-034093,2025-08-03,1335.54,1415.8421247826045
TR-034094,2025-08-03,2258.06,2155.1752128752646
TR-034095,2025-08-03,1520.28,1549.2976149471638
TR-034096,2025-08-03,736.9,803.459777254021
TR-034097,2025-08-03,3201.46,3556.7281116465256
TR-034098,2025-08-03,3894.26,3859.463569167623
TR-034099,2025-08-03,3088.09,3240.2069884084103
TR-034100,2025-08-03,1248.29,1289.2502138567675
TR-034101,2025-08-03,1407.25,1351.9634138647457
TR-034102,2025-08-03,728.46,740.1612097245188
TR-034103,2025-08-03,942.37,983.1090170305438
TR-034104,2025-08-03,801.01,826.577220687481
TR-034105,2025-08-03,1082.19,1082.3320927346035
TR-034106,2025-08-03,3891.19,4111.789408078058
TR-034107,2025-08-03,4872.27,4976.47074441245
TR-034108,2025-08-03,1219.42,1271.6140913729205
TR-034109,2025-08-03,2208.36,2353.9378555622425
TR-034110,2025-08-03,1741.58,1694.7888258264477
TR-034111,2025-08-03,2673.22,2979.506004566714
TR-034112,2025-08-03,2455.34,2462.011551621149
TR-034113,2025-08-03,2314.64,2155.176920646051
TR-034114,2025-08-03,4551.32,4513.578134752701
TR-034115,2025-08-03,944.68,967.4120734399846
TR-034116,2025-08-03,1566.36,1555.7870615306413
TR-034117,2025-08-03,610.64,685.8415270015257
TR-034118,2025-08-03,261.93,422.5006929351241
TR-034119,2025-08-03,601.04,722.8135631772832
TR-034120,2025-08-03,1426.84,1401.6995864702862
TR-034121,2025-08-03,1445.35,1437.2182087830117
TR-034122,2025-08-03,3804.38,3861.004072814715
TR-034123,2025-08-03,2125.75,2020.7653240548375
TR-034124,2025-08-03,2911.04,3099.608182718646
TR-034125,2025-08-03,398.68,544.5880059030349
TR-034126,2025-08-03,1585.61,1547.623495486152
TR-034127,2025-08-03,1623.34,1648.2243006372985
TR-034128,2025-08-03,1762.27,1783.36677961461
TR-034129,2025-08-03,872.25,943.8025854955033
TR-034130,2025-08-03,4625.7,4569.74827136036
TR-034131,2025-08-03,451.9,587.1841096288545
TR-034132,2025-08-03,4874.89,4803.533114600559
TR-034133,2025-08-03,3297.77,3466.899752480467
TR-034134,2025-08-03,4092.06,4160.197074056332
TR-034135,2025-08-03,1550.87,1540.9804810085784
TR-034136,2025-08-03,1471.63,1408.1429743915132
TR-034137,2025-08-03,232.27,480.3782064514269
TR-034138,2025-08-03,1193.71,1216.4088538847386
TR-034139,2025-08-03,1345.07,1319.7452081424326
TR-034140,2025-08-03,704.33,689.624760175687
TR-034141,2025-08-03,3119.88,2850.567906115996
TR-034142,2025-08-03,1566.66,1567.0797100864415
TR-034143,2025-08-03,2211.72,2225.6378163759155
TR-034144,2025-08-03,994.23,1004.9441475388983
TR-034145,2025-08-03,2630.37,2577.4637826516373
TR-034146,2025-08-03,546.61,693.3808824004043
TR-034147,2025-08-03,657.56,679.7786498989467
TR-034148,2025-08-03,2018.95,2052.9862504127714
TR-034149,2025-08-03,784.88,843.8282270261302
TR-034150,2025-08-03,4628.21,4750.772204046272
TR-034151,2025-08-03,4443.29,4377.885552278333
TR-034152,2025-08-03,5413.99,5361.478170839886
TR-034153,2025-08-03,4265.3,4306.1498565173915
TR-034154,2025-08-03,2211.24,2210.3062134820325
TR-034155,2025-08-03,1401.46,1402.2750151528044
TR-034156,2025-08-03,3678.88,3758.96308048331
TR-034157,2025-08-03,1593.4,1639.4329173985216
TR-034158,2025-08-03,5486.34,5606.861275913239
TR-034159,2025-08-03,1263.75,1291.421405995457
TR-034160,2025-08-03,585.53,637.7345696183754
TR-034161,2025-08-03,995.56,1013.1473774939625
TR-034162,2025-08-03,4191.23,4324.24670120351
TR-034163,2025-08-03,1989.32,2077.725566293845
TR-034164,2025-08-03,1491.46,1412.9289721044388
TR-034165,2025-08-03,4970.98,5068.161635929604
TR-034166,2025-08-03,2540.65,2575.55904151047
TR-034167,2025-08-03,1601.44,1555.8799488131713
TR-034168,2025-08-03,1942.11,1853.0207669819722
TR-034169,2025-08-03,5483.01,5558.214040976445
TR-034170,2025-08-03,2853.29,2896.4231606465614
TR-034171,2025-08-03,2426.63,2396.286624642462
TR-034172,2025-08-03,2585.32,2510.7666050927355
TR-034173,2025-08-03,1591.5,1542.6229058187553
TR-034174,2025-08-03,1895.4,1963.4167509239148
TR-034175,2025-08-03,3806.4,3761.1631285086314
TR-034176,2025-08-03,3303.15,3431.6557532404568
TR-034177,2025-08-03,666.29,745.0805395474927
TR-034178,2025-08-03,1447.17,1452.231843052391
TR-034179,2025-08-03,708.77,769.2289190029599
TR-034180,2025-08-03,1114.64,1131.0433568806202
TR-034181,2025-08-03,2235.33,2384.162518511657
TR-034182,2025-08-03,2499.42,2619.058467562903
TR-034183,2025-08-03,940.7,997.050868750121
TR-034184,2025-08-03,1599.3,1649.367285823361
TR-034185,2025-08-03,3844.87,4216.903055954206
TR-034186,2025-08-03,1496.87,1444.3628939589216
TR-034187,2025-08-03,4209.92,4293.911618443167
TR-034188,2025-08-03,2630.14,2722.641630384215
TR-034189,2025-08-03,1534.71,1528.5170031046048
TR-034190,2025-08-03,5108.51,4931.835667810322
TR-034191,2025-08-03,986.8,1005.061178096358
TR-034192,2025-08-03,2780.68,2849.6615676950305
TR-034193,2025-08-03,3518.46,3265.449331669077
TR-034194,2025-08-03,5849.97,5899.820032476928
TR-034195,2025-08-04,4433.82,4596.749046651368
TR-034196,2025-08-04,1141.42,1171.634873477634
TR-034197,2025-08-04,2698.93,2776.299851249236
TR-034198,2025-08-04,1693.78,1619.510749436079
TR-034199,2025-08-04,1631.85,1636.484544101405
TR-034200,2025-08-04,2302.23,2034.978707439407
TR-034201,2025-08-04,1197.74,1186.190710607528
TR-034202,2025-08-04,1652.95,1611.1693636550901
TR-034203,2025-08-04,4173.58,3864.3670917315685
TR-034204,2025-08-04,544.52,631.4200979714074
TR-034205,2025-08-04,1714.21,1678.1789944319657
TR-034206,2025-08-04,2014.28,1857.8169344145745
TR-034207,2025-08-04,5205.12,5397.737600689733
TR-034208,2025-08-04,4555.64,4768.814157688084
TR-034209,2025-08-04,2874.24,3066.8306196699154
TR-034210,2025-08-04,1124.02,1155.825576274867
TR-034211,2025-08-04,1058.85,1068.266469784682
TR-034212,2025-08-04,2021.46,2117.633937124969
TR-034213,2025-08-04,496.18,601.9652700735953
TR-034214,2025-08-04,818.39,868.8663041189395
TR-034215,2025-08-04,5739.34,5499.62041679277
TR-034216,2025-08-04,1287.17,1318.8331679607318
TR-034217,2025-08-04,4069.8,4147.282213663482
TR-034218,2025-08-04,2453.31,2351.9126163688466
TR-034219,2025-08-04,1230.35,1278.0583089362472
TR-034220,2025-08-04,1174.26,1206.0045345949125
TR-034221,2025-08-04,2425.13,2399.129544869373
TR-034222,2025-08-04,555.03,679.2523746592026
TR-034223,2025-08-04,929.83,938.4009930902494
TR-034224,2025-08-04,1405.3,1380.1605723692355
TR-034225,2025-08-04,2042.92,2324.9057952773765
TR-034226,2025-08-04,914.06,974.0863744950361
TR-034227,2025-08-04,2065.84,1983.8040754818007
TR-034228,2025-08-04,1823.5,2071.8313542430546
TR-034229,2025-08-04,3910.43,3999.129500919666
TR-034230,2025-08-04,1842.54,1720.6505515221386
TR-034231,2025-08-04,1603.2,1600.9213205723167
TR-034232,2025-08-04,3369.66,3189.115408611922
TR-034233,2025-08-04,4594.78,4613.833155156379
TR-034234,2025-08-04,2885.13,2669.476245526159
TR-034235,2025-08-04,1769.96,1808.5907407380478
TR-034236,2025-08-04,2419.31,2571.0793572452067
TR-034237,2025-08-04,1220.66,1217.4653841980094
TR-034238,2025-08-04,4257.67,4142.343985664904
TR-034239,2025-08-04,2020.7,2040.788399818799
TR-034240,2025-08-04,1360.52,1312.0352841768727
TR-034241,2025-08-04,3775.48,3839.4480586114946
TR-034242,2025-08-04,1499.26,1492.512063575416
TR-034243,2025-08-04,2056.61,2130.347599740082
TR-034244,2025-08-04,1755.85,1796.0968988244185
TR-034245,2025-08-04,4268.13,4495.931852569762
TR-034246,2025-08-04,3159.4,2844.634891921395
TR-034247,2025-08-04,1446.35,1422.1621771296377
TR-034248,2025-08-04,1062.41,1103.049941693323
TR-034249,2025-08-04,1385.14,1363.7326891535668
TR-034250,2025-08-04,1035.9,1052.8246611077054
TR-034251,2025-08-04,1628.37,1601.0229890769053
TR-034252,2025-08-04,1360.36,1367.359675383129
TR-034253,2025-08-04,2183.5,2081.0846495106616
TR-034254,2025-08-04,1201.83,1228.5155810512103
TR-034255,2025-08-04,1606.21,1587.8638635174073
TR-034256,2025-08-04,4299.9,4244.430340386693
TR-034257,2025-08-04,1327.57,1334.7060974772403
TR-034258,2025-08-04,1289.89,1284.8083415343988
TR-034259,2025-08-04,3352.59,3484.1703457906747
TR-034260,2025-08-04,641.88,687.8974654828585
TR-034261,2025-08-04,1522.0,1653.553610146189
TR-034262,2025-08-04,2519.83,2214.2476377753696
TR-034263,2025-08-04,248.66,454.61821174729926
TR-034264,2025-08-04,1027.69,982.6364469636283
TR-034265,2025-08-04,4711.58,4824.388427385944
TR-034266,2025-08-04,4878.94,4848.168268350174
TR-034267,2025-08-04,4529.6,4609.390702869874
TR-034268,2025-08-04,2164.46,2154.260454226797
TR-034269,2025-08-04,640.47,746.6386148512679
TR-034270,2025-08-04,505.89,632.4593862633542
TR-034271,2025-08-04,3640.33,3692.600181189995
TR-034272,2025-08-04,5176.26,5310.610061663759
TR-034273,2025-08-04,1518.94,1536.4069240692204
TR-034274,2025-08-04,4728.14,4705.777893189982
TR-034275,2025-08-04,841.73,865.2283483583851
TR-034276,2025-08-04,635.9,718.0895217204941
TR-034277,2025-08-04,4559.79,4633.423106942031
TR-034278,2025-08-04,1004.28,1019.1899974604705
TR-034279,2025-08-04,1833.6,1770.139591804901
TR-034280,2025-08-04,1038.09,974.9883222034198
TR-034281,2025-08-04,740.9,836.9331153011385
TR-034282,2025-08-04,1789.47,1924.0614316206852
TR-034283,2025-08-04,2485.16,2586.7905609342324
TR-034284,2025-08-04,6054.63,5951.27508328538
TR-034285,2025-08-04,3966.47,4183.224608616801
TR-034286,2025-08-04,1510.89,1511.9495766288885
TR-034287,2025-08-04,4169.66,4056.668979443558
TR-034288,2025-08-04,9535.05,2221.5820938603856
TR-034289,2025-08-04,3026.98,3136.9671806570127
TR-034290,2025-08-04,1328.05,1301.2674474128903
TR-034291,2025-08-04,4440.66,4194.0686364093735
TR-034292,2025-08-04,1812.55,1864.603003058143
TR-034293,2025-08-04,2055.41,2110.1858640924274
TR-034294,2025-08-04,1849.82,1884.5262136143551
TR-034295,2025-08-04,1657.43,1662.9299202022723
TR-034296,2025-08-04,2146.11,2180.3971902473154
TR-034297,2025-08-04,2410.89,2733.9599545133115
TR-034298,2025-08-04,3727.79,3878.800484040155
TR-034299,2025-08-04,2297.53,2126.8930312256584
TR-034300,2025-08-04,1583.33,1561.6044092108814
TR-034301,2025-08-04,1634.34,1715.1438668147357
TR-034302,2025-08-04,4028.12,4185.874342010739
TR-034303,2025-08-04,2668.88,2939.9855681339895
TR-034304,2025-08-04,3789.94,3978.077141058807
TR-034305,2025-08-04,1838.66,1764.4448926575228
TR-034306,2025-08-04,3284.95,3282.37248999888
TR-034307,2025-08-04,2766.64,2790.4616555646435
TR-034308,2025-08-04,1823.03,1899.936497205947
TR-034309,2025-08-04,1044.58,1076.622531908843
TR-034310,2025-08-04,4393.14,4570.875241642776
TR-034311,2025-08-04,1450.62,1463.2195579055056
TR-034312,2025-08-04,2253.42,2186.1422153481344
TR-034313,2025-08-04,3448.82,3196.658990520335
TR-034314,2025-08-04,3442.31,3546.5513501428513
TR-034315,2025-08-04,1820.23,1906.229784746771
TR-034316,2025-08-04,973.57,998.7803615526786
TR-034317,2025-08-04,5239.8,5217.901883870617
TR-034318,2025-08-04,4093.97,4204.564031459302
TR-034319,2025-08-04,1613.39,1826.3259837921119
TR-034320,2025-08-04,4606.36,4803.27617482828
TR-034321,2025-08-04,745.45,763.3618278964941
TR-034322,2025-08-04,2229.87,2062.634239846522
TR-034323,2025-08-04,510.54,607.1623660799337
TR-034324,2025-08-04,812.25,896.5154355054631
TR-034325,2025-08-04,4493.48,4677.168404492922
TR-034326,2025-08-04,2353.03,2362.274027001172
TR-034327,2025-08-04,1513.03,1532.3734769520138
TR-034328,2025-08-04,1388.9,1417.773875167805
TR-034329,2025-08-04,1854.39,1864.0105631959316
TR-034330,2025-08-04,2229.01,2008.3092248757357
TR-034331,2025-08-04,4627.9,4753.502529817686
TR-034332,2025-08-04,979.33,1002.4997577054856
TR-034333,2025-08-04,920.74,1002.2089000619453
TR-034334,2025-08-04,2873.26,2862.0230767053417
TR-034335,2025-08-04,2465.47,2507.0476775915695
TR-034336,2025-08-04,1666.71,1567.746813018319
TR-034337,2025-08-04,2475.46,2267.71822076265
TR-034338,2025-08-04,2665.16,2998.732747481179
TR-034339,2025-08-04,1533.45,1481.6214252449263
TR-034340,2025-08-04,2263.51,2199.344872487004
TR-034341,2025-08-04,1592.43,1569.590633898587
TR-034342,2025-08-04,2636.22,2466.4249885791914
TR-034343,2025-08-04,5367.45,5350.761509596671
TR-034344,2025-08-04,82.38,455.86619500369784
TR-034345,2025-08-04,1907.08,1948.2727898973349
TR-034346,2025-08-04,854.18,928.2780066755859
TR-034347,2025-08-04,1621.68,1651.6667432956383
TR-034348,2025-08-04,1420.42,1394.0483319064606
TR-034349,2025-08-04,741.02,838.3169434419958
TR-034350,2025-08-04,2748.76,2607.287526711206
TR-034351,2025-08-04,1467.12,1470.8484203044686
TR-034352,2025-08-04,608.22,740.9641627614769
TR-034353,2025-08-04,2315.85,2624.1166054032014
TR-034354,2025-08-04,1961.23,2112.1214480843073
TR-034355,2025-08-04,1926.33,1914.931663107835
TR-034356,2025-08-04,1232.75,1219.2697675981426
TR-034357,2025-08-04,1616.46,1652.49805720736
TR-034358,2025-08-04,700.54,793.2613684068317
TR-034359,2025-08-04,1992.66,2177.5516380709046
TR-034360,2025-08-04,1143.93,1167.727072634689
TR-034361,2025-08-04,2587.81,2708.004092444537
TR-034362,2025-08-04,1025.42,1039.6647029546352
TR-034363,2025-08-04,3641.08,3772.893587880808
TR-034364,2025-08-04,4015.52,4141.779496202926
TR-034365,2025-08-04,3662.47,3799.4737039904976
TR-034366,2025-08-04,5332.84,5552.815148993688
TR-034367,2025-08-04,338.67,1705.6883107922606
TR-034368,2025-08-04,2585.17,2598.9182620585348
TR-034369,2025-08-04,4040.31,4088.5721596053495
TR-034370,2025-08-05,2410.27,2254.0074932478183
TR-034371,2025-08-05,2609.36,2482.075803953354
TR-034372,2025-08-05,2077.72,2190.3881574526094
TR-034373,2025-08-05,5393.67,5246.34714858918
TR-034374,2025-08-05,7603.41,2893.819124145378
TR-034375,2025-08-05,5775.22,5629.979360526664
TR-034376,2025-08-05,4295.11,4359.572647154048
TR-034377,2025-08-05,741.1,818.4208226342321
TR-034378,2025-08-05,5948.94,5895.487317653431
TR-034379,2025-08-05,3221.66,3251.5102450034074
TR-034380,2025-08-05,2535.21,2566.152634617254
TR-034381,2025-08-05,2264.45,2517.237363051384
TR-034382,2025-08-05,929.32,1004.2986968255346
TR-034383,2025-08-05,1684.17,1825.4367401679592
TR-034384,2025-08-05,2561.56,2572.035362285181
TR-034385,2025-08-05,2549.96,2759.7454595215886
TR-034386,2025-08-05,865.02,947.2830104643924
TR-034387,2025-08-05,891.95,920.8366752830896
TR-034388,2025-08-05,4647.65,4483.642708345439
TR-034389,2025-08-05,2462.49,2782.6068125189804
TR-034390,2025-08-05,1773.53,1763.5880057108106
TR-034391,2025-08-05,3222.22,3078.4498344150966
TR-034392,2025-08-05,1067.27,1057.6003286653695
TR-034393,2025-08-05,2240.2,2165.0965876813993
TR-034394,2025-08-05,2341.02,2190.1981721796506
TR-034395,2025-08-05,489.57,582.1641056688684
TR-034396,2025-08-05,2541.24,2363.6025603684216
TR-034397,2025-08-05,1707.9,1857.961251344057
TR-034398,2025-08-05,4630.38,4221.152764521701
TR-034399,2025-08-05,1826.7,1809.044060171752
TR-034400,2025-08-05,1936.01,1869.0968007152499
TR-034401,2025-08-05,1582.5,1658.489275724979
TR-034402,2025-08-05,1297.18,1262.7376793590718
TR-034403,2025-08-05,1243.28,1248.1914061934197
TR-034404,2025-08-05,1101.62,1116.4643979934374
TR-034405,2025-08-05,2401.2,2343.3307787276726
TR-034406,2025-08-05,2920.43,3041.5695046728215
TR-034407,2025-08-05,1581.08,1712.0468517374957
TR-034408,2025-08-05,1600.53,1605.8054376368502
TR-034409,2025-08-05,2317.05,2212.301920956181
TR-034410,2025-08-05,2042.95,1960.075766855573
TR-034411,2025-08-05,3080.48,3152.4296475797228
TR-034412,2025-08-05,3217.56,3316.2109402648157
TR-034413,2025-08-05,1378.3,1358.8776729769043
TR-034414,2025-08-05,3221.63,3282.2622038851177
TR-034415,2025-08-05,1904.92,1938.7006832429615
TR-034416,2025-08-05,2562.63,2430.237727640471
TR-034417,2025-08-05,2596.53,2664.607397318018
TR-034418,2025-08-05,349.06,1476.754114360494
TR-034419,2025-08-05,3354.77,3508.3834070778626
TR-034420,2025-08-05,2064.16,2012.627242396461
TR-034421,2025-08-05,1395.34,1445.7353187839249
TR-034422,2025-08-05,1571.81,1505.1982388820152
TR-034423,2025-08-05,1186.51,1246.13780768676
TR-034424,2025-08-05,5192.12,5268.449661452256
TR-034425,2025-08-05,1463.87,1430.8923400120666
TR-034426,2025-08-05,2073.3,2022.5302380762198
TR-034427,2025-08-05,3183.27,2842.4501757902603
TR-034428,2025-08-05,2038.22,1954.147495476436
TR-034429,2025-08-05,983.42,950.0444603096444
TR-034430,2025-08-05,1497.67,1485.7197151428527
TR-034431,2025-08-05,2913.62,2936.2905948350444
TR-034432,2025-08-05,1938.59,1997.2533192634587
TR-034433,2025-08-05,1078.55,1105.1039389548323
TR-034434,2025-08-05,792.34,838.4016854011647
TR-034435,2025-08-05,4163.41,4123.243431170056
TR-034436,2025-08-05,1475.54,1382.7979785098596
TR-034437,2025-08-05,2220.69,2247.4627563607073
TR-034438,2025-08-05,949.44,972.4750965959915
TR-034439,2025-08-05,1589.66,1552.5071380810336
TR-034440,2025-08-05,1024.25,1071.9487432580736
TR-034441,2025-08-05,366.28,527.5411445124203
TR-034442,2025-08-05,764.88,900.4233323580772
TR-034443,2025-08-05,860.72,828.1327015981221
TR-034444,2025-08-05,477.32,556.1266720138485
TR-034445,2025-08-05,4848.75,5013.288068435306
TR-034446,2025-08-05,4237.76,4505.171362774414
TR-034447,2025-08-05,3677.63,3783.1594629880906
TR-034448,2025-08-05,1930.97,1830.4136182951866
TR-034449,2025-08-05,2321.74,2352.784288819038
TR-034450,2025-08-05,4024.05,3957.2417004504414
TR-034451,2025-08-05,561.29,655.5174793872802
TR-034452,2025-08-05,3449.99,3443.5291953780675
TR-034453,2025-08-05,2045.13,2190.226957722598
TR-034454,2025-08-05,2469.73,2495.330065472795
TR-034455,2025-08-05,534.28,575.1094583418346
TR-034456,2025-08-05,3568.16,3620.629925636874
TR-034457,2025-08-05,502.26,589.1722887766589
TR-034458,2025-08-05,1552.87,1656.8730231104864
TR-034459,2025-08-05,438.64,504.9095288740946
TR-034460,2025-08-05,430.62,576.9917072613903
TR-034461,2025-08-05,2856.44,2841.212255728119
TR-034462,2025-08-05,1578.16,1653.394014824167
TR-034463,2025-08-05,2809.0,2791.1753352623728
TR-034464,2025-08-05,738.95,827.0037347771877
TR-034465,2025-08-05,3050.77,3031.9271383808446
TR-034466,2025-08-05,2161.55,2188.812233886445
TR-034467,2025-08-05,3147.3,3209.8162316729963
TR-034468,2025-08-05,4379.71,4114.764632235365
TR-034469,2025-08-05,1210.94,1240.2725042605591
TR-034470,2025-08-05,3496.1,3433.9229622326125
TR-034471,2025-08-05,364.77,486.3402305723682
TR-034472,2025-08-05,3702.59,3685.6353012691006
TR-034473,2025-08-05,2476.29,2277.0446602967827
TR-034474,2025-08-05,7436.41,2450.359579709331
TR-034475,2025-08-05,1994.59,2091.020792885256
TR-034476,2025-08-05,2463.96,2329.6551081926723
TR-034477,2025-08-05,2804.39,2952.184896341303
TR-034478,2025-08-05,3466.51,3658.051100070378
TR-034479,2025-08-05,4889.68,4690.4485260904885
TR-034480,2025-08-05,1054.06,1076.5110220756155
TR-034481,2025-08-05,1483.67,1548.8770138653292
TR-034482,2025-08-05,1979.01,2038.0226507421737
TR-034483,2025-08-05,1686.96,1665.8853765306164
TR-034484,2025-08-05,4154.61,4033.435437613232
TR-034485,2025-08-05,1715.32,1861.25584663162
TR-034486,2025-08-05,2112.99,2002.4437255740825
TR-034487,2025-08-05,4902.04,5090.480475818353
TR-034488,2025-08-05,1075.39,1083.880932333449
TR-034489,2025-08-05,2042.33,2024.7056182761726
TR-034490,2025-08-05,3375.52,3523.663466431208
TR-034491,2025-08-05,219.45,303.9687641117998
TR-034492,2025-08-05,1098.32,1116.3392798154218
TR-034493,2025-08-05,544.54,686.9090857582751
TR-034494,2025-08-05,2858.42,2910.622026420488
TR-034495,2025-08-05,2338.98,2339.629758050969
TR-034496,2025-08-05,2178.59,2288.146605371387
TR-034497,2025-08-05,1164.54,1164.63786202376
TR-034498,2025-08-05,1022.04,1045.060967901775
TR-034499,2025-08-05,2788.14,2928.625439383116
TR-034500,2025-08-05,768.55,813.4904376772683
TR-034501,2025-08-05,1367.23,1347.2779781531249
TR-034502,2025-08-05,3276.94,3143.5376481274307
TR-034503,2025-08-05,3687.08,3880.7406075411886
TR-034504,2025-08-05,5329.83,5386.208461374598
TR-034505,2025-08-05,2819.99,2608.547051979444
TR-034506,2025-08-05,1380.92,1383.2616679787275
TR-034507,2025-08-05,3587.95,3682.5802476173585
TR-034508,2025-08-05,1155.46,1170.6916814166684
TR-034509,2025-08-05,2390.22,2476.5411965994267
TR-034510,2025-08-05,1277.45,1267.2973933791209
TR-034511,2025-08-05,2173.55,2138.4238604249035
TR-034512,2025-08-05,3790.87,3780.7335616518503
TR-034513,2025-08-05,1211.97,1241.242961691552
TR-034514,2025-08-05,1527.78,1545.3398191717308
TR-034515,2025-08-05,387.41,1855.5822973648692
TR-034516,2025-08-05,1402.97,1332.9253763093348
TR-034517,2025-08-05,1758.01,1699.2149134228775
TR-034518,2025-08-05,2828.04,2791.0009908070933
TR-034519,2025-08-05,3717.6,3645.978738075225
TR-034520,2025-08-05,546.05,705.0754522232253
TR-034521,2025-08-05,3651.95,3687.0040761714254
TR-034522,2025-08-05,2115.78,2086.266567093965
TR-034523,2025-08-05,3417.7,3606.4022323330746
TR-034524,2025-08-05,5305.08,5308.693982483427
TR-034525,2025-08-05,1021.07,1025.3013512839088
TR-034526,2025-08-05,3708.46,3905.6552716838873
TR-034527,2025-08-05,5148.89,5226.846148739913
TR-034528,2025-08-05,1643.71,1690.135581794927
TR-034529,2025-08-05,1945.71,1960.4871792332715
TR-034530,2025-08-05,4329.1,4486.074013527468
TR-034531,2025-08-05,456.96,526.9387753795363
TR-034532,2025-08-05,811.53,852.9940265185974
TR-034533,2025-08-05,5489.51,5646.155865783483
TR-034534,2025-08-05,3051.36,2907.018137590777
TR-034535,2025-08-05,682.59,1610.9172455361454
TR-034536,2025-08-05,1250.44,1243.715671708383
TR-034537,2025-08-05,924.09,976.7269239918851
TR-034538,2025-08-05,4035.65,4243.290708154942
TR-034539,2025-08-05,1039.31,1072.9583218318612
TR-034540,2025-08-05,1385.45,1364.9830962092492
TR-034541,2025-08-05,3916.77,3963.5779215643256
TR-034542,2025-08-05,1086.12,1141.89325155169
TR-034543,2025-08-05,772.01,880.3062949287973
TR-034544,2025-08-05,909.61,948.3332999533422
TR-034545,2025-08-05,3098.87,3141.769928099291
TR-034546,2025-08-05,3110.36,2852.5775694926624
TR-034547,2025-08-05,1507.8,1518.6549491637586
TR-034548,2025-08-06,2874.2,2772.008669024959
TR-034549,2025-08-06,1323.94,1294.061115867769
TR-034550,2025-08-06,1118.31,1103.1005829594908
TR-034551,2025-08-06,2190.09,2136.9078003480777
TR-034552,2025-08-06,3826.52,3832.048857061517
TR-034553,2025-08-06,1555.48,1589.4102020529615
TR-034554,2025-08-06,3493.19,3601.6267707686106
TR-034555,2025-08-06,1574.59,1561.663399203493
TR-034556,2025-08-06,2648.29,2583.926818735745
TR-034557,2025-08-06,792.3,815.7796114058874
TR-034558,2025-08-06,3796.08,3689.054705105693
TR-034559,2025-08-06,1245.99,1219.3631925230502
TR-034560,2025-08-06,1732.96,1675.0243876359375
TR-034561,2025-08-06,1536.47,1551.6644157854225
TR-034562,2025-08-06,3204.39,3279.5325874440537
TR-034563,2025-08-06,3612.88,3659.7132372252654
TR-034564,2025-08-06,2017.06,2133.3300446069975
TR-034565,2025-08-06,836.56,884.9938468904681
TR-034566,2025-08-06,5558.87,5808.635265760526
TR-034567,2025-08-06,3597.46,3660.6538869209458
TR-034568,2025-08-06,3123.19,3169.594886881079
TR-034569,2025-08-06,1122.6,1106.3842748627605
TR-034570,2025-08-06,1797.19,1983.1255838307982
TR-034571,2025-08-06,3648.36,3603.7042991890553
TR-034572,2025-08-06,2617.72,2757.035144019682
TR-034573,2025-08-06,1351.75,1317.05766549816
TR-034574,2025-08-06,974.4,999.4168654113229
TR-034575,2025-08-06,1383.85,1362.8316317071403
TR-034576,2025-08-06,1788.18,1843.297035797156
TR-034577,2025-08-06,2257.8,2154.4102789086787
TR-034578,2025-08-06,823.35,912.327183429438
TR-034579,2025-08-06,1651.8,1686.8680148841142
TR-034580,2025-08-06,2450.38,2436.470700491279
TR-034581,2025-08-06,4765.59,4644.1428127507215
TR-034582,2025-08-06,4339.02,4584.962936283581
TR-034583,2025-08-06,2975.48,3056.669462205109
TR-034584,2025-08-06,18972.15,4215.252535882611
TR-034585,2025-08-06,4874.2,4760.509926558062
TR-034586,2025-08-06,2415.9,2591.4673783884773
TR-034587,2025-08-06,254.59,292.09165195051696
TR-034588,2025-08-06,3504.64,3380.3667684765132
TR-034589,2025-08-06,1080.16,1043.092327318215
TR-034590,2025-08-06,1697.58,1662.4997246201403
TR-034591,2025-08-06,3468.77,3526.3694027627394
TR-034592,2025-08-06,2976.57,3243.2566698244977
TR-034593,2025-08-06,1356.34,1343.6228769011161
TR-034594,2025-08-06,1549.55,1540.9386716869776
TR-034595,2025-08-06,1503.85,1535.4818384202908
TR-034596,2025-08-06,3988.76,4271.289058872855
TR-034597,2025-08-06,590.99,660.8567233505094
TR-034598,2025-08-06,1930.92,1995.4590072478577
TR-034599,2025-08-06,887.81,958.5068399602137
TR-034600,2025-08-06,2313.4,2425.922472202722
TR-034601,2025-08-06,1754.24,1672.3117078109449
TR-034602,2025-08-06,1928.76,1869.8212025937173
TR-034603,2025-08-06,4983.84,4807.360624355959
TR-034604,2025-08-06,504.48,609.6828969826647
TR-034605,2025-08-06,5514.42,5532.432074047055
TR-034606,2025-08-06,2433.35,2624.251573158095
TR-034607,2025-08-06,1666.76,1612.7191025640275
TR-034608,2025-08-06,2419.83,2448.472190057065
TR-034609,2025-08-06,2271.22,2353.204804387432
TR-034610,2025-08-06,1802.65,1827.1303963700595
TR-034611,2025-08-06,1467.12,1569.3626215561642
TR-034612,2025-08-06,1680.01,1629.36728728293
TR-034613,2025-08-06,3112.32,3292.6715626903274
TR-034614,2025-08-06,1473.44,1400.9454754297712
TR-034615,2025-08-06,3159.65,3086.811638930477
TR-034616,2025-08-06,501.52,507.3310372835906
TR-034617,2025-08-06,1028.59,1049.036582190025
TR-034618,2025-08-06,1427.94,1556.3707675168498
TR-034619,2025-08-06,1759.75,1748.6151073470317
TR-034620,2025-08-06,1981.5,2072.8800934451797
TR-034621,2025-08-06,1027.01,1091.5131124386248
TR-034622,2025-08-06,1986.63,1934.0668827706527
TR-034623,2025-08-06,1374.59,1341.523797792857
TR-034624,2025-08-06,867.11,939.7231157621045
TR-034625,2025-08-06,1711.41,1696.8937503869738
TR-034626,2025-08-06,765.37,873.1922296704606
TR-034627,2025-08-06,3081.37,3284.2649169311317
TR-034628,2025-08-06,3782.97,3780.4635847038708
TR-034629,2025-08-06,2132.39,2060.5314682418525
TR-034630,2025-08-06,3234.66,3307.038993202321
TR-034631,2025-08-06,5133.07,5289.394407684926
TR-034632,2025-08-06,1481.05,1421.8130580857467
TR-034633,2025-08-06,1256.1,1261.0834664664399
TR-034634,2025-08-06,2981.88,3110.1778773846213
TR-034635,2025-08-06,2909.4,2793.307552443425
TR-034636,2025-08-06,5602.35,5630.699536212243
TR-034637,2025-08-06,1120.37,1084.7981179422568
TR-034638,2025-08-06,1448.63,1416.9973589626552
TR-034639,2025-08-06,2838.46,2851.646047828211
TR-034640,2025-08-06,2258.7,2176.626768456099
TR-034641,2025-08-06,972.05,963.5043357784077
TR-034642,2025-08-06,1772.78,1750.1635317789721
TR-034643,2025-08-06,2210.84,2389.7806226162475
TR-034644,2025-08-06,2014.36,1925.7487275006908
TR-034645,2025-08-06,2408.12,2238.727649089225
TR-034646,2025-08-06,5164.83,5197.626518170985
TR-034647,2025-08-06,1216.74,1209.9335426428875
TR-034648,2025-08-06,777.88,802.9765087994219
TR-034649,2025-08-06,3143.47,3118.692236111338
TR-034650,2025-08-06,3395.56,3507.1034660939085
TR-034651,2025-08-06,1571.67,1641.117537019606
TR-034652,2025-08-06,4468.11,4447.112829951802
TR-034653,2025-08-06,2799.59,3123.49286114366
TR-034654,2025-08-06,5683.71,1769.0859242512456
TR-034655,2025-08-06,732.67,825.6527862128737
TR-034656,2025-08-06,3552.01,3659.7755003210423
TR-034657,2025-08-06,2456.55,2566.144720957024
TR-034658,2025-08-06,745.17,854.3484762331439
TR-034659,2025-08-06,1370.78,1316.3989558471976
TR-034660,2025-08-06,576.43,646.8364921174236
TR-034661,2025-08-06,991.38,1005.5529342229759
TR-034662,2025-08-06,2140.03,2131.420001399368
TR-034663,2025-08-06,1018.23,1050.2509329450677
TR-034664,2025-08-06,3826.35,3965.354710488885
TR-034665,2025-08-06,1948.77,1915.0822111638888
TR-034666,2025-08-06,3259.7,3369.678151032219
TR-034667,2025-08-06,475.52,628.8833879499873
TR-034668,2025-08-06,404.45,497.8554019954363
TR-034669,2025-08-06,1912.4,1915.5958284221033
TR-034670,2025-08-06,1673.13,1590.0414000816334
TR-034671,2025-08-06,2062.25,2188.6132570330815
TR-034672,2025-08-06,1152.35,1198.3404958458138
TR-034673,2025-08-06,1388.98,1353.2339843353489
TR-034674,2025-08-06,1575.96,1500.826012621686
TR-034675,2025-08-06,1360.35,1300.2539868031304
TR-034676,2025-08-06,1542.96,1513.833108861005
TR-034677,2025-08-06,3825.45,3793.8617301505424
TR-034678,2025-08-06,3065.8,3470.4183006324256
TR-034679,2025-08-06,2180.15,2291.277596007937
TR-034680,2025-08-06,2070.16,2040.8769037864306
TR-034681,2025-08-06,829.37,869.3062962347362
TR-034682,2025-08-06,2268.62,1952.2193343554588
TR-034683,2025-08-06,5199.14,5375.727113105497
TR-034684,2025-08-06,1610.85,1655.2762292514099
TR-034685,2025-08-06,1987.7,2057.6585397352605
TR-034686,2025-08-06,1976.79,1962.8588163131742
TR-034687,2025-08-06,3825.29,3690.370773709473
TR-034688,2025-08-06,3317.38,3471.4462740393083
TR-034689,2025-08-06,772.73,845.3645844908524
TR-034690,2025-08-06,540.33,643.4076351196848
TR-034691,2025-08-07,2951.8,2934.7472873270376
TR-034692,2025-08-07,5438.05,5430.578517174305
TR-034693,2025-08-07,3723.07,3640.227082052518
TR-034694,2025-08-07,2054.95,2037.997999114439
TR-034695,2025-08-07,4541.48,4403.0049620525915
TR-034696,2025-08-07,2927.05,3062.74893967549
TR-034697,2025-08-07,1434.89,1444.1056437136467
TR-034698,2025-08-07,500.91,649.8308109681873
TR-034699,2025-08-07,1362.53,1394.9411242398369
TR-034700,2025-08-07,630.52,642.7313673070519
TR-034701,2025-08-07,2156.91,2174.927541054468
TR-034702,2025-08-07,2064.49,2059.138676471293
TR-034703,2025-08-07,2094.46,1999.642091777278
TR-034704,2025-08-07,2172.36,2136.6337976728278
TR-034705,2025-08-07,1884.75,1869.8767032674693
TR-034706,2025-08-07,801.56,770.5726323589838
TR-034707,2025-08-07,710.19,765.4429437636679
TR-034708,2025-08-07,2339.68,2296.733991564349
TR-034709,2025-08-07,997.09,1070.4588771383724
TR-034710,2025-08-07,854.23,867.2123025572532
TR-034711,2025-08-07,706.05,636.9987161833335
TR-034712,2025-08-07,3430.8,3485.1916859573503
TR-034713,2025-08-07,3569.91,3544.8257941344564
TR-034714,2025-08-07,4404.33,4302.899810771647
TR-034715,2025-08-07,2703.6,2669.7154378933737
TR-034716,2025-08-07,1183.07,1226.219479159576
TR-034717,2025-08-07,1574.83,1673.795522115331
TR-034718,2025-08-07,870.68,923.0084930981295
TR-034719,2025-08-07,1542.22,1495.6551696421636
TR-034720,2025-08-07,786.43,893.090731688796
TR-034721,2025-08-07,1894.3,1791.0114507830567
TR-034722,2025-08-07,1209.44,1180.9238875096166
TR-034723,2025-08-07,1299.39,1288.8596636045063
TR-034724,2025-08-07,2897.77,3071.599033862224
TR-034725,2025-08-07,2611.62,2469.5485618462735
TR-034726,2025-08-07,1236.71,1296.0095221280417
TR-034727,2025-08-07,401.93,475.8846703972365
TR-034728,2025-08-07,1736.07,1734.9220970317256
TR-034729,2025-08-07,565.79,539.9886559620061
TR-034730,2025-08-07,1611.58,1689.4527718897293
TR-034731,2025-08-07,650.57,719.9957002342703
TR-034732,2025-08-07,2870.53,2958.9174964143895
TR-034733,2025-08-07,1578.01,1567.617590213174
TR-034734,2025-08-07,1521.52,1462.2145611527294
TR-034735,2025-08-07,1514.86,1532.2399941261117
TR-034736,2025-08-07,1174.07,1191.4177426274628
TR-034737,2025-08-07,4036.07,3975.4057577403087
TR-034738,2025-08-07,3048.49,2949.5378153555585
TR-034739,2025-08-07,667.47,676.8832432719339
TR-034740,2025-08-07,833.05,920.8741062459189
TR-034741,2025-08-07,1964.78,1971.556352228753
TR-034742,2025-08-07,1798.1,1856.5741267408257
TR-034743,2025-08-07,4789.86,4733.460154606548
TR-034744,2025-08-07,784.66,892.7321648273132
TR-034745,2025-08-07,3257.36,3377.641275829793
TR-034746,2025-08-07,349.58,481.6418105116097
TR-034747,2025-08-07,766.52,817.568068697869
TR-034748,2025-08-07,2747.01,2675.658592310132
TR-034749,2025-08-07,5176.59,5149.654251135414
TR-034750,2025-08-07,4690.81,4697.923059971261
TR-034751,2025-08-07,2633.37,2699.939408332271
TR-034752,2025-08-07,2072.09,2036.640809507948
TR-034753,2025-08-07,1830.62,5110.16637106255
TR-034754,2025-08-07,3372.04,3343.7366412275287
TR-034755,2025-08-07,1656.95,1613.5450983564913
TR-034756,2025-08-07,284.34,418.6932094371364
TR-034757,2025-08-07,1261.03,1245.0411768841482
TR-034758,2025-08-07,3762.66,3654.5365303313
TR-034759,2025-08-07,663.38,685.4107846943114
TR-034760,2025-08-07,1942.6,1995.4179364306196
TR-034761,2025-08-07,495.86,621.6292123734386
TR-034762,2025-08-07,1408.45,1334.7884554026627
TR-034763,2025-08-07,2485.18,2329.6054579133065
TR-034764,2025-08-07,1925.82,1899.2066657775642
TR-034765,2025-08-07,4237.04,4174.125806531327
TR-034766,2025-08-07,3382.18,3246.3152182341687
TR-034767,2025-08-07,2487.08,2568.53954024599
TR-034768,2025-08-07,209.4,456.5824667362308
TR-034769,2025-08-07,2954.76,2972.9826168800305
TR-034770,2025-08-07,1570.29,1488.5449963218355
TR-034771,2025-08-07,3184.03,3355.3197856582774
TR-034772,2025-08-07,1565.79,1537.0611980280016
TR-034773,2025-08-07,1964.47,1901.6292481780965
TR-034774,2025-08-07,3690.06,3821.179446974408
TR-034775,2025-08-07,792.21,819.0679611539563
TR-034776,2025-08-07,1090.99,1125.624185252544
TR-034777,2025-08-07,1899.73,1863.3882326680073
TR-034778,2025-08-07,1903.46,1887.3074857351003
TR-034779,2025-08-07,1341.65,1363.1566698924457
TR-034780,2025-08-07,2158.03,2224.6911252958075
TR-034781,2025-08-07,2308.97,2218.284881069104
TR-034782,2025-08-07,3719.44,3730.4783602060106
TR-034783,2025-08-07,3625.95,3772.4014727954213
TR-034784,2025-08-07,4331.05,4315.927825344627
TR-034785,2025-08-07,2998.17,3384.1749893617257
TR-034786,2025-08-07,1003.91,1068.166446252321
TR-034787,2025-08-07,1554.46,1497.276914281915
TR-034788,2025-08-07,1579.46,1574.4010717940098
TR-034789,2025-08-07,3330.65,3366.709507114227
TR-034790,2025-08-07,2820.72,2921.760992066241
TR-034791,2025-08-07,562.57,673.5321155229494
TR-034792,2025-08-07,2533.07,2365.823185394186
TR-034793,2025-08-07,1751.03,1738.1282407975689
TR-034794,2025-08-07,2740.8,2960.51033252082
TR-034795,2025-08-07,1494.32,1444.3006799931677
TR-034796,2025-08-07,1579.37,1597.1119508958172
TR-034797,2025-08-07,3384.67,3386.961159230891
TR-034798,2025-08-07,3491.47,3486.0055907121537
TR-034799,2025-08-07,774.15,867.697505888548
TR-034800,2025-08-07,2121.71,2176.7179875128422
TR-034801,2025-08-07,4039.42,4124.35869404408
TR-034802,2025-08-07,5955.45,6026.755465735593
TR-034803,2025-08-07,2808.51,2540.6893583887213
TR-034804,2025-08-07,2278.63,2363.1591416892607
TR-034805,2025-08-07,1067.95,1073.4949724524859
TR-034806,2025-08-07,1008.36,1000.0690433272199
TR-034807,2025-08-07,1422.9,1487.9240744260537
TR-034808,2025-08-07,4991.17,4809.933913281842
TR-034809,2025-08-07,2361.06,2353.057171718541
TR-034810,2025-08-07,3002.98,2899.02866677086
TR-034811,2025-08-07,1270.71,1302.9014499106684
TR-034812,2025-08-07,411.76,490.60924446234253
TR-034813,2025-08-07,958.54,1010.1842321083498
TR-034814,2025-08-07,3809.42,3989.1198078316484
TR-034815,2025-08-07,741.22,812.7236954098114
TR-034816,2025-08-07,438.9,453.91642688163256
TR-034817,2025-08-07,3086.9,3226.0796654477795
TR-034818,2025-08-07,3074.72,3051.5627886148677
TR-034819,2025-08-07,3945.58,3869.660318251097
TR-034820,2025-08-07,1594.36,1586.1890905011653
TR-034821,2025-08-07,957.66,959.4536357891498
TR-034822,2025-08-07,1053.53,1060.2761442125711
TR-034823,2025-08-07,1715.62,1689.624967645147
TR-034824,2025-08-07,587.61,638.2914728594233
TR-034825,2025-08-07,2927.36,2794.845258555444
TR-034826,2025-08-07,1672.28,1700.788868550162
TR-034827,2025-08-07,1940.52,2122.625154456828
TR-034828,2025-08-07,1279.7,1214.6076912911017
TR-034829,2025-08-07,4220.82,4174.123934285849
TR-034830,2025-08-07,4464.55,4445.964265177448
TR-034831,2025-08-07,1810.57,1670.6001388096784
TR-034832,2025-08-07,2032.18,1986.7735748459347
TR-034833,2025-08-07,642.46,720.2944934567554
TR-034834,2025-08-07,1357.74,1357.801348256588
TR-034835,2025-08-07,2376.05,2432.365637497478
TR-034836,2025-08-07,782.28,871.687663675973
TR-034837,2025-08-07,1173.83,1259.8703411399501
TR-034838,2025-08-07,1670.44,1642.214347083099
TR-034839,2025-08-07,1171.67,1190.8884748126168
TR-034840,2025-08-07,304.19,415.6333839358381
TR-034841,2025-08-07,4992.36,4949.3051482504925
TR-034842,2025-08-07,1391.2,1380.205029257573
TR-034843,2025-08-07,907.3,973.8769169253803
TR-034844,2025-08-07,1004.91,1074.023013570093
TR-034845,2025-08-08,663.11,715.5596643301931
TR-034846,2025-08-08,5705.66,5607.425488216606
TR-034847,2025-08-08,2167.6,1974.2666153632117
TR-034848,2025-08-08,864.72,893.9527385102356
TR-034849,2025-08-08,1684.04,1624.459123048206
TR-034850,2025-08-08,1934.3,1984.8178256859374
TR-034851,2025-08-08,1165.31,1203.7044386166835
TR-034852,2025-08-08,1751.1,1756.8650849394853
TR-034853,2025-08-08,3540.37,3496.3013735399836
TR-034854,2025-08-08,3570.31,3653.5943744379047
TR-034855,2025-08-08,4832.58,4773.39189218122
TR-034856,2025-08-08,4892.81,4733.36861912395
TR-034857,2025-08-08,1782.14,1734.2652195862263
TR-034858,2025-08-08,588.08,681.2699257632364
TR-034859,2025-08-08,750.45,874.6583986135195
TR-034860,2025-08-08,3670.29,3619.3061801055173
TR-034861,2025-08-08,1363.67,1373.842217714588
TR-034862,2025-08-08,5020.53,5283.790011686308
TR-034863,2025-08-08,3903.3,3972.584120897707
TR-034864,2025-08-08,1692.05,1752.1905058803297
TR-034865,2025-08-08,3848.31,3942.8525957583056
TR-034866,2025-08-08,1317.98,1351.7798165543422
TR-034867,2025-08-08,517.57,512.3982256192373
TR-034868,2025-08-08,3881.97,3897.4749583114317
TR-034869,2025-08-08,2220.75,2240.2563111101917
TR-034870,2025-08-08,1015.89,1062.8069532947188
TR-034871,2025-08-08,2470.57,2568.955912083329
TR-034872,2025-08-08,3771.21,3801.945818956364
TR-034873,2025-08-08,2492.87,2490.016238199408
TR-034874,2025-08-08,4326.19,4247.657252292691
TR-034875,2025-08-08,3830.53,3830.9098826410645
TR-034876,2025-08-08,683.22,761.5312274358155
TR-034877,2025-08-08,1327.43,1292.7404648227894
TR-034878,2025-08-08,1433.38,1411.4972629674394
TR-034879,2025-08-08,3823.46,3771.436238713646
TR-034880,2025-08-08,3773.14,3186.5045148908075
TR-034881,2025-08-08,1465.1,1438.6145858283069
TR-034882,2025-08-08,966.22,1037.9687233085483
TR-034883,2025-08-08,571.01,685.6485352851041
TR-034884,2025-08-08,5570.67,5583.948035233287
TR-034885,2025-08-08,5674.2,5626.088086674332
TR-034886,2025-08-08,997.09,1042.9759426423334
TR-034887,2025-08-08,4036.41,4095.3997126239587
TR-034888,2025-08-08,2934.61,2795.0060435134305
TR-034889,2025-08-08,1410.76,1427.489042196817
TR-034890,2025-08-08,1571.25,1607.1968157435176
TR-034891,2025-08-08,5720.06,5774.142527045103
TR-034892,2025-08-08,2048.83,2061.2451174329567
TR-034893,2025-08-08,1161.43,1141.7333465343722
TR-034894,2025-08-08,2316.1,2456.935570422361
TR-034895,2025-08-08,1267.82,1266.935015168749
TR-034896,2025-08-08,2038.35,2186.9012890691765
TR-034897,2025-08-08,1765.51,1744.1427555047849
TR-034898,2025-08-08,1551.07,1564.1210662537576
TR-034899,2025-08-08,836.0,940.7397242537202
TR-034900,2025-08-08,2065.82,2259.0298086764706
TR-034901,2025-08-08,2509.21,2754.088151471432
TR-034902,2025-08-08,995.76,1024.3417588694006
TR-034903,2025-08-08,927.99,910.7252330769918
TR-034904,2025-08-08,2658.24,2507.24031320601
TR-034905,2025-08-08,4294.76,3549.443073679736
TR-034906,2025-08-08,1346.29,1324.390997555011
TR-034907,2025-08-08,1945.82,1894.840809761417
TR-034908,2025-08-08,2234.7,2112.5583877292634
TR-034909,2025-08-08,2989.73,3158.4039023949836
TR-034910,2025-08-08,3733.6,3857.5143619297214
TR-034911,2025-08-08,2194.45,2043.7708490422924
TR-034912,2025-08-08,2416.12,2225.203082293203
TR-034913,2025-08-08,5274.79,5264.314266322977
TR-034914,2025-08-08,4829.09,4771.108870250828
TR-034915,2025-08-08,1778.27,1806.8232797413332
TR-034916,2025-08-08,2128.43,1937.8958801461188
TR-034917,2025-08-08,1461.4,1517.2502287911575
TR-034918,2025-08-08,1215.61,1191.1840432605743
TR-034919,2025-08-08,1681.32,1607.8203899608468
TR-034920,2025-08-08,1833.6,1822.2933551409837
TR-034921,2025-08-08,1044.26,1132.2715355141868
TR-034922,2025-08-08,897.12,942.4047879215016
TR-034923,2025-08-08,3601.64,3554.6535352168926
TR-034924,2025-08-08,1592.58,1576.5634600276474
TR-034925,2025-08-08,3258.23,3049.739300111547
TR-034926,2025-08-08,3779.79,3829.486922910356
TR-034927,2025-08-08,2108.66,2125.3659084673395
TR-034928,2025-08-08,1814.15,1803.1914737851685
TR-034929,2025-08-08,3266.77,3410.085058019048
TR-034930,2025-08-08,2545.42,2825.3157562288097
TR-034931,2025-08-08,4419.87,4558.434860807176
TR-034932,2025-08-08,4450.96,4292.43760220086
TR-034933,2025-08-08,1367.66,1352.3016010713227
TR-034934,2025-08-08,650.18,1554.8072523064782
TR-034935,2025-08-08,3436.38,3760.495927398444
TR-034936,2025-08-08,1187.34,1184.5528542627503
TR-034937,2025-08-08,1905.67,1943.6820510532996
TR-034938,2025-08-08,2900.29,3126.9391874678613
TR-034939,2025-08-08,3414.47,3414.1366582959145
TR-034940,2025-08-08,2208.98,2294.72689589783
TR-034941,2025-08-08,337.03,1408.5673151324547
TR-034942,2025-08-08,385.5,507.03622987755693
TR-034943,2025-08-08,2293.39,2245.752069401853
TR-034944,2025-08-08,1207.71,1241.840860636513
TR-034945,2025-08-08,2706.03,2734.8217677254565
TR-034946,2025-08-08,4146.94,4434.491660874223
TR-034947,2025-08-08,2704.44,2627.9271153634686
TR-034948,2025-08-08,3210.97,3415.2277939048163
TR-034949,2025-08-08,1322.46,1301.932828017485
TR-034950,2025-08-08,2766.03,3083.0672178670648
TR-034951,2025-08-08,2818.11,2719.3767505759724
TR-034952,2025-08-08,5823.64,5532.106970793298
TR-034953,2025-08-08,3571.55,3705.9799444814043
TR-034954,2025-08-08,859.46,948.5057978144484
TR-034955,2025-08-08,4179.39,3974.8192570634346
TR-034956,2025-08-08,965.42,991.7357821684534
TR-034957,2025-08-08,4577.31,4555.587066531169
TR-034958,2025-08-08,3612.69,3898.4514684695414
TR-034959,2025-08-08,712.84,819.1412948150657
TR-034960,2025-08-08,3655.8,3773.4957197220083
TR-034961,2025-08-08,2474.44,2467.193309142441
TR-034962,2025-08-08,2736.5,2717.1738661718246
TR-034963,2025-08-08,5760.01,5628.91865233752
TR-034964,2025-08-08,2789.62,2959.445864857006
TR-034965,2025-08-08,2252.44,2292.168686396286
TR-034966,2025-08-08,3052.21,3388.3460688661175
TR-034967,2025-08-08,611.95,672.0565524130354
TR-034968,2025-08-08,2322.08,2516.051664639153
TR-034969,2025-08-08,1646.7,1608.9540985409749
TR-034970,2025-08-08,446.97,517.8271512874867
TR-034971,2025-08-08,4059.94,4070.51836015243
TR-034972,2025-08-08,790.09,952.4671159796326
TR-034973,2025-08-08,1944.03,1961.6367976848007
TR-034974,2025-08-08,1201.16,1204.0217991342747
TR-034975,2025-08-08,1895.48,1929.9893976953017
TR-034976,2025-08-08,2917.68,2805.9513821652968
TR-034977,2025-08-08,2545.53,2454.4904681958897
TR-034978,2025-08-08,4195.98,4128.581327603727
TR-034979,2025-08-08,4781.79,4883.201496663058
TR-034980,2025-08-08,1098.67,1103.6936022350142
TR-034981,2025-08-08,1234.26,1267.8663845816322
TR-034982,2025-08-08,4432.5,4468.494961734976
TR-034983,2025-08-08,4725.92,4602.9739515021265
TR-034984,2025-08-08,1579.67,1596.894702132463
TR-034985,2025-08-08,5499.06,5371.510495486322
TR-034986,2025-08-08,1344.04,1302.5003475466303
TR-034987,2025-08-09,1036.77,1067.0303121354373
TR-034988,2025-08-09,2349.25,2524.620712675287
TR-034989,2025-08-09,1251.03,1245.391513578189
TR-034990,2025-08-09,1187.19,1199.721685506367
TR-034991,2025-08-09,2651.6,2785.8374321768265
TR-034992,2025-08-09,2045.35,1851.0938324391732
TR-034993,2025-08-09,3935.62,3881.254739733902
TR-034994,2025-08-09,2099.19,2232.0288055420187
TR-034995,2025-08-09,710.04,800.3928585378947
TR-034996,2025-08-09,1094.79,1128.1753845577975
TR-034997,2025-08-09,4026.88,3832.6723106620684
TR-034998,2025-08-09,712.5,761.4025451608932
TR-034999,2025-08-09,5031.67,4864.115138728426
TR-035000,2025-08-09,3164.39,3173.8847734266938
TR-035001,2025-08-09,1188.22,1209.0752692322012
TR-035002,2025-08-09,1232.15,1292.7431997896024
TR-035003,2025-08-09,2077.35,2090.4479610189505
TR-035004,2025-08-09,3016.77,3034.5898571007733
TR-035005,2025-08-09,4958.16,5013.8414532363095
TR-035006,2025-08-09,3288.81,3311.3356464927865
TR-035007,2025-08-09,3013.8,3367.409273242893
TR-035008,2025-08-09,358.18,505.3550973437334
TR-035009,2025-08-09,1676.9,1820.4402757930695
TR-035010,2025-08-09,4139.48,4150.053215746286
TR-035011,2025-08-09,655.92,671.3420333766489
TR-035012,2025-08-09,1414.15,1384.0475546271912
TR-035013,2025-08-09,1790.35,1767.2258015611965
TR-035014,2025-08-09,2895.37,3009.819673443146
TR-035015,2025-08-09,1056.79,3518.5476222944053
TR-035016,2025-08-09,916.51,939.1583171567686
TR-035017,2025-08-09,2997.24,2762.1335075456604
TR-035018,2025-08-09,2030.21,2065.0158500945004
TR-035019,2025-08-09,2460.35,2413.681026806287
TR-035020,2025-08-09,727.6,810.3226178866039
TR-035021,2025-08-09,1540.56,1522.0801853562853
TR-035022,2025-08-09,3248.29,3244.725678047335
TR-035023,2025-08-09,3901.56,994.9669004081152
TR-035024,2025-08-09,1556.08,1509.965029307939
TR-035025,2025-08-09,1369.86,1360.9857313966972
TR-035026,2025-08-09,1460.21,1512.5466359816496
TR-035027,2025-08-09,1428.06,1446.5509887961084
TR-035028,2025-08-09,2020.28,1994.355585835675
TR-035029,2025-08-09,1811.5,1816.4815629708419
TR-035030,2025-08-09,3877.81,3814.942875679667
TR-035031,2025-08-09,1176.42,1178.0797206801246
TR-035032,2025-08-09,1599.34,1665.527891111645
TR-035033,2025-08-09,1626.92,1592.2412371392272
TR-035034,2025-08-09,3529.05,3043.6680278554995
TR-035035,2025-08-09,1407.97,1389.0055672572803
TR-035036,2025-08-09,3958.79,3869.3297783576736
TR-035037,2025-08-09,1777.94,1724.779037571357
TR-035038,2025-08-09,1172.4,1220.3872911295157
TR-035039,2025-08-09,1700.05,1784.5027899577594
TR-035040,2025-08-09,3860.28,4055.6162629095543
TR-035041,2025-08-09,1703.49,1740.7902751366737
TR-035042,2025-08-09,3806.09,3980.886513018462
TR-035043,2025-08-09,1940.32,1881.434556442025
TR-035044,2025-08-09,659.78,775.4603254492529
TR-035045,2025-08-09,230.74,276.3753507700112
TR-035046,2025-08-09,2782.99,2714.7167372007652
TR-035047,2025-08-09,3003.62,2986.9636918947767
TR-035048,2025-08-09,3572.6,3717.743014185733
TR-035049,2025-08-09,617.77,723.7339138156051
TR-035050,2025-08-09,1561.71,1579.465029300637
TR-035051,2025-08-09,4431.13,4634.418341732804
TR-035052,2025-08-09,2642.06,2656.045566325743
TR-035053,2025-08-09,4474.0,4555.144420493443
TR-035054,2025-08-09,1528.76,1522.7251663680713
TR-035055,2025-08-09,4333.26,4207.975557184169
TR-035056,2025-08-09,4006.7,3991.767689081854
TR-035057,2025-08-09,3615.67,3651.664190238918
TR-035058,2025-08-09,920.29,930.4621770776316
TR-035059,2025-08-09,1547.03,1637.2609665909195
TR-035060,2025-08-09,1003.44,1014.0552451753201
TR-035061,2025-08-09,4236.94,4131.793418352974
TR-035062,2025-08-09,589.3,622.962815107044
TR-035063,2025-08-09,1437.11,1444.949431228511
TR-035064,2025-08-09,2925.64,3201.654646789402
TR-035065,2025-08-09,1157.66,1184.528233824487
TR-035066,2025-08-09,2442.54,2339.276896412442
TR-035067,2025-08-09,2302.4,2322.957936150776
TR-035068,2025-08-09,1474.25,1503.7846927881683
TR-035069,2025-08-09,1038.4,1061.7401836913791
TR-035070,2025-08-09,1467.37,1419.10651604027
TR-035071,2025-08-09,3840.01,3839.6526136046054
TR-035072,2025-08-09,2562.49,2990.1979987529367
TR-035073,2025-08-09,986.16,1025.6594129590828
TR-035074,2025-08-09,783.59,808.4212611177288
TR-035075,2025-08-09,780.79,801.6074304382335
TR-035076,2025-08-09,3359.74,3290.8467936903944
TR-035077,2025-08-09,991.31,1027.9077372732531
TR-035078,2025-08-09,1550.93,1520.7745336772236
TR-035079,2025-08-09,4765.56,4501.045271552384
TR-035080,2025-08-09,2898.12,2704.3123984469685
TR-035081,2025-08-09,1639.52,1614.0300442060075
TR-035082,2025-08-09,908.2,948.7222305792084
TR-035083,2025-08-09,1128.95,1158.734885537889
TR-035084,2025-08-09,2648.74,2685.799875911179
TR-035085,2025-08-09,3987.01,4022.1882382203294
TR-035086,2025-08-09,1882.9,2059.8941172010277
TR-035087,2025-08-09,925.7,951.8812107422686
TR-035088,2025-08-09,4020.71,4161.786283037819
TR-035089,2025-08-09,773.77,877.9554461894463
TR-035090,2025-08-09,3640.82,3832.4353287007953
TR-035091,2025-08-09,1735.44,1752.7002504908985
TR-035092,2025-08-09,2580.12,2521.399977004976
TR-035093,2025-08-09,3265.54,3613.248547182042
TR-035094,2025-08-09,3573.56,3542.2656762759607
TR-035095,2025-08-09,1765.9,1842.3831344196249
TR-035096,2025-08-09,3398.64,3000.7972266572583
TR-035097,2025-08-09,1859.26,1822.9300678638356
TR-035098,2025-08-09,1867.23,1926.858935649419
TR-035099,2025-08-09,1473.24,1457.3708910351056
TR-035100,2025-08-09,1462.21,1427.4195572137937
TR-035101,2025-08-09,2075.08,2364.4012904447027
TR-035102,2025-08-09,875.03,934.9263007541097
TR-035103,2025-08-09,795.36,3934.053138123233
TR-035104,2025-08-09,1211.18,1226.9251015843813
TR-035105,2025-08-09,2953.57,2823.348869561876
TR-035106,2025-08-09,2188.21,2110.501128450905
TR-035107,2025-08-09,6146.72,6107.403063421476
TR-035108,2025-08-09,1126.53,1173.8999485944232
TR-035109,2025-08-09,1328.61,1364.6005233363699
TR-035110,2025-08-09,2718.35,2858.48369664713
TR-035111,2025-08-09,3835.04,3814.0319834687116
TR-035112,2025-08-09,2852.57,2717.042550817671
TR-035113,2025-08-09,1693.89,1761.9229506341453
TR-035114,2025-08-09,1489.42,1596.4677350520853
TR-035115,2025-08-09,1039.42,1046.4186294849533
TR-035116,2025-08-09,884.21,870.3948243328591
TR-035117,2025-08-09,1385.87,1344.3884057376902
TR-035118,2025-08-09,3121.41,3346.4256643325325
TR-035119,2025-08-09,1591.62,1574.1915690845644
TR-035120,2025-08-09,992.49,958.251560085456
TR-035121,2025-08-09,1335.98,1359.2518187934497
TR-035122,2025-08-09,733.42,770.7468834942533
TR-035123,2025-08-09,1117.78,1152.046412304497
TR-035124,2025-08-09,899.52,918.4740405289679
TR-035125,2025-08-09,1036.15,1069.2159648760576
TR-035126,2025-08-09,1202.29,1238.6668010276535
TR-035127,2025-08-09,2519.36,2625.763352508023
TR-035128,2025-08-09,1642.55,1704.5428938403084
TR-035129,2025-08-10,1776.04,1771.8821397498514
TR-035130,2025-08-10,2054.43,2205.3525230528594
TR-035131,2025-08-10,1365.5,1366.5965302015134
TR-035132,2025-08-10,3699.35,3678.9011440700037
TR-035133,2025-08-10,1795.06,1781.26906514155
TR-035134,2025-08-10,632.38,682.8450948389229
TR-035135,2025-08-10,1038.13,1071.9270911548947
TR-035136,2025-08-10,1342.86,1399.0125105194936
TR-035137,2025-08-10,1902.18,1979.2534333541223
TR-035138,2025-08-10,1220.87,1237.8822395711636
TR-035139,2025-08-10,2447.19,2651.67622315825
TR-035140,2025-08-10,1909.85,2163.2291199337888
TR-035141,2025-08-10,4106.44,4177.213217461112
TR-035142,2025-08-10,3343.72,3360.621971922844
TR-035143,2025-08-10,2854.8,2790.35062665625
TR-035144,2025-08-10,4216.16,4081.0008766034775
TR-035145,2025-08-10,3217.55,3361.2351373059632
TR-035146,2025-08-10,942.45,939.9148190648518
TR-035147,2025-08-10,3190.13,3251.121625011602
TR-035148,2025-08-10,3126.39,3147.722477714589
TR-035149,2025-08-10,2284.93,2466.3089216942576
TR-035150,2025-08-10,1420.87,1407.6661195498828
TR-035151,2025-08-10,1404.52,1445.6749347336233
TR-035152,2025-08-10,413.18,455.25000395931215
TR-035153,2025-08-10,1398.22,1368.9390673871553
TR-035154,2025-08-10,960.36,979.6923570701706
TR-035155,2025-08-10,1023.97,1051.4025397023001
TR-035156,2025-08-10,928.24,931.5251762219107
TR-035157,2025-08-10,4071.62,4148.065865498578
TR-035158,2025-08-10,3504.05,3341.377166087689
TR-035159,2025-08-10,4328.43,4329.010352728283
TR-035160,2025-08-10,1553.55,1568.3878914230795
TR-035161,2025-08-10,2905.53,3134.1777930711705
TR-035162,2025-08-10,1997.37,1953.6297516157535
TR-035163,2025-08-10,3931.8,4009.1021069686385
TR-035164,2025-08-10,723.9,801.9378392793726
TR-035165,2025-08-10,329.37,515.8040039416262
TR-035166,2025-08-10,3718.65,3981.7864818641583
TR-035167,2025-08-10,2454.42,2386.4631327683524
TR-035168,2025-08-10,1859.54,1860.2811323052395
TR-035169,2025-08-10,972.43,997.6670626589578
TR-035170,2025-08-10,1378.6,1382.6076123083917
TR-035171,2025-08-10,233.81,416.3379702945515
TR-035172,2025-08-10,957.67,969.3456492933858
TR-035173,2025-08-10,2691.28,2686.9057455101815
TR-035174,2025-08-10,1828.07,1885.1886760184466
TR-035175,2025-08-10,3824.3,3798.8522535134352
TR-035176,2025-08-10,1164.15,1175.3832424754683
TR-035177,2025-08-10,275.69,487.6952075299205
TR-035178,2025-08-10,2426.85,2482.293624412113
TR-035179,2025-08-10,1204.81,1184.6400882104022
TR-035180,2025-08-10,3178.59,3135.6364190624718
TR-035181,2025-08-10,4405.84,4475.329221008213
TR-035182,2025-08-10,4611.27,4533.156185705524
TR-035183,2025-08-10,4298.7,4394.291347939266
TR-035184,2025-08-10,851.58,880.765913073587
TR-035185,2025-08-10,3305.7,3095.4603158366604
TR-035186,2025-08-10,2085.7,2083.176463557412
TR-035187,2025-08-10,2153.53,1892.2106551557633
TR-035188,2025-08-10,3186.66,3330.762322356277
TR-035189,2025-08-10,1832.56,1912.8675517057432
TR-035190,2025-08-10,550.36,679.733910959648
TR-035191,2025-08-10,783.37,777.7728184643502
TR-035192,2025-08-10,1047.55,1064.082171673131
TR-035193,2025-08-10,5093.1,5113.270575854986
TR-035194,2025-08-10,3093.54,3245.3785408690164
TR-035195,2025-08-10,760.66,830.8594425647086
TR-035196,2025-08-10,2792.14,2903.026226623068
TR-035197,2025-08-10,5553.52,2284.1579161043933
TR-035198,2025-08-10,4582.99,4504.061761158067
TR-035199,2025-08-10,3857.29,3827.7213569531277
TR-035200,2025-08-10,1001.11,1034.2916466713336
TR-035201,2025-08-10,337.95,417.2618619750042
TR-035202,2025-08-10,4656.79,4928.422260371394
TR-035203,2025-08-10,660.17,628.8922538107847
TR-035204,2025-08-10,3718.38,3705.438695353224
TR-035205,2025-08-10,858.29,890.3709124073923
TR-035206,2025-08-10,888.26,937.6729876042996
TR-035207,2025-08-10,2380.21,2413.7117630519324
TR-035208,2025-08-10,2721.3,2832.154311303549
TR-035209,2025-08-10,3882.23,1341.4233747089647
TR-035210,2025-08-10,649.19,741.5588332739733
TR-035211,2025-08-10,4573.63,4546.706327869674
TR-035212,2025-08-10,789.87,839.6495277170213
TR-035213,2025-08-10,1399.97,1419.758437170422
TR-035214,2025-08-10,496.96,565.4201546151899
TR-035215,2025-08-10,3247.66,3516.862885171483
TR-035216,2025-08-10,3810.01,3938.8494958299507
TR-035217,2025-08-10,1204.71,1237.208048150957
TR-035218,2025-08-10,4704.17,4920.051655075882
TR-035219,2025-08-10,791.45,837.4199984131756
TR-035220,2025-08-10,4040.02,4184.197840770976
TR-035221,2025-08-10,2894.59,3068.066566217766
TR-035222,2025-08-10,1646.72,1599.5529328340383
TR-035223,2025-08-10,1513.5,1622.3544485176856
TR-035224,2025-08-10,1777.71,1756.0180665056841
TR-035225,2025-08-10,1878.82,1895.4913530668316
TR-035226,2025-08-10,2769.66,2973.2279230541444
TR-035227,2025-08-10,1161.9,1192.9617307439066
TR-035228,2025-08-10,268.64,1345.8554995814977
TR-035229,2025-08-10,919.66,915.7605865985008
TR-035230,2025-08-10,262.01,505.6247547454077
TR-035231,2025-08-10,1197.41,1236.8784142181635
TR-035232,2025-08-10,1389.13,1408.8056695598593
TR-035233,2025-08-10,4036.21,4073.9811860121513
TR-035234,2025-08-10,1841.89,1855.229563022117
TR-035235,2025-08-10,791.5,820.6322205733002
TR-035236,2025-08-10,5414.37,5653.443018371097
TR-035237,2025-08-10,1121.27,1170.1948175529808
TR-035238,2025-08-10,826.9,932.8048492078897
TR-035239,2025-08-10,6481.38,6165.154430882154
TR-035240,2025-08-10,2515.98,2771.5454808858303
TR-035241,2025-08-10,2327.19,2139.1816017937304
TR-035242,2025-08-10,2412.94,2449.2698056556324
TR-035243,2025-08-10,973.67,991.2466619423042
TR-035244,2025-08-10,1367.36,1356.871337296561
TR-035245,2025-08-10,5749.81,5664.336935696222
TR-035246,2025-08-10,4277.12,4081.831704159636
TR-035247,2025-08-10,420.44,593.8051533843925
TR-035248,2025-08-10,1416.79,1391.6786581874198
TR-035249,2025-08-10,2495.11,2472.6103280597945
TR-035250,2025-08-10,1798.38,1809.642858117159
TR-035251,2025-08-10,1335.27,1369.7876650889002
TR-035252,2025-08-10,1418.91,1410.7812164436014
TR-035253,2025-08-10,1491.67,1457.2892064000102
TR-035254,2025-08-10,4273.82,4377.372733321648
TR-035255,2025-08-10,4088.63,4205.483373539149
TR-035256,2025-08-10,767.11,848.0732091395587
TR-035257,2025-08-10,3958.37,3992.3398111435054
TR-035258,2025-08-10,974.02,996.616586880016
TR-035259,2025-08-10,636.89,760.7949623436878
TR-035260,2025-08-10,1831.93,1898.0694430466122
TR-035261,2025-08-10,761.53,856.4236396223985
TR-035262,2025-08-11,4491.77,4504.271352269694
TR-035263,2025-08-11,1524.75,1538.0587418195894
TR-035264,2025-08-11,625.37,695.9709093159981
TR-035265,2025-08-11,3458.25,3621.287244228484
TR-035266,2025-08-11,1279.49,1295.129933041113
TR-035267,2025-08-11,907.19,940.6586814745069
TR-035268,2025-08-11,2209.07,2330.9772800841793
TR-035269,2025-08-11,953.88,975.5836535123663
TR-035270,2025-08-11,4084.75,4063.9702070279377
TR-035271,2025-08-11,1892.94,1826.0883232679596
TR-035272,2025-08-11,600.71,651.6861791305355
TR-035273,2025-08-11,1576.18,1630.215382367625
TR-035274,2025-08-11,2599.39,2347.637925153123
TR-035275,2025-08-11,2593.96,2538.9764016739337
TR-035276,2025-08-11,888.38,901.4141204970904
TR-035277,2025-08-11,5270.78,5336.205567352943
TR-035278,2025-08-11,2890.49,2873.1759246514907
TR-035279,2025-08-11,3238.03,3248.8131410684473
TR-035280,2025-08-11,3421.27,3579.3345574106006
TR-035281,2025-08-11,1334.25,1406.2334217607956
TR-035282,2025-08-11,305.68,1308.327168858637
TR-035283,2025-08-11,886.67,891.9753827481986
TR-035284,2025-08-11,1872.3,1978.742798359108
TR-035285,2025-08-11,3017.51,2874.0142080364917
TR-035286,2025-08-11,4309.28,4220.990409639393
TR-035287,2025-08-11,3788.89,3831.394087152985
TR-035288,2025-08-11,4313.31,4043.247537837753
TR-035289,2025-08-11,1425.03,1396.4482898266256
TR-035290,2025-08-11,2664.37,2372.3244859740626
TR-035291,2025-08-11,795.95,900.8964213141112
TR-035292,2025-08-11,2334.57,2373.3920354991697
TR-035293,2025-08-11,1571.35,1538.7102689019532
TR-035294,2025-08-11,3296.51,3135.548812479851
TR-035295,2025-08-11,729.36,798.3411008845021
TR-035296,2025-08-11,747.24,802.1654419653396
TR-035297,2025-08-11,3842.81,4037.7856305415417
TR-035298,2025-08-11,4651.57,1746.865730453751
TR-035299,2025-08-11,2191.92,2190.5223335825876
TR-035300,2025-08-11,1529.59,1631.924713462784
TR-035301,2025-08-11,3495.32,3498.6460036406806
TR-035302,2025-08-11,1985.71,2081.9654386098214
TR-035303,2025-08-11,3666.1,3868.641192060162
TR-035304,2025-08-11,2136.72,2121.183527249615
TR-035305,2025-08-11,2581.99,2375.8770588988727
TR-035306,2025-08-11,2234.66,2198.322351960338
TR-035307,2025-08-11,1340.58,1310.2029033925492
TR-035308,2025-08-11,3461.55,3683.2660937174523
TR-035309,2025-08-11,4213.99,4126.4526374668785
TR-035310,2025-08-11,1395.03,1406.0748834254339
TR-035311,2025-08-11,1103.59,1138.935749321824
TR-035312,2025-08-11,2388.35,2399.9155266674115
TR-035313,2025-08-11,1901.97,1822.4459689343134
TR-035314,2025-08-11,566.28,578.9971392340101
TR-035315,2025-08-11,2606.73,2824.9692828277653
TR-035316,2025-08-11,1138.47,1186.4433474328375
TR-035317,2025-08-11,3401.27,3403.055069950034
TR-035318,2025-08-11,1663.41,1669.6207799371905
TR-035319,2025-08-11,1796.52,1804.787230205449
TR-035320,2025-08-11,2254.77,2110.0692147642644
TR-035321,2025-08-11,3690.87,3865.130061709954
TR-035322,2025-08-11,1985.19,1951.621366188794
TR-035323,2025-08-11,1871.5,1891.221856215257
TR-035324,2025-08-11,304.31,449.4089679799454
TR-035325,2025-08-11,1917.59,1914.9476321547263
TR-035326,2025-08-11,1497.97,1527.2075466449367
TR-035327,2025-08-11,4638.65,4685.427106465835
TR-035328,2025-08-11,3709.66,3785.807955175832
TR-035329,2025-08-11,429.58,643.7489489754528
TR-035330,2025-08-11,733.71,805.0115266484424
TR-035331,2025-08-11,2231.77,2038.3208153691708
TR-035332,2025-08-11,1865.51,1756.6384852359038
TR-035333,2025-08-11,1683.04,1750.1840116930603
TR-035334,2025-08-11,3304.34,3296.298250668609
TR-035335,2025-08-11,3276.77,3348.06723279989
TR-035336,2025-08-11,568.95,608.0363101718651
TR-035337,2025-08-11,3444.01,3101.9875693967715
TR-035338,2025-08-11,1453.67,1415.4370463234854
TR-035339,2025-08-11,2430.57,2364.932773908389
TR-035340,2025-08-11,1294.06,1333.054944394344
TR-035341,2025-08-11,3617.96,3694.9198904069526
TR-035342,2025-08-11,1181.25,1231.3032699985083
TR-035343,2025-08-11,1498.56,1494.3104875307417
TR-035344,2025-08-11,765.88,800.680808671993
TR-035345,2025-08-11,2669.69,2723.4577966695024
TR-035346,2025-08-11,1612.19,1624.149153558706
TR-035347,2025-08-11,1492.87,1506.0647156398438
TR-035348,2025-08-11,1386.4,1372.1433887451133
TR-035349,2025-08-11,1670.87,1713.4429962080048
TR-035350,2025-08-11,1790.56,1853.1938900814084
TR-035351,2025-08-11,2142.78,2201.623286652566
TR-035352,2025-08-11,1623.25,1618.4235708907945
TR-035353,2025-08-11,3352.96,3305.508331458308
TR-035354,2025-08-11,5452.45,5328.287584733494
TR-035355,2025-08-11,4119.36,4200.1715040611125
TR-035356,2025-08-11,2659.28,2402.5777739297355
TR-035357,2025-08-11,4882.05,4990.048216485791
TR-035358,2025-08-11,518.13,677.1228280197956
TR-035359,2025-08-11,1430.63,1446.9936385850547
TR-035360,2025-08-11,831.87,868.2926084619928
TR-035361,2025-08-11,3000.01,2811.5244716463735
TR-035362,2025-08-11,1544.93,1519.8195267903914
TR-035363,2025-08-11,2402.26,2451.983362745717
TR-035364,2025-08-11,3810.04,3932.644844177555
TR-035365,2025-08-11,5972.5,5709.748093918824
TR-035366,2025-08-11,2494.39,2227.085521005641
TR-035367,2025-08-11,1896.38,1947.835185086537
TR-035368,2025-08-11,2240.73,2426.5052219765957
TR-035369,2025-08-11,1992.2,1989.3965139383859
TR-035370,2025-08-11,934.02,940.8743234905385
TR-035371,2025-08-11,5164.25,5025.118660725681
TR-035372,2025-08-11,6014.82,1351.742908462371
TR-035373,2025-08-11,1999.18,1978.7470840021876
TR-035374,2025-08-11,1357.81,1365.2018230700094
TR-035375,2025-08-11,568.19,594.0609181545474
TR-035376,2025-08-11,1742.95,1815.6263711123238
TR-035377,2025-08-11,1367.57,1379.2827907774717
TR-035378,2025-08-11,3965.59,3979.249043313808
TR-035379,2025-08-11,4264.24,3989.5475852732893
TR-035380,2025-08-11,758.85,734.3860950014132
TR-035381,2025-08-11,685.02,759.959240819531
TR-035382,2025-08-11,1579.0,1557.1456943559867
TR-035383,2025-08-11,1033.19,1073.5152535615443
TR-035384,2025-08-11,1554.74,1543.5316195384057
TR-035385,2025-08-11,2934.63,3226.6364201320866
TR-035386,2025-08-11,3974.16,4109.654921648989
TR-035387,2025-08-11,2213.47,2134.351399095102
TR-035388,2025-08-11,6007.97,5905.889610295976
TR-035389,2025-08-12,4173.86,4308.037087850339
TR-035390,2025-08-12,2055.39,1911.2752341065877
TR-035391,2025-08-12,760.89,830.2192882262332
TR-035392,2025-08-12,3191.5,3053.9161365106065
TR-035393,2025-08-12,3137.2,3549.093940792368
TR-035394,2025-08-12,2247.29,2198.6192214593466
TR-035395,2025-08-12,1564.87,1643.1839423806086
TR-035396,2025-08-12,1355.11,1307.013796463152
TR-035397,2025-08-12,1547.8,1559.942608908953
TR-035398,2025-08-12,1764.71,1777.9414269305448
TR-035399,2025-08-12,2448.27,2380.600648914263
TR-035400,2025-08-12,733.93,740.7358386635228
TR-035401,2025-08-12,3274.68,3340.117749332985
TR-035402,2025-08-12,1267.48,1245.5379593213365
TR-035403,2025-08-12,1129.75,1171.9766444932686
TR-035404,2025-08-12,1294.1,1300.8190775324615
TR-035405,2025-08-12,1804.71,1776.769632100993
TR-035406,2025-08-12,3418.29,3411.473657986515
TR-035407,2025-08-12,1418.4,1391.8243856208549
TR-035408,2025-08-12,6117.19,6149.992571584746
TR-035409,2025-08-12,1555.07,1542.6426475197977
TR-035410,2025-08-12,1580.51,1585.6563956294276
TR-035411,2025-08-12,817.61,884.4898129535507
TR-035412,2025-08-12,1120.36,1127.5533954106268
TR-035413,2025-08-12,3874.7,3816.1098025805545
TR-035414,2025-08-12,2827.06,2793.760354059182
TR-035415,2025-08-12,4015.75,4073.6297077197637
TR-035416,2025-08-12,487.49,609.293264991047
TR-035417,2025-08-12,3278.0,3296.317491546776
TR-035418,2025-08-12,490.96,604.7395003701849
TR-035419,2025-08-12,4894.91,4953.319227383449
TR-035420,2025-08-12,3058.8,3035.809918772952
TR-035421,2025-08-12,1012.87,1037.8341193003791
TR-035422,2025-08-12,719.03,796.4455501716086
TR-035423,2025-08-12,1188.59,1211.2730294562948
TR-035424,2025-08-12,3800.8,3857.6790286909263
TR-035425,2025-08-12,1721.02,1745.0255111913646
TR-035426,2025-08-12,4414.39,4765.960821832994
TR-035427,2025-08-12,4433.82,4561.388472549872
TR-035428,2025-08-12,899.73,865.1749277349952
TR-035429,2025-08-12,3180.76,3318.0027745130055
TR-035430,2025-08-12,2346.24,2447.1944482797135
TR-035431,2025-08-12,1320.13,1356.408669673012
TR-035432,2025-08-12,4222.33,4538.0220752863115
TR-035433,2025-08-12,4741.87,4686.0906453812695
TR-035434,2025-08-12,222.13,453.2745246292384
TR-035435,2025-08-12,2416.63,2471.019162368644
TR-035436,2025-08-12,1033.95,1037.635542105239
TR-035437,2025-08-12,4163.04,4135.69023414097
TR-035438,2025-08-12,2875.26,3059.0258950832667
TR-035439,2025-08-12,1835.64,1727.7566545897823
TR-035440,2025-08-12,1546.47,1510.7423892066845
TR-035441,2025-08-12,959.82,1025.4224220598699
TR-035442,2025-08-12,1542.4,1487.148215520645
TR-035443,2025-08-12,4475.75,4359.736917823173
TR-035444,2025-08-12,3716.68,3633.2137174113004
TR-035445,2025-08-12,1513.38,1553.837041674025
TR-035446,2025-08-12,1007.71,979.5513203920868
TR-035447,2025-08-12,1407.86,1437.3616395140825
TR-035448,2025-08-12,4698.32,4924.774336374672
TR-035449,2025-08-12,2878.99,2892.9979848657995
TR-035450,2025-08-12,753.64,2677.2988326140003
TR-035451,2025-08-12,3030.24,3189.612699899986
TR-035452,2025-08-12,1073.62,1080.7711394233015
TR-035453,2025-08-12,1280.53,1259.552170207378
TR-035454,2025-08-12,2650.02,2577.3156205994874
TR-035455,2025-08-12,2350.23,2415.919285539255
TR-035456,2025-08-12,2090.34,2153.5689630235215
TR-035457,2025-08-12,1833.04,1815.5087205333552
TR-035458,2025-08-12,2984.48,3261.357800790419
TR-035459,2025-08-12,5417.7,5543.107299705729
TR-035460,2025-08-12,1502.08,1515.687349013671
TR-035461,2025-08-12,2498.65,2309.7601806184607
TR-035462,2025-08-12,2198.17,1930.1657705246114
TR-035463,2025-08-12,2467.43,2516.422153725799
TR-035464,2025-08-12,3079.37,3101.0858108224165
TR-035465,2025-08-12,1192.7,1196.4485646833061
TR-035466,2025-08-12,2707.75,2795.233609344505
TR-035467,2025-08-12,3128.98,3222.6382306366067
TR-035468,2025-08-12,1922.58,1985.9969818384131
TR-035469,2025-08-12,17742.34,4329.738877628322
TR-035470,2025-08-12,4709.82,4615.305643366004
TR-035471,2025-08-12,531.16,577.6037556331505
TR-035472,2025-08-12,713.31,747.651809023653
TR-035473,2025-08-12,1229.37,1195.7533259585516
TR-035474,2025-08-12,2903.46,3129.1938042671122
TR-035475,2025-08-12,4558.05,4490.359130468981
TR-035476,2025-08-12,1345.5,5539.912013978835
TR-035477,2025-08-12,2177.5,2301.85593900332
TR-035478,2025-08-12,1850.03,1786.2729590191034
TR-035479,2025-08-12,4914.03,4878.595531319776
TR-035480,2025-08-12,4241.98,4580.366860041169
TR-035481,2025-08-12,447.03,595.2164570888183
TR-035482,2025-08-12,2631.33,2538.0388047623896
TR-035483,2025-08-12,979.25,971.9410496036478
TR-035484,2025-08-12,2717.02,2636.3068970909662
TR-035485,2025-08-12,3253.74,3384.5127896773943
TR-035486,2025-08-12,3963.28,4067.5033123763633
TR-035487,2025-08-12,1881.37,1907.7398782613902
TR-035488,2025-08-12,817.86,916.5424289778823
TR-035489,2025-08-12,5590.56,5601.678623778256
TR-035490,2025-08-12,1575.11,1572.043847862396
TR-035491,2025-08-12,2216.38,2323.723531562309
TR-035492,2025-08-12,233.96,431.5018054334414
TR-035493,2025-08-12,1023.88,1057.2450168694932
TR-035494,2025-08-12,5942.84,6007.925720481147
TR-035495,2025-08-12,1675.03,1607.886617634382
TR-035496,2025-08-12,1768.75,1808.5353820807777
TR-035497,2025-08-12,1523.87,1546.005758886358
TR-035498,2025-08-12,1269.77,1262.2714921544912
TR-035499,2025-08-12,1542.49,1540.1954719070618
TR-035500,2025-08-12,2010.8,2055.8628259676066
TR-035501,2025-08-12,1927.86,1997.931721929944
TR-035502,2025-08-12,3707.97,3706.687276301519
TR-035503,2025-08-12,1932.14,2128.20852956574
TR-035504,2025-08-12,3943.12,4251.870488030972
TR-035505,2025-08-12,1672.08,1727.685449473075
TR-035506,2025-08-12,2046.7,2013.8378571524206
TR-035507,2025-08-12,3880.13,3846.3808919089834
TR-035508,2025-08-12,2172.33,2160.5140876205096
TR-035509,2025-08-12,3677.1,3623.1141692703773
TR-035510,2025-08-12,5619.9,5631.511784214262
TR-035511,2025-08-12,1605.32,1541.2863177479883
TR-035512,2025-08-12,942.11,925.2390754997941
TR-035513,2025-08-12,3378.16,3455.1663861620495
TR-035514,2025-08-12,1022.74,1042.6886078829637
TR-035515,2025-08-12,4776.8,4687.847597080745
TR-035516,2025-08-12,1376.52,1360.8806729335938
TR-035517,2025-08-12,4728.39,4659.085035079901
TR-035518,2025-08-12,1027.67,1068.7581859961567
TR-035519,2025-08-12,1936.23,1968.2872263857598
TR-035520,2025-08-12,1953.3,2000.427702306188
TR-035521,2025-08-12,3869.9,3881.838447418173
TR-035522,2025-08-12,3504.32,3384.102334858796
TR-035523,2025-08-12,1728.42,1749.9274378734658
TR-035524,2025-08-12,12284.47,3617.294801514414
TR-035525,2025-08-12,3103.93,3187.3062228160447
TR-035526,2025-08-12,1240.54,1212.4775784038547
TR-035527,2025-08-12,1800.36,1792.6398193288637
TR-035528,2025-08-12,1033.46,1015.2232100633569
TR-035529,2025-08-12,4059.2,4206.157558942488
TR-035530,2025-08-12,1682.04,1680.1550257205588
TR-035531,2025-08-12,890.09,941.7652194293178
TR-035532,2025-08-12,3393.28,3509.5552578965144
TR-035533,2025-08-12,338.93,459.10227185944655
TR-035534,2025-08-12,1324.37,1306.8456157879768
TR-035535,2025-08-12,4232.5,4253.669081363025
TR-035536,2025-08-12,808.78,840.5903910114523
TR-035537,2025-08-12,5172.18,5218.593701839883
TR-035538,2025-08-12,298.71,402.045829929878
TR-035539,2025-08-12,1030.03,1053.97235585215
TR-035540,2025-08-12,1361.82,1348.1891414947258
TR-035541,2025-08-12,1839.3,1865.4913319947275
TR-035542,2025-08-12,1178.19,1194.6739738549154
TR-035543,2025-08-12,1260.69,1292.2757104129562
TR-035544,2025-08-13,2552.52,2226.8243406525776
TR-035545,2025-08-13,1419.2,1437.0559333027322
TR-035546,2025-08-13,826.03,833.9263652955051
TR-035547,2025-08-13,1484.31,1591.3401807428863
TR-035548,2025-08-13,1666.06,1604.822025426879
TR-035549,2025-08-13,3964.03,4103.887609454522
TR-035550,2025-08-13,4176.33,4273.64045837797
TR-035551,2025-08-13,1515.66,1521.5208903032346
TR-035552,2025-08-13,1631.7,1627.8986536419698
TR-035553,2025-08-13,2224.17,2202.6001316823035
TR-035554,2025-08-13,1029.13,1034.2942366546204
TR-035555,2025-08-13,2069.22,2155.0149638133876
TR-035556,2025-08-13,1009.14,1073.4530681088636
TR-035557,2025-08-13,1848.52,1934.8757058916456
TR-035558,2025-08-13,796.71,769.911124365527
TR-035559,2025-08-13,4262.9,4171.6126131965375
TR-035560,2025-08-13,1210.29,1263.6621140485533
TR-035561,2025-08-13,1775.63,1794.9666446590434
TR-035562,2025-08-13,5690.1,5501.2449325068665
TR-035563,2025-08-13,1281.27,1317.2327441762527
TR-035564,2025-08-13,5170.25,5353.336611082777
TR-035565,2025-08-13,2052.87,2033.536757471485
TR-035566,2025-08-13,3910.47,3856.6104559581627
TR-035567,2025-08-13,1507.98,1537.1322189890097
TR-035568,2025-08-13,3624.2,3662.462631222398
TR-035569,2025-08-13,3890.34,4067.9180568358743
TR-035570,2025-08-13,1267.81,1265.6502515979796
TR-035571,2025-08-13,2743.85,2744.3365686567886
TR-035572,2025-08-13,2509.34,2611.762492394838
TR-035573,2025-08-13,2255.21,2103.0228708692744
TR-035574,2025-08-13,2562.47,2357.1115936918945
TR-035575,2025-08-13,2409.79,2490.2607332724165
TR-035576,2025-08-13,5738.04,5673.029026198779
TR-035577,2025-08-13,3004.32,3133.691650434472
TR-035578,2025-08-13,2237.22,2348.7623580070804
TR-035579,2025-08-13,822.99,434.5776977403991
TR-035580,2025-08-13,913.22,920.2592702992426
TR-035581,2025-08-13,4926.46,4668.750945903858
TR-035582,2025-08-13,1981.8,1923.6666738992928
TR-035583,2025-08-13,2280.93,2602.1708501440844
TR-035584,2025-08-13,2131.94,2260.2088972712554
TR-035585,2025-08-13,1522.31,1512.0011876363785
TR-035586,2025-08-13,355.65,432.0753031105862
TR-035587,2025-08-13,1930.02,1860.5171417720603
TR-035588,2025-08-13,1888.96,1902.4649682385111
TR-035589,2025-08-13,3872.5,3723.2063785724404
TR-035590,2025-08-13,302.81,1635.4125210429909
TR-035591,2025-08-13,2264.42,2311.781829986531
TR-035592,2025-08-13,727.21,810.3769048880752
TR-035593,2025-08-13,884.52,957.779608659009
TR-035594,2025-08-13,5296.44,5393.404351700146
TR-035595,2025-08-13,759.64,836.4431557621851
TR-035596,2025-08-13,4554.85,4612.537019277579
TR-035597,2025-08-13,948.79,972.8559232845323
TR-035598,2025-08-13,3905.64,4075.1512454756903
TR-035599,2025-08-13,4684.95,4638.432064157005
TR-035600,2025-08-13,3891.19,3774.054923726285
TR-035601,2025-08-13,2593.66,2667.191567967573
TR-035602,2025-08-13,1760.4,1845.1707441579385
TR-035603,2025-08-13,1395.09,1360.6313062890322
TR-035604,2025-08-13,1420.13,1479.8402953496511
TR-035605,2025-08-13,3262.87,3443.860953045914
TR-035606,2025-08-13,1339.62,1349.6527338804449
TR-035607,2025-08-13,1190.11,1234.5932850013698
TR-035608,2025-08-13,2160.05,2289.3327726900698
TR-035609,2025-08-13,1608.46,1692.3155368254593
TR-035610,2025-08-13,1971.11,1951.2211364617692
TR-035611,2025-08-13,1684.44,1684.733976193503
TR-035612,2025-08-13,3163.22,3184.905110610608
TR-035613,2025-08-13,2313.16,2399.30875164981
TR-035614,2025-08-13,1599.48,1613.004557213533
TR-035615,2025-08-13,3034.89,3243.3332289941627
TR-035616,2025-08-13,1756.55,1762.9817041903357
TR-035617,2025-08-13,4927.52,4799.602083503107
TR-035618,2025-08-13,1012.15,1051.7844533753903
TR-035619,2025-08-13,4546.93,4419.962133948538
TR-035620,2025-08-13,874.12,980.6149732191507
TR-035621,2025-08-13,1871.38,1974.5810146336032
TR-035622,2025-08-13,2556.82,2488.6579583307066
TR-035623,2025-08-13,1645.91,1563.526556881222
TR-035624,2025-08-13,1357.84,1335.3279222848737
TR-035625,2025-08-13,2096.07,2337.679556264142
TR-035626,2025-08-13,2795.68,2903.3637380055243
TR-035627,2025-08-13,1268.28,1250.537464182286
TR-035628,2025-08-13,3867.7,3970.281694512627
TR-035629,2025-08-13,1005.63,998.0660680267363
TR-035630,2025-08-13,630.43,691.7693736950444
TR-035631,2025-08-13,1968.99,1964.4290766286313
TR-035632,2025-08-13,1530.17,1515.45521723907
TR-035633,2025-08-13,1454.54,1448.3528174197795
TR-035634,2025-08-13,1723.73,1766.6259409794377
TR-035635,2025-08-13,1925.19,1970.260398797086
TR-035636,2025-08-13,1098.27,1115.3011584976068
TR-035637,2025-08-13,470.28,494.17080074464957
TR-035638,2025-08-13,614.86,658.8969969127254
TR-035639,2025-08-13,1762.98,1779.506626459296
TR-035640,2025-08-13,3283.74,3057.376721299959
TR-035641,2025-08-13,1976.0,1934.7011191951979
TR-035642,2025-08-13,4820.41,4947.933592380574
TR-035643,2025-08-13,1831.89,1811.8711461104945
TR-035644,2025-08-13,948.0,990.485453600912
TR-035645,2025-08-13,4394.74,4152.725964369193
TR-035646,2025-08-13,1318.27,1332.4733648902172
TR-035647,2025-08-13,1251.39,1272.7582912078892
TR-035648,2025-08-13,802.54,789.086713165789
TR-035649,2025-08-13,2304.56,2180.8011576068143
TR-035650,2025-08-13,1117.83,1091.9780516343258
TR-035651,2025-08-13,2890.03,2882.3037220092774
TR-035652,2025-08-13,1793.66,1828.674025362715
TR-035653,2025-08-13,1743.89,1734.5422501636544
TR-035654,2025-08-13,2305.98,2399.2571701206903
TR-035655,2025-08-13,2038.96,1981.754591048481
TR-035656,2025-08-13,1700.53,1708.375082800796
TR-035657,2025-08-13,1994.51,1969.3220256685759
TR-035658,2025-08-13,1113.64,1144.6647388560016
TR-035659,2025-08-13,2225.94,2286.0026094877135
TR-035660,2025-08-13,587.21,701.4879804451468
TR-035661,2025-08-13,2295.26,2351.220783016217
TR-035662,2025-08-13,1196.61,1207.2288161387562
TR-035663,2025-08-13,676.49,721.3382553159092
TR-035664,2025-08-13,580.17,714.7793908678145
TR-035665,2025-08-13,4025.07,4094.250062992197
TR-035666,2025-08-13,4661.36,4461.420077124982
TR-035667,2025-08-13,2354.29,2313.6277172590558
TR-035668,2025-08-13,4620.01,4376.713192042265
TR-035669,2025-08-13,968.25,1007.2359047425713
TR-035670,2025-08-13,1918.8,1931.853952226625
TR-035671,2025-08-13,5501.64,5246.151177759066
TR-035672,2025-08-13,483.01,582.300746778084
TR-035673,2025-08-13,2454.32,2257.480026881545
TR-035674,2025-08-13,1769.44,1991.965513705488
TR-035675,2025-08-13,1845.72,1829.3396148517816
TR-035676,2025-08-13,1312.8,1318.9879545259196
TR-035677,2025-08-13,1694.66,1975.6652660382108
TR-035678,2025-08-13,1809.36,2031.314503288094
TR-035679,2025-08-13,1897.88,1990.9727930718782
TR-035680,2025-08-13,4480.32,4363.8091615782105
TR-035681,2025-08-13,1759.48,1880.579234107601
TR-035682,2025-08-13,2512.99,2621.8101790032497
TR-035683,2025-08-13,3552.86,3506.447361517384
TR-035684,2025-08-13,2570.44,2726.5509686829673
TR-035685,2025-08-13,1381.64,1390.0752521898921
TR-035686,2025-08-13,2320.32,2143.730294803747
TR-035687,2025-08-13,1493.45,1517.816237376864
TR-035688,2025-08-13,2384.33,2410.2369864726734
TR-035689,2025-08-13,3374.69,3456.0855927939947
TR-035690,2025-08-13,4291.28,4281.59244673984
TR-035691,2025-08-13,2455.25,2404.2207678641203
TR-035692,2025-08-13,730.02,736.3133014915886
TR-035693,2025-08-13,1794.44,1751.6658295083237
TR-035694,2025-08-13,4860.05,5036.989542197814
TR-035695,2025-08-13,2245.67,2317.0049624646094
TR-035696,2025-08-13,2018.63,2239.600859233718
TR-035697,2025-08-13,2023.64,1976.6421679606551
TR-035698,2025-08-13,1626.46,1700.2561267512415
TR-035699,2025-08-13,1626.49,1673.648584186988
TR-035700,2025-08-13,1178.32,1221.6467469854638
TR-035701,2025-08-13,3061.21,2955.6535065330527
TR-035702,2025-08-13,1901.31,1789.8598979292833
TR-035703,2025-08-14,4919.05,4903.675830294729
TR-035704,2025-08-14,555.29,630.0891223956098
TR-035705,2025-08-14,2184.73,2277.9090521338044
TR-035706,2025-08-14,3680.0,3602.904360245965
TR-035707,2025-08-14,1646.85,1615.082323365756
TR-035708,2025-08-14,4275.68,4286.727932737889
TR-035709,2025-08-14,3728.88,3818.527411083115
TR-035710,2025-08-14,4175.17,4285.804417060812
TR-035711,2025-08-14,1533.45,1498.925965869741
TR-035712,2025-08-14,3932.57,3909.803757116115
TR-035713,2025-08-14,1100.7,1128.412487218102
TR-035714,2025-08-14,1710.79,1677.709446926055
TR-035715,2025-08-14,3898.03,3768.213193041239
TR-035716,2025-08-14,718.5,784.3883331492175
TR-035717,2025-08-14,2188.02,2151.548777425093
TR-035718,2025-08-14,1010.12,1040.670276971677
TR-035719,2025-08-14,1552.79,1537.4440325801015
TR-035720,2025-08-14,788.21,815.0449201970198
TR-035721,2025-08-14,3463.64,3555.0100622684477
TR-035722,2025-08-14,4194.23,4136.979376348714
TR-035723,2025-08-14,4851.23,4879.746352447575
TR-035724,2025-08-14,2504.16,2513.9473858651354
TR-035725,2025-08-14,3550.99,3411.112632631376
TR-035726,2025-08-14,996.66,974.6336996574619
TR-035727,2025-08-14,1763.78,1812.3109787235192
TR-035728,2025-08-14,3821.38,3753.511657475419
TR-035729,2025-08-14,3246.78,3350.471373012705
TR-035730,2025-08-14,5911.62,5796.0393348935395
TR-035731,2025-08-14,1001.34,1049.1260234648144
TR-035732,2025-08-14,5292.71,5313.715582006671
TR-035733,2025-08-14,2202.79,2215.8073309178503
TR-035734,2025-08-14,2602.76,2476.66797694248
TR-035735,2025-08-14,1704.91,1683.2093090974695
TR-035736,2025-08-14,2388.42,2176.327875433388
TR-035737,2025-08-14,5332.67,5268.720264235431
TR-035738,2025-08-14,1160.03,1185.0473011062904
TR-035739,2025-08-14,1491.11,1568.9510433121543
TR-035740,2025-08-14,1554.43,1633.7467798042276
TR-035741,2025-08-14,2773.45,2594.6200188238918
TR-035742,2025-08-14,4762.65,4768.405117996816
TR-035743,2025-08-14,3702.16,3483.672476670462
TR-035744,2025-08-14,5680.52,5401.034377069
TR-035745,2025-08-14,694.63,794.5005928049852
TR-035746,2025-08-14,1427.92,1433.6146192683002
TR-035747,2025-08-14,1083.82,1146.64535237658
TR-035748,2025-08-14,2419.34,2484.4732336211227
TR-035749,2025-08-14,955.18,981.4345172877356
TR-035750,2025-08-14,1277.52,1270.47039084903
TR-035751,2025-08-14,4740.74,4804.894744698075
TR-035752,2025-08-14,716.74,783.6324406181477
TR-035753,2025-08-14,2838.44,2842.264749268187
TR-035754,2025-08-14,3893.12,3877.283651642716
TR-035755,2025-08-14,1567.72,1541.7228415247164
TR-035756,2025-08-14,886.12,953.2998951546874
TR-035757,2025-08-14,5010.88,4929.7388937829655
TR-035758,2025-08-14,321.79,344.7062065348139
TR-035759,2025-08-14,1432.89,1438.6672965819998
TR-035760,2025-08-14,324.08,528.022382451988
TR-035761,2025-08-14,510.01,525.3500174235548
TR-035762,2025-08-14,2136.98,2083.2685204350537
TR-035763,2025-08-14,2835.46,2816.5596176682498
TR-035764,2025-08-14,3036.26,3056.1936062805285
TR-035765,2025-08-14,845.61,852.6669544950084
TR-035766,2025-08-14,4715.34,4626.955737189746
TR-035767,2025-08-14,4324.68,4269.987617215044
TR-035768,2025-08-14,3107.7,3140.0257045552344
TR-035769,2025-08-14,5420.15,5295.388302196523
TR-035770,2025-08-14,754.24,808.9301108325249
TR-035771,2025-08-14,1381.84,1395.06467248042
TR-035772,2025-08-14,2820.29,2688.4012802526063
TR-035773,2025-08-14,2002.2,1978.7219051783852
TR-035774,2025-08-14,3069.57,3241.182702989221
TR-035775,2025-08-14,4823.97,4717.701576995962
TR-035776,2025-08-14,3029.65,3214.5731923449075
TR-035777,2025-08-14,1431.15,1308.0987929287835
TR-035778,2025-08-14,1410.33,1402.8701852413237
TR-035779,2025-08-14,1280.36,1310.8453545452955
TR-035780,2025-08-14,4034.06,3972.0541360556904
TR-035781,2025-08-14,1682.41,1677.9988695872926
TR-035782,2025-08-14,722.88,819.166299123624
TR-035783,2025-08-14,556.01,683.9345157891253
TR-035784,2025-08-14,1361.82,1376.9895722349831
TR-035785,2025-08-14,890.14,980.5889988579825
TR-035786,2025-08-14,1181.54,1155.5057795164198
TR-035787,2025-08-14,5714.96,5635.084965580889
TR-035788,2025-08-14,2424.97,2282.7975085799953
TR-035789,2025-08-14,2189.04,2159.2772839831423
TR-035790,2025-08-14,2733.22,2804.327171032268
TR-035791,2025-08-14,3046.33,3001.6616771059853
TR-035792,2025-08-14,1858.94,1850.9093394798936
TR-035793,2025-08-14,1609.89,1561.7971517091137
TR-035794,2025-08-14,2743.14,2456.278494876955
TR-035795,2025-08-14,4403.55,4450.970360289579
TR-035796,2025-08-14,1348.0,1342.0421626597163
TR-035797,2025-08-14,1102.47,1151.5084030542894
TR-035798,2025-08-14,3548.54,3471.0976287033177
TR-035799,2025-08-14,3705.12,3813.1612100679913
TR-035800,2025-08-14,1330.98,1361.7768006127299
TR-035801,2025-08-14,2557.91,2248.6691381841347
TR-035802,2025-08-14,871.65,993.2614510506069
TR-035803,2025-08-14,1448.35,1400.4709110954955
TR-035804,2025-08-14,912.97,1005.2674382826523
TR-035805,2025-08-14,4201.17,4069.562851943755
TR-035806,2025-08-14,3416.73,3610.3919047351515
TR-035807,2025-08-14,2708.64,2980.360109509823
TR-035808,2025-08-14,930.25,1010.3210176077263
TR-035809,2025-08-14,1339.32,1343.0012792591479
TR-035810,2025-08-14,2294.66,2416.7993562841557
TR-035811,2025-08-14,5034.02,5345.715025859288
TR-035812,2025-08-14,3268.75,3359.907300354974
TR-035813,2025-08-14,3779.93,3732.0921355560704
TR-035814,2025-08-14,2094.06,2038.0165644343965
TR-035815,2025-08-14,1271.47,1267.8766845161472
TR-035816,2025-08-14,2414.56,2460.459274598078
TR-035817,2025-08-14,3129.28,3102.0627112803754
TR-035818,2025-08-14,1487.91,1613.4853415982723
TR-035819,2025-08-14,5102.64,5017.870893511676
TR-035820,2025-08-14,726.95,829.5110290386308
TR-035821,2025-08-14,5004.21,4977.762143211314
TR-035822,2025-08-14,890.84,921.3223518919428
TR-035823,2025-08-14,5441.3,5497.18497678373
TR-035824,2025-08-14,542.38,566.7525269948133
TR-035825,2025-08-14,2715.78,2904.3288741163415
TR-035826,2025-08-14,2147.75,2331.713313881606
TR-035827,2025-08-14,3812.05,3905.810300611922
TR-035828,2025-08-14,1783.53,1801.652505021263
TR-035829,2025-08-14,600.73,693.9740739992096
TR-035830,2025-08-14,212.76,457.97355274080815
TR-035831,2025-08-14,1526.07,1542.8125941966641
TR-035832,2025-08-14,2091.82,2118.81880446392
TR-035833,2025-08-14,563.43,662.6407936459605
TR-035834,2025-08-14,11797.79,2966.969906393962
TR-035835,2025-08-14,828.81,906.5725801721385
TR-035836,2025-08-14,2201.48,2171.7186224496672
TR-035837,2025-08-14,732.97,735.970860683974
TR-035838,2025-08-14,986.09,1018.2917651757953
TR-035839,2025-08-14,829.25,838.6160691212997
TR-035840,2025-08-14,2398.11,2357.044873984347
TR-035841,2025-08-14,1022.33,1057.1910916628453
TR-035842,2025-08-14,2957.43,2978.028443462659
TR-035843,2025-08-14,4173.83,3992.3219436840272
TR-035844,2025-08-14,375.17,512.5724526682695
TR-035845,2025-08-14,2063.37,2249.4332919015
TR-035846,2025-08-14,2337.41,2286.1387700842592
TR-035847,2025-08-14,2554.62,2544.6350793787446
TR-035848,2025-08-14,1079.31,1092.3596441722
TR-035849,2025-08-14,2760.37,2535.6456381677317
TR-035850,2025-08-14,3329.1,3500.044961922208
TR-035851,2025-08-14,955.7,1001.3175859001822
TR-035852,2025-08-14,4087.87,4169.526096931495
TR-035853,2025-08-14,2007.27,1902.9123718078652
TR-035854,2025-08-14,3863.93,3838.0314961453187
TR-035855,2025-08-14,878.84,894.2576270081631
TR-035856,2025-08-14,1520.44,1526.0210737794403
TR-035857,2025-08-14,3824.57,3827.774985412919
TR-035858,2025-08-14,2660.65,2693.2428678201986
TR-035859,2025-08-14,3488.59,3424.301583113486
TR-035860,2025-08-14,1038.35,1076.073659253263
TR-035861,2025-08-15,2545.38,2579.013937038916
TR-035862,2025-08-15,1744.99,1752.969287397207
TR-035863,2025-08-15,2886.57,2982.276984679915
TR-035864,2025-08-15,2209.86,2344.4602879737254
TR-035865,2025-08-15,2139.65,2231.483464914781
TR-035866,2025-08-15,2580.47,2474.48127643791
TR-035867,2025-08-15,2051.54,2020.3952822763783
TR-035868,2025-08-15,530.93,575.1532072216314
TR-035869,2025-08-15,4934.24,5051.927939630418
TR-035870,2025-08-15,1522.56,1510.3603389233276
TR-035871,2025-08-15,843.95,947.8730089061041
TR-035872,2025-08-15,1401.96,1358.9296522279913
TR-035873,2025-08-15,1423.89,1417.1337687979549
TR-035874,2025-08-15,4172.95,4220.49729072562
TR-035875,2025-08-15,2285.21,2301.640193775673
TR-035876,2025-08-15,2529.79,2624.70575518163
TR-035877,2025-08-15,2425.46,2444.8389964308067
TR-035878,2025-08-15,728.58,816.0600274281203
TR-035879,2025-08-15,2640.59,2896.494559897454
TR-035880,2025-08-15,1688.52,1771.7618023843663
TR-035881,2025-08-15,3163.17,3289.538800113378
TR-035882,2025-08-15,4166.5,4144.293093009444
TR-035883,2025-08-15,1133.46,1158.972929761122
TR-035884,2025-08-15,3905.16,4020.8597280310164
TR-035885,2025-08-15,956.31,970.312126257001
TR-035886,2025-08-15,785.61,893.8252341750592
TR-035887,2025-08-15,979.97,996.179297890829
TR-035888,2025-08-15,4185.15,4067.889258374216
TR-035889,2025-08-15,4475.11,4297.550116861681
TR-035890,2025-08-15,2052.77,2085.0453551048336
TR-035891,2025-08-15,2969.82,3022.951255880789
TR-035892,2025-08-15,2406.46,2423.8884407554165
TR-035893,2025-08-15,3706.18,3889.3648740356057
TR-035894,2025-08-15,2966.94,2389.3021649159004
TR-035895,2025-08-15,1889.77,2008.5701968958185
TR-035896,2025-08-15,1218.39,1255.9627643356607
TR-035897,2025-08-15,3733.14,3712.8554902827264
TR-035898,2025-08-15,2341.55,2423.933771613379
TR-035899,2025-08-15,2601.85,2514.6282021299494
TR-035900,2025-08-15,3464.46,3517.528866763363
TR-035901,2025-08-15,647.94,752.3649035592784
TR-035902,2025-08-15,1031.84,1059.5738850718626
TR-035903,2025-08-15,3083.86,3182.860044205636
TR-035904,2025-08-15,404.73,556.2526250478784
TR-035905,2025-08-15,8904.72,2184.944009547591
TR-035906,2025-08-15,1588.68,1601.6203674562198
TR-035907,2025-08-15,3962.92,3848.110178975235
TR-035908,2025-08-15,5807.63,5704.279153134542
TR-035909,2025-08-15,1767.45,1778.0096392970618
TR-035910,2025-08-15,1221.98,1215.8938921236872
TR-035911,2025-08-15,2330.98,2317.59781207015
TR-035912,2025-08-15,4384.86,4470.4697835712905
TR-035913,2025-08-15,2050.76,2085.4826614429953
TR-035914,2025-08-15,1032.82,1055.7673168621825
TR-035915,2025-08-15,3462.97,3285.878875408793
TR-035916,2025-08-15,1897.9,2202.1777675141893
TR-035917,2025-08-15,3018.47,3075.270220681648
TR-035918,2025-08-15,4738.76,4852.160601354526
TR-035919,2025-08-15,1606.85,1609.919489525717
TR-035920,2025-08-15,430.98,561.6982695855593
TR-035921,2025-08-15,5297.2,5378.02825665351
TR-035922,2025-08-15,3993.33,4161.625257648704
TR-035923,2025-08-15,2143.25,2016.9362608427646
TR-035924,2025-08-15,2434.72,2203.9504441103986
TR-035925,2025-08-15,3644.74,3914.8496626853275
TR-035926,2025-08-15,415.29,569.392485301365
TR-035927,2025-08-15,2613.88,2533.065311986983
TR-035928,2025-08-15,1284.33,1311.203204574747
TR-035929,2025-08-15,1435.28,1391.5331554642362
TR-035930,2025-08-15,2208.18,2075.6411225014676
TR-035931,2025-08-15,826.49,885.1987489068799
TR-035932,2025-08-15,1963.65,2070.7373842974594
TR-035933,2025-08-15,960.97,1000.3303030774689
TR-035934,2025-08-15,4252.53,4114.660565061853
TR-035935,2025-08-15,4544.84,4596.903144042652
TR-035936,2025-08-15,4500.1,4314.41354444488
TR-035937,2025-08-15,1981.29,1880.209594142074
TR-035938,2025-08-15,2134.19,2076.6797662741
TR-035939,2025-08-15,2458.41,2401.1946247993124
TR-035940,2025-08-15,1343.79,1352.0285889341994
TR-035941,2025-08-15,847.08,932.2798106911832
TR-035942,2025-08-15,547.39,563.9290652469747
TR-035943,2025-08-15,2263.78,2385.9549667229885
TR-035944,2025-08-15,955.67,943.3662760792752
TR-035945,2025-08-15,2327.04,2209.9775368483915
TR-035946,2025-08-15,1323.9,1316.9798739339444
TR-035947,2025-08-15,3483.19,3467.7803373983425
TR-035948,2025-08-15,558.53,532.8656951248868
TR-035949,2025-08-15,4258.9,4407.376403751451
TR-035950,2025-08-15,729.3,740.5869382947621
TR-035951,2025-08-15,3582.04,3637.472218998994
TR-035952,2025-08-15,3963.21,4083.749435654369
TR-035953,2025-08-15,1347.91,1370.6067928747811
TR-035954,2025-08-15,642.3,634.1692883230166
TR-035955,2025-08-15,2378.79,2010.906803057638
TR-035956,2025-08-15,1774.56,1928.4888113225518
TR-035957,2025-08-15,2099.76,2158.80550058293
TR-035958,2025-08-15,1405.83,1418.0069053818238
TR-035959,2025-08-15,2874.57,2970.7293096929184
TR-035960,2025-08-15,3919.74,4096.017632005267
TR-035961,2025-08-15,2446.78,2478.3259077216853
TR-035962,2025-08-15,3035.7,3036.6849023114532
TR-035963,2025-08-15,1043.9,1058.2560464149115
TR-035964,2025-08-15,1304.06,1245.6687681844373
TR-035965,2025-08-15,1574.52,1577.2756679178256
TR-035966,2025-08-15,894.25,976.5278433318188
TR-035967,2025-08-15,1519.04,1554.907140473797
TR-035968,2025-08-15,4775.95,4804.943463107715
TR-035969,2025-08-15,1940.71,2138.524527595538
TR-035970,2025-08-15,719.5,727.1964721701345
TR-035971,2025-08-15,1409.26,1504.4562787570892
TR-035972,2025-08-15,4423.32,4609.912596559689
TR-035973,2025-08-15,1223.41,1223.2498137261764
TR-035974,2025-08-15,2142.57,2073.8022516226265
TR-035975,2025-08-15,1261.45,1305.513171675209
TR-035976,2025-08-15,3769.56,3734.57765050193
TR-035977,2025-08-15,1276.29,1298.2983486067137
TR-035978,2025-08-15,2431.97,2416.717751798978
TR-035979,2025-08-15,1638.07,1571.0596129430915
TR-035980,2025-08-15,397.3,1020.5682062737308
TR-035981,2025-08-15,4547.38,4313.9998445332085
TR-035982,2025-08-15,1636.97,1661.277274043323
TR-035983,2025-08-15,899.24,943.4638857991126
TR-035984,2025-08-15,2295.78,2251.183482566547
TR-035985,2025-08-15,1905.41,1863.7324018469665
TR-035986,2025-08-15,2031.02,2116.7060418948668
TR-035987,2025-08-15,3075.57,3236.7874688479133
TR-035988,2025-08-15,2327.21,2344.6166216217734
TR-035989,2025-08-15,2264.87,2249.3029099447376
TR-035990,2025-08-15,1498.65,1456.211720315403
TR-035991,2025-08-15,3099.76,2969.078192222158
TR-035992,2025-08-15,1159.62,1178.9289367229742
TR-035993,2025-08-15,835.48,921.9013694311379
TR-035994,2025-08-15,2295.09,2182.4692982685815
TR-035995,2025-08-15,1375.34,1365.1533118766556
TR-035996,2025-08-15,402.54,542.0916706475998
TR-035997,2025-08-15,1066.44,1104.5771591337661
TR-035998,2025-08-15,2645.54,2674.0514983503926
TR-035999,2025-08-15,6767.41,1597.5112774321897
TR-036000,2025-08-15,2725.03,2574.7339117677384
TR-036001,2025-08-15,4406.16,4405.157009401089
TR-036002,2025-08-15,3229.29,3410.102909514989
TR-036003,2025-08-15,2232.61,2433.4137944488125
TR-036004,2025-08-15,778.77,870.9219411643915
TR-036005,2025-08-15,3800.77,3771.669534431483
TR-036006,2025-08-15,4450.0,4533.69918916704
TR-036007,2025-08-15,1955.24,1949.2059241776335
TR-036008,2025-08-15,2730.46,2797.503507795404
TR-036009,2025-08-15,4283.87,4119.700182913087
TR-036010,2025-08-15,4004.42,4058.989127271717
TR-036011,2025-08-15,1025.89,1021.9994190456115
TR-036012,2025-08-15,2388.5,2284.145389871626
TR-036013,2025-08-15,2127.74,2208.5130961315385
TR-036014,2025-08-15,2447.09,2394.239779835646
TR-036015,2025-08-15,2026.52,1986.4843272881735
TR-036016,2025-08-15,1434.56,1360.5395700136764
TR-036017,2025-08-15,905.61,945.5870018820397
TR-036018,2025-08-15,228.14,432.8052034794132
TR-036019,2025-08-15,870.97,945.0141766217171
TR-036020,2025-08-15,2446.1,2550.4830785863896
TR-036021,2025-08-15,887.44,961.7001031000891
TR-036022,2025-08-15,518.2,559.2927974155675
TR-036023,2025-08-15,4419.17,4629.676919764648
TR-036024,2025-08-15,4660.74,4602.496592835712
TR-036025,2025-08-15,819.28,857.9212837606383
TR-036026,2025-08-15,831.29,924.2360359732211
TR-036027,2025-08-15,3004.44,3302.166880065645
TR-036028,2025-08-15,647.03,714.1032407654106
TR-036029,2025-08-15,1115.83,1119.037735760859
TR-036030,2025-08-15,3230.46,2985.4597606772236
TR-036031,2025-08-15,4144.99,4062.240445019145
TR-036032,2025-08-16,1841.5,1805.8728319108602
TR-036033,2025-08-16,3684.22,3812.4571838687243
TR-036034,2025-08-16,3269.29,3480.2590749999345
TR-036035,2025-08-16,2322.85,2505.5317470505443
TR-036036,2025-08-16,2049.08,1980.878723544358
TR-036037,2025-08-16,1757.33,1902.604451590826
TR-036038,2025-08-16,3837.87,3529.117786542822
TR-036039,2025-08-16,2023.19,1982.8962970355983
TR-036040,2025-08-16,1911.36,2047.9291736155933
TR-036041,2025-08-16,893.25,986.960324579471
TR-036042,2025-08-16,1650.86,1682.210911243612
TR-036043,2025-08-16,1613.54,1562.9798510913588
TR-036044,2025-08-16,2673.7,2548.2152383986527
TR-036045,2025-08-16,3599.97,3821.084128311557
TR-036046,2025-08-16,3418.9,3534.875052547044
TR-036047,2025-08-16,1145.54,1142.4029375002624
TR-036048,2025-08-16,3224.14,3389.1339998619114
TR-036049,2025-08-16,4071.82,4140.760551927377
TR-036050,2025-08-16,1576.71,1593.9535048565235
TR-036051,2025-08-16,1602.84,1656.3386443379825
TR-036052,2025-08-16,3650.17,3700.1122434329486
TR-036053,2025-08-16,1659.44,1716.2812054985493
TR-036054,2025-08-16,3246.09,3462.778120045853
TR-036055,2025-08-16,2257.36,2225.3828226610385
TR-036056,2025-08-16,2892.53,2990.357944929868
TR-036057,2025-08-16,1951.46,1964.2947801083749
TR-036058,2025-08-16,815.17,784.7238764121257
TR-036059,2025-08-16,1151.02,1196.5798677025764
TR-036060,2025-08-16,2154.06,2215.0984985355626
TR-036061,2025-08-16,2285.29,2149.9073774431486
TR-036062,2025-08-16,1831.39,1842.494807295096
TR-036063,2025-08-16,2049.4,2005.2893276358548
TR-036064,2025-08-16,2375.44,2915.9511009042462
TR-036065,2025-08-16,372.27,479.3447675005034
TR-036066,2025-08-16,5311.84,5280.263720795279
TR-036067,2025-08-16,2928.35,2993.648700698419
TR-036068,2025-08-16,3125.51,3163.0907613646823
TR-036069,2025-08-16,2480.93,2491.262767313806
TR-036070,2025-08-16,2398.27,2447.744646127492
TR-036071,2025-08-16,255.7,557.6929955783557
TR-036072,2025-08-16,4697.05,4688.444725271058
TR-036073,2025-08-16,3674.62,3841.243518750589
TR-036074,2025-08-16,2844.65,2978.9356952852218
TR-036075,2025-08-16,250.44,372.46230189988773
TR-036076,2025-08-16,3217.33,3365.3014093900165
TR-036077,2025-08-16,2269.65,2258.39472144094
TR-036078,2025-08-16,1534.37,1566.5459462170465
TR-036079,2025-08-16,1769.3,1772.6335820160753
TR-036080,2025-08-16,1617.76,1584.7704106374742
TR-036081,2025-08-16,2168.56,2222.1453326881233
TR-036082,2025-08-16,1794.13,1810.5857301881379
TR-036083,2025-08-16,1138.56,1149.5206314456334
TR-036084,2025-08-16,5936.83,5534.243863849551
TR-036085,2025-08-16,1911.85,1865.7864394512826
TR-036086,2025-08-16,3676.84,4046.974592952327
TR-036087,2025-08-16,1230.68,1245.844302519017
TR-036088,2025-08-16,1520.78,1542.1114957435843
TR-036089,2025-08-16,3178.12,2985.7430429527967
TR-036090,2025-08-16,3976.42,4075.4061347089823
TR-036091,2025-08-16,5467.0,5298.609512758339
TR-036092,2025-08-16,2241.16,2321.0296982757072
TR-036093,2025-08-16,1639.75,1625.7886360340224
TR-036094,2025-08-16,1681.79,1622.4300193303077
TR-036095,2025-08-16,1748.6,1762.8845050807786
TR-036096,2025-08-16,4562.29,4515.605832338277
TR-036097,2025-08-16,1016.49,1065.7817923028374
TR-036098,2025-08-16,1743.72,1778.5637444639863
TR-036099,2025-08-16,3687.56,3792.3031804792613
TR-036100,2025-08-16,4096.12,3934.3662200547105
TR-036101,2025-08-16,474.97,2014.5106446426964
TR-036102,2025-08-16,3838.1,3731.356530430916
TR-036103,2025-08-16,1834.23,1789.8624132431505
TR-036104,2025-08-16,2497.26,2475.891962764592
TR-036105,2025-08-16,2273.1,2209.580901572833
TR-036106,2025-08-16,4607.33,4526.043248543663
TR-036107,2025-08-16,622.95,683.9717950666306
TR-036108,2025-08-16,1687.84,1757.2426358407147
TR-036109,2025-08-16,3022.84,3040.930683932745
TR-036110,2025-08-16,2039.42,2090.2182726537076
TR-036111,2025-08-16,1465.38,1411.6812043904993
TR-036112,2025-08-16,960.78,957.791617419907
TR-036113,2025-08-16,493.34,630.2858742977867
TR-036114,2025-08-16,2483.22,2525.070980924951
TR-036115,2025-08-16,2759.1,2837.4414826977663
TR-036116,2025-08-16,2651.89,2908.6712654349667
TR-036117,2025-08-16,1132.13,1147.0393253255054
TR-036118,2025-08-16,2123.96,2016.754356442816
TR-036119,2025-08-16,1069.59,1143.6512005055438
TR-036120,2025-08-16,3055.64,3170.987125839507
TR-036121,2025-08-16,3073.16,3132.1071504002703
TR-036122,2025-08-16,4215.87,4249.490447430527
TR-036123,2025-08-16,336.62,477.2347856114486
TR-036124,2025-08-16,1455.33,1465.8692262316672
TR-036125,2025-08-16,1481.84,1487.903668904521
TR-036126,2025-08-16,1801.22,1779.556859036084
TR-036127,2025-08-16,3652.18,3674.1982593015227
TR-036128,2025-08-16,2068.77,2119.9251352333713
TR-036129,2025-08-16,3868.89,3992.5103250324655
TR-036130,2025-08-16,4075.62,4584.18775949483
TR-036131,2025-08-16,802.3,815.5832495117952
TR-036132,2025-08-16,3788.68,3870.0975471028487
TR-036133,2025-08-16,1915.8,1823.9678158031152
TR-036134,2025-08-16,726.88,810.169960873799
TR-036135,2025-08-16,2990.38,3101.8529431057063
TR-036136,2025-08-16,1622.29,1575.6006243552133
TR-036137,2025-08-16,2750.99,2729.1824984913515
TR-036138,2025-08-16,1249.44,1227.3794993521392
TR-036139,2025-08-16,4247.68,4451.8929380662075
TR-036140,2025-08-16,2638.95,2470.696878876532
TR-036141,2025-08-16,2614.31,2656.7796824213938
TR-036142,2025-08-16,5157.53,5165.484519154326
TR-036143,2025-08-16,1797.61,1804.8022745319697
TR-036144,2025-08-16,1130.66,1165.982454108393
TR-036145,2025-08-16,1944.47,1995.0027888999257
TR-036146,2025-08-16,1001.14,1002.1088916789995
TR-036147,2025-08-16,2625.33,3190.51255172776
TR-036148,2025-08-16,2031.99,2150.4515739398844
TR-036149,2025-08-16,1413.77,1414.7496633652677
TR-036150,2025-08-16,4953.76,5177.23943628193
TR-036151,2025-08-16,5013.5,5182.02507320646
TR-036152,2025-08-16,1571.67,1575.1361214404676
TR-036153,2025-08-16,4412.23,4330.6560814561835
TR-036154,2025-08-16,3611.27,3593.6752438903177
TR-036155,2025-08-16,2261.69,2174.478943284699
TR-036156,2025-08-16,3401.34,3376.6647925340803
TR-036157,2025-08-16,1646.63,1656.133841213424
TR-036158,2025-08-16,3454.23,3380.3236338964775
TR-036159,2025-08-16,1457.51,1464.7133934715384
TR-036160,2025-08-16,5451.29,5523.289490574978
TR-036161,2025-08-16,3816.6,3967.9805018170064
TR-036162,2025-08-16,2322.3,2094.96575011248
TR-036163,2025-08-16,3473.17,3477.1073345724344
TR-036164,2025-08-16,663.35,735.6089324949182
TR-036165,2025-08-16,4844.76,4990.709919162617
TR-036166,2025-08-16,2569.81,2279.251175058532
TR-036167,2025-08-16,1160.98,1165.1182455085616
TR-036168,2025-08-17,1652.87,1701.1253572272062
TR-036169,2025-08-17,1644.17,1647.5517957914965
TR-036170,2025-08-17,5136.17,5299.711092696982
TR-036171,2025-08-17,4414.17,4505.886273412263
TR-036172,2025-08-17,2410.45,2553.7230436127697
TR-036173,2025-08-17,1206.28,1283.0863998565978
TR-036174,2025-08-17,590.4,1803.9772979273507
TR-036175,2025-08-17,1105.12,1117.8859226544373
TR-036176,2025-08-17,2619.57,2119.294243642444
TR-036177,2025-08-17,2247.2,2282.7516998797273
TR-036178,2025-08-17,436.28,491.03869916561234
TR-036179,2025-08-17,1313.47,1297.844225003775
TR-036180,2025-08-17,1037.58,1045.9396374128196
TR-036181,2025-08-17,2378.78,2523.3746715040947
TR-036182,2025-08-17,2727.16,2806.0283293316884
TR-036183,2025-08-17,3821.36,4174.463743387374
TR-036184,2025-08-17,3380.18,3529.3024654827454
TR-036185,2025-08-17,740.47,742.8855451779318
TR-036186,2025-08-17,2055.83,2264.9587426912417
TR-036187,2025-08-17,2250.27,2292.1763851582323
TR-036188,2025-08-17,1527.78,1695.2628306079773
TR-036189,2025-08-17,3093.44,3277.8218798767357
TR-036190,2025-08-17,1733.05,1708.8275710955063
TR-036191,2025-08-17,4800.2,4757.925110892836
TR-036192,2025-08-17,549.01,644.7292508051726
TR-036193,2025-08-17,3767.23,3844.47733393012
TR-036194,2025-08-17,3019.94,3317.854884415011
TR-036195,2025-08-17,898.11,992.5995777830581
TR-036196,2025-08-17,830.05,930.6181015579832
TR-036197,2025-08-17,2144.22,2047.8792502794583
TR-036198,2025-08-17,3686.55,3839.2849316682305
TR-036199,2025-08-17,1091.95,1098.5998073583887
TR-036200,2025-08-17,3196.57,3039.2544309063005
TR-036201,2025-08-17,3381.1,3504.8754642649264
TR-036202,2025-08-17,3762.82,3559.58217287163
TR-036203,2025-08-17,2135.53,2092.641237730654
TR-036204,2025-08-17,839.05,932.1514090873745
TR-036205,2025-08-17,4083.3,4103.82287000918
TR-036206,2025-08-17,1030.79,1061.446893853988
TR-036207,2025-08-17,979.98,994.9654073299748
TR-036208,2025-08-17,2014.89,1997.4330860138741
TR-036209,2025-08-17,775.55,852.1559434277735
TR-036210,2025-08-17,5484.89,5509.580867540366
TR-036211,2025-08-17,2470.83,2661.676580247062
TR-036212,2025-08-17,229.68,446.55842258367466
TR-036213,2025-08-17,574.81,616.546188754749
TR-036214,2025-08-17,858.66,887.232985451974
TR-036215,2025-08-17,2039.55,2059.1589913961516
TR-036216,2025-08-17,5097.56,5340.140620535447
TR-036217,2025-08-17,1213.75,1202.986994721883
TR-036218,2025-08-17,2730.21,2747.95931905652
TR-036219,2025-08-17,1430.67,1438.7708060601271
TR-036220,2025-08-17,1080.77,1130.2929756257022
TR-036221,2025-08-17,1826.94,1921.9858650522954
TR-036222,2025-08-17,3316.18,3498.3481257534454
TR-036223,2025-08-17,3805.29,4002.116997936211
TR-036224,2025-08-17,1206.5,1193.5957531554463
TR-036225,2025-08-17,3475.0,3510.8067349187277
TR-036226,2025-08-17,3979.62,4054.781240891339
TR-036227,2025-08-17,4153.36,4205.10492648867
TR-036228,2025-08-17,1389.16,1383.6230602444025
TR-036229,2025-08-17,2186.81,2135.1636506941936
TR-036230,2025-08-17,582.53,707.2872906987247
TR-036231,2025-08-17,3160.75,3005.5894265238317
TR-036232,2025-08-17,701.0,790.0279572999193
TR-036233,2025-08-17,500.33,605.1907426955404
TR-036234,2025-08-17,951.19,1005.7512552865321
TR-036235,2025-08-17,1345.95,1298.7316205196475
TR-036236,2025-08-17,575.45,745.5127109022601
TR-036237,2025-08-17,1427.88,1442.3320731784686
TR-036238,2025-08-17,3563.83,3528.6459184463492
TR-036239,2025-08-17,4616.32,4886.918144429962
TR-036240,2025-08-17,903.07,994.225004735627
TR-036241,2025-08-17,2050.24,2190.677252176838
TR-036242,2025-08-17,1151.23,1173.6385048231823
TR-036243,2025-08-17,1374.88,1446.7564859432773
TR-036244,2025-08-17,2483.45,2777.3249511856966
TR-036245,2025-08-17,1250.99,1312.292179834869
TR-036246,2025-08-17,551.79,660.4562143179132
TR-036247,2025-08-17,3761.24,3800.797480634582
TR-036248,2025-08-17,1922.79,1954.5341085035182
TR-036249,2025-08-17,1742.86,1717.5894498800612
TR-036250,2025-08-17,2597.63,2541.8898314366525
TR-036251,2025-08-17,2091.12,2163.9500516277544
TR-036252,2025-08-17,3595.51,3567.6802953693214
TR-036253,2025-08-17,766.26,768.0440553702995
TR-036254,2025-08-17,1884.95,1903.9073490633664
TR-036255,2025-08-17,3030.28,3157.2824888169957
TR-036256,2025-08-17,2050.45,2200.6719443022766
TR-036257,2025-08-17,4803.79,4950.214591299938
TR-036258,2025-08-17,2393.67,2772.160661644994
TR-036259,2025-08-17,4864.79,5143.833751118991
TR-036260,2025-08-17,2032.97,2107.106616560818
TR-036261,2025-08-17,2089.62,2166.5817181864
TR-036262,2025-08-17,2089.28,2101.797088197237
TR-036263,2025-08-17,1855.56,1918.676075139655
TR-036264,2025-08-17,2202.77,2102.914913150633
TR-036265,2025-08-17,4154.97,4194.051549483874
TR-036266,2025-08-17,4335.22,4405.007446963994
TR-036267,2025-08-17,3318.05,3559.2472618878505
TR-036268,2025-08-17,4307.74,4300.616053781741
TR-036269,2025-08-17,1567.26,1526.1260034302861
TR-036270,2025-08-17,4264.12,4153.363803925728
TR-036271,2025-08-17,1933.24,2110.2940334123964
TR-036272,2025-08-17,1493.51,1474.9728766392282
TR-036273,2025-08-17,894.5,968.3677272669734
TR-036274,2025-08-17,2550.29,2333.555853861365
TR-036275,2025-08-17,4713.06,4823.701203812927
TR-036276,2025-08-17,4047.8,4047.4392365600347
TR-036277,2025-08-17,2205.46,2278.4566677320004
TR-036278,2025-08-17,1297.22,1309.14366552017
TR-036279,2025-08-17,3844.59,4168.3861995754505
TR-036280,2025-08-17,5396.59,5361.345048545634
TR-036281,2025-08-17,2064.97,1946.6863979121358
TR-036282,2025-08-17,1105.94,1123.5745426755884
TR-036283,2025-08-17,1605.1,1606.0081433528335
TR-036284,2025-08-17,4324.29,4040.097208639593
TR-036285,2025-08-17,2112.79,2191.0062928452426
TR-036286,2025-08-17,786.37,852.8771637529767
TR-036287,2025-08-17,3266.32,3380.1129409018995
TR-036288,2025-08-17,5763.0,5643.637971487982
TR-036289,2025-08-17,1708.81,1749.5990238178001
TR-036290,2025-08-17,3827.3,3836.6766238914443
TR-036291,2025-08-17,1470.35,1594.8104872073875
TR-036292,2025-08-17,1607.91,1741.1328904265267
TR-036293,2025-08-17,3974.12,3986.872365225203
TR-036294,2025-08-17,2305.45,2114.22484292176
TR-036295,2025-08-17,587.69,704.8285813623247
TR-036296,2025-08-17,1520.23,1488.8399457243108
TR-036297,2025-08-17,2405.08,2524.3087737100846
TR-036298,2025-08-17,1508.56,1536.4912985942224
TR-036299,2025-08-17,1155.37,1198.68729578449
TR-036300,2025-08-17,880.58,925.8934948545659
TR-036301,2025-08-17,2290.38,2556.265889167504
TR-036302,2025-08-17,2676.64,2491.2385751477946
TR-036303,2025-08-17,2719.32,2812.7936264646733
TR-036304,2025-08-17,470.52,580.9110614420983
TR-036305,2025-08-17,1140.31,1173.7744006547105
TR-036306,2025-08-17,4307.93,4432.345738946073
TR-036307,2025-08-17,836.43,882.6972412695616
TR-036308,2025-08-17,2003.51,2079.4310394224294
TR-036309,2025-08-17,1203.26,1222.5511413981524
TR-036310,2025-08-17,2768.58,2949.0019362417916
TR-036311,2025-08-17,2159.37,2073.91807840292
TR-036312,2025-08-17,2617.18,2696.459506580691
TR-036313,2025-08-17,455.32,592.4675641554393
TR-036314,2025-08-17,2029.34,2287.5411470593253
TR-036315,2025-08-17,2803.91,2857.556874160463
TR-036316,2025-08-17,1104.37,1152.598703728646
TR-036317,2025-08-17,2222.31,2090.5815275255995
TR-036318,2025-08-17,1400.4,1432.2330835478062
TR-036319,2025-08-17,571.65,690.2210209326227
TR-036320,2025-08-17,1286.62,1308.6760954212532
TR-036321,2025-08-17,3386.31,3416.027253547968
TR-036322,2025-08-17,580.04,704.0495220352084
TR-036323,2025-08-17,1635.76,1699.0534497755746
TR-036324,2025-08-17,2316.54,2236.382399501076
TR-036325,2025-08-17,1440.32,1395.198936554963
TR-036326,2025-08-17,885.0,976.1164400885314
TR-036327,2025-08-17,4180.5,4045.548224410454
TR-036328,2025-08-18,1302.19,1305.2381785552616
TR-036329,2025-08-18,968.56,995.7030064887633
TR-036330,2025-08-18,1486.25,1504.8826065189564
TR-036331,2025-08-18,1213.62,1280.5977601507807
TR-036332,2025-08-18,960.39,995.2575489698902
TR-036333,2025-08-18,1873.0,1932.2243162850816
TR-036334,2025-08-18,530.61,633.1932685019101
TR-036335,2025-08-18,1790.14,1845.878030966937
TR-036336,2025-08-18,1463.86,1505.4648561154713
TR-036337,2025-08-18,7005.3,1903.6994341693203
TR-036338,2025-08-18,2754.32,2844.01585551651
TR-036339,2025-08-18,4459.58,4344.142034880398
TR-036340,2025-08-18,1085.17,1092.216448302946
TR-036341,2025-08-18,824.06,926.9286293275222
TR-036342,2025-08-18,2422.92,2531.970357883117
TR-036343,2025-08-18,2196.65,2263.6405042079723
TR-036344,2025-08-18,2033.9,2113.3364961336592
TR-036345,2025-08-18,1311.96,1274.9171683031957
TR-036346,2025-08-18,4145.32,4096.360339269853
TR-036347,2025-08-18,609.92,653.8638257092884
TR-036348,2025-08-18,3018.58,3025.341363909447
TR-036349,2025-08-18,2280.83,2222.7244848306964
TR-036350,2025-08-18,363.64,470.23141798843153
TR-036351,2025-08-18,1474.28,1454.867188675095
TR-036352,2025-08-18,2625.24,2613.921135531117
TR-036353,2025-08-18,1182.95,1174.4933568471674
TR-036354,2025-08-18,1588.15,1625.5939536239073
TR-036355,2025-08-18,4013.6,4094.70962399096
TR-036356,2025-08-18,387.66,541.3555809957786
TR-036357,2025-08-18,1067.44,1117.3589614966752
TR-036358,2025-08-18,924.05,979.0558295475248
TR-036359,2025-08-18,3251.33,3301.505985039265
TR-036360,2025-08-18,2867.66,2951.4595838968544
TR-036361,2025-08-18,5279.47,5353.628957364508
TR-036362,2025-08-18,2235.11,2147.1426023852987
TR-036363,2025-08-18,4469.94,4419.877512645552
TR-036364,2025-08-18,4767.02,4671.038378068989
TR-036365,2025-08-18,2766.01,2834.5004309940978
TR-036366,2025-08-18,3101.88,3223.1234574180817
TR-036367,2025-08-18,3414.11,3546.5080006538774
TR-036368,2025-08-18,594.86,744.108471865615
TR-036369,2025-08-18,1655.43,1684.9698223143112
TR-036370,2025-08-18,1136.01,1184.461897867132
TR-036371,2025-08-18,5474.99,1180.0502557105528
TR-036372,2025-08-18,2101.95,2227.1570867171795
TR-036373,2025-08-18,1601.64,1594.9355532341701
TR-036374,2025-08-18,945.7,976.4419728150533
TR-036375,2025-08-18,2830.13,2762.8191806215227
TR-036376,2025-08-18,764.68,731.9287107790542
TR-036377,2025-08-18,592.37,666.2159391916714
TR-036378,2025-08-18,583.85,719.0716063626503
TR-036379,2025-08-18,2325.74,2310.856051154011
TR-036380,2025-08-18,451.84,543.344254117364
TR-036381,2025-08-18,1291.52,1320.9955240587406
TR-036382,2025-08-18,4435.81,4444.53905831175
TR-036383,2025-08-18,1474.08,1504.638621288122
TR-036384,2025-08-18,3001.21,2865.4824201933484
TR-036385,2025-08-18,5270.1,5435.0709391339615
TR-036386,2025-08-18,1762.06,1721.8516014367735
TR-036387,2025-08-18,1780.32,1811.786163002115
TR-036388,2025-08-18,3216.91,3348.393373881056
TR-036389,2025-08-18,4407.92,4421.731505745987
TR-036390,2025-08-18,1040.88,1072.3848864964061
TR-036391,2025-08-18,475.28,588.3071361854563
TR-036392,2025-08-18,9127.43,2723.521271106273
TR-036393,2025-08-18,2986.01,3164.924862929102
TR-036394,2025-08-18,4112.57,4194.368824986021
TR-036395,2025-08-18,3004.7,3117.4747946430407
TR-036396,2025-08-18,1405.11,1418.6535921774753
TR-036397,2025-08-18,921.85,944.872509554494
TR-036398,2025-08-18,5391.98,5229.337264337151
TR-036399,2025-08-18,2704.57,2620.2991505450195
TR-036400,2025-08-18,3284.18,3293.0121877610195
TR-036401,2025-08-18,1396.72,1476.7825715216422
TR-036402,2025-08-18,1066.18,1086.159519922149
TR-036403,2025-08-18,3184.97,3209.2535205162276
TR-036404,2025-08-18,4600.41,4655.3005523081
TR-036405,2025-08-18,3414.08,3515.4616754845897
TR-036406,2025-08-18,2600.97,2552.2899853163963
TR-036407,2025-08-18,2356.65,2457.343240265103
TR-036408,2025-08-18,2950.3,3100.489568810921
TR-036409,2025-08-18,1205.97,1211.1644552669432
TR-036410,2025-08-18,1119.34,1143.3027794719621
TR-036411,2025-08-18,1151.14,1183.551564209949
TR-036412,2025-08-18,2691.6,2698.061568070988
TR-036413,2025-08-18,1783.71,1840.5907245556107
TR-036414,2025-08-18,552.32,674.1300684434914
TR-036415,2025-08-18,1323.71,1304.4921474762527
TR-036416,2025-08-18,1222.79,1223.5459468336576
TR-036417,2025-08-18,2446.14,2539.8715700819
TR-036418,2025-08-18,1253.85,1242.6915375701838
TR-036419,2025-08-18,1870.75,1941.5071467959028
TR-036420,2025-08-18,1694.82,1641.6930476068023
TR-036421,2025-08-18,1041.44,1072.9311344928055
TR-036422,2025-08-18,1695.68,1676.5037433115308
TR-036423,2025-08-18,907.4,954.2808179387287
TR-036424,2025-08-18,4036.53,4245.912914735534
TR-036425,2025-08-18,2205.14,2112.93607761579
TR-036426,2025-08-18,3675.29,3189.09758858254
TR-036427,2025-08-18,2094.68,2181.314505758781
TR-036428,2025-08-18,3807.79,3952.4176105621236
TR-036429,2025-08-18,4223.98,4020.9127157554162
TR-036430,2025-08-18,1038.63,1052.4670056912237
TR-036431,2025-08-18,713.95,808.1979476395722
TR-036432,2025-08-18,3634.28,3811.786962068075
TR-036433,2025-08-18,3443.19,3318.69611140543
TR-036434,2025-08-18,1497.08,1481.6348466874333
TR-036435,2025-08-18,4874.55,4863.9902344273705
TR-036436,2025-08-18,845.52,938.5939447665082
TR-036437,2025-08-18,4633.79,4677.23404675929
TR-036438,2025-08-18,2608.3,2794.832719111233
TR-036439,2025-08-18,1073.13,1075.660888686608
TR-036440,2025-08-18,2924.85,3131.2153689858596
TR-036441,2025-08-18,742.67,874.4720494778755
TR-036442,2025-08-18,3055.59,3147.1500041785093
TR-036443,2025-08-18,2569.04,2814.6929293113285
TR-036444,2025-08-18,1541.79,1608.3847855939393
TR-036445,2025-08-18,3784.74,3714.5333749511824
TR-036446,2025-08-18,1179.95,1207.3489901338007
TR-036447,2025-08-18,1593.1,1645.7792175196287
TR-036448,2025-08-18,1621.52,1702.181006279342
TR-036449,2025-08-18,1540.02,1518.8347538175863
TR-036450,2025-08-18,830.01,889.3573984397051
TR-036451,2025-08-18,1881.25,2068.0817866758603
TR-036452,2025-08-18,631.79,746.6366842610407
TR-036453,2025-08-18,3197.64,2973.6412549671986
TR-036454,2025-08-18,1219.62,1225.6213644332884
TR-036455,2025-08-18,3946.97,3972.4396664273822
TR-036456,2025-08-18,1799.23,1827.1507682673464
TR-036457,2025-08-18,1389.5,1448.091549224
TR-036458,2025-08-18,2763.16,2624.7438150765634
TR-036459,2025-08-18,3493.69,3522.96737267448
TR-036460,2025-08-18,1104.2,1130.041668170356
TR-036461,2025-08-18,3292.21,3493.591833149973
TR-036462,2025-08-18,2140.29,2199.5238880365964
TR-036463,2025-08-18,1333.56,1349.0736756490105
TR-036464,2025-08-18,3545.35,3446.487149011482
TR-036465,2025-08-18,246.24,283.31890287044075
TR-036466,2025-08-18,1876.54,1875.1643001533087
TR-036467,2025-08-18,870.16,946.8987170838113
TR-036468,2025-08-18,646.37,668.6387625539592
TR-036469,2025-08-18,2662.1,2684.55404438278
TR-036470,2025-08-18,2450.2,2184.766101298792
TR-036471,2025-08-18,1881.24,1810.0164561598797
TR-036472,2025-08-18,1239.46,1293.4750872329978
TR-036473,2025-08-18,2022.38,1949.2116818595302
TR-036474,2025-08-18,1068.71,1110.0057708077343
TR-036475,2025-08-18,3088.48,3388.7858184513643
TR-036476,2025-08-18,2533.85,2479.0181302686456
TR-036477,2025-08-18,648.16,767.457318492146
TR-036478,2025-08-19,4062.45,3996.714564058976
TR-036479,2025-08-19,2528.12,2547.5676741685497
TR-036480,2025-08-19,2170.15,2073.6709249800983
TR-036481,2025-08-19,2807.51,2646.423551920572
TR-036482,2025-08-19,4494.76,4541.506953138106
TR-036483,2025-08-19,700.81,779.4892975787225
TR-036484,2025-08-19,1434.06,1421.5826039850137
TR-036485,2025-08-19,1421.04,1392.983285071628
TR-036486,2025-08-19,3248.51,3517.747320846529
TR-036487,2025-08-19,3482.69,3640.3208063875704
TR-036488,2025-08-19,1940.19,1954.447589642385
TR-036489,2025-08-19,577.87,668.2802026036338
TR-036490,2025-08-19,1938.92,2114.985634502196
TR-036491,2025-08-19,2529.01,2458.836346511326
TR-036492,2025-08-19,4145.98,4227.779216189632
TR-036493,2025-08-19,3683.08,3631.6654711418123
TR-036494,2025-08-19,621.06,754.387266359616
TR-036495,2025-08-19,2412.3,2352.473059270835
TR-036496,2025-08-19,1602.28,1588.8930337150466
TR-036497,2025-08-19,5007.09,5054.262303881442
TR-036498,2025-08-19,3974.93,3987.116267213309
TR-036499,2025-08-19,3785.29,3889.5871419034047
TR-036500,2025-08-19,3699.85,3752.829229330363
TR-036501,2025-08-19,3577.21,3661.258889300774
TR-036502,2025-08-19,2123.58,2094.094891846741
TR-036503,2025-08-19,5212.13,5120.435697476956
TR-036504,2025-08-19,1360.75,1348.7550228809946
TR-036505,2025-08-19,2928.8,3244.0479204661215
TR-036506,2025-08-19,3687.08,3942.294807210531
TR-036507,2025-08-19,1239.01,1280.235345927283
TR-036508,2025-08-19,698.91,757.4652734512404
TR-036509,2025-08-19,1890.03,1870.9959454100742
TR-036510,2025-08-19,3376.05,3550.509569637785
TR-036511,2025-08-19,484.6,586.3171611884875
TR-036512,2025-08-19,3328.76,3473.9017179838183
TR-036513,2025-08-19,2946.23,3166.373984935568
TR-036514,2025-08-19,1713.96,1698.448107261477
TR-036515,2025-08-19,2876.51,2940.4330027101255
TR-036516,2025-08-19,2088.96,2193.917283941568
TR-036517,2025-08-19,3594.09,3545.648803331208
TR-036518,2025-08-19,3494.05,3592.831240710513
TR-036519,2025-08-19,1114.24,1127.929011657633
TR-036520,2025-08-19,2714.49,2539.6485327188257
TR-036521,2025-08-19,1401.37,1377.3901712719312
TR-036522,2025-08-19,2062.24,2262.621939465062
TR-036523,2025-08-19,910.62,918.5380177070656
TR-036524,2025-08-19,2451.68,2366.293816510726
TR-036525,2025-08-19,1876.04,1798.1140816465693
TR-036526,2025-08-19,643.19,773.1644817473502
TR-036527,2025-08-19,2168.16,2203.3876263534808
TR-036528,2025-08-19,3719.7,3625.0088005657763
TR-036529,2025-08-19,3308.92,3377.4943009893386
TR-036530,2025-08-19,2682.76,2769.684464074347
TR-036531,2025-08-19,1574.32,1503.0003727346575
TR-036532,2025-08-19,4083.58,4107.103713732424
TR-036533,2025-08-19,1889.76,1969.540989797466
TR-036534,2025-08-19,4693.35,4346.341373657851
TR-036535,2025-08-19,3092.36,3135.3094902084886
TR-036536,2025-08-19,1094.04,1167.3583946162832
TR-036537,2025-08-19,1201.66,1210.730997884028
TR-036538,2025-08-19,2757.2,2541.3297879041033
TR-036539,2025-08-19,2296.67,2489.471609495768
TR-036540,2025-08-19,2650.75,2711.3940178707835
TR-036541,2025-08-19,1098.72,1126.9002578909644
TR-036542,2025-08-19,1292.85,1289.3049437357877
TR-036543,2025-08-19,780.91,843.087351156161
TR-036544,2025-08-19,2459.64,2602.4017685926297
TR-036545,2025-08-19,2801.49,2875.5588291880745
TR-036546,2025-08-19,881.77,947.6149917366745
TR-036547,2025-08-19,4040.94,4182.205542492369
TR-036548,2025-08-19,269.95,470.546086992337
TR-036549,2025-08-19,1487.21,1418.3227209354332
TR-036550,2025-08-19,1881.32,1883.0968209256944
TR-036551,2025-08-19,1649.02,1622.8375142351347
TR-036552,2025-08-19,3390.6,3505.562215412657
TR-036553,2025-08-19,2499.47,2526.6298380570893
TR-036554,2025-08-19,1415.92,1467.132527988274
TR-036555,2025-08-19,2284.29,2355.2148913105225
TR-036556,2025-08-19,1813.52,1816.0419655623593
TR-036557,2025-08-19,1186.67,1202.106667236687
TR-036558,2025-08-19,640.91,757.24727554633
TR-036559,2025-08-19,3199.7,3358.122413718869
TR-036560,2025-08-19,330.59,354.28332638077586
TR-036561,2025-08-19,1762.13,1668.1528347358217
TR-036562,2025-08-19,2439.47,2329.6060030231774
TR-036563,2025-08-19,1363.3,1371.5783632426342
TR-036564,2025-08-19,1700.11,1788.126552186015
TR-036565,2025-08-19,888.84,875.3056985110281
TR-036566,2025-08-19,768.75,852.1690262065304
TR-036567,2025-08-19,423.14,357.3568258986588
TR-036568,2025-08-19,2057.14,2111.781954529689
TR-036569,2025-08-19,2365.86,2013.8452399663947
TR-036570,2025-08-19,4523.85,4415.8122001070005
TR-036571,2025-08-19,2401.06,2087.4481815794516
TR-036572,2025-08-19,611.69,730.6038984408124
TR-036573,2025-08-19,1834.73,1925.6283191520351
TR-036574,2025-08-19,3876.58,3871.1093983256214
TR-036575,2025-08-19,4178.76,4131.848759504806
TR-036576,2025-08-19,2125.87,2055.043537713061
TR-036577,2025-08-19,808.98,856.6531380087188
TR-036578,2025-08-19,5132.34,5223.523706227752
TR-036579,2025-08-19,3954.67,4051.8886683050837
TR-036580,2025-08-19,4222.39,4206.519074624793
TR-036581,2025-08-19,779.19,896.6962972139654
TR-036582,2025-08-19,305.5,424.0177474828588
TR-036583,2025-08-19,927.53,999.4078514964625
TR-036584,2025-08-19,4263.95,4440.909404193177
TR-036585,2025-08-19,1070.05,1068.4199115172064
TR-036586,2025-08-19,1551.73,1677.3845104997345
TR-036587,2025-08-19,5028.79,5227.508204679453
TR-036588,2025-08-19,1432.27,1461.1961304474744
TR-036589,2025-08-19,1249.37,1265.5258064024347
TR-036590,2025-08-19,3132.86,3152.019982276187
TR-036591,2025-08-19,545.0,675.1746972852652
TR-036592,2025-08-19,3215.76,3210.6553162760583
TR-036593,2025-08-19,2014.18,1928.0369982134478
TR-036594,2025-08-19,2571.46,2672.941178451452
TR-036595,2025-08-19,1139.56,1150.6909209365194
TR-036596,2025-08-19,5055.89,5145.502628649265
TR-036597,2025-08-19,1867.51,1872.1981752527172
TR-036598,2025-08-19,1233.19,531.8745213184989
TR-036599,2025-08-19,1651.75,1651.65960796223
TR-036600,2025-08-19,2183.06,2034.5329257486853
TR-036601,2025-08-19,4622.21,4893.866706275939
TR-036602,2025-08-19,3186.96,3149.150941255294
TR-036603,2025-08-19,4157.95,4099.124821351506
TR-036604,2025-08-19,1086.93,1161.3848687597028
TR-036605,2025-08-19,2969.49,3236.5667812935244
TR-036606,2025-08-19,5016.26,5106.076127159382
TR-036607,2025-08-19,251.48,531.2540116500711
TR-036608,2025-08-19,475.77,600.0409298935335
TR-036609,2025-08-19,4493.84,4501.419128250728
TR-036610,2025-08-20,1386.42,335.1633494564139
TR-036611,2025-08-20,1283.24,1301.852389359794
TR-036612,2025-08-20,3774.05,3626.9681239691045
TR-036613,2025-08-20,2310.44,2343.75522338863
TR-036614,2025-08-20,2867.53,3060.7876328959846
TR-036615,2025-08-20,4091.63,4143.863161814887
TR-036616,2025-08-20,2104.27,830.7385975100426
TR-036617,2025-08-20,3897.69,3955.818088201773
TR-036618,2025-08-20,2244.64,2126.6862259475984
TR-036619,2025-08-20,2651.55,2612.7259719880076
TR-036620,2025-08-20,2380.7,2195.4119302957074
TR-036621,2025-08-20,829.39,933.5122894270964
TR-036622,2025-08-20,1473.56,1480.1663997052672
TR-036623,2025-08-20,3636.99,3630.3847157259715
TR-036624,2025-08-20,915.54,930.9665142576432
TR-036625,2025-08-20,1183.23,1144.7938553132012
TR-036626,2025-08-20,4304.02,4095.602283435412
TR-036627,2025-08-20,4808.84,4658.557954422278
TR-036628,2025-08-20,1391.56,1417.0994383904465
TR-036629,2025-08-20,1284.09,1356.2076458616334
TR-036630,2025-08-20,1595.82,1669.1541429652098
TR-036631,2025-08-20,2925.66,2878.8765884531304
TR-036632,2025-08-20,3402.74,3483.7874831178606
TR-036633,2025-08-20,3447.63,3548.0070836178866
TR-036634,2025-08-20,2126.57,2023.7883482451361
TR-036635,2025-08-20,3155.17,3129.0120935847976
TR-036636,2025-08-20,5422.39,5284.509524555436
TR-036637,2025-08-20,3591.08,3734.3091650059255
TR-036638,2025-08-20,5169.48,5042.055391623031
TR-036639,2025-08-20,3599.34,3757.2568407707627
TR-036640,2025-08-20,2646.7,2742.3955672709135
TR-036641,2025-08-20,472.55,602.6963812061467
TR-036642,2025-08-20,863.42,905.8565623501725
TR-036643,2025-08-20,1960.5,2087.0706263860175
TR-036644,2025-08-20,342.72,1445.1200107933587
TR-036645,2025-08-20,2388.92,2509.726733938007
TR-036646,2025-08-20,2259.87,2067.3812345502997
TR-036647,2025-08-20,2261.14,2091.7396801494133
TR-036648,2025-08-20,1790.72,1855.8923542107864
TR-036649,2025-08-20,1034.76,1074.358506793414
TR-036650,2025-08-20,1851.91,1812.4425688617848
TR-036651,2025-08-20,1013.63,1023.2289842315997
TR-036652,2025-08-20,954.57,955.080156988498
TR-036653,2025-08-20,814.6,838.2370556852886
TR-036654,2025-08-20,636.77,737.0709970878597
TR-036655,2025-08-20,1098.68,4336.338436058792
TR-036656,2025-08-20,2434.53,2438.9713637987215
TR-036657,2025-08-20,501.72,582.9048811203638
TR-036658,2025-08-20,3768.26,3790.2252143618784
TR-036659,2025-08-20,672.86,754.2364340535603
TR-036660,2025-08-20,3694.93,3676.8926415339256
TR-036661,2025-08-20,1834.61,1870.8089955928403
TR-036662,2025-08-20,1855.13,1914.7579907891604
TR-036663,2025-08-20,1850.53,1774.0410781222342
TR-036664,2025-08-20,2405.01,2570.9425526417217
TR-036665,2025-08-20,1585.92,1555.2670850418415
TR-036666,2025-08-20,485.3,569.2065547452898
TR-036667,2025-08-20,1466.89,1460.580609155731
TR-036668,2025-08-20,3732.56,3625.479553383897
TR-036669,2025-08-20,969.07,971.6044953954713
TR-036670,2025-08-20,1597.78,1605.7174882202412
TR-036671,2025-08-20,1033.53,1074.6471855275227
TR-036672,2025-08-20,1007.86,1023.6216612703743
TR-036673,2025-08-20,2015.73,2012.037764556309
TR-036674,2025-08-20,4108.8,4035.22777782542
TR-036675,2025-08-20,2542.56,2501.108646710322
TR-036676,2025-08-20,2090.52,2194.516706526735
TR-036677,2025-08-20,2214.55,2202.4051715746205
TR-036678,2025-08-20,601.12,677.1922318907327
TR-036679,2025-08-20,1374.58,1372.8597797012385
TR-036680,2025-08-20,11839.2,3300.6312978786673
TR-036681,2025-08-20,3288.75,3240.2671068805366
TR-036682,2025-08-20,1945.54,1984.9217789242766
TR-036683,2025-08-20,1951.68,1948.081521970596
TR-036684,2025-08-20,1038.02,1061.1511447905505
TR-036685,2025-08-20,721.78,791.4342945821388
TR-036686,2025-08-20,1436.61,1415.7194257725907
TR-036687,2025-08-20,1764.72,1687.6279157244885
TR-036688,2025-08-20,2089.6,2071.9797845245294
TR-036689,2025-08-20,1890.54,1840.7605045871328
TR-036690,2025-08-20,2105.68,2213.8057134372207
TR-036691,2025-08-20,5533.57,5704.797570753152
TR-036692,2025-08-20,1474.64,1452.325394366263
TR-036693,2025-08-20,3669.47,3797.8186346790503
TR-036694,2025-08-20,2434.45,2490.054884684945
TR-036695,2025-08-20,4408.52,4493.566920179865
TR-036696,2025-08-20,3681.09,3695.870265712062
TR-036697,2025-08-20,3813.32,3679.0318963376003
TR-036698,2025-08-20,3441.2,3495.208206053044
TR-036699,2025-08-20,3826.6,3645.076671628727
TR-036700,2025-08-20,1209.64,1175.1530429472105
TR-036701,2025-08-20,842.96,915.8669293793989
TR-036702,2025-08-20,1325.4,1350.3738577176514
TR-036703,2025-08-20,1785.26,1723.140236826534
TR-036704,2025-08-20,3738.53,3538.6460154788338
TR-036705,2025-08-20,1789.47,1749.3148436754605
TR-036706,2025-08-20,2219.86,2086.8022470181677
TR-036707,2025-08-20,3637.47,3729.1693214018896
TR-036708,2025-08-20,6180.67,6078.927467457184
TR-036709,2025-08-20,4075.64,4232.260972144135
TR-036710,2025-08-20,218.86,462.4012940454195
TR-036711,2025-08-20,2243.05,2418.252426468154
TR-036712,2025-08-20,4382.01,4216.230460099043
TR-036713,2025-08-20,510.82,498.7258133308783
TR-036714,2025-08-20,4325.54,4204.722271477825
TR-036715,2025-08-20,989.96,996.3477004986785
TR-036716,2025-08-20,2755.51,2963.582152270477
TR-036717,2025-08-20,704.44,806.2198820178262
TR-036718,2025-08-20,2691.38,2614.890414083665
TR-036719,2025-08-20,3913.51,3870.724031864761
TR-036720,2025-08-20,1091.2,1121.8542379465503
TR-036721,2025-08-20,3753.75,3670.459831709716
TR-036722,2025-08-20,1375.57,1397.6509779342055
TR-036723,2025-08-20,725.83,742.4486529852006
TR-036724,2025-08-20,1370.4,1344.7314669847262
TR-036725,2025-08-20,956.28,940.0232911250753
TR-036726,2025-08-20,2748.99,2518.225197382006
TR-036727,2025-08-20,4305.07,4279.716420918183
TR-036728,2025-08-20,1285.25,1345.1700646523375
TR-036729,2025-08-20,1712.54,1857.4197146666115
TR-036730,2025-08-20,3234.1,3068.649054646587
TR-036731,2025-08-20,3722.53,3836.4910595992715
TR-036732,2025-08-20,657.03,747.9772788377725
TR-036733,2025-08-20,2707.86,2771.8167620084414
TR-036734,2025-08-20,2152.23,2262.5029776375823
TR-036735,2025-08-20,3067.5,3159.6806923830354
TR-036736,2025-08-20,1009.51,1041.5460321775226
TR-036737,2025-08-20,2068.94,2413.6771859247124
TR-036738,2025-08-20,4399.22,4234.194225893295
TR-036739,2025-08-20,910.13,948.901876272369
TR-036740,2025-08-20,1244.46,1301.0517226991424
TR-036741,2025-08-20,2054.36,2200.1268670928434
TR-036742,2025-08-20,3311.12,3584.214633272196
TR-036743,2025-08-20,3116.25,3283.5083041281614
TR-036744,2025-08-20,972.59,981.7497031714829
TR-036745,2025-08-20,1528.99,1576.1740283164231
TR-036746,2025-08-20,904.99,892.8427456727009
TR-036747,2025-08-20,2681.57,2700.6313634674693
TR-036748,2025-08-20,4782.94,4674.600510864837
TR-036749,2025-08-20,2305.82,2124.8986114758563
TR-036750,2025-08-20,1135.08,1123.1533006025868
TR-036751,2025-08-20,1621.15,1622.726520726535
TR-036752,2025-08-20,2537.55,2502.5644808023167
TR-036753,2025-08-20,1166.11,1164.338752113758
TR-036754,2025-08-20,1535.6,1469.1855748076987
TR-036755,2025-08-20,1724.39,2062.827676392473
TR-036756,2025-08-20,493.53,498.8847076839638
TR-036757,2025-08-20,3778.8,3830.5689721409462
TR-036758,2025-08-20,946.97,989.2392392483537
TR-036759,2025-08-20,1586.05,1541.2841538990106
TR-036760,2025-08-20,588.43,718.3698884362757
TR-036761,2025-08-20,3540.52,3528.6983965821923
TR-036762,2025-08-20,2164.19,2213.004409951618
TR-036763,2025-08-20,4327.83,4235.950732516701
TR-036764,2025-08-20,4999.28,4889.2728597581445
TR-036765,2025-08-20,4525.36,4551.1992830217005
TR-036766,2025-08-20,1804.96,1756.456047277092
TR-036767,2025-08-20,1452.84,1411.6458322528197
TR-036768,2025-08-20,3612.33,3656.7481749310755
TR-036769,2025-08-20,660.26,740.561139509057
TR-036770,2025-08-20,5089.9,5234.3965831995765
TR-036771,2025-08-20,4681.91,4826.527778292124
TR-036772,2025-08-20,989.75,1037.2150736900785
TR-036773,2025-08-20,3808.51,3738.497695876859
TR-036774,2025-08-20,2535.37,2184.56915800849
TR-036775,2025-08-20,2002.27,2100.3102888853036
TR-036776,2025-08-20,1186.24,1218.536600339275
TR-036777,2025-08-20,3466.25,3260.0094796326125
TR-036778,2025-08-21,697.99,799.5031308523617
TR-036779,2025-08-21,2390.25,2664.146493909661
TR-036780,2025-08-21,949.82,982.9604405316613
TR-036781,2025-08-21,2029.95,1961.9384949139098
TR-036782,2025-08-21,1791.15,1754.9865506865112
TR-036783,2025-08-21,1570.09,1568.7751860709075
TR-036784,2025-08-21,2239.63,2325.5508726887956
TR-036785,2025-08-21,1638.23,1592.1600644727037
TR-036786,2025-08-21,990.81,996.5048089707316
TR-036787,2025-08-21,3892.62,3962.3058584967434
TR-036788,2025-08-21,971.16,1019.6006910091494
TR-036789,2025-08-21,1270.17,1331.661244838062
TR-036790,2025-08-21,5285.51,5169.6104101738965
TR-036791,2025-08-21,847.21,907.9768247979105
TR-036792,2025-08-21,5067.94,4885.01612782591
TR-036793,2025-08-21,4868.53,4759.601155700806
TR-036794,2025-08-21,1579.37,1690.0600453115992
TR-036795,2025-08-21,3794.2,3640.6506045717606
TR-036796,2025-08-21,1145.33,1132.32482047428
TR-036797,2025-08-21,1837.01,1976.7259272670913
TR-036798,2025-08-21,748.1,820.936373229556
TR-036799,2025-08-21,1619.03,1754.6379947522737
TR-036800,2025-08-21,2244.95,2284.0515649764634
TR-036801,2025-08-21,2897.26,3053.682260980491
TR-036802,2025-08-21,1933.26,1955.2277823596944
TR-036803,2025-08-21,6445.9,6132.800787090044
TR-036804,2025-08-21,3509.63,3502.968512117524
TR-036805,2025-08-21,881.82,953.9163747067075
TR-036806,2025-08-21,1117.21,1172.890467863594
TR-036807,2025-08-21,884.12,863.8431961023098
TR-036808,2025-08-21,1004.87,1056.4239984340081
TR-036809,2025-08-21,1786.82,1891.7665016621388
TR-036810,2025-08-21,1253.59,1253.1050392593806
TR-036811,2025-08-21,4403.73,4333.83286425159
TR-036812,2025-08-21,767.18,794.143705995149
TR-036813,2025-08-21,3856.7,4090.5144952966016
TR-036814,2025-08-21,1758.47,1858.0528061758102
TR-036815,2025-08-21,2669.68,2873.9746226703833
TR-036816,2025-08-21,1292.01,1263.9725302203192
TR-036817,2025-08-21,3610.69,3682.3580758837293
TR-036818,2025-08-21,1019.65,1126.4632967982457
TR-036819,2025-08-21,333.85,421.28990205206173
TR-036820,2025-08-21,2059.99,2198.9199670282014
TR-036821,2025-08-21,1276.36,1327.340052181928
TR-036822,2025-08-21,4884.31,4560.386583550724
TR-036823,2025-08-21,2222.35,2184.10630466611
TR-036824,2025-08-21,1108.91,1144.393356698304
TR-036825,2025-08-21,3056.51,3113.479269502179
TR-036826,2025-08-21,2399.16,2360.1993910201872
TR-036827,2025-08-21,3246.87,3497.029486033406
TR-036828,2025-08-21,918.93,982.9407564963242
TR-036829,2025-08-21,3712.27,3699.6868168447863
TR-036830,2025-08-21,1929.4,1960.8538688531398
TR-036831,2025-08-21,1986.98,1960.6355708433189
TR-036832,2025-08-21,2160.97,2378.203842806134
TR-036833,2025-08-21,2817.46,2983.1224315522063
TR-036834,2025-08-21,3299.81,3419.2419301449822
TR-036835,2025-08-21,6089.99,6161.180299370726
TR-036836,2025-08-21,2457.42,2312.669935335742
TR-036837,2025-08-21,1202.6,1240.2597518868806
TR-036838,2025-08-21,2550.17,2309.9923332092385
TR-036839,2025-08-21,1642.54,1646.8960417390756
TR-036840,2025-08-21,1239.55,1248.8668680286369
TR-036841,2025-08-21,2014.39,1924.4740803173856
TR-036842,2025-08-21,1775.15,1989.445374868392
TR-036843,2025-08-21,842.84,919.6995232631384
TR-036844,2025-08-21,1736.32,1760.4234675725522
TR-036845,2025-08-21,2515.93,2430.6151898464145
TR-036846,2025-08-21,1714.47,1733.9578072178856
TR-036847,2025-08-21,1150.61,1191.669315621943
TR-036848,2025-08-21,1076.29,1147.9528294445695
TR-036849,2025-08-21,1611.52,1635.1037226464516
TR-036850,2025-08-21,515.58,662.3687772158812
TR-036851,2025-08-21,1628.64,1616.1927490265807
TR-036852,2025-08-21,1712.3,1696.3426274747558
TR-036853,2025-08-21,4457.75,4559.753799953978
TR-036854,2025-08-21,1136.15,1173.8737887255752
TR-036855,2025-08-21,3759.61,3675.377672120533
TR-036856,2025-08-21,3034.0,3222.0744128645074
TR-036857,2025-08-21,2928.26,2957.331274417684
TR-036858,2025-08-21,1902.46,2112.5831943588737
TR-036859,2025-08-21,2817.21,2736.455519807289
TR-036860,2025-08-21,1879.48,1913.8694990491235
TR-036861,2025-08-21,1845.85,1827.435746532178
TR-036862,2025-08-21,2318.82,2517.717113120025
TR-036863,2025-08-21,1856.59,1827.0566143878564
TR-036864,2025-08-21,3400.02,3513.771092950454
TR-036865,2025-08-21,1034.15,1112.4897166913074
TR-036866,2025-08-21,2274.67,2516.5342998379256
TR-036867,2025-08-21,3866.5,3794.8903926858957
TR-036868,2025-08-21,550.87,627.8966185604793
TR-036869,2025-08-21,2077.94,2150.2043322086856
TR-036870,2025-08-21,1560.6,1523.3667820304606
TR-036871,2025-08-21,506.1,617.1336546361374
TR-036872,2025-08-21,4790.81,5067.428090099957
TR-036873,2025-08-21,1957.68,1892.8936173129023
TR-036874,2025-08-21,3303.46,3408.8263458369756
TR-036875,2025-08-21,2290.55,2158.340665385261
TR-036876,2025-08-21,1119.74,1145.8112910241352
TR-036877,2025-08-21,1889.92,1961.3846302675167
TR-036878,2025-08-21,1867.94,1779.2111781847962
TR-036879,2025-08-21,1640.97,1583.1716639978063
TR-036880,2025-08-21,1284.06,1367.3292695047878
TR-036881,2025-08-21,1440.59,1450.4302573328416
TR-036882,2025-08-21,5418.53,5381.865591867882
TR-036883,2025-08-21,2669.51,2716.8641759922166
TR-036884,2025-08-21,2243.76,2252.9224568709183
TR-036885,2025-08-21,3686.52,3743.357536184544
TR-036886,2025-08-21,3291.83,3628.108036860792
TR-036887,2025-08-21,2216.2,2356.7879901213646
TR-036888,2025-08-21,316.32,417.14094580603546
TR-036889,2025-08-21,4229.19,4123.779168721901
TR-036890,2025-08-21,916.1,988.8588440965382
TR-036891,2025-08-21,4069.8,4067.865340569049
TR-036892,2025-08-21,3132.63,3099.9871638747927
TR-036893,2025-08-21,1151.52,1097.476864041459
TR-036894,2025-08-21,3740.47,3819.4044880657384
TR-036895,2025-08-21,1761.83,1687.7121416060893
TR-036896,2025-08-21,227.45,450.3197793656632
TR-036897,2025-08-21,3116.42,3240.564661928757
TR-036898,2025-08-21,3538.11,3612.154308622009
TR-036899,2025-08-21,1396.51,1394.2879678643958
TR-036900,2025-08-21,1891.09,1849.8337536187378
TR-036901,2025-08-21,679.82,752.3149487019732
TR-036902,2025-08-21,1090.2,1080.7812751650533
TR-036903,2025-08-21,3525.78,3583.2121253118175
TR-036904,2025-08-21,3345.13,3457.452236208791
TR-036905,2025-08-21,3381.17,3582.2746129056513
TR-036906,2025-08-21,5342.18,5192.567369067201
TR-036907,2025-08-21,4353.98,4354.987847360047
TR-036908,2025-08-21,578.24,690.3449768102548
TR-036909,2025-08-21,1648.21,1695.815675538428
TR-036910,2025-08-21,526.23,572.6579781051432
TR-036911,2025-08-21,2766.38,2828.6117629824926
TR-036912,2025-08-21,2474.42,2218.9367811077063
TR-036913,2025-08-21,3814.88,3874.260966833808
TR-036914,2025-08-21,1161.68,1197.9698210454785
TR-036915,2025-08-21,2231.31,2349.4361200059325
TR-036916,2025-08-21,2401.98,2408.59128060569
TR-036917,2025-08-21,2888.44,2960.951025325111
TR-036918,2025-08-21,1856.3,1801.511708834953
TR-036919,2025-08-21,2593.53,2856.678073518021
TR-036920,2025-08-21,2925.55,3301.3042918235597
TR-036921,2025-08-21,1272.48,1272.1595051910099
TR-036922,2025-08-21,648.07,728.2992390503161
TR-036923,2025-08-21,5258.82,5391.291457397683
TR-036924,2025-08-21,249.52,812.626194351923
TR-036925,2025-08-21,2773.08,2797.015906513275
TR-036926,2025-08-21,2780.93,3030.3795460334522
TR-036927,2025-08-21,4470.46,4468.059974201175
TR-036928,2025-08-21,2415.52,2753.174463882421
TR-036929,2025-08-21,2272.12,2250.4412168559165
TR-036930,2025-08-21,14362.88,3529.6095837798066
TR-036931,2025-08-21,2555.97,2484.719357671752
TR-036932,2025-08-21,5076.78,5300.1604582911605
TR-036933,2025-08-21,3778.41,3670.2856692324804
TR-036934,2025-08-21,3556.83,3547.3537747926903
TR-036935,2025-08-21,935.62,1029.148315418327
TR-036936,2025-08-21,1011.03,1061.7520240576864
TR-036937,2025-08-21,1645.78,1661.5037160134978
TR-036938,2025-08-21,4947.36,5014.511359704626
TR-036939,2025-08-21,1275.31,1290.1122411076974
TR-036940,2025-08-21,4222.13,4286.420329116573
TR-036941,2025-08-21,3501.53,3696.0605963624885
TR-036942,2025-08-21,2180.5,2296.131868763003
TR-036943,2025-08-22,1029.15,1032.95655773409
TR-036944,2025-08-22,1334.05,1343.807556310574
TR-036945,2025-08-22,1525.93,1535.3033998353021
TR-036946,2025-08-22,348.27,483.73333029270225
TR-036947,2025-08-22,954.67,1038.9709797566177
TR-036948,2025-08-22,1958.51,2172.4707679726757
TR-036949,2025-08-22,5154.03,4988.663766461076
TR-036950,2025-08-22,842.65,859.6230919233763
TR-036951,2025-08-22,3665.34,3630.358006176695
TR-036952,2025-08-22,1946.35,1973.2878015906856
TR-036953,2025-08-22,664.28,1859.918380854762
TR-036954,2025-08-22,4097.41,4278.976175641652
TR-036955,2025-08-22,1537.52,1553.0332819475248
TR-036956,2025-08-22,3218.08,3318.569686063908
TR-036957,2025-08-22,2701.36,2730.4428683532124
TR-036958,2025-08-22,573.81,607.3887820085417
TR-036959,2025-08-22,1697.95,1778.896888488601
TR-036960,2025-08-22,695.52,762.5432320446546
TR-036961,2025-08-22,1109.67,3549.117827636648
TR-036962,2025-08-22,4321.15,4216.06129498106
TR-036963,2025-08-22,5249.85,5285.831050911742
TR-036964,2025-08-22,1866.21,1885.7191665499101
TR-036965,2025-08-22,2688.22,2616.3568256173244
TR-036966,2025-08-22,1306.2,1292.0190197988081
TR-036967,2025-08-22,2127.18,2154.891828984503
TR-036968,2025-08-22,1962.15,1937.4436178430108
TR-036969,2025-08-22,1022.31,1043.5009527037837
TR-036970,2025-08-22,3930.77,4041.379926787914
TR-036971,2025-08-22,2197.33,2308.879719410396
TR-036972,2025-08-22,239.63,456.6690872948823
TR-036973,2025-08-22,946.18,919.2250571968875
TR-036974,2025-08-22,2460.35,2547.738184736859
TR-036975,2025-08-22,5255.27,5179.962085737836
TR-036976,2025-08-22,4195.1,4124.500800139883
TR-036977,2025-08-22,1262.86,1280.143588174949
TR-036978,2025-08-22,1053.46,1104.15871544215
TR-036979,2025-08-22,1241.93,1304.3387182310516
TR-036980,2025-08-22,4522.51,4517.537614634237
TR-036981,2025-08-22,3349.09,3451.493817909945
TR-036982,2025-08-22,526.72,634.4507080948952
TR-036983,2025-08-22,4815.5,5018.570823696395
TR-036984,2025-08-22,3303.55,3413.110177751252
TR-036985,2025-08-22,3635.08,3320.5071144354233
TR-036986,2025-08-22,1863.97,1758.8542713285774
TR-036987,2025-08-22,1871.41,1818.3709275433962
TR-036988,2025-08-22,1547.77,1535.6453357424148
TR-036989,2025-08-22,666.16,661.1088392179724
TR-036990,2025-08-22,2285.14,2263.7127120065825
TR-036991,2025-08-22,1405.65,1448.693235926034
TR-036992,2025-08-22,754.23,823.5568285659674
TR-036993,2025-08-22,3060.21,3131.5093249883657
TR-036994,2025-08-22,1216.75,1220.2584224324282
TR-036995,2025-08-22,2960.5,3071.20600689898
TR-036996,2025-08-22,1947.58,2071.792461152096
TR-036997,2025-08-22,1676.59,1654.6595027729986
TR-036998,2025-08-22,1857.57,1841.0586680676345
TR-036999,2025-08-22,2961.48,3011.1407283820045
TR-037000,2025-08-22,2064.48,2055.5626186397085
TR-037001,2025-08-22,2454.6,2444.739300490782
TR-037002,2025-08-22,2147.36,2209.1176057546377
TR-037003,2025-08-22,1343.79,1372.0193955120585
TR-037004,2025-08-22,1784.4,1702.4052762174917
TR-037005,2025-08-22,1785.93,1891.55953622223
TR-037006,2025-08-22,1400.87,1414.0126404038233
TR-037007,2025-08-22,5043.72,4868.9886334371095
TR-037008,2025-08-22,4386.83,4218.52619567112
TR-037009,2025-08-22,1935.05,1887.019369003042
TR-037010,2025-08-22,1328.92,1347.521669633501
TR-037011,2025-08-22,1021.56,1055.1459286333793
TR-037012,2025-08-22,3409.39,3353.9314762036915
TR-037013,2025-08-22,2999.84,3072.2300168951588
TR-037014,2025-08-22,1611.21,1620.0192019686283
TR-037015,2025-08-22,855.73,934.1799052055208
TR-037016,2025-08-22,2162.53,2175.224683389112
TR-037017,2025-08-22,3853.5,3795.8542102888027
TR-037018,2025-08-22,709.62,789.8703268622535
TR-037019,2025-08-22,1572.54,1559.2574866408672
TR-037020,2025-08-22,2631.26,2518.9823575955097
TR-037021,2025-08-22,4036.45,3952.9143905560436
TR-037022,2025-08-22,3321.75,3525.517582327777
TR-037023,2025-08-22,679.98,729.5972597516204
TR-037024,2025-08-22,1002.94,1009.2112419006701
TR-037025,2025-08-22,3095.69,3053.985778853614
TR-037026,2025-08-22,2806.91,2847.995189744788
TR-037027,2025-08-22,5454.33,5474.140757343599
TR-037028,2025-08-22,4504.06,4299.126183407761
TR-037029,2025-08-22,1004.1,998.9209538444669
TR-037030,2025-08-22,1573.25,1563.1904202965554
TR-037031,2025-08-22,3219.57,3293.7972104275195
TR-037032,2025-08-22,2652.04,2476.412133712497
TR-037033,2025-08-22,1680.37,1670.34035191714
TR-037034,2025-08-22,3740.15,3963.728208186146
TR-037035,2025-08-22,5376.34,5375.770441418798
TR-037036,2025-08-22,1506.92,1513.0049781164905
TR-037037,2025-08-22,4308.01,4264.625893338634
TR-037038,2025-08-22,1879.92,1866.4939616438608
TR-037039,2025-08-22,1318.97,1332.8923680201387
TR-037040,2025-08-22,707.9,737.3058399744527
TR-037041,2025-08-22,2404.88,2400.473313005269
TR-037042,2025-08-22,1524.89,1605.5615768158088
TR-037043,2025-08-22,2476.08,2505.100504163939
TR-037044,2025-08-22,1382.58,1318.931207944948
TR-037045,2025-08-22,1765.69,1916.6891853745465
TR-037046,2025-08-22,1305.11,1313.0749155719225
TR-037047,2025-08-22,4092.43,3949.231815003041
TR-037048,2025-08-22,607.66,756.908178510633
TR-037049,2025-08-22,1649.33,1560.2030048868878
TR-037050,2025-08-22,5347.7,5445.252192459131
TR-037051,2025-08-22,1765.59,1705.1248423977604
TR-037052,2025-08-22,2048.33,1991.3150896468367
TR-037053,2025-08-22,2025.53,2063.3176858199163
TR-037054,2025-08-22,4752.73,4818.367091027634
TR-037055,2025-08-22,1782.3,1720.7599939981105
TR-037056,2025-08-22,2333.46,2414.148148557809
TR-037057,2025-08-22,862.5,866.2933727154136
TR-037058,2025-08-22,6036.06,5950.368746913769
TR-037059,2025-08-22,1218.12,1293.816971245327
TR-037060,2025-08-22,445.02,547.8422766139583
TR-037061,2025-08-22,947.41,977.6599504576641
TR-037062,2025-08-22,460.11,588.1126213894947
TR-037063,2025-08-22,5754.79,5599.258517193675
TR-037064,2025-08-22,2154.21,2235.47447698382
TR-037065,2025-08-22,2438.81,2560.16656544611
TR-037066,2025-08-22,3197.26,3361.6142524231764
TR-037067,2025-08-22,5150.15,5141.608521473366
TR-037068,2025-08-22,2655.51,2339.44038454257
TR-037069,2025-08-22,958.7,953.745981584206
TR-037070,2025-08-22,3207.35,3299.4323332393387
TR-037071,2025-08-22,1741.96,1698.774592330726
TR-037072,2025-08-22,2491.35,2733.6131173874483
TR-037073,2025-08-22,1015.7,1075.4776375619113
TR-037074,2025-08-22,3837.73,3951.4325111222447
TR-037075,2025-08-22,440.22,563.8124755591355
TR-037076,2025-08-23,4926.52,4916.412530765251
TR-037077,2025-08-23,2243.56,2127.3168827334744
TR-037078,2025-08-23,1403.99,1553.4095866576677
TR-037079,2025-08-23,758.3,878.0156951611709
TR-037080,2025-08-23,5422.12,5238.200673030301
TR-037081,2025-08-23,3864.3,4053.009665637098
TR-037082,2025-08-23,2355.88,2337.313625724756
TR-037083,2025-08-23,4208.52,4541.840515681342
TR-037084,2025-08-23,876.19,931.2924822336629
TR-037085,2025-08-23,680.26,724.9851103863477
TR-037086,2025-08-23,1540.43,1556.2507314088875
TR-037087,2025-08-23,2336.74,2497.5883963951824
TR-037088,2025-08-23,3525.59,3745.5440414906134
TR-037089,2025-08-23,3444.13,3659.656394198394
TR-037090,2025-08-23,1364.33,1417.0868192525177
TR-037091,2025-08-23,3290.93,3381.4374222690444
TR-037092,2025-08-23,2906.55,3100.667403520404
TR-037093,2025-08-23,1712.77,1649.7804075500278
TR-037094,2025-08-23,1885.57,1946.021945507483
TR-037095,2025-08-23,2926.84,2782.270898302698
TR-037096,2025-08-23,1670.48,1652.8164575066469
TR-037097,2025-08-23,4443.39,4323.4833068589105
TR-037098,2025-08-23,2889.83,3120.9967767623057
TR-037099,2025-08-23,2091.31,2244.8633401165903
TR-037100,2025-08-23,4058.8,3761.336404551944
TR-037101,2025-08-23,3483.18,3566.315850003379
TR-037102,2025-08-23,2376.56,2341.613784765814
TR-037103,2025-08-23,1290.75,1319.6149925878285
TR-037104,2025-08-23,2556.88,2644.1619277344957
TR-037105,2025-08-23,1196.96,1201.3115074615594
TR-037106,2025-08-23,692.62,711.5555632023015
TR-037107,2025-08-23,2441.75,2114.596637958587
TR-037108,2025-08-23,2519.17,2820.3617098840687
TR-037109,2025-08-23,934.38,1017.2494860806438
TR-037110,2025-08-23,3935.77,4047.8973955146066
TR-037111,2025-08-23,3257.83,3045.5467866384206
TR-037112,2025-08-23,3184.54,3169.386312217123
TR-037113,2025-08-23,4835.13,4849.581595713906
TR-037114,2025-08-23,1780.64,1707.4834469657371
TR-037115,2025-08-23,1139.21,1142.8914909272312
TR-037116,2025-08-23,4088.62,4311.064689372671
TR-037117,2025-08-23,1381.48,1413.669830162753
TR-037118,2025-08-23,1249.48,1291.6556610702955
TR-037119,2025-08-23,4499.44,4343.449677218726
TR-037120,2025-08-23,1892.08,1861.8998813015996
TR-037121,2025-08-23,3369.7,3383.7454500241847
TR-037122,2025-08-23,723.37,854.1368494557564
TR-037123,2025-08-23,3188.75,3299.1420859004083
TR-037124,2025-08-23,1866.9,1923.8111165076339
TR-037125,2025-08-23,725.06,763.7445450455416
TR-037126,2025-08-23,1077.88,1069.6409892239953
TR-037127,2025-08-23,5864.87,5505.406371033943
TR-037128,2025-08-23,1366.32,1379.0205890498933
TR-037129,2025-08-23,1851.36,2004.1660631232844
TR-037130,2025-08-23,2880.2,2893.266216210882
TR-037131,2025-08-23,3638.89,3863.926835534494
TR-037132,2025-08-23,2111.16,2313.2179388680765
TR-037133,2025-08-23,1641.34,1673.9695091594124
TR-037134,2025-08-23,1625.2,1599.5353373275252
TR-037135,2025-08-23,3460.44,3532.977842332397
TR-037136,2025-08-23,736.46,783.8531553685707
TR-037137,2025-08-23,3151.74,2831.9253824059206
TR-037138,2025-08-23,1956.23,1942.130062183513
TR-037139,2025-08-23,810.86,921.9155181976676
TR-037140,2025-08-23,1318.15,1310.647851618949
TR-037141,2025-08-23,5267.91,5117.968292508233
TR-037142,2025-08-23,3878.02,4017.4615168184446
TR-037143,2025-08-23,1310.97,1289.0509050654423
TR-037144,2025-08-23,2049.1,2491.7751651879735
TR-037145,2025-08-23,1656.94,1549.224523472536
TR-037146,2025-08-23,1101.21,1100.7089105715854
TR-037147,2025-08-23,5110.7,5100.243674436127
TR-037148,2025-08-23,1363.09,1329.8711319922404
TR-037149,2025-08-23,4900.82,4942.859349626839
TR-037150,2025-08-23,5360.53,5580.442967199318
TR-037151,2025-08-23,723.28,842.2483964849623
TR-037152,2025-08-23,1486.62,1498.7814393588583
TR-037153,2025-08-23,953.04,955.1741917037771
TR-037154,2025-08-23,1516.82,1524.9806991872038
TR-037155,2025-08-23,3723.95,3741.119855189402
TR-037156,2025-08-23,5328.33,5488.338498881643
TR-037157,2025-08-23,1210.95,1300.8279092515734
TR-037158,2025-08-23,3061.05,3111.6794985080624
TR-037159,2025-08-23,1473.63,1499.1083304224544
TR-037160,2025-08-23,901.03,881.6255252620833
TR-037161,2025-08-23,2549.6,2305.5302051506887
TR-037162,2025-08-23,4575.83,4547.00813717265
TR-037163,2025-08-23,4779.29,4880.83094476511
TR-037164,2025-08-23,1496.84,1621.0717585040984
TR-037165,2025-08-23,2721.41,2895.1825373353986
TR-037166,2025-08-23,4364.43,4379.842532066493
TR-037167,2025-08-23,1215.08,1235.5026460484564
TR-037168,2025-08-23,1303.3,1278.2559872671377
TR-037169,2025-08-23,2517.13,2521.2342142364187
TR-037170,2025-08-23,1874.15,1916.2047115579685
TR-037171,2025-08-23,1199.57,1160.410553902153
TR-037172,2025-08-23,1789.85,1853.4184039525303
TR-037173,2025-08-23,1416.31,1438.4637679252673
TR-037174,2025-08-23,11981.0,2780.729618697184
TR-037175,2025-08-23,5002.47,5015.26007962354
TR-037176,2025-08-23,5160.6,5334.2353676069815
TR-037177,2025-08-23,885.63,938.7614684828789
TR-037178,2025-08-23,1324.98,1335.8569056723222
TR-037179,2025-08-23,4140.5,4220.461101966327
TR-037180,2025-08-23,2260.55,2157.640547530937
TR-037181,2025-08-23,4415.77,4407.658463084581
TR-037182,2025-08-23,1231.15,1255.5445142426074
TR-037183,2025-08-23,1697.97,1688.510070360525
TR-037184,2025-08-23,218.9,492.3657094885625
TR-037185,2025-08-23,1743.3,1744.9994799582776
TR-037186,2025-08-23,4165.97,4353.158366013351
TR-037187,2025-08-23,2685.36,2740.7178815389893
TR-037188,2025-08-23,3482.37,3619.4530687138495
TR-037189,2025-08-23,1633.05,1591.9955733951424
TR-037190,2025-08-23,2125.42,2243.817194729883
TR-037191,2025-08-23,4179.22,4279.984436930169
TR-037192,2025-08-23,1566.73,1545.1870929452687
TR-037193,2025-08-23,975.11,978.2601175864017
TR-037194,2025-08-23,2326.77,2197.980594883995
TR-037195,2025-08-23,4032.25,4079.70016791291
TR-037196,2025-08-23,1121.81,1188.5374971740512
TR-037197,2025-08-23,2181.88,2178.5269512273308
TR-037198,2025-08-23,2853.66,2918.717803263192
TR-037199,2025-08-23,2683.95,2775.1251564972436
TR-037200,2025-08-23,3852.12,3802.1478002263357
TR-037201,2025-08-23,494.37,1663.1272670251
TR-037202,2025-08-23,2113.74,2320.5324407637318
TR-037203,2025-08-23,1101.03,1139.9924742530484
TR-037204,2025-08-23,2792.02,3155.9370803411953
TR-037205,2025-08-23,3303.78,3499.9740725374795
TR-037206,2025-08-23,1006.46,1014.1193594101222
TR-037207,2025-08-23,1403.05,1398.1530842036063
TR-037208,2025-08-23,3642.59,3729.0001124451283
TR-037209,2025-08-23,3282.53,3566.5266166225083
TR-037210,2025-08-23,1815.02,1823.7860216420381
TR-037211,2025-08-23,2267.3,2496.693912696974
TR-037212,2025-08-23,889.93,896.8507052651639
TR-037213,2025-08-23,542.39,659.0386764219695
TR-037214,2025-08-23,1702.34,1633.6813749739222
TR-037215,2025-08-23,3111.47,3169.7225682719227
TR-037216,2025-08-23,1704.0,1715.904992875197
TR-037217,2025-08-23,1724.25,1807.6269341121556
TR-037218,2025-08-23,1671.16,1633.4393766351184
TR-037219,2025-08-23,713.05,818.4334878687539
TR-037220,2025-08-23,3469.59,3489.4768823300255
TR-037221,2025-08-23,2537.24,2144.3683134307344
TR-037222,2025-08-23,3286.22,3491.1620836223938
TR-037223,2025-08-23,2369.52,2408.6630346465176
TR-037224,2025-08-23,3002.99,3226.6990246808746
TR-037225,2025-08-23,2073.2,1993.2379526529176
TR-037226,2025-08-23,2112.13,2302.772356761716
TR-037227,2025-08-23,1125.28,1140.1968407017703
TR-037228,2025-08-23,1468.95,1517.61850344706
TR-037229,2025-08-23,995.3,1020.6045848401363
TR-037230,2025-08-23,838.07,933.546393461234
TR-037231,2025-08-23,567.49,648.9591256734916
TR-037232,2025-08-23,1992.45,1832.3664288111086
TR-037233,2025-08-23,918.74,945.3664263056287
TR-037234,2025-08-23,2662.69,743.8405813467382
TR-037235,2025-08-24,1919.73,2127.6989081575966
TR-037236,2025-08-24,1929.14,2078.997481205892
TR-037237,2025-08-24,1721.44,1691.916396915034
TR-037238,2025-08-24,3997.77,4053.5059111054425
TR-037239,2025-08-24,1538.17,1483.584546896714
TR-037240,2025-08-24,935.47,933.3610002809551
TR-037241,2025-08-24,3683.01,4055.652082071853
TR-037242,2025-08-24,4757.86,5157.896986700214
TR-037243,2025-08-24,2077.63,2217.330009468794
TR-037244,2025-08-24,622.91,718.0648695281557
TR-037245,2025-08-24,3315.62,3270.192653162271
TR-037246,2025-08-24,5060.31,4992.624720066011
TR-037247,2025-08-24,2428.63,2245.2503836303863
TR-037248,2025-08-24,1041.67,1043.2689280017714
TR-037249,2025-08-24,1498.19,1526.1692603881083
TR-037250,2025-08-24,4630.16,4558.568550659822
TR-037251,2025-08-24,1109.63,1163.782833418933
TR-037252,2025-08-24,459.39,625.961981628195
TR-037253,2025-08-24,2897.07,2934.581804375086
TR-037254,2025-08-24,2296.82,2176.5260412603757
TR-037255,2025-08-24,3009.15,3033.210480122405
TR-037256,2025-08-24,3421.87,3643.3437298121953
TR-037257,2025-08-24,2409.45,2480.8977561154716
TR-037258,2025-08-24,4695.99,4794.913500428643
TR-037259,2025-08-24,947.31,1014.2701287596652
TR-037260,2025-08-24,1006.34,1104.3166414964958
TR-037261,2025-08-24,4110.03,4187.607392961216
TR-037262,2025-08-24,922.96,1004.7650287469102
TR-037263,2025-08-24,726.92,761.097232345257
TR-037264,2025-08-24,2773.9,2959.3566681219627
TR-037265,2025-08-24,1541.65,1512.7865176454227
TR-037266,2025-08-24,2215.4,2032.4097961597192
TR-037267,2025-08-24,4531.67,4537.551640061105
TR-037268,2025-08-24,3618.48,3960.97928786704
TR-037269,2025-08-24,3500.98,3588.442213922988
TR-037270,2025-08-24,1170.1,1196.7609850084564
TR-037271,2025-08-24,2317.13,2497.349901937994
TR-037272,2025-08-24,1101.68,1159.278035205051
TR-037273,2025-08-24,873.25,955.1799166791182
TR-037274,2025-08-24,321.32,537.7009207714887
TR-037275,2025-08-24,1629.18,1610.5872347642355
TR-037276,2025-08-24,5138.3,5177.500442307581
TR-037277,2025-08-24,3513.12,3633.2119004359415
TR-037278,2025-08-24,1986.79,1954.0836905509154
TR-037279,2025-08-24,740.97,864.3299217418614
TR-037280,2025-08-24,1706.19,1722.082370008326
TR-037281,2025-08-24,2191.06,2258.406478400011
TR-037282,2025-08-24,3617.33,3707.5690360845847
TR-037283,2025-08-24,1198.94,1242.2754113804835
TR-037284,2025-08-24,2581.04,2696.415262867466
TR-037285,2025-08-24,1306.66,1309.2564164591638
TR-037286,2025-08-24,2053.79,1910.9742427334734
TR-037287,2025-08-24,3788.44,3764.287286019981
TR-037288,2025-08-24,4348.94,4402.325600529857
TR-037289,2025-08-24,1763.23,1723.5647874166493
TR-037290,2025-08-24,1802.36,1872.3009128603883
TR-037291,2025-08-24,1871.34,1903.4914725173683
TR-037292,2025-08-24,3761.88,3792.4585685967972
TR-037293,2025-08-24,306.45,431.4630612755634
TR-037294,2025-08-24,2457.2,2875.9204401909456
TR-037295,2025-08-24,1299.89,1352.6834046528475
TR-037296,2025-08-24,2062.13,2027.7176737771704
TR-037297,2025-08-24,1692.16,1803.3215394072638
TR-037298,2025-08-24,2069.21,2003.151153220667
TR-037299,2025-08-24,583.78,690.9375193267135
TR-037300,2025-08-24,1835.49,1906.5306654653552
TR-037301,2025-08-24,3514.88,3678.709840138261
TR-037302,2025-08-24,2025.32,1965.715421360014
TR-037303,2025-08-24,1106.82,1167.6882691190785
TR-037304,2025-08-24,3327.79,3518.310347741388
TR-037305,2025-08-24,1686.27,1751.0362524823195
TR-037306,2025-08-24,3685.39,3829.298511360991
TR-037307,2025-08-24,1582.29,1635.214084330334
TR-037308,2025-08-24,2418.25,2535.6816906820595
TR-037309,2025-08-24,2154.85,2348.6075782479884
TR-037310,2025-08-24,1208.83,1213.1538860018431
TR-037311,2025-08-24,2852.17,2987.895610356205
TR-037312,2025-08-24,2262.34,2373.0339933192586
TR-037313,2025-08-24,2692.43,2788.376824477311
TR-037314,2025-08-24,509.3,1493.3488189373431
TR-037315,2025-08-24,869.6,900.9833319265401
TR-037316,2025-08-24,1829.88,1837.9934718991785
TR-037317,2025-08-24,2135.95,2207.35149017055
TR-037318,2025-08-24,2201.68,2186.5005207862587
TR-037319,2025-08-24,525.2,594.127036205671
TR-037320,2025-08-24,1756.81,1852.209870723042
TR-037321,2025-08-24,2611.16,2646.5726726754906
TR-037322,2025-08-24,4381.12,4540.594333404729
TR-037323,2025-08-24,2271.6,2593.9376341917146
TR-037324,2025-08-24,1734.72,1736.0301634336226
TR-037325,2025-08-24,2355.02,2452.798777020079
TR-037326,2025-08-24,666.39,763.0192307420259
TR-037327,2025-08-24,4233.89,4218.014426117809
TR-037328,2025-08-24,3684.57,3865.5865259709985
TR-037329,2025-08-24,1481.86,1462.424944684097
TR-037330,2025-08-24,3854.48,4070.284075911251
TR-037331,2025-08-24,5577.31,5355.3651092052805
TR-037332,2025-08-24,1279.34,1313.5771467476236
TR-037333,2025-08-24,2425.34,2289.725834965873
TR-037334,2025-08-24,1493.17,1547.348214675601
TR-037335,2025-08-24,2670.46,2693.020871317068
TR-037336,2025-08-24,2192.56,2506.905206410843
TR-037337,2025-08-24,1167.75,1227.913627581293
TR-037338,2025-08-24,1401.41,1427.654481345241
TR-037339,2025-08-24,2028.25,2275.0189051197713
TR-037340,2025-08-24,2173.53,2527.952108871144
TR-037341,2025-08-24,1338.42,1334.9520248899157
TR-037342,2025-08-24,2593.02,2582.3049199250727
TR-037343,2025-08-24,4711.71,4861.829883769974
TR-037344,2025-08-24,1778.92,1736.9906397427571
TR-037345,2025-08-24,2697.42,2836.8721751960616
TR-037346,2025-08-24,2236.9,2438.7783383839947
TR-037347,2025-08-24,787.78,867.5104193796892
TR-037348,2025-08-24,3938.05,4125.773497909751
TR-037349,2025-08-24,1590.46,1686.1890111465236
TR-037350,2025-08-24,1569.15,1582.4256400598815
TR-037351,2025-08-24,1665.73,1756.0534626522633
TR-037352,2025-08-24,1008.38,1063.2052627803703
TR-037353,2025-08-24,3269.5,3299.562631528469
TR-037354,2025-08-24,3273.33,3310.8725051070196
TR-037355,2025-08-24,872.46,898.6230177896548
TR-037356,2025-08-24,1590.15,1587.632511158604
TR-037357,2025-08-24,3267.86,3347.423289516869
TR-037358,2025-08-24,2927.7,2978.4464548237665
TR-037359,2025-08-24,3117.03,3196.2496119026937
TR-037360,2025-08-24,880.37,931.1302489868494
TR-037361,2025-08-24,1858.87,1883.4296460893831
TR-037362,2025-08-24,2437.64,963.5544790608933
TR-037363,2025-08-24,432.79,598.4991163511779
TR-037364,2025-08-24,3581.09,3673.0995658652582
TR-037365,2025-08-24,807.14,819.5343647596017
TR-037366,2025-08-24,1300.28,1298.9849590884533
TR-037367,2025-08-24,2405.38,2588.522942234584
TR-037368,2025-08-24,1718.36,1841.0556388597424
TR-037369,2025-08-24,1881.99,1785.7789369400084
TR-037370,2025-08-24,880.86,950.2415700083643
TR-037371,2025-08-24,442.88,545.157305899621
TR-037372,2025-08-24,2276.79,2355.4844341358294
TR-037373,2025-08-24,2054.57,2166.6952706553448
TR-037374,2025-08-24,2247.08,2145.3071045021616
TR-037375,2025-08-24,2294.2,2444.5915714382772
TR-037376,2025-08-24,1366.08,1313.1809649058316
TR-037377,2025-08-24,2593.96,2538.611470306557
TR-037378,2025-08-24,738.04,851.2826643221993
TR-037379,2025-08-24,2567.17,2639.688564206617
TR-037380,2025-08-24,1093.46,1111.4032141309262
TR-037381,2025-08-24,3343.32,3425.393742576681
TR-037382,2025-08-24,1895.76,1921.3686160808368
TR-037383,2025-08-24,3927.86,3946.06232599961
TR-037384,2025-08-24,1108.77,1117.2538734359928
TR-037385,2025-08-24,3090.61,3147.0278383548302
TR-037386,2025-08-24,3118.45,3173.3627579336
TR-037387,2025-08-24,928.46,950.0458909763577
TR-037388,2025-08-24,2422.87,2587.3529377818936
TR-037389,2025-08-24,1022.55,1068.4335631775812
TR-037390,2025-08-24,2481.43,2639.487234105678
TR-037391,2025-08-24,1102.93,1161.5532020199335
TR-037392,2025-08-24,894.95,937.8497315178145
TR-037393,2025-08-24,1054.43,1095.4009183014728
TR-037394,2025-08-24,2567.52,2782.553122636233
TR-037395,2025-08-25,2796.73,2865.993954535335
TR-037396,2025-08-25,1661.97,1728.2407598523628
TR-037397,2025-08-25,308.52,465.2427080949542
TR-037398,2025-08-25,3398.73,3549.9302559695334
TR-037399,2025-08-25,1453.09,1497.2517920086136
TR-037400,2025-08-25,4567.92,4627.490675341628
TR-037401,2025-08-25,1480.31,1492.1106749714017
TR-037402,2025-08-25,3089.86,3242.1494500974695
TR-037403,2025-08-25,1207.44,1243.8027693716572
TR-037404,2025-08-25,1354.88,1323.532591866719
TR-037405,2025-08-25,2525.06,2615.374474521477
TR-037406,2025-08-25,5126.65,5425.3977496199805
TR-037407,2025-08-25,2566.58,2698.7784986906827
TR-037408,2025-08-25,928.81,907.6453442101486
TR-037409,2025-08-25,1745.66,2004.772202188398
TR-037410,2025-08-25,2645.67,2713.9023073933495
TR-037411,2025-08-25,2631.63,2726.1835904056525
TR-037412,2025-08-25,1576.43,1769.3862131998885
TR-037413,2025-08-25,1434.51,1444.5416867458453
TR-037414,2025-08-25,1575.57,1530.0810638004305
TR-037415,2025-08-25,4595.87,4794.776885835523
TR-037416,2025-08-25,4488.99,4555.470980876065
TR-037417,2025-08-25,2925.43,3321.56117221174
TR-037418,2025-08-25,2103.7,2006.9209880038877
TR-037419,2025-08-25,631.25,762.753031694152
TR-037420,2025-08-25,4753.96,4715.48528824526
TR-037421,2025-08-25,1310.54,1308.7516903524474
TR-037422,2025-08-25,2495.39,2499.0051500875097
TR-037423,2025-08-25,1761.46,1764.7870042473003
TR-037424,2025-08-25,950.57,1017.8054785214636
TR-037425,2025-08-25,1820.93,1826.2555352352815
TR-037426,2025-08-25,6450.5,6207.406878181837
TR-037427,2025-08-25,633.84,3089.063057898288
TR-037428,2025-08-25,1626.05,1610.4614941136206
TR-037429,2025-08-25,1537.62,1529.4874953195267
TR-037430,2025-08-25,2450.5,2496.653946390958
TR-037431,2025-08-25,3075.6,3180.494933278152
TR-037432,2025-08-25,2575.39,2327.5254032390103
TR-037433,2025-08-25,3800.27,3657.962075646175
TR-037434,2025-08-25,1415.27,1420.3959092897446
TR-037435,2025-08-25,3286.5,3419.9598793987225
TR-037436,2025-08-25,1998.34,2055.3724961254934
TR-037437,2025-08-25,1356.23,1360.704714196666
TR-037438,2025-08-25,3895.33,4007.37120810737
TR-037439,2025-08-25,3885.01,3857.721776628827
TR-037440,2025-08-25,2790.28,2737.46825433191
TR-037441,2025-08-25,3384.09,3418.1454832859613
TR-037442,2025-08-25,2734.43,2616.7333005942414
TR-037443,2025-08-25,4507.79,4665.78237594629
TR-037444,2025-08-25,2277.19,2128.2753435198515
TR-037445,2025-08-25,1768.34,1877.4626513666071
TR-037446,2025-08-25,3578.75,3823.7493612858043
TR-037447,2025-08-25,4142.32,4240.125659321118
TR-037448,2025-08-25,321.01,495.9806657294787
TR-037449,2025-08-25,999.69,1081.3552535520073
TR-037450,2025-08-25,5201.7,5467.090303479499
TR-037451,2025-08-25,1682.14,1746.5729508047639
TR-037452,2025-08-25,1058.57,1063.364735002413
TR-037453,2025-08-25,1336.47,1327.9338751271248
TR-037454,2025-08-25,2925.47,2681.125566484207
TR-037455,2025-08-25,4029.68,4057.580038679922
TR-037456,2025-08-25,1321.95,1305.6684112369628
TR-037457,2025-08-25,1730.58,2033.0348151676026
TR-037458,2025-08-25,1929.15,1942.551023532651
TR-037459,2025-08-25,1017.42,1054.8353802655186
TR-037460,2025-08-25,2191.42,2191.1298919286605
TR-037461,2025-08-25,6600.96,6258.939911106674
TR-037462,2025-08-25,3503.39,3668.332374543793
TR-037463,2025-08-25,4342.27,4077.217552286143
TR-037464,2025-08-25,2589.5,2613.487526304851
TR-037465,2025-08-25,1433.9,1450.1018373646925
TR-037466,2025-08-25,1549.96,1540.8716553657132
TR-037467,2025-08-25,856.35,912.5867363661528
TR-037468,2025-08-25,1147.09,1154.7557401938204
TR-037469,2025-08-25,2731.74,2393.559746500632
TR-037470,2025-08-25,1355.42,1348.3679346002361
TR-037471,2025-08-25,1389.14,1400.8413266633154
TR-037472,2025-08-25,4591.86,4744.063656061133
TR-037473,2025-08-25,4727.74,4921.539747014429
TR-037474,2025-08-25,2511.8,2532.564088734818
TR-037475,2025-08-25,1269.27,1317.4805588987347
TR-037476,2025-08-25,3340.43,3406.961336195961
TR-037477,2025-08-25,3123.56,3377.137503845299
TR-037478,2025-08-25,1786.52,1931.908411023578
TR-037479,2025-08-25,835.39,855.7371153517724
TR-037480,2025-08-25,2006.14,1972.2775164298525
TR-037481,2025-08-25,3013.5,3158.8895680604987
TR-037482,2025-08-25,2283.71,2473.400318479829
TR-037483,2025-08-25,412.37,485.0952165108506
TR-037484,2025-08-25,1342.31,1370.4125479887607
TR-037485,2025-08-25,3474.89,3476.395872197393
TR-037486,2025-08-25,1781.67,1900.2017898373654
TR-037487,2025-08-25,2230.48,2152.6602290071496
TR-037488,2025-08-25,3480.85,3502.2663821740516
TR-037489,2025-08-25,3791.97,3919.6682918038605
TR-037490,2025-08-25,470.3,603.0906089202169
TR-037491,2025-08-25,1129.48,1194.8526951736364
TR-037492,2025-08-25,2416.23,2231.068086075602
TR-037493,2025-08-25,3974.86,3927.6249610869963
TR-037494,2025-08-25,1554.96,1694.0859220190516
TR-037495,2025-08-25,1430.57,1424.5757274516886
TR-037496,2025-08-25,1371.93,1385.3894450803327
TR-037497,2025-08-25,4704.09,4786.251000697812
TR-037498,2025-08-25,5266.93,5330.771070830273
TR-037499,2025-08-25,2318.21,2408.4247790492004
TR-037500,2025-08-25,4077.42,3847.5316194598017
TR-037501,2025-08-25,2393.51,2656.1295982575507
TR-037502,2025-08-25,1793.6,1956.8518160739882
TR-037503,2025-08-25,546.06,639.8600892125041
TR-037504,2025-08-25,471.35,584.734841096963
TR-037505,2025-08-25,1359.21,1377.8377539887042
TR-037506,2025-08-25,1359.02,1363.7941232727294
TR-037507,2025-08-25,5874.84,5904.187210527643
TR-037508,2025-08-25,1458.43,1465.2366317814694
TR-037509,2025-08-25,759.91,752.7307469273187
TR-037510,2025-08-25,3389.76,3528.4116939691817
TR-037511,2025-08-25,4140.17,4153.516174247943
TR-037512,2025-08-25,4029.27,4330.194676209434
TR-037513,2025-08-25,911.49,970.96575714039
TR-037514,2025-08-25,1814.2,1835.6930757257403
TR-037515,2025-08-25,4270.17,3851.397334068178
TR-037516,2025-08-25,4172.44,4177.413361495583
TR-037517,2025-08-25,1081.96,1064.5211601041015
TR-037518,2025-08-25,2261.4,2250.995313740254
TR-037519,2025-08-25,580.73,730.9219692018205
TR-037520,2025-08-25,1235.0,1258.0898608016255
TR-037521,2025-08-25,4212.53,4214.07649794944
TR-037522,2025-08-25,3196.39,3492.182458739971
TR-037523,2025-08-25,1027.81,1078.979129738083
TR-037524,2025-08-25,3958.96,3980.8148075009553
TR-037525,2025-08-25,1672.26,1676.6293154098996
TR-037526,2025-08-25,1764.35,1739.8854435418075
TR-037527,2025-08-25,1311.35,1327.8938726411639
TR-037528,2025-08-25,2507.22,2620.2247699622494
TR-037529,2025-08-25,2396.54,2436.478643190444
TR-037530,2025-08-25,1243.11,1259.7177360784026
TR-037531,2025-08-25,4177.52,4309.173190814257
TR-037532,2025-08-25,891.98,890.625183303092
TR-037533,2025-08-25,2102.24,2099.7334033304437
TR-037534,2025-08-25,844.6,939.6148789487445
TR-037535,2025-08-25,826.36,860.0053326066145
TR-037536,2025-08-25,4259.34,4415.870548078929
TR-037537,2025-08-25,1223.24,1248.4409203213243
TR-037538,2025-08-26,4207.6,4085.9546731572295
TR-037539,2025-08-26,1704.22,1794.0464229981658
TR-037540,2025-08-26,5543.98,5306.658739316637
TR-037541,2025-08-26,1745.83,1684.6124279016458
TR-037542,2025-08-26,2814.36,2792.6022608713292
TR-037543,2025-08-26,3151.52,3244.452667743505
TR-037544,2025-08-26,1059.53,1013.4357397736078
TR-037545,2025-08-26,882.57,906.393702714287
TR-037546,2025-08-26,2374.48,2592.783582604894
TR-037547,2025-08-26,529.58,588.031856726888
TR-037548,2025-08-26,776.71,806.7185134351578
TR-037549,2025-08-26,1848.34,1905.5054610441896
TR-037550,2025-08-26,2702.67,2920.8341535244704
TR-037551,2025-08-26,3359.87,3505.825875906068
TR-037552,2025-08-26,1875.62,1911.967959938542
TR-037553,2025-08-26,2775.5,2850.3382332893107
TR-037554,2025-08-26,439.78,507.87424658311306
TR-037555,2025-08-26,5253.18,5469.565323341665
TR-037556,2025-08-26,1239.38,1284.6726604089292
TR-037557,2025-08-26,3621.56,3284.7184491467806
TR-037558,2025-08-26,3116.28,3075.625558465148
TR-037559,2025-08-26,1298.15,1320.557926673489
TR-037560,2025-08-26,4133.81,4206.268488908812
TR-037561,2025-08-26,1935.9,1917.973310988993
TR-037562,2025-08-26,2753.95,2760.645915601121
TR-037563,2025-08-26,2148.99,2084.1641812377234
TR-037564,2025-08-26,1342.1,1381.9005520324297
TR-037565,2025-08-26,1400.2,1377.9474145293073
TR-037566,2025-08-26,2128.94,2250.410813580584
TR-037567,2025-08-26,2419.5,2401.9572837298224
TR-037568,2025-08-26,480.53,492.9514472212318
TR-037569,2025-08-26,3280.89,3371.583037960238
TR-037570,2025-08-26,2143.84,2199.71346045613
TR-037571,2025-08-26,1999.35,1944.0937775974623
TR-037572,2025-08-26,1840.35,1927.1426156023306
TR-037573,2025-08-26,2533.0,2535.1095874013845
TR-037574,2025-08-26,769.24,775.4115741622834
TR-037575,2025-08-26,2531.82,2445.409776564394
TR-037576,2025-08-26,3549.2,3755.1331716117284
TR-037577,2025-08-26,1683.88,1689.4225962731502
TR-037578,2025-08-26,3080.9,3198.7245133010033
TR-037579,2025-08-26,3883.87,4215.114484819894
TR-037580,2025-08-26,5314.35,5272.629898802863
TR-037581,2025-08-26,1299.42,1282.8244101787122
TR-037582,2025-08-26,4128.11,4126.615811042806
TR-037583,2025-08-26,1780.4,1705.383988849655
TR-037584,2025-08-26,2337.1,2361.738768460107
TR-037585,2025-08-26,625.66,752.2847643264074
TR-037586,2025-08-26,1485.25,1515.8485709207828
TR-037587,2025-08-26,464.06,575.0007472896402
TR-037588,2025-08-26,816.33,848.7915988256425
TR-037589,2025-08-26,2369.79,2603.3408406160584
TR-037590,2025-08-26,4074.46,3762.303807454472
TR-037591,2025-08-26,1678.89,1705.2733209369335
TR-037592,2025-08-26,1020.5,1029.3777741905067
TR-037593,2025-08-26,1469.47,1461.3419751280953
TR-037594,2025-08-26,1554.66,1562.3798570960796
TR-037595,2025-08-26,1827.24,1828.478307605871
TR-037596,2025-08-26,531.79,642.8977601145702
TR-037597,2025-08-26,1141.64,1205.6660492918043
TR-037598,2025-08-26,3389.74,3435.096718536018
TR-037599,2025-08-26,2337.5,2565.3772729513657
TR-037600,2025-08-26,2413.43,2520.328109205417
TR-037601,2025-08-26,2448.42,2696.092064629002
TR-037602,2025-08-26,1240.34,1263.575764758234
TR-037603,2025-08-26,4122.47,3747.0763864646156
TR-037604,2025-08-26,3751.93,3804.1778842980884
TR-037605,2025-08-26,2197.75,2161.3163705938377
TR-037606,2025-08-26,2164.68,2169.6903461752754
TR-037607,2025-08-26,579.29,725.1511349170416
TR-037608,2025-08-26,3826.84,3780.3700551135826
TR-037609,2025-08-26,3739.54,3627.252895911942
TR-037610,2025-08-26,2247.78,2036.2411293421435
TR-037611,2025-08-26,929.59,960.423142311653
TR-037612,2025-08-26,626.83,709.0046467935003
TR-037613,2025-08-26,3084.71,3163.83351414397
TR-037614,2025-08-26,3474.44,3635.537601895014
TR-037615,2025-08-26,892.54,943.1633445622774
TR-037616,2025-08-26,895.86,953.9049995533023
TR-037617,2025-08-26,1149.77,1196.5237110971573
TR-037618,2025-08-26,1935.32,2074.141211533296
TR-037619,2025-08-26,1120.27,1185.458575667921
TR-037620,2025-08-26,1728.72,1813.5876631739513
TR-037621,2025-08-26,3097.49,3330.129745349369
TR-037622,2025-08-26,4244.53,4520.043521573016
TR-037623,2025-08-26,3724.92,3769.8488829604785
TR-037624,2025-08-26,2607.99,2675.598606615767
TR-037625,2025-08-26,4145.22,4195.250038364685
TR-037626,2025-08-26,4884.69,4701.266745686078
TR-037627,2025-08-26,1894.18,1863.888387330509
TR-037628,2025-08-26,3107.88,3100.801820931543
TR-037629,2025-08-26,3343.16,3286.865628738203
TR-037630,2025-08-26,4211.34,4239.886062650248
TR-037631,2025-08-26,234.78,424.84964518465995
TR-037632,2025-08-26,4501.93,4236.096307992644
TR-037633,2025-08-26,4409.52,4519.756924949799
TR-037634,2025-08-26,2734.23,2912.5047361386255
TR-037635,2025-08-26,1007.76,1037.3678154526403
TR-037636,2025-08-26,2487.71,2239.2204163153374
TR-037637,2025-08-26,1196.28,1214.4662293903627
TR-037638,2025-08-26,4570.74,4457.633905628311
TR-037639,2025-08-26,3756.09,3823.5483088791752
TR-037640,2025-08-26,2804.03,2909.5720318561334
TR-037641,2025-08-26,1768.74,1788.231972699941
TR-037642,2025-08-26,4834.15,5022.16458495547
TR-037643,2025-08-26,1909.79,1851.7098732824657
TR-037644,2025-08-26,1452.43,1469.6662869933334
TR-037645,2025-08-26,2856.98,2948.303753140335
TR-037646,2025-08-26,3034.16,3083.0534148774277
TR-037647,2025-08-26,1569.66,1538.089990311936
TR-037648,2025-08-26,4760.85,4517.483405430536
TR-037649,2025-08-26,4252.97,4455.676892701454
TR-037650,2025-08-26,5371.91,5304.996522578971
TR-037651,2025-08-26,2678.85,2558.1303199119793
TR-037652,2025-08-26,670.09,747.9843813825166
TR-037653,2025-08-26,837.58,894.6080551708935
TR-037654,2025-08-26,2161.67,2178.474134599176
TR-037655,2025-08-26,1815.69,1970.499000435643
TR-037656,2025-08-26,1471.38,1448.3007114307431
TR-037657,2025-08-26,1808.99,1953.1705061242617
TR-037658,2025-08-26,3018.61,3320.589763421944
TR-037659,2025-08-26,1378.05,1386.7781544921218
TR-037660,2025-08-26,3207.68,3417.908028238685
TR-037661,2025-08-26,879.66,943.2909831721115
TR-037662,2025-08-26,3446.98,3569.228209957521
TR-037663,2025-08-26,2254.18,2086.568572131874
TR-037664,2025-08-26,1496.33,1545.3690840947088
TR-037665,2025-08-26,1220.66,1224.2121519990528
TR-037666,2025-08-26,1635.51,1782.2295175939162
TR-037667,2025-08-26,3126.4,3198.3731497914378
TR-037668,2025-08-26,800.04,819.808430918267
TR-037669,2025-08-26,2020.49,2036.1982068348332
TR-037670,2025-08-26,4425.0,4480.06807772432
TR-037671,2025-08-26,4015.37,4128.9624922728735
TR-037672,2025-08-26,3653.07,3754.7376171090245
TR-037673,2025-08-26,2850.71,2449.703234376239
TR-037674,2025-08-26,4345.54,4274.010608242359
TR-037675,2025-08-26,1086.98,1169.9213722391128
TR-037676,2025-08-26,2952.96,3307.890105681129
TR-037677,2025-08-26,2549.25,2849.1221124505523
TR-037678,2025-08-26,2998.91,3140.12105582005
TR-037679,2025-08-26,4163.16,4234.382457901034
TR-037680,2025-08-26,4425.38,4414.829753007816
TR-037681,2025-08-26,6659.04,6383.498949307672
TR-037682,2025-08-26,2608.55,2659.6337132458307
TR-037683,2025-08-26,346.48,478.7648950763437
TR-037684,2025-08-26,2434.71,2480.1170773824956
TR-037685,2025-08-26,1988.07,2188.0118312690743
TR-037686,2025-08-26,1152.5,1184.5270636679152
TR-037687,2025-08-26,3859.22,4083.0818538990206
TR-037688,2025-08-26,669.53,752.8343112496821
TR-037689,2025-08-26,2137.58,2030.4061295478912
TR-037690,2025-08-26,4646.35,4679.78217150817
TR-037691,2025-08-26,481.58,620.5043217844302
TR-037692,2025-08-27,1947.49,1819.8426031666413
TR-037693,2025-08-27,3584.34,3772.1505727692565
TR-037694,2025-08-27,5390.78,5568.402039240553
TR-037695,2025-08-27,971.18,1016.2777825060988
TR-037696,2025-08-27,857.47,895.4881421158882
TR-037697,2025-08-27,2380.42,2219.365280880214
TR-037698,2025-08-27,5058.01,5006.307182064937
TR-037699,2025-08-27,794.67,826.0131160336784
TR-037700,2025-08-27,2485.21,2540.900484026809
TR-037701,2025-08-27,1598.8,1604.3699403678643
TR-037702,2025-08-27,489.56,545.6102409175733
TR-037703,2025-08-27,2312.48,2199.964418023065
TR-037704,2025-08-27,4878.99,4905.977049116409
TR-037705,2025-08-27,897.42,920.2115842020896
TR-037706,2025-08-27,2632.86,2868.7792751507623
TR-037707,2025-08-27,741.58,839.0300146069399
TR-037708,2025-08-27,1413.89,1432.5338525155075
TR-037709,2025-08-27,2761.5,2709.615482036721
TR-037710,2025-08-27,1841.26,2010.5441955298738
TR-037711,2025-08-27,1106.42,1127.7868574327192
TR-037712,2025-08-27,3653.94,3480.258048315687
TR-037713,2025-08-27,2076.05,2215.1655143578605
TR-037714,2025-08-27,3885.89,3843.44659490809
TR-037715,2025-08-27,1488.98,1478.8757040829435
TR-037716,2025-08-27,5283.49,5269.8031185212
TR-037717,2025-08-27,2201.11,2138.662451231574
TR-037718,2025-08-27,1944.16,1885.6320849859994
TR-037719,2025-08-27,4336.38,4184.917849998222
TR-037720,2025-08-27,2890.25,2849.6075219993095
TR-037721,2025-08-27,994.31,1020.9645965093852
TR-037722,2025-08-27,3072.38,2926.4244179982443
TR-037723,2025-08-27,740.81,770.3216209208599
TR-037724,2025-08-27,2768.05,2620.8158306839505
TR-037725,2025-08-27,1604.13,1601.6853641993098
TR-037726,2025-08-27,4031.9,4012.2677984575666
TR-037727,2025-08-27,1247.72,1298.6656520256633
TR-037728,2025-08-27,1231.91,1295.9230769216333
TR-037729,2025-08-27,274.19,360.6321933175882
TR-037730,2025-08-27,639.55,740.5530786790023
TR-037731,2025-08-27,3286.93,3260.2543714466456
TR-037732,2025-08-27,3661.53,3566.7489081084227
TR-037733,2025-08-27,826.05,846.7625328224335
TR-037734,2025-08-27,1882.87,1885.7914689439956
TR-037735,2025-08-27,1384.21,1341.7600487422928
TR-037736,2025-08-27,1443.46,1410.7731595517737
TR-037737,2025-08-27,3951.12,4027.3557361155213
TR-037738,2025-08-27,1960.64,1829.0494848374394
TR-037739,2025-08-27,1204.34,1228.3545585874942
TR-037740,2025-08-27,1155.44,1236.581301201703
TR-037741,2025-08-27,2947.8,3025.286429994409
TR-037742,2025-08-27,1054.29,1098.7335946199246
TR-037743,2025-08-27,2919.81,2862.7854750436154
TR-037744,2025-08-27,3541.23,3544.8121429433195
TR-037745,2025-08-27,1684.1,1651.311671893634
TR-037746,2025-08-27,805.31,866.2890946666362
TR-037747,2025-08-27,3329.25,3315.075770606196
TR-037748,2025-08-27,605.68,600.415907189788
TR-037749,2025-08-27,648.4,730.3110458632334
TR-037750,2025-08-27,240.18,661.1569022355181
TR-037751,2025-08-27,3272.48,3362.6997917347544
TR-037752,2025-08-27,4083.19,4129.713932783438
TR-037753,2025-08-27,2485.52,2536.4904457976563
TR-037754,2025-08-27,632.38,630.0566591442393
TR-037755,2025-08-27,3525.65,3534.542507407459
TR-037756,2025-08-27,2100.88,2061.109614735478
TR-037757,2025-08-27,1027.84,1133.2625835947124
TR-037758,2025-08-27,2124.84,2253.6637011516104
TR-037759,2025-08-27,3776.47,3966.2118670827476
TR-037760,2025-08-27,914.43,991.7890632211631
TR-037761,2025-08-27,1883.25,1876.0021185267992
TR-037762,2025-08-27,2824.37,3159.4946026926955
TR-037763,2025-08-27,1337.71,1362.7898442611875
TR-037764,2025-08-27,1864.52,1860.8263226200718
TR-037765,2025-08-27,24294.98,5038.821383613462
TR-037766,2025-08-27,3950.17,4091.9656196077412
TR-037767,2025-08-27,748.62,759.6221618254015
TR-037768,2025-08-27,1731.97,1758.0949414674578
TR-037769,2025-08-27,1567.29,1553.820414337507
TR-037770,2025-08-27,5369.04,5517.529050605688
TR-037771,2025-08-27,1637.51,1631.6500197860694
TR-037772,2025-08-27,1947.0,1942.162811907616
TR-037773,2025-08-27,2011.85,2224.7578479017798
TR-037774,2025-08-27,4654.29,4731.283195051476
TR-037775,2025-08-27,1210.64,1218.0154582371842
TR-037776,2025-08-27,1919.3,1951.9346068303003
TR-037777,2025-08-27,1786.35,1808.670968319827
TR-037778,2025-08-27,4927.84,5018.226699444351
TR-037779,2025-08-27,1256.55,1272.7527023859461
TR-037780,2025-08-27,820.76,907.3487140240825
TR-037781,2025-08-27,1732.68,1699.786975271099
TR-037782,2025-08-27,3636.08,3721.1418807363093
TR-037783,2025-08-27,4874.91,4925.8298511280855
TR-037784,2025-08-27,1830.01,1841.1000058698655
TR-037785,2025-08-27,2378.55,2562.8922114403786
TR-037786,2025-08-27,3841.84,3901.694647020816
TR-037787,2025-08-27,2478.27,2508.087011536203
TR-037788,2025-08-27,1582.18,1581.3138059991493
TR-037789,2025-08-27,2082.11,2129.3319285489933
TR-037790,2025-08-27,1025.65,1152.8949983833368
TR-037791,2025-08-27,830.19,898.6301981428976
TR-037792,2025-08-27,588.43,751.5682815022426
TR-037793,2025-08-27,4241.09,4358.940114720313
TR-037794,2025-08-27,1595.56,1573.507721283115
TR-037795,2025-08-27,1934.79,1954.1052524785364
TR-037796,2025-08-27,1887.98,1876.1233301538978
TR-037797,2025-08-27,4784.42,4905.714571403086
TR-037798,2025-08-27,2088.52,1915.483179728467
TR-037799,2025-08-27,2327.45,2428.97192701477
TR-037800,2025-08-27,2466.04,2656.05097154861
TR-037801,2025-08-27,3202.97,3238.790269999721
TR-037802,2025-08-27,3570.01,3658.5450795705956
TR-037803,2025-08-27,863.26,943.9923557727263
TR-037804,2025-08-27,2846.54,2776.262535947505
TR-037805,2025-08-27,2174.57,2225.005360145747
TR-037806,2025-08-27,1178.12,1209.1843138918816
TR-037807,2025-08-27,910.42,991.8428873895962
TR-037808,2025-08-27,425.68,524.5579995763746
TR-037809,2025-08-27,4447.18,4138.007628592677
TR-037810,2025-08-27,2497.99,2567.9677771544207
TR-037811,2025-08-27,2103.44,2025.3072985964873
TR-037812,2025-08-27,2080.37,2004.6719385824758
TR-037813,2025-08-27,1593.5,1568.663164570559
TR-037814,2025-08-27,2847.78,2921.7356040900436
TR-037815,2025-08-27,3236.69,3680.1871256519757
TR-037816,2025-08-27,1248.79,1289.3867314288009
TR-037817,2025-08-27,913.21,943.4981766434414
TR-037818,2025-08-27,1585.24,1613.0338803277787
TR-037819,2025-08-27,874.6,903.5807120935465
TR-037820,2025-08-27,3849.14,4033.2725943561054
TR-037821,2025-08-27,726.24,816.349443499385
TR-037822,2025-08-27,2429.53,2422.137078872984
TR-037823,2025-08-27,782.98,861.4237716916853
TR-037824,2025-08-27,2024.03,2180.645447752354
TR-037825,2025-08-27,3607.67,3655.7166483106457
TR-037826,2025-08-27,2880.71,3055.673904460805
TR-037827,2025-08-27,1314.22,1289.4333526687317
TR-037828,2025-08-27,2859.51,2921.454580423953
TR-037829,2025-08-27,2660.34,2701.572675446137
TR-037830,2025-08-27,3452.72,3611.176671597287
TR-037831,2025-08-27,1807.34,1738.792016368836
TR-037832,2025-08-27,2669.9,2656.871216588449
TR-037833,2025-08-27,1173.38,1183.5904516451715
TR-037834,2025-08-27,956.97,897.6546177497216
TR-037835,2025-08-27,1745.97,1783.101455119667
TR-037836,2025-08-27,1624.84,1597.8029754052395
TR-037837,2025-08-27,3878.35,3891.795937959941
TR-037838,2025-08-27,955.72,1070.3015124205908
TR-037839,2025-08-27,5585.41,5480.61953893528
TR-037840,2025-08-27,1354.84,1343.7157263570489
TR-037841,2025-08-27,3572.03,3444.0120322695666
TR-037842,2025-08-27,1207.55,1231.4190595124883
TR-037843,2025-08-27,385.4,552.7425750852558
TR-037844,2025-08-27,3052.88,3056.2062649279924
TR-037845,2025-08-27,2013.43,1917.2205508573234
TR-037846,2025-08-27,1278.5,1277.0817336420332
TR-037847,2025-08-27,814.53,861.428922941933
TR-037848,2025-08-27,641.45,745.0860395999396
TR-037849,2025-08-27,5595.12,5446.188527004082
TR-037850,2025-08-27,2537.72,2458.3079645119315
TR-037851,2025-08-27,2920.26,2945.633107234542
TR-037852,2025-08-27,2886.36,2931.1570877829836
TR-037853,2025-08-27,411.05,533.9988201880728
TR-037854,2025-08-27,4584.66,4552.375195125298
TR-037855,2025-08-27,1234.56,1261.5197761982731
TR-037856,2025-08-27,2265.03,2731.051632940509
TR-037857,2025-08-27,3824.33,3534.009000299818
TR-037858,2025-08-27,2256.3,2238.5364227133296
TR-037859,2025-08-27,3348.23,3542.4084431270867
TR-037860,2025-08-27,1802.0,1738.1852370627544
TR-037861,2025-08-27,1304.18,1302.538090471072
TR-037862,2025-08-27,4297.06,4314.777577901388
TR-037863,2025-08-27,964.54,1060.4213394863611
TR-037864,2025-08-27,3421.01,3475.462221791248
TR-037865,2025-08-27,611.4,717.099011110537
TR-037866,2025-08-27,1239.4,1232.2336020211815
TR-037867,2025-08-27,3843.69,3859.217696929774
TR-037868,2025-08-27,1429.32,1396.9477459093682
TR-037869,2025-08-27,2384.31,2090.6745877586027
TR-037870,2025-08-27,1139.34,1179.6741373802552
TR-037871,2025-08-27,910.55,949.5782850040237
TR-037872,2025-08-27,3111.16,2951.000418007895
TR-037873,2025-08-27,631.56,620.4686451172381
TR-037874,2025-08-27,1535.2,1580.6803345088588
TR-037875,2025-08-27,4626.57,4793.666279321618
TR-037876,2025-08-28,929.34,3365.574045782074
TR-037877,2025-08-28,2150.65,2121.1708504778703
TR-037878,2025-08-28,5266.47,5329.583789406181
TR-037879,2025-08-28,914.55,967.4149630379316
TR-037880,2025-08-28,2377.46,2362.566987688385
TR-037881,2025-08-28,2567.11,2528.6127604806547
TR-037882,2025-08-28,3589.92,3730.4691632386475
TR-037883,2025-08-28,578.94,661.2978652497118
TR-037884,2025-08-28,3442.41,3409.7346284013693
TR-037885,2025-08-28,771.36,857.292229089464
TR-037886,2025-08-28,2159.15,2057.3838881850866
TR-037887,2025-08-28,1325.32,1286.0656847641096
TR-037888,2025-08-28,3197.62,3271.304252648407
TR-037889,2025-08-28,489.53,589.9016987023863
TR-037890,2025-08-28,4410.04,4381.474172205757
TR-037891,2025-08-28,4320.86,4325.938517632667
TR-037892,2025-08-28,1069.0,1055.2410164263624
TR-037893,2025-08-28,4911.81,4951.811708671486
TR-037894,2025-08-28,3688.75,3883.0912805645617
TR-037895,2025-08-28,1942.6,2183.5983700633415
TR-037896,2025-08-28,1923.54,1904.6970372020373
TR-037897,2025-08-28,784.94,2161.707923940839
TR-037898,2025-08-28,1558.7,1606.6039593998203
TR-037899,2025-08-28,1166.18,1188.2743044607134
TR-037900,2025-08-28,4057.35,4065.612187082941
TR-037901,2025-08-28,931.46,962.3695702637092
TR-037902,2025-08-28,2214.15,2081.436522759873
TR-037903,2025-08-28,1309.77,1344.4977042015403
TR-037904,2025-08-28,2533.04,2650.915671403802
TR-037905,2025-08-28,1117.17,1158.4319089198439
TR-037906,2025-08-28,1663.45,1764.3405386392653
TR-037907,2025-08-28,903.74,966.6343206341351
TR-037908,2025-08-28,1982.8,1946.1903855397468
TR-037909,2025-08-28,1157.6,1202.726834602502
TR-037910,2025-08-28,1023.16,1047.8120147648754
TR-037911,2025-08-28,1557.83,1605.5945263758035
TR-037912,2025-08-28,2576.74,2552.275881306919
TR-037913,2025-08-28,4556.3,4612.704253177399
TR-037914,2025-08-28,1489.51,1519.7006658717842
TR-037915,2025-08-28,1681.13,1641.0152828466455
TR-037916,2025-08-28,379.75,509.3500172360991
TR-037917,2025-08-28,596.66,710.2446218498503
TR-037918,2025-08-28,2006.88,1950.6266399165995
TR-037919,2025-08-28,2191.94,2031.1173541950282
TR-037920,2025-08-28,2301.75,2297.2203162200676
TR-037921,2025-08-28,3783.43,3801.7554338217806
TR-037922,2025-08-28,1318.28,1297.1819109426015
TR-037923,2025-08-28,2683.81,2575.155865427646
TR-037924,2025-08-28,915.56,1024.6231938532783
TR-037925,2025-08-28,1135.02,1114.887820344095
TR-037926,2025-08-28,2327.43,2256.579109575321
TR-037927,2025-08-28,1396.35,1366.2725994968582
TR-037928,2025-08-28,5511.11,5584.038984181603
TR-037929,2025-08-28,4248.81,4256.075575162863
TR-037930,2025-08-28,3002.06,3087.5748609427765
TR-037931,2025-08-28,1866.56,1900.3597841404428
TR-037932,2025-08-28,1092.98,1124.6958791244958
TR-037933,2025-08-28,1497.36,594.2909009051864
TR-037934,2025-08-28,2265.29,2328.4829182147323
TR-037935,2025-08-28,3183.54,3151.6303248513414
TR-037936,2025-08-28,5008.04,5075.049213771612
TR-037937,2025-08-28,1154.83,1182.3823706028832
TR-037938,2025-08-28,4872.48,5062.749891695901
TR-037939,2025-08-28,1521.09,1462.4173930529346
TR-037940,2025-08-28,1198.97,1228.685145358776
TR-037941,2025-08-28,2486.64,2702.386339783229
TR-037942,2025-08-28,3063.56,3223.6888347568624
TR-037943,2025-08-28,2305.2,2171.720501166869
TR-037944,2025-08-28,4845.77,1939.6973047629604
TR-037945,2025-08-28,1063.14,1087.4418084424337
TR-037946,2025-08-28,3830.63,3670.1608529203936
TR-037947,2025-08-28,1463.75,1490.1275239273727
TR-037948,2025-08-28,3492.12,3489.015404308242
TR-037949,2025-08-28,660.18,747.1036362720222
TR-037950,2025-08-28,1761.74,1873.8915890945884
TR-037951,2025-08-28,543.05,651.0677798109994
TR-037952,2025-08-28,1465.92,1465.776977730312
TR-037953,2025-08-28,3776.02,3634.277486503477
TR-037954,2025-08-28,2190.78,2176.674397019571
TR-037955,2025-08-28,1185.36,1183.263567335527
TR-037956,2025-08-28,1023.5,1065.8367847258578
TR-037957,2025-08-28,2317.42,2521.2877998581275
TR-037958,2025-08-28,1430.85,1422.1628769605713
TR-037959,2025-08-28,741.67,803.9085071065617
TR-037960,2025-08-28,822.76,916.8882973377058
TR-037961,2025-08-28,1724.02,1694.7898939364425
TR-037962,2025-08-28,1588.13,1624.247812147115
TR-037963,2025-08-28,13409.18,4101.9056727507905
TR-037964,2025-08-28,3187.06,3308.3037476537284
TR-037965,2025-08-28,5342.33,5241.3840172178125
TR-037966,2025-08-28,5712.69,5685.420576886372
TR-037967,2025-08-28,493.08,601.6141520151305
TR-037968,2025-08-28,1192.19,1214.192312097424
TR-037969,2025-08-28,1043.42,1088.56757503284
TR-037970,2025-08-28,4980.31,4959.698949282936
TR-037971,2025-08-28,2813.86,2607.962311293133
TR-037972,2025-08-28,5672.62,5751.68260757157
TR-037973,2025-08-28,1501.32,1630.5220573538086
TR-037974,2025-08-28,3638.16,3831.3343631845473
TR-037975,2025-08-28,3442.92,3434.686030717655
TR-037976,2025-08-28,641.72,689.4008925625487
TR-037977,2025-08-28,3521.02,3589.8037018925606
TR-037978,2025-08-28,4064.81,3980.940646438584
TR-037979,2025-08-28,4340.88,4515.184364587414
TR-037980,2025-08-28,456.07,606.6238230440665
TR-037981,2025-08-28,1046.72,1105.741454792438
TR-037982,2025-08-28,1752.92,1748.2438039686426
TR-037983,2025-08-28,841.55,941.3073613054903
TR-037984,2025-08-28,3649.79,3608.236312502556
TR-037985,2025-08-28,5230.52,5131.953709605773
TR-037986,2025-08-28,570.78,672.3042337909885
TR-037987,2025-08-28,636.16,667.2889877573643
TR-037988,2025-08-28,1325.69,1359.5036727198135
TR-037989,2025-08-28,4784.97,4820.7156944561975
TR-037990,2025-08-28,2263.46,2291.7734529420704
TR-037991,2025-08-28,5207.45,4887.333725968587
TR-037992,2025-08-28,4638.51,4602.394368323361
TR-037993,2025-08-28,3040.13,3147.410116904683
TR-037994,2025-08-28,2150.73,2192.776296417647
TR-037995,2025-08-28,1360.48,1349.9243610126305
TR-037996,2025-08-28,732.78,821.0683849814154
TR-037997,2025-08-28,1821.47,1782.3752167094826
TR-037998,2025-08-28,1793.3,1812.343094634643
TR-037999,2025-08-28,609.26,697.8589804853743
TR-038000,2025-08-28,2695.43,2878.590716020374
TR-038001,2025-08-28,566.92,2069.892597377913
TR-038002,2025-08-28,1850.18,1978.9110015599952
TR-038003,2025-08-28,462.4,481.10068648053743
TR-038004,2025-08-28,963.88,925.4777541608128
TR-038005,2025-08-28,1032.25,1035.9171724579378
TR-038006,2025-08-28,213.24,401.9736902868667
TR-038007,2025-08-28,1261.4,1310.9671484089633
TR-038008,2025-08-28,1848.26,1891.7751704464445
TR-038009,2025-08-28,3869.64,3888.87100207349
TR-038010,2025-08-28,4687.06,4631.212746377897
TR-038011,2025-08-28,3835.83,3984.7696443814866
TR-038012,2025-08-28,2568.11,2174.893430442957
TR-038013,2025-08-28,2675.61,2856.833436783997
TR-038014,2025-08-28,2962.37,3132.220819441508
TR-038015,2025-08-28,935.04,955.2744482205567
TR-038016,2025-08-28,4301.09,4300.0088758587335
TR-038017,2025-08-28,3043.42,2929.432577073144
TR-038018,2025-08-28,2575.77,2494.325620575869
TR-038019,2025-08-28,1521.67,1464.770274758557
TR-038020,2025-08-28,2070.71,2152.5864706987186
TR-038021,2025-08-28,3410.9,3465.8274489304235
TR-038022,2025-08-28,992.78,1086.745106632447
TR-038023,2025-08-28,999.39,1055.9349850484364
TR-038024,2025-08-28,1074.03,1120.7390273325368
TR-038025,2025-08-28,1167.7,1237.3301894492615
TR-038026,2025-08-28,6133.24,6055.862270126436
TR-038027,2025-08-28,5037.8,5156.249754493616
TR-038028,2025-08-28,4708.22,4455.313924082357
TR-038029,2025-08-28,5004.85,5228.869314023492
TR-038030,2025-08-28,5347.64,5453.9917216392205
TR-038031,2025-08-28,1887.77,2059.439797257339
TR-038032,2025-08-28,2976.99,2940.3157954628214
TR-038033,2025-08-28,1099.93,1096.6701448904705
TR-038034,2025-08-28,1185.14,1207.6692742117662
TR-038035,2025-08-28,817.54,843.9142967738005
TR-038036,2025-08-28,1591.49,1552.1424776882873
TR-038037,2025-08-28,2695.04,2776.9532915848495
TR-038038,2025-08-28,3779.82,3884.4159283740237
TR-038039,2025-08-28,2938.51,3056.392375483088
TR-038040,2025-08-29,4852.55,4998.7011701945685
TR-038041,2025-08-29,1273.81,1315.3951282310088
TR-038042,2025-08-29,1328.3,1384.0402909611114
TR-038043,2025-08-29,1081.06,1115.0674655380672
TR-038044,2025-08-29,1938.15,1974.0145267240437
TR-038045,2025-08-29,6964.45,2410.8217010844114
TR-038046,2025-08-29,1441.78,1451.9572630119933
TR-038047,2025-08-29,1441.83,1440.482363092846
TR-038048,2025-08-29,1079.27,1116.518190306764
TR-038049,2025-08-29,3346.24,3319.894747758923
TR-038050,2025-08-29,1206.48,1251.1890756372572
TR-038051,2025-08-29,940.04,983.7005426321807
TR-038052,2025-08-29,888.64,938.7444670743259
TR-038053,2025-08-29,1047.9,1091.219265912639
TR-038054,2025-08-29,3500.84,3385.4648204158657
TR-038055,2025-08-29,917.56,966.7029427377222
TR-038056,2025-08-29,3486.06,2946.4462507690578
TR-038057,2025-08-29,1181.15,1161.8386916289032
TR-038058,2025-08-29,1599.86,1628.6535105942153
TR-038059,2025-08-29,3780.36,3463.4802067378114
TR-038060,2025-08-29,2276.37,2284.2851412637874
TR-038061,2025-08-29,3832.73,3875.7986435911357
TR-038062,2025-08-29,4243.53,4475.186234864974
TR-038063,2025-08-29,5675.17,5484.408200552276
TR-038064,2025-08-29,1471.2,1475.6591228872737
TR-038065,2025-08-29,2467.5,2609.342313525922
TR-038066,2025-08-29,430.44,581.8943614250197
TR-038067,2025-08-29,1241.26,1190.4109376548774
TR-038068,2025-08-29,881.85,922.5659466670625
TR-038069,2025-08-29,1002.64,1035.0083433051043
TR-038070,2025-08-29,3688.46,3719.184676051407
TR-038071,2025-08-29,3388.98,3084.611402007235
TR-038072,2025-08-29,1198.78,1239.6974679090658
TR-038073,2025-08-29,1638.39,1635.7151951121866
TR-038074,2025-08-29,3717.58,3796.312200249682
TR-038075,2025-08-29,3769.36,3544.5394482746838
TR-038076,2025-08-29,1756.32,1904.054232622663
TR-038077,2025-08-29,1154.44,1128.9544061042134
TR-038078,2025-08-29,2145.54,2088.2861188539987
TR-038079,2025-08-29,3065.67,2747.893897740828
TR-038080,2025-08-29,4466.21,4439.622718328401
TR-038081,2025-08-29,2414.14,2360.1365935259328
TR-038082,2025-08-29,4165.93,3753.2534789548786
TR-038083,2025-08-29,4017.55,4078.125936592906
TR-038084,2025-08-29,4316.49,4285.05528715636
TR-038085,2025-08-29,2566.92,2720.7997951440557
TR-038086,2025-08-29,1723.18,1638.8649430726853
TR-038087,2025-08-29,3114.15,3119.0852418256127
TR-038088,2025-08-29,1098.57,1183.7253993901904
TR-038089,2025-08-29,5408.24,5426.416479221807
TR-038090,2025-08-29,5571.16,5574.341832048998
TR-038091,2025-08-29,1801.54,1865.0132444635055
TR-038092,2025-08-29,5291.81,5383.513843794005
TR-038093,2025-08-29,3948.31,3868.5934085026365
TR-038094,2025-08-29,3588.64,3832.4370525864424
TR-038095,2025-08-29,999.34,1037.5873473206016
TR-038096,2025-08-29,3568.75,3474.494222229252
TR-038097,2025-08-29,2896.5,2691.585003455616
TR-038098,2025-08-29,1902.84,1867.6761400353284
TR-038099,2025-08-29,3500.09,3684.136265690111
TR-038100,2025-08-29,5007.73,4581.828275270724
TR-038101,2025-08-29,984.23,967.4469408996347
TR-038102,2025-08-29,1266.69,1317.7879469060622
TR-038103,2025-08-29,2680.97,2673.771573164204
TR-038104,2025-08-29,3822.75,3937.149371699033
TR-038105,2025-08-29,1830.82,1818.0711021997536
TR-038106,2025-08-29,925.77,965.4959621181506
TR-038107,2025-08-29,3920.72,3886.6352221644993
TR-038108,2025-08-29,1539.99,1523.7977300702546
TR-038109,2025-08-29,1851.64,1742.0470226128318
TR-038110,2025-08-29,2229.78,2495.801646397971
TR-038111,2025-08-29,1288.41,1311.0322922654684
TR-038112,2025-08-29,657.63,737.2642184565025
TR-038113,2025-08-29,2921.08,2934.7961928311192
TR-038114,2025-08-29,4295.47,4343.824018905518
TR-038115,2025-08-29,1026.41,1025.621023478635
TR-038116,2025-08-29,1779.0,1783.5032212593435
TR-038117,2025-08-29,1638.14,1717.8503507635667
TR-038118,2025-08-29,3679.12,3907.452108640847
TR-038119,2025-08-29,918.1,916.3583422348281
TR-038120,2025-08-29,750.05,842.9114978151445
TR-038121,2025-08-29,1933.49,1799.5945471836355
TR-038122,2025-08-29,595.99,726.9047581062148
TR-038123,2025-08-29,3921.4,4112.466847652722
TR-038124,2025-08-29,910.05,906.9176760113762
TR-038125,2025-08-29,3335.15,3329.5678658461293
TR-038126,2025-08-29,816.48,850.0067975203647
TR-038127,2025-08-29,2267.47,2080.0768815184338
TR-038128,2025-08-29,4900.24,4707.006579981594
TR-038129,2025-08-29,3459.86,3509.390868788863
TR-038130,2025-08-29,1459.3,1482.9428023151436
TR-038131,2025-08-29,1334.9,1316.1944741135587
TR-038132,2025-08-29,328.67,429.4794071632764
TR-038133,2025-08-29,4808.25,4276.3445952755665
TR-038134,2025-08-29,1913.11,1872.8965914549697
TR-038135,2025-08-29,1518.34,1491.7350300174571
TR-038136,2025-08-29,2644.98,2502.515865322145
TR-038137,2025-08-29,2586.01,2541.810159590911
TR-038138,2025-08-29,2038.98,1955.4955833130573
TR-038139,2025-08-29,3057.42,3197.070958683842
TR-038140,2025-08-29,756.89,792.429507896836
TR-038141,2025-08-29,1637.49,1571.3408075195373
TR-038142,2025-08-29,4027.95,3928.5983051696794
TR-038143,2025-08-29,393.98,496.0861913488909
TR-038144,2025-08-29,3815.57,4028.834452721898
TR-038145,2025-08-29,1356.09,1371.4179964381906
TR-038146,2025-08-29,3158.14,3233.063707914419
TR-038147,2025-08-29,5472.38,5320.644776806128
TR-038148,2025-08-29,1759.2,1696.559897039088
TR-038149,2025-08-29,1240.94,1255.4900928547213
TR-038150,2025-08-29,2089.29,2157.2698822195107
TR-038151,2025-08-29,1948.57,1896.0749330964331
TR-038152,2025-08-29,648.48,655.784290366822
TR-038153,2025-08-29,2403.04,2147.149830351252
TR-038154,2025-08-29,1825.23,1824.9338951470672
TR-038155,2025-08-29,1077.31,1118.9743172237067
TR-038156,2025-08-29,2213.62,2370.0511275432846
TR-038157,2025-08-29,815.86,901.1111826088022
TR-038158,2025-08-29,1256.28,1251.5550863854205
TR-038159,2025-08-29,1680.91,1733.6087103466236
TR-038160,2025-08-29,3566.64,3554.1190864862706
TR-038161,2025-08-29,5511.33,5713.035702859255
TR-038162,2025-08-29,3389.92,3322.6101555161886
TR-038163,2025-08-29,4152.38,4271.040140847706
TR-038164,2025-08-29,1157.08,1181.2452465205215
TR-038165,2025-08-29,1240.59,1218.2395378641888
TR-038166,2025-08-29,370.89,461.1997094988901
TR-038167,2025-08-29,741.7,787.7126321865771
TR-038168,2025-08-29,2130.86,2043.8516077250629
TR-038169,2025-08-29,1850.54,1868.1333795644337
TR-038170,2025-08-29,784.51,868.6545728507363
TR-038171,2025-08-29,3032.24,3157.6698205865214
TR-038172,2025-08-29,5566.96,5593.747492932955
TR-038173,2025-08-29,5228.39,5480.375302950097
TR-038174,2025-08-29,2989.33,2944.9595247787347
TR-038175,2025-08-29,521.98,662.6202116952804
TR-038176,2025-08-29,822.33,886.538192652951
TR-038177,2025-08-29,4198.62,4018.820265898848
TR-038178,2025-08-29,889.15,960.4635670021869
TR-038179,2025-08-29,1424.01,1423.895146149506
TR-038180,2025-08-29,520.3,617.6983957709726
TR-038181,2025-08-29,3770.29,3922.14245466927
TR-038182,2025-08-29,1630.64,1604.5978208658591
TR-038183,2025-08-29,1647.96,1683.6212880421892
TR-038184,2025-08-29,3711.01,3764.4231048382862
TR-038185,2025-08-29,766.72,807.9413578022713
TR-038186,2025-08-29,2915.5,2803.1963225626273
TR-038187,2025-08-29,1453.84,1425.2372074442246
TR-038188,2025-08-29,845.78,916.696805432958
TR-038189,2025-08-29,4283.63,4347.64686372369
TR-038190,2025-08-29,2595.65,2202.5788079883423
TR-038191,2025-08-30,1537.18,1532.3492856569007
TR-038192,2025-08-30,1284.09,1321.188483438451
TR-038193,2025-08-30,2640.74,2481.4448123369775
TR-038194,2025-08-30,1557.32,1571.1991566914514
TR-038195,2025-08-30,4117.4,4108.019089949972
TR-038196,2025-08-30,1675.95,1699.0237469309475
TR-038197,2025-08-30,2412.8,2282.6948742149425
TR-038198,2025-08-30,2242.61,2176.4008876095513
TR-038199,2025-08-30,1291.48,1271.4284397224687
TR-038200,2025-08-30,812.63,913.5988227816192
TR-038201,2025-08-30,2332.23,2367.96230075451
TR-038202,2025-08-30,1788.42,1820.341825827692
TR-038203,2025-08-30,1988.34,1971.2632007234574
TR-038204,2025-08-30,2919.33,3049.6240593148605
TR-038205,2025-08-30,6012.08,5986.819999203828
TR-038206,2025-08-30,835.19,955.8681138463003
TR-038207,2025-08-30,4356.01,4552.451040552307
TR-038208,2025-08-30,1916.36,2041.6017397188007
TR-038209,2025-08-30,2862.05,2648.590575999083
TR-038210,2025-08-30,1848.53,1829.4044008918613
TR-038211,2025-08-30,2041.37,2030.733712790302
TR-038212,2025-08-30,4580.65,4635.185876298861
TR-038213,2025-08-30,610.03,617.2004758196967
TR-038214,2025-08-30,1402.53,1332.1197473317447
TR-038215,2025-08-30,3437.47,3373.644327857928
TR-038216,2025-08-30,2926.22,2782.302891874695
TR-038217,2025-08-30,3567.51,3391.357771978429
TR-038218,2025-08-30,1888.29,1810.8341017077694
TR-038219,2025-08-30,969.71,1008.2381093854144
TR-038220,2025-08-30,1002.84,1046.7533777499198
TR-038221,2025-08-30,4628.63,4789.437259725393
TR-038222,2025-08-30,4158.93,4408.487200542004
TR-038223,2025-08-30,1298.2,1320.586010621801
TR-038224,2025-08-30,4150.04,4168.658484926999
TR-038225,2025-08-30,794.7,812.7561882019897
TR-038226,2025-08-30,1559.92,1602.941371692538
TR-038227,2025-08-30,1210.11,1231.273207924667
TR-038228,2025-08-30,2845.92,2963.5105624355247
TR-038229,2025-08-30,707.81,694.8535013326978
TR-038230,2025-08-30,3624.6,3642.7860181507613
TR-038231,2025-08-30,3147.85,3191.4205782554163
TR-038232,2025-08-30,3550.67,3455.2656713756396
TR-038233,2025-08-30,1395.48,1354.5655819420763
TR-038234,2025-08-30,317.92,455.57097420220975
TR-038235,2025-08-30,1050.91,1088.4867311601329
TR-038236,2025-08-30,1754.69,1833.3101886157651
TR-038237,2025-08-30,927.54,1018.4595187483849
TR-038238,2025-08-30,846.04,904.687139645059
TR-038239,2025-08-30,1733.62,1767.62479812589
TR-038240,2025-08-30,741.41,845.2666052073257
TR-038241,2025-08-30,573.04,660.1438378784694
TR-038242,2025-08-30,891.99,926.3989125091093
TR-038243,2025-08-30,144.92,800.5691269988747
TR-038244,2025-08-30,2511.08,2420.78405081792
TR-038245,2025-08-30,2263.98,2237.441478306851
TR-038246,2025-08-30,4283.8,4344.590073762307
TR-038247,2025-08-30,2413.56,2328.465135871141
TR-038248,2025-08-30,2568.36,2535.101905940505
TR-038249,2025-08-30,1351.11,1349.852824223352
TR-038250,2025-08-30,2529.62,2923.668258237505
TR-038251,2025-08-30,2551.04,2239.897618764329
TR-038252,2025-08-30,1001.31,1011.8003963468883
TR-038253,2025-08-30,4638.53,4767.211933039158
TR-038254,2025-08-30,3311.2,2760.9147497401814
TR-038255,2025-08-30,1747.5,1880.0332855352026
TR-038256,2025-08-30,4680.78,4871.455323425785
TR-038257,2025-08-30,4209.65,4224.735591018445
TR-038258,2025-08-30,2558.26,2650.9478882480885
TR-038259,2025-08-30,3239.62,3238.8221391870356
TR-038260,2025-08-30,6127.24,6023.977338499335
TR-038261,2025-08-30,1162.14,1174.117790762385
TR-038262,2025-08-30,2335.37,2335.040317044996
TR-038263,2025-08-30,2738.82,2822.605820239949
TR-038264,2025-08-30,4183.92,4219.441146168161
TR-038265,2025-08-30,1877.94,1988.904161147606
TR-038266,2025-08-30,709.82,747.6991788335347
TR-038267,2025-08-30,3502.5,3640.1994519820187
TR-038268,2025-08-30,3177.86,3276.39457223122
TR-038269,2025-08-30,1991.79,2004.5651837806736
TR-038270,2025-08-30,4940.91,5032.315417716154
TR-038271,2025-08-30,1586.21,1605.5762779062327
TR-038272,2025-08-30,1289.22,1334.2535677446372
TR-038273,2025-08-30,1965.8,1968.3661778514197
TR-038274,2025-08-30,854.24,933.5776307415017
TR-038275,2025-08-30,3537.46,3671.5742636524674
TR-038276,2025-08-30,3456.86,3532.7824596879823
TR-038277,2025-08-30,3977.4,4012.5901608377662
TR-038278,2025-08-30,1909.86,1969.328059707998
TR-038279,2025-08-30,3743.08,4176.686365516787
TR-038280,2025-08-30,3975.76,4060.308519218896
TR-038281,2025-08-30,2980.73,3094.9906118295958
TR-038282,2025-08-30,222.11,461.9723690366968
TR-038283,2025-08-30,1469.79,1471.449234441312
TR-038284,2025-08-30,4252.82,4165.740412285764
TR-038285,2025-08-30,1605.29,1740.6596436528946
TR-038286,2025-08-30,3421.38,3603.3081563616206
TR-038287,2025-08-30,2482.39,2763.076659422815
TR-038288,2025-08-30,3508.42,3618.3333311357346
TR-038289,2025-08-30,3922.75,4167.817344397736
TR-038290,2025-08-30,1919.72,1846.4277939915405
TR-038291,2025-08-30,1637.17,1600.814172046762
TR-038292,2025-08-30,780.67,855.3998124679977
TR-038293,2025-08-30,3545.01,3587.910022622571
TR-038294,2025-08-30,801.44,899.669576601769
TR-038295,2025-08-30,3153.81,3250.0785307431534
TR-038296,2025-08-30,1425.21,1563.6328012038894
TR-038297,2025-08-30,1076.3,1124.8607917187937
TR-038298,2025-08-30,4388.14,4347.309069230578
TR-038299,2025-08-30,1579.71,1619.2962153927338
TR-038300,2025-08-30,1772.91,1905.2825032543578
TR-038301,2025-08-30,810.88,832.0671993037945
TR-038302,2025-08-30,3223.23,3330.219791431804
TR-038303,2025-08-30,2236.78,2216.8591922562005
TR-038304,2025-08-30,2506.35,2605.2430372972854
TR-038305,2025-08-30,2323.16,2387.4487716416543
TR-038306,2025-08-30,2073.43,2027.7928368566297
TR-038307,2025-08-30,1270.61,1315.2258792185962
TR-038308,2025-08-30,4162.88,4176.713351244478
TR-038309,2025-08-30,551.31,1505.3868024668072
TR-038310,2025-08-30,2044.34,2179.445003730468
TR-038311,2025-08-30,2999.26,3112.8294213348763
TR-038312,2025-08-30,836.07,861.6938507091888
TR-038313,2025-08-30,2206.24,2285.419520254667
TR-038314,2025-08-30,1535.9,1601.559435767395
TR-038315,2025-08-30,1567.67,1604.1385500991669
TR-038316,2025-08-30,2069.16,1976.811060515395
TR-038317,2025-08-30,3016.58,3236.5181815878723
TR-038318,2025-08-30,1997.86,2043.1736530721116
TR-038319,2025-08-30,3483.44,3647.7692773232766
TR-038320,2025-08-30,2983.43,2920.2346022171982
TR-038321,2025-08-30,2511.74,2488.6533277288822
TR-038322,2025-08-30,4600.11,4632.69498974975
TR-038323,2025-08-30,2546.13,2681.022777128679
TR-038324,2025-08-30,1762.17,1671.3896670269296
TR-038325,2025-08-30,2236.94,2566.663294463829
TR-038326,2025-08-30,4206.68,4186.264290126617
TR-038327,2025-08-30,4288.11,4361.385366166112
TR-038328,2025-08-30,2881.95,2856.1361316029092
TR-038329,2025-08-30,1501.74,3791.217135018398
TR-038330,2025-08-30,2578.73,2577.3095336734605
TR-038331,2025-08-31,3233.75,3384.6049340296177
TR-038332,2025-08-31,698.09,752.6555112584945
TR-038333,2025-08-31,1671.41,1705.8600025074186
TR-038334,2025-08-31,1727.0,1704.925669114165
TR-038335,2025-08-31,5012.22,5427.488977286464
TR-038336,2025-08-31,454.17,567.181921139168
TR-038337,2025-08-31,3354.9,3393.97878905992
TR-038338,2025-08-31,2461.86,2624.6798458973344
TR-038339,2025-08-31,854.42,928.7526290594208
TR-038340,2025-08-31,3475.31,3700.787051686264
TR-038341,2025-08-31,1510.17,1495.0657978721165
TR-038342,2025-08-31,4870.06,5174.850882886105
TR-038343,2025-08-31,907.84,937.2213648135657
TR-038344,2025-08-31,4140.64,4190.316455307086
TR-038345,2025-08-31,449.49,510.44837365996045
TR-038346,2025-08-31,2027.8,1949.0986938756253
TR-038347,2025-08-31,1939.87,1887.2056713913603
TR-038348,2025-08-31,3038.18,3121.48274335953
TR-038349,2025-08-31,4459.97,4464.109457819994
TR-038350,2025-08-31,717.91,808.652304923261
TR-038351,2025-08-31,985.38,1023.6482785494278
TR-038352,2025-08-31,4204.85,4243.265055732907
TR-038353,2025-08-31,1697.78,1767.3916388434554
TR-038354,2025-08-31,1943.47,1811.908320527338
TR-038355,2025-08-31,3666.12,3818.5499717552966
TR-038356,2025-08-31,2916.24,2950.2093940372993
TR-038357,2025-08-31,1456.78,1454.0321424451738
TR-038358,2025-08-31,1864.32,2000.868703742876
TR-038359,2025-08-31,2958.21,2551.1885485927337
TR-038360,2025-08-31,4343.73,4574.785293839977
TR-038361,2025-08-31,1310.33,1299.4750207458064
TR-038362,2025-08-31,3263.99,3411.7708652069978
TR-038363,2025-08-31,3426.22,3620.8861632805433
TR-038364,2025-08-31,1859.2,1782.5371100353354
TR-038365,2025-08-31,2288.42,2177.213312109858
TR-038366,2025-08-31,3232.28,2850.4624211852456
TR-038367,2025-08-31,2801.66,2710.095504340927
TR-038368,2025-08-31,2266.11,2457.4399302805227
TR-038369,2025-08-31,4464.52,4633.506489623489
TR-038370,2025-08-31,3527.76,3543.0709837369404
TR-038371,2025-08-31,2793.3,2782.3902754177084
TR-038372,2025-08-31,2844.85,2831.8567914500804
TR-038373,2025-08-31,420.84,544.4751213903326
TR-038374,2025-08-31,2497.8,2818.5188669851673
TR-038375,2025-08-31,1587.51,1563.7613543416255
TR-038376,2025-08-31,1876.86,1927.1144126504419
TR-038377,2025-08-31,892.93,914.2601556049253
TR-038378,2025-08-31,2089.46,2076.3404835250867
TR-038379,2025-08-31,2665.95,2842.1033120644847
TR-038380,2025-08-31,2167.35,2304.8454881443345
TR-038381,2025-08-31,2952.37,3198.699899589422
TR-038382,2025-08-31,4309.09,4576.647254121737
TR-038383,2025-08-31,603.33,710.992195936318
TR-038384,2025-08-31,2275.18,2272.1536310060255
TR-038385,2025-08-31,4238.1,4166.96721770397
TR-038386,2025-08-31,918.32,942.5395571912934
TR-038387,2025-08-31,578.11,687.6890875322579
TR-038388,2025-08-31,2804.5,2729.661561591367
TR-038389,2025-08-31,2342.64,2420.483681495033
TR-038390,2025-08-31,2146.44,2003.4198048362925
TR-038391,2025-08-31,2009.89,2053.552023372605
TR-038392,2025-08-31,1278.9,1313.319921118321
TR-038393,2025-08-31,4801.85,4897.435601672628
TR-038394,2025-08-31,4661.41,4748.543152013201
TR-038395,2025-08-31,892.65,953.7101188900306
TR-038396,2025-08-31,4691.77,4917.033874072644
TR-038397,2025-08-31,1837.56,1965.779349205434
TR-038398,2025-08-31,1647.49,1735.335632737451
TR-038399,2025-08-31,2063.84,2017.1474855744657
TR-038400,2025-08-31,762.75,823.4724474446684
TR-038401,2025-08-31,631.07,766.5760819938175
TR-038402,2025-08-31,1755.35,1720.99707174412
TR-038403,2025-08-31,4466.13,4760.450068973376
TR-038404,2025-08-31,2574.99,2398.602148798209
TR-038405,2025-08-31,576.69,606.9623589711864
TR-038406,2025-08-31,3685.33,3901.525324915529
TR-038407,2025-08-31,2851.4,2943.0781646170135
TR-038408,2025-08-31,2996.08,3108.187882248136
TR-038409,2025-08-31,4225.72,4209.147234232487
TR-038410,2025-08-31,3850.74,4047.0530224259273
TR-038411,2025-08-31,1239.35,1269.0590649923895
TR-038412,2025-08-31,1222.86,1265.3034983392772
TR-038413,2025-08-31,2142.98,1926.962020167738
TR-038414,2025-08-31,3847.65,4002.200814764109
TR-038415,2025-08-31,1939.02,1926.645866434294
TR-038416,2025-08-31,1887.9,2025.8047185317864
TR-038417,2025-08-31,361.91,549.4261745205636
TR-038418,2025-08-31,5030.28,5235.899689659929
TR-038419,2025-08-31,1578.38,1601.2010575931379
TR-038420,2025-08-31,1834.76,1812.3490932130276
TR-038421,2025-08-31,4722.33,4974.05028462901
TR-038422,2025-08-31,1473.29,1511.0956502659105
TR-038423,2025-08-31,724.88,851.6110745600381
TR-038424,2025-08-31,1873.01,1838.1290057751762
TR-038425,2025-08-31,1875.26,2081.2927134203396
TR-038426,2025-08-31,1534.18,1679.1341438652398
TR-038427,2025-08-31,1017.09,1072.2978375088169
TR-038428,2025-08-31,4375.08,4390.095508936294
TR-038429,2025-08-31,1327.08,1301.8428746227282
TR-038430,2025-08-31,611.1,711.9324245083535
TR-038431,2025-08-31,1778.4,1740.0987820717219
TR-038432,2025-08-31,693.2,783.1167998883843
TR-038433,2025-08-31,1374.19,1341.792928231154
TR-038434,2025-08-31,982.54,1027.3540962536465
TR-038435,2025-08-31,3546.39,3547.5952604264335
TR-038436,2025-08-31,2473.61,2594.715417314275
TR-038437,2025-08-31,2734.79,2697.255958022416
TR-038438,2025-08-31,4245.9,4419.639287912039
TR-038439,2025-08-31,2964.86,3011.337273702011
TR-038440,2025-08-31,3704.63,4019.5582583363093
TR-038441,2025-08-31,2148.12,2227.270649126828
TR-038442,2025-08-31,805.86,856.782474861536
TR-038443,2025-08-31,3067.56,2978.119662630863
TR-038444,2025-08-31,4405.94,4515.749910620678
TR-038445,2025-08-31,618.57,741.0654492265269
TR-038446,2025-08-31,1987.09,2206.425279807554
TR-038447,2025-08-31,1021.84,1032.7104212138715
TR-038448,2025-08-31,449.12,565.4308816676382
TR-038449,2025-08-31,2475.36,2787.607906335416
TR-038450,2025-08-31,1770.71,1820.0713672441686
TR-038451,2025-08-31,2007.29,2060.103196617517
TR-038452,2025-08-31,1346.97,1295.7089747267453
TR-038453,2025-08-31,1282.9,1303.811265627788
TR-038454,2025-08-31,2494.51,2446.6543222186488
TR-038455,2025-08-31,1869.31,1954.6805635484184
TR-038456,2025-08-31,4632.24,4534.85382495715
TR-038457,2025-08-31,3369.16,3558.243681020655
TR-038458,2025-08-31,1405.18,1347.1010492205394
TR-038459,2025-08-31,1587.4,1651.5316041529568
TR-038460,2025-08-31,7384.72,2969.3836863669762
TR-038461,2025-08-31,2459.39,2347.8155529324217
TR-038462,2025-08-31,3536.58,3492.2777990206096
TR-038463,2025-08-31,2121.53,2125.0180004477947
TR-038464,2025-08-31,894.58,939.9695586747782
TR-038465,2025-08-31,1038.53,1054.7895953326768
TR-038466,2025-08-31,2040.45,2004.066987878608
TR-038467,2025-08-31,890.49,942.8657139335794
TR-038468,2025-08-31,699.48,791.2366657195255
TR-038469,2025-08-31,1856.32,1828.386766638158
TR-038470,2025-08-31,214.48,503.60451631476394
TR-038471,2025-08-31,3899.95,4088.173743866299
TR-038472,2025-08-31,4945.76,5015.406136814514
TR-038473,2025-08-31,3057.86,3153.265865232069
TR-038474,2025-08-31,2322.2,2169.2002127033425
TR-038475,2025-08-31,1636.72,1698.0515200159361
TR-038476,2025-08-31,2591.36,2782.6050155260036
TR-038477,2025-08-31,3365.56,3521.509619289198
