load_id,date,posted_rate,predicted_rate
TR-028807,2025-07-01,626.6,609.5919404746912
TR-028808,2025-07-01,935.85,1023.1110256936178
TR-028809,2025-07-01,2098.29,2074.672237026269
TR-028810,2025-07-01,3062.96,2967.2246498948793
TR-028811,2025-07-01,1221.59,1200.523354711756
TR-028812,2025-07-01,1114.49,1087.3165265665239
TR-028813,2025-07-01,1829.62,1821.0062397228278
TR-028814,2025-07-01,10620.88,2937.2832134648434
TR-028815,2025-07-01,562.33,546.1521555562595
TR-028816,2025-07-01,4406.98,4396.095869583731
TR-028817,2025-07-01,1322.56,1300.910902764405
TR-028818,2025-07-01,2634.99,2913.727907462837
TR-028819,2025-07-01,3208.35,3298.6151043748464
TR-028820,2025-07-01,3627.33,3745.743208161668
TR-028821,2025-07-01,2793.15,2969.1715777671725
TR-028822,2025-07-01,2992.18,2924.0107554093574
TR-028823,2025-07-01,2944.35,2976.5516524155805
TR-028824,2025-07-01,3450.56,3667.470447540198
TR-028825,2025-07-01,14317.13,3345.02546852621
TR-028826,2025-07-01,1821.29,1858.856617346035
TR-028827,2025-07-01,1453.06,1518.4312567426732
TR-028828,2025-07-01,327.04,412.53021346337846
TR-028829,2025-07-01,653.64,661.5909478022711
TR-028830,2025-07-01,417.85,499.0478708503879
TR-028831,2025-07-01,1778.94,1754.4197913105836
TR-028832,2025-07-01,2884.66,2708.7627185698734
TR-028833,2025-07-01,1271.87,1238.0924779948782
TR-028834,2025-07-01,839.16,815.5259120510698
TR-028835,2025-07-01,2860.06,3064.73698059819
TR-028836,2025-07-01,698.22,652.6255008998783
TR-028837,2025-07-01,645.97,609.0031990888024
TR-028838,2025-07-01,3502.07,3382.431075652739
TR-028839,2025-07-01,4025.77,3885.97362764775
TR-028840,2025-07-01,1241.43,1238.1514362152352
TR-028841,2025-07-01,2856.47,2814.230080850346
TR-028842,2025-07-01,4300.61,4343.517432983577
TR-028843,2025-07-01,2343.99,2228.4873582570103
TR-028844,2025-07-01,739.24,780.6134836894241
TR-028845,2025-07-01,2176.41,2031.1338487836604
TR-028846,2025-07-01,3866.42,3673.769817616719
TR-028847,2025-07-01,1907.65,1868.614369431711
TR-028848,2025-07-01,3986.07,4031.645737228563
TR-028849,2025-07-01,235.59,322.0601817254694
TR-028850,2025-07-01,1850.29,1821.4809356936607
TR-028851,2025-07-01,982.61,973.2096678007463
TR-028852,2025-07-01,1984.8,1903.2016692006216
TR-028853,2025-07-01,2617.48,2592.3530415178893
TR-028854,2025-07-01,815.85,770.8032199504246
TR-028855,2025-07-01,5303.95,5033.8800683555
TR-028856,2025-07-01,3194.99,2973.748857018004
TR-028857,2025-07-01,914.78,889.4650124293946
TR-028858,2025-07-01,2708.27,2700.9789327816907
TR-028859,2025-07-01,2200.21,2131.1277954508114
TR-028860,2025-07-01,1321.67,1293.3177292761713
TR-028861,2025-07-01,5777.13,5723.130844164247
TR-028862,2025-07-01,1224.18,1257.7064706966335
TR-028863,2025-07-01,516.87,547.1149669678152
TR-028864,2025-07-01,1548.83,1627.6470279927478
TR-028865,2025-07-01,1278.95,1306.964684913352
TR-028866,2025-07-01,1461.33,1494.1595367854943
TR-028867,2025-07-01,273.18,384.603895957086
TR-028868,2025-07-01,4093.76,3995.6454689385255
TR-028869,2025-07-01,4423.87,4299.909745033017
TR-028870,2025-07-01,1377.43,1331.491335213825
TR-028871,2025-07-01,1101.06,1116.431170151134
TR-028872,2025-07-01,3504.89,3474.351410190655
TR-028873,2025-07-01,1840.51,1778.3167561665905
TR-028874,2025-07-01,1216.63,1167.8133454090353
TR-028875,2025-07-01,703.33,657.1503320269965
TR-028876,2025-07-01,356.22,450.31075239858023
TR-028877,2025-07-01,2139.58,1995.0819786706127
TR-028878,2025-07-01,1328.65,1327.7602828982413
TR-028879,2025-07-01,2571.68,2379.3178400072934
TR-028880,2025-07-01,2147.82,2055.6076676289513
TR-028881,2025-07-01,4045.7,4182.512583316433
TR-028882,2025-07-01,5258.57,5272.688769736392
TR-028883,2025-07-01,1509.85,1528.2414557844081
TR-028884,2025-07-01,2493.54,2282.8695864024103
TR-028885,2025-07-01,2007.92,1927.7072177338478
TR-028886,2025-07-01,2705.35,2562.2734009627984
TR-028887,2025-07-01,4773.67,4734.826140805493
TR-028888,2025-07-01,2946.58,2689.7919100453273
TR-028889,2025-07-01,3296.22,3389.806238850215
TR-028890,2025-07-01,1065.26,1016.4563505142254
TR-028891,2025-07-01,4341.59,4309.968257189505
TR-028892,2025-07-01,4819.69,4834.229538357491
TR-028893,2025-07-01,900.44,939.9543158705317
TR-028894,2025-07-01,769.64,757.6487415064423
TR-028895,2025-07-01,2215.65,2325.5383347474412
TR-028896,2025-07-01,3848.85,3866.5637449227925
TR-028897,2025-07-01,1624.75,1563.4598010374652
TR-028898,2025-07-01,2448.78,2441.583912004592
TR-028899,2025-07-01,858.44,889.2591657351154
TR-028900,2025-07-01,2907.21,2963.0993139512993
TR-028901,2025-07-01,1149.03,1148.708008155495
TR-028902,2025-07-01,3544.78,3168.018397826736
TR-028903,2025-07-01,579.66,617.571823955213
TR-028904,2025-07-01,543.27,520.119807426636
TR-028905,2025-07-01,3914.12,3831.4608362145523
TR-028906,2025-07-01,3315.5,3517.7902266179713
TR-028907,2025-07-01,583.89,527.9646584161087
TR-028908,2025-07-01,1173.28,1135.3665333925223
TR-028909,2025-07-01,1981.14,1902.433956140713
TR-028910,2025-07-01,370.42,486.9536037905459
TR-028911,2025-07-01,3861.91,4021.1318669930415
TR-028912,2025-07-01,1230.66,1259.2929674133748
TR-028913,2025-07-01,871.05,836.9729776877252
TR-028914,2025-07-01,4603.91,4762.347530200462
TR-028915,2025-07-01,1580.55,1509.022078732056
TR-028916,2025-07-01,2822.69,2783.0297132887754
TR-028917,2025-07-01,6680.25,6182.20479302008
TR-028918,2025-07-01,2046.52,1932.516221848811
TR-028919,2025-07-01,2178.28,2229.389481584367
TR-028920,2025-07-01,1034.06,996.5619143977342
TR-028921,2025-07-01,688.13,702.4283584183088
TR-028922,2025-07-01,402.91,434.6048233081817
TR-028923,2025-07-01,1853.36,1784.1827808684982
TR-028924,2025-07-01,1855.08,1870.393805158277
TR-028925,2025-07-01,975.19,943.8488839326317
TR-028926,2025-07-01,248.36,429.41030523962786
TR-028927,2025-07-01,1388.73,1344.863443780614
TR-028928,2025-07-01,714.49,704.6777802590043
TR-028929,2025-07-01,3611.14,3560.160259209865
TR-028930,2025-07-01,2908.62,3117.8748436145142
TR-028931,2025-07-01,2165.32,2068.9269638664955
TR-028932,2025-07-01,2021.38,1969.7561145044242
TR-028933,2025-07-01,1581.8,1578.81396896957
TR-028934,2025-07-01,1826.13,1786.435246884035
TR-028935,2025-07-01,919.01,889.7717905912157
TR-028936,2025-07-01,1797.97,1816.0816463377705
TR-028937,2025-07-01,939.1,947.6061582996056
TR-028938,2025-07-01,404.65,457.8968407719535
TR-028939,2025-07-01,3968.9,4050.3147481913556
TR-028940,2025-07-01,3981.55,4094.208493862855
TR-028941,2025-07-01,1943.06,1876.0092175657478
TR-028942,2025-07-02,5711.09,5575.592313882879
TR-028943,2025-07-02,855.3,870.7619297480151
TR-028944,2025-07-02,1695.86,1661.4103128541192
TR-028945,2025-07-02,832.59,872.3863569417679
TR-028946,2025-07-02,5215.9,5309.516156039918
TR-028947,2025-07-02,3653.88,3512.751662596352
TR-028948,2025-07-02,4028.79,3838.6295696070138
TR-028949,2025-07-02,851.35,863.5316981557389
TR-028950,2025-07-02,2996.52,2924.2461988572877
TR-028951,2025-07-02,4131.57,4063.7378164522825
TR-028952,2025-07-02,2892.63,2778.995774982963
TR-028953,2025-07-02,3701.2,3678.3224379956155
TR-028954,2025-07-02,1760.71,1722.3102200194405
TR-028955,2025-07-02,942.81,921.2847031330018
TR-028956,2025-07-02,1920.97,1875.7377454777568
TR-028957,2025-07-02,2407.72,2298.7699331820772
TR-028958,2025-07-02,2319.06,2249.8148929020413
TR-028959,2025-07-02,6114.99,5920.600669376534
TR-028960,2025-07-02,1482.09,1359.87292142556
TR-028961,2025-07-02,4264.16,4227.850275583633
TR-028962,2025-07-02,1585.26,1655.3517545237005
TR-028963,2025-07-02,2356.2,2287.963244008349
TR-028964,2025-07-02,1587.61,1578.5604773864045
TR-028965,2025-07-02,1286.43,1204.7430514106968
TR-028966,2025-07-02,2530.79,2550.250617491664
TR-028967,2025-07-02,1802.0,1807.5964882341816
TR-028968,2025-07-02,3269.47,3096.0047493540173
TR-028969,2025-07-02,3631.63,3570.9360741263
TR-028970,2025-07-02,1567.37,1531.5598923274904
TR-028971,2025-07-02,5145.21,4983.964577048617
TR-028972,2025-07-02,1717.01,1728.8418044438556
TR-028973,2025-07-02,1301.23,1238.8617038504397
TR-028974,2025-07-02,3154.11,3221.894069039804
TR-028975,2025-07-02,4209.18,4221.9685703987925
TR-028976,2025-07-02,2152.54,2084.1215501090537
TR-028977,2025-07-02,1536.48,1537.5145918883104
TR-028978,2025-07-02,864.86,833.5917760409773
TR-028979,2025-07-02,3931.54,3798.8493446285415
TR-028980,2025-07-02,2327.02,2329.5243799363593
TR-028981,2025-07-02,2752.9,2478.4429073681777
TR-028982,2025-07-02,3771.83,3320.3513070200834
TR-028983,2025-07-02,918.39,930.4912887669077
TR-028984,2025-07-02,2212.28,2159.226071648015
TR-028985,2025-07-02,1710.13,1631.9629078739235
TR-028986,2025-07-02,1354.27,1347.0188000040027
TR-028987,2025-07-02,1236.65,1212.3382455982664
TR-028988,2025-07-02,875.39,852.3538918857148
TR-028989,2025-07-02,1836.8,1861.1719432792381
TR-028990,2025-07-02,1767.03,1691.9686435217718
TR-028991,2025-07-02,1041.97,1048.2835674657624
TR-028992,2025-07-02,4940.32,4699.994225686321
TR-028993,2025-07-02,4472.58,4372.81416664688
TR-028994,2025-07-02,2573.29,2572.0166018422706
TR-028995,2025-07-02,4351.15,4614.364712797895
TR-028996,2025-07-02,1156.87,3071.6552370088866
TR-028997,2025-07-02,414.32,425.23536278705274
TR-028998,2025-07-02,3533.26,3147.5118086864386
TR-028999,2025-07-02,1093.87,1048.0667571398594
TR-029000,2025-07-02,2738.89,2667.4157831000734
TR-029001,2025-07-02,1535.3,1548.6872990847985
TR-029002,2025-07-02,1448.52,1379.345619161451
TR-029003,2025-07-02,1652.99,1638.9274651373748
TR-029004,2025-07-02,1289.14,1297.4640125239496
TR-029005,2025-07-02,2736.43,2662.0388912341245
TR-029006,2025-07-02,759.45,728.8306363230065
TR-029007,2025-07-02,3712.22,3722.0396459248727
TR-029008,2025-07-02,2062.12,2036.7050124135985
TR-029009,2025-07-02,830.7,812.6000829789036
TR-029010,2025-07-02,3244.87,2891.298721300541
TR-029011,2025-07-02,1569.03,1597.7795129050426
TR-029012,2025-07-02,999.13,1024.975326985971
TR-029013,2025-07-02,3277.56,3487.764802793156
TR-029014,2025-07-02,1156.57,1180.6744366965947
TR-029015,2025-07-02,5028.75,5090.08163345184
TR-029016,2025-07-02,2438.96,2258.1923862444073
TR-029017,2025-07-02,1428.54,1399.6516553777833
TR-029018,2025-07-02,2633.23,2585.618324226328
TR-029019,2025-07-02,2255.41,2184.312521743942
TR-029020,2025-07-02,2306.72,2220.760211579497
TR-029021,2025-07-02,6533.28,6091.7503116186635
TR-029022,2025-07-02,1835.12,1842.2155782868958
TR-029023,2025-07-02,2127.89,2141.434814816829
TR-029024,2025-07-02,1941.68,1795.2695912095255
TR-029025,2025-07-02,1422.18,1360.4280111109915
TR-029026,2025-07-02,2562.16,2337.479039731345
TR-029027,2025-07-02,2806.86,2753.591288500027
TR-029028,2025-07-02,3821.87,3715.1986149567665
TR-029029,2025-07-02,3490.08,3027.8688560217124
TR-029030,2025-07-02,1944.87,1860.223720535404
TR-029031,2025-07-02,4689.45,4558.898533476772
TR-029032,2025-07-02,600.54,625.3986376259043
TR-029033,2025-07-02,4250.77,4220.3205940765
TR-029034,2025-07-02,1390.85,1392.9526122369034
TR-029035,2025-07-02,2521.13,2353.5634689416706
TR-029036,2025-07-02,2570.02,2569.163964320333
TR-029037,2025-07-02,1787.35,1831.8137681084775
TR-029038,2025-07-02,763.35,771.2338770036292
TR-029039,2025-07-02,4680.28,4414.6723423190615
TR-029040,2025-07-02,632.86,629.3822268332065
TR-029041,2025-07-02,914.78,958.4457975901864
TR-029042,2025-07-02,1354.81,1340.469311779977
TR-029043,2025-07-02,3027.02,3018.9318572211587
TR-029044,2025-07-02,3145.29,3276.769424709765
TR-029045,2025-07-02,2643.78,2758.1451582506634
TR-029046,2025-07-02,3915.41,3930.826607839465
TR-029047,2025-07-02,3646.72,3631.9616722657893
TR-029048,2025-07-02,2101.39,2016.296929607907
TR-029049,2025-07-02,4255.94,3968.2309654297455
TR-029050,2025-07-02,1960.27,1941.415673599489
TR-029051,2025-07-02,2302.58,2152.8501698041673
TR-029052,2025-07-02,1507.02,1508.8859070287817
TR-029053,2025-07-02,2502.53,2534.229032855279
TR-029054,2025-07-02,1645.78,1709.712321589761
TR-029055,2025-07-02,1984.68,5694.260143825557
TR-029056,2025-07-02,667.86,2984.6173935179995
TR-029057,2025-07-02,939.55,910.2165950321435
TR-029058,2025-07-02,385.09,1067.270260923723
TR-029059,2025-07-02,1830.56,1788.9696774075255
TR-029060,2025-07-02,1240.91,1222.4191382999916
TR-029061,2025-07-02,2615.74,2466.298412354475
TR-029062,2025-07-02,994.92,979.5974504829039
TR-029063,2025-07-02,2543.01,2467.4147444641276
TR-029064,2025-07-02,1465.3,1385.871888260725
TR-029065,2025-07-02,1541.37,1654.607276186483
TR-029066,2025-07-02,3444.49,3570.224669533118
TR-029067,2025-07-02,1218.98,1161.505419422118
TR-029068,2025-07-02,1795.15,1795.4073122058667
TR-029069,2025-07-02,1088.73,1076.7586787912544
TR-029070,2025-07-02,4930.68,4959.533559225195
TR-029071,2025-07-02,1778.3,1804.0521553147103
TR-029072,2025-07-02,881.52,849.9174993253325
TR-029073,2025-07-02,3468.84,3445.8355867494133
TR-029074,2025-07-02,3889.14,3891.2582143150657
TR-029075,2025-07-02,5576.85,5671.360939079503
TR-029076,2025-07-02,3618.13,3691.5958875066954
TR-029077,2025-07-02,2173.12,2207.0586395372757
TR-029078,2025-07-02,4207.04,4241.927611000367
TR-029079,2025-07-02,2252.03,2211.2808942603865
TR-029080,2025-07-02,3400.54,3429.159010966739
TR-029081,2025-07-02,4057.18,4100.512056985376
TR-029082,2025-07-02,302.23,337.46275037953274
TR-029083,2025-07-02,1005.71,992.8356091631445
TR-029084,2025-07-02,1313.45,1279.1539979348931
TR-029085,2025-07-02,3401.92,3421.675802296493
TR-029086,2025-07-02,1973.95,1930.268896146367
TR-029087,2025-07-02,3913.76,3879.915713812804
TR-029088,2025-07-02,1281.3,1283.8481790561646
TR-029089,2025-07-02,2986.67,709.5764442461041
TR-029090,2025-07-02,3828.91,3725.800531631696
TR-029091,2025-07-02,4161.23,4102.535194085198
TR-029092,2025-07-02,3500.78,3436.3143238945086
TR-029093,2025-07-02,927.41,897.2569805889516
TR-029094,2025-07-02,3514.9,3710.835000685267
TR-029095,2025-07-02,2571.41,2565.1407386495007
TR-029096,2025-07-02,3126.05,3071.379476248782
TR-029097,2025-07-02,1201.25,1178.1838753808177
TR-029098,2025-07-02,1071.17,1066.2192661105264
TR-029099,2025-07-02,2041.72,2012.4653979948448
TR-029100,2025-07-02,3403.32,3518.6237980694214
TR-029101,2025-07-02,2291.86,2282.0925899619033
TR-029102,2025-07-02,6557.41,5919.763136250305
TR-029103,2025-07-02,1616.31,1643.290296756396
TR-029104,2025-07-02,4067.5,4175.650559501709
TR-029105,2025-07-02,3671.51,3784.693079105621
TR-029106,2025-07-02,2491.55,2250.846862837817
TR-029107,2025-07-02,1022.58,988.776405655376
TR-029108,2025-07-02,2411.54,2218.553284253032
TR-029109,2025-07-02,2672.17,2621.2844249387585
TR-029110,2025-07-02,1411.61,1428.0552537297776
TR-029111,2025-07-02,1302.7,1318.2239193180826
TR-029112,2025-07-02,809.09,810.2577544464682
TR-029113,2025-07-03,1372.84,1275.912408413461
TR-029114,2025-07-03,4993.53,4943.261358499347
TR-029115,2025-07-03,1635.91,1576.674174861741
TR-029116,2025-07-03,4120.34,4185.284342448613
TR-029117,2025-07-03,3178.09,3107.349196188691
TR-029118,2025-07-03,618.65,601.7431935635991
TR-029119,2025-07-03,2610.24,2489.2097868291335
TR-029120,2025-07-03,899.4,850.9525147180445
TR-029121,2025-07-03,945.76,909.4488915125542
TR-029122,2025-07-03,551.17,529.6363966230376
TR-029123,2025-07-03,1768.84,1836.17268760623
TR-029124,2025-07-03,2518.94,2458.860177833285
TR-029125,2025-07-03,363.33,390.7928472967574
TR-029126,2025-07-03,879.49,879.8783474496383
TR-029127,2025-07-03,1411.96,1331.3170814768137
TR-029128,2025-07-03,531.88,573.8726232575052
TR-029129,2025-07-03,1577.31,1501.6338114736875
TR-029130,2025-07-03,3756.05,3634.8389357057445
TR-029131,2025-07-03,1523.87,1445.132928860793
TR-029132,2025-07-03,620.08,655.152814429862
TR-029133,2025-07-03,1272.96,1211.2876653276164
TR-029134,2025-07-03,1547.43,1552.4340840659872
TR-029135,2025-07-03,2195.94,2241.172870311449
TR-029136,2025-07-03,1243.41,1218.0658679986186
TR-029137,2025-07-03,1802.67,1785.4462051089213
TR-029138,2025-07-03,1497.95,1414.4563663979693
TR-029139,2025-07-03,1565.05,1628.9124206523807
TR-029140,2025-07-03,1964.36,2010.34903715486
TR-029141,2025-07-03,1715.34,1707.5769708927658
TR-029142,2025-07-03,1092.52,1064.6044178040836
TR-029143,2025-07-03,3842.68,3835.6693176900735
TR-029144,2025-07-03,3605.69,3606.83181396294
TR-029145,2025-07-03,1365.22,1338.9446085808147
TR-029146,2025-07-03,354.91,377.5977669632948
TR-029147,2025-07-03,819.45,792.0685807579337
TR-029148,2025-07-03,3163.43,2963.7603531768837
TR-029149,2025-07-03,1780.26,1708.5372508858763
TR-029150,2025-07-03,819.93,793.6203501610387
TR-029151,2025-07-03,367.89,347.3355878143998
TR-029152,2025-07-03,1798.74,1744.8085237060077
TR-029153,2025-07-03,2355.7,2124.193588462317
TR-029154,2025-07-03,3258.23,3356.9487197449344
TR-029155,2025-07-03,1639.04,1713.6749926729133
TR-029156,2025-07-03,508.14,465.5386820330036
TR-029157,2025-07-03,1751.51,1683.1439365646856
TR-029158,2025-07-03,4130.3,4101.834436348205
TR-029159,2025-07-03,504.55,507.8332366646855
TR-029160,2025-07-03,739.49,707.1701971191881
TR-029161,2025-07-03,1984.65,1962.3487095504543
TR-029162,2025-07-03,2229.43,2139.6614976752962
TR-029163,2025-07-03,625.37,639.6481161768406
TR-029164,2025-07-03,985.28,1000.6196818082113
TR-029165,2025-07-03,3701.58,3672.323088565398
TR-029166,2025-07-03,599.88,618.4739293570703
TR-029167,2025-07-03,3830.39,3646.206190337101
TR-029168,2025-07-03,1491.5,1472.7484678232272
TR-029169,2025-07-03,798.32,758.1335429125982
TR-029170,2025-07-03,3077.81,3088.1537760387264
TR-029171,2025-07-03,6757.79,5966.152650136515
TR-029172,2025-07-03,2398.43,2337.5647634776365
TR-029173,2025-07-03,1689.91,1660.2127889046196
TR-029174,2025-07-03,4185.87,4072.273298451156
TR-029175,2025-07-03,1888.21,1904.1160162351428
TR-029176,2025-07-03,1024.02,1003.275835833941
TR-029177,2025-07-03,2554.26,2283.726351225532
TR-029178,2025-07-03,1211.43,1190.3925798429714
TR-029179,2025-07-03,3073.9,2921.334925131464
TR-029180,2025-07-03,5471.49,5181.279887281657
TR-029181,2025-07-03,2141.4,2309.068225779201
TR-029182,2025-07-03,3260.53,3244.7990817165564
TR-029183,2025-07-03,2283.75,2224.620917859504
TR-029184,2025-07-03,1496.39,1497.1424075866703
TR-029185,2025-07-03,4132.37,4013.0133457094407
TR-029186,2025-07-03,2167.12,2074.0381563383753
TR-029187,2025-07-03,1848.13,1829.3603420537634
TR-029188,2025-07-03,1390.25,1325.7191785255263
TR-029189,2025-07-03,993.6,993.7193128481674
TR-029190,2025-07-03,3963.72,4064.8475272400474
TR-029191,2025-07-03,2866.56,2666.5612071215837
TR-029192,2025-07-03,3088.02,3059.1871362122783
TR-029193,2025-07-03,3601.13,3666.492987941212
TR-029194,2025-07-03,3175.81,3048.556474043806
TR-029195,2025-07-03,2095.34,2015.2984619750428
TR-029196,2025-07-03,3898.37,3832.02528317812
TR-029197,2025-07-03,1507.49,1511.1985043883665
TR-029198,2025-07-03,750.7,721.891087568453
TR-029199,2025-07-03,727.64,725.403696707109
TR-029200,2025-07-03,5388.14,5391.8921893108145
TR-029201,2025-07-03,5213.56,5044.041699272653
TR-029202,2025-07-03,3975.27,3985.559778351191
TR-029203,2025-07-03,5251.54,5129.80195810403
TR-029204,2025-07-03,2007.61,2060.734843027856
TR-029205,2025-07-03,652.91,622.9673766498124
TR-029206,2025-07-03,2011.24,1946.6826218920362
TR-029207,2025-07-03,717.4,754.1838180709531
TR-029208,2025-07-03,3476.12,3468.5353567677266
TR-029209,2025-07-03,3095.41,2924.2160097967976
TR-029210,2025-07-03,1681.61,1652.5926473634104
TR-029211,2025-07-03,868.37,906.8226286567169
TR-029212,2025-07-03,1555.08,1541.247985099078
TR-029213,2025-07-03,1243.46,1252.7816413394744
TR-029214,2025-07-03,2429.23,2300.3412296862625
TR-029215,2025-07-03,2047.49,1998.4531272584247
TR-029216,2025-07-03,3904.97,3865.659859742673
TR-029217,2025-07-03,4014.57,3961.193299033195
TR-029218,2025-07-03,3504.91,3671.15647675373
TR-029219,2025-07-03,3890.59,3764.1086842303994
TR-029220,2025-07-03,3530.95,3168.773803890337
TR-029221,2025-07-03,820.77,787.7875840708414
TR-029222,2025-07-03,555.72,572.296689006613
TR-029223,2025-07-03,2359.44,2393.5628448011835
TR-029224,2025-07-03,1438.78,1396.2153582268506
TR-029225,2025-07-03,3022.9,3096.698673225521
TR-029226,2025-07-03,1780.81,1785.062115251524
TR-029227,2025-07-03,5808.93,5622.393592907332
TR-029228,2025-07-03,1227.25,1201.487780796116
TR-029229,2025-07-03,4089.85,3860.6576994498582
TR-029230,2025-07-03,3026.77,2907.22932140404
TR-029231,2025-07-03,2970.8,2867.439844406846
TR-029232,2025-07-03,2739.12,2737.798434084986
TR-029233,2025-07-03,4740.65,4786.9518194981265
TR-029234,2025-07-03,1199.16,1172.568887582223
TR-029235,2025-07-03,3065.85,3045.121660125218
TR-029236,2025-07-03,1910.41,1908.180043436735
TR-029237,2025-07-03,2359.23,2244.795486153465
TR-029238,2025-07-03,2771.73,2585.7947613446095
TR-029239,2025-07-03,452.41,2091.4406055855616
TR-029240,2025-07-03,1470.71,1384.442050193205
TR-029241,2025-07-03,2721.94,2752.7172083551313
TR-029242,2025-07-03,1764.63,1816.6284019556256
TR-029243,2025-07-03,4127.61,3898.13386039971
TR-029244,2025-07-03,2736.72,2674.028947948763
TR-029245,2025-07-03,2259.6,2174.7703121901236
TR-029246,2025-07-03,1948.46,1885.0408918928902
TR-029247,2025-07-03,2759.39,2711.600679774866
TR-029248,2025-07-03,4634.7,4458.767192121584
TR-029249,2025-07-03,4362.9,4346.807531064581
TR-029250,2025-07-03,1761.67,1724.4547939771091
TR-029251,2025-07-03,1779.73,1792.118038005277
TR-029252,2025-07-03,1736.02,1723.422002302811
TR-029253,2025-07-03,1139.87,1152.5869677340922
TR-029254,2025-07-03,466.76,452.66219138096017
TR-029255,2025-07-03,5091.93,5053.172730465547
TR-029256,2025-07-03,5237.17,4882.428174723353
TR-029257,2025-07-03,4141.16,4223.3223157897055
TR-029258,2025-07-03,1449.51,1417.251064871899
TR-029259,2025-07-03,1532.58,1558.7875503557727
TR-029260,2025-07-03,2554.74,2601.8253887900996
TR-029261,2025-07-03,3867.09,3920.858059869898
TR-029262,2025-07-03,731.01,716.7017064199974
TR-029263,2025-07-03,2045.53,2009.6424152925072
TR-029264,2025-07-03,2005.72,1991.6075863663648
TR-029265,2025-07-03,1727.72,1692.0014382970016
TR-029266,2025-07-03,875.59,871.4172466730206
TR-029267,2025-07-03,3582.28,3585.8267806261742
TR-029268,2025-07-03,5397.96,1650.854876847829
TR-029269,2025-07-03,1423.44,1360.3435504061686
TR-029270,2025-07-03,4594.59,4409.354413876657
TR-029271,2025-07-03,1852.17,1799.0908888817382
TR-029272,2025-07-03,5851.06,5738.425036854183
TR-029273,2025-07-03,5773.55,5635.248340053668
TR-029274,2025-07-03,1571.52,1506.2695450105628
TR-029275,2025-07-03,615.72,628.631919547501
TR-029276,2025-07-03,984.22,957.5100719317034
TR-029277,2025-07-03,5132.78,5111.632894756056
TR-029278,2025-07-03,7269.5,1522.4699560894833
TR-029279,2025-07-03,1326.62,1324.1330248332097
TR-029280,2025-07-03,1595.79,1667.9752675085833
TR-029281,2025-07-03,2320.91,2187.790619151504
TR-029282,2025-07-03,2133.72,2056.4857242523344
TR-029283,2025-07-03,5304.85,5362.915472113293
TR-029284,2025-07-03,2918.04,2903.5786141340736
TR-029285,2025-07-04,4019.88,4054.9541532866456
TR-029286,2025-07-04,13817.43,3239.6976427190525
TR-029287,2025-07-04,2143.34,2136.3306561795475
TR-029288,2025-07-04,639.48,648.5822796810676
TR-029289,2025-07-04,1847.91,1891.652571848052
TR-029290,2025-07-04,5440.05,5432.862219501532
TR-029291,2025-07-04,4157.05,4151.94327417262
TR-029292,2025-07-04,2758.46,2573.0547232544113
TR-029293,2025-07-04,528.02,527.2464809490809
TR-029294,2025-07-04,3698.93,3697.3650095223247
TR-029295,2025-07-04,1625.58,1666.3928508474046
TR-029296,2025-07-04,1918.63,1790.079579504738
TR-029297,2025-07-04,2385.13,2490.977052012301
TR-029298,2025-07-04,1947.16,2017.3950528846299
TR-029299,2025-07-04,4087.24,4040.351873493077
TR-029300,2025-07-04,1888.37,1823.1050727683662
TR-029301,2025-07-04,4764.99,4547.655744355864
TR-029302,2025-07-04,5112.57,4952.600762449187
TR-029303,2025-07-04,4796.35,4754.897400883643
TR-029304,2025-07-04,2494.55,2454.9775766523726
TR-029305,2025-07-04,4537.98,4277.318252569178
TR-029306,2025-07-04,1035.87,1048.8209446801038
TR-029307,2025-07-04,919.79,915.6609288553691
TR-029308,2025-07-04,2804.29,2660.8425222062497
TR-029309,2025-07-04,722.76,738.3236836891554
TR-029310,2025-07-04,1199.68,1109.1853811738183
TR-029311,2025-07-04,1158.38,1157.7945617462424
TR-029312,2025-07-04,5514.34,5466.258613726675
TR-029313,2025-07-04,3865.41,3676.129145240877
TR-029314,2025-07-04,3925.43,3873.3687174616284
TR-029315,2025-07-04,1477.98,1412.192096827505
TR-029316,2025-07-04,2055.98,2049.7047910511915
TR-029317,2025-07-04,3927.35,3774.125281112969
TR-029318,2025-07-04,3927.72,3600.3013255904307
TR-029319,2025-07-04,4225.89,4218.0058878435375
TR-029320,2025-07-04,2882.95,2967.9210813346263
TR-029321,2025-07-04,2697.99,2543.6302566801696
TR-029322,2025-07-04,3145.99,3046.9212719759057
TR-029323,2025-07-04,1177.34,1153.0880133045912
TR-029324,2025-07-04,1367.89,1336.0883747304606
TR-029325,2025-07-04,1494.5,1478.896823045832
TR-029326,2025-07-04,829.71,796.6452975790519
TR-029327,2025-07-04,3994.55,4015.4614686251834
TR-029328,2025-07-04,1796.35,1718.645885656345
TR-029329,2025-07-04,4076.22,4140.640767490845
TR-029330,2025-07-04,4022.62,3972.2876538707087
TR-029331,2025-07-04,1322.87,1276.7309429577526
TR-029332,2025-07-04,2223.07,2312.4461010031528
TR-029333,2025-07-04,2105.37,2107.7926113812787
TR-029334,2025-07-04,3426.84,3449.297749349076
TR-029335,2025-07-04,996.34,934.9311557287481
TR-029336,2025-07-04,1508.58,1553.7507468174977
TR-029337,2025-07-04,4357.42,4313.520245240921
TR-029338,2025-07-04,3723.96,3917.1409647984583
TR-029339,2025-07-04,1304.58,1317.9850158128515
TR-029340,2025-07-04,4386.53,4558.961723569591
TR-029341,2025-07-04,1454.55,1382.0181129213106
TR-029342,2025-07-04,2585.52,2453.028778751743
TR-029343,2025-07-04,701.1,697.5527054260826
TR-029344,2025-07-04,4181.68,4054.2700698899444
TR-029345,2025-07-04,696.83,690.1233753290032
TR-029346,2025-07-04,2132.08,2096.1429221300127
TR-029347,2025-07-04,2378.43,2324.963011823229
TR-029348,2025-07-04,3131.22,2844.5111553483193
TR-029349,2025-07-04,1798.2,1708.6229113412746
TR-029350,2025-07-04,490.31,535.6347138236154
TR-029351,2025-07-04,4233.73,4359.308791924666
TR-029352,2025-07-04,344.43,415.74925275528767
TR-029353,2025-07-04,1290.82,1265.82175758343
TR-029354,2025-07-04,1580.3,1604.078096504254
TR-029355,2025-07-04,893.72,852.4960662361377
TR-029356,2025-07-04,1469.03,1345.3970406157446
TR-029357,2025-07-04,3968.35,3984.502447990869
TR-029358,2025-07-04,4206.42,4508.58681921005
TR-029359,2025-07-04,4325.3,4267.0855971665915
TR-029360,2025-07-04,3406.29,3539.496817480245
TR-029361,2025-07-04,2647.51,2727.514441624706
TR-029362,2025-07-04,2240.91,2291.520610253201
TR-029363,2025-07-04,442.27,463.68511309493215
TR-029364,2025-07-04,2293.52,2331.5326625007538
TR-029365,2025-07-04,2452.37,2246.456516741443
TR-029366,2025-07-04,4875.9,4856.0875146899925
TR-029367,2025-07-04,3446.64,3134.485865690577
TR-029368,2025-07-04,2099.15,2030.8293421476483
TR-029369,2025-07-04,803.22,827.5383782963813
TR-029370,2025-07-04,658.24,607.6107914701686
TR-029371,2025-07-04,1468.13,1545.2285740610532
TR-029372,2025-07-04,2036.7,2004.4715736301637
TR-029373,2025-07-04,5313.86,5348.545908419803
TR-029374,2025-07-04,3392.6,3456.1773397489487
TR-029375,2025-07-04,2033.25,1954.373214290741
TR-029376,2025-07-04,710.07,736.4524305170983
TR-029377,2025-07-04,1915.96,1909.8614726711482
TR-029378,2025-07-04,3730.89,3801.2696688260944
TR-029379,2025-07-04,2631.99,2513.7089054023722
TR-029380,2025-07-04,2937.1,2927.674827070351
TR-029381,2025-07-04,1330.81,1373.709078354782
TR-029382,2025-07-04,681.33,680.9640671347686
TR-029383,2025-07-04,1296.27,1284.3177757594494
TR-029384,2025-07-04,882.14,871.4932533067492
TR-029385,2025-07-04,1677.87,1696.593687245391
TR-029386,2025-07-04,4418.08,4218.78717440306
TR-029387,2025-07-04,2798.61,2548.082889510626
TR-029388,2025-07-04,2045.88,2010.8664000856936
TR-029389,2025-07-04,3290.81,3198.7978266096598
TR-029390,2025-07-04,4252.48,4088.313873033064
TR-029391,2025-07-04,1839.26,1817.4753850070674
TR-029392,2025-07-04,2040.87,1970.9108039229186
TR-029393,2025-07-04,2951.52,2793.674932746404
TR-029394,2025-07-04,1936.5,1928.592864141326
TR-029395,2025-07-04,2529.67,2553.2903498915507
TR-029396,2025-07-04,1244.39,1255.3635929023421
TR-029397,2025-07-04,1370.28,1354.2787925413522
TR-029398,2025-07-04,5749.58,5606.0798252630275
TR-029399,2025-07-04,2016.41,1976.1887389564051
TR-029400,2025-07-04,3292.86,3491.7769293072006
TR-029401,2025-07-04,4087.19,4059.5626620050652
TR-029402,2025-07-04,807.99,839.4003310760797
TR-029403,2025-07-04,818.29,794.904849238437
TR-029404,2025-07-04,2465.5,2370.130810926017
TR-029405,2025-07-04,3194.19,3141.4491628120286
TR-029406,2025-07-04,2249.56,2199.832333553903
TR-029407,2025-07-04,5425.66,5396.089348115116
TR-029408,2025-07-04,1914.88,1999.0667169427861
TR-029409,2025-07-04,1767.63,1700.6531791394991
TR-029410,2025-07-04,2001.73,1993.732798047674
TR-029411,2025-07-04,1617.99,1674.4024887155933
TR-029412,2025-07-04,1640.33,1578.6086261660917
TR-029413,2025-07-04,1782.21,1763.456335908406
TR-029414,2025-07-04,1243.0,1300.3954267455174
TR-029415,2025-07-04,1954.86,1867.0853157402876
TR-029416,2025-07-04,4593.72,4623.868847226154
TR-029417,2025-07-04,564.78,580.875658966997
TR-029418,2025-07-04,1681.36,1619.3134714268126
TR-029419,2025-07-04,5824.57,5831.131031041492
TR-029420,2025-07-04,1089.71,1033.1695664287458
TR-029421,2025-07-04,1737.98,1720.4929719641889
TR-029422,2025-07-04,3485.98,3448.41849304277
TR-029423,2025-07-04,1837.71,1777.4197466008425
TR-029424,2025-07-04,5739.12,5807.96713593914
TR-029425,2025-07-04,1722.82,1728.6284022250388
TR-029426,2025-07-04,1629.28,1663.6880822936878
TR-029427,2025-07-04,3703.13,3664.921588520072
TR-029428,2025-07-04,3722.23,3661.935246309594
TR-029429,2025-07-04,617.99,659.8280417993362
TR-029430,2025-07-04,1596.17,1527.3258974413748
TR-029431,2025-07-04,2065.76,2054.340234313155
TR-029432,2025-07-04,1449.07,1430.7938566343382
TR-029433,2025-07-04,2048.62,1997.2584058384955
TR-029434,2025-07-04,1041.1,1039.8882623512686
TR-029435,2025-07-04,4345.44,4351.646684505493
TR-029436,2025-07-04,1244.09,1207.9624484726241
TR-029437,2025-07-04,999.87,938.8590644489452
TR-029438,2025-07-04,2567.85,2690.36718325569
TR-029439,2025-07-04,974.25,1016.2880839009277
TR-029440,2025-07-04,3787.08,3859.5408916134925
TR-029441,2025-07-04,1729.94,1774.2152213924703
TR-029442,2025-07-04,5041.51,5068.537256902963
TR-029443,2025-07-04,4589.0,4752.2754348276085
TR-029444,2025-07-04,4144.83,3947.1529996101626
TR-029445,2025-07-05,1495.83,1557.6917039764296
TR-029446,2025-07-05,1196.55,1186.3963719341973
TR-029447,2025-07-05,3251.55,3574.201389327912
TR-029448,2025-07-05,3750.93,3820.771884801419
TR-029449,2025-07-05,3787.58,3568.4787048679873
TR-029450,2025-07-05,1531.92,1469.435413591667
TR-029451,2025-07-05,1005.19,1037.9533276928973
TR-029452,2025-07-05,902.04,876.8696543841891
TR-029453,2025-07-05,1723.05,1802.6521752584242
TR-029454,2025-07-05,792.69,820.206334848561
TR-029455,2025-07-05,4043.93,4104.506579354407
TR-029456,2025-07-05,1483.35,1474.5637087281716
TR-029457,2025-07-05,855.4,848.2176732586847
TR-029458,2025-07-05,3866.73,3856.758849731411
TR-029459,2025-07-05,1106.28,5063.540521139637
TR-029460,2025-07-05,4236.66,4261.014390417911
TR-029461,2025-07-05,2741.53,2707.208137499508
TR-029462,2025-07-05,1031.18,1013.2259327566787
TR-029463,2025-07-05,827.88,862.3917481734213
TR-029464,2025-07-05,4206.35,4429.40429475119
TR-029465,2025-07-05,3138.63,3042.7892546441567
TR-029466,2025-07-05,4769.15,4538.490240711937
TR-029467,2025-07-05,702.09,1834.790701483994
TR-029468,2025-07-05,2421.97,2304.352635970578
TR-029469,2025-07-05,777.65,749.7198933848772
TR-029470,2025-07-05,1311.94,1338.39321279988
TR-029471,2025-07-05,1409.21,1412.6237020695876
TR-029472,2025-07-05,3969.15,3725.09376510619
TR-029473,2025-07-05,797.28,750.4696124132818
TR-029474,2025-07-05,2416.03,2269.7034470141652
TR-029475,2025-07-05,1773.5,1800.9265785171115
TR-029476,2025-07-05,1904.6,1804.573721814445
TR-029477,2025-07-05,4984.87,4807.993047254837
TR-029478,2025-07-05,1148.65,3985.6557859754002
TR-029479,2025-07-05,1389.51,1353.5060167843249
TR-029480,2025-07-05,3099.14,2719.491832526359
TR-029481,2025-07-05,5032.11,4986.775490183483
TR-029482,2025-07-05,2166.86,2218.538416934198
TR-029483,2025-07-05,4038.3,4061.572113931205
TR-029484,2025-07-05,971.09,1007.5651437153266
TR-029485,2025-07-05,1033.12,999.9069808229733
TR-029486,2025-07-05,4902.03,4912.522767734764
TR-029487,2025-07-05,1627.18,1667.0488468144354
TR-029488,2025-07-05,3257.36,3274.0381514114542
TR-029489,2025-07-05,1781.19,1743.3489244105913
TR-029490,2025-07-05,5274.28,5104.737357646434
TR-029491,2025-07-05,3670.72,3770.6378360128883
TR-029492,2025-07-05,1237.53,1245.280904793719
TR-029493,2025-07-05,1975.38,1946.9047818011468
TR-029494,2025-07-05,1599.65,1624.187974097104
TR-029495,2025-07-05,4818.53,4770.0286916189925
TR-029496,2025-07-05,2984.98,2884.1477784368144
TR-029497,2025-07-05,2865.45,2401.394191332887
TR-029498,2025-07-05,3842.82,3820.3705179560798
TR-029499,2025-07-05,2811.6,2598.909954757021
TR-029500,2025-07-05,3330.61,3518.6301342865054
TR-029501,2025-07-05,3523.03,3444.924933337756
TR-029502,2025-07-05,1909.48,1887.316796171439
TR-029503,2025-07-05,4548.76,4877.111015275323
TR-029504,2025-07-05,1159.26,1141.1487434368864
TR-029505,2025-07-05,1247.77,1218.6574869336755
TR-029506,2025-07-05,1182.16,1197.2540793496205
TR-029507,2025-07-05,3803.43,3972.96079167692
TR-029508,2025-07-05,4126.76,4140.512219931062
TR-029509,2025-07-05,629.04,606.1419108520038
TR-029510,2025-07-05,2315.52,2324.18487877969
TR-029511,2025-07-05,1178.19,1129.1176478261286
TR-029512,2025-07-05,1012.04,969.4236747709595
TR-029513,2025-07-05,3424.96,3255.893517584498
TR-029514,2025-07-05,3200.94,3065.971260159062
TR-029515,2025-07-05,4428.23,4474.781685579232
TR-029516,2025-07-05,1820.64,1859.2672460695974
TR-029517,2025-07-05,3625.07,3670.8380235746945
TR-029518,2025-07-05,1519.05,1506.5816170699536
TR-029519,2025-07-05,531.61,546.9370096933037
TR-029520,2025-07-05,2747.64,2824.184459234525
TR-029521,2025-07-05,3235.84,3134.162264568755
TR-029522,2025-07-05,4997.88,4959.279590836177
TR-029523,2025-07-05,1250.27,1209.1814307759387
TR-029524,2025-07-05,516.91,559.0255122784051
TR-029525,2025-07-05,2731.3,2746.6866489212216
TR-029526,2025-07-05,3941.71,3358.764441649515
TR-029527,2025-07-05,1353.25,1286.0925955686134
TR-029528,2025-07-05,4776.1,4629.157848474728
TR-029529,2025-07-05,2526.59,2711.2692232539675
TR-029530,2025-07-05,1818.14,1751.4637669882827
TR-029531,2025-07-05,2174.19,2127.144616650389
TR-029532,2025-07-05,991.44,994.90330935307
TR-029533,2025-07-05,4784.95,4692.0283876719695
TR-029534,2025-07-05,1028.05,1036.4824796831053
TR-029535,2025-07-05,1485.39,1381.694616378815
TR-029536,2025-07-05,4262.82,4316.918289684989
TR-029537,2025-07-05,1748.65,1760.3919461436885
TR-029538,2025-07-05,1988.92,1905.8425917559284
TR-029539,2025-07-05,1444.01,1427.4974697702196
TR-029540,2025-07-05,4081.0,3805.6220533622327
TR-029541,2025-07-05,1459.64,1460.0240695447314
TR-029542,2025-07-05,900.08,921.7289683646936
TR-029543,2025-07-05,1646.61,1609.8270831891805
TR-029544,2025-07-05,3964.59,3905.1546891949756
TR-029545,2025-07-05,3882.86,3758.4815900885687
TR-029546,2025-07-05,1936.38,1911.6814372253098
TR-029547,2025-07-05,1361.92,1375.0003433319848
TR-029548,2025-07-05,1124.47,1086.887473926377
TR-029549,2025-07-05,531.52,497.57080998009224
TR-029550,2025-07-05,2413.62,2369.7390787188915
TR-029551,2025-07-05,3685.44,3847.6480354787095
TR-029552,2025-07-05,3157.83,3127.806477598106
TR-029553,2025-07-05,4308.66,4095.6994873465705
TR-029554,2025-07-05,1376.85,1362.8329903550525
TR-029555,2025-07-05,5950.82,5545.870852327254
TR-029556,2025-07-05,741.9,752.3627553441506
TR-029557,2025-07-05,5594.43,5510.440966239252
TR-029558,2025-07-05,885.65,869.6833008956182
TR-029559,2025-07-05,563.63,593.1465282160079
TR-029560,2025-07-05,2970.02,2796.6111884516954
TR-029561,2025-07-05,999.72,951.6618862141254
TR-029562,2025-07-05,1337.29,1318.6962207131937
TR-029563,2025-07-05,1956.45,1928.5492217167644
TR-029564,2025-07-05,866.47,861.7355322995284
TR-029565,2025-07-05,2106.25,2104.0976333137387
TR-029566,2025-07-05,1652.09,1655.903275432365
TR-029567,2025-07-05,3442.12,3607.6337967340546
TR-029568,2025-07-05,1966.63,1913.3244278230275
TR-029569,2025-07-05,1676.66,1658.1939713032407
TR-029570,2025-07-05,3054.67,3114.6384404576174
TR-029571,2025-07-05,760.97,771.6909397811232
TR-029572,2025-07-05,4415.52,4199.542016036018
TR-029573,2025-07-05,3771.03,3779.6635308573354
TR-029574,2025-07-05,3164.49,3209.9719898289745
TR-029575,2025-07-05,1537.25,1555.3102601944602
TR-029576,2025-07-05,1590.07,1613.142621794434
TR-029577,2025-07-05,3834.16,3799.554358441657
TR-029578,2025-07-05,1839.86,1798.3702913895931
TR-029579,2025-07-05,1069.51,1061.8701061200331
TR-029580,2025-07-05,5041.32,5048.858403006678
TR-029581,2025-07-05,814.13,769.6590448437858
TR-029582,2025-07-05,1618.0,1637.3482678290848
TR-029583,2025-07-05,1950.61,1899.3932583229262
TR-029584,2025-07-05,1732.69,1766.831793124561
TR-029585,2025-07-05,3900.36,4260.796668388622
TR-029586,2025-07-05,3486.55,3458.548197284604
TR-029587,2025-07-05,763.59,721.7252861686386
TR-029588,2025-07-05,5030.16,4952.695815826002
TR-029589,2025-07-05,585.34,634.9750980355955
TR-029590,2025-07-05,2116.65,2306.5743933418157
TR-029591,2025-07-05,3020.17,3364.4952816363734
TR-029592,2025-07-05,1401.68,1422.3842419696402
TR-029593,2025-07-05,2138.02,2099.772877469967
TR-029594,2025-07-05,1205.69,1172.909741089275
TR-029595,2025-07-05,617.46,614.8009038764042
TR-029596,2025-07-05,898.06,900.0543149265429
TR-029597,2025-07-05,1767.05,1819.9865297701988
TR-029598,2025-07-05,519.31,548.766048302218
TR-029599,2025-07-05,2858.4,2757.5066618260735
TR-029600,2025-07-05,1773.71,1726.9805460415664
TR-029601,2025-07-05,1299.89,1335.3808293945904
TR-029602,2025-07-06,4513.23,4490.676803059949
TR-029603,2025-07-06,832.92,884.2254425964027
TR-029604,2025-07-06,1624.22,1653.7929618789344
TR-029605,2025-07-06,4360.01,3931.4637536615774
TR-029606,2025-07-06,4577.93,4422.430341745534
TR-029607,2025-07-06,2299.21,2075.363771474277
TR-029608,2025-07-06,4114.77,4146.0932666426925
TR-029609,2025-07-06,3623.95,3596.789088784699
TR-029610,2025-07-06,2856.51,2661.009603293025
TR-029611,2025-07-06,1792.47,1798.5463733419842
TR-029612,2025-07-06,3302.2,3472.451526152234
TR-029613,2025-07-06,1121.54,1148.2565720643872
TR-029614,2025-07-06,3624.28,3731.7708325806807
TR-029615,2025-07-06,4231.21,4069.3674624310247
TR-029616,2025-07-06,4312.0,4293.52236145968
TR-029617,2025-07-06,5790.14,5681.173990887387
TR-029618,2025-07-06,3368.95,3341.3297810299
TR-029619,2025-07-06,1426.19,1411.7190040734633
TR-029620,2025-07-06,2074.09,2086.3771671336035
TR-029621,2025-07-06,2532.05,2479.4284191247434
TR-029622,2025-07-06,3846.05,3618.1025500513038
TR-029623,2025-07-06,983.13,963.4525712669072
TR-029624,2025-07-06,993.18,1005.026767311988
TR-029625,2025-07-06,2680.09,2630.0869962559564
TR-029626,2025-07-06,720.22,706.1756015720464
TR-029627,2025-07-06,2238.73,2144.6530307549306
TR-029628,2025-07-06,5249.4,5043.176413882306
TR-029629,2025-07-06,3257.91,3340.3900161450338
TR-029630,2025-07-06,2698.54,2725.1569421733107
TR-029631,2025-07-06,2560.74,2621.2996112544915
TR-029632,2025-07-06,1597.46,1626.8083419637012
TR-029633,2025-07-06,4475.09,4295.723908171865
TR-029634,2025-07-06,2149.52,2131.989023458011
TR-029635,2025-07-06,3534.47,3735.414055919332
TR-029636,2025-07-06,2347.08,2460.2008645275037
TR-029637,2025-07-06,2006.6,1953.2563269689012
TR-029638,2025-07-06,551.68,562.3709647399721
TR-029639,2025-07-06,4003.18,4101.947561564426
TR-029640,2025-07-06,672.9,680.2619530905354
TR-029641,2025-07-06,4554.63,4609.710369136847
TR-029642,2025-07-06,815.3,843.1610599741116
TR-029643,2025-07-06,4142.67,4012.8890931344968
TR-029644,2025-07-06,1249.07,1285.326058974429
TR-029645,2025-07-06,5358.34,2159.857998843983
TR-029646,2025-07-06,2324.37,2484.9041376555524
TR-029647,2025-07-06,2058.7,2042.1402093659296
TR-029648,2025-07-06,1350.03,1317.0144905376178
TR-029649,2025-07-06,2313.31,2329.788039317697
TR-029650,2025-07-06,575.49,569.31092712095
TR-029651,2025-07-06,1228.85,1191.0359606696084
TR-029652,2025-07-06,3264.82,3310.837688899389
TR-029653,2025-07-06,5751.03,5573.488492697584
TR-029654,2025-07-06,2347.62,2626.798680213123
TR-029655,2025-07-06,1552.41,1559.5615482890264
TR-029656,2025-07-06,1413.81,1424.3085268213933
TR-029657,2025-07-06,1316.01,1376.8022494527202
TR-029658,2025-07-06,2632.16,2797.527924002828
TR-029659,2025-07-06,1030.76,1010.1768441738901
TR-029660,2025-07-06,2266.75,2162.271591127405
TR-029661,2025-07-06,1202.34,1253.2222435412805
TR-029662,2025-07-06,2443.58,2385.9866770276426
TR-029663,2025-07-06,5707.96,5654.775499981592
TR-029664,2025-07-06,11668.74,3284.84735514833
TR-029665,2025-07-06,1584.88,1626.5983698359503
TR-029666,2025-07-06,1362.22,1346.2970340513357
TR-029667,2025-07-06,2243.83,2180.4761144540585
TR-029668,2025-07-06,3100.02,3054.1973904231763
TR-029669,2025-07-06,1646.85,1641.6359425345977
TR-029670,2025-07-06,1683.28,1694.509767497709
TR-029671,2025-07-06,1896.2,1893.458692168772
TR-029672,2025-07-06,1343.45,1256.9708411524252
TR-029673,2025-07-06,1478.1,1396.7904573871833
TR-029674,2025-07-06,4335.38,4252.665255610975
TR-029675,2025-07-06,802.27,817.1716074848573
TR-029676,2025-07-06,2015.18,1970.1891418277664
TR-029677,2025-07-06,1831.1,1768.4501865620127
TR-029678,2025-07-06,582.19,614.0661056533604
TR-029679,2025-07-06,2779.86,2633.627420921904
TR-029680,2025-07-06,1320.15,1304.753612124765
TR-029681,2025-07-06,964.92,1002.8768260813475
TR-029682,2025-07-06,4645.47,4685.650861677581
TR-029683,2025-07-06,726.69,799.632374606005
TR-029684,2025-07-06,819.71,837.8620361627202
TR-029685,2025-07-06,4315.1,4155.490644560217
TR-029686,2025-07-06,1078.23,1075.4422248139485
TR-029687,2025-07-06,615.1,612.9053930914702
TR-029688,2025-07-06,1115.04,1050.3346670654118
TR-029689,2025-07-06,2031.45,1993.4262800729362
TR-029690,2025-07-06,3275.44,3345.8941262924495
TR-029691,2025-07-06,762.83,810.5398805703251
TR-029692,2025-07-06,2148.64,2134.557190531555
TR-029693,2025-07-06,2296.55,2173.951442005826
TR-029694,2025-07-06,2061.38,2287.3674502162457
TR-029695,2025-07-06,3608.02,3772.4427504017326
TR-029696,2025-07-06,1782.63,1769.1313437325211
TR-029697,2025-07-06,1292.92,1252.0225540108413
TR-029698,2025-07-06,769.8,799.7258299459718
TR-029699,2025-07-06,1150.48,1083.9852945879406
TR-029700,2025-07-06,2879.67,2603.456928073385
TR-029701,2025-07-06,1930.48,1939.7873840865336
TR-029702,2025-07-06,1627.15,1646.525185233835
TR-029703,2025-07-06,1694.67,1666.3523067330057
TR-029704,2025-07-06,2145.18,2042.7772925244878
TR-029705,2025-07-06,2370.51,2174.627997336954
TR-029706,2025-07-06,2588.12,2741.1358618467475
TR-029707,2025-07-06,1268.29,1336.077347997189
TR-029708,2025-07-06,3534.89,3708.450745998678
TR-029709,2025-07-06,2375.02,2375.047325973347
TR-029710,2025-07-06,1489.93,1529.6351666478406
TR-029711,2025-07-06,1376.68,1376.2498232293915
TR-029712,2025-07-06,1043.58,969.7506409980963
TR-029713,2025-07-06,2071.76,2006.8342048547968
TR-029714,2025-07-06,1209.07,1172.071310548083
TR-029715,2025-07-06,1219.22,1253.3830609617448
TR-029716,2025-07-06,1339.91,1340.1718852362364
TR-029717,2025-07-06,2868.75,2829.5541344623075
TR-029718,2025-07-06,6056.34,6017.292672215417
TR-029719,2025-07-06,5099.29,5291.496332189373
TR-029720,2025-07-06,1058.21,1022.0846124111575
TR-029721,2025-07-06,2092.4,2044.4209024323322
TR-029722,2025-07-06,350.72,369.50535998913665
TR-029723,2025-07-06,2269.61,2342.0908917281577
TR-029724,2025-07-06,395.91,486.59630237259853
TR-029725,2025-07-06,1758.81,1697.443579561631
TR-029726,2025-07-06,2114.9,2099.4413205975
TR-029727,2025-07-06,4633.67,4850.395000951998
TR-029728,2025-07-06,3058.63,2878.95628564664
TR-029729,2025-07-06,1689.52,1685.2418025415734
TR-029730,2025-07-06,928.06,916.1716422802581
TR-029731,2025-07-06,2661.19,2675.61952949063
TR-029732,2025-07-06,2265.17,2185.414634270043
TR-029733,2025-07-06,959.9,922.3217073267317
TR-029734,2025-07-06,2149.69,2147.34036512538
TR-029735,2025-07-06,4293.49,4305.740538283725
TR-029736,2025-07-06,3038.18,3228.0818343725396
TR-029737,2025-07-06,743.21,731.1279018060593
TR-029738,2025-07-06,3556.04,3638.143562806019
TR-029739,2025-07-06,1228.53,1194.0173213770097
TR-029740,2025-07-06,391.76,389.30652897060463
TR-029741,2025-07-06,2082.26,2078.7321588334703
TR-029742,2025-07-06,4870.49,4721.216039387225
TR-029743,2025-07-06,4025.95,4104.673287008852
TR-029744,2025-07-06,4968.89,4862.427583908417
TR-029745,2025-07-06,4640.5,4656.395686718322
TR-029746,2025-07-06,608.97,560.6784274319184
TR-029747,2025-07-06,3524.86,3706.578877117213
TR-029748,2025-07-06,1857.37,1762.4552082871974
TR-029749,2025-07-06,1908.71,1822.629760489097
TR-029750,2025-07-06,3921.87,3857.7090074842636
TR-029751,2025-07-06,1581.72,1573.90175003331
TR-029752,2025-07-06,1401.27,1401.1133173538751
TR-029753,2025-07-06,2245.65,2054.821287081362
TR-029754,2025-07-06,1443.59,1372.8166495116802
TR-029755,2025-07-06,5719.02,5651.107495280186
TR-029756,2025-07-06,617.74,655.7788535048342
TR-029757,2025-07-06,3909.21,3683.835572542647
TR-029758,2025-07-06,2891.15,2636.80021486997
TR-029759,2025-07-06,2794.91,2404.214378819442
TR-029760,2025-07-07,3652.5,3653.34240580002
TR-029761,2025-07-07,3208.66,3168.5104537283532
TR-029762,2025-07-07,2071.21,1975.7410250685882
TR-029763,2025-07-07,3513.08,3628.5300259888913
TR-029764,2025-07-07,5710.29,5396.544766492588
TR-029765,2025-07-07,1105.94,1118.7712878728375
TR-029766,2025-07-07,1810.27,1828.8623776743777
TR-029767,2025-07-07,560.53,590.2052971943051
TR-029768,2025-07-07,384.65,366.10104461265405
TR-029769,2025-07-07,4203.06,4096.390130849106
TR-029770,2025-07-07,2722.41,2405.7054402005947
TR-029771,2025-07-07,1394.22,1340.704749829216
TR-029772,2025-07-07,1754.92,1689.5957807824964
TR-029773,2025-07-07,1777.79,1773.6084063179405
TR-029774,2025-07-07,4212.42,4281.705658396504
TR-029775,2025-07-07,2088.72,2025.6697535809185
TR-029776,2025-07-07,998.63,994.3027371058754
TR-029777,2025-07-07,2251.07,2098.2560286732905
TR-029778,2025-07-07,1031.12,995.8152268674555
TR-029779,2025-07-07,3039.93,3096.133210665288
TR-029780,2025-07-07,1076.51,1067.4683108234049
TR-029781,2025-07-07,643.11,614.0063264875203
TR-029782,2025-07-07,4946.54,4551.968741534157
TR-029783,2025-07-07,951.82,927.6663046577667
TR-029784,2025-07-07,1619.46,1601.2177200438596
TR-029785,2025-07-07,4576.49,4621.450694994686
TR-029786,2025-07-07,2157.24,2091.8284174370374
TR-029787,2025-07-07,785.28,806.8379581007835
TR-029788,2025-07-07,2011.13,2005.2076444975814
TR-029789,2025-07-07,4166.98,4071.7107473813567
TR-029790,2025-07-07,4351.72,1726.2744461096577
TR-029791,2025-07-07,2570.66,2542.2987779198847
TR-029792,2025-07-07,3764.81,3817.7848077297604
TR-029793,2025-07-07,3472.67,3457.078360318279
TR-029794,2025-07-07,972.06,924.8828627734747
TR-029795,2025-07-07,1872.28,1854.991471749437
TR-029796,2025-07-07,2046.59,1961.4779390240178
TR-029797,2025-07-07,2179.72,2266.743368363454
TR-029798,2025-07-07,1208.32,1154.095739501363
TR-029799,2025-07-07,812.94,804.9167066202322
TR-029800,2025-07-07,3253.63,3372.099372661278
TR-029801,2025-07-07,3060.08,3055.956486740488
TR-029802,2025-07-07,722.1,726.4558433973232
TR-029803,2025-07-07,952.36,955.8975901733882
TR-029804,2025-07-07,1631.59,1626.7959342817385
TR-029805,2025-07-07,3728.4,3953.1310534173745
TR-029806,2025-07-07,4889.84,4706.65165115837
TR-029807,2025-07-07,1196.07,1168.6679975384184
TR-029808,2025-07-07,3066.58,3140.1810846949857
TR-029809,2025-07-07,3686.7,3594.1236503835694
TR-029810,2025-07-07,3348.65,3405.1870297720943
TR-029811,2025-07-07,263.32,1160.652854320716
TR-029812,2025-07-07,1909.16,1775.845318623663
TR-029813,2025-07-07,1118.11,1157.2597664670698
TR-029814,2025-07-07,1963.8,1977.5217533784714
TR-029815,2025-07-07,1179.95,1159.7919484328045
TR-029816,2025-07-07,4140.45,4098.16231416578
TR-029817,2025-07-07,3332.63,3265.41376358657
TR-029818,2025-07-07,2996.51,3121.915429242354
TR-029819,2025-07-07,1076.08,1071.6676678088093
TR-029820,2025-07-07,5157.08,5274.751874335292
TR-029821,2025-07-07,3260.8,3373.839946271183
TR-029822,2025-07-07,2970.19,2682.2835050856274
TR-029823,2025-07-07,2531.29,2712.258291348108
TR-029824,2025-07-07,1222.4,1246.7932303528514
TR-029825,2025-07-07,3915.5,3897.358256484905
TR-029826,2025-07-07,1649.96,1673.5167932445531
TR-029827,2025-07-07,1038.42,1018.4221932847306
TR-029828,2025-07-07,1105.46,1154.6894494260237
TR-029829,2025-07-07,1140.4,1165.9857130429364
TR-029830,2025-07-07,241.77,364.3519732968839
TR-029831,2025-07-07,4796.23,4761.161094355855
TR-029832,2025-07-07,2627.06,2747.255770972912
TR-029833,2025-07-07,3740.1,3770.254123344105
TR-029834,2025-07-07,705.3,728.0434606351678
TR-029835,2025-07-07,1847.01,1847.5309988150525
TR-029836,2025-07-07,2054.9,2197.105141705607
TR-029837,2025-07-07,2730.21,3080.0156850990124
TR-029838,2025-07-07,985.22,986.0371298883015
TR-029839,2025-07-07,558.22,588.9418284336825
TR-029840,2025-07-07,2056.06,2107.084946634957
TR-029841,2025-07-07,2936.61,3000.8127259403605
TR-029842,2025-07-07,3223.34,3151.772106233565
TR-029843,2025-07-07,4852.09,4504.880777749997
TR-029844,2025-07-07,1826.8,1845.6080507547847
TR-029845,2025-07-07,4920.45,4885.552889089444
TR-029846,2025-07-07,1646.33,1607.7345946204387
TR-029847,2025-07-07,4098.28,3807.9582309595135
TR-029848,2025-07-07,3933.73,3797.7370059394007
TR-029849,2025-07-07,1846.89,1954.671763186341
TR-029850,2025-07-07,3910.23,3867.4047432317275
TR-029851,2025-07-07,2291.12,2173.7365583019728
TR-029852,2025-07-07,1430.19,1406.7898972960586
TR-029853,2025-07-07,1880.41,1876.4564448668857
TR-029854,2025-07-07,1149.71,1087.5776994191633
TR-029855,2025-07-07,5071.42,5110.361858726399
TR-029856,2025-07-07,985.59,1016.4157697775429
TR-029857,2025-07-07,1053.52,1074.4845522656024
TR-029858,2025-07-07,795.93,802.9070149952097
TR-029859,2025-07-07,937.62,886.3195531585916
TR-029860,2025-07-07,1773.57,1836.1699642727533
TR-029861,2025-07-07,761.96,767.6106070891649
TR-029862,2025-07-07,649.15,608.973771507433
TR-029863,2025-07-07,2634.37,2623.9921207525113
TR-029864,2025-07-07,4382.8,4397.3116078006115
TR-029865,2025-07-07,6127.77,5910.341505763643
TR-029866,2025-07-07,2749.98,2944.400523169327
TR-029867,2025-07-07,2117.13,2033.1326453790223
TR-029868,2025-07-07,529.64,529.4065177770008
TR-029869,2025-07-07,1682.91,1736.036696340218
TR-029870,2025-07-07,917.0,920.6958536219047
TR-029871,2025-07-07,1441.54,1411.9323690596436
TR-029872,2025-07-07,2108.04,2061.068097335068
TR-029873,2025-07-07,2153.45,2229.11393934025
TR-029874,2025-07-07,745.13,748.2973208563631
TR-029875,2025-07-07,4275.75,4198.405215510609
TR-029876,2025-07-07,1759.78,1727.0202578060278
TR-029877,2025-07-07,2618.05,2531.3886306756294
TR-029878,2025-07-07,1551.91,1478.5636282857445
TR-029879,2025-07-07,1207.83,1184.625278653236
TR-029880,2025-07-07,3816.51,3902.7629375382594
TR-029881,2025-07-07,2594.91,2562.439888522925
TR-029882,2025-07-07,1428.73,1403.1034640354637
TR-029883,2025-07-07,2385.68,2344.920825731438
TR-029884,2025-07-07,1130.41,1157.4612835748203
TR-029885,2025-07-07,2666.36,2758.619923584909
TR-029886,2025-07-07,2616.03,2423.668706403031
TR-029887,2025-07-07,2579.89,2321.2181593062396
TR-029888,2025-07-07,3845.66,1194.8181110050207
TR-029889,2025-07-07,1370.56,1334.2767016045004
TR-029890,2025-07-07,2076.69,2016.9076640212313
TR-029891,2025-07-07,4103.29,4120.0455999930455
TR-029892,2025-07-07,3937.2,3919.734590399833
TR-029893,2025-07-07,4142.27,4096.403804670486
TR-029894,2025-07-07,4380.44,4357.048833831352
TR-029895,2025-07-07,3669.44,3662.266446156506
TR-029896,2025-07-07,5806.21,5637.358082625313
TR-029897,2025-07-07,3717.33,3686.1273269350677
TR-029898,2025-07-07,3918.62,4031.1453687650255
TR-029899,2025-07-07,762.97,761.0451617135448
TR-029900,2025-07-07,672.44,661.9247357701217
TR-029901,2025-07-07,588.46,604.9611520623919
TR-029902,2025-07-07,1780.94,1770.9679438556448
TR-029903,2025-07-07,2076.43,2281.9486719375404
TR-029904,2025-07-07,2985.89,2782.8196098126555
TR-029905,2025-07-07,3520.39,3473.9901229133425
TR-029906,2025-07-07,3022.93,2891.9336236229474
TR-029907,2025-07-07,1485.47,1417.0857360156092
TR-029908,2025-07-07,3627.75,3723.612706120922
TR-029909,2025-07-07,1377.56,1350.021959924803
TR-029910,2025-07-07,1005.05,943.541233428243
TR-029911,2025-07-07,5280.81,5295.806550242453
TR-029912,2025-07-07,4152.27,4008.367101658125
TR-029913,2025-07-07,1677.13,1684.1843463698556
TR-029914,2025-07-07,308.96,430.4281222086838
TR-029915,2025-07-07,1546.41,1544.7574239448293
TR-029916,2025-07-07,1509.34,1450.2557295223537
TR-029917,2025-07-07,2598.13,2346.6339362795516
TR-029918,2025-07-07,2802.36,3020.899470935029
TR-029919,2025-07-07,3308.09,3080.8246307409263
TR-029920,2025-07-07,2575.87,2673.7751897260123
TR-029921,2025-07-08,1644.7,1595.2709725364089
TR-029922,2025-07-08,452.53,519.1142988963222
TR-029923,2025-07-08,1773.86,1722.9218433954904
TR-029924,2025-07-08,5407.07,5358.256266309851
TR-029925,2025-07-08,1827.0,1843.9570765612184
TR-029926,2025-07-08,750.24,774.4154874473334
TR-029927,2025-07-08,5195.32,5015.139099070002
TR-029928,2025-07-08,1659.44,1578.947905705842
TR-029929,2025-07-08,3807.67,3828.3976617867274
TR-029930,2025-07-08,4625.88,4671.140688165262
TR-029931,2025-07-08,2559.65,2238.910027039572
TR-029932,2025-07-08,1869.96,1870.3657268791112
TR-029933,2025-07-08,1741.74,1727.477798338582
TR-029934,2025-07-08,1864.5,1866.1237839581718
TR-029935,2025-07-08,2157.75,2128.76770105762
TR-029936,2025-07-08,4454.91,4326.347832535479
TR-029937,2025-07-08,1846.43,1748.441955860512
TR-029938,2025-07-08,4308.43,4421.852382761557
TR-029939,2025-07-08,2424.46,2404.547010188691
TR-029940,2025-07-08,4293.06,4585.160916436595
TR-029941,2025-07-08,3220.54,2942.011476765018
TR-029942,2025-07-08,1065.49,1027.8010478958254
TR-029943,2025-07-08,1055.32,1118.8976137574557
TR-029944,2025-07-08,4251.67,4100.51522220354
TR-029945,2025-07-08,5234.45,5149.002134336484
TR-029946,2025-07-08,4787.27,4786.504347967556
TR-029947,2025-07-08,1742.46,1737.2306880589422
TR-029948,2025-07-08,3396.48,3376.144481193771
TR-029949,2025-07-08,598.25,613.4122112816838
TR-029950,2025-07-08,5491.89,5334.9241470529705
TR-029951,2025-07-08,2161.73,2241.3387314127667
TR-029952,2025-07-08,1195.62,1177.6422370126352
TR-029953,2025-07-08,2540.32,2510.0875671289664
TR-029954,2025-07-08,2806.38,2629.1064307132406
TR-029955,2025-07-08,1886.19,1839.26581023397
TR-029956,2025-07-08,2163.87,2010.851506896656
TR-029957,2025-07-08,3004.0,2993.6871779440226
TR-029958,2025-07-08,1142.68,1085.2646047509184
TR-029959,2025-07-08,2841.34,2683.647801293854
TR-029960,2025-07-08,1825.14,1892.450613963069
TR-029961,2025-07-08,3356.42,3412.7535305635574
TR-029962,2025-07-08,1293.11,1227.9377398582312
TR-029963,2025-07-08,3583.66,3619.900701520277
TR-029964,2025-07-08,2300.37,2222.5910460497953
TR-029965,2025-07-08,2565.53,2399.6323444472473
TR-029966,2025-07-08,2733.0,2915.6682472791913
TR-029967,2025-07-08,1609.28,1540.3893898614638
TR-029968,2025-07-08,1995.25,2071.8454595051976
TR-029969,2025-07-08,1488.25,1480.9843228871155
TR-029970,2025-07-08,1984.16,1896.0152813580198
TR-029971,2025-07-08,2713.57,2715.3060923546677
TR-029972,2025-07-08,2286.85,2407.2677742108453
TR-029973,2025-07-08,1124.29,1159.0518169412353
TR-029974,2025-07-08,1333.38,1302.8138795652865
TR-029975,2025-07-08,3526.89,3485.965002421922
TR-029976,2025-07-08,2104.75,2310.7338478091247
TR-029977,2025-07-08,1291.2,1244.851968772442
TR-029978,2025-07-08,1308.6,1324.2885124726183
TR-029979,2025-07-08,3618.61,3735.3815302730754
TR-029980,2025-07-08,704.43,699.9442127129987
TR-029981,2025-07-08,3929.93,4097.597051095432
TR-029982,2025-07-08,607.63,620.8733613999184
TR-029983,2025-07-08,4203.07,4281.333553195889
TR-029984,2025-07-08,890.88,883.4555442466833
TR-029985,2025-07-08,913.71,911.7727073767917
TR-029986,2025-07-08,4293.71,4311.808250390407
TR-029987,2025-07-08,4101.92,4066.797629218453
TR-029988,2025-07-08,4916.55,4800.970176697145
TR-029989,2025-07-08,906.56,864.7231484653844
TR-029990,2025-07-08,5112.96,5182.60586440997
TR-029991,2025-07-08,2354.4,2100.7026246986698
TR-029992,2025-07-08,3177.96,3170.7493300797933
TR-029993,2025-07-08,4704.81,4714.338590538682
TR-029994,2025-07-08,997.17,988.931459874553
TR-029995,2025-07-08,3777.81,3776.284922716805
TR-029996,2025-07-08,3749.13,3685.3267797322533
TR-029997,2025-07-08,1585.47,1598.92970126637
TR-029998,2025-07-08,1025.8,1042.3490973209798
TR-029999,2025-07-08,2408.88,2503.2609691367825
TR-030000,2025-07-08,1141.97,1171.313837385614
TR-030001,2025-07-08,2376.48,2282.9216890692333
TR-030002,2025-07-08,5720.81,5551.770894662495
TR-030003,2025-07-08,3627.57,3457.510432101701
TR-030004,2025-07-08,1332.8,1280.5391782342076
TR-030005,2025-07-08,1383.7,1409.0398242086221
TR-030006,2025-07-08,2777.65,2608.9926803545795
TR-030007,2025-07-08,1368.29,1306.0814184117003
TR-030008,2025-07-08,4208.45,4074.095998314856
TR-030009,2025-07-08,3361.33,3446.8291934942636
TR-030010,2025-07-08,1944.06,1934.520539776969
TR-030011,2025-07-08,1162.95,1157.2524883976776
TR-030012,2025-07-08,2389.02,2383.6110202321925
TR-030013,2025-07-08,3689.71,3816.534504589412
TR-030014,2025-07-08,2967.97,2847.001893266099
TR-030015,2025-07-08,631.45,626.305052133537
TR-030016,2025-07-08,257.56,700.0377626613299
TR-030017,2025-07-08,1167.59,1105.2343613050648
TR-030018,2025-07-08,2709.45,2473.8156824787925
TR-030019,2025-07-08,3697.65,3874.2042560606233
TR-030020,2025-07-08,3279.46,3316.7344590660655
TR-030021,2025-07-08,2917.16,3146.9163925544235
TR-030022,2025-07-08,867.03,877.2147268977458
TR-030023,2025-07-08,2155.12,2146.8396044954748
TR-030024,2025-07-08,648.08,666.321850097735
TR-030025,2025-07-08,659.71,650.6089894450688
TR-030026,2025-07-08,1822.58,1794.4541075527502
TR-030027,2025-07-08,4917.64,4807.908183995749
TR-030028,2025-07-08,3390.55,3554.697195827875
TR-030029,2025-07-08,1863.17,1811.645829733182
TR-030030,2025-07-08,1290.16,1253.4874379946118
TR-030031,2025-07-08,5068.93,4952.018881744916
TR-030032,2025-07-08,1326.82,1271.7875361379793
TR-030033,2025-07-08,654.74,648.4072414569441
TR-030034,2025-07-08,3069.03,2961.0976600160225
TR-030035,2025-07-08,3625.56,3730.848438408484
TR-030036,2025-07-08,1111.55,1131.1632827492822
TR-030037,2025-07-08,4601.79,4543.711704771405
TR-030038,2025-07-08,2516.27,2266.8902409372427
TR-030039,2025-07-08,4506.2,4101.364957500584
TR-030040,2025-07-08,1688.02,1739.3746689778272
TR-030041,2025-07-08,1373.06,1369.5495265030227
TR-030042,2025-07-08,3881.78,3647.4316254021596
TR-030043,2025-07-08,1176.33,1174.0544718587153
TR-030044,2025-07-08,1867.59,1797.6921546545889
TR-030045,2025-07-08,607.6,575.6845095693072
TR-030046,2025-07-08,1334.43,1269.5180288345064
TR-030047,2025-07-08,600.02,587.9571511981533
TR-030048,2025-07-08,2020.54,2007.4265826389214
TR-030049,2025-07-08,2461.77,2512.177415251342
TR-030050,2025-07-08,1220.34,1177.4574173887654
TR-030051,2025-07-08,1150.24,1081.405312029899
TR-030052,2025-07-08,1171.78,1182.559286781268
TR-030053,2025-07-08,843.66,840.4961550780506
TR-030054,2025-07-08,2932.68,2935.590327844836
TR-030055,2025-07-08,670.67,641.3134806816256
TR-030056,2025-07-08,1821.22,1796.6478089271232
TR-030057,2025-07-08,2084.7,2181.9935794682747
TR-030058,2025-07-08,1723.45,1694.2623539019596
TR-030059,2025-07-08,2271.48,2150.2056073995172
TR-030060,2025-07-08,1183.92,1156.737289921255
TR-030061,2025-07-08,2355.46,2277.494658391446
TR-030062,2025-07-08,1749.53,1654.8503599444698
TR-030063,2025-07-08,3752.29,3722.37668823473
TR-030064,2025-07-08,2078.58,2040.5515190048923
TR-030065,2025-07-08,1571.22,1571.6877847699575
TR-030066,2025-07-08,1337.74,1366.7540802694698
TR-030067,2025-07-08,440.58,399.22564498128986
TR-030068,2025-07-08,2122.34,2334.893004669852
TR-030069,2025-07-08,3595.37,3628.1968694863417
TR-030070,2025-07-08,413.57,438.75489520352676
TR-030071,2025-07-08,2407.45,2689.4353540779193
TR-030072,2025-07-08,3719.01,3699.9285093728786
TR-030073,2025-07-08,2163.53,2100.6138398998864
TR-030074,2025-07-08,4168.93,4312.757277150811
TR-030075,2025-07-08,3893.03,3664.474044845832
TR-030076,2025-07-08,4797.89,4895.185947864369
TR-030077,2025-07-08,984.19,931.0698256843586
TR-030078,2025-07-08,1491.15,1506.59527418177
TR-030079,2025-07-09,1918.31,1878.7181464335738
TR-030080,2025-07-09,2505.27,2616.9326492488535
TR-030081,2025-07-09,689.7,669.0763326249364
TR-030082,2025-07-09,1177.25,1131.983674536713
TR-030083,2025-07-09,823.68,847.0418895160738
TR-030084,2025-07-09,1586.23,1540.201227902445
TR-030085,2025-07-09,4460.44,4343.791796813493
TR-030086,2025-07-09,1179.49,1168.7066418311015
TR-030087,2025-07-09,2525.5,2466.961457606522
TR-030088,2025-07-09,3252.7,3227.464166612381
TR-030089,2025-07-09,861.45,829.4409231468837
TR-030090,2025-07-09,733.1,736.8825357904459
TR-030091,2025-07-09,1213.49,1113.7972074738773
TR-030092,2025-07-09,1021.99,1036.0784902143823
TR-030093,2025-07-09,3560.52,3389.373892165111
TR-030094,2025-07-09,1125.27,1065.6125781506473
TR-030095,2025-07-09,597.85,589.7478165939208
TR-030096,2025-07-09,2443.73,2248.640322964184
TR-030097,2025-07-09,1196.88,1168.6584356053527
TR-030098,2025-07-09,3787.41,3934.613882002519
TR-030099,2025-07-09,2504.91,2331.7349804374203
TR-030100,2025-07-09,1114.16,1093.2417697748149
TR-030101,2025-07-09,1617.52,1579.1163077930446
TR-030102,2025-07-09,699.76,672.1406862966583
TR-030103,2025-07-09,2677.13,2698.1183340910447
TR-030104,2025-07-09,2589.23,2366.3350657429905
TR-030105,2025-07-09,4836.0,4688.762060544741
TR-030106,2025-07-09,5216.09,5092.938022271586
TR-030107,2025-07-09,2488.39,2381.074062288536
TR-030108,2025-07-09,3721.62,3756.6026475723984
TR-030109,2025-07-09,2798.5,2466.1118090848963
TR-030110,2025-07-09,4221.43,4098.07787131493
TR-030111,2025-07-09,2899.95,2685.6444718184066
TR-030112,2025-07-09,2060.38,1930.5269230882768
TR-030113,2025-07-09,3093.4,3058.130670288265
TR-030114,2025-07-09,1694.08,1726.1557642967455
TR-030115,2025-07-09,376.78,380.4746131981642
TR-030116,2025-07-09,2573.8,2563.6632655812073
TR-030117,2025-07-09,573.61,602.4494142723972
TR-030118,2025-07-09,1731.16,1710.7511802177619
TR-030119,2025-07-09,4923.86,4882.027064556468
TR-030120,2025-07-09,2370.49,2394.590634909184
TR-030121,2025-07-09,3468.06,3564.8896316567884
TR-030122,2025-07-09,2957.67,2685.598615173728
TR-030123,2025-07-09,1015.2,1011.4580027170929
TR-030124,2025-07-09,2925.94,2727.1659150476917
TR-030125,2025-07-09,1204.9,1164.0569823916935
TR-030126,2025-07-09,2264.18,2180.0635068649763
TR-030127,2025-07-09,538.31,533.1687454355799
TR-030128,2025-07-09,4180.35,3984.361031609451
TR-030129,2025-07-09,790.68,780.7193950918452
TR-030130,2025-07-09,858.02,830.3017072347923
TR-030131,2025-07-09,2210.64,2394.5254458202694
TR-030132,2025-07-09,2130.31,2074.188159022298
TR-030133,2025-07-09,5376.03,5360.656652447804
TR-030134,2025-07-09,1368.21,1322.4740624917886
TR-030135,2025-07-09,880.62,858.2307088448692
TR-030136,2025-07-09,2633.33,2532.5649071275093
TR-030137,2025-07-09,3214.93,3125.558970463597
TR-030138,2025-07-09,1410.07,1373.5301121652856
TR-030139,2025-07-09,1544.25,1442.215950903238
TR-030140,2025-07-09,4028.53,3878.8427575817086
TR-030141,2025-07-09,1131.34,1037.2252931422304
TR-030142,2025-07-09,6253.88,6003.829416719912
TR-030143,2025-07-09,837.32,818.9246316858105
TR-030144,2025-07-09,345.24,363.95571146110433
TR-030145,2025-07-09,604.66,600.7190605968451
TR-030146,2025-07-09,5490.92,5326.052570198195
TR-030147,2025-07-09,3548.48,3663.7927644939837
TR-030148,2025-07-09,561.47,552.9138396786061
TR-030149,2025-07-09,2610.84,2532.204650325671
TR-030150,2025-07-09,4107.71,4154.371235525654
TR-030151,2025-07-09,4673.1,4704.345668785592
TR-030152,2025-07-09,1018.93,1008.1259303565498
TR-030153,2025-07-09,1963.42,1909.7208292558607
TR-030154,2025-07-09,4096.14,4083.392055417178
TR-030155,2025-07-09,1261.07,1219.4668050718278
TR-030156,2025-07-09,1047.4,1070.9861180830121
TR-030157,2025-07-09,1491.03,1514.9302920816033
TR-030158,2025-07-09,1871.14,1787.2615813289233
TR-030159,2025-07-09,941.58,935.9764486765177
TR-030160,2025-07-09,1051.8,1028.2629224465136
TR-030161,2025-07-09,2295.37,2235.188043196171
TR-030162,2025-07-09,2309.83,2484.2689793163017
TR-030163,2025-07-09,1752.57,1708.8544675230728
TR-030164,2025-07-09,947.02,937.6264485675154
TR-030165,2025-07-09,4639.86,4735.564114747255
TR-030166,2025-07-09,2156.39,2089.9340392991744
TR-030167,2025-07-09,641.98,652.0483513284858
TR-030168,2025-07-09,4130.83,3971.7047331953463
TR-030169,2025-07-09,1977.38,1931.5860869190228
TR-030170,2025-07-09,5432.18,5120.094560809106
TR-030171,2025-07-09,4457.44,4363.401250932486
TR-030172,2025-07-09,3381.78,3406.0463986302957
TR-030173,2025-07-09,2422.81,2296.1766750328984
TR-030174,2025-07-09,1628.56,1606.9467983475301
TR-030175,2025-07-09,1832.26,1807.2006800412983
TR-030176,2025-07-09,1625.66,1594.9090932374656
TR-030177,2025-07-09,2032.0,1953.4263326785044
TR-030178,2025-07-09,2439.62,2355.0759043125236
TR-030179,2025-07-09,5210.28,4955.0612628917115
TR-030180,2025-07-09,358.61,392.9220357819963
TR-030181,2025-07-09,823.5,814.505931681412
TR-030182,2025-07-09,4181.78,4196.0375361028855
TR-030183,2025-07-09,4156.52,4229.800989273765
TR-030184,2025-07-09,4388.84,4424.265947909371
TR-030185,2025-07-09,5057.59,5000.559514110694
TR-030186,2025-07-09,1095.22,1056.1068523073159
TR-030187,2025-07-09,2087.95,2033.904061752318
TR-030188,2025-07-09,1689.82,1546.541762870958
TR-030189,2025-07-09,3016.53,3027.4630069310288
TR-030190,2025-07-09,1074.18,1046.4418156489328
TR-030191,2025-07-09,2452.29,2735.4192881943436
TR-030192,2025-07-09,3536.39,3876.8106868321283
TR-030193,2025-07-09,1477.74,1455.984549750435
TR-030194,2025-07-09,642.44,591.8554674204731
TR-030195,2025-07-09,3963.63,3719.593403430131
TR-030196,2025-07-09,3875.7,3995.0443747421104
TR-030197,2025-07-09,1852.71,1820.5954399720854
TR-030198,2025-07-09,2701.94,2755.410008570626
TR-030199,2025-07-09,3050.6,2854.1327735924847
TR-030200,2025-07-09,3908.63,3932.5276548267675
TR-030201,2025-07-09,5504.76,5130.99712769783
TR-030202,2025-07-09,2968.73,3035.7010971121244
TR-030203,2025-07-09,3858.33,3886.01035157717
TR-030204,2025-07-09,3713.37,3491.5386183695796
TR-030205,2025-07-09,2952.19,2732.640090119836
TR-030206,2025-07-09,1505.23,1405.6578053747612
TR-030207,2025-07-09,4231.6,4118.458780181287
TR-030208,2025-07-09,1402.44,1431.5463664448337
TR-030209,2025-07-09,1783.63,1783.7605925643313
TR-030210,2025-07-09,3698.1,3783.0827440562225
TR-030211,2025-07-09,1377.03,1310.525920144486
TR-030212,2025-07-09,1098.53,1104.1745014640428
TR-030213,2025-07-09,1137.98,1124.6033795245735
TR-030214,2025-07-09,2549.82,2470.1012838138354
TR-030215,2025-07-09,1003.06,984.1705174893766
TR-030216,2025-07-09,4588.11,4280.545115342472
TR-030217,2025-07-09,5099.39,5053.46392856127
TR-030218,2025-07-09,1361.85,1345.6672199961426
TR-030219,2025-07-09,394.67,396.4689216961972
TR-030220,2025-07-09,6025.48,5782.038590504853
TR-030221,2025-07-09,1032.94,1018.7192115682539
TR-030222,2025-07-09,1722.75,1716.4474400396475
TR-030223,2025-07-09,900.24,892.8366442943382
TR-030224,2025-07-09,3537.12,3615.029309323668
TR-030225,2025-07-09,2312.7,2161.3898358725796
TR-030226,2025-07-09,1830.89,1849.079335703567
TR-030227,2025-07-09,1321.23,1257.3863424980716
TR-030228,2025-07-09,1245.3,1271.581604966337
TR-030229,2025-07-09,3730.35,3765.4351746178745
TR-030230,2025-07-09,2628.19,2714.823950337828
TR-030231,2025-07-09,968.65,974.2127253544472
TR-030232,2025-07-09,4748.61,4665.819154227244
TR-030233,2025-07-09,5015.01,4868.862484894784
TR-030234,2025-07-09,4412.43,4359.917739899211
TR-030235,2025-07-09,1411.03,1416.9425923741783
TR-030236,2025-07-09,3444.42,3438.9137859414395
TR-030237,2025-07-09,2415.31,2436.542465455924
TR-030238,2025-07-09,4379.17,4373.791173512237
TR-030239,2025-07-10,2373.65,2176.4410007342476
TR-030240,2025-07-10,897.34,874.105493375388
TR-030241,2025-07-10,3399.79,3487.74198592107
TR-030242,2025-07-10,3815.85,3605.470033801718
TR-030243,2025-07-10,1815.89,1723.6130747500124
TR-030244,2025-07-10,1045.47,1078.9769499611057
TR-030245,2025-07-10,5115.5,4818.903176261263
TR-030246,2025-07-10,4418.0,4319.809475804655
TR-030247,2025-07-10,9195.08,2345.1214671298535
TR-030248,2025-07-10,1737.14,1698.3879605889033
TR-030249,2025-07-10,2628.29,2564.6736203245755
TR-030250,2025-07-10,2058.62,2034.1381920905817
TR-030251,2025-07-10,2239.98,2167.392778791351
TR-030252,2025-07-10,4130.03,4063.6493249572204
TR-030253,2025-07-10,1099.01,1098.7273391012704
TR-030254,2025-07-10,2180.16,2055.5346206959794
TR-030255,2025-07-10,805.51,831.6479368622333
TR-030256,2025-07-10,1829.67,1741.4421484875202
TR-030257,2025-07-10,2870.07,2946.2292218970683
TR-030258,2025-07-10,831.31,860.067021138362
TR-030259,2025-07-10,3472.38,3164.6501205430145
TR-030260,2025-07-10,1791.11,1816.6380293903196
TR-030261,2025-07-10,2803.99,2821.3080751460475
TR-030262,2025-07-10,4313.93,4323.934498669181
TR-030263,2025-07-10,3828.95,3725.0629794500096
TR-030264,2025-07-10,2358.71,2488.0691187223247
TR-030265,2025-07-10,2316.84,2130.594042978718
TR-030266,2025-07-10,1707.48,1567.527292327718
TR-030267,2025-07-10,2163.0,2157.611034044973
TR-030268,2025-07-10,2203.3,2255.4291297909067
TR-030269,2025-07-10,1684.25,1622.0336000738987
TR-030270,2025-07-10,4289.7,4335.799394937468
TR-030271,2025-07-10,380.61,414.0713477291624
TR-030272,2025-07-10,1298.18,1275.4757884279838
TR-030273,2025-07-10,1886.23,1809.6604555629096
TR-030274,2025-07-10,1955.39,1930.8559053387664
TR-030275,2025-07-10,1886.21,1898.2168073432863
TR-030276,2025-07-10,3753.04,3598.929102731738
TR-030277,2025-07-10,2574.13,2400.0747277088158
TR-030278,2025-07-10,4267.8,4013.484226069354
TR-030279,2025-07-10,3311.28,3259.2864198862053
TR-030280,2025-07-10,1200.02,1181.090098430289
TR-030281,2025-07-10,712.33,737.5041713020764
TR-030282,2025-07-10,1962.96,726.7301263759268
TR-030283,2025-07-10,1430.89,1400.7996479851092
TR-030284,2025-07-10,2426.25,2396.802431260293
TR-030285,2025-07-10,1671.53,1634.1428066916137
TR-030286,2025-07-10,2926.74,2886.364963555523
TR-030287,2025-07-10,3778.76,4045.0968347003254
TR-030288,2025-07-10,1679.51,1669.9416010264702
TR-030289,2025-07-10,1128.63,1105.6279369461254
TR-030290,2025-07-10,828.3,823.6922062918791
TR-030291,2025-07-10,4702.08,4683.802633149266
TR-030292,2025-07-10,3554.06,3705.9152406955827
TR-030293,2025-07-10,4086.68,4141.124351039429
TR-030294,2025-07-10,1080.81,1068.298477158432
TR-030295,2025-07-10,1453.52,1409.7308639580565
TR-030296,2025-07-10,3467.68,3464.7061532443868
TR-030297,2025-07-10,4546.52,4225.692375006401
TR-030298,2025-07-10,1278.08,1319.3003719945173
TR-030299,2025-07-10,731.19,738.2661949494593
TR-030300,2025-07-10,1134.64,1127.6964737250703
TR-030301,2025-07-10,3798.22,3795.571590005793
TR-030302,2025-07-10,2234.27,2395.1744505959496
TR-030303,2025-07-10,2035.77,2011.7532806579782
TR-030304,2025-07-10,3139.08,3086.0481234968856
TR-030305,2025-07-10,4340.03,4321.4449209233035
TR-030306,2025-07-10,4249.28,4105.057037358498
TR-030307,2025-07-10,3411.75,3462.195550274054
TR-030308,2025-07-10,3009.16,2917.107903490337
TR-030309,2025-07-10,1207.36,1144.9532178743216
TR-030310,2025-07-10,4002.13,3855.792511011231
TR-030311,2025-07-10,4302.23,4180.7132073201265
TR-030312,2025-07-10,857.92,830.2007682248791
TR-030313,2025-07-10,773.56,749.5631222578186
TR-030314,2025-07-10,1566.2,1550.1845753476493
TR-030315,2025-07-10,1251.91,1243.150880662705
TR-030316,2025-07-10,3722.25,3576.672865872243
TR-030317,2025-07-10,630.34,653.1269120000259
TR-030318,2025-07-10,5218.42,5081.981545351558
TR-030319,2025-07-10,2452.12,2361.3753891244073
TR-030320,2025-07-10,2518.98,2444.832576731907
TR-030321,2025-07-10,768.57,3418.42534625712
TR-030322,2025-07-10,2055.19,2015.74641279549
TR-030323,2025-07-10,4238.49,3970.624102492686
TR-030324,2025-07-10,2802.16,2755.6134372690294
TR-030325,2025-07-10,1195.69,1183.6355919996893
TR-030326,2025-07-10,4291.58,4328.939803932761
TR-030327,2025-07-10,294.68,454.2805781689167
TR-030328,2025-07-10,3353.23,3420.918774790492
TR-030329,2025-07-10,1854.9,1774.574207254927
TR-030330,2025-07-10,1700.99,1686.6686442705548
TR-030331,2025-07-10,1917.99,1846.0018379026242
TR-030332,2025-07-10,1547.92,1558.3398433722596
TR-030333,2025-07-10,3888.68,3903.5186409819416
TR-030334,2025-07-10,400.03,465.2814784300008
TR-030335,2025-07-10,1767.35,1718.0709888651004
TR-030336,2025-07-10,1314.74,1276.1116282247394
TR-030337,2025-07-10,1294.11,1316.9530164636744
TR-030338,2025-07-10,2455.29,2579.392024179577
TR-030339,2025-07-10,4729.75,4360.0591698555845
TR-030340,2025-07-10,695.57,671.1288108448232
TR-030341,2025-07-10,1738.57,1687.4474748472694
TR-030342,2025-07-10,975.29,4422.739213746058
TR-030343,2025-07-10,1077.35,1058.1680397392502
TR-030344,2025-07-10,2142.74,2097.1443839377675
TR-030345,2025-07-10,1849.91,1923.1024196300862
TR-030346,2025-07-10,4137.3,4034.0801199752063
TR-030347,2025-07-10,1639.8,1658.8915283829383
TR-030348,2025-07-10,1812.31,1749.3051114625089
TR-030349,2025-07-10,620.69,618.721146277164
TR-030350,2025-07-10,1084.15,1036.7135585965166
TR-030351,2025-07-10,515.33,567.1824278620841
TR-030352,2025-07-10,1316.25,1271.572214744116
TR-030353,2025-07-10,2280.68,2296.0157671608977
TR-030354,2025-07-10,3007.69,2895.6450630338845
TR-030355,2025-07-10,1363.17,1352.619228478837
TR-030356,2025-07-10,4101.61,4264.220248582207
TR-030357,2025-07-10,1003.31,954.8760127318799
TR-030358,2025-07-10,2185.23,2037.3400361035758
TR-030359,2025-07-10,2191.39,2131.880012120306
TR-030360,2025-07-10,1186.89,1168.7644439657533
TR-030361,2025-07-10,2535.9,2382.2435054668
TR-030362,2025-07-10,4237.3,3926.108069994417
TR-030363,2025-07-10,1843.28,1858.4142334988514
TR-030364,2025-07-10,1822.83,1777.656021563947
TR-030365,2025-07-10,3137.89,2977.1816334865616
TR-030366,2025-07-10,2146.76,2086.410662594795
TR-030367,2025-07-10,2687.1,2759.534061875923
TR-030368,2025-07-10,2147.47,2163.578088684572
TR-030369,2025-07-10,4108.07,4213.914446999553
TR-030370,2025-07-10,1903.09,1895.5349920504914
TR-030371,2025-07-10,2883.01,2503.672294312888
TR-030372,2025-07-10,2023.87,2104.152903875867
TR-030373,2025-07-10,1971.33,1775.9132655914148
TR-030374,2025-07-10,674.36,670.310568244073
TR-030375,2025-07-10,1124.0,1120.947527146619
TR-030376,2025-07-10,1550.5,1463.2379761282064
TR-030377,2025-07-10,1232.56,1256.9441871488652
TR-030378,2025-07-10,1603.28,1566.4881069160679
TR-030379,2025-07-10,1544.9,1523.755513010424
TR-030380,2025-07-10,3028.0,3113.5760155456655
TR-030381,2025-07-10,2550.07,2420.2052025999456
TR-030382,2025-07-10,1308.99,1238.0695753120726
TR-030383,2025-07-10,1108.93,1070.6422872936214
TR-030384,2025-07-10,2976.55,2970.3030844978293
TR-030385,2025-07-10,2039.29,2054.9074718218862
TR-030386,2025-07-10,736.1,678.8461305780838
TR-030387,2025-07-10,1757.22,1720.5260872505737
TR-030388,2025-07-10,1886.66,1845.7646129082605
TR-030389,2025-07-10,2177.86,2133.9314763412294
TR-030390,2025-07-10,1975.47,1939.1030142340883
TR-030391,2025-07-10,2197.73,2042.2360903746765
TR-030392,2025-07-10,4356.37,4302.423937858406
TR-030393,2025-07-10,3877.58,3884.9894054692368
TR-030394,2025-07-10,1302.0,1290.8873094986236
TR-030395,2025-07-10,775.05,738.1424384627719
TR-030396,2025-07-10,1347.03,1298.001151873444
TR-030397,2025-07-10,581.53,558.5373499482
TR-030398,2025-07-10,3562.07,3484.506184069524
TR-030399,2025-07-10,405.35,407.63107161273797
TR-030400,2025-07-10,588.0,537.1317356047396
TR-030401,2025-07-11,1740.14,1704.1682410959552
TR-030402,2025-07-11,1564.51,1575.5098814799667
TR-030403,2025-07-11,1679.46,1605.7887190770648
TR-030404,2025-07-11,1687.22,1716.3560089675486
TR-030405,2025-07-11,2442.57,2400.9701019424924
TR-030406,2025-07-11,1238.04,1214.6904547852923
TR-030407,2025-07-11,2698.28,2425.7846060878496
TR-030408,2025-07-11,773.41,785.759590280959
TR-030409,2025-07-11,1929.35,2002.688094304321
TR-030410,2025-07-11,3519.09,3212.034498659792
TR-030411,2025-07-11,2017.2,1966.5646300207536
TR-030412,2025-07-11,1633.32,1561.9089333393667
TR-030413,2025-07-11,2553.12,2360.3458231789064
TR-030414,2025-07-11,578.85,570.2400278615958
TR-030415,2025-07-11,3201.57,3237.185498750533
TR-030416,2025-07-11,1568.48,1512.2373148447884
TR-030417,2025-07-11,3257.96,3348.070351163961
TR-030418,2025-07-11,1342.88,1279.3996404197892
TR-030419,2025-07-11,1549.37,1486.9744384586568
TR-030420,2025-07-11,2016.18,2292.004499032397
TR-030421,2025-07-11,1807.82,1741.2757525743007
TR-030422,2025-07-11,2456.53,2396.2586740775705
TR-030423,2025-07-11,256.45,370.63416307879834
TR-030424,2025-07-11,1855.24,1814.8366092786955
TR-030425,2025-07-11,6266.37,6149.840332712519
TR-030426,2025-07-11,2498.42,2421.791909186127
TR-030427,2025-07-11,582.19,540.0340660838635
TR-030428,2025-07-11,1228.6,1195.7361521094413
TR-030429,2025-07-11,1076.83,1003.202521051113
TR-030430,2025-07-11,2763.46,2719.7657537149094
TR-030431,2025-07-11,1941.54,1913.0405446606753
TR-030432,2025-07-11,3633.13,3776.596993615395
TR-030433,2025-07-11,2720.36,2501.0389634186263
TR-030434,2025-07-11,5767.46,5688.803580074229
TR-030435,2025-07-11,2016.79,1928.959202057141
TR-030436,2025-07-11,1727.51,1683.5926031030876
TR-030437,2025-07-11,4757.05,4716.163259525226
TR-030438,2025-07-11,944.04,870.1354713564647
TR-030439,2025-07-11,790.33,729.8707222267076
TR-030440,2025-07-11,1726.64,1576.8050139268116
TR-030441,2025-07-11,3629.97,3465.209096430335
TR-030442,2025-07-11,1918.28,1934.0066170339298
TR-030443,2025-07-11,2981.44,2993.632572802173
TR-030444,2025-07-11,1716.55,1721.9837943337013
TR-030445,2025-07-11,1875.33,1894.953146808897
TR-030446,2025-07-11,2205.88,2095.3924300937556
TR-030447,2025-07-11,2371.55,2364.089073789215
TR-030448,2025-07-11,5144.32,5068.0854652922135
TR-030449,2025-07-11,1227.77,1256.3366920312492
TR-030450,2025-07-11,3896.53,3762.8305995099845
TR-030451,2025-07-11,4977.66,5233.331632022897
TR-030452,2025-07-11,3240.86,3524.914614654005
TR-030453,2025-07-11,4136.94,4265.228952722201
TR-030454,2025-07-11,3811.69,3864.5078280526113
TR-030455,2025-07-11,2211.05,2092.4659985485823
TR-030456,2025-07-11,609.87,602.6911816293502
TR-030457,2025-07-11,4873.99,5048.397362064182
TR-030458,2025-07-11,1712.44,1661.0871239365538
TR-030459,2025-07-11,3403.88,3597.637442545053
TR-030460,2025-07-11,1405.33,1365.3653874884835
TR-030461,2025-07-11,2890.52,2950.8422360500194
TR-030462,2025-07-11,3143.44,3043.457926060752
TR-030463,2025-07-11,5108.04,4895.847163949746
TR-030464,2025-07-11,2972.43,2769.5067626759383
TR-030465,2025-07-11,3229.92,3185.2421709694972
TR-030466,2025-07-11,1971.93,1891.2724623422523
TR-030467,2025-07-11,1076.73,1024.6800038114197
TR-030468,2025-07-11,4037.3,4016.232526422905
TR-030469,2025-07-11,1659.3,1620.994798957524
TR-030470,2025-07-11,2284.14,2318.252233683789
TR-030471,2025-07-11,991.96,993.4879421002886
TR-030472,2025-07-11,594.84,581.2754451204387
TR-030473,2025-07-11,784.37,779.351895588818
TR-030474,2025-07-11,1538.29,1551.2813796567611
TR-030475,2025-07-11,1152.41,1155.0103465501147
TR-030476,2025-07-11,4525.25,4283.410848750527
TR-030477,2025-07-11,3744.87,3601.0107964420877
TR-030478,2025-07-11,1418.62,1407.03880768123
TR-030479,2025-07-11,3954.39,3897.9879044571217
TR-030480,2025-07-11,2609.26,2669.27042147777
TR-030481,2025-07-11,3343.63,3134.425548177983
TR-030482,2025-07-11,4015.8,3884.9821861792593
TR-030483,2025-07-11,1243.34,1269.3178994015334
TR-030484,2025-07-11,2871.44,2706.576779493911
TR-030485,2025-07-11,2062.09,2006.2931283438252
TR-030486,2025-07-11,2870.35,3053.4120347833923
TR-030487,2025-07-11,2793.09,2603.6909112117232
TR-030488,2025-07-11,902.09,890.9905013918017
TR-030489,2025-07-11,2013.0,1948.7053958329845
TR-030490,2025-07-11,3207.33,2915.5146122811448
TR-030491,2025-07-11,1914.13,1859.0601068980968
TR-030492,2025-07-11,3882.52,3850.363497441331
TR-030493,2025-07-11,3690.44,3423.5599206087018
TR-030494,2025-07-11,4747.59,4717.99985790849
TR-030495,2025-07-11,3456.02,3740.972756742847
TR-030496,2025-07-11,901.88,907.0223411188506
TR-030497,2025-07-11,1081.31,1034.0895130691792
TR-030498,2025-07-11,6305.98,6107.183738681439
TR-030499,2025-07-11,1607.62,1582.1174964014258
TR-030500,2025-07-11,1065.25,1058.3066052338497
TR-030501,2025-07-11,2274.3,2219.3487444316875
TR-030502,2025-07-11,3016.82,3149.610818658825
TR-030503,2025-07-11,1667.35,1709.7990050533638
TR-030504,2025-07-11,2061.53,2008.0618827957985
TR-030505,2025-07-11,728.28,723.66653336436
TR-030506,2025-07-11,1035.0,1060.1976544699598
TR-030507,2025-07-11,1563.21,1488.430343574204
TR-030508,2025-07-11,494.43,472.6086915821893
TR-030509,2025-07-11,5725.17,5427.933368734418
TR-030510,2025-07-11,3514.5,3592.1698546580255
TR-030511,2025-07-11,1358.99,614.6160143994698
TR-030512,2025-07-11,1260.8,1305.8485202668198
TR-030513,2025-07-11,2303.83,2188.2669558858806
TR-030514,2025-07-11,1474.65,1513.1765866252058
TR-030515,2025-07-11,1980.45,2039.3969099370338
TR-030516,2025-07-11,648.69,629.2607138971828
TR-030517,2025-07-11,1927.79,1853.8259089893272
TR-030518,2025-07-11,2517.17,2453.6917336193083
TR-030519,2025-07-11,854.89,790.8064698733444
TR-030520,2025-07-11,2100.29,2016.9321108359372
TR-030521,2025-07-11,1407.3,1407.9563800285082
TR-030522,2025-07-11,1717.31,1684.9752985199848
TR-030523,2025-07-11,1245.57,1243.4194714413707
TR-030524,2025-07-11,1140.16,1110.0057362799557
TR-030525,2025-07-11,4513.38,4258.273599940383
TR-030526,2025-07-11,2390.61,2362.3205678132044
TR-030527,2025-07-11,1673.86,1644.9402834801317
TR-030528,2025-07-11,1820.79,1814.8633473805337
TR-030529,2025-07-11,750.35,755.5007285933041
TR-030530,2025-07-11,4190.89,4255.84164248791
TR-030531,2025-07-11,2012.11,1984.1789373947918
TR-030532,2025-07-11,3836.62,3662.195606854953
TR-030533,2025-07-11,2113.91,2088.218367280848
TR-030534,2025-07-11,4424.19,4091.1709358138387
TR-030535,2025-07-11,2616.67,2575.756117854503
TR-030536,2025-07-11,1467.73,1369.3283380515504
TR-030537,2025-07-11,2481.8,2669.6676653930317
TR-030538,2025-07-11,4759.82,4543.403520995002
TR-030539,2025-07-11,1546.1,1601.5396191401867
TR-030540,2025-07-11,4014.1,4004.952889107028
TR-030541,2025-07-11,1434.29,1379.3173447344307
TR-030542,2025-07-11,1683.92,1682.2896617985598
TR-030543,2025-07-11,1553.15,1581.1830309791185
TR-030544,2025-07-11,4921.95,4724.018873887235
TR-030545,2025-07-11,5103.52,5025.030344039416
TR-030546,2025-07-11,203.79,361.1614186730685
TR-030547,2025-07-11,4157.51,4119.66740454106
TR-030548,2025-07-11,4497.89,4424.651299526438
TR-030549,2025-07-11,3280.06,3173.3046687645165
TR-030550,2025-07-11,1327.62,1320.2610726381602
TR-030551,2025-07-11,1087.12,1075.7345164239146
TR-030552,2025-07-11,3872.4,3859.72153291967
TR-030553,2025-07-11,3950.65,3795.6601476119413
TR-030554,2025-07-11,396.96,1124.314846911248
TR-030555,2025-07-11,4706.47,4688.8747246505
TR-030556,2025-07-12,1582.52,1570.8764985439966
TR-030557,2025-07-12,3375.78,3496.2860849948356
TR-030558,2025-07-12,361.11,386.00843906324326
TR-030559,2025-07-12,1166.72,1133.102812915233
TR-030560,2025-07-12,2139.92,2033.3217866387565
TR-030561,2025-07-12,2030.05,2019.7521975915388
TR-030562,2025-07-12,4349.07,4308.876054848522
TR-030563,2025-07-12,1344.15,1323.7924741785428
TR-030564,2025-07-12,1898.77,1862.4161667021478
TR-030565,2025-07-12,1205.38,1118.916303647542
TR-030566,2025-07-12,2329.47,2183.589055623359
TR-030567,2025-07-12,1630.6,1567.7047928327743
TR-030568,2025-07-12,534.63,553.6726811559654
TR-030569,2025-07-12,1904.16,1847.5458232289743
TR-030570,2025-07-12,1168.73,1172.5472909495097
TR-030571,2025-07-12,1959.68,1907.7140807990565
TR-030572,2025-07-12,2508.14,2287.7978051278483
TR-030573,2025-07-12,4582.06,4771.240409268432
TR-030574,2025-07-12,736.17,743.9404594172447
TR-030575,2025-07-12,764.43,728.7946515692483
TR-030576,2025-07-12,763.81,755.0957868301325
TR-030577,2025-07-12,1079.94,1062.3964959920236
TR-030578,2025-07-12,1192.53,1184.3529901878615
TR-030579,2025-07-12,5799.27,5680.977274775118
TR-030580,2025-07-12,1582.17,1596.34684812009
TR-030581,2025-07-12,1676.06,1702.6006283870202
TR-030582,2025-07-12,2518.79,2352.360462912609
TR-030583,2025-07-12,1434.59,1400.3934835346013
TR-030584,2025-07-12,3122.35,3320.8556150441846
TR-030585,2025-07-12,2640.3,2743.3909311484335
TR-030586,2025-07-12,1778.52,1739.3057876718244
TR-030587,2025-07-12,2479.15,2453.850441532498
TR-030588,2025-07-12,685.37,652.818046121195
TR-030589,2025-07-12,1066.85,1049.0409255271945
TR-030590,2025-07-12,3171.73,2925.7632771002513
TR-030591,2025-07-12,4594.73,4613.298801256892
TR-030592,2025-07-12,3667.36,3833.1892977889775
TR-030593,2025-07-12,1420.59,1350.0165618824242
TR-030594,2025-07-12,1896.84,1803.942902157391
TR-030595,2025-07-12,3049.71,3246.7221915411455
TR-030596,2025-07-12,2454.58,2264.6783652034765
TR-030597,2025-07-12,2328.88,2348.585363058477
TR-030598,2025-07-12,3695.67,3613.8625559336847
TR-030599,2025-07-12,1544.7,1590.8104163543042
TR-030600,2025-07-12,1097.2,1101.5265232910256
TR-030601,2025-07-12,1766.12,1740.6986685963275
TR-030602,2025-07-12,1892.28,1919.3702946446026
TR-030603,2025-07-12,3538.64,3903.7349127861494
TR-030604,2025-07-12,1708.49,1826.179560456435
TR-030605,2025-07-12,1969.98,2023.1870886430052
TR-030606,2025-07-12,1063.53,1044.8199211399278
TR-030607,2025-07-12,1824.22,1727.7670509390448
TR-030608,2025-07-12,920.38,942.9142082302074
TR-030609,2025-07-12,549.54,572.4747993780361
TR-030610,2025-07-12,1028.6,1001.4172586601098
TR-030611,2025-07-12,2544.72,2531.5024070326444
TR-030612,2025-07-12,1414.68,1449.3763897749104
TR-030613,2025-07-12,2685.28,2542.2053184731603
TR-030614,2025-07-12,1794.12,1811.482653068841
TR-030615,2025-07-12,469.04,461.1737533390451
TR-030616,2025-07-12,1121.45,1089.653099253183
TR-030617,2025-07-12,1261.64,1254.1092201405195
TR-030618,2025-07-12,2416.93,2380.4470255966403
TR-030619,2025-07-12,3306.46,3332.7798357366064
TR-030620,2025-07-12,3423.76,3379.8370206207696
TR-030621,2025-07-12,2065.96,2140.7321054566182
TR-030622,2025-07-12,3673.45,3985.880929912604
TR-030623,2025-07-12,1820.89,1807.0660569599409
TR-030624,2025-07-12,1541.39,1598.7543917713824
TR-030625,2025-07-12,1480.38,1462.7450154406208
TR-030626,2025-07-12,2345.65,2093.686304308333
TR-030627,2025-07-12,1568.51,1608.850648399652
TR-030628,2025-07-12,1455.5,1481.446944175506
TR-030629,2025-07-12,974.69,986.0744381882014
TR-030630,2025-07-12,1895.5,1956.2383583742749
TR-030631,2025-07-12,3538.73,3595.0480617241246
TR-030632,2025-07-12,2672.73,2385.881060869372
TR-030633,2025-07-12,2396.84,2606.8911469230543
TR-030634,2025-07-12,4997.41,5165.729826346715
TR-030635,2025-07-12,1796.96,1815.8501193851953
TR-030636,2025-07-12,2174.18,2325.8438281118015
TR-030637,2025-07-12,929.42,892.5271359167889
TR-030638,2025-07-12,3609.71,3588.8133354464153
TR-030639,2025-07-12,3369.42,3531.089396154968
TR-030640,2025-07-12,1764.02,1775.0530811700282
TR-030641,2025-07-12,2527.27,2487.4421548717733
TR-030642,2025-07-12,2434.39,2391.3588107717305
TR-030643,2025-07-12,4391.45,4360.168533667733
TR-030644,2025-07-12,5340.69,5425.3297371376375
TR-030645,2025-07-12,2170.43,2065.7807086451194
TR-030646,2025-07-12,2875.23,2554.0992862971284
TR-030647,2025-07-12,1592.63,1541.2693438007836
TR-030648,2025-07-12,3549.24,3323.3892645644537
TR-030649,2025-07-12,1244.92,1241.780901575814
TR-030650,2025-07-12,4750.92,4821.512433720401
TR-030651,2025-07-12,3673.59,3573.598314920104
TR-030652,2025-07-12,711.95,679.990186383945
TR-030653,2025-07-12,1691.69,1669.651722828186
TR-030654,2025-07-12,1057.38,1040.861903999852
TR-030655,2025-07-12,3207.56,3105.431879700007
TR-030656,2025-07-12,4242.07,4258.479139126857
TR-030657,2025-07-12,2981.6,3213.122620512784
TR-030658,2025-07-12,2336.97,2321.0342326278787
TR-030659,2025-07-12,1592.75,1511.9989272403955
TR-030660,2025-07-12,907.85,918.3838385847846
TR-030661,2025-07-12,1193.71,1177.5672287995997
TR-030662,2025-07-12,4044.97,4218.211917310986
TR-030663,2025-07-12,3819.9,3892.982224958041
TR-030664,2025-07-12,1546.66,1579.3027602277082
TR-030665,2025-07-12,2363.33,2377.4133253589275
TR-030666,2025-07-12,2516.06,2451.412869775306
TR-030667,2025-07-12,1652.35,1642.186329358824
TR-030668,2025-07-12,3516.22,3114.778903535479
TR-030669,2025-07-12,1213.38,1203.8750451938427
TR-030670,2025-07-12,311.81,346.3071667048239
TR-030671,2025-07-12,4175.17,4172.4629642102955
TR-030672,2025-07-12,616.27,622.9465118572155
TR-030673,2025-07-12,930.57,954.7964537102789
TR-030674,2025-07-12,3309.52,3287.3494840606418
TR-030675,2025-07-12,962.96,967.6687103905815
TR-030676,2025-07-12,1625.64,1508.6460449014737
TR-030677,2025-07-12,3408.91,3323.8318871100555
TR-030678,2025-07-12,1557.97,1469.181218316379
TR-030679,2025-07-12,704.47,705.757500892935
TR-030680,2025-07-12,1518.98,1434.2892882324168
TR-030681,2025-07-12,1854.9,1809.9956745464578
TR-030682,2025-07-12,4060.4,4060.759078817684
TR-030683,2025-07-12,2872.47,2866.6492025659404
TR-030684,2025-07-12,1076.42,1046.1296181220655
TR-030685,2025-07-12,2616.71,2837.835613301495
TR-030686,2025-07-12,4186.0,4156.838292753437
TR-030687,2025-07-12,2203.03,2243.1228746324136
TR-030688,2025-07-12,1471.4,1507.3601942571959
TR-030689,2025-07-12,2784.21,2755.997617554718
TR-030690,2025-07-12,3814.26,3842.8510408953334
TR-030691,2025-07-12,3154.85,3108.222574418277
TR-030692,2025-07-12,2507.85,2356.4559481137408
TR-030693,2025-07-12,5414.25,5495.819519521454
TR-030694,2025-07-12,575.56,552.2894958979753
TR-030695,2025-07-12,1374.42,1383.8066017432534
TR-030696,2025-07-12,1435.82,1406.5127530156205
TR-030697,2025-07-12,4016.37,4240.911574302803
TR-030698,2025-07-12,1648.54,1602.1620399516373
TR-030699,2025-07-12,2480.34,2472.242011460319
TR-030700,2025-07-12,1034.17,1002.8634499428401
TR-030701,2025-07-12,977.65,950.9915165172933
TR-030702,2025-07-12,714.25,670.3567893610127
TR-030703,2025-07-12,2850.62,2987.3063719505135
TR-030704,2025-07-12,1600.92,1594.0560497858519
TR-030705,2025-07-12,1677.72,1678.490632243515
TR-030706,2025-07-12,59.68,318.66748492477655
TR-030707,2025-07-12,3532.44,3391.0583729495465
TR-030708,2025-07-12,1879.21,1821.1167536605133
TR-030709,2025-07-12,2405.92,2242.1490415915314
TR-030710,2025-07-12,1425.36,1431.9885908832723
TR-030711,2025-07-12,486.47,497.85857273477586
TR-030712,2025-07-12,780.01,817.6926785472194
TR-030713,2025-07-12,1003.71,1019.5316215569175
TR-030714,2025-07-12,2800.97,2817.24558423894
TR-030715,2025-07-12,2940.64,3100.807357202008
TR-030716,2025-07-12,4458.97,4329.731676205434
TR-030717,2025-07-12,4685.49,4554.1873391568515
TR-030718,2025-07-12,1684.33,1744.2433322694155
TR-030719,2025-07-12,4721.65,4456.939211433399
TR-030720,2025-07-12,2561.63,2582.287406959666
TR-030721,2025-07-12,1475.77,1510.753321828097
TR-030722,2025-07-12,571.08,549.543676638672
TR-030723,2025-07-12,3343.04,3422.8259239703575
TR-030724,2025-07-12,2666.67,2553.1204112160117
TR-030725,2025-07-12,2231.48,2258.8903066215594
TR-030726,2025-07-12,1740.67,1733.9396316380883
TR-030727,2025-07-12,295.75,349.6212322206534
TR-030728,2025-07-12,644.13,646.8152491071398
TR-030729,2025-07-12,354.52,389.2251936662542
TR-030730,2025-07-12,4311.95,4254.6416609787575
TR-030731,2025-07-12,2156.22,2179.4263646766613
TR-030732,2025-07-12,4086.56,3986.565575651698
TR-030733,2025-07-12,3823.2,3906.96275581145
TR-030734,2025-07-12,473.3,521.9222811209647
TR-030735,2025-07-12,4622.8,4709.586857685144
TR-030736,2025-07-12,2396.05,2328.8883450211206
TR-030737,2025-07-12,778.53,771.0622723836693
TR-030738,2025-07-12,1814.43,1760.79374229922
TR-030739,2025-07-12,4568.56,4561.27307750896
TR-030740,2025-07-12,1514.04,1392.5735476997452
TR-030741,2025-07-12,1044.81,1073.217088051057
TR-030742,2025-07-12,5089.15,5160.590256053724
TR-030743,2025-07-12,911.34,879.82951381677
TR-030744,2025-07-12,4526.11,4512.83406672342
TR-030745,2025-07-12,610.41,574.1409745095461
TR-030746,2025-07-12,3760.95,3532.6267246219495
TR-030747,2025-07-13,1561.4,1562.7815961585588
TR-030748,2025-07-13,3410.5,3414.1047896886294
TR-030749,2025-07-13,891.18,864.6512293491248
TR-030750,2025-07-13,4795.16,1968.1111659454295
TR-030751,2025-07-13,732.38,730.028104829757
TR-030752,2025-07-13,3658.81,3787.2059424798344
TR-030753,2025-07-13,4145.37,4081.4180870618366
TR-030754,2025-07-13,4839.33,4906.922794889446
TR-030755,2025-07-13,2113.95,2026.5704127011356
TR-030756,2025-07-13,871.33,886.7206208968039
TR-030757,2025-07-13,2287.78,2536.45413256107
TR-030758,2025-07-13,2152.13,2105.8596964956887
TR-030759,2025-07-13,1151.15,1090.4979887055313
TR-030760,2025-07-13,2182.98,2219.3529625643873
TR-030761,2025-07-13,2230.67,2321.7572129020714
TR-030762,2025-07-13,3598.75,3557.3695811078787
TR-030763,2025-07-13,1064.0,999.2047639142407
TR-030764,2025-07-13,2085.06,2041.28492410619
TR-030765,2025-07-13,1122.73,1128.8294938983886
TR-030766,2025-07-13,1218.41,1246.4006100237234
TR-030767,2025-07-13,1345.82,1398.6870030076734
TR-030768,2025-07-13,1028.05,1014.810527392987
TR-030769,2025-07-13,1481.63,1561.733246753814
TR-030770,2025-07-13,1943.03,1915.1505995102839
TR-030771,2025-07-13,1314.1,1341.4532065460123
TR-030772,2025-07-13,503.1,508.68131756332605
TR-030773,2025-07-13,3726.14,3667.30428633874
TR-030774,2025-07-13,3682.73,3542.769389396398
TR-030775,2025-07-13,2048.55,2112.636948257753
TR-030776,2025-07-13,1550.27,1512.457335744411
TR-030777,2025-07-13,4022.07,3972.630996585688
TR-030778,2025-07-13,2326.7,2274.2745241550833
TR-030779,2025-07-13,4410.95,4412.883938132438
TR-030780,2025-07-13,890.93,891.5790065740266
TR-030781,2025-07-13,4992.12,4970.633597553516
TR-030782,2025-07-13,1165.89,1095.868630244092
TR-030783,2025-07-13,880.74,843.9039983425146
TR-030784,2025-07-13,2021.66,1784.478560159239
TR-030785,2025-07-13,2022.06,2032.7506363653251
TR-030786,2025-07-13,1722.7,1695.5796669732113
TR-030787,2025-07-13,892.59,899.1215968268762
TR-030788,2025-07-13,1356.1,1273.7256756551787
TR-030789,2025-07-13,1649.67,1650.7845197543986
TR-030790,2025-07-13,1674.54,1699.2489570281891
TR-030791,2025-07-13,2784.88,2395.811735771334
TR-030792,2025-07-13,2383.43,2475.72026496082
TR-030793,2025-07-13,6065.51,5944.718346707263
TR-030794,2025-07-13,1786.01,1675.2627040503316
TR-030795,2025-07-13,688.99,676.3470305257952
TR-030796,2025-07-13,1462.35,1412.3223367762052
TR-030797,2025-07-13,3999.47,4052.691723198331
TR-030798,2025-07-13,1255.88,1189.3703052643623
TR-030799,2025-07-13,3450.04,3327.2079253188986
TR-030800,2025-07-13,1675.24,1671.0191653482805
TR-030801,2025-07-13,751.2,742.0610723094405
TR-030802,2025-07-13,585.86,581.577648219371
TR-030803,2025-07-13,1035.13,1028.0466902245585
TR-030804,2025-07-13,1359.53,1309.4486298666457
TR-030805,2025-07-13,3773.57,3628.9768124394814
TR-030806,2025-07-13,912.34,931.7992275783597
TR-030807,2025-07-13,1452.6,1409.7606187617648
TR-030808,2025-07-13,1307.3,1281.0810990962136
TR-030809,2025-07-13,969.11,951.0969213481931
TR-030810,2025-07-13,1623.84,1494.5764521654748
TR-030811,2025-07-13,1252.32,1242.4161279805876
TR-030812,2025-07-13,2470.29,2549.1516389696676
TR-030813,2025-07-13,2556.21,2429.3157611242887
TR-030814,2025-07-13,2082.85,2049.229047374672
TR-030815,2025-07-13,2757.5,2697.6569780289306
TR-030816,2025-07-13,3779.43,3835.2571033548456
TR-030817,2025-07-13,1377.33,1292.9397604994529
TR-030818,2025-07-13,4038.49,3980.237440969405
TR-030819,2025-07-13,3006.92,2774.0728319467707
TR-030820,2025-07-13,3780.45,3780.4802078813273
TR-030821,2025-07-13,2387.39,2285.4404148995786
TR-030822,2025-07-13,782.79,765.2570840718492
TR-030823,2025-07-13,2206.75,2104.383403520359
TR-030824,2025-07-13,2122.49,2009.351488297772
TR-030825,2025-07-13,845.86,825.4725584154005
TR-030826,2025-07-13,997.28,958.6913304633363
TR-030827,2025-07-13,3989.15,4036.6975645371313
TR-030828,2025-07-13,2744.55,2825.3362279924104
TR-030829,2025-07-13,2058.37,1941.013712388269
TR-030830,2025-07-13,2030.82,2225.5581818685346
TR-030831,2025-07-13,2759.22,2554.8066168026635
TR-030832,2025-07-13,1293.41,1266.8661162379508
TR-030833,2025-07-13,3960.48,4139.218426479882
TR-030834,2025-07-13,2090.8,2014.608104531882
TR-030835,2025-07-13,2241.72,2443.1670969362463
TR-030836,2025-07-13,982.02,997.5189483827594
TR-030837,2025-07-13,2406.93,2397.688205492909
TR-030838,2025-07-13,2246.31,2297.248102941928
TR-030839,2025-07-13,2783.66,2935.783877937259
TR-030840,2025-07-13,836.56,796.6603251989131
TR-030841,2025-07-13,2043.29,1949.9835783419705
TR-030842,2025-07-13,749.7,780.9067086839666
TR-030843,2025-07-13,1154.47,1130.1238438977934
TR-030844,2025-07-13,4325.3,4334.817412744371
TR-030845,2025-07-13,993.97,1006.9952206037516
TR-030846,2025-07-13,4314.78,4464.073134761606
TR-030847,2025-07-13,1145.24,1138.347889428112
TR-030848,2025-07-13,2522.14,2460.290611845912
TR-030849,2025-07-13,1627.4,1676.8301596774875
TR-030850,2025-07-13,728.41,708.0582012676125
TR-030851,2025-07-13,4217.09,4176.457070129429
TR-030852,2025-07-13,2064.09,1987.3080691110777
TR-030853,2025-07-13,224.9,310.4308664279247
TR-030854,2025-07-13,4429.42,4483.886102228924
TR-030855,2025-07-13,1670.59,1624.2014928260116
TR-030856,2025-07-13,758.79,768.7394017087047
TR-030857,2025-07-13,312.99,326.9471115574165
TR-030858,2025-07-13,1001.52,986.9339251708852
TR-030859,2025-07-13,4827.69,4688.4187493725385
TR-030860,2025-07-13,1874.57,1848.6126763767152
TR-030861,2025-07-13,2071.3,2087.300232360507
TR-030862,2025-07-13,2351.95,2378.50736917375
TR-030863,2025-07-13,1383.51,1338.1579778475025
TR-030864,2025-07-13,1265.86,1323.1670555026749
TR-030865,2025-07-13,5283.97,5109.122799465593
TR-030866,2025-07-13,476.03,438.8666342166093
TR-030867,2025-07-13,1370.24,1329.2080818371162
TR-030868,2025-07-13,5702.78,5884.683748554204
TR-030869,2025-07-13,3011.81,3026.4070561174954
TR-030870,2025-07-13,1532.49,1401.6165230926158
TR-030871,2025-07-13,3866.94,3806.396828662823
TR-030872,2025-07-13,3950.52,3891.7785255380295
TR-030873,2025-07-13,4226.81,4296.126715999097
TR-030874,2025-07-13,5382.71,5210.345070732867
TR-030875,2025-07-13,2018.87,1945.075344258055
TR-030876,2025-07-13,3086.11,3411.859654598393
TR-030877,2025-07-13,4798.13,4759.707629697899
TR-030878,2025-07-13,1544.93,1576.9802791739942
TR-030879,2025-07-13,1991.18,2013.228010889262
TR-030880,2025-07-13,4780.32,4666.39498163592
TR-030881,2025-07-13,2628.64,2748.259293839798
TR-030882,2025-07-13,4926.8,4868.048755565386
TR-030883,2025-07-13,610.35,611.6386214933123
TR-030884,2025-07-13,3336.06,3489.210713208674
TR-030885,2025-07-13,1596.0,1493.7068396151033
TR-030886,2025-07-13,2594.37,2704.5567670074824
TR-030887,2025-07-13,3417.87,3343.0183441971603
TR-030888,2025-07-13,2348.52,2239.092184706654
TR-030889,2025-07-13,2193.11,2119.499040545694
TR-030890,2025-07-13,4082.08,4160.056996716776
TR-030891,2025-07-13,3871.02,4036.6031820862763
TR-030892,2025-07-13,3108.39,945.913623914862
TR-030893,2025-07-13,1075.32,1113.9434381095302
TR-030894,2025-07-13,2217.93,2309.4144990995264
TR-030895,2025-07-13,4549.32,4357.460645697252
TR-030896,2025-07-13,1084.28,1061.1386391313679
TR-030897,2025-07-13,4767.36,4556.627745633398
TR-030898,2025-07-13,764.55,751.4370383436162
TR-030899,2025-07-13,997.07,1006.2377107799571
TR-030900,2025-07-13,774.46,783.7972925767917
TR-030901,2025-07-13,3827.37,3849.6155323197936
TR-030902,2025-07-13,1156.04,1129.0712462233473
TR-030903,2025-07-13,4714.08,4670.138301160225
TR-030904,2025-07-13,2065.24,2034.5313550657477
TR-030905,2025-07-13,1196.57,1237.3003213222255
TR-030906,2025-07-13,2054.27,2092.7112186010654
TR-030907,2025-07-13,2010.15,1963.3336222761807
TR-030908,2025-07-13,3822.26,3724.46781098095
TR-030909,2025-07-13,2478.38,2459.393713447294
TR-030910,2025-07-13,780.67,733.3920480750794
TR-030911,2025-07-13,1592.78,1466.900771342052
TR-030912,2025-07-13,2316.17,2194.662823996332
TR-030913,2025-07-13,1645.68,1630.8326931534857
TR-030914,2025-07-13,2027.85,2017.5888744618996
TR-030915,2025-07-13,3920.49,4075.8949241971604
TR-030916,2025-07-13,3775.64,3798.5299473238747
TR-030917,2025-07-13,890.78,885.1456916287746
TR-030918,2025-07-13,1499.46,1572.8587998037308
TR-030919,2025-07-13,1149.11,1136.1777316959715
TR-030920,2025-07-13,1464.45,1485.987044555537
TR-030921,2025-07-13,3451.49,3422.743673515387
TR-030922,2025-07-13,706.48,701.0393948477656
TR-030923,2025-07-14,2013.79,1978.3933073581761
TR-030924,2025-07-14,3977.13,3806.4498563201005
TR-030925,2025-07-14,5355.59,5261.146764361258
TR-030926,2025-07-14,1544.71,1436.0457059027472
TR-030927,2025-07-14,1495.6,1474.9741466143546
TR-030928,2025-07-14,5172.64,5134.505781513471
TR-030929,2025-07-14,4011.1,3981.7943871114903
TR-030930,2025-07-14,4097.64,4185.938288315721
TR-030931,2025-07-14,3050.75,3317.5646045364897
TR-030932,2025-07-14,3216.84,3146.0282208925128
TR-030933,2025-07-14,4303.41,4296.028101133373
TR-030934,2025-07-14,4481.51,4555.321123752867
TR-030935,2025-07-14,2716.36,2544.629787907531
TR-030936,2025-07-14,361.91,390.88389846316386
TR-030937,2025-07-14,2253.82,2094.5560546908664
TR-030938,2025-07-14,1106.54,1088.0984935175222
TR-030939,2025-07-14,1002.36,1010.1488045078044
TR-030940,2025-07-14,1052.89,1028.4697262393752
TR-030941,2025-07-14,1256.28,1263.8197567038296
TR-030942,2025-07-14,898.29,835.3534452094118
TR-030943,2025-07-14,2864.99,2845.017515871133
TR-030944,2025-07-14,493.72,480.0267257386445
TR-030945,2025-07-14,3072.58,2971.0530340448086
TR-030946,2025-07-14,3324.84,3034.3731644552977
TR-030947,2025-07-14,3688.5,3686.476551996545
TR-030948,2025-07-14,4177.2,4115.708907665559
TR-030949,2025-07-14,2966.57,2733.1197786223934
TR-030950,2025-07-14,1790.77,1839.1203467765376
TR-030951,2025-07-14,1451.46,1510.8481456888883
TR-030952,2025-07-14,5975.08,5443.981713817528
TR-030953,2025-07-14,3176.69,3022.5597884714643
TR-030954,2025-07-14,1851.57,1807.896225233908
TR-030955,2025-07-14,891.32,892.1538775466265
TR-030956,2025-07-14,2053.22,2110.0974863334563
TR-030957,2025-07-14,4609.63,4722.252764796626
TR-030958,2025-07-14,557.59,608.8919646433317
TR-030959,2025-07-14,983.41,979.6494492203872
TR-030960,2025-07-14,2910.22,2817.9109052707804
TR-030961,2025-07-14,3494.0,3468.5723447355845
TR-030962,2025-07-14,2544.98,2545.7537211669896
TR-030963,2025-07-14,576.24,569.689978816883
TR-030964,2025-07-14,3613.63,3739.473866509634
TR-030965,2025-07-14,923.25,925.2718000816151
TR-030966,2025-07-14,803.51,833.4950185083976
TR-030967,2025-07-14,3835.93,3845.2747674543843
TR-030968,2025-07-14,2299.7,2343.9489356064287
TR-030969,2025-07-14,268.86,359.16348915420303
TR-030970,2025-07-14,2823.78,2963.556656398549
TR-030971,2025-07-14,2509.41,2480.150242855767
TR-030972,2025-07-14,525.15,555.655613704274
TR-030973,2025-07-14,6516.72,5970.160769539458
TR-030974,2025-07-14,1006.11,1036.1850441426404
TR-030975,2025-07-14,612.21,617.1268670855429
TR-030976,2025-07-14,1769.34,1726.8426141079678
TR-030977,2025-07-14,1720.02,1704.1189411363246
TR-030978,2025-07-14,2189.38,2058.778754811166
TR-030979,2025-07-14,1169.63,1149.9685988689528
TR-030980,2025-07-14,4376.89,4351.550429364657
TR-030981,2025-07-14,977.71,968.8034453939622
TR-030982,2025-07-14,1104.31,1056.3236030160579
TR-030983,2025-07-14,2072.97,2070.6697870480316
TR-030984,2025-07-14,779.65,745.5090672569925
TR-030985,2025-07-14,1560.35,1561.421664477997
TR-030986,2025-07-14,2303.43,2409.652306779348
TR-030987,2025-07-14,2279.06,2126.321714464686
TR-030988,2025-07-14,2300.43,2372.3704844308536
TR-030989,2025-07-14,1673.65,1619.5004786412314
TR-030990,2025-07-14,1723.8,1733.5912604736259
TR-030991,2025-07-14,3718.98,3596.1010834534213
TR-030992,2025-07-14,1468.72,1488.5022021154573
TR-030993,2025-07-14,1572.4,1467.2540568744985
TR-030994,2025-07-14,3572.98,3511.0129495656565
TR-030995,2025-07-14,3963.91,3797.0462679927136
TR-030996,2025-07-14,792.37,765.2176427211402
TR-030997,2025-07-14,5696.87,5536.462948408507
TR-030998,2025-07-14,1882.51,1865.8324027665171
TR-030999,2025-07-14,4295.23,4453.654277686456
TR-031000,2025-07-14,4404.9,4308.559710822708
TR-031001,2025-07-14,3129.2,2733.7108423780455
TR-031002,2025-07-14,2553.5,2522.430465338741
TR-031003,2025-07-14,2700.92,2639.053750204434
TR-031004,2025-07-14,2590.21,2628.721077832258
TR-031005,2025-07-14,602.57,614.5046596539489
TR-031006,2025-07-14,1227.94,1241.9297338814354
TR-031007,2025-07-14,721.77,707.4421957200291
TR-031008,2025-07-14,4337.99,4120.606929115202
TR-031009,2025-07-14,2459.35,2480.9137702523076
TR-031010,2025-07-14,1605.46,1561.581066512293
TR-031011,2025-07-14,600.87,608.2184467612578
TR-031012,2025-07-14,3474.14,3494.698249875494
TR-031013,2025-07-14,2100.13,2009.204899102936
TR-031014,2025-07-14,1609.27,1617.6884330157545
TR-031015,2025-07-14,2206.95,2120.684768643571
TR-031016,2025-07-14,758.87,755.2050018547855
TR-031017,2025-07-14,3492.31,3436.022333051062
TR-031018,2025-07-14,4109.53,4359.839421862376
TR-031019,2025-07-14,926.82,3967.5635916861083
TR-031020,2025-07-14,753.27,779.0885292769563
TR-031021,2025-07-14,964.44,957.0122983658537
TR-031022,2025-07-14,4574.6,4450.908271326982
TR-031023,2025-07-14,4116.38,3972.1360344278205
TR-031024,2025-07-14,1782.79,1747.154838651236
TR-031025,2025-07-14,3802.08,3716.3458954656285
TR-031026,2025-07-14,1654.42,1582.695374916151
TR-031027,2025-07-14,1943.65,1874.798972412967
TR-031028,2025-07-14,3136.73,2976.9523975254797
TR-031029,2025-07-14,1297.39,1331.8262606504654
TR-031030,2025-07-14,1042.42,989.9776177953736
TR-031031,2025-07-14,3822.67,3865.0092672640976
TR-031032,2025-07-14,5929.17,5358.041443359523
TR-031033,2025-07-14,1563.33,1564.2985407083067
TR-031034,2025-07-14,2962.14,2846.0909442514712
TR-031035,2025-07-14,1850.69,1848.9541706965679
TR-031036,2025-07-14,1720.99,1738.7727200698992
TR-031037,2025-07-14,3956.97,3856.227005452207
TR-031038,2025-07-14,3841.23,3811.8936151450803
TR-031039,2025-07-14,2380.76,2393.502428726947
TR-031040,2025-07-14,2062.37,2032.8457827042241
TR-031041,2025-07-14,3842.0,3698.645889813767
TR-031042,2025-07-14,4003.37,4024.4260504490258
TR-031043,2025-07-14,1204.56,1142.353786525568
TR-031044,2025-07-14,4140.39,4203.942045318587
TR-031045,2025-07-14,1642.24,1689.8987023879881
TR-031046,2025-07-14,3859.46,3982.33875962573
TR-031047,2025-07-14,3440.06,3496.3970115686125
TR-031048,2025-07-14,1980.59,2046.291791864668
TR-031049,2025-07-14,1241.76,1257.7418194417255
TR-031050,2025-07-14,5052.56,4691.046519033762
TR-031051,2025-07-14,646.7,672.8437744953396
TR-031052,2025-07-14,2707.19,2640.5081460600754
TR-031053,2025-07-14,2378.42,2439.111225500601
TR-031054,2025-07-14,1021.92,1001.0787185642419
TR-031055,2025-07-14,245.71,380.3843586215903
TR-031056,2025-07-14,2792.66,2730.871825188581
TR-031057,2025-07-14,1017.63,993.5030106530417
TR-031058,2025-07-14,1481.47,1512.4829148625681
TR-031059,2025-07-14,3440.83,3551.8063653756726
TR-031060,2025-07-14,1930.82,1938.9962875542876
TR-031061,2025-07-14,2200.07,2128.421521844681
TR-031062,2025-07-14,1918.97,1904.9317682630176
TR-031063,2025-07-14,492.71,502.1144926289958
TR-031064,2025-07-14,2663.21,2757.0664822202957
TR-031065,2025-07-14,4484.12,4272.100243393921
TR-031066,2025-07-14,2557.11,2657.893665571503
TR-031067,2025-07-14,6359.0,5956.547225432083
TR-031068,2025-07-14,2028.09,1964.6245544246312
TR-031069,2025-07-14,4856.54,4730.499247625636
TR-031070,2025-07-14,2566.75,2545.227478501778
TR-031071,2025-07-14,915.73,910.1134889189864
TR-031072,2025-07-14,1850.23,1826.910791155604
TR-031073,2025-07-14,2802.59,3098.4508847410034
TR-031074,2025-07-14,1813.98,1842.6459631996015
TR-031075,2025-07-14,3495.35,3372.9687748173897
TR-031076,2025-07-15,1028.63,1055.8404630920195
TR-031077,2025-07-15,1828.3,1777.4957468592586
TR-031078,2025-07-15,2828.32,2738.2542471322213
TR-031079,2025-07-15,3718.96,3897.8353308288297
TR-031080,2025-07-15,4411.76,4432.369688643894
TR-031081,2025-07-15,4700.02,4708.144065593242
TR-031082,2025-07-15,2703.15,2532.3417773837946
TR-031083,2025-07-15,4170.96,4225.486711971312
TR-031084,2025-07-15,4538.81,4455.357286159458
TR-031085,2025-07-15,3463.97,3522.1932686845967
TR-031086,2025-07-15,3837.61,3754.774638207823
TR-031087,2025-07-15,5519.2,5466.771563171188
TR-031088,2025-07-15,5481.82,5463.7596361172245
TR-031089,2025-07-15,3898.57,3883.9265473268947
TR-031090,2025-07-15,1834.62,1833.3630674829396
TR-031091,2025-07-15,1468.29,1431.2155928083757
TR-031092,2025-07-15,1661.76,1619.6119678891012
TR-031093,2025-07-15,588.42,619.4282550701164
TR-031094,2025-07-15,2997.65,2838.3172459501643
TR-031095,2025-07-15,1070.62,1046.0318917595177
TR-031096,2025-07-15,4025.89,3942.284467142422
TR-031097,2025-07-15,4861.52,4660.4492961216865
TR-031098,2025-07-15,2101.44,2051.4753075764634
TR-031099,2025-07-15,1330.11,1347.1778194644057
TR-031100,2025-07-15,1647.97,1694.4357330302364
TR-031101,2025-07-15,1394.12,1411.4971192263715
TR-031102,2025-07-15,4231.14,4272.58135809523
TR-031103,2025-07-15,3402.55,3740.148592500941
TR-031104,2025-07-15,2128.61,1986.6725011907706
TR-031105,2025-07-15,896.3,907.9786161844738
TR-031106,2025-07-15,1146.04,1144.3421075014305
TR-031107,2025-07-15,1149.63,1091.2147803875482
TR-031108,2025-07-15,3900.59,3889.8655510849003
TR-031109,2025-07-15,3886.51,3929.818289527482
TR-031110,2025-07-15,3857.69,3821.3757707896284
TR-031111,2025-07-15,2637.05,2437.704790729326
TR-031112,2025-07-15,4026.81,4014.660618170634
TR-031113,2025-07-15,1483.61,1380.0487480140764
TR-031114,2025-07-15,880.63,878.1780216096786
TR-031115,2025-07-15,589.95,640.1988560298355
TR-031116,2025-07-15,2619.05,2709.9854943600553
TR-031117,2025-07-15,3670.22,3514.648864602844
TR-031118,2025-07-15,1033.64,1032.828047292798
TR-031119,2025-07-15,1960.16,1898.8237061048217
TR-031120,2025-07-15,1133.6,1155.763320781515
TR-031121,2025-07-15,3569.07,3685.6929757431217
TR-031122,2025-07-15,4496.11,4443.028549537319
TR-031123,2025-07-15,2192.77,2328.996483986754
TR-031124,2025-07-15,3462.35,3462.615933073104
TR-031125,2025-07-15,1051.27,1022.3587599715867
TR-031126,2025-07-15,1908.66,1966.731671573557
TR-031127,2025-07-15,4779.51,4834.055095263083
TR-031128,2025-07-15,2800.39,2950.8909201363267
TR-031129,2025-07-15,2132.27,2122.3976766443775
TR-031130,2025-07-15,1962.71,1927.9460766744749
TR-031131,2025-07-15,5061.61,1670.0011163758982
TR-031132,2025-07-15,1779.31,1849.8852161892084
TR-031133,2025-07-15,438.84,497.5834653607742
TR-031134,2025-07-15,2242.32,2234.7519702504883
TR-031135,2025-07-15,4073.44,4124.7851923939925
TR-031136,2025-07-15,1908.18,1874.9599217540044
TR-031137,2025-07-15,5592.89,5509.041088584042
TR-031138,2025-07-15,2374.3,2294.7918841772107
TR-031139,2025-07-15,2479.34,2466.6628658188242
TR-031140,2025-07-15,2058.89,1979.9673851616521
TR-031141,2025-07-15,4651.51,4636.154776322361
TR-031142,2025-07-15,1987.29,1990.1903582509528
TR-031143,2025-07-15,5591.08,5397.683096383146
TR-031144,2025-07-15,542.36,569.5959389770946
TR-031145,2025-07-15,312.92,415.2415651121387
TR-031146,2025-07-15,3781.76,3819.5795752118606
TR-031147,2025-07-15,1869.74,1897.438809364465
TR-031148,2025-07-15,4280.67,4275.329671899759
TR-031149,2025-07-15,1131.43,1132.5706041482704
TR-031150,2025-07-15,3590.05,3628.415212376075
TR-031151,2025-07-15,2061.73,2068.4288118493077
TR-031152,2025-07-15,5802.66,5512.510275379933
TR-031153,2025-07-15,730.52,735.6065028439505
TR-031154,2025-07-15,723.46,692.6989367540423
TR-031155,2025-07-15,839.57,845.6762891001342
TR-031156,2025-07-15,1120.67,1154.1086671143325
TR-031157,2025-07-15,1005.61,1002.1166803071643
TR-031158,2025-07-15,2175.61,2372.953836597342
TR-031159,2025-07-15,4050.58,4066.682975006333
TR-031160,2025-07-15,4662.18,4461.272857640843
TR-031161,2025-07-15,2313.21,2165.0692954182036
TR-031162,2025-07-15,2513.39,2446.4415182855387
TR-031163,2025-07-15,2475.03,2258.4032664512856
TR-031164,2025-07-15,3052.91,3155.32372186265
TR-031165,2025-07-15,1141.87,1133.122303534695
TR-031166,2025-07-15,1415.54,1391.1161061842117
TR-031167,2025-07-15,4309.52,4334.12770814491
TR-031168,2025-07-15,2297.18,2121.7152599949704
TR-031169,2025-07-15,1373.21,1361.4086129016746
TR-031170,2025-07-15,3165.42,3059.6378981701
TR-031171,2025-07-15,673.4,642.98448824649
TR-031172,2025-07-15,3618.84,3370.442065580738
TR-031173,2025-07-15,2676.5,2308.103676515884
TR-031174,2025-07-15,4056.98,4243.659060835709
TR-031175,2025-07-15,1185.63,1153.6877768219765
TR-031176,2025-07-15,4080.45,3948.4241746587104
TR-031177,2025-07-15,1156.3,1170.4619987843482
TR-031178,2025-07-15,912.09,917.8715963660582
TR-031179,2025-07-15,3341.52,3166.2099298716357
TR-031180,2025-07-15,4128.74,3979.1483791881406
TR-031181,2025-07-15,6109.42,6025.367590815254
TR-031182,2025-07-15,885.35,870.4138748794685
TR-031183,2025-07-15,1100.5,1110.5054640126505
TR-031184,2025-07-15,4203.27,4132.375563132118
TR-031185,2025-07-15,474.14,437.86519810679965
TR-031186,2025-07-15,1544.4,1538.2791455331642
TR-031187,2025-07-15,4436.55,4465.899255896674
TR-031188,2025-07-15,2530.21,2315.2165381463647
TR-031189,2025-07-15,1039.62,1017.0115420556473
TR-031190,2025-07-15,1343.16,1352.8669655415347
TR-031191,2025-07-15,3745.4,3772.505931878106
TR-031192,2025-07-15,3428.99,3620.3056543815346
TR-031193,2025-07-15,2283.5,2198.267126292278
TR-031194,2025-07-15,3505.89,3692.6259331461943
TR-031195,2025-07-15,345.46,374.0931964144163
TR-031196,2025-07-15,3369.69,3015.3719221756173
TR-031197,2025-07-15,3133.96,3119.5708593816125
TR-031198,2025-07-15,1395.35,1377.1425037677034
TR-031199,2025-07-15,910.93,900.7553850326988
TR-031200,2025-07-15,3460.09,3507.178347621448
TR-031201,2025-07-15,2499.54,2271.9387608839847
TR-031202,2025-07-15,9445.95,2830.2632162264754
TR-031203,2025-07-15,2406.54,2520.187701342679
TR-031204,2025-07-15,3614.89,3505.824259068125
TR-031205,2025-07-15,2665.86,2748.7156050852927
TR-031206,2025-07-15,4806.59,4792.782516027781
TR-031207,2025-07-15,4374.54,4320.184550126243
TR-031208,2025-07-15,5737.5,5505.0988304190605
TR-031209,2025-07-15,5800.11,5726.2528356990315
TR-031210,2025-07-15,968.4,964.8781922609026
TR-031211,2025-07-15,1466.16,1405.0241505942313
TR-031212,2025-07-15,4253.1,4222.191672832259
TR-031213,2025-07-15,2551.17,2405.5278988004948
TR-031214,2025-07-15,3565.25,3630.6794556170817
TR-031215,2025-07-15,4869.46,4868.862456238661
TR-031216,2025-07-15,1882.94,1861.0988466875515
TR-031217,2025-07-15,909.27,909.024531029213
TR-031218,2025-07-15,2911.96,3063.3188280979066
TR-031219,2025-07-15,2488.57,2648.5180659243892
TR-031220,2025-07-15,5477.69,5469.91274761693
TR-031221,2025-07-15,1231.82,1268.5102920674476
TR-031222,2025-07-15,1479.55,1399.7238314642645
TR-031223,2025-07-15,2318.57,2145.977739652297
TR-031224,2025-07-15,491.96,480.9141375861909
TR-031225,2025-07-16,2513.37,2504.9059395536938
TR-031226,2025-07-16,1180.47,1154.3080216356818
TR-031227,2025-07-16,1545.31,1492.205633826131
TR-031228,2025-07-16,1349.51,1350.8483143765864
TR-031229,2025-07-16,1595.7,1530.7005916099124
TR-031230,2025-07-16,531.33,551.2698536261221
TR-031231,2025-07-16,3745.55,3455.6932946732645
TR-031232,2025-07-16,4736.47,4711.2104931435615
TR-031233,2025-07-16,3269.88,3285.7645293652
TR-031234,2025-07-16,4781.12,4429.239001622518
TR-031235,2025-07-16,3162.43,2983.2692696567788
TR-031236,2025-07-16,4778.73,4407.553752810797
TR-031237,2025-07-16,1284.21,1251.7749410915026
TR-031238,2025-07-16,763.11,751.4448944299336
TR-031239,2025-07-16,6312.38,6157.669169512631
TR-031240,2025-07-16,2299.33,2183.4375441259695
TR-031241,2025-07-16,4552.61,4335.818197592986
TR-031242,2025-07-16,713.38,704.677665385359
TR-031243,2025-07-16,2054.62,2006.451248412179
TR-031244,2025-07-16,1846.19,1795.8509801313808
TR-031245,2025-07-16,343.21,465.8458788137327
TR-031246,2025-07-16,4944.65,4939.725295193376
TR-031247,2025-07-16,1164.94,1172.0079347924611
TR-031248,2025-07-16,2198.2,2199.3269963969215
TR-031249,2025-07-16,2076.81,2093.25435645578
TR-031250,2025-07-16,1688.09,1709.308654152409
TR-031251,2025-07-16,3019.0,2915.220693443253
TR-031252,2025-07-16,5180.86,5194.11659138836
TR-031253,2025-07-16,3985.45,4046.127952610075
TR-031254,2025-07-16,1209.55,1238.549149409478
TR-031255,2025-07-16,2629.73,2563.2297490584165
TR-031256,2025-07-16,5202.28,5136.781404776988
TR-031257,2025-07-16,657.66,652.6189682965226
TR-031258,2025-07-16,1820.91,1813.0812198838323
TR-031259,2025-07-16,1691.93,1651.5746102142052
TR-031260,2025-07-16,19042.39,3710.608042899487
TR-031261,2025-07-16,2545.02,2387.1754984014747
TR-031262,2025-07-16,1700.07,1695.9222471242645
TR-031263,2025-07-16,4453.17,4188.057622542883
TR-031264,2025-07-16,1762.58,1737.2406108191478
TR-031265,2025-07-16,2458.42,2441.0226243589236
TR-031266,2025-07-16,2995.27,2843.52697275623
TR-031267,2025-07-16,1846.89,1787.3608454417995
TR-031268,2025-07-16,2479.39,2474.977528087701
TR-031269,2025-07-16,3948.52,4000.669143626633
TR-031270,2025-07-16,4388.84,4410.2273208877305
TR-031271,2025-07-16,5341.61,5238.877394408641
TR-031272,2025-07-16,796.62,819.3795232518135
TR-031273,2025-07-16,4157.9,4072.9647307821037
TR-031274,2025-07-16,811.4,824.7715498799498
TR-031275,2025-07-16,2531.05,2408.7885224783004
TR-031276,2025-07-16,1334.81,1318.870398438192
TR-031277,2025-07-16,2274.26,2104.400198679562
TR-031278,2025-07-16,2179.5,2133.2378371891864
TR-031279,2025-07-16,1336.61,1317.9467261463392
TR-031280,2025-07-16,2848.44,2620.971201077449
TR-031281,2025-07-16,1016.23,1024.0245774177192
TR-031282,2025-07-16,3369.39,3456.060162509526
TR-031283,2025-07-16,2478.25,2470.591782389169
TR-031284,2025-07-16,5817.95,5696.223372378121
TR-031285,2025-07-16,2797.85,2738.1713121340135
TR-031286,2025-07-16,1615.55,1655.8646114576322
TR-031287,2025-07-16,2282.64,2207.9820800677967
TR-031288,2025-07-16,4191.28,4325.315136619021
TR-031289,2025-07-16,1877.27,1723.071118867894
TR-031290,2025-07-16,1739.6,1704.4637497923432
TR-031291,2025-07-16,4179.08,4063.8197623156057
TR-031292,2025-07-16,4635.54,4708.593380129783
TR-031293,2025-07-16,2837.44,2835.0677018522983
TR-031294,2025-07-16,804.91,2467.5940599186556
TR-031295,2025-07-16,2613.67,2582.3271380166602
TR-031296,2025-07-16,5018.11,4951.803626207928
TR-031297,2025-07-16,4643.35,4660.777200349482
TR-031298,2025-07-16,423.31,435.6765336132837
TR-031299,2025-07-16,2044.57,2002.8861574594791
TR-031300,2025-07-16,4560.5,4801.222637915702
TR-031301,2025-07-16,353.57,379.43272961930984
TR-031302,2025-07-16,1800.31,1769.6233430892978
TR-031303,2025-07-16,4358.6,1837.8868221761254
TR-031304,2025-07-16,2821.46,2804.573219308856
TR-031305,2025-07-16,1537.67,1524.4420907514825
TR-031306,2025-07-16,1143.56,1122.7274863157986
TR-031307,2025-07-16,1417.5,1410.5706269434709
TR-031308,2025-07-16,562.63,543.0413234388548
TR-031309,2025-07-16,4130.49,3868.105294608502
TR-031310,2025-07-16,1566.47,1586.2361811245341
TR-031311,2025-07-16,2037.41,1936.5392442123762
TR-031312,2025-07-16,1010.31,998.383316125648
TR-031313,2025-07-16,5392.04,5177.948374022803
TR-031314,2025-07-16,1488.69,1445.460491835316
TR-031315,2025-07-16,2684.4,2595.335713840074
TR-031316,2025-07-16,2095.89,2077.8075322340237
TR-031317,2025-07-16,3175.88,2968.3963690526107
TR-031318,2025-07-16,1129.56,1102.1660595183214
TR-031319,2025-07-16,1954.38,1990.6914638320031
TR-031320,2025-07-16,1174.86,1193.7391657032267
TR-031321,2025-07-16,1734.09,1704.827058766476
TR-031322,2025-07-16,2210.71,2251.1313557705726
TR-031323,2025-07-16,1278.83,1250.3928867162872
TR-031324,2025-07-16,1152.25,1099.6925812110474
TR-031325,2025-07-16,2305.91,2231.6899932358415
TR-031326,2025-07-16,2942.26,3020.424397161952
TR-031327,2025-07-16,6510.96,6095.114880673402
TR-031328,2025-07-16,2371.78,2347.4840231805138
TR-031329,2025-07-16,1954.96,1958.4107669920304
TR-031330,2025-07-16,1423.55,1389.2705739115809
TR-031331,2025-07-16,956.22,916.4545504742591
TR-031332,2025-07-16,2894.8,2667.8998032780037
TR-031333,2025-07-16,5970.35,1695.674700618803
TR-031334,2025-07-16,2963.06,3114.8868576382065
TR-031335,2025-07-16,1694.67,1624.5210888424276
TR-031336,2025-07-16,902.78,919.2321224336599
TR-031337,2025-07-16,966.36,954.9978751811873
TR-031338,2025-07-16,4544.07,4323.272253216679
TR-031339,2025-07-16,1660.46,1662.875831433032
TR-031340,2025-07-16,312.22,342.37176146212914
TR-031341,2025-07-16,2629.41,2767.9040194884537
TR-031342,2025-07-16,3531.56,3330.028483228046
TR-031343,2025-07-16,4615.93,4497.8518705824345
TR-031344,2025-07-16,4006.49,4031.4979164626156
TR-031345,2025-07-16,3435.48,3454.7041765925833
TR-031346,2025-07-16,2103.16,2100.49297167153
TR-031347,2025-07-16,2088.78,1971.512582836317
TR-031348,2025-07-16,926.88,913.1731952202358
TR-031349,2025-07-16,1186.7,1087.0133542460198
TR-031350,2025-07-16,2685.15,2418.8455053381876
TR-031351,2025-07-16,2928.02,2983.66885038371
TR-031352,2025-07-16,3691.21,3626.58478642289
TR-031353,2025-07-16,2363.35,2245.3433268008384
TR-031354,2025-07-16,1341.26,1311.0496872971285
TR-031355,2025-07-16,1941.56,1881.965036080069
TR-031356,2025-07-16,2065.8,1993.2815271174568
TR-031357,2025-07-16,2839.63,2664.060627046661
TR-031358,2025-07-16,849.26,837.3511895056549
TR-031359,2025-07-16,3803.6,3696.18972692721
TR-031360,2025-07-16,1499.34,1579.4211658118406
TR-031361,2025-07-16,2178.09,2146.723865792069
TR-031362,2025-07-16,703.07,722.6390298229685
TR-031363,2025-07-16,1195.93,1171.4744502793
TR-031364,2025-07-16,2555.73,2587.4904382432155
TR-031365,2025-07-16,5972.2,5961.926699868287
TR-031366,2025-07-16,2171.81,2075.6876656780914
TR-031367,2025-07-16,3296.97,3313.7097261732115
TR-031368,2025-07-16,4155.08,4183.277490271385
TR-031369,2025-07-16,1773.92,1780.3891978307993
TR-031370,2025-07-16,1187.01,1196.4162415888263
TR-031371,2025-07-16,1575.81,1578.7778765233338
TR-031372,2025-07-16,3118.16,3232.8269219022923
TR-031373,2025-07-16,1143.76,1125.9229713880354
TR-031374,2025-07-17,6638.75,6359.631698644047
TR-031375,2025-07-17,2217.51,2160.8350575841578
TR-031376,2025-07-17,3492.8,3151.0617819876566
TR-031377,2025-07-17,3229.54,3148.493804154684
TR-031378,2025-07-17,1656.43,1622.9953085992795
TR-031379,2025-07-17,3832.66,3895.6639294806732
TR-031380,2025-07-17,2045.58,1931.5661902941872
TR-031381,2025-07-17,1082.16,1071.2945053532462
TR-031382,2025-07-17,1397.01,1330.7606107318265
TR-031383,2025-07-17,3669.39,3656.325756557454
TR-031384,2025-07-17,596.1,582.7082384994292
TR-031385,2025-07-17,4256.96,3905.5778627793966
TR-031386,2025-07-17,2309.46,2198.5753092893515
TR-031387,2025-07-17,804.37,826.7608544316699
TR-031388,2025-07-17,1980.14,1912.2029079055137
TR-031389,2025-07-17,357.76,511.61629067444346
TR-031390,2025-07-17,2417.81,2207.643343288526
TR-031391,2025-07-17,1272.41,1253.543334655837
TR-031392,2025-07-17,4098.46,4059.1153027505725
TR-031393,2025-07-17,813.18,783.5454952436951
TR-031394,2025-07-17,2960.92,2947.4855268378815
TR-031395,2025-07-17,3715.2,3689.927814477506
TR-031396,2025-07-17,4511.81,4488.385540961348
TR-031397,2025-07-17,1621.96,1593.3356344270198
TR-031398,2025-07-17,4058.58,4122.256645993515
TR-031399,2025-07-17,380.46,393.8629029894737
TR-031400,2025-07-17,3694.79,3672.876215577804
TR-031401,2025-07-17,1420.85,1386.4976449515461
TR-031402,2025-07-17,353.69,459.61352181345
TR-031403,2025-07-17,2072.59,1969.2455752440042
TR-031404,2025-07-17,2116.32,2082.978198054026
TR-031405,2025-07-17,3275.69,3364.026077993525
TR-031406,2025-07-17,2966.6,2827.8985315235295
TR-031407,2025-07-17,2277.07,2299.604580992656
TR-031408,2025-07-17,3556.32,3491.102423582468
TR-031409,2025-07-17,1126.03,1081.3995747536526
TR-031410,2025-07-17,580.91,557.1139424551902
TR-031411,2025-07-17,4422.6,4556.0302371408725
TR-031412,2025-07-17,859.57,834.7677754889194
TR-031413,2025-07-17,3499.26,3422.3808988623114
TR-031414,2025-07-17,1562.78,1569.601751699409
TR-031415,2025-07-17,2841.75,2519.128841224115
TR-031416,2025-07-17,884.63,863.9627958982562
TR-031417,2025-07-17,3133.06,3193.171137616385
TR-031418,2025-07-17,4123.03,3941.558411515092
TR-031419,2025-07-17,3959.06,4033.198344504868
TR-031420,2025-07-17,4757.82,4569.227370062753
TR-031421,2025-07-17,3384.98,3192.0533965206123
TR-031422,2025-07-17,2275.32,2250.948048153489
TR-031423,2025-07-17,3429.16,3387.6181156959055
TR-031424,2025-07-17,1225.21,1196.4923232242693
TR-031425,2025-07-17,1558.87,1490.5194906506058
TR-031426,2025-07-17,1023.17,995.5330314192252
TR-031427,2025-07-17,3305.66,3444.4914418796125
TR-031428,2025-07-17,1376.76,1359.9738317090168
TR-031429,2025-07-17,694.65,718.4145105990515
TR-031430,2025-07-17,1812.61,1804.3311429197088
TR-031431,2025-07-17,3558.75,3531.2560321494316
TR-031432,2025-07-17,1684.1,1685.5468809771492
TR-031433,2025-07-17,4264.82,4243.158103762013
TR-031434,2025-07-17,1629.48,1619.646711903363
TR-031435,2025-07-17,3598.03,3481.12316553049
TR-031436,2025-07-17,865.1,892.5711672416808
TR-031437,2025-07-17,1989.26,1904.0350670919927
TR-031438,2025-07-17,1695.22,1646.5117123388118
TR-031439,2025-07-17,781.61,765.7820423478925
TR-031440,2025-07-17,2015.81,1960.4689723208032
TR-031441,2025-07-17,1043.87,1067.4833560427278
TR-031442,2025-07-17,4162.47,4248.843204075325
TR-031443,2025-07-17,2587.52,2531.3171068028264
TR-031444,2025-07-17,3984.62,4055.5058993390376
TR-031445,2025-07-17,2072.24,2080.7467596888523
TR-031446,2025-07-17,1229.83,1267.3425260082827
TR-031447,2025-07-17,2592.17,2390.075777386521
TR-031448,2025-07-17,3759.21,3599.497305253952
TR-031449,2025-07-17,2493.89,2447.981962796853
TR-031450,2025-07-17,4384.53,4358.88758105738
TR-031451,2025-07-17,1596.51,1585.9832964164775
TR-031452,2025-07-17,3722.0,3595.794724980113
TR-031453,2025-07-17,796.1,827.2679210361568
TR-031454,2025-07-17,3792.84,3622.062103297513
TR-031455,2025-07-17,1825.92,1789.9343455907479
TR-031456,2025-07-17,5190.0,5195.996308431706
TR-031457,2025-07-17,1393.35,1327.6892682603916
TR-031458,2025-07-17,2033.9,2049.310197284739
TR-031459,2025-07-17,1306.37,1316.6755854431788
TR-031460,2025-07-17,1291.87,1324.9263666446582
TR-031461,2025-07-17,10965.67,2396.088490866829
TR-031462,2025-07-17,3619.13,3475.248896823623
TR-031463,2025-07-17,1820.41,1785.2517117432124
TR-031464,2025-07-17,1998.3,2029.5116217868415
TR-031465,2025-07-17,1363.85,1368.9992962560218
TR-031466,2025-07-17,3749.6,3728.89558025802
TR-031467,2025-07-17,5204.08,5220.492681902365
TR-031468,2025-07-17,6156.12,5962.445642844608
TR-031469,2025-07-17,4263.01,4034.693142626288
TR-031470,2025-07-17,1595.4,1553.5520120926499
TR-031471,2025-07-17,1361.76,1453.639698144503
TR-031472,2025-07-17,1159.11,1198.726784250287
TR-031473,2025-07-17,2976.78,2977.4174164485016
TR-031474,2025-07-17,1947.38,1845.4850268791981
TR-031475,2025-07-17,3119.09,3069.811172165919
TR-031476,2025-07-17,4078.02,4007.3011149073873
TR-031477,2025-07-17,5495.08,5527.111169756246
TR-031478,2025-07-17,879.94,897.3151245478898
TR-031479,2025-07-17,1015.33,973.1197993153387
TR-031480,2025-07-17,1802.44,1785.1471332752603
TR-031481,2025-07-17,2064.26,1999.2124535545904
TR-031482,2025-07-17,1347.85,1407.462535587642
TR-031483,2025-07-17,1272.75,1232.5028464085722
TR-031484,2025-07-17,4223.36,4326.264401494912
TR-031485,2025-07-17,846.13,861.1221478175635
TR-031486,2025-07-17,1597.36,1566.621358871877
TR-031487,2025-07-17,1820.18,1782.3487668010125
TR-031488,2025-07-17,613.47,612.9273893041752
TR-031489,2025-07-17,1213.6,1168.26383451945
TR-031490,2025-07-17,1616.93,1593.7068173611133
TR-031491,2025-07-17,3797.93,3860.861616555266
TR-031492,2025-07-17,2109.92,2137.775299372331
TR-031493,2025-07-17,3967.58,4043.7893299584966
TR-031494,2025-07-17,763.41,746.2720807840208
TR-031495,2025-07-17,924.44,898.9796118684208
TR-031496,2025-07-17,2507.98,2539.923346472904
TR-031497,2025-07-17,3511.46,3424.758929595075
TR-031498,2025-07-17,518.99,527.1538948188611
TR-031499,2025-07-17,625.26,611.6756428409631
TR-031500,2025-07-17,468.9,461.328970750669
TR-031501,2025-07-17,4824.66,4511.828025130895
TR-031502,2025-07-17,4962.25,5067.082555318713
TR-031503,2025-07-17,1574.86,1568.7019597954613
TR-031504,2025-07-17,2311.49,2135.6413918277312
TR-031505,2025-07-17,1769.7,1714.4707187779836
TR-031506,2025-07-17,3794.57,3861.832796623272
TR-031507,2025-07-17,1296.07,1220.3508939557323
TR-031508,2025-07-17,1711.55,1678.0582652400826
TR-031509,2025-07-17,1814.05,1777.9042574826426
TR-031510,2025-07-17,1558.87,1511.3035317075955
TR-031511,2025-07-17,2646.95,2601.7194518938786
TR-031512,2025-07-17,1647.46,1636.8026515691886
TR-031513,2025-07-17,2415.54,2452.2057527967
TR-031514,2025-07-17,3124.63,3061.9933063592016
TR-031515,2025-07-17,2650.43,2679.399823234384
TR-031516,2025-07-17,1151.48,1157.3098849373337
TR-031517,2025-07-17,974.64,992.3578354880704
TR-031518,2025-07-17,2152.83,2128.298852691527
TR-031519,2025-07-17,2285.17,2373.9355333441
TR-031520,2025-07-17,1278.15,1324.7617977132998
TR-031521,2025-07-17,4258.71,4176.238838857438
TR-031522,2025-07-17,1604.74,1650.7927122081956
TR-031523,2025-07-17,3223.02,3034.2267045965787
TR-031524,2025-07-17,2535.07,2451.9375154115814
TR-031525,2025-07-17,3510.78,3174.6330909539806
TR-031526,2025-07-18,2113.86,2170.100169527974
TR-031527,2025-07-18,5278.65,5103.562439564708
TR-031528,2025-07-18,4048.36,4026.0365199444477
TR-031529,2025-07-18,1592.76,1488.1588687107228
TR-031530,2025-07-18,3416.23,3516.333606656187
TR-031531,2025-07-18,1572.25,1493.3087877445937
TR-031532,2025-07-18,482.25,511.5669445420756
TR-031533,2025-07-18,1778.15,1710.9112091343584
TR-031534,2025-07-18,1267.89,1233.6433231034134
TR-031535,2025-07-18,1764.79,1731.350826816466
TR-031536,2025-07-18,2292.08,2225.081714512369
TR-031537,2025-07-18,3453.16,3268.8855789481336
TR-031538,2025-07-18,4608.72,4677.517456344422
TR-031539,2025-07-18,2542.37,2604.770022667125
TR-031540,2025-07-18,1186.65,1146.4733549536763
TR-031541,2025-07-18,1279.82,1296.104670710609
TR-031542,2025-07-18,1809.81,1779.192553873229
TR-031543,2025-07-18,833.05,799.8244062170902
TR-031544,2025-07-18,583.26,575.3071740400687
TR-031545,2025-07-18,764.93,738.8759088767506
TR-031546,2025-07-18,1246.54,1212.4326833580585
TR-031547,2025-07-18,860.69,809.6322297491377
TR-031548,2025-07-18,4386.82,4171.004838934135
TR-031549,2025-07-18,1188.12,1150.6106376466769
TR-031550,2025-07-18,2279.14,2224.2724353431367
TR-031551,2025-07-18,1237.17,1217.702117435737
TR-031552,2025-07-18,1982.94,2015.210045688822
TR-031553,2025-07-18,2836.0,2702.3760552113645
TR-031554,2025-07-18,756.12,713.278920598056
TR-031555,2025-07-18,1665.21,1614.3502708279284
TR-031556,2025-07-18,1884.32,1821.9915341552005
TR-031557,2025-07-18,1997.67,2051.3592152652323
TR-031558,2025-07-18,4695.36,4642.381322356283
TR-031559,2025-07-18,3200.48,3133.790246213891
TR-031560,2025-07-18,2916.47,2860.2012170597636
TR-031561,2025-07-18,1889.65,1828.8248981601396
TR-031562,2025-07-18,3980.9,4054.610159699987
TR-031563,2025-07-18,3048.58,3357.8049219508857
TR-031564,2025-07-18,3271.96,3219.1928558625386
TR-031565,2025-07-18,2059.4,2014.442322263964
TR-031566,2025-07-18,1484.88,1480.6098390657487
TR-031567,2025-07-18,3758.14,3733.979860197159
TR-031568,2025-07-18,1880.56,1879.4519798386402
TR-031569,2025-07-18,1040.46,1043.1715239420942
TR-031570,2025-07-18,2147.13,2294.7374403055583
TR-031571,2025-07-18,1374.61,1380.158990981006
TR-031572,2025-07-18,886.08,842.6630228052368
TR-031573,2025-07-18,2009.98,1954.541528992768
TR-031574,2025-07-18,2509.51,2510.2734123434107
TR-031575,2025-07-18,3701.45,3626.8492646712957
TR-031576,2025-07-18,1470.86,1427.0461870811996
TR-031577,2025-07-18,1194.38,1164.188765998436
TR-031578,2025-07-18,4883.17,4767.568673663839
TR-031579,2025-07-18,772.66,769.5844125143203
TR-031580,2025-07-18,3039.33,3005.991231658952
TR-031581,2025-07-18,831.51,860.6047045605319
TR-031582,2025-07-18,5121.69,5000.375307028844
TR-031583,2025-07-18,1039.54,1029.275493695241
TR-031584,2025-07-18,3312.14,3489.414593780012
TR-031585,2025-07-18,2140.92,2055.176507293511
TR-031586,2025-07-18,1130.85,1159.7596289423198
TR-031587,2025-07-18,1102.63,1157.5519075285224
TR-031588,2025-07-18,1447.66,1414.7640390624701
TR-031589,2025-07-18,4535.45,4585.544923852123
TR-031590,2025-07-18,1545.48,1568.8350826097635
TR-031591,2025-07-18,1152.92,1149.1826069805943
TR-031592,2025-07-18,788.56,800.524386218688
TR-031593,2025-07-18,1679.29,1664.6141419079722
TR-031594,2025-07-18,1326.29,1286.2065112690666
TR-031595,2025-07-18,3610.33,3831.809714908085
TR-031596,2025-07-18,4522.53,4210.438037309392
TR-031597,2025-07-18,5145.5,5005.707593141772
TR-031598,2025-07-18,3360.46,3421.7670745752657
TR-031599,2025-07-18,3584.14,3622.5066300272947
TR-031600,2025-07-18,3594.26,3612.0809632110368
TR-031601,2025-07-18,1444.58,1403.1675898389315
TR-031602,2025-07-18,1826.01,1877.650961532348
TR-031603,2025-07-18,5132.85,5082.060181461418
TR-031604,2025-07-18,2017.87,2050.9968837461574
TR-031605,2025-07-18,1041.78,988.2762943611392
TR-031606,2025-07-18,2305.08,2285.7837676662853
TR-031607,2025-07-18,1292.76,1243.760513685931
TR-031608,2025-07-18,1221.06,1221.5675092498777
TR-031609,2025-07-18,1533.85,1590.9699987149988
TR-031610,2025-07-18,2131.63,2145.2436255042935
TR-031611,2025-07-18,4197.17,4044.2326503540717
TR-031612,2025-07-18,1364.3,1390.6149815818308
TR-031613,2025-07-18,847.29,821.9819341007947
TR-031614,2025-07-18,628.38,593.3726581719684
TR-031615,2025-07-18,4660.82,4830.71663230993
TR-031616,2025-07-18,1109.81,1149.2703847839607
TR-031617,2025-07-18,1682.6,1732.2978961079298
TR-031618,2025-07-18,1931.59,1822.4089480636508
TR-031619,2025-07-18,751.31,796.1535673882013
TR-031620,2025-07-18,1025.42,2546.67171203453
TR-031621,2025-07-18,1847.63,1856.9611380719884
TR-031622,2025-07-18,2223.8,2119.6688916387657
TR-031623,2025-07-18,1512.25,1457.0004016342675
TR-031624,2025-07-18,485.59,441.98702432959635
TR-031625,2025-07-18,2183.25,2060.2217715726397
TR-031626,2025-07-18,1971.5,1947.056271230513
TR-031627,2025-07-18,644.32,626.8423878737749
TR-031628,2025-07-18,2900.65,2479.9473416328283
TR-031629,2025-07-18,2111.93,2102.9125442291975
TR-031630,2025-07-18,2789.58,2756.6366896546624
TR-031631,2025-07-18,2667.5,2646.433843411643
TR-031632,2025-07-18,2434.0,2419.523515819233
TR-031633,2025-07-18,3166.44,3105.52739624752
TR-031634,2025-07-18,1735.84,1768.4951154532632
TR-031635,2025-07-18,1340.13,1302.6175542210597
TR-031636,2025-07-18,2375.42,2508.6435294681
TR-031637,2025-07-18,2383.02,2243.094457625126
TR-031638,2025-07-18,4657.5,4744.70556015643
TR-031639,2025-07-18,1051.37,1040.6332459713544
TR-031640,2025-07-18,2208.89,2164.823458071423
TR-031641,2025-07-18,4304.42,4278.731960426897
TR-031642,2025-07-18,839.15,834.0436848347554
TR-031643,2025-07-18,2083.52,2081.732305658483
TR-031644,2025-07-18,3827.29,3638.2706436981844
TR-031645,2025-07-18,3559.85,3262.0462926139016
TR-031646,2025-07-18,1892.96,1923.208312530928
TR-031647,2025-07-18,2714.25,2567.493896153557
TR-031648,2025-07-18,2319.37,2325.964698791697
TR-031649,2025-07-18,2437.76,2501.684220922197
TR-031650,2025-07-18,4302.4,4336.738444857187
TR-031651,2025-07-18,920.33,901.7856780511377
TR-031652,2025-07-18,2037.23,2066.126366601146
TR-031653,2025-07-18,1263.39,1205.9748707458036
TR-031654,2025-07-18,648.31,659.0200427214804
TR-031655,2025-07-18,1945.39,1919.828786896718
TR-031656,2025-07-18,1726.9,1719.6282026159422
TR-031657,2025-07-18,3905.98,3750.9883922656973
TR-031658,2025-07-18,3879.18,4005.0953166019463
TR-031659,2025-07-18,2436.91,2395.112524697352
TR-031660,2025-07-18,3969.03,3783.647106005388
TR-031661,2025-07-18,2196.24,2174.38644417197
TR-031662,2025-07-18,2772.61,2710.5227278205143
TR-031663,2025-07-18,4734.99,4848.767099236986
TR-031664,2025-07-18,3341.15,3144.8257357123703
TR-031665,2025-07-18,569.62,605.9360576649904
TR-031666,2025-07-18,3872.25,3833.316851890454
TR-031667,2025-07-18,1689.23,1770.211899007889
TR-031668,2025-07-18,2211.48,2084.793669890307
TR-031669,2025-07-18,764.33,794.942014788197
TR-031670,2025-07-18,1909.88,1831.7857324132535
TR-031671,2025-07-18,1402.08,1382.2905558583766
TR-031672,2025-07-18,643.27,655.963877442691
TR-031673,2025-07-18,1086.93,1075.0961697172493
TR-031674,2025-07-18,581.24,576.3576514760191
TR-031675,2025-07-18,860.37,831.6996386961728
TR-031676,2025-07-18,627.4,612.2836808892264
TR-031677,2025-07-18,1207.2,1271.0778112316625
TR-031678,2025-07-18,695.03,726.6513946298205
TR-031679,2025-07-18,735.65,744.9354598837624
TR-031680,2025-07-19,411.83,379.04630924210846
TR-031681,2025-07-19,2395.32,2204.0624274263732
TR-031682,2025-07-19,656.07,635.5758089279589
TR-031683,2025-07-19,1385.05,1358.9428281591204
TR-031684,2025-07-19,2868.19,3149.1044948721424
TR-031685,2025-07-19,3329.37,3377.5070059403706
TR-031686,2025-07-19,2271.09,2267.482717061876
TR-031687,2025-07-19,3795.87,3689.94154039752
TR-031688,2025-07-19,1707.52,1710.2431036507392
TR-031689,2025-07-19,2859.05,2727.461465654489
TR-031690,2025-07-19,2269.87,2202.9654498152704
TR-031691,2025-07-19,3168.1,3059.4161921858145
TR-031692,2025-07-19,1856.54,1877.3123615412635
TR-031693,2025-07-19,6184.19,5984.50431677406
TR-031694,2025-07-19,779.74,796.3053466502142
TR-031695,2025-07-19,3725.54,3573.504121598955
TR-031696,2025-07-19,634.94,576.3618873014639
TR-031697,2025-07-19,2302.7,2195.6372296342875
TR-031698,2025-07-19,1742.37,1788.0732669250685
TR-031699,2025-07-19,1213.28,1201.230813343433
TR-031700,2025-07-19,4645.79,4430.212528595943
TR-031701,2025-07-19,1915.25,1970.4529916545825
TR-031702,2025-07-19,1661.79,1637.879068667612
TR-031703,2025-07-19,3918.5,3723.5769356577775
TR-031704,2025-07-19,832.48,826.1558654231762
TR-031705,2025-07-19,2902.84,2834.7647050403493
TR-031706,2025-07-19,1418.35,1357.846618460865
TR-031707,2025-07-19,1137.81,1184.3683106095727
TR-031708,2025-07-19,3832.34,3335.4053804262257
TR-031709,2025-07-19,1286.38,1222.7703137231551
TR-031710,2025-07-19,3365.82,3442.632092142281
TR-031711,2025-07-19,2629.72,2648.1225213750636
TR-031712,2025-07-19,655.11,615.0051221664605
TR-031713,2025-07-19,739.06,758.3650316937651
TR-031714,2025-07-19,1101.84,1084.594690288126
TR-031715,2025-07-19,4287.8,4455.566743101028
TR-031716,2025-07-19,644.95,642.5176683387681
TR-031717,2025-07-19,3813.66,3759.5973836517906
TR-031718,2025-07-19,3906.53,3859.9978804427856
TR-031719,2025-07-19,961.59,930.0739263822015
TR-031720,2025-07-19,728.49,732.5138748924326
TR-031721,2025-07-19,2323.82,2245.1088446393123
TR-031722,2025-07-19,3789.38,3570.789301607848
TR-031723,2025-07-19,1860.35,1841.3227304031836
TR-031724,2025-07-19,3016.54,3074.2909264535247
TR-031725,2025-07-19,2190.35,2353.1279842827917
TR-031726,2025-07-19,5619.01,5588.698163393627
TR-031727,2025-07-19,2012.82,2086.71529706131
TR-031728,2025-07-19,2988.76,2949.6654683655765
TR-031729,2025-07-19,4291.97,4204.966244317153
TR-031730,2025-07-19,167.63,757.3958261508685
TR-031731,2025-07-19,4670.39,4493.351862573806
TR-031732,2025-07-19,1160.24,1128.7012760825173
TR-031733,2025-07-19,2031.14,2239.646043307348
TR-031734,2025-07-19,3363.21,3189.2447363727224
TR-031735,2025-07-19,2655.17,2746.7405173911034
TR-031736,2025-07-19,856.18,820.7468057060214
TR-031737,2025-07-19,2123.07,2095.0883970655113
TR-031738,2025-07-19,2193.44,2064.6975003801845
TR-031739,2025-07-19,1682.44,1641.2830965744763
TR-031740,2025-07-19,1558.6,1606.8220609689793
TR-031741,2025-07-19,1417.06,1342.338394175953
TR-031742,2025-07-19,921.0,971.4219943280068
TR-031743,2025-07-19,6193.75,5957.531879803271
TR-031744,2025-07-19,1208.29,1173.2913726196139
TR-031745,2025-07-19,2640.82,2388.828351172469
TR-031746,2025-07-19,573.13,2251.6144474577654
TR-031747,2025-07-19,1386.42,1311.994945960158
TR-031748,2025-07-19,4507.5,4194.515708721077
TR-031749,2025-07-19,2004.62,1963.749975950346
TR-031750,2025-07-19,5281.13,5145.9697694624265
TR-031751,2025-07-19,1217.22,1202.423964666785
TR-031752,2025-07-19,2021.05,2018.1050682241082
TR-031753,2025-07-19,2197.86,2167.1749231987837
TR-031754,2025-07-19,4127.58,4078.4011920207477
TR-031755,2025-07-19,1836.18,1745.7465042331855
TR-031756,2025-07-19,1490.12,1524.162375289149
TR-031757,2025-07-19,1080.05,1022.105757777115
TR-031758,2025-07-19,5071.98,4779.488700949058
TR-031759,2025-07-19,2383.37,2066.554689287066
TR-031760,2025-07-19,2948.52,2913.3584888911582
TR-031761,2025-07-19,1024.45,1044.8871830813473
TR-031762,2025-07-19,1554.87,1448.3136023832806
TR-031763,2025-07-19,1537.23,1553.8527347973127
TR-031764,2025-07-19,3693.9,3849.5134745795976
TR-031765,2025-07-19,4838.22,4765.855443871273
TR-031766,2025-07-19,2856.63,3021.300285482549
TR-031767,2025-07-19,1186.79,1124.4513985959134
TR-031768,2025-07-19,2773.41,2621.4946300658294
TR-031769,2025-07-19,2589.11,2648.86934324944
TR-031770,2025-07-19,2202.94,2204.0361610380673
TR-031771,2025-07-19,1809.76,1870.4741046862134
TR-031772,2025-07-19,2407.29,2304.830965569221
TR-031773,2025-07-19,4554.92,4429.557631518299
TR-031774,2025-07-19,1638.48,1601.7780909221303
TR-031775,2025-07-19,628.22,669.9523778490941
TR-031776,2025-07-19,3351.5,3280.3912368597557
TR-031777,2025-07-19,2970.23,2713.546247911462
TR-031778,2025-07-19,1532.08,1538.2191891028172
TR-031779,2025-07-19,1088.36,1038.1778632976602
TR-031780,2025-07-19,5088.98,4796.707683663644
TR-031781,2025-07-19,2335.46,2107.112425473502
TR-031782,2025-07-19,1116.86,1122.331155348171
TR-031783,2025-07-19,639.73,656.1227673407784
TR-031784,2025-07-19,1757.58,1719.9946382607231
TR-031785,2025-07-19,2821.13,2657.6039645086835
TR-031786,2025-07-19,3978.13,3696.957431094107
TR-031787,2025-07-19,1272.75,1294.822104858859
TR-031788,2025-07-19,1398.67,3969.4439840059567
TR-031789,2025-07-19,607.91,575.0754956833553
TR-031790,2025-07-19,3765.86,3891.36176318254
TR-031791,2025-07-19,1920.95,1876.0197164578803
TR-031792,2025-07-19,689.96,677.6496094525696
TR-031793,2025-07-19,3340.64,3432.921480816868
TR-031794,2025-07-19,2471.11,2418.569327108652
TR-031795,2025-07-19,1987.25,2104.869152809028
TR-031796,2025-07-19,1983.19,1931.036435332378
TR-031797,2025-07-19,1228.65,1167.2307579495596
TR-031798,2025-07-19,4373.61,4395.491844910714
TR-031799,2025-07-19,1971.73,1934.5924134509473
TR-031800,2025-07-19,1282.18,1313.8184391479551
TR-031801,2025-07-19,2771.07,2970.3285456715103
TR-031802,2025-07-19,2265.62,2188.463925273778
TR-031803,2025-07-19,1410.06,1417.8158370625422
TR-031804,2025-07-19,1739.75,1766.686531390104
TR-031805,2025-07-19,1139.4,1141.785941882746
TR-031806,2025-07-19,897.41,855.1632987924686
TR-031807,2025-07-19,3478.54,3438.9942773227167
TR-031808,2025-07-19,1362.07,1350.1822201539092
TR-031809,2025-07-19,1153.21,1156.3742799520287
TR-031810,2025-07-19,3692.33,3674.64453070988
TR-031811,2025-07-19,1356.86,1358.3159515757284
TR-031812,2025-07-19,3781.83,3831.6381250587515
TR-031813,2025-07-19,2697.24,2559.294888404871
TR-031814,2025-07-19,3993.28,3644.046235041478
TR-031815,2025-07-19,888.58,958.0141276860056
TR-031816,2025-07-19,1849.59,1946.1441017059067
TR-031817,2025-07-19,792.23,819.6031839554792
TR-031818,2025-07-19,2049.36,2008.563452796263
TR-031819,2025-07-19,3321.53,3025.9283403120558
TR-031820,2025-07-19,5111.68,4891.720743457061
TR-031821,2025-07-19,2890.32,2577.3545407183196
TR-031822,2025-07-19,1554.7,1480.6767950940857
TR-031823,2025-07-19,3709.91,3764.9590397641277
TR-031824,2025-07-19,1249.2,1215.8622215874
TR-031825,2025-07-19,2315.59,2213.2335988758446
TR-031826,2025-07-20,1703.23,1689.6882869760334
TR-031827,2025-07-20,1831.22,1783.3862645188065
TR-031828,2025-07-20,1302.13,1267.5332728907483
TR-031829,2025-07-20,1934.13,1884.851842849288
TR-031830,2025-07-20,3708.88,3605.6499857158215
TR-031831,2025-07-20,3967.28,3901.3001212812933
TR-031832,2025-07-20,4197.26,4251.057263433549
TR-031833,2025-07-20,711.85,700.3073526143874
TR-031834,2025-07-20,1607.39,1548.4409545716435
TR-031835,2025-07-20,2399.63,2364.3416030640547
TR-031836,2025-07-20,2508.49,2518.348955815681
TR-031837,2025-07-20,834.95,851.3890508499214
TR-031838,2025-07-20,957.04,985.7403246299859
TR-031839,2025-07-20,1489.56,1530.8129300826881
TR-031840,2025-07-20,3642.46,3697.523690520442
TR-031841,2025-07-20,3308.16,3061.8819820478107
TR-031842,2025-07-20,5254.97,5273.199056955002
TR-031843,2025-07-20,2017.97,2003.027248789059
TR-031844,2025-07-20,2552.19,2497.505143606101
TR-031845,2025-07-20,3008.23,2860.365318741977
TR-031846,2025-07-20,5260.81,5213.850926596278
TR-031847,2025-07-20,1398.98,1342.8969414075407
TR-031848,2025-07-20,1520.14,1513.332255555118
TR-031849,2025-07-20,988.49,1035.0095208723212
TR-031850,2025-07-20,1363.62,1360.7711091536794
TR-031851,2025-07-20,1944.96,1919.9052632186133
TR-031852,2025-07-20,4117.33,4173.120364393583
TR-031853,2025-07-20,1810.98,1756.7507841955696
TR-031854,2025-07-20,2291.82,2166.3399878956384
TR-031855,2025-07-20,2955.39,2648.548574690478
TR-031856,2025-07-20,2924.74,2990.5594337910534
TR-031857,2025-07-20,1107.3,1117.5585018021206
TR-031858,2025-07-20,4157.82,4088.963589915553
TR-031859,2025-07-20,2868.58,3075.3060379558947
TR-031860,2025-07-20,2402.16,2275.108589197056
TR-031861,2025-07-20,4106.3,4354.522441336758
TR-031862,2025-07-20,2881.52,2985.5354528560765
TR-031863,2025-07-20,730.58,727.7637355893025
TR-031864,2025-07-20,3755.18,3736.6021332266446
TR-031865,2025-07-20,1821.63,1802.9281014527062
TR-031866,2025-07-20,2280.81,2258.4991136728427
TR-031867,2025-07-20,597.48,577.486987607622
TR-031868,2025-07-20,2162.48,2089.764506019253
TR-031869,2025-07-20,4844.2,4743.016526596473
TR-031870,2025-07-20,3239.14,3074.913062150335
TR-031871,2025-07-20,2675.14,2558.910412345445
TR-031872,2025-07-20,1211.4,1187.373683482103
TR-031873,2025-07-20,494.05,495.99477997314716
TR-031874,2025-07-20,1384.32,1341.2171557285528
TR-031875,2025-07-20,3602.1,3572.088278878741
TR-031876,2025-07-20,5394.76,5453.5149274427795
TR-031877,2025-07-20,5115.97,5046.195463531414
TR-031878,2025-07-20,920.1,900.6363028643359
TR-031879,2025-07-20,2696.01,2598.1521909146268
TR-031880,2025-07-20,3314.31,3074.758943468058
TR-031881,2025-07-20,872.08,880.8880151800518
TR-031882,2025-07-20,3934.28,3957.79602502325
TR-031883,2025-07-20,2195.52,2104.576271577114
TR-031884,2025-07-20,2451.04,2257.628596546011
TR-031885,2025-07-20,2697.37,2547.200952405908
TR-031886,2025-07-20,2368.9,2529.488347129933
TR-031887,2025-07-20,4092.25,4005.1825770811156
TR-031888,2025-07-20,3445.36,3144.7102238466537
TR-031889,2025-07-20,4346.16,4227.862797321763
TR-031890,2025-07-20,1410.03,1412.6317662312445
TR-031891,2025-07-20,1112.27,1078.2066655845952
TR-031892,2025-07-20,5235.6,4945.854709802537
TR-031893,2025-07-20,5010.93,5159.135083434242
TR-031894,2025-07-20,4487.05,4482.787583782949
TR-031895,2025-07-20,4430.3,4356.0206633929765
TR-031896,2025-07-20,1862.84,1835.9967740596064
TR-031897,2025-07-20,412.5,496.5465656790175
TR-031898,2025-07-20,5847.05,5629.38344926841
TR-031899,2025-07-20,6113.07,5967.629078798238
TR-031900,2025-07-20,1531.53,1501.9238691770172
TR-031901,2025-07-20,1796.25,1844.5062049451576
TR-031902,2025-07-20,1174.03,1123.9052984842965
TR-031903,2025-07-20,3390.69,3384.5646161996283
TR-031904,2025-07-20,543.57,559.5042664495647
TR-031905,2025-07-20,1845.07,2020.3779870842848
TR-031906,2025-07-20,4848.69,4821.551767165547
TR-031907,2025-07-20,1200.36,1164.9984844103797
TR-031908,2025-07-20,1455.79,1373.885066623277
TR-031909,2025-07-20,687.82,668.3005536429464
TR-031910,2025-07-20,4276.57,4321.027679813185
TR-031911,2025-07-20,1800.7,1752.7301820818295
TR-031912,2025-07-20,2489.92,2166.2507933566544
TR-031913,2025-07-20,993.92,976.9355843191845
TR-031914,2025-07-20,657.56,692.4147229352291
TR-031915,2025-07-20,758.05,760.9206425639861
TR-031916,2025-07-20,1546.1,1446.9634357552954
TR-031917,2025-07-20,2302.76,2202.776386302641
TR-031918,2025-07-20,4528.71,4595.203839885804
TR-031919,2025-07-20,1138.71,1103.9750525050977
TR-031920,2025-07-20,1675.33,1670.2168191950739
TR-031921,2025-07-20,2427.19,2713.0424292730745
TR-031922,2025-07-20,4120.08,4204.656657084451
TR-031923,2025-07-20,1145.31,1164.4490290744072
TR-031924,2025-07-20,2378.18,2177.252007625431
TR-031925,2025-07-20,585.54,567.8760600630346
TR-031926,2025-07-20,1125.47,1139.3576857936905
TR-031927,2025-07-20,2818.39,2907.6906113726504
TR-031928,2025-07-20,799.82,766.0072932664918
TR-031929,2025-07-20,1877.2,1846.142511458192
TR-031930,2025-07-20,676.94,683.0776788095159
TR-031931,2025-07-20,1981.19,1993.281386073797
TR-031932,2025-07-20,1438.94,1503.1766295766097
TR-031933,2025-07-20,1037.33,1022.2574629720128
TR-031934,2025-07-20,2548.7,2358.3647870834593
TR-031935,2025-07-20,1039.63,1091.9857202077133
TR-031936,2025-07-20,3235.64,3032.8200189919767
TR-031937,2025-07-20,1129.75,1118.8017251640172
TR-031938,2025-07-20,2969.7,3094.162432178204
TR-031939,2025-07-20,518.29,556.8582969390252
TR-031940,2025-07-20,2192.83,2282.3506179808687
TR-031941,2025-07-20,3803.56,3854.9189127299433
TR-031942,2025-07-20,2692.13,2684.383475916158
TR-031943,2025-07-20,4406.97,4606.841082372343
TR-031944,2025-07-20,1455.31,1416.893983992622
TR-031945,2025-07-20,1109.72,1099.1928618539982
TR-031946,2025-07-20,960.16,960.6329309274352
TR-031947,2025-07-20,1359.09,1353.0635638803947
TR-031948,2025-07-20,4620.0,4732.928816529018
TR-031949,2025-07-20,3727.62,3764.700300650142
TR-031950,2025-07-20,4819.32,4852.690470724172
TR-031951,2025-07-20,2435.03,2577.5118800346877
TR-031952,2025-07-20,3910.33,3733.6697064855007
TR-031953,2025-07-20,2505.79,2768.2276667317524
TR-031954,2025-07-20,3367.1,3382.1223787328063
TR-031955,2025-07-20,1917.44,1832.2476850215864
TR-031956,2025-07-20,1973.65,1939.5468350905144
TR-031957,2025-07-20,981.06,1005.0982925706004
TR-031958,2025-07-20,3632.59,3626.262942266547
TR-031959,2025-07-20,1487.91,1497.8359061641422
TR-031960,2025-07-20,1472.86,1431.8405609461547
TR-031961,2025-07-20,553.64,548.14307703533
TR-031962,2025-07-20,2825.47,2911.410795491692
TR-031963,2025-07-20,858.34,4576.918989633941
TR-031964,2025-07-20,3365.67,3394.3755990671602
TR-031965,2025-07-20,4585.63,4619.711521063337
TR-031966,2025-07-20,1772.56,1814.3193285662087
TR-031967,2025-07-20,2068.14,2061.701946959601
TR-031968,2025-07-20,1940.57,1950.737549831475
TR-031969,2025-07-20,2602.55,2648.737776017387
TR-031970,2025-07-20,1803.76,1838.7650085761027
TR-031971,2025-07-20,1177.75,1196.2745822427896
TR-031972,2025-07-20,1401.87,1334.9967365903394
TR-031973,2025-07-20,2415.19,2611.1657041730195
TR-031974,2025-07-20,3041.27,3162.2928016269334
TR-031975,2025-07-20,3765.98,3667.4458409582257
TR-031976,2025-07-20,1912.88,1915.1639545508338
TR-031977,2025-07-20,652.88,659.744962130527
TR-031978,2025-07-20,1770.64,1767.3680036280757
TR-031979,2025-07-20,1034.67,1037.52994948663
TR-031980,2025-07-20,617.18,587.4086221696002
TR-031981,2025-07-20,1052.3,1067.5160673261576
TR-031982,2025-07-20,3845.9,3873.5038315553097
TR-031983,2025-07-20,2462.15,2259.231713417954
TR-031984,2025-07-20,1831.7,1885.6337873713574
TR-031985,2025-07-20,1917.86,1895.2931173709085
TR-031986,2025-07-21,2328.27,2208.28303485953
TR-031987,2025-07-21,1110.64,1159.355645595887
TR-031988,2025-07-21,2368.89,2415.936454197397
TR-031989,2025-07-21,4058.51,4007.648533480571
TR-031990,2025-07-21,3300.43,3412.4211323387667
TR-031991,2025-07-21,3866.32,4019.996571039633
TR-031992,2025-07-21,1347.15,1343.2188354917143
TR-031993,2025-07-21,1626.95,1589.9137481762382
TR-031994,2025-07-21,3353.12,3588.7882599022632
TR-031995,2025-07-21,3867.57,3839.7783576758584
TR-031996,2025-07-21,2878.11,2993.3682054112505
TR-031997,2025-07-21,1404.33,1376.1001805625822
TR-031998,2025-07-21,831.36,837.9403195317032
TR-031999,2025-07-21,1768.56,1825.9315774271288
TR-032000,2025-07-21,1716.55,1729.6260490602397
TR-032001,2025-07-21,1977.25,1968.7236599259752
TR-032002,2025-07-21,1175.04,1225.5253392760756
TR-032003,2025-07-21,3914.0,4066.4410640308024
TR-032004,2025-07-21,418.34,435.1541011486788
TR-032005,2025-07-21,1049.48,1050.9523353655864
TR-032006,2025-07-21,835.07,818.470266860345
TR-032007,2025-07-21,586.26,611.4887418396318
TR-032008,2025-07-21,3225.33,3132.0036495953
TR-032009,2025-07-21,1847.13,1843.5019334937201
TR-032010,2025-07-21,1503.47,1515.1050757286312
TR-032011,2025-07-21,1905.24,1808.857229073855
TR-032012,2025-07-21,2847.22,2709.502805092123
TR-032013,2025-07-21,555.97,555.2893428567959
TR-032014,2025-07-21,2803.6,2773.951694514043
TR-032015,2025-07-21,4701.91,4413.10286185601
TR-032016,2025-07-21,2446.87,2581.879177586752
TR-032017,2025-07-21,4101.96,4051.967472388874
TR-032018,2025-07-21,1716.17,1559.9898232283485
TR-032019,2025-07-21,1993.56,2007.1539308892059
TR-032020,2025-07-21,1442.66,1377.528270100767
TR-032021,2025-07-21,1722.55,1788.485875390041
TR-032022,2025-07-21,2048.23,2087.552691048845
TR-032023,2025-07-21,4246.1,4299.534421157219
TR-032024,2025-07-21,3905.04,3907.5831794867704
TR-032025,2025-07-21,4463.38,4319.198681821257
TR-032026,2025-07-21,905.22,914.4691863959467
TR-032027,2025-07-21,4629.83,4559.720885070246
TR-032028,2025-07-21,1805.26,1740.9887758880386
TR-032029,2025-07-21,2038.28,1952.7656124361097
TR-032030,2025-07-21,3954.69,3849.5309618923593
TR-032031,2025-07-21,3152.33,3291.263646297225
TR-032032,2025-07-21,1164.63,1158.2518939516276
TR-032033,2025-07-21,1487.98,1381.677630836421
TR-032034,2025-07-21,2727.28,2530.389675904445
TR-032035,2025-07-21,351.4,394.44131234792076
TR-032036,2025-07-21,2921.23,2913.953490431156
TR-032037,2025-07-21,5705.67,5646.298972684017
TR-032038,2025-07-21,3131.17,3368.2721207531067
TR-032039,2025-07-21,4287.11,4433.69201503727
TR-032040,2025-07-21,4184.88,4103.97252905639
TR-032041,2025-07-21,1261.08,1309.5855335775277
TR-032042,2025-07-21,4821.73,4561.328773598176
TR-032043,2025-07-21,503.34,514.528206632848
TR-032044,2025-07-21,3728.3,3768.9837674523033
TR-032045,2025-07-21,3470.76,3679.7677404395995
TR-032046,2025-07-21,4129.51,3941.56284815454
TR-032047,2025-07-21,2081.08,2099.8002270311067
TR-032048,2025-07-21,5546.76,5538.134014321551
TR-032049,2025-07-21,3462.71,3507.4528946659066
TR-032050,2025-07-21,5517.76,5356.839283542947
TR-032051,2025-07-21,2361.95,2333.1687071789347
TR-032052,2025-07-21,2155.51,2083.379689448632
TR-032053,2025-07-21,1712.92,1692.5356596692882
TR-032054,2025-07-21,4577.46,4727.713958994583
TR-032055,2025-07-21,1749.54,1803.1418383760342
TR-032056,2025-07-21,1801.65,1859.241177419398
TR-032057,2025-07-21,558.05,569.516885234784
TR-032058,2025-07-21,1631.51,1593.6646164149506
TR-032059,2025-07-21,3587.67,3710.5592773348253
TR-032060,2025-07-21,1034.33,1044.0466977192464
TR-032061,2025-07-21,3827.23,3754.308557382182
TR-032062,2025-07-21,1046.53,1072.789886391389
TR-032063,2025-07-21,2001.45,1980.5061322540166
TR-032064,2025-07-21,4042.24,4067.535439213764
TR-032065,2025-07-21,1892.07,1876.4086700932235
TR-032066,2025-07-21,5202.24,5229.041901790457
TR-032067,2025-07-21,3387.64,3660.917969326123
TR-032068,2025-07-21,4625.92,4609.98048668905
TR-032069,2025-07-21,320.74,366.96802354854435
TR-032070,2025-07-21,1399.66,1328.853061125285
TR-032071,2025-07-21,1289.1,1235.8673365789505
TR-032072,2025-07-21,1350.0,1308.693069338805
TR-032073,2025-07-21,2287.61,2341.570531672898
TR-032074,2025-07-21,3862.65,4023.1231551461697
TR-032075,2025-07-21,2103.83,2104.008292555624
TR-032076,2025-07-21,2285.81,2084.0192283530705
TR-032077,2025-07-21,3092.0,3120.601698388121
TR-032078,2025-07-21,767.15,738.5344053405302
TR-032079,2025-07-21,5072.27,4746.290707987009
TR-032080,2025-07-21,856.74,810.4047442685505
TR-032081,2025-07-21,4237.97,4268.227360182688
TR-032082,2025-07-21,2410.14,2264.15802578096
TR-032083,2025-07-21,2229.86,2204.459873149547
TR-032084,2025-07-21,1956.53,1943.0556980093788
TR-032085,2025-07-21,7417.99,2385.39011181466
TR-032086,2025-07-21,459.81,371.12705122991724
TR-032087,2025-07-21,1847.9,1827.2109920141627
TR-032088,2025-07-21,2235.24,2121.064929239491
TR-032089,2025-07-21,969.68,958.5076393303063
TR-032090,2025-07-21,2248.32,2158.2670988815926
TR-032091,2025-07-21,1500.0,1461.1670462201455
TR-032092,2025-07-21,1115.5,1156.7014070437535
TR-032093,2025-07-21,2015.42,2076.2474560497526
TR-032094,2025-07-21,924.31,932.2548678731578
TR-032095,2025-07-21,2370.21,2389.9087506091128
TR-032096,2025-07-21,1139.35,1118.8163089358154
TR-032097,2025-07-21,3261.6,3242.150141245347
TR-032098,2025-07-21,1776.72,1709.9513595535304
TR-032099,2025-07-21,4499.82,4405.967236665028
TR-032100,2025-07-21,1709.75,1774.5247353916304
TR-032101,2025-07-21,1074.33,1084.9181283709827
TR-032102,2025-07-21,709.4,708.513015182473
TR-032103,2025-07-21,885.53,928.3287283430532
TR-032104,2025-07-21,686.28,701.5945476449772
TR-032105,2025-07-21,2235.1,2142.392471598555
TR-032106,2025-07-21,5060.17,4923.285556263201
TR-032107,2025-07-21,983.41,947.754085112347
TR-032108,2025-07-21,1868.55,1880.1637747987263
TR-032109,2025-07-21,1961.33,2075.333877381074
TR-032110,2025-07-21,1551.94,1540.729683512531
TR-032111,2025-07-21,952.89,910.170059496237
TR-032112,2025-07-21,3602.63,3659.0424558376717
TR-032113,2025-07-21,3163.37,3090.9450867990017
TR-032114,2025-07-21,1529.24,1549.8206294055146
TR-032115,2025-07-21,1327.91,1329.478389448262
TR-032116,2025-07-21,1906.13,1892.7241077606955
TR-032117,2025-07-21,1280.25,1191.7411029968912
TR-032118,2025-07-21,4603.74,4652.480769933149
TR-032119,2025-07-21,2365.91,2414.4181067149766
TR-032120,2025-07-21,1894.4,1950.9484073614688
TR-032121,2025-07-21,1433.69,1388.1864901059907
TR-032122,2025-07-21,2689.69,2775.2034002595374
TR-032123,2025-07-21,1417.36,1405.9225414999755
TR-032124,2025-07-21,4813.4,4747.477672489635
TR-032125,2025-07-21,2553.37,2719.315698419012
TR-032126,2025-07-21,2376.58,2444.4535944455806
TR-032127,2025-07-21,1913.57,1899.960888102929
TR-032128,2025-07-21,3514.03,3530.362036030544
TR-032129,2025-07-21,4215.05,4239.358655656011
TR-032130,2025-07-21,451.41,419.97291158736857
TR-032131,2025-07-22,3118.81,3070.4986079962873
TR-032132,2025-07-22,1935.36,1970.0808213949022
TR-032133,2025-07-22,545.29,529.5686943514202
TR-032134,2025-07-22,975.02,1010.6330286331548
TR-032135,2025-07-22,2954.5,2995.6088763193293
TR-032136,2025-07-22,3726.02,3551.313122120652
TR-032137,2025-07-22,599.98,558.2115988952319
TR-032138,2025-07-22,3386.87,3350.605928638743
TR-032139,2025-07-22,1072.0,1037.982775451927
TR-032140,2025-07-22,4130.11,4136.019571213879
TR-032141,2025-07-22,1830.93,1755.467337687001
TR-032142,2025-07-22,907.2,935.3213828092491
TR-032143,2025-07-22,2578.18,2417.2299586164218
TR-032144,2025-07-22,2537.47,2610.111386951698
TR-032145,2025-07-22,2058.72,2044.7916658901052
TR-032146,2025-07-22,762.05,735.9863981357291
TR-032147,2025-07-22,1695.49,1627.1822521377603
TR-032148,2025-07-22,1345.77,1424.3159260488478
TR-032149,2025-07-22,1950.66,1969.0684272214378
TR-032150,2025-07-22,2248.05,2307.65608440542
TR-032151,2025-07-22,2760.2,2758.3513271652614
TR-032152,2025-07-22,958.75,942.0617162920155
TR-032153,2025-07-22,4250.1,4336.781678556612
TR-032154,2025-07-22,933.83,912.5943552203241
TR-032155,2025-07-22,2040.02,2033.3255089758595
TR-032156,2025-07-22,3804.83,3902.5493323322526
TR-032157,2025-07-22,4985.24,4833.434509719433
TR-032158,2025-07-22,6077.29,6091.037433888967
TR-032159,2025-07-22,5289.24,5492.449537567578
TR-032160,2025-07-22,3601.12,3599.2707720365192
TR-032161,2025-07-22,1601.13,1609.8250012752792
TR-032162,2025-07-22,3768.69,3706.7343862750877
TR-032163,2025-07-22,1040.61,1056.1440747741453
TR-032164,2025-07-22,2315.06,2193.235317955718
TR-032165,2025-07-22,1729.03,1729.175374692633
TR-032166,2025-07-22,1587.97,1607.2758393601516
TR-032167,2025-07-22,2179.79,2127.0038102277263
TR-032168,2025-07-22,3160.11,3133.8953829466836
TR-032169,2025-07-22,379.37,468.8978513969978
TR-032170,2025-07-22,1550.55,1576.881666592919
TR-032171,2025-07-22,819.75,872.0886211017848
TR-032172,2025-07-22,547.2,554.025549677636
TR-032173,2025-07-22,2139.39,2064.602101609362
TR-032174,2025-07-22,1483.72,1458.670878950264
TR-032175,2025-07-22,4369.5,4241.604355535112
TR-032176,2025-07-22,697.86,672.0114748603521
TR-032177,2025-07-22,1336.26,1358.6466619686782
TR-032178,2025-07-22,4044.58,3913.6006264787766
TR-032179,2025-07-22,1350.4,1227.322023833647
TR-032180,2025-07-22,1939.01,1939.7651680641213
TR-032181,2025-07-22,4618.69,4405.808597490891
TR-032182,2025-07-22,3610.1,3663.6029822235623
TR-032183,2025-07-22,4162.31,4405.566873808646
TR-032184,2025-07-22,403.54,412.03436548633226
TR-032185,2025-07-22,802.6,774.4253369254179
TR-032186,2025-07-22,5653.26,5487.361320096223
TR-032187,2025-07-22,3739.79,3370.26866373594
TR-032188,2025-07-22,1498.09,1423.0467320094992
TR-032189,2025-07-22,1645.67,1634.5303571350053
TR-032190,2025-07-22,5204.97,5241.582176954549
TR-032191,2025-07-22,1372.03,1336.03593976775
TR-032192,2025-07-22,2413.94,2243.482675511479
TR-032193,2025-07-22,2088.38,2090.1026712102594
TR-032194,2025-07-22,4143.74,4306.296467734206
TR-032195,2025-07-22,2194.97,2318.374834368791
TR-032196,2025-07-22,1547.72,1547.7712726644145
TR-032197,2025-07-22,3721.19,3927.9294471118715
TR-032198,2025-07-22,2500.87,2282.806724681108
TR-032199,2025-07-22,2449.62,2414.789261608662
TR-032200,2025-07-22,4204.43,3959.1000293271227
TR-032201,2025-07-22,1002.41,1000.9054075274162
TR-032202,2025-07-22,2846.43,3002.3801602052117
TR-032203,2025-07-22,1425.2,1348.4570814459682
TR-032204,2025-07-22,3292.5,3052.0577617644276
TR-032205,2025-07-22,863.79,880.9958419863326
TR-032206,2025-07-22,799.03,841.9767859279336
TR-032207,2025-07-22,4082.26,3933.9146440781356
TR-032208,2025-07-22,2975.7,2704.684867416511
TR-032209,2025-07-22,4751.34,4580.47313786343
TR-032210,2025-07-22,1640.31,1629.4496531460516
TR-032211,2025-07-22,1646.27,1660.7829817060465
TR-032212,2025-07-22,1694.58,1749.1942596442793
TR-032213,2025-07-22,662.69,641.298803777275
TR-032214,2025-07-22,1920.01,1923.6301507075843
TR-032215,2025-07-22,1436.72,1366.1105717792243
TR-032216,2025-07-22,2195.04,2185.5530164562238
TR-032217,2025-07-22,1759.09,1726.731495432597
TR-032218,2025-07-22,4332.02,4172.262509803566
TR-032219,2025-07-22,3950.97,3742.145005078649
TR-032220,2025-07-22,1857.64,1754.2273516693563
TR-032221,2025-07-22,2896.25,3008.8112734213933
TR-032222,2025-07-22,2808.01,2556.123014694087
TR-032223,2025-07-22,4244.92,4193.299987942128
TR-032224,2025-07-22,1572.08,1545.9716270339875
TR-032225,2025-07-22,1218.33,1199.7745274284225
TR-032226,2025-07-22,801.89,767.5678583036095
TR-032227,2025-07-22,577.9,596.8465936364269
TR-032228,2025-07-22,2267.57,2278.4912656215292
TR-032229,2025-07-22,2431.16,2627.326539456102
TR-032230,2025-07-22,3877.98,4213.615585444222
TR-032231,2025-07-22,1072.61,1071.5263607724087
TR-032232,2025-07-22,576.02,551.80354698978
TR-032233,2025-07-22,1057.9,1035.1914580597409
TR-032234,2025-07-22,5197.75,5207.057104807709
TR-032235,2025-07-22,2152.78,2107.455228530126
TR-032236,2025-07-22,5627.38,5571.66844980504
TR-032237,2025-07-22,3851.85,3841.6625587121566
TR-032238,2025-07-22,3599.05,3578.5865273505465
TR-032239,2025-07-22,3328.52,3245.935943607331
TR-032240,2025-07-22,2268.51,2198.0815337371487
TR-032241,2025-07-22,1352.14,1328.40587357806
TR-032242,2025-07-22,2544.38,2454.5607835447613
TR-032243,2025-07-22,607.16,622.0214199258078
TR-032244,2025-07-22,1899.21,1878.487313571111
TR-032245,2025-07-22,3630.98,3809.541877989279
TR-032246,2025-07-22,3215.1,3425.3952483205067
TR-032247,2025-07-22,1594.6,1581.7098126848832
TR-032248,2025-07-22,348.25,454.64756770653594
TR-032249,2025-07-22,2358.73,2373.4376027870712
TR-032250,2025-07-22,3232.74,3097.570112972331
TR-032251,2025-07-22,3132.15,3062.551899446131
TR-032252,2025-07-22,1384.72,1351.3008346368194
TR-032253,2025-07-22,2263.66,2185.991805814092
TR-032254,2025-07-22,1979.75,1881.3572555298229
TR-032255,2025-07-22,971.38,968.3215330898433
TR-032256,2025-07-22,1379.89,1380.0161966892438
TR-032257,2025-07-22,951.13,924.8596595414065
TR-032258,2025-07-22,4151.26,4362.4258367854545
TR-032259,2025-07-22,758.05,790.9825317169161
TR-032260,2025-07-22,5179.03,5140.092050907938
TR-032261,2025-07-22,1550.64,1538.2865795002901
TR-032262,2025-07-22,1950.01,1900.8840271358783
TR-032263,2025-07-22,5594.86,5589.085861565636
TR-032264,2025-07-22,4365.27,4250.769551280224
TR-032265,2025-07-22,1199.71,1153.9096623077326
TR-032266,2025-07-22,961.48,973.4129649549814
TR-032267,2025-07-22,5095.64,4904.589397441683
TR-032268,2025-07-22,1065.82,1106.7387075682282
TR-032269,2025-07-22,1159.73,1175.6701560892875
TR-032270,2025-07-22,756.9,739.9592374772001
TR-032271,2025-07-23,2551.45,2405.0168797933266
TR-032272,2025-07-23,4423.19,4613.447484833728
TR-032273,2025-07-23,1518.14,1512.8460214795318
TR-032274,2025-07-23,2820.85,2749.025387242763
TR-032275,2025-07-23,5244.46,5090.845526781852
TR-032276,2025-07-23,591.14,580.1645260988671
TR-032277,2025-07-23,3201.63,3287.29710868231
TR-032278,2025-07-23,2762.55,2784.2327844496194
TR-032279,2025-07-23,2450.15,2324.668535231608
TR-032280,2025-07-23,4264.95,4322.303222675101
TR-032281,2025-07-23,2569.18,2423.571839838955
TR-032282,2025-07-23,4339.24,4113.6871576021495
TR-032283,2025-07-23,4298.71,4265.341092671877
TR-032284,2025-07-23,494.28,489.7626085590746
TR-032285,2025-07-23,1998.7,2013.3559665826865
TR-032286,2025-07-23,4520.49,4428.564908645341
TR-032287,2025-07-23,3505.59,3696.99206215906
TR-032288,2025-07-23,3573.57,3487.6163457702905
TR-032289,2025-07-23,1572.68,1529.822453937923
TR-032290,2025-07-23,2216.12,2128.8604655621843
TR-032291,2025-07-23,3213.67,3252.798682127624
TR-032292,2025-07-23,1975.71,2001.4943214151044
TR-032293,2025-07-23,1705.82,1697.7411019624526
TR-032294,2025-07-23,3222.1,3144.7911636455838
TR-032295,2025-07-23,1948.42,1967.4593147899366
TR-032296,2025-07-23,1970.19,1869.9527347962694
TR-032297,2025-07-23,2272.78,2202.4537199258716
TR-032298,2025-07-23,271.64,329.7884966104825
TR-032299,2025-07-23,4917.21,4982.345409195452
TR-032300,2025-07-23,2416.6,2434.176507602561
TR-032301,2025-07-23,948.27,912.4743436111294
TR-032302,2025-07-23,1677.09,1658.4772647551313
TR-032303,2025-07-23,5802.22,5465.914295066722
TR-032304,2025-07-23,964.02,953.9719356260025
TR-032305,2025-07-23,294.25,364.5363167928999
TR-032306,2025-07-23,2376.23,2289.714594592871
TR-032307,2025-07-23,1584.27,1612.6472832260897
TR-032308,2025-07-23,2142.64,2021.7650846477209
TR-032309,2025-07-23,1183.85,1225.926995422684
TR-032310,2025-07-23,5756.91,5576.193257149906
TR-032311,2025-07-23,1880.81,1934.917852868188
TR-032312,2025-07-23,4509.27,4353.999973911044
TR-032313,2025-07-23,909.91,890.9978470650813
TR-032314,2025-07-23,2479.9,2668.6689356785505
TR-032315,2025-07-23,2040.08,1974.8821285458926
TR-032316,2025-07-23,2972.14,2731.328848907452
TR-032317,2025-07-23,1159.27,1149.1714127231076
TR-032318,2025-07-23,3892.85,3896.905497449662
TR-032319,2025-07-23,837.13,798.4368048248427
TR-032320,2025-07-23,4539.41,4490.5568342191655
TR-032321,2025-07-23,5793.1,5608.2778175828325
TR-032322,2025-07-23,2052.62,2047.7822048712776
TR-032323,2025-07-23,1024.98,1063.9992984402338
TR-032324,2025-07-23,2310.4,2364.6265486076504
TR-032325,2025-07-23,4962.1,4675.464252327136
TR-032326,2025-07-23,3903.22,3887.6998786063505
TR-032327,2025-07-23,1965.2,1936.3186026943042
TR-032328,2025-07-23,4080.74,3948.707899951011
TR-032329,2025-07-23,3900.3,3895.078456560108
TR-032330,2025-07-23,1969.08,1866.841466006902
TR-032331,2025-07-23,1715.4,1563.3028254721432
TR-032332,2025-07-23,2819.81,2832.5505651693675
TR-032333,2025-07-23,1465.62,1463.858834953484
TR-032334,2025-07-23,594.29,583.4878968603632
TR-032335,2025-07-23,3855.52,3741.183500707517
TR-032336,2025-07-23,1227.04,1169.6605966232592
TR-032337,2025-07-23,2314.21,2288.3825764627177
TR-032338,2025-07-23,1552.87,1575.058186009418
TR-032339,2025-07-23,1645.22,1705.868004989595
TR-032340,2025-07-23,2526.91,2388.1860033777502
TR-032341,2025-07-23,4200.86,4067.209086298738
TR-032342,2025-07-23,2074.58,1880.4119947901668
TR-032343,2025-07-23,5093.85,4742.642003723338
TR-032344,2025-07-23,2123.14,2060.471715111322
TR-032345,2025-07-23,1525.94,1551.030259464899
TR-032346,2025-07-23,4081.96,4008.805417939302
TR-032347,2025-07-23,653.21,669.577511024979
TR-032348,2025-07-23,2990.39,2770.3543743370246
TR-032349,2025-07-23,1411.48,1354.4594684036201
TR-032350,2025-07-23,1990.08,1986.304632684634
TR-032351,2025-07-23,5230.66,4981.579487503629
TR-032352,2025-07-23,757.61,760.3420334548805
TR-032353,2025-07-23,16951.43,3958.5650816111606
TR-032354,2025-07-23,661.41,657.4323517693811
TR-032355,2025-07-23,1247.3,1212.3666860367357
TR-032356,2025-07-23,766.12,781.6762401969088
TR-032357,2025-07-23,3723.41,3720.608622208938
TR-032358,2025-07-23,2879.31,2788.5944942281885
TR-032359,2025-07-23,825.71,829.3852238202421
TR-032360,2025-07-23,1071.84,1095.8730533473263
TR-032361,2025-07-23,2197.55,2164.5568704385264
TR-032362,2025-07-23,1295.01,1296.918117853744
TR-032363,2025-07-23,2612.3,2454.0789255988834
TR-032364,2025-07-23,1459.36,1397.2758337880114
TR-032365,2025-07-23,6156.47,5947.840653985721
TR-032366,2025-07-23,445.58,449.7263529189022
TR-032367,2025-07-23,1402.62,1381.6614390666468
TR-032368,2025-07-23,1229.28,1227.7616440051436
TR-032369,2025-07-23,1226.8,1223.820243224944
TR-032370,2025-07-23,1394.95,1362.384164727089
TR-032371,2025-07-23,3028.58,3134.0526017248794
TR-032372,2025-07-23,1208.01,1180.1143196789706
TR-032373,2025-07-23,2539.04,2362.7136982034067
TR-032374,2025-07-23,4534.55,4497.356825347313
TR-032375,2025-07-23,4246.43,4104.0231042517025
TR-032376,2025-07-23,3573.99,3705.019835552725
TR-032377,2025-07-23,2879.9,2796.231990816176
TR-032378,2025-07-23,1452.88,1488.8001290529946
TR-032379,2025-07-23,5801.05,5775.079898283778
TR-032380,2025-07-23,4300.79,4150.520886955537
TR-032381,2025-07-23,3990.99,4048.8300166105473
TR-032382,2025-07-23,2104.29,2063.710310026624
TR-032383,2025-07-23,2641.73,2565.6159033661506
TR-032384,2025-07-23,3002.52,3155.3864044696147
TR-032385,2025-07-23,5203.78,4949.5635865917
TR-032386,2025-07-23,770.1,755.0746423802993
TR-032387,2025-07-23,4699.02,4738.363339122756
TR-032388,2025-07-23,3381.92,3194.2603138939967
TR-032389,2025-07-23,615.99,627.6855077778077
TR-032390,2025-07-23,734.71,742.9921415661547
TR-032391,2025-07-23,1173.3,1123.4368682128893
TR-032392,2025-07-23,825.08,827.3253476102959
TR-032393,2025-07-23,4811.72,4921.190452639672
TR-032394,2025-07-23,1166.91,1194.9544666595511
TR-032395,2025-07-23,2568.09,2467.0642130059555
TR-032396,2025-07-23,1862.24,1849.9377346547456
TR-032397,2025-07-23,2186.85,2124.000403949013
TR-032398,2025-07-23,704.37,733.9904707344526
TR-032399,2025-07-23,1516.32,1524.4135727193902
TR-032400,2025-07-23,4959.87,4999.316845117578
TR-032401,2025-07-23,4021.57,3966.2594349934284
TR-032402,2025-07-23,1092.07,1110.5814954800574
TR-032403,2025-07-23,3392.97,3045.2511653572806
TR-032404,2025-07-23,1839.94,1847.3384040610852
TR-032405,2025-07-23,5974.22,5913.1161285663475
TR-032406,2025-07-23,5734.76,5795.356061318007
TR-032407,2025-07-23,2716.73,2679.511574622581
TR-032408,2025-07-23,1571.49,1498.7316027936736
TR-032409,2025-07-23,1691.71,1710.4688052090528
TR-032410,2025-07-23,3185.68,3092.350810347999
TR-032411,2025-07-23,3428.36,3024.2226647494144
TR-032412,2025-07-23,1172.56,1126.4214259059415
TR-032413,2025-07-23,995.08,985.4946522292194
TR-032414,2025-07-23,1023.88,1003.3121065943229
TR-032415,2025-07-23,1902.8,1850.806687045544
TR-032416,2025-07-23,1262.54,1212.3839910230645
TR-032417,2025-07-23,2179.03,2263.305729079267
TR-032418,2025-07-23,3198.89,2888.865438999561
TR-032419,2025-07-23,464.13,517.7933716206244
TR-032420,2025-07-23,487.04,476.93950828836614
TR-032421,2025-07-23,2079.76,1994.7337753733896
TR-032422,2025-07-23,4234.79,4231.596081461398
TR-032423,2025-07-23,4382.86,4408.094062088412
TR-032424,2025-07-23,872.21,887.1374976660884
TR-032425,2025-07-23,2126.09,2107.673252020033
TR-032426,2025-07-23,3943.11,3961.5906967296287
TR-032427,2025-07-23,1437.0,1468.653597926194
TR-032428,2025-07-23,1054.0,1069.2739194466044
TR-032429,2025-07-23,4132.74,3967.8758442977987
TR-032430,2025-07-23,3099.06,3186.4519258690198
TR-032431,2025-07-23,1428.2,1436.264332751983
TR-032432,2025-07-23,2139.58,2081.4360949451607
TR-032433,2025-07-23,369.61,444.97331053942526
TR-032434,2025-07-23,3737.41,3774.437203156712
TR-032435,2025-07-23,1514.15,1452.520012364686
TR-032436,2025-07-23,1769.18,1779.660330453359
TR-032437,2025-07-23,2074.38,2074.8678129693612
TR-032438,2025-07-23,3045.77,2945.888589099156
TR-032439,2025-07-24,2127.16,2097.2949747103085
TR-032440,2025-07-24,4494.97,4358.779646729685
TR-032441,2025-07-24,3182.95,3058.9526038845042
TR-032442,2025-07-24,2346.29,2261.8755162949374
TR-032443,2025-07-24,4403.7,4267.69496872332
TR-032444,2025-07-24,2979.92,3052.5923600863134
TR-032445,2025-07-24,1835.08,1836.2284240814652
TR-032446,2025-07-24,5960.77,6002.873015970146
TR-032447,2025-07-24,1425.84,1369.158431442714
TR-032448,2025-07-24,5351.48,5328.896995883202
TR-032449,2025-07-24,1527.46,1613.386796157059
TR-032450,2025-07-24,3685.65,3725.6190358023546
TR-032451,2025-07-24,874.49,862.5111447532963
TR-032452,2025-07-24,2144.08,2049.74145895612
TR-032453,2025-07-24,2083.57,2084.2979104082756
TR-032454,2025-07-24,310.54,411.88960290678824
TR-032455,2025-07-24,1152.24,1147.9382251717557
TR-032456,2025-07-24,4657.66,4447.876948909528
TR-032457,2025-07-24,2637.28,2658.489909277337
TR-032458,2025-07-24,2002.5,2043.9340284326518
TR-032459,2025-07-24,604.62,615.9241202550211
TR-032460,2025-07-24,12550.02,2975.778918904835
TR-032461,2025-07-24,1660.36,1605.0966742175076
TR-032462,2025-07-24,1124.76,1114.4520760882187
TR-032463,2025-07-24,651.26,644.9046901560278
TR-032464,2025-07-24,2948.5,2979.7890235515906
TR-032465,2025-07-24,1707.29,1704.4852802883402
TR-032466,2025-07-24,2494.43,2359.634487819497
TR-032467,2025-07-24,2895.51,2753.228307485544
TR-032468,2025-07-24,2723.09,2390.6516048744706
TR-032469,2025-07-24,1473.54,1501.3509562893753
TR-032470,2025-07-24,1805.51,1769.452935828278
TR-032471,2025-07-24,2000.32,1891.8787193802286
TR-032472,2025-07-24,3053.32,3258.712312368326
TR-032473,2025-07-24,1189.82,1228.1015232456887
TR-032474,2025-07-24,1729.8,1705.9449604237466
TR-032475,2025-07-24,3740.2,3479.954716955243
TR-032476,2025-07-24,3073.93,2768.6243154267004
TR-032477,2025-07-24,3645.93,3744.909740533759
TR-032478,2025-07-24,2568.3,2404.9833109787855
TR-032479,2025-07-24,1017.35,1006.5950200120736
TR-032480,2025-07-24,1268.66,1194.0751580930842
TR-032481,2025-07-24,2482.63,2656.9360757213212
TR-032482,2025-07-24,3207.04,2913.924311828517
TR-032483,2025-07-24,2133.42,2093.115997572929
TR-032484,2025-07-24,4191.34,4133.023612653382
TR-032485,2025-07-24,2770.5,2768.2176692300063
TR-032486,2025-07-24,1232.54,1203.3887577765713
TR-032487,2025-07-24,3754.36,3708.4515069586437
TR-032488,2025-07-24,1310.4,1301.4733754004537
TR-032489,2025-07-24,1812.49,1768.154060559108
TR-032490,2025-07-24,5120.97,5031.509874694276
TR-032491,2025-07-24,3321.14,3524.5605149477597
TR-032492,2025-07-24,4196.33,4047.066035060895
TR-032493,2025-07-24,1799.18,1764.9086571535022
TR-032494,2025-07-24,456.27,518.2205337993696
TR-032495,2025-07-24,3751.68,3606.333641555004
TR-032496,2025-07-24,4110.84,4064.9538046701136
TR-032497,2025-07-24,3636.56,3683.512657878562
TR-032498,2025-07-24,3048.31,2513.8984691326664
TR-032499,2025-07-24,662.45,663.1956909454832
TR-032500,2025-07-24,4419.14,4328.625883415656
TR-032501,2025-07-24,1490.35,1515.5231214218634
TR-032502,2025-07-24,1814.53,1826.8293595158452
TR-032503,2025-07-24,5221.67,5093.479461760829
TR-032504,2025-07-24,2948.5,2774.447529229056
TR-032505,2025-07-24,764.29,778.4932078942704
TR-032506,2025-07-24,3077.99,2783.4382697266733
TR-032507,2025-07-24,1803.91,1851.61654835217
TR-032508,2025-07-24,4336.99,4149.088875292043
TR-032509,2025-07-24,2761.56,2638.6098478186905
TR-032510,2025-07-24,4565.08,4826.1068556076225
TR-032511,2025-07-24,268.39,349.2299047147517
TR-032512,2025-07-24,2167.62,2175.066835365292
TR-032513,2025-07-24,941.27,952.4965631838932
TR-032514,2025-07-24,3646.94,3516.819996926933
TR-032515,2025-07-24,5954.96,5772.2948955183865
TR-032516,2025-07-24,1514.63,1475.8244680968428
TR-032517,2025-07-24,4931.44,4868.428515087324
TR-032518,2025-07-24,4963.66,5030.548513202324
TR-032519,2025-07-24,1650.5,1668.4767262012501
TR-032520,2025-07-24,2075.93,2014.9129085259235
TR-032521,2025-07-24,774.84,742.8210681010557
TR-032522,2025-07-24,1492.0,1428.917179723744
TR-032523,2025-07-24,5708.78,5475.938649636685
TR-032524,2025-07-24,2659.09,2642.107327518448
TR-032525,2025-07-24,2102.06,2015.9942620838972
TR-032526,2025-07-24,1639.47,1709.2974532752312
TR-032527,2025-07-24,4386.8,4197.244703018859
TR-032528,2025-07-24,2124.86,2114.7691638527253
TR-032529,2025-07-24,2300.5,2252.173044494099
TR-032530,2025-07-24,1517.3,1500.9230487855596
TR-032531,2025-07-24,3444.56,3113.134549886854
TR-032532,2025-07-24,1306.02,1329.5809048344001
TR-032533,2025-07-24,5956.93,5937.373536132862
TR-032534,2025-07-24,5208.75,5046.911463647973
TR-032535,2025-07-24,2733.7,2810.139999918789
TR-032536,2025-07-24,2151.37,2109.36664170906
TR-032537,2025-07-24,1356.66,1328.513264385911
TR-032538,2025-07-24,2140.0,2110.1717714849465
TR-032539,2025-07-24,1055.48,1074.1838330126448
TR-032540,2025-07-24,1773.15,1729.6665490052137
TR-032541,2025-07-24,5224.07,5102.507193921792
TR-032542,2025-07-24,5636.47,5408.321596689185
TR-032543,2025-07-24,1406.38,1423.1499595915543
TR-032544,2025-07-24,2039.67,2044.930448978608
TR-032545,2025-07-24,4524.37,4374.935034771521
TR-032546,2025-07-24,1832.07,1740.7998808309462
TR-032547,2025-07-24,2999.1,3136.5688621775307
TR-032548,2025-07-24,2132.38,2095.908459600766
TR-032549,2025-07-24,2949.87,2940.876494062025
TR-032550,2025-07-24,4609.86,4443.716778882515
TR-032551,2025-07-24,1893.54,1917.7513570510293
TR-032552,2025-07-24,4527.05,4377.707636153375
TR-032553,2025-07-24,3964.68,3760.8612974245552
TR-032554,2025-07-24,2767.44,2754.9237500324007
TR-032555,2025-07-24,2332.55,2297.278618879051
TR-032556,2025-07-24,3116.64,3150.4240078941566
TR-032557,2025-07-24,5736.22,5596.603972287982
TR-032558,2025-07-24,1019.26,1020.4503445739227
TR-032559,2025-07-24,2152.39,2316.0785467636906
TR-032560,2025-07-24,894.51,899.9111315914001
TR-032561,2025-07-24,1893.8,1882.6947442295832
TR-032562,2025-07-24,3678.62,3829.132804786872
TR-032563,2025-07-24,2087.84,2038.6299496015174
TR-032564,2025-07-24,2900.38,3021.9814956067175
TR-032565,2025-07-24,1271.78,1257.0543244150062
TR-032566,2025-07-24,2003.15,1971.2985598363305
TR-032567,2025-07-24,4843.0,4813.762773811755
TR-032568,2025-07-24,2015.2,1894.2246046975715
TR-032569,2025-07-24,1417.95,1421.861287881853
TR-032570,2025-07-24,1537.72,1545.500650759474
TR-032571,2025-07-24,1629.41,1669.0422887154905
TR-032572,2025-07-24,4952.66,4878.12055226474
TR-032573,2025-07-24,2887.1,2729.542124266726
TR-032574,2025-07-24,2255.31,2261.4903938037814
TR-032575,2025-07-24,1071.54,1132.3558582649566
TR-032576,2025-07-24,4162.33,4295.068079178302
TR-032577,2025-07-24,3061.87,3051.267972460658
TR-032578,2025-07-24,1106.35,1084.9441742137637
TR-032579,2025-07-24,2447.95,2700.2865070147845
TR-032580,2025-07-24,252.03,1148.2398100394053
TR-032581,2025-07-24,603.69,583.739132422081
TR-032582,2025-07-24,1803.83,1645.144111412225
TR-032583,2025-07-24,848.87,818.6437024485253
TR-032584,2025-07-24,5154.94,5127.629156746809
TR-032585,2025-07-24,1786.59,1748.0476121200418
TR-032586,2025-07-24,1297.55,1321.652909280966
TR-032587,2025-07-24,2106.93,1992.8748095591038
TR-032588,2025-07-24,808.63,818.6966694109885
TR-032589,2025-07-24,2469.34,2457.5378230642264
TR-032590,2025-07-24,2510.09,2367.5330025252774
TR-032591,2025-07-24,1993.05,2020.664943978825
TR-032592,2025-07-24,2172.77,2355.727021239839
TR-032593,2025-07-24,960.83,949.4675056510985
TR-032594,2025-07-24,5880.07,5822.435109441685
TR-032595,2025-07-24,3079.08,3140.418897282058
TR-032596,2025-07-24,715.77,696.4684443643298
TR-032597,2025-07-24,3883.12,3700.075022267213
TR-032598,2025-07-24,1198.31,1183.7455492183824
TR-032599,2025-07-24,4402.47,4453.866317734425
TR-032600,2025-07-24,1244.54,1203.7413104723105
TR-032601,2025-07-25,1795.6,1833.5774882378248
TR-032602,2025-07-25,3985.09,3908.8977071257436
TR-032603,2025-07-25,1831.44,1858.8794866120934
TR-032604,2025-07-25,1814.73,1878.580320070826
TR-032605,2025-07-25,5060.6,5205.493541491624
TR-032606,2025-07-25,1159.69,1200.3487228720933
TR-032607,2025-07-25,776.49,797.3429509315736
TR-032608,2025-07-25,1345.49,1421.109280635359
TR-032609,2025-07-25,2391.1,2603.064589000987
TR-032610,2025-07-25,640.86,653.8342311735257
TR-032611,2025-07-25,1003.51,1071.5332410499477
TR-032612,2025-07-25,2223.64,2161.9627844407532
TR-032613,2025-07-25,1483.36,1538.0311232536037
TR-032614,2025-07-25,1013.01,1022.5650388561558
TR-032615,2025-07-25,1268.49,1306.6899117548041
TR-032616,2025-07-25,1603.79,1597.9511542217924
TR-032617,2025-07-25,1920.16,2115.8201142315543
TR-032618,2025-07-25,3219.74,3075.575839089696
TR-032619,2025-07-25,1515.31,1450.0524194270583
TR-032620,2025-07-25,2086.34,2369.7108991228583
TR-032621,2025-07-25,1453.48,1437.978924101467
TR-032622,2025-07-25,1631.89,1698.9995435199246
TR-032623,2025-07-25,1844.26,1890.5580251229253
TR-032624,2025-07-25,1591.32,1647.3698103354172
TR-032625,2025-07-25,1380.67,1394.1810279156043
TR-032626,2025-07-25,3180.61,3409.1672975046795
TR-032627,2025-07-25,1272.59,1283.9589205092439
TR-032628,2025-07-25,559.05,603.338789859293
TR-032629,2025-07-25,4374.65,4392.379350636766
TR-032630,2025-07-25,1269.2,1263.7056378060815
TR-032631,2025-07-25,1840.76,1832.5939456553624
TR-032632,2025-07-25,937.61,945.5373723568612
TR-032633,2025-07-25,822.73,846.9063690072383
TR-032634,2025-07-25,3858.21,4187.679229043442
TR-032635,2025-07-25,4051.75,4042.4058166842337
TR-032636,2025-07-25,1826.04,2025.866060864939
TR-032637,2025-07-25,1869.29,1857.5634519319956
TR-032638,2025-07-25,3347.59,3392.0654378596214
TR-032639,2025-07-25,2653.19,2554.7318752345773
TR-032640,2025-07-25,720.47,756.5620992964041
TR-032641,2025-07-25,2766.8,2980.179643521466
TR-032642,2025-07-25,2385.54,2484.742733858613
TR-032643,2025-07-25,1155.79,1149.8808941039251
TR-032644,2025-07-25,2351.78,2201.244986470528
TR-032645,2025-07-25,1705.03,1789.4670756795913
TR-032646,2025-07-25,1615.16,1521.67484046739
TR-032647,2025-07-25,4232.78,4348.232451102903
TR-032648,2025-07-25,768.26,814.2688276782153
TR-032649,2025-07-25,2339.92,2158.7284753666413
TR-032650,2025-07-25,3526.8,3785.008089004574
TR-032651,2025-07-25,1780.57,1745.1373647697862
TR-032652,2025-07-25,3484.76,3529.9731447523873
TR-032653,2025-07-25,1924.84,1867.5896103780806
TR-032654,2025-07-25,1711.68,1799.5493253245359
TR-032655,2025-07-25,790.18,820.365344931067
TR-032656,2025-07-25,1802.55,1811.5879595681738
TR-032657,2025-07-25,1675.31,1691.2247120768275
TR-032658,2025-07-25,1490.02,1454.2485566077714
TR-032659,2025-07-25,3944.08,4027.380174155379
TR-032660,2025-07-25,3416.38,3580.325528619165
TR-032661,2025-07-25,3111.53,2760.02649421275
TR-032662,2025-07-25,2159.84,2093.038490914438
TR-032663,2025-07-25,3293.39,3488.0577635105446
TR-032664,2025-07-25,2397.54,2481.7924923326264
TR-032665,2025-07-25,5543.22,5593.211116230832
TR-032666,2025-07-25,3674.78,3876.382245261171
TR-032667,2025-07-25,1358.54,1311.7781677605626
TR-032668,2025-07-25,5174.53,5164.869141136052
TR-032669,2025-07-25,960.12,974.0503896383098
TR-032670,2025-07-25,899.68,912.5296996832731
TR-032671,2025-07-25,2827.98,2990.575485214245
TR-032672,2025-07-25,2570.38,2786.6972769289323
TR-032673,2025-07-25,3939.9,3886.814587102802
TR-032674,2025-07-25,4025.72,3949.8237504432254
TR-032675,2025-07-25,2064.45,2043.3853765446238
TR-032676,2025-07-25,3644.19,3584.8020765524634
TR-032677,2025-07-25,5376.87,5421.3479057201475
TR-032678,2025-07-25,13435.73,3180.8291531639734
TR-032679,2025-07-25,10182.59,3677.6947532435934
TR-032680,2025-07-25,1243.96,1215.383282807546
TR-032681,2025-07-25,4132.2,4277.73428997634
TR-032682,2025-07-25,3252.3,3318.683502562266
TR-032683,2025-07-25,3191.53,3070.1694855556743
TR-032684,2025-07-25,4200.2,4130.995076817681
TR-032685,2025-07-25,2304.15,2205.738295580634
TR-032686,2025-07-25,3444.4,3572.1031494183126
TR-032687,2025-07-25,983.26,1022.0384115741018
TR-032688,2025-07-25,2020.06,2272.6461888383437
TR-032689,2025-07-25,1919.24,1874.2146229293658
TR-032690,2025-07-25,3653.08,3699.6209150643435
TR-032691,2025-07-25,2290.3,2404.611805114185
TR-032692,2025-07-25,659.75,650.4151162787887
TR-032693,2025-07-25,1003.77,1027.9933664943278
TR-032694,2025-07-25,2900.85,2893.002443509047
TR-032695,2025-07-25,3366.83,3523.3814667535976
TR-032696,2025-07-25,2370.42,2715.4926971343302
TR-032697,2025-07-25,4704.4,4705.7315833682205
TR-032698,2025-07-25,1426.38,1441.7201087662563
TR-032699,2025-07-25,1141.74,1189.486828922179
TR-032700,2025-07-25,3958.98,3985.6465897221874
TR-032701,2025-07-25,1431.72,1471.0275681200428
TR-032702,2025-07-25,333.87,357.4822378089534
TR-032703,2025-07-25,1112.55,1100.1086142670679
TR-032704,2025-07-25,3215.38,3230.1235374172725
TR-032705,2025-07-25,1761.75,1720.602505491618
TR-032706,2025-07-25,1147.6,1204.5305778194095
TR-032707,2025-07-25,2869.52,2593.70825149771
TR-032708,2025-07-25,683.06,682.2759099594687
TR-032709,2025-07-25,2385.69,2256.615030603967
TR-032710,2025-07-25,3695.63,3640.3690463305475
TR-032711,2025-07-25,1973.87,1963.3073361039014
TR-032712,2025-07-25,4621.28,4488.979438260953
TR-032713,2025-07-25,5914.63,6060.779992548671
TR-032714,2025-07-25,1385.85,1389.7893300300248
TR-032715,2025-07-25,1855.55,1794.273330252618
TR-032716,2025-07-25,4113.84,4093.7882157340287
TR-032717,2025-07-25,2840.2,3186.5682232089002
TR-032718,2025-07-25,5716.61,5334.378865963692
TR-032719,2025-07-25,1447.89,1518.2523993537038
TR-032720,2025-07-25,1002.59,1008.6428381728498
TR-032721,2025-07-25,1823.86,1770.481403604119
TR-032722,2025-07-25,568.64,557.1757068240122
TR-032723,2025-07-25,2761.01,2927.1860952595007
TR-032724,2025-07-25,2110.93,1988.800593611883
TR-032725,2025-07-25,3322.7,3521.4210324863866
TR-032726,2025-07-25,1188.63,1153.219229089188
TR-032727,2025-07-25,605.63,631.0356996787566
TR-032728,2025-07-25,672.84,679.5832662091425
TR-032729,2025-07-25,4127.3,4289.340877450538
TR-032730,2025-07-25,4887.45,4944.76763016773
TR-032731,2025-07-25,877.84,854.1672207789006
TR-032732,2025-07-25,1210.06,1234.9795139123614
TR-032733,2025-07-25,2827.1,2764.5527149696786
TR-032734,2025-07-25,2264.1,2338.8088828052087
TR-032735,2025-07-25,786.2,798.8507871503223
TR-032736,2025-07-25,1039.6,1059.1647952337985
TR-032737,2025-07-25,2884.04,3127.355443509323
TR-032738,2025-07-25,4075.32,4165.183858825329
TR-032739,2025-07-25,3975.65,4078.2108326411794
TR-032740,2025-07-25,2091.38,2280.202521040681
TR-032741,2025-07-25,1148.66,1172.9640994309466
TR-032742,2025-07-25,1026.79,985.3874838003328
TR-032743,2025-07-25,618.25,689.5157135278946
TR-032744,2025-07-25,3399.53,3422.647544801066
TR-032745,2025-07-25,1229.81,1194.5560045851175
TR-032746,2025-07-25,3774.01,3801.8970789124714
TR-032747,2025-07-25,1954.6,1972.8121295827898
TR-032748,2025-07-25,2362.59,2359.320797239226
TR-032749,2025-07-25,1886.47,1835.4432155197142
TR-032750,2025-07-25,2310.25,2425.616746420188
TR-032751,2025-07-25,2685.21,2651.2032384931317
TR-032752,2025-07-25,4164.07,4253.113111765242
TR-032753,2025-07-26,4181.36,4153.625637202285
TR-032754,2025-07-26,3815.28,3815.5015341780736
TR-032755,2025-07-26,5341.24,5342.485310520409
TR-032756,2025-07-26,2472.19,2492.643077589205
TR-032757,2025-07-26,1256.62,1264.0227502647924
TR-032758,2025-07-26,1736.66,1764.3873534509391
TR-032759,2025-07-26,1816.77,1829.164330476724
TR-032760,2025-07-26,5172.5,5251.824486708987
TR-032761,2025-07-26,2614.96,2720.935189229209
TR-032762,2025-07-26,1966.84,1977.5961735082528
TR-032763,2025-07-26,612.07,636.195219022442
TR-032764,2025-07-26,3681.76,3698.7460393130914
TR-032765,2025-07-26,3007.83,3139.312227674002
TR-032766,2025-07-26,676.85,741.7751566251716
TR-032767,2025-07-26,2457.83,2510.4639926276213
TR-032768,2025-07-26,4523.97,4563.623129470129
TR-032769,2025-07-26,1781.1,1773.1795095943028
TR-032770,2025-07-26,5134.52,5209.7722346708415
TR-032771,2025-07-26,1896.67,1929.13295121015
TR-032772,2025-07-26,1179.97,1192.645617407435
TR-032773,2025-07-26,542.58,569.095639755079
TR-032774,2025-07-26,849.68,866.5792045240285
TR-032775,2025-07-26,2923.62,3042.465148580406
TR-032776,2025-07-26,3968.6,3973.1758923440584
TR-032777,2025-07-26,1409.82,1375.8706280272322
TR-032778,2025-07-26,3809.9,3791.924462385078
TR-032779,2025-07-26,1531.01,1618.6525192439742
TR-032780,2025-07-26,2384.36,2504.944108140824
TR-032781,2025-07-26,1137.39,1187.8422862064326
TR-032782,2025-07-26,2000.96,1990.2605541138228
TR-032783,2025-07-26,3226.76,2997.1748052882817
TR-032784,2025-07-26,2768.45,2767.863537890981
TR-032785,2025-07-26,1572.21,1597.9537643425074
TR-032786,2025-07-26,2523.24,2529.1473049241167
TR-032787,2025-07-26,1289.13,1286.5395204930123
TR-032788,2025-07-26,1627.76,1693.6083093760544
TR-032789,2025-07-26,1890.39,1919.219064770511
TR-032790,2025-07-26,846.21,888.5008310074938
TR-032791,2025-07-26,4073.45,4248.260217749619
TR-032792,2025-07-26,3655.58,3747.167330818906
TR-032793,2025-07-26,3205.68,3035.8818500387256
TR-032794,2025-07-26,4322.64,4211.3258602871165
TR-032795,2025-07-26,1852.53,1936.2210477290814
TR-032796,2025-07-26,4388.08,4324.147358337921
TR-032797,2025-07-26,3292.14,3373.904473808754
TR-032798,2025-07-26,1364.0,1364.7083486803997
TR-032799,2025-07-26,843.8,855.8221962145981
TR-032800,2025-07-26,2240.57,2307.2985145424636
TR-032801,2025-07-26,1738.9,1706.403800526773
TR-032802,2025-07-26,2442.47,2297.606425789451
TR-032803,2025-07-26,1519.19,1538.5785070844333
TR-032804,2025-07-26,1102.01,1138.6532974961415
TR-032805,2025-07-26,3689.12,3878.4562925069854
TR-032806,2025-07-26,1864.49,1820.6552890738408
TR-032807,2025-07-26,3162.9,2981.983200616616
TR-032808,2025-07-26,1179.8,1147.258844100114
TR-032809,2025-07-26,1560.31,1547.0042048891441
TR-032810,2025-07-26,927.32,968.4809502625264
TR-032811,2025-07-26,2652.52,2832.891481114667
TR-032812,2025-07-26,1878.06,1931.986746451555
TR-032813,2025-07-26,3409.05,3582.759491628419
TR-032814,2025-07-26,2671.9,2645.930785138365
TR-032815,2025-07-26,2300.15,2395.5651055099415
TR-032816,2025-07-26,2905.05,3180.4916918710237
TR-032817,2025-07-26,2627.38,3002.7911948015276
TR-032818,2025-07-26,4849.72,5000.407059925636
TR-032819,2025-07-26,1076.49,1087.0886849094481
TR-032820,2025-07-26,1348.68,1333.0787322756935
TR-032821,2025-07-26,738.87,824.3424830586655
TR-032822,2025-07-26,1606.4,1706.2805622735502
TR-032823,2025-07-26,1419.4,1407.4374115735877
TR-032824,2025-07-26,2689.56,3014.2380637211036
TR-032825,2025-07-26,1335.43,1344.1890794473352
TR-032826,2025-07-26,1183.71,1208.3631532122986
TR-032827,2025-07-26,835.6,862.5070890986824
TR-032828,2025-07-26,3390.19,3451.1276421402163
TR-032829,2025-07-26,707.65,703.4143856847074
TR-032830,2025-07-26,3598.69,3569.585659392796
TR-032831,2025-07-26,3018.99,3126.856925160805
TR-032832,2025-07-26,1772.88,1738.8602961842653
TR-032833,2025-07-26,2410.26,2222.563938496919
TR-032834,2025-07-26,1372.35,1388.8307395725544
TR-032835,2025-07-26,4693.29,4696.496126005884
TR-032836,2025-07-26,1446.05,1505.126557657573
TR-032837,2025-07-26,3819.84,3760.680939250865
TR-032838,2025-07-26,5158.76,5137.873291764108
TR-032839,2025-07-26,1168.4,1188.5088459366077
TR-032840,2025-07-26,2541.0,2756.357515360471
TR-032841,2025-07-26,1123.05,1150.7569442418903
TR-032842,2025-07-26,1896.51,1907.0811813190319
TR-032843,2025-07-26,2544.97,2536.9303227812725
TR-032844,2025-07-26,1148.73,1180.1588004705586
TR-032845,2025-07-26,1112.39,1171.228254328335
TR-032846,2025-07-26,5661.91,5675.62313670762
TR-032847,2025-07-26,3866.25,3982.3504330246788
TR-032848,2025-07-26,2412.34,2304.736758704109
TR-032849,2025-07-26,1619.06,1651.6369792566381
TR-032850,2025-07-26,1197.41,2705.686548769626
TR-032851,2025-07-26,1745.58,1914.726089399619
TR-032852,2025-07-26,3469.22,3683.536690199598
TR-032853,2025-07-26,965.32,979.4026027884508
TR-032854,2025-07-26,2371.59,2470.407723574466
TR-032855,2025-07-26,1088.47,1126.1721559182072
TR-032856,2025-07-26,1838.99,1883.6085229970101
TR-032857,2025-07-26,1667.62,1764.958132749242
TR-032858,2025-07-26,3998.84,4173.302508317922
TR-032859,2025-07-26,564.67,598.5687947295135
TR-032860,2025-07-26,2852.1,3013.5628960665413
TR-032861,2025-07-26,1562.25,1581.0871700520704
TR-032862,2025-07-26,1971.58,2224.9839830986266
TR-032863,2025-07-26,842.78,878.6384637719741
TR-032864,2025-07-26,1639.91,1674.8424839171216
TR-032865,2025-07-26,1493.3,1537.644122579304
TR-032866,2025-07-26,4327.16,4542.467264091061
TR-032867,2025-07-26,3710.4,3895.0171851055957
TR-032868,2025-07-26,1235.73,1281.254947492445
TR-032869,2025-07-26,3288.98,1251.0017349788163
TR-032870,2025-07-26,1510.16,1512.9656782110264
TR-032871,2025-07-26,1572.34,1552.5441667828525
TR-032872,2025-07-26,1577.9,1577.575482922149
TR-032873,2025-07-26,4115.12,4272.76384989432
TR-032874,2025-07-26,3288.49,3165.331074584176
TR-032875,2025-07-26,1759.96,1874.0499939788135
TR-032876,2025-07-26,597.98,599.33535091813
TR-032877,2025-07-26,2487.69,2670.112689564093
TR-032878,2025-07-26,8768.95,3775.117286574901
TR-032879,2025-07-26,2163.74,2320.172668407574
TR-032880,2025-07-26,2773.57,3054.839038959465
TR-032881,2025-07-26,4553.24,4590.4765561346
TR-032882,2025-07-26,952.59,1007.2863022713453
TR-032883,2025-07-26,1402.65,1428.7493084394348
TR-032884,2025-07-26,4552.36,4419.2957162555485
TR-032885,2025-07-26,2897.27,2797.9456455925338
TR-032886,2025-07-26,1399.03,1450.1635563566497
TR-032887,2025-07-26,947.49,1039.332522459645
TR-032888,2025-07-26,1176.38,1220.661270389082
TR-032889,2025-07-26,5200.47,5132.154795984739
TR-032890,2025-07-26,2860.19,2652.21114470606
TR-032891,2025-07-26,1575.72,1493.1264501757971
TR-032892,2025-07-26,772.97,793.7116041909555
TR-032893,2025-07-26,2586.97,2583.2338042990755
TR-032894,2025-07-26,3428.93,3382.347997314305
TR-032895,2025-07-26,1081.32,1121.810836521444
TR-032896,2025-07-26,3283.34,3347.7029346469876
TR-032897,2025-07-26,1427.14,1456.5235569383904
TR-032898,2025-07-26,1110.4,1107.9498720013385
TR-032899,2025-07-26,5798.7,5893.2618190411795
TR-032900,2025-07-26,5254.63,5487.3913183002605
TR-032901,2025-07-26,2443.03,2679.399815441374
TR-032902,2025-07-26,1347.37,1355.6006960192176
TR-032903,2025-07-26,2318.6,2435.724159769919
TR-032904,2025-07-26,3633.29,3635.985482867684
TR-032905,2025-07-26,2430.05,2281.3915265559062
TR-032906,2025-07-26,4470.06,4285.558577584357
TR-032907,2025-07-26,2349.02,2415.4729438634304
TR-032908,2025-07-26,990.98,1002.273931696849
TR-032909,2025-07-26,734.78,767.9321464243806
TR-032910,2025-07-26,1982.32,2127.5179795566655
TR-032911,2025-07-26,2734.49,2665.0588284351197
TR-032912,2025-07-26,1824.23,1798.7425475628106
TR-032913,2025-07-26,2772.56,2928.415608471283
TR-032914,2025-07-26,2677.59,3007.6864692477925
TR-032915,2025-07-26,3234.32,3413.481316368253
TR-032916,2025-07-26,1134.2,1099.5087876119742
TR-032917,2025-07-26,4501.69,4518.782837032464
TR-032918,2025-07-26,1381.2,1400.9035641003354
TR-032919,2025-07-26,3769.93,4060.3016308749848
TR-032920,2025-07-26,1821.68,1846.460871724914
TR-032921,2025-07-26,1875.38,2075.4306728785336
TR-032922,2025-07-26,251.26,347.82314009585116
TR-032923,2025-07-26,1114.11,1163.5174631500822
TR-032924,2025-07-26,5048.44,4955.748501575844
TR-032925,2025-07-26,1633.33,1693.7830266863925
TR-032926,2025-07-26,1069.02,1080.4545231157276
TR-032927,2025-07-26,1423.48,1445.5044386050608
TR-032928,2025-07-26,4156.88,4096.392743142409
TR-032929,2025-07-26,858.21,926.1214537158296
TR-032930,2025-07-26,813.75,833.7913612167981
TR-032931,2025-07-26,901.8,893.7849181527299
TR-032932,2025-07-26,2850.86,3002.7776575236544
TR-032933,2025-07-26,3981.98,4064.0727253265813
TR-032934,2025-07-26,1245.71,1283.6692555105114
TR-032935,2025-07-27,2163.29,2154.335177618522
TR-032936,2025-07-27,2384.07,2463.738736610292
TR-032937,2025-07-27,1435.17,1470.128992387154
TR-032938,2025-07-27,3416.49,3467.7862881690344
TR-032939,2025-07-27,3988.53,4141.0587102856025
TR-032940,2025-07-27,3037.1,3092.79993912995
TR-032941,2025-07-27,706.09,747.3879994839133
TR-032942,2025-07-27,2852.16,3039.4571760620806
TR-032943,2025-07-27,2828.82,3017.172373166701
TR-032944,2025-07-27,1101.66,1102.8130284121703
TR-032945,2025-07-27,1417.23,1503.4087776229812
TR-032946,2025-07-27,181.52,625.9866858944313
TR-032947,2025-07-27,3736.52,3866.307785083328
TR-032948,2025-07-27,4227.74,4328.3730837839885
TR-032949,2025-07-27,3424.45,3513.7686191765533
TR-032950,2025-07-27,1408.76,1378.2009273215922
TR-032951,2025-07-27,1424.22,1450.9499219208233
TR-032952,2025-07-27,1572.85,1614.6676129913126
TR-032953,2025-07-27,3176.7,3437.8373697737443
TR-032954,2025-07-27,2287.55,2169.5266536025706
TR-032955,2025-07-27,3445.03,3286.8995987297676
TR-032956,2025-07-27,1948.74,2129.5885443949282
TR-032957,2025-07-27,1043.92,1048.0128419563287
TR-032958,2025-07-27,2558.38,2364.6492907545876
TR-032959,2025-07-27,1187.48,1211.9702661056021
TR-032960,2025-07-27,2899.85,2978.221757509519
TR-032961,2025-07-27,524.13,538.3806217674783
TR-032962,2025-07-27,698.25,772.1342481905017
TR-032963,2025-07-27,2421.32,2482.9505775161706
TR-032964,2025-07-27,1855.81,1784.9904899983744
TR-032965,2025-07-27,257.43,499.11010559402257
TR-032966,2025-07-27,192.65,348.5730852714255
TR-032967,2025-07-27,4571.1,4553.639931356608
TR-032968,2025-07-27,1482.91,1504.3522588886567
TR-032969,2025-07-27,2401.55,2349.5576893231787
TR-032970,2025-07-27,1785.98,1817.446387035704
TR-032971,2025-07-27,2359.07,2483.9219804805075
TR-032972,2025-07-27,1350.54,1350.761142504191
TR-032973,2025-07-27,2014.06,1998.5568595040547
TR-032974,2025-07-27,877.53,922.5451280346858
TR-032975,2025-07-27,1644.0,1712.2294614394877
TR-032976,2025-07-27,2059.41,2273.652573150413
TR-032977,2025-07-27,646.48,645.2029511123235
TR-032978,2025-07-27,2969.42,2861.4241370377513
TR-032979,2025-07-27,1253.86,1273.35913490357
TR-032980,2025-07-27,2594.03,2715.6970773868925
TR-032981,2025-07-27,3524.21,3722.7729362779937
TR-032982,2025-07-27,845.62,890.8958088764005
TR-032983,2025-07-27,1436.2,1420.6201427425417
TR-032984,2025-07-27,2888.72,2803.909221726301
TR-032985,2025-07-27,1448.87,1550.5215664836414
TR-032986,2025-07-27,981.73,1037.0775657436807
TR-032987,2025-07-27,1229.03,1250.5267369444657
TR-032988,2025-07-27,1125.51,1186.3631996851452
TR-032989,2025-07-27,2983.7,3124.759649871894
TR-032990,2025-07-27,1472.31,1574.2045351942365
TR-032991,2025-07-27,1865.89,2187.050559565785
TR-032992,2025-07-27,1329.27,1368.660199783589
TR-032993,2025-07-27,1877.25,1928.9131675981023
TR-032994,2025-07-27,405.29,401.820174263564
TR-032995,2025-07-27,3533.37,3815.037528985792
TR-032996,2025-07-27,2875.14,3077.902665765673
TR-032997,2025-07-27,2638.38,2467.399176976699
TR-032998,2025-07-27,4168.72,4097.956230091833
TR-032999,2025-07-27,711.37,742.5364029627367
TR-033000,2025-07-27,1205.4,1233.6321422903516
TR-033001,2025-07-27,2486.71,2675.3128425116947
TR-033002,2025-07-27,349.68,425.68337873391874
TR-033003,2025-07-27,3779.91,3923.874285773166
TR-033004,2025-07-27,3363.73,3580.0592309551103
TR-033005,2025-07-27,869.31,903.803669799187
TR-033006,2025-07-27,1723.34,1776.6902365720969
TR-033007,2025-07-27,1106.77,1138.264908277432
TR-033008,2025-07-27,1444.1,1460.2151085006803
TR-033009,2025-07-27,2923.22,3185.329147319887
TR-033010,2025-07-27,727.21,783.6759932566599
TR-033011,2025-07-27,2120.51,2065.700721477403
TR-033012,2025-07-27,1343.73,1356.0040469380317
TR-033013,2025-07-27,1499.67,1550.0160063790677
TR-033014,2025-07-27,2055.35,2115.4246249789458
TR-033015,2025-07-27,1253.36,1310.086456612205
TR-033016,2025-07-27,2003.88,2139.6828205116954
TR-033017,2025-07-27,2031.04,2277.2199380229426
TR-033018,2025-07-27,823.25,857.0918581313235
TR-033019,2025-07-27,3529.73,3744.9813898969865
TR-033020,2025-07-27,2966.04,3180.1522367035095
TR-033021,2025-07-27,1819.42,1866.519352110341
TR-033022,2025-07-27,771.46,805.6072774086767
TR-033023,2025-07-27,1054.01,1078.2165147855176
TR-033024,2025-07-27,4226.13,4224.274999614172
TR-033025,2025-07-27,1205.58,1239.934817966488
TR-033026,2025-07-27,3939.59,4076.474461784486
TR-033027,2025-07-27,4486.08,4609.3509389539595
TR-033028,2025-07-27,768.89,804.308581974763
TR-033029,2025-07-27,1552.48,1487.2362974051475
TR-033030,2025-07-27,3302.26,3452.4460755230616
TR-033031,2025-07-27,2526.04,2480.9668023358254
TR-033032,2025-07-27,2018.47,2065.1592655792997
TR-033033,2025-07-27,1355.23,1457.9651991735727
TR-033034,2025-07-27,1604.66,1672.7750877537933
TR-033035,2025-07-27,3343.47,3390.1495093622166
TR-033036,2025-07-27,379.33,359.7665323607671
TR-033037,2025-07-27,3330.78,3145.2712751384533
TR-033038,2025-07-27,1177.81,1182.639274148362
TR-033039,2025-07-27,7607.75,1650.9079816427532
TR-033040,2025-07-27,2234.86,2178.787552085797
TR-033041,2025-07-27,2251.6,2466.8469164903404
TR-033042,2025-07-27,1307.33,1375.4536830750035
TR-033043,2025-07-27,2145.12,2065.3537357358546
TR-033044,2025-07-27,4354.23,4539.020290851437
TR-033045,2025-07-27,2597.26,2629.8274992447905
TR-033046,2025-07-27,2016.83,2244.2541557970458
TR-033047,2025-07-27,2413.16,2608.6511260995762
TR-033048,2025-07-27,786.53,842.2069266970416
TR-033049,2025-07-27,1705.16,1699.276331712686
TR-033050,2025-07-27,898.23,894.0159197869332
TR-033051,2025-07-27,3261.16,3419.6079914508464
TR-033052,2025-07-27,1282.83,1312.5311614871516
TR-033053,2025-07-27,751.79,830.0702315779747
TR-033054,2025-07-27,2592.78,2641.422276468673
TR-033055,2025-07-27,798.03,874.54994610213
TR-033056,2025-07-27,3734.08,3780.7497094153673
TR-033057,2025-07-27,1280.74,1304.5099696495395
TR-033058,2025-07-27,3296.85,3306.550957775914
TR-033059,2025-07-27,2278.22,2314.700943348834
TR-033060,2025-07-27,4984.21,5127.853925902535
TR-033061,2025-07-27,282.54,1471.954801238296
TR-033062,2025-07-27,3261.9,3201.0362208385113
TR-033063,2025-07-27,3530.35,3708.6827837225164
TR-033064,2025-07-27,2883.41,2969.6470122785786
TR-033065,2025-07-27,806.0,861.8507409978506
TR-033066,2025-07-27,1275.74,1331.1427814401072
TR-033067,2025-07-27,1464.1,1431.8688221913098
TR-033068,2025-07-27,4174.09,4169.814397109127
TR-033069,2025-07-27,691.7,727.0559599658272
TR-033070,2025-07-27,2662.76,2762.200591785
TR-033071,2025-07-27,3847.58,3948.6535517343823
TR-033072,2025-07-27,1900.56,2047.3176720366403
TR-033073,2025-07-27,3531.73,3639.5760926108924
TR-033074,2025-07-27,230.1,375.31793208573936
TR-033075,2025-07-27,17333.65,3878.3387495704283
TR-033076,2025-07-27,5553.38,5635.955135801838
TR-033077,2025-07-27,1585.57,1614.4832657461632
TR-033078,2025-07-27,1756.09,1776.829623593622
TR-033079,2025-07-27,1241.89,1264.0320968620758
TR-033080,2025-07-27,1760.78,1785.2705279292795
TR-033081,2025-07-27,4298.03,4149.758316862324
TR-033082,2025-07-27,978.54,1045.9760507118103
TR-033083,2025-07-28,989.65,1055.7154903129754
TR-033084,2025-07-28,3554.43,3568.9597529393486
TR-033085,2025-07-28,551.0,584.6146104675252
TR-033086,2025-07-28,2866.84,2628.816235704059
TR-033087,2025-07-28,11117.85,3788.5445415980093
TR-033088,2025-07-28,1495.86,1511.7962457213648
TR-033089,2025-07-28,3873.08,3995.7984423891053
TR-033090,2025-07-28,5421.9,5439.383896408737
TR-033091,2025-07-28,1898.11,1928.7069924876023
TR-033092,2025-07-28,4163.82,4133.352308287196
TR-033093,2025-07-28,4689.79,4849.448970618046
TR-033094,2025-07-28,251.2,404.753646178091
TR-033095,2025-07-28,1084.99,1116.0239910677678
TR-033096,2025-07-28,1374.59,1381.7759111984992
TR-033097,2025-07-28,4869.68,4958.580694440736
TR-033098,2025-07-28,1859.46,1830.2546767612992
TR-033099,2025-07-28,1222.71,1238.5814939276547
TR-033100,2025-07-28,571.03,592.5667601911712
TR-033101,2025-07-28,1062.28,1143.069540161427
TR-033102,2025-07-28,2462.39,2366.7131943453883
TR-033103,2025-07-28,1023.46,1113.5699126250317
TR-033104,2025-07-28,730.81,795.2479050995144
TR-033105,2025-07-28,345.19,412.98557478132443
TR-033106,2025-07-28,2821.94,2897.48359775863
TR-033107,2025-07-28,5266.95,5331.22248646328
TR-033108,2025-07-28,2010.78,1993.6196381600282
TR-033109,2025-07-28,1741.31,1768.7643081109754
TR-033110,2025-07-28,1307.68,1352.0868732778677
TR-033111,2025-07-28,1454.74,1519.4755532030267
TR-033112,2025-07-28,1898.27,1899.7436794731689
TR-033113,2025-07-28,3337.67,3649.748312373421
TR-033114,2025-07-28,1608.9,1536.6621740681942
TR-033115,2025-07-28,5884.68,5777.544339122824
TR-033116,2025-07-28,968.12,1034.686609978231
TR-033117,2025-07-28,1358.77,1389.7809263808826
TR-033118,2025-07-28,1688.03,1742.317300279797
TR-033119,2025-07-28,589.77,1532.440946469882
TR-033120,2025-07-28,1319.58,1386.9063707286195
TR-033121,2025-07-28,1341.91,1338.8929845279542
TR-033122,2025-07-28,1060.52,1110.5165844459111
TR-033123,2025-07-28,2288.59,2372.6333711348466
TR-033124,2025-07-28,4235.39,4313.566557259708
TR-033125,2025-07-28,667.47,698.9890451514204
TR-033126,2025-07-28,1866.7,1883.536632009373
TR-033127,2025-07-28,921.09,949.2686956527384
TR-033128,2025-07-28,4423.69,4557.256107582389
TR-033129,2025-07-28,591.93,640.101402236342
TR-033130,2025-07-28,1981.07,1928.2220431457006
TR-033131,2025-07-28,1079.93,1111.5295643220197
TR-033132,2025-07-28,453.76,532.1116458152619
TR-033133,2025-07-28,1841.68,1942.1443730900205
TR-033134,2025-07-28,1045.98,1091.8473652945304
TR-033135,2025-07-28,749.0,814.8793782434018
TR-033136,2025-07-28,644.7,690.1298474455668
TR-033137,2025-07-28,507.31,580.6232717172084
TR-033138,2025-07-28,1157.48,1205.714482589786
TR-033139,2025-07-28,951.85,992.2179221116473
TR-033140,2025-07-28,2317.43,2357.0903452009634
TR-033141,2025-07-28,882.87,921.7172144541776
TR-033142,2025-07-28,2472.06,2712.0317207493254
TR-033143,2025-07-28,669.33,700.5131327514403
TR-033144,2025-07-28,1349.13,1348.9241209750458
TR-033145,2025-07-28,1769.62,1809.5731289786147
TR-033146,2025-07-28,3851.99,3825.737566250765
TR-033147,2025-07-28,1047.91,1101.402209728312
TR-033148,2025-07-28,3793.81,3847.8307988836427
TR-033149,2025-07-28,5189.0,5181.1995457881785
TR-033150,2025-07-28,1722.32,1683.3828511292595
TR-033151,2025-07-28,2675.46,2755.071448918474
TR-033152,2025-07-28,3934.13,3928.4354119701206
TR-033153,2025-07-28,1955.71,2049.9348388644717
TR-033154,2025-07-28,1926.51,1981.441245119544
TR-033155,2025-07-28,2297.29,2398.2408204304993
TR-033156,2025-07-28,2347.66,2456.04184318449
TR-033157,2025-07-28,730.76,829.9160787684621
TR-033158,2025-07-28,2894.13,3082.6283724000664
TR-033159,2025-07-28,2843.17,3069.2103762475317
TR-033160,2025-07-28,2992.03,3398.9558024449098
TR-033161,2025-07-28,2311.92,2142.2832542254796
TR-033162,2025-07-28,1733.19,1714.382324128248
TR-033163,2025-07-28,2131.03,2206.449304817707
TR-033164,2025-07-28,1181.15,1216.9886828165795
TR-033165,2025-07-28,2177.26,2080.8556662487463
TR-033166,2025-07-28,2453.15,2535.9069361528695
TR-033167,2025-07-28,1178.59,1229.6231310505473
TR-033168,2025-07-28,1929.08,1964.3334498533582
TR-033169,2025-07-28,2217.1,2150.8912399489154
TR-033170,2025-07-28,2897.57,3062.894678038627
TR-033171,2025-07-28,1663.4,1680.9510889505354
TR-033172,2025-07-28,2666.77,2709.562541287187
TR-033173,2025-07-28,1407.1,1409.073891531068
TR-033174,2025-07-28,2062.01,2044.6231488648843
TR-033175,2025-07-28,1426.78,1445.283025368385
TR-033176,2025-07-28,4536.47,4654.790198769193
TR-033177,2025-07-28,5405.95,5364.208933374978
TR-033178,2025-07-28,1153.57,1178.812111338405
TR-033179,2025-07-28,1991.56,2071.1347919919763
TR-033180,2025-07-28,839.54,836.196042218595
TR-033181,2025-07-28,3503.11,3745.1693397648028
TR-033182,2025-07-28,840.66,893.469719862275
TR-033183,2025-07-28,1543.43,1555.5982106426763
TR-033184,2025-07-28,958.89,982.5920628790846
TR-033185,2025-07-28,2594.5,2724.045667755179
TR-033186,2025-07-28,4765.47,4776.452069758205
TR-033187,2025-07-28,1072.73,1143.5209013244316
TR-033188,2025-07-28,4758.75,4849.886894503974
TR-033189,2025-07-28,820.22,907.0128721684339
TR-033190,2025-07-28,1560.64,1609.7804017098165
TR-033191,2025-07-28,3648.27,4058.114840542491
TR-033192,2025-07-28,3962.34,4097.366676569134
TR-033193,2025-07-28,751.09,837.610108411088
TR-033194,2025-07-28,3243.61,3449.9059672174008
TR-033195,2025-07-28,4010.64,4084.151386636091
TR-033196,2025-07-28,2371.53,2179.289786037286
TR-033197,2025-07-28,2254.81,2193.7426991728835
TR-033198,2025-07-28,3124.78,3235.1125649602873
TR-033199,2025-07-28,4868.75,5094.826660682558
TR-033200,2025-07-28,4209.92,4344.223261372225
TR-033201,2025-07-28,1826.1,1915.9495919155422
TR-033202,2025-07-28,2182.49,2231.0107662088253
TR-033203,2025-07-28,3861.21,3887.4878763849756
TR-033204,2025-07-28,424.18,471.80266573989434
TR-033205,2025-07-28,3736.94,3854.9041195810405
TR-033206,2025-07-28,1541.48,1561.2840509342245
TR-033207,2025-07-28,864.75,931.1738269820705
TR-033208,2025-07-28,1023.49,1045.8862114398285
TR-033209,2025-07-28,1115.26,1147.933875509787
TR-033210,2025-07-28,1086.36,1069.9842118591623
TR-033211,2025-07-28,3724.13,3761.113262377531
TR-033212,2025-07-28,1157.89,1208.582512356136
TR-033213,2025-07-28,3690.14,3943.7060551482573
TR-033214,2025-07-28,1568.81,1597.0807514521316
TR-033215,2025-07-28,1133.62,1186.2715602647172
TR-033216,2025-07-28,2473.93,2676.35413055433
TR-033217,2025-07-28,761.27,787.9075555249854
TR-033218,2025-07-28,1398.53,1448.580244125272
TR-033219,2025-07-29,1420.59,1452.6020959782131
TR-033220,2025-07-29,3640.51,3683.6428951194234
TR-033221,2025-07-29,3878.94,3878.9411029021185
TR-033222,2025-07-29,2615.16,2724.178394208139
TR-033223,2025-07-29,1713.02,1802.7534279043953
TR-033224,2025-07-29,1259.85,1252.552575969266
TR-033225,2025-07-29,1611.43,1680.0281001105584
TR-033226,2025-07-29,3114.18,3487.595749625658
TR-033227,2025-07-29,4014.56,3972.6766198573273
TR-033228,2025-07-29,2989.18,3147.3874144828146
TR-033229,2025-07-29,1676.83,1777.158891800965
TR-033230,2025-07-29,998.86,1009.7389002888157
TR-033231,2025-07-29,1828.03,1858.8712771927283
TR-033232,2025-07-29,2425.52,2279.5271600209066
TR-033233,2025-07-29,9454.94,3592.585651782475
TR-033234,2025-07-29,997.94,1034.0345592616231
TR-033235,2025-07-29,1803.99,1785.735939605774
TR-033236,2025-07-29,1083.0,1107.7424349270213
TR-033237,2025-07-29,1579.09,1579.0862927927164
TR-033238,2025-07-29,1928.09,1953.9755067356937
TR-033239,2025-07-29,3548.35,3720.28062268792
TR-033240,2025-07-29,3843.58,3770.3376189418664
TR-033241,2025-07-29,1284.5,1302.4714924554944
TR-033242,2025-07-29,824.27,865.8349559886403
TR-033243,2025-07-29,1388.81,1478.2166285421715
TR-033244,2025-07-29,1128.9,1141.7053254592724
TR-033245,2025-07-29,1293.47,1233.5141669733644
TR-033246,2025-07-29,1354.57,1370.8429235383223
TR-033247,2025-07-29,1861.38,1845.8789268416408
TR-033248,2025-07-29,805.38,837.8075791908618
TR-033249,2025-07-29,2233.73,2160.780650538639
TR-033250,2025-07-29,3420.69,3551.2910109517497
TR-033251,2025-07-29,1473.1,1503.5656513585382
TR-033252,2025-07-29,1769.73,1746.6007123663867
TR-033253,2025-07-29,777.3,808.2726240097159
TR-033254,2025-07-29,1007.53,1018.7863768443534
TR-033255,2025-07-29,5605.79,5572.841539638305
TR-033256,2025-07-29,756.5,797.5225499838027
TR-033257,2025-07-29,237.05,1217.687327238754
TR-033258,2025-07-29,665.14,724.5721910611076
TR-033259,2025-07-29,5075.37,5086.400003603696
TR-033260,2025-07-29,1230.53,1270.9811830796043
TR-033261,2025-07-29,3738.79,3630.563049616745
TR-033262,2025-07-29,2849.25,2674.6552473285365
TR-033263,2025-07-29,1455.4,1487.4780240455716
TR-033264,2025-07-29,4372.17,4375.42439706867
TR-033265,2025-07-29,3614.59,3674.9125202088235
TR-033266,2025-07-29,1016.92,1089.3041144186832
TR-033267,2025-07-29,2035.28,2141.926115916831
TR-033268,2025-07-29,1073.77,1105.2893427644076
TR-033269,2025-07-29,2058.58,1980.5352730583713
TR-033270,2025-07-29,585.85,598.1523864360372
TR-033271,2025-07-29,602.71,633.0157680653999
TR-033272,2025-07-29,2242.34,2163.3904986160137
TR-033273,2025-07-29,2226.3,2147.5726329016843
TR-033274,2025-07-29,11700.79,3702.1421711568046
TR-033275,2025-07-29,2093.58,1970.8854814039437
TR-033276,2025-07-29,3064.63,2883.79752795672
TR-033277,2025-07-29,4545.32,4554.937543114924
TR-033278,2025-07-29,5078.8,4981.12716681822
TR-033279,2025-07-29,1706.41,1696.572793591035
TR-033280,2025-07-29,6289.39,5922.221196488561
TR-033281,2025-07-29,4150.42,4321.863039125882
TR-033282,2025-07-29,3478.47,3585.3203838440686
TR-033283,2025-07-29,2239.24,2288.0945076313355
TR-033284,2025-07-29,2090.95,2022.8582280712226
TR-033285,2025-07-29,656.33,698.7573214164984
TR-033286,2025-07-29,638.98,687.5814988968934
TR-033287,2025-07-29,3120.61,3225.960765291732
TR-033288,2025-07-29,1778.43,1743.5603211191228
TR-033289,2025-07-29,6070.24,6118.120378883173
TR-033290,2025-07-29,1801.21,1814.9083891930793
TR-033291,2025-07-29,2757.75,2818.316471164305
TR-033292,2025-07-29,1710.7,1915.5851708767154
TR-033293,2025-07-29,1796.29,1946.4667104977361
TR-033294,2025-07-29,4082.81,4078.6730605213406
TR-033295,2025-07-29,1526.56,1526.2309949417938
TR-033296,2025-07-29,3748.15,3898.420853763949
TR-033297,2025-07-29,2358.57,2202.2707053904824
TR-033298,2025-07-29,799.27,808.5966976795337
TR-033299,2025-07-29,3889.88,4000.273362215309
TR-033300,2025-07-29,5071.95,5250.8683708610715
TR-033301,2025-07-29,1999.57,2024.8083314592766
TR-033302,2025-07-29,684.23,729.608913849394
TR-033303,2025-07-29,1161.81,1218.4169021256967
TR-033304,2025-07-29,631.69,643.7294595302033
TR-033305,2025-07-29,6289.74,2072.568309924417
TR-033306,2025-07-29,1692.64,1706.8960143240688
TR-033307,2025-07-29,324.35,397.6398698726339
TR-033308,2025-07-29,3264.59,3353.159962420763
TR-033309,2025-07-29,1340.04,1322.9322413230195
TR-033310,2025-07-29,1671.29,1675.5546928910612
TR-033311,2025-07-29,818.04,919.1986099386543
TR-033312,2025-07-29,11663.11,3647.995161376704
TR-033313,2025-07-29,2835.15,3034.184896892052
TR-033314,2025-07-29,3547.14,3640.3896139618096
TR-033315,2025-07-29,4005.08,4277.46636927516
TR-033316,2025-07-29,3889.7,4028.5302827329115
TR-033317,2025-07-29,1238.33,1260.0208676166649
TR-033318,2025-07-29,4113.77,4048.675238263414
TR-033319,2025-07-29,1454.31,1490.3825067601545
TR-033320,2025-07-29,1538.63,1569.3543234987337
TR-033321,2025-07-29,3402.81,3371.8180698492047
TR-033322,2025-07-29,3019.11,2980.0978445776286
TR-033323,2025-07-29,3738.64,3569.893699898709
TR-033324,2025-07-29,3278.18,3407.4372038138536
TR-033325,2025-07-29,1574.29,1539.115058673135
TR-033326,2025-07-29,1140.79,1156.9162251386897
TR-033327,2025-07-29,862.51,879.6051536660252
TR-033328,2025-07-29,4653.68,5119.661408389624
TR-033329,2025-07-29,1705.18,1776.83053245357
TR-033330,2025-07-29,2253.53,2201.0589890311885
TR-033331,2025-07-29,2217.15,2309.019951157422
TR-033332,2025-07-29,4453.21,4575.961825984376
TR-033333,2025-07-29,801.41,877.7983441022416
TR-033334,2025-07-29,3689.1,3934.2943584787618
TR-033335,2025-07-29,3272.85,3208.5000851000814
TR-033336,2025-07-29,1665.39,1558.8604064075562
TR-033337,2025-07-29,3877.1,4035.4614266080835
TR-033338,2025-07-29,3782.81,3788.195372012957
TR-033339,2025-07-29,989.07,1031.6391771516396
TR-033340,2025-07-29,3865.21,4051.7275737537234
TR-033341,2025-07-29,1811.38,1817.607290839986
TR-033342,2025-07-29,625.2,674.7513436906493
TR-033343,2025-07-29,754.69,758.3622177263599
TR-033344,2025-07-29,2668.85,2519.542456968521
TR-033345,2025-07-29,4211.13,4193.768368212392
TR-033346,2025-07-29,1055.08,1059.0848484887597
TR-033347,2025-07-29,4668.29,4855.218626119677
TR-033348,2025-07-29,2304.18,2395.2353342501374
TR-033349,2025-07-29,1144.3,1170.306758650242
TR-033350,2025-07-29,5897.96,5786.587180359946
TR-033351,2025-07-29,2152.41,2083.3253037090903
TR-033352,2025-07-29,1680.49,1650.7984953517062
TR-033353,2025-07-29,840.99,848.1721364805373
TR-033354,2025-07-29,844.68,892.5596982091736
TR-033355,2025-07-29,2292.39,2195.4380110711304
TR-033356,2025-07-29,1238.44,1303.2334388272448
TR-033357,2025-07-29,521.73,522.5874660199713
TR-033358,2025-07-29,1656.78,1679.0261324730639
TR-033359,2025-07-29,4343.02,4366.2371563929955
TR-033360,2025-07-29,500.83,544.3146520758887
TR-033361,2025-07-29,1151.03,1189.8982658712957
TR-033362,2025-07-29,3391.79,3451.4974752973576
TR-033363,2025-07-29,1942.0,1924.4910273895184
TR-033364,2025-07-29,3836.36,4103.770200207602
TR-033365,2025-07-29,4229.91,4066.3563083700164
TR-033366,2025-07-29,1245.46,1255.952328789705
TR-033367,2025-07-29,3647.9,3676.1832683397097
TR-033368,2025-07-29,3693.66,3677.7347454106493
TR-033369,2025-07-29,1132.59,1127.5812463555962
TR-033370,2025-07-29,1651.94,1676.9183652609954
TR-033371,2025-07-29,1388.08,1397.7144582234077
TR-033372,2025-07-29,1238.54,1240.7140193827304
TR-033373,2025-07-29,1145.59,1170.6416317614558
TR-033374,2025-07-29,662.05,717.8773867080206
TR-033375,2025-07-29,1800.0,1799.677921683537
TR-033376,2025-07-29,1353.63,1382.1652950002572
TR-033377,2025-07-29,840.06,914.6848113994718
TR-033378,2025-07-29,3325.49,3148.5009443045938
TR-033379,2025-07-29,1512.77,1543.9344233178854
TR-033380,2025-07-29,1407.85,1375.1367706181836
TR-033381,2025-07-29,654.72,667.3482805397755
TR-033382,2025-07-29,830.79,872.628993507871
TR-033383,2025-07-29,5179.71,4877.109989499672
TR-033384,2025-07-29,1737.63,1773.0212827984703
TR-033385,2025-07-29,3778.79,3723.703340873792
TR-033386,2025-07-29,831.77,893.3087128716256
TR-033387,2025-07-29,2589.12,2597.1786101971875
TR-033388,2025-07-30,1492.45,1518.106436169749
TR-033389,2025-07-30,2425.9,2770.52852235924
TR-033390,2025-07-30,523.76,528.632967423358
TR-033391,2025-07-30,1894.87,1890.7187981331617
TR-033392,2025-07-30,4510.5,4480.0418636539125
TR-033393,2025-07-30,2095.34,2180.26807168719
TR-033394,2025-07-30,1159.17,1150.371512727183
TR-033395,2025-07-30,4384.3,4175.506475298111
TR-033396,2025-07-30,4316.63,4528.7332203391215
TR-033397,2025-07-30,1823.2,1767.4218189929024
TR-033398,2025-07-30,649.26,720.6191082637233
TR-033399,2025-07-30,4873.57,4599.5409560037915
TR-033400,2025-07-30,1074.28,1027.6755344391868
TR-033401,2025-07-30,4532.07,4735.868198022214
TR-033402,2025-07-30,2285.16,2157.910748257844
TR-033403,2025-07-30,972.93,1003.9788084869359
TR-033404,2025-07-30,1109.36,1115.1219716625974
TR-033405,2025-07-30,2836.02,2905.9136612223015
TR-033406,2025-07-30,2754.93,2607.038916280294
TR-033407,2025-07-30,3188.57,3192.4987673963888
TR-033408,2025-07-30,1594.22,1636.7099750738598
TR-033409,2025-07-30,1704.36,1726.098933055872
TR-033410,2025-07-30,1211.82,1213.1274241469634
TR-033411,2025-07-30,1577.8,1497.190262769082
TR-033412,2025-07-30,1903.08,1934.9941006491908
TR-033413,2025-07-30,574.23,586.4344027106231
TR-033414,2025-07-30,1093.54,1095.8009271058231
TR-033415,2025-07-30,793.91,811.1352735164346
TR-033416,2025-07-30,2146.61,2310.261329212904
TR-033417,2025-07-30,1963.31,1925.3624282711203
TR-033418,2025-07-30,1826.74,1906.7830073640569
TR-033419,2025-07-30,1558.35,1634.0096512473453
TR-033420,2025-07-30,2532.58,2594.03157493938
TR-033421,2025-07-30,4237.41,4209.126688199787
TR-033422,2025-07-30,2149.7,2187.0687490418086
TR-033423,2025-07-30,3921.35,3816.4560596346237
TR-033424,2025-07-30,2609.89,2795.6221147806473
TR-033425,2025-07-30,3454.91,3363.6376849589265
TR-033426,2025-07-30,1941.84,1956.3294140980527
TR-033427,2025-07-30,3018.74,3008.688634074435
TR-033428,2025-07-30,532.18,524.958965457701
TR-033429,2025-07-30,3547.81,3692.443880158874
TR-033430,2025-07-30,2285.38,2312.3582496372255
TR-033431,2025-07-30,1942.42,1938.4179727955618
TR-033432,2025-07-30,839.25,842.9627631443134
TR-033433,2025-07-30,1555.16,1482.5425563828082
TR-033434,2025-07-30,3762.37,3770.266370005018
TR-033435,2025-07-30,1800.79,1747.7086571317473
TR-033436,2025-07-30,5326.07,5038.126335773027
TR-033437,2025-07-30,1820.67,1767.5346180531099
TR-033438,2025-07-30,1689.34,1645.4193556408732
TR-033439,2025-07-30,3137.97,3117.212116379467
TR-033440,2025-07-30,4318.58,4426.318179756445
TR-033441,2025-07-30,804.53,784.9439116135868
TR-033442,2025-07-30,2333.02,2347.2287171250123
TR-033443,2025-07-30,3461.44,3566.6132525426165
TR-033444,2025-07-30,2818.73,2701.535463572991
TR-033445,2025-07-30,3543.39,3640.1769481553815
TR-033446,2025-07-30,2291.67,2322.079296116845
TR-033447,2025-07-30,1712.33,1857.14542650762
TR-033448,2025-07-30,2348.45,2395.35032465718
TR-033449,2025-07-30,1681.37,1787.9046703812928
TR-033450,2025-07-30,1270.94,1284.3852947527487
TR-033451,2025-07-30,2166.93,2147.044581645625
TR-033452,2025-07-30,3599.57,3772.8947216590923
TR-033453,2025-07-30,2504.96,2581.3893271621464
TR-033454,2025-07-30,4148.95,4117.911285848216
TR-033455,2025-07-30,2080.07,2135.992482981552
TR-033456,2025-07-30,2834.56,3084.51365320667
TR-033457,2025-07-30,1444.8,1468.05838109482
TR-033458,2025-07-30,1861.47,1834.498822444853
TR-033459,2025-07-30,4571.47,4791.4525712999875
TR-033460,2025-07-30,5253.1,4980.445703276565
TR-033461,2025-07-30,2799.52,3101.0662088990316
TR-033462,2025-07-30,4442.0,4518.097794119319
TR-033463,2025-07-30,787.16,788.9278497726955
TR-033464,2025-07-30,2207.87,2474.073399292974
TR-033465,2025-07-30,2117.14,1991.047500330042
TR-033466,2025-07-30,1153.84,1230.9284871969717
TR-033467,2025-07-30,2595.59,2730.3744322514294
TR-033468,2025-07-30,1392.04,1349.4175883929975
TR-033469,2025-07-30,889.07,909.5475262594048
TR-033470,2025-07-30,1982.01,2227.157295415164
TR-033471,2025-07-30,2686.32,2528.221030833251
TR-033472,2025-07-30,6127.79,5978.787817386061
TR-033473,2025-07-30,1046.89,1128.5134210018796
TR-033474,2025-07-30,3986.38,4049.003961588949
TR-033475,2025-07-30,2158.96,2103.3024466262214
TR-033476,2025-07-30,5522.82,5537.643355391248
TR-033477,2025-07-30,2331.43,2206.459871831986
TR-033478,2025-07-30,2089.17,2138.5634699126304
TR-033479,2025-07-30,3859.45,4047.290495232406
TR-033480,2025-07-30,4432.04,4611.912968624987
TR-033481,2025-07-30,4367.11,4488.811784947252
TR-033482,2025-07-30,2423.77,2435.505088613367
TR-033483,2025-07-30,1868.17,1779.7454955312874
TR-033484,2025-07-30,2265.16,2211.669130679612
TR-033485,2025-07-30,1850.8,1864.7440045977237
TR-033486,2025-07-30,5403.43,5450.442640787602
TR-033487,2025-07-30,3749.77,3844.5163016340957
TR-033488,2025-07-30,1636.98,1658.2321214367723
TR-033489,2025-07-30,2373.91,2430.475569265584
TR-033490,2025-07-30,4711.88,4958.403992634327
TR-033491,2025-07-30,1115.43,1177.967868764523
TR-033492,2025-07-30,4374.98,4501.309770239522
TR-033493,2025-07-30,5228.93,5287.77803120513
TR-033494,2025-07-30,331.63,388.8906656519184
TR-033495,2025-07-30,3983.97,4135.226769008035
TR-033496,2025-07-30,853.23,860.0305226843702
TR-033497,2025-07-30,2766.52,2722.4264823702015
TR-033498,2025-07-30,5234.26,5233.295800231341
TR-033499,2025-07-30,944.31,891.9016465066015
TR-033500,2025-07-30,3815.3,3871.368468198587
TR-033501,2025-07-30,1579.34,1594.6121949160356
TR-033502,2025-07-30,681.29,703.8864882172688
TR-033503,2025-07-30,972.78,1020.449368834883
TR-033504,2025-07-30,1472.46,1543.1094451018548
TR-033505,2025-07-30,867.75,913.3178259984156
TR-033506,2025-07-30,1607.06,1717.5844725505012
TR-033507,2025-07-30,4816.56,4983.665704368674
TR-033508,2025-07-30,795.95,810.4217409021762
TR-033509,2025-07-30,5154.49,5236.263874491515
TR-033510,2025-07-30,3244.94,3343.2903330001895
TR-033511,2025-07-30,1407.64,1408.2134879195664
TR-033512,2025-07-30,420.29,437.45636582695806
TR-033513,2025-07-30,817.79,833.523043871455
TR-033514,2025-07-30,4307.23,4292.628127287296
TR-033515,2025-07-30,2734.49,2725.0749934409187
TR-033516,2025-07-30,1492.69,1442.1601137453295
TR-033517,2025-07-30,473.01,444.65538243617084
TR-033518,2025-07-30,2046.33,2011.970974445992
TR-033519,2025-07-30,2864.62,3101.315427492661
TR-033520,2025-07-30,2127.18,2073.992095005987
TR-033521,2025-07-30,1184.72,1160.6266819754246
TR-033522,2025-07-30,1737.62,1789.299192363489
TR-033523,2025-07-30,825.4,872.379606027464
TR-033524,2025-07-30,3397.54,3425.6021032875306
TR-033525,2025-07-30,1065.03,1068.6828503527604
TR-033526,2025-07-30,1540.87,1519.3417623643186
TR-033527,2025-07-30,2008.33,2018.2628270454074
TR-033528,2025-07-30,4067.77,3928.6795898529977
TR-033529,2025-07-30,2755.3,2427.950634035976
TR-033530,2025-07-30,1671.59,1741.8446202616851
TR-033531,2025-07-30,2717.57,2884.3968945909237
TR-033532,2025-07-30,2597.84,2457.2413293176587
TR-033533,2025-07-30,1642.37,1693.692327921712
TR-033534,2025-07-30,4436.45,4432.455044705233
TR-033535,2025-07-30,1294.5,1246.9622552638743
TR-033536,2025-07-30,755.86,768.8550964295487
TR-033537,2025-07-30,1058.07,1094.674003225401
TR-033538,2025-07-30,3587.26,3603.1624202319435
TR-033539,2025-07-30,1526.98,1513.847647655138
TR-033540,2025-07-30,4765.3,4747.557016421324
TR-033541,2025-07-30,2626.56,2650.6995751012955
TR-033542,2025-07-30,2777.24,2697.9128651024503
TR-033543,2025-07-30,2705.94,2606.4878711728484
TR-033544,2025-07-30,4655.63,4443.057583769166
TR-033545,2025-07-30,4927.45,4775.871518673787
TR-033546,2025-07-30,3099.64,3067.441437793937
TR-033547,2025-07-30,391.46,435.97989479348394
TR-033548,2025-07-30,1601.82,1688.4078841750052
TR-033549,2025-07-30,1986.12,1942.1678391362466
TR-033550,2025-07-30,1398.59,3881.730447982911
TR-033551,2025-07-30,2425.96,2370.235065927616
TR-033552,2025-07-30,1193.55,1206.6945810919729
TR-033553,2025-07-30,1154.62,1163.7340980911085
TR-033554,2025-07-31,1179.09,1210.0359636230191
TR-033555,2025-07-31,694.94,702.9349113964684
TR-033556,2025-07-31,966.97,997.3503649624363
TR-033557,2025-07-31,2028.71,2084.338890803332
TR-033558,2025-07-31,2520.82,2412.1824990812875
TR-033559,2025-07-31,1053.9,1070.9304356754478
TR-033560,2025-07-31,2665.31,2729.6111577347406
TR-033561,2025-07-31,5306.3,5321.1626945855605
TR-033562,2025-07-31,2984.0,2849.871686491854
TR-033563,2025-07-31,3609.2,3125.771902261705
TR-033564,2025-07-31,3905.53,3886.223195234614
TR-033565,2025-07-31,2525.63,2525.5454937482136
TR-033566,2025-07-31,773.86,793.4406069251756
TR-033567,2025-07-31,4283.98,4342.857111267066
TR-033568,2025-07-31,1674.07,1639.2927722659838
TR-033569,2025-07-31,977.64,1011.8140782719693
TR-033570,2025-07-31,1437.12,1505.1750226777417
TR-033571,2025-07-31,5167.59,4901.815794870799
TR-033572,2025-07-31,2329.27,2381.3696117154595
TR-033573,2025-07-31,1536.67,1477.2585180951996
TR-033574,2025-07-31,1710.34,1688.1132912515113
TR-033575,2025-07-31,2564.39,2313.1370403703218
TR-033576,2025-07-31,2283.06,2208.965908880102
TR-033577,2025-07-31,1516.79,1520.4672333136082
TR-033578,2025-07-31,1315.65,1337.1768035768694
TR-033579,2025-07-31,2284.82,2395.0235882095194
TR-033580,2025-07-31,3818.44,3834.124811550569
TR-033581,2025-07-31,3287.63,3423.4703082065953
TR-033582,2025-07-31,1031.99,1057.9435445506083
TR-033583,2025-07-31,2256.64,2423.192657076285
TR-033584,2025-07-31,2382.85,2274.0046983652255
TR-033585,2025-07-31,2996.59,3082.571032524459
TR-033586,2025-07-31,171.28,954.5660614667979
TR-033587,2025-07-31,3236.3,3186.050742173252
TR-033588,2025-07-31,5242.67,5246.332415504772
TR-033589,2025-07-31,821.5,861.531674224474
TR-033590,2025-07-31,1522.92,1478.9025782636731
TR-033591,2025-07-31,2939.42,3026.038013995632
TR-033592,2025-07-31,4293.63,4233.853541443043
TR-033593,2025-07-31,2945.96,2853.568820008736
TR-033594,2025-07-31,2472.99,2746.9093572282186
TR-033595,2025-07-31,738.34,763.3444945589195
TR-033596,2025-07-31,3256.86,3389.458556769672
TR-033597,2025-07-31,1944.65,1909.6443779947376
TR-033598,2025-07-31,4297.86,4423.1689653898275
TR-033599,2025-07-31,2198.37,2399.9657969851983
TR-033600,2025-07-31,2978.27,3006.8127025720614
TR-033601,2025-07-31,4935.31,4829.261426951107
TR-033602,2025-07-31,652.13,673.880963647046
TR-033603,2025-07-31,3506.35,3604.601482785609
TR-033604,2025-07-31,1113.56,1112.9956010643632
TR-033605,2025-07-31,4448.72,4379.025346631139
TR-033606,2025-07-31,1633.43,1681.1913668628479
TR-033607,2025-07-31,1482.92,1565.5414844418733
TR-033608,2025-07-31,1600.76,1619.4538156035437
TR-033609,2025-07-31,1754.5,1750.340403673789
TR-033610,2025-07-31,850.85,966.5657035599872
TR-033611,2025-07-31,574.44,617.656707763598
TR-033612,2025-07-31,805.97,863.1814614908078
TR-033613,2025-07-31,3726.52,3694.523061688771
TR-033614,2025-07-31,1813.51,1867.8432597254978
TR-033615,2025-07-31,1956.95,1938.1134220771473
TR-033616,2025-07-31,3509.04,3446.6180514793523
TR-033617,2025-07-31,3414.58,3632.0228718916424
TR-033618,2025-07-31,1171.32,1183.354155076873
TR-033619,2025-07-31,1169.44,1213.819917979094
TR-033620,2025-07-31,1078.13,1098.7061275223016
TR-033621,2025-07-31,2035.68,2064.7784067000807
TR-033622,2025-07-31,816.59,812.590656963499
TR-033623,2025-07-31,2883.69,3166.3188831484567
TR-033624,2025-07-31,1690.05,1799.2485758091084
TR-033625,2025-07-31,1374.42,1364.5044032243404
TR-033626,2025-07-31,4992.63,5028.259639090458
TR-033627,2025-07-31,1519.07,1507.5912437837296
TR-033628,2025-07-31,4372.7,4250.593696415266
TR-033629,2025-07-31,6555.87,6112.362060768854
TR-033630,2025-07-31,4293.8,4379.224814253488
TR-033631,2025-07-31,3888.72,3909.2843424140437
TR-033632,2025-07-31,4984.37,5059.78929720694
TR-033633,2025-07-31,1305.57,1297.61116049384
TR-033634,2025-07-31,4343.49,4528.443320456371
TR-033635,2025-07-31,3201.29,3332.6760486862945
TR-033636,2025-07-31,1041.63,1043.2627787778652
TR-033637,2025-07-31,487.3,501.8020196011221
TR-033638,2025-07-31,3469.85,3580.035742795264
TR-033639,2025-07-31,3461.66,3652.163848750505
TR-033640,2025-07-31,1669.65,1604.536851158958
TR-033641,2025-07-31,3991.54,3944.3486005818395
TR-033642,2025-07-31,4627.87,4621.595028569809
TR-033643,2025-07-31,1234.28,1284.5274173451805
TR-033644,2025-07-31,3037.85,3082.147696217574
TR-033645,2025-07-31,2908.0,2803.576971412816
TR-033646,2025-07-31,3475.05,3706.914327937491
TR-033647,2025-07-31,3325.09,1187.8334371246383
TR-033648,2025-07-31,1802.48,1757.2138723865037
TR-033649,2025-07-31,2392.89,2452.3633606948697
TR-033650,2025-07-31,2638.99,2535.2235264760957
TR-033651,2025-07-31,1554.34,1592.8773912174095
TR-033652,2025-07-31,6861.97,6052.183483513068
TR-033653,2025-07-31,2903.33,3049.979796137068
TR-033654,2025-07-31,1820.81,1845.2768147502063
TR-033655,2025-07-31,2099.51,2033.1576649240183
TR-033656,2025-07-31,399.91,410.46447852229085
TR-033657,2025-07-31,242.62,351.8232103208493
TR-033658,2025-07-31,4389.63,4628.914704156337
TR-033659,2025-07-31,2147.77,2095.9467003774635
TR-033660,2025-07-31,837.32,858.7417770628235
TR-033661,2025-07-31,1380.87,1309.9008555199023
TR-033662,2025-07-31,764.39,715.1195051306615
TR-033663,2025-07-31,3676.16,3699.526094986957
TR-033664,2025-07-31,4366.08,4279.754265865215
TR-033665,2025-07-31,1893.21,1921.3838134143396
TR-033666,2025-07-31,1577.92,1604.9369447138101
TR-033667,2025-07-31,3057.03,3210.238417695199
TR-033668,2025-07-31,1672.79,1719.4002776431976
TR-033669,2025-07-31,3559.74,3856.0376193592474
TR-033670,2025-07-31,4510.39,4467.753679361485
TR-033671,2025-07-31,2729.95,2914.6574898370172
TR-033672,2025-07-31,1783.51,1840.4746307573923
TR-033673,2025-07-31,3407.64,3436.6305494662247
TR-033674,2025-07-31,1016.79,1027.496516705085
TR-033675,2025-07-31,1827.31,2037.5209845664879
TR-033676,2025-07-31,981.15,949.3817246032875
TR-033677,2025-07-31,2524.36,2768.757573765868
TR-033678,2025-07-31,1914.4,1940.9118579368624
TR-033679,2025-07-31,1109.3,1067.6887730048124
TR-033680,2025-07-31,4295.53,4299.064264205746
TR-033681,2025-07-31,4692.93,4551.07397564991
TR-033682,2025-07-31,2704.31,2585.541497453567
TR-033683,2025-07-31,960.9,951.6344841406985
TR-033684,2025-07-31,813.1,814.5725323972306
TR-033685,2025-07-31,2067.97,2036.1673279009613
TR-033686,2025-07-31,1782.53,1819.5773291038574
TR-033687,2025-07-31,3067.99,3183.993673491023
TR-033688,2025-07-31,3593.31,3657.011218587803
TR-033689,2025-07-31,1501.04,1431.5531653814064
TR-033690,2025-07-31,2114.02,2159.7598855906754
TR-033691,2025-07-31,2733.75,2559.6247604763935
TR-033692,2025-07-31,1579.13,1659.2536216148674
TR-033693,2025-07-31,1775.76,1828.136863499205
TR-033694,2025-07-31,1960.66,1961.9288320587093
TR-033695,2025-07-31,3005.74,3038.6688798123096
TR-033696,2025-07-31,1824.89,1791.3673162229215
TR-033697,2025-07-31,875.7,859.9026714942759
TR-033698,2025-07-31,5256.89,5281.193561282896
TR-033699,2025-07-31,1633.09,1633.0107222295396
TR-033700,2025-07-31,2673.7,2791.9048005623044
TR-033701,2025-07-31,4477.45,4362.9079759359065
TR-033702,2025-07-31,1839.76,1854.4249500424055
TR-033703,2025-07-31,3429.46,3534.38798943904
TR-033704,2025-07-31,1681.79,1624.1207901868052
TR-033705,2025-07-31,1663.85,1660.6977070697164
TR-033706,2025-07-31,1565.57,1481.3878317260487
TR-033707,2025-07-31,2153.28,2079.8333178128305
TR-033708,2025-07-31,1184.85,1188.6404783069984
TR-033709,2025-07-31,252.68,371.5449106055903
TR-033710,2025-07-31,1758.02,1819.430474033271
TR-033711,2025-07-31,2554.48,2565.3319653797453
TR-033712,2025-07-31,2655.55,2807.680969421544
TR-033713,2025-07-31,1131.42,1099.8856301106746
TR-033714,2025-07-31,3190.44,3332.3355974927044
TR-033715,2025-07-31,2092.53,2083.0629896981345
TR-033716,2025-07-31,2316.16,2216.7227274348725
TR-033717,2025-07-31,1860.68,1883.1138389129826
TR-033718,2025-07-31,1247.41,1266.4233220679316
TR-033719,2025-08-01,867.62,883.0993675290204
TR-033720,2025-08-01,1789.0,1768.3219113143853
TR-033721,2025-08-01,2403.16,2329.870425347006
TR-033722,2025-08-01,4722.42,4872.668777733398
TR-033723,2025-08-01,276.48,395.8875558973659
TR-033724,2025-08-01,1243.65,1214.029851469923
TR-033725,2025-08-01,1664.84,1736.4747955877756
TR-033726,2025-08-01,1286.77,1288.9682861922324
TR-033727,2025-08-01,3475.19,3672.8304895829297
TR-033728,2025-08-01,4007.13,4024.4782009941746
TR-033729,2025-08-01,2507.97,2398.901571610386
TR-033730,2025-08-01,917.05,958.6175485514668
TR-033731,2025-08-01,3562.11,3646.821652097814
TR-033732,2025-08-01,2197.15,2134.7802257187614
TR-033733,2025-08-01,747.57,834.144879458885
TR-033734,2025-08-01,2511.03,2448.25988833532
TR-033735,2025-08-01,1092.22,1098.1562320704115
TR-033736,2025-08-01,1331.9,1290.9090414183806
TR-033737,2025-08-01,3634.84,3698.8481496180266
TR-033738,2025-08-01,606.35,627.7486346455976
TR-033739,2025-08-01,3822.64,3998.5346240296667
TR-033740,2025-08-01,830.35,894.1231080593977
TR-033741,2025-08-01,2525.75,2898.7096726592695
TR-033742,2025-08-01,3472.54,3458.517066139346
TR-033743,2025-08-01,2215.04,2126.962257582495
TR-033744,2025-08-01,4279.06,4174.0077482150255
TR-033745,2025-08-01,1096.66,1115.6778437555322
TR-033746,2025-08-01,2040.66,2033.8757018182644
TR-033747,2025-08-01,664.74,644.8380491689293
TR-033748,2025-08-01,662.76,761.897608746792
TR-033749,2025-08-01,2008.68,2003.1179980653974
TR-033750,2025-08-01,2234.64,2031.4366741067915
TR-033751,2025-08-01,2537.62,2656.037670247308
TR-033752,2025-08-01,4258.1,4097.721069821393
TR-033753,2025-08-01,2474.08,2429.1694553960233
TR-033754,2025-08-01,1809.03,1760.175784128552
TR-033755,2025-08-01,3799.11,3809.4688266074177
TR-033756,2025-08-01,856.65,893.5547830883856
TR-033757,2025-08-01,2136.44,1959.2202072100297
TR-033758,2025-08-01,3853.87,4030.720541846739
TR-033759,2025-08-01,1090.79,1061.801347426444
TR-033760,2025-08-01,5143.64,5214.513648881753
TR-033761,2025-08-01,3967.88,4044.8094277713576
TR-033762,2025-08-01,2142.51,1988.9835170907486
TR-033763,2025-08-01,3074.49,2948.647889756979
TR-033764,2025-08-01,2482.57,2394.8893022106004
TR-033765,2025-08-01,631.13,612.0270187121562
TR-033766,2025-08-01,4026.23,3924.870894298756
TR-033767,2025-08-01,941.46,988.9381563298821
TR-033768,2025-08-01,1457.24,1635.3449067047638
TR-033769,2025-08-01,2057.39,2310.414903878833
TR-033770,2025-08-01,236.48,752.5573439843074
TR-033771,2025-08-01,784.35,795.1180639827701
TR-033772,2025-08-01,1659.97,1699.5740799635485
TR-033773,2025-08-01,1971.17,1995.597503812965
TR-033774,2025-08-01,1442.58,1463.5949120337912
TR-033775,2025-08-01,2610.45,2813.3759940468663
TR-033776,2025-08-01,4334.24,4617.166670103819
TR-033777,2025-08-01,4004.31,4031.287439535987
TR-033778,2025-08-01,3317.04,3365.587031144193
TR-033779,2025-08-01,2746.34,2556.686250092843
TR-033780,2025-08-01,1575.68,1500.0643583998603
TR-033781,2025-08-01,3699.41,3621.1322047892454
TR-033782,2025-08-01,1220.53,1183.843803354417
TR-033783,2025-08-01,2808.81,3046.5883352648843
TR-033784,2025-08-01,780.13,773.768790592952
TR-033785,2025-08-01,1304.64,1343.617684303425
TR-033786,2025-08-01,1959.95,1879.355033275
TR-033787,2025-08-01,539.38,655.326861485984
TR-033788,2025-08-01,4168.16,4293.659967977258
TR-033789,2025-08-01,1257.53,1263.3184144729737
TR-033790,2025-08-01,400.5,501.5663542766938
TR-033791,2025-08-01,2085.87,2240.843384968861
TR-033792,2025-08-01,3052.13,2797.2485634477007
TR-033793,2025-08-01,925.69,933.9412692706005
TR-033794,2025-08-01,3801.15,3967.398733505933
TR-033795,2025-08-01,2124.89,2027.3916431330524
TR-033796,2025-08-01,3882.94,3904.41260142179
TR-033797,2025-08-01,1166.72,1166.6326601644014
TR-033798,2025-08-01,3282.16,3067.16768783105
TR-033799,2025-08-01,2234.9,2171.1694009656594
TR-033800,2025-08-01,1326.02,1245.9854610106627
TR-033801,2025-08-01,920.2,978.3052461856921
TR-033802,2025-08-01,3944.93,4022.2251198217623
TR-033803,2025-08-01,4835.29,4842.898072127893
TR-033804,2025-08-01,2202.97,2341.348001562923
TR-033805,2025-08-01,2969.53,3212.423970698179
TR-033806,2025-08-01,4057.04,4083.915382675036
TR-033807,2025-08-01,4766.29,4735.853535418803
TR-033808,2025-08-01,1229.96,1263.586790274081
TR-033809,2025-08-01,2260.24,2106.3257259251386
TR-033810,2025-08-01,3841.99,4072.6949286746617
TR-033811,2025-08-01,1660.14,1706.6416502862803
TR-033812,2025-08-01,3193.75,3108.3149124370166
TR-033813,2025-08-01,1044.84,1059.9545119343443
TR-033814,2025-08-01,1907.25,1909.4563627239388
TR-033815,2025-08-01,3001.06,3205.281852880675
TR-033816,2025-08-01,2686.58,2720.3136353276595
TR-033817,2025-08-01,2140.85,2076.5548788423494
TR-033818,2025-08-01,3702.88,3771.760803072436
TR-033819,2025-08-01,1658.17,1653.6577355467293
TR-033820,2025-08-01,1855.63,1841.3072416525952
TR-033821,2025-08-01,648.19,645.1158706379877
TR-033822,2025-08-01,625.72,729.1837570307314
TR-033823,2025-08-01,772.01,847.973648818129
TR-033824,2025-08-01,3827.0,3760.12042362242
TR-033825,2025-08-01,4059.57,4194.661375852345
TR-033826,2025-08-01,2568.67,2369.6410315668354
TR-033827,2025-08-01,2463.37,2240.170057472958
TR-033828,2025-08-01,1930.71,1869.9225538619783
TR-033829,2025-08-01,2334.52,2469.2368043754223
TR-033830,2025-08-01,2795.59,2576.245526772018
TR-033831,2025-08-01,3130.89,3214.277131255035
TR-033832,2025-08-01,3156.54,3266.75092002889
TR-033833,2025-08-01,1141.69,1154.154928360696
TR-033834,2025-08-01,3477.96,3458.7521521283943
TR-033835,2025-08-01,1699.01,1650.3856160250543
TR-033836,2025-08-01,4584.03,4501.501509007035
TR-033837,2025-08-01,3884.75,3993.3757859301013
TR-033838,2025-08-01,804.18,870.9350311821338
TR-033839,2025-08-01,1414.94,1413.2288283550256
TR-033840,2025-08-01,1383.98,1325.8445434718315
TR-033841,2025-08-01,1809.13,1782.5028625572577
TR-033842,2025-08-01,3598.93,3645.9561603412885
TR-033843,2025-08-01,2956.21,2947.6031316640274
TR-033844,2025-08-01,1653.71,1670.8193837084018
TR-033845,2025-08-01,1171.55,1240.6356503714112
TR-033846,2025-08-01,2896.69,2826.8426789715286
TR-033847,2025-08-01,2682.67,2763.0698277332667
TR-033848,2025-08-01,2852.82,3088.1514619411955
TR-033849,2025-08-01,1298.64,1271.8722576336804
TR-033850,2025-08-01,1646.28,1702.802566432896
TR-033851,2025-08-01,4136.86,4008.034992383533
TR-033852,2025-08-01,3533.04,3746.0262095236876
TR-033853,2025-08-01,3390.11,3589.2222952551624
TR-033854,2025-08-01,2165.69,2118.0385964295583
TR-033855,2025-08-01,2207.7,2309.4570052760023
TR-033856,2025-08-01,3894.65,3895.969222491475
TR-033857,2025-08-01,2203.67,2252.102917959178
TR-033858,2025-08-01,1605.77,1671.689560607458
TR-033859,2025-08-01,5226.07,5799.030496818039
TR-033860,2025-08-01,5850.29,5578.686579333099
TR-033861,2025-08-01,1693.17,1744.1723943397615
TR-033862,2025-08-01,3470.83,3809.928848704796
TR-033863,2025-08-01,5152.02,5188.912449262012
TR-033864,2025-08-01,1343.43,1282.0936391004852
TR-033865,2025-08-01,1038.63,1079.1356581904968
TR-033866,2025-08-01,483.85,549.8317378099634
TR-033867,2025-08-02,2394.85,2620.4166092493397
TR-033868,2025-08-02,5608.62,5504.239842708712
TR-033869,2025-08-02,907.17,925.1753657245197
TR-033870,2025-08-02,1593.7,1601.374525285039
TR-033871,2025-08-02,3088.95,2956.948179713454
TR-033872,2025-08-02,1383.73,1346.178113541795
TR-033873,2025-08-02,548.34,668.258581841173
TR-033874,2025-08-02,4344.56,4209.196565059799
TR-033875,2025-08-02,926.33,927.8086122633106
TR-033876,2025-08-02,1778.67,1742.7987299385954
TR-033877,2025-08-02,4067.91,4036.765792776514
TR-033878,2025-08-02,1594.47,1561.589772333136
TR-033879,2025-08-02,1079.38,1094.8094013742498
TR-033880,2025-08-02,1902.25,1904.7056486711135
TR-033881,2025-08-02,804.32,856.3229241391357
TR-033882,2025-08-02,524.83,594.4850759022295
TR-033883,2025-08-02,2845.08,2917.892800969195
TR-033884,2025-08-02,1931.83,2083.4743906317417
TR-033885,2025-08-02,3592.99,3830.9660079114283
TR-033886,2025-08-02,3812.14,3957.864869206588
TR-033887,2025-08-02,3812.37,3845.3906221254765
TR-033888,2025-08-02,6163.95,5806.217915256515
TR-033889,2025-08-02,1908.53,1911.9866467931872
TR-033890,2025-08-02,1861.41,1803.892424304506
TR-033891,2025-08-02,1822.01,1893.8878519542252
TR-033892,2025-08-02,2553.25,2452.435402083202
TR-033893,2025-08-02,4532.85,4343.228092935053
TR-033894,2025-08-02,3939.72,4229.937889041205
TR-033895,2025-08-02,4714.07,4741.465500853089
TR-033896,2025-08-02,1056.64,1061.3598840361865
TR-033897,2025-08-02,1752.59,1884.2885394961716
TR-033898,2025-08-02,1427.18,1401.0596624644174
TR-033899,2025-08-02,1994.72,2028.7891863956486
TR-033900,2025-08-02,3962.62,4003.041739174685
TR-033901,2025-08-02,1702.25,1661.6484249136952
TR-033902,2025-08-02,3031.99,3117.121365690798
TR-033903,2025-08-02,1486.79,1553.1671916605417
TR-033904,2025-08-02,1851.59,1868.8852182548073
TR-033905,2025-08-02,4161.02,4119.68772677762
TR-033906,2025-08-02,4813.98,4994.989957044048
TR-033907,2025-08-02,803.92,789.1199103808433
TR-033908,2025-08-02,1437.39,1404.1680671067231
TR-033909,2025-08-02,2690.82,2716.364558580117
TR-033910,2025-08-02,2281.95,2216.1592037332234
TR-033911,2025-08-02,2448.56,2218.435729530251
TR-033912,2025-08-02,650.81,735.4485501019251
TR-033913,2025-08-02,3234.68,3431.751003579698
TR-033914,2025-08-02,4871.74,5069.812452054042
TR-033915,2025-08-02,2222.35,2334.7757015573447
TR-033916,2025-08-02,1100.92,1175.0652108711333
TR-033917,2025-08-02,1394.76,1347.0789585307475
TR-033918,2025-08-02,3205.6,3218.0292638465166
TR-033919,2025-08-02,648.49,726.038832237449
TR-033920,2025-08-02,3807.18,3830.8815963011602
TR-033921,2025-08-02,978.47,1014.6917145353929
TR-033922,2025-08-02,3293.11,3149.7043323141847
TR-033923,2025-08-02,1734.74,1748.3590132168158
TR-033924,2025-08-02,1947.61,1978.4493872622538
TR-033925,2025-08-02,1559.92,1478.6637270975775
TR-033926,2025-08-02,1784.01,1827.6672030687214
TR-033927,2025-08-02,1771.45,1822.3580344960537
TR-033928,2025-08-02,1171.35,1201.7012927062528
TR-033929,2025-08-02,252.2,445.3303231180389
TR-033930,2025-08-02,2145.78,2130.2506488869194
TR-033931,2025-08-02,2912.64,2922.4922359058496
TR-033932,2025-08-02,2299.11,2265.809366796105
TR-033933,2025-08-02,3307.2,3370.7495050930347
TR-033934,2025-08-02,2475.56,2379.264181018825
TR-033935,2025-08-02,3940.26,3845.803509869198
TR-033936,2025-08-02,5735.1,5705.722631123899
TR-033937,2025-08-02,2324.69,2527.347858231339
TR-033938,2025-08-02,2134.15,2075.9423006356737
TR-033939,2025-08-02,3170.25,3334.1288089127356
TR-033940,2025-08-02,1416.92,1460.0632436702426
TR-033941,2025-08-02,1896.46,1818.013380236625
TR-033942,2025-08-02,1198.58,1192.9422363651797
TR-033943,2025-08-02,2033.22,1921.4007223579129
TR-033944,2025-08-02,3740.02,3646.0827351134403
TR-033945,2025-08-02,574.3,622.690833701548
TR-033946,2025-08-02,2341.23,2326.8028036647406
TR-033947,2025-08-02,4210.03,4130.565412095068
TR-033948,2025-08-02,2654.01,2678.3518482081918
TR-033949,2025-08-02,5754.26,5683.264950179791
TR-033950,2025-08-02,2267.14,2168.4066100721075
TR-033951,2025-08-02,5227.69,5421.292661419824
TR-033952,2025-08-02,1642.52,1767.6013522693215
TR-033953,2025-08-02,1933.41,1867.3251003082448
TR-033954,2025-08-02,846.8,866.5297645489184
TR-033955,2025-08-02,3164.8,3414.148369019589
TR-033956,2025-08-02,3686.34,3445.5576943782494
TR-033957,2025-08-02,1834.02,1831.1541815183868
TR-033958,2025-08-02,5106.99,5269.038764372496
TR-033959,2025-08-02,1777.75,1771.6246537948107
TR-033960,2025-08-02,1973.02,2001.27898387643
TR-033961,2025-08-02,2778.66,2994.3583324045317
TR-033962,2025-08-02,1551.83,1600.1522025008753
TR-033963,2025-08-02,1011.11,1015.4422252824417
TR-033964,2025-08-02,5071.92,5073.597108081047
TR-033965,2025-08-02,1496.05,1552.1172654012462
TR-033966,2025-08-02,4353.92,4310.985226119788
TR-033967,2025-08-02,837.63,927.7675026492586
TR-033968,2025-08-02,2597.51,2604.839304325893
TR-033969,2025-08-02,2084.14,2252.115949373932
TR-033970,2025-08-02,1924.28,1822.440528431225
TR-033971,2025-08-02,2285.31,2567.2577411638704
TR-033972,2025-08-02,3325.75,3459.4886716861574
TR-033973,2025-08-02,760.91,813.6152317747067
TR-033974,2025-08-02,2362.67,2288.7945961023584
TR-033975,2025-08-02,3556.89,3603.639806018774
TR-033976,2025-08-02,5709.31,5344.374987089597
TR-033977,2025-08-02,829.36,872.7546083216096
TR-033978,2025-08-02,785.23,884.7125477476602
TR-033979,2025-08-02,1493.87,1529.5923546256347
TR-033980,2025-08-02,2309.75,2301.1819825683087
TR-033981,2025-08-02,2501.06,2452.654939694071
TR-033982,2025-08-02,2255.88,2252.5960260556035
TR-033983,2025-08-02,1951.31,1944.6597269909146
TR-033984,2025-08-02,4086.4,4305.547216240751
TR-033985,2025-08-02,1074.82,1073.2523942461826
TR-033986,2025-08-02,3146.66,2616.0613159475915
TR-033987,2025-08-02,2079.64,2239.945905314403
TR-033988,2025-08-02,2018.62,2023.9018276686559
TR-033989,2025-08-02,1562.72,1649.7208410450633
TR-033990,2025-08-02,2505.44,2445.780820497703
TR-033991,2025-08-02,1328.04,1329.8304235234023
TR-033992,2025-08-02,2125.37,2240.964398429295
TR-033993,2025-08-02,1665.9,1702.688489108194
TR-033994,2025-08-02,1119.16,1135.672898066203
TR-033995,2025-08-02,2680.3,2658.760911606828
TR-033996,2025-08-02,837.83,889.4447448216811
TR-033997,2025-08-02,2346.96,2177.580901517103
TR-033998,2025-08-02,1634.34,1718.8665399423276
TR-033999,2025-08-02,1126.45,1137.5311314133305
TR-034000,2025-08-02,1183.3,1157.3486903151424
TR-034001,2025-08-02,2320.25,2286.7445018354542
TR-034002,2025-08-02,317.01,381.3227091171757
TR-034003,2025-08-02,512.3,599.2678351756674
TR-034004,2025-08-02,919.74,945.747256342459
TR-034005,2025-08-02,1444.21,1447.7120504193297
TR-034006,2025-08-02,948.25,973.0849020882354
TR-034007,2025-08-02,1827.37,1799.404469393392
TR-034008,2025-08-02,817.95,867.4659708151373
TR-034009,2025-08-02,2057.63,1996.4043961878629
TR-034010,2025-08-02,3609.07,3095.0944958436226
TR-034011,2025-08-02,1239.71,1243.3679182789945
TR-034012,2025-08-02,1603.87,1687.557524063941
TR-034013,2025-08-02,2125.75,2204.1721263060244
TR-034014,2025-08-02,1962.76,1998.281062433994
TR-034015,2025-08-02,1034.19,1108.2240193138125
TR-034016,2025-08-02,5067.84,5023.117023842999
TR-034017,2025-08-02,1796.09,1842.5115523027282
TR-034018,2025-08-02,1937.5,1911.9153553361741
TR-034019,2025-08-02,1244.72,1269.0730652372608
TR-034020,2025-08-02,1025.87,1061.2489836959026
TR-034021,2025-08-02,5269.1,5230.425273917345
TR-034022,2025-08-02,3420.72,3565.399942075908
TR-034023,2025-08-02,1134.01,1149.1968424052711
TR-034024,2025-08-02,1406.7,1414.8971165593612
TR-034025,2025-08-02,1152.47,1134.0516302317767
TR-034026,2025-08-02,4159.38,4119.713143756246
TR-034027,2025-08-02,1076.58,1095.5204148626244
TR-034028,2025-08-03,2687.56,2904.7322320208195
TR-034029,2025-08-03,1707.58,1710.0451615985078
TR-034030,2025-08-03,770.25,801.2146017682267
TR-034031,2025-08-03,863.58,886.913804082116
TR-034032,2025-08-03,1139.44,1145.513362744599
TR-034033,2025-08-03,5041.03,4983.8378184927
TR-034034,2025-08-03,4407.53,4022.3524013357073
TR-034035,2025-08-03,4795.74,4982.284401567181
TR-034036,2025-08-03,3487.12,3585.333962828801
TR-034037,2025-08-03,1346.16,1326.5441483855816
TR-034038,2025-08-03,800.76,862.774702054231
TR-034039,2025-08-03,3689.84,3514.061810763884
TR-034040,2025-08-03,3897.88,3936.1667705933733
TR-034041,2025-08-03,756.26,790.1351905837246
TR-034042,2025-08-03,3359.43,3682.0257631001077
TR-034043,2025-08-03,865.81,927.2872250191758
TR-034044,2025-08-03,1324.91,1309.8102957559317
TR-034045,2025-08-03,625.75,711.3073312032093
TR-034046,2025-08-03,2592.04,2479.3274142663013
TR-034047,2025-08-03,2306.19,2124.7711569482576
TR-034048,2025-08-03,948.57,966.308466581962
TR-034049,2025-08-03,3353.18,3388.1055624997853
TR-034050,2025-08-03,3952.31,3811.624773790283
TR-034051,2025-08-03,2007.18,2096.908234122957
TR-034052,2025-08-03,544.64,656.1805304284278
TR-034053,2025-08-03,722.17,698.7416334361965
TR-034054,2025-08-03,3674.51,3367.0190324305213
TR-034055,2025-08-03,2447.73,2453.845824314822
TR-034056,2025-08-03,656.28,763.079566541026
TR-034057,2025-08-03,3738.3,3877.4317388494655
TR-034058,2025-08-03,238.78,1195.867755634164
TR-034059,2025-08-03,981.12,1026.5011148668584
TR-034060,2025-08-03,1408.98,1393.2452195556791
TR-034061,2025-08-03,1379.06,1416.9677113364412
TR-034062,2025-08-03,1159.04,1196.3362748464288
TR-034063,2025-08-03,3950.06,3942.0610843012983
TR-034064,2025-08-03,1490.56,1498.4167631550858
TR-034065,2025-08-03,1157.76,1164.1708464220728
TR-034066,2025-08-03,1177.76,1203.2340973298083
TR-034067,2025-08-03,4004.92,4008.728178543861
TR-034068,2025-08-03,2402.34,2100.7278122655794
TR-034069,2025-08-03,3703.6,3790.0110754308616
TR-034070,2025-08-03,1816.14,1821.4449118684627
TR-034071,2025-08-03,3423.45,3542.4847975694056
TR-034072,2025-08-03,1443.93,1453.5476061093605
TR-034073,2025-08-03,1146.37,1150.4608337567572
TR-034074,2025-08-03,406.42,536.4033177702886
TR-034075,2025-08-03,5278.88,5395.8618110413445
TR-034076,2025-08-03,1957.47,1953.6080194495316
TR-034077,2025-08-03,2075.07,2341.969633109652
TR-034078,2025-08-03,970.99,993.8486951930374
TR-034079,2025-08-03,3959.2,4108.780769761039
TR-034080,2025-08-03,6080.38,5830.512497538197
TR-034081,2025-08-03,2107.48,2128.927309822575
TR-034082,2025-08-03,4196.12,4069.183135921735
TR-034083,2025-08-03,1264.42,1239.6708151569042
TR-034084,2025-08-03,1954.35,1847.3077515959499
TR-034085,2025-08-03,1158.06,1178.597979930983
TR-034086,2025-08-03,573.43,647.1565252695284
TR-034087,2025-08-03,3270.79,3480.4499816561483
TR-034088,2025-08-03,3229.4,3566.6931414431365
TR-034089,2025-08-03,1883.01,1822.0703276552936
TR-034090,2025-08-03,2766.02,2995.582828235413
TR-034091,2025-08-03,2134.55,2073.016397913626
TR-034092,2025-08-03,4959.93,5178.203384449107
TR-034093,2025-08-03,1335.54,1389.8114699340285
TR-034094,2025-08-03,2258.06,2191.600964969971
TR-034095,2025-08-03,1520.28,1583.514043305948
TR-034096,2025-08-03,736.9,781.0455183218692
TR-034097,2025-08-03,3201.46,3477.5389529536897
TR-034098,2025-08-03,3894.26,3825.9356972553787
TR-034099,2025-08-03,3088.09,3221.0367455626256
TR-034100,2025-08-03,1248.29,1282.2846939360052
TR-034101,2025-08-03,1407.25,1341.9870552879493
TR-034102,2025-08-03,728.46,724.3623523309302
TR-034103,2025-08-03,942.37,958.1190605071415
TR-034104,2025-08-03,801.01,821.1383089320741
TR-034105,2025-08-03,1082.19,1077.745636842572
TR-034106,2025-08-03,3891.19,4095.8665398639455
TR-034107,2025-08-03,4872.27,5008.21364982187
TR-034108,2025-08-03,1219.42,1232.260126329807
TR-034109,2025-08-03,2208.36,2329.0233868772525
TR-034110,2025-08-03,1741.58,1741.1788858078676
TR-034111,2025-08-03,2673.22,3031.4098202867094
TR-034112,2025-08-03,2455.34,2465.248310918324
TR-034113,2025-08-03,2314.64,2186.614297857263
TR-034114,2025-08-03,4551.32,4400.845998295113
TR-034115,2025-08-03,944.68,973.4004969772598
TR-034116,2025-08-03,1566.36,1519.1102353938625
TR-034117,2025-08-03,610.64,689.0810301783449
TR-034118,2025-08-03,261.93,447.62857686038524
TR-034119,2025-08-03,601.04,692.1630326186935
TR-034120,2025-08-03,1426.84,1446.3056084674836
TR-034121,2025-08-03,1445.35,1499.1274473838334
TR-034122,2025-08-03,3804.38,3822.273488477316
TR-034123,2025-08-03,2125.75,2055.3496854820173
TR-034124,2025-08-03,2911.04,3026.2094661332035
TR-034125,2025-08-03,398.68,514.6850411256025
TR-034126,2025-08-03,1585.61,1549.265950767116
TR-034127,2025-08-03,1623.34,1699.7643312399612
TR-034128,2025-08-03,1762.27,1813.5092364391112
TR-034129,2025-08-03,872.25,964.847298637764
TR-034130,2025-08-03,4625.7,4558.5938227187
TR-034131,2025-08-03,451.9,555.3538622762146
TR-034132,2025-08-03,4874.89,4773.193979844586
TR-034133,2025-08-03,3297.77,3553.9408356399645
TR-034134,2025-08-03,4092.06,4064.385858936923
TR-034135,2025-08-03,1550.87,1608.7894311180098
TR-034136,2025-08-03,1471.63,1448.420266555691
TR-034137,2025-08-03,232.27,527.0611873323951
TR-034138,2025-08-03,1193.71,1221.9825395748946
TR-034139,2025-08-03,1345.07,1340.5775605680599
TR-034140,2025-08-03,704.33,702.2871316261499
TR-034141,2025-08-03,3119.88,2832.6561551448076
TR-034142,2025-08-03,1566.66,1530.6576188050747
TR-034143,2025-08-03,2211.72,2177.6234489829067
TR-034144,2025-08-03,994.23,999.2957675578648
TR-034145,2025-08-03,2630.37,2593.4627508182202
TR-034146,2025-08-03,546.61,645.7187650952014
TR-034147,2025-08-03,657.56,649.4795909717775
TR-034148,2025-08-03,2018.95,2052.367288646535
TR-034149,2025-08-03,784.88,866.0033762424434
TR-034150,2025-08-03,4628.21,4809.257044033326
TR-034151,2025-08-03,4443.29,4319.6229227358945
TR-034152,2025-08-03,5413.99,5344.2846475930955
TR-034153,2025-08-03,4265.3,4364.512263367649
TR-034154,2025-08-03,2211.24,2241.001538288857
TR-034155,2025-08-03,1401.46,1376.9144801436114
TR-034156,2025-08-03,3678.88,3648.32201060231
TR-034157,2025-08-03,1593.4,1661.4058755831604
TR-034158,2025-08-03,5486.34,5553.806900018596
TR-034159,2025-08-03,1263.75,1298.6372598818566
TR-034160,2025-08-03,585.53,645.48272430563
TR-034161,2025-08-03,995.56,1026.0882344971246
TR-034162,2025-08-03,4191.23,4340.933640553051
TR-034163,2025-08-03,1989.32,2073.75945848943
TR-034164,2025-08-03,1491.46,1463.2921190977374
TR-034165,2025-08-03,4970.98,5082.147848193319
TR-034166,2025-08-03,2540.65,2511.440765852315
TR-034167,2025-08-03,1601.44,1621.0613488687277
TR-034168,2025-08-03,1942.11,1851.4903867203657
TR-034169,2025-08-03,5483.01,5432.305379531709
TR-034170,2025-08-03,2853.29,2898.2123330736376
TR-034171,2025-08-03,2426.63,2390.8502800089805
TR-034172,2025-08-03,2585.32,2533.084787848783
TR-034173,2025-08-03,1591.5,1585.9714145219762
TR-034174,2025-08-03,1895.4,1938.496019551992
TR-034175,2025-08-03,3806.4,3836.494285372771
TR-034176,2025-08-03,3303.15,3423.618085898354
TR-034177,2025-08-03,666.29,742.7060798266662
TR-034178,2025-08-03,1447.17,1423.358770307926
TR-034179,2025-08-03,708.77,744.3908932336217
TR-034180,2025-08-03,1114.64,1104.5338067573216
TR-034181,2025-08-03,2235.33,2373.891132534195
TR-034182,2025-08-03,2499.42,2725.274775028941
TR-034183,2025-08-03,940.7,993.2973700924797
TR-034184,2025-08-03,1599.3,1645.5290640358091
TR-034185,2025-08-03,3844.87,4224.866953129165
TR-034186,2025-08-03,1496.87,1421.7044395030048
TR-034187,2025-08-03,4209.92,4409.827050557427
TR-034188,2025-08-03,2630.14,2647.551016490958
TR-034189,2025-08-03,1534.71,1519.8460876138645
TR-034190,2025-08-03,5108.51,4930.6663219845395
TR-034191,2025-08-03,986.8,993.034644941808
TR-034192,2025-08-03,2780.68,2881.4925872069757
TR-034193,2025-08-03,3518.46,3282.3519844143393
TR-034194,2025-08-03,5849.97,5857.622118819455
TR-034195,2025-08-04,4433.82,4618.917088478572
TR-034196,2025-08-04,1141.42,1132.893645862632
TR-034197,2025-08-04,2698.93,2703.8302467133794
TR-034198,2025-08-04,1693.78,1650.5371393614164
TR-034199,2025-08-04,1631.85,1671.9590494033907
TR-034200,2025-08-04,2302.23,2092.974697850614
TR-034201,2025-08-04,1197.74,1200.1401734767828
TR-034202,2025-08-04,1652.95,1666.4672178515673
TR-034203,2025-08-04,4173.58,3849.9624537118716
TR-034204,2025-08-04,544.52,611.8378819287311
TR-034205,2025-08-04,1714.21,1665.8097387827247
TR-034206,2025-08-04,2014.28,1885.663106664201
TR-034207,2025-08-04,5205.12,5394.992558833228
TR-034208,2025-08-04,4555.64,4708.864452899146
TR-034209,2025-08-04,2874.24,3117.9791030724537
TR-034210,2025-08-04,1124.02,1149.7220025404843
TR-034211,2025-08-04,1058.85,1074.120060726701
TR-034212,2025-08-04,2021.46,2108.081589481199
TR-034213,2025-08-04,496.18,597.2698094060333
TR-034214,2025-08-04,818.39,899.3581145632697
TR-034215,2025-08-04,5739.34,5444.711911905588
TR-034216,2025-08-04,1287.17,1291.706948683554
TR-034217,2025-08-04,4069.8,4147.755949836464
TR-034218,2025-08-04,2453.31,2292.4074038915173
TR-034219,2025-08-04,1230.35,1270.9477491590142
TR-034220,2025-08-04,1174.26,1220.265344258577
TR-034221,2025-08-04,2425.13,2449.2328980659045
TR-034222,2025-08-04,555.03,651.6431302364961
TR-034223,2025-08-04,929.83,955.4230741045692
TR-034224,2025-08-04,1405.3,1377.4959456562417
TR-034225,2025-08-04,2042.92,2196.058209614645
TR-034226,2025-08-04,914.06,965.076848813067
TR-034227,2025-08-04,2065.84,1972.3816702876613
TR-034228,2025-08-04,1823.5,2022.220123036352
TR-034229,2025-08-04,3910.43,4053.6252370918105
TR-034230,2025-08-04,1842.54,1800.1184240159748
TR-034231,2025-08-04,1603.2,1673.7550284100694
TR-034232,2025-08-04,3369.66,3236.225695324265
TR-034233,2025-08-04,4594.78,4648.827371786818
TR-034234,2025-08-04,2885.13,2651.141668446175
TR-034235,2025-08-04,1769.96,1796.2366529253875
TR-034236,2025-08-04,2419.31,2496.59125572999
TR-034237,2025-08-04,1220.66,1223.5662759079125
TR-034238,2025-08-04,4257.67,4131.385250726969
TR-034239,2025-08-04,2020.7,1972.8118461272454
TR-034240,2025-08-04,1360.52,1325.1628820743513
TR-034241,2025-08-04,3775.48,3785.948300861381
TR-034242,2025-08-04,1499.26,1556.181830968369
TR-034243,2025-08-04,2056.61,2152.990799360779
TR-034244,2025-08-04,1755.85,1802.4857648696209
TR-034245,2025-08-04,4268.13,4470.320520326482
TR-034246,2025-08-04,3159.4,2852.9331857734946
TR-034247,2025-08-04,1446.35,1493.860043713897
TR-034248,2025-08-04,1062.41,1123.5713911474193
TR-034249,2025-08-04,1385.14,1332.261379926323
TR-034250,2025-08-04,1035.9,1034.6392231103955
TR-034251,2025-08-04,1628.37,1590.9405988629035
TR-034252,2025-08-04,1360.36,1374.2673518636673
TR-034253,2025-08-04,2183.5,2093.757568242306
TR-034254,2025-08-04,1201.83,1221.3059222138106
TR-034255,2025-08-04,1606.21,1599.0081489984364
TR-034256,2025-08-04,4299.9,4186.457399755027
TR-034257,2025-08-04,1327.57,1312.0798538738527
TR-034258,2025-08-04,1289.89,1296.1132353888477
TR-034259,2025-08-04,3352.59,3393.0358050216187
TR-034260,2025-08-04,641.88,700.6278270593036
TR-034261,2025-08-04,1522.0,1769.8130299961638
TR-034262,2025-08-04,2519.83,2165.6427832391237
TR-034263,2025-08-04,248.66,443.61192643556205
TR-034264,2025-08-04,1027.69,1009.3344995510317
TR-034265,2025-08-04,4711.58,4910.171360847099
TR-034266,2025-08-04,4878.94,4906.901369349478
TR-034267,2025-08-04,4529.6,4676.317341288384
TR-034268,2025-08-04,2164.46,2164.8498162127325
TR-034269,2025-08-04,640.47,719.5486114161781
TR-034270,2025-08-04,505.89,600.6079308159369
TR-034271,2025-08-04,3640.33,3680.527268254594
TR-034272,2025-08-04,5176.26,5246.324775359522
TR-034273,2025-08-04,1518.94,1515.4222171408937
TR-034274,2025-08-04,4728.14,4603.932398531161
TR-034275,2025-08-04,841.73,868.9698733327568
TR-034276,2025-08-04,635.9,688.1157384012115
TR-034277,2025-08-04,4559.79,4684.551745936458
TR-034278,2025-08-04,1004.28,1005.6869693712823
TR-034279,2025-08-04,1833.6,1700.7132313151683
TR-034280,2025-08-04,1038.09,1008.8973333503906
TR-034281,2025-08-04,740.9,805.4844325115291
TR-034282,2025-08-04,1789.47,1914.2080084021093
TR-034283,2025-08-04,2485.16,2730.3951072723758
TR-034284,2025-08-04,6054.63,5913.69407570986
TR-034285,2025-08-04,3966.47,4171.9313290492155
TR-034286,2025-08-04,1510.89,1566.2386416602442
TR-034287,2025-08-04,4169.66,4060.881091767524
TR-034288,2025-08-04,9535.05,2220.6731829325886
TR-034289,2025-08-04,3026.98,3180.301211781921
TR-034290,2025-08-04,1328.05,1281.5071227583194
TR-034291,2025-08-04,4440.66,4187.305136470231
TR-034292,2025-08-04,1812.55,1865.36104109583
TR-034293,2025-08-04,2055.41,2057.1996467226822
TR-034294,2025-08-04,1849.82,1889.861947920428
TR-034295,2025-08-04,1657.43,1659.7447048911895
TR-034296,2025-08-04,2146.11,2311.5262631939445
TR-034297,2025-08-04,2410.89,2653.9500000505886
TR-034298,2025-08-04,3727.79,3820.420378836235
TR-034299,2025-08-04,2297.53,2193.6167915564
TR-034300,2025-08-04,1583.33,1563.2406310799581
TR-034301,2025-08-04,1634.34,1695.8165873872508
TR-034302,2025-08-04,4028.12,4208.628454697986
TR-034303,2025-08-04,2668.88,2902.8272468730675
TR-034304,2025-08-04,3789.94,3978.5022784967205
TR-034305,2025-08-04,1838.66,1773.277593897337
TR-034306,2025-08-04,3284.95,3289.0102948809354
TR-034307,2025-08-04,2766.64,2879.235979569942
TR-034308,2025-08-04,1823.03,1887.6362322551854
TR-034309,2025-08-04,1044.58,1069.8472463981684
TR-034310,2025-08-04,4393.14,4572.593409333675
TR-034311,2025-08-04,1450.62,1490.047533508073
TR-034312,2025-08-04,2253.42,2168.589154517595
TR-034313,2025-08-04,3448.82,3270.637344061197
TR-034314,2025-08-04,3442.31,3609.1907972564363
TR-034315,2025-08-04,1820.23,1835.420040031522
TR-034316,2025-08-04,973.57,1005.9311622414477
TR-034317,2025-08-04,5239.8,5201.526359829165
TR-034318,2025-08-04,4093.97,4226.334076802415
TR-034319,2025-08-04,1613.39,1858.4851219986726
TR-034320,2025-08-04,4606.36,4691.095192706246
TR-034321,2025-08-04,745.45,773.641951716201
TR-034322,2025-08-04,2229.87,2061.366710371225
TR-034323,2025-08-04,510.54,573.3033260709799
TR-034324,2025-08-04,812.25,879.0099702746434
TR-034325,2025-08-04,4493.48,4733.109295234921
TR-034326,2025-08-04,2353.03,2386.172826297593
TR-034327,2025-08-04,1513.03,1544.4994055278733
TR-034328,2025-08-04,1388.9,1455.3951449910896
TR-034329,2025-08-04,1854.39,1845.0129449030846
TR-034330,2025-08-04,2229.01,2021.0669095551914
TR-034331,2025-08-04,4627.9,4774.041893233913
TR-034332,2025-08-04,979.33,1002.8849790309753
TR-034333,2025-08-04,920.74,959.4112533963191
TR-034334,2025-08-04,2873.26,2915.9969370598283
TR-034335,2025-08-04,2465.47,2499.1183484632147
TR-034336,2025-08-04,1666.71,1598.3006905911714
TR-034337,2025-08-04,2475.46,2266.3237519448157
TR-034338,2025-08-04,2665.16,3012.580040499119
TR-034339,2025-08-04,1533.45,1526.802048807695
TR-034340,2025-08-04,2263.51,2254.451609897652
TR-034341,2025-08-04,1592.43,1616.9406656949075
TR-034342,2025-08-04,2636.22,2541.2433297988027
TR-034343,2025-08-04,5367.45,5413.242900671594
TR-034344,2025-08-04,82.38,456.9553498662558
TR-034345,2025-08-04,1907.08,1918.608880767922
TR-034346,2025-08-04,854.18,912.6801495340446
TR-034347,2025-08-04,1621.68,1709.0306415768573
TR-034348,2025-08-04,1420.42,1376.054870145287
TR-034349,2025-08-04,741.02,807.2929748740896
TR-034350,2025-08-04,2748.76,2567.4938466542835
TR-034351,2025-08-04,1467.12,1527.6836823403014
TR-034352,2025-08-04,608.22,703.2633155868207
TR-034353,2025-08-04,2315.85,2552.341718618384
TR-034354,2025-08-04,1961.23,2185.7463646087117
TR-034355,2025-08-04,1926.33,1939.210383884675
TR-034356,2025-08-04,1232.75,1175.1624539574432
TR-034357,2025-08-04,1616.46,1670.8580733578342
TR-034358,2025-08-04,700.54,777.8748341034022
TR-034359,2025-08-04,1992.66,2270.0142841812753
TR-034360,2025-08-04,1143.93,1176.9210906687144
TR-034361,2025-08-04,2587.81,2698.8476465539406
TR-034362,2025-08-04,1025.42,1037.8092083633878
TR-034363,2025-08-04,3641.08,3668.6875262759427
TR-034364,2025-08-04,4015.52,4067.4582114918935
TR-034365,2025-08-04,3662.47,3835.748614470318
TR-034366,2025-08-04,5332.84,5527.774170078316
TR-034367,2025-08-04,338.67,1696.9287720174623
TR-034368,2025-08-04,2585.17,2564.4757840503203
TR-034369,2025-08-04,4040.31,4029.672879444817
TR-034370,2025-08-05,2410.27,2276.841171816859
TR-034371,2025-08-05,2609.36,2482.7809046064112
TR-034372,2025-08-05,2077.72,2217.97805757363
TR-034373,2025-08-05,5393.67,5258.025293669729
TR-034374,2025-08-05,7603.41,2944.1350515687077
TR-034375,2025-08-05,5775.22,5560.38392786956
TR-034376,2025-08-05,4295.11,4391.878714194028
TR-034377,2025-08-05,741.1,791.6597488154521
TR-034378,2025-08-05,5948.94,5747.287046724996
TR-034379,2025-08-05,3221.66,3154.061052123433
TR-034380,2025-08-05,2535.21,2600.172088041035
TR-034381,2025-08-05,2264.45,2507.1168794877035
TR-034382,2025-08-05,929.32,1014.3849451581028
TR-034383,2025-08-05,1684.17,1786.4649314520154
TR-034384,2025-08-05,2561.56,2585.3151991335626
TR-034385,2025-08-05,2549.96,2793.60131146279
TR-034386,2025-08-05,865.02,918.5163869545681
TR-034387,2025-08-05,891.95,938.2613033298855
TR-034388,2025-08-05,4647.65,4506.823498117401
TR-034389,2025-08-05,2462.49,2723.133501456674
TR-034390,2025-08-05,1773.53,1762.6662360227208
TR-034391,2025-08-05,3222.22,3121.052246025528
TR-034392,2025-08-05,1067.27,1091.658947248632
TR-034393,2025-08-05,2240.2,2143.107977222771
TR-034394,2025-08-05,2341.02,2176.47121881594
TR-034395,2025-08-05,489.57,547.1669140012498
TR-034396,2025-08-05,2541.24,2422.891980216236
TR-034397,2025-08-05,1707.9,1844.401144803737
TR-034398,2025-08-05,4630.38,4276.754985890798
TR-034399,2025-08-05,1826.7,1838.5517671765738
TR-034400,2025-08-05,1936.01,1870.8268836602524
TR-034401,2025-08-05,1582.5,1713.0349690444405
TR-034402,2025-08-05,1297.18,1286.025262122186
TR-034403,2025-08-05,1243.28,1248.268661727861
TR-034404,2025-08-05,1101.62,1077.5537745587435
TR-034405,2025-08-05,2401.2,2391.853504641648
TR-034406,2025-08-05,2920.43,2975.9141861440044
TR-034407,2025-08-05,1581.08,1684.5642801385163
TR-034408,2025-08-05,1600.53,1714.5439685443648
TR-034409,2025-08-05,2317.05,2246.2661395329355
TR-034410,2025-08-05,2042.95,1959.5089706292235
TR-034411,2025-08-05,3080.48,3211.6534655821297
TR-034412,2025-08-05,3217.56,3231.9742469620487
TR-034413,2025-08-05,1378.3,1361.6731617744304
TR-034414,2025-08-05,3221.63,3154.1818377752184
TR-034415,2025-08-05,1904.92,1900.8193645961726
TR-034416,2025-08-05,2562.63,2402.8096517220965
TR-034417,2025-08-05,2596.53,2706.027416080816
TR-034418,2025-08-05,349.06,1458.2605655391396
TR-034419,2025-08-05,3354.77,3503.3060200280097
TR-034420,2025-08-05,2064.16,1977.6071096227965
TR-034421,2025-08-05,1395.34,1469.4137822091482
TR-034422,2025-08-05,1571.81,1583.02018405601
TR-034423,2025-08-05,1186.51,1242.3711726740494
TR-034424,2025-08-05,5192.12,5260.296788092177
TR-034425,2025-08-05,1463.87,1474.7184759641034
TR-034426,2025-08-05,2073.3,2088.572913602898
TR-034427,2025-08-05,3183.27,2841.659299497471
TR-034428,2025-08-05,2038.22,1945.6459784330584
TR-034429,2025-08-05,983.42,998.8506884557603
TR-034430,2025-08-05,1497.67,1515.6645484307887
TR-034431,2025-08-05,2913.62,3003.764885499367
TR-034432,2025-08-05,1938.59,1942.9763795151628
TR-034433,2025-08-05,1078.55,1125.5227421980485
TR-034434,2025-08-05,792.34,812.0934386196723
TR-034435,2025-08-05,4163.41,4026.5695280829923
TR-034436,2025-08-05,1475.54,1417.7855198604134
TR-034437,2025-08-05,2220.69,2343.31239158856
TR-034438,2025-08-05,949.44,951.4505272213262
TR-034439,2025-08-05,1589.66,1557.4040843968673
TR-034440,2025-08-05,1024.25,1055.4604250182117
TR-034441,2025-08-05,366.28,495.209616436744
TR-034442,2025-08-05,764.88,874.2176141469711
TR-034443,2025-08-05,860.72,857.0787546420395
TR-034444,2025-08-05,477.32,536.1734970900388
TR-034445,2025-08-05,4848.75,4964.32065392135
TR-034446,2025-08-05,4237.76,4408.654781540302
TR-034447,2025-08-05,3677.63,3791.106686871646
TR-034448,2025-08-05,1930.97,1786.114702740132
TR-034449,2025-08-05,2321.74,2292.7272679166363
TR-034450,2025-08-05,4024.05,4024.8822251712772
TR-034451,2025-08-05,561.29,636.2586755027191
TR-034452,2025-08-05,3449.99,3427.7115673829994
TR-034453,2025-08-05,2045.13,2242.963236789035
TR-034454,2025-08-05,2469.73,2526.7967366308703
TR-034455,2025-08-05,534.28,601.0863276262678
TR-034456,2025-08-05,3568.16,3621.073963056044
TR-034457,2025-08-05,502.26,603.6314405642877
TR-034458,2025-08-05,1552.87,1717.5722845578434
TR-034459,2025-08-05,438.64,495.95854685637664
TR-034460,2025-08-05,430.62,543.3756924268075
TR-034461,2025-08-05,2856.44,2929.9236355882067
TR-034462,2025-08-05,1578.16,1642.2532915875327
TR-034463,2025-08-05,2809.0,2756.1306092098957
TR-034464,2025-08-05,738.95,819.2747518737312
TR-034465,2025-08-05,3050.77,2961.820574871139
TR-034466,2025-08-05,2161.55,2183.348769149733
TR-034467,2025-08-05,3147.3,3148.309655149811
TR-034468,2025-08-05,4379.71,4147.045917305218
TR-034469,2025-08-05,1210.94,1269.361106743192
TR-034470,2025-08-05,3496.1,3384.5913259678046
TR-034471,2025-08-05,364.77,492.35949394972295
TR-034472,2025-08-05,3702.59,3752.383351105824
TR-034473,2025-08-05,2476.29,2205.753214525136
TR-034474,2025-08-05,7436.41,2409.687559206913
TR-034475,2025-08-05,1994.59,2121.3094044231757
TR-034476,2025-08-05,2463.96,2367.3148368058764
TR-034477,2025-08-05,2804.39,2946.9111264931153
TR-034478,2025-08-05,3466.51,3686.131713926232
TR-034479,2025-08-05,4889.68,4786.31895674529
TR-034480,2025-08-05,1054.06,1076.5131581370579
TR-034481,2025-08-05,1483.67,1595.234784338889
TR-034482,2025-08-05,1979.01,2036.3554535261815
TR-034483,2025-08-05,1686.96,1750.933538506027
TR-034484,2025-08-05,4154.61,4075.622318257786
TR-034485,2025-08-05,1715.32,1848.6549068578727
TR-034486,2025-08-05,2112.99,2019.7996041116207
TR-034487,2025-08-05,4902.04,5145.609089503083
TR-034488,2025-08-05,1075.39,1077.0300075861069
TR-034489,2025-08-05,2042.33,2051.083155701388
TR-034490,2025-08-05,3375.52,3618.745259158941
TR-034491,2025-08-05,219.45,367.5078575029711
TR-034492,2025-08-05,1098.32,1112.3411531956247
TR-034493,2025-08-05,544.54,641.4368100357781
TR-034494,2025-08-05,2858.42,2905.356946505376
TR-034495,2025-08-05,2338.98,2335.1031560907554
TR-034496,2025-08-05,2178.59,2333.4751835505253
TR-034497,2025-08-05,1164.54,1172.3649511899437
TR-034498,2025-08-05,1022.04,1023.4815138765833
TR-034499,2025-08-05,2788.14,2951.971056751063
TR-034500,2025-08-05,768.55,819.1872583392142
TR-034501,2025-08-05,1367.23,1322.2071882672494
TR-034502,2025-08-05,3276.94,2967.157809085298
TR-034503,2025-08-05,3687.08,3882.5075595366748
TR-034504,2025-08-05,5329.83,5351.399783839292
TR-034505,2025-08-05,2819.99,2546.9239043604452
TR-034506,2025-08-05,1380.92,1384.9585140955787
TR-034507,2025-08-05,3587.95,3698.18053944065
TR-034508,2025-08-05,1155.46,1142.015818128531
TR-034509,2025-08-05,2390.22,2466.6492388943757
TR-034510,2025-08-05,1277.45,1250.708735293402
TR-034511,2025-08-05,2173.55,2138.5439613056787
TR-034512,2025-08-05,3790.87,3799.467837565515
TR-034513,2025-08-05,1211.97,1275.5612065371604
TR-034514,2025-08-05,1527.78,1580.7748521476651
TR-034515,2025-08-05,387.41,1837.8564358844662
TR-034516,2025-08-05,1402.97,1328.300445727547
TR-034517,2025-08-05,1758.01,1759.829738190404
TR-034518,2025-08-05,2828.04,2814.0712865098267
TR-034519,2025-08-05,3717.6,3712.8162447311825
TR-034520,2025-08-05,546.05,680.240766978844
TR-034521,2025-08-05,3651.95,3715.3631835418223
TR-034522,2025-08-05,2115.78,2026.6697230827126
TR-034523,2025-08-05,3417.7,3540.527641999252
TR-034524,2025-08-05,5305.08,5374.482096382928
TR-034525,2025-08-05,1021.07,1014.1288711012406
TR-034526,2025-08-05,3708.46,3878.2861989350718
TR-034527,2025-08-05,5148.89,5262.355758676324
TR-034528,2025-08-05,1643.71,1678.1988309902215
TR-034529,2025-08-05,1945.71,1937.7175620565365
TR-034530,2025-08-05,4329.1,4535.165409263551
TR-034531,2025-08-05,456.96,505.8973632459945
TR-034532,2025-08-05,811.53,867.527179254731
TR-034533,2025-08-05,5489.51,5635.863072677335
TR-034534,2025-08-05,3051.36,2913.5709767926255
TR-034535,2025-08-05,682.59,1608.7809255589339
TR-034536,2025-08-05,1250.44,1207.6083129958438
TR-034537,2025-08-05,924.09,967.2917786053174
TR-034538,2025-08-05,4035.65,4182.30188778858
TR-034539,2025-08-05,1039.31,1063.6127493789922
TR-034540,2025-08-05,1385.45,1315.9530625616085
TR-034541,2025-08-05,3916.77,3993.216308853858
TR-034542,2025-08-05,1086.12,1119.0622274548814
TR-034543,2025-08-05,772.01,816.5486277254993
TR-034544,2025-08-05,909.61,928.6215040973998
TR-034545,2025-08-05,3098.87,3085.937381503789
TR-034546,2025-08-05,3110.36,2889.971011499813
TR-034547,2025-08-05,1507.8,1545.9677645684542
TR-034548,2025-08-06,2874.2,2853.7617244717085
TR-034549,2025-08-06,1323.94,1295.093395714759
TR-034550,2025-08-06,1118.31,1065.9603881299413
TR-034551,2025-08-06,2190.09,2100.7406808461096
TR-034552,2025-08-06,3826.52,3793.2241819394185
TR-034553,2025-08-06,1555.48,1594.7167053142932
TR-034554,2025-08-06,3493.19,3672.3315777793932
TR-034555,2025-08-06,1574.59,1591.9533168171356
TR-034556,2025-08-06,2648.29,2581.7351861542043
TR-034557,2025-08-06,792.3,808.1701744387271
TR-034558,2025-08-06,3796.08,3764.987992106647
TR-034559,2025-08-06,1245.99,1214.9984143904207
TR-034560,2025-08-06,1732.96,1670.2521655676035
TR-034561,2025-08-06,1536.47,1562.209817891498
TR-034562,2025-08-06,3204.39,3180.880262333149
TR-034563,2025-08-06,3612.88,3582.4398857900524
TR-034564,2025-08-06,2017.06,2197.363119194438
TR-034565,2025-08-06,836.56,896.0366555268324
TR-034566,2025-08-06,5558.87,5786.78447259997
TR-034567,2025-08-06,3597.46,3731.73957826064
TR-034568,2025-08-06,3123.19,3227.238725715606
TR-034569,2025-08-06,1122.6,1120.0336914174177
TR-034570,2025-08-06,1797.19,1987.8466807983814
TR-034571,2025-08-06,3648.36,3547.748144159582
TR-034572,2025-08-06,2617.72,2756.027859879705
TR-034573,2025-08-06,1351.75,1335.5782212315903
TR-034574,2025-08-06,974.4,1017.0328758271145
TR-034575,2025-08-06,1383.85,1334.2437942945112
TR-034576,2025-08-06,1788.18,1849.8039011975252
TR-034577,2025-08-06,2257.8,2150.3034153980743
TR-034578,2025-08-06,823.35,905.8208187423456
TR-034579,2025-08-06,1651.8,1692.687325480417
TR-034580,2025-08-06,2450.38,2450.779072177282
TR-034581,2025-08-06,4765.59,4673.985401311545
TR-034582,2025-08-06,4339.02,4535.52100484786
TR-034583,2025-08-06,2975.48,3040.3714458591157
TR-034584,2025-08-06,18972.15,4220.703812462453
TR-034585,2025-08-06,4874.2,4824.991110870142
TR-034586,2025-08-06,2415.9,2537.756353277049
TR-034587,2025-08-06,254.59,355.799906114044
TR-034588,2025-08-06,3504.64,3324.697371851711
TR-034589,2025-08-06,1080.16,1068.6242587510292
TR-034590,2025-08-06,1697.58,1645.265621582293
TR-034591,2025-08-06,3468.77,3590.6302647092134
TR-034592,2025-08-06,2976.57,3238.3456078553436
TR-034593,2025-08-06,1356.34,1347.9994348347318
TR-034594,2025-08-06,1549.55,1592.0183476774766
TR-034595,2025-08-06,1503.85,1459.5688625086352
TR-034596,2025-08-06,3988.76,4308.0484712619655
TR-034597,2025-08-06,590.99,648.0820854675319
TR-034598,2025-08-06,1930.92,1969.6706070165947
TR-034599,2025-08-06,887.81,962.916891533504
TR-034600,2025-08-06,2313.4,2373.414883427883
TR-034601,2025-08-06,1754.24,1716.5553417117453
TR-034602,2025-08-06,1928.76,1868.236612702088
TR-034603,2025-08-06,4983.84,4822.771940507324
TR-034604,2025-08-06,504.48,608.3989479047309
TR-034605,2025-08-06,5514.42,5472.83406863494
TR-034606,2025-08-06,2433.35,2657.9311234757806
TR-034607,2025-08-06,1666.76,1640.919198389668
TR-034608,2025-08-06,2419.83,2448.057075951016
TR-034609,2025-08-06,2271.22,2308.13049604005
TR-034610,2025-08-06,1802.65,1798.1211597025138
TR-034611,2025-08-06,1467.12,1618.5272016759097
TR-034612,2025-08-06,1680.01,1686.447036416374
TR-034613,2025-08-06,3112.32,3343.871450339449
TR-034614,2025-08-06,1473.44,1472.49944861607
TR-034615,2025-08-06,3159.65,3051.5382652618373
TR-034616,2025-08-06,501.52,491.6246792364577
TR-034617,2025-08-06,1028.59,1036.4577080016356
TR-034618,2025-08-06,1427.94,1541.0515201023632
TR-034619,2025-08-06,1759.75,1736.701169359509
TR-034620,2025-08-06,1981.5,2058.905458201495
TR-034621,2025-08-06,1027.01,1112.4706637175989
TR-034622,2025-08-06,1986.63,1952.394039052262
TR-034623,2025-08-06,1374.59,1370.7150584114706
TR-034624,2025-08-06,867.11,929.0794331392776
TR-034625,2025-08-06,1711.41,1721.3120771040308
TR-034626,2025-08-06,765.37,842.6604302300409
TR-034627,2025-08-06,3081.37,3263.9936150099256
TR-034628,2025-08-06,3782.97,3758.0538875639318
TR-034629,2025-08-06,2132.39,2046.0225580609765
TR-034630,2025-08-06,3234.66,3246.7180416256615
TR-034631,2025-08-06,5133.07,5340.200122317371
TR-034632,2025-08-06,1481.05,1418.516515507478
TR-034633,2025-08-06,1256.1,1270.3814540962558
TR-034634,2025-08-06,2981.88,3041.861568204874
TR-034635,2025-08-06,2909.4,2787.292604084329
TR-034636,2025-08-06,5602.35,5566.987877044648
TR-034637,2025-08-06,1120.37,1088.4560754459485
TR-034638,2025-08-06,1448.63,1464.8074005873336
TR-034639,2025-08-06,2838.46,2825.073891244965
TR-034640,2025-08-06,2258.7,2139.663631251224
TR-034641,2025-08-06,972.05,992.452587803918
TR-034642,2025-08-06,1772.78,1735.816526462365
TR-034643,2025-08-06,2210.84,2455.8881266571257
TR-034644,2025-08-06,2014.36,1875.7660227014271
TR-034645,2025-08-06,2408.12,2148.28489486296
TR-034646,2025-08-06,5164.83,5178.200649447128
TR-034647,2025-08-06,1216.74,1207.500646750168
TR-034648,2025-08-06,777.88,775.0811882093296
TR-034649,2025-08-06,3143.47,3201.5652360071554
TR-034650,2025-08-06,3395.56,3485.9988454365985
TR-034651,2025-08-06,1571.67,1645.150440800702
TR-034652,2025-08-06,4468.11,4414.45669277541
TR-034653,2025-08-06,2799.59,3094.7163493201942
TR-034654,2025-08-06,5683.71,1716.9476764467136
TR-034655,2025-08-06,732.67,812.6655357462439
TR-034656,2025-08-06,3552.01,3644.8570337348337
TR-034657,2025-08-06,2456.55,2630.9648411821236
TR-034658,2025-08-06,745.17,815.4375070995654
TR-034659,2025-08-06,1370.78,1347.6718614589022
TR-034660,2025-08-06,576.43,646.32828709405
TR-034661,2025-08-06,991.38,1003.0818339123913
TR-034662,2025-08-06,2140.03,1999.5890107267571
TR-034663,2025-08-06,1018.23,1042.8027746804937
TR-034664,2025-08-06,3826.35,3963.7384843521163
TR-034665,2025-08-06,1948.77,1887.2735397191302
TR-034666,2025-08-06,3259.7,3371.7492520340707
TR-034667,2025-08-06,475.52,586.0415046223682
TR-034668,2025-08-06,404.45,470.3913499702969
TR-034669,2025-08-06,1912.4,1909.1101357855619
TR-034670,2025-08-06,1673.13,1609.0975277595783
TR-034671,2025-08-06,2062.25,2200.8812609797433
TR-034672,2025-08-06,1152.35,1179.769678731345
TR-034673,2025-08-06,1388.98,1346.8084466231962
TR-034674,2025-08-06,1575.96,1545.234679435313
TR-034675,2025-08-06,1360.35,1327.4216074676458
TR-034676,2025-08-06,1542.96,1492.7608441147024
TR-034677,2025-08-06,3825.45,3800.1502778350496
TR-034678,2025-08-06,3065.8,3313.624116160331
TR-034679,2025-08-06,2180.15,2322.3486011623904
TR-034680,2025-08-06,2070.16,2032.8454692329735
TR-034681,2025-08-06,829.37,873.6649506280223
TR-034682,2025-08-06,2268.62,1930.7623612704347
TR-034683,2025-08-06,5199.14,5386.752075163602
TR-034684,2025-08-06,1610.85,1651.199200373906
TR-034685,2025-08-06,1987.7,2048.3480465465477
TR-034686,2025-08-06,1976.79,1926.6415361088173
TR-034687,2025-08-06,3825.29,3669.31142688979
TR-034688,2025-08-06,3317.38,3437.1774099277536
TR-034689,2025-08-06,772.73,840.5076473679931
TR-034690,2025-08-06,540.33,636.6017194243891
TR-034691,2025-08-07,2951.8,2879.303577193091
TR-034692,2025-08-07,5438.05,5325.59051207802
TR-034693,2025-08-07,3723.07,3631.2506242883815
TR-034694,2025-08-07,2054.95,2036.573456346986
TR-034695,2025-08-07,4541.48,4401.210051176324
TR-034696,2025-08-07,2927.05,3089.3149808369217
TR-034697,2025-08-07,1434.89,1459.931994734139
TR-034698,2025-08-07,500.91,615.9336689987708
TR-034699,2025-08-07,1362.53,1354.0431001561196
TR-034700,2025-08-07,630.52,635.1954986311023
TR-034701,2025-08-07,2156.91,2147.787143501033
TR-034702,2025-08-07,2064.49,2058.6427816217515
TR-034703,2025-08-07,2094.46,1982.8941951235936
TR-034704,2025-08-07,2172.36,2043.588157300618
TR-034705,2025-08-07,1884.75,1847.0678029507146
TR-034706,2025-08-07,801.56,753.505574879373
TR-034707,2025-08-07,710.19,751.3999472716464
TR-034708,2025-08-07,2339.68,2294.7821329448643
TR-034709,2025-08-07,997.09,1040.4059086041325
TR-034710,2025-08-07,854.23,865.4207107357536
TR-034711,2025-08-07,706.05,664.6212501893672
TR-034712,2025-08-07,3430.8,3545.980056125372
TR-034713,2025-08-07,3569.91,3505.9350553553895
TR-034714,2025-08-07,4404.33,4240.4390553477615
TR-034715,2025-08-07,2703.6,2627.71923532279
TR-034716,2025-08-07,1183.07,1207.65846239466
TR-034717,2025-08-07,1574.83,1742.47519072007
TR-034718,2025-08-07,870.68,889.9262587271721
TR-034719,2025-08-07,1542.22,1495.7816896007578
TR-034720,2025-08-07,786.43,866.2734784476434
TR-034721,2025-08-07,1894.3,1822.7940849061147
TR-034722,2025-08-07,1209.44,1231.3966251400875
TR-034723,2025-08-07,1299.39,1326.700807753039
TR-034724,2025-08-07,2897.77,3128.7612990376065
TR-034725,2025-08-07,2611.62,2522.9567674238215
TR-034726,2025-08-07,1236.71,1265.2794367790354
TR-034727,2025-08-07,401.93,478.22273808041155
TR-034728,2025-08-07,1736.07,1716.448375617675
TR-034729,2025-08-07,565.79,536.3155434323367
TR-034730,2025-08-07,1611.58,1703.1903529655115
TR-034731,2025-08-07,650.57,712.2696466898258
TR-034732,2025-08-07,2870.53,3063.953309860676
TR-034733,2025-08-07,1578.01,1553.639621812412
TR-034734,2025-08-07,1521.52,1414.3361884775127
TR-034735,2025-08-07,1514.86,1535.0368270505192
TR-034736,2025-08-07,1174.07,1210.0952558823992
TR-034737,2025-08-07,4036.07,4057.9927790190395
TR-034738,2025-08-07,3048.49,2900.7228923230714
TR-034739,2025-08-07,667.47,707.8476614348381
TR-034740,2025-08-07,833.05,894.1767426147294
TR-034741,2025-08-07,1964.78,1949.1601879063207
TR-034742,2025-08-07,1798.1,1836.9004576359587
TR-034743,2025-08-07,4789.86,4632.976519440639
TR-034744,2025-08-07,784.66,876.2906699509024
TR-034745,2025-08-07,3257.36,3339.5420338119106
TR-034746,2025-08-07,349.58,500.45966669247355
TR-034747,2025-08-07,766.52,807.0388682067658
TR-034748,2025-08-07,2747.01,2795.2517303163168
TR-034749,2025-08-07,5176.59,5102.868943382748
TR-034750,2025-08-07,4690.81,4695.48866600345
TR-034751,2025-08-07,2633.37,2713.156522894877
TR-034752,2025-08-07,2072.09,2045.737929810779
TR-034753,2025-08-07,1830.62,5114.835616535343
TR-034754,2025-08-07,3372.04,3342.886654280871
TR-034755,2025-08-07,1656.95,1614.2078626377618
TR-034756,2025-08-07,284.34,454.20166650381043
TR-034757,2025-08-07,1261.03,1239.148422744235
TR-034758,2025-08-07,3762.66,3637.5802725826125
TR-034759,2025-08-07,663.38,716.9592773831068
TR-034760,2025-08-07,1942.6,1945.582448662912
TR-034761,2025-08-07,495.86,615.4847087343483
TR-034762,2025-08-07,1408.45,1361.3989916679488
TR-034763,2025-08-07,2485.18,2293.24070029585
TR-034764,2025-08-07,1925.82,1827.2473199380793
TR-034765,2025-08-07,4237.04,4224.731372900351
TR-034766,2025-08-07,3382.18,3275.1319254276477
TR-034767,2025-08-07,2487.08,2633.854241752902
TR-034768,2025-08-07,209.4,463.5955013139064
TR-034769,2025-08-07,2954.76,2962.592879498461
TR-034770,2025-08-07,1570.29,1471.3094285737857
TR-034771,2025-08-07,3184.03,3371.3035122043607
TR-034772,2025-08-07,1565.79,1539.700158098486
TR-034773,2025-08-07,1964.47,1922.4559086799047
TR-034774,2025-08-07,3690.06,3737.45616322064
TR-034775,2025-08-07,792.21,823.2421639218444
TR-034776,2025-08-07,1090.99,1110.500917806754
TR-034777,2025-08-07,1899.73,1897.6639448413862
TR-034778,2025-08-07,1903.46,1872.4464181967137
TR-034779,2025-08-07,1341.65,1314.5374557702821
TR-034780,2025-08-07,2158.03,2231.4025806667823
TR-034781,2025-08-07,2308.97,2177.8387446540873
TR-034782,2025-08-07,3719.44,3730.4340434886344
TR-034783,2025-08-07,3625.95,3755.88587621646
TR-034784,2025-08-07,4331.05,4376.932498019954
TR-034785,2025-08-07,2998.17,3488.1366738408055
TR-034786,2025-08-07,1003.91,1020.474832394239
TR-034787,2025-08-07,1554.46,1461.1241075312175
TR-034788,2025-08-07,1579.46,1480.8432843043665
TR-034789,2025-08-07,3330.65,3283.5266372840097
TR-034790,2025-08-07,2820.72,2932.0468324072613
TR-034791,2025-08-07,562.57,653.0051501955438
TR-034792,2025-08-07,2533.07,2389.265808501561
TR-034793,2025-08-07,1751.03,1711.0029002647948
TR-034794,2025-08-07,2740.8,3040.1522683157255
TR-034795,2025-08-07,1494.32,1480.8740731151238
TR-034796,2025-08-07,1579.37,1630.3046418890817
TR-034797,2025-08-07,3384.67,3306.9866035407786
TR-034798,2025-08-07,3491.47,3519.707314003691
TR-034799,2025-08-07,774.15,849.5699587959816
TR-034800,2025-08-07,2121.71,2108.0550100826845
TR-034801,2025-08-07,4039.42,4130.7716596061355
TR-034802,2025-08-07,5955.45,5956.616403506328
TR-034803,2025-08-07,2808.51,2453.603267233299
TR-034804,2025-08-07,2278.63,2419.0228294614817
TR-034805,2025-08-07,1067.95,1064.482803820309
TR-034806,2025-08-07,1008.36,1019.4216449938358
TR-034807,2025-08-07,1422.9,1476.2074411900169
TR-034808,2025-08-07,4991.17,4867.710082283538
TR-034809,2025-08-07,2361.06,2328.737716672322
TR-034810,2025-08-07,3002.98,2849.8494049600645
TR-034811,2025-08-07,1270.71,1293.184762440665
TR-034812,2025-08-07,411.76,512.0605528102694
TR-034813,2025-08-07,958.54,1001.7980837062433
TR-034814,2025-08-07,3809.42,3977.4877337319904
TR-034815,2025-08-07,741.22,807.7887730654595
TR-034816,2025-08-07,438.9,465.58752970365754
TR-034817,2025-08-07,3086.9,3205.356830273937
TR-034818,2025-08-07,3074.72,3118.4436396630786
TR-034819,2025-08-07,3945.58,3891.7522689534953
TR-034820,2025-08-07,1594.36,1578.9712858096225
TR-034821,2025-08-07,957.66,990.0574354570197
TR-034822,2025-08-07,1053.53,1110.2546468862606
TR-034823,2025-08-07,1715.62,1661.7959363094883
TR-034824,2025-08-07,587.61,628.1960245780053
TR-034825,2025-08-07,2927.36,2699.332906440804
TR-034826,2025-08-07,1672.28,1671.221625250989
TR-034827,2025-08-07,1940.52,2093.21512465473
TR-034828,2025-08-07,1279.7,1235.300186947729
TR-034829,2025-08-07,4220.82,4251.672768827244
TR-034830,2025-08-07,4464.55,4537.660177788581
TR-034831,2025-08-07,1810.57,1671.7048283425388
TR-034832,2025-08-07,2032.18,1929.8283269628512
TR-034833,2025-08-07,642.46,711.835037437789
TR-034834,2025-08-07,1357.74,1362.171122665753
TR-034835,2025-08-07,2376.05,2448.3586129036858
TR-034836,2025-08-07,782.28,878.2616716356217
TR-034837,2025-08-07,1173.83,1230.2735052458916
TR-034838,2025-08-07,1670.44,1673.0340486235762
TR-034839,2025-08-07,1171.67,1203.4256123513228
TR-034840,2025-08-07,304.19,405.2528806239461
TR-034841,2025-08-07,4992.36,4970.746359035378
TR-034842,2025-08-07,1391.2,1380.0938113549246
TR-034843,2025-08-07,907.3,963.647713670262
TR-034844,2025-08-07,1004.91,1053.6977213503937
TR-034845,2025-08-08,663.11,677.3538993854697
TR-034846,2025-08-08,5705.66,5532.743060860714
TR-034847,2025-08-08,2167.6,1915.7492809849393
TR-034848,2025-08-08,864.72,884.5561420864747
TR-034849,2025-08-08,1684.04,1662.661417250751
TR-034850,2025-08-08,1934.3,1982.3608739909337
TR-034851,2025-08-08,1165.31,1197.9435966045362
TR-034852,2025-08-08,1751.1,1702.8174593724884
TR-034853,2025-08-08,3540.37,3541.6726417614664
TR-034854,2025-08-08,3570.31,3663.924576064842
TR-034855,2025-08-08,4832.58,4737.53617363059
TR-034856,2025-08-08,4892.81,4599.5491325598405
TR-034857,2025-08-08,1782.14,1763.6183049346891
TR-034858,2025-08-08,588.08,688.2485584000842
TR-034859,2025-08-08,750.45,859.1653806038487
TR-034860,2025-08-08,3670.29,3604.259508240978
TR-034861,2025-08-08,1363.67,1317.7473445466017
TR-034862,2025-08-08,5020.53,5313.695066074391
TR-034863,2025-08-08,3903.3,3916.290742927847
TR-034864,2025-08-08,1692.05,1713.166796111015
TR-034865,2025-08-08,3848.31,3945.5844871101262
TR-034866,2025-08-08,1317.98,1344.4602591039188
TR-034867,2025-08-08,517.57,514.8416368373876
TR-034868,2025-08-08,3881.97,3860.9345441424557
TR-034869,2025-08-08,2220.75,2207.7342733311443
TR-034870,2025-08-08,1015.89,1050.5842823198982
TR-034871,2025-08-08,2470.57,2676.401388322083
TR-034872,2025-08-08,3771.21,3755.295147316116
TR-034873,2025-08-08,2492.87,2455.7975659093804
TR-034874,2025-08-08,4326.19,4184.1079783412515
TR-034875,2025-08-08,3830.53,3804.872565770612
TR-034876,2025-08-08,683.22,762.6338202781878
TR-034877,2025-08-08,1327.43,1309.8463144271154
TR-034878,2025-08-08,1433.38,1461.051726668215
TR-034879,2025-08-08,3823.46,3753.4535977485702
TR-034880,2025-08-08,3773.14,3106.1029257411597
TR-034881,2025-08-08,1465.1,1448.0345971564661
TR-034882,2025-08-08,966.22,1011.7077430516246
TR-034883,2025-08-08,571.01,651.6562552040161
TR-034884,2025-08-08,5570.67,5486.0230386329495
TR-034885,2025-08-08,5674.2,5767.834971453061
TR-034886,2025-08-08,997.09,1014.6430815225151
TR-034887,2025-08-08,4036.41,4199.153758444029
TR-034888,2025-08-08,2934.61,2754.297308584362
TR-034889,2025-08-08,1410.76,1404.1959980870192
TR-034890,2025-08-08,1571.25,1625.87093461504
TR-034891,2025-08-08,5720.06,5808.090618223308
TR-034892,2025-08-08,2048.83,2005.2280808376952
TR-034893,2025-08-08,1161.43,1122.687341919377
TR-034894,2025-08-08,2316.1,2576.703481099975
TR-034895,2025-08-08,1267.82,1264.3773333822787
TR-034896,2025-08-08,2038.35,2186.495733984655
TR-034897,2025-08-08,1765.51,1776.618779304204
TR-034898,2025-08-08,1551.07,1580.2251070797795
TR-034899,2025-08-08,836.0,903.386787616608
TR-034900,2025-08-08,2065.82,2260.3122692026436
TR-034901,2025-08-08,2509.21,2803.4230129209973
TR-034902,2025-08-08,995.76,1028.4071336866818
TR-034903,2025-08-08,927.99,940.4173742755361
TR-034904,2025-08-08,2658.24,2478.0449725743015
TR-034905,2025-08-08,4294.76,3504.45261810662
TR-034906,2025-08-08,1346.29,1298.415896788481
TR-034907,2025-08-08,1945.82,1909.507100667646
TR-034908,2025-08-08,2234.7,2055.4032164862033
TR-034909,2025-08-08,2989.73,3256.657195877048
TR-034910,2025-08-08,3733.6,3888.762346989162
TR-034911,2025-08-08,2194.45,2079.747472940069
TR-034912,2025-08-08,2416.12,2199.9153787512623
TR-034913,2025-08-08,5274.79,5253.526268064239
TR-034914,2025-08-08,4829.09,4818.320772353987
TR-034915,2025-08-08,1778.27,1844.9308240360585
TR-034916,2025-08-08,2128.43,1932.3483882742737
TR-034917,2025-08-08,1461.4,1501.6034950887379
TR-034918,2025-08-08,1215.61,1162.221613648348
TR-034919,2025-08-08,1681.32,1647.1572362182167
TR-034920,2025-08-08,1833.6,1800.8760173977314
TR-034921,2025-08-08,1044.26,1112.6168448596413
TR-034922,2025-08-08,897.12,938.9264749540448
TR-034923,2025-08-08,3601.64,3641.135107279082
TR-034924,2025-08-08,1592.58,1570.8146435644935
TR-034925,2025-08-08,3258.23,3071.265276805491
TR-034926,2025-08-08,3779.79,3895.600173414047
TR-034927,2025-08-08,2108.66,2102.081827324588
TR-034928,2025-08-08,1814.15,1835.5698732111634
TR-034929,2025-08-08,3266.77,3421.712075552223
TR-034930,2025-08-08,2545.42,2801.536368288032
TR-034931,2025-08-08,4419.87,4474.881963427619
TR-034932,2025-08-08,4450.96,4319.465181360875
TR-034933,2025-08-08,1367.66,1332.161950747924
TR-034934,2025-08-08,650.18,1549.8695469724491
TR-034935,2025-08-08,3436.38,3722.042198513995
TR-034936,2025-08-08,1187.34,1140.6031300851005
TR-034937,2025-08-08,1905.67,1946.866251520822
TR-034938,2025-08-08,2900.29,3111.542668278901
TR-034939,2025-08-08,3414.47,3348.811172832002
TR-034940,2025-08-08,2208.98,2291.1129661758328
TR-034941,2025-08-08,337.03,1370.7587839106002
TR-034942,2025-08-08,385.5,466.3874154320208
TR-034943,2025-08-08,2293.39,2268.1507575868645
TR-034944,2025-08-08,1207.71,1223.4028644242246
TR-034945,2025-08-08,2706.03,2684.706906276637
TR-034946,2025-08-08,4146.94,4491.527633997626
TR-034947,2025-08-08,2704.44,2525.068192697431
TR-034948,2025-08-08,3210.97,3430.7766994147737
TR-034949,2025-08-08,1322.46,1292.1199802401675
TR-034950,2025-08-08,2766.03,3073.137232058855
TR-034951,2025-08-08,2818.11,2696.824648755238
TR-034952,2025-08-08,5823.64,5498.224569605935
TR-034953,2025-08-08,3571.55,3818.991290120379
TR-034954,2025-08-08,859.46,926.7762364219977
TR-034955,2025-08-08,4179.39,3948.856322912506
TR-034956,2025-08-08,965.42,962.7892782338879
TR-034957,2025-08-08,4577.31,4643.618941089684
TR-034958,2025-08-08,3612.69,3943.4622938335906
TR-034959,2025-08-08,712.84,785.3682661597079
TR-034960,2025-08-08,3655.8,3852.100298882866
TR-034961,2025-08-08,2474.44,2418.626887830193
TR-034962,2025-08-08,2736.5,2629.155967773587
TR-034963,2025-08-08,5760.01,5533.045803347098
TR-034964,2025-08-08,2789.62,2947.365315247655
TR-034965,2025-08-08,2252.44,2336.4194923831637
TR-034966,2025-08-08,3052.21,3469.8270630124102
TR-034967,2025-08-08,611.95,658.7445268244037
TR-034968,2025-08-08,2322.08,2556.2192485897403
TR-034969,2025-08-08,1646.7,1560.1751079412902
TR-034970,2025-08-08,446.97,524.2211747871079
TR-034971,2025-08-08,4059.94,4154.831167448361
TR-034972,2025-08-08,790.09,925.6647079334102
TR-034973,2025-08-08,1944.03,1916.842625905515
TR-034974,2025-08-08,1201.16,1200.156786915136
TR-034975,2025-08-08,1895.48,1957.520836874824
TR-034976,2025-08-08,2917.68,2703.635442281765
TR-034977,2025-08-08,2545.53,2423.6124756267855
TR-034978,2025-08-08,4195.98,4115.359256010967
TR-034979,2025-08-08,4781.79,4906.730899663917
TR-034980,2025-08-08,1098.67,1063.7586200106457
TR-034981,2025-08-08,1234.26,1259.7986233052923
TR-034982,2025-08-08,4432.5,4450.056619459316
TR-034983,2025-08-08,4725.92,4696.587159897077
TR-034984,2025-08-08,1579.67,1578.1858903181733
TR-034985,2025-08-08,5499.06,5358.385093845459
TR-034986,2025-08-08,1344.04,1282.9102003567614
TR-034987,2025-08-09,1036.77,1047.8671341040626
TR-034988,2025-08-09,2349.25,2480.0398145830673
TR-034989,2025-08-09,1251.03,1253.1748188662204
TR-034990,2025-08-09,1187.19,1203.5024344913127
TR-034991,2025-08-09,2651.6,2808.617559642101
TR-034992,2025-08-09,2045.35,1854.815174867172
TR-034993,2025-08-09,3935.62,3897.5958068938003
TR-034994,2025-08-09,2099.19,2211.4994998265915
TR-034995,2025-08-09,710.04,777.6105513165046
TR-034996,2025-08-09,1094.79,1159.9441098344905
TR-034997,2025-08-09,4026.88,3877.110553093764
TR-034998,2025-08-09,712.5,746.5404050402269
TR-034999,2025-08-09,5031.67,4906.684448380074
TR-035000,2025-08-09,3164.39,3234.061706446222
TR-035001,2025-08-09,1188.22,1197.0797600266394
TR-035002,2025-08-09,1232.15,1231.9544436488804
TR-035003,2025-08-09,2077.35,2037.9036888936828
TR-035004,2025-08-09,3016.77,3020.5745801734643
TR-035005,2025-08-09,4958.16,4958.640982263065
TR-035006,2025-08-09,3288.81,3282.960404858579
TR-035007,2025-08-09,3013.8,3362.041908064143
TR-035008,2025-08-09,358.18,494.7353366812622
TR-035009,2025-08-09,1676.9,1837.414636514754
TR-035010,2025-08-09,4139.48,4134.999943678977
TR-035011,2025-08-09,655.92,691.2451250531133
TR-035012,2025-08-09,1414.15,1373.3323451209287
TR-035013,2025-08-09,1790.35,1759.083871180031
TR-035014,2025-08-09,2895.37,3022.2808546781353
TR-035015,2025-08-09,1056.79,3601.7309537864257
TR-035016,2025-08-09,916.51,924.5622465124218
TR-035017,2025-08-09,2997.24,2772.4769723702148
TR-035018,2025-08-09,2030.21,2038.7026842907962
TR-035019,2025-08-09,2460.35,2352.717827379156
TR-035020,2025-08-09,727.6,807.0226703322824
TR-035021,2025-08-09,1540.56,1516.89133601819
TR-035022,2025-08-09,3248.29,3256.538434114045
TR-035023,2025-08-09,3901.56,992.4666549363744
TR-035024,2025-08-09,1556.08,1534.6250169489163
TR-035025,2025-08-09,1369.86,1355.3593582284593
TR-035026,2025-08-09,1460.21,1494.1318409204823
TR-035027,2025-08-09,1428.06,1471.4044760896759
TR-035028,2025-08-09,2020.28,2013.0637450251638
TR-035029,2025-08-09,1811.5,1807.3580246139018
TR-035030,2025-08-09,3877.81,3838.522619194031
TR-035031,2025-08-09,1176.42,1199.9327936163677
TR-035032,2025-08-09,1599.34,1648.154537006441
TR-035033,2025-08-09,1626.92,1578.8487686009244
TR-035034,2025-08-09,3529.05,3132.018456295912
TR-035035,2025-08-09,1407.97,1395.653145919447
TR-035036,2025-08-09,3958.79,3940.323081608346
TR-035037,2025-08-09,1777.94,1685.895716933257
TR-035038,2025-08-09,1172.4,1172.8380360770675
TR-035039,2025-08-09,1700.05,1767.5924002631218
TR-035040,2025-08-09,3860.28,4011.3185809275824
TR-035041,2025-08-09,1703.49,1729.82155879956
TR-035042,2025-08-09,3806.09,3969.333050761229
TR-035043,2025-08-09,1940.32,1893.6644900808226
TR-035044,2025-08-09,659.78,759.2558443712628
TR-035045,2025-08-09,230.74,359.7100415711843
TR-035046,2025-08-09,2782.99,2641.501580564493
TR-035047,2025-08-09,3003.62,2931.548535524862
TR-035048,2025-08-09,3572.6,3731.201267939181
TR-035049,2025-08-09,617.77,699.6273337280611
TR-035050,2025-08-09,1561.71,1558.38494205747
TR-035051,2025-08-09,4431.13,4615.007275520104
TR-035052,2025-08-09,2642.06,2678.490580873551
TR-035053,2025-08-09,4474.0,4572.869567020767
TR-035054,2025-08-09,1528.76,1532.3732542514826
TR-035055,2025-08-09,4333.26,4240.232225097591
TR-035056,2025-08-09,4006.7,3995.4931535375154
TR-035057,2025-08-09,3615.67,3708.4799472880377
TR-035058,2025-08-09,920.29,913.8536453700012
TR-035059,2025-08-09,1547.03,1628.4111547902717
TR-035060,2025-08-09,1003.44,1028.3915192135087
TR-035061,2025-08-09,4236.94,4187.597292770804
TR-035062,2025-08-09,589.3,603.8087638313621
TR-035063,2025-08-09,1437.11,1435.7601401427357
TR-035064,2025-08-09,2925.64,3208.434252325127
TR-035065,2025-08-09,1157.66,1181.5502964543489
TR-035066,2025-08-09,2442.54,2376.7144204754886
TR-035067,2025-08-09,2302.4,2408.484673048153
TR-035068,2025-08-09,1474.25,1514.204128172902
TR-035069,2025-08-09,1038.4,1081.8385154801942
TR-035070,2025-08-09,1467.37,1439.953755833945
TR-035071,2025-08-09,3840.01,3828.497546608652
TR-035072,2025-08-09,2562.49,2864.047594640383
TR-035073,2025-08-09,986.16,1019.610938300246
TR-035074,2025-08-09,783.59,819.5894511076183
TR-035075,2025-08-09,780.79,779.973979453431
TR-035076,2025-08-09,3359.74,3341.0274075263587
TR-035077,2025-08-09,991.31,1027.4214349613765
TR-035078,2025-08-09,1550.93,1527.9447191176257
TR-035079,2025-08-09,4765.56,4523.995800849889
TR-035080,2025-08-09,2898.12,2658.9802716229788
TR-035081,2025-08-09,1639.52,1575.7395914600888
TR-035082,2025-08-09,908.2,904.5847591948955
TR-035083,2025-08-09,1128.95,1160.4606436256922
TR-035084,2025-08-09,2648.74,2634.5334348684523
TR-035085,2025-08-09,3987.01,4047.170807271656
TR-035086,2025-08-09,1882.9,2010.5024938429335
TR-035087,2025-08-09,925.7,980.206410335458
TR-035088,2025-08-09,4020.71,4154.407519548666
TR-035089,2025-08-09,773.77,851.4329488523399
TR-035090,2025-08-09,3640.82,3823.115367178425
TR-035091,2025-08-09,1735.44,1736.5876559197684
TR-035092,2025-08-09,2580.12,2460.282066323413
TR-035093,2025-08-09,3265.54,3498.0442518874042
TR-035094,2025-08-09,3573.56,3577.878852804031
TR-035095,2025-08-09,1765.9,1830.336165230509
TR-035096,2025-08-09,3398.64,2957.4433032947036
TR-035097,2025-08-09,1859.26,1860.0740370161677
TR-035098,2025-08-09,1867.23,1891.8002230176282
TR-035099,2025-08-09,1473.24,1475.0920109606086
TR-035100,2025-08-09,1462.21,1521.614935695792
TR-035101,2025-08-09,2075.08,2333.331880605253
TR-035102,2025-08-09,875.03,935.948819266511
TR-035103,2025-08-09,795.36,3905.976422131588
TR-035104,2025-08-09,1211.18,1216.3174414429645
TR-035105,2025-08-09,2953.57,2762.9680579639653
TR-035106,2025-08-09,2188.21,2075.3703302095014
TR-035107,2025-08-09,6146.72,6072.869235168337
TR-035108,2025-08-09,1126.53,1153.362492173259
TR-035109,2025-08-09,1328.61,1364.5791810216201
TR-035110,2025-08-09,2718.35,2842.84190472688
TR-035111,2025-08-09,3835.04,3831.6672422215206
TR-035112,2025-08-09,2852.57,2646.6663946247163
TR-035113,2025-08-09,1693.89,1793.8619203768244
TR-035114,2025-08-09,1489.42,1566.3623338099796
TR-035115,2025-08-09,1039.42,1071.3420131410217
TR-035116,2025-08-09,884.21,869.6100222579391
TR-035117,2025-08-09,1385.87,1380.6100520247956
TR-035118,2025-08-09,3121.41,3336.6420669766803
TR-035119,2025-08-09,1591.62,1612.8362600780372
TR-035120,2025-08-09,992.49,1016.1807854111328
TR-035121,2025-08-09,1335.98,1314.3214203363345
TR-035122,2025-08-09,733.42,792.2892407602994
TR-035123,2025-08-09,1117.78,1180.278770504919
TR-035124,2025-08-09,899.52,906.7116792001218
TR-035125,2025-08-09,1036.15,1082.9054118019626
TR-035126,2025-08-09,1202.29,1229.0763370809773
TR-035127,2025-08-09,2519.36,2563.636384188912
TR-035128,2025-08-09,1642.55,1717.4445367442552
TR-035129,2025-08-10,1776.04,1817.2898002872662
TR-035130,2025-08-10,2054.43,2361.1112142526085
TR-035131,2025-08-10,1365.5,1349.180265205944
TR-035132,2025-08-10,3699.35,3763.52605039881
TR-035133,2025-08-10,1795.06,1784.6010121378079
TR-035134,2025-08-10,632.38,641.7667613588264
TR-035135,2025-08-10,1038.13,1061.9564434377153
TR-035136,2025-08-10,1342.86,1419.062820623902
TR-035137,2025-08-10,1902.18,1965.7779559891385
TR-035138,2025-08-10,1220.87,1246.5529226632516
TR-035139,2025-08-10,2447.19,2710.080905063727
TR-035140,2025-08-10,1909.85,2165.809644053065
TR-035141,2025-08-10,4106.44,4284.05123575096
TR-035142,2025-08-10,3343.72,3437.9231399732134
TR-035143,2025-08-10,2854.8,2734.6828731390187
TR-035144,2025-08-10,4216.16,4113.682808346687
TR-035145,2025-08-10,3217.55,3392.447785716478
TR-035146,2025-08-10,942.45,954.8707793604415
TR-035147,2025-08-10,3190.13,3288.2693649345033
TR-035148,2025-08-10,3126.39,3264.4046876012235
TR-035149,2025-08-10,2284.93,2462.458542557839
TR-035150,2025-08-10,1420.87,1466.0984466226755
TR-035151,2025-08-10,1404.52,1458.38056912108
TR-035152,2025-08-10,413.18,451.4060159059029
TR-035153,2025-08-10,1398.22,1362.529047637678
TR-035154,2025-08-10,960.36,995.6302843292749
TR-035155,2025-08-10,1023.97,1038.4640751061424
TR-035156,2025-08-10,928.24,952.4989880033079
TR-035157,2025-08-10,4071.62,4130.3285225687505
TR-035158,2025-08-10,3504.05,3335.354135088456
TR-035159,2025-08-10,4328.43,4223.454494027766
TR-035160,2025-08-10,1553.55,1522.0520325386817
TR-035161,2025-08-10,2905.53,3106.12066235809
TR-035162,2025-08-10,1997.37,1917.1820197568384
TR-035163,2025-08-10,3931.8,3987.9589002576718
TR-035164,2025-08-10,723.9,777.6175006469159
TR-035165,2025-08-10,329.37,513.668175270227
TR-035166,2025-08-10,3718.65,4094.5992362383163
TR-035167,2025-08-10,2454.42,2446.9920717414007
TR-035168,2025-08-10,1859.54,1901.0992713730204
TR-035169,2025-08-10,972.43,968.3427672628443
TR-035170,2025-08-10,1378.6,1356.332328135692
TR-035171,2025-08-10,233.81,436.0292934435024
TR-035172,2025-08-10,957.67,949.4224606979844
TR-035173,2025-08-10,2691.28,2647.393075345016
TR-035174,2025-08-10,1828.07,1867.071838663105
TR-035175,2025-08-10,3824.3,3839.805590020591
TR-035176,2025-08-10,1164.15,1169.5635081108621
TR-035177,2025-08-10,275.69,492.1149063466132
TR-035178,2025-08-10,2426.85,2497.79858179483
TR-035179,2025-08-10,1204.81,1198.871905222717
TR-035180,2025-08-10,3178.59,3182.5473879250726
TR-035181,2025-08-10,4405.84,4490.5612037297815
TR-035182,2025-08-10,4611.27,4507.949639351302
TR-035183,2025-08-10,4298.7,4502.150991345846
TR-035184,2025-08-10,851.58,880.415396613136
TR-035185,2025-08-10,3305.7,2991.891580842772
TR-035186,2025-08-10,2085.7,2030.447363492384
TR-035187,2025-08-10,2153.53,1921.9292885289503
TR-035188,2025-08-10,3186.66,3292.1398584423996
TR-035189,2025-08-10,1832.56,1899.682260224769
TR-035190,2025-08-10,550.36,670.4413714757254
TR-035191,2025-08-10,783.37,784.8756392938888
TR-035192,2025-08-10,1047.55,1061.309337293148
TR-035193,2025-08-10,5093.1,5076.413766340305
TR-035194,2025-08-10,3093.54,3312.0999082453577
TR-035195,2025-08-10,760.66,810.5093953978408
TR-035196,2025-08-10,2792.14,2926.9298060835195
TR-035197,2025-08-10,5553.52,2287.061092671877
TR-035198,2025-08-10,4582.99,4469.0277909204115
TR-035199,2025-08-10,3857.29,3865.508403172752
TR-035200,2025-08-10,1001.11,998.8388140446218
TR-035201,2025-08-10,337.95,425.95084053805067
TR-035202,2025-08-10,4656.79,4789.020290668751
TR-035203,2025-08-10,660.17,646.9957448051346
TR-035204,2025-08-10,3718.38,3759.0819202494185
TR-035205,2025-08-10,858.29,887.2856515796725
TR-035206,2025-08-10,888.26,961.6518758869506
TR-035207,2025-08-10,2380.21,2449.3106968944367
TR-035208,2025-08-10,2721.3,2849.0541786607905
TR-035209,2025-08-10,3882.23,1334.1289213932555
TR-035210,2025-08-10,649.19,731.9568282446969
TR-035211,2025-08-10,4573.63,4571.624511358488
TR-035212,2025-08-10,789.87,843.539790455854
TR-035213,2025-08-10,1399.97,1418.4228024859099
TR-035214,2025-08-10,496.96,549.1793576197483
TR-035215,2025-08-10,3247.66,3500.60584424274
TR-035216,2025-08-10,3810.01,3961.8497715843514
TR-035217,2025-08-10,1204.71,1210.2837830271474
TR-035218,2025-08-10,4704.17,4964.143775734667
TR-035219,2025-08-10,791.45,776.5101968806212
TR-035220,2025-08-10,4040.02,4169.894523239705
TR-035221,2025-08-10,2894.59,3075.7606615108107
TR-035222,2025-08-10,1646.72,1691.1066486331829
TR-035223,2025-08-10,1513.5,1634.288095212696
TR-035224,2025-08-10,1777.71,1740.290036849454
TR-035225,2025-08-10,1878.82,1873.80409608951
TR-035226,2025-08-10,2769.66,3071.4897786451183
TR-035227,2025-08-10,1161.9,1198.960273237223
TR-035228,2025-08-10,268.64,1359.1830447916009
TR-035229,2025-08-10,919.66,900.2822897177432
TR-035230,2025-08-10,262.01,536.0904296270678
TR-035231,2025-08-10,1197.41,1238.4298545002232
TR-035232,2025-08-10,1389.13,1428.764626509444
TR-035233,2025-08-10,4036.21,4045.0816462179637
TR-035234,2025-08-10,1841.89,1864.5592354721005
TR-035235,2025-08-10,791.5,825.1716959154987
TR-035236,2025-08-10,5414.37,5530.054995338283
TR-035237,2025-08-10,1121.27,1134.367128085633
TR-035238,2025-08-10,826.9,905.5412168170253
TR-035239,2025-08-10,6481.38,6086.993605086647
TR-035240,2025-08-10,2515.98,2816.948966936119
TR-035241,2025-08-10,2327.19,2159.7516158374037
TR-035242,2025-08-10,2412.94,2424.7595142799723
TR-035243,2025-08-10,973.67,1034.4106811020379
TR-035244,2025-08-10,1367.36,1333.640791171772
TR-035245,2025-08-10,5749.81,5524.235232827172
TR-035246,2025-08-10,4277.12,4010.817360906212
TR-035247,2025-08-10,420.44,540.7353479745548
TR-035248,2025-08-10,1416.79,1390.5798426349497
TR-035249,2025-08-10,2495.11,2456.525828456748
TR-035250,2025-08-10,1798.38,1812.508846175026
TR-035251,2025-08-10,1335.27,1408.1101653801616
TR-035252,2025-08-10,1418.91,1368.059902876469
TR-035253,2025-08-10,1491.67,1482.4394337988033
TR-035254,2025-08-10,4273.82,4364.484147352484
TR-035255,2025-08-10,4088.63,4200.312410229316
TR-035256,2025-08-10,767.11,842.4198644824369
TR-035257,2025-08-10,3958.37,3990.961169396613
TR-035258,2025-08-10,974.02,999.785913187283
TR-035259,2025-08-10,636.89,714.165390005589
TR-035260,2025-08-10,1831.93,1897.68760006679
TR-035261,2025-08-10,761.53,828.2001012161352
TR-035262,2025-08-11,4491.77,4430.419706829942
TR-035263,2025-08-11,1524.75,1504.0545535719125
TR-035264,2025-08-11,625.37,689.4500000337521
TR-035265,2025-08-11,3458.25,3582.3588455620675
TR-035266,2025-08-11,1279.49,1278.703651883968
TR-035267,2025-08-11,907.19,936.4031796767592
TR-035268,2025-08-11,2209.07,2301.0390923482387
TR-035269,2025-08-11,953.88,991.1445941901677
TR-035270,2025-08-11,4084.75,4141.892223920848
TR-035271,2025-08-11,1892.94,1901.6954187166227
TR-035272,2025-08-11,600.71,622.0316614269113
TR-035273,2025-08-11,1576.18,1616.759359186306
TR-035274,2025-08-11,2599.39,2437.0500882748497
TR-035275,2025-08-11,2593.96,2496.0653071937268
TR-035276,2025-08-11,888.38,918.0377745980527
TR-035277,2025-08-11,5270.78,5319.513572311544
TR-035278,2025-08-11,2890.49,2848.2615043602545
TR-035279,2025-08-11,3238.03,3317.798222183924
TR-035280,2025-08-11,3421.27,3604.6129329818577
TR-035281,2025-08-11,1334.25,1360.8257442182517
TR-035282,2025-08-11,305.68,1326.9093817680473
TR-035283,2025-08-11,886.67,899.7837087131215
TR-035284,2025-08-11,1872.3,1930.7075025528484
TR-035285,2025-08-11,3017.51,2872.496467079748
TR-035286,2025-08-11,4309.28,4265.441236668501
TR-035287,2025-08-11,3788.89,3816.46536111924
TR-035288,2025-08-11,4313.31,4130.059350442752
TR-035289,2025-08-11,1425.03,1386.2747736836657
TR-035290,2025-08-11,2664.37,2372.6893065787262
TR-035291,2025-08-11,795.95,907.0568777235565
TR-035292,2025-08-11,2334.57,2312.267158909727
TR-035293,2025-08-11,1571.35,1605.995208140123
TR-035294,2025-08-11,3296.51,3210.8901182404893
TR-035295,2025-08-11,729.36,801.113090952791
TR-035296,2025-08-11,747.24,781.8323545389092
TR-035297,2025-08-11,3842.81,3998.8961715879404
TR-035298,2025-08-11,4651.57,1724.5163901389456
TR-035299,2025-08-11,2191.92,2193.025965819673
TR-035300,2025-08-11,1529.59,1728.4081044260838
TR-035301,2025-08-11,3495.32,3592.054390282011
TR-035302,2025-08-11,1985.71,2012.3892858513605
TR-035303,2025-08-11,3666.1,3811.109299990774
TR-035304,2025-08-11,2136.72,2098.6942302685775
TR-035305,2025-08-11,2581.99,2432.9370700829386
TR-035306,2025-08-11,2234.66,2141.204985107668
TR-035307,2025-08-11,1340.58,1333.6191269488827
TR-035308,2025-08-11,3461.55,3736.5805999757217
TR-035309,2025-08-11,4213.99,4201.460932941565
TR-035310,2025-08-11,1395.03,1374.8471429841125
TR-035311,2025-08-11,1103.59,1157.3320294249356
TR-035312,2025-08-11,2388.35,2474.92320008539
TR-035313,2025-08-11,1901.97,1866.2766036693022
TR-035314,2025-08-11,566.28,614.2302458658028
TR-035315,2025-08-11,2606.73,2860.895833364967
TR-035316,2025-08-11,1138.47,1162.568918520908
TR-035317,2025-08-11,3401.27,3367.8881714947183
TR-035318,2025-08-11,1663.41,1697.734528996322
TR-035319,2025-08-11,1796.52,1784.6996553026217
TR-035320,2025-08-11,2254.77,2103.4772980350863
TR-035321,2025-08-11,3690.87,3868.9742193022166
TR-035322,2025-08-11,1985.19,1946.9318198967321
TR-035323,2025-08-11,1871.5,1859.2705836876353
TR-035324,2025-08-11,304.31,480.56473843385083
TR-035325,2025-08-11,1917.59,1902.2653037482805
TR-035326,2025-08-11,1497.97,1503.353517789986
TR-035327,2025-08-11,4638.65,4661.877835706819
TR-035328,2025-08-11,3709.66,3795.3743734314803
TR-035329,2025-08-11,429.58,560.6800543728468
TR-035330,2025-08-11,733.71,784.6160600131141
TR-035331,2025-08-11,2231.77,2016.3428012878567
TR-035332,2025-08-11,1865.51,1798.7388077561827
TR-035333,2025-08-11,1683.04,1756.4996198125268
TR-035334,2025-08-11,3304.34,3375.2135558679656
TR-035335,2025-08-11,3276.77,3371.974891000057
TR-035336,2025-08-11,568.95,569.9160054303122
TR-035337,2025-08-11,3444.01,3016.9652613292938
TR-035338,2025-08-11,1453.67,1400.7822750131281
TR-035339,2025-08-11,2430.57,2329.2917678687327
TR-035340,2025-08-11,1294.06,1331.272769917412
TR-035341,2025-08-11,3617.96,3677.8006433805676
TR-035342,2025-08-11,1181.25,1223.5733193814765
TR-035343,2025-08-11,1498.56,1515.9454493421592
TR-035344,2025-08-11,765.88,818.8820057856597
TR-035345,2025-08-11,2669.69,2728.4903398749893
TR-035346,2025-08-11,1612.19,1651.6296718477533
TR-035347,2025-08-11,1492.87,1500.0303320842168
TR-035348,2025-08-11,1386.4,1378.841754436156
TR-035349,2025-08-11,1670.87,1666.9654571585634
TR-035350,2025-08-11,1790.56,1837.9575418186741
TR-035351,2025-08-11,2142.78,2249.3403285168038
TR-035352,2025-08-11,1623.25,1612.7953290344335
TR-035353,2025-08-11,3352.96,3362.0953238537463
TR-035354,2025-08-11,5452.45,5339.185802969057
TR-035355,2025-08-11,4119.36,4191.390194465142
TR-035356,2025-08-11,2659.28,2389.805302379311
TR-035357,2025-08-11,4882.05,4946.807446435523
TR-035358,2025-08-11,518.13,632.0566653119777
TR-035359,2025-08-11,1430.63,1467.496958603182
TR-035360,2025-08-11,831.87,852.1444447580493
TR-035361,2025-08-11,3000.01,2803.8919295060946
TR-035362,2025-08-11,1544.93,1536.33424451528
TR-035363,2025-08-11,2402.26,2388.4150939789024
TR-035364,2025-08-11,3810.04,3960.076143936004
TR-035365,2025-08-11,5972.5,5703.602389190738
TR-035366,2025-08-11,2494.39,2226.5466611626744
TR-035367,2025-08-11,1896.38,1949.8847200723428
TR-035368,2025-08-11,2240.73,2437.394484889333
TR-035369,2025-08-11,1992.2,1978.5988618335384
TR-035370,2025-08-11,934.02,949.4968928002522
TR-035371,2025-08-11,5164.25,5013.472114527101
TR-035372,2025-08-11,6014.82,1366.8525206238214
TR-035373,2025-08-11,1999.18,1966.288171317693
TR-035374,2025-08-11,1357.81,1365.1576782885713
TR-035375,2025-08-11,568.19,563.2853651409155
TR-035376,2025-08-11,1742.95,1818.3692429251396
TR-035377,2025-08-11,1367.57,1390.4323943655413
TR-035378,2025-08-11,3965.59,3974.014688830047
TR-035379,2025-08-11,4264.24,4079.3518492336893
TR-035380,2025-08-11,758.85,744.9401824848317
TR-035381,2025-08-11,685.02,740.218589095952
TR-035382,2025-08-11,1579.0,1573.7806998546268
TR-035383,2025-08-11,1033.19,1063.872556590009
TR-035384,2025-08-11,1554.74,1569.313309455366
TR-035385,2025-08-11,2934.63,3264.3261208652075
TR-035386,2025-08-11,3974.16,4123.965707620551
TR-035387,2025-08-11,2213.47,2194.1017898578543
TR-035388,2025-08-11,6007.97,5800.192920622088
TR-035389,2025-08-12,4173.86,4283.194076252713
TR-035390,2025-08-12,2055.39,1905.9968507618416
TR-035391,2025-08-12,760.89,825.6798010867883
TR-035392,2025-08-12,3191.5,2987.221440859553
TR-035393,2025-08-12,3137.2,3674.403772035753
TR-035394,2025-08-12,2247.29,2166.2807175543744
TR-035395,2025-08-12,1564.87,1648.8004994007833
TR-035396,2025-08-12,1355.11,1354.2167773359254
TR-035397,2025-08-12,1547.8,1604.893055589504
TR-035398,2025-08-12,1764.71,1753.5857075146064
TR-035399,2025-08-12,2448.27,2373.9998123398464
TR-035400,2025-08-12,733.93,762.0762259031196
TR-035401,2025-08-12,3274.68,3376.420760288966
TR-035402,2025-08-12,1267.48,1208.7708534771766
TR-035403,2025-08-12,1129.75,1136.675210763622
TR-035404,2025-08-12,1294.1,1264.641778784653
TR-035405,2025-08-12,1804.71,1769.7050206494703
TR-035406,2025-08-12,3418.29,3433.331785818969
TR-035407,2025-08-12,1418.4,1466.5792164237969
TR-035408,2025-08-12,6117.19,6022.330551550745
TR-035409,2025-08-12,1555.07,1552.2378672641996
TR-035410,2025-08-12,1580.51,1636.695048288963
TR-035411,2025-08-12,817.61,886.5207916718555
TR-035412,2025-08-12,1120.36,1128.638700279027
TR-035413,2025-08-12,3874.7,3765.033318345695
TR-035414,2025-08-12,2827.06,2703.591783320193
TR-035415,2025-08-12,4015.75,4065.65170781318
TR-035416,2025-08-12,487.49,604.3505666666356
TR-035417,2025-08-12,3278.0,3296.513016338207
TR-035418,2025-08-12,490.96,569.4660157805824
TR-035419,2025-08-12,4894.91,4918.720077651736
TR-035420,2025-08-12,3058.8,3067.4728568570413
TR-035421,2025-08-12,1012.87,1036.2555634083851
TR-035422,2025-08-12,719.03,781.0716416226715
TR-035423,2025-08-12,1188.59,1168.9305450624854
TR-035424,2025-08-12,3800.8,3943.7167036507253
TR-035425,2025-08-12,1721.02,1805.4196475450774
TR-035426,2025-08-12,4414.39,4667.774096194786
TR-035427,2025-08-12,4433.82,4555.937445206849
TR-035428,2025-08-12,899.73,891.8326478292208
TR-035429,2025-08-12,3180.76,3395.0173332845266
TR-035430,2025-08-12,2346.24,2403.270541940244
TR-035431,2025-08-12,1320.13,1310.8631072823014
TR-035432,2025-08-12,4222.33,4420.904531434822
TR-035433,2025-08-12,4741.87,4723.427911539944
TR-035434,2025-08-12,222.13,477.5890365388459
TR-035435,2025-08-12,2416.63,2517.859262896942
TR-035436,2025-08-12,1033.95,1038.8589774267605
TR-035437,2025-08-12,4163.04,4129.494636055201
TR-035438,2025-08-12,2875.26,3107.987400917693
TR-035439,2025-08-12,1835.64,1719.1359393274204
TR-035440,2025-08-12,1546.47,1500.8127817675597
TR-035441,2025-08-12,959.82,1005.6892104045481
TR-035442,2025-08-12,1542.4,1442.8151504137709
TR-035443,2025-08-12,4475.75,4319.2424672373545
TR-035444,2025-08-12,3716.68,3584.736792938333
TR-035445,2025-08-12,1513.38,1521.1343074008607
TR-035446,2025-08-12,1007.71,970.9742718210625
TR-035447,2025-08-12,1407.86,1499.9460218393951
TR-035448,2025-08-12,4698.32,4987.4254169246815
TR-035449,2025-08-12,2878.99,2990.1103544186717
TR-035450,2025-08-12,753.64,2680.2101009733206
TR-035451,2025-08-12,3030.24,3174.870292710879
TR-035452,2025-08-12,1073.62,1088.381928807306
TR-035453,2025-08-12,1280.53,1243.0445169459772
TR-035454,2025-08-12,2650.02,2532.3340706261833
TR-035455,2025-08-12,2350.23,2388.622452021931
TR-035456,2025-08-12,2090.34,2106.679986365736
TR-035457,2025-08-12,1833.04,1855.5900283687556
TR-035458,2025-08-12,2984.48,3244.686231605867
TR-035459,2025-08-12,5417.7,5533.044411964912
TR-035460,2025-08-12,1502.08,1566.801866821605
TR-035461,2025-08-12,2498.65,2334.3064945444503
TR-035462,2025-08-12,2198.17,1942.1766713740678
TR-035463,2025-08-12,2467.43,2514.2480018661618
TR-035464,2025-08-12,3079.37,3080.884677275315
TR-035465,2025-08-12,1192.7,1200.1836981160118
TR-035466,2025-08-12,2707.75,2770.3484331661066
TR-035467,2025-08-12,3128.98,3296.8575755744228
TR-035468,2025-08-12,1922.58,1975.2602813480732
TR-035469,2025-08-12,17742.34,4349.015254300195
TR-035470,2025-08-12,4709.82,4605.108162196544
TR-035471,2025-08-12,531.16,551.9224738090695
TR-035472,2025-08-12,713.31,757.7470991971995
TR-035473,2025-08-12,1229.37,1203.5796139000443
TR-035474,2025-08-12,2903.46,3094.8491373149495
TR-035475,2025-08-12,4558.05,4461.523908070238
TR-035476,2025-08-12,1345.5,5514.573905234023
TR-035477,2025-08-12,2177.5,2315.459867036495
TR-035478,2025-08-12,1850.03,1799.7101961707283
TR-035479,2025-08-12,4914.03,4893.976458126237
TR-035480,2025-08-12,4241.98,4544.222405535375
TR-035481,2025-08-12,447.03,601.9564589969123
TR-035482,2025-08-12,2631.33,2504.5387359212627
TR-035483,2025-08-12,979.25,1007.0114481902551
TR-035484,2025-08-12,2717.02,2600.871618034132
TR-035485,2025-08-12,3253.74,3456.283020769589
TR-035486,2025-08-12,3963.28,3952.4202527926795
TR-035487,2025-08-12,1881.37,1911.69008853413
TR-035488,2025-08-12,817.86,879.5136495043278
TR-035489,2025-08-12,5590.56,5583.497649391196
TR-035490,2025-08-12,1575.11,1581.0943365245837
TR-035491,2025-08-12,2216.38,2347.6639450356975
TR-035492,2025-08-12,233.96,438.4363565591798
TR-035493,2025-08-12,1023.88,1062.417204763505
TR-035494,2025-08-12,5942.84,5991.818439147951
TR-035495,2025-08-12,1675.03,1607.5747425624418
TR-035496,2025-08-12,1768.75,1845.4251329031931
TR-035497,2025-08-12,1523.87,1516.69812754978
TR-035498,2025-08-12,1269.77,1273.8328278763704
TR-035499,2025-08-12,1542.49,1526.5040941262823
TR-035500,2025-08-12,2010.8,2032.7518362151422
TR-035501,2025-08-12,1927.86,1961.0190611599596
TR-035502,2025-08-12,3707.97,3752.438284140565
TR-035503,2025-08-12,1932.14,2183.67642149516
TR-035504,2025-08-12,3943.12,4173.644100606349
TR-035505,2025-08-12,1672.08,1744.5965886137656
TR-035506,2025-08-12,2046.7,2011.1111534782242
TR-035507,2025-08-12,3880.13,3866.581518725272
TR-035508,2025-08-12,2172.33,2120.7441921473105
TR-035509,2025-08-12,3677.1,3657.5868113109436
TR-035510,2025-08-12,5619.9,5638.336005308864
TR-035511,2025-08-12,1605.32,1485.2722136809189
TR-035512,2025-08-12,942.11,966.824746876701
TR-035513,2025-08-12,3378.16,3415.319764713352
TR-035514,2025-08-12,1022.74,1051.7882533049228
TR-035515,2025-08-12,4776.8,4635.452650488332
TR-035516,2025-08-12,1376.52,1400.8450775780148
TR-035517,2025-08-12,4728.39,4688.988796250176
TR-035518,2025-08-12,1027.67,1076.6482582889148
TR-035519,2025-08-12,1936.23,1974.403086372545
TR-035520,2025-08-12,1953.3,1963.8231017557584
TR-035521,2025-08-12,3869.9,3867.365323692441
TR-035522,2025-08-12,3504.32,3373.4206069718175
TR-035523,2025-08-12,1728.42,1760.8664793464586
TR-035524,2025-08-12,12284.47,3644.2094231516994
TR-035525,2025-08-12,3103.93,3267.37046072102
TR-035526,2025-08-12,1240.54,1217.1743961378697
TR-035527,2025-08-12,1800.36,1790.3277993754791
TR-035528,2025-08-12,1033.46,1055.639570142339
TR-035529,2025-08-12,4059.2,4147.366813931314
TR-035530,2025-08-12,1682.04,1635.7887927388674
TR-035531,2025-08-12,890.09,928.56179969605
TR-035532,2025-08-12,3393.28,3515.620800969733
TR-035533,2025-08-12,338.93,443.0437295698291
TR-035534,2025-08-12,1324.37,1290.762851701912
TR-035535,2025-08-12,4232.5,4291.480235833222
TR-035536,2025-08-12,808.78,843.7710663486041
TR-035537,2025-08-12,5172.18,5243.3016705430655
TR-035538,2025-08-12,298.71,391.5825683722828
TR-035539,2025-08-12,1030.03,1021.0914761597338
TR-035540,2025-08-12,1361.82,1346.3298968783793
TR-035541,2025-08-12,1839.3,1832.636631316022
TR-035542,2025-08-12,1178.19,1232.2132204479008
TR-035543,2025-08-12,1260.69,1343.5498631148823
TR-035544,2025-08-13,2552.52,2183.3524450577993
TR-035545,2025-08-13,1419.2,1453.6847251667527
TR-035546,2025-08-13,826.03,809.7604992243535
TR-035547,2025-08-13,1484.31,1592.3808281330587
TR-035548,2025-08-13,1666.06,1655.8118168476565
TR-035549,2025-08-13,3964.03,4099.867940176695
TR-035550,2025-08-13,4176.33,4322.004016874046
TR-035551,2025-08-13,1515.66,1434.9093099825984
TR-035552,2025-08-13,1631.7,1593.6174843474303
TR-035553,2025-08-13,2224.17,2149.9058077386217
TR-035554,2025-08-13,1029.13,997.2183818640183
TR-035555,2025-08-13,2069.22,2270.2069604603876
TR-035556,2025-08-13,1009.14,1098.5932360903946
TR-035557,2025-08-13,1848.52,1900.1083074509734
TR-035558,2025-08-13,796.71,767.3895587497313
TR-035559,2025-08-13,4262.9,4100.028626005009
TR-035560,2025-08-13,1210.29,1268.4503861302799
TR-035561,2025-08-13,1775.63,1833.4864936338406
TR-035562,2025-08-13,5690.1,5466.101781435716
TR-035563,2025-08-13,1281.27,1303.9565593908012
TR-035564,2025-08-13,5170.25,5316.552812053722
TR-035565,2025-08-13,2052.87,2028.3615801670794
TR-035566,2025-08-13,3910.47,3929.1669682140573
TR-035567,2025-08-13,1507.98,1519.74924101794
TR-035568,2025-08-13,3624.2,3679.9833190832287
TR-035569,2025-08-13,3890.34,4115.308788868736
TR-035570,2025-08-13,1267.81,1272.839266817885
TR-035571,2025-08-13,2743.85,2718.4160880401114
TR-035572,2025-08-13,2509.34,2638.350681635051
TR-035573,2025-08-13,2255.21,2093.1756759070827
TR-035574,2025-08-13,2562.47,2234.0890381060008
TR-035575,2025-08-13,2409.79,2452.4695294334842
TR-035576,2025-08-13,5738.04,5614.273258688895
TR-035577,2025-08-13,3004.32,3162.3399295480567
TR-035578,2025-08-13,2237.22,2402.3855322250974
TR-035579,2025-08-13,822.99,403.00130570021474
TR-035580,2025-08-13,913.22,919.7024968118419
TR-035581,2025-08-13,4926.46,4669.21201470348
TR-035582,2025-08-13,1981.8,1916.8320208017822
TR-035583,2025-08-13,2280.93,2596.7466158115876
TR-035584,2025-08-13,2131.94,2286.451431627316
TR-035585,2025-08-13,1522.31,1560.5823595846662
TR-035586,2025-08-13,355.65,416.74099752796565
TR-035587,2025-08-13,1930.02,1873.2306262966108
TR-035588,2025-08-13,1888.96,1886.9915943430756
TR-035589,2025-08-13,3872.5,3653.6297800337575
TR-035590,2025-08-13,302.81,1612.5227124705311
TR-035591,2025-08-13,2264.42,2274.1244024123757
TR-035592,2025-08-13,727.21,796.3658407117612
TR-035593,2025-08-13,884.52,948.079613752971
TR-035594,2025-08-13,5296.44,5393.691519044977
TR-035595,2025-08-13,759.64,819.9498712503212
TR-035596,2025-08-13,4554.85,4518.846018407509
TR-035597,2025-08-13,948.79,995.6228545165916
TR-035598,2025-08-13,3905.64,3952.972505256552
TR-035599,2025-08-13,4684.95,4662.0016706049055
TR-035600,2025-08-13,3891.19,3826.9027017665803
TR-035601,2025-08-13,2593.66,2727.164914824257
TR-035602,2025-08-13,1760.4,1855.6709102874047
TR-035603,2025-08-13,1395.09,1332.5010853726917
TR-035604,2025-08-13,1420.13,1465.157555329556
TR-035605,2025-08-13,3262.87,3513.2177705820395
TR-035606,2025-08-13,1339.62,1356.524095095603
TR-035607,2025-08-13,1190.11,1239.3403668750743
TR-035608,2025-08-13,2160.05,2342.983714402682
TR-035609,2025-08-13,1608.46,1745.4117831284157
TR-035610,2025-08-13,1971.11,1946.9780815317167
TR-035611,2025-08-13,1684.44,1720.7950493870294
TR-035612,2025-08-13,3163.22,3119.4931195235295
TR-035613,2025-08-13,2313.16,2430.0634449414138
TR-035614,2025-08-13,1599.48,1638.3027356872847
TR-035615,2025-08-13,3034.89,3328.5494627311205
TR-035616,2025-08-13,1756.55,1755.1576763019493
TR-035617,2025-08-13,4927.52,4740.102696470706
TR-035618,2025-08-13,1012.15,1026.9561119739096
TR-035619,2025-08-13,4546.93,4495.086955836858
TR-035620,2025-08-13,874.12,944.4295556902237
TR-035621,2025-08-13,1871.38,2003.1077415105462
TR-035622,2025-08-13,2556.82,2475.181450181124
TR-035623,2025-08-13,1645.91,1518.5449716008093
TR-035624,2025-08-13,1357.84,1358.6937184801618
TR-035625,2025-08-13,2096.07,2340.7194346207507
TR-035626,2025-08-13,2795.68,2929.598837535109
TR-035627,2025-08-13,1268.28,1267.4646598816369
TR-035628,2025-08-13,3867.7,3934.8817493837664
TR-035629,2025-08-13,1005.63,1003.113095551288
TR-035630,2025-08-13,630.43,690.1577039045626
TR-035631,2025-08-13,1968.99,1979.7493358629347
TR-035632,2025-08-13,1530.17,1487.1235250490117
TR-035633,2025-08-13,1454.54,1488.8451395188627
TR-035634,2025-08-13,1723.73,1737.856137438056
TR-035635,2025-08-13,1925.19,1945.1711434552565
TR-035636,2025-08-13,1098.27,1092.5962643311261
TR-035637,2025-08-13,470.28,483.89955746994474
TR-035638,2025-08-13,614.86,693.423817952041
TR-035639,2025-08-13,1762.98,1726.8833883269863
TR-035640,2025-08-13,3283.74,2883.7877154791113
TR-035641,2025-08-13,1976.0,1897.5685102419143
TR-035642,2025-08-13,4820.41,4975.063010416707
TR-035643,2025-08-13,1831.89,1837.081245143982
TR-035644,2025-08-13,948.0,975.1306941688645
TR-035645,2025-08-13,4394.74,4220.162593138756
TR-035646,2025-08-13,1318.27,1335.9360771759734
TR-035647,2025-08-13,1251.39,1270.6561544370024
TR-035648,2025-08-13,802.54,780.1224700077826
TR-035649,2025-08-13,2304.56,2154.4943680122265
TR-035650,2025-08-13,1117.83,1092.562307560095
TR-035651,2025-08-13,2890.03,2908.5400354056046
TR-035652,2025-08-13,1793.66,1852.387809528981
TR-035653,2025-08-13,1743.89,1688.8150979461875
TR-035654,2025-08-13,2305.98,2403.174348430015
TR-035655,2025-08-13,2038.96,1977.0662795996755
TR-035656,2025-08-13,1700.53,1720.2525668099697
TR-035657,2025-08-13,1994.51,1972.9828674323217
TR-035658,2025-08-13,1113.64,1134.3739141681663
TR-035659,2025-08-13,2225.94,2384.972987020918
TR-035660,2025-08-13,587.21,691.3319004720745
TR-035661,2025-08-13,2295.26,2277.1175188920456
TR-035662,2025-08-13,1196.61,1176.2361697239548
TR-035663,2025-08-13,676.49,679.9136923174481
TR-035664,2025-08-13,580.17,688.6552639182971
TR-035665,2025-08-13,4025.07,4147.097751117845
TR-035666,2025-08-13,4661.36,4492.519783054296
TR-035667,2025-08-13,2354.29,2221.3518750377325
TR-035668,2025-08-13,4620.01,4373.124360367559
TR-035669,2025-08-13,968.25,994.6978678624816
TR-035670,2025-08-13,1918.8,1937.6751716322788
TR-035671,2025-08-13,5501.64,5211.758037733478
TR-035672,2025-08-13,483.01,567.7697587326957
TR-035673,2025-08-13,2454.32,2206.077713583759
TR-035674,2025-08-13,1769.44,1984.9963614706019
TR-035675,2025-08-13,1845.72,1807.0211576609056
TR-035676,2025-08-13,1312.8,1279.8848266007426
TR-035677,2025-08-13,1694.66,2023.917779664447
TR-035678,2025-08-13,1809.36,2019.8301927741575
TR-035679,2025-08-13,1897.88,2088.030416967785
TR-035680,2025-08-13,4480.32,4363.546249810464
TR-035681,2025-08-13,1759.48,1945.5241585662034
TR-035682,2025-08-13,2512.99,2616.300368316612
TR-035683,2025-08-13,3552.86,3554.800896266677
TR-035684,2025-08-13,2570.44,2756.670067131443
TR-035685,2025-08-13,1381.64,1383.1395933605827
TR-035686,2025-08-13,2320.32,2159.3623478686286
TR-035687,2025-08-13,1493.45,1451.8403938770205
TR-035688,2025-08-13,2384.33,2386.295818756465
TR-035689,2025-08-13,3374.69,3550.8087095622245
TR-035690,2025-08-13,4291.28,4293.0502301923125
TR-035691,2025-08-13,2455.25,2391.734968183004
TR-035692,2025-08-13,730.02,754.6250532350316
TR-035693,2025-08-13,1794.44,1683.8411139830698
TR-035694,2025-08-13,4860.05,5006.618352575786
TR-035695,2025-08-13,2245.67,2312.247893994275
TR-035696,2025-08-13,2018.63,2288.4626620582644
TR-035697,2025-08-13,2023.64,1966.387315638349
TR-035698,2025-08-13,1626.46,1643.5568098966005
TR-035699,2025-08-13,1626.49,1678.5070379620709
TR-035700,2025-08-13,1178.32,1179.9011755619686
TR-035701,2025-08-13,3061.21,2867.542974771939
TR-035702,2025-08-13,1901.31,1789.7055925560242
TR-035703,2025-08-14,4919.05,4842.9251569615635
TR-035704,2025-08-14,555.29,609.7933578066536
TR-035705,2025-08-14,2184.73,2339.56856152873
TR-035706,2025-08-14,3680.0,3665.6790486836653
TR-035707,2025-08-14,1646.85,1618.5482996812102
TR-035708,2025-08-14,4275.68,4321.347258315371
TR-035709,2025-08-14,3728.88,3866.6585529370923
TR-035710,2025-08-14,4175.17,4376.25748613557
TR-035711,2025-08-14,1533.45,1456.9464537242102
TR-035712,2025-08-14,3932.57,3978.7885469439198
TR-035713,2025-08-14,1100.7,1113.5101957531979
TR-035714,2025-08-14,1710.79,1652.5760233488081
TR-035715,2025-08-14,3898.03,3709.8869099821095
TR-035716,2025-08-14,718.5,749.7915520717602
TR-035717,2025-08-14,2188.02,2115.6523356384264
TR-035718,2025-08-14,1010.12,1028.5816537429032
TR-035719,2025-08-14,1552.79,1483.4931807807134
TR-035720,2025-08-14,788.21,792.2742316351637
TR-035721,2025-08-14,3463.64,3486.157909872577
TR-035722,2025-08-14,4194.23,4123.256462623408
TR-035723,2025-08-14,4851.23,4851.300011288076
TR-035724,2025-08-14,2504.16,2580.2083996404317
TR-035725,2025-08-14,3550.99,3368.064805478197
TR-035726,2025-08-14,996.66,973.837502147313
TR-035727,2025-08-14,1763.78,1795.303652939864
TR-035728,2025-08-14,3821.38,3769.3867698544223
TR-035729,2025-08-14,3246.78,3346.6872642244257
TR-035730,2025-08-14,5911.62,5831.731867414744
TR-035731,2025-08-14,1001.34,1029.5174695116848
TR-035732,2025-08-14,5292.71,5276.912964148378
TR-035733,2025-08-14,2202.79,2115.896109724877
TR-035734,2025-08-14,2602.76,2523.6867571042458
TR-035735,2025-08-14,1704.91,1702.4608593590374
TR-035736,2025-08-14,2388.42,2142.6730768118855
TR-035737,2025-08-14,5332.67,5302.940340266663
TR-035738,2025-08-14,1160.03,1168.3778823911132
TR-035739,2025-08-14,1491.11,1516.0017039930444
TR-035740,2025-08-14,1554.43,1625.373713302604
TR-035741,2025-08-14,2773.45,2580.6245033088803
TR-035742,2025-08-14,4762.65,4851.589572115774
TR-035743,2025-08-14,3702.16,3418.2655395412694
TR-035744,2025-08-14,5680.52,5350.761234705718
TR-035745,2025-08-14,694.63,782.5659866045578
TR-035746,2025-08-14,1427.92,1432.8071136365734
TR-035747,2025-08-14,1083.82,1107.5264076565272
TR-035748,2025-08-14,2419.34,2471.415068967304
TR-035749,2025-08-14,955.18,958.284067778796
TR-035750,2025-08-14,1277.52,1266.784347517245
TR-035751,2025-08-14,4740.74,4788.843655601955
TR-035752,2025-08-14,716.74,775.470586045893
TR-035753,2025-08-14,2838.44,2861.5428752590074
TR-035754,2025-08-14,3893.12,3878.9722700652715
TR-035755,2025-08-14,1567.72,1586.6480537323348
TR-035756,2025-08-14,886.12,930.3886142998506
TR-035757,2025-08-14,5010.88,4910.702389181053
TR-035758,2025-08-14,321.79,370.13979714975335
TR-035759,2025-08-14,1432.89,1420.1296459192863
TR-035760,2025-08-14,324.08,528.2927619642151
TR-035761,2025-08-14,510.01,555.6293395542507
TR-035762,2025-08-14,2136.98,2031.5587356630251
TR-035763,2025-08-14,2835.46,2770.8349476621684
TR-035764,2025-08-14,3036.26,3026.565256656887
TR-035765,2025-08-14,845.61,859.2526281792104
TR-035766,2025-08-14,4715.34,4683.390271519342
TR-035767,2025-08-14,4324.68,4399.4175441651605
TR-035768,2025-08-14,3107.7,3070.811215038048
TR-035769,2025-08-14,5420.15,5412.5522058798615
TR-035770,2025-08-14,754.24,805.0852715881481
TR-035771,2025-08-14,1381.84,1343.9315665033862
TR-035772,2025-08-14,2820.29,2625.179027789704
TR-035773,2025-08-14,2002.2,1964.912860920291
TR-035774,2025-08-14,3069.57,3336.2476938722803
TR-035775,2025-08-14,4823.97,4750.788928740868
TR-035776,2025-08-14,3029.65,3234.182795744028
TR-035777,2025-08-14,1431.15,1340.6398786422642
TR-035778,2025-08-14,1410.33,1363.676366238676
TR-035779,2025-08-14,1280.36,1273.387577559928
TR-035780,2025-08-14,4034.06,4002.470723232834
TR-035781,2025-08-14,1682.41,1676.3583593273534
TR-035782,2025-08-14,722.88,804.5246095057303
TR-035783,2025-08-14,556.01,659.8285387029819
TR-035784,2025-08-14,1361.82,1448.6458210860387
TR-035785,2025-08-14,890.14,991.454675771565
TR-035786,2025-08-14,1181.54,1173.2629768899915
TR-035787,2025-08-14,5714.96,5604.706129065466
TR-035788,2025-08-14,2424.97,2255.1933607329424
TR-035789,2025-08-14,2189.04,2115.7946965224737
TR-035790,2025-08-14,2733.22,2825.140742210282
TR-035791,2025-08-14,3046.33,3048.365564942533
TR-035792,2025-08-14,1858.94,1887.4870440275886
TR-035793,2025-08-14,1609.89,1572.7851420393931
TR-035794,2025-08-14,2743.14,2463.35799317573
TR-035795,2025-08-14,4403.55,4513.695033245942
TR-035796,2025-08-14,1348.0,1376.2821277513633
TR-035797,2025-08-14,1102.47,1132.169176795278
TR-035798,2025-08-14,3548.54,3575.8929638546774
TR-035799,2025-08-14,3705.12,3821.819668353355
TR-035800,2025-08-14,1330.98,1390.3546280590908
TR-035801,2025-08-14,2557.91,2102.6803251382635
TR-035802,2025-08-14,871.65,965.4135874479957
TR-035803,2025-08-14,1448.35,1418.6239376721396
TR-035804,2025-08-14,912.97,964.1443330392763
TR-035805,2025-08-14,4201.17,4089.783637667961
TR-035806,2025-08-14,3416.73,3579.235918172689
TR-035807,2025-08-14,2708.64,2924.7379678054604
TR-035808,2025-08-14,930.25,980.0360603658253
TR-035809,2025-08-14,1339.32,1347.0958787953289
TR-035810,2025-08-14,2294.66,2520.007803333823
TR-035811,2025-08-14,5034.02,5313.591325150921
TR-035812,2025-08-14,3268.75,3384.482670233786
TR-035813,2025-08-14,3779.93,3749.536722503528
TR-035814,2025-08-14,2094.06,2028.5355233954895
TR-035815,2025-08-14,1271.47,1280.4651100519657
TR-035816,2025-08-14,2414.56,2476.8179171653555
TR-035817,2025-08-14,3129.28,3082.6540757527778
TR-035818,2025-08-14,1487.91,1726.1820345927322
TR-035819,2025-08-14,5102.64,5104.813219369353
TR-035820,2025-08-14,726.95,808.0555779897686
TR-035821,2025-08-14,5004.21,4917.861491134281
TR-035822,2025-08-14,890.84,939.758775595157
TR-035823,2025-08-14,5441.3,5498.332497486192
TR-035824,2025-08-14,542.38,573.9518079977097
TR-035825,2025-08-14,2715.78,3001.4858955593577
TR-035826,2025-08-14,2147.75,2395.764608089225
TR-035827,2025-08-14,3812.05,3917.1512330542982
TR-035828,2025-08-14,1783.53,1803.071577005873
TR-035829,2025-08-14,600.73,694.3942789603582
TR-035830,2025-08-14,212.76,448.712610067892
TR-035831,2025-08-14,1526.07,1560.64635475979
TR-035832,2025-08-14,2091.82,2045.9934700103074
TR-035833,2025-08-14,563.43,659.439995037912
TR-035834,2025-08-14,11797.79,2848.720948311665
TR-035835,2025-08-14,828.81,914.4723389215985
TR-035836,2025-08-14,2201.48,2160.635453159911
TR-035837,2025-08-14,732.97,721.4274410405599
TR-035838,2025-08-14,986.09,985.5802807135824
TR-035839,2025-08-14,829.25,824.5056945124488
TR-035840,2025-08-14,2398.11,2294.984802908939
TR-035841,2025-08-14,1022.33,1040.7371032120946
TR-035842,2025-08-14,2957.43,2965.143801703516
TR-035843,2025-08-14,4173.83,3976.599692769356
TR-035844,2025-08-14,375.17,496.2540744975049
TR-035845,2025-08-14,2063.37,2301.758596359523
TR-035846,2025-08-14,2337.41,2249.3731009331395
TR-035847,2025-08-14,2554.62,2468.79271994607
TR-035848,2025-08-14,1079.31,1086.2431881808534
TR-035849,2025-08-14,2760.37,2562.50576985838
TR-035850,2025-08-14,3329.1,3505.2358790210815
TR-035851,2025-08-14,955.7,997.267551814894
TR-035852,2025-08-14,4087.87,4185.6010101792
TR-035853,2025-08-14,2007.27,1900.6046262820523
TR-035854,2025-08-14,3863.93,3826.9687749526906
TR-035855,2025-08-14,878.84,880.3251121028109
TR-035856,2025-08-14,1520.44,1485.4526571795504
TR-035857,2025-08-14,3824.57,3802.1069064390595
TR-035858,2025-08-14,2660.65,2727.389606382184
TR-035859,2025-08-14,3488.59,3499.4628824121605
TR-035860,2025-08-14,1038.35,1062.8811916300394
TR-035861,2025-08-15,2545.38,2578.9795336438824
TR-035862,2025-08-15,1744.99,1761.0032992508275
TR-035863,2025-08-15,2886.57,3067.819361629351
TR-035864,2025-08-15,2209.86,2358.403633983054
TR-035865,2025-08-15,2139.65,2270.4032724010212
TR-035866,2025-08-15,2580.47,2446.018278693148
TR-035867,2025-08-15,2051.54,1994.644543587464
TR-035868,2025-08-15,530.93,615.5457231492007
TR-035869,2025-08-15,4934.24,5000.677317729951
TR-035870,2025-08-15,1522.56,1474.723429715557
TR-035871,2025-08-15,843.95,919.6706836532649
TR-035872,2025-08-15,1401.96,1375.1250841264787
TR-035873,2025-08-15,1423.89,1443.0686874085213
TR-035874,2025-08-15,4172.95,4227.025431071248
TR-035875,2025-08-15,2285.21,2363.212354726217
TR-035876,2025-08-15,2529.79,2680.0379991105638
TR-035877,2025-08-15,2425.46,2451.079013897501
TR-035878,2025-08-15,728.58,794.8941216322614
TR-035879,2025-08-15,2640.59,2888.6835449060004
TR-035880,2025-08-15,1688.52,1789.4906769419313
TR-035881,2025-08-15,3163.17,3272.6688440194225
TR-035882,2025-08-15,4166.5,4137.991073293886
TR-035883,2025-08-15,1133.46,1122.7830620846962
TR-035884,2025-08-15,3905.16,4027.1896113040375
TR-035885,2025-08-15,956.31,979.6158840298081
TR-035886,2025-08-15,785.61,889.6295970266401
TR-035887,2025-08-15,979.97,988.7482099020158
TR-035888,2025-08-15,4185.15,4032.601016431129
TR-035889,2025-08-15,4475.11,4316.646594983191
TR-035890,2025-08-15,2052.77,2034.3426828313766
TR-035891,2025-08-15,2969.82,2992.3184921568964
TR-035892,2025-08-15,2406.46,2509.5076810040846
TR-035893,2025-08-15,3706.18,3862.2693302976495
TR-035894,2025-08-15,2966.94,2371.357243620219
TR-035895,2025-08-15,1889.77,1971.0327167116245
TR-035896,2025-08-15,1218.39,1231.2094155929371
TR-035897,2025-08-15,3733.14,3794.1475284060643
TR-035898,2025-08-15,2341.55,2403.6124754312827
TR-035899,2025-08-15,2601.85,2523.361603375339
TR-035900,2025-08-15,3464.46,3465.8004870772256
TR-035901,2025-08-15,647.94,731.5321757909924
TR-035902,2025-08-15,1031.84,1052.2892126161785
TR-035903,2025-08-15,3083.86,3181.206313347676
TR-035904,2025-08-15,404.73,535.0342345405911
TR-035905,2025-08-15,8904.72,2158.6166258188346
TR-035906,2025-08-15,1588.68,1557.5668111593993
TR-035907,2025-08-15,3962.92,3887.824972814061
TR-035908,2025-08-15,5807.63,5616.792557304071
TR-035909,2025-08-15,1767.45,1755.3483497526868
TR-035910,2025-08-15,1221.98,1195.4232207352698
TR-035911,2025-08-15,2330.98,2333.180505107481
TR-035912,2025-08-15,4384.86,4427.960566556143
TR-035913,2025-08-15,2050.76,2047.4465123145317
TR-035914,2025-08-15,1032.82,1048.714105760289
TR-035915,2025-08-15,3462.97,3121.5930457408776
TR-035916,2025-08-15,1897.9,2315.6301134049127
TR-035917,2025-08-15,3018.47,3061.4295481356335
TR-035918,2025-08-15,4738.76,4736.71536190043
TR-035919,2025-08-15,1606.85,1559.5521540205448
TR-035920,2025-08-15,430.98,523.1698008722865
TR-035921,2025-08-15,5297.2,5371.611389011486
TR-035922,2025-08-15,3993.33,4092.384160626883
TR-035923,2025-08-15,2143.25,2007.2497006905892
TR-035924,2025-08-15,2434.72,2133.512434283068
TR-035925,2025-08-15,3644.74,3813.1244732498126
TR-035926,2025-08-15,415.29,540.6161887949065
TR-035927,2025-08-15,2613.88,2503.5515416007147
TR-035928,2025-08-15,1284.33,1288.7001217861452
TR-035929,2025-08-15,1435.28,1317.9008688311087
TR-035930,2025-08-15,2208.18,2063.0937150025284
TR-035931,2025-08-15,826.49,865.5211548140392
TR-035932,2025-08-15,1963.65,1982.8444039316983
TR-035933,2025-08-15,960.97,966.4657394585226
TR-035934,2025-08-15,4252.53,4088.0053330044743
TR-035935,2025-08-15,4544.84,4591.39187489647
TR-035936,2025-08-15,4500.1,4305.484368805489
TR-035937,2025-08-15,1981.29,1907.088108164189
TR-035938,2025-08-15,2134.19,2048.259717367745
TR-035939,2025-08-15,2458.41,2419.189032516725
TR-035940,2025-08-15,1343.79,1349.7488662412272
TR-035941,2025-08-15,847.08,926.9076603096514
TR-035942,2025-08-15,547.39,546.8613649658548
TR-035943,2025-08-15,2263.78,2386.445405249773
TR-035944,2025-08-15,955.67,918.566677546055
TR-035945,2025-08-15,2327.04,2204.435394400163
TR-035946,2025-08-15,1323.9,1270.096523968804
TR-035947,2025-08-15,3483.19,3493.4899905718125
TR-035948,2025-08-15,558.53,560.568301698976
TR-035949,2025-08-15,4258.9,4342.293303928078
TR-035950,2025-08-15,729.3,749.4896047736065
TR-035951,2025-08-15,3582.04,3607.558904370988
TR-035952,2025-08-15,3963.21,4121.473626213515
TR-035953,2025-08-15,1347.91,1450.416403935782
TR-035954,2025-08-15,642.3,668.6824090244847
TR-035955,2025-08-15,2378.79,1991.5646062483356
TR-035956,2025-08-15,1774.56,2029.020034438222
TR-035957,2025-08-15,2099.76,2130.51100704541
TR-035958,2025-08-15,1405.83,1370.509827502896
TR-035959,2025-08-15,2874.57,2990.2626033438155
TR-035960,2025-08-15,3919.74,4174.926576531085
TR-035961,2025-08-15,2446.78,2475.0752085344075
TR-035962,2025-08-15,3035.7,2975.3453825184984
TR-035963,2025-08-15,1043.9,1031.4959073787359
TR-035964,2025-08-15,1304.06,1272.1729634293997
TR-035965,2025-08-15,1574.52,1597.7261130781599
TR-035966,2025-08-15,894.25,957.5872720661639
TR-035967,2025-08-15,1519.04,1505.0038783191778
TR-035968,2025-08-15,4775.95,4773.15445245308
TR-035969,2025-08-15,1940.71,2202.905225330623
TR-035970,2025-08-15,719.5,740.746380285033
TR-035971,2025-08-15,1409.26,1506.0818884390173
TR-035972,2025-08-15,4423.32,4580.982264916398
TR-035973,2025-08-15,1223.41,1261.7820779318654
TR-035974,2025-08-15,2142.57,2062.8792772019074
TR-035975,2025-08-15,1261.45,1278.181346773923
TR-035976,2025-08-15,3769.56,3761.1311200717582
TR-035977,2025-08-15,1276.29,1283.1066259023564
TR-035978,2025-08-15,2431.97,2414.448931487897
TR-035979,2025-08-15,1638.07,1591.0189612011845
TR-035980,2025-08-15,397.3,1021.8982463123301
TR-035981,2025-08-15,4547.38,4304.481924248294
TR-035982,2025-08-15,1636.97,1636.1662216363952
TR-035983,2025-08-15,899.24,923.4481875253873
TR-035984,2025-08-15,2295.78,2205.4338377059885
TR-035985,2025-08-15,1905.41,1842.3330220308972
TR-035986,2025-08-15,2031.02,2108.982094925744
TR-035987,2025-08-15,3075.57,3242.312522092629
TR-035988,2025-08-15,2327.21,2338.8242826068936
TR-035989,2025-08-15,2264.87,2344.4011389583097
TR-035990,2025-08-15,1498.65,1459.6920700213602
TR-035991,2025-08-15,3099.76,2872.207251340882
TR-035992,2025-08-15,1159.62,1183.4473948030022
TR-035993,2025-08-15,835.48,905.0962132277446
TR-035994,2025-08-15,2295.09,2164.693225462141
TR-035995,2025-08-15,1375.34,1351.851953097315
TR-035996,2025-08-15,402.54,485.8447769968643
TR-035997,2025-08-15,1066.44,1084.1797675128337
TR-035998,2025-08-15,2645.54,2625.072448371519
TR-035999,2025-08-15,6767.41,1595.4355225829293
TR-036000,2025-08-15,2725.03,2541.463765755361
TR-036001,2025-08-15,4406.16,4420.703847902184
TR-036002,2025-08-15,3229.29,3465.8993658034633
TR-036003,2025-08-15,2232.61,2474.665949443595
TR-036004,2025-08-15,778.77,843.5032304254942
TR-036005,2025-08-15,3800.77,3772.8945714333363
TR-036006,2025-08-15,4450.0,4399.274088340534
TR-036007,2025-08-15,1955.24,1954.907523290198
TR-036008,2025-08-15,2730.46,2867.9670011450266
TR-036009,2025-08-15,4283.87,4145.246670081765
TR-036010,2025-08-15,4004.42,4136.824994028846
TR-036011,2025-08-15,1025.89,986.5841698760362
TR-036012,2025-08-15,2388.5,2224.4023292663173
TR-036013,2025-08-15,2127.74,2097.4487000165427
TR-036014,2025-08-15,2447.09,2423.3547674368006
TR-036015,2025-08-15,2026.52,1989.4912596929537
TR-036016,2025-08-15,1434.56,1360.9089838218179
TR-036017,2025-08-15,905.61,956.9216966768734
TR-036018,2025-08-15,228.14,442.23423607481436
TR-036019,2025-08-15,870.97,942.7466841584458
TR-036020,2025-08-15,2446.1,2539.015657259173
TR-036021,2025-08-15,887.44,956.2012218633026
TR-036022,2025-08-15,518.2,543.7678562871861
TR-036023,2025-08-15,4419.17,4594.036077059894
TR-036024,2025-08-15,4660.74,4659.287730158396
TR-036025,2025-08-15,819.28,833.5776766734348
TR-036026,2025-08-15,831.29,902.5538141347367
TR-036027,2025-08-15,3004.44,3212.1218098559566
TR-036028,2025-08-15,647.03,752.6720673851967
TR-036029,2025-08-15,1115.83,1111.9186125606616
TR-036030,2025-08-15,3230.46,2865.054858279492
TR-036031,2025-08-15,4144.99,4051.6407102086987
TR-036032,2025-08-16,1841.5,1828.912113833306
TR-036033,2025-08-16,3684.22,3901.022973941946
TR-036034,2025-08-16,3269.29,3468.781115699833
TR-036035,2025-08-16,2322.85,2569.9736627352167
TR-036036,2025-08-16,2049.08,2045.8125909638572
TR-036037,2025-08-16,1757.33,1897.6134447333193
TR-036038,2025-08-16,3837.87,3497.629065239375
TR-036039,2025-08-16,2023.19,1976.1119625173817
TR-036040,2025-08-16,1911.36,2009.6598910234893
TR-036041,2025-08-16,893.25,962.6408969658426
TR-036042,2025-08-16,1650.86,1630.9279993416078
TR-036043,2025-08-16,1613.54,1507.5285493872643
TR-036044,2025-08-16,2673.7,2458.891671101488
TR-036045,2025-08-16,3599.97,3883.1932006032785
TR-036046,2025-08-16,3418.9,3544.4717789669685
TR-036047,2025-08-16,1145.54,1161.301514532086
TR-036048,2025-08-16,3224.14,3476.7010443277422
TR-036049,2025-08-16,4071.82,4169.702321639754
TR-036050,2025-08-16,1576.71,1646.311267276304
TR-036051,2025-08-16,1602.84,1670.518013461575
TR-036052,2025-08-16,3650.17,3709.2138739058246
TR-036053,2025-08-16,1659.44,1697.9458563953824
TR-036054,2025-08-16,3246.09,3435.3238382830355
TR-036055,2025-08-16,2257.36,2148.0167494400575
TR-036056,2025-08-16,2892.53,3007.970404036707
TR-036057,2025-08-16,1951.46,1949.9745143437124
TR-036058,2025-08-16,815.17,813.6403313299959
TR-036059,2025-08-16,1151.02,1205.1804944954706
TR-036060,2025-08-16,2154.06,2222.218189378272
TR-036061,2025-08-16,2285.29,2117.022037610813
TR-036062,2025-08-16,1831.39,1827.795230195331
TR-036063,2025-08-16,2049.4,1972.8874444846635
TR-036064,2025-08-16,2375.44,3031.6747213644967
TR-036065,2025-08-16,372.27,451.18924168730155
TR-036066,2025-08-16,5311.84,5336.062724774865
TR-036067,2025-08-16,2928.35,2945.61912223952
TR-036068,2025-08-16,3125.51,3276.341367084204
TR-036069,2025-08-16,2480.93,2517.8256621620285
TR-036070,2025-08-16,2398.27,2402.4944690337525
TR-036071,2025-08-16,255.7,524.4800559985633
TR-036072,2025-08-16,4697.05,4748.434906281051
TR-036073,2025-08-16,3674.62,3824.7983840638744
TR-036074,2025-08-16,2844.65,2947.1633959247897
TR-036075,2025-08-16,250.44,426.1236497058653
TR-036076,2025-08-16,3217.33,3370.8376106623346
TR-036077,2025-08-16,2269.65,2192.2473790435333
TR-036078,2025-08-16,1534.37,1575.0710238914712
TR-036079,2025-08-16,1769.3,1737.188052669435
TR-036080,2025-08-16,1617.76,1642.8097500933022
TR-036081,2025-08-16,2168.56,2178.5225147780216
TR-036082,2025-08-16,1794.13,1784.6112853712305
TR-036083,2025-08-16,1138.56,1141.0852304502155
TR-036084,2025-08-16,5936.83,5428.855811226313
TR-036085,2025-08-16,1911.85,1884.4663970556917
TR-036086,2025-08-16,3676.84,4012.782256077924
TR-036087,2025-08-16,1230.68,1217.862584841343
TR-036088,2025-08-16,1520.78,1536.6664770332025
TR-036089,2025-08-16,3178.12,2869.253045471317
TR-036090,2025-08-16,3976.42,4024.5183895776026
TR-036091,2025-08-16,5467.0,5228.033292025776
TR-036092,2025-08-16,2241.16,2307.2139847478124
TR-036093,2025-08-16,1639.75,1624.1277090851734
TR-036094,2025-08-16,1681.79,1693.0722153125955
TR-036095,2025-08-16,1748.6,1792.1910462217547
TR-036096,2025-08-16,4562.29,4471.876782543733
TR-036097,2025-08-16,1016.49,1090.9180322280968
TR-036098,2025-08-16,1743.72,1831.8047623654138
TR-036099,2025-08-16,3687.56,3814.859626506427
TR-036100,2025-08-16,4096.12,4011.3571115369245
TR-036101,2025-08-16,474.97,1946.5643584536533
TR-036102,2025-08-16,3838.1,3750.6286463567176
TR-036103,2025-08-16,1834.23,1769.646148267847
TR-036104,2025-08-16,2497.26,2426.319029484413
TR-036105,2025-08-16,2273.1,2134.132268390679
TR-036106,2025-08-16,4607.33,4469.245451216874
TR-036107,2025-08-16,622.95,654.5602830851035
TR-036108,2025-08-16,1687.84,1772.6587719778993
TR-036109,2025-08-16,3022.84,2951.0732942046234
TR-036110,2025-08-16,2039.42,2175.2602638359313
TR-036111,2025-08-16,1465.38,1385.1003655783757
TR-036112,2025-08-16,960.78,972.9303254777876
TR-036113,2025-08-16,493.34,593.2638678256305
TR-036114,2025-08-16,2483.22,2489.974453643237
TR-036115,2025-08-16,2759.1,2899.7807746179233
TR-036116,2025-08-16,2651.89,2951.948619831756
TR-036117,2025-08-16,1132.13,1166.5127991674963
TR-036118,2025-08-16,2123.96,1971.442297630855
TR-036119,2025-08-16,1069.59,1103.4863347859762
TR-036120,2025-08-16,3055.64,3199.025838044603
TR-036121,2025-08-16,3073.16,3180.000911154131
TR-036122,2025-08-16,4215.87,4274.495574366998
TR-036123,2025-08-16,336.62,471.43011436663346
TR-036124,2025-08-16,1455.33,1447.1271242253388
TR-036125,2025-08-16,1481.84,1477.787591644505
TR-036126,2025-08-16,1801.22,1786.9806096853183
TR-036127,2025-08-16,3652.18,3680.2286425765897
TR-036128,2025-08-16,2068.77,2076.466995348923
TR-036129,2025-08-16,3868.89,4121.347856492075
TR-036130,2025-08-16,4075.62,4500.67226260441
TR-036131,2025-08-16,802.3,810.431541580152
TR-036132,2025-08-16,3788.68,3888.9035741610023
TR-036133,2025-08-16,1915.8,1852.0117791697733
TR-036134,2025-08-16,726.88,780.6082484359708
TR-036135,2025-08-16,2990.38,3033.1343651833886
TR-036136,2025-08-16,1622.29,1676.6568599458744
TR-036137,2025-08-16,2750.99,2694.3317189184195
TR-036138,2025-08-16,1249.44,1234.2502499840357
TR-036139,2025-08-16,4247.68,4352.303994374337
TR-036140,2025-08-16,2638.95,2473.145976764575
TR-036141,2025-08-16,2614.31,2677.478875223423
TR-036142,2025-08-16,5157.53,5220.948986870293
TR-036143,2025-08-16,1797.61,1785.948213946785
TR-036144,2025-08-16,1130.66,1175.1330685818261
TR-036145,2025-08-16,1944.47,1958.8230386937475
TR-036146,2025-08-16,1001.14,998.6378553766501
TR-036147,2025-08-16,2625.33,3212.241472194759
TR-036148,2025-08-16,2031.99,2170.9666654007137
TR-036149,2025-08-16,1413.77,1435.3779578035046
TR-036150,2025-08-16,4953.76,5122.2103359753555
TR-036151,2025-08-16,5013.5,5173.0792222652
TR-036152,2025-08-16,1571.67,1580.0245927316419
TR-036153,2025-08-16,4412.23,4317.544004047573
TR-036154,2025-08-16,3611.27,3558.743196878511
TR-036155,2025-08-16,2261.69,2185.0434808628975
TR-036156,2025-08-16,3401.34,3446.70367154456
TR-036157,2025-08-16,1646.63,1677.0502516797878
TR-036158,2025-08-16,3454.23,3464.970997753492
TR-036159,2025-08-16,1457.51,1507.1838771168025
TR-036160,2025-08-16,5451.29,5472.293857874262
TR-036161,2025-08-16,3816.6,4071.0108689013673
TR-036162,2025-08-16,2322.3,2106.5384718253063
TR-036163,2025-08-16,3473.17,3577.9234700482302
TR-036164,2025-08-16,663.35,722.2790388337016
TR-036165,2025-08-16,4844.76,4963.932943500589
TR-036166,2025-08-16,2569.81,2251.6368813619715
TR-036167,2025-08-16,1160.98,1188.8208740372763
TR-036168,2025-08-17,1652.87,1724.1156577939769
TR-036169,2025-08-17,1644.17,1680.305788128694
TR-036170,2025-08-17,5136.17,5215.751549757906
TR-036171,2025-08-17,4414.17,4551.234873773274
TR-036172,2025-08-17,2410.45,2540.288631393419
TR-036173,2025-08-17,1206.28,1243.555914603564
TR-036174,2025-08-17,590.4,1795.4045051278658
TR-036175,2025-08-17,1105.12,1087.9760248988273
TR-036176,2025-08-17,2619.57,2098.8022631960603
TR-036177,2025-08-17,2247.2,2321.086227733652
TR-036178,2025-08-17,436.28,469.84172485049794
TR-036179,2025-08-17,1313.47,1326.993221516165
TR-036180,2025-08-17,1037.58,1032.513052664257
TR-036181,2025-08-17,2378.78,2512.0995744182264
TR-036182,2025-08-17,2727.16,2852.7548299841246
TR-036183,2025-08-17,3821.36,4234.540151475816
TR-036184,2025-08-17,3380.18,3555.3102547424223
TR-036185,2025-08-17,740.47,732.7402577067871
TR-036186,2025-08-17,2055.83,2313.4247399679257
TR-036187,2025-08-17,2250.27,2299.347273381935
TR-036188,2025-08-17,1527.78,1689.1362307133625
TR-036189,2025-08-17,3093.44,3327.6759881717867
TR-036190,2025-08-17,1733.05,1688.3606860843147
TR-036191,2025-08-17,4800.2,4805.548594803171
TR-036192,2025-08-17,549.01,626.7224095928141
TR-036193,2025-08-17,3767.23,3889.862881418253
TR-036194,2025-08-17,3019.94,3263.2584943370866
TR-036195,2025-08-17,898.11,969.7631847202083
TR-036196,2025-08-17,830.05,886.964370064042
TR-036197,2025-08-17,2144.22,2039.3312215251203
TR-036198,2025-08-17,3686.55,3743.144651806995
TR-036199,2025-08-17,1091.95,1111.4081904579361
TR-036200,2025-08-17,3196.57,2941.125402461169
TR-036201,2025-08-17,3381.1,3433.6482467408127
TR-036202,2025-08-17,3762.82,3599.324751849963
TR-036203,2025-08-17,2135.53,2091.217733805677
TR-036204,2025-08-17,839.05,937.0095488954446
TR-036205,2025-08-17,4083.3,4105.223926798167
TR-036206,2025-08-17,1030.79,1038.3388697348792
TR-036207,2025-08-17,979.98,997.5467807769758
TR-036208,2025-08-17,2014.89,1976.8770538372462
TR-036209,2025-08-17,775.55,842.8684341004105
TR-036210,2025-08-17,5484.89,5581.585817526894
TR-036211,2025-08-17,2470.83,2713.6447674991614
TR-036212,2025-08-17,229.68,431.83801152233855
TR-036213,2025-08-17,574.81,612.1978659722695
TR-036214,2025-08-17,858.66,874.7818083421505
TR-036215,2025-08-17,2039.55,2038.1428714499727
TR-036216,2025-08-17,5097.56,5313.264295670144
TR-036217,2025-08-17,1213.75,1196.970139907074
TR-036218,2025-08-17,2730.21,2758.331440539402
TR-036219,2025-08-17,1430.67,1423.3629219063473
TR-036220,2025-08-17,1080.77,1152.5484180637807
TR-036221,2025-08-17,1826.94,1964.6930177721454
TR-036222,2025-08-17,3316.18,3527.3838464964065
TR-036223,2025-08-17,3805.29,3947.991039722762
TR-036224,2025-08-17,1206.5,1182.1656921474864
TR-036225,2025-08-17,3475.0,3531.1507266764925
TR-036226,2025-08-17,3979.62,4143.176957604803
TR-036227,2025-08-17,4153.36,4304.580548095542
TR-036228,2025-08-17,1389.16,1360.0683050843716
TR-036229,2025-08-17,2186.81,2120.163041970364
TR-036230,2025-08-17,582.53,670.8686316099329
TR-036231,2025-08-17,3160.75,2942.4177373071525
TR-036232,2025-08-17,701.0,762.3223724105417
TR-036233,2025-08-17,500.33,569.152520009746
TR-036234,2025-08-17,951.19,1031.1801397101556
TR-036235,2025-08-17,1345.95,1383.5871022292872
TR-036236,2025-08-17,575.45,702.3050699159869
TR-036237,2025-08-17,1427.88,1468.5974129614822
TR-036238,2025-08-17,3563.83,3570.7339844921084
TR-036239,2025-08-17,4616.32,4922.664725623769
TR-036240,2025-08-17,903.07,967.5689748478924
TR-036241,2025-08-17,2050.24,2140.5817021275675
TR-036242,2025-08-17,1151.23,1134.31829617385
TR-036243,2025-08-17,1374.88,1412.1967852476962
TR-036244,2025-08-17,2483.45,2750.6839663391415
TR-036245,2025-08-17,1250.99,1249.2942654296558
TR-036246,2025-08-17,551.79,650.6381042796816
TR-036247,2025-08-17,3761.24,3850.1509151818395
TR-036248,2025-08-17,1922.79,1951.6243616414588
TR-036249,2025-08-17,1742.86,1729.0336802036986
TR-036250,2025-08-17,2597.63,2572.1308642536956
TR-036251,2025-08-17,2091.12,2173.977077788031
TR-036252,2025-08-17,3595.51,3503.2376839450503
TR-036253,2025-08-17,766.26,749.7820051557878
TR-036254,2025-08-17,1884.95,1890.134438236927
TR-036255,2025-08-17,3030.28,3191.7920698826297
TR-036256,2025-08-17,2050.45,2216.8458993746513
TR-036257,2025-08-17,4803.79,4960.073490114953
TR-036258,2025-08-17,2393.67,2692.838965409719
TR-036259,2025-08-17,4864.79,5152.028257756794
TR-036260,2025-08-17,2032.97,2067.706010263577
TR-036261,2025-08-17,2089.62,2132.1353513603954
TR-036262,2025-08-17,2089.28,2086.9011488501474
TR-036263,2025-08-17,1855.56,1892.9198264965455
TR-036264,2025-08-17,2202.77,2113.697880390781
TR-036265,2025-08-17,4154.97,4256.66589265527
TR-036266,2025-08-17,4335.22,4391.903601986836
TR-036267,2025-08-17,3318.05,3567.1935809524293
TR-036268,2025-08-17,4307.74,4323.12286499613
TR-036269,2025-08-17,1567.26,1569.8400945690253
TR-036270,2025-08-17,4264.12,4110.199033437095
TR-036271,2025-08-17,1933.24,2033.4480388961426
TR-036272,2025-08-17,1493.51,1516.3864104470672
TR-036273,2025-08-17,894.5,948.2562901439619
TR-036274,2025-08-17,2550.29,2362.4944742730004
TR-036275,2025-08-17,4713.06,4827.403613946655
TR-036276,2025-08-17,4047.8,4089.3409817258785
TR-036277,2025-08-17,2205.46,2308.7568967995744
TR-036278,2025-08-17,1297.22,1323.8995938180483
TR-036279,2025-08-17,3844.59,4195.018937094086
TR-036280,2025-08-17,5396.59,5311.495144596654
TR-036281,2025-08-17,2064.97,1906.3490174599958
TR-036282,2025-08-17,1105.94,1110.7202594184823
TR-036283,2025-08-17,1605.1,1668.810558495286
TR-036284,2025-08-17,4324.29,4003.8440047531412
TR-036285,2025-08-17,2112.79,2188.121826171238
TR-036286,2025-08-17,786.37,842.6508609966015
TR-036287,2025-08-17,3266.32,3387.6248364568173
TR-036288,2025-08-17,5763.0,5715.790928761862
TR-036289,2025-08-17,1708.81,1795.648803312284
TR-036290,2025-08-17,3827.3,3832.2198378913135
TR-036291,2025-08-17,1470.35,1640.536626753734
TR-036292,2025-08-17,1607.91,1783.4627203048158
TR-036293,2025-08-17,3974.12,3959.3206692650765
TR-036294,2025-08-17,2305.45,2084.0704680236327
TR-036295,2025-08-17,587.69,616.5561307866253
TR-036296,2025-08-17,1520.23,1448.0404544153712
TR-036297,2025-08-17,2405.08,2498.2753820816715
TR-036298,2025-08-17,1508.56,1539.0397170913286
TR-036299,2025-08-17,1155.37,1191.919187069554
TR-036300,2025-08-17,880.58,904.1539710531986
TR-036301,2025-08-17,2290.38,2518.5532447059472
TR-036302,2025-08-17,2676.64,2562.250820249077
TR-036303,2025-08-17,2719.32,2794.7370056875716
TR-036304,2025-08-17,470.52,561.2342507837511
TR-036305,2025-08-17,1140.31,1161.8916554755353
TR-036306,2025-08-17,4307.93,4491.526526418182
TR-036307,2025-08-17,836.43,884.1605494642145
TR-036308,2025-08-17,2003.51,2025.3305611563349
TR-036309,2025-08-17,1203.26,1242.656194823917
TR-036310,2025-08-17,2768.58,2991.0386499315796
TR-036311,2025-08-17,2159.37,2028.827954463334
TR-036312,2025-08-17,2617.18,2702.203339250311
TR-036313,2025-08-17,455.32,578.0597547619102
TR-036314,2025-08-17,2029.34,2262.35135623832
TR-036315,2025-08-17,2803.91,2846.854112254363
TR-036316,2025-08-17,1104.37,1102.543623965153
TR-036317,2025-08-17,2222.31,2085.1847734675234
TR-036318,2025-08-17,1400.4,1461.9077229979403
TR-036319,2025-08-17,571.65,663.7622109776239
TR-036320,2025-08-17,1286.62,1359.5713304055193
TR-036321,2025-08-17,3386.31,3362.8203743956897
TR-036322,2025-08-17,580.04,628.2458706431273
TR-036323,2025-08-17,1635.76,1720.1300649500622
TR-036324,2025-08-17,2316.54,2166.049712461612
TR-036325,2025-08-17,1440.32,1427.8544413324944
TR-036326,2025-08-17,885.0,963.0365089488821
TR-036327,2025-08-17,4180.5,4064.3401834036367
TR-036328,2025-08-18,1302.19,1307.0201099459807
TR-036329,2025-08-18,968.56,995.1440536535379
TR-036330,2025-08-18,1486.25,1498.2771464828302
TR-036331,2025-08-18,1213.62,1248.1260368956769
TR-036332,2025-08-18,960.39,966.5229887231533
TR-036333,2025-08-18,1873.0,1917.8138899493094
TR-036334,2025-08-18,530.61,586.8402779355583
TR-036335,2025-08-18,1790.14,1875.952616040574
TR-036336,2025-08-18,1463.86,1536.1727171942728
TR-036337,2025-08-18,7005.3,1902.297669465445
TR-036338,2025-08-18,2754.32,2814.1982344225435
TR-036339,2025-08-18,4459.58,4301.806979847694
TR-036340,2025-08-18,1085.17,1120.6404995405564
TR-036341,2025-08-18,824.06,908.2308430810851
TR-036342,2025-08-18,2422.92,2553.376030570506
TR-036343,2025-08-18,2196.65,2269.48195460941
TR-036344,2025-08-18,2033.9,2131.107510121744
TR-036345,2025-08-18,1311.96,1290.9525518925666
TR-036346,2025-08-18,4145.32,4073.0919475663018
TR-036347,2025-08-18,609.92,611.1043111691415
TR-036348,2025-08-18,3018.58,3022.667512085121
TR-036349,2025-08-18,2280.83,2254.7924842591774
TR-036350,2025-08-18,363.64,476.73951565281686
TR-036351,2025-08-18,1474.28,1428.7296531776424
TR-036352,2025-08-18,2625.24,2612.981799692322
TR-036353,2025-08-18,1182.95,1175.8326590646966
TR-036354,2025-08-18,1588.15,1609.9909523721576
TR-036355,2025-08-18,4013.6,4143.917472522315
TR-036356,2025-08-18,387.66,577.7366823726152
TR-036357,2025-08-18,1067.44,1108.6554823779584
TR-036358,2025-08-18,924.05,984.0767779497037
TR-036359,2025-08-18,3251.33,3274.0882711128534
TR-036360,2025-08-18,2867.66,2900.992095136521
TR-036361,2025-08-18,5279.47,5304.250527580145
TR-036362,2025-08-18,2235.11,2131.6753361524193
TR-036363,2025-08-18,4469.94,4397.5830051950425
TR-036364,2025-08-18,4767.02,4655.418299763686
TR-036365,2025-08-18,2766.01,2889.4211074219393
TR-036366,2025-08-18,3101.88,3201.870343961038
TR-036367,2025-08-18,3414.11,3537.777405640094
TR-036368,2025-08-18,594.86,711.6123674872752
TR-036369,2025-08-18,1655.43,1720.1017873145245
TR-036370,2025-08-18,1136.01,1206.053049917824
TR-036371,2025-08-18,5474.99,1177.6788032096897
TR-036372,2025-08-18,2101.95,2289.481820994873
TR-036373,2025-08-18,1601.64,1553.7079438900669
TR-036374,2025-08-18,945.7,978.7199397096056
TR-036375,2025-08-18,2830.13,2760.235080196073
TR-036376,2025-08-18,764.68,743.717765948526
TR-036377,2025-08-18,592.37,678.5679322753567
TR-036378,2025-08-18,583.85,689.6396179953306
TR-036379,2025-08-18,2325.74,2381.6498598311127
TR-036380,2025-08-18,451.84,530.2251219383238
TR-036381,2025-08-18,1291.52,1310.1687788904733
TR-036382,2025-08-18,4435.81,4420.431667384988
TR-036383,2025-08-18,1474.08,1509.1596159520832
TR-036384,2025-08-18,3001.21,2976.668695803835
TR-036385,2025-08-18,5270.1,5422.823175854759
TR-036386,2025-08-18,1762.06,1767.8597699920888
TR-036387,2025-08-18,1780.32,1851.6580143540052
TR-036388,2025-08-18,3216.91,3351.5137930436335
TR-036389,2025-08-18,4407.92,4429.526353237487
TR-036390,2025-08-18,1040.88,1054.8140698233087
TR-036391,2025-08-18,475.28,564.523592782238
TR-036392,2025-08-18,9127.43,2681.0275050589253
TR-036393,2025-08-18,2986.01,3177.1330188849643
TR-036394,2025-08-18,4112.57,4190.098013340426
TR-036395,2025-08-18,3004.7,3082.251320544823
TR-036396,2025-08-18,1405.11,1417.584664728985
TR-036397,2025-08-18,921.85,931.5895241718845
TR-036398,2025-08-18,5391.98,5180.338446792545
TR-036399,2025-08-18,2704.57,2625.7806141741435
TR-036400,2025-08-18,3284.18,3359.2618403692136
TR-036401,2025-08-18,1396.72,1472.8613642923237
TR-036402,2025-08-18,1066.18,1088.468066164522
TR-036403,2025-08-18,3184.97,3343.6599563597156
TR-036404,2025-08-18,4600.41,4669.2769242388695
TR-036405,2025-08-18,3414.08,3505.828171420361
TR-036406,2025-08-18,2600.97,2530.38484194551
TR-036407,2025-08-18,2356.65,2427.847174340326
TR-036408,2025-08-18,2950.3,3117.570196185183
TR-036409,2025-08-18,1205.97,1225.226069535031
TR-036410,2025-08-18,1119.34,1124.3462658217645
TR-036411,2025-08-18,1151.14,1169.0514993217994
TR-036412,2025-08-18,2691.6,2702.3420863793317
TR-036413,2025-08-18,1783.71,1858.8980140765457
TR-036414,2025-08-18,552.32,676.8597658656597
TR-036415,2025-08-18,1323.71,1291.6369903180687
TR-036416,2025-08-18,1222.79,1266.0353162715887
TR-036417,2025-08-18,2446.14,2539.739286832677
TR-036418,2025-08-18,1253.85,1241.5517079909519
TR-036419,2025-08-18,1870.75,1974.772977412947
TR-036420,2025-08-18,1694.82,1699.8947104713016
TR-036421,2025-08-18,1041.44,1081.3704842249194
TR-036422,2025-08-18,1695.68,1662.7416593749454
TR-036423,2025-08-18,907.4,946.1056844526765
TR-036424,2025-08-18,4036.53,4205.980686659052
TR-036425,2025-08-18,2205.14,2104.37671406947
TR-036426,2025-08-18,3675.29,3140.940685810281
TR-036427,2025-08-18,2094.68,2170.8474250383506
TR-036428,2025-08-18,3807.79,3861.190362653949
TR-036429,2025-08-18,4223.98,4008.5227698322506
TR-036430,2025-08-18,1038.63,1040.620626329617
TR-036431,2025-08-18,713.95,782.4275594621713
TR-036432,2025-08-18,3634.28,3785.234629357278
TR-036433,2025-08-18,3443.19,3312.34822603699
TR-036434,2025-08-18,1497.08,1469.4971415292375
TR-036435,2025-08-18,4874.55,4803.79865308556
TR-036436,2025-08-18,845.52,903.676579359847
TR-036437,2025-08-18,4633.79,4633.640101589857
TR-036438,2025-08-18,2608.3,2810.7343673893574
TR-036439,2025-08-18,1073.13,1074.2536901959706
TR-036440,2025-08-18,2924.85,3107.976985232749
TR-036441,2025-08-18,742.67,846.6476519600833
TR-036442,2025-08-18,3055.59,3059.688405390193
TR-036443,2025-08-18,2569.04,2814.939225620495
TR-036444,2025-08-18,1541.79,1559.1934265138195
TR-036445,2025-08-18,3784.74,3712.9293020523482
TR-036446,2025-08-18,1179.95,1176.5108811276218
TR-036447,2025-08-18,1593.1,1639.1071666470057
TR-036448,2025-08-18,1621.52,1696.9604836225406
TR-036449,2025-08-18,1540.02,1512.5483153554437
TR-036450,2025-08-18,830.01,847.8754443411067
TR-036451,2025-08-18,1881.25,2065.3559665293405
TR-036452,2025-08-18,631.79,719.8834265508494
TR-036453,2025-08-18,3197.64,3033.7001182182094
TR-036454,2025-08-18,1219.62,1189.579213500488
TR-036455,2025-08-18,3946.97,4087.619152320195
TR-036456,2025-08-18,1799.23,1855.9849767592927
TR-036457,2025-08-18,1389.5,1468.6158495765376
TR-036458,2025-08-18,2763.16,2639.24522835988
TR-036459,2025-08-18,3493.69,3618.880939794161
TR-036460,2025-08-18,1104.2,1091.6997397489906
TR-036461,2025-08-18,3292.21,3485.1229800515684
TR-036462,2025-08-18,2140.29,2267.1668604056495
TR-036463,2025-08-18,1333.56,1414.822310562232
TR-036464,2025-08-18,3545.35,3381.2373801461445
TR-036465,2025-08-18,246.24,355.26966240488855
TR-036466,2025-08-18,1876.54,1934.1618671315491
TR-036467,2025-08-18,870.16,948.3382499285451
TR-036468,2025-08-18,646.37,695.0899359751504
TR-036469,2025-08-18,2662.1,2683.474957917445
TR-036470,2025-08-18,2450.2,2171.9615986391545
TR-036471,2025-08-18,1881.24,1836.0786210686279
TR-036472,2025-08-18,1239.46,1307.5818025038739
TR-036473,2025-08-18,2022.38,1951.6635867766236
TR-036474,2025-08-18,1068.71,1123.2140287920683
TR-036475,2025-08-18,3088.48,3423.1353593170193
TR-036476,2025-08-18,2533.85,2450.772792185557
TR-036477,2025-08-18,648.16,743.6032371895765
TR-036478,2025-08-19,4062.45,3967.8367968792436
TR-036479,2025-08-19,2528.12,2516.507525336127
TR-036480,2025-08-19,2170.15,2110.3335275924164
TR-036481,2025-08-19,2807.51,2664.071990356028
TR-036482,2025-08-19,4494.76,4514.674010466767
TR-036483,2025-08-19,700.81,751.7822826091433
TR-036484,2025-08-19,1434.06,1489.9870518380321
TR-036485,2025-08-19,1421.04,1412.0909554505884
TR-036486,2025-08-19,3248.51,3538.6616602499407
TR-036487,2025-08-19,3482.69,3635.601657263599
TR-036488,2025-08-19,1940.19,1916.3861451062678
TR-036489,2025-08-19,577.87,652.6884711004388
TR-036490,2025-08-19,1938.92,2096.7161733893417
TR-036491,2025-08-19,2529.01,2452.408127931771
TR-036492,2025-08-19,4145.98,4236.481133539354
TR-036493,2025-08-19,3683.08,3614.4386011597826
TR-036494,2025-08-19,621.06,717.5399867178508
TR-036495,2025-08-19,2412.3,2374.2747404698716
TR-036496,2025-08-19,1602.28,1582.195188844014
TR-036497,2025-08-19,5007.09,4976.047853055121
TR-036498,2025-08-19,3974.93,3977.320937043407
TR-036499,2025-08-19,3785.29,3944.1412280784284
TR-036500,2025-08-19,3699.85,3853.7150190873053
TR-036501,2025-08-19,3577.21,3673.7384020243944
TR-036502,2025-08-19,2123.58,2083.003039711348
TR-036503,2025-08-19,5212.13,5121.288478220509
TR-036504,2025-08-19,1360.75,1388.2931169802
TR-036505,2025-08-19,2928.8,3163.8085826281767
TR-036506,2025-08-19,3687.08,3909.2038119607305
TR-036507,2025-08-19,1239.01,1279.593394919782
TR-036508,2025-08-19,698.91,750.633870543976
TR-036509,2025-08-19,1890.03,1865.7248239867802
TR-036510,2025-08-19,3376.05,3509.70174221467
TR-036511,2025-08-19,484.6,583.8963226854137
TR-036512,2025-08-19,3328.76,3431.049078001475
TR-036513,2025-08-19,2946.23,3081.731291304275
TR-036514,2025-08-19,1713.96,1656.5905753730858
TR-036515,2025-08-19,2876.51,2955.064885052482
TR-036516,2025-08-19,2088.96,2257.7230198951875
TR-036517,2025-08-19,3594.09,3604.569524661686
TR-036518,2025-08-19,3494.05,3538.822811564889
TR-036519,2025-08-19,1114.24,1114.9780062391314
TR-036520,2025-08-19,2714.49,2500.4307586368004
TR-036521,2025-08-19,1401.37,1386.4397933074883
TR-036522,2025-08-19,2062.24,2244.197041434116
TR-036523,2025-08-19,910.62,960.7372333051896
TR-036524,2025-08-19,2451.68,2346.577901813584
TR-036525,2025-08-19,1876.04,1824.8356964791785
TR-036526,2025-08-19,643.19,746.1208925595679
TR-036527,2025-08-19,2168.16,2138.856101198731
TR-036528,2025-08-19,3719.7,3698.137052248036
TR-036529,2025-08-19,3308.92,3401.9204073113115
TR-036530,2025-08-19,2682.76,2743.0927736932163
TR-036531,2025-08-19,1574.32,1456.7539161573227
TR-036532,2025-08-19,4083.58,4093.3130149267677
TR-036533,2025-08-19,1889.76,1967.5874014419155
TR-036534,2025-08-19,4693.35,4390.227292874741
TR-036535,2025-08-19,3092.36,3099.6976771297095
TR-036536,2025-08-19,1094.04,1148.5057996839487
TR-036537,2025-08-19,1201.66,1199.2969717898159
TR-036538,2025-08-19,2757.2,2562.3329664018825
TR-036539,2025-08-19,2296.67,2599.374690217643
TR-036540,2025-08-19,2650.75,2742.960239800507
TR-036541,2025-08-19,1098.72,1120.9486696150466
TR-036542,2025-08-19,1292.85,1326.9612291127173
TR-036543,2025-08-19,780.91,843.267750570453
TR-036544,2025-08-19,2459.64,2632.4097628716427
TR-036545,2025-08-19,2801.49,2888.8239369166504
TR-036546,2025-08-19,881.77,949.1977096278006
TR-036547,2025-08-19,4040.94,4170.855255840974
TR-036548,2025-08-19,269.95,496.9239308973274
TR-036549,2025-08-19,1487.21,1426.104197826739
TR-036550,2025-08-19,1881.32,1908.550549436423
TR-036551,2025-08-19,1649.02,1649.2332898627235
TR-036552,2025-08-19,3390.6,3523.7180604783134
TR-036553,2025-08-19,2499.47,2487.7329427719205
TR-036554,2025-08-19,1415.92,1438.4782943052442
TR-036555,2025-08-19,2284.29,2364.1956025187164
TR-036556,2025-08-19,1813.52,1809.0668645203073
TR-036557,2025-08-19,1186.67,1209.1729708862395
TR-036558,2025-08-19,640.91,746.260542894144
TR-036559,2025-08-19,3199.7,3333.030130583268
TR-036560,2025-08-19,330.59,404.20282024407015
TR-036561,2025-08-19,1762.13,1734.1229841782983
TR-036562,2025-08-19,2439.47,2410.057303966791
TR-036563,2025-08-19,1363.3,1304.6505874667187
TR-036564,2025-08-19,1700.11,1831.19079808822
TR-036565,2025-08-19,888.84,843.2931011250676
TR-036566,2025-08-19,768.75,842.9404796682202
TR-036567,2025-08-19,423.14,406.58787592050817
TR-036568,2025-08-19,2057.14,2156.5254919006193
TR-036569,2025-08-19,2365.86,2043.8128558185804
TR-036570,2025-08-19,4523.85,4369.589445163247
TR-036571,2025-08-19,2401.06,2154.957848816562
TR-036572,2025-08-19,611.69,718.6912030882131
TR-036573,2025-08-19,1834.73,1935.6504344958717
TR-036574,2025-08-19,3876.58,3921.037989351794
TR-036575,2025-08-19,4178.76,4114.009487617997
TR-036576,2025-08-19,2125.87,2051.897608055973
TR-036577,2025-08-19,808.98,876.6229348895806
TR-036578,2025-08-19,5132.34,5232.35512091081
TR-036579,2025-08-19,3954.67,4140.808220323735
TR-036580,2025-08-19,4222.39,4287.973285340071
TR-036581,2025-08-19,779.19,847.0779011932495
TR-036582,2025-08-19,305.5,435.99648991831236
TR-036583,2025-08-19,927.53,978.0330713827962
TR-036584,2025-08-19,4263.95,4452.435671742356
TR-036585,2025-08-19,1070.05,1092.0074515341053
TR-036586,2025-08-19,1551.73,1670.8595393456626
TR-036587,2025-08-19,5028.79,5225.482668107985
TR-036588,2025-08-19,1432.27,1434.0184452702454
TR-036589,2025-08-19,1249.37,1238.519686153837
TR-036590,2025-08-19,3132.86,3179.0673274850697
TR-036591,2025-08-19,545.0,650.8672188559065
TR-036592,2025-08-19,3215.76,3234.7674152071613
TR-036593,2025-08-19,2014.18,1964.2351916153316
TR-036594,2025-08-19,2571.46,2626.0367363748683
TR-036595,2025-08-19,1139.56,1138.1556792930742
TR-036596,2025-08-19,5055.89,5196.478282808102
TR-036597,2025-08-19,1867.51,1867.5177599433566
TR-036598,2025-08-19,1233.19,536.2824368354131
TR-036599,2025-08-19,1651.75,1703.0012828132224
TR-036600,2025-08-19,2183.06,2105.5999904906753
TR-036601,2025-08-19,4622.21,4969.956101463225
TR-036602,2025-08-19,3186.96,3099.2920027885134
TR-036603,2025-08-19,4157.95,4061.5612603705827
TR-036604,2025-08-19,1086.93,1123.0785472336743
TR-036605,2025-08-19,2969.49,3280.7906764223276
TR-036606,2025-08-19,5016.26,5154.4137228825575
TR-036607,2025-08-19,251.48,506.96904152790466
TR-036608,2025-08-19,475.77,563.5665091051201
TR-036609,2025-08-19,4493.84,4583.133820488441
TR-036610,2025-08-20,1386.42,372.51712754285836
TR-036611,2025-08-20,1283.24,1246.6022515060995
TR-036612,2025-08-20,3774.05,3567.466033286466
TR-036613,2025-08-20,2310.44,2379.2266904348135
TR-036614,2025-08-20,2867.53,3134.0537763750453
TR-036615,2025-08-20,4091.63,4187.125104934459
TR-036616,2025-08-20,2104.27,798.3945556582244
TR-036617,2025-08-20,3897.69,4013.6178817703294
TR-036618,2025-08-20,2244.64,2113.467505397182
TR-036619,2025-08-20,2651.55,2662.051030767313
TR-036620,2025-08-20,2380.7,2175.240168564614
TR-036621,2025-08-20,829.39,928.455788918084
TR-036622,2025-08-20,1473.56,1443.3165664587195
TR-036623,2025-08-20,3636.99,3619.6635890994166
TR-036624,2025-08-20,915.54,910.262719637841
TR-036625,2025-08-20,1183.23,1145.1900506826482
TR-036626,2025-08-20,4304.02,4204.998442847466
TR-036627,2025-08-20,4808.84,4691.117995805785
TR-036628,2025-08-20,1391.56,1355.8399797701845
TR-036629,2025-08-20,1284.09,1307.149497405228
TR-036630,2025-08-20,1595.82,1737.0695067381225
TR-036631,2025-08-20,2925.66,2869.5070446535856
TR-036632,2025-08-20,3402.74,3462.206463189278
TR-036633,2025-08-20,3447.63,3562.6047035201327
TR-036634,2025-08-20,2126.57,2018.8938166016233
TR-036635,2025-08-20,3155.17,2954.053425718842
TR-036636,2025-08-20,5422.39,5267.288440074732
TR-036637,2025-08-20,3591.08,3686.848751610619
TR-036638,2025-08-20,5169.48,5059.791456299912
TR-036639,2025-08-20,3599.34,3753.570168315243
TR-036640,2025-08-20,2646.7,2840.6901493231176
TR-036641,2025-08-20,472.55,577.2350368986638
TR-036642,2025-08-20,863.42,900.5949632368636
TR-036643,2025-08-20,1960.5,2104.2366497886933
TR-036644,2025-08-20,342.72,1450.2508320579495
TR-036645,2025-08-20,2388.92,2576.417436879483
TR-036646,2025-08-20,2259.87,2063.878290881255
TR-036647,2025-08-20,2261.14,2038.435657118656
TR-036648,2025-08-20,1790.72,1893.6161867987475
TR-036649,2025-08-20,1034.76,1065.2936611211235
TR-036650,2025-08-20,1851.91,1771.9894781281916
TR-036651,2025-08-20,1013.63,1041.904238591249
TR-036652,2025-08-20,954.57,961.6742624051674
TR-036653,2025-08-20,814.6,859.8531344011492
TR-036654,2025-08-20,636.77,741.2151733007609
TR-036655,2025-08-20,1098.68,4339.190786772575
TR-036656,2025-08-20,2434.53,2398.281432154147
TR-036657,2025-08-20,501.72,550.1031598085954
TR-036658,2025-08-20,3768.26,3792.8553708594573
TR-036659,2025-08-20,672.86,729.9191248309814
TR-036660,2025-08-20,3694.93,3698.999926036896
TR-036661,2025-08-20,1834.61,1844.3496528603962
TR-036662,2025-08-20,1855.13,1906.4006434261657
TR-036663,2025-08-20,1850.53,1707.6911490497482
TR-036664,2025-08-20,2405.01,2534.6631059432825
TR-036665,2025-08-20,1585.92,1578.292443083545
TR-036666,2025-08-20,485.3,543.6312232231087
TR-036667,2025-08-20,1466.89,1493.2754279686046
TR-036668,2025-08-20,3732.56,3670.1679370198854
TR-036669,2025-08-20,969.07,955.6235362563241
TR-036670,2025-08-20,1597.78,1579.1273056213422
TR-036671,2025-08-20,1033.53,1116.0114766666713
TR-036672,2025-08-20,1007.86,1045.7375474887149
TR-036673,2025-08-20,2015.73,1956.5639233439285
TR-036674,2025-08-20,4108.8,4033.0711790912333
TR-036675,2025-08-20,2542.56,2481.4753537945
TR-036676,2025-08-20,2090.52,2182.299479357761
TR-036677,2025-08-20,2214.55,2133.198298957684
TR-036678,2025-08-20,601.12,664.9176447222173
TR-036679,2025-08-20,1374.58,1347.4323042793803
TR-036680,2025-08-20,11839.2,3368.3106764807417
TR-036681,2025-08-20,3288.75,3247.0362082273614
TR-036682,2025-08-20,1945.54,1962.0309282659534
TR-036683,2025-08-20,1951.68,1924.180364408038
TR-036684,2025-08-20,1038.02,1024.9792470328684
TR-036685,2025-08-20,721.78,763.52025082111
TR-036686,2025-08-20,1436.61,1384.119784762567
TR-036687,2025-08-20,1764.72,1713.9135789157397
TR-036688,2025-08-20,2089.6,2052.8563142379453
TR-036689,2025-08-20,1890.54,1841.3134538416539
TR-036690,2025-08-20,2105.68,2286.889657779717
TR-036691,2025-08-20,5533.57,5599.596572282985
TR-036692,2025-08-20,1474.64,1453.065624262118
TR-036693,2025-08-20,3669.47,3869.9669161905276
TR-036694,2025-08-20,2434.45,2520.365916943716
TR-036695,2025-08-20,4408.52,4418.791049179338
TR-036696,2025-08-20,3681.09,3644.1661522232107
TR-036697,2025-08-20,3813.32,3662.976845378498
TR-036698,2025-08-20,3441.2,3446.4773318267466
TR-036699,2025-08-20,3826.6,3616.6483345405377
TR-036700,2025-08-20,1209.64,1169.3337774705792
TR-036701,2025-08-20,842.96,931.46174364578
TR-036702,2025-08-20,1325.4,1321.4477191494175
TR-036703,2025-08-20,1785.26,1744.4828393089142
TR-036704,2025-08-20,3738.53,3497.9322597101564
TR-036705,2025-08-20,1789.47,1741.8851931460536
TR-036706,2025-08-20,2219.86,2054.359420966817
TR-036707,2025-08-20,3637.47,3698.238190018871
TR-036708,2025-08-20,6180.67,5984.488484878348
TR-036709,2025-08-20,4075.64,4217.069163207356
TR-036710,2025-08-20,218.86,494.3398477794276
TR-036711,2025-08-20,2243.05,2465.346672748029
TR-036712,2025-08-20,4382.01,4234.052575178162
TR-036713,2025-08-20,510.82,481.81401636599026
TR-036714,2025-08-20,4325.54,4294.676626801266
TR-036715,2025-08-20,989.96,1004.8147200175813
TR-036716,2025-08-20,2755.51,2948.4228357143065
TR-036717,2025-08-20,704.44,785.9553791085925
TR-036718,2025-08-20,2691.38,2693.467940415711
TR-036719,2025-08-20,3913.51,3909.147465360445
TR-036720,2025-08-20,1091.2,1081.5621995374072
TR-036721,2025-08-20,3753.75,3634.7961298743753
TR-036722,2025-08-20,1375.57,1404.9149245474885
TR-036723,2025-08-20,725.83,711.4783707783013
TR-036724,2025-08-20,1370.4,1334.7710964438825
TR-036725,2025-08-20,956.28,953.3141108207251
TR-036726,2025-08-20,2748.99,2515.5851474699716
TR-036727,2025-08-20,4305.07,4299.046369556641
TR-036728,2025-08-20,1285.25,1342.964961505422
TR-036729,2025-08-20,1712.54,1872.9448999286096
TR-036730,2025-08-20,3234.1,3123.2936074826043
TR-036731,2025-08-20,3722.53,3803.4722840897966
TR-036732,2025-08-20,657.03,722.2880639196642
TR-036733,2025-08-20,2707.86,2731.164226320291
TR-036734,2025-08-20,2152.23,2303.2102827794038
TR-036735,2025-08-20,3067.5,3153.5503680234324
TR-036736,2025-08-20,1009.51,1022.8108653879726
TR-036737,2025-08-20,2068.94,2579.2241196036907
TR-036738,2025-08-20,4399.22,4200.571846451495
TR-036739,2025-08-20,910.13,941.0317862959566
TR-036740,2025-08-20,1244.46,1248.4625734607307
TR-036741,2025-08-20,2054.36,2240.6502929381213
TR-036742,2025-08-20,3311.12,3601.0900082010758
TR-036743,2025-08-20,3116.25,3306.983478864504
TR-036744,2025-08-20,972.59,1002.6653929746439
TR-036745,2025-08-20,1528.99,1554.430007521436
TR-036746,2025-08-20,904.99,873.0943774753596
TR-036747,2025-08-20,2681.57,2680.554975489788
TR-036748,2025-08-20,4782.94,4733.476228132033
TR-036749,2025-08-20,2305.82,2153.739076915255
TR-036750,2025-08-20,1135.08,1155.0373542491197
TR-036751,2025-08-20,1621.15,1595.2283428853384
TR-036752,2025-08-20,2537.55,2621.5468099212612
TR-036753,2025-08-20,1166.11,1151.05943413095
TR-036754,2025-08-20,1535.6,1439.7857421624872
TR-036755,2025-08-20,1724.39,2156.494903852011
TR-036756,2025-08-20,493.53,541.9443594891363
TR-036757,2025-08-20,3778.8,3826.7027874098094
TR-036758,2025-08-20,946.97,980.1426996056136
TR-036759,2025-08-20,1586.05,1578.8950492590286
TR-036760,2025-08-20,588.43,698.1734439924332
TR-036761,2025-08-20,3540.52,3545.120617113992
TR-036762,2025-08-20,2164.19,2198.5063941681447
TR-036763,2025-08-20,4327.83,4239.47887828561
TR-036764,2025-08-20,4999.28,4883.217111172889
TR-036765,2025-08-20,4525.36,4612.013314594329
TR-036766,2025-08-20,1804.96,1740.796348532222
TR-036767,2025-08-20,1452.84,1377.6136058112918
TR-036768,2025-08-20,3612.33,3628.623734606272
TR-036769,2025-08-20,660.26,735.0755573121701
TR-036770,2025-08-20,5089.9,5222.3902696826235
TR-036771,2025-08-20,4681.91,4722.499843824657
TR-036772,2025-08-20,989.75,1025.0648162326643
TR-036773,2025-08-20,3808.51,3842.219785382006
TR-036774,2025-08-20,2535.37,2153.760017992258
TR-036775,2025-08-20,2002.27,2119.7322743380305
TR-036776,2025-08-20,1186.24,1224.1720925432728
TR-036777,2025-08-20,3466.25,3225.2695733400533
TR-036778,2025-08-21,697.99,792.7156515211836
TR-036779,2025-08-21,2390.25,2668.4934184339622
TR-036780,2025-08-21,949.82,1002.6019888791008
TR-036781,2025-08-21,2029.95,1936.7352592959571
TR-036782,2025-08-21,1791.15,1751.255428271247
TR-036783,2025-08-21,1570.09,1554.139737315035
TR-036784,2025-08-21,2239.63,2359.648729775651
TR-036785,2025-08-21,1638.23,1591.5159855244465
TR-036786,2025-08-21,990.81,1011.1564271936624
TR-036787,2025-08-21,3892.62,3999.6308214371466
TR-036788,2025-08-21,971.16,995.8514337787462
TR-036789,2025-08-21,1270.17,1294.9202243232687
TR-036790,2025-08-21,5285.51,5139.315466289321
TR-036791,2025-08-21,847.21,889.5601263719768
TR-036792,2025-08-21,5067.94,4903.313551117028
TR-036793,2025-08-21,4868.53,4654.895014038941
TR-036794,2025-08-21,1579.37,1686.3874465492197
TR-036795,2025-08-21,3794.2,3614.5124963705416
TR-036796,2025-08-21,1145.33,1157.6702616771256
TR-036797,2025-08-21,1837.01,1985.8257260236355
TR-036798,2025-08-21,748.1,804.4584011190013
TR-036799,2025-08-21,1619.03,1781.8231463120178
TR-036800,2025-08-21,2244.95,2290.613833136547
TR-036801,2025-08-21,2897.26,3055.307099221637
TR-036802,2025-08-21,1933.26,1911.0870288826445
TR-036803,2025-08-21,6445.9,6204.741506145112
TR-036804,2025-08-21,3509.63,3483.586154269289
TR-036805,2025-08-21,881.82,937.1981096238333
TR-036806,2025-08-21,1117.21,1173.5632273297788
TR-036807,2025-08-21,884.12,841.2831426667478
TR-036808,2025-08-21,1004.87,986.350430855668
TR-036809,2025-08-21,1786.82,1871.9834455732234
TR-036810,2025-08-21,1253.59,1237.1569345406392
TR-036811,2025-08-21,4403.73,4373.918258735576
TR-036812,2025-08-21,767.18,791.4948753314868
TR-036813,2025-08-21,3856.7,4143.186435836262
TR-036814,2025-08-21,1758.47,1822.7908332582379
TR-036815,2025-08-21,2669.68,2917.7707036308034
TR-036816,2025-08-21,1292.01,1263.1463192355714
TR-036817,2025-08-21,3610.69,3612.5221712156645
TR-036818,2025-08-21,1019.65,1106.1544327099382
TR-036819,2025-08-21,333.85,414.3416080392549
TR-036820,2025-08-21,2059.99,2209.242509022299
TR-036821,2025-08-21,1276.36,1329.3863930964537
TR-036822,2025-08-21,4884.31,4593.98896860505
TR-036823,2025-08-21,2222.35,2146.6801769122444
TR-036824,2025-08-21,1108.91,1106.9692159167857
TR-036825,2025-08-21,3056.51,3060.501165504578
TR-036826,2025-08-21,2399.16,2322.466765026448
TR-036827,2025-08-21,3246.87,3460.620459832092
TR-036828,2025-08-21,918.93,978.693688923411
TR-036829,2025-08-21,3712.27,3591.757112035815
TR-036830,2025-08-21,1929.4,1964.7843512884301
TR-036831,2025-08-21,1986.98,1966.5823729128606
TR-036832,2025-08-21,2160.97,2432.4115062258056
TR-036833,2025-08-21,2817.46,3021.521307002277
TR-036834,2025-08-21,3299.81,3282.6484937284476
TR-036835,2025-08-21,6089.99,6022.374676796761
TR-036836,2025-08-21,2457.42,2273.24721256687
TR-036837,2025-08-21,1202.6,1194.2364767695267
TR-036838,2025-08-21,2550.17,2333.490661244154
TR-036839,2025-08-21,1642.54,1685.2728537573034
TR-036840,2025-08-21,1239.55,1234.132164582041
TR-036841,2025-08-21,2014.39,1963.2578412183113
TR-036842,2025-08-21,1775.15,2007.7834507925038
TR-036843,2025-08-21,842.84,929.2755446899944
TR-036844,2025-08-21,1736.32,1764.5805291892473
TR-036845,2025-08-21,2515.93,2436.7939625729477
TR-036846,2025-08-21,1714.47,1703.3035601914626
TR-036847,2025-08-21,1150.61,1157.537593639101
TR-036848,2025-08-21,1076.29,1145.5646849485192
TR-036849,2025-08-21,1611.52,1599.2077645526583
TR-036850,2025-08-21,515.58,639.5592573085596
TR-036851,2025-08-21,1628.64,1611.428860622298
TR-036852,2025-08-21,1712.3,1732.721837691624
TR-036853,2025-08-21,4457.75,4456.220715004934
TR-036854,2025-08-21,1136.15,1123.1297346655347
TR-036855,2025-08-21,3759.61,3679.925167151573
TR-036856,2025-08-21,3034.0,3160.791724775023
TR-036857,2025-08-21,2928.26,2923.4161563497146
TR-036858,2025-08-21,1902.46,2046.746953550869
TR-036859,2025-08-21,2817.21,2762.904794492167
TR-036860,2025-08-21,1879.48,1925.742417779064
TR-036861,2025-08-21,1845.85,1834.0691213276436
TR-036862,2025-08-21,2318.82,2591.7262086804312
TR-036863,2025-08-21,1856.59,1824.2601099933663
TR-036864,2025-08-21,3400.02,3492.4569678830294
TR-036865,2025-08-21,1034.15,1086.6619509113889
TR-036866,2025-08-21,2274.67,2546.4574691306616
TR-036867,2025-08-21,3866.5,3825.433650977754
TR-036868,2025-08-21,550.87,643.7704347280321
TR-036869,2025-08-21,2077.94,2081.742679822832
TR-036870,2025-08-21,1560.6,1612.936839597743
TR-036871,2025-08-21,506.1,600.3535184614323
TR-036872,2025-08-21,4790.81,5094.060342898805
TR-036873,2025-08-21,1957.68,1889.2430160840674
TR-036874,2025-08-21,3303.46,3425.7938600580264
TR-036875,2025-08-21,2290.55,2106.9296990538455
TR-036876,2025-08-21,1119.74,1149.3813461731079
TR-036877,2025-08-21,1889.92,1937.907469159645
TR-036878,2025-08-21,1867.94,1795.7874490105935
TR-036879,2025-08-21,1640.97,1550.175947215797
TR-036880,2025-08-21,1284.06,1364.8363194341296
TR-036881,2025-08-21,1440.59,1431.6323307453326
TR-036882,2025-08-21,5418.53,5340.235040400734
TR-036883,2025-08-21,2669.51,2658.783241376656
TR-036884,2025-08-21,2243.76,2322.4281457537086
TR-036885,2025-08-21,3686.52,3657.5945117194683
TR-036886,2025-08-21,3291.83,3623.3917675595335
TR-036887,2025-08-21,2216.2,2391.9331451168696
TR-036888,2025-08-21,316.32,443.8686694603721
TR-036889,2025-08-21,4229.19,4118.7214919668095
TR-036890,2025-08-21,916.1,958.0229236746682
TR-036891,2025-08-21,4069.8,4133.91857967678
TR-036892,2025-08-21,3132.63,3004.1047660595596
TR-036893,2025-08-21,1151.52,1092.5625000315342
TR-036894,2025-08-21,3740.47,3884.9692706463647
TR-036895,2025-08-21,1761.83,1723.8668584769923
TR-036896,2025-08-21,227.45,432.6408865952312
TR-036897,2025-08-21,3116.42,3240.8274078565682
TR-036898,2025-08-21,3538.11,3534.030788314846
TR-036899,2025-08-21,1396.51,1373.1087022700453
TR-036900,2025-08-21,1891.09,1845.633627452099
TR-036901,2025-08-21,679.82,751.958967430319
TR-036902,2025-08-21,1090.2,1052.7917330803339
TR-036903,2025-08-21,3525.78,3515.161284857065
TR-036904,2025-08-21,3345.13,3495.2547214078586
TR-036905,2025-08-21,3381.17,3522.4852233241827
TR-036906,2025-08-21,5342.18,5209.247468282115
TR-036907,2025-08-21,4353.98,4317.9981944620995
TR-036908,2025-08-21,578.24,682.1908418201458
TR-036909,2025-08-21,1648.21,1697.0001866668422
TR-036910,2025-08-21,526.23,582.2916134858519
TR-036911,2025-08-21,2766.38,2845.7663920860055
TR-036912,2025-08-21,2474.42,2212.771397891684
TR-036913,2025-08-21,3814.88,3920.807482612562
TR-036914,2025-08-21,1161.68,1162.8150109162552
TR-036915,2025-08-21,2231.31,2310.7991065234146
TR-036916,2025-08-21,2401.98,2357.0038632168503
TR-036917,2025-08-21,2888.44,2859.593883748787
TR-036918,2025-08-21,1856.3,1817.6751347405807
TR-036919,2025-08-21,2593.53,2896.440578992652
TR-036920,2025-08-21,2925.55,3279.2274786227767
TR-036921,2025-08-21,1272.48,1295.034591024043
TR-036922,2025-08-21,648.07,725.0588213695871
TR-036923,2025-08-21,5258.82,5367.243591101384
TR-036924,2025-08-21,249.52,816.7844318941743
TR-036925,2025-08-21,2773.08,2740.6972912000724
TR-036926,2025-08-21,2780.93,3110.974604347022
TR-036927,2025-08-21,4470.46,4463.429074020629
TR-036928,2025-08-21,2415.52,2798.60002546519
TR-036929,2025-08-21,2272.12,2323.456178831395
TR-036930,2025-08-21,14362.88,3548.098808013973
TR-036931,2025-08-21,2555.97,2557.0938067811617
TR-036932,2025-08-21,5076.78,5318.583434867334
TR-036933,2025-08-21,3778.41,3680.7630854585063
TR-036934,2025-08-21,3556.83,3558.6368620241383
TR-036935,2025-08-21,935.62,1007.7780162860904
TR-036936,2025-08-21,1011.03,1037.015246523279
TR-036937,2025-08-21,1645.78,1643.6042899706003
TR-036938,2025-08-21,4947.36,4987.844292256734
TR-036939,2025-08-21,1275.31,1263.279515853536
TR-036940,2025-08-21,4222.13,4285.599624092587
TR-036941,2025-08-21,3501.53,3620.229459053513
TR-036942,2025-08-21,2180.5,2359.358083229108
TR-036943,2025-08-22,1029.15,1041.5677309770651
TR-036944,2025-08-22,1334.05,1350.6959087564974
TR-036945,2025-08-22,1525.93,1525.4323396314908
TR-036946,2025-08-22,348.27,523.9022842047602
TR-036947,2025-08-22,954.67,1009.9952767581808
TR-036948,2025-08-22,1958.51,2096.602454324608
TR-036949,2025-08-22,5154.03,5001.837016090219
TR-036950,2025-08-22,842.65,879.6646393922429
TR-036951,2025-08-22,3665.34,3664.8730939205043
TR-036952,2025-08-22,1946.35,1952.3254306946974
TR-036953,2025-08-22,664.28,1843.4932727640885
TR-036954,2025-08-22,4097.41,4166.291104949165
TR-036955,2025-08-22,1537.52,1476.4039360337572
TR-036956,2025-08-22,3218.08,3255.3027429662025
TR-036957,2025-08-22,2701.36,2829.809589209043
TR-036958,2025-08-22,573.81,634.5543748987993
TR-036959,2025-08-22,1697.95,1728.6812721708138
TR-036960,2025-08-22,695.52,755.5991071194619
TR-036961,2025-08-22,1109.67,3632.195661694801
TR-036962,2025-08-22,4321.15,4380.696817181629
TR-036963,2025-08-22,5249.85,5284.441615352294
TR-036964,2025-08-22,1866.21,1889.631995511532
TR-036965,2025-08-22,2688.22,2638.7036982587642
TR-036966,2025-08-22,1306.2,1281.2423318048795
TR-036967,2025-08-22,2127.18,2122.6838868924106
TR-036968,2025-08-22,1962.15,1947.9231967144492
TR-036969,2025-08-22,1022.31,1032.9724487370454
TR-036970,2025-08-22,3930.77,4025.9190458446947
TR-036971,2025-08-22,2197.33,2300.4820943367013
TR-036972,2025-08-22,239.63,462.0658091560208
TR-036973,2025-08-22,946.18,936.855322662549
TR-036974,2025-08-22,2460.35,2595.20096747128
TR-036975,2025-08-22,5255.27,5067.565444756621
TR-036976,2025-08-22,4195.1,4137.211243993388
TR-036977,2025-08-22,1262.86,1268.4373942453262
TR-036978,2025-08-22,1053.46,1080.0054394437652
TR-036979,2025-08-22,1241.93,1345.8377731243281
TR-036980,2025-08-22,4522.51,4513.035044750083
TR-036981,2025-08-22,3349.09,3449.1491783010397
TR-036982,2025-08-22,526.72,625.2745501602926
TR-036983,2025-08-22,4815.5,5002.051618365385
TR-036984,2025-08-22,3303.55,3322.992675491438
TR-036985,2025-08-22,3635.08,3294.790760754554
TR-036986,2025-08-22,1863.97,1772.9016071273031
TR-036987,2025-08-22,1871.41,1812.0673400613516
TR-036988,2025-08-22,1547.77,1492.4209659291594
TR-036989,2025-08-22,666.16,711.6081037179802
TR-036990,2025-08-22,2285.14,2311.095547910581
TR-036991,2025-08-22,1405.65,1425.2911716875922
TR-036992,2025-08-22,754.23,792.8691756385012
TR-036993,2025-08-22,3060.21,3191.145508711961
TR-036994,2025-08-22,1216.75,1255.9162255246297
TR-036995,2025-08-22,2960.5,3084.061669109873
TR-036996,2025-08-22,1947.58,1986.655387287094
TR-036997,2025-08-22,1676.59,1710.6186369736797
TR-036998,2025-08-22,1857.57,1856.6665292257103
TR-036999,2025-08-22,2961.48,2986.1043519855057
TR-037000,2025-08-22,2064.48,2018.9229507496295
TR-037001,2025-08-22,2454.6,2454.398370549417
TR-037002,2025-08-22,2147.36,2212.599806939964
TR-037003,2025-08-22,1343.79,1375.3657916091584
TR-037004,2025-08-22,1784.4,1763.0200863699597
TR-037005,2025-08-22,1785.93,1850.6516905665765
TR-037006,2025-08-22,1400.87,1383.9175752431706
TR-037007,2025-08-22,5043.72,4774.618915191167
TR-037008,2025-08-22,4386.83,4215.02547882768
TR-037009,2025-08-22,1935.05,1879.4180681644814
TR-037010,2025-08-22,1328.92,1348.4519121891576
TR-037011,2025-08-22,1021.56,1061.881871982474
TR-037012,2025-08-22,3409.39,3304.603230635153
TR-037013,2025-08-22,2999.84,3011.082668838143
TR-037014,2025-08-22,1611.21,1596.046942254448
TR-037015,2025-08-22,855.73,916.4209621394969
TR-037016,2025-08-22,2162.53,2157.204084039537
TR-037017,2025-08-22,3853.5,3779.9025997511453
TR-037018,2025-08-22,709.62,787.0326188041445
TR-037019,2025-08-22,1572.54,1648.3155012271816
TR-037020,2025-08-22,2631.26,2519.7314382088607
TR-037021,2025-08-22,4036.45,3918.8949483421065
TR-037022,2025-08-22,3321.75,3513.654761491982
TR-037023,2025-08-22,679.98,751.246478368198
TR-037024,2025-08-22,1002.94,996.6891186595922
TR-037025,2025-08-22,3095.69,2991.0609240044446
TR-037026,2025-08-22,2806.91,2908.333570248778
TR-037027,2025-08-22,5454.33,5531.241542389654
TR-037028,2025-08-22,4504.06,4314.2024176409295
TR-037029,2025-08-22,1004.1,998.2042605965382
TR-037030,2025-08-22,1573.25,1569.1205895638338
TR-037031,2025-08-22,3219.57,3285.9620382785324
TR-037032,2025-08-22,2652.04,2344.5865068423786
TR-037033,2025-08-22,1680.37,1691.4142432415288
TR-037034,2025-08-22,3740.15,3863.970452281301
TR-037035,2025-08-22,5376.34,5350.779183113442
TR-037036,2025-08-22,1506.92,1548.301020273395
TR-037037,2025-08-22,4308.01,4316.889502144839
TR-037038,2025-08-22,1879.92,1903.0066836766896
TR-037039,2025-08-22,1318.97,1304.1875582164334
TR-037040,2025-08-22,707.9,735.1393398983919
TR-037041,2025-08-22,2404.88,2387.579238306152
TR-037042,2025-08-22,1524.89,1642.9846946645225
TR-037043,2025-08-22,2476.08,2354.4196170850187
TR-037044,2025-08-22,1382.58,1351.160141421256
TR-037045,2025-08-22,1765.69,2005.5533932523417
TR-037046,2025-08-22,1305.11,1312.9706234786527
TR-037047,2025-08-22,4092.43,4022.4775620019973
TR-037048,2025-08-22,607.66,738.5637637614352
TR-037049,2025-08-22,1649.33,1617.4151101651394
TR-037050,2025-08-22,5347.7,5374.652200954282
TR-037051,2025-08-22,1765.59,1722.4642682692947
TR-037052,2025-08-22,2048.33,1979.2950075947865
TR-037053,2025-08-22,2025.53,2069.7319988936483
TR-037054,2025-08-22,4752.73,4716.933782858838
TR-037055,2025-08-22,1782.3,1750.9293964231897
TR-037056,2025-08-22,2333.46,2376.8830938380265
TR-037057,2025-08-22,862.5,913.1868262842277
TR-037058,2025-08-22,6036.06,5932.395172794568
TR-037059,2025-08-22,1218.12,1242.2229339537864
TR-037060,2025-08-22,445.02,525.8868482024925
TR-037061,2025-08-22,947.41,1001.002671139479
TR-037062,2025-08-22,460.11,565.5345634808859
TR-037063,2025-08-22,5754.79,5546.947285000962
TR-037064,2025-08-22,2154.21,2281.9253029285674
TR-037065,2025-08-22,2438.81,2564.5957451281897
TR-037066,2025-08-22,3197.26,3422.311159435112
TR-037067,2025-08-22,5150.15,5198.735443738355
TR-037068,2025-08-22,2655.51,2280.0039010199034
TR-037069,2025-08-22,958.7,940.8711107747763
TR-037070,2025-08-22,3207.35,3279.8802734336205
TR-037071,2025-08-22,1741.96,1699.6465073831423
TR-037072,2025-08-22,2491.35,2725.229049653656
TR-037073,2025-08-22,1015.7,1047.7988283771545
TR-037074,2025-08-22,3837.73,3934.674688032387
TR-037075,2025-08-22,440.22,564.7000993524473
TR-037076,2025-08-23,4926.52,4972.6640543503145
TR-037077,2025-08-23,2243.56,2102.2175856619124
TR-037078,2025-08-23,1403.99,1608.4508526766856
TR-037079,2025-08-23,758.3,842.1385813914569
TR-037080,2025-08-23,5422.12,5098.4088832543275
TR-037081,2025-08-23,3864.3,4009.3242997010566
TR-037082,2025-08-23,2355.88,2391.3074102079704
TR-037083,2025-08-23,4208.52,4475.752987101829
TR-037084,2025-08-23,876.19,931.6507967430937
TR-037085,2025-08-23,680.26,766.4755330819892
TR-037086,2025-08-23,1540.43,1609.083574930946
TR-037087,2025-08-23,2336.74,2487.908371834419
TR-037088,2025-08-23,3525.59,3732.6276792260765
TR-037089,2025-08-23,3444.13,3660.8729612569587
TR-037090,2025-08-23,1364.33,1388.644367297195
TR-037091,2025-08-23,3290.93,3376.0695371308275
TR-037092,2025-08-23,2906.55,3115.5944126416507
TR-037093,2025-08-23,1712.77,1637.009537659969
TR-037094,2025-08-23,1885.57,1888.5068289393153
TR-037095,2025-08-23,2926.84,2771.3220825442204
TR-037096,2025-08-23,1670.48,1677.268557895678
TR-037097,2025-08-23,4443.39,4373.142611829133
TR-037098,2025-08-23,2889.83,3155.1726622831975
TR-037099,2025-08-23,2091.31,2178.2276286473657
TR-037100,2025-08-23,4058.8,3855.744654397711
TR-037101,2025-08-23,3483.18,3547.3021299983084
TR-037102,2025-08-23,2376.56,2304.395898497792
TR-037103,2025-08-23,1290.75,1300.5625922208449
TR-037104,2025-08-23,2556.88,2709.6489332587507
TR-037105,2025-08-23,1196.96,1200.9119740866436
TR-037106,2025-08-23,692.62,702.9867957723127
TR-037107,2025-08-23,2441.75,2124.740337339781
TR-037108,2025-08-23,2519.17,2846.8120827365196
TR-037109,2025-08-23,934.38,1009.1630974712277
TR-037110,2025-08-23,3935.77,3986.312932346621
TR-037111,2025-08-23,3257.83,3135.878934992278
TR-037112,2025-08-23,3184.54,3208.057435575035
TR-037113,2025-08-23,4835.13,4799.811886491805
TR-037114,2025-08-23,1780.64,1758.6528052234771
TR-037115,2025-08-23,1139.21,1156.1664983306864
TR-037116,2025-08-23,4088.62,4317.408072343287
TR-037117,2025-08-23,1381.48,1371.9582717547216
TR-037118,2025-08-23,1249.48,1283.7337420570761
TR-037119,2025-08-23,4499.44,4365.4320120568855
TR-037120,2025-08-23,1892.08,1868.3491914313468
TR-037121,2025-08-23,3369.7,3318.1048504954983
TR-037122,2025-08-23,723.37,815.6044162588325
TR-037123,2025-08-23,3188.75,3268.3186124962867
TR-037124,2025-08-23,1866.9,1925.746865801807
TR-037125,2025-08-23,725.06,762.0470284221999
TR-037126,2025-08-23,1077.88,1070.137009750523
TR-037127,2025-08-23,5864.87,5450.143670972354
TR-037128,2025-08-23,1366.32,1368.435362808511
TR-037129,2025-08-23,1851.36,2002.4203636105278
TR-037130,2025-08-23,2880.2,2952.8120244261913
TR-037131,2025-08-23,3638.89,3896.8567587705675
TR-037132,2025-08-23,2111.16,2269.939456921977
TR-037133,2025-08-23,1641.34,1676.431021585367
TR-037134,2025-08-23,1625.2,1616.1162477726587
TR-037135,2025-08-23,3460.44,3516.5726653048546
TR-037136,2025-08-23,736.46,783.1548492823217
TR-037137,2025-08-23,3151.74,2810.8369604677637
TR-037138,2025-08-23,1956.23,2003.4419614809315
TR-037139,2025-08-23,810.86,877.9787978874426
TR-037140,2025-08-23,1318.15,1287.9306726924183
TR-037141,2025-08-23,5267.91,5121.419146463144
TR-037142,2025-08-23,3878.02,4065.3279335780153
TR-037143,2025-08-23,1310.97,1299.1031125781738
TR-037144,2025-08-23,2049.1,2492.910668816477
TR-037145,2025-08-23,1656.94,1563.891978489191
TR-037146,2025-08-23,1101.21,1111.538199805807
TR-037147,2025-08-23,5110.7,5087.169674988469
TR-037148,2025-08-23,1363.09,1333.5433847785735
TR-037149,2025-08-23,4900.82,4965.349587198132
TR-037150,2025-08-23,5360.53,5526.674009394481
TR-037151,2025-08-23,723.28,802.3948067702042
TR-037152,2025-08-23,1486.62,1507.0585032649678
TR-037153,2025-08-23,953.04,982.4464166046741
TR-037154,2025-08-23,1516.82,1572.8379090047354
TR-037155,2025-08-23,3723.95,3685.0196001593863
TR-037156,2025-08-23,5328.33,5447.943021349987
TR-037157,2025-08-23,1210.95,1317.3948275492749
TR-037158,2025-08-23,3061.05,3169.7835448253845
TR-037159,2025-08-23,1473.63,1559.6360924611377
TR-037160,2025-08-23,901.03,918.2935437905753
TR-037161,2025-08-23,2549.6,2394.435935199351
TR-037162,2025-08-23,4575.83,4521.681321386665
TR-037163,2025-08-23,4779.29,4792.275588177838
TR-037164,2025-08-23,1496.84,1583.2064919178229
TR-037165,2025-08-23,2721.41,2876.7846218863588
TR-037166,2025-08-23,4364.43,4375.863682642346
TR-037167,2025-08-23,1215.08,1197.5084101530524
TR-037168,2025-08-23,1303.3,1256.6585272606053
TR-037169,2025-08-23,2517.13,2479.21832392741
TR-037170,2025-08-23,1874.15,1883.1277529172357
TR-037171,2025-08-23,1199.57,1188.5068109685153
TR-037172,2025-08-23,1789.85,1860.095512260746
TR-037173,2025-08-23,1416.31,1392.13877572733
TR-037174,2025-08-23,11981.0,2775.9421544681004
TR-037175,2025-08-23,5002.47,4891.76692036047
TR-037176,2025-08-23,5160.6,5295.885630630426
TR-037177,2025-08-23,885.63,907.104224666115
TR-037178,2025-08-23,1324.98,1390.510171966177
TR-037179,2025-08-23,4140.5,4324.3572167072325
TR-037180,2025-08-23,2260.55,2169.1764141058234
TR-037181,2025-08-23,4415.77,4393.048198042924
TR-037182,2025-08-23,1231.15,1218.2259360554986
TR-037183,2025-08-23,1697.97,1704.0296178346216
TR-037184,2025-08-23,218.9,518.6282512721073
TR-037185,2025-08-23,1743.3,1767.361426323621
TR-037186,2025-08-23,4165.97,4343.245357615828
TR-037187,2025-08-23,2685.36,2738.8100421998643
TR-037188,2025-08-23,3482.37,3575.9227111982686
TR-037189,2025-08-23,1633.05,1623.6278588247035
TR-037190,2025-08-23,2125.42,2305.1235718738235
TR-037191,2025-08-23,4179.22,4357.3058056646805
TR-037192,2025-08-23,1566.73,1620.4366215763253
TR-037193,2025-08-23,975.11,991.1419739235507
TR-037194,2025-08-23,2326.77,2203.5065834262987
TR-037195,2025-08-23,4032.25,4088.350382644153
TR-037196,2025-08-23,1121.81,1169.760370563261
TR-037197,2025-08-23,2181.88,2262.144545154321
TR-037198,2025-08-23,2853.66,2876.2685953422942
TR-037199,2025-08-23,2683.95,2845.971422759337
TR-037200,2025-08-23,3852.12,3658.796599521713
TR-037201,2025-08-23,494.37,1681.7785150952973
TR-037202,2025-08-23,2113.74,2347.936977392652
TR-037203,2025-08-23,1101.03,1121.176191504535
TR-037204,2025-08-23,2792.02,3156.8003883922
TR-037205,2025-08-23,3303.78,3413.7576952714244
TR-037206,2025-08-23,1006.46,1029.525323562802
TR-037207,2025-08-23,1403.05,1365.2468631012707
TR-037208,2025-08-23,3642.59,3760.912549856173
TR-037209,2025-08-23,3282.53,3654.8752106804714
TR-037210,2025-08-23,1815.02,1829.6434083687498
TR-037211,2025-08-23,2267.3,2471.900181406583
TR-037212,2025-08-23,889.93,919.9607383200378
TR-037213,2025-08-23,542.39,622.3763363903108
TR-037214,2025-08-23,1702.34,1686.78394000745
TR-037215,2025-08-23,3111.47,3263.2777622700232
TR-037216,2025-08-23,1704.0,1682.7635472466752
TR-037217,2025-08-23,1724.25,1819.1177263957773
TR-037218,2025-08-23,1671.16,1668.5003588803033
TR-037219,2025-08-23,713.05,807.5722680652384
TR-037220,2025-08-23,3469.59,3483.488937704661
TR-037221,2025-08-23,2537.24,2105.9911157151064
TR-037222,2025-08-23,3286.22,3493.9089865830024
TR-037223,2025-08-23,2369.52,2419.2650843295805
TR-037224,2025-08-23,3002.99,3339.714517065707
TR-037225,2025-08-23,2073.2,1974.9288730014368
TR-037226,2025-08-23,2112.13,2332.7716235995676
TR-037227,2025-08-23,1125.28,1161.3852061283924
TR-037228,2025-08-23,1468.95,1470.5039974761612
TR-037229,2025-08-23,995.3,1028.4761065317077
TR-037230,2025-08-23,838.07,925.4656585735302
TR-037231,2025-08-23,567.49,641.8376405627068
TR-037232,2025-08-23,1992.45,1869.0391879064027
TR-037233,2025-08-23,918.74,965.570972289197
TR-037234,2025-08-23,2662.69,729.3939167700578
TR-037235,2025-08-24,1919.73,2019.7466840976474
TR-037236,2025-08-24,1929.14,2022.9650909118707
TR-037237,2025-08-24,1721.44,1667.977794608076
TR-037238,2025-08-24,3997.77,4063.542738395122
TR-037239,2025-08-24,1538.17,1544.2163810097495
TR-037240,2025-08-24,935.47,931.778922735627
TR-037241,2025-08-24,3683.01,3999.2209800047954
TR-037242,2025-08-24,4757.86,5175.34611341865
TR-037243,2025-08-24,2077.63,2257.8230164999586
TR-037244,2025-08-24,622.91,712.9366518842442
TR-037245,2025-08-24,3315.62,3310.571399580582
TR-037246,2025-08-24,5060.31,4964.51379915281
TR-037247,2025-08-24,2428.63,2279.7746157243564
TR-037248,2025-08-24,1041.67,1012.7370513548617
TR-037249,2025-08-24,1498.19,1487.9517094739153
TR-037250,2025-08-24,4630.16,4556.935977804602
TR-037251,2025-08-24,1109.63,1158.3121970542036
TR-037252,2025-08-24,459.39,573.3828737879653
TR-037253,2025-08-24,2897.07,2838.5679108415266
TR-037254,2025-08-24,2296.82,2196.928467865695
TR-037255,2025-08-24,3009.15,2950.4947117659135
TR-037256,2025-08-24,3421.87,3638.502800855425
TR-037257,2025-08-24,2409.45,2514.6136109661993
TR-037258,2025-08-24,4695.99,4739.649569547858
TR-037259,2025-08-24,947.31,1018.0838618611435
TR-037260,2025-08-24,1006.34,1070.5867875403146
TR-037261,2025-08-24,4110.03,4201.818772028562
TR-037262,2025-08-24,922.96,978.225788852295
TR-037263,2025-08-24,726.92,756.0835606151036
TR-037264,2025-08-24,2773.9,3010.828122977582
TR-037265,2025-08-24,1541.65,1489.890226275395
TR-037266,2025-08-24,2215.4,2024.8581562351103
TR-037267,2025-08-24,4531.67,4514.683941675636
TR-037268,2025-08-24,3618.48,3951.8709786944614
TR-037269,2025-08-24,3500.98,3590.519993159174
TR-037270,2025-08-24,1170.1,1207.9851019522903
TR-037271,2025-08-24,2317.13,2476.3363707479157
TR-037272,2025-08-24,1101.68,1146.136746795101
TR-037273,2025-08-24,873.25,935.1257202236582
TR-037274,2025-08-24,321.32,544.1803215952154
TR-037275,2025-08-24,1629.18,1677.9306448704608
TR-037276,2025-08-24,5138.3,5205.647402705088
TR-037277,2025-08-24,3513.12,3646.252881602953
TR-037278,2025-08-24,1986.79,1933.5213766887478
TR-037279,2025-08-24,740.97,844.5809071947449
TR-037280,2025-08-24,1706.19,1762.5227636211496
TR-037281,2025-08-24,2191.06,2324.0914652195993
TR-037282,2025-08-24,3617.33,3767.973421097992
TR-037283,2025-08-24,1198.94,1246.5759052296903
TR-037284,2025-08-24,2581.04,2800.839520082485
TR-037285,2025-08-24,1306.66,1320.0023293873155
TR-037286,2025-08-24,2053.79,1931.0179071574382
TR-037287,2025-08-24,3788.44,3870.7791232662094
TR-037288,2025-08-24,4348.94,4364.494272175112
TR-037289,2025-08-24,1763.23,1780.155918364616
TR-037290,2025-08-24,1802.36,1853.5081377988727
TR-037291,2025-08-24,1871.34,1886.869189263824
TR-037292,2025-08-24,3761.88,3823.4979468773763
TR-037293,2025-08-24,306.45,438.19695986844044
TR-037294,2025-08-24,2457.2,2837.203110455801
TR-037295,2025-08-24,1299.89,1362.7842460308027
TR-037296,2025-08-24,2062.13,2030.837912482666
TR-037297,2025-08-24,1692.16,1776.1329238611554
TR-037298,2025-08-24,2069.21,1974.6903173092683
TR-037299,2025-08-24,583.78,643.3940719859163
TR-037300,2025-08-24,1835.49,1935.779319673941
TR-037301,2025-08-24,3514.88,3692.855336164787
TR-037302,2025-08-24,2025.32,1967.6848606037008
TR-037303,2025-08-24,1106.82,1170.5910795988655
TR-037304,2025-08-24,3327.79,3457.733971082554
TR-037305,2025-08-24,1686.27,1788.9212364229284
TR-037306,2025-08-24,3685.39,3866.9176690090217
TR-037307,2025-08-24,1582.29,1665.6931131315284
TR-037308,2025-08-24,2418.25,2546.170443863039
TR-037309,2025-08-24,2154.85,2293.238675888508
TR-037310,2025-08-24,1208.83,1202.08458147754
TR-037311,2025-08-24,2852.17,3011.847413521243
TR-037312,2025-08-24,2262.34,2395.2297428374795
TR-037313,2025-08-24,2692.43,2778.849436672119
TR-037314,2025-08-24,509.3,1538.492427782139
TR-037315,2025-08-24,869.6,880.2256342730175
TR-037316,2025-08-24,1829.88,1897.599938740732
TR-037317,2025-08-24,2135.95,2165.748161204126
TR-037318,2025-08-24,2201.68,2269.9893603938217
TR-037319,2025-08-24,525.2,515.9725830441896
TR-037320,2025-08-24,1756.81,1854.1871814000492
TR-037321,2025-08-24,2611.16,2573.7775389440903
TR-037322,2025-08-24,4381.12,4564.496838304022
TR-037323,2025-08-24,2271.6,2625.54726861714
TR-037324,2025-08-24,1734.72,1775.7435631106
TR-037325,2025-08-24,2355.02,2424.4203095556722
TR-037326,2025-08-24,666.39,753.269912463652
TR-037327,2025-08-24,4233.89,4275.8099181783955
TR-037328,2025-08-24,3684.57,3877.4984290050306
TR-037329,2025-08-24,1481.86,1479.4019909181748
TR-037330,2025-08-24,3854.48,4109.74614206166
TR-037331,2025-08-24,5577.31,5383.555206243203
TR-037332,2025-08-24,1279.34,1295.758676092655
TR-037333,2025-08-24,2425.34,2233.4802798858223
TR-037334,2025-08-24,1493.17,1520.5885218461938
TR-037335,2025-08-24,2670.46,2748.3309302983225
TR-037336,2025-08-24,2192.56,2461.0336175234547
TR-037337,2025-08-24,1167.75,1206.070542938623
TR-037338,2025-08-24,1401.41,1448.8191664658675
TR-037339,2025-08-24,2028.25,2294.3332778647555
TR-037340,2025-08-24,2173.53,2493.57421343712
TR-037341,2025-08-24,1338.42,1344.7523629413777
TR-037342,2025-08-24,2593.02,2591.7641467647823
TR-037343,2025-08-24,4711.71,4891.5037979654135
TR-037344,2025-08-24,1778.92,1764.5564424876177
TR-037345,2025-08-24,2697.42,2725.17659793608
TR-037346,2025-08-24,2236.9,2413.5034013769755
TR-037347,2025-08-24,787.78,845.919019606137
TR-037348,2025-08-24,3938.05,4076.2591251309404
TR-037349,2025-08-24,1590.46,1659.6845940839219
TR-037350,2025-08-24,1569.15,1573.061843786348
TR-037351,2025-08-24,1665.73,1732.8931344321422
TR-037352,2025-08-24,1008.38,1031.162841132519
TR-037353,2025-08-24,3269.5,3258.764592195348
TR-037354,2025-08-24,3273.33,3279.801558594968
TR-037355,2025-08-24,872.46,920.5977847978977
TR-037356,2025-08-24,1590.15,1607.4016579249137
TR-037357,2025-08-24,3267.86,3347.3916642819704
TR-037358,2025-08-24,2927.7,2923.4747615129927
TR-037359,2025-08-24,3117.03,3185.815893780533
TR-037360,2025-08-24,880.37,921.9862083917965
TR-037361,2025-08-24,1858.87,1897.1610584321384
TR-037362,2025-08-24,2437.64,960.2479468850515
TR-037363,2025-08-24,432.79,568.2578771879266
TR-037364,2025-08-24,3581.09,3805.561457233694
TR-037365,2025-08-24,807.14,837.0656132149936
TR-037366,2025-08-24,1300.28,1289.024110158442
TR-037367,2025-08-24,2405.38,2534.509713514976
TR-037368,2025-08-24,1718.36,1801.5652076144845
TR-037369,2025-08-24,1881.99,1786.9595438188417
TR-037370,2025-08-24,880.86,939.9363385381639
TR-037371,2025-08-24,442.88,529.8513966182304
TR-037372,2025-08-24,2276.79,2353.566433524644
TR-037373,2025-08-24,2054.57,2095.9248945154645
TR-037374,2025-08-24,2247.08,2126.729578410173
TR-037375,2025-08-24,2294.2,2446.772387152932
TR-037376,2025-08-24,1366.08,1363.5744931396584
TR-037377,2025-08-24,2593.96,2499.627763729071
TR-037378,2025-08-24,738.04,843.1405874360976
TR-037379,2025-08-24,2567.17,2648.687256120579
TR-037380,2025-08-24,1093.46,1132.630319411972
TR-037381,2025-08-24,3343.32,3480.729358789115
TR-037382,2025-08-24,1895.76,1944.7307093421214
TR-037383,2025-08-24,3927.86,3961.2746484906675
TR-037384,2025-08-24,1108.77,1127.9881307935393
TR-037385,2025-08-24,3090.61,3024.862398611105
TR-037386,2025-08-24,3118.45,3160.1930303250333
TR-037387,2025-08-24,928.46,971.9891171720094
TR-037388,2025-08-24,2422.87,2723.630051427408
TR-037389,2025-08-24,1022.55,1048.2410805934437
TR-037390,2025-08-24,2481.43,2587.990897611583
TR-037391,2025-08-24,1102.93,1165.124910367618
TR-037392,2025-08-24,894.95,974.0051392893852
TR-037393,2025-08-24,1054.43,1119.8984046404425
TR-037394,2025-08-24,2567.52,2789.1019677619197
TR-037395,2025-08-25,2796.73,2841.014648407072
TR-037396,2025-08-25,1661.97,1689.1417602450756
TR-037397,2025-08-25,308.52,481.60965620377056
TR-037398,2025-08-25,3398.73,3741.974834496941
TR-037399,2025-08-25,1453.09,1501.739965748639
TR-037400,2025-08-25,4567.92,4573.087779109004
TR-037401,2025-08-25,1480.31,1561.3589490396023
TR-037402,2025-08-25,3089.86,3234.453994956597
TR-037403,2025-08-25,1207.44,1252.1178112826246
TR-037404,2025-08-25,1354.88,1302.6471279315547
TR-037405,2025-08-25,2525.06,2577.0166817068302
TR-037406,2025-08-25,5126.65,5376.927743920806
TR-037407,2025-08-25,2566.58,2709.1157814318885
TR-037408,2025-08-25,928.81,951.1617407106978
TR-037409,2025-08-25,1745.66,2011.9847052845798
TR-037410,2025-08-25,2645.67,2795.2931236180702
TR-037411,2025-08-25,2631.63,2689.788937850246
TR-037412,2025-08-25,1576.43,1783.2363440708145
TR-037413,2025-08-25,1434.51,1459.7624433248698
TR-037414,2025-08-25,1575.57,1495.8401560258837
TR-037415,2025-08-25,4595.87,4802.4018490886265
TR-037416,2025-08-25,4488.99,4568.256857922295
TR-037417,2025-08-25,2925.43,3302.561013272978
TR-037418,2025-08-25,2103.7,2014.000210604067
TR-037419,2025-08-25,631.25,734.0423515602431
TR-037420,2025-08-25,4753.96,4656.809512548235
TR-037421,2025-08-25,1310.54,1303.69769866278
TR-037422,2025-08-25,2495.39,2413.60898425559
TR-037423,2025-08-25,1761.46,1749.629178523366
TR-037424,2025-08-25,950.57,1024.8384205404282
TR-037425,2025-08-25,1820.93,1827.1226838749049
TR-037426,2025-08-25,6450.5,6070.300600451066
TR-037427,2025-08-25,633.84,3080.8169193258072
TR-037428,2025-08-25,1626.05,1559.0680593663144
TR-037429,2025-08-25,1537.62,1530.842373680718
TR-037430,2025-08-25,2450.5,2565.37145111714
TR-037431,2025-08-25,3075.6,3254.386589721741
TR-037432,2025-08-25,2575.39,2248.5747937169344
TR-037433,2025-08-25,3800.27,3660.5669666080107
TR-037434,2025-08-25,1415.27,1429.1619776165048
TR-037435,2025-08-25,3286.5,3480.306618903578
TR-037436,2025-08-25,1998.34,2030.8048425488582
TR-037437,2025-08-25,1356.23,1348.8016600489252
TR-037438,2025-08-25,3895.33,4024.9608881824997
TR-037439,2025-08-25,3885.01,3900.4402753859686
TR-037440,2025-08-25,2790.28,2719.446593460293
TR-037441,2025-08-25,3384.09,3338.4798236441648
TR-037442,2025-08-25,2734.43,2607.437238666477
TR-037443,2025-08-25,4507.79,4632.990108501833
TR-037444,2025-08-25,2277.19,2125.00013414174
TR-037445,2025-08-25,1768.34,1857.4417455112546
TR-037446,2025-08-25,3578.75,3790.1925502924796
TR-037447,2025-08-25,4142.32,4238.791990143238
TR-037448,2025-08-25,321.01,520.4186961879127
TR-037449,2025-08-25,999.69,1049.5358659961262
TR-037450,2025-08-25,5201.7,5293.793439014402
TR-037451,2025-08-25,1682.14,1748.584307357126
TR-037452,2025-08-25,1058.57,1091.4311974473778
TR-037453,2025-08-25,1336.47,1314.529956490473
TR-037454,2025-08-25,2925.47,2649.365862290132
TR-037455,2025-08-25,4029.68,4190.241405957907
TR-037456,2025-08-25,1321.95,1291.9756239622325
TR-037457,2025-08-25,1730.58,2048.7027055899193
TR-037458,2025-08-25,1929.15,1952.9463658884235
TR-037459,2025-08-25,1017.42,1072.1693343708816
TR-037460,2025-08-25,2191.42,2091.1310177282016
TR-037461,2025-08-25,6600.96,6115.715411447684
TR-037462,2025-08-25,3503.39,3703.8366477597497
TR-037463,2025-08-25,4342.27,4109.296999606707
TR-037464,2025-08-25,2589.5,2541.569551697458
TR-037465,2025-08-25,1433.9,1442.6715672670707
TR-037466,2025-08-25,1549.96,1537.8767128155378
TR-037467,2025-08-25,856.35,921.695049092732
TR-037468,2025-08-25,1147.09,1257.0039440753183
TR-037469,2025-08-25,2731.74,2424.3796034152892
TR-037470,2025-08-25,1355.42,1362.6169843517928
TR-037471,2025-08-25,1389.14,1381.9584169426923
TR-037472,2025-08-25,4591.86,4773.803959887235
TR-037473,2025-08-25,4727.74,4909.87975085825
TR-037474,2025-08-25,2511.8,2537.3149190298855
TR-037475,2025-08-25,1269.27,1304.3246476470397
TR-037476,2025-08-25,3340.43,3442.939386245473
TR-037477,2025-08-25,3123.56,3377.1893089725972
TR-037478,2025-08-25,1786.52,2051.522851514753
TR-037479,2025-08-25,835.39,865.993195741032
TR-037480,2025-08-25,2006.14,1978.2457386560948
TR-037481,2025-08-25,3013.5,3204.1832235003294
TR-037482,2025-08-25,2283.71,2582.674007634655
TR-037483,2025-08-25,412.37,476.49716797671203
TR-037484,2025-08-25,1342.31,1381.371497732442
TR-037485,2025-08-25,3474.89,3433.1749130838753
TR-037486,2025-08-25,1781.67,1881.9508317499424
TR-037487,2025-08-25,2230.48,2131.8861894251513
TR-037488,2025-08-25,3480.85,3579.433096612846
TR-037489,2025-08-25,3791.97,3929.452746284617
TR-037490,2025-08-25,470.3,588.4281616723213
TR-037491,2025-08-25,1129.48,1184.5047340015017
TR-037492,2025-08-25,2416.23,2196.183163430173
TR-037493,2025-08-25,3974.86,3923.496522661376
TR-037494,2025-08-25,1554.96,1743.379987273366
TR-037495,2025-08-25,1430.57,1452.1365854980822
TR-037496,2025-08-25,1371.93,1392.7840626016846
TR-037497,2025-08-25,4704.09,4686.726086981755
TR-037498,2025-08-25,5266.93,5222.7915964027125
TR-037499,2025-08-25,2318.21,2375.015182196457
TR-037500,2025-08-25,4077.42,3879.718062821372
TR-037501,2025-08-25,2393.51,2664.767719543702
TR-037502,2025-08-25,1793.6,2017.3267309631394
TR-037503,2025-08-25,546.06,648.9777040918698
TR-037504,2025-08-25,471.35,585.1423196608805
TR-037505,2025-08-25,1359.21,1379.111619268248
TR-037506,2025-08-25,1359.02,1330.1571447456529
TR-037507,2025-08-25,5874.84,5813.768038929518
TR-037508,2025-08-25,1458.43,1436.6119132486308
TR-037509,2025-08-25,759.91,774.8615945224124
TR-037510,2025-08-25,3389.76,3528.8145728173577
TR-037511,2025-08-25,4140.17,4196.487580132909
TR-037512,2025-08-25,4029.27,4275.699502842885
TR-037513,2025-08-25,911.49,962.9830670059544
TR-037514,2025-08-25,1814.2,1896.2234575793866
TR-037515,2025-08-25,4270.17,3859.838771416572
TR-037516,2025-08-25,4172.44,4278.047055455587
TR-037517,2025-08-25,1081.96,1072.322997189694
TR-037518,2025-08-25,2261.4,2323.602048198535
TR-037519,2025-08-25,580.73,699.4844787033398
TR-037520,2025-08-25,1235.0,1244.91415482862
TR-037521,2025-08-25,4212.53,4229.583052509806
TR-037522,2025-08-25,3196.39,3525.5951010824338
TR-037523,2025-08-25,1027.81,1093.0377290303031
TR-037524,2025-08-25,3958.96,3994.9505183305473
TR-037525,2025-08-25,1672.26,1646.3802931170103
TR-037526,2025-08-25,1764.35,1749.4620055849405
TR-037527,2025-08-25,1311.35,1299.9621162172684
TR-037528,2025-08-25,2507.22,2552.9519021247647
TR-037529,2025-08-25,2396.54,2339.424016303777
TR-037530,2025-08-25,1243.11,1272.4258230924797
TR-037531,2025-08-25,4177.52,4346.306168740403
TR-037532,2025-08-25,891.98,889.9839387369766
TR-037533,2025-08-25,2102.24,2080.2643552217405
TR-037534,2025-08-25,844.6,934.0411483046164
TR-037535,2025-08-25,826.36,866.274113496675
TR-037536,2025-08-25,4259.34,4409.827788452181
TR-037537,2025-08-25,1223.24,1247.78256394634
TR-037538,2025-08-26,4207.6,4131.755569101671
TR-037539,2025-08-26,1704.22,1798.2531406745359
TR-037540,2025-08-26,5543.98,5459.612525364477
TR-037541,2025-08-26,1745.83,1736.4942652770674
TR-037542,2025-08-26,2814.36,2777.818767266748
TR-037543,2025-08-26,3151.52,3268.8542053264187
TR-037544,2025-08-26,1059.53,1017.2268570220433
TR-037545,2025-08-26,882.57,910.1473125761618
TR-037546,2025-08-26,2374.48,2593.7572375059744
TR-037547,2025-08-26,529.58,579.4915302294903
TR-037548,2025-08-26,776.71,803.6432958310113
TR-037549,2025-08-26,1848.34,1885.6165911700596
TR-037550,2025-08-26,2702.67,3059.011945346029
TR-037551,2025-08-26,3359.87,3609.0381016242923
TR-037552,2025-08-26,1875.62,1982.3851583043079
TR-037553,2025-08-26,2775.5,2877.9264091150517
TR-037554,2025-08-26,439.78,492.666588160399
TR-037555,2025-08-26,5253.18,5319.47592252353
TR-037556,2025-08-26,1239.38,1294.234013512269
TR-037557,2025-08-26,3621.56,3223.936443925728
TR-037558,2025-08-26,3116.28,3026.179363040491
TR-037559,2025-08-26,1298.15,1322.3421313403078
TR-037560,2025-08-26,4133.81,4239.477495522851
TR-037561,2025-08-26,1935.9,1924.4947609421295
TR-037562,2025-08-26,2753.95,2756.0029190575424
TR-037563,2025-08-26,2148.99,2038.0113342074008
TR-037564,2025-08-26,1342.1,1379.034950397128
TR-037565,2025-08-26,1400.2,1333.5019925577506
TR-037566,2025-08-26,2128.94,2256.0403120806745
TR-037567,2025-08-26,2419.5,2382.733007790752
TR-037568,2025-08-26,480.53,536.277301466228
TR-037569,2025-08-26,3280.89,3359.1039509183784
TR-037570,2025-08-26,2143.84,2212.811173106182
TR-037571,2025-08-26,1999.35,1944.5070009869264
TR-037572,2025-08-26,1840.35,1990.1521634073817
TR-037573,2025-08-26,2533.0,2533.6204665155606
TR-037574,2025-08-26,769.24,769.8729582665949
TR-037575,2025-08-26,2531.82,2470.845046130008
TR-037576,2025-08-26,3549.2,3765.3462015953755
TR-037577,2025-08-26,1683.88,1740.2252075881092
TR-037578,2025-08-26,3080.9,3223.7543623222186
TR-037579,2025-08-26,3883.87,4149.486101365251
TR-037580,2025-08-26,5314.35,5243.787348819955
TR-037581,2025-08-26,1299.42,1252.3374548252505
TR-037582,2025-08-26,4128.11,4125.0963728296065
TR-037583,2025-08-26,1780.4,1792.6533378335835
TR-037584,2025-08-26,2337.1,2329.058092135383
TR-037585,2025-08-26,625.66,741.9082125189566
TR-037586,2025-08-26,1485.25,1600.836805529964
TR-037587,2025-08-26,464.06,563.8840776612456
TR-037588,2025-08-26,816.33,845.5075362047371
TR-037589,2025-08-26,2369.79,2606.6843221791614
TR-037590,2025-08-26,4074.46,3750.369712402901
TR-037591,2025-08-26,1678.89,1716.8628891451012
TR-037592,2025-08-26,1020.5,1007.4353923181735
TR-037593,2025-08-26,1469.47,1451.5438730469978
TR-037594,2025-08-26,1554.66,1618.759980111421
TR-037595,2025-08-26,1827.24,1899.3490560522143
TR-037596,2025-08-26,531.79,641.0147442257091
TR-037597,2025-08-26,1141.64,1196.8350608805931
TR-037598,2025-08-26,3389.74,3424.4742273594243
TR-037599,2025-08-26,2337.5,2503.482442613487
TR-037600,2025-08-26,2413.43,2507.3214583056833
TR-037601,2025-08-26,2448.42,2684.937541085686
TR-037602,2025-08-26,1240.34,1231.0197334097395
TR-037603,2025-08-26,4122.47,3715.5920602871756
TR-037604,2025-08-26,3751.93,3819.9804499401043
TR-037605,2025-08-26,2197.75,2167.1600083777307
TR-037606,2025-08-26,2164.68,2156.4066121630385
TR-037607,2025-08-26,579.29,677.3454156658329
TR-037608,2025-08-26,3826.84,3859.865813753623
TR-037609,2025-08-26,3739.54,3608.3442771471073
TR-037610,2025-08-26,2247.78,2016.5431227419574
TR-037611,2025-08-26,929.59,963.2757943398713
TR-037612,2025-08-26,626.83,689.8862627704539
TR-037613,2025-08-26,3084.71,3168.2184844346675
TR-037614,2025-08-26,3474.44,3641.7335725426624
TR-037615,2025-08-26,892.54,916.3231062658933
TR-037616,2025-08-26,895.86,935.6470653422093
TR-037617,2025-08-26,1149.77,1224.9616194229964
TR-037618,2025-08-26,1935.32,2049.260407066783
TR-037619,2025-08-26,1120.27,1185.8307700043006
TR-037620,2025-08-26,1728.72,1802.0600838355704
TR-037621,2025-08-26,3097.49,3368.2558851137183
TR-037622,2025-08-26,4244.53,4444.29509130891
TR-037623,2025-08-26,3724.92,3827.744659123762
TR-037624,2025-08-26,2607.99,2583.7199931338423
TR-037625,2025-08-26,4145.22,4230.3281983102515
TR-037626,2025-08-26,4884.69,4771.687723256773
TR-037627,2025-08-26,1894.18,1851.0163938205753
TR-037628,2025-08-26,3107.88,3050.995713935292
TR-037629,2025-08-26,3343.16,3331.279867124561
TR-037630,2025-08-26,4211.34,4347.6515685594495
TR-037631,2025-08-26,234.78,427.0903923428714
TR-037632,2025-08-26,4501.93,4252.23510856997
TR-037633,2025-08-26,4409.52,4452.089780652304
TR-037634,2025-08-26,2734.23,3071.904769710047
TR-037635,2025-08-26,1007.76,1047.4844340663167
TR-037636,2025-08-26,2487.71,2235.692863204192
TR-037637,2025-08-26,1196.28,1193.8083458245924
TR-037638,2025-08-26,4570.74,4482.182738490787
TR-037639,2025-08-26,3756.09,3798.6952114808137
TR-037640,2025-08-26,2804.03,2961.3710220823214
TR-037641,2025-08-26,1768.74,1778.5897702734972
TR-037642,2025-08-26,4834.15,4890.07325051561
TR-037643,2025-08-26,1909.79,1854.2268404069507
TR-037644,2025-08-26,1452.43,1443.5305421236785
TR-037645,2025-08-26,2856.98,2930.0887637678807
TR-037646,2025-08-26,3034.16,3030.2097173393577
TR-037647,2025-08-26,1569.66,1605.937812468608
TR-037648,2025-08-26,4760.85,4555.551534435638
TR-037649,2025-08-26,4252.97,4522.316584081129
TR-037650,2025-08-26,5371.91,5287.352831875247
TR-037651,2025-08-26,2678.85,2571.81784225871
TR-037652,2025-08-26,670.09,729.8440418060723
TR-037653,2025-08-26,837.58,892.1184107050665
TR-037654,2025-08-26,2161.67,2097.7791949372177
TR-037655,2025-08-26,1815.69,1932.0202664197923
TR-037656,2025-08-26,1471.38,1452.6902855158542
TR-037657,2025-08-26,1808.99,1983.1182526916657
TR-037658,2025-08-26,3018.61,3284.2418378546417
TR-037659,2025-08-26,1378.05,1361.362810919521
TR-037660,2025-08-26,3207.68,3381.959756516521
TR-037661,2025-08-26,879.66,959.2970547222271
TR-037662,2025-08-26,3446.98,3588.0010001033315
TR-037663,2025-08-26,2254.18,2129.310075959487
TR-037664,2025-08-26,1496.33,1557.3181361300171
TR-037665,2025-08-26,1220.66,1234.9567102450878
TR-037666,2025-08-26,1635.51,1785.9660800837112
TR-037667,2025-08-26,3126.4,3306.2120072901544
TR-037668,2025-08-26,800.04,837.3698582921218
TR-037669,2025-08-26,2020.49,2044.9714271909424
TR-037670,2025-08-26,4425.0,4446.47114976545
TR-037671,2025-08-26,4015.37,4048.1269800378304
TR-037672,2025-08-26,3653.07,3804.0653116444046
TR-037673,2025-08-26,2850.71,2461.7685901639925
TR-037674,2025-08-26,4345.54,4282.136869619408
TR-037675,2025-08-26,1086.98,1139.1990141666165
TR-037676,2025-08-26,2952.96,3402.200391845396
TR-037677,2025-08-26,2549.25,2914.6086005396705
TR-037678,2025-08-26,2998.91,3307.295724420792
TR-037679,2025-08-26,4163.16,4197.437982190295
TR-037680,2025-08-26,4425.38,4467.977495302463
TR-037681,2025-08-26,6659.04,6266.219157702193
TR-037682,2025-08-26,2608.55,2692.609781959732
TR-037683,2025-08-26,346.48,470.87954934598065
TR-037684,2025-08-26,2434.71,2475.862722781389
TR-037685,2025-08-26,1988.07,2144.0307726877013
TR-037686,2025-08-26,1152.5,1201.6356041530764
TR-037687,2025-08-26,3859.22,4090.5599013596793
TR-037688,2025-08-26,669.53,733.7426615301688
TR-037689,2025-08-26,2137.58,2031.9420451198062
TR-037690,2025-08-26,4646.35,4647.718655646175
TR-037691,2025-08-26,481.58,598.0128773036699
TR-037692,2025-08-27,1947.49,1782.0946880647239
TR-037693,2025-08-27,3584.34,3736.8661321786167
TR-037694,2025-08-27,5390.78,5622.543584676155
TR-037695,2025-08-27,971.18,993.6762220684541
TR-037696,2025-08-27,857.47,893.5212510436509
TR-037697,2025-08-27,2380.42,2286.9358859800723
TR-037698,2025-08-27,5058.01,4966.08309759252
TR-037699,2025-08-27,794.67,827.4761568961412
TR-037700,2025-08-27,2485.21,2525.437638079875
TR-037701,2025-08-27,1598.8,1545.121928085046
TR-037702,2025-08-27,489.56,512.3227454316013
TR-037703,2025-08-27,2312.48,2088.0068177540566
TR-037704,2025-08-27,4878.99,4933.728289713378
TR-037705,2025-08-27,897.42,888.840436549176
TR-037706,2025-08-27,2632.86,2853.7033068091428
TR-037707,2025-08-27,741.58,814.9336619245946
TR-037708,2025-08-27,1413.89,1459.1589899263015
TR-037709,2025-08-27,2761.5,2651.3534901441594
TR-037710,2025-08-27,1841.26,2087.619544004361
TR-037711,2025-08-27,1106.42,1111.0398592755246
TR-037712,2025-08-27,3653.94,3471.084844210933
TR-037713,2025-08-27,2076.05,2246.2660050028708
TR-037714,2025-08-27,3885.89,3830.287305749193
TR-037715,2025-08-27,1488.98,1446.6253435108367
TR-037716,2025-08-27,5283.49,5240.107808191154
TR-037717,2025-08-27,2201.11,2149.5609515604165
TR-037718,2025-08-27,1944.16,1929.6507879520034
TR-037719,2025-08-27,4336.38,4200.079904022218
TR-037720,2025-08-27,2890.25,2910.263276512699
TR-037721,2025-08-27,994.31,1016.8472899950907
TR-037722,2025-08-27,3072.38,2807.7378485034887
TR-037723,2025-08-27,740.81,736.3739448821423
TR-037724,2025-08-27,2768.05,2591.6207731391314
TR-037725,2025-08-27,1604.13,1590.843875982377
TR-037726,2025-08-27,4031.9,3949.927071173033
TR-037727,2025-08-27,1247.72,1266.1949539444986
TR-037728,2025-08-27,1231.91,1232.3701245874888
TR-037729,2025-08-27,274.19,356.6458896754882
TR-037730,2025-08-27,639.55,750.0761952603714
TR-037731,2025-08-27,3286.93,3229.579171870816
TR-037732,2025-08-27,3661.53,3631.772433684786
TR-037733,2025-08-27,826.05,855.6228112704439
TR-037734,2025-08-27,1882.87,1860.3915010901208
TR-037735,2025-08-27,1384.21,1327.0563496740983
TR-037736,2025-08-27,1443.46,1462.3964312256187
TR-037737,2025-08-27,3951.12,3966.139752085065
TR-037738,2025-08-27,1960.64,1903.8673268630953
TR-037739,2025-08-27,1204.34,1218.031286760466
TR-037740,2025-08-27,1155.44,1217.084991975316
TR-037741,2025-08-27,2947.8,3007.8190778522403
TR-037742,2025-08-27,1054.29,1065.3602397721952
TR-037743,2025-08-27,2919.81,2841.2358278829793
TR-037744,2025-08-27,3541.23,3535.884511571723
TR-037745,2025-08-27,1684.1,1684.1490741696418
TR-037746,2025-08-27,805.31,851.3652856730253
TR-037747,2025-08-27,3329.25,3369.7601476043424
TR-037748,2025-08-27,605.68,647.2810446619758
TR-037749,2025-08-27,648.4,756.7958494723773
TR-037750,2025-08-27,240.18,639.4944466346249
TR-037751,2025-08-27,3272.48,3361.4778994155395
TR-037752,2025-08-27,4083.19,4057.8399886608127
TR-037753,2025-08-27,2485.52,2569.6897825387923
TR-037754,2025-08-27,632.38,636.2157316213306
TR-037755,2025-08-27,3525.65,3510.3294017038625
TR-037756,2025-08-27,2100.88,2074.367835499469
TR-037757,2025-08-27,1027.84,1100.137089443719
TR-037758,2025-08-27,2124.84,2273.8655017027518
TR-037759,2025-08-27,3776.47,3968.075405707461
TR-037760,2025-08-27,914.43,981.6320181863314
TR-037761,2025-08-27,1883.25,1882.1319934952562
TR-037762,2025-08-27,2824.37,3068.4158323838756
TR-037763,2025-08-27,1337.71,1354.6850188298902
TR-037764,2025-08-27,1864.52,1856.1090197002363
TR-037765,2025-08-27,24294.98,5078.22586648734
TR-037766,2025-08-27,3950.17,4097.130896934623
TR-037767,2025-08-27,748.62,767.6393707510979
TR-037768,2025-08-27,1731.97,1808.7947829200004
TR-037769,2025-08-27,1567.29,1548.7612926336838
TR-037770,2025-08-27,5369.04,5537.257246336252
TR-037771,2025-08-27,1637.51,1611.7671049667795
TR-037772,2025-08-27,1947.0,1929.3512384434514
TR-037773,2025-08-27,2011.85,2228.8706805165707
TR-037774,2025-08-27,4654.29,4707.3344390851
TR-037775,2025-08-27,1210.64,1214.0524205404731
TR-037776,2025-08-27,1919.3,1919.1323101425403
TR-037777,2025-08-27,1786.35,1830.6642833254275
TR-037778,2025-08-27,4927.84,4968.7429701174115
TR-037779,2025-08-27,1256.55,1262.7774551897332
TR-037780,2025-08-27,820.76,885.8954418032904
TR-037781,2025-08-27,1732.68,1707.8772108689577
TR-037782,2025-08-27,3636.08,3762.7937616254285
TR-037783,2025-08-27,4874.91,4795.043967155726
TR-037784,2025-08-27,1830.01,1849.16654325113
TR-037785,2025-08-27,2378.55,2578.1476650520935
TR-037786,2025-08-27,3841.84,3842.304766195758
TR-037787,2025-08-27,2478.27,2472.427191113222
TR-037788,2025-08-27,1582.18,1602.6253719610265
TR-037789,2025-08-27,2082.11,2094.1119400684847
TR-037790,2025-08-27,1025.65,1108.0335003618857
TR-037791,2025-08-27,830.19,895.8541680177868
TR-037792,2025-08-27,588.43,713.5423119522111
TR-037793,2025-08-27,4241.09,4360.1307642236925
TR-037794,2025-08-27,1595.56,1542.1524315960908
TR-037795,2025-08-27,1934.79,1959.6329488070396
TR-037796,2025-08-27,1887.98,1860.4976730292067
TR-037797,2025-08-27,4784.42,4960.922819542524
TR-037798,2025-08-27,2088.52,1922.4772255856421
TR-037799,2025-08-27,2327.45,2392.94008655831
TR-037800,2025-08-27,2466.04,2697.13333876431
TR-037801,2025-08-27,3202.97,3259.059713837063
TR-037802,2025-08-27,3570.01,3606.382291311422
TR-037803,2025-08-27,863.26,930.8691509177745
TR-037804,2025-08-27,2846.54,2767.989238343479
TR-037805,2025-08-27,2174.57,2294.9024815542443
TR-037806,2025-08-27,1178.12,1147.571352370724
TR-037807,2025-08-27,910.42,965.9035558644637
TR-037808,2025-08-27,425.68,502.8624689118021
TR-037809,2025-08-27,4447.18,4141.5690233839505
TR-037810,2025-08-27,2497.99,2672.408249964828
TR-037811,2025-08-27,2103.44,2008.851332682416
TR-037812,2025-08-27,2080.37,2005.3820371900044
TR-037813,2025-08-27,1593.5,1564.9073755252207
TR-037814,2025-08-27,2847.78,2872.607849851075
TR-037815,2025-08-27,3236.69,3662.984203870351
TR-037816,2025-08-27,1248.79,1270.9204077005306
TR-037817,2025-08-27,913.21,951.7163626936904
TR-037818,2025-08-27,1585.24,1629.4609482557862
TR-037819,2025-08-27,874.6,928.7907530476748
TR-037820,2025-08-27,3849.14,3957.419806589339
TR-037821,2025-08-27,726.24,781.8074926806812
TR-037822,2025-08-27,2429.53,2384.7179735750415
TR-037823,2025-08-27,782.98,846.9983876666788
TR-037824,2025-08-27,2024.03,2255.642347918398
TR-037825,2025-08-27,3607.67,3625.4226293210095
TR-037826,2025-08-27,2880.71,3059.8096593798027
TR-037827,2025-08-27,1314.22,1309.194710064649
TR-037828,2025-08-27,2859.51,2966.246395345187
TR-037829,2025-08-27,2660.34,2656.639408903135
TR-037830,2025-08-27,3452.72,3675.8319010527757
TR-037831,2025-08-27,1807.34,1754.7374528845228
TR-037832,2025-08-27,2669.9,2544.1873530438393
TR-037833,2025-08-27,1173.38,1175.5336500641642
TR-037834,2025-08-27,956.97,917.225729223512
TR-037835,2025-08-27,1745.97,1730.6549863770238
TR-037836,2025-08-27,1624.84,1674.0018591183014
TR-037837,2025-08-27,3878.35,3822.731949692101
TR-037838,2025-08-27,955.72,1038.8530979985062
TR-037839,2025-08-27,5585.41,5485.143407778214
TR-037840,2025-08-27,1354.84,1332.7030354080425
TR-037841,2025-08-27,3572.03,3346.345639287851
TR-037842,2025-08-27,1207.55,1230.4477963198476
TR-037843,2025-08-27,385.4,529.3565455288467
TR-037844,2025-08-27,3052.88,3053.9502038743294
TR-037845,2025-08-27,2013.43,1926.7372771163896
TR-037846,2025-08-27,1278.5,1261.290954673046
TR-037847,2025-08-27,814.53,833.0560164227484
TR-037848,2025-08-27,641.45,707.610972613448
TR-037849,2025-08-27,5595.12,5452.428377246819
TR-037850,2025-08-27,2537.72,2468.6938195979483
TR-037851,2025-08-27,2920.26,2941.8575685628302
TR-037852,2025-08-27,2886.36,2896.988648570731
TR-037853,2025-08-27,411.05,518.3924619938639
TR-037854,2025-08-27,4584.66,4626.58275852212
TR-037855,2025-08-27,1234.56,1248.3577102426216
TR-037856,2025-08-27,2265.03,2656.3621466722607
TR-037857,2025-08-27,3824.33,3560.1153525547243
TR-037858,2025-08-27,2256.3,2293.8578106488776
TR-037859,2025-08-27,3348.23,3557.9677451680354
TR-037860,2025-08-27,1802.0,1778.0363745982268
TR-037861,2025-08-27,1304.18,1330.0671638932718
TR-037862,2025-08-27,4297.06,4296.58076540662
TR-037863,2025-08-27,964.54,1009.6186685695059
TR-037864,2025-08-27,3421.01,3535.590340404726
TR-037865,2025-08-27,611.4,694.4026946925517
TR-037866,2025-08-27,1239.4,1279.172825048578
TR-037867,2025-08-27,3843.69,3900.106859292384
TR-037868,2025-08-27,1429.32,1384.0942455544869
TR-037869,2025-08-27,2384.31,2109.634548508349
TR-037870,2025-08-27,1139.34,1191.845439951001
TR-037871,2025-08-27,910.55,920.427435381097
TR-037872,2025-08-27,3111.16,2849.5357636308127
TR-037873,2025-08-27,631.56,666.909347811282
TR-037874,2025-08-27,1535.2,1534.1294047499587
TR-037875,2025-08-27,4626.57,4715.118906448508
TR-037876,2025-08-28,929.34,3304.8522016316906
TR-037877,2025-08-28,2150.65,2161.738328253515
TR-037878,2025-08-28,5266.47,5310.840045441088
TR-037879,2025-08-28,914.55,951.826990039641
TR-037880,2025-08-28,2377.46,2411.076913817296
TR-037881,2025-08-28,2567.11,2454.4494669044884
TR-037882,2025-08-28,3589.92,3827.0905330396317
TR-037883,2025-08-28,578.94,649.4525430676524
TR-037884,2025-08-28,3442.41,3445.9331925776632
TR-037885,2025-08-28,771.36,865.2997260196587
TR-037886,2025-08-28,2159.15,2071.8038841708626
TR-037887,2025-08-28,1325.32,1267.236227504398
TR-037888,2025-08-28,3197.62,3363.972797096979
TR-037889,2025-08-28,489.53,577.7553514970389
TR-037890,2025-08-28,4410.04,4432.449512719
TR-037891,2025-08-28,4320.86,4235.570408603612
TR-037892,2025-08-28,1069.0,1064.2341672296636
TR-037893,2025-08-28,4911.81,5031.374722638993
TR-037894,2025-08-28,3688.75,3933.6541036593744
TR-037895,2025-08-28,1942.6,2127.228059475987
TR-037896,2025-08-28,1923.54,1871.4964910309802
TR-037897,2025-08-28,784.94,2169.466959522062
TR-037898,2025-08-28,1558.7,1649.8702836521654
TR-037899,2025-08-28,1166.18,1190.4372033456602
TR-037900,2025-08-28,4057.35,4051.575171837766
TR-037901,2025-08-28,931.46,991.1479671823695
TR-037902,2025-08-28,2214.15,2039.0795074859373
TR-037903,2025-08-28,1309.77,1316.493631797725
TR-037904,2025-08-28,2533.04,2651.770733108876
TR-037905,2025-08-28,1117.17,1113.9941643588068
TR-037906,2025-08-28,1663.45,1746.705233383509
TR-037907,2025-08-28,903.74,954.5830911893463
TR-037908,2025-08-28,1982.8,1944.8761607820657
TR-037909,2025-08-28,1157.6,1170.1657747166066
TR-037910,2025-08-28,1023.16,1029.4249810639408
TR-037911,2025-08-28,1557.83,1581.779380952879
TR-037912,2025-08-28,2576.74,2504.1163849816535
TR-037913,2025-08-28,4556.3,4602.878439637457
TR-037914,2025-08-28,1489.51,1519.267801592027
TR-037915,2025-08-28,1681.13,1663.9328300419568
TR-037916,2025-08-28,379.75,481.29755143245757
TR-037917,2025-08-28,596.66,700.3003225390546
TR-037918,2025-08-28,2006.88,1929.9304264280852
TR-037919,2025-08-28,2191.94,2047.2262334516743
TR-037920,2025-08-28,2301.75,2266.8248133668717
TR-037921,2025-08-28,3783.43,3785.473092232798
TR-037922,2025-08-28,1318.28,1302.7065333798564
TR-037923,2025-08-28,2683.81,2499.0626296443647
TR-037924,2025-08-28,915.56,980.889711152694
TR-037925,2025-08-28,1135.02,1115.7097355943238
TR-037926,2025-08-28,2327.43,2157.4457093321003
TR-037927,2025-08-28,1396.35,1401.8680121656962
TR-037928,2025-08-28,5511.11,5571.818991610279
TR-037929,2025-08-28,4248.81,4289.095149283965
TR-037930,2025-08-28,3002.06,3064.2423381763165
TR-037931,2025-08-28,1866.56,1849.2136749556587
TR-037932,2025-08-28,1092.98,1122.5134546862516
TR-037933,2025-08-28,1497.36,601.2705160059668
TR-037934,2025-08-28,2265.29,2335.9685586328383
TR-037935,2025-08-28,3183.54,3177.663375443591
TR-037936,2025-08-28,5008.04,5103.583722783094
TR-037937,2025-08-28,1154.83,1188.9381880633946
TR-037938,2025-08-28,4872.48,5070.417870970563
TR-037939,2025-08-28,1521.09,1496.239396660938
TR-037940,2025-08-28,1198.97,1224.105430805711
TR-037941,2025-08-28,2486.64,2695.717584999854
TR-037942,2025-08-28,3063.56,3241.837920529889
TR-037943,2025-08-28,2305.2,2105.9791513882765
TR-037944,2025-08-28,4845.77,1921.8538262140642
TR-037945,2025-08-28,1063.14,1062.3859887924946
TR-037946,2025-08-28,3830.63,3684.791776623313
TR-037947,2025-08-28,1463.75,1537.184435156336
TR-037948,2025-08-28,3492.12,3467.6312129192543
TR-037949,2025-08-28,660.18,738.4762760097622
TR-037950,2025-08-28,1761.74,1834.1372373186673
TR-037951,2025-08-28,543.05,664.0208058638702
TR-037952,2025-08-28,1465.92,1537.604321507119
TR-037953,2025-08-28,3776.02,3599.5467412567114
TR-037954,2025-08-28,2190.78,2200.2145040750243
TR-037955,2025-08-28,1185.36,1188.7431394279802
TR-037956,2025-08-28,1023.5,1049.6886668471554
TR-037957,2025-08-28,2317.42,2486.7799858079857
TR-037958,2025-08-28,1430.85,1436.5583419806142
TR-037959,2025-08-28,741.67,815.4342543463192
TR-037960,2025-08-28,822.76,874.8345476768645
TR-037961,2025-08-28,1724.02,1664.449401149242
TR-037962,2025-08-28,1588.13,1611.519971918465
TR-037963,2025-08-28,13409.18,4213.8520501384455
TR-037964,2025-08-28,3187.06,3388.9278545941143
TR-037965,2025-08-28,5342.33,5263.783814665141
TR-037966,2025-08-28,5712.69,5637.326067215364
TR-037967,2025-08-28,493.08,577.9594452682259
TR-037968,2025-08-28,1192.19,1184.483773604547
TR-037969,2025-08-28,1043.42,1084.263384130075
TR-037970,2025-08-28,4980.31,4978.200241629773
TR-037971,2025-08-28,2813.86,2439.2950119843704
TR-037972,2025-08-28,5672.62,5688.793930373326
TR-037973,2025-08-28,1501.32,1588.1277146447962
TR-037974,2025-08-28,3638.16,3856.7309470066957
TR-037975,2025-08-28,3442.92,3391.5439052010192
TR-037976,2025-08-28,641.72,641.6464460970519
TR-037977,2025-08-28,3521.02,3601.9369538666997
TR-037978,2025-08-28,4064.81,4035.6009565776367
TR-037979,2025-08-28,4340.88,4469.822712465317
TR-037980,2025-08-28,456.07,601.2543417507184
TR-037981,2025-08-28,1046.72,1113.9822484980027
TR-037982,2025-08-28,1752.92,1734.8500148624928
TR-037983,2025-08-28,841.55,900.2927617842097
TR-037984,2025-08-28,3649.79,3633.094822828737
TR-037985,2025-08-28,5230.52,5161.066702967284
TR-037986,2025-08-28,570.78,629.7837141735024
TR-037987,2025-08-28,636.16,658.6950231629246
TR-037988,2025-08-28,1325.69,1343.3023494673748
TR-037989,2025-08-28,4784.97,4742.145206553669
TR-037990,2025-08-28,2263.46,2325.663077640316
TR-037991,2025-08-28,5207.45,4928.309162305835
TR-037992,2025-08-28,4638.51,4495.286665818541
TR-037993,2025-08-28,3040.13,3134.750044018252
TR-037994,2025-08-28,2150.73,2294.4768344146723
TR-037995,2025-08-28,1360.48,1340.0370407561136
TR-037996,2025-08-28,732.78,786.5477371814607
TR-037997,2025-08-28,1821.47,1806.4825551551012
TR-037998,2025-08-28,1793.3,1790.424703576013
TR-037999,2025-08-28,609.26,651.5122046651209
TR-038000,2025-08-28,2695.43,2879.2897392604555
TR-038001,2025-08-28,566.92,2119.741486248788
TR-038002,2025-08-28,1850.18,2105.123101547589
TR-038003,2025-08-28,462.4,503.71193584370667
TR-038004,2025-08-28,963.88,948.4978761674947
TR-038005,2025-08-28,1032.25,1034.1375631644382
TR-038006,2025-08-28,213.24,413.07188883770004
TR-038007,2025-08-28,1261.4,1287.6428051277376
TR-038008,2025-08-28,1848.26,1880.2521836725136
TR-038009,2025-08-28,3869.64,3865.81716060928
TR-038010,2025-08-28,4687.06,4581.084769750132
TR-038011,2025-08-28,3835.83,4071.030397918439
TR-038012,2025-08-28,2568.11,2211.4112958503224
TR-038013,2025-08-28,2675.61,2969.139062805346
TR-038014,2025-08-28,2962.37,3089.58971630179
TR-038015,2025-08-28,935.04,963.7530650611309
TR-038016,2025-08-28,4301.09,4293.621097161896
TR-038017,2025-08-28,3043.42,2967.3164264050924
TR-038018,2025-08-28,2575.77,2479.501821240593
TR-038019,2025-08-28,1521.67,1508.2567942535113
TR-038020,2025-08-28,2070.71,2242.5207277211384
TR-038021,2025-08-28,3410.9,3381.1250692658477
TR-038022,2025-08-28,992.78,1088.8617202113194
TR-038023,2025-08-28,999.39,1031.2135149031844
TR-038024,2025-08-28,1074.03,1099.201174628709
TR-038025,2025-08-28,1167.7,1172.9470775720392
TR-038026,2025-08-28,6133.24,6053.93859930235
TR-038027,2025-08-28,5037.8,5186.623656942611
TR-038028,2025-08-28,4708.22,4378.431592531092
TR-038029,2025-08-28,5004.85,5259.370976180784
TR-038030,2025-08-28,5347.64,5431.436020740953
TR-038031,2025-08-28,1887.77,2020.1582701218515
TR-038032,2025-08-28,2976.99,2964.7679096664206
TR-038033,2025-08-28,1099.93,1086.176403480998
TR-038034,2025-08-28,1185.14,1212.439484686566
TR-038035,2025-08-28,817.54,866.8221187831
TR-038036,2025-08-28,1591.49,1540.364042122572
TR-038037,2025-08-28,2695.04,2761.588270545864
TR-038038,2025-08-28,3779.82,3832.919115198573
TR-038039,2025-08-28,2938.51,3154.603719402766
TR-038040,2025-08-29,4852.55,4993.228228826485
TR-038041,2025-08-29,1273.81,1302.4488293312013
TR-038042,2025-08-29,1328.3,1401.013005726345
TR-038043,2025-08-29,1081.06,1091.4316357787343
TR-038044,2025-08-29,1938.15,1944.7430734039158
TR-038045,2025-08-29,6964.45,2362.275879767331
TR-038046,2025-08-29,1441.78,1432.229030871041
TR-038047,2025-08-29,1441.83,1453.7430261377322
TR-038048,2025-08-29,1079.27,1092.3775779353628
TR-038049,2025-08-29,3346.24,3159.9307180211526
TR-038050,2025-08-29,1206.48,1246.252089028983
TR-038051,2025-08-29,940.04,1004.600502198626
TR-038052,2025-08-29,888.64,927.2838213365426
TR-038053,2025-08-29,1047.9,1065.734347631314
TR-038054,2025-08-29,3500.84,3478.800071770548
TR-038055,2025-08-29,917.56,966.7747138306186
TR-038056,2025-08-29,3486.06,2887.0873928557176
TR-038057,2025-08-29,1181.15,1184.9181805479939
TR-038058,2025-08-29,1599.86,1606.2512789550888
TR-038059,2025-08-29,3780.36,3527.305109998619
TR-038060,2025-08-29,2276.37,2360.151058576307
TR-038061,2025-08-29,3832.73,3890.916340425989
TR-038062,2025-08-29,4243.53,4376.825309690863
TR-038063,2025-08-29,5675.17,5497.052566975668
TR-038064,2025-08-29,1471.2,1487.6920564851462
TR-038065,2025-08-29,2467.5,2640.50695163607
TR-038066,2025-08-29,430.44,552.5947676668743
TR-038067,2025-08-29,1241.26,1226.4989841686424
TR-038068,2025-08-29,881.85,912.3145478833947
TR-038069,2025-08-29,1002.64,1014.645939667689
TR-038070,2025-08-29,3688.46,3760.580224931383
TR-038071,2025-08-29,3388.98,3126.900147055533
TR-038072,2025-08-29,1198.78,1224.0274266177253
TR-038073,2025-08-29,1638.39,1578.6216711125896
TR-038074,2025-08-29,3717.58,3860.131597121992
TR-038075,2025-08-29,3769.36,3567.533126381939
TR-038076,2025-08-29,1756.32,1852.5154059867098
TR-038077,2025-08-29,1154.44,1119.935484228385
TR-038078,2025-08-29,2145.54,2106.177400310247
TR-038079,2025-08-29,3065.67,2716.843511092882
TR-038080,2025-08-29,4466.21,4548.8521201008825
TR-038081,2025-08-29,2414.14,2383.6453461952806
TR-038082,2025-08-29,4165.93,3827.363736242569
TR-038083,2025-08-29,4017.55,4107.397320555805
TR-038084,2025-08-29,4316.49,4294.969729038556
TR-038085,2025-08-29,2566.92,2701.38782281575
TR-038086,2025-08-29,1723.18,1688.5852432716215
TR-038087,2025-08-29,3114.15,3098.878304258027
TR-038088,2025-08-29,1098.57,1165.875983218939
TR-038089,2025-08-29,5408.24,5479.127939814747
TR-038090,2025-08-29,5571.16,5520.99809344564
TR-038091,2025-08-29,1801.54,1842.1750179317219
TR-038092,2025-08-29,5291.81,5384.82849212106
TR-038093,2025-08-29,3948.31,3869.309994256422
TR-038094,2025-08-29,3588.64,3788.4220737452347
TR-038095,2025-08-29,999.34,1024.597893409181
TR-038096,2025-08-29,3568.75,3508.427654716351
TR-038097,2025-08-29,2896.5,2711.355265725957
TR-038098,2025-08-29,1902.84,1884.2177015780428
TR-038099,2025-08-29,3500.09,3616.878860839035
TR-038100,2025-08-29,5007.73,4570.158486051592
TR-038101,2025-08-29,984.23,1003.4356801683685
TR-038102,2025-08-29,1266.69,1307.0194848279775
TR-038103,2025-08-29,2680.97,2617.0880584986194
TR-038104,2025-08-29,3822.75,3884.1797141917104
TR-038105,2025-08-29,1830.82,1860.284404273531
TR-038106,2025-08-29,925.77,979.0796581235625
TR-038107,2025-08-29,3920.72,3808.472830843489
TR-038108,2025-08-29,1539.99,1477.5030375359274
TR-038109,2025-08-29,1851.64,1805.2933052858716
TR-038110,2025-08-29,2229.78,2431.359308995918
TR-038111,2025-08-29,1288.41,1288.4718791021742
TR-038112,2025-08-29,657.63,725.3245113172115
TR-038113,2025-08-29,2921.08,2934.0859801311944
TR-038114,2025-08-29,4295.47,4303.262631869704
TR-038115,2025-08-29,1026.41,999.2117426115633
TR-038116,2025-08-29,1779.0,1772.7277603105958
TR-038117,2025-08-29,1638.14,1674.1903562568796
TR-038118,2025-08-29,3679.12,3846.646687762587
TR-038119,2025-08-29,918.1,944.8706228478864
TR-038120,2025-08-29,750.05,826.7735218083831
TR-038121,2025-08-29,1933.49,1832.9909758283727
TR-038122,2025-08-29,595.99,702.8590184335628
TR-038123,2025-08-29,3921.4,4134.444102171568
TR-038124,2025-08-29,910.05,917.1635011848041
TR-038125,2025-08-29,3335.15,3390.607038381837
TR-038126,2025-08-29,816.48,840.6182718794435
TR-038127,2025-08-29,2267.47,2069.93382130592
TR-038128,2025-08-29,4900.24,4729.204563953179
TR-038129,2025-08-29,3459.86,3391.860232021356
TR-038130,2025-08-29,1459.3,1495.5342363196419
TR-038131,2025-08-29,1334.9,1319.3173282668595
TR-038132,2025-08-29,328.67,406.6764296148033
TR-038133,2025-08-29,4808.25,4156.245942427977
TR-038134,2025-08-29,1913.11,1870.9351740905233
TR-038135,2025-08-29,1518.34,1412.1381390969873
TR-038136,2025-08-29,2644.98,2508.420913741717
TR-038137,2025-08-29,2586.01,2433.5270988206466
TR-038138,2025-08-29,2038.98,1958.336507586468
TR-038139,2025-08-29,3057.42,3293.390195609848
TR-038140,2025-08-29,756.89,776.3656382037937
TR-038141,2025-08-29,1637.49,1655.1412345085766
TR-038142,2025-08-29,4027.95,3995.4324641038675
TR-038143,2025-08-29,393.98,460.51418435139567
TR-038144,2025-08-29,3815.57,3996.4590788637297
TR-038145,2025-08-29,1356.09,1352.854359753109
TR-038146,2025-08-29,3158.14,3145.8999331103278
TR-038147,2025-08-29,5472.38,5367.923198483513
TR-038148,2025-08-29,1759.2,1754.389964603112
TR-038149,2025-08-29,1240.94,1196.6387722266004
TR-038150,2025-08-29,2089.29,2140.840016748011
TR-038151,2025-08-29,1948.57,1938.0090365437634
TR-038152,2025-08-29,648.48,646.2827700736498
TR-038153,2025-08-29,2403.04,2114.932735653831
TR-038154,2025-08-29,1825.23,1836.568033483147
TR-038155,2025-08-29,1077.31,1110.1815679384422
TR-038156,2025-08-29,2213.62,2413.3613510432533
TR-038157,2025-08-29,815.86,877.0932895952485
TR-038158,2025-08-29,1256.28,1251.8119630593374
TR-038159,2025-08-29,1680.91,1699.2723164327676
TR-038160,2025-08-29,3566.64,3590.316146178331
TR-038161,2025-08-29,5511.33,5690.58771982727
TR-038162,2025-08-29,3389.92,3403.347315377877
TR-038163,2025-08-29,4152.38,4370.609501795258
TR-038164,2025-08-29,1157.08,1196.9037749523577
TR-038165,2025-08-29,1240.59,1223.6381366622873
TR-038166,2025-08-29,370.89,437.04103239832125
TR-038167,2025-08-29,741.7,772.6073036797213
TR-038168,2025-08-29,2130.86,2035.8736509255996
TR-038169,2025-08-29,1850.54,1838.5273214192543
TR-038170,2025-08-29,784.51,851.2814960315484
TR-038171,2025-08-29,3032.24,3235.941376939534
TR-038172,2025-08-29,5566.96,5640.0253173524425
TR-038173,2025-08-29,5228.39,5566.285297633584
TR-038174,2025-08-29,2989.33,2965.8546667766277
TR-038175,2025-08-29,521.98,623.3179323122381
TR-038176,2025-08-29,822.33,873.7735223942955
TR-038177,2025-08-29,4198.62,4098.179582128087
TR-038178,2025-08-29,889.15,940.1565412724804
TR-038179,2025-08-29,1424.01,1440.0369180301527
TR-038180,2025-08-29,520.3,611.8290425088478
TR-038181,2025-08-29,3770.29,3862.635748582577
TR-038182,2025-08-29,1630.64,1611.0609126333688
TR-038183,2025-08-29,1647.96,1679.3093894600263
TR-038184,2025-08-29,3711.01,3709.00142762628
TR-038185,2025-08-29,766.72,805.239202860314
TR-038186,2025-08-29,2915.5,2813.8934690517153
TR-038187,2025-08-29,1453.84,1421.6277959885945
TR-038188,2025-08-29,845.78,932.0154797932041
TR-038189,2025-08-29,4283.63,4275.683584687033
TR-038190,2025-08-29,2595.65,2178.0440429373675
TR-038191,2025-08-30,1537.18,1530.9846103403434
TR-038192,2025-08-30,1284.09,1300.7427397561958
TR-038193,2025-08-30,2640.74,2496.426226687441
TR-038194,2025-08-30,1557.32,1536.2828424888216
TR-038195,2025-08-30,4117.4,4194.089351574569
TR-038196,2025-08-30,1675.95,1708.4921634683278
TR-038197,2025-08-30,2412.8,2216.272702967986
TR-038198,2025-08-30,2242.61,2131.4876949961254
TR-038199,2025-08-30,1291.48,1303.519249026793
TR-038200,2025-08-30,812.63,908.7150362880157
TR-038201,2025-08-30,2332.23,2437.9159400785875
TR-038202,2025-08-30,1788.42,1815.0687004929327
TR-038203,2025-08-30,1988.34,1940.2968260254677
TR-038204,2025-08-30,2919.33,3082.1688983247686
TR-038205,2025-08-30,6012.08,5846.043505196192
TR-038206,2025-08-30,835.19,911.8736733750923
TR-038207,2025-08-30,4356.01,4482.201741623542
TR-038208,2025-08-30,1916.36,2035.9074970444854
TR-038209,2025-08-30,2862.05,2683.766685576885
TR-038210,2025-08-30,1848.53,1890.4633061478294
TR-038211,2025-08-30,2041.37,2013.056570626723
TR-038212,2025-08-30,4580.65,4687.592979596417
TR-038213,2025-08-30,610.03,608.3525312166105
TR-038214,2025-08-30,1402.53,1353.1289587412261
TR-038215,2025-08-30,3437.47,3333.3405068559814
TR-038216,2025-08-30,2926.22,2763.1351227715204
TR-038217,2025-08-30,3567.51,3392.3059692630322
TR-038218,2025-08-30,1888.29,1809.639731835729
TR-038219,2025-08-30,969.71,1000.5771638061743
TR-038220,2025-08-30,1002.84,1018.4599167679276
TR-038221,2025-08-30,4628.63,4613.3541094024295
TR-038222,2025-08-30,4158.93,4382.161568734014
TR-038223,2025-08-30,1298.2,1306.8071788863729
TR-038224,2025-08-30,4150.04,4171.396940430173
TR-038225,2025-08-30,794.7,838.2188869516813
TR-038226,2025-08-30,1559.92,1620.3942067865837
TR-038227,2025-08-30,1210.11,1247.3881434338957
TR-038228,2025-08-30,2845.92,3017.9574611560083
TR-038229,2025-08-30,707.81,725.7696871052017
TR-038230,2025-08-30,3624.6,3688.225142636631
TR-038231,2025-08-30,3147.85,3159.6475532845957
TR-038232,2025-08-30,3550.67,3526.5951279578703
TR-038233,2025-08-30,1395.48,1344.8959543418302
TR-038234,2025-08-30,317.92,444.15797995691173
TR-038235,2025-08-30,1050.91,1078.5342211669495
TR-038236,2025-08-30,1754.69,1815.1490440269774
TR-038237,2025-08-30,927.54,1039.5763925253666
TR-038238,2025-08-30,846.04,889.4342477215635
TR-038239,2025-08-30,1733.62,1753.469142959659
TR-038240,2025-08-30,741.41,823.6886937818967
TR-038241,2025-08-30,573.04,616.8867508821181
TR-038242,2025-08-30,891.99,914.8158345782201
TR-038243,2025-08-30,144.92,804.5532835371814
TR-038244,2025-08-30,2511.08,2465.025953786091
TR-038245,2025-08-30,2263.98,2229.0167749997204
TR-038246,2025-08-30,4283.8,4361.449226559791
TR-038247,2025-08-30,2413.56,2285.496823154312
TR-038248,2025-08-30,2568.36,2452.78058802052
TR-038249,2025-08-30,1351.11,1331.1412501416826
TR-038250,2025-08-30,2529.62,2903.918835452225
TR-038251,2025-08-30,2551.04,2276.808722625478
TR-038252,2025-08-30,1001.31,1012.3554078898871
TR-038253,2025-08-30,4638.53,4808.458724616047
TR-038254,2025-08-30,3311.2,2735.331117730786
TR-038255,2025-08-30,1747.5,1866.0678059041247
TR-038256,2025-08-30,4680.78,4947.682787358696
TR-038257,2025-08-30,4209.65,4287.153696963332
TR-038258,2025-08-30,2558.26,2726.7039729020594
TR-038259,2025-08-30,3239.62,3368.887691894598
TR-038260,2025-08-30,6127.24,5827.742501896411
TR-038261,2025-08-30,1162.14,1161.5370549236904
TR-038262,2025-08-30,2335.37,2417.3513345118317
TR-038263,2025-08-30,2738.82,2874.4163424601475
TR-038264,2025-08-30,4183.92,4250.997387302277
TR-038265,2025-08-30,1877.94,2028.0649991557375
TR-038266,2025-08-30,709.82,720.7453245938129
TR-038267,2025-08-30,3502.5,3674.6409623014706
TR-038268,2025-08-30,3177.86,3273.3517730956137
TR-038269,2025-08-30,1991.79,1996.4251340914116
TR-038270,2025-08-30,4940.91,5013.113655966659
TR-038271,2025-08-30,1586.21,1617.6709414895422
TR-038272,2025-08-30,1289.22,1287.0113669842933
TR-038273,2025-08-30,1965.8,2010.9687246827323
TR-038274,2025-08-30,854.24,893.4821097924835
TR-038275,2025-08-30,3537.46,3668.687777786975
TR-038276,2025-08-30,3456.86,3533.425760502835
TR-038277,2025-08-30,3977.4,4025.2264428839135
TR-038278,2025-08-30,1909.86,1937.711798562889
TR-038279,2025-08-30,3743.08,4148.5684996415275
TR-038280,2025-08-30,3975.76,4057.207845853689
TR-038281,2025-08-30,2980.73,3239.2680073812303
TR-038282,2025-08-30,222.11,467.34880700851727
TR-038283,2025-08-30,1469.79,1434.42003992632
TR-038284,2025-08-30,4252.82,4183.871492917429
TR-038285,2025-08-30,1605.29,1818.4164979185948
TR-038286,2025-08-30,3421.38,3662.7014375935178
TR-038287,2025-08-30,2482.39,2772.0320983855704
TR-038288,2025-08-30,3508.42,3629.798343675471
TR-038289,2025-08-30,3922.75,4139.982657170683
TR-038290,2025-08-30,1919.72,1812.9255672462532
TR-038291,2025-08-30,1637.17,1636.0599091063464
TR-038292,2025-08-30,780.67,803.666103411032
TR-038293,2025-08-30,3545.01,3557.101118489329
TR-038294,2025-08-30,801.44,895.5239819370813
TR-038295,2025-08-30,3153.81,3398.231121232111
TR-038296,2025-08-30,1425.21,1538.3448066306535
TR-038297,2025-08-30,1076.3,1074.8049466757868
TR-038298,2025-08-30,4388.14,4421.870724937229
TR-038299,2025-08-30,1579.71,1652.2154377388488
TR-038300,2025-08-30,1772.91,1942.2262985965692
TR-038301,2025-08-30,810.88,823.7607627051907
TR-038302,2025-08-30,3223.23,3289.5380255543137
TR-038303,2025-08-30,2236.78,2330.0192825080617
TR-038304,2025-08-30,2506.35,2557.04329134606
TR-038305,2025-08-30,2323.16,2419.903486515057
TR-038306,2025-08-30,2073.43,2034.430820167568
TR-038307,2025-08-30,1270.61,1296.1517685915885
TR-038308,2025-08-30,4162.88,4144.24338162355
TR-038309,2025-08-30,551.31,1496.9176813677477
TR-038310,2025-08-30,2044.34,2102.501916070091
TR-038311,2025-08-30,2999.26,3113.3160205648237
TR-038312,2025-08-30,836.07,879.9410604120574
TR-038313,2025-08-30,2206.24,2310.6032409908644
TR-038314,2025-08-30,1535.9,1588.8461621914919
TR-038315,2025-08-30,1567.67,1722.5035230610476
TR-038316,2025-08-30,2069.16,1957.800803115648
TR-038317,2025-08-30,3016.58,3270.2936318737206
TR-038318,2025-08-30,1997.86,2047.1300350678705
TR-038319,2025-08-30,3483.44,3693.823728516465
TR-038320,2025-08-30,2983.43,2861.632297949665
TR-038321,2025-08-30,2511.74,2492.703506841134
TR-038322,2025-08-30,4600.11,4683.743926831842
TR-038323,2025-08-30,2546.13,2624.446891526426
TR-038324,2025-08-30,1762.17,1724.9205614384887
TR-038325,2025-08-30,2236.94,2559.938594634714
TR-038326,2025-08-30,4206.68,4228.283519127586
TR-038327,2025-08-30,4288.11,4331.917798915552
TR-038328,2025-08-30,2881.95,2827.1487944256783
TR-038329,2025-08-30,1501.74,3794.2538018551368
TR-038330,2025-08-30,2578.73,2613.5758072822737
TR-038331,2025-08-31,3233.75,3390.1909301154847
TR-038332,2025-08-31,698.09,712.0626110369874
TR-038333,2025-08-31,1671.41,1740.1197924634862
TR-038334,2025-08-31,1727.0,1780.4539093714825
TR-038335,2025-08-31,5012.22,5381.431706112806
TR-038336,2025-08-31,454.17,583.8663315564481
TR-038337,2025-08-31,3354.9,3338.1120425306544
TR-038338,2025-08-31,2461.86,2720.47507879447
TR-038339,2025-08-31,854.42,917.3185618415807
TR-038340,2025-08-31,3475.31,3740.9764078059097
TR-038341,2025-08-31,1510.17,1530.9254285694942
TR-038342,2025-08-31,4870.06,5077.25424653945
TR-038343,2025-08-31,907.84,920.6486785347308
TR-038344,2025-08-31,4140.64,4262.769466962304
TR-038345,2025-08-31,449.49,498.9487073894886
TR-038346,2025-08-31,2027.8,1943.8190435187735
TR-038347,2025-08-31,1939.87,1875.3744405540579
TR-038348,2025-08-31,3038.18,3182.581262212218
TR-038349,2025-08-31,4459.97,4496.139940894694
TR-038350,2025-08-31,717.91,781.4561740478246
TR-038351,2025-08-31,985.38,1002.7530325250394
TR-038352,2025-08-31,4204.85,4238.107698960281
TR-038353,2025-08-31,1697.78,1825.8084132660538
TR-038354,2025-08-31,1943.47,1859.5709845960666
TR-038355,2025-08-31,3666.12,3798.1170661882215
TR-038356,2025-08-31,2916.24,2872.1293611938654
TR-038357,2025-08-31,1456.78,1449.554131716324
TR-038358,2025-08-31,1864.32,1970.1022098423048
TR-038359,2025-08-31,2958.21,2502.3496678959655
TR-038360,2025-08-31,4343.73,4445.520718785508
TR-038361,2025-08-31,1310.33,1293.1418920619371
TR-038362,2025-08-31,3263.99,3348.8820140301727
TR-038363,2025-08-31,3426.22,3648.3872522798047
TR-038364,2025-08-31,1859.2,1800.2193486856072
TR-038365,2025-08-31,2288.42,2178.1576837522307
TR-038366,2025-08-31,3232.28,2850.520604833947
TR-038367,2025-08-31,2801.66,2710.9189216700433
TR-038368,2025-08-31,2266.11,2369.924574344056
TR-038369,2025-08-31,4464.52,4667.244367940626
TR-038370,2025-08-31,3527.76,3608.1719967761933
TR-038371,2025-08-31,2793.3,2748.5390131084846
TR-038372,2025-08-31,2844.85,2872.5558309094044
TR-038373,2025-08-31,420.84,542.6976047747369
TR-038374,2025-08-31,2497.8,2775.1815553556035
TR-038375,2025-08-31,1587.51,1575.297785883149
TR-038376,2025-08-31,1876.86,1913.895584604094
TR-038377,2025-08-31,892.93,938.9628254779545
TR-038378,2025-08-31,2089.46,2060.8150519093488
TR-038379,2025-08-31,2665.95,2903.479957009257
TR-038380,2025-08-31,2167.35,2322.1305296105775
TR-038381,2025-08-31,2952.37,3220.5590326696843
TR-038382,2025-08-31,4309.09,4630.930208538244
TR-038383,2025-08-31,603.33,694.3915827264298
TR-038384,2025-08-31,2275.18,2219.305753475448
TR-038385,2025-08-31,4238.1,4209.510299049833
TR-038386,2025-08-31,918.32,981.7106627713754
TR-038387,2025-08-31,578.11,665.8323945172358
TR-038388,2025-08-31,2804.5,2727.6775206876355
TR-038389,2025-08-31,2342.64,2424.2180552860036
TR-038390,2025-08-31,2146.44,1989.444452078243
TR-038391,2025-08-31,2009.89,2080.9917393722
TR-038392,2025-08-31,1278.9,1264.9699626777333
TR-038393,2025-08-31,4801.85,4928.519675085852
TR-038394,2025-08-31,4661.41,4658.833919319348
TR-038395,2025-08-31,892.65,942.1858867934543
TR-038396,2025-08-31,4691.77,4893.788046068517
TR-038397,2025-08-31,1837.56,2000.4368777809245
TR-038398,2025-08-31,1647.49,1746.7040663663138
TR-038399,2025-08-31,2063.84,2022.045459252176
TR-038400,2025-08-31,762.75,841.3398357041219
TR-038401,2025-08-31,631.07,727.5645832266382
TR-038402,2025-08-31,1755.35,1786.0443341844307
TR-038403,2025-08-31,4466.13,4736.794867908473
TR-038404,2025-08-31,2574.99,2378.189176659528
TR-038405,2025-08-31,576.69,579.2911685303361
TR-038406,2025-08-31,3685.33,3839.688515465069
TR-038407,2025-08-31,2851.4,2862.971694949008
TR-038408,2025-08-31,2996.08,3134.985270631344
TR-038409,2025-08-31,4225.72,4237.266882388885
TR-038410,2025-08-31,3850.74,3967.4944698038453
TR-038411,2025-08-31,1239.35,1246.5557723654267
TR-038412,2025-08-31,1222.86,1285.6191428156394
TR-038413,2025-08-31,2142.98,1916.1782100220425
TR-038414,2025-08-31,3847.65,4010.8754156429595
TR-038415,2025-08-31,1939.02,1925.6198755593628
TR-038416,2025-08-31,1887.9,2019.579934238346
TR-038417,2025-08-31,361.91,506.21224371614653
TR-038418,2025-08-31,5030.28,5137.236210796619
TR-038419,2025-08-31,1578.38,1596.8994008337104
TR-038420,2025-08-31,1834.76,1874.3443333134578
TR-038421,2025-08-31,4722.33,5029.5733581143595
TR-038422,2025-08-31,1473.29,1533.0676078450474
TR-038423,2025-08-31,724.88,843.2499589372442
TR-038424,2025-08-31,1873.01,1839.2622300095359
TR-038425,2025-08-31,1875.26,2059.5378791685876
TR-038426,2025-08-31,1534.18,1683.5507976846961
TR-038427,2025-08-31,1017.09,1057.5059904354969
TR-038428,2025-08-31,4375.08,4430.909205179158
TR-038429,2025-08-31,1327.08,1308.066365605302
TR-038430,2025-08-31,611.1,704.4441617902189
TR-038431,2025-08-31,1778.4,1778.599863977733
TR-038432,2025-08-31,693.2,766.7875886019867
TR-038433,2025-08-31,1374.19,1352.1583745012058
TR-038434,2025-08-31,982.54,989.045199783925
TR-038435,2025-08-31,3546.39,3596.2163889139206
TR-038436,2025-08-31,2473.61,2635.1132557638007
TR-038437,2025-08-31,2734.79,2663.6946736678183
TR-038438,2025-08-31,4245.9,4453.6915349290175
TR-038439,2025-08-31,2964.86,3057.996865825724
TR-038440,2025-08-31,3704.63,4085.9637880780447
TR-038441,2025-08-31,2148.12,2104.751638569721
TR-038442,2025-08-31,805.86,840.0653510231093
TR-038443,2025-08-31,3067.56,2849.1203474056642
TR-038444,2025-08-31,4405.94,4611.97440371511
TR-038445,2025-08-31,618.57,722.7142265130396
TR-038446,2025-08-31,1987.09,2367.3212098511785
TR-038447,2025-08-31,1021.84,997.9227353798742
TR-038448,2025-08-31,449.12,559.6233616340908
TR-038449,2025-08-31,2475.36,2846.3612804826817
TR-038450,2025-08-31,1770.71,1782.3447490990593
TR-038451,2025-08-31,2007.29,2051.8307872130545
TR-038452,2025-08-31,1346.97,1289.0536291137278
TR-038453,2025-08-31,1282.9,1289.0034822931111
TR-038454,2025-08-31,2494.51,2415.309773666789
TR-038455,2025-08-31,1869.31,1912.920289532834
TR-038456,2025-08-31,4632.24,4570.0808390503935
TR-038457,2025-08-31,3369.16,3548.165529715891
TR-038458,2025-08-31,1405.18,1358.3092611309312
TR-038459,2025-08-31,1587.4,1623.5099192085136
TR-038460,2025-08-31,7384.72,2855.7981402892287
TR-038461,2025-08-31,2459.39,2282.169713856361
TR-038462,2025-08-31,3536.58,3480.852897744784
TR-038463,2025-08-31,2121.53,2122.1028289634846
TR-038464,2025-08-31,894.58,915.7609798413307
TR-038465,2025-08-31,1038.53,1051.280650629387
TR-038466,2025-08-31,2040.45,1990.7262914477374
TR-038467,2025-08-31,890.49,944.4901986978155
TR-038468,2025-08-31,699.48,793.288110223828
TR-038469,2025-08-31,1856.32,1869.420289738619
TR-038470,2025-08-31,214.48,520.2888129014787
TR-038471,2025-08-31,3899.95,4013.138719035863
TR-038472,2025-08-31,4945.76,4947.690904781572
TR-038473,2025-08-31,3057.86,3139.5979736340496
TR-038474,2025-08-31,2322.2,2163.069254537167
TR-038475,2025-08-31,1636.72,1756.838677561611
TR-038476,2025-08-31,2591.36,2688.4418920844373
TR-038477,2025-08-31,3365.56,3591.992705395981
