load_id,date,posted_rate,predicted_rate
TR-038478,2025-09-01,323.23,340.357556047041
TR-038479,2025-09-01,1264.2,1260.4906422986996
TR-038480,2025-09-01,1203.42,1230.1621855080812
TR-038481,2025-09-01,1478.3,1492.1845405431732
TR-038482,2025-09-01,2311.83,2253.090405091506
TR-038483,2025-09-01,3527.11,3818.7694404896906
TR-038484,2025-09-01,1052.15,1066.0363994066252
TR-038485,2025-09-01,907.09,951.3252679208377
TR-038486,2025-09-01,187.49,214.37554740788283
TR-038487,2025-09-01,1347.42,1337.9812460194748
TR-038488,2025-09-01,3913.63,3978.3314725647447
TR-038489,2025-09-01,1308.86,1273.296690837666
TR-038490,2025-09-01,2843.97,2966.155722673229
TR-038491,2025-09-01,3182.84,3318.882498512943
TR-038492,2025-09-01,6146.13,6063.138015072182
TR-038493,2025-09-01,1846.46,1866.2269204550864
TR-038494,2025-09-01,645.51,691.1899659719696
TR-038495,2025-09-01,956.77,1043.0791763358102
TR-038496,2025-09-01,2570.31,3022.9823218300744
TR-038497,2025-09-01,2800.31,2995.5772102044393
TR-038498,2025-09-01,3540.56,3591.518034479257
TR-038499,2025-09-01,940.89,979.6596661497059
TR-038500,2025-09-01,1965.28,2001.3197738679828
TR-038501,2025-09-01,640.92,641.4236676590494
TR-038502,2025-09-01,3084.4,3162.15143658958
TR-038503,2025-09-01,1518.53,1503.5220449937988
TR-038504,2025-09-01,952.96,990.8552515907871
TR-038505,2025-09-01,753.12,764.7090922898074
TR-038506,2025-09-01,1760.57,1956.6511872042008
TR-038507,2025-09-01,2324.24,2653.560531013321
TR-038508,2025-09-01,697.99,718.8230778575507
TR-038509,2025-09-01,4320.99,4357.764635833612
TR-038510,2025-09-01,2179.31,2191.220463464142
TR-038511,2025-09-01,1477.25,1459.622956572022
TR-038512,2025-09-01,2308.35,2372.4952133737766
TR-038513,2025-09-01,2753.14,2665.155455619483
TR-038514,2025-09-01,4438.04,4506.972772051403
TR-038515,2025-09-01,3801.75,3826.9254817334927
TR-038516,2025-09-01,870.8,919.6134590280865
TR-038517,2025-09-01,1525.42,1490.8082873017913
TR-038518,2025-09-01,3819.07,3739.5831673338876
TR-038519,2025-09-01,533.1,540.494233863793
TR-038520,2025-09-01,572.08,572.0872226333734
TR-038521,2025-09-01,3762.42,3784.324693049752
TR-038522,2025-09-01,1246.71,1261.6138014033884
TR-038523,2025-09-01,3167.45,3281.696951372342
TR-038524,2025-09-01,1453.26,1456.8889477956725
TR-038525,2025-09-01,2493.1,2541.5305594310175
TR-038526,2025-09-01,890.4,954.5585038684095
TR-038527,2025-09-01,2813.6,2756.7462257156203
TR-038528,2025-09-01,2631.8,2617.283337172434
TR-038529,2025-09-01,2767.04,2808.972108849115
TR-038530,2025-09-01,1076.48,1080.2477381271349
TR-038531,2025-09-01,2464.66,2477.621134464242
TR-038532,2025-09-01,2139.93,2218.283740000393
TR-038533,2025-09-01,803.35,833.599666439722
TR-038534,2025-09-01,5609.77,5643.369422579362
TR-038535,2025-09-01,2462.59,2552.7111646093454
TR-038536,2025-09-01,996.39,991.9980551396751
TR-038537,2025-09-01,2365.84,2625.060351827956
TR-038538,2025-09-01,1244.22,1252.3152684727736
TR-038539,2025-09-01,4972.2,5014.547523891249
TR-038540,2025-09-01,462.1,465.40300054989694
TR-038541,2025-09-01,1752.1,1834.4788407028027
TR-038542,2025-09-01,1532.71,1512.489438383413
TR-038543,2025-09-01,599.05,620.9366986589233
TR-038544,2025-09-01,1884.4,1867.4892611664645
TR-038545,2025-09-01,2099.41,2086.2451104538004
TR-038546,2025-09-01,362.54,363.8407808090898
TR-038547,2025-09-01,4425.96,4501.726383759773
TR-038548,2025-09-01,1674.34,1659.134769341364
TR-038549,2025-09-01,1217.27,1270.7417933679924
TR-038550,2025-09-01,2215.87,2385.1909573458984
TR-038551,2025-09-01,1081.85,1083.8886820994642
TR-038552,2025-09-01,2539.08,2515.8001884585788
TR-038553,2025-09-01,631.3,625.6749312386037
TR-038554,2025-09-01,1240.32,1223.7816147422973
TR-038555,2025-09-01,1195.21,1233.284569346111
TR-038556,2025-09-01,505.53,583.5476109500074
TR-038557,2025-09-01,3821.49,3824.063319662297
TR-038558,2025-09-01,2931.77,2897.6852671691304
TR-038559,2025-09-01,4389.73,4482.127138193463
TR-038560,2025-09-01,572.82,599.1288901073954
TR-038561,2025-09-01,4825.78,4965.78763889676
TR-038562,2025-09-01,4468.22,4409.612156361647
TR-038563,2025-09-01,2185.71,2276.078448335449
TR-038564,2025-09-01,2180.78,2276.902911666657
TR-038565,2025-09-01,676.22,669.7416913463047
TR-038566,2025-09-01,1951.88,1943.4885809408931
TR-038567,2025-09-01,3434.23,3490.1060279131084
TR-038568,2025-09-01,3250.49,3465.9791974460377
TR-038569,2025-09-01,985.7,1177.914874323922
TR-038570,2025-09-01,977.59,1000.6506716241335
TR-038571,2025-09-01,2811.5,2839.1539864393326
TR-038572,2025-09-01,2379.08,2536.9864560535057
TR-038573,2025-09-01,3669.98,3666.464915342788
TR-038574,2025-09-01,1300.57,1287.2584690379165
TR-038575,2025-09-01,4301.88,4284.82272194631
TR-038576,2025-09-01,1931.02,1931.3530602601895
TR-038577,2025-09-01,2258.98,2305.2119188605457
TR-038578,2025-09-01,1985.68,2024.741006693839
TR-038579,2025-09-01,2990.87,3772.3681984639775
TR-038580,2025-09-01,1255.91,1250.0874382480577
TR-038581,2025-09-01,3678.91,3637.5386344889653
TR-038582,2025-09-01,1959.31,1946.9131028119068
TR-038583,2025-09-01,3101.21,3081.4682715621816
TR-038584,2025-09-01,4804.71,4794.505113663087
TR-038585,2025-09-01,1797.48,1867.7006102934095
TR-038586,2025-09-01,3816.99,3789.992993110111
TR-038587,2025-09-01,1758.12,1907.4136237948687
TR-038588,2025-09-01,1932.73,1986.4807977038706
TR-038589,2025-09-01,2559.65,2648.0495402767547
TR-038590,2025-09-01,5774.35,5696.894120196243
TR-038591,2025-09-01,170.36,917.4626330702152
TR-038592,2025-09-01,903.41,922.2665597310167
TR-038593,2025-09-01,4025.92,4049.3452371575404
TR-038594,2025-09-01,2995.32,3032.513609993811
TR-038595,2025-09-01,625.19,621.3805492449776
TR-038596,2025-09-01,1603.62,1596.1605756145161
TR-038597,2025-09-01,2282.16,2380.875656752973
TR-038598,2025-09-01,2156.07,2055.219919734191
TR-038599,2025-09-01,4271.25,4266.326887081893
TR-038600,2025-09-01,1208.44,1228.8168765170526
TR-038601,2025-09-01,1359.2,1375.8329153950165
TR-038602,2025-09-01,4943.0,4833.052234354693
TR-038603,2025-09-01,1211.88,1193.2095801426694
TR-038604,2025-09-01,4176.25,4041.8703995314254
TR-038605,2025-09-01,1783.92,1795.4661887320437
TR-038606,2025-09-01,4093.8,4469.582044346822
TR-038607,2025-09-01,1170.43,1185.2496784034913
TR-038608,2025-09-01,1531.76,1527.630759897481
TR-038609,2025-09-01,3029.69,3027.1243578190397
TR-038610,2025-09-01,1823.43,1871.5793883540512
TR-038611,2025-09-01,3550.19,3447.2824532549726
TR-038612,2025-09-01,3088.61,3073.769875892286
TR-038613,2025-09-01,2651.65,2633.2871929337707
TR-038614,2025-09-01,697.21,754.54295936146
TR-038615,2025-09-01,4672.93,4648.626881540721
TR-038616,2025-09-01,4100.58,4054.5194108290007
TR-038617,2025-09-01,2638.3,2926.1557513536936
TR-038618,2025-09-01,3906.01,3784.151611270726
TR-038619,2025-09-01,1650.6,1701.462755703848
TR-038620,2025-09-01,1660.7,1702.454094828768
TR-038621,2025-09-01,1080.36,1063.9395729995083
TR-038622,2025-09-01,4108.95,4291.080026841646
TR-038623,2025-09-01,1846.81,1854.6200261879658
TR-038624,2025-09-01,2020.1,2070.141583684019
TR-038625,2025-09-01,2581.57,2622.5222248837035
TR-038626,2025-09-01,1384.61,1385.6232031302397
TR-038627,2025-09-01,831.27,925.6496866034627
TR-038628,2025-09-01,1132.05,1114.4544867567297
TR-038629,2025-09-01,2231.06,2228.2706320395528
TR-038630,2025-09-01,4629.23,4528.268534828753
TR-038631,2025-09-01,5099.24,4970.915272876244
TR-038632,2025-09-01,4975.45,5123.57677888785
TR-038633,2025-09-01,1064.92,1068.8115350617663
TR-038634,2025-09-01,597.28,596.6155480232239
TR-038635,2025-09-02,4595.4,4549.798575697431
TR-038636,2025-09-02,3621.16,3615.4382667518657
TR-038637,2025-09-02,3845.42,3829.2415317361188
TR-038638,2025-09-02,1036.45,1060.138225787277
TR-038639,2025-09-02,537.66,524.4004421624614
TR-038640,2025-09-02,2250.41,2259.285898828073
TR-038641,2025-09-02,1496.94,1522.1909462362314
TR-038642,2025-09-02,2435.72,2475.467469665251
TR-038643,2025-09-02,6323.82,6410.158678304386
TR-038644,2025-09-02,1820.96,1835.8642021031562
TR-038645,2025-09-02,1755.11,1740.7838214007506
TR-038646,2025-09-02,1069.87,1095.2668949350953
TR-038647,2025-09-02,2949.22,3151.761117270647
TR-038648,2025-09-02,2536.23,2483.6783471793533
TR-038649,2025-09-02,1919.59,1891.6482046093674
TR-038650,2025-09-02,4617.91,4831.806221951549
TR-038651,2025-09-02,1258.57,1255.3881691134802
TR-038652,2025-09-02,1433.77,1452.4549661427454
TR-038653,2025-09-02,3736.23,3710.707389426189
TR-038654,2025-09-02,1727.75,1784.1364466889756
TR-038655,2025-09-02,624.33,642.1252065095782
TR-038656,2025-09-02,1272.52,1309.3746375797898
TR-038657,2025-09-02,2012.09,1917.396087701333
TR-038658,2025-09-02,707.77,708.8722513340484
TR-038659,2025-09-02,3591.23,3512.0501208173973
TR-038660,2025-09-02,555.34,635.9304395217292
TR-038661,2025-09-02,1352.42,1356.82396347377
TR-038662,2025-09-02,2666.14,2501.7278974317933
TR-038663,2025-09-02,2476.54,2519.56891221991
TR-038664,2025-09-02,1058.7,1035.621080558141
TR-038665,2025-09-02,1824.73,1848.2141984773796
TR-038666,2025-09-02,3424.84,3365.496575962415
TR-038667,2025-09-02,5041.13,5083.240425958228
TR-038668,2025-09-02,1331.36,1348.2375070110859
TR-038669,2025-09-02,1309.45,1292.0510726997165
TR-038670,2025-09-02,1223.28,1231.3453096636767
TR-038671,2025-09-02,2249.04,2222.537700472319
TR-038672,2025-09-02,3292.86,3219.387248928892
TR-038673,2025-09-02,1464.17,1481.0650356130757
TR-038674,2025-09-02,1328.24,1335.4184154258714
TR-038675,2025-09-02,2566.52,2593.213283158753
TR-038676,2025-09-02,2064.9,2037.3568862653542
TR-038677,2025-09-02,748.11,748.9273010844523
TR-038678,2025-09-02,1697.16,1687.9910282128637
TR-038679,2025-09-02,1408.45,1403.1371399165741
TR-038680,2025-09-02,733.24,722.1073744665672
TR-038681,2025-09-02,3208.32,3107.7138178286027
TR-038682,2025-09-02,1629.6,1624.798516718846
TR-038683,2025-09-02,4484.01,4509.288615233131
TR-038684,2025-09-02,2440.1,2516.0505614862805
TR-038685,2025-09-02,971.68,983.0775427472034
TR-038686,2025-09-02,2932.54,3008.11062966528
TR-038687,2025-09-02,4163.72,4140.249000733081
TR-038688,2025-09-02,971.1,981.6555870170744
TR-038689,2025-09-02,1426.2,1382.7905994087419
TR-038690,2025-09-02,3818.1,3924.6373996941606
TR-038691,2025-09-02,2983.74,2983.051979943098
TR-038692,2025-09-02,2106.36,2181.369741667082
TR-038693,2025-09-02,3245.38,3181.61455573388
TR-038694,2025-09-02,716.13,720.3057490660159
TR-038695,2025-09-02,1193.79,1184.5518256067085
TR-038696,2025-09-02,2066.21,2055.159365514034
TR-038697,2025-09-02,1278.23,1268.368412177037
TR-038698,2025-09-02,1949.92,1983.164223902626
TR-038699,2025-09-02,1593.01,1604.1161280305305
TR-038700,2025-09-02,1798.74,1816.886656650942
TR-038701,2025-09-02,3556.26,3553.1558501655454
TR-038702,2025-09-02,2136.24,2227.764550797832
TR-038703,2025-09-02,2000.26,2030.8954755188365
TR-038704,2025-09-02,2167.17,2254.714400721732
TR-038705,2025-09-02,607.3,603.7121637128182
TR-038706,2025-09-02,889.82,1039.6130719933083
TR-038707,2025-09-02,1406.42,1476.3309857917552
TR-038708,2025-09-02,1436.54,1443.7905259759043
TR-038709,2025-09-02,4129.04,4138.8921670821965
TR-038710,2025-09-02,309.15,889.7437675781929
TR-038711,2025-09-02,3408.34,3328.083856039589
TR-038712,2025-09-02,4460.9,4444.650317994272
TR-038713,2025-09-02,3214.87,3212.5448336896384
TR-038714,2025-09-02,5681.04,5366.608032025192
TR-038715,2025-09-02,1206.46,1256.5484667985752
TR-038716,2025-09-02,1346.17,1557.0388883510843
TR-038717,2025-09-02,4389.4,4445.059942968753
TR-038718,2025-09-02,596.38,609.842704661303
TR-038719,2025-09-02,1179.97,1188.1868523796431
TR-038720,2025-09-02,3426.51,3555.20620846264
TR-038721,2025-09-02,1540.25,1535.3994082241077
TR-038722,2025-09-02,685.55,674.312953966755
TR-038723,2025-09-02,2445.9,3687.492987798631
TR-038724,2025-09-02,2989.15,2927.5391265037456
TR-038725,2025-09-02,2450.2,2613.2626482239684
TR-038726,2025-09-02,2853.25,2785.7620653106833
TR-038727,2025-09-02,1874.72,1918.411153760132
TR-038728,2025-09-02,1070.88,1070.7774376489044
TR-038729,2025-09-02,4071.21,4182.298679626672
TR-038730,2025-09-02,926.33,924.1421424069846
TR-038731,2025-09-02,2760.09,2860.9306987502196
TR-038732,2025-09-02,2307.59,2538.700447244096
TR-038733,2025-09-02,3145.59,3278.4288458378305
TR-038734,2025-09-02,4096.04,4013.6788841424714
TR-038735,2025-09-02,5060.03,5240.161919860941
TR-038736,2025-09-02,1780.41,1896.5305379532422
TR-038737,2025-09-02,1130.16,1108.6199869496672
TR-038738,2025-09-02,2245.46,2300.466012860575
TR-038739,2025-09-02,1889.19,1935.367573309554
TR-038740,2025-09-02,361.07,372.712817642439
TR-038741,2025-09-02,2153.71,2166.3012157578105
TR-038742,2025-09-02,2173.75,2428.7707407226817
TR-038743,2025-09-02,329.42,337.85350514973607
TR-038744,2025-09-02,4928.27,4915.595659267001
TR-038745,2025-09-02,1506.14,1519.7400274834717
TR-038746,2025-09-02,489.93,497.17265629778376
TR-038747,2025-09-02,857.48,880.8854748298912
TR-038748,2025-09-02,1450.53,1507.1616290930615
TR-038749,2025-09-02,2548.51,2515.1735615451776
TR-038750,2025-09-02,1842.42,1906.5953855110379
TR-038751,2025-09-02,1355.34,1319.4108403173711
TR-038752,2025-09-02,4107.15,4229.533603897584
TR-038753,2025-09-02,1658.81,1681.5993497648335
TR-038754,2025-09-02,2344.9,2381.4825857564547
TR-038755,2025-09-02,1471.43,1506.1892151840423
TR-038756,2025-09-02,4262.27,4294.727940959546
TR-038757,2025-09-02,3974.2,3858.995821380702
TR-038758,2025-09-02,722.95,745.8027624732043
TR-038759,2025-09-02,4274.76,4226.165753682128
TR-038760,2025-09-02,2024.78,2148.7341931912415
TR-038761,2025-09-02,1951.68,2006.5696787464394
TR-038762,2025-09-02,1592.58,1542.4304496232755
TR-038763,2025-09-02,824.12,822.2821002516495
TR-038764,2025-09-02,3466.51,3511.664477998736
TR-038765,2025-09-02,1313.46,1278.175112412125
TR-038766,2025-09-02,1023.67,996.6321725791685
TR-038767,2025-09-02,2309.25,2391.5860055521234
TR-038768,2025-09-02,1352.59,1312.2752805866971
TR-038769,2025-09-02,768.48,790.5528726624444
TR-038770,2025-09-02,511.2,523.4071858550266
TR-038771,2025-09-02,709.94,714.2070825050004
TR-038772,2025-09-02,11377.49,3293.6021928244804
TR-038773,2025-09-02,3197.82,3233.1425877611814
TR-038774,2025-09-02,4027.32,3881.0700320327214
TR-038775,2025-09-02,3581.43,3664.7093889412968
TR-038776,2025-09-02,3052.83,3007.5231975137676
TR-038777,2025-09-02,2180.09,2467.69930620944
TR-038778,2025-09-02,1427.22,1435.161261631596
TR-038779,2025-09-02,921.05,926.1473115122952
TR-038780,2025-09-02,4116.3,4195.552870722323
TR-038781,2025-09-02,3626.27,3617.9583895368096
TR-038782,2025-09-02,3614.41,3640.829468323142
TR-038783,2025-09-02,1300.9,1315.9623994437577
TR-038784,2025-09-02,2673.39,2698.419296859118
TR-038785,2025-09-02,1624.66,1629.193664731547
TR-038786,2025-09-02,918.03,928.5410475088577
TR-038787,2025-09-02,1607.67,1608.2022435735935
TR-038788,2025-09-03,2102.38,2151.5001795161697
TR-038789,2025-09-03,5768.28,5662.270929155811
TR-038790,2025-09-03,2568.2,2540.2058084721043
TR-038791,2025-09-03,1837.9,1813.2923612327345
TR-038792,2025-09-03,3673.71,3605.268767034398
TR-038793,2025-09-03,2317.84,2321.5761733810477
TR-038794,2025-09-03,3469.94,3368.1622500297985
TR-038795,2025-09-03,3365.78,3305.9115040225165
TR-038796,2025-09-03,714.78,715.112029866414
TR-038797,2025-09-03,689.93,704.1238254450982
TR-038798,2025-09-03,3144.44,3110.2841814895673
TR-038799,2025-09-03,1841.62,1835.0739675883021
TR-038800,2025-09-03,1007.46,1018.2340605517104
TR-038801,2025-09-03,2787.96,2754.7312232574573
TR-038802,2025-09-03,2484.83,2528.391832552704
TR-038803,2025-09-03,486.09,1228.4416611419438
TR-038804,2025-09-03,3665.65,3675.309799556985
TR-038805,2025-09-03,3329.54,3515.22070916208
TR-038806,2025-09-03,4243.19,4261.5806372386205
TR-038807,2025-09-03,1384.46,1391.6775396327694
TR-038808,2025-09-03,1782.17,1778.9387069171837
TR-038809,2025-09-03,2329.64,2370.9554601561563
TR-038810,2025-09-03,1025.98,1023.2009975481608
TR-038811,2025-09-03,2262.13,2343.7082677201593
TR-038812,2025-09-03,1653.13,1704.9974634206003
TR-038813,2025-09-03,1809.32,1854.4335262795992
TR-038814,2025-09-03,4192.29,4170.616538763995
TR-038815,2025-09-03,1311.58,1291.0737010240032
TR-038816,2025-09-03,2941.49,2910.327225991272
TR-038817,2025-09-03,1438.42,1470.288045389286
TR-038818,2025-09-03,2279.18,2314.350034575468
TR-038819,2025-09-03,1501.31,1510.9764180046632
TR-038820,2025-09-03,5645.59,5404.690688016214
TR-038821,2025-09-03,3301.88,3259.078817251653
TR-038822,2025-09-03,1177.46,1201.0197556184194
TR-038823,2025-09-03,353.31,360.1021860997933
TR-038824,2025-09-03,1588.32,1555.6251767696883
TR-038825,2025-09-03,508.45,530.7310815109782
TR-038826,2025-09-03,1418.54,1413.5002887222252
TR-038827,2025-09-03,3545.47,3473.4385653490976
TR-038828,2025-09-03,3947.82,3837.169938687936
TR-038829,2025-09-03,1314.47,1331.59779122979
TR-038830,2025-09-03,1045.11,1034.942358468115
TR-038831,2025-09-03,1658.81,1619.593047967362
TR-038832,2025-09-03,950.23,948.579548592004
TR-038833,2025-09-03,2122.98,2182.702631997844
TR-038834,2025-09-03,914.67,910.0493804482237
TR-038835,2025-09-03,856.83,867.5558334711229
TR-038836,2025-09-03,2005.14,1984.2389140971557
TR-038837,2025-09-03,1740.1,1738.4069080055904
TR-038838,2025-09-03,4931.28,1746.0794470021874
TR-038839,2025-09-03,1509.11,1531.5505828746639
TR-038840,2025-09-03,1366.36,1380.9610738638373
TR-038841,2025-09-03,643.59,660.3194452076988
TR-038842,2025-09-03,4159.14,4399.193369605624
TR-038843,2025-09-03,2019.72,2100.4952414759446
TR-038844,2025-09-03,3574.04,3533.560667803587
TR-038845,2025-09-03,1405.61,1457.4211225374256
TR-038846,2025-09-03,1190.88,1197.22645682819
TR-038847,2025-09-03,1552.07,1590.507034878499
TR-038848,2025-09-03,3967.87,3946.6829726372775
TR-038849,2025-09-03,2152.14,2136.8391463515
TR-038850,2025-09-03,4376.41,4175.554380505898
TR-038851,2025-09-03,1509.58,1668.1319083720791
TR-038852,2025-09-03,2125.38,2169.7736584074614
TR-038853,2025-09-03,2774.52,2694.2630877930774
TR-038854,2025-09-03,1137.04,1117.4858384623642
TR-038855,2025-09-03,1778.32,1740.8532548295088
TR-038856,2025-09-03,1096.27,1078.7643985979653
TR-038857,2025-09-03,4400.76,4617.795933351045
TR-038858,2025-09-03,1838.06,1811.9121594908263
TR-038859,2025-09-03,1196.71,1208.7650083877174
TR-038860,2025-09-03,1062.89,1053.8671612037726
TR-038861,2025-09-03,756.61,759.1937286806665
TR-038862,2025-09-03,1790.45,1785.1832387646593
TR-038863,2025-09-03,1368.54,1355.311512525359
TR-038864,2025-09-03,1933.62,1936.5313985847522
TR-038865,2025-09-03,1143.89,1131.3235155804932
TR-038866,2025-09-03,634.01,635.3292952852511
TR-038867,2025-09-03,833.33,805.8531078809311
TR-038868,2025-09-03,2896.96,2882.39082974055
TR-038869,2025-09-03,1804.39,1797.6028355926155
TR-038870,2025-09-03,5502.7,5649.738316715237
TR-038871,2025-09-03,1177.76,1185.928519229495
TR-038872,2025-09-03,1790.91,1769.616039889159
TR-038873,2025-09-03,2419.58,2498.533421041421
TR-038874,2025-09-03,824.38,808.726162941693
TR-038875,2025-09-03,4138.03,4253.78629945766
TR-038876,2025-09-03,1264.58,1277.342831924522
TR-038877,2025-09-03,1609.32,1683.1781732647094
TR-038878,2025-09-03,948.67,951.4945361559356
TR-038879,2025-09-03,2408.22,2499.258195389455
TR-038880,2025-09-03,4037.25,4116.610975852735
TR-038881,2025-09-03,5870.15,5663.381405335427
TR-038882,2025-09-03,4332.21,4060.1811541197517
TR-038883,2025-09-03,1429.26,1486.1624350906286
TR-038884,2025-09-03,2736.58,2754.568275504606
TR-038885,2025-09-03,920.82,919.7190467488934
TR-038886,2025-09-03,1344.11,1365.1580495001035
TR-038887,2025-09-03,1846.08,1821.4827556415803
TR-038888,2025-09-03,454.76,464.34473420668735
TR-038889,2025-09-03,2334.05,2339.5725886923497
TR-038890,2025-09-03,1120.7,1099.571026549574
TR-038891,2025-09-03,2885.45,2844.759914203339
TR-038892,2025-09-03,1412.11,1393.566152892701
TR-038893,2025-09-03,4126.36,4125.891964031193
TR-038894,2025-09-03,4536.4,4578.359016584928
TR-038895,2025-09-03,988.98,977.2715616384531
TR-038896,2025-09-03,3696.76,3877.380966391687
TR-038897,2025-09-03,4929.32,4940.561075982568
TR-038898,2025-09-03,445.85,457.959069211022
TR-038899,2025-09-03,3456.36,3572.043666789733
TR-038900,2025-09-03,1799.05,1767.9655029000307
TR-038901,2025-09-03,1899.77,1841.9654159277018
TR-038902,2025-09-03,1246.44,1220.39335557144
TR-038903,2025-09-03,1034.94,1030.2614158133897
TR-038904,2025-09-03,1244.67,1246.1428429455216
TR-038905,2025-09-03,3381.01,3290.7460875360507
TR-038906,2025-09-03,1186.89,1166.3877989327032
TR-038907,2025-09-03,1574.67,1515.4940278058327
TR-038908,2025-09-03,1412.04,1341.3806762288805
TR-038909,2025-09-03,1618.75,1639.7020509788833
TR-038910,2025-09-03,1711.45,1685.0193050770663
TR-038911,2025-09-03,1058.96,1078.1205457604137
TR-038912,2025-09-03,2342.99,2379.07875524324
TR-038913,2025-09-03,4769.86,4685.63014811659
TR-038914,2025-09-03,2749.61,2627.019438878975
TR-038915,2025-09-03,478.51,504.7100075934644
TR-038916,2025-09-03,4031.4,3965.036281697265
TR-038917,2025-09-03,1398.6,1401.0826045575186
TR-038918,2025-09-03,2035.61,2036.8412813585162
TR-038919,2025-09-03,379.08,402.41639121923816
TR-038920,2025-09-03,1762.2,1736.6364382148492
TR-038921,2025-09-03,490.18,509.2954967098201
TR-038922,2025-09-03,1833.07,1813.093262021416
TR-038923,2025-09-03,1228.28,1203.5423139203117
TR-038924,2025-09-03,390.61,418.00857227298394
TR-038925,2025-09-03,2120.23,2104.5109297810673
TR-038926,2025-09-03,1281.36,1306.9978053798252
TR-038927,2025-09-03,1811.89,1783.2371996335282
TR-038928,2025-09-03,1657.1,1704.1755454634497
TR-038929,2025-09-03,4494.52,4357.018000478895
TR-038930,2025-09-03,4903.95,4676.738246203887
TR-038931,2025-09-03,3719.11,3728.9144411632046
TR-038932,2025-09-03,3395.51,3401.652580470543
TR-038933,2025-09-03,2534.45,2499.7361546124885
TR-038934,2025-09-03,2884.07,2926.93813069605
TR-038935,2025-09-03,3287.09,3243.332820325221
TR-038936,2025-09-04,2103.52,2083.4812323090805
TR-038937,2025-09-04,1119.29,1087.1023719696923
TR-038938,2025-09-04,3831.98,3854.1559401625705
TR-038939,2025-09-04,611.13,627.2482864916651
TR-038940,2025-09-04,2807.36,2749.862599711552
TR-038941,2025-09-04,2071.96,2070.677048020946
TR-038942,2025-09-04,2339.95,2355.441958254602
TR-038943,2025-09-04,4874.27,4873.735262003009
TR-038944,2025-09-04,1768.91,1798.935880307878
TR-038945,2025-09-04,4304.74,4441.933138852751
TR-038946,2025-09-04,3572.95,3534.058201112256
TR-038947,2025-09-04,3764.61,3762.2849124973673
TR-038948,2025-09-04,870.61,875.2754539356868
TR-038949,2025-09-04,413.09,414.1888730254114
TR-038950,2025-09-04,2544.99,2524.360385925571
TR-038951,2025-09-04,1660.37,1703.6050531814765
TR-038952,2025-09-04,1092.96,1138.361102388987
TR-038953,2025-09-04,5716.18,5693.414554460662
TR-038954,2025-09-04,3141.19,3426.936395495996
TR-038955,2025-09-04,6185.0,6073.408761197002
TR-038956,2025-09-04,4636.85,4699.767283615171
TR-038957,2025-09-04,3625.04,3670.877595029978
TR-038958,2025-09-04,1954.2,2317.830800067574
TR-038959,2025-09-04,3415.8,3319.625277377551
TR-038960,2025-09-04,819.65,832.4439786730811
TR-038961,2025-09-04,835.18,859.6134194683466
TR-038962,2025-09-04,517.61,533.303542338574
TR-038963,2025-09-04,958.93,976.5875935239698
TR-038964,2025-09-04,1197.57,1197.603421432446
TR-038965,2025-09-04,1674.76,1623.3264596100773
TR-038966,2025-09-04,5233.71,5125.6460497597245
TR-038967,2025-09-04,4807.93,4677.682516860974
TR-038968,2025-09-04,1614.61,1713.2049708593768
TR-038969,2025-09-04,5839.12,5754.103836724672
TR-038970,2025-09-04,2360.93,2352.5474876864873
TR-038971,2025-09-04,4100.64,4030.9960550392466
TR-038972,2025-09-04,2338.31,2327.1816766111856
TR-038973,2025-09-04,777.59,771.8544286277555
TR-038974,2025-09-04,3240.89,3270.052569676295
TR-038975,2025-09-04,3635.79,3817.613606217003
TR-038976,2025-09-04,1166.61,1180.9578399097047
TR-038977,2025-09-04,5181.47,5011.5523199917525
TR-038978,2025-09-04,4170.51,4154.839724193117
TR-038979,2025-09-04,2723.28,2745.7182519652333
TR-038980,2025-09-04,830.68,875.9947715617644
TR-038981,2025-09-04,4731.45,4614.910881329367
TR-038982,2025-09-04,946.26,1028.26334221876
TR-038983,2025-09-04,711.59,722.3919436527849
TR-038984,2025-09-04,1082.09,1099.7964351914086
TR-038985,2025-09-04,2041.64,2027.550524940064
TR-038986,2025-09-04,2599.43,2444.060330891369
TR-038987,2025-09-04,3685.54,3562.7686295085946
TR-038988,2025-09-04,1417.52,1413.9295261070456
TR-038989,2025-09-04,4591.38,4592.582802639735
TR-038990,2025-09-04,5144.4,5203.949699670219
TR-038991,2025-09-04,4160.37,4057.122427041467
TR-038992,2025-09-04,2771.41,2717.5937624038793
TR-038993,2025-09-04,812.49,815.2483162303909
TR-038994,2025-09-04,989.2,986.355525709717
TR-038995,2025-09-04,251.45,261.94019759071705
TR-038996,2025-09-04,498.55,545.542525722701
TR-038997,2025-09-04,1607.21,1619.6228633615015
TR-038998,2025-09-04,196.37,198.54398654836857
TR-038999,2025-09-04,3701.75,3654.405432962626
TR-039000,2025-09-04,236.37,233.09109697497004
TR-039001,2025-09-04,345.86,343.96629316661557
TR-039002,2025-09-04,2077.33,2151.819336129814
TR-039003,2025-09-04,5633.17,5470.989962003755
TR-039004,2025-09-04,1878.85,1879.3846719666424
TR-039005,2025-09-04,742.41,735.467992357114
TR-039006,2025-09-04,1934.15,2111.115101027027
TR-039007,2025-09-04,4583.28,4413.3414274858005
TR-039008,2025-09-04,1155.21,1172.9027664777905
TR-039009,2025-09-04,2265.2,2281.946426096123
TR-039010,2025-09-04,1152.28,1159.2154781544841
TR-039011,2025-09-04,3524.5,3484.8131111749153
TR-039012,2025-09-04,1333.02,1366.6739281452537
TR-039013,2025-09-04,2290.51,2241.1303109589167
TR-039014,2025-09-04,2815.63,2832.2742152041374
TR-039015,2025-09-04,3706.5,3723.481820081721
TR-039016,2025-09-04,1625.36,1672.53098910634
TR-039017,2025-09-04,2034.63,2042.7438688521988
TR-039018,2025-09-04,2154.52,2177.366153034079
TR-039019,2025-09-04,1086.45,1052.2250135235452
TR-039020,2025-09-04,1719.87,1700.4891429185482
TR-039021,2025-09-04,2197.15,2326.570777378496
TR-039022,2025-09-04,4716.82,4570.559042799794
TR-039023,2025-09-04,2940.08,3080.3839082839154
TR-039024,2025-09-04,1864.87,1766.788259213975
TR-039025,2025-09-04,3495.24,3824.3829843894982
TR-039026,2025-09-04,544.25,535.4358308689721
TR-039027,2025-09-04,3230.31,3218.716027757913
TR-039028,2025-09-04,3459.65,3424.7690001909114
TR-039029,2025-09-04,1036.49,1056.1685063174266
TR-039030,2025-09-04,1434.39,1444.404073655156
TR-039031,2025-09-04,2102.58,2200.9323295320155
TR-039032,2025-09-04,3041.2,3041.527178582787
TR-039033,2025-09-04,1922.11,1934.1126888189751
TR-039034,2025-09-04,2411.56,2463.5910704707217
TR-039035,2025-09-04,1202.71,1213.2345708238277
TR-039036,2025-09-04,1342.71,1414.6762878604147
TR-039037,2025-09-04,1951.86,1940.4433321853899
TR-039038,2025-09-04,1492.67,1451.7060510225704
TR-039039,2025-09-04,2293.08,2289.91055902939
TR-039040,2025-09-04,579.89,578.3075555029855
TR-039041,2025-09-04,4312.53,4240.274881015178
TR-039042,2025-09-04,1993.26,1852.7506288842426
TR-039043,2025-09-04,1803.31,1868.1298748638144
TR-039044,2025-09-04,1870.98,1871.092418143825
TR-039045,2025-09-04,1035.33,1043.5853861324288
TR-039046,2025-09-04,2346.17,2322.9151886073746
TR-039047,2025-09-04,2565.6,2622.47098719794
TR-039048,2025-09-04,2561.74,2728.1481074026738
TR-039049,2025-09-04,3226.05,3341.318903755897
TR-039050,2025-09-04,3600.54,3610.6108407481897
TR-039051,2025-09-04,224.92,223.2689821487342
TR-039052,2025-09-04,1038.92,1020.778267260254
TR-039053,2025-09-04,4309.6,4556.344864619925
TR-039054,2025-09-04,1073.55,1071.278506438873
TR-039055,2025-09-04,2717.74,2718.214673171052
TR-039056,2025-09-04,545.79,547.5235584468089
TR-039057,2025-09-04,1635.9,1618.0529297003065
TR-039058,2025-09-04,2223.7,2235.0658741895077
TR-039059,2025-09-04,706.43,726.2000880481411
TR-039060,2025-09-04,1993.08,1981.9539564974234
TR-039061,2025-09-04,419.81,456.9844250051008
TR-039062,2025-09-04,4728.81,4637.876117978595
TR-039063,2025-09-04,1619.87,1663.3418656768952
TR-039064,2025-09-04,829.81,828.0532386417445
TR-039065,2025-09-04,675.2,666.4172845063969
TR-039066,2025-09-04,669.78,654.5656685280945
TR-039067,2025-09-04,1777.59,1762.68265817472
TR-039068,2025-09-04,4479.42,4355.2490052119165
TR-039069,2025-09-04,882.08,907.1918472716587
TR-039070,2025-09-04,3210.13,3168.9753309870966
TR-039071,2025-09-04,2080.39,2092.996242345981
TR-039072,2025-09-04,1442.01,1446.5190531199048
TR-039073,2025-09-04,995.5,1000.0436279724707
TR-039074,2025-09-04,557.08,556.6276966537688
TR-039075,2025-09-04,2895.45,3074.9974808977063
TR-039076,2025-09-04,2750.9,2779.6046086042875
TR-039077,2025-09-04,497.6,491.1261879771781
TR-039078,2025-09-04,5931.57,5805.6426091731
TR-039079,2025-09-04,4678.42,4611.367744383569
TR-039080,2025-09-04,1735.69,1724.9940771485417
TR-039081,2025-09-04,1491.48,1519.5496757845085
TR-039082,2025-09-04,2227.63,2273.2274264817893
TR-039083,2025-09-04,2606.74,2561.608401397603
TR-039084,2025-09-04,5037.89,4969.1563339113345
TR-039085,2025-09-04,5580.78,5681.565267603808
TR-039086,2025-09-04,1339.97,1316.74358958143
TR-039087,2025-09-04,4731.22,4694.238433411135
TR-039088,2025-09-04,3136.86,3309.618411677615
TR-039089,2025-09-04,4776.59,4755.9491886575415
TR-039090,2025-09-04,2207.44,2257.5593183353444
TR-039091,2025-09-04,873.34,859.2472281539586
TR-039092,2025-09-05,1990.86,2066.1650306119304
TR-039093,2025-09-05,1383.52,1366.473965577107
TR-039094,2025-09-05,5939.13,5970.840519918072
TR-039095,2025-09-05,1602.12,1609.807031851372
TR-039096,2025-09-05,1943.74,1945.4059766047828
TR-039097,2025-09-05,2558.28,2532.1140903005617
TR-039098,2025-09-05,1898.24,1888.1557508612157
TR-039099,2025-09-05,833.5,919.8066446895791
TR-039100,2025-09-05,2025.05,2179.3504809060423
TR-039101,2025-09-05,2231.66,2128.850931352138
TR-039102,2025-09-05,1574.91,1547.9862094004623
TR-039103,2025-09-05,992.27,1019.1199847959556
TR-039104,2025-09-05,3972.75,4025.1518234457217
TR-039105,2025-09-05,1104.17,1094.9089570726667
TR-039106,2025-09-05,4521.64,4655.763600689048
TR-039107,2025-09-05,1668.8,1595.4259146980537
TR-039108,2025-09-05,2740.42,2829.2044395291377
TR-039109,2025-09-05,2446.6,2471.858930391369
TR-039110,2025-09-05,1368.65,1332.03165802812
TR-039111,2025-09-05,3261.55,3450.5299109816888
TR-039112,2025-09-05,640.63,654.5854705432344
TR-039113,2025-09-05,857.79,870.3350149746168
TR-039114,2025-09-05,1076.26,1081.3871795175598
TR-039115,2025-09-05,1153.1,1196.7071352037915
TR-039116,2025-09-05,5027.1,5064.522910787618
TR-039117,2025-09-05,2671.85,2771.4163233215277
TR-039118,2025-09-05,1254.71,1276.7934067792924
TR-039119,2025-09-05,965.6,990.1024631633408
TR-039120,2025-09-05,1290.97,1277.9123810916738
TR-039121,2025-09-05,791.06,785.3534983493064
TR-039122,2025-09-05,1227.54,1236.0594500232169
TR-039123,2025-09-05,341.56,341.9258316219619
TR-039124,2025-09-05,581.85,634.8774889573564
TR-039125,2025-09-05,578.63,575.4948333422603
TR-039126,2025-09-05,3915.16,3893.218301033121
TR-039127,2025-09-05,2473.31,2477.8900300399264
TR-039128,2025-09-05,1056.11,1039.2288261660506
TR-039129,2025-09-05,1683.15,1685.7610233479054
TR-039130,2025-09-05,788.94,819.3339650626505
TR-039131,2025-09-05,1950.21,2026.66675068389
TR-039132,2025-09-05,1155.37,1137.7973266432848
TR-039133,2025-09-05,785.6,850.8678473643743
TR-039134,2025-09-05,4124.89,4040.2984727387216
TR-039135,2025-09-05,3112.26,3106.811666525202
TR-039136,2025-09-05,4107.05,4132.6417154496785
TR-039137,2025-09-05,2265.1,2280.0308524197767
TR-039138,2025-09-05,1455.36,1485.7647912261798
TR-039139,2025-09-05,689.69,676.2958599828228
TR-039140,2025-09-05,2395.68,2607.4170786951927
TR-039141,2025-09-05,4954.29,4919.638177645741
TR-039142,2025-09-05,1474.97,1503.893461465468
TR-039143,2025-09-05,2664.11,2950.4740834623976
TR-039144,2025-09-05,4592.34,4432.274344448357
TR-039145,2025-09-05,2469.17,2498.2008575408054
TR-039146,2025-09-05,1028.4,1052.4097525012114
TR-039147,2025-09-05,4251.39,4564.848910101537
TR-039148,2025-09-05,2009.23,2068.0568015129725
TR-039149,2025-09-05,2139.57,2130.521242747333
TR-039150,2025-09-05,2307.9,2339.889528477125
TR-039151,2025-09-05,361.96,438.70671646205057
TR-039152,2025-09-05,4078.17,4176.263467949686
TR-039153,2025-09-05,2118.24,2184.9848128229273
TR-039154,2025-09-05,2511.37,2546.8335967039443
TR-039155,2025-09-05,1714.1,1737.362731345914
TR-039156,2025-09-05,5335.02,5256.520887960672
TR-039157,2025-09-05,1169.68,1179.7909648688071
TR-039158,2025-09-05,3081.04,3062.139453076878
TR-039159,2025-09-05,1187.65,1211.741419809307
TR-039160,2025-09-05,927.17,917.1853664081847
TR-039161,2025-09-05,3278.97,3247.2429665993573
TR-039162,2025-09-05,4844.98,4775.4228346940445
TR-039163,2025-09-05,1538.53,1513.0425233385513
TR-039164,2025-09-05,1556.98,1522.1138130682766
TR-039165,2025-09-05,1639.49,1532.8630492150637
TR-039166,2025-09-05,4829.59,4825.18494773769
TR-039167,2025-09-05,3605.8,3615.2801430048717
TR-039168,2025-09-05,2372.36,2348.6349819068973
TR-039169,2025-09-05,1848.35,1849.5251684006373
TR-039170,2025-09-05,1545.64,1532.399798879821
TR-039171,2025-09-05,2236.81,2261.4093778705846
TR-039172,2025-09-05,4856.02,4705.530293859081
TR-039173,2025-09-05,2963.57,3064.4612322155695
TR-039174,2025-09-05,3804.05,3811.209924647008
TR-039175,2025-09-05,2504.29,2486.73866798267
TR-039176,2025-09-05,1161.24,1174.0773586709872
TR-039177,2025-09-05,5084.27,5235.6482556740175
TR-039178,2025-09-05,1551.07,1560.1768362163268
TR-039179,2025-09-05,3925.06,3968.15660399291
TR-039180,2025-09-05,1940.07,1911.0666758535333
TR-039181,2025-09-05,2458.96,2467.951055860088
TR-039182,2025-09-05,3749.01,3647.4452278318226
TR-039183,2025-09-05,3545.25,3659.3578927142344
TR-039184,2025-09-05,770.47,781.8864662961952
TR-039185,2025-09-05,2194.96,2185.902648007267
TR-039186,2025-09-05,2501.52,2450.397148667787
TR-039187,2025-09-05,4472.64,4419.030478887114
TR-039188,2025-09-05,1597.1,1588.1197068196875
TR-039189,2025-09-05,1233.95,1239.8467492315851
TR-039190,2025-09-05,2445.17,2408.116888042781
TR-039191,2025-09-05,3131.14,3149.334512550467
TR-039192,2025-09-05,2965.22,3222.4269346336037
TR-039193,2025-09-05,1744.51,1805.2999492319352
TR-039194,2025-09-05,1126.29,1148.7782402772327
TR-039195,2025-09-05,1086.72,1068.5897385934538
TR-039196,2025-09-05,1638.54,1629.4700095392302
TR-039197,2025-09-05,1528.0,1584.7971115428852
TR-039198,2025-09-05,1023.08,1020.9414416953305
TR-039199,2025-09-05,555.88,579.3000060897758
TR-039200,2025-09-05,3039.5,3089.1549328513524
TR-039201,2025-09-05,796.76,785.10551747078
TR-039202,2025-09-05,5059.84,4988.311028577156
TR-039203,2025-09-05,3827.69,3775.3234667900824
TR-039204,2025-09-05,1725.56,1714.6488631215004
TR-039205,2025-09-05,806.04,823.5315295757046
TR-039206,2025-09-05,1340.8,1364.0497329425002
TR-039207,2025-09-05,4949.75,4890.408514393277
TR-039208,2025-09-05,4428.74,4362.446019408661
TR-039209,2025-09-05,2715.57,2763.7014617195036
TR-039210,2025-09-05,2048.31,1997.7104862829403
TR-039211,2025-09-05,3028.91,3035.0759592605136
TR-039212,2025-09-05,2167.26,2090.6696840756
TR-039213,2025-09-05,1241.89,1248.762766538645
TR-039214,2025-09-05,1036.02,1031.0960036034483
TR-039215,2025-09-05,3925.28,3809.643990241002
TR-039216,2025-09-05,4953.28,4910.288206688748
TR-039217,2025-09-05,1273.52,1261.8521572394436
TR-039218,2025-09-05,1118.18,1131.6299201651398
TR-039219,2025-09-05,823.81,813.803535326281
TR-039220,2025-09-05,1408.04,1478.287952530304
TR-039221,2025-09-05,1432.23,1401.3455516145684
TR-039222,2025-09-05,1137.48,1142.3840822085297
TR-039223,2025-09-05,3174.53,3190.738108446931
TR-039224,2025-09-05,4107.89,4031.387338192872
TR-039225,2025-09-05,3376.19,3634.477816240416
TR-039226,2025-09-05,2297.51,2206.070745203913
TR-039227,2025-09-05,1884.83,1893.1177804290091
TR-039228,2025-09-05,258.05,276.68923305324125
TR-039229,2025-09-05,4859.34,4808.0756594471695
TR-039230,2025-09-05,683.15,653.4796781733247
TR-039231,2025-09-05,4073.23,3963.1955858932674
TR-039232,2025-09-05,1592.93,1580.6658935131827
TR-039233,2025-09-05,405.5,410.2927967322941
TR-039234,2025-09-05,1084.65,1081.5808544372624
TR-039235,2025-09-05,3092.79,3217.450017420787
TR-039236,2025-09-05,1672.09,1670.7476132479417
TR-039237,2025-09-05,893.28,887.8243425733602
TR-039238,2025-09-05,1240.53,1203.2702017045272
TR-039239,2025-09-05,2059.35,2036.9339899591182
TR-039240,2025-09-05,4666.64,4602.630346665143
TR-039241,2025-09-05,883.17,898.0118330749293
TR-039242,2025-09-06,3389.96,3371.8666197845564
TR-039243,2025-09-06,2719.01,2710.1508941707334
TR-039244,2025-09-06,2808.78,2811.2283664684137
TR-039245,2025-09-06,929.65,953.4261155007912
TR-039246,2025-09-06,1023.48,1021.0672432793244
TR-039247,2025-09-06,1735.32,1718.5936060484582
TR-039248,2025-09-06,4370.43,4267.170430781248
TR-039249,2025-09-06,1546.16,1641.9173123488576
TR-039250,2025-09-06,2035.95,2042.6743151503476
TR-039251,2025-09-06,4485.15,4459.467053040702
TR-039252,2025-09-06,1601.21,1595.694294096288
TR-039253,2025-09-06,2066.06,2135.1582350836456
TR-039254,2025-09-06,2197.3,2160.7347869385203
TR-039255,2025-09-06,4122.85,4106.634271123871
TR-039256,2025-09-06,730.65,730.8229981080221
TR-039257,2025-09-06,6768.62,6576.767006776993
TR-039258,2025-09-06,1179.45,1204.3947339173812
TR-039259,2025-09-06,1844.5,1818.838578611691
TR-039260,2025-09-06,3040.63,2991.832888090408
TR-039261,2025-09-06,1386.89,1420.7604439163922
TR-039262,2025-09-06,3061.97,3045.083062308585
TR-039263,2025-09-06,4734.52,4503.616019524646
TR-039264,2025-09-06,3864.33,3967.236947711758
TR-039265,2025-09-06,5608.43,5564.795648689538
TR-039266,2025-09-06,3828.43,4067.0969152930993
TR-039267,2025-09-06,3648.31,3539.38861895766
TR-039268,2025-09-06,1949.08,1958.1333630642648
TR-039269,2025-09-06,847.69,879.9990861585862
TR-039270,2025-09-06,1749.83,1782.5059066155814
TR-039271,2025-09-06,3076.42,3005.651656657526
TR-039272,2025-09-06,2587.34,2491.3620255111136
TR-039273,2025-09-06,2080.38,2104.04133075786
TR-039274,2025-09-06,4656.27,4685.2682174681395
TR-039275,2025-09-06,969.15,965.4445096185924
TR-039276,2025-09-06,651.83,752.6219480583356
TR-039277,2025-09-06,594.15,605.69897243501
TR-039278,2025-09-06,2794.78,2841.120636546685
TR-039279,2025-09-06,1051.15,1050.3351589373299
TR-039280,2025-09-06,2149.2,2128.0969374712645
TR-039281,2025-09-06,2044.32,2019.9102608522016
TR-039282,2025-09-06,2618.27,2800.7279616472356
TR-039283,2025-09-06,2764.5,3061.041638109899
TR-039284,2025-09-06,851.04,852.5393915715665
TR-039285,2025-09-06,2490.81,2516.2464350548726
TR-039286,2025-09-06,570.47,627.797420230842
TR-039287,2025-09-06,2306.35,2373.0223498368596
TR-039288,2025-09-06,5439.24,5475.570189931727
TR-039289,2025-09-06,1855.19,1878.3536193994103
TR-039290,2025-09-06,4090.46,4072.3186817751484
TR-039291,2025-09-06,1072.6,1059.1068685325847
TR-039292,2025-09-06,6295.71,2300.7047885933925
TR-039293,2025-09-06,2469.45,2418.5230241470495
TR-039294,2025-09-06,997.29,981.1802223471756
TR-039295,2025-09-06,1656.07,1643.8333624442835
TR-039296,2025-09-06,2849.08,2741.880748707854
TR-039297,2025-09-06,1245.26,1248.6296789124706
TR-039298,2025-09-06,663.83,673.1775910227545
TR-039299,2025-09-06,2596.02,2527.5559924291274
TR-039300,2025-09-06,2518.86,2623.38840347657
TR-039301,2025-09-06,1096.44,1063.7279621303849
TR-039302,2025-09-06,1698.47,1784.864465604667
TR-039303,2025-09-06,3405.77,3320.5858676140756
TR-039304,2025-09-06,763.32,775.7377994373776
TR-039305,2025-09-06,1418.95,1438.70610162288
TR-039306,2025-09-06,3069.94,3035.237247276189
TR-039307,2025-09-06,519.57,1287.5228436324635
TR-039308,2025-09-06,5686.61,5616.049371375651
TR-039309,2025-09-06,3282.87,3226.6159110486856
TR-039310,2025-09-06,1849.22,1865.4324847002401
TR-039311,2025-09-06,2167.65,2131.0462502285222
TR-039312,2025-09-06,2175.71,2290.5648244856598
TR-039313,2025-09-06,2605.28,2713.0920690262724
TR-039314,2025-09-06,1126.8,1128.8487656456398
TR-039315,2025-09-06,2325.47,2446.9966889026077
TR-039316,2025-09-06,2859.86,2927.4949755262664
TR-039317,2025-09-06,940.39,948.5636345740572
TR-039318,2025-09-06,4794.14,4936.799020831986
TR-039319,2025-09-06,1120.78,1140.5681003831073
TR-039320,2025-09-06,645.29,644.1028710584188
TR-039321,2025-09-06,327.62,359.62571180759863
TR-039322,2025-09-06,1318.46,1314.7573039851159
TR-039323,2025-09-06,925.32,946.7496702459515
TR-039324,2025-09-06,382.63,398.2108974906324
TR-039325,2025-09-06,2652.69,2734.3468351662978
TR-039326,2025-09-06,1159.79,1187.0503400865725
TR-039327,2025-09-06,591.03,584.1932118156299
TR-039328,2025-09-06,1084.2,1088.6281914877527
TR-039329,2025-09-06,1814.58,1840.9924609454981
TR-039330,2025-09-06,1651.04,1619.7031967027567
TR-039331,2025-09-06,694.25,711.8790326323822
TR-039332,2025-09-06,973.92,987.7044271832337
TR-039333,2025-09-06,4522.88,4506.998178562422
TR-039334,2025-09-06,1533.94,1611.9769468665797
TR-039335,2025-09-06,3744.98,3919.656961674097
TR-039336,2025-09-06,3921.95,3967.540139242008
TR-039337,2025-09-06,1883.57,1954.8048704163264
TR-039338,2025-09-06,1797.06,1788.8677367913187
TR-039339,2025-09-06,766.34,798.7793362389647
TR-039340,2025-09-06,5553.3,5547.895522079854
TR-039341,2025-09-06,3607.34,3538.943549436791
TR-039342,2025-09-06,1099.18,1140.1048211108618
TR-039343,2025-09-06,5329.38,5035.340536427266
TR-039344,2025-09-06,542.84,539.7810113961369
TR-039345,2025-09-06,1431.19,1399.7208723404897
TR-039346,2025-09-06,3645.68,3555.6032472061615
TR-039347,2025-09-06,1386.26,1387.9268751012032
TR-039348,2025-09-06,2183.38,2277.340941854623
TR-039349,2025-09-06,669.86,701.735554436217
TR-039350,2025-09-06,1096.55,1094.5363378175218
TR-039351,2025-09-06,4066.97,4014.8314676594036
TR-039352,2025-09-06,901.47,999.530888835321
TR-039353,2025-09-06,2912.56,2982.300981137153
TR-039354,2025-09-06,2402.59,2395.7046826633764
TR-039355,2025-09-06,219.83,220.17394500029806
TR-039356,2025-09-06,5018.5,4968.760224544854
TR-039357,2025-09-06,1366.89,1354.6018877758709
TR-039358,2025-09-06,1822.67,1916.3744667041387
TR-039359,2025-09-06,394.42,992.5390523397418
TR-039360,2025-09-06,2779.53,2811.627534025755
TR-039361,2025-09-06,820.3,850.994876623666
TR-039362,2025-09-06,1441.33,1410.5421768069095
TR-039363,2025-09-06,11684.7,2894.545682502015
TR-039364,2025-09-06,3140.85,3054.6777753800834
TR-039365,2025-09-06,1295.72,1281.8949697756564
TR-039366,2025-09-06,1827.9,1882.9945340577908
TR-039367,2025-09-06,5673.91,5786.227157890361
TR-039368,2025-09-06,9250.6,2147.9854550403575
TR-039369,2025-09-06,819.34,833.2905888636437
TR-039370,2025-09-06,1700.82,1728.9062563030618
TR-039371,2025-09-06,2067.45,2179.0594161272948
TR-039372,2025-09-06,2351.81,2319.139265187652
TR-039373,2025-09-06,422.75,503.22284661915404
TR-039374,2025-09-06,1417.7,1410.298606525032
TR-039375,2025-09-06,2924.5,3059.2346654500266
TR-039376,2025-09-06,1320.2,1295.772205329389
TR-039377,2025-09-06,979.97,990.7788552489541
TR-039378,2025-09-06,518.55,536.4659900572233
TR-039379,2025-09-06,2348.29,2283.849997362699
TR-039380,2025-09-06,2307.08,2353.042287567363
TR-039381,2025-09-06,1720.0,1780.4173300598545
TR-039382,2025-09-06,2573.08,2646.9065250384315
TR-039383,2025-09-06,474.06,478.5823296937273
TR-039384,2025-09-06,1251.61,1277.7607303901696
TR-039385,2025-09-06,798.99,827.2736567109015
TR-039386,2025-09-06,1537.76,1522.9917768778957
TR-039387,2025-09-06,1718.98,1699.8631423613506
TR-039388,2025-09-06,1168.83,1191.0054829475707
TR-039389,2025-09-06,1276.72,1312.4580999074794
TR-039390,2025-09-06,1934.18,1929.4615618846508
TR-039391,2025-09-06,5635.6,5577.840864319023
TR-039392,2025-09-06,3236.78,3280.530519081935
TR-039393,2025-09-06,3619.2,3639.911201246936
TR-039394,2025-09-06,3929.2,3916.5511758244047
TR-039395,2025-09-06,1680.95,1748.053623896358
TR-039396,2025-09-06,3259.67,3215.986243858167
TR-039397,2025-09-06,1274.14,1283.1030664385476
TR-039398,2025-09-06,2091.65,2109.95980423253
TR-039399,2025-09-06,4500.84,4371.1067241212495
TR-039400,2025-09-06,2187.86,2256.8558648756207
TR-039401,2025-09-06,2024.09,2066.751575004586
TR-039402,2025-09-06,2494.08,2435.9892247639928
TR-039403,2025-09-06,823.14,834.7928735840876
TR-039404,2025-09-06,1519.16,1460.215535689215
TR-039405,2025-09-06,1095.6,1118.3985487332525
TR-039406,2025-09-06,2834.89,3225.55235103439
TR-039407,2025-09-06,611.65,607.0394814362791
TR-039408,2025-09-06,904.38,929.2519103930318
TR-039409,2025-09-06,1940.13,1972.9934216098518
TR-039410,2025-09-06,1397.51,1416.2286565607064
TR-039411,2025-09-06,1946.57,1934.4518271289385
TR-039412,2025-09-07,1472.84,1450.3051442155793
TR-039413,2025-09-07,2260.94,2286.13497431146
TR-039414,2025-09-07,4649.91,4515.144667687801
TR-039415,2025-09-07,3356.25,3431.7091268144923
TR-039416,2025-09-07,3912.24,3966.500981565834
TR-039417,2025-09-07,3145.67,3317.666341564709
TR-039418,2025-09-07,1711.18,1789.7195521580916
TR-039419,2025-09-07,1275.03,1259.9100837271421
TR-039420,2025-09-07,346.53,347.40946273775495
TR-039421,2025-09-07,1610.93,1641.443672465172
TR-039422,2025-09-07,2137.02,2082.2740168805394
TR-039423,2025-09-07,1913.01,1937.3867109689377
TR-039424,2025-09-07,1530.06,1590.443987252415
TR-039425,2025-09-07,259.85,324.09455472912873
TR-039426,2025-09-07,1239.05,1248.6172557427785
TR-039427,2025-09-07,6507.07,6435.581095888861
TR-039428,2025-09-07,4073.5,3986.0132813589366
TR-039429,2025-09-07,3438.62,3425.5896020747236
TR-039430,2025-09-07,826.33,895.3889034855775
TR-039431,2025-09-07,3170.07,3126.2365714412576
TR-039432,2025-09-07,2023.51,2099.61691447798
TR-039433,2025-09-07,2196.22,2163.9164213472136
TR-039434,2025-09-07,5451.7,5331.664965906934
TR-039435,2025-09-07,1009.88,1006.2291797288559
TR-039436,2025-09-07,575.32,640.9878523415492
TR-039437,2025-09-07,3864.89,4309.633688492925
TR-039438,2025-09-07,2386.99,2416.096118726736
TR-039439,2025-09-07,7773.89,3163.7951979115346
TR-039440,2025-09-07,2518.56,2552.074478966931
TR-039441,2025-09-07,1471.93,1553.8281694371192
TR-039442,2025-09-07,1040.31,1076.8438153170518
TR-039443,2025-09-07,4546.95,4681.199539446653
TR-039444,2025-09-07,1865.15,1925.4019953568388
TR-039445,2025-09-07,5853.34,5805.27980369697
TR-039446,2025-09-07,2738.53,2713.7840139732966
TR-039447,2025-09-07,2411.71,2484.3451993982994
TR-039448,2025-09-07,1384.37,1364.583590409514
TR-039449,2025-09-07,1714.74,1679.610826870108
TR-039450,2025-09-07,1172.76,1175.439069208812
TR-039451,2025-09-07,829.69,856.7541499355393
TR-039452,2025-09-07,2345.65,2402.8554923641245
TR-039453,2025-09-07,4680.61,4575.251498346164
TR-039454,2025-09-07,1312.28,1267.1249108101422
TR-039455,2025-09-07,3535.13,3537.789815749339
TR-039456,2025-09-07,2159.99,2153.5154291067647
TR-039457,2025-09-07,1007.21,1004.0453398357618
TR-039458,2025-09-07,5895.32,6170.042398051223
TR-039459,2025-09-07,1375.54,1376.71831777674
TR-039460,2025-09-07,10528.39,4145.186034989892
TR-039461,2025-09-07,1606.52,1594.512969333449
TR-039462,2025-09-07,2156.76,2352.6623823854325
TR-039463,2025-09-07,1607.8,1543.4395985030167
TR-039464,2025-09-07,879.23,920.5117373207545
TR-039465,2025-09-07,3696.98,4037.897377734336
TR-039466,2025-09-07,1221.65,1234.9266747786837
TR-039467,2025-09-07,1670.68,1731.1723176573926
TR-039468,2025-09-07,2493.04,2378.5369024616707
TR-039469,2025-09-07,1001.46,1014.0352482442987
TR-039470,2025-09-07,2768.33,2987.08306423931
TR-039471,2025-09-07,3948.28,3856.1962398641035
TR-039472,2025-09-07,799.58,830.9251185204255
TR-039473,2025-09-07,4030.59,4081.71148604508
TR-039474,2025-09-07,1098.18,1124.1087152621099
TR-039475,2025-09-07,1158.69,1189.2285426767946
TR-039476,2025-09-07,3359.77,3512.753790483753
TR-039477,2025-09-07,1643.12,1629.4137038565002
TR-039478,2025-09-07,3729.06,3655.2749664517237
TR-039479,2025-09-07,3395.52,3521.072496754249
TR-039480,2025-09-07,8354.94,1799.246471412521
TR-039481,2025-09-07,1166.12,1159.1314845367824
TR-039482,2025-09-07,3297.59,3277.860186066575
TR-039483,2025-09-07,1215.34,1221.2616246812534
TR-039484,2025-09-07,4191.0,4275.104950785256
TR-039485,2025-09-07,1413.69,1350.086460052777
TR-039486,2025-09-07,2152.77,2131.8070430769826
TR-039487,2025-09-07,343.33,363.095453660468
TR-039488,2025-09-07,820.83,853.138492191351
TR-039489,2025-09-07,2721.38,2621.4255402121253
TR-039490,2025-09-07,858.77,881.2127525958286
TR-039491,2025-09-07,6095.83,6315.5716843252285
TR-039492,2025-09-07,2285.94,2476.1119117060084
TR-039493,2025-09-07,1089.0,1098.007220045899
TR-039494,2025-09-07,1203.48,1245.671960027319
TR-039495,2025-09-07,921.46,1057.3176087215431
TR-039496,2025-09-07,4839.21,4726.290789815509
TR-039497,2025-09-07,5064.37,5150.469221998438
TR-039498,2025-09-07,2760.21,2945.3226136355975
TR-039499,2025-09-07,4159.52,4170.50923412648
TR-039500,2025-09-07,1480.7,1493.0896835488816
TR-039501,2025-09-07,3547.97,3110.1724942686237
TR-039502,2025-09-07,4401.81,4400.658289405884
TR-039503,2025-09-07,3708.8,3731.6419680491026
TR-039504,2025-09-07,2099.69,2189.741685396877
TR-039505,2025-09-07,2482.71,2525.5287266463974
TR-039506,2025-09-07,3321.61,3293.7653733299826
TR-039507,2025-09-07,2144.55,2169.1844518560865
TR-039508,2025-09-07,1894.1,1918.994195669631
TR-039509,2025-09-07,1717.44,1693.0093213255095
TR-039510,2025-09-07,1262.04,1235.2482488583348
TR-039511,2025-09-07,1674.09,1624.3416780702082
TR-039512,2025-09-07,4191.96,4089.2287788689205
TR-039513,2025-09-07,2461.67,2522.5946735618327
TR-039514,2025-09-07,3509.58,1401.9870925628388
TR-039515,2025-09-07,2129.99,2107.1386528294483
TR-039516,2025-09-07,2738.76,2703.145977851495
TR-039517,2025-09-07,1305.73,1369.7478710495045
TR-039518,2025-09-07,491.43,491.39271470618064
TR-039519,2025-09-07,869.11,947.872849093927
TR-039520,2025-09-07,1721.63,1700.9809552049614
TR-039521,2025-09-07,3966.54,3944.327094612407
TR-039522,2025-09-07,1171.48,1241.0344055882367
TR-039523,2025-09-07,1922.81,1898.5414021168149
TR-039524,2025-09-07,2341.29,2473.908424202347
TR-039525,2025-09-07,2751.76,2739.5331874953117
TR-039526,2025-09-07,4251.85,4235.647113556537
TR-039527,2025-09-07,4103.62,4131.283270354872
TR-039528,2025-09-07,352.04,356.61931986845434
TR-039529,2025-09-07,4337.4,4327.63311321354
TR-039530,2025-09-07,1205.49,1239.171750351317
TR-039531,2025-09-07,2005.36,2009.8885432681318
TR-039532,2025-09-07,1652.64,1730.5960260533582
TR-039533,2025-09-07,3379.91,3420.034499582027
TR-039534,2025-09-07,3821.57,4489.112921960608
TR-039535,2025-09-07,1529.04,1759.257656886992
TR-039536,2025-09-07,1693.03,1777.6346279190918
TR-039537,2025-09-07,3646.69,3641.616343839329
TR-039538,2025-09-07,4841.75,4799.105808203307
TR-039539,2025-09-07,1130.84,1114.2299842172763
TR-039540,2025-09-07,2359.22,2412.9835886834185
TR-039541,2025-09-07,2047.67,2049.360331881798
TR-039542,2025-09-07,1014.08,1015.1903882707785
TR-039543,2025-09-07,4740.83,4606.95227430199
TR-039544,2025-09-07,2396.78,2474.7279376169668
TR-039545,2025-09-07,646.25,661.6953694913256
TR-039546,2025-09-07,1477.09,3783.1903405150383
TR-039547,2025-09-07,971.37,990.541173837481
TR-039548,2025-09-07,1157.04,1168.1420674057956
TR-039549,2025-09-07,2065.89,2009.0130172044337
TR-039550,2025-09-07,3716.51,3636.3270196822955
TR-039551,2025-09-07,2890.69,3033.706389201428
TR-039552,2025-09-07,1114.15,1122.203168729903
TR-039553,2025-09-07,1465.64,1442.6774042725763
TR-039554,2025-09-07,2266.5,2344.0952445413554
TR-039555,2025-09-07,1482.34,1489.63692297999
TR-039556,2025-09-07,1209.0,1237.8372858526543
TR-039557,2025-09-07,3641.16,3621.894397610186
TR-039558,2025-09-07,499.9,509.927736461876
TR-039559,2025-09-07,198.16,838.456408726648
TR-039560,2025-09-07,1136.33,1117.651316911082
TR-039561,2025-09-07,1211.34,1212.7652169525982
TR-039562,2025-09-07,4067.4,4235.7508285027925
TR-039563,2025-09-07,1334.81,1378.2935698304493
TR-039564,2025-09-07,2365.18,2510.398836534753
TR-039565,2025-09-07,664.79,647.3664864614535
TR-039566,2025-09-07,3399.59,3516.3748035594067
TR-039567,2025-09-07,905.5,944.035750494556
TR-039568,2025-09-07,2122.6,2114.114647403735
TR-039569,2025-09-07,3813.01,3960.237114620252
TR-039570,2025-09-07,3183.5,3276.6421207207395
TR-039571,2025-09-07,2124.08,2318.7736374608808
TR-039572,2025-09-08,1258.26,1242.626406962743
TR-039573,2025-09-08,1832.43,1872.6148847039276
TR-039574,2025-09-08,2684.71,2613.1981678449692
TR-039575,2025-09-08,1779.91,1996.9980551494182
TR-039576,2025-09-08,1643.21,1792.6759456535851
TR-039577,2025-09-08,1308.17,1286.9328272957298
TR-039578,2025-09-08,1834.7,1870.2927440439532
TR-039579,2025-09-08,1106.89,1085.4397581075914
TR-039580,2025-09-08,4308.44,4412.241336703658
TR-039581,2025-09-08,1659.41,1631.8291221805985
TR-039582,2025-09-08,1010.14,1021.3986943047847
TR-039583,2025-09-08,2052.54,2072.9251261965032
TR-039584,2025-09-08,664.46,659.8999017235257
TR-039585,2025-09-08,4409.01,4457.472116848096
TR-039586,2025-09-08,1144.42,1162.4152702378733
TR-039587,2025-09-08,2062.26,1994.0575162995485
TR-039588,2025-09-08,2791.08,2827.217714726945
TR-039589,2025-09-08,1374.41,1368.115654278755
TR-039590,2025-09-08,3729.88,3820.71265249228
TR-039591,2025-09-08,1611.62,1663.0695729555216
TR-039592,2025-09-08,4852.21,5000.662296009279
TR-039593,2025-09-08,1714.23,1791.2198766426877
TR-039594,2025-09-08,1990.99,2087.8788215757777
TR-039595,2025-09-08,1764.95,1799.6022124000363
TR-039596,2025-09-08,1322.52,1383.3348896113137
TR-039597,2025-09-08,4247.79,4118.367340935904
TR-039598,2025-09-08,1340.5,1322.4641009573604
TR-039599,2025-09-08,5620.89,5777.969779239188
TR-039600,2025-09-08,1717.38,1821.883485260773
TR-039601,2025-09-08,3365.65,3368.4195775144867
TR-039602,2025-09-08,556.94,563.8038069064879
TR-039603,2025-09-08,1058.37,1047.9519879503475
TR-039604,2025-09-08,3903.03,3950.096620333413
TR-039605,2025-09-08,2014.63,2051.345584830428
TR-039606,2025-09-08,1999.43,2008.9615324583292
TR-039607,2025-09-08,1801.21,1810.4818767961783
TR-039608,2025-09-08,4431.09,4445.873685417265
TR-039609,2025-09-08,3905.77,3744.324715139227
TR-039610,2025-09-08,809.6,814.1699217205278
TR-039611,2025-09-08,1872.88,1915.9645014616249
TR-039612,2025-09-08,2021.98,723.8405564553395
TR-039613,2025-09-08,4791.87,4788.180861102298
TR-039614,2025-09-08,4200.31,4164.2479387128815
TR-039615,2025-09-08,1667.08,1733.7366647865808
TR-039616,2025-09-08,2948.72,2987.9478809382263
TR-039617,2025-09-08,2027.06,1951.0689801075225
TR-039618,2025-09-08,2292.08,2323.9460094524634
TR-039619,2025-09-08,1387.72,1375.3916268492594
TR-039620,2025-09-08,1751.27,1711.0311483443531
TR-039621,2025-09-08,2850.46,2835.5325705379246
TR-039622,2025-09-08,573.2,563.7351868451007
TR-039623,2025-09-08,1357.84,1375.4029268249155
TR-039624,2025-09-08,2689.88,2710.8474239429074
TR-039625,2025-09-08,2836.8,2862.0029556096724
TR-039626,2025-09-08,1854.62,1954.385397295261
TR-039627,2025-09-08,2213.5,2348.836232959895
TR-039628,2025-09-08,2589.09,3017.643391142441
TR-039629,2025-09-08,1942.25,2027.9697056587793
TR-039630,2025-09-08,3568.34,3559.8417679383087
TR-039631,2025-09-08,767.26,793.3080053397313
TR-039632,2025-09-08,1623.8,1613.090447700358
TR-039633,2025-09-08,2904.7,2833.0049219263533
TR-039634,2025-09-08,1282.29,1248.090821243708
TR-039635,2025-09-08,1670.61,1765.3165036668388
TR-039636,2025-09-08,2446.14,2501.2450816764062
TR-039637,2025-09-08,3952.07,4073.9901713978547
TR-039638,2025-09-08,1746.0,1722.547699134967
TR-039639,2025-09-08,2833.34,2756.1285591257156
TR-039640,2025-09-08,1984.86,2053.0943841800513
TR-039641,2025-09-08,3964.88,4059.3299713224337
TR-039642,2025-09-08,896.28,927.1080989067722
TR-039643,2025-09-08,4288.2,4295.2742401283695
TR-039644,2025-09-08,1008.41,1149.7012905884965
TR-039645,2025-09-08,3975.86,4092.2648345872635
TR-039646,2025-09-08,5396.01,5491.482488342303
TR-039647,2025-09-08,5007.64,5195.404613602951
TR-039648,2025-09-08,2653.14,2686.689954914998
TR-039649,2025-09-08,2458.79,2477.705645910855
TR-039650,2025-09-08,579.86,594.2858949807327
TR-039651,2025-09-08,3207.95,3187.6193483480415
TR-039652,2025-09-08,1140.47,1123.9635420980783
TR-039653,2025-09-08,936.17,1098.8325162619276
TR-039654,2025-09-08,3444.93,3366.2687357215686
TR-039655,2025-09-08,846.27,897.9611223880956
TR-039656,2025-09-08,1039.33,3502.469880399087
TR-039657,2025-09-08,3077.83,3375.8406459147795
TR-039658,2025-09-08,1366.54,1348.2780834311304
TR-039659,2025-09-08,1341.67,1344.5553282963413
TR-039660,2025-09-08,819.55,819.8521766257317
TR-039661,2025-09-08,801.7,816.7085273345056
TR-039662,2025-09-08,1574.89,1621.5500702575314
TR-039663,2025-09-08,1580.81,1540.2628466895042
TR-039664,2025-09-08,895.55,884.7455803881403
TR-039665,2025-09-08,810.22,835.7233334043855
TR-039666,2025-09-08,5216.82,5180.6180780809
TR-039667,2025-09-08,3482.9,3425.2242730957205
TR-039668,2025-09-08,2322.91,2354.6988732157065
TR-039669,2025-09-08,3360.0,3413.6324039336537
TR-039670,2025-09-08,599.52,617.3521603893964
TR-039671,2025-09-08,2524.95,2505.1082796482037
TR-039672,2025-09-08,996.28,1018.5331703760149
TR-039673,2025-09-08,2615.19,2587.5383238733284
TR-039674,2025-09-08,4876.72,4800.46051377487
TR-039675,2025-09-08,1123.76,1113.3004319266454
TR-039676,2025-09-08,2486.05,2413.1356746641413
TR-039677,2025-09-08,758.12,1941.2404442041666
TR-039678,2025-09-08,402.44,432.4262916980244
TR-039679,2025-09-08,2950.34,2938.1278190094604
TR-039680,2025-09-08,514.24,543.9410973904073
TR-039681,2025-09-08,381.97,372.09601693641895
TR-039682,2025-09-08,997.23,999.0324522723477
TR-039683,2025-09-08,2412.98,2552.049964223718
TR-039684,2025-09-08,833.53,916.0690716566273
TR-039685,2025-09-08,1871.96,1881.8566584432695
TR-039686,2025-09-08,1062.85,1053.2131338943047
TR-039687,2025-09-08,4653.73,4377.545890065702
TR-039688,2025-09-08,1095.41,1133.4359923374504
TR-039689,2025-09-08,2891.35,2901.730044908076
TR-039690,2025-09-08,3059.64,3223.262271622498
TR-039691,2025-09-08,2568.75,2510.253491768998
TR-039692,2025-09-08,3891.56,3995.157920882944
TR-039693,2025-09-08,1641.31,1749.6800022866387
TR-039694,2025-09-08,1132.92,1114.413568017153
TR-039695,2025-09-08,2132.59,2147.4487061865366
TR-039696,2025-09-08,2650.23,2695.439063400786
TR-039697,2025-09-08,1138.21,1123.5697906646203
TR-039698,2025-09-08,1704.6,1758.249741020613
TR-039699,2025-09-08,3238.85,3299.3999271073544
TR-039700,2025-09-08,1688.91,1707.6338763848219
TR-039701,2025-09-08,1946.66,1968.8070845674424
TR-039702,2025-09-08,1786.14,1781.0371053185459
TR-039703,2025-09-08,3806.95,3684.1244171408966
TR-039704,2025-09-08,4380.38,4326.394420374289
TR-039705,2025-09-08,2149.63,2324.88768359898
TR-039706,2025-09-08,2873.29,2835.476660188684
TR-039707,2025-09-08,4481.33,4576.722393945952
TR-039708,2025-09-08,765.21,779.3267399098743
TR-039709,2025-09-08,1949.17,2026.9064946428693
TR-039710,2025-09-08,3869.27,3956.0006229464725
TR-039711,2025-09-08,5057.26,4946.572766577307
TR-039712,2025-09-08,1532.53,1638.6164623438442
TR-039713,2025-09-08,1015.6,1027.2719147170887
TR-039714,2025-09-08,2156.21,2526.2577593250253
TR-039715,2025-09-08,4022.03,4089.9781394806932
TR-039716,2025-09-08,6853.93,6638.171326923631
TR-039717,2025-09-08,4327.24,4410.48313791359
TR-039718,2025-09-08,1861.62,1860.7946821337348
TR-039719,2025-09-08,771.61,765.0954934989339
TR-039720,2025-09-08,1803.52,1797.9189577755371
TR-039721,2025-09-08,4459.47,4531.4806658660955
TR-039722,2025-09-08,3829.72,3943.5372778148935
TR-039723,2025-09-08,288.59,321.92901644516775
TR-039724,2025-09-08,1997.43,1971.1658875368973
TR-039725,2025-09-08,1357.32,1336.6560455847148
TR-039726,2025-09-08,2560.61,2587.471797680523
TR-039727,2025-09-08,1210.84,1229.8354620349855
TR-039728,2025-09-08,4652.33,4705.155986489465
TR-039729,2025-09-08,1475.59,1480.34518298048
TR-039730,2025-09-08,536.68,545.2872776447812
TR-039731,2025-09-08,1455.89,1466.074112183954
TR-039732,2025-09-08,1140.25,1132.7052187279503
TR-039733,2025-09-08,1431.89,1416.436695415074
TR-039734,2025-09-08,1824.25,1897.9357729672706
TR-039735,2025-09-09,2646.9,2636.7901228621968
TR-039736,2025-09-09,3419.98,3380.39109809584
TR-039737,2025-09-09,4409.54,4463.3695067217095
TR-039738,2025-09-09,3293.99,3352.546208621339
TR-039739,2025-09-09,3756.14,3700.4837834872515
TR-039740,2025-09-09,736.62,746.8421975050492
TR-039741,2025-09-09,1736.13,1677.6441458941526
TR-039742,2025-09-09,2129.31,2079.20925798165
TR-039743,2025-09-09,798.6,839.5434800141683
TR-039744,2025-09-09,2937.98,2859.8332910865506
TR-039745,2025-09-09,3102.39,3342.793953015166
TR-039746,2025-09-09,841.5,877.9520552584346
TR-039747,2025-09-09,4439.53,4436.904032893689
TR-039748,2025-09-09,4346.79,4504.3250122297295
TR-039749,2025-09-09,741.53,723.4851479781164
TR-039750,2025-09-09,1441.03,1480.2934986216362
TR-039751,2025-09-09,5273.19,5291.848304347581
TR-039752,2025-09-09,2324.44,2413.4720334254357
TR-039753,2025-09-09,2011.22,2014.0780131619583
TR-039754,2025-09-09,2411.65,2437.0425616110333
TR-039755,2025-09-09,3101.74,3244.343263498129
TR-039756,2025-09-09,1843.06,1819.0507191846757
TR-039757,2025-09-09,758.22,766.558920241857
TR-039758,2025-09-09,2375.16,2380.9988798835884
TR-039759,2025-09-09,1248.98,1249.0519231764188
TR-039760,2025-09-09,1877.24,1876.0206037160385
TR-039761,2025-09-09,3194.83,3526.0305111009698
TR-039762,2025-09-09,3115.19,3110.5055198258465
TR-039763,2025-09-09,1535.4,1590.1120958798565
TR-039764,2025-09-09,3986.13,3882.4860277820067
TR-039765,2025-09-09,4330.26,4342.321674571783
TR-039766,2025-09-09,1308.15,1336.9214352618874
TR-039767,2025-09-09,805.56,806.8077918967357
TR-039768,2025-09-09,2185.16,2174.228593772585
TR-039769,2025-09-09,1068.62,1199.9624682688464
TR-039770,2025-09-09,2118.18,2132.079436994074
TR-039771,2025-09-09,1420.85,1455.9933135977988
TR-039772,2025-09-09,1881.54,1830.6309210873992
TR-039773,2025-09-09,2523.52,2382.2393411874045
TR-039774,2025-09-09,1079.58,1077.2142045063003
TR-039775,2025-09-09,476.49,487.49896328705734
TR-039776,2025-09-09,1790.29,1855.3186533527728
TR-039777,2025-09-09,3825.67,3777.329451702098
TR-039778,2025-09-09,1168.88,1208.9092794716228
TR-039779,2025-09-09,540.28,559.3713744052222
TR-039780,2025-09-09,4144.97,4124.712737781616
TR-039781,2025-09-09,3430.45,3469.8781525654767
TR-039782,2025-09-09,1089.14,1068.314099337784
TR-039783,2025-09-09,1496.16,1521.7428736665722
TR-039784,2025-09-09,357.82,364.6082780657737
TR-039785,2025-09-09,776.5,3202.1878603109703
TR-039786,2025-09-09,1563.27,1569.3671500941023
TR-039787,2025-09-09,235.09,243.09232251072453
TR-039788,2025-09-09,1284.8,1283.214606077817
TR-039789,2025-09-09,1632.44,1665.8033204030262
TR-039790,2025-09-09,4249.72,4371.335222346086
TR-039791,2025-09-09,734.9,730.1690039183997
TR-039792,2025-09-09,2122.27,2085.1312935987
TR-039793,2025-09-09,2356.26,2381.648765548749
TR-039794,2025-09-09,2940.91,2898.162717143477
TR-039795,2025-09-09,1697.13,1924.5347322583011
TR-039796,2025-09-09,1153.23,1356.1829870394674
TR-039797,2025-09-09,1760.2,1761.9767895331481
TR-039798,2025-09-09,826.5,834.924283845417
TR-039799,2025-09-09,522.73,524.0344385968094
TR-039800,2025-09-09,3088.51,3123.584207433747
TR-039801,2025-09-09,3918.45,3878.447238796788
TR-039802,2025-09-09,1744.76,1718.5556382375817
TR-039803,2025-09-09,3267.04,3241.0039644671906
TR-039804,2025-09-09,955.94,955.0115277609636
TR-039805,2025-09-09,1145.81,1191.555961253711
TR-039806,2025-09-09,783.88,783.1228524334385
TR-039807,2025-09-09,2393.62,2401.628904620091
TR-039808,2025-09-09,5099.65,5128.184011891566
TR-039809,2025-09-09,3823.37,3816.085622736727
TR-039810,2025-09-09,714.31,740.3592632562152
TR-039811,2025-09-09,4718.05,4687.716995685573
TR-039812,2025-09-09,1832.35,1903.3984341369433
TR-039813,2025-09-09,5180.3,5082.268242046221
TR-039814,2025-09-09,299.01,335.9402796823688
TR-039815,2025-09-09,1361.79,1360.936743478388
TR-039816,2025-09-09,2786.74,2805.413876261423
TR-039817,2025-09-09,4467.02,4554.236931736091
TR-039818,2025-09-09,3448.36,3757.2924713594825
TR-039819,2025-09-09,2934.27,2988.451278686609
TR-039820,2025-09-09,1515.65,1504.7502800426623
TR-039821,2025-09-09,3623.26,3568.045718834578
TR-039822,2025-09-09,772.57,774.1931329243429
TR-039823,2025-09-09,1400.18,1424.1099435422768
TR-039824,2025-09-09,2645.92,2568.0546868790916
TR-039825,2025-09-09,1751.61,1725.499984662885
TR-039826,2025-09-09,4606.47,4825.418324321817
TR-039827,2025-09-09,3726.44,3761.5154366940105
TR-039828,2025-09-09,1188.52,1200.2108670103755
TR-039829,2025-09-09,1854.52,1845.2339719364788
TR-039830,2025-09-09,1108.73,1299.7198433990202
TR-039831,2025-09-09,3805.0,3771.2774325743676
TR-039832,2025-09-09,1569.73,1624.467423962607
TR-039833,2025-09-09,474.35,490.6262664979177
TR-039834,2025-09-09,1865.49,1978.5972990243824
TR-039835,2025-09-09,827.22,848.0019278719176
TR-039836,2025-09-09,4380.71,4559.166182862885
TR-039837,2025-09-09,770.35,745.0704588435208
TR-039838,2025-09-09,501.55,499.46733027195705
TR-039839,2025-09-09,494.72,566.3890474958188
TR-039840,2025-09-09,835.94,825.8677025654615
TR-039841,2025-09-09,1419.19,1418.4539419542548
TR-039842,2025-09-09,2237.19,2392.852911166345
TR-039843,2025-09-09,3770.8,3778.6487621403144
TR-039844,2025-09-09,2954.69,2897.3645695806745
TR-039845,2025-09-09,5432.67,5211.525738496191
TR-039846,2025-09-09,2532.98,2498.947753925364
TR-039847,2025-09-09,3328.7,3575.077791283947
TR-039848,2025-09-09,1125.98,1164.8034940935086
TR-039849,2025-09-09,3038.98,3033.412721016578
TR-039850,2025-09-09,4046.38,4026.7330522933503
TR-039851,2025-09-09,1010.4,1000.948568261094
TR-039852,2025-09-09,1766.85,1766.4595259719342
TR-039853,2025-09-09,1401.81,1394.7511858913751
TR-039854,2025-09-09,1068.44,1082.9296792013536
TR-039855,2025-09-09,2901.08,2855.8378813817085
TR-039856,2025-09-09,1490.23,1526.4094784801691
TR-039857,2025-09-09,3120.02,3082.8004365518177
TR-039858,2025-09-09,3082.78,3056.259850838489
TR-039859,2025-09-09,1764.32,1755.114899394859
TR-039860,2025-09-09,1232.86,1249.498229922353
TR-039861,2025-09-09,1528.31,1528.0910859232213
TR-039862,2025-09-09,4537.71,4428.571253955727
TR-039863,2025-09-09,2369.38,2331.3154975531643
TR-039864,2025-09-09,1911.08,1908.100102799837
TR-039865,2025-09-09,899.29,919.2086758880822
TR-039866,2025-09-09,4862.84,4884.590518993548
TR-039867,2025-09-09,1014.12,1007.035388143738
TR-039868,2025-09-09,2439.93,2367.453896730279
TR-039869,2025-09-09,5375.41,5289.295840681483
TR-039870,2025-09-09,1855.47,1889.6646085317118
TR-039871,2025-09-09,1120.17,1151.603709180468
TR-039872,2025-09-09,3529.76,3850.8109749943133
TR-039873,2025-09-09,4233.88,4184.189004066675
TR-039874,2025-09-09,1775.71,1762.061952802135
TR-039875,2025-09-09,1887.01,1932.3587895902158
TR-039876,2025-09-09,5250.05,5214.428962256759
TR-039877,2025-09-09,2407.73,2312.6943451057023
TR-039878,2025-09-09,4875.93,4802.507017431883
TR-039879,2025-09-09,4505.4,4573.517520964472
TR-039880,2025-09-09,2985.84,2984.0690603809
TR-039881,2025-09-09,926.34,912.1072494313316
TR-039882,2025-09-09,1185.19,1194.0108134471227
TR-039883,2025-09-09,2529.83,2624.0244285374342
TR-039884,2025-09-09,2072.02,2049.9262272982264
TR-039885,2025-09-09,1134.3,1159.7973021243822
TR-039886,2025-09-09,4011.04,3899.9039002094114
TR-039887,2025-09-09,4606.8,4618.041520162978
TR-039888,2025-09-09,2324.44,2348.8990539798892
TR-039889,2025-09-09,1663.25,1692.650019006434
TR-039890,2025-09-09,2317.78,2341.8058788522253
TR-039891,2025-09-09,2253.5,2304.0499511372936
TR-039892,2025-09-09,625.09,636.6723709665865
TR-039893,2025-09-09,2214.63,2203.6315844868145
TR-039894,2025-09-09,2005.03,2221.084010640576
TR-039895,2025-09-09,1734.28,1743.1922443116646
TR-039896,2025-09-09,2513.73,2377.1988978048366
TR-039897,2025-09-09,1601.42,1620.2204072396598
TR-039898,2025-09-09,1949.56,1982.3191176711846
TR-039899,2025-09-09,2424.14,2418.3049438575017
TR-039900,2025-09-09,587.37,585.3651009107097
TR-039901,2025-09-10,1234.24,1247.7916678521403
TR-039902,2025-09-10,5383.25,5207.543460899654
TR-039903,2025-09-10,3849.67,3819.1420710460693
TR-039904,2025-09-10,2218.39,2277.5571123853283
TR-039905,2025-09-10,1165.07,1190.2414590154358
TR-039906,2025-09-10,1591.62,1729.4701214291001
TR-039907,2025-09-10,5842.69,5792.0271758598965
TR-039908,2025-09-10,1422.84,1446.3460334781444
TR-039909,2025-09-10,5795.79,1930.7269860261508
TR-039910,2025-09-10,3704.0,3692.7557348168402
TR-039911,2025-09-10,1330.84,1350.8852664329877
TR-039912,2025-09-10,5969.57,5807.52639892955
TR-039913,2025-09-10,2057.92,2049.493760578534
TR-039914,2025-09-10,5233.94,5182.701847152972
TR-039915,2025-09-10,1654.8,1702.7911087138584
TR-039916,2025-09-10,630.26,618.1365076319025
TR-039917,2025-09-10,3902.89,3881.8742629783756
TR-039918,2025-09-10,548.19,542.4436241225263
TR-039919,2025-09-10,1953.83,1917.9348900988705
TR-039920,2025-09-10,1834.95,1786.083094432448
TR-039921,2025-09-10,4355.98,4303.62090868888
TR-039922,2025-09-10,1391.81,1419.9003331556576
TR-039923,2025-09-10,1323.33,1298.7072568633007
TR-039924,2025-09-10,1682.87,1640.1445295993728
TR-039925,2025-09-10,3642.58,3629.001158881524
TR-039926,2025-09-10,3688.48,3743.2936243493327
TR-039927,2025-09-10,2459.73,2673.7675697962427
TR-039928,2025-09-10,1716.4,1687.1262291765195
TR-039929,2025-09-10,3159.05,3110.311613599989
TR-039930,2025-09-10,1375.61,1319.1326948539333
TR-039931,2025-09-10,3457.21,3464.6284986548862
TR-039932,2025-09-10,805.25,773.4150378074704
TR-039933,2025-09-10,3318.89,3270.4064217173886
TR-039934,2025-09-10,4213.04,4274.301435114074
TR-039935,2025-09-10,1800.09,1976.443661064367
TR-039936,2025-09-10,830.98,836.7677119526478
TR-039937,2025-09-10,822.94,927.9047218109865
TR-039938,2025-09-10,606.05,597.134162780417
TR-039939,2025-09-10,3890.56,3939.8411823640618
TR-039940,2025-09-10,1978.86,2010.1475532940854
TR-039941,2025-09-10,932.38,913.7576800767963
TR-039942,2025-09-10,3379.98,3516.5215903303165
TR-039943,2025-09-10,245.86,259.39589185173816
TR-039944,2025-09-10,910.23,906.848396183152
TR-039945,2025-09-10,3826.97,3775.8870907178552
TR-039946,2025-09-10,468.64,463.24344936897745
TR-039947,2025-09-10,3655.22,3741.7903401932244
TR-039948,2025-09-10,1227.68,1295.6866189958575
TR-039949,2025-09-10,3892.71,3793.2310319883227
TR-039950,2025-09-10,1159.83,1174.676215404408
TR-039951,2025-09-10,1714.46,1743.7358355045333
TR-039952,2025-09-10,3751.53,3836.0106994290877
TR-039953,2025-09-10,1490.03,1524.7493391898404
TR-039954,2025-09-10,4221.78,4167.554692356229
TR-039955,2025-09-10,1274.03,1270.831039306554
TR-039956,2025-09-10,2456.19,2650.2122230912482
TR-039957,2025-09-10,706.67,710.6178685684125
TR-039958,2025-09-10,2134.16,2240.156537116701
TR-039959,2025-09-10,5990.75,5845.957502536309
TR-039960,2025-09-10,1891.27,1876.5479876064967
TR-039961,2025-09-10,1261.09,1226.3273528902444
TR-039962,2025-09-10,1495.45,1457.8783849007677
TR-039963,2025-09-10,5714.34,5638.64889156952
TR-039964,2025-09-10,857.81,846.6137521887885
TR-039965,2025-09-10,810.24,818.5227505708281
TR-039966,2025-09-10,856.86,938.4376239304846
TR-039967,2025-09-10,4324.74,4348.492805894157
TR-039968,2025-09-10,775.28,780.0967512424612
TR-039969,2025-09-10,2897.11,2935.420211029091
TR-039970,2025-09-10,2932.4,2974.8946103435756
TR-039971,2025-09-10,899.18,976.6390381329451
TR-039972,2025-09-10,5282.81,5255.617131983566
TR-039973,2025-09-10,1604.96,1659.4225268115288
TR-039974,2025-09-10,4190.71,4159.266679489729
TR-039975,2025-09-10,902.06,903.0472319548866
TR-039976,2025-09-10,1284.52,1289.1739369565423
TR-039977,2025-09-10,4791.56,4679.516243103542
TR-039978,2025-09-10,4493.19,4600.5049809139155
TR-039979,2025-09-10,1194.45,1240.2957813967694
TR-039980,2025-09-10,1403.96,1469.410203052635
TR-039981,2025-09-10,1389.2,1356.5009805458783
TR-039982,2025-09-10,5433.92,5658.003195272294
TR-039983,2025-09-10,2077.41,2047.6399251046005
TR-039984,2025-09-10,867.11,892.1440941186884
TR-039985,2025-09-10,1673.2,1681.5372509029066
TR-039986,2025-09-10,5348.71,5301.908954415734
TR-039987,2025-09-10,851.64,861.7043677635747
TR-039988,2025-09-10,3442.21,3333.5628208422927
TR-039989,2025-09-10,1870.77,1886.3401824761788
TR-039990,2025-09-10,2203.39,2171.541575000922
TR-039991,2025-09-10,4945.33,4730.403563642271
TR-039992,2025-09-10,4316.9,4227.34476468987
TR-039993,2025-09-10,1617.61,1806.4939629445073
TR-039994,2025-09-10,2135.53,2120.659948181723
TR-039995,2025-09-10,5390.41,5200.402822579514
TR-039996,2025-09-10,2952.58,3013.3255722196022
TR-039997,2025-09-10,745.55,749.3267089838316
TR-039998,2025-09-10,2039.12,2188.8181536095194
TR-039999,2025-09-10,1642.87,1650.300524210093
TR-040000,2025-09-10,3055.7,3122.459481865967
TR-040001,2025-09-10,3333.07,3284.2270660586023
TR-040002,2025-09-10,1175.9,1191.3863858441662
TR-040003,2025-09-10,2813.46,2882.4974518662957
TR-040004,2025-09-10,977.98,959.3815848441564
TR-040005,2025-09-10,3025.17,2899.6364254404707
TR-040006,2025-09-10,1174.92,1176.3554070145024
TR-040007,2025-09-10,1652.47,1654.7685105516844
TR-040008,2025-09-10,4186.74,4302.437742411182
TR-040009,2025-09-10,2057.18,2050.9246673278058
TR-040010,2025-09-10,961.79,954.4733506840894
TR-040011,2025-09-10,1417.14,1399.337709466914
TR-040012,2025-09-10,4233.0,4207.352752311929
TR-040013,2025-09-10,1563.34,1619.5388797019452
TR-040014,2025-09-10,3545.53,3403.927245098857
TR-040015,2025-09-10,4307.33,4229.283104461611
TR-040016,2025-09-10,1407.48,1394.2000378730534
TR-040017,2025-09-10,4376.2,4185.434606491157
TR-040018,2025-09-10,548.09,560.5674215044568
TR-040019,2025-09-10,3124.92,3076.485422525437
TR-040020,2025-09-10,2782.8,2764.255244994247
TR-040021,2025-09-10,2012.52,2032.1391001861225
TR-040022,2025-09-10,4860.78,5067.134734781186
TR-040023,2025-09-10,2276.91,2307.2448566866983
TR-040024,2025-09-10,3663.3,3737.347130617387
TR-040025,2025-09-10,2406.78,2400.3626018965583
TR-040026,2025-09-10,643.83,663.3965897796215
TR-040027,2025-09-10,1711.91,1961.007199855289
TR-040028,2025-09-10,2042.48,2061.9115815772648
TR-040029,2025-09-10,1098.71,1077.3019377884043
TR-040030,2025-09-10,1070.18,1138.3002167411423
TR-040031,2025-09-10,1395.18,1365.2945262974604
TR-040032,2025-09-10,5241.8,5319.994527060018
TR-040033,2025-09-10,2710.93,2770.861991255397
TR-040034,2025-09-10,4813.65,4951.249333839382
TR-040035,2025-09-10,2195.23,2473.0696673934644
TR-040036,2025-09-10,2806.77,2791.1014967843657
TR-040037,2025-09-10,636.64,645.2173733255204
TR-040038,2025-09-10,1887.3,1968.1952055380377
TR-040039,2025-09-10,2192.73,2180.3180323319816
TR-040040,2025-09-10,2680.22,2735.8023123924722
TR-040041,2025-09-10,477.61,485.2811274479055
TR-040042,2025-09-10,3401.18,3370.3306445223134
TR-040043,2025-09-10,2511.55,2520.724547896235
TR-040044,2025-09-10,5641.98,5479.213422838966
TR-040045,2025-09-10,3808.59,3728.096212769851
TR-040046,2025-09-10,3348.83,1533.6139350393305
TR-040047,2025-09-10,2049.34,1988.3391409453952
TR-040048,2025-09-10,2807.39,2930.716348094698
TR-040049,2025-09-10,1758.37,5521.825031714609
TR-040050,2025-09-10,4302.88,4305.537672884876
TR-040051,2025-09-10,1969.6,2001.0281043623922
TR-040052,2025-09-10,855.3,883.1474941915814
TR-040053,2025-09-10,2914.9,2874.530231320656
TR-040054,2025-09-10,2465.22,2448.3931187011726
TR-040055,2025-09-10,2399.07,2353.987173823186
TR-040056,2025-09-10,5383.59,5389.942915919789
TR-040057,2025-09-10,1579.77,1575.0934433328332
TR-040058,2025-09-10,4140.08,4091.562221704467
TR-040059,2025-09-10,2887.23,2917.2353977189077
TR-040060,2025-09-10,3869.45,836.0912073229424
TR-040061,2025-09-10,657.63,653.6920468167048
TR-040062,2025-09-11,2291.53,2482.4048309071395
TR-040063,2025-09-11,3516.64,3513.9700539916585
TR-040064,2025-09-11,2417.85,2361.6361619062623
TR-040065,2025-09-11,4033.26,4068.686074504723
TR-040066,2025-09-11,2439.49,2409.3244356935843
TR-040067,2025-09-11,934.11,928.9095116537821
TR-040068,2025-09-11,3825.7,3891.389617441677
TR-040069,2025-09-11,4007.04,4005.389890577187
TR-040070,2025-09-11,1452.89,1403.672058987979
TR-040071,2025-09-11,627.33,620.134202961576
TR-040072,2025-09-11,1337.53,1319.195928987498
TR-040073,2025-09-11,5729.48,5574.829617264777
TR-040074,2025-09-11,2534.93,2651.4154051267847
TR-040075,2025-09-11,1893.57,1885.7835487529278
TR-040076,2025-09-11,3118.9,3325.7940058718286
TR-040077,2025-09-11,1991.68,1923.39962601929
TR-040078,2025-09-11,3709.46,3644.977962203907
TR-040079,2025-09-11,363.4,342.45555492177067
TR-040080,2025-09-11,9993.31,4147.9487891517265
TR-040081,2025-09-11,548.2,547.316796360331
TR-040082,2025-09-11,3595.73,3427.6570387799957
TR-040083,2025-09-11,1190.03,1199.836527750222
TR-040084,2025-09-11,1258.59,1261.7080029913798
TR-040085,2025-09-11,1169.27,1177.317267901934
TR-040086,2025-09-11,468.28,473.22706421138815
TR-040087,2025-09-11,3077.55,2995.6879624443377
TR-040088,2025-09-11,1750.91,1715.3663292655685
TR-040089,2025-09-11,4867.0,4635.835765560192
TR-040090,2025-09-11,674.55,648.313609427868
TR-040091,2025-09-11,637.22,646.8114100792508
TR-040092,2025-09-11,632.9,626.4158554607868
TR-040093,2025-09-11,1013.09,1013.2480145303381
TR-040094,2025-09-11,1437.98,1391.7197635203547
TR-040095,2025-09-11,392.73,385.48137384544646
TR-040096,2025-09-11,480.28,479.31853329702466
TR-040097,2025-09-11,20132.37,3877.0444873586025
TR-040098,2025-09-11,2463.78,2516.20570219272
TR-040099,2025-09-11,879.33,899.3267134146481
TR-040100,2025-09-11,1495.51,1461.4500788788234
TR-040101,2025-09-11,1606.71,1541.0717773455308
TR-040102,2025-09-11,1606.62,1563.6234129518973
TR-040103,2025-09-11,2213.28,2215.8032887917693
TR-040104,2025-09-11,1625.51,1817.6399525635713
TR-040105,2025-09-11,2270.71,2283.939844160467
TR-040106,2025-09-11,1872.91,1837.4599029521485
TR-040107,2025-09-11,1196.5,1172.4289425757315
TR-040108,2025-09-11,2320.06,2306.7263394485753
TR-040109,2025-09-11,4229.61,4199.974216998694
TR-040110,2025-09-11,2167.33,2186.1458070665003
TR-040111,2025-09-11,3664.86,3713.3243759332468
TR-040112,2025-09-11,2196.15,2118.163840488688
TR-040113,2025-09-11,977.56,983.7421165675676
TR-040114,2025-09-11,1685.94,1815.2928421677107
TR-040115,2025-09-11,1979.6,1977.565871695167
TR-040116,2025-09-11,1098.94,1072.1261324421416
TR-040117,2025-09-11,2989.01,3014.0404743537765
TR-040118,2025-09-11,5292.37,5256.355499258546
TR-040119,2025-09-11,3098.97,3057.9015313762384
TR-040120,2025-09-11,4344.65,4013.4596122684384
TR-040121,2025-09-11,492.83,499.902109155335
TR-040122,2025-09-11,1599.16,1596.1488273951345
TR-040123,2025-09-11,941.77,967.8576915282758
TR-040124,2025-09-11,4198.18,4089.502344945067
TR-040125,2025-09-11,1749.01,1844.7325871917822
TR-040126,2025-09-11,4168.47,4158.463568756691
TR-040127,2025-09-11,1301.34,1278.719088025225
TR-040128,2025-09-11,3471.55,3475.5606478863097
TR-040129,2025-09-11,4630.06,4590.905316523354
TR-040130,2025-09-11,2434.73,2405.3227185967858
TR-040131,2025-09-11,1194.91,1214.4425616252145
TR-040132,2025-09-11,2820.43,2739.8888952116126
TR-040133,2025-09-11,880.53,935.7906301025288
TR-040134,2025-09-11,3309.54,3338.2942823022486
TR-040135,2025-09-11,1195.38,1192.595053704761
TR-040136,2025-09-11,2679.76,2723.4157544634013
TR-040137,2025-09-11,4219.73,4152.907715782486
TR-040138,2025-09-11,1606.18,1656.1076958542365
TR-040139,2025-09-11,1217.29,1294.953146741623
TR-040140,2025-09-11,958.52,992.9690944086752
TR-040141,2025-09-11,4241.61,4267.564798348671
TR-040142,2025-09-11,3791.78,3750.0813968423963
TR-040143,2025-09-11,2814.93,2813.7909413235857
TR-040144,2025-09-11,3895.62,3912.6556425022854
TR-040145,2025-09-11,3866.67,3822.231095014439
TR-040146,2025-09-11,1328.04,1311.886524346188
TR-040147,2025-09-11,5113.28,4862.239433919874
TR-040148,2025-09-11,5746.04,5608.316819075298
TR-040149,2025-09-11,1360.11,1368.988903293491
TR-040150,2025-09-11,2140.16,2152.60863398113
TR-040151,2025-09-11,3534.88,3508.963519929012
TR-040152,2025-09-11,967.48,977.3270770956198
TR-040153,2025-09-11,869.7,875.3131086407866
TR-040154,2025-09-11,732.91,736.1681221591369
TR-040155,2025-09-11,2668.05,2593.06610815832
TR-040156,2025-09-11,770.42,761.1621826912979
TR-040157,2025-09-11,1172.93,1171.3179054786347
TR-040158,2025-09-11,1098.51,1120.1248952048807
TR-040159,2025-09-11,12240.81,3718.083750937543
TR-040160,2025-09-11,550.71,552.7333159643458
TR-040161,2025-09-11,993.48,991.3646827437296
TR-040162,2025-09-11,1879.68,1897.543932744891
TR-040163,2025-09-11,2545.64,2520.285827717503
TR-040164,2025-09-11,1010.27,991.0989865798463
TR-040165,2025-09-11,4331.88,4526.666231344462
TR-040166,2025-09-11,2163.98,2198.513028142141
TR-040167,2025-09-11,2695.4,2737.456045037597
TR-040168,2025-09-11,2682.78,2826.619734074587
TR-040169,2025-09-11,3981.03,3815.2260697377674
TR-040170,2025-09-11,2474.47,2426.458103921609
TR-040171,2025-09-11,1212.72,1234.1244965748717
TR-040172,2025-09-11,20361.89,4406.210765958982
TR-040173,2025-09-11,899.35,895.4589049970338
TR-040174,2025-09-11,244.05,1262.1925837044778
TR-040175,2025-09-11,2526.64,2609.633516361683
TR-040176,2025-09-11,2423.17,2411.0966825118667
TR-040177,2025-09-11,2534.0,2627.739199606348
TR-040178,2025-09-11,1879.01,1847.1159544710913
TR-040179,2025-09-11,5488.25,5358.960704848855
TR-040180,2025-09-11,1711.83,1670.583063915453
TR-040181,2025-09-11,2250.71,2390.1406825510558
TR-040182,2025-09-11,4541.48,4434.5186557677325
TR-040183,2025-09-11,3295.32,3634.2280570139146
TR-040184,2025-09-11,4008.71,3901.7641295952126
TR-040185,2025-09-11,780.62,809.3070682800477
TR-040186,2025-09-11,963.27,956.4568891026613
TR-040187,2025-09-11,3688.72,3611.3108346815447
TR-040188,2025-09-11,1139.9,1136.301437583122
TR-040189,2025-09-11,1562.41,1597.916214347822
TR-040190,2025-09-11,939.43,981.988794563551
TR-040191,2025-09-11,3780.8,4217.905870155713
TR-040192,2025-09-11,4087.56,4138.550398560336
TR-040193,2025-09-11,2435.69,2435.300210416747
TR-040194,2025-09-11,3586.64,3521.773270038095
TR-040195,2025-09-11,4789.73,4713.291594831364
TR-040196,2025-09-11,3313.06,3369.8554464961526
TR-040197,2025-09-11,2325.49,2392.904474019891
TR-040198,2025-09-11,2019.28,2000.2100504008909
TR-040199,2025-09-11,3086.07,3048.929035769778
TR-040200,2025-09-11,1863.61,1858.081944891713
TR-040201,2025-09-11,1956.54,1948.2967141620509
TR-040202,2025-09-11,4542.1,4503.0502537075845
TR-040203,2025-09-11,1690.71,1700.271907950863
TR-040204,2025-09-11,5069.2,4981.4411518565585
TR-040205,2025-09-11,2925.33,3057.723332292446
TR-040206,2025-09-11,4590.57,4561.639650497057
TR-040207,2025-09-11,4872.62,4732.214535260197
TR-040208,2025-09-11,4808.27,4729.147388225214
TR-040209,2025-09-11,1603.47,1538.9544815863808
TR-040210,2025-09-11,643.67,645.3697110370026
TR-040211,2025-09-11,5816.71,5731.136569497111
TR-040212,2025-09-11,979.75,964.3904278564875
TR-040213,2025-09-11,1342.92,1288.2373659790587
TR-040214,2025-09-11,4292.87,4241.1055751261165
TR-040215,2025-09-11,3390.36,3361.1806061237794
TR-040216,2025-09-11,820.63,840.0399042858024
TR-040217,2025-09-11,4105.79,4090.6326470376202
TR-040218,2025-09-11,4006.85,3789.6692931368057
TR-040219,2025-09-12,863.19,860.5872372420604
TR-040220,2025-09-12,767.37,744.9764851827683
TR-040221,2025-09-12,3793.98,3782.666336957721
TR-040222,2025-09-12,3929.53,3809.927181667712
TR-040223,2025-09-12,1980.42,1940.0272448704407
TR-040224,2025-09-12,2759.38,2668.324159629345
TR-040225,2025-09-12,1625.12,1640.4980736726125
TR-040226,2025-09-12,4099.71,3855.80611734553
TR-040227,2025-09-12,1379.44,1351.2242189473347
TR-040228,2025-09-12,2548.48,2613.421411813804
TR-040229,2025-09-12,1158.71,1179.9227745331755
TR-040230,2025-09-12,1487.45,1594.52295234482
TR-040231,2025-09-12,767.78,778.3005433788609
TR-040232,2025-09-12,1667.13,1676.2180975659905
TR-040233,2025-09-12,5722.29,6455.8050260402415
TR-040234,2025-09-12,2938.6,2886.3153791321038
TR-040235,2025-09-12,4591.1,4299.903806337565
TR-040236,2025-09-12,4100.14,4079.345114195347
TR-040237,2025-09-12,1824.41,1821.9000944082222
TR-040238,2025-09-12,1438.34,1427.5652579894863
TR-040239,2025-09-12,1776.7,1858.1369017715608
TR-040240,2025-09-12,1791.57,1822.8635039835506
TR-040241,2025-09-12,2270.22,2307.8256738975365
TR-040242,2025-09-12,2023.04,1929.6897801568273
TR-040243,2025-09-12,1554.3,1551.427265380652
TR-040244,2025-09-12,1638.1,1637.4628638377953
TR-040245,2025-09-12,3209.87,3255.6793478326413
TR-040246,2025-09-12,2315.18,2353.251938994849
TR-040247,2025-09-12,2765.1,2777.4286396434236
TR-040248,2025-09-12,4187.65,4128.44153244261
TR-040249,2025-09-12,5413.49,5203.7260720953
TR-040250,2025-09-12,2089.53,2085.6407860218033
TR-040251,2025-09-12,1529.14,1530.9636834881408
TR-040252,2025-09-12,3547.22,3479.6970671370523
TR-040253,2025-09-12,1091.26,1103.0261167728988
TR-040254,2025-09-12,4639.2,4269.38555650977
TR-040255,2025-09-12,5437.19,5326.521334683523
TR-040256,2025-09-12,4618.42,4491.962150556557
TR-040257,2025-09-12,2496.84,2461.4281499167905
TR-040258,2025-09-12,1135.31,1337.853947977494
TR-040259,2025-09-12,4185.43,5004.341008102396
TR-040260,2025-09-12,4591.58,4661.37858069448
TR-040261,2025-09-12,2364.33,2322.9910976668875
TR-040262,2025-09-12,2225.24,2390.152559048428
TR-040263,2025-09-12,4945.19,4930.2346194169395
TR-040264,2025-09-12,879.21,879.9196396702072
TR-040265,2025-09-12,4561.04,4371.760647219516
TR-040266,2025-09-12,2543.79,2507.417610933893
TR-040267,2025-09-12,5028.04,4663.668074239568
TR-040268,2025-09-12,3489.82,3313.8888829812417
TR-040269,2025-09-12,1882.39,1917.559280359132
TR-040270,2025-09-12,1972.59,1979.7650374937425
TR-040271,2025-09-12,1106.33,1079.7914957215246
TR-040272,2025-09-12,1328.03,1282.703653542671
TR-040273,2025-09-12,3357.98,3273.7040667960873
TR-040274,2025-09-12,352.31,1312.2080700534154
TR-040275,2025-09-12,4259.95,4532.545262367144
TR-040276,2025-09-12,3901.63,3993.345859917377
TR-040277,2025-09-12,1806.24,1774.9193052943574
TR-040278,2025-09-12,1302.11,1303.419575573643
TR-040279,2025-09-12,659.64,729.2275599322471
TR-040280,2025-09-12,1475.99,1487.465299117747
TR-040281,2025-09-12,1490.26,1485.6478551111115
TR-040282,2025-09-12,3320.42,3258.6673995743936
TR-040283,2025-09-12,3472.54,3365.6530185242063
TR-040284,2025-09-12,1137.73,1156.3488318057043
TR-040285,2025-09-12,3696.43,3667.3166229829667
TR-040286,2025-09-12,577.85,599.9504156018653
TR-040287,2025-09-12,3239.2,3122.301896867201
TR-040288,2025-09-12,3561.78,3698.768244543518
TR-040289,2025-09-12,3320.48,3432.0457259162968
TR-040290,2025-09-12,4697.77,4621.92819920291
TR-040291,2025-09-12,1046.21,1022.33631023373
TR-040292,2025-09-12,4717.95,4637.0436088754395
TR-040293,2025-09-12,2420.04,2373.8999021068284
TR-040294,2025-09-12,763.18,759.6359322050653
TR-040295,2025-09-12,3908.63,3904.624446549129
TR-040296,2025-09-12,1672.54,1631.2458383562223
TR-040297,2025-09-12,971.23,970.388723846529
TR-040298,2025-09-12,4982.94,5351.764433054719
TR-040299,2025-09-12,2276.71,2289.251213773931
TR-040300,2025-09-12,461.77,1695.2161677434435
TR-040301,2025-09-12,1077.4,1117.6491034800733
TR-040302,2025-09-12,739.46,860.8357080306605
TR-040303,2025-09-12,4373.27,4430.838051092226
TR-040304,2025-09-12,1141.5,1133.0347171284052
TR-040305,2025-09-12,1558.84,1537.245673402591
TR-040306,2025-09-12,2644.28,2617.6499739913484
TR-040307,2025-09-12,3979.89,3871.5905941517526
TR-040308,2025-09-12,4787.12,4795.344119593017
TR-040309,2025-09-12,1811.81,1883.7758371905657
TR-040310,2025-09-12,1369.82,1374.5512445180218
TR-040311,2025-09-12,3467.94,3309.0746318474785
TR-040312,2025-09-12,1037.14,1023.0519381634076
TR-040313,2025-09-12,1214.34,1207.8726499471065
TR-040314,2025-09-12,2044.98,2015.732598556343
TR-040315,2025-09-12,1042.66,1051.1922566285355
TR-040316,2025-09-12,794.57,806.2985943043113
TR-040317,2025-09-12,1026.46,1047.7274826153382
TR-040318,2025-09-12,5451.58,5532.567497970614
TR-040319,2025-09-12,5482.58,5334.720316567043
TR-040320,2025-09-12,2956.1,3024.765069047819
TR-040321,2025-09-12,1364.46,1362.9066588374678
TR-040322,2025-09-12,247.85,282.46339197940944
TR-040323,2025-09-12,14949.25,3193.537628975415
TR-040324,2025-09-12,447.8,487.8454962788263
TR-040325,2025-09-12,2262.85,2241.368781725087
TR-040326,2025-09-12,473.51,481.8169583652699
TR-040327,2025-09-12,2161.89,2173.4796858161235
TR-040328,2025-09-12,3072.12,3073.6001106985377
TR-040329,2025-09-12,6656.87,6488.545787464964
TR-040330,2025-09-12,4522.94,4442.430011707926
TR-040331,2025-09-12,3198.8,3146.0903991293853
TR-040332,2025-09-12,2312.51,2302.8542087728947
TR-040333,2025-09-12,2666.9,2531.4805622240888
TR-040334,2025-09-12,905.78,909.0337900925439
TR-040335,2025-09-12,406.25,369.08305887842124
TR-040336,2025-09-12,2386.95,2389.951628251125
TR-040337,2025-09-12,2234.94,2243.413437435526
TR-040338,2025-09-12,4093.95,3911.343821776413
TR-040339,2025-09-12,828.81,807.1743148006713
TR-040340,2025-09-12,2263.03,2239.6702987263257
TR-040341,2025-09-12,598.68,588.2577045931041
TR-040342,2025-09-12,2710.46,2866.804045440538
TR-040343,2025-09-12,4232.89,4288.363909599696
TR-040344,2025-09-12,2243.11,2291.1664958956167
TR-040345,2025-09-12,5715.39,5491.913586057868
TR-040346,2025-09-12,866.51,863.9135690819719
TR-040347,2025-09-12,853.76,873.9989034342799
TR-040348,2025-09-12,1085.75,1102.896680762526
TR-040349,2025-09-12,2089.87,2160.870251577814
TR-040350,2025-09-12,1467.17,1423.357674381173
TR-040351,2025-09-12,2314.16,2222.05180316393
TR-040352,2025-09-12,1235.15,1214.612039405032
TR-040353,2025-09-12,2838.17,2807.3743049888512
TR-040354,2025-09-12,956.43,987.2107506008958
TR-040355,2025-09-12,1326.12,1447.0126479029545
TR-040356,2025-09-12,2133.45,2123.0114648727254
TR-040357,2025-09-12,377.23,391.9641592791055
TR-040358,2025-09-12,5109.12,5146.336071170432
TR-040359,2025-09-12,1660.54,1677.4085901876817
TR-040360,2025-09-12,2562.34,2521.419253380596
TR-040361,2025-09-12,4194.09,4303.794883482753
TR-040362,2025-09-12,2122.65,2133.5771819924953
TR-040363,2025-09-12,1989.84,1863.3441017959442
TR-040364,2025-09-12,1352.36,1348.448871717386
TR-040365,2025-09-12,3269.05,3308.645185240363
TR-040366,2025-09-12,1384.88,1315.4465656597663
TR-040367,2025-09-12,1760.79,1805.3403746801707
TR-040368,2025-09-12,2275.58,2313.195284873512
TR-040369,2025-09-12,1365.44,1315.5496336581086
TR-040370,2025-09-12,870.24,943.627480458896
TR-040371,2025-09-12,4070.73,3955.4662895319766
TR-040372,2025-09-12,2270.2,2299.9404539693064
TR-040373,2025-09-12,2926.04,2984.85068001355
TR-040374,2025-09-12,2770.25,2860.8088638932595
TR-040375,2025-09-12,1254.79,1216.8541278707212
TR-040376,2025-09-12,2776.29,2750.4114836535136
TR-040377,2025-09-12,2124.53,2312.4330836379995
TR-040378,2025-09-12,1496.82,1445.8117798357318
TR-040379,2025-09-12,1110.55,1117.3508025338679
TR-040380,2025-09-13,5032.44,5168.839633499502
TR-040381,2025-09-13,1156.27,1197.3802771205587
TR-040382,2025-09-13,3594.44,3431.58773361819
TR-040383,2025-09-13,5024.42,5105.6301412239245
TR-040384,2025-09-13,3518.99,3292.93550842629
TR-040385,2025-09-13,1308.11,1353.121980536032
TR-040386,2025-09-13,2641.06,2476.51080042661
TR-040387,2025-09-13,2047.73,2037.1924754968868
TR-040388,2025-09-13,1098.51,1099.4042567647916
TR-040389,2025-09-13,2165.4,2191.0900491388047
TR-040390,2025-09-13,642.34,627.3339520337429
TR-040391,2025-09-13,2312.59,2251.952163136532
TR-040392,2025-09-13,3300.38,3208.369951704597
TR-040393,2025-09-13,4012.45,3954.5634230970236
TR-040394,2025-09-13,3842.18,3826.370077903599
TR-040395,2025-09-13,4067.4,3966.537486956069
TR-040396,2025-09-13,1871.23,1863.1789189714993
TR-040397,2025-09-13,1345.09,1290.6705466353087
TR-040398,2025-09-13,2379.95,2625.631654551049
TR-040399,2025-09-13,3234.86,3261.3213147359543
TR-040400,2025-09-13,3888.05,3764.285036877093
TR-040401,2025-09-13,5546.62,5978.521203671083
TR-040402,2025-09-13,1170.83,1166.935792474346
TR-040403,2025-09-13,827.34,829.4085897991608
TR-040404,2025-09-13,1401.93,1386.0107419004303
TR-040405,2025-09-13,2614.48,2587.9898499607853
TR-040406,2025-09-13,1219.14,1230.0969170789676
TR-040407,2025-09-13,3280.39,3231.0362920591724
TR-040408,2025-09-13,1654.89,1648.429578484441
TR-040409,2025-09-13,3701.25,3683.434948798693
TR-040410,2025-09-13,4009.05,4019.6841367792827
TR-040411,2025-09-13,3045.39,3186.232389961918
TR-040412,2025-09-13,2354.32,2284.1365453127737
TR-040413,2025-09-13,1044.62,1023.7864148900105
TR-040414,2025-09-13,4472.56,4341.851379733223
TR-040415,2025-09-13,3543.62,3444.035437691171
TR-040416,2025-09-13,1172.55,1229.2306152254325
TR-040417,2025-09-13,522.39,526.4480996104827
TR-040418,2025-09-13,946.45,914.782010243973
TR-040419,2025-09-13,1287.81,1261.0169277269633
TR-040420,2025-09-13,2479.11,2379.96541052415
TR-040421,2025-09-13,1079.36,1054.9040209505729
TR-040422,2025-09-13,2108.65,2083.5919637419097
TR-040423,2025-09-13,1228.34,1240.232324162643
TR-040424,2025-09-13,1651.44,1623.7959158517008
TR-040425,2025-09-13,2785.71,2703.8805247428018
TR-040426,2025-09-13,1009.66,1001.4903252211708
TR-040427,2025-09-13,2166.72,2192.0666124234385
TR-040428,2025-09-13,2058.77,2013.1489230444906
TR-040429,2025-09-13,3388.79,3759.5011140696706
TR-040430,2025-09-13,3731.04,3577.9892497776877
TR-040431,2025-09-13,2474.14,2643.502136146862
TR-040432,2025-09-13,3947.05,3946.868151445641
TR-040433,2025-09-13,3475.62,3491.883282125079
TR-040434,2025-09-13,2662.84,2755.543562158836
TR-040435,2025-09-13,3904.05,3825.622729654189
TR-040436,2025-09-13,1296.1,1248.5683764337768
TR-040437,2025-09-13,5031.51,5405.495362521016
TR-040438,2025-09-13,3090.11,3005.095450126886
TR-040439,2025-09-13,463.47,469.19233555324405
TR-040440,2025-09-13,2545.48,2585.268598407697
TR-040441,2025-09-13,1686.2,1673.7346806032392
TR-040442,2025-09-13,1454.96,1421.8136824025735
TR-040443,2025-09-13,4695.81,5204.837833179793
TR-040444,2025-09-13,2958.37,2966.312385337998
TR-040445,2025-09-13,1734.08,1717.4698462467504
TR-040446,2025-09-13,1585.84,1591.8084119417306
TR-040447,2025-09-13,2357.09,2308.8948403085706
TR-040448,2025-09-13,1203.48,1200.460079395756
TR-040449,2025-09-13,4194.59,4254.810811856198
TR-040450,2025-09-13,1836.72,1846.0443654655844
TR-040451,2025-09-13,1044.71,1066.7255862390905
TR-040452,2025-09-13,1951.01,1920.8212547004825
TR-040453,2025-09-13,1304.13,1258.9470384655956
TR-040454,2025-09-13,2187.52,2159.2060363350506
TR-040455,2025-09-13,615.98,606.7315775264449
TR-040456,2025-09-13,5455.82,5505.092906856283
TR-040457,2025-09-13,3089.77,3181.2623018253066
TR-040458,2025-09-13,2391.71,2478.833792682042
TR-040459,2025-09-13,4738.84,4466.8069459632125
TR-040460,2025-09-13,255.06,269.3796743274174
TR-040461,2025-09-13,1799.91,1781.2113787840349
TR-040462,2025-09-13,4376.14,4575.97537298505
TR-040463,2025-09-13,1688.51,1682.4941930096982
TR-040464,2025-09-13,2187.93,2231.1305822173535
TR-040465,2025-09-13,3475.74,3495.9134745479096
TR-040466,2025-09-13,1608.67,1563.3476037762653
TR-040467,2025-09-13,552.07,540.0118878103381
TR-040468,2025-09-13,2883.87,2855.0250050673667
TR-040469,2025-09-13,2079.12,2129.6409994361306
TR-040470,2025-09-13,1328.98,1285.2106806071913
TR-040471,2025-09-13,2066.4,2067.955725421311
TR-040472,2025-09-13,2886.97,2860.7296519930483
TR-040473,2025-09-13,1878.13,1869.4015748229028
TR-040474,2025-09-13,1906.74,2166.9304504259876
TR-040475,2025-09-13,1632.62,1646.5528715311868
TR-040476,2025-09-13,2622.33,2536.7984772715276
TR-040477,2025-09-13,4250.53,4251.125545259173
TR-040478,2025-09-13,1417.05,1346.671558669402
TR-040479,2025-09-13,2092.12,2092.200565370496
TR-040480,2025-09-13,719.31,721.8427847577404
TR-040481,2025-09-13,863.27,874.7099924781057
TR-040482,2025-09-13,1933.73,1961.5166926703707
TR-040483,2025-09-13,1571.83,1579.2748034624774
TR-040484,2025-09-13,1271.19,1285.9646604645945
TR-040485,2025-09-13,1900.04,1900.8503778758222
TR-040486,2025-09-13,3954.63,4038.069457205617
TR-040487,2025-09-13,2561.78,2650.1862609775853
TR-040488,2025-09-13,5851.44,5581.144684389493
TR-040489,2025-09-13,1960.67,2073.3713082800596
TR-040490,2025-09-13,2971.31,2935.6519092786843
TR-040491,2025-09-13,5391.91,5346.955480462215
TR-040492,2025-09-13,4266.21,4246.750897596996
TR-040493,2025-09-13,2520.81,2548.847653181958
TR-040494,2025-09-13,3124.48,3151.845763711131
TR-040495,2025-09-13,1878.81,1924.8179529314655
TR-040496,2025-09-13,585.46,593.4412421139548
TR-040497,2025-09-13,2333.85,2481.315652911669
TR-040498,2025-09-13,2162.01,2182.586911866207
TR-040499,2025-09-13,780.38,778.3243658896615
TR-040500,2025-09-13,2027.02,2147.303516630524
TR-040501,2025-09-13,2341.29,2326.8016587974216
TR-040502,2025-09-13,2582.43,2487.406320547918
TR-040503,2025-09-13,4209.28,4095.706352043488
TR-040504,2025-09-13,5482.81,5380.202612776145
TR-040505,2025-09-13,1292.29,1267.5314298019266
TR-040506,2025-09-13,2350.57,2335.6115175549494
TR-040507,2025-09-13,1693.84,1765.5609371418557
TR-040508,2025-09-13,2750.57,2805.0118494852777
TR-040509,2025-09-13,2500.8,2370.1686197985437
TR-040510,2025-09-13,679.62,695.118442042649
TR-040511,2025-09-13,1405.66,1342.8512693382806
TR-040512,2025-09-13,2735.13,2753.8879969161408
TR-040513,2025-09-13,4475.25,4788.567203590969
TR-040514,2025-09-13,900.01,951.9203009333773
TR-040515,2025-09-13,1601.14,1612.265671408328
TR-040516,2025-09-13,2754.85,2795.2949884725604
TR-040517,2025-09-13,698.07,717.1708844897477
TR-040518,2025-09-13,586.07,606.1803022832846
TR-040519,2025-09-13,804.41,792.9484422429684
TR-040520,2025-09-13,1061.76,1032.0514534596455
TR-040521,2025-09-13,3432.15,3518.9410964155654
TR-040522,2025-09-13,1152.91,1173.9068396941875
TR-040523,2025-09-13,3445.34,3300.14689462868
TR-040524,2025-09-13,4873.57,5034.125633942448
TR-040525,2025-09-13,3772.59,3717.3493598423756
TR-040526,2025-09-13,2065.79,2144.813060988815
TR-040527,2025-09-13,608.99,656.3245430341038
TR-040528,2025-09-13,2507.83,2496.3633547043855
TR-040529,2025-09-13,3101.53,3140.0881024579826
TR-040530,2025-09-13,1398.57,1394.5825382362093
TR-040531,2025-09-13,2085.72,2102.30006726272
TR-040532,2025-09-13,1932.61,1947.48518730199
TR-040533,2025-09-13,3847.17,3879.150747903772
TR-040534,2025-09-13,2083.05,2040.3221361397855
TR-040535,2025-09-13,3883.47,3937.4467652454086
TR-040536,2025-09-13,590.85,589.710314377528
TR-040537,2025-09-13,1809.43,1882.368185336889
TR-040538,2025-09-13,1466.23,1456.4186657425348
TR-040539,2025-09-13,4734.69,4726.521759721986
TR-040540,2025-09-13,5571.21,5398.953725508073
TR-040541,2025-09-13,1483.49,1539.2501681301553
TR-040542,2025-09-13,4169.76,4232.181904096217
TR-040543,2025-09-14,4597.16,4359.516126756509
TR-040544,2025-09-14,834.73,884.6192958474147
TR-040545,2025-09-14,3989.26,4122.50374860581
TR-040546,2025-09-14,4060.39,4047.431078544258
TR-040547,2025-09-14,1175.58,1175.8589255373392
TR-040548,2025-09-14,3964.42,3860.090353025101
TR-040549,2025-09-14,3539.25,3426.8036829025805
TR-040550,2025-09-14,1590.9,1588.376635558822
TR-040551,2025-09-14,2372.35,2295.277183908676
TR-040552,2025-09-14,4168.59,4140.66881621328
TR-040553,2025-09-14,872.33,978.7239957416502
TR-040554,2025-09-14,1805.4,1851.4269959432586
TR-040555,2025-09-14,3184.99,3138.471746482149
TR-040556,2025-09-14,2393.93,2521.304290749553
TR-040557,2025-09-14,3498.42,3615.30073700534
TR-040558,2025-09-14,1421.64,1414.55069934895
TR-040559,2025-09-14,2119.94,2074.949611915018
TR-040560,2025-09-14,5663.09,5842.704423594017
TR-040561,2025-09-14,872.19,924.6890698308115
TR-040562,2025-09-14,2379.3,2325.8026016379513
TR-040563,2025-09-14,1978.44,1927.509938402936
TR-040564,2025-09-14,1041.46,1031.025509212893
TR-040565,2025-09-14,2637.86,2760.5372948785594
TR-040566,2025-09-14,1581.62,1601.2982491871892
TR-040567,2025-09-14,2171.01,2134.2387941050756
TR-040568,2025-09-14,3184.5,3358.1442860556485
TR-040569,2025-09-14,4227.95,4162.174802149001
TR-040570,2025-09-14,935.55,960.9937588601996
TR-040571,2025-09-14,1426.71,1415.1124940239852
TR-040572,2025-09-14,1196.62,1193.2911329725873
TR-040573,2025-09-14,947.92,1006.9739284569642
TR-040574,2025-09-14,4848.77,4892.0311669159355
TR-040575,2025-09-14,3257.67,3421.7252845109388
TR-040576,2025-09-14,1827.95,1808.7118815924612
TR-040577,2025-09-14,211.07,239.01472708705504
TR-040578,2025-09-14,1751.84,1769.6722151570934
TR-040579,2025-09-14,2328.71,2327.3048103473675
TR-040580,2025-09-14,2739.57,2624.7582101129647
TR-040581,2025-09-14,1036.14,1067.966367552542
TR-040582,2025-09-14,3452.05,3295.029141639441
TR-040583,2025-09-14,1072.22,1126.17836977375
TR-040584,2025-09-14,2411.77,2437.910317826807
TR-040585,2025-09-14,4941.5,4985.4814899496405
TR-040586,2025-09-14,701.85,697.2467484551565
TR-040587,2025-09-14,5079.33,5141.115215604734
TR-040588,2025-09-14,5218.28,5467.269256480279
TR-040589,2025-09-14,4267.23,4340.39658230101
TR-040590,2025-09-14,2904.58,2760.0166773629157
TR-040591,2025-09-14,3822.07,3831.751319721171
TR-040592,2025-09-14,2365.37,2282.3921525746227
TR-040593,2025-09-14,2315.08,2280.0642936547288
TR-040594,2025-09-14,1752.86,1750.9963284592195
TR-040595,2025-09-14,3289.09,3275.7690904854007
TR-040596,2025-09-14,733.39,1795.6321213014396
TR-040597,2025-09-14,1354.26,1311.696421818999
TR-040598,2025-09-14,4223.18,4619.210388788909
TR-040599,2025-09-14,4618.86,4487.536418185516
TR-040600,2025-09-14,4259.02,4296.260603674453
TR-040601,2025-09-14,808.74,3917.434017449972
TR-040602,2025-09-14,1700.06,1770.5849676275664
TR-040603,2025-09-14,2338.34,2310.3547988487153
TR-040604,2025-09-14,1653.93,1741.5134349755913
TR-040605,2025-09-14,4115.96,4135.607928423805
TR-040606,2025-09-14,2525.35,2668.0997198962655
TR-040607,2025-09-14,1940.14,1979.9384199436638
TR-040608,2025-09-14,3659.54,3641.381579362681
TR-040609,2025-09-14,4550.71,4484.717580792515
TR-040610,2025-09-14,3778.61,3799.620004419364
TR-040611,2025-09-14,952.32,968.3453890452206
TR-040612,2025-09-14,1914.44,1960.3550296543908
TR-040613,2025-09-14,1088.44,1105.8984753069878
TR-040614,2025-09-14,3916.1,3892.49485759654
TR-040615,2025-09-14,1040.95,1053.5876523549593
TR-040616,2025-09-14,1990.67,2215.402273415343
TR-040617,2025-09-14,3698.67,3600.320649036679
TR-040618,2025-09-14,2529.22,2640.6992006632418
TR-040619,2025-09-14,885.52,964.9142900362352
TR-040620,2025-09-14,3043.83,905.8048643003622
TR-040621,2025-09-14,439.89,442.03438561772634
TR-040622,2025-09-14,1153.83,1209.2333098586507
TR-040623,2025-09-14,3862.55,4113.797248979594
TR-040624,2025-09-14,1890.09,1856.0376760207632
TR-040625,2025-09-14,3674.7,3794.4404203019526
TR-040626,2025-09-14,3075.53,3107.2679219350534
TR-040627,2025-09-14,1911.52,1918.1149042084708
TR-040628,2025-09-14,1647.07,1674.8841424119394
TR-040629,2025-09-14,968.36,1016.7261636785672
TR-040630,2025-09-14,2236.91,2243.5079220409593
TR-040631,2025-09-14,1041.14,1038.0493677588854
TR-040632,2025-09-14,2656.72,2583.6706622753304
TR-040633,2025-09-14,2750.6,2717.473115278092
TR-040634,2025-09-14,3015.94,3067.71785878614
TR-040635,2025-09-14,897.94,942.826492830371
TR-040636,2025-09-14,1535.46,1535.0228134024558
TR-040637,2025-09-14,1274.27,1334.6119634651507
TR-040638,2025-09-14,4485.86,4399.951179562115
TR-040639,2025-09-14,1930.91,2118.354889707555
TR-040640,2025-09-14,2747.43,2609.1255985670427
TR-040641,2025-09-14,2581.86,2608.1684028829286
TR-040642,2025-09-14,1999.03,1964.662882545529
TR-040643,2025-09-14,1856.98,1837.6070899019164
TR-040644,2025-09-14,2806.99,3067.716272894921
TR-040645,2025-09-14,1047.96,1029.263376016798
TR-040646,2025-09-14,5487.77,5514.4249679252625
TR-040647,2025-09-14,1626.23,1636.9261433577192
TR-040648,2025-09-14,2468.53,2538.9311695013675
TR-040649,2025-09-14,1359.7,1297.0390306132392
TR-040650,2025-09-14,3944.15,3845.6316872734956
TR-040651,2025-09-14,3304.61,3452.7502897852287
TR-040652,2025-09-14,2541.31,2448.5896580591575
TR-040653,2025-09-14,1843.13,1876.1831972909551
TR-040654,2025-09-14,1357.03,1325.4885466258575
TR-040655,2025-09-14,1492.26,1448.0236691184182
TR-040656,2025-09-14,1151.06,1141.9394976426704
TR-040657,2025-09-14,4344.6,4380.065291384417
TR-040658,2025-09-14,1465.86,1529.4295948088363
TR-040659,2025-09-14,1555.76,1532.8625793617423
TR-040660,2025-09-14,1745.31,1762.3265931861774
TR-040661,2025-09-14,2401.12,2363.1377892423075
TR-040662,2025-09-14,1536.67,1673.8590564207175
TR-040663,2025-09-14,3211.14,3310.4234639235597
TR-040664,2025-09-14,1394.94,1392.7181119003537
TR-040665,2025-09-14,1245.58,1241.8519714628537
TR-040666,2025-09-14,1114.52,1116.9410540052497
TR-040667,2025-09-14,5308.01,5373.458296567422
TR-040668,2025-09-14,1833.03,1837.695964573212
TR-040669,2025-09-14,758.17,893.4501082354817
TR-040670,2025-09-14,1393.75,1335.3852637282118
TR-040671,2025-09-14,975.82,1010.8052054525049
TR-040672,2025-09-14,2122.92,2135.830772970277
TR-040673,2025-09-14,1493.78,1480.5429687623896
TR-040674,2025-09-14,2587.46,2714.0292615840826
TR-040675,2025-09-14,4724.87,4448.913214858856
TR-040676,2025-09-14,1311.04,1247.1103252399173
TR-040677,2025-09-14,1367.4,1359.1083906390547
TR-040678,2025-09-14,803.0,833.4918121852437
TR-040679,2025-09-14,4277.4,1270.302144602452
TR-040680,2025-09-14,1544.08,1615.2319115465762
TR-040681,2025-09-14,2356.8,2555.734871171715
TR-040682,2025-09-14,2282.38,2261.370931941753
TR-040683,2025-09-14,868.27,989.9273047699207
TR-040684,2025-09-14,913.85,1020.9628727991899
TR-040685,2025-09-14,2142.39,2137.08965341998
TR-040686,2025-09-14,1683.98,1635.0075062373346
TR-040687,2025-09-14,1978.32,1966.1574469606387
TR-040688,2025-09-14,2480.99,2409.7940984689917
TR-040689,2025-09-14,1663.98,1780.9217019153273
TR-040690,2025-09-14,3141.7,3393.885354405535
TR-040691,2025-09-14,1228.47,1192.2794086543522
TR-040692,2025-09-14,2088.95,2141.450197650793
TR-040693,2025-09-14,907.21,956.573778585295
TR-040694,2025-09-14,3541.96,3483.5021045577255
TR-040695,2025-09-14,2273.19,2404.1811378922584
TR-040696,2025-09-14,2525.6,2566.28142333172
TR-040697,2025-09-14,3579.73,3549.7733050863158
TR-040698,2025-09-14,5121.15,5017.091264752016
TR-040699,2025-09-14,2075.54,2035.3653412868762
TR-040700,2025-09-14,806.71,809.1375666188164
TR-040701,2025-09-14,3211.44,3158.5074951983233
TR-040702,2025-09-14,1020.34,1027.7428106233274
TR-040703,2025-09-14,3341.34,3266.705413800549
TR-040704,2025-09-14,737.54,743.035296187263
TR-040705,2025-09-14,1223.19,1261.8409168150033
TR-040706,2025-09-14,1566.25,1559.6387103353227
TR-040707,2025-09-15,3062.16,3283.912340913798
TR-040708,2025-09-15,3074.81,3081.7159040404804
TR-040709,2025-09-15,1431.72,1439.6944287223298
TR-040710,2025-09-15,4563.16,4551.856773557111
TR-040711,2025-09-15,1632.04,1637.2828464716981
TR-040712,2025-09-15,4885.54,5103.88489570047
TR-040713,2025-09-15,948.95,989.2234118758118
TR-040714,2025-09-15,2133.96,2091.9680848247604
TR-040715,2025-09-15,3110.59,3085.2893725316776
TR-040716,2025-09-15,1424.34,1449.1415212817549
TR-040717,2025-09-15,2335.22,2294.303292092555
TR-040718,2025-09-15,1687.24,1857.2915777525748
TR-040719,2025-09-15,1102.46,1090.4016379930392
TR-040720,2025-09-15,1299.13,1259.5037249372033
TR-040721,2025-09-15,1324.29,1282.3394611649483
TR-040722,2025-09-15,1738.51,2192.1251703087187
TR-040723,2025-09-15,4570.75,4468.92973339038
TR-040724,2025-09-15,3515.75,801.063219013327
TR-040725,2025-09-15,905.06,929.4315062154399
TR-040726,2025-09-15,3307.65,3434.470813429995
TR-040727,2025-09-15,1573.36,1534.9865639324648
TR-040728,2025-09-15,1764.63,1818.917999963314
TR-040729,2025-09-15,5473.89,5468.267406136371
TR-040730,2025-09-15,4555.22,4381.326757624451
TR-040731,2025-09-15,996.42,994.1863214334523
TR-040732,2025-09-15,2772.19,2723.211928399752
TR-040733,2025-09-15,1627.76,1641.2080831585286
TR-040734,2025-09-15,1814.27,1826.117247854339
TR-040735,2025-09-15,1211.23,1216.1291771435692
TR-040736,2025-09-15,4400.11,5002.65255975504
TR-040737,2025-09-15,2144.77,2165.9884771483407
TR-040738,2025-09-15,3584.65,3524.036722613997
TR-040739,2025-09-15,4151.1,4220.518955775517
TR-040740,2025-09-15,2467.5,2415.249809368583
TR-040741,2025-09-15,1050.24,1035.386121634169
TR-040742,2025-09-15,3094.1,3144.7398621698335
TR-040743,2025-09-15,3206.78,3219.0832775928006
TR-040744,2025-09-15,3771.61,3685.764563614001
TR-040745,2025-09-15,2081.42,2113.565344405125
TR-040746,2025-09-15,968.79,976.7536372320632
TR-040747,2025-09-15,2265.27,2370.23185815221
TR-040748,2025-09-15,588.75,618.4698926853932
TR-040749,2025-09-15,674.16,678.7927280621657
TR-040750,2025-09-15,4757.28,4702.159544325837
TR-040751,2025-09-15,3565.01,3717.2534164668145
TR-040752,2025-09-15,1017.61,1084.0927243391195
TR-040753,2025-09-15,1132.1,1126.0773618606486
TR-040754,2025-09-15,3533.31,3807.5269307026647
TR-040755,2025-09-15,4317.3,5259.034079271423
TR-040756,2025-09-15,1839.49,1827.2242861348632
TR-040757,2025-09-15,1720.57,1689.4017422355564
TR-040758,2025-09-15,1619.11,1620.1995493446802
TR-040759,2025-09-15,4006.97,3955.9930139696908
TR-040760,2025-09-15,3216.59,3279.059485570217
TR-040761,2025-09-15,3617.9,3913.7050059301755
TR-040762,2025-09-15,453.28,482.34658013079354
TR-040763,2025-09-15,1604.51,1603.8569040199463
TR-040764,2025-09-15,2148.4,2162.1001795197776
TR-040765,2025-09-15,4688.14,4420.4145943801295
TR-040766,2025-09-15,778.24,791.3393893450764
TR-040767,2025-09-15,3409.93,3489.861306320991
TR-040768,2025-09-15,1767.56,1805.0520500217583
TR-040769,2025-09-15,1947.44,1893.3962903753322
TR-040770,2025-09-15,4955.66,4891.336458296327
TR-040771,2025-09-15,1174.63,1190.6447931706846
TR-040772,2025-09-15,1172.91,1158.968756882395
TR-040773,2025-09-15,466.35,481.74381270917036
TR-040774,2025-09-15,5059.98,4920.142479474685
TR-040775,2025-09-15,575.21,2224.9521215705863
TR-040776,2025-09-15,2707.48,2647.599758992062
TR-040777,2025-09-15,4476.59,4394.465593261261
TR-040778,2025-09-15,1701.5,1713.092809938335
TR-040779,2025-09-15,3500.96,3436.7935841222147
TR-040780,2025-09-15,1080.4,1073.8093909682425
TR-040781,2025-09-15,1575.85,1558.2767836183614
TR-040782,2025-09-15,1644.06,1634.613138801661
TR-040783,2025-09-15,2184.53,2185.8336970736786
TR-040784,2025-09-15,3274.66,3266.4845100155394
TR-040785,2025-09-15,5052.62,4632.416088737889
TR-040786,2025-09-15,729.28,727.834419936784
TR-040787,2025-09-15,1347.06,1490.93774278766
TR-040788,2025-09-15,3080.46,3059.1089899834387
TR-040789,2025-09-15,4583.82,5105.260704185914
TR-040790,2025-09-15,3336.87,3488.1825717693373
TR-040791,2025-09-15,2863.65,2984.1813363667206
TR-040792,2025-09-15,1594.5,1604.575857123518
TR-040793,2025-09-15,1965.05,2034.2703254378207
TR-040794,2025-09-15,1069.2,1083.8563652345495
TR-040795,2025-09-15,1050.81,1063.4390133608931
TR-040796,2025-09-15,4330.39,4292.4563304557705
TR-040797,2025-09-15,1106.96,1102.8758001288852
TR-040798,2025-09-15,3386.05,3458.3873572598673
TR-040799,2025-09-15,426.34,463.57623469799944
TR-040800,2025-09-15,2665.44,2652.788519458216
TR-040801,2025-09-15,5290.27,5434.724896421522
TR-040802,2025-09-15,2763.04,2967.7290472350965
TR-040803,2025-09-15,1498.19,1515.846092762544
TR-040804,2025-09-15,823.54,804.4738456037437
TR-040805,2025-09-15,730.98,737.7811356437699
TR-040806,2025-09-15,1937.55,2027.3150870012278
TR-040807,2025-09-15,3218.12,3444.230427776909
TR-040808,2025-09-15,4622.68,4678.091016605921
TR-040809,2025-09-15,1354.82,1364.3567143376556
TR-040810,2025-09-15,2478.05,2473.4785231671226
TR-040811,2025-09-15,2165.51,2546.4431602036875
TR-040812,2025-09-15,1196.67,1305.4543136430807
TR-040813,2025-09-15,2261.1,2264.766108277597
TR-040814,2025-09-15,2689.4,2688.495173011181
TR-040815,2025-09-15,1502.22,1476.7455292093405
TR-040816,2025-09-15,1496.45,1537.5796611950689
TR-040817,2025-09-15,2041.42,2030.148558033364
TR-040818,2025-09-15,4089.63,4099.11425973452
TR-040819,2025-09-15,2015.11,2172.416771382522
TR-040820,2025-09-15,1168.59,1176.569377678046
TR-040821,2025-09-15,1672.92,1678.763088062811
TR-040822,2025-09-15,2808.09,2742.506059849172
TR-040823,2025-09-15,2228.44,2243.491164014874
TR-040824,2025-09-15,3175.28,3249.2518857518085
TR-040825,2025-09-15,1787.88,1787.0553748688346
TR-040826,2025-09-15,5510.91,5441.18385766095
TR-040827,2025-09-15,2671.07,2625.5212824405544
TR-040828,2025-09-15,5392.76,5416.192854541181
TR-040829,2025-09-15,4220.44,4259.415131888429
TR-040830,2025-09-15,1807.31,1854.3353708577342
TR-040831,2025-09-15,5682.27,5781.409113888963
TR-040832,2025-09-15,3185.85,3117.1825743587706
TR-040833,2025-09-15,4442.45,4415.985222120109
TR-040834,2025-09-15,1233.62,1193.5933636715588
TR-040835,2025-09-15,3073.89,3020.332909533222
TR-040836,2025-09-15,1438.67,1446.6530557054725
TR-040837,2025-09-15,3210.74,3507.6371191147973
TR-040838,2025-09-15,1049.12,1047.013575062489
TR-040839,2025-09-15,4018.01,4033.754442298542
TR-040840,2025-09-15,2835.01,2818.0986495838324
TR-040841,2025-09-15,1053.79,1040.129516925261
TR-040842,2025-09-15,1821.43,1794.3588315217678
TR-040843,2025-09-15,3852.73,3727.1909332005052
TR-040844,2025-09-15,6307.27,6356.925927992849
TR-040845,2025-09-15,1980.81,1994.3010513213198
TR-040846,2025-09-15,4645.13,4623.961862239284
TR-040847,2025-09-15,2554.83,2541.904674632836
TR-040848,2025-09-15,1737.3,1666.2583842683773
TR-040849,2025-09-15,1166.74,1188.2712598252692
TR-040850,2025-09-15,1267.79,1243.0343415019538
TR-040851,2025-09-16,1378.26,1325.7192933721221
TR-040852,2025-09-16,1223.22,1212.797078908644
TR-040853,2025-09-16,2233.85,2403.2208931662185
TR-040854,2025-09-16,1088.38,1080.7301967047297
TR-040855,2025-09-16,2085.37,2031.0789480429821
TR-040856,2025-09-16,2338.37,2696.814769190298
TR-040857,2025-09-16,1185.12,1317.3477168056793
TR-040858,2025-09-16,660.71,660.6431885066032
TR-040859,2025-09-16,1603.87,1574.3950808693035
TR-040860,2025-09-16,2493.76,2464.9327747919046
TR-040861,2025-09-16,2083.09,2198.0004899901
TR-040862,2025-09-16,1877.96,1863.9420033727633
TR-040863,2025-09-16,852.03,866.8234545100911
TR-040864,2025-09-16,4391.11,4357.941733951615
TR-040865,2025-09-16,3037.88,3021.3010602976115
TR-040866,2025-09-16,3337.89,3277.6363564675444
TR-040867,2025-09-16,960.44,977.172742641489
TR-040868,2025-09-16,5332.73,5378.1037818173145
TR-040869,2025-09-16,3955.24,3850.200592993928
TR-040870,2025-09-16,1870.61,1901.3637472117387
TR-040871,2025-09-16,2627.08,2541.0584017003885
TR-040872,2025-09-16,2616.44,2576.873154672589
TR-040873,2025-09-16,988.5,979.9640900657004
TR-040874,2025-09-16,1843.92,5616.55330211121
TR-040875,2025-09-16,4985.71,4994.981382645277
TR-040876,2025-09-16,2443.51,2439.3260300881793
TR-040877,2025-09-16,2458.21,2423.737869151523
TR-040878,2025-09-16,3813.18,3773.1900642742125
TR-040879,2025-09-16,587.21,645.7913247068524
TR-040880,2025-09-16,6980.2,6755.621519590379
TR-040881,2025-09-16,3176.7,3233.8501135914125
TR-040882,2025-09-16,1086.13,1101.8276951339994
TR-040883,2025-09-16,2035.38,1994.9598040653893
TR-040884,2025-09-16,2026.62,2018.731227110313
TR-040885,2025-09-16,1430.78,1539.0631101848908
TR-040886,2025-09-16,1601.26,1587.7587862659163
TR-040887,2025-09-16,2597.83,2629.0981469580424
TR-040888,2025-09-16,1386.56,1346.3008970896599
TR-040889,2025-09-16,809.74,901.2622722034001
TR-040890,2025-09-16,2818.13,2941.5629011718615
TR-040891,2025-09-16,3081.78,3100.9595228646353
TR-040892,2025-09-16,1810.5,1869.8162160185595
TR-040893,2025-09-16,2019.08,1984.3243981293613
TR-040894,2025-09-16,2736.15,2651.608799548784
TR-040895,2025-09-16,1601.91,1619.2948850779
TR-040896,2025-09-16,2369.62,2413.307959324802
TR-040897,2025-09-16,4319.43,4270.178051201994
TR-040898,2025-09-16,3554.88,3433.5510647882224
TR-040899,2025-09-16,4623.71,4623.29092138074
TR-040900,2025-09-16,5703.47,5600.624808478908
TR-040901,2025-09-16,2206.18,2334.466446282697
TR-040902,2025-09-16,664.52,656.8824416291689
TR-040903,2025-09-16,3668.0,3629.845129155977
TR-040904,2025-09-16,4560.56,4738.775047367423
TR-040905,2025-09-16,5067.55,5731.24799987635
TR-040906,2025-09-16,6054.32,5969.250703317917
TR-040907,2025-09-16,916.15,919.9853599024539
TR-040908,2025-09-16,623.54,633.6564506992419
TR-040909,2025-09-16,1477.06,1466.0965782221551
TR-040910,2025-09-16,1290.12,1259.070516665869
TR-040911,2025-09-16,817.03,819.0990724560263
TR-040912,2025-09-16,1886.02,1969.699063153781
TR-040913,2025-09-16,1249.27,1310.4843568259812
TR-040914,2025-09-16,3605.83,3569.4361522756494
TR-040915,2025-09-16,1469.88,1557.491490666295
TR-040916,2025-09-16,4956.68,5032.046950596264
TR-040917,2025-09-16,1015.05,995.9461372691775
TR-040918,2025-09-16,4170.13,4116.568465236029
TR-040919,2025-09-16,3698.14,3618.330749458684
TR-040920,2025-09-16,5841.12,5732.889375299336
TR-040921,2025-09-16,4325.09,4409.089243852569
TR-040922,2025-09-16,1147.98,1176.173635830819
TR-040923,2025-09-16,4251.9,4164.112415142011
TR-040924,2025-09-16,2628.86,2460.497870716662
TR-040925,2025-09-16,4051.53,4015.3119122149283
TR-040926,2025-09-16,3250.67,3260.9036774043316
TR-040927,2025-09-16,1253.08,1270.1471352799174
TR-040928,2025-09-16,2238.41,2285.9866045718622
TR-040929,2025-09-16,812.56,830.4264713700592
TR-040930,2025-09-16,1026.3,1030.1815035440102
TR-040931,2025-09-16,4680.29,4538.744949002677
TR-040932,2025-09-16,1793.86,1784.9427654961182
TR-040933,2025-09-16,3078.74,3215.5629330986253
TR-040934,2025-09-16,2014.48,2027.9044687323128
TR-040935,2025-09-16,1484.69,1557.0318951380557
TR-040936,2025-09-16,1499.84,1498.987228612399
TR-040937,2025-09-16,2054.88,1974.5631793781008
TR-040938,2025-09-16,1219.92,1237.3337866958211
TR-040939,2025-09-16,1242.48,1220.7481335161124
TR-040940,2025-09-16,1807.11,1780.1643682914387
TR-040941,2025-09-16,1979.33,1966.5675691468093
TR-040942,2025-09-16,667.93,681.9886362465144
TR-040943,2025-09-16,4503.51,4574.575258935909
TR-040944,2025-09-16,3945.11,3806.8128583204298
TR-040945,2025-09-16,1970.18,2001.6648410143318
TR-040946,2025-09-16,1087.27,1071.7691192080174
TR-040947,2025-09-16,1766.67,1651.2914712639147
TR-040948,2025-09-16,1131.77,1134.1861964938462
TR-040949,2025-09-16,1521.6,1529.7982123770785
TR-040950,2025-09-16,3868.91,3766.644636353945
TR-040951,2025-09-16,3185.68,3262.3635511504385
TR-040952,2025-09-16,2638.03,2637.7821223552396
TR-040953,2025-09-16,839.67,876.605166685504
TR-040954,2025-09-16,2704.71,2716.049214592144
TR-040955,2025-09-16,1545.62,1509.9389079146276
TR-040956,2025-09-16,1558.53,1530.373936877368
TR-040957,2025-09-16,3918.17,3815.011460100717
TR-040958,2025-09-16,2442.86,2480.368018103141
TR-040959,2025-09-16,1982.16,1981.4967284389702
TR-040960,2025-09-16,581.45,596.9670759602841
TR-040961,2025-09-16,2852.03,2845.3098465806565
TR-040962,2025-09-16,1279.53,1280.1313917676102
TR-040963,2025-09-16,1367.88,1413.188484900336
TR-040964,2025-09-16,4170.61,4198.258757395586
TR-040965,2025-09-16,3944.47,4081.750863811053
TR-040966,2025-09-16,1081.8,1093.9207660381635
TR-040967,2025-09-16,2057.08,2056.8529614455447
TR-040968,2025-09-16,3174.22,3114.939302995392
TR-040969,2025-09-16,4067.99,3731.6009278388506
TR-040970,2025-09-16,2224.4,2343.3623268951296
TR-040971,2025-09-16,3577.0,3479.515025013909
TR-040972,2025-09-16,2154.7,2385.773116894021
TR-040973,2025-09-16,2756.57,2696.064784936251
TR-040974,2025-09-16,4126.92,4027.487333778479
TR-040975,2025-09-16,1659.73,1649.5329048765348
TR-040976,2025-09-16,4080.93,4193.346626699238
TR-040977,2025-09-16,2506.42,2500.210638816976
TR-040978,2025-09-16,4029.83,4578.857597165659
TR-040979,2025-09-16,4091.43,3968.9893146556933
TR-040980,2025-09-16,4078.58,4067.1153633913714
TR-040981,2025-09-16,934.49,939.5531005119874
TR-040982,2025-09-16,1789.68,1924.0439069977658
TR-040983,2025-09-16,1687.91,1694.2902706961588
TR-040984,2025-09-16,2134.44,2613.2088810810246
TR-040985,2025-09-16,1132.66,1103.9582642394903
TR-040986,2025-09-16,1710.51,1677.3119822967633
TR-040987,2025-09-16,3380.14,3380.232040856119
TR-040988,2025-09-17,1617.6,1629.3481408116056
TR-040989,2025-09-17,1015.28,993.0846438345454
TR-040990,2025-09-17,4091.01,4218.399519642085
TR-040991,2025-09-17,4336.7,4470.6812495988315
TR-040992,2025-09-17,3262.82,3134.6622627032157
TR-040993,2025-09-17,4567.4,4615.787811322373
TR-040994,2025-09-17,1851.07,1794.997192781144
TR-040995,2025-09-17,2103.06,2076.4704640493997
TR-040996,2025-09-17,1839.0,1821.522845651661
TR-040997,2025-09-17,1397.52,1384.1838294015022
TR-040998,2025-09-17,1369.61,1344.0570874322
TR-040999,2025-09-17,1714.65,1745.1869253344041
TR-041000,2025-09-17,1536.66,1505.6474144214756
TR-041001,2025-09-17,2021.45,2039.9019593090825
TR-041002,2025-09-17,1509.8,1512.004369452166
TR-041003,2025-09-17,2165.33,2213.1167211401403
TR-041004,2025-09-17,4566.56,4497.611422446617
TR-041005,2025-09-17,5892.61,5786.643929782649
TR-041006,2025-09-17,4118.9,4059.7878146956673
TR-041007,2025-09-17,700.67,717.1733848252911
TR-041008,2025-09-17,4223.34,4245.38628536788
TR-041009,2025-09-17,4943.1,4762.165662427984
TR-041010,2025-09-17,899.51,892.0679961966034
TR-041011,2025-09-17,1973.28,1918.1387332132601
TR-041012,2025-09-17,1165.59,1146.0813580957285
TR-041013,2025-09-17,1631.56,1626.0615912959597
TR-041014,2025-09-17,2502.95,2492.245265454676
TR-041015,2025-09-17,1476.1,1443.3947541196044
TR-041016,2025-09-17,2313.33,2365.3270893978297
TR-041017,2025-09-17,3052.05,3033.7471473828205
TR-041018,2025-09-17,2829.57,2784.4015048856095
TR-041019,2025-09-17,3938.37,3849.638743974021
TR-041020,2025-09-17,3648.58,3518.9476153391283
TR-041021,2025-09-17,1466.6,1429.1397515764131
TR-041022,2025-09-17,273.37,330.4149661548364
TR-041023,2025-09-17,3112.83,3149.426703907426
TR-041024,2025-09-17,2276.42,2325.197919656642
TR-041025,2025-09-17,729.36,727.1629023061007
TR-041026,2025-09-17,2104.11,2106.842647339164
TR-041027,2025-09-17,990.67,972.2012632592127
TR-041028,2025-09-17,1197.94,1174.2336881110616
TR-041029,2025-09-17,1389.62,1387.2533564863272
TR-041030,2025-09-17,1335.13,1327.3026033065557
TR-041031,2025-09-17,2728.59,2734.6772027980783
TR-041032,2025-09-17,573.51,578.4449285405085
TR-041033,2025-09-17,4659.3,4350.022655178375
TR-041034,2025-09-17,988.26,970.8788307613173
TR-041035,2025-09-17,2937.59,2864.990810996785
TR-041036,2025-09-17,714.33,725.7378035330029
TR-041037,2025-09-17,4631.81,4555.045539102661
TR-041038,2025-09-17,1360.34,1378.7350711251827
TR-041039,2025-09-17,1229.15,1199.9302643812891
TR-041040,2025-09-17,2138.99,2084.212923783398
TR-041041,2025-09-17,3600.79,3799.494750453777
TR-041042,2025-09-17,1162.72,1146.9913043948259
TR-041043,2025-09-17,3135.32,3084.970265545744
TR-041044,2025-09-17,2066.78,2168.007825539401
TR-041045,2025-09-17,3598.79,3509.3506537370017
TR-041046,2025-09-17,3908.44,3770.4622394078374
TR-041047,2025-09-17,1846.47,1841.4400518919206
TR-041048,2025-09-17,4706.92,4559.168545375502
TR-041049,2025-09-17,814.08,812.1768194324949
TR-041050,2025-09-17,880.59,934.4052661505266
TR-041051,2025-09-17,5846.36,5624.3971563502455
TR-041052,2025-09-17,1720.64,1611.5163179550404
TR-041053,2025-09-17,3312.66,3185.8570606203916
TR-041054,2025-09-17,3690.6,3651.638956547661
TR-041055,2025-09-17,1488.08,1565.1887175859133
TR-041056,2025-09-17,3655.47,3476.2030852849616
TR-041057,2025-09-17,4523.32,4179.489151834027
TR-041058,2025-09-17,3177.01,3124.1518777142437
TR-041059,2025-09-17,5112.3,4711.806789599536
TR-041060,2025-09-17,1371.31,1395.6458498276054
TR-041061,2025-09-17,6357.66,6124.970720456938
TR-041062,2025-09-17,4269.7,4358.071138465843
TR-041063,2025-09-17,3970.47,3820.363632504782
TR-041064,2025-09-17,452.28,451.2305763990949
TR-041065,2025-09-17,959.77,963.0106373682867
TR-041066,2025-09-17,2751.84,2738.690918494759
TR-041067,2025-09-17,911.83,930.6001538926652
TR-041068,2025-09-17,1119.2,1150.3066007735367
TR-041069,2025-09-17,1404.58,1389.1885550428601
TR-041070,2025-09-17,1388.78,1366.2819702333518
TR-041071,2025-09-17,1679.9,1631.0741427617434
TR-041072,2025-09-17,2806.83,2761.334387135696
TR-041073,2025-09-17,960.78,968.3945956134893
TR-041074,2025-09-17,1470.55,1460.004880340121
TR-041075,2025-09-17,4412.66,4225.786171279776
TR-041076,2025-09-17,1701.66,1764.9040400775448
TR-041077,2025-09-17,3611.76,3701.8837083781614
TR-041078,2025-09-17,1248.13,1202.2420740786793
TR-041079,2025-09-17,2579.63,2770.4497767024136
TR-041080,2025-09-17,2995.71,3043.060857267713
TR-041081,2025-09-17,5378.9,5717.6835440237055
TR-041082,2025-09-17,1445.94,1434.7319580441501
TR-041083,2025-09-17,2932.57,2790.609866539997
TR-041084,2025-09-17,2622.63,2575.3212200304592
TR-041085,2025-09-17,1931.11,1849.4577168033186
TR-041086,2025-09-17,1278.61,1288.1652022461174
TR-041087,2025-09-17,2749.07,2818.4630174404256
TR-041088,2025-09-17,3878.08,3862.3364266299054
TR-041089,2025-09-17,3848.82,818.4893196940392
TR-041090,2025-09-17,1368.56,1368.3225461266193
TR-041091,2025-09-17,1073.49,1050.7560917986445
TR-041092,2025-09-17,814.99,815.4930325815754
TR-041093,2025-09-17,3588.73,4275.924231713883
TR-041094,2025-09-17,2577.91,2547.0458577280983
TR-041095,2025-09-17,4132.31,4140.48348544162
TR-041096,2025-09-17,2885.53,2837.0331115884464
TR-041097,2025-09-17,5317.19,5270.706709958708
TR-041098,2025-09-17,791.36,784.7713530348015
TR-041099,2025-09-17,2796.78,2847.5506730948973
TR-041100,2025-09-17,1162.66,1181.4319059768425
TR-041101,2025-09-17,2826.87,2720.5150169684316
TR-041102,2025-09-17,2943.01,3000.401749893831
TR-041103,2025-09-17,1914.6,1905.4862379200101
TR-041104,2025-09-17,2533.96,2488.9424826473537
TR-041105,2025-09-17,5358.59,5063.1098742352215
TR-041106,2025-09-17,1338.09,1299.6779325381879
TR-041107,2025-09-17,414.0,431.1126294787754
TR-041108,2025-09-17,3889.04,3756.3033546075867
TR-041109,2025-09-17,316.38,319.08647251742883
TR-041110,2025-09-17,1317.55,1292.7799011330762
TR-041111,2025-09-17,999.43,996.0761326053665
TR-041112,2025-09-17,2000.33,1882.4567147054586
TR-041113,2025-09-17,1650.1,1628.1673166008509
TR-041114,2025-09-17,5395.2,5463.682366510094
TR-041115,2025-09-17,2252.16,2172.372445675013
TR-041116,2025-09-17,624.09,639.5134290990568
TR-041117,2025-09-17,2935.57,3264.27769946551
TR-041118,2025-09-17,3551.15,3368.582250151933
TR-041119,2025-09-17,918.41,957.5699659492448
TR-041120,2025-09-17,5576.86,5375.658164228854
TR-041121,2025-09-17,3261.98,3313.7542126061867
TR-041122,2025-09-17,992.4,969.4564403807886
TR-041123,2025-09-17,2275.66,2251.0169708028848
TR-041124,2025-09-17,1031.93,1227.8140301905034
TR-041125,2025-09-17,2383.15,2293.195620838149
TR-041126,2025-09-17,3999.28,4085.92509850187
TR-041127,2025-09-17,796.55,794.534978321128
TR-041128,2025-09-17,5227.72,5038.2564221167
TR-041129,2025-09-17,3322.27,3634.063782462603
TR-041130,2025-09-17,1805.75,1780.5897674988603
TR-041131,2025-09-17,897.02,887.8815813172841
TR-041132,2025-09-17,5307.92,5152.012750413162
TR-041133,2025-09-17,1599.52,1600.2984442084623
TR-041134,2025-09-17,1503.91,1553.5789478826296
TR-041135,2025-09-17,2470.32,2416.1043995009636
TR-041136,2025-09-17,837.75,849.1289423787312
TR-041137,2025-09-17,1786.6,1752.7860381281105
TR-041138,2025-09-17,4381.32,4220.10612413695
TR-041139,2025-09-18,1182.12,1165.5782900011511
TR-041140,2025-09-18,1790.79,1757.0325319303813
TR-041141,2025-09-18,2372.58,2328.8269589979705
TR-041142,2025-09-18,1245.98,1219.0248367246813
TR-041143,2025-09-18,2246.24,2212.671058142465
TR-041144,2025-09-18,980.22,996.5034654942659
TR-041145,2025-09-18,859.17,871.5833233749744
TR-041146,2025-09-18,3153.62,3116.306003993656
TR-041147,2025-09-18,1933.02,2017.8310825884125
TR-041148,2025-09-18,5495.7,5421.369721596449
TR-041149,2025-09-18,436.95,438.78258155101514
TR-041150,2025-09-18,2059.06,1913.0237069395087
TR-041151,2025-09-18,3435.44,3522.1730600724363
TR-041152,2025-09-18,2781.29,2810.6796348996572
TR-041153,2025-09-18,1843.05,1956.949148613539
TR-041154,2025-09-18,1946.98,1918.0705869008589
TR-041155,2025-09-18,2332.46,2293.970551050659
TR-041156,2025-09-18,5695.78,5470.998435379342
TR-041157,2025-09-18,2032.48,2023.8068918061722
TR-041158,2025-09-18,3604.9,3959.1026111015212
TR-041159,2025-09-18,5154.0,5060.9783827698075
TR-041160,2025-09-18,1341.43,1358.4390804824839
TR-041161,2025-09-18,836.33,900.9863591510343
TR-041162,2025-09-18,3815.87,3716.9071931429
TR-041163,2025-09-18,885.17,2173.857984583991
TR-041164,2025-09-18,4030.69,3859.6263631883908
TR-041165,2025-09-18,2164.8,2151.395689577397
TR-041166,2025-09-18,1115.02,1099.248248456715
TR-041167,2025-09-18,3388.51,3317.3375073404413
TR-041168,2025-09-18,3529.08,3525.713574039047
TR-041169,2025-09-18,3266.65,3248.1071542637446
TR-041170,2025-09-18,2045.91,2077.8001493415454
TR-041171,2025-09-18,1042.37,1032.7806180862287
TR-041172,2025-09-18,1264.25,1264.402966309062
TR-041173,2025-09-18,3029.19,2951.878952217946
TR-041174,2025-09-18,1065.43,1032.89699280315
TR-041175,2025-09-18,1037.51,1075.7484591947755
TR-041176,2025-09-18,2417.3,2454.553240663826
TR-041177,2025-09-18,4019.3,3873.1552145627343
TR-041178,2025-09-18,2703.52,2624.9197429440514
TR-041179,2025-09-18,1567.93,1497.4064684462164
TR-041180,2025-09-18,1649.02,1609.7761209985258
TR-041181,2025-09-18,5797.14,5524.175509466806
TR-041182,2025-09-18,2220.74,2230.104633253653
TR-041183,2025-09-18,1321.15,1309.6196452022095
TR-041184,2025-09-18,1567.88,1619.7493086184975
TR-041185,2025-09-18,5298.62,5182.450891120805
TR-041186,2025-09-18,4547.86,4225.9797767442315
TR-041187,2025-09-18,885.3,891.9664482581728
TR-041188,2025-09-18,5223.67,5286.351626054575
TR-041189,2025-09-18,1986.74,2016.9767172473692
TR-041190,2025-09-18,1416.04,1315.220904155198
TR-041191,2025-09-18,2259.09,2328.5625287242938
TR-041192,2025-09-18,3119.9,3056.499407328268
TR-041193,2025-09-18,2612.11,2506.5505128740597
TR-041194,2025-09-18,1167.77,1241.7949211582923
TR-041195,2025-09-18,2337.65,2225.2417989300397
TR-041196,2025-09-18,4868.18,5128.831058684922
TR-041197,2025-09-18,3972.67,3851.766605301614
TR-041198,2025-09-18,4109.95,3955.264799956823
TR-041199,2025-09-18,1958.31,1982.7607105786528
TR-041200,2025-09-18,2130.39,2145.8531522122807
TR-041201,2025-09-18,1788.14,1811.1508486534299
TR-041202,2025-09-18,2137.06,2105.8474035752574
TR-041203,2025-09-18,3595.28,3552.1234661078306
TR-041204,2025-09-18,2314.91,2265.110445058213
TR-041205,2025-09-18,3538.35,3551.9091314521247
TR-041206,2025-09-18,3771.62,3720.4887625937613
TR-041207,2025-09-18,564.55,573.2861786140838
TR-041208,2025-09-18,3055.45,3078.3807810577855
TR-041209,2025-09-18,6586.76,6264.649135090293
TR-041210,2025-09-18,1752.61,1805.6923810905967
TR-041211,2025-09-18,2056.74,2023.4294130611152
TR-041212,2025-09-18,1099.58,1108.1264910094928
TR-041213,2025-09-18,2031.94,2021.5032815527552
TR-041214,2025-09-18,4129.46,4114.856847730282
TR-041215,2025-09-18,4083.22,3884.4171473986166
TR-041216,2025-09-18,1344.15,1304.5292943763584
TR-041217,2025-09-18,1770.17,1837.0475316446566
TR-041218,2025-09-18,1027.87,1094.3958231375575
TR-041219,2025-09-18,1771.04,1763.6545379324925
TR-041220,2025-09-18,478.02,581.684232169784
TR-041221,2025-09-18,2240.88,2228.546175426284
TR-041222,2025-09-18,4419.92,4411.462000919346
TR-041223,2025-09-18,929.25,931.6614630024616
TR-041224,2025-09-18,3628.7,3510.7574339716834
TR-041225,2025-09-18,2265.66,2250.169975206795
TR-041226,2025-09-18,1740.58,1757.9166857608197
TR-041227,2025-09-18,1650.49,1683.7068051288227
TR-041228,2025-09-18,4786.14,4722.684150587436
TR-041229,2025-09-18,1915.64,1937.9791462321068
TR-041230,2025-09-18,2864.86,2996.004851506747
TR-041231,2025-09-18,2342.44,2367.19302233737
TR-041232,2025-09-18,987.48,988.1353479804427
TR-041233,2025-09-18,2390.47,2429.9462082709865
TR-041234,2025-09-18,5812.57,5559.745681269278
TR-041235,2025-09-18,1047.42,1121.597408628
TR-041236,2025-09-18,5446.12,5215.788008045022
TR-041237,2025-09-18,800.45,790.5661361946215
TR-041238,2025-09-18,995.21,1007.6763119491524
TR-041239,2025-09-18,2915.4,2932.6880189012763
TR-041240,2025-09-18,2328.57,2870.335208384452
TR-041241,2025-09-18,2995.54,3173.665297142247
TR-041242,2025-09-18,4914.73,4908.0135071135755
TR-041243,2025-09-18,3696.63,3720.4341937046165
TR-041244,2025-09-18,4894.62,4827.914548771683
TR-041245,2025-09-18,2822.47,2788.9203857791317
TR-041246,2025-09-18,966.91,963.3989031111342
TR-041247,2025-09-18,2294.9,2281.3103695702625
TR-041248,2025-09-18,1917.68,1949.2104262697333
TR-041249,2025-09-18,1337.6,1321.260896691312
TR-041250,2025-09-18,3669.73,4008.981077847921
TR-041251,2025-09-18,2518.18,2431.8420056083037
TR-041252,2025-09-18,1315.02,1296.6981018064273
TR-041253,2025-09-18,1542.34,1573.584989437945
TR-041254,2025-09-18,1246.18,1258.1904487659488
TR-041255,2025-09-18,599.39,601.8182625266129
TR-041256,2025-09-18,4103.83,3904.604403208872
TR-041257,2025-09-18,2050.57,1994.4432904048854
TR-041258,2025-09-18,2133.38,2122.1287674639466
TR-041259,2025-09-18,4187.8,4497.428858998447
TR-041260,2025-09-18,3405.96,3231.855745357127
TR-041261,2025-09-18,966.93,984.1855268067385
TR-041262,2025-09-18,683.55,679.311346743985
TR-041263,2025-09-18,3083.47,2981.7815402977853
TR-041264,2025-09-18,2349.97,2321.6171264383424
TR-041265,2025-09-18,1089.72,1101.6960487999793
TR-041266,2025-09-18,1388.56,1350.3799395787046
TR-041267,2025-09-18,1096.12,1107.4874652142068
TR-041268,2025-09-18,386.27,363.14052049397975
TR-041269,2025-09-18,1155.18,1132.6269430384655
TR-041270,2025-09-18,535.96,529.4803101899939
TR-041271,2025-09-18,2817.62,2732.8631940231253
TR-041272,2025-09-18,1850.05,1844.429236523878
TR-041273,2025-09-18,4899.37,4919.522637784354
TR-041274,2025-09-18,2715.31,2630.7505504928454
TR-041275,2025-09-18,757.99,756.1815198548459
TR-041276,2025-09-18,1657.2,1618.8352819849815
TR-041277,2025-09-18,1187.35,1223.9015103438273
TR-041278,2025-09-18,657.12,747.7049310841711
TR-041279,2025-09-18,1626.15,1544.1814089638106
TR-041280,2025-09-18,1558.19,1494.4534126935966
TR-041281,2025-09-18,1344.39,1286.4453362647967
TR-041282,2025-09-18,897.6,924.7178679403007
TR-041283,2025-09-18,1636.88,1633.922981345274
TR-041284,2025-09-18,1756.73,1685.2371960315238
TR-041285,2025-09-18,3063.44,3118.275437051408
TR-041286,2025-09-18,816.57,883.3804270739545
TR-041287,2025-09-18,1765.83,1746.6465066783644
TR-041288,2025-09-18,5166.2,6228.517577405129
TR-041289,2025-09-18,2083.43,2169.171337863871
TR-041290,2025-09-18,4607.16,4533.775380935191
TR-041291,2025-09-18,779.84,743.6887347065629
TR-041292,2025-09-18,836.28,842.5077064168403
TR-041293,2025-09-18,3176.84,3225.9946597001253
TR-041294,2025-09-18,495.46,479.99634826515813
TR-041295,2025-09-18,4347.36,4140.505682731085
TR-041296,2025-09-18,4178.51,4029.6027099384723
TR-041297,2025-09-18,3006.37,2950.680766051811
TR-041298,2025-09-18,4053.08,4042.05479433111
TR-041299,2025-09-18,1607.34,1777.383101492459
TR-041300,2025-09-18,1949.7,1886.7816561440502
TR-041301,2025-09-18,3802.99,3813.5446253449204
TR-041302,2025-09-18,1483.86,1558.7633102350323
TR-041303,2025-09-18,2759.78,2761.4311451834237
TR-041304,2025-09-18,1445.84,1473.7683873343105
TR-041305,2025-09-18,1615.1,1583.4506589102134
TR-041306,2025-09-18,2584.15,2587.8162364957366
TR-041307,2025-09-18,405.1,1906.4798025522855
TR-041308,2025-09-18,3412.56,3366.0806319457724
TR-041309,2025-09-18,4087.21,3970.53979785655
TR-041310,2025-09-18,3359.31,3366.9890900670994
TR-041311,2025-09-18,2325.78,2335.8772638547057
TR-041312,2025-09-18,2730.21,2719.7431784451483
TR-041313,2025-09-19,826.67,829.4123362491569
TR-041314,2025-09-19,1962.07,1938.5265077120775
TR-041315,2025-09-19,1166.63,1167.4828332020802
TR-041316,2025-09-19,2564.42,2566.059752513472
TR-041317,2025-09-19,600.81,601.9579219002652
TR-041318,2025-09-19,4014.66,3901.8809398306857
TR-041319,2025-09-19,4738.37,4489.305446189102
TR-041320,2025-09-19,2092.82,2207.788935150893
TR-041321,2025-09-19,3163.26,3097.5111298616794
TR-041322,2025-09-19,2019.13,1979.2447589385206
TR-041323,2025-09-19,2802.25,2742.6366825361774
TR-041324,2025-09-19,2066.97,2050.7018252798657
TR-041325,2025-09-19,4590.43,4654.634396871537
TR-041326,2025-09-19,3670.77,3479.1475665566727
TR-041327,2025-09-19,4250.42,4274.601613488228
TR-041328,2025-09-19,572.29,584.7879991990046
TR-041329,2025-09-19,3894.84,3831.047377039909
TR-041330,2025-09-19,1665.41,1708.779796724797
TR-041331,2025-09-19,1549.99,1541.8966881462873
TR-041332,2025-09-19,373.8,368.44827308820805
TR-041333,2025-09-19,249.46,256.2635451408831
TR-041334,2025-09-19,1841.98,1866.5369748663259
TR-041335,2025-09-19,2160.19,2100.645589730407
TR-041336,2025-09-19,4847.31,4957.010296534005
TR-041337,2025-09-19,5106.42,5193.031391878724
TR-041338,2025-09-19,2911.96,2818.4301671794024
TR-041339,2025-09-19,1809.62,1890.482820206375
TR-041340,2025-09-19,2273.21,2269.3866787720144
TR-041341,2025-09-19,2039.79,2132.8399582981024
TR-041342,2025-09-19,4417.79,4291.083342196957
TR-041343,2025-09-19,2867.1,3066.695767484642
TR-041344,2025-09-19,3683.21,3768.06334905651
TR-041345,2025-09-19,3549.61,3366.1966467254624
TR-041346,2025-09-19,469.54,485.72504035431484
TR-041347,2025-09-19,1551.3,1653.6077573410073
TR-041348,2025-09-19,2382.54,2404.226563440297
TR-041349,2025-09-19,4489.53,4825.54673126681
TR-041350,2025-09-19,3701.37,3727.9882608660537
TR-041351,2025-09-19,717.35,725.6487383138016
TR-041352,2025-09-19,918.88,931.7251743080903
TR-041353,2025-09-19,2313.34,2351.394329018099
TR-041354,2025-09-19,3012.74,2868.9076865496427
TR-041355,2025-09-19,5178.86,5099.506622870722
TR-041356,2025-09-19,1862.86,1818.9509643478718
TR-041357,2025-09-19,3962.57,3919.0314891692974
TR-041358,2025-09-19,348.25,358.1252461366768
TR-041359,2025-09-19,2798.54,2719.7217536636936
TR-041360,2025-09-19,2912.78,2900.00654106337
TR-041361,2025-09-19,4193.39,4150.59185952013
TR-041362,2025-09-19,2333.95,2293.147741088031
TR-041363,2025-09-19,545.4,539.3843054552043
TR-041364,2025-09-19,1823.61,1839.4669960758401
TR-041365,2025-09-19,1131.31,1149.544097905813
TR-041366,2025-09-19,880.09,870.6583537101835
TR-041367,2025-09-19,2446.13,2426.3765167054635
TR-041368,2025-09-19,432.04,2093.1867445374837
TR-041369,2025-09-19,2825.22,2782.835222520305
TR-041370,2025-09-19,1526.78,1555.583651548299
TR-041371,2025-09-19,1058.42,1054.7344343683865
TR-041372,2025-09-19,1601.24,1583.7689969685885
TR-041373,2025-09-19,3788.58,3627.560605904831
TR-041374,2025-09-19,1235.15,1231.2077882575934
TR-041375,2025-09-19,2413.33,2412.0458448185136
TR-041376,2025-09-19,2272.44,2295.846716568314
TR-041377,2025-09-19,1969.29,1967.3666409393174
TR-041378,2025-09-19,3317.48,3414.351719023796
TR-041379,2025-09-19,1566.34,1582.0151195059395
TR-041380,2025-09-19,1111.1,1090.5317381377308
TR-041381,2025-09-19,2600.02,2696.9916079716263
TR-041382,2025-09-19,1354.98,1330.2889649240353
TR-041383,2025-09-19,897.45,904.9279556316892
TR-041384,2025-09-19,3963.16,4033.544456108516
TR-041385,2025-09-19,2136.16,2102.748244722971
TR-041386,2025-09-19,4859.45,4769.6179047141395
TR-041387,2025-09-19,4167.22,4291.636774094819
TR-041388,2025-09-19,4020.92,3901.9890646218314
TR-041389,2025-09-19,3264.88,3132.50051268843
TR-041390,2025-09-19,3581.05,3484.3247267038296
TR-041391,2025-09-19,2090.09,2173.3434194425395
TR-041392,2025-09-19,1915.77,1891.1175145037355
TR-041393,2025-09-19,1493.8,1573.8633758007413
TR-041394,2025-09-19,5809.72,5586.819046071826
TR-041395,2025-09-19,1860.36,1908.9435088801201
TR-041396,2025-09-19,718.21,702.6593189826281
TR-041397,2025-09-19,3752.22,3756.9141016260774
TR-041398,2025-09-19,1009.11,998.3096374032732
TR-041399,2025-09-19,1688.02,1600.9051677967707
TR-041400,2025-09-19,675.49,710.911053467918
TR-041401,2025-09-19,1092.65,1075.8446395899557
TR-041402,2025-09-19,2445.31,2377.820283641534
TR-041403,2025-09-19,1575.86,1607.2653897225805
TR-041404,2025-09-19,1942.8,1945.5311156349912
TR-041405,2025-09-19,1490.24,1502.732018551199
TR-041406,2025-09-19,1823.67,1931.9356220435075
TR-041407,2025-09-19,3149.95,3083.6516180881404
TR-041408,2025-09-19,3684.7,3884.0423120710325
TR-041409,2025-09-19,1149.42,1146.1490011710023
TR-041410,2025-09-19,1057.51,1031.016595371121
TR-041411,2025-09-19,1108.17,1143.384173644986
TR-041412,2025-09-19,4413.86,4291.795042368651
TR-041413,2025-09-19,7000.31,6780.817550239728
TR-041414,2025-09-19,729.0,748.8725789065312
TR-041415,2025-09-19,697.25,703.7344611714225
TR-041416,2025-09-19,1732.79,1656.3460640002384
TR-041417,2025-09-19,699.16,680.9385325243754
TR-041418,2025-09-19,1024.61,1068.243316881951
TR-041419,2025-09-19,984.87,970.8656990818217
TR-041420,2025-09-19,1120.14,1143.4581565324884
TR-041421,2025-09-19,5513.01,5218.601490850787
TR-041422,2025-09-19,1698.83,1643.0471001632334
TR-041423,2025-09-19,2098.69,2082.0992023401986
TR-041424,2025-09-19,511.87,521.0742721228952
TR-041425,2025-09-19,5677.76,5479.090845020851
TR-041426,2025-09-19,3838.77,3808.7133503619893
TR-041427,2025-09-19,1919.67,1907.1740841446763
TR-041428,2025-09-19,1724.82,1706.8540361867088
TR-041429,2025-09-19,1478.5,1445.6210198203523
TR-041430,2025-09-19,1751.33,1674.3536688663298
TR-041431,2025-09-19,1599.26,1575.0258044057844
TR-041432,2025-09-19,2598.59,2575.9678159015475
TR-041433,2025-09-19,4609.65,4286.358906558978
TR-041434,2025-09-19,2637.5,2579.360136868222
TR-041435,2025-09-19,1583.02,1550.5629530593358
TR-041436,2025-09-19,1166.33,1179.3923047259782
TR-041437,2025-09-19,2423.32,2319.035923454449
TR-041438,2025-09-19,1411.33,1368.3654859160338
TR-041439,2025-09-19,1983.08,1932.7088253753257
TR-041440,2025-09-19,829.31,825.8702551211784
TR-041441,2025-09-19,2031.65,1976.7983657155457
TR-041442,2025-09-19,2710.77,2709.18614551496
TR-041443,2025-09-19,3526.7,3602.772503914184
TR-041444,2025-09-19,5785.57,6091.608079142531
TR-041445,2025-09-19,3976.16,3984.6601086792243
TR-041446,2025-09-19,3382.24,3543.1918496704325
TR-041447,2025-09-19,1870.14,1821.43808377249
TR-041448,2025-09-19,3800.07,3788.259907450273
TR-041449,2025-09-19,3178.92,3062.4304447785394
TR-041450,2025-09-19,1772.42,1750.042254706648
TR-041451,2025-09-19,4268.29,4301.953671764704
TR-041452,2025-09-19,1085.89,1150.9661837320627
TR-041453,2025-09-19,1067.12,1069.5107979367303
TR-041454,2025-09-19,5532.01,5434.480991427364
TR-041455,2025-09-19,1267.47,1274.1194625925268
TR-041456,2025-09-19,1977.83,1963.523071764997
TR-041457,2025-09-19,1514.56,1623.489182617618
TR-041458,2025-09-19,2563.44,2638.947669900338
TR-041459,2025-09-19,2244.2,2314.760147992228
TR-041460,2025-09-19,2281.98,2317.1723225432
TR-041461,2025-09-19,2464.37,2483.029246715125
TR-041462,2025-09-19,1251.18,1274.9677960870722
TR-041463,2025-09-19,701.83,704.0675202586298
TR-041464,2025-09-19,3911.62,3855.379582108923
TR-041465,2025-09-19,4489.47,4485.348755520408
TR-041466,2025-09-19,1779.73,1792.2191323046316
TR-041467,2025-09-19,1137.37,1161.828225342719
TR-041468,2025-09-19,2618.81,2526.319878858944
TR-041469,2025-09-20,2777.97,2819.9619025625816
TR-041470,2025-09-20,2051.76,2105.096416573975
TR-041471,2025-09-20,1148.22,1136.0796968468785
TR-041472,2025-09-20,681.23,670.0623869565175
TR-041473,2025-09-20,817.29,843.331724111266
TR-041474,2025-09-20,858.27,887.8752812894079
TR-041475,2025-09-20,4472.14,4288.883873889379
TR-041476,2025-09-20,4102.92,4059.566248342294
TR-041477,2025-09-20,4114.55,3956.9456414039323
TR-041478,2025-09-20,1498.39,1443.2114056509793
TR-041479,2025-09-20,3486.22,3478.362356653507
TR-041480,2025-09-20,1031.05,1049.6749049011732
TR-041481,2025-09-20,1002.51,1047.5490453076127
TR-041482,2025-09-20,1263.21,1259.400026309511
TR-041483,2025-09-20,4619.3,4489.1164657832505
TR-041484,2025-09-20,2077.27,2032.7021860617058
TR-041485,2025-09-20,372.53,366.47101449383103
TR-041486,2025-09-20,1368.72,1407.9069758016105
TR-041487,2025-09-20,679.95,696.7207971842209
TR-041488,2025-09-20,3736.98,3699.384121245589
TR-041489,2025-09-20,2482.7,2494.558135538895
TR-041490,2025-09-20,4011.6,3803.9094285338224
TR-041491,2025-09-20,4622.88,4489.238070105298
TR-041492,2025-09-20,2288.84,2329.2917865850836
TR-041493,2025-09-20,3411.6,3594.816770366741
TR-041494,2025-09-20,2104.46,2058.2715766279816
TR-041495,2025-09-20,2144.77,2166.899798310434
TR-041496,2025-09-20,2243.52,2408.493743243687
TR-041497,2025-09-20,1998.89,1981.9442418514661
TR-041498,2025-09-20,2219.93,2197.095829939086
TR-041499,2025-09-20,335.52,335.0391249962672
TR-041500,2025-09-20,901.1,907.0747650649661
TR-041501,2025-09-20,3012.21,3010.770146011893
TR-041502,2025-09-20,1533.17,1498.3394504610926
TR-041503,2025-09-20,2146.22,2128.4640166155987
TR-041504,2025-09-20,1102.28,1116.544558418365
TR-041505,2025-09-20,3257.94,3374.28027583594
TR-041506,2025-09-20,1699.99,1669.1321977111986
TR-041507,2025-09-20,5653.85,5656.124918063369
TR-041508,2025-09-20,1920.07,1942.0301231319675
TR-041509,2025-09-20,881.72,906.1614770323897
TR-041510,2025-09-20,2604.3,2586.2957085042876
TR-041511,2025-09-20,2758.91,2734.537805689145
TR-041512,2025-09-20,3721.12,3625.8243652187434
TR-041513,2025-09-20,2035.36,2092.660470148765
TR-041514,2025-09-20,2146.79,2275.631555901039
TR-041515,2025-09-20,2458.05,2372.0810538035935
TR-041516,2025-09-20,4252.72,4016.328412887163
TR-041517,2025-09-20,3005.24,2922.3219540225473
TR-041518,2025-09-20,2602.63,2618.998440714767
TR-041519,2025-09-20,4747.91,4408.086347479277
TR-041520,2025-09-20,3161.48,3176.5837542053346
TR-041521,2025-09-20,5262.91,5332.8593601425855
TR-041522,2025-09-20,1980.51,1957.0997726304274
TR-041523,2025-09-20,2463.93,2377.6377575760375
TR-041524,2025-09-20,663.18,697.8661780110842
TR-041525,2025-09-20,4674.14,4566.454364755681
TR-041526,2025-09-20,1870.42,1868.9607086199942
TR-041527,2025-09-20,1270.66,1264.9149809030612
TR-041528,2025-09-20,1553.72,1576.447381018636
TR-041529,2025-09-20,2021.6,2109.738634774187
TR-041530,2025-09-20,953.96,958.5572691126606
TR-041531,2025-09-20,2195.35,2152.411458739634
TR-041532,2025-09-20,272.91,304.68570191650406
TR-041533,2025-09-20,685.08,742.2686333921193
TR-041534,2025-09-20,3415.45,3309.944809488244
TR-041535,2025-09-20,1154.58,1134.803350614804
TR-041536,2025-09-20,665.35,668.2572233858751
TR-041537,2025-09-20,1411.62,1410.7523498038995
TR-041538,2025-09-20,1934.67,1976.0153058930455
TR-041539,2025-09-20,1361.74,1348.4826064325298
TR-041540,2025-09-20,2654.53,2704.3937462498516
TR-041541,2025-09-20,1578.66,1681.202303442733
TR-041542,2025-09-20,3639.45,3856.422255871216
TR-041543,2025-09-20,2152.21,2158.8646183984174
TR-041544,2025-09-20,660.37,667.7770500179334
TR-041545,2025-09-20,3689.68,3597.4603456338004
TR-041546,2025-09-20,647.45,668.6420733088147
TR-041547,2025-09-20,2708.57,2618.5717015616465
TR-041548,2025-09-20,1321.9,1306.9286567232195
TR-041549,2025-09-20,1267.57,1260.374626618448
TR-041550,2025-09-20,1007.21,1016.0869136407987
TR-041551,2025-09-20,1218.31,1203.725613903017
TR-041552,2025-09-20,4250.94,4198.549686693276
TR-041553,2025-09-20,766.56,751.1800288500032
TR-041554,2025-09-20,1085.7,1126.1659805960833
TR-041555,2025-09-20,4321.42,5249.251584233367
TR-041556,2025-09-20,2205.52,2198.6826093630852
TR-041557,2025-09-20,594.54,596.1302316932804
TR-041558,2025-09-20,2343.87,2566.6086693125662
TR-041559,2025-09-20,3066.44,3125.8236460949524
TR-041560,2025-09-20,755.87,761.9120376502933
TR-041561,2025-09-20,2005.63,2023.067716195393
TR-041562,2025-09-20,4423.86,4364.579822906852
TR-041563,2025-09-20,2458.95,2383.1418655892126
TR-041564,2025-09-20,2676.11,2674.7321207704886
TR-041565,2025-09-20,553.31,546.2191904521687
TR-041566,2025-09-20,1702.75,1728.1471426779758
TR-041567,2025-09-20,5494.02,5208.151068946023
TR-041568,2025-09-20,2135.93,2121.815457679762
TR-041569,2025-09-20,1893.4,1926.6854425180056
TR-041570,2025-09-20,1672.18,1726.685828212913
TR-041571,2025-09-20,1326.94,1337.149126499577
TR-041572,2025-09-20,1097.05,1100.4164511842114
TR-041573,2025-09-20,256.31,290.9885602533747
TR-041574,2025-09-20,2697.63,2638.461984413252
TR-041575,2025-09-20,6062.73,5828.6239401006915
TR-041576,2025-09-20,4426.29,4292.753143006494
TR-041577,2025-09-20,4436.16,4461.390087834964
TR-041578,2025-09-20,752.64,755.1078181689714
TR-041579,2025-09-20,5132.62,5117.816796685021
TR-041580,2025-09-20,1788.23,1829.0079741327368
TR-041581,2025-09-20,1207.23,1224.3985396996138
TR-041582,2025-09-20,1156.91,1167.2660655626623
TR-041583,2025-09-20,1875.17,1888.7351396673603
TR-041584,2025-09-20,2800.54,2810.3250704228126
TR-041585,2025-09-20,548.54,556.5274433816489
TR-041586,2025-09-20,895.46,908.2974024053153
TR-041587,2025-09-20,584.9,588.9620675188314
TR-041588,2025-09-20,718.43,719.7282335317459
TR-041589,2025-09-20,2934.3,3359.970313297119
TR-041590,2025-09-20,2442.85,2396.4812577014713
TR-041591,2025-09-20,4279.35,4261.613778781244
TR-041592,2025-09-20,852.06,883.4740179770646
TR-041593,2025-09-20,736.28,724.355719283195
TR-041594,2025-09-20,1514.72,1552.6701235239616
TR-041595,2025-09-20,1942.49,1997.271779739186
TR-041596,2025-09-20,2369.5,2267.5922408958972
TR-041597,2025-09-20,4329.3,4162.566919118999
TR-041598,2025-09-20,1129.4,1100.5785300551072
TR-041599,2025-09-20,1146.01,1131.0003462595212
TR-041600,2025-09-20,1556.84,1554.4543585118959
TR-041601,2025-09-20,2807.0,2858.7237648728546
TR-041602,2025-09-20,586.23,605.1297654252402
TR-041603,2025-09-20,1376.63,1362.2307253845045
TR-041604,2025-09-20,2990.48,3253.2927959361955
TR-041605,2025-09-20,728.24,723.3753284109404
TR-041606,2025-09-20,4417.98,4228.432507074383
TR-041607,2025-09-20,1112.43,1081.1718633175803
TR-041608,2025-09-20,4553.03,4425.440071668207
TR-041609,2025-09-20,3737.08,3716.327255634154
TR-041610,2025-09-20,2595.85,2613.873794511494
TR-041611,2025-09-20,2428.37,2419.238523431553
TR-041612,2025-09-20,2160.55,2148.0380658796166
TR-041613,2025-09-20,4399.61,4295.6451684570575
TR-041614,2025-09-20,1804.25,1869.8670473244056
TR-041615,2025-09-20,1108.08,1091.6486631494095
TR-041616,2025-09-20,4005.68,3878.9126164735535
TR-041617,2025-09-20,4511.67,4450.022279042335
TR-041618,2025-09-20,1005.81,1119.10537972458
TR-041619,2025-09-20,4513.5,4365.126241253448
TR-041620,2025-09-20,2683.56,2611.254232458633
TR-041621,2025-09-20,2324.01,2393.253755081327
TR-041622,2025-09-20,3985.25,3881.4348218360255
TR-041623,2025-09-20,1504.04,1479.2435531885342
TR-041624,2025-09-20,921.31,949.1152557101705
TR-041625,2025-09-20,1366.91,1350.1273700579259
TR-041626,2025-09-20,262.05,278.7295650634483
TR-041627,2025-09-20,661.66,671.7827881258384
TR-041628,2025-09-20,1324.49,1285.631094781778
TR-041629,2025-09-20,1087.21,1091.6203691650703
TR-041630,2025-09-20,1725.11,1746.5953311051026
TR-041631,2025-09-20,1676.07,1673.0603440311831
TR-041632,2025-09-20,5941.62,6108.309000535896
TR-041633,2025-09-20,3017.66,3176.98351952158
TR-041634,2025-09-21,3611.88,3587.125397458355
TR-041635,2025-09-21,2498.49,2443.2977999292025
TR-041636,2025-09-21,2310.62,2343.839127794334
TR-041637,2025-09-21,3946.83,3821.3202901519503
TR-041638,2025-09-21,3480.52,3534.875460184509
TR-041639,2025-09-21,656.64,663.6172297169396
TR-041640,2025-09-21,1150.42,1158.2173780715264
TR-041641,2025-09-21,2309.66,2381.92922570034
TR-041642,2025-09-21,1091.36,1073.976469863919
TR-041643,2025-09-21,3456.18,3436.8796881409617
TR-041644,2025-09-21,1183.78,1161.6839908160812
TR-041645,2025-09-21,4502.92,4310.102913239181
TR-041646,2025-09-21,937.58,960.957561136577
TR-041647,2025-09-21,3646.07,3759.4024977601034
TR-041648,2025-09-21,581.09,578.3749782384283
TR-041649,2025-09-21,2297.22,2331.2021720029647
TR-041650,2025-09-21,1193.08,1189.2845901125131
TR-041651,2025-09-21,1740.18,1754.0582242012704
TR-041652,2025-09-21,3074.08,3242.574977112211
TR-041653,2025-09-21,1143.9,1138.6942733739606
TR-041654,2025-09-21,1957.77,2277.5719203283534
TR-041655,2025-09-21,365.4,353.735236935771
TR-041656,2025-09-21,2169.77,2138.258254609679
TR-041657,2025-09-21,1898.38,1893.384399770723
TR-041658,2025-09-21,1971.85,1894.0129232007735
TR-041659,2025-09-21,800.84,915.2748310396217
TR-041660,2025-09-21,807.9,918.026533420997
TR-041661,2025-09-21,554.99,566.8739000350487
TR-041662,2025-09-21,2382.06,2431.497199621402
TR-041663,2025-09-21,1220.3,1201.473969449411
TR-041664,2025-09-21,1360.17,1380.209890960091
TR-041665,2025-09-21,2162.8,2159.557543116286
TR-041666,2025-09-21,2239.01,2237.8307422976027
TR-041667,2025-09-21,4080.25,4220.570313150728
TR-041668,2025-09-21,1752.55,1802.4858754524437
TR-041669,2025-09-21,584.89,605.8178125466674
TR-041670,2025-09-21,3304.89,3390.6557698201286
TR-041671,2025-09-21,4233.74,4232.812663599108
TR-041672,2025-09-21,1661.42,1635.005400259806
TR-041673,2025-09-21,828.15,930.6816022293409
TR-041674,2025-09-21,1868.09,1852.2511279581793
TR-041675,2025-09-21,1767.74,1730.7512688392248
TR-041676,2025-09-21,1491.52,1443.6756060890323
TR-041677,2025-09-21,2551.97,2507.6777899497847
TR-041678,2025-09-21,3696.45,3725.6584427373964
TR-041679,2025-09-21,3427.37,3375.8924329640204
TR-041680,2025-09-21,2493.86,2376.693962071095
TR-041681,2025-09-21,3252.12,3296.666097318681
TR-041682,2025-09-21,4953.89,4539.86912305106
TR-041683,2025-09-21,1398.23,1426.9342193115015
TR-041684,2025-09-21,5882.21,5967.503014939586
TR-041685,2025-09-21,3113.17,3220.406227327599
TR-041686,2025-09-21,216.43,243.5538182135211
TR-041687,2025-09-21,2108.16,2131.1165531220627
TR-041688,2025-09-21,4976.59,4825.823913123022
TR-041689,2025-09-21,924.23,944.6508796232324
TR-041690,2025-09-21,4553.9,4389.096585030747
TR-041691,2025-09-21,3217.01,3219.9189683127274
TR-041692,2025-09-21,3269.56,3342.959058026358
TR-041693,2025-09-21,4026.29,4049.0729632358216
TR-041694,2025-09-21,2725.13,2605.0977267567673
TR-041695,2025-09-21,4748.45,4602.117985806412
TR-041696,2025-09-21,2479.52,2526.6752830309974
TR-041697,2025-09-21,1515.47,1471.4017602525932
TR-041698,2025-09-21,1345.26,1305.3896623118299
TR-041699,2025-09-21,2784.94,2814.7845288066214
TR-041700,2025-09-21,3667.95,3844.643296236838
TR-041701,2025-09-21,2487.79,2515.1647509954346
TR-041702,2025-09-21,911.59,939.9264716547656
TR-041703,2025-09-21,936.36,972.9794747675717
TR-041704,2025-09-21,1881.04,1992.6022550707764
TR-041705,2025-09-21,5700.34,5699.092505150557
TR-041706,2025-09-21,1022.08,1095.1755332932298
TR-041707,2025-09-21,683.1,696.8866541375107
TR-041708,2025-09-21,1709.29,1709.359210608439
TR-041709,2025-09-21,2231.98,2221.4635848909625
TR-041710,2025-09-21,1377.14,1363.0466932038814
TR-041711,2025-09-21,4268.96,4205.469861084661
TR-041712,2025-09-21,5070.8,5021.284873501337
TR-041713,2025-09-21,2103.34,2143.14761981709
TR-041714,2025-09-21,4051.87,4071.3342116555036
TR-041715,2025-09-21,1161.23,1191.8901213060983
TR-041716,2025-09-21,1373.05,1316.4508355112457
TR-041717,2025-09-21,2122.07,2116.842643784418
TR-041718,2025-09-21,1254.13,1253.8968633371887
TR-041719,2025-09-21,2906.25,2866.279362165672
TR-041720,2025-09-21,5931.87,5962.644457255382
TR-041721,2025-09-21,244.71,846.3998216770266
TR-041722,2025-09-21,5709.8,5665.0686920234275
TR-041723,2025-09-21,2386.8,2297.16826079977
TR-041724,2025-09-21,4134.62,4094.2833674984704
TR-041725,2025-09-21,1916.49,1888.2869077854289
TR-041726,2025-09-21,3923.46,3815.8378412000966
TR-041727,2025-09-21,3419.89,3426.7115223776023
TR-041728,2025-09-21,2421.49,2411.3563195455313
TR-041729,2025-09-21,762.33,776.2477814023587
TR-041730,2025-09-21,1108.34,1081.131500854872
TR-041731,2025-09-21,2406.81,2355.5282539120903
TR-041732,2025-09-21,5554.59,5226.4228672892705
TR-041733,2025-09-21,1091.14,1065.7037876768945
TR-041734,2025-09-21,1422.21,1402.1744138509375
TR-041735,2025-09-21,2632.12,2599.556224155678
TR-041736,2025-09-21,3352.84,3547.0898650598524
TR-041737,2025-09-21,4540.34,4136.628750620861
TR-041738,2025-09-21,3564.41,3388.878631858141
TR-041739,2025-09-21,1698.54,1938.1409707572373
TR-041740,2025-09-21,2008.12,2102.8910636192127
TR-041741,2025-09-21,4920.08,4795.04740675016
TR-041742,2025-09-21,2146.69,2139.918146937685
TR-041743,2025-09-21,3160.7,3113.1526384132267
TR-041744,2025-09-21,4976.74,5117.936007567321
TR-041745,2025-09-21,1719.66,1794.1175326594237
TR-041746,2025-09-21,1466.84,1487.489872552416
TR-041747,2025-09-21,597.35,605.8904955362382
TR-041748,2025-09-21,435.75,424.42404364597826
TR-041749,2025-09-21,1883.43,1851.257569136958
TR-041750,2025-09-21,3765.88,3760.678968121225
TR-041751,2025-09-21,1181.13,1341.6134646870214
TR-041752,2025-09-21,2585.03,2592.179736502556
TR-041753,2025-09-21,5593.05,5694.212555434646
TR-041754,2025-09-21,2872.83,3008.1504222186236
TR-041755,2025-09-21,1243.64,1216.9842088520693
TR-041756,2025-09-21,1191.99,1168.6017496969878
TR-041757,2025-09-21,3622.66,3578.8206885720324
TR-041758,2025-09-21,4224.72,4523.634690316001
TR-041759,2025-09-21,3774.79,3785.2769920711335
TR-041760,2025-09-21,983.11,1062.9066971355055
TR-041761,2025-09-21,4238.58,4212.505320995532
TR-041762,2025-09-21,6531.29,6449.093418098527
TR-041763,2025-09-21,1214.44,1202.7827859236813
TR-041764,2025-09-21,1597.77,1616.7292561375439
TR-041765,2025-09-21,2476.39,2587.2823945513105
TR-041766,2025-09-21,2612.5,2601.06485837208
TR-041767,2025-09-21,664.97,673.8588609712157
TR-041768,2025-09-21,4338.34,4319.474716330294
TR-041769,2025-09-21,3287.49,3363.45668642051
TR-041770,2025-09-21,2040.68,2033.906244701234
TR-041771,2025-09-21,2381.44,2418.118589810717
TR-041772,2025-09-21,2836.21,2966.581192476925
TR-041773,2025-09-21,3438.75,3502.4059294391222
TR-041774,2025-09-21,2846.57,2861.1131781332974
TR-041775,2025-09-21,1924.08,1910.3044637890346
TR-041776,2025-09-21,3085.65,3043.212603190052
TR-041777,2025-09-21,4135.69,4063.408574313738
TR-041778,2025-09-21,4199.58,4208.858430586073
TR-041779,2025-09-21,460.98,479.59766830658424
TR-041780,2025-09-21,998.75,1063.8215376955507
TR-041781,2025-09-21,2684.0,2777.6699514362667
TR-041782,2025-09-21,3891.27,4059.2846711238317
TR-041783,2025-09-21,1745.97,1778.4765367467908
TR-041784,2025-09-21,5583.52,5997.109180770228
TR-041785,2025-09-21,806.69,900.0293988650851
TR-041786,2025-09-21,2945.77,3059.8458374046036
TR-041787,2025-09-21,847.94,885.7842124744794
TR-041788,2025-09-21,3704.41,3636.331003936435
TR-041789,2025-09-21,1772.5,1779.5179853059174
TR-041790,2025-09-21,3563.18,3463.5792447771646
TR-041791,2025-09-21,3667.32,3583.2724952159083
TR-041792,2025-09-21,2291.91,2180.52780653463
TR-041793,2025-09-21,2359.67,2370.271112840235
TR-041794,2025-09-21,2850.44,2821.029975231009
TR-041795,2025-09-21,2392.66,2496.7484240814774
TR-041796,2025-09-21,512.08,538.7154332264419
TR-041797,2025-09-21,4363.74,4420.95076103132
TR-041798,2025-09-21,748.37,746.215027462192
TR-041799,2025-09-21,2177.89,2262.824595083224
TR-041800,2025-09-21,2376.16,2417.6852176057214
TR-041801,2025-09-21,1699.23,1758.7080184921326
TR-041802,2025-09-21,1215.54,1207.4380477422267
TR-041803,2025-09-21,3766.9,3738.379172707845
TR-041804,2025-09-22,2128.56,2106.6586831273758
TR-041805,2025-09-22,1392.33,1376.4451835688471
TR-041806,2025-09-22,3440.26,3494.9674923088155
TR-041807,2025-09-22,4046.17,4046.030992562964
TR-041808,2025-09-22,1540.67,1544.4120344140968
TR-041809,2025-09-22,3878.45,3915.5758144712113
TR-041810,2025-09-22,1538.05,1565.1059678331678
TR-041811,2025-09-22,1544.91,1505.9445737576473
TR-041812,2025-09-22,4597.18,4326.238155594035
TR-041813,2025-09-22,2531.03,2489.715413528961
TR-041814,2025-09-22,976.23,978.519836417647
TR-041815,2025-09-22,2554.85,2511.8744212348524
TR-041816,2025-09-22,2158.7,2105.289263026914
TR-041817,2025-09-22,2347.09,2361.745516167697
TR-041818,2025-09-22,375.07,371.93363282539894
TR-041819,2025-09-22,923.27,957.4844115219842
TR-041820,2025-09-22,555.39,553.6004108713629
TR-041821,2025-09-22,2538.88,2425.7828691791256
TR-041822,2025-09-22,1378.44,1366.4597785026797
TR-041823,2025-09-22,501.37,517.5761254726972
TR-041824,2025-09-22,2992.86,2996.911173379659
TR-041825,2025-09-22,1204.25,1197.855437455154
TR-041826,2025-09-22,5426.58,5347.9251066544
TR-041827,2025-09-22,1048.6,1046.0449522262968
TR-041828,2025-09-22,2931.57,2981.2384974767483
TR-041829,2025-09-22,1099.07,1069.7350812929658
TR-041830,2025-09-22,2775.61,2790.335190315692
TR-041831,2025-09-22,633.76,648.8776202983498
TR-041832,2025-09-22,2098.04,2131.889679355173
TR-041833,2025-09-22,1851.74,1852.646731116486
TR-041834,2025-09-22,1355.55,1302.6898623379652
TR-041835,2025-09-22,1625.53,1637.3395109996636
TR-041836,2025-09-22,1125.97,1115.4113829522148
TR-041837,2025-09-22,2152.81,2136.106241773835
TR-041838,2025-09-22,983.53,1192.1455071719563
TR-041839,2025-09-22,1939.61,1968.8434465260602
TR-041840,2025-09-22,2691.8,2880.857404342134
TR-041841,2025-09-22,1628.59,1609.644520488703
TR-041842,2025-09-22,1699.49,1726.083190982994
TR-041843,2025-09-22,959.92,1010.1811129409924
TR-041844,2025-09-22,1496.18,1552.2517580703302
TR-041845,2025-09-22,4098.74,4029.9787405237216
TR-041846,2025-09-22,2928.12,2908.911708855329
TR-041847,2025-09-22,5214.68,5209.583667485628
TR-041848,2025-09-22,1920.81,1955.3950690232136
TR-041849,2025-09-22,1342.0,1449.865953545694
TR-041850,2025-09-22,373.78,372.96116893364785
TR-041851,2025-09-22,1977.64,1955.9188654192383
TR-041852,2025-09-22,898.29,977.5517637027049
TR-041853,2025-09-22,2004.53,1938.6102785997632
TR-041854,2025-09-22,748.0,769.2785117635941
TR-041855,2025-09-22,4486.44,4383.530473443148
TR-041856,2025-09-22,1113.48,1114.860951544334
TR-041857,2025-09-22,3244.08,3366.572609871673
TR-041858,2025-09-22,1349.6,1336.7873009071607
TR-041859,2025-09-22,1733.25,1692.628116071513
TR-041860,2025-09-22,4679.78,4614.838088944551
TR-041861,2025-09-22,1549.59,1670.8715891150853
TR-041862,2025-09-22,1817.52,1773.4801564740317
TR-041863,2025-09-22,2398.51,2400.90099161183
TR-041864,2025-09-22,2497.67,2400.0466418933847
TR-041865,2025-09-22,1227.05,1317.411868156146
TR-041866,2025-09-22,2259.47,2169.1034032685607
TR-041867,2025-09-22,782.19,784.0827570568429
TR-041868,2025-09-22,3823.47,3800.9006283727367
TR-041869,2025-09-22,2778.74,2707.2469691250976
TR-041870,2025-09-22,2064.85,2025.8137098948707
TR-041871,2025-09-22,1051.24,1074.627643285632
TR-041872,2025-09-22,3988.91,3951.070568968969
TR-041873,2025-09-22,1385.82,1360.1383385446775
TR-041874,2025-09-22,1175.72,1181.0433304377664
TR-041875,2025-09-22,569.67,584.1740096011072
TR-041876,2025-09-22,3963.94,4288.912137828529
TR-041877,2025-09-22,2063.23,2070.509891788599
TR-041878,2025-09-22,383.49,383.97145254800233
TR-041879,2025-09-22,1608.15,1593.5277600197553
TR-041880,2025-09-22,1667.17,1602.7953121227297
TR-041881,2025-09-22,1193.46,1184.1859412252177
TR-041882,2025-09-22,3775.66,3765.847781488987
TR-041883,2025-09-22,2429.57,2336.8190584272497
TR-041884,2025-09-22,3902.72,3892.07631419821
TR-041885,2025-09-22,884.94,977.479574704582
TR-041886,2025-09-22,3667.82,3645.482455981859
TR-041887,2025-09-22,4192.73,4814.923125507437
TR-041888,2025-09-22,1161.6,1147.1512839456927
TR-041889,2025-09-22,509.11,513.9825882577592
TR-041890,2025-09-22,4197.87,4032.46920998477
TR-041891,2025-09-22,5728.27,5910.670600967196
TR-041892,2025-09-22,344.39,354.4191531257116
TR-041893,2025-09-22,2216.98,2188.9803097836666
TR-041894,2025-09-22,3656.53,3666.5537290994434
TR-041895,2025-09-22,2289.62,2214.5356518892877
TR-041896,2025-09-22,1834.15,1778.9704742515098
TR-041897,2025-09-22,1259.22,1247.0548524278688
TR-041898,2025-09-22,901.25,912.6475392695339
TR-041899,2025-09-22,2075.25,2201.8056357071196
TR-041900,2025-09-22,1961.33,1961.8817865535614
TR-041901,2025-09-22,2668.74,3133.913674456725
TR-041902,2025-09-22,863.66,957.219470538385
TR-041903,2025-09-22,1502.5,1526.4837472118925
TR-041904,2025-09-22,4047.61,4255.181152424888
TR-041905,2025-09-22,2745.03,2672.386563096312
TR-041906,2025-09-22,1915.26,1959.1870477807754
TR-041907,2025-09-22,4609.13,4544.969603631511
TR-041908,2025-09-22,4898.32,4870.953481080588
TR-041909,2025-09-22,3122.02,3117.599078984255
TR-041910,2025-09-22,2249.86,2267.46051472476
TR-041911,2025-09-22,2716.18,2879.3406394275435
TR-041912,2025-09-22,1151.79,1129.7728185599406
TR-041913,2025-09-22,1040.12,1056.8008981273304
TR-041914,2025-09-22,1637.66,1602.84133841912
TR-041915,2025-09-22,455.17,511.33685092845786
TR-041916,2025-09-22,755.4,764.3037031192576
TR-041917,2025-09-22,1382.93,1384.12890157561
TR-041918,2025-09-22,791.95,920.9644749878211
TR-041919,2025-09-22,1264.86,1230.199466964392
TR-041920,2025-09-22,349.2,357.9287157838184
TR-041921,2025-09-22,620.41,642.1997533704492
TR-041922,2025-09-22,1972.72,1982.7421715472933
TR-041923,2025-09-22,938.4,1004.5705305064613
TR-041924,2025-09-22,1052.71,1061.2718923471466
TR-041925,2025-09-22,2333.1,2426.7828542358466
TR-041926,2025-09-22,1094.42,1070.4465124108938
TR-041927,2025-09-22,1486.23,1486.0669239123472
TR-041928,2025-09-22,2095.39,2190.696280828868
TR-041929,2025-09-22,883.79,1011.8900669574132
TR-041930,2025-09-22,3727.53,3723.2516614620527
TR-041931,2025-09-22,3367.15,3623.446848844695
TR-041932,2025-09-22,580.22,600.4247595474162
TR-041933,2025-09-22,2751.44,2795.3895459761457
TR-041934,2025-09-22,1753.47,1764.2801623134494
TR-041935,2025-09-22,2831.17,2988.460110367183
TR-041936,2025-09-22,4986.16,4757.817726585798
TR-041937,2025-09-22,3237.63,3307.951643533901
TR-041938,2025-09-22,1167.44,1213.6552667441365
TR-041939,2025-09-22,3721.9,3717.0611480156867
TR-041940,2025-09-22,1565.74,1501.5343884316526
TR-041941,2025-09-22,1636.8,1716.5269104598563
TR-041942,2025-09-22,2014.62,1994.1266123163548
TR-041943,2025-09-22,2826.25,2783.8414710137336
TR-041944,2025-09-22,1946.28,1988.8443213784174
TR-041945,2025-09-22,3824.6,3819.1223914515026
TR-041946,2025-09-22,1822.63,1808.5391382771638
TR-041947,2025-09-22,5226.16,5241.179937273601
TR-041948,2025-09-22,3518.72,3395.6549879890717
TR-041949,2025-09-22,727.52,720.2998829781687
TR-041950,2025-09-22,5484.51,5472.5627188796825
TR-041951,2025-09-22,4080.13,4248.839277929545
TR-041952,2025-09-22,2566.19,2608.328116392957
TR-041953,2025-09-22,3686.09,3797.1541290587047
TR-041954,2025-09-22,2079.7,2025.0475690358703
TR-041955,2025-09-22,4598.86,4345.638128336681
TR-041956,2025-09-22,1533.36,1514.6122641005215
TR-041957,2025-09-23,790.81,792.1501311955261
TR-041958,2025-09-23,5667.22,5619.902401724293
TR-041959,2025-09-23,2482.03,2517.754928075503
TR-041960,2025-09-23,2799.55,2764.2602832082575
TR-041961,2025-09-23,1557.88,1544.6504269193088
TR-041962,2025-09-23,1190.7,1152.311882855341
TR-041963,2025-09-23,3022.15,2978.9587181102243
TR-041964,2025-09-23,3231.74,3266.6558751687207
TR-041965,2025-09-23,1124.33,1166.0005854006356
TR-041966,2025-09-23,724.44,753.8647920739309
TR-041967,2025-09-23,1739.85,1687.8168318703445
TR-041968,2025-09-23,592.8,585.7537755846615
TR-041969,2025-09-23,2522.33,2676.701440741537
TR-041970,2025-09-23,1509.49,1567.6773879359241
TR-041971,2025-09-23,4756.46,5224.610925733314
TR-041972,2025-09-23,4177.12,4010.6809569411894
TR-041973,2025-09-23,1885.76,1933.7898892731273
TR-041974,2025-09-23,4776.1,4699.969308279691
TR-041975,2025-09-23,2635.86,2606.5799428269793
TR-041976,2025-09-23,1653.44,1615.8631461381817
TR-041977,2025-09-23,522.62,575.338826785447
TR-041978,2025-09-23,1787.64,1733.05610127963
TR-041979,2025-09-23,1542.61,1596.9628393595792
TR-041980,2025-09-23,4533.05,4589.434260969403
TR-041981,2025-09-23,1883.24,1916.0455614580023
TR-041982,2025-09-23,2810.7,2721.919432251438
TR-041983,2025-09-23,2838.34,2818.571854077994
TR-041984,2025-09-23,1638.9,1757.438422134822
TR-041985,2025-09-23,2047.55,2041.1442636562244
TR-041986,2025-09-23,1398.71,1383.462230957233
TR-041987,2025-09-23,711.03,3196.4723262792013
TR-041988,2025-09-23,1228.36,1211.880735106675
TR-041989,2025-09-23,595.46,590.3177523199772
TR-041990,2025-09-23,2231.13,2190.64926916272
TR-041991,2025-09-23,742.69,745.7768898782546
TR-041992,2025-09-23,705.08,708.6251975176186
TR-041993,2025-09-23,646.86,652.609124763714
TR-041994,2025-09-23,3862.09,3757.292348522513
TR-041995,2025-09-23,435.27,449.1154871837298
TR-041996,2025-09-23,2309.76,2342.554936424706
TR-041997,2025-09-23,5088.19,4972.934505444271
TR-041998,2025-09-23,3994.83,4010.2760677138244
TR-041999,2025-09-23,2388.93,2794.6363808701585
TR-042000,2025-09-23,1101.11,1133.8777160616585
TR-042001,2025-09-23,4155.43,4879.390553743687
TR-042002,2025-09-23,3432.98,3368.1343277874334
TR-042003,2025-09-23,1563.76,1558.4329223515028
TR-042004,2025-09-23,3380.49,3281.279523409631
TR-042005,2025-09-23,1098.56,1084.4003072590751
TR-042006,2025-09-23,2277.98,2308.3011487026156
TR-042007,2025-09-23,5683.63,5588.525826198922
TR-042008,2025-09-23,2337.12,2664.2632651546896
TR-042009,2025-09-23,3369.41,3599.4445047693057
TR-042010,2025-09-23,3638.32,3554.2772157315862
TR-042011,2025-09-23,4202.91,4379.749469722794
TR-042012,2025-09-23,4581.19,4647.105927308827
TR-042013,2025-09-23,2736.4,2888.172607518088
TR-042014,2025-09-23,1738.09,1749.3459815751166
TR-042015,2025-09-23,1660.43,1624.544806349129
TR-042016,2025-09-23,4842.97,4506.63698718297
TR-042017,2025-09-23,731.1,715.1458078809408
TR-042018,2025-09-23,1227.42,1202.5039708809325
TR-042019,2025-09-23,3958.1,3821.7290621057473
TR-042020,2025-09-23,2009.54,1989.0391093027051
TR-042021,2025-09-23,1774.47,1810.412795639346
TR-042022,2025-09-23,4600.17,4480.6961040452825
TR-042023,2025-09-23,4515.31,4460.956327277354
TR-042024,2025-09-23,2254.26,2298.237310049406
TR-042025,2025-09-23,2018.27,2015.0383530818635
TR-042026,2025-09-23,4140.09,3938.466443164184
TR-042027,2025-09-23,3530.8,3488.101818215119
TR-042028,2025-09-23,4814.82,4574.872946979411
TR-042029,2025-09-23,1666.44,1533.7309164106152
TR-042030,2025-09-23,2350.24,2250.2739332739716
TR-042031,2025-09-23,759.16,748.2383761015719
TR-042032,2025-09-23,5033.39,4580.820307577314
TR-042033,2025-09-23,322.34,1749.5988773672434
TR-042034,2025-09-23,5577.48,5531.801348299431
TR-042035,2025-09-23,4438.72,4464.535757524778
TR-042036,2025-09-23,3727.19,3695.996413044504
TR-042037,2025-09-23,1343.64,1363.5073172759544
TR-042038,2025-09-23,1564.53,1575.953176999016
TR-042039,2025-09-23,1745.08,1703.2051876546072
TR-042040,2025-09-23,436.33,441.2611276331607
TR-042041,2025-09-23,997.52,989.1902800165359
TR-042042,2025-09-23,6078.29,5897.355818526344
TR-042043,2025-09-23,1980.66,2006.2748655599348
TR-042044,2025-09-23,4012.31,4171.194403068627
TR-042045,2025-09-23,436.95,462.5625428713538
TR-042046,2025-09-23,509.49,510.79563641061543
TR-042047,2025-09-23,2050.84,2021.3175723941745
TR-042048,2025-09-23,997.19,973.2325103651975
TR-042049,2025-09-23,1068.01,1072.3443082297676
TR-042050,2025-09-23,943.32,921.5306226426924
TR-042051,2025-09-23,2090.75,2147.8391834508575
TR-042052,2025-09-23,269.11,285.88629539691107
TR-042053,2025-09-23,1458.41,1454.332195080991
TR-042054,2025-09-23,893.07,899.8572303437647
TR-042055,2025-09-23,4756.33,4642.227335795766
TR-042056,2025-09-23,1079.12,1066.6275604564291
TR-042057,2025-09-23,2323.37,2403.2668141323256
TR-042058,2025-09-23,2936.24,2921.024635440047
TR-042059,2025-09-23,1268.05,1276.47600453378
TR-042060,2025-09-23,1705.42,1694.0181404352493
TR-042061,2025-09-23,3196.74,3177.719349022823
TR-042062,2025-09-23,5914.46,5874.557997123874
TR-042063,2025-09-23,1338.37,1289.5484282410146
TR-042064,2025-09-23,887.15,896.3658821949107
TR-042065,2025-09-23,2179.55,2304.4770193863606
TR-042066,2025-09-23,2404.05,2414.8921746773444
TR-042067,2025-09-23,1083.45,1073.697234991217
TR-042068,2025-09-23,3650.77,3454.648946939245
TR-042069,2025-09-23,1876.04,1857.945120853276
TR-042070,2025-09-23,1414.99,1316.730818712935
TR-042071,2025-09-23,4273.9,4304.274555518697
TR-042072,2025-09-23,1392.01,1385.428449462912
TR-042073,2025-09-23,1871.4,1867.1529851416242
TR-042074,2025-09-23,2687.38,2596.0082313481444
TR-042075,2025-09-23,2666.89,3314.2946771109505
TR-042076,2025-09-23,4386.65,4218.045905808857
TR-042077,2025-09-23,2664.59,2626.33028545122
TR-042078,2025-09-23,3938.41,4203.616703173703
TR-042079,2025-09-23,4537.16,4602.530387828582
TR-042080,2025-09-23,745.34,756.068635372309
TR-042081,2025-09-23,4440.3,4883.951832457049
TR-042082,2025-09-23,2524.09,2497.128926355567
TR-042083,2025-09-23,1080.84,1084.7800095514876
TR-042084,2025-09-23,2189.11,2139.003093288104
TR-042085,2025-09-23,3963.65,3914.7806805417367
TR-042086,2025-09-23,2167.86,2048.9917923068283
TR-042087,2025-09-23,1554.02,1509.4677271743567
TR-042088,2025-09-23,2039.75,2039.7386861211942
TR-042089,2025-09-23,2024.17,1988.4595861258838
TR-042090,2025-09-23,681.2,686.0465666477594
TR-042091,2025-09-23,890.9,931.0888997009074
TR-042092,2025-09-23,5471.67,5091.685367821263
TR-042093,2025-09-23,590.75,595.7634525261138
TR-042094,2025-09-23,873.95,913.5970247798717
TR-042095,2025-09-23,4339.94,4149.162084511415
TR-042096,2025-09-23,6219.04,6125.5759201565315
TR-042097,2025-09-23,2723.7,2748.374530224784
TR-042098,2025-09-23,1592.93,1591.106279898915
TR-042099,2025-09-23,1570.77,1618.7979359191224
TR-042100,2025-09-23,559.36,559.6684427961795
TR-042101,2025-09-23,4467.36,4452.069855030894
TR-042102,2025-09-23,2608.57,2509.2875277851936
TR-042103,2025-09-23,1457.22,1488.1472315058252
TR-042104,2025-09-23,1213.26,1218.1753281324113
TR-042105,2025-09-24,1858.56,1839.2533115413378
TR-042106,2025-09-24,1640.99,1603.7053870585694
TR-042107,2025-09-24,831.82,880.8665866718085
TR-042108,2025-09-24,4344.78,4246.164922027773
TR-042109,2025-09-24,5375.13,5140.923593120674
TR-042110,2025-09-24,3243.45,3160.4376404276
TR-042111,2025-09-24,486.64,533.7390517270295
TR-042112,2025-09-24,2421.53,2460.7068290529337
TR-042113,2025-09-24,774.12,772.6906494238069
TR-042114,2025-09-24,4504.8,4483.790998284371
TR-042115,2025-09-24,872.42,874.779465763767
TR-042116,2025-09-24,965.6,1240.9920801601884
TR-042117,2025-09-24,3812.94,3940.335220061477
TR-042118,2025-09-24,765.42,774.0944319324359
TR-042119,2025-09-24,4913.77,4876.725447185227
TR-042120,2025-09-24,1907.82,1909.0009192461528
TR-042121,2025-09-24,4576.82,4635.993966468895
TR-042122,2025-09-24,1075.11,1057.3017708322382
TR-042123,2025-09-24,3454.06,3397.5538973707003
TR-042124,2025-09-24,3492.43,3372.4314112287534
TR-042125,2025-09-24,2006.15,2210.1495125144115
TR-042126,2025-09-24,2311.97,2192.266872189732
TR-042127,2025-09-24,5685.16,5736.167325716825
TR-042128,2025-09-24,1647.88,1755.5684293160784
TR-042129,2025-09-24,2493.63,2408.702866166231
TR-042130,2025-09-24,2740.24,2744.1649998252583
TR-042131,2025-09-24,3225.05,3183.116718062875
TR-042132,2025-09-24,1140.94,1102.360040073967
TR-042133,2025-09-24,4050.11,4051.063009003053
TR-042134,2025-09-24,1500.33,1498.2816589502509
TR-042135,2025-09-24,4161.55,4196.6810815600775
TR-042136,2025-09-24,2029.71,2012.1783883346438
TR-042137,2025-09-24,1841.47,1834.9663676253717
TR-042138,2025-09-24,2411.4,2388.072802756971
TR-042139,2025-09-24,2419.53,2454.743068543517
TR-042140,2025-09-24,2179.13,2162.623157207444
TR-042141,2025-09-24,3015.19,2925.5962072332013
TR-042142,2025-09-24,2935.55,2830.9605315826852
TR-042143,2025-09-24,3418.66,3421.968321886902
TR-042144,2025-09-24,4715.78,4793.461812240951
TR-042145,2025-09-24,4088.47,3926.163615595859
TR-042146,2025-09-24,3505.47,3702.2713748706856
TR-042147,2025-09-24,5063.42,4998.911169098497
TR-042148,2025-09-24,4446.28,4304.699155944055
TR-042149,2025-09-24,1733.22,1738.682969932855
TR-042150,2025-09-24,13026.22,2856.7787250841566
TR-042151,2025-09-24,5884.52,5393.2603233595055
TR-042152,2025-09-24,2109.73,2068.2704930655864
TR-042153,2025-09-24,4373.32,4498.76657578154
TR-042154,2025-09-24,2231.28,2303.812509549313
TR-042155,2025-09-24,4987.73,4973.000343196664
TR-042156,2025-09-24,2100.75,2074.7857190884856
TR-042157,2025-09-24,2762.46,2755.3555852116774
TR-042158,2025-09-24,5117.77,4426.538765155092
TR-042159,2025-09-24,1163.04,1148.0911350260901
TR-042160,2025-09-24,5724.44,5560.913320664937
TR-042161,2025-09-24,1018.98,983.348156213225
TR-042162,2025-09-24,564.94,592.9015123107744
TR-042163,2025-09-24,926.75,950.2393135089825
TR-042164,2025-09-24,2891.9,2780.1851173033365
TR-042165,2025-09-24,1573.33,1633.1714936753744
TR-042166,2025-09-24,562.12,561.4353817733099
TR-042167,2025-09-24,1761.53,1720.2664933594638
TR-042168,2025-09-24,3178.09,3188.388969292927
TR-042169,2025-09-24,4088.81,3921.2979706789415
TR-042170,2025-09-24,2056.92,2003.176491509281
TR-042171,2025-09-24,1475.32,1471.75497983933
TR-042172,2025-09-24,2307.45,2299.087399545296
TR-042173,2025-09-24,944.09,982.1834010022724
TR-042174,2025-09-24,2244.31,2208.5478675898507
TR-042175,2025-09-24,1812.97,1776.7125711285203
TR-042176,2025-09-24,1017.35,1029.6006781527224
TR-042177,2025-09-24,1223.55,1214.1693498880743
TR-042178,2025-09-24,757.04,777.0415666187781
TR-042179,2025-09-24,2187.59,2112.8594305350507
TR-042180,2025-09-24,4031.66,4023.3490572622936
TR-042181,2025-09-24,892.63,927.2659428509542
TR-042182,2025-09-24,1257.54,1266.6086351016595
TR-042183,2025-09-24,1578.48,1406.5008305563174
TR-042184,2025-09-24,2122.13,2156.1635624131122
TR-042185,2025-09-24,4599.91,4304.9155910399795
TR-042186,2025-09-24,5692.34,5630.626405627411
TR-042187,2025-09-24,2230.17,2243.548656375102
TR-042188,2025-09-24,2184.86,2252.649782605856
TR-042189,2025-09-24,2740.72,2707.8197969627176
TR-042190,2025-09-24,1888.07,1924.5814274212178
TR-042191,2025-09-24,2647.68,2495.825790949848
TR-042192,2025-09-24,594.17,615.1239272213501
TR-042193,2025-09-24,2258.15,2222.1486508057774
TR-042194,2025-09-24,4305.47,4203.064158954803
TR-042195,2025-09-24,4852.12,4915.817497222969
TR-042196,2025-09-24,243.49,262.2756970219542
TR-042197,2025-09-24,1892.2,1812.098861848708
TR-042198,2025-09-24,2316.44,2372.0395599227186
TR-042199,2025-09-24,1155.97,1168.865899013131
TR-042200,2025-09-24,4488.03,4261.697330946151
TR-042201,2025-09-24,1357.36,1328.6926707096982
TR-042202,2025-09-24,1715.81,1727.9902178784466
TR-042203,2025-09-24,4171.88,3971.063846683704
TR-042204,2025-09-24,6023.57,5809.649191700829
TR-042205,2025-09-24,1682.87,1682.494645921592
TR-042206,2025-09-24,1167.82,1140.1379736866566
TR-042207,2025-09-24,5177.62,5118.7269955157435
TR-042208,2025-09-24,805.16,822.4236602890956
TR-042209,2025-09-24,447.62,452.6261778197601
TR-042210,2025-09-24,348.52,358.26312743521186
TR-042211,2025-09-24,3341.3,3288.18507450769
TR-042212,2025-09-24,2766.75,2705.1038829036434
TR-042213,2025-09-24,3547.14,3473.3292516419724
TR-042214,2025-09-24,1407.31,1448.7493998996633
TR-042215,2025-09-24,4228.77,4169.878526639426
TR-042216,2025-09-24,1296.7,1259.2778271628033
TR-042217,2025-09-24,6474.77,6382.972535493898
TR-042218,2025-09-24,5551.14,5075.428078652725
TR-042219,2025-09-24,1029.93,1007.3684021315031
TR-042220,2025-09-24,3775.4,3934.391048239544
TR-042221,2025-09-24,2032.78,2013.2780049843918
TR-042222,2025-09-24,1777.36,1844.5665621297942
TR-042223,2025-09-24,1369.6,1339.6984216969754
TR-042224,2025-09-24,933.03,952.5454953986709
TR-042225,2025-09-24,5431.34,5377.550315153904
TR-042226,2025-09-24,1325.03,1300.7550035018387
TR-042227,2025-09-24,3705.15,3577.696917277631
TR-042228,2025-09-24,2122.83,2129.962855645846
TR-042229,2025-09-24,787.05,792.542523505546
TR-042230,2025-09-24,691.92,681.2958348392617
TR-042231,2025-09-24,570.79,592.0019186731513
TR-042232,2025-09-24,3844.53,3951.33885650799
TR-042233,2025-09-24,1335.3,1330.1706278542015
TR-042234,2025-09-24,6033.69,6198.325207447704
TR-042235,2025-09-24,4417.55,4105.437498245056
TR-042236,2025-09-24,671.84,679.0932028542717
TR-042237,2025-09-24,3973.01,3835.856333726164
TR-042238,2025-09-24,1366.55,1365.4782285850122
TR-042239,2025-09-24,1106.98,1176.575739194276
TR-042240,2025-09-24,3923.25,3971.904623661657
TR-042241,2025-09-24,4649.34,4618.394949670851
TR-042242,2025-09-24,4853.02,4870.608614970033
TR-042243,2025-09-24,1615.3,1525.7946188811216
TR-042244,2025-09-24,366.07,369.58778697463214
TR-042245,2025-09-24,858.82,930.0862313322106
TR-042246,2025-09-24,3101.69,3031.228247557847
TR-042247,2025-09-24,1206.63,1192.9861058260374
TR-042248,2025-09-24,2329.37,2397.241774824803
TR-042249,2025-09-24,2427.31,2375.7629137555605
TR-042250,2025-09-24,515.93,622.0913453200021
TR-042251,2025-09-24,4981.33,4707.156275139046
TR-042252,2025-09-24,2447.3,2423.12485008046
TR-042253,2025-09-24,4771.94,4619.207745521367
TR-042254,2025-09-24,2881.01,2941.0584790010457
TR-042255,2025-09-24,5092.81,5148.4358966858945
TR-042256,2025-09-24,1789.16,1682.919786536876
TR-042257,2025-09-24,2331.54,2356.9399926626675
TR-042258,2025-09-24,1886.18,1843.1062706622117
TR-042259,2025-09-24,681.3,2160.121608830375
TR-042260,2025-09-25,717.72,704.5134782357821
TR-042261,2025-09-25,1756.86,1675.5093678353735
TR-042262,2025-09-25,2355.19,2325.424958025282
TR-042263,2025-09-25,2682.7,2672.9128321010285
TR-042264,2025-09-25,3126.04,2945.672737498593
TR-042265,2025-09-25,5887.74,5534.264555786754
TR-042266,2025-09-25,4133.57,3880.777006272063
TR-042267,2025-09-25,1756.17,1704.553237892479
TR-042268,2025-09-25,4584.97,4614.901617892067
TR-042269,2025-09-25,1605.89,1596.4181959762013
TR-042270,2025-09-25,1147.94,1175.736280098038
TR-042271,2025-09-25,5084.53,5033.06281306987
TR-042272,2025-09-25,5681.94,5181.329897788537
TR-042273,2025-09-25,1482.22,1476.7721964649681
TR-042274,2025-09-25,1396.36,1372.1984030856938
TR-042275,2025-09-25,4739.76,4816.468520288092
TR-042276,2025-09-25,1909.96,1871.1564672307209
TR-042277,2025-09-25,1794.23,1749.6384159361762
TR-042278,2025-09-25,1233.72,1219.41026439746
TR-042279,2025-09-25,1495.26,1528.6515331236562
TR-042280,2025-09-25,1961.16,1924.230660621636
TR-042281,2025-09-25,870.43,859.0457298934942
TR-042282,2025-09-25,804.31,819.9786198916584
TR-042283,2025-09-25,4348.33,4196.397332919388
TR-042284,2025-09-25,2592.04,2631.657840728669
TR-042285,2025-09-25,2109.59,2080.1723397803094
TR-042286,2025-09-25,1611.88,1562.3149759477901
TR-042287,2025-09-25,2240.76,2275.102733493853
TR-042288,2025-09-25,5578.56,5562.452517962243
TR-042289,2025-09-25,4226.82,4016.6906574515733
TR-042290,2025-09-25,1656.6,1636.9423588856596
TR-042291,2025-09-25,826.89,847.5653557929952
TR-042292,2025-09-25,866.09,877.0088996804138
TR-042293,2025-09-25,1042.68,1151.0191997251934
TR-042294,2025-09-25,708.86,720.0518529407383
TR-042295,2025-09-25,857.15,866.3555355872862
TR-042296,2025-09-25,2558.09,2418.5480527634554
TR-042297,2025-09-25,2094.08,2075.450340212959
TR-042298,2025-09-25,1663.96,1650.564778938535
TR-042299,2025-09-25,3819.58,3744.0482633292886
TR-042300,2025-09-25,4914.29,4807.821963052347
TR-042301,2025-09-25,6534.49,6398.812345176742
TR-042302,2025-09-25,349.14,871.881561952785
TR-042303,2025-09-25,2072.67,2042.1144158152374
TR-042304,2025-09-25,2009.25,1989.4107152790723
TR-042305,2025-09-25,2805.6,2721.9389171293287
TR-042306,2025-09-25,1888.51,1802.3882432555938
TR-042307,2025-09-25,2359.77,2304.8940746154694
TR-042308,2025-09-25,1027.96,1041.3518876813478
TR-042309,2025-09-25,1591.11,1495.9993747235208
TR-042310,2025-09-25,2812.37,2842.9360621439846
TR-042311,2025-09-25,3643.04,3378.5196354857494
TR-042312,2025-09-25,1603.47,1529.9574480474673
TR-042313,2025-09-25,4294.08,4196.030380277404
TR-042314,2025-09-25,800.37,800.0949428533279
TR-042315,2025-09-25,1799.66,1847.8071555922622
TR-042316,2025-09-25,2828.46,3074.2374554466605
TR-042317,2025-09-25,2614.01,2577.936944091372
TR-042318,2025-09-25,2351.77,2279.34106990941
TR-042319,2025-09-25,4229.68,4313.395415879986
TR-042320,2025-09-25,1135.51,1165.0084646789082
TR-042321,2025-09-25,1636.35,1588.3224508963294
TR-042322,2025-09-25,4626.49,4467.8074916573405
TR-042323,2025-09-25,2890.62,2832.9106370533923
TR-042324,2025-09-25,816.62,848.8365748385831
TR-042325,2025-09-25,1719.66,1752.1777895182133
TR-042326,2025-09-25,2209.21,2169.4116041425814
TR-042327,2025-09-25,5345.03,5119.338547211486
TR-042328,2025-09-25,2616.64,2640.539456250195
TR-042329,2025-09-25,940.28,985.250678084301
TR-042330,2025-09-25,1116.95,1140.590166869584
TR-042331,2025-09-25,1760.83,1717.6575256006145
TR-042332,2025-09-25,2281.31,2521.0853362452995
TR-042333,2025-09-25,1963.71,1939.764116104522
TR-042334,2025-09-25,2622.01,2596.341289383894
TR-042335,2025-09-25,5614.38,5332.585185769215
TR-042336,2025-09-25,3330.13,3148.9719192946027
TR-042337,2025-09-25,1498.05,1440.6187595987287
TR-042338,2025-09-25,2239.53,2336.7780789775384
TR-042339,2025-09-25,1851.15,1825.8852940677627
TR-042340,2025-09-25,1534.73,1526.7413278735864
TR-042341,2025-09-25,1083.05,1080.2568181232014
TR-042342,2025-09-25,1361.77,1337.778760828835
TR-042343,2025-09-25,2143.1,2105.3646697791633
TR-042344,2025-09-25,3123.92,3088.5142858527547
TR-042345,2025-09-25,2814.56,2941.3770450668876
TR-042346,2025-09-25,1623.43,1544.3854060046704
TR-042347,2025-09-25,1738.95,1653.246343720202
TR-042348,2025-09-25,3114.73,3186.7929579038782
TR-042349,2025-09-25,828.58,840.4573914555615
TR-042350,2025-09-25,2160.03,2117.771449352995
TR-042351,2025-09-25,714.4,741.2777643323342
TR-042352,2025-09-25,2033.38,2017.417997428804
TR-042353,2025-09-25,1867.63,1873.6886299020732
TR-042354,2025-09-25,3286.31,1101.2452576429316
TR-042355,2025-09-25,2228.56,2144.674137812186
TR-042356,2025-09-25,1708.13,1716.7702442564134
TR-042357,2025-09-25,1571.24,1545.633062402215
TR-042358,2025-09-25,602.47,620.4017754604494
TR-042359,2025-09-25,2259.41,2339.4861660933193
TR-042360,2025-09-25,577.07,579.8855430733078
TR-042361,2025-09-25,1473.79,1462.6420508464143
TR-042362,2025-09-25,1588.38,1531.0810819496367
TR-042363,2025-09-25,398.95,385.4102861222982
TR-042364,2025-09-25,3622.14,3630.9843250757945
TR-042365,2025-09-25,1207.78,1229.2251427346691
TR-042366,2025-09-25,2122.98,2181.9626005621135
TR-042367,2025-09-25,3215.91,3258.9623116760486
TR-042368,2025-09-25,5313.02,5000.966433554381
TR-042369,2025-09-25,2213.6,2281.7375451012545
TR-042370,2025-09-25,1507.78,1460.5531204614433
TR-042371,2025-09-25,771.72,774.6130312714515
TR-042372,2025-09-25,1328.96,1286.6216402522668
TR-042373,2025-09-25,2118.79,2021.5759811204553
TR-042374,2025-09-25,4227.79,4150.312880288364
TR-042375,2025-09-25,5325.72,5346.560592937972
TR-042376,2025-09-25,1249.91,1211.8154641155113
TR-042377,2025-09-25,1512.7,1478.0312212954914
TR-042378,2025-09-25,1609.45,1619.6444470197641
TR-042379,2025-09-25,1933.19,1918.7467303531414
TR-042380,2025-09-25,5617.44,5475.87132168678
TR-042381,2025-09-25,3234.83,3421.755423860028
TR-042382,2025-09-25,3748.42,3705.5538261207494
TR-042383,2025-09-25,3423.2,3298.445216311721
TR-042384,2025-09-25,1331.03,1415.895284652387
TR-042385,2025-09-25,1059.91,1056.5348058049638
TR-042386,2025-09-25,1504.79,1391.6765221185622
TR-042387,2025-09-25,2393.85,2342.720262341669
TR-042388,2025-09-25,655.29,645.1090322463103
TR-042389,2025-09-25,4798.24,4450.291477805986
TR-042390,2025-09-25,2274.23,2243.4927617348394
TR-042391,2025-09-25,1041.96,1032.7920238001539
TR-042392,2025-09-25,5701.19,5507.815122007501
TR-042393,2025-09-25,4495.91,4300.165823201695
TR-042394,2025-09-25,1422.6,1375.919042127621
TR-042395,2025-09-25,1011.95,1016.8643290703083
TR-042396,2025-09-25,1390.26,1373.8457967985798
TR-042397,2025-09-25,2470.44,2395.8491144008117
TR-042398,2025-09-25,1453.23,1509.924332499352
TR-042399,2025-09-25,1097.99,1098.465696957366
TR-042400,2025-09-25,1316.62,1303.8073921853934
TR-042401,2025-09-25,3020.08,2898.1279018867276
TR-042402,2025-09-25,2731.0,2644.514974895321
TR-042403,2025-09-25,752.07,754.6349062976072
TR-042404,2025-09-25,265.12,270.9722953362075
TR-042405,2025-09-25,696.53,692.8789653991469
TR-042406,2025-09-25,1937.24,1912.819571388684
TR-042407,2025-09-25,5952.63,5917.110668228635
TR-042408,2025-09-25,4370.79,4199.35342778564
TR-042409,2025-09-25,4989.37,5034.7423738160405
TR-042410,2025-09-25,2618.46,2493.652977674518
TR-042411,2025-09-25,3714.77,3770.587582521153
TR-042412,2025-09-25,1882.15,1929.1276585444234
TR-042413,2025-09-25,1660.95,1595.3654223763385
TR-042414,2025-09-26,3924.21,3895.607659590378
TR-042415,2025-09-26,1313.9,1380.8803226222396
TR-042416,2025-09-26,1851.14,1810.762072506868
TR-042417,2025-09-26,2224.97,2204.647193880478
TR-042418,2025-09-26,2788.7,2752.4010496378064
TR-042419,2025-09-26,2953.83,2889.8233932091457
TR-042420,2025-09-26,2436.98,2517.3845797350195
TR-042421,2025-09-26,710.92,743.9732359140207
TR-042422,2025-09-26,3595.49,3524.5224027722447
TR-042423,2025-09-26,438.63,435.26539168378036
TR-042424,2025-09-26,893.91,927.2976778156068
TR-042425,2025-09-26,1258.11,1288.5889435282768
TR-042426,2025-09-26,2316.54,2234.783043571029
TR-042427,2025-09-26,917.99,926.5716444598813
TR-042428,2025-09-26,1235.8,1198.557373635155
TR-042429,2025-09-26,5847.69,5516.013080653194
TR-042430,2025-09-26,827.54,864.2953197591735
TR-042431,2025-09-26,1730.12,1740.7966967416903
TR-042432,2025-09-26,2799.82,2790.2435573412954
TR-042433,2025-09-26,2000.12,1970.824337392948
TR-042434,2025-09-26,1506.38,1523.352909939084
TR-042435,2025-09-26,3221.62,3158.7387573690894
TR-042436,2025-09-26,1913.19,1992.6678748032487
TR-042437,2025-09-26,764.33,722.8347174442782
TR-042438,2025-09-26,7197.15,2819.539432029659
TR-042439,2025-09-26,331.48,341.91901274457734
TR-042440,2025-09-26,4225.65,4282.024879326413
TR-042441,2025-09-26,3139.51,3044.9803789659527
TR-042442,2025-09-26,4386.98,4249.701134471674
TR-042443,2025-09-26,1267.35,1276.7648185794565
TR-042444,2025-09-26,803.21,793.7839492409759
TR-042445,2025-09-26,2102.08,2095.1496408576368
TR-042446,2025-09-26,4777.51,4802.008874372015
TR-042447,2025-09-26,837.27,811.9869691747988
TR-042448,2025-09-26,772.63,731.4149753287642
TR-042449,2025-09-26,4595.52,4601.897041994044
TR-042450,2025-09-26,3035.82,2824.4128960450944
TR-042451,2025-09-26,1621.3,1918.8152974257196
TR-042452,2025-09-26,1129.55,1108.9363742416983
TR-042453,2025-09-26,5949.01,1660.843294450007
TR-042454,2025-09-26,1498.77,1418.2037905379116
TR-042455,2025-09-26,3769.39,3641.1154379012723
TR-042456,2025-09-26,2016.06,1988.7605865801215
TR-042457,2025-09-26,1452.6,1395.5899979891503
TR-042458,2025-09-26,3944.75,3683.405194806403
TR-042459,2025-09-26,476.98,1317.4839045564115
TR-042460,2025-09-26,1954.77,1920.6524892691011
TR-042461,2025-09-26,2346.68,2294.4345958533713
TR-042462,2025-09-26,5213.61,4884.600200752649
TR-042463,2025-09-26,4288.85,4443.350668922447
TR-042464,2025-09-26,1171.1,1167.5254934786378
TR-042465,2025-09-26,4309.85,4234.9577944680095
TR-042466,2025-09-26,1991.22,1953.931155639001
TR-042467,2025-09-26,2363.42,2401.7324669552977
TR-042468,2025-09-26,3795.38,3693.3421117445223
TR-042469,2025-09-26,2366.45,2363.287535972075
TR-042470,2025-09-26,486.54,502.9445477764229
TR-042471,2025-09-26,3358.71,3515.3883815494746
TR-042472,2025-09-26,1934.7,1885.2176048026972
TR-042473,2025-09-26,3463.26,3488.6221414969414
TR-042474,2025-09-26,1226.42,1212.5246357283786
TR-042475,2025-09-26,4536.04,4292.158881982985
TR-042476,2025-09-26,867.93,934.7558979744313
TR-042477,2025-09-26,717.39,705.6512127936192
TR-042478,2025-09-26,1486.08,1476.3852451645323
TR-042479,2025-09-26,1078.07,1040.3241284737837
TR-042480,2025-09-26,855.88,845.3397151550382
TR-042481,2025-09-26,1126.38,1108.4753397949182
TR-042482,2025-09-26,2335.12,2300.1131330009575
TR-042483,2025-09-26,4188.51,4474.112022487685
TR-042484,2025-09-26,1036.67,1032.3153638095869
TR-042485,2025-09-26,1403.1,1392.4118261212695
TR-042486,2025-09-26,6403.51,6545.980344580288
TR-042487,2025-09-26,3634.68,3431.9937106775615
TR-042488,2025-09-26,4184.34,4037.8467908749117
TR-042489,2025-09-26,2363.97,2304.03365706784
TR-042490,2025-09-26,1438.09,1431.9901607051543
TR-042491,2025-09-26,3636.61,3427.2257093905237
TR-042492,2025-09-26,1632.67,1654.255608079505
TR-042493,2025-09-26,1583.25,1617.744128439112
TR-042494,2025-09-26,4072.03,4021.774577514551
TR-042495,2025-09-26,1455.84,1473.1388575241742
TR-042496,2025-09-26,2488.14,2456.694849580308
TR-042497,2025-09-26,2108.81,2059.876832897142
TR-042498,2025-09-26,1117.43,1094.4589070298384
TR-042499,2025-09-26,1343.06,1416.9623646331254
TR-042500,2025-09-26,2082.19,2165.6562425285697
TR-042501,2025-09-26,4204.51,4176.468536244288
TR-042502,2025-09-26,3876.29,4098.906389443307
TR-042503,2025-09-26,2423.56,2405.029819452892
TR-042504,2025-09-26,1323.85,1355.1511897820778
TR-042505,2025-09-26,2343.57,2297.6370038267564
TR-042506,2025-09-26,3422.31,3353.625492201165
TR-042507,2025-09-26,4348.13,4230.799226157696
TR-042508,2025-09-26,5711.86,5656.491183874782
TR-042509,2025-09-26,2446.06,2484.6242473245748
TR-042510,2025-09-26,4401.36,4196.033124566807
TR-042511,2025-09-26,1276.3,1255.21226688405
TR-042512,2025-09-26,5677.85,5219.405476989947
TR-042513,2025-09-26,373.96,373.8044540111139
TR-042514,2025-09-26,1005.85,3164.122142189663
TR-042515,2025-09-26,1504.47,1506.1508774462186
TR-042516,2025-09-26,3972.93,3766.26536865835
TR-042517,2025-09-26,4452.33,4374.92664101938
TR-042518,2025-09-26,3515.61,3721.412906988917
TR-042519,2025-09-26,3844.97,3738.299982802763
TR-042520,2025-09-26,2842.44,2758.1610777298474
TR-042521,2025-09-26,2536.06,2396.0718119516746
TR-042522,2025-09-26,2157.59,2099.541446802639
TR-042523,2025-09-26,3229.8,3162.6250246791237
TR-042524,2025-09-26,3380.7,3376.0870436822256
TR-042525,2025-09-26,1945.45,1973.8331330400988
TR-042526,2025-09-26,700.79,695.704595833149
TR-042527,2025-09-26,602.06,649.8381625200326
TR-042528,2025-09-26,3003.63,2980.4529103515606
TR-042529,2025-09-26,1638.01,1662.7145041998626
TR-042530,2025-09-26,3511.37,3217.027170111088
TR-042531,2025-09-26,1592.95,1594.3517641836972
TR-042532,2025-09-26,3013.31,3211.6820765139087
TR-042533,2025-09-26,504.51,523.8422859962623
TR-042534,2025-09-26,5547.79,5606.465112868312
TR-042535,2025-09-26,4132.72,4177.102161838227
TR-042536,2025-09-26,1922.36,1886.477574944211
TR-042537,2025-09-26,679.25,671.5354054741081
TR-042538,2025-09-26,708.81,700.7490407007638
TR-042539,2025-09-26,1546.85,1565.2441336636782
TR-042540,2025-09-26,1804.41,1736.9081797724562
TR-042541,2025-09-26,2248.78,2147.9391853785933
TR-042542,2025-09-26,1472.19,1497.2209551953822
TR-042543,2025-09-26,3356.17,3189.1319383613827
TR-042544,2025-09-26,1298.09,1262.570458352649
TR-042545,2025-09-26,624.76,624.6179596630601
TR-042546,2025-09-26,1757.41,1768.3549065464879
TR-042547,2025-09-26,4356.9,4148.099910738361
TR-042548,2025-09-26,726.29,719.7758300088417
TR-042549,2025-09-26,2116.49,2158.3041721085183
TR-042550,2025-09-26,2038.12,2204.7297016932544
TR-042551,2025-09-26,3755.51,3618.0508149213306
TR-042552,2025-09-27,3268.21,3228.4902960380064
TR-042553,2025-09-27,4170.77,4141.070685943108
TR-042554,2025-09-27,2525.86,2566.7871873857553
TR-042555,2025-09-27,2319.48,2304.24818992291
TR-042556,2025-09-27,3623.63,3644.6763288389866
TR-042557,2025-09-27,671.62,644.0709190844447
TR-042558,2025-09-27,875.9,867.7832576520032
TR-042559,2025-09-27,2703.93,2751.6831370993923
TR-042560,2025-09-27,1660.86,1629.8678708568586
TR-042561,2025-09-27,2947.68,2837.5044351490765
TR-042562,2025-09-27,3944.36,3820.760984661913
TR-042563,2025-09-27,2402.78,2368.5499248398105
TR-042564,2025-09-27,4038.01,4145.884009896011
TR-042565,2025-09-27,3409.5,3258.925169012955
TR-042566,2025-09-27,1308.52,1271.8929932299593
TR-042567,2025-09-27,4072.33,4228.576723754621
TR-042568,2025-09-27,3812.12,3692.769968907932
TR-042569,2025-09-27,2971.41,3163.83411771356
TR-042570,2025-09-27,1301.34,1275.0378670652465
TR-042571,2025-09-27,2120.19,2167.981510551397
TR-042572,2025-09-27,584.16,571.8690967479342
TR-042573,2025-09-27,1633.96,1623.6077789697847
TR-042574,2025-09-27,2292.18,2296.027574097487
TR-042575,2025-09-27,804.32,845.9053682283763
TR-042576,2025-09-27,1583.61,1569.179679018884
TR-042577,2025-09-27,871.46,922.3115245739011
TR-042578,2025-09-27,1076.42,1074.4504513402348
TR-042579,2025-09-27,3190.59,3715.040093708679
TR-042580,2025-09-27,2002.72,1963.7986119662303
TR-042581,2025-09-27,2114.27,2072.650152171558
TR-042582,2025-09-27,3385.79,3267.1724207026214
TR-042583,2025-09-27,3171.86,3177.7651471617646
TR-042584,2025-09-27,1119.0,1111.5053177535103
TR-042585,2025-09-27,526.16,540.7584914415609
TR-042586,2025-09-27,2119.88,2153.6476697865387
TR-042587,2025-09-27,1875.07,2143.827944222394
TR-042588,2025-09-27,2146.22,2125.355994017211
TR-042589,2025-09-27,1692.33,1707.3178978744406
TR-042590,2025-09-27,1467.23,1433.6171127570196
TR-042591,2025-09-27,965.68,981.1749381628442
TR-042592,2025-09-27,1378.86,1384.2768585950446
TR-042593,2025-09-27,2043.1,2023.7321883335728
TR-042594,2025-09-27,2271.11,2215.339648559021
TR-042595,2025-09-27,2706.85,2734.642119685533
TR-042596,2025-09-27,4509.16,4433.72277033242
TR-042597,2025-09-27,1407.84,1390.151961304853
TR-042598,2025-09-27,1840.77,1841.064085193472
TR-042599,2025-09-27,2314.18,2376.7752270938845
TR-042600,2025-09-27,5204.12,5038.7077172804575
TR-042601,2025-09-27,4380.96,4223.80027000301
TR-042602,2025-09-27,1331.02,1292.4451338103627
TR-042603,2025-09-27,983.64,999.0029551125884
TR-042604,2025-09-27,2703.71,2624.8091290518573
TR-042605,2025-09-27,3878.07,3854.3995026658963
TR-042606,2025-09-27,1157.62,1160.8579569314622
TR-042607,2025-09-27,490.81,527.1456285031629
TR-042608,2025-09-27,3381.92,3390.2127639442524
TR-042609,2025-09-27,2442.27,2362.6309851648125
TR-042610,2025-09-27,1321.91,1281.4525108462385
TR-042611,2025-09-27,1146.87,1190.718468698096
TR-042612,2025-09-27,3330.74,3474.8525972827397
TR-042613,2025-09-27,916.16,932.8610228915084
TR-042614,2025-09-27,1361.47,1312.2279915374613
TR-042615,2025-09-27,2496.2,2483.826850210017
TR-042616,2025-09-27,1886.36,1882.8674579996457
TR-042617,2025-09-27,2156.27,2165.529304875494
TR-042618,2025-09-27,2290.39,2776.989143433869
TR-042619,2025-09-27,3171.04,3313.088795786278
TR-042620,2025-09-27,3802.71,3969.0618263955507
TR-042621,2025-09-27,3995.74,3965.695341813166
TR-042622,2025-09-27,3890.78,4017.420710281916
TR-042623,2025-09-27,3408.02,3476.308743973068
TR-042624,2025-09-27,1700.72,1683.6146813836447
TR-042625,2025-09-27,1315.81,1259.6986017999106
TR-042626,2025-09-27,1349.68,1377.358874066949
TR-042627,2025-09-27,3325.68,3394.6468630691857
TR-042628,2025-09-27,891.87,945.5766327484389
TR-042629,2025-09-27,952.82,1058.7288078988718
TR-042630,2025-09-27,2583.02,2705.0671708880077
TR-042631,2025-09-27,815.6,850.4047068455073
TR-042632,2025-09-27,976.42,1031.0361626047986
TR-042633,2025-09-27,4427.33,4182.749262012507
TR-042634,2025-09-27,3311.83,3394.8569805667626
TR-042635,2025-09-27,5438.66,5385.03868909944
TR-042636,2025-09-27,4489.52,4417.885560387685
TR-042637,2025-09-27,1233.05,1280.0658894079063
TR-042638,2025-09-27,3859.28,3679.3307482910886
TR-042639,2025-09-27,2272.14,2189.551926332905
TR-042640,2025-09-27,1014.25,1050.064368561947
TR-042641,2025-09-27,2532.76,2363.30245466743
TR-042642,2025-09-27,1677.41,1692.8871221180402
TR-042643,2025-09-27,1317.5,1292.898242234616
TR-042644,2025-09-27,1347.11,1281.5381300936062
TR-042645,2025-09-27,2056.61,1993.7328643477708
TR-042646,2025-09-27,13420.59,5714.404285397973
TR-042647,2025-09-27,2701.16,2705.1647310616986
TR-042648,2025-09-27,1587.63,1528.8202050033572
TR-042649,2025-09-27,1077.11,1088.6600998038584
TR-042650,2025-09-27,1919.24,1899.4709636747255
TR-042651,2025-09-27,1371.1,1334.0979801097085
TR-042652,2025-09-27,1433.8,1377.0835243505956
TR-042653,2025-09-27,2087.18,2136.221701548885
TR-042654,2025-09-27,386.73,378.8429568892819
TR-042655,2025-09-27,6039.73,5963.466135361414
TR-042656,2025-09-27,3466.52,3409.3085611335105
TR-042657,2025-09-27,2248.59,2186.6442403431165
TR-042658,2025-09-27,1938.08,1947.5743898877217
TR-042659,2025-09-27,2948.77,3024.541302041058
TR-042660,2025-09-27,1944.78,1923.471053548841
TR-042661,2025-09-27,1726.89,1607.4990326876523
TR-042662,2025-09-27,1529.34,1500.559041204591
TR-042663,2025-09-27,2304.14,2212.7678815229065
TR-042664,2025-09-27,4190.5,4177.779544575458
TR-042665,2025-09-27,1840.83,1812.541922336929
TR-042666,2025-09-27,2186.6,2180.8000323275687
TR-042667,2025-09-27,3436.63,3604.6783684237394
TR-042668,2025-09-27,4662.25,4369.252922288824
TR-042669,2025-09-27,634.61,658.9632596785458
TR-042670,2025-09-27,2438.48,2423.6834380582004
TR-042671,2025-09-27,784.6,799.1495801155498
TR-042672,2025-09-27,2296.04,2254.4296636859
TR-042673,2025-09-27,5454.91,5130.271011989334
TR-042674,2025-09-27,3974.29,4426.220840187504
TR-042675,2025-09-27,1001.0,1031.3969393070097
TR-042676,2025-09-27,3900.3,3856.1068435199263
TR-042677,2025-09-27,2212.19,2293.6638491814733
TR-042678,2025-09-27,839.84,869.2284401557772
TR-042679,2025-09-27,1537.28,1608.723269857317
TR-042680,2025-09-27,2180.76,2149.561151216382
TR-042681,2025-09-27,1957.42,1974.0717353741102
TR-042682,2025-09-27,1929.82,1922.9844491606286
TR-042683,2025-09-27,2057.32,2022.3280090761727
TR-042684,2025-09-27,4317.37,4412.67891634133
TR-042685,2025-09-27,476.13,504.5006395384247
TR-042686,2025-09-27,3101.26,3023.877919140873
TR-042687,2025-09-27,4249.3,4278.950753882839
TR-042688,2025-09-27,989.93,1037.543680550313
TR-042689,2025-09-27,3184.6,3182.5730957615374
TR-042690,2025-09-27,1345.5,1400.755562389026
TR-042691,2025-09-27,2627.09,2501.8534449071003
TR-042692,2025-09-27,2577.85,2461.38004589655
TR-042693,2025-09-27,5195.38,5043.625962823386
TR-042694,2025-09-27,5082.25,5117.873638899298
TR-042695,2025-09-27,530.21,548.7710265210119
TR-042696,2025-09-27,747.51,752.3637339912957
TR-042697,2025-09-27,2129.9,2086.379226315123
TR-042698,2025-09-27,1672.82,1641.0653203614565
TR-042699,2025-09-27,752.71,755.9768892044694
TR-042700,2025-09-27,2119.15,2038.8593560876996
TR-042701,2025-09-27,1412.29,1424.2861750928482
TR-042702,2025-09-27,6112.28,5984.025083690646
TR-042703,2025-09-27,2999.69,3005.062274873631
TR-042704,2025-09-27,4493.91,4411.252340481396
TR-042705,2025-09-27,1279.9,1287.91425208409
TR-042706,2025-09-27,4286.1,4267.63008368244
TR-042707,2025-09-27,1138.54,1108.9127509459313
TR-042708,2025-09-28,1093.77,1059.9922073445096
TR-042709,2025-09-28,2008.04,1972.54336191944
TR-042710,2025-09-28,2928.47,2932.2472526496686
TR-042711,2025-09-28,2285.6,2221.3434656323448
TR-042712,2025-09-28,2108.91,2007.0124324405776
TR-042713,2025-09-28,773.3,778.3835106914564
TR-042714,2025-09-28,1490.97,1459.0044355834204
TR-042715,2025-09-28,1251.3,1248.4461135832216
TR-042716,2025-09-28,1081.43,1040.361029710643
TR-042717,2025-09-28,662.77,660.1833059935008
TR-042718,2025-09-28,3176.32,3217.8751392952845
TR-042719,2025-09-28,713.74,723.6122966522421
TR-042720,2025-09-28,1137.0,1120.9520793753052
TR-042721,2025-09-28,2519.53,2505.0730936728078
TR-042722,2025-09-28,5116.14,5139.51088896715
TR-042723,2025-09-28,1451.38,1419.9525908809546
TR-042724,2025-09-28,515.71,544.5597021379476
TR-042725,2025-09-28,3964.27,4047.7858132347233
TR-042726,2025-09-28,1046.48,1122.1513888652287
TR-042727,2025-09-28,2576.92,2569.357558238252
TR-042728,2025-09-28,1416.65,1391.3802854313585
TR-042729,2025-09-28,1137.5,1124.9267841521573
TR-042730,2025-09-28,1714.87,1770.2070653310034
TR-042731,2025-09-28,1320.09,1284.7960121904543
TR-042732,2025-09-28,1953.03,1899.9069890382086
TR-042733,2025-09-28,3981.74,3821.927393366173
TR-042734,2025-09-28,2043.62,2100.387017783248
TR-042735,2025-09-28,1811.32,1834.4233285210894
TR-042736,2025-09-28,12797.54,3566.3435051651313
TR-042737,2025-09-28,1152.43,1203.1457665746914
TR-042738,2025-09-28,988.29,1041.1241065306992
TR-042739,2025-09-28,1604.79,1592.659955847978
TR-042740,2025-09-28,1244.65,1222.268425459158
TR-042741,2025-09-28,2440.28,2387.236473508114
TR-042742,2025-09-28,2161.46,2199.2719835335224
TR-042743,2025-09-28,1781.92,1773.1466299750314
TR-042744,2025-09-28,1060.01,1049.47292081494
TR-042745,2025-09-28,1519.45,1512.3571745318598
TR-042746,2025-09-28,3934.89,4068.7819424916274
TR-042747,2025-09-28,1628.9,1725.2694650524206
TR-042748,2025-09-28,1410.12,1350.7109784525915
TR-042749,2025-09-28,2438.58,2368.552795266303
TR-042750,2025-09-28,1084.53,1080.3250826771764
TR-042751,2025-09-28,3188.14,3292.9331868814957
TR-042752,2025-09-28,2010.31,2300.7588290764143
TR-042753,2025-09-28,753.24,746.9435962410461
TR-042754,2025-09-28,4230.2,4134.992424253651
TR-042755,2025-09-28,1639.84,1741.69090835532
TR-042756,2025-09-28,5406.93,5126.475627881842
TR-042757,2025-09-28,2151.5,2350.2208234271975
TR-042758,2025-09-28,718.39,727.4194005750207
TR-042759,2025-09-28,1873.55,1880.193042497898
TR-042760,2025-09-28,1296.2,1300.3012386710202
TR-042761,2025-09-28,3288.85,3511.909399065625
TR-042762,2025-09-28,3645.77,3656.4635240972493
TR-042763,2025-09-28,5754.21,5581.796398593258
TR-042764,2025-09-28,930.58,974.8047861474157
TR-042765,2025-09-28,2641.2,2553.469197979202
TR-042766,2025-09-28,2453.74,2470.806603388252
TR-042767,2025-09-28,2306.76,2291.8369748385808
TR-042768,2025-09-28,3441.04,3506.3928368008837
TR-042769,2025-09-28,1652.67,1590.638297656727
TR-042770,2025-09-28,389.7,374.0171219610079
TR-042771,2025-09-28,690.48,686.6216144616034
TR-042772,2025-09-28,2741.16,2834.7356068308886
TR-042773,2025-09-28,2075.87,2023.9581110420338
TR-042774,2025-09-28,4097.27,4055.05154795806
TR-042775,2025-09-28,1969.64,1983.363441797858
TR-042776,2025-09-28,1723.88,1693.4330261919029
TR-042777,2025-09-28,901.55,1002.9390200489626
TR-042778,2025-09-28,1309.13,1301.2521585603783
TR-042779,2025-09-28,3751.81,3725.6197521240297
TR-042780,2025-09-28,3906.11,3858.1884530520347
TR-042781,2025-09-28,4028.7,3865.87212984153
TR-042782,2025-09-28,2724.61,2743.1152657919592
TR-042783,2025-09-28,4211.03,4165.499543413078
TR-042784,2025-09-28,1207.36,1200.9707029978422
TR-042785,2025-09-28,1687.68,1634.9432601603564
TR-042786,2025-09-28,1834.37,1869.4684038519445
TR-042787,2025-09-28,2811.69,2783.0723911461764
TR-042788,2025-09-28,2222.13,2172.030097242481
TR-042789,2025-09-28,3940.37,3893.608262780426
TR-042790,2025-09-28,1130.78,1126.51793573907
TR-042791,2025-09-28,2349.87,2438.4793591993994
TR-042792,2025-09-28,1405.8,1426.9031725493314
TR-042793,2025-09-28,679.49,702.7192933868916
TR-042794,2025-09-28,2341.7,2266.693568025053
TR-042795,2025-09-28,1592.02,1569.7298481292955
TR-042796,2025-09-28,1914.47,1914.94389894549
TR-042797,2025-09-28,1741.04,1643.9333156143964
TR-042798,2025-09-28,2431.83,2330.6351372887957
TR-042799,2025-09-28,4092.63,4110.230742928301
TR-042800,2025-09-28,835.1,2208.310725082829
TR-042801,2025-09-28,2027.96,2148.014393157409
TR-042802,2025-09-28,572.78,713.8725768299228
TR-042803,2025-09-28,774.13,787.4690745813577
TR-042804,2025-09-28,2562.73,2674.968481515431
TR-042805,2025-09-28,2265.28,2277.553715787937
TR-042806,2025-09-28,659.63,668.4378648537838
TR-042807,2025-09-28,1517.69,1505.1878393678219
TR-042808,2025-09-28,3064.0,3051.8047017216622
TR-042809,2025-09-28,1163.05,1163.8608459199538
TR-042810,2025-09-28,3865.31,3815.0651893783097
TR-042811,2025-09-28,1110.79,1104.9795310058496
TR-042812,2025-09-28,1877.01,1826.3880123338638
TR-042813,2025-09-28,3175.1,3136.8974157077405
TR-042814,2025-09-28,1235.23,1229.8906221223215
TR-042815,2025-09-28,1071.17,1089.7927564405102
TR-042816,2025-09-28,1998.56,2031.0306115631395
TR-042817,2025-09-28,1837.98,1807.4045604934859
TR-042818,2025-09-28,1970.93,2296.1686128350398
TR-042819,2025-09-28,3646.22,3908.7955403777237
TR-042820,2025-09-28,4095.03,4070.2738969666675
TR-042821,2025-09-28,2946.68,2886.930014413031
TR-042822,2025-09-28,6276.34,6219.049121876092
TR-042823,2025-09-28,759.15,2097.9571818842383
TR-042824,2025-09-28,2019.44,1975.4425761254986
TR-042825,2025-09-28,2636.98,2756.5335718612105
TR-042826,2025-09-28,1154.54,1235.5482405583382
TR-042827,2025-09-28,1784.89,1746.2464416278506
TR-042828,2025-09-28,1173.97,1254.617771896383
TR-042829,2025-09-28,510.64,537.4848024165694
TR-042830,2025-09-28,2643.41,2575.3981502786482
TR-042831,2025-09-28,5745.39,5980.966116651392
TR-042832,2025-09-28,2841.04,2807.435322274844
TR-042833,2025-09-28,652.12,657.2762910323697
TR-042834,2025-09-28,3089.81,3244.5208430130538
TR-042835,2025-09-28,1412.41,1393.6490290752915
TR-042836,2025-09-28,3167.21,3230.646496447321
TR-042837,2025-09-28,783.73,843.451124913387
TR-042838,2025-09-28,746.15,749.5627753679789
TR-042839,2025-09-28,3665.41,3611.376649097329
TR-042840,2025-09-28,1541.54,1537.97445581456
TR-042841,2025-09-28,2347.52,2277.8052873923966
TR-042842,2025-09-28,1348.4,1334.6342970940227
TR-042843,2025-09-28,550.8,540.6725735602083
TR-042844,2025-09-28,351.36,350.90301017135647
TR-042845,2025-09-28,3319.67,3340.5596810099278
TR-042846,2025-09-28,2022.01,1993.3007267342994
TR-042847,2025-09-28,2406.52,2307.2599309096863
TR-042848,2025-09-28,1363.38,1320.75829288346
TR-042849,2025-09-28,2100.8,2077.97724756683
TR-042850,2025-09-28,2936.55,2840.4438706893716
TR-042851,2025-09-28,3212.43,3176.15345786915
TR-042852,2025-09-28,4164.97,4126.08477771691
TR-042853,2025-09-28,2650.56,2497.0707848363486
TR-042854,2025-09-28,4195.51,4212.351931342657
TR-042855,2025-09-28,2127.87,2120.4768179807993
TR-042856,2025-09-29,4238.86,4234.775293596711
TR-042857,2025-09-29,1516.81,1505.7343805355194
TR-042858,2025-09-29,603.85,612.3093992439561
TR-042859,2025-09-29,2420.76,2540.9697996262444
TR-042860,2025-09-29,1581.01,1557.4447137974623
TR-042861,2025-09-29,6620.24,6589.453250366567
TR-042862,2025-09-29,1033.77,1044.1445633262128
TR-042863,2025-09-29,3381.26,3615.8446447905603
TR-042864,2025-09-29,1939.71,1929.0874045071805
TR-042865,2025-09-29,3538.32,3438.6494717591704
TR-042866,2025-09-29,1140.78,1087.0812412553046
TR-042867,2025-09-29,2480.38,2509.6429331164836
TR-042868,2025-09-29,4317.28,4289.123753609599
TR-042869,2025-09-29,3510.14,3321.161042827756
TR-042870,2025-09-29,3127.58,3051.864768003454
TR-042871,2025-09-29,2257.84,2258.462247743252
TR-042872,2025-09-29,2049.02,2055.9641298606402
TR-042873,2025-09-29,1393.82,1384.3099263130334
TR-042874,2025-09-29,861.86,918.3467829767873
TR-042875,2025-09-29,734.67,740.4179714538419
TR-042876,2025-09-29,2575.9,2554.888996754112
TR-042877,2025-09-29,3770.99,3777.187245590932
TR-042878,2025-09-29,3179.94,3237.2661433077683
TR-042879,2025-09-29,1902.01,1965.6729978237609
TR-042880,2025-09-29,731.51,730.1211980248453
TR-042881,2025-09-29,3849.56,3715.947687998504
TR-042882,2025-09-29,13503.63,3259.2026904026484
TR-042883,2025-09-29,1115.22,1091.3304591226783
TR-042884,2025-09-29,1280.61,1257.8410323386968
TR-042885,2025-09-29,2415.33,2294.8380549980125
TR-042886,2025-09-29,4163.43,4196.185468846927
TR-042887,2025-09-29,995.38,994.6948208281291
TR-042888,2025-09-29,2359.68,2328.5688973884153
TR-042889,2025-09-29,5885.2,5796.02782152913
TR-042890,2025-09-29,1187.96,1163.3657497178604
TR-042891,2025-09-29,2211.3,2222.5121870402436
TR-042892,2025-09-29,4272.31,4191.831815994334
TR-042893,2025-09-29,2699.63,2726.126907323004
TR-042894,2025-09-29,1041.35,1066.9606272997034
TR-042895,2025-09-29,2068.14,2009.510013814163
TR-042896,2025-09-29,5691.61,5534.101386959245
TR-042897,2025-09-29,1652.47,1708.8966802551865
TR-042898,2025-09-29,1753.06,1739.884487968064
TR-042899,2025-09-29,2473.32,2466.680287764218
TR-042900,2025-09-29,1385.48,1347.275980247243
TR-042901,2025-09-29,297.77,355.56789561965803
TR-042902,2025-09-29,3187.62,3194.7663610615828
TR-042903,2025-09-29,2315.78,2310.1323060686473
TR-042904,2025-09-29,1367.89,1388.8941148226936
TR-042905,2025-09-29,3543.74,3353.0761036008926
TR-042906,2025-09-29,958.88,1006.7101849837298
TR-042907,2025-09-29,3033.86,2957.4983222022124
TR-042908,2025-09-29,1126.7,1084.3528045353705
TR-042909,2025-09-29,1325.46,1281.4502332430507
TR-042910,2025-09-29,1682.02,1993.1604437720116
TR-042911,2025-09-29,3275.31,3223.7767523330945
TR-042912,2025-09-29,3427.48,3407.1930422027344
TR-042913,2025-09-29,1536.58,1478.123518868729
TR-042914,2025-09-29,4242.7,4185.468756868999
TR-042915,2025-09-29,1622.59,1623.8607205405694
TR-042916,2025-09-29,2949.32,2793.3973945633447
TR-042917,2025-09-29,1636.32,1629.9975283818976
TR-042918,2025-09-29,3937.63,3784.025084291933
TR-042919,2025-09-29,5037.89,4633.227607824604
TR-042920,2025-09-29,543.25,546.486055559015
TR-042921,2025-09-29,1343.69,1374.102396113902
TR-042922,2025-09-29,1176.75,1151.2289377367083
TR-042923,2025-09-29,3627.2,3562.933592477575
TR-042924,2025-09-29,1202.33,1192.5015348440916
TR-042925,2025-09-29,2093.05,1989.8243125950296
TR-042926,2025-09-29,2666.6,2685.6047751525894
TR-042927,2025-09-29,4073.7,3966.669804394558
TR-042928,2025-09-29,2989.61,3005.0128756162685
TR-042929,2025-09-29,606.85,629.2145566596207
TR-042930,2025-09-29,1928.87,2037.664377688813
TR-042931,2025-09-29,1101.73,1117.4700134632187
TR-042932,2025-09-29,3690.01,3808.1375372895645
TR-042933,2025-09-29,1058.02,1052.8076500780267
TR-042934,2025-09-29,4190.81,4258.021092352724
TR-042935,2025-09-29,914.56,935.8883848795953
TR-042936,2025-09-29,3614.61,3577.370570874825
TR-042937,2025-09-29,1479.07,1432.3096743325507
TR-042938,2025-09-29,2218.14,2154.49578444623
TR-042939,2025-09-29,2067.31,2039.4752732496133
TR-042940,2025-09-29,2214.66,2269.481566217776
TR-042941,2025-09-29,1909.99,1880.4430969873094
TR-042942,2025-09-29,3109.58,3114.7577691977417
TR-042943,2025-09-29,2506.95,2519.1666785078123
TR-042944,2025-09-29,2575.84,2456.3611227112638
TR-042945,2025-09-29,2697.94,2595.5759539611727
TR-042946,2025-09-29,1494.4,1488.373087290672
TR-042947,2025-09-29,3730.45,3745.46267414395
TR-042948,2025-09-29,1170.87,1198.5468592507643
TR-042949,2025-09-29,843.31,874.5756071835525
TR-042950,2025-09-29,1801.36,1802.7348344285372
TR-042951,2025-09-29,4116.74,4170.47957946615
TR-042952,2025-09-29,1689.45,1614.901183210351
TR-042953,2025-09-29,3462.39,3483.458022475896
TR-042954,2025-09-29,1500.36,1488.460276798351
TR-042955,2025-09-29,869.6,1019.4913475780668
TR-042956,2025-09-29,3112.89,3074.085088313262
TR-042957,2025-09-29,2364.94,2531.087532535498
TR-042958,2025-09-29,5868.16,6009.990555616258
TR-042959,2025-09-29,1469.39,1422.7142983489368
TR-042960,2025-09-29,4026.53,4207.968193524227
TR-042961,2025-09-29,3055.72,2933.2946565614343
TR-042962,2025-09-29,2840.5,2786.2410111670756
TR-042963,2025-09-29,752.54,741.4187601408615
TR-042964,2025-09-29,5401.18,5302.378108659968
TR-042965,2025-09-29,1166.42,1146.3925782817769
TR-042966,2025-09-29,1250.51,1228.6724415802732
TR-042967,2025-09-29,1039.93,1037.1797396752786
TR-042968,2025-09-29,1713.41,1693.2535558913512
TR-042969,2025-09-29,2173.05,2196.5207954352213
TR-042970,2025-09-29,1785.72,1762.797385523317
TR-042971,2025-09-29,2310.73,2274.065210985025
TR-042972,2025-09-29,4332.87,4206.055868194307
TR-042973,2025-09-29,1423.88,1335.4263605139477
TR-042974,2025-09-29,2429.29,2493.144412981552
TR-042975,2025-09-29,822.8,847.9475338778724
TR-042976,2025-09-29,2417.99,2444.602730790575
TR-042977,2025-09-29,2067.22,2070.770721666225
TR-042978,2025-09-29,3397.49,3401.8223530217088
TR-042979,2025-09-29,1047.29,1077.7740964281884
TR-042980,2025-09-29,3017.03,3073.6713762041813
TR-042981,2025-09-29,1401.54,1426.4716292229082
TR-042982,2025-09-29,4120.13,3975.0497922889444
TR-042983,2025-09-29,1891.3,1932.0913996374552
TR-042984,2025-09-29,845.31,871.4980273381221
TR-042985,2025-09-29,2563.03,2776.0923701277525
TR-042986,2025-09-29,650.29,654.6749616275306
TR-042987,2025-09-29,449.54,493.4107067942451
TR-042988,2025-09-29,1969.6,1956.8510338466808
TR-042989,2025-09-29,3574.92,3398.9635559324934
TR-042990,2025-09-29,1247.17,1238.9037912729075
TR-042991,2025-09-29,4217.34,4146.989553080191
TR-042992,2025-09-29,10119.16,3133.1431754463993
TR-042993,2025-09-29,1371.52,1390.6252310689815
TR-042994,2025-09-29,4431.8,4141.2595672685575
TR-042995,2025-09-29,3565.92,3424.693766744869
TR-042996,2025-09-29,4815.72,4735.937260672291
TR-042997,2025-09-30,3338.79,3224.998001546932
TR-042998,2025-09-30,1853.42,1796.9790078929707
TR-042999,2025-09-30,5043.62,4964.429835539246
TR-043000,2025-09-30,4138.2,4074.6479669222663
TR-043001,2025-09-30,1170.91,1179.8220894941571
TR-043002,2025-09-30,780.1,778.7163311607632
TR-043003,2025-09-30,1379.76,1347.280361039864
TR-043004,2025-09-30,1718.71,1658.5892591898419
TR-043005,2025-09-30,839.98,850.9547446286468
TR-043006,2025-09-30,1129.32,1100.7183669101162
TR-043007,2025-09-30,1991.19,1955.0714533332998
TR-043008,2025-09-30,2189.03,2198.7923212769606
TR-043009,2025-09-30,357.0,359.3757685653182
TR-043010,2025-09-30,4293.84,4207.466326526632
TR-043011,2025-09-30,2499.88,2515.07779914564
TR-043012,2025-09-30,1467.25,1447.3696093672625
TR-043013,2025-09-30,1190.36,1186.3122858451297
TR-043014,2025-09-30,3419.14,3358.7512029320724
TR-043015,2025-09-30,2795.58,2783.0498106417563
TR-043016,2025-09-30,690.34,710.1963578190198
TR-043017,2025-09-30,2421.83,2735.8845259145533
TR-043018,2025-09-30,2011.7,1967.2081255992382
TR-043019,2025-09-30,1592.4,1586.8997004831474
TR-043020,2025-09-30,1029.31,1009.3117656640987
TR-043021,2025-09-30,2838.18,2885.104667035147
TR-043022,2025-09-30,4018.97,3981.9091460953427
TR-043023,2025-09-30,4366.61,4171.445891263273
TR-043024,2025-09-30,4260.11,4217.77617878914
TR-043025,2025-09-30,848.73,849.9531043566973
TR-043026,2025-09-30,331.22,332.614972094719
TR-043027,2025-09-30,1375.18,1384.8777231640593
TR-043028,2025-09-30,2550.66,2297.6456219073234
TR-043029,2025-09-30,651.21,666.595191522767
TR-043030,2025-09-30,4795.09,4888.271510100868
TR-043031,2025-09-30,2765.85,2554.8316949477503
TR-043032,2025-09-30,3055.97,3024.4171945722146
TR-043033,2025-09-30,4048.13,4087.548374403377
TR-043034,2025-09-30,1829.79,1848.2141270371603
TR-043035,2025-09-30,2322.98,2395.1540918515675
TR-043036,2025-09-30,3453.46,3309.3116601917122
TR-043037,2025-09-30,1483.96,1461.8108009331247
TR-043038,2025-09-30,944.64,938.2796128547708
TR-043039,2025-09-30,1440.38,1429.34679080994
TR-043040,2025-09-30,1009.23,1023.1070177135564
TR-043041,2025-09-30,1224.2,1210.8091132368904
TR-043042,2025-09-30,4764.98,4734.272213244328
TR-043043,2025-09-30,2823.19,2810.9767146682975
TR-043044,2025-09-30,1570.24,1642.5112879328633
TR-043045,2025-09-30,4027.94,4017.3665722598817
TR-043046,2025-09-30,2381.69,2289.0679839675186
TR-043047,2025-09-30,4038.74,3712.5979414214157
TR-043048,2025-09-30,2149.82,2229.6256000152453
TR-043049,2025-09-30,2519.02,2526.145258053232
TR-043050,2025-09-30,5093.93,5474.4086538645815
TR-043051,2025-09-30,870.54,935.0854688791987
TR-043052,2025-09-30,3335.73,3274.249130824643
TR-043053,2025-09-30,2108.84,2098.1610378549112
TR-043054,2025-09-30,1416.74,1350.8083548670502
TR-043055,2025-09-30,5046.46,4795.293127649181
TR-043056,2025-09-30,1623.96,1637.8193509611904
TR-043057,2025-09-30,4884.93,4728.916311433102
TR-043058,2025-09-30,1718.35,1681.094296606467
TR-043059,2025-09-30,1371.66,1310.5629713884935
TR-043060,2025-09-30,5343.79,5977.222675497629
TR-043061,2025-09-30,1340.72,1284.6737340460202
TR-043062,2025-09-30,3511.31,3627.071972697993
TR-043063,2025-09-30,2113.68,2093.9356832251533
TR-043064,2025-09-30,4609.2,4485.554939849448
TR-043065,2025-09-30,1109.63,1208.434915561796
TR-043066,2025-09-30,2905.43,2932.473088441123
TR-043067,2025-09-30,1412.3,1394.3969627797935
TR-043068,2025-09-30,2642.23,2553.9629129392124
TR-043069,2025-09-30,2610.3,913.7826282015109
TR-043070,2025-09-30,4026.49,4053.5392944856253
TR-043071,2025-09-30,3531.35,3449.969997291894
TR-043072,2025-09-30,716.88,710.2466576160219
TR-043073,2025-09-30,1736.2,1795.474729534334
TR-043074,2025-09-30,1480.19,1479.135733517441
TR-043075,2025-09-30,1913.03,1899.3083575615442
TR-043076,2025-09-30,2600.14,2643.881142932439
TR-043077,2025-09-30,2522.62,992.6623825982506
TR-043078,2025-09-30,876.64,895.3846803492855
TR-043079,2025-09-30,434.29,462.64472914722245
TR-043080,2025-09-30,801.38,788.0046076840471
TR-043081,2025-09-30,989.5,970.4464839325124
TR-043082,2025-09-30,896.69,944.8445426133768
TR-043083,2025-09-30,2726.84,2644.340280539491
TR-043084,2025-09-30,1484.02,1514.2280827729708
TR-043085,2025-09-30,940.89,947.8934062833828
TR-043086,2025-09-30,532.29,533.8947452975783
TR-043087,2025-09-30,1185.03,1161.7372549502597
TR-043088,2025-09-30,3365.72,3395.824574171499
TR-043089,2025-09-30,365.66,384.9297522938882
TR-043090,2025-09-30,1200.94,1202.949744367861
TR-043091,2025-09-30,1352.62,1320.1729461287634
TR-043092,2025-09-30,2889.42,2830.448684020801
TR-043093,2025-09-30,1771.8,1730.5228358777163
TR-043094,2025-09-30,1946.45,2009.8791327314739
TR-043095,2025-09-30,3300.91,3170.707611235736
TR-043096,2025-09-30,715.18,707.2243170934903
TR-043097,2025-09-30,4299.66,4233.113500586402
TR-043098,2025-09-30,1811.26,1899.0564489125045
TR-043099,2025-09-30,4205.63,4408.24557765549
TR-043100,2025-09-30,838.67,842.2154646112474
TR-043101,2025-09-30,6610.21,6338.643545428922
TR-043102,2025-09-30,7443.31,1959.5351535042332
TR-043103,2025-09-30,1500.18,1542.2998553119703
TR-043104,2025-09-30,4526.15,4645.737047680734
TR-043105,2025-09-30,5382.19,5253.235484304997
TR-043106,2025-09-30,3542.5,3354.606514173487
TR-043107,2025-09-30,4713.14,4676.488206544025
TR-043108,2025-09-30,2050.87,2015.95284440389
TR-043109,2025-09-30,4361.64,4280.510073102577
TR-043110,2025-09-30,2023.59,1966.2448046235593
TR-043111,2025-09-30,2275.62,2244.8909156605455
TR-043112,2025-09-30,2250.21,2256.283502210375
TR-043113,2025-09-30,3981.2,3723.665061394785
TR-043114,2025-09-30,2489.82,2519.330079842239
TR-043115,2025-09-30,1856.04,1876.1976575649107
TR-043116,2025-09-30,3878.4,3937.4779393015506
TR-043117,2025-09-30,1371.12,1366.2004383213086
TR-043118,2025-09-30,1818.34,1775.3710534337613
TR-043119,2025-09-30,968.44,977.6694593708357
TR-043120,2025-09-30,3308.06,3417.6590800892377
TR-043121,2025-09-30,1454.09,1420.047333386779
TR-043122,2025-09-30,4726.9,4389.76937907646
TR-043123,2025-09-30,749.67,723.2409037893984
TR-043124,2025-09-30,2009.55,2101.5260359653125
TR-043125,2025-09-30,3784.87,3842.3480003131203
TR-043126,2025-09-30,4713.82,4531.843708112392
TR-043127,2025-09-30,1095.54,1095.4884185313003
TR-043128,2025-09-30,2423.41,2608.7482583701144
TR-043129,2025-09-30,6031.83,6119.797533184408
TR-043130,2025-09-30,4633.29,4223.323828463985
TR-043131,2025-09-30,4000.2,1248.5077242597908
TR-043132,2025-09-30,2040.44,1962.5135175874939
TR-043133,2025-09-30,4265.6,4336.290483322472
TR-043134,2025-09-30,1280.48,1256.2136733712389
TR-043135,2025-09-30,2711.58,2591.275941366487
TR-043136,2025-09-30,1997.28,1990.417205709784
TR-043137,2025-09-30,1351.46,1304.0103545102452
TR-043138,2025-09-30,5812.69,5901.439578340945
TR-043139,2025-09-30,2108.23,2053.8093765291387
TR-043140,2025-09-30,3252.91,3478.130917873063
TR-043141,2025-09-30,5237.53,5043.370684879967
TR-043142,2025-09-30,4514.51,4276.6681311371
TR-043143,2025-09-30,1980.3,1995.3030993470452
TR-043144,2025-09-30,1931.07,1915.521890187821
TR-043145,2025-09-30,3707.12,3612.98334061276
TR-043146,2025-09-30,1650.2,1588.671029737786
TR-043147,2025-09-30,1938.61,1835.695843374707
