load_id,date,posted_rate,predicted_rate
TR-028807,2025-07-01,626.6,609.7075995720738
TR-028808,2025-07-01,935.85,1026.3861012697348
TR-028809,2025-07-01,2098.29,2066.3306972465507
TR-028810,2025-07-01,3062.96,2951.480006647259
TR-028811,2025-07-01,1221.59,1213.6972432730222
TR-028812,2025-07-01,1114.49,1105.5492619175634
TR-028813,2025-07-01,1829.62,1812.5349281745796
TR-028814,2025-07-01,10620.88,2943.7831391253358
TR-028815,2025-07-01,562.33,537.5388820699125
TR-028816,2025-07-01,4406.98,4373.845182159575
TR-028817,2025-07-01,1322.56,1290.4815941935422
TR-028818,2025-07-01,2634.99,2893.681814471591
TR-028819,2025-07-01,3208.35,3272.695280966864
TR-028820,2025-07-01,3627.33,3743.1584785107116
TR-028821,2025-07-01,2793.15,2962.9536091169643
TR-028822,2025-07-01,2992.18,2928.886902679199
TR-028823,2025-07-01,2944.35,2979.4333800777777
TR-028824,2025-07-01,3450.56,3681.8450949722883
TR-028825,2025-07-01,14317.13,3337.861913391012
TR-028826,2025-07-01,1821.29,1847.168852967273
TR-028827,2025-07-01,1453.06,1521.1019098899835
TR-028828,2025-07-01,327.04,376.60235255683256
TR-028829,2025-07-01,653.64,656.2223082911476
TR-028830,2025-07-01,417.85,487.2451008333642
TR-028831,2025-07-01,1778.94,1747.2254108520133
TR-028832,2025-07-01,2884.66,2689.0441335452165
TR-028833,2025-07-01,1271.87,1241.5380603620852
TR-028834,2025-07-01,839.16,808.1450401285656
TR-028835,2025-07-01,2860.06,3049.510351827956
TR-028836,2025-07-01,698.22,654.9211592690408
TR-028837,2025-07-01,645.97,620.1323962332531
TR-028838,2025-07-01,3502.07,3388.671487448853
TR-028839,2025-07-01,4025.77,3884.8535056145456
TR-028840,2025-07-01,1241.43,1232.5432523671554
TR-028841,2025-07-01,2856.47,2810.20807230082
TR-028842,2025-07-01,4300.61,4301.678705699622
TR-028843,2025-07-01,2343.99,2218.9154234031867
TR-028844,2025-07-01,739.24,767.3779888645279
TR-028845,2025-07-01,2176.41,2030.720562012332
TR-028846,2025-07-01,3866.42,3658.282999129676
TR-028847,2025-07-01,1907.65,1864.25512328129
TR-028848,2025-07-01,3986.07,4037.2532940901815
TR-028849,2025-07-01,235.59,303.1753660994325
TR-028850,2025-07-01,1850.29,1820.5210944573341
TR-028851,2025-07-01,982.61,969.588680457131
TR-028852,2025-07-01,1984.8,1894.878599196704
TR-028853,2025-07-01,2617.48,2603.60796906215
TR-028854,2025-07-01,815.85,780.3211127424004
TR-028855,2025-07-01,5303.95,5060.80558843317
TR-028856,2025-07-01,3194.99,3020.303043580582
TR-028857,2025-07-01,914.78,886.3872544698299
TR-028858,2025-07-01,2708.27,2689.685603055381
TR-028859,2025-07-01,2200.21,2133.8760532539477
TR-028860,2025-07-01,1321.67,1288.261418189077
TR-028861,2025-07-01,5777.13,5810.967609875181
TR-028862,2025-07-01,1224.18,1254.8522124701994
TR-028863,2025-07-01,516.87,542.4866159153014
TR-028864,2025-07-01,1548.83,1623.8842652664132
TR-028865,2025-07-01,1278.95,1293.3467022427913
TR-028866,2025-07-01,1461.33,1500.3086587807093
TR-028867,2025-07-01,273.18,357.77368268340274
TR-028868,2025-07-01,4093.76,3950.6101355072083
TR-028869,2025-07-01,4423.87,4253.3867732579965
TR-028870,2025-07-01,1377.43,1341.47869707334
TR-028871,2025-07-01,1101.06,1132.5557914842118
TR-028872,2025-07-01,3504.89,3479.325378544508
TR-028873,2025-07-01,1840.51,1794.941694723777
TR-028874,2025-07-01,1216.63,1152.6611364349474
TR-028875,2025-07-01,703.33,671.2669872596798
TR-028876,2025-07-01,356.22,438.4182050045242
TR-028877,2025-07-01,2139.58,2013.9108858296822
TR-028878,2025-07-01,1328.65,1263.8502749053332
TR-028879,2025-07-01,2571.68,2402.409121535365
TR-028880,2025-07-01,2147.82,2056.9613664515014
TR-028881,2025-07-01,4045.7,4144.419668682969
TR-028882,2025-07-01,5258.57,5298.210661577639
TR-028883,2025-07-01,1509.85,1530.1518928727833
TR-028884,2025-07-01,2493.54,2326.6856332299344
TR-028885,2025-07-01,2007.92,1938.3073102114952
TR-028886,2025-07-01,2705.35,2565.5762222606777
TR-028887,2025-07-01,4773.67,4687.4230452065985
TR-028888,2025-07-01,2946.58,2705.094595144362
TR-028889,2025-07-01,3296.22,3389.5984593417083
TR-028890,2025-07-01,1065.26,1056.9193965189302
TR-028891,2025-07-01,4341.59,4281.745401434779
TR-028892,2025-07-01,4819.69,4828.707126738269
TR-028893,2025-07-01,900.44,933.7039449352642
TR-028894,2025-07-01,769.64,765.1187356116177
TR-028895,2025-07-01,2215.65,2331.0743240116312
TR-028896,2025-07-01,3848.85,3910.647463398407
TR-028897,2025-07-01,1624.75,1590.696127102462
TR-028898,2025-07-01,2448.78,2431.9755914462594
TR-028899,2025-07-01,858.44,892.3915416500381
TR-028900,2025-07-01,2907.21,2968.2039212670043
TR-028901,2025-07-01,1149.03,1148.1579899940346
TR-028902,2025-07-01,3544.78,3197.354434100067
TR-028903,2025-07-01,579.66,613.6608727061575
TR-028904,2025-07-01,543.27,519.8638159152038
TR-028905,2025-07-01,3914.12,3823.128979034968
TR-028906,2025-07-01,3315.5,3516.4765510507696
TR-028907,2025-07-01,583.89,527.9369861360569
TR-028908,2025-07-01,1173.28,1132.1147292065314
TR-028909,2025-07-01,1981.14,1912.517318980456
TR-028910,2025-07-01,370.42,464.4412804278463
TR-028911,2025-07-01,3861.91,3976.9488907816503
TR-028912,2025-07-01,1230.66,1234.7728119374929
TR-028913,2025-07-01,871.05,835.237828098436
TR-028914,2025-07-01,4603.91,4776.952920360275
TR-028915,2025-07-01,1580.55,1506.807323561297
TR-028916,2025-07-01,2822.69,2787.944051969854
TR-028917,2025-07-01,6680.25,6151.571759127412
TR-028918,2025-07-01,2046.52,1947.7744579824555
TR-028919,2025-07-01,2178.28,2230.072239461268
TR-028920,2025-07-01,1034.06,998.346681718976
TR-028921,2025-07-01,688.13,702.4466632941383
TR-028922,2025-07-01,402.91,415.26120780569636
TR-028923,2025-07-01,1853.36,1798.4815086306296
TR-028924,2025-07-01,1855.08,1892.6842620029095
TR-028925,2025-07-01,975.19,946.0944808771951
TR-028926,2025-07-01,248.36,412.0282678931612
TR-028927,2025-07-01,1388.73,1359.1974791856678
TR-028928,2025-07-01,714.49,698.6504582481743
TR-028929,2025-07-01,3611.14,3574.315195537466
TR-028930,2025-07-01,2908.62,3101.792935770014
TR-028931,2025-07-01,2165.32,2092.061300354571
TR-028932,2025-07-01,2021.38,1961.4053199449484
TR-028933,2025-07-01,1581.8,1565.6711995348817
TR-028934,2025-07-01,1826.13,1801.4216866063698
TR-028935,2025-07-01,919.01,892.8290418029806
TR-028936,2025-07-01,1797.97,1802.5225938507338
TR-028937,2025-07-01,939.1,963.1183990580216
TR-028938,2025-07-01,404.65,443.0442577885649
TR-028939,2025-07-01,3968.9,4030.0850628935136
TR-028940,2025-07-01,3981.55,4115.006613753139
TR-028941,2025-07-01,1943.06,1873.557228147897
TR-028942,2025-07-02,5711.09,5608.358983596437
TR-028943,2025-07-02,855.3,877.5908291665291
TR-028944,2025-07-02,1695.86,1666.457343701035
TR-028945,2025-07-02,832.59,863.6836368323056
TR-028946,2025-07-02,5215.9,5306.125652291947
TR-028947,2025-07-02,3653.88,3528.0923806040205
TR-028948,2025-07-02,4028.79,3849.827007119499
TR-028949,2025-07-02,851.35,843.8638738793766
TR-028950,2025-07-02,2996.52,2888.719250547455
TR-028951,2025-07-02,4131.57,4030.4118287757365
TR-028952,2025-07-02,2892.63,2783.075396079971
TR-028953,2025-07-02,3701.2,3705.4982604132974
TR-028954,2025-07-02,1760.71,1708.7670197662635
TR-028955,2025-07-02,942.81,924.9265360620659
TR-028956,2025-07-02,1920.97,1892.9704836479468
TR-028957,2025-07-02,2407.72,2285.3266016955686
TR-028958,2025-07-02,2319.06,2283.2396045973983
TR-028959,2025-07-02,6114.99,5917.242627048729
TR-028960,2025-07-02,1482.09,1356.5655027902394
TR-028961,2025-07-02,4264.16,4223.211790271287
TR-028962,2025-07-02,1585.26,1677.7832722682524
TR-028963,2025-07-02,2356.2,2257.812674518242
TR-028964,2025-07-02,1587.61,1562.6549540903807
TR-028965,2025-07-02,1286.43,1208.7004702836175
TR-028966,2025-07-02,2530.79,2557.1772212279457
TR-028967,2025-07-02,1802.0,1802.1856780517326
TR-028968,2025-07-02,3269.47,3123.0350156297905
TR-028969,2025-07-02,3631.63,3574.2429273068246
TR-028970,2025-07-02,1567.37,1530.9536146345677
TR-028971,2025-07-02,5145.21,4943.8385333802125
TR-028972,2025-07-02,1717.01,1723.5818598532264
TR-028973,2025-07-02,1301.23,1239.9132611498258
TR-028974,2025-07-02,3154.11,3222.6880592593243
TR-028975,2025-07-02,4209.18,4206.029859190661
TR-028976,2025-07-02,2152.54,2099.54334837757
TR-028977,2025-07-02,1536.48,1543.4464859759855
TR-028978,2025-07-02,864.86,815.3488644615825
TR-028979,2025-07-02,3931.54,3825.7322783024847
TR-028980,2025-07-02,2327.02,2333.081071749752
TR-028981,2025-07-02,2752.9,2491.6155521913865
TR-028982,2025-07-02,3771.83,3348.9096439064383
TR-028983,2025-07-02,918.39,942.9494539526995
TR-028984,2025-07-02,2212.28,2178.0095150838156
TR-028985,2025-07-02,1710.13,1643.711164718766
TR-028986,2025-07-02,1354.27,1326.8268165577924
TR-028987,2025-07-02,1236.65,1202.499880105558
TR-028988,2025-07-02,875.39,848.757974234717
TR-028989,2025-07-02,1836.8,1854.776586414503
TR-028990,2025-07-02,1767.03,1704.2670196992085
TR-028991,2025-07-02,1041.97,1034.2653796787854
TR-028992,2025-07-02,4940.32,4783.940862490814
TR-028993,2025-07-02,4472.58,4396.598211651931
TR-028994,2025-07-02,2573.29,2575.0830848612695
TR-028995,2025-07-02,4351.15,4592.409533969545
TR-028996,2025-07-02,1156.87,3061.1781317627842
TR-028997,2025-07-02,414.32,428.4626351904285
TR-028998,2025-07-02,3533.26,3177.848674092844
TR-028999,2025-07-02,1093.87,1036.4140158681428
TR-029000,2025-07-02,2738.89,2671.0412391359823
TR-029001,2025-07-02,1535.3,1541.4021093318888
TR-029002,2025-07-02,1448.52,1373.7998423759677
TR-029003,2025-07-02,1652.99,1637.6576223201096
TR-029004,2025-07-02,1289.14,1294.5000226391858
TR-029005,2025-07-02,2736.43,2663.9074839190957
TR-029006,2025-07-02,759.45,733.0927905208009
TR-029007,2025-07-02,3712.22,3789.0740519213523
TR-029008,2025-07-02,2062.12,2039.7106182210755
TR-029009,2025-07-02,830.7,819.2474963238672
TR-029010,2025-07-02,3244.87,2905.623263902293
TR-029011,2025-07-02,1569.03,1603.4245077579208
TR-029012,2025-07-02,999.13,1025.6993592830154
TR-029013,2025-07-02,3277.56,3493.938432390277
TR-029014,2025-07-02,1156.57,1186.6053283730448
TR-029015,2025-07-02,5028.75,5097.831404645634
TR-029016,2025-07-02,2438.96,2260.8133129273356
TR-029017,2025-07-02,1428.54,1412.8005356104554
TR-029018,2025-07-02,2633.23,2582.4302451885433
TR-029019,2025-07-02,2255.41,2171.3509849633806
TR-029020,2025-07-02,2306.72,2229.723712195373
TR-029021,2025-07-02,6533.28,6150.6587535847975
TR-029022,2025-07-02,1835.12,1837.1572013942034
TR-029023,2025-07-02,2127.89,2145.6387868880006
TR-029024,2025-07-02,1941.68,1811.9373198100036
TR-029025,2025-07-02,1422.18,1381.0197681514976
TR-029026,2025-07-02,2562.16,2369.0833135714383
TR-029027,2025-07-02,2806.86,2747.987077728351
TR-029028,2025-07-02,3821.87,3704.878904358173
TR-029029,2025-07-02,3490.08,3063.2425726095753
TR-029030,2025-07-02,1944.87,1858.8166739121825
TR-029031,2025-07-02,4689.45,4571.043778044494
TR-029032,2025-07-02,600.54,616.8853977042731
TR-029033,2025-07-02,4250.77,4215.349678824771
TR-029034,2025-07-02,1390.85,1390.6797397314078
TR-029035,2025-07-02,2521.13,2325.729549980993
TR-029036,2025-07-02,2570.02,2453.8781207876323
TR-029037,2025-07-02,1787.35,1828.6493170582658
TR-029038,2025-07-02,763.35,776.6044685617599
TR-029039,2025-07-02,4680.28,4429.190403905277
TR-029040,2025-07-02,632.86,610.9906586039688
TR-029041,2025-07-02,914.78,955.5344274900626
TR-029042,2025-07-02,1354.81,1325.903974461467
TR-029043,2025-07-02,3027.02,3022.9148954194425
TR-029044,2025-07-02,3145.29,3244.115918109359
TR-029045,2025-07-02,2643.78,2763.9579138473146
TR-029046,2025-07-02,3915.41,3954.458425936138
TR-029047,2025-07-02,3646.72,3644.5455054487556
TR-029048,2025-07-02,2101.39,2029.162135717672
TR-029049,2025-07-02,4255.94,3956.8203474566253
TR-029050,2025-07-02,1960.27,1937.4037018874951
TR-029051,2025-07-02,2302.58,2145.82027708649
TR-029052,2025-07-02,1507.02,1505.6545552839066
TR-029053,2025-07-02,2502.53,2531.4246278474184
TR-029054,2025-07-02,1645.78,1705.9234300739297
TR-029055,2025-07-02,1984.68,5769.957284352689
TR-029056,2025-07-02,667.86,2979.9343169145063
TR-029057,2025-07-02,939.55,924.6597177490667
TR-029058,2025-07-02,385.09,1060.6010951964317
TR-029059,2025-07-02,1830.56,1778.3211009306963
TR-029060,2025-07-02,1240.91,1226.4441901501082
TR-029061,2025-07-02,2615.74,2447.878141847741
TR-029062,2025-07-02,994.92,987.9999573601804
TR-029063,2025-07-02,2543.01,2469.7171576938663
TR-029064,2025-07-02,1465.3,1388.9171806656464
TR-029065,2025-07-02,1541.37,1643.3420375519536
TR-029066,2025-07-02,3444.49,3589.0319946411546
TR-029067,2025-07-02,1218.98,1172.7332538209878
TR-029068,2025-07-02,1795.15,1788.0591067336702
TR-029069,2025-07-02,1088.73,1085.7591272975706
TR-029070,2025-07-02,4930.68,4944.935809320155
TR-029071,2025-07-02,1778.3,1810.0106101291492
TR-029072,2025-07-02,881.52,848.0811017061537
TR-029073,2025-07-02,3468.84,3444.1211975286637
TR-029074,2025-07-02,3889.14,3925.009475709285
TR-029075,2025-07-02,5576.85,5670.418909881437
TR-029076,2025-07-02,3618.13,3707.4169616765457
TR-029077,2025-07-02,2173.12,2213.430652040601
TR-029078,2025-07-02,4207.04,4248.814668787539
TR-029079,2025-07-02,2252.03,2188.429806322981
TR-029080,2025-07-02,3400.54,3418.613352091311
TR-029081,2025-07-02,4057.18,4072.2173234104202
TR-029082,2025-07-02,302.23,320.6282231631533
TR-029083,2025-07-02,1005.71,996.8632202450228
TR-029084,2025-07-02,1313.45,1289.5553370928326
TR-029085,2025-07-02,3401.92,3441.9025093417804
TR-029086,2025-07-02,1973.95,1938.3699715507782
TR-029087,2025-07-02,3913.76,3868.677624289892
TR-029088,2025-07-02,1281.3,1282.967453977299
TR-029089,2025-07-02,2986.67,705.5974044634988
TR-029090,2025-07-02,3828.91,3687.6369731240657
TR-029091,2025-07-02,4161.23,4082.8082973062615
TR-029092,2025-07-02,3500.78,3410.8480316683344
TR-029093,2025-07-02,927.41,906.8341155759831
TR-029094,2025-07-02,3514.9,3712.3366156069196
TR-029095,2025-07-02,2571.41,2569.9246738028965
TR-029096,2025-07-02,3126.05,3062.3599329581853
TR-029097,2025-07-02,1201.25,1170.617171516482
TR-029098,2025-07-02,1071.17,1069.729102078324
TR-029099,2025-07-02,2041.72,2029.2971390072153
TR-029100,2025-07-02,3403.32,3512.819507715266
TR-029101,2025-07-02,2291.86,2283.8306044527008
TR-029102,2025-07-02,6557.41,5907.465337781936
TR-029103,2025-07-02,1616.31,1632.285414646594
TR-029104,2025-07-02,4067.5,4205.713123339268
TR-029105,2025-07-02,3671.51,3830.757885358231
TR-029106,2025-07-02,2491.55,2284.287277868674
TR-029107,2025-07-02,1022.58,1008.8137631985455
TR-029108,2025-07-02,2411.54,2235.7130167216133
TR-029109,2025-07-02,2672.17,2630.0884014449625
TR-029110,2025-07-02,1411.61,1451.2386698673968
TR-029111,2025-07-02,1302.7,1343.7711204039056
TR-029112,2025-07-02,809.09,785.6217068841679
TR-029113,2025-07-03,1372.84,1280.5803054526382
TR-029114,2025-07-03,4993.53,4947.477689281006
TR-029115,2025-07-03,1635.91,1584.0676172975986
TR-029116,2025-07-03,4120.34,4220.575935402307
TR-029117,2025-07-03,3178.09,3091.3826999249436
TR-029118,2025-07-03,618.65,607.3553195753263
TR-029119,2025-07-03,2610.24,2496.0850237511463
TR-029120,2025-07-03,899.4,831.9851319089889
TR-029121,2025-07-03,945.76,923.9984896703415
TR-029122,2025-07-03,551.17,529.9107980552897
TR-029123,2025-07-03,1768.84,1850.7879087736926
TR-029124,2025-07-03,2518.94,2438.728391374162
TR-029125,2025-07-03,363.33,376.583357317523
TR-029126,2025-07-03,879.49,871.9179499151282
TR-029127,2025-07-03,1411.96,1342.162239304284
TR-029128,2025-07-03,531.88,561.6565841896131
TR-029129,2025-07-03,1577.31,1499.2900397103272
TR-029130,2025-07-03,3756.05,3634.978278364727
TR-029131,2025-07-03,1523.87,1431.479710764147
TR-029132,2025-07-03,620.08,652.8982683268603
TR-029133,2025-07-03,1272.96,1237.3300989141298
TR-029134,2025-07-03,1547.43,1539.387913293811
TR-029135,2025-07-03,2195.94,2242.642470008676
TR-029136,2025-07-03,1243.41,1231.0359930922991
TR-029137,2025-07-03,1802.67,1787.3166888216883
TR-029138,2025-07-03,1497.95,1438.9074438237974
TR-029139,2025-07-03,1565.05,1624.8562996191617
TR-029140,2025-07-03,1964.36,2019.806789672521
TR-029141,2025-07-03,1715.34,1706.9702127966984
TR-029142,2025-07-03,1092.52,1072.9113462011967
TR-029143,2025-07-03,3842.68,3802.211912178578
TR-029144,2025-07-03,3605.69,3591.4765060972463
TR-029145,2025-07-03,1365.22,1316.270458868807
TR-029146,2025-07-03,354.91,364.8936686769073
TR-029147,2025-07-03,819.45,808.5303375596495
TR-029148,2025-07-03,3163.43,2942.937063544309
TR-029149,2025-07-03,1780.26,1723.0264810131534
TR-029150,2025-07-03,819.93,791.3872853481628
TR-029151,2025-07-03,367.89,354.4122463295125
TR-029152,2025-07-03,1798.74,1733.100830956083
TR-029153,2025-07-03,2355.7,2129.9156114717807
TR-029154,2025-07-03,3258.23,3320.2416566212105
TR-029155,2025-07-03,1639.04,1719.1593500015288
TR-029156,2025-07-03,508.14,470.74732357336757
TR-029157,2025-07-03,1751.51,1698.9596000897977
TR-029158,2025-07-03,4130.3,4104.451563245842
TR-029159,2025-07-03,504.55,522.5572424574832
TR-029160,2025-07-03,739.49,701.2820072914228
TR-029161,2025-07-03,1984.65,1970.343836423967
TR-029162,2025-07-03,2229.43,2142.3553413997142
TR-029163,2025-07-03,625.37,641.4598761674804
TR-029164,2025-07-03,985.28,1013.2839767069231
TR-029165,2025-07-03,3701.58,3680.2556587872878
TR-029166,2025-07-03,599.88,606.5774773738372
TR-029167,2025-07-03,3830.39,3671.2368562433817
TR-029168,2025-07-03,1491.5,1492.7199647390853
TR-029169,2025-07-03,798.32,760.8071200883296
TR-029170,2025-07-03,3077.81,3087.028883661429
TR-029171,2025-07-03,6757.79,5969.670423227166
TR-029172,2025-07-03,2398.43,2345.3064889247753
TR-029173,2025-07-03,1689.91,1662.6707740353627
TR-029174,2025-07-03,4185.87,4036.653509752597
TR-029175,2025-07-03,1888.21,1930.2045730999582
TR-029176,2025-07-03,1024.02,992.1543971302885
TR-029177,2025-07-03,2554.26,2322.6124489249482
TR-029178,2025-07-03,1211.43,1200.1572653575859
TR-029179,2025-07-03,3073.9,2921.0486918282054
TR-029180,2025-07-03,5471.49,5158.26758050693
TR-029181,2025-07-03,2141.4,2309.758018338725
TR-029182,2025-07-03,3260.53,3239.4714314812854
TR-029183,2025-07-03,2283.75,2255.6922106567276
TR-029184,2025-07-03,1496.39,1501.163183710355
TR-029185,2025-07-03,4132.37,4024.046839109953
TR-029186,2025-07-03,2167.12,2086.2595549544794
TR-029187,2025-07-03,1848.13,1829.973661966466
TR-029188,2025-07-03,1390.25,1330.990768899379
TR-029189,2025-07-03,993.6,986.3556961988893
TR-029190,2025-07-03,3963.72,4059.7371334022923
TR-029191,2025-07-03,2866.56,2666.4418839136843
TR-029192,2025-07-03,3088.02,3067.7554843955745
TR-029193,2025-07-03,3601.13,3664.7706643772713
TR-029194,2025-07-03,3175.81,3037.705243171634
TR-029195,2025-07-03,2095.34,2030.459842547778
TR-029196,2025-07-03,3898.37,3864.7243051116684
TR-029197,2025-07-03,1507.49,1518.6065102377572
TR-029198,2025-07-03,750.7,722.4004503644921
TR-029199,2025-07-03,727.64,722.0251513536616
TR-029200,2025-07-03,5388.14,5362.987400699836
TR-029201,2025-07-03,5213.56,5095.096897330948
TR-029202,2025-07-03,3975.27,3977.9449565072737
TR-029203,2025-07-03,5251.54,5152.031138225247
TR-029204,2025-07-03,2007.61,2070.1203898595186
TR-029205,2025-07-03,652.91,626.6770780443323
TR-029206,2025-07-03,2011.24,1959.0094164575023
TR-029207,2025-07-03,717.4,749.4544507412384
TR-029208,2025-07-03,3476.12,3465.5468433798806
TR-029209,2025-07-03,3095.41,2925.488050830035
TR-029210,2025-07-03,1681.61,1657.0751293354829
TR-029211,2025-07-03,868.37,900.2427532286331
TR-029212,2025-07-03,1555.08,1542.591104812076
TR-029213,2025-07-03,1243.46,1259.2057785725801
TR-029214,2025-07-03,2429.23,2303.9409681184375
TR-029215,2025-07-03,2047.49,1997.7084135479836
TR-029216,2025-07-03,3904.97,3905.180707768036
TR-029217,2025-07-03,4014.57,3948.710278282977
TR-029218,2025-07-03,3504.91,3644.027894766452
TR-029219,2025-07-03,3890.59,3729.8482688223953
TR-029220,2025-07-03,3530.95,3204.5086426503512
TR-029221,2025-07-03,820.77,791.8750995049988
TR-029222,2025-07-03,555.72,576.7980618812608
TR-029223,2025-07-03,2359.44,2395.1665886242704
TR-029224,2025-07-03,1438.78,1401.2932969710246
TR-029225,2025-07-03,3022.9,3097.3687925712293
TR-029226,2025-07-03,1780.81,1782.6437133515544
TR-029227,2025-07-03,5808.93,5681.925100665724
TR-029228,2025-07-03,1227.25,1195.148874711941
TR-029229,2025-07-03,4089.85,3837.119544392983
TR-029230,2025-07-03,3026.77,2880.069092990404
TR-029231,2025-07-03,2970.8,2876.3824139789695
TR-029232,2025-07-03,2739.12,2738.7486495703015
TR-029233,2025-07-03,4740.65,4868.838692451594
TR-029234,2025-07-03,1199.16,1175.4775419061439
TR-029235,2025-07-03,3065.85,3045.4888758697616
TR-029236,2025-07-03,1910.41,1927.3054446870362
TR-029237,2025-07-03,2359.23,2240.7170667400123
TR-029238,2025-07-03,2771.73,2583.5464645685297
TR-029239,2025-07-03,452.41,2095.881456160364
TR-029240,2025-07-03,1470.71,1394.1485021482
TR-029241,2025-07-03,2721.94,2757.8255614517875
TR-029242,2025-07-03,1764.63,1802.8826528447278
TR-029243,2025-07-03,4127.61,3851.303715712047
TR-029244,2025-07-03,2736.72,2670.6884262594185
TR-029245,2025-07-03,2259.6,2191.0262897174143
TR-029246,2025-07-03,1948.46,1894.9482418517416
TR-029247,2025-07-03,2759.39,2711.964483193356
TR-029248,2025-07-03,4634.7,4502.060138871071
TR-029249,2025-07-03,4362.9,4318.851995563686
TR-029250,2025-07-03,1761.67,1751.4975276423054
TR-029251,2025-07-03,1779.73,1809.7268373037837
TR-029252,2025-07-03,1736.02,1727.0409644807662
TR-029253,2025-07-03,1139.87,1186.8465138371325
TR-029254,2025-07-03,466.76,462.5391925209949
TR-029255,2025-07-03,5091.93,5093.6854730266605
TR-029256,2025-07-03,5237.17,4937.924952210227
TR-029257,2025-07-03,4141.16,4255.123970721425
TR-029258,2025-07-03,1449.51,1439.535034024976
TR-029259,2025-07-03,1532.58,1552.056982848712
TR-029260,2025-07-03,2554.74,2611.0693854338815
TR-029261,2025-07-03,3867.09,3953.2972751990555
TR-029262,2025-07-03,731.01,707.1160458394295
TR-029263,2025-07-03,2045.53,2027.548385454378
TR-029264,2025-07-03,2005.72,2023.6314836138902
TR-029265,2025-07-03,1727.72,1714.4913106476222
TR-029266,2025-07-03,875.59,871.7641799420683
TR-029267,2025-07-03,3582.28,3583.9549218773473
TR-029268,2025-07-03,5397.96,1654.2485563039359
TR-029269,2025-07-03,1423.44,1377.2249987133223
TR-029270,2025-07-03,4594.59,4396.669162263367
TR-029271,2025-07-03,1852.17,1816.7577384679525
TR-029272,2025-07-03,5851.06,5780.844612261996
TR-029273,2025-07-03,5773.55,5613.713158650997
TR-029274,2025-07-03,1571.52,1520.7987379998253
TR-029275,2025-07-03,615.72,643.6872952341919
TR-029276,2025-07-03,984.22,964.3431026769483
TR-029277,2025-07-03,5132.78,5114.193776367298
TR-029278,2025-07-03,7269.5,1509.4905164088946
TR-029279,2025-07-03,1326.62,1322.1405493712305
TR-029280,2025-07-03,1595.79,1658.0332176439492
TR-029281,2025-07-03,2320.91,2205.580786734206
TR-029282,2025-07-03,2133.72,2080.631815367673
TR-029283,2025-07-03,5304.85,5323.832972789115
TR-029284,2025-07-03,2918.04,2905.138758766381
TR-029285,2025-07-04,4019.88,4037.454480616275
TR-029286,2025-07-04,13817.43,3244.8405817572648
TR-029287,2025-07-04,2143.34,2130.815791018252
TR-029288,2025-07-04,639.48,651.1885491375222
TR-029289,2025-07-04,1847.91,1881.0346799851657
TR-029290,2025-07-04,5440.05,5491.444372869779
TR-029291,2025-07-04,4157.05,4212.160615502582
TR-029292,2025-07-04,2758.46,2585.0349692339823
TR-029293,2025-07-04,528.02,541.0254979174117
TR-029294,2025-07-04,3698.93,3697.610104045642
TR-029295,2025-07-04,1625.58,1669.261977757619
TR-029296,2025-07-04,1918.63,1810.6992419338396
TR-029297,2025-07-04,2385.13,2494.890115984601
TR-029298,2025-07-04,1947.16,2030.3354088660612
TR-029299,2025-07-04,4087.24,4004.7957710524843
TR-029300,2025-07-04,1888.37,1828.7045118462033
TR-029301,2025-07-04,4764.99,4656.513757323019
TR-029302,2025-07-04,5112.57,4995.248350399397
TR-029303,2025-07-04,4796.35,4742.1933928102235
TR-029304,2025-07-04,2494.55,2461.098858833934
TR-029305,2025-07-04,4537.98,4295.590864884014
TR-029306,2025-07-04,1035.87,1055.9832075124266
TR-029307,2025-07-04,919.79,926.9782766244214
TR-029308,2025-07-04,2804.29,2646.0796985882585
TR-029309,2025-07-04,722.76,751.8989032507204
TR-029310,2025-07-04,1199.68,1102.7037812393064
TR-029311,2025-07-04,1158.38,1190.6579022665796
TR-029312,2025-07-04,5514.34,5515.416483983476
TR-029313,2025-07-04,3865.41,3722.5440076940354
TR-029314,2025-07-04,3925.43,3886.9869075322085
TR-029315,2025-07-04,1477.98,1416.5153586858069
TR-029316,2025-07-04,2055.98,2053.9710722315817
TR-029317,2025-07-04,3927.35,3775.088971358784
TR-029318,2025-07-04,3927.72,3630.599406258329
TR-029319,2025-07-04,4225.89,4223.617851907209
TR-029320,2025-07-04,2882.95,2967.6272545957436
TR-029321,2025-07-04,2697.99,2548.0949639086057
TR-029322,2025-07-04,3145.99,3053.328688301697
TR-029323,2025-07-04,1177.34,1146.4787244905815
TR-029324,2025-07-04,1367.89,1336.1774233981057
TR-029325,2025-07-04,1494.5,1476.9086915505973
TR-029326,2025-07-04,829.71,797.3457861303004
TR-029327,2025-07-04,3994.55,4017.4544264058513
TR-029328,2025-07-04,1796.35,1747.7949512904527
TR-029329,2025-07-04,4076.22,4181.463526691266
TR-029330,2025-07-04,4022.62,3956.908577610955
TR-029331,2025-07-04,1322.87,1277.7282585498342
TR-029332,2025-07-04,2223.07,2308.1936453358758
TR-029333,2025-07-04,2105.37,2111.0528546904134
TR-029334,2025-07-04,3426.84,3442.6542534349646
TR-029335,2025-07-04,996.34,949.1591640185013
TR-029336,2025-07-04,1508.58,1555.0532303622394
TR-029337,2025-07-04,4357.42,4285.315003626905
TR-029338,2025-07-04,3723.96,3923.2840830629134
TR-029339,2025-07-04,1304.58,1286.7748878110601
TR-029340,2025-07-04,4386.53,4549.366963636718
TR-029341,2025-07-04,1454.55,1373.4014870445098
TR-029342,2025-07-04,2585.52,2485.9376016113692
TR-029343,2025-07-04,701.1,697.1086050025701
TR-029344,2025-07-04,4181.68,4059.0110341497275
TR-029345,2025-07-04,696.83,708.2587230894269
TR-029346,2025-07-04,2132.08,2100.644234680439
TR-029347,2025-07-04,2378.43,2326.22208398397
TR-029348,2025-07-04,3131.22,2851.2137424173857
TR-029349,2025-07-04,1798.2,1707.9389005883288
TR-029350,2025-07-04,490.31,528.6038032416182
TR-029351,2025-07-04,4233.73,4413.202340680456
TR-029352,2025-07-04,344.43,392.8139634844524
TR-029353,2025-07-04,1290.82,1268.5706057744342
TR-029354,2025-07-04,1580.3,1601.887824066405
TR-029355,2025-07-04,893.72,852.4507546516361
TR-029356,2025-07-04,1469.03,1350.055690629579
TR-029357,2025-07-04,3968.35,3983.1187699491056
TR-029358,2025-07-04,4206.42,4417.880468783069
TR-029359,2025-07-04,4325.3,4172.1524496117445
TR-029360,2025-07-04,3406.29,3533.7598770292125
TR-029361,2025-07-04,2647.51,2728.837176923517
TR-029362,2025-07-04,2240.91,2282.58429939469
TR-029363,2025-07-04,442.27,471.85613502064143
TR-029364,2025-07-04,2293.52,2334.350184900682
TR-029365,2025-07-04,2452.37,2244.8744737830502
TR-029366,2025-07-04,4875.9,4846.099275407953
TR-029367,2025-07-04,3446.64,3131.5443967187925
TR-029368,2025-07-04,2099.15,2034.7270165979785
TR-029369,2025-07-04,803.22,826.5606977118414
TR-029370,2025-07-04,658.24,605.523191714216
TR-029371,2025-07-04,1468.13,1542.299553089003
TR-029372,2025-07-04,2036.7,2004.4337790095708
TR-029373,2025-07-04,5313.86,5362.123920773627
TR-029374,2025-07-04,3392.6,3451.0236227261203
TR-029375,2025-07-04,2033.25,1970.6646185084146
TR-029376,2025-07-04,710.07,725.4570287737931
TR-029377,2025-07-04,1915.96,1930.0247912224058
TR-029378,2025-07-04,3730.89,3802.64434056168
TR-029379,2025-07-04,2631.99,2508.8029350804627
TR-029380,2025-07-04,2937.1,2918.4760394760356
TR-029381,2025-07-04,1330.81,1367.5856987081693
TR-029382,2025-07-04,681.33,676.1647517568308
TR-029383,2025-07-04,1296.27,1302.1978452316412
TR-029384,2025-07-04,882.14,874.2186658919172
TR-029385,2025-07-04,1677.87,1681.5812733767643
TR-029386,2025-07-04,4418.08,4228.311855433168
TR-029387,2025-07-04,2798.61,2548.3156065608046
TR-029388,2025-07-04,2045.88,2025.4494471124685
TR-029389,2025-07-04,3290.81,3206.1145728772603
TR-029390,2025-07-04,4252.48,4106.74217792536
TR-029391,2025-07-04,1839.26,1826.021481499788
TR-029392,2025-07-04,2040.87,1973.6786398323186
TR-029393,2025-07-04,2951.52,2787.443217101174
TR-029394,2025-07-04,1936.5,1930.75390862106
TR-029395,2025-07-04,2529.67,2549.6064605259944
TR-029396,2025-07-04,1244.39,1252.1161001747234
TR-029397,2025-07-04,1370.28,1351.100565835225
TR-029398,2025-07-04,5749.58,5731.943685194319
TR-029399,2025-07-04,2016.41,1983.5069057409414
TR-029400,2025-07-04,3292.86,3509.1106951073384
TR-029401,2025-07-04,4087.19,4043.130882955694
TR-029402,2025-07-04,807.99,837.827593898008
TR-029403,2025-07-04,818.29,802.3881690255971
TR-029404,2025-07-04,2465.5,2375.260489535321
TR-029405,2025-07-04,3194.19,3132.7916070071255
TR-029406,2025-07-04,2249.56,2235.2458812011955
TR-029407,2025-07-04,5425.66,5357.856520099419
TR-029408,2025-07-04,1914.88,1992.8307960545094
TR-029409,2025-07-04,1767.63,1696.973142059152
TR-029410,2025-07-04,2001.73,2000.1926337540308
TR-029411,2025-07-04,1617.99,1678.6081832292339
TR-029412,2025-07-04,1640.33,1579.1061763422306
TR-029413,2025-07-04,1782.21,1753.362272843817
TR-029414,2025-07-04,1243.0,1275.5292405282876
TR-029415,2025-07-04,1954.86,1863.8628501411636
TR-029416,2025-07-04,4593.72,4639.85879834729
TR-029417,2025-07-04,564.78,551.7325402625095
TR-029418,2025-07-04,1681.36,1620.4570070607144
TR-029419,2025-07-04,5824.57,5741.213115634029
TR-029420,2025-07-04,1089.71,1052.8604323738728
TR-029421,2025-07-04,1737.98,1724.70781805319
TR-029422,2025-07-04,3485.98,3437.240512316066
TR-029423,2025-07-04,1837.71,1799.0091559579412
TR-029424,2025-07-04,5739.12,5892.866997375928
TR-029425,2025-07-04,1722.82,1740.44431446945
TR-029426,2025-07-04,1629.28,1661.489609186137
TR-029427,2025-07-04,3703.13,3681.999756246364
TR-029428,2025-07-04,3722.23,3623.1412790371187
TR-029429,2025-07-04,617.99,658.8182279029893
TR-029430,2025-07-04,1596.17,1548.635513426762
TR-029431,2025-07-04,2065.76,2080.043475813639
TR-029432,2025-07-04,1449.07,1438.215502187114
TR-029433,2025-07-04,2048.62,2016.6140216018107
TR-029434,2025-07-04,1041.1,1049.539309801177
TR-029435,2025-07-04,4345.44,4315.380389539293
TR-029436,2025-07-04,1244.09,1205.7953442102225
TR-029437,2025-07-04,999.87,959.7085272521879
TR-029438,2025-07-04,2567.85,2685.7416615287584
TR-029439,2025-07-04,974.25,1022.9134416709818
TR-029440,2025-07-04,3787.08,3879.0016936704133
TR-029441,2025-07-04,1729.94,1780.883820155774
TR-029442,2025-07-04,5041.51,5140.370383858296
TR-029443,2025-07-04,4589.0,4764.383945687771
TR-029444,2025-07-04,4144.83,3965.458875962818
TR-029445,2025-07-05,1495.83,1556.038379667736
TR-029446,2025-07-05,1196.55,1191.7128474329525
TR-029447,2025-07-05,3251.55,3558.1557408232447
TR-029448,2025-07-05,3750.93,3849.3396678686217
TR-029449,2025-07-05,3787.58,3537.0054422638104
TR-029450,2025-07-05,1531.92,1465.6266118770855
TR-029451,2025-07-05,1005.19,1046.661240877631
TR-029452,2025-07-05,902.04,882.2409776246345
TR-029453,2025-07-05,1723.05,1795.1091053059156
TR-029454,2025-07-05,792.69,807.981028650978
TR-029455,2025-07-05,4043.93,4124.317334632931
TR-029456,2025-07-05,1483.35,1456.9085356306616
TR-029457,2025-07-05,855.4,840.4735739657242
TR-029458,2025-07-05,3866.73,3885.586647457332
TR-029459,2025-07-05,1106.28,5031.809422372069
TR-029460,2025-07-05,4236.66,4262.2953511459655
TR-029461,2025-07-05,2741.53,2699.3417168026776
TR-029462,2025-07-05,1031.18,1015.3706543933464
TR-029463,2025-07-05,827.88,856.5757996896859
TR-029464,2025-07-05,4206.35,4481.37100208377
TR-029465,2025-07-05,3138.63,3065.9767047656314
TR-029466,2025-07-05,4769.15,4520.619235271233
TR-029467,2025-07-05,702.09,1832.5772996177386
TR-029468,2025-07-05,2421.97,2299.847725096917
TR-029469,2025-07-05,777.65,761.6647509496368
TR-029470,2025-07-05,1311.94,1330.3114151730074
TR-029471,2025-07-05,1409.21,1415.7112439941338
TR-029472,2025-07-05,3969.15,3725.76005245149
TR-029473,2025-07-05,797.28,749.5760018570143
TR-029474,2025-07-05,2416.03,2305.063019666902
TR-029475,2025-07-05,1773.5,1796.9305020429829
TR-029476,2025-07-05,1904.6,1799.5891985736223
TR-029477,2025-07-05,4984.87,4809.357861502369
TR-029478,2025-07-05,1148.65,3975.275462279568
TR-029479,2025-07-05,1389.51,1344.3154999294393
TR-029480,2025-07-05,3099.14,2756.1333850379274
TR-029481,2025-07-05,5032.11,4943.334246841649
TR-029482,2025-07-05,2166.86,2223.8329543371583
TR-029483,2025-07-05,4038.3,4041.0534002511185
TR-029484,2025-07-05,971.09,1004.7523005509613
TR-029485,2025-07-05,1033.12,995.7078432960554
TR-029486,2025-07-05,4902.03,4939.734053114635
TR-029487,2025-07-05,1627.18,1667.7922568542012
TR-029488,2025-07-05,3257.36,3181.5884522845927
TR-029489,2025-07-05,1781.19,1757.4452485114655
TR-029490,2025-07-05,5274.28,5142.4082894700405
TR-029491,2025-07-05,3670.72,3790.201995423689
TR-029492,2025-07-05,1237.53,1239.6128605322654
TR-029493,2025-07-05,1975.38,1947.0768177411674
TR-029494,2025-07-05,1599.65,1612.953138565575
TR-029495,2025-07-05,4818.53,4789.324229064934
TR-029496,2025-07-05,2984.98,2886.822914537424
TR-029497,2025-07-05,2865.45,2415.9728311009817
TR-029498,2025-07-05,3842.82,3813.044652708218
TR-029499,2025-07-05,2811.6,2613.4631639274244
TR-029500,2025-07-05,3330.61,3512.9071438550827
TR-029501,2025-07-05,3523.03,3430.013937023716
TR-029502,2025-07-05,1909.48,1885.637849286694
TR-029503,2025-07-05,4548.76,4842.782449343
TR-029504,2025-07-05,1159.26,1153.7681563770436
TR-029505,2025-07-05,1247.77,1225.9198416455129
TR-029506,2025-07-05,1182.16,1197.1919700862777
TR-029507,2025-07-05,3803.43,3992.760727094097
TR-029508,2025-07-05,4126.76,4084.7198196798577
TR-029509,2025-07-05,629.04,611.5196875257882
TR-029510,2025-07-05,2315.52,2314.615936865152
TR-029511,2025-07-05,1178.19,1120.292671252057
TR-029512,2025-07-05,1012.04,963.1816396039371
TR-029513,2025-07-05,3424.96,3250.0165584357856
TR-029514,2025-07-05,3200.94,3064.4283767783263
TR-029515,2025-07-05,4428.23,4516.180692771804
TR-029516,2025-07-05,1820.64,1855.3518830922574
TR-029517,2025-07-05,3625.07,3664.5190291790877
TR-029518,2025-07-05,1519.05,1514.2333962465814
TR-029519,2025-07-05,531.61,556.5747697178713
TR-029520,2025-07-05,2747.64,2808.4493873603033
TR-029521,2025-07-05,3235.84,3144.654779533862
TR-029522,2025-07-05,4997.88,4898.650245091833
TR-029523,2025-07-05,1250.27,1226.8194855383153
TR-029524,2025-07-05,516.91,558.2072426542525
TR-029525,2025-07-05,2731.3,2750.0169305447425
TR-029526,2025-07-05,3941.71,3388.807429379208
TR-029527,2025-07-05,1353.25,1280.371833993528
TR-029528,2025-07-05,4776.1,4629.15743448725
TR-029529,2025-07-05,2526.59,2704.4830906040274
TR-029530,2025-07-05,1818.14,1731.9079827066967
TR-029531,2025-07-05,2174.19,2135.3380811083744
TR-029532,2025-07-05,991.44,993.7045527942973
TR-029533,2025-07-05,4784.95,4681.512612933233
TR-029534,2025-07-05,1028.05,1033.2181970099025
TR-029535,2025-07-05,1485.39,1389.7274559292018
TR-029536,2025-07-05,4262.82,4332.133148746642
TR-029537,2025-07-05,1748.65,1748.369507949587
TR-029538,2025-07-05,1988.92,1906.8805612678702
TR-029539,2025-07-05,1444.01,1418.1501337168338
TR-029540,2025-07-05,4081.0,3818.262933321828
TR-029541,2025-07-05,1459.64,1461.0198262696008
TR-029542,2025-07-05,900.08,927.6101300857194
TR-029543,2025-07-05,1646.61,1605.5132955220356
TR-029544,2025-07-05,3964.59,3966.705045442468
TR-029545,2025-07-05,3882.86,3741.168104418186
TR-029546,2025-07-05,1936.38,1904.3599022428716
TR-029547,2025-07-05,1361.92,1358.8348313426648
TR-029548,2025-07-05,1124.47,1110.4721646252544
TR-029549,2025-07-05,531.52,487.6530981338085
TR-029550,2025-07-05,2413.62,2359.4110448386286
TR-029551,2025-07-05,3685.44,3818.8491790642765
TR-029552,2025-07-05,3157.83,3138.567678239324
TR-029553,2025-07-05,4308.66,4088.5747814850183
TR-029554,2025-07-05,1376.85,1381.1687163264594
TR-029555,2025-07-05,5950.82,5588.669965388102
TR-029556,2025-07-05,741.9,753.717305414588
TR-029557,2025-07-05,5594.43,5508.895378129286
TR-029558,2025-07-05,885.65,862.0928348206114
TR-029559,2025-07-05,563.63,591.3071758128604
TR-029560,2025-07-05,2970.02,2779.8999383133655
TR-029561,2025-07-05,999.72,956.7186396809232
TR-029562,2025-07-05,1337.29,1307.7984524527549
TR-029563,2025-07-05,1956.45,1922.7505558771518
TR-029564,2025-07-05,866.47,874.1122269195582
TR-029565,2025-07-05,2106.25,2090.1659155130556
TR-029566,2025-07-05,1652.09,1666.569032658882
TR-029567,2025-07-05,3442.12,3610.604976767637
TR-029568,2025-07-05,1966.63,1916.7367598871124
TR-029569,2025-07-05,1676.66,1649.0955523783966
TR-029570,2025-07-05,3054.67,3126.5772613481304
TR-029571,2025-07-05,760.97,765.146691938043
TR-029572,2025-07-05,4415.52,4199.247837042483
TR-029573,2025-07-05,3771.03,3801.537814103114
TR-029574,2025-07-05,3164.49,3200.4705362931527
TR-029575,2025-07-05,1537.25,1557.0751277154288
TR-029576,2025-07-05,1590.07,1626.888482842405
TR-029577,2025-07-05,3834.16,3754.1532598564036
TR-029578,2025-07-05,1839.86,1803.2767693389187
TR-029579,2025-07-05,1069.51,1043.6808654333463
TR-029580,2025-07-05,5041.32,5083.226964976779
TR-029581,2025-07-05,814.13,768.2826320306369
TR-029582,2025-07-05,1618.0,1656.3371316923847
TR-029583,2025-07-05,1950.61,1912.8406600306782
TR-029584,2025-07-05,1732.69,1767.0852386750605
TR-029585,2025-07-05,3900.36,4229.172862691889
TR-029586,2025-07-05,3486.55,3461.2848141491827
TR-029587,2025-07-05,763.59,733.6403477440697
TR-029588,2025-07-05,5030.16,4934.167703577105
TR-029589,2025-07-05,585.34,614.1641256899227
TR-029590,2025-07-05,2116.65,2302.0359344808176
TR-029591,2025-07-05,3020.17,3354.939322273597
TR-029592,2025-07-05,1401.68,1410.0172061266633
TR-029593,2025-07-05,2138.02,2085.9514860052286
TR-029594,2025-07-05,1205.69,1172.6663709868562
TR-029595,2025-07-05,617.46,598.5384501336875
TR-029596,2025-07-05,898.06,896.7454604232591
TR-029597,2025-07-05,1767.05,1815.7482553156858
TR-029598,2025-07-05,519.31,538.5875222553141
TR-029599,2025-07-05,2858.4,2746.6290018048358
TR-029600,2025-07-05,1773.71,1724.7619751610916
TR-029601,2025-07-05,1299.89,1334.1759375200586
TR-029602,2025-07-06,4513.23,4494.10205358575
TR-029603,2025-07-06,832.92,875.5625150612934
TR-029604,2025-07-06,1624.22,1654.1947562049013
TR-029605,2025-07-06,4360.01,3926.925075487232
TR-029606,2025-07-06,4577.93,4475.811965308369
TR-029607,2025-07-06,2299.21,2093.3732159142223
TR-029608,2025-07-06,4114.77,4123.5604500487325
TR-029609,2025-07-06,3623.95,3611.043979964613
TR-029610,2025-07-06,2856.51,2693.7839244546603
TR-029611,2025-07-06,1792.47,1795.8854377486089
TR-029612,2025-07-06,3302.2,3463.8004488620054
TR-029613,2025-07-06,1121.54,1158.443096816769
TR-029614,2025-07-06,3624.28,3761.945484545852
TR-029615,2025-07-06,4231.21,4072.9634348315726
TR-029616,2025-07-06,4312.0,4371.093801210663
TR-029617,2025-07-06,5790.14,5765.872748541249
TR-029618,2025-07-06,3368.95,3323.0527107988437
TR-029619,2025-07-06,1426.19,1417.2499674966189
TR-029620,2025-07-06,2074.09,2071.653898378598
TR-029621,2025-07-06,2532.05,2486.2490829896387
TR-029622,2025-07-06,3846.05,3625.8543275086367
TR-029623,2025-07-06,983.13,971.6632416055384
TR-029624,2025-07-06,993.18,1008.375157711019
TR-029625,2025-07-06,2680.09,2635.1962530794085
TR-029626,2025-07-06,720.22,700.8987487188281
TR-029627,2025-07-06,2238.73,2130.1411352193104
TR-029628,2025-07-06,5249.4,5090.202188547055
TR-029629,2025-07-06,3257.91,3326.279980386793
TR-029630,2025-07-06,2698.54,2717.9875490960276
TR-029631,2025-07-06,2560.74,2619.1540551084113
TR-029632,2025-07-06,1597.46,1617.9127042354792
TR-029633,2025-07-06,4475.09,4326.581451947359
TR-029634,2025-07-06,2149.52,2135.4799144648036
TR-029635,2025-07-06,3534.47,3664.1412224799114
TR-029636,2025-07-06,2347.08,2441.752005600661
TR-029637,2025-07-06,2006.6,1954.219835850451
TR-029638,2025-07-06,551.68,558.134006073612
TR-029639,2025-07-06,4003.18,4075.866815074232
TR-029640,2025-07-06,672.9,678.6784691952523
TR-029641,2025-07-06,4554.63,4591.015747892203
TR-029642,2025-07-06,815.3,842.1580251600299
TR-029643,2025-07-06,4142.67,3994.148388918301
TR-029644,2025-07-06,1249.07,1286.7172504707294
TR-029645,2025-07-06,5358.34,2184.3347794803653
TR-029646,2025-07-06,2324.37,2470.9636725515793
TR-029647,2025-07-06,2058.7,2048.1610806120693
TR-029648,2025-07-06,1350.03,1313.2522694923227
TR-029649,2025-07-06,2313.31,2336.323289837316
TR-029650,2025-07-06,575.49,559.4544146482422
TR-029651,2025-07-06,1228.85,1205.56250578979
TR-029652,2025-07-06,3264.82,3301.12792193112
TR-029653,2025-07-06,5751.03,5613.901701651775
TR-029654,2025-07-06,2347.62,2604.927732585197
TR-029655,2025-07-06,1552.41,1551.6011660290999
TR-029656,2025-07-06,1413.81,1417.5533345460892
TR-029657,2025-07-06,1316.01,1371.8631612547524
TR-029658,2025-07-06,2632.16,2781.195108239164
TR-029659,2025-07-06,1030.76,1012.5070033933151
TR-029660,2025-07-06,2266.75,2173.5545245784256
TR-029661,2025-07-06,1202.34,1253.5588022271065
TR-029662,2025-07-06,2443.58,2390.708370438031
TR-029663,2025-07-06,5707.96,5700.013479345289
TR-029664,2025-07-06,11668.74,3314.2877712985637
TR-029665,2025-07-06,1584.88,1624.6276011661978
TR-029666,2025-07-06,1362.22,1359.414215991031
TR-029667,2025-07-06,2243.83,2176.345821622033
TR-029668,2025-07-06,3100.02,3056.427223951953
TR-029669,2025-07-06,1646.85,1666.3179050696367
TR-029670,2025-07-06,1683.28,1688.8249621315683
TR-029671,2025-07-06,1896.2,1897.8673871381422
TR-029672,2025-07-06,1343.45,1269.8695815730935
TR-029673,2025-07-06,1478.1,1405.8283498100561
TR-029674,2025-07-06,4335.38,4252.518903174872
TR-029675,2025-07-06,802.27,813.0772094242911
TR-029676,2025-07-06,2015.18,1980.4557339997054
TR-029677,2025-07-06,1831.1,1767.3228981302036
TR-029678,2025-07-06,582.19,595.2983466735864
TR-029679,2025-07-06,2779.86,2665.1734482206375
TR-029680,2025-07-06,1320.15,1285.1614604608394
TR-029681,2025-07-06,964.92,1004.917540931608
TR-029682,2025-07-06,4645.47,4656.077750385006
TR-029683,2025-07-06,726.69,781.9288658403866
TR-029684,2025-07-06,819.71,824.3979665764139
TR-029685,2025-07-06,4315.1,4146.79144478474
TR-029686,2025-07-06,1078.23,1085.2509557523367
TR-029687,2025-07-06,615.1,614.7187899488492
TR-029688,2025-07-06,1115.04,1069.3560210260152
TR-029689,2025-07-06,2031.45,1997.64345614813
TR-029690,2025-07-06,3275.44,3346.5025366022624
TR-029691,2025-07-06,762.83,795.6094876114407
TR-029692,2025-07-06,2148.64,2135.722048839732
TR-029693,2025-07-06,2296.55,2194.7044550882774
TR-029694,2025-07-06,2061.38,2275.8010603734615
TR-029695,2025-07-06,3608.02,3787.7865687067824
TR-029696,2025-07-06,1782.63,1789.6774122048005
TR-029697,2025-07-06,1292.92,1256.1616388994094
TR-029698,2025-07-06,769.8,796.5884306175612
TR-029699,2025-07-06,1150.48,1099.4992414552144
TR-029700,2025-07-06,2879.67,2637.8125239457368
TR-029701,2025-07-06,1930.48,1945.515395373954
TR-029702,2025-07-06,1627.15,1630.5712654564254
TR-029703,2025-07-06,1694.67,1666.3372436378027
TR-029704,2025-07-06,2145.18,2049.4452758384064
TR-029705,2025-07-06,2370.51,2209.827016542844
TR-029706,2025-07-06,2588.12,2733.885910819934
TR-029707,2025-07-06,1268.29,1337.978480447416
TR-029708,2025-07-06,3534.89,3736.4886671584395
TR-029709,2025-07-06,2375.02,2371.5434298390874
TR-029710,2025-07-06,1489.93,1528.2986386990856
TR-029711,2025-07-06,1376.68,1380.8522246766338
TR-029712,2025-07-06,1043.58,989.1080126681636
TR-029713,2025-07-06,2071.76,2018.0225582590128
TR-029714,2025-07-06,1209.07,1174.4837325560216
TR-029715,2025-07-06,1219.22,1238.5321481615579
TR-029716,2025-07-06,1339.91,1346.143036422065
TR-029717,2025-07-06,2868.75,2834.5967369138425
TR-029718,2025-07-06,6056.34,6072.976119373674
TR-029719,2025-07-06,5099.29,5219.568190622443
TR-029720,2025-07-06,1058.21,1026.5596623231554
TR-029721,2025-07-06,2092.4,2047.7338823296009
TR-029722,2025-07-06,350.72,356.2288963695871
TR-029723,2025-07-06,2269.61,2330.362636473567
TR-029724,2025-07-06,395.91,471.8353485227699
TR-029725,2025-07-06,1758.81,1716.3197300738157
TR-029726,2025-07-06,2114.9,2100.048353110812
TR-029727,2025-07-06,4633.67,4806.220120608654
TR-029728,2025-07-06,3058.63,2867.1220710511043
TR-029729,2025-07-06,1689.52,1699.8039898755258
TR-029730,2025-07-06,928.06,909.7233766146751
TR-029731,2025-07-06,2661.19,2661.3327862341825
TR-029732,2025-07-06,2265.17,2187.8342178025646
TR-029733,2025-07-06,959.9,922.7693917360309
TR-029734,2025-07-06,2149.69,2167.0435284661457
TR-029735,2025-07-06,4293.49,4261.490428352419
TR-029736,2025-07-06,3038.18,3234.3079275700175
TR-029737,2025-07-06,743.21,736.2092966415901
TR-029738,2025-07-06,3556.04,3635.6507628270065
TR-029739,2025-07-06,1228.53,1187.1030700520491
TR-029740,2025-07-06,391.76,381.75757261401054
TR-029741,2025-07-06,2082.26,2069.0789566722747
TR-029742,2025-07-06,4870.49,4684.738481342974
TR-029743,2025-07-06,4025.95,4107.7007518866485
TR-029744,2025-07-06,4968.89,4936.188953268032
TR-029745,2025-07-06,4640.5,4612.301727333475
TR-029746,2025-07-06,608.97,570.5949253682443
TR-029747,2025-07-06,3524.86,3708.6829900071843
TR-029748,2025-07-06,1857.37,1773.3228490714096
TR-029749,2025-07-06,1908.71,1832.5961450808613
TR-029750,2025-07-06,3921.87,3883.8109588821762
TR-029751,2025-07-06,1581.72,1582.9680184773806
TR-029752,2025-07-06,1401.27,1392.9621791471059
TR-029753,2025-07-06,2245.65,2094.4385508111445
TR-029754,2025-07-06,1443.59,1395.6414851240484
TR-029755,2025-07-06,5719.02,5737.622458621507
TR-029756,2025-07-06,617.74,648.6464498484197
TR-029757,2025-07-06,3909.21,3638.89768309211
TR-029758,2025-07-06,2891.15,2646.5657863480046
TR-029759,2025-07-06,2794.91,2444.5518977858446
TR-029760,2025-07-07,3652.5,3674.4244870795787
TR-029761,2025-07-07,3208.66,3185.710018330887
TR-029762,2025-07-07,2071.21,1980.283789608245
TR-029763,2025-07-07,3513.08,3648.7913794431515
TR-029764,2025-07-07,5710.29,5394.646292256569
TR-029765,2025-07-07,1105.94,1135.5922738096356
TR-029766,2025-07-07,1810.27,1847.554932303244
TR-029767,2025-07-07,560.53,593.5861126725524
TR-029768,2025-07-07,384.65,349.9539530341199
TR-029769,2025-07-07,4203.06,4102.0968817261555
TR-029770,2025-07-07,2722.41,2445.4898877444143
TR-029771,2025-07-07,1394.22,1366.336038130164
TR-029772,2025-07-07,1754.92,1711.5272390335674
TR-029773,2025-07-07,1777.79,1794.5891369866772
TR-029774,2025-07-07,4212.42,4328.959693474328
TR-029775,2025-07-07,2088.72,2044.5549998224901
TR-029776,2025-07-07,998.63,993.4582719651264
TR-029777,2025-07-07,2251.07,2111.8691739715077
TR-029778,2025-07-07,1031.12,988.0619752130972
TR-029779,2025-07-07,3039.93,3096.3217296588027
TR-029780,2025-07-07,1076.51,1049.1619524232613
TR-029781,2025-07-07,643.11,614.9660714155582
TR-029782,2025-07-07,4946.54,4675.996476692635
TR-029783,2025-07-07,951.82,928.0900258133565
TR-029784,2025-07-07,1619.46,1597.6762883729575
TR-029785,2025-07-07,4576.49,4652.659921776802
TR-029786,2025-07-07,2157.24,2096.2645601797576
TR-029787,2025-07-07,785.28,805.9721164925684
TR-029788,2025-07-07,2011.13,2009.2194169595969
TR-029789,2025-07-07,4166.98,4063.7006122860166
TR-029790,2025-07-07,4351.72,1726.2188093982907
TR-029791,2025-07-07,2570.66,2553.0893650932007
TR-029792,2025-07-07,3764.81,3764.6519782571795
TR-029793,2025-07-07,3472.67,3442.7845263569534
TR-029794,2025-07-07,972.06,934.0863869910011
TR-029795,2025-07-07,1872.28,1857.157011951722
TR-029796,2025-07-07,2046.59,1970.9185142043566
TR-029797,2025-07-07,2179.72,2259.501532533731
TR-029798,2025-07-07,1208.32,1158.7785163796284
TR-029799,2025-07-07,812.94,818.3254230928717
TR-029800,2025-07-07,3253.63,3366.8140792958275
TR-029801,2025-07-07,3060.08,3051.8965959013267
TR-029802,2025-07-07,722.1,737.0842066886089
TR-029803,2025-07-07,952.36,966.133687943958
TR-029804,2025-07-07,1631.59,1609.2441253801262
TR-029805,2025-07-07,3728.4,3916.913629263483
TR-029806,2025-07-07,4889.84,4746.950422967886
TR-029807,2025-07-07,1196.07,1175.0422110509382
TR-029808,2025-07-07,3066.58,3139.015735251999
TR-029809,2025-07-07,3686.7,3615.6480390903052
TR-029810,2025-07-07,3348.65,3429.3138312250276
TR-029811,2025-07-07,263.32,1166.5917974490276
TR-029812,2025-07-07,1909.16,1786.9445492761315
TR-029813,2025-07-07,1118.11,1150.3012520044772
TR-029814,2025-07-07,1963.8,1978.9489939008135
TR-029815,2025-07-07,1179.95,1165.263140791585
TR-029816,2025-07-07,4140.45,4102.805975251213
TR-029817,2025-07-07,3332.63,3265.009528935636
TR-029818,2025-07-07,2996.51,3115.157234777721
TR-029819,2025-07-07,1076.08,1066.0236986549867
TR-029820,2025-07-07,5157.08,5255.473141707036
TR-029821,2025-07-07,3260.8,3370.559809134756
TR-029822,2025-07-07,2970.19,2704.4867421577856
TR-029823,2025-07-07,2531.29,2694.9359182102394
TR-029824,2025-07-07,1222.4,1253.5077372208007
TR-029825,2025-07-07,3915.5,3904.253609049165
TR-029826,2025-07-07,1649.96,1679.758834317502
TR-029827,2025-07-07,1038.42,1026.242824493137
TR-029828,2025-07-07,1105.46,1158.6441194294966
TR-029829,2025-07-07,1140.4,1170.2848798403543
TR-029830,2025-07-07,241.77,336.66847813661843
TR-029831,2025-07-07,4796.23,4766.969753822018
TR-029832,2025-07-07,2627.06,2739.360246958131
TR-029833,2025-07-07,3740.1,3725.286550879481
TR-029834,2025-07-07,705.3,716.8323585969451
TR-029835,2025-07-07,1847.01,1875.0995632678369
TR-029836,2025-07-07,2054.9,2186.795660054781
TR-029837,2025-07-07,2730.21,3057.4343460175164
TR-029838,2025-07-07,985.22,981.1197671438813
TR-029839,2025-07-07,558.22,592.3583365564452
TR-029840,2025-07-07,2056.06,2105.4297506509033
TR-029841,2025-07-07,2936.61,3000.4853219394677
TR-029842,2025-07-07,3223.34,3159.8246961157465
TR-029843,2025-07-07,4852.09,4574.954153589291
TR-029844,2025-07-07,1826.8,1860.7709850264123
TR-029845,2025-07-07,4920.45,4969.034316522755
TR-029846,2025-07-07,1646.33,1607.2864139330447
TR-029847,2025-07-07,4098.28,3867.3356544453877
TR-029848,2025-07-07,3933.73,3793.863582117775
TR-029849,2025-07-07,1846.89,1942.9470760188906
TR-029850,2025-07-07,3910.23,3855.8073074701274
TR-029851,2025-07-07,2291.12,2233.6380535684957
TR-029852,2025-07-07,1430.19,1406.803033749543
TR-029853,2025-07-07,1880.41,1877.650312503048
TR-029854,2025-07-07,1149.71,1088.5542752869223
TR-029855,2025-07-07,5071.42,5094.206974200299
TR-029856,2025-07-07,985.59,1032.220597958999
TR-029857,2025-07-07,1053.52,1091.0401995803375
TR-029858,2025-07-07,795.93,797.4224864011458
TR-029859,2025-07-07,937.62,913.0755357650946
TR-029860,2025-07-07,1773.57,1834.0548847549808
TR-029861,2025-07-07,761.96,767.440206250694
TR-029862,2025-07-07,649.15,613.0515095237329
TR-029863,2025-07-07,2634.37,2623.0735644541624
TR-029864,2025-07-07,4382.8,4321.179893035143
TR-029865,2025-07-07,6127.77,5922.872165713037
TR-029866,2025-07-07,2749.98,2934.852241770798
TR-029867,2025-07-07,2117.13,2027.8315119484475
TR-029868,2025-07-07,529.64,505.6729661120571
TR-029869,2025-07-07,1682.91,1724.5689199846486
TR-029870,2025-07-07,917.0,912.9266049644377
TR-029871,2025-07-07,1441.54,1412.7940925636726
TR-029872,2025-07-07,2108.04,2066.862102305246
TR-029873,2025-07-07,2153.45,2228.643845535431
TR-029874,2025-07-07,745.13,751.1060001509059
TR-029875,2025-07-07,4275.75,4204.890317199743
TR-029876,2025-07-07,1759.78,1681.6263972444897
TR-029877,2025-07-07,2618.05,2538.8192889341867
TR-029878,2025-07-07,1551.91,1495.0923273499536
TR-029879,2025-07-07,1207.83,1193.0978814936163
TR-029880,2025-07-07,3816.51,3913.4863438126513
TR-029881,2025-07-07,2594.91,2571.0855005470175
TR-029882,2025-07-07,1428.73,1404.8724994726667
TR-029883,2025-07-07,2385.68,2342.797857350904
TR-029884,2025-07-07,1130.41,1144.198976636404
TR-029885,2025-07-07,2666.36,2750.0502311754913
TR-029886,2025-07-07,2616.03,2428.699354838147
TR-029887,2025-07-07,2579.89,2366.16329257913
TR-029888,2025-07-07,3845.66,1176.567039650075
TR-029889,2025-07-07,1370.56,1332.1524736008241
TR-029890,2025-07-07,2076.69,2022.3105577490355
TR-029891,2025-07-07,4103.29,4106.204209862108
TR-029892,2025-07-07,3937.2,3952.545093945747
TR-029893,2025-07-07,4142.27,4123.288650618746
TR-029894,2025-07-07,4380.44,4289.685919155494
TR-029895,2025-07-07,3669.44,3633.435471579087
TR-029896,2025-07-07,5806.21,5722.096769442183
TR-029897,2025-07-07,3717.33,3711.0646943213483
TR-029898,2025-07-07,3918.62,4064.0224862720997
TR-029899,2025-07-07,762.97,726.2978204696371
TR-029900,2025-07-07,672.44,674.3328273002937
TR-029901,2025-07-07,588.46,605.2020733709192
TR-029902,2025-07-07,1780.94,1781.2964097758445
TR-029903,2025-07-07,2076.43,2272.362329185255
TR-029904,2025-07-07,2985.89,2787.3484635106815
TR-029905,2025-07-07,3520.39,3506.115684645719
TR-029906,2025-07-07,3022.93,2862.896315229915
TR-029907,2025-07-07,1485.47,1413.1608775780905
TR-029908,2025-07-07,3627.75,3670.370987640224
TR-029909,2025-07-07,1377.56,1339.3050868405765
TR-029910,2025-07-07,1005.05,951.6622988980512
TR-029911,2025-07-07,5280.81,5334.240424882164
TR-029912,2025-07-07,4152.27,4037.9559176039115
TR-029913,2025-07-07,1677.13,1679.780873257201
TR-029914,2025-07-07,308.96,396.46368893540716
TR-029915,2025-07-07,1546.41,1541.0003228697115
TR-029916,2025-07-07,1509.34,1434.8137718269136
TR-029917,2025-07-07,2598.13,2356.2996474681872
TR-029918,2025-07-07,2802.36,3016.0642929122387
TR-029919,2025-07-07,3308.09,3081.951255207109
TR-029920,2025-07-07,2575.87,2680.4914364336846
TR-029921,2025-07-08,1644.7,1596.2399663098167
TR-029922,2025-07-08,452.53,511.933465634434
TR-029923,2025-07-08,1773.86,1725.4708564651569
TR-029924,2025-07-08,5407.07,5404.453077911739
TR-029925,2025-07-08,1827.0,1834.7876473371468
TR-029926,2025-07-08,750.24,764.8951216801615
TR-029927,2025-07-08,5195.32,5085.01063103339
TR-029928,2025-07-08,1659.44,1596.1306123114246
TR-029929,2025-07-08,3807.67,3873.9183385225
TR-029930,2025-07-08,4625.88,4706.187009947292
TR-029931,2025-07-08,2559.65,2263.734837473746
TR-029932,2025-07-08,1869.96,1883.3426997094746
TR-029933,2025-07-08,1741.74,1731.3096437101892
TR-029934,2025-07-08,1864.5,1878.3570271509063
TR-029935,2025-07-08,2157.75,2131.0072146001335
TR-029936,2025-07-08,4454.91,4297.862556141259
TR-029937,2025-07-08,1846.43,1741.8871030583882
TR-029938,2025-07-08,4308.43,4432.194036556317
TR-029939,2025-07-08,2424.46,2415.0356212873244
TR-029940,2025-07-08,4293.06,4521.789265884846
TR-029941,2025-07-08,3220.54,2954.4318159412187
TR-029942,2025-07-08,1065.49,1019.0814826027722
TR-029943,2025-07-08,1055.32,1119.482214959662
TR-029944,2025-07-08,4251.67,4105.660190598961
TR-029945,2025-07-08,5234.45,5169.683486125538
TR-029946,2025-07-08,4787.27,4848.661418523904
TR-029947,2025-07-08,1742.46,1740.5911914931721
TR-029948,2025-07-08,3396.48,3371.3001074305157
TR-029949,2025-07-08,598.25,609.8719952202155
TR-029950,2025-07-08,5491.89,5311.832861553143
TR-029951,2025-07-08,2161.73,2244.562973542147
TR-029952,2025-07-08,1195.62,1173.1325045338467
TR-029953,2025-07-08,2540.32,2505.642138324183
TR-029954,2025-07-08,2806.38,2633.916473433603
TR-029955,2025-07-08,1886.19,1832.8238904923824
TR-029956,2025-07-08,2163.87,2037.7283918442938
TR-029957,2025-07-08,3004.0,2993.301565844083
TR-029958,2025-07-08,1142.68,1106.1934647035569
TR-029959,2025-07-08,2841.34,2710.3666325351596
TR-029960,2025-07-08,1825.14,1883.6205235804505
TR-029961,2025-07-08,3356.42,3400.2694800304735
TR-029962,2025-07-08,1293.11,1241.4316239479563
TR-029963,2025-07-08,3583.66,3627.096362623951
TR-029964,2025-07-08,2300.37,2234.1283741952097
TR-029965,2025-07-08,2565.53,2398.1198553656072
TR-029966,2025-07-08,2733.0,2915.397953015463
TR-029967,2025-07-08,1609.28,1550.4781344807568
TR-029968,2025-07-08,1995.25,2066.4123393921777
TR-029969,2025-07-08,1488.25,1475.0049844047805
TR-029970,2025-07-08,1984.16,1903.2689222399388
TR-029971,2025-07-08,2713.57,2725.654885261769
TR-029972,2025-07-08,2286.85,2399.6362070231985
TR-029973,2025-07-08,1124.29,1147.2162477514996
TR-029974,2025-07-08,1333.38,1283.619541316341
TR-029975,2025-07-08,3526.89,3491.372303918474
TR-029976,2025-07-08,2104.75,2301.955933137329
TR-029977,2025-07-08,1291.2,1247.999534078996
TR-029978,2025-07-08,1308.6,1311.6965789393362
TR-029979,2025-07-08,3618.61,3756.015499170224
TR-029980,2025-07-08,704.43,698.6452428238429
TR-029981,2025-07-08,3929.93,4105.169471728887
TR-029982,2025-07-08,607.63,605.3419737939098
TR-029983,2025-07-08,4203.07,4284.846169439118
TR-029984,2025-07-08,890.88,855.3026598837387
TR-029985,2025-07-08,913.71,927.9546060824127
TR-029986,2025-07-08,4293.71,4355.551837450896
TR-029987,2025-07-08,4101.92,4108.674657126039
TR-029988,2025-07-08,4916.55,4793.791693210637
TR-029989,2025-07-08,906.56,870.834300142357
TR-029990,2025-07-08,5112.96,5224.928704300179
TR-029991,2025-07-08,2354.4,2113.6839898849134
TR-029992,2025-07-08,3177.96,3166.176434238334
TR-029993,2025-07-08,4704.81,4728.012349092236
TR-029994,2025-07-08,997.17,989.5754288865171
TR-029995,2025-07-08,3777.81,3801.677077472871
TR-029996,2025-07-08,3749.13,3669.368253339195
TR-029997,2025-07-08,1585.47,1593.4420344282235
TR-029998,2025-07-08,1025.8,1037.7394170354441
TR-029999,2025-07-08,2408.88,2507.1042310600524
TR-030000,2025-07-08,1141.97,1177.106577528419
TR-030001,2025-07-08,2376.48,2277.2443793370344
TR-030002,2025-07-08,5720.81,5529.081519840621
TR-030003,2025-07-08,3627.57,3465.7117314339043
TR-030004,2025-07-08,1332.8,1294.5080482585427
TR-030005,2025-07-08,1383.7,1405.5645211036986
TR-030006,2025-07-08,2777.65,2629.9061256989958
TR-030007,2025-07-08,1368.29,1310.0880990397613
TR-030008,2025-07-08,4208.45,4047.7015344228994
TR-030009,2025-07-08,3361.33,3427.7447386345693
TR-030010,2025-07-08,1944.06,1941.623256401049
TR-030011,2025-07-08,1162.95,1158.10427971428
TR-030012,2025-07-08,2389.02,2394.075156924982
TR-030013,2025-07-08,3689.71,3838.327557638118
TR-030014,2025-07-08,2967.97,2856.5888563610115
TR-030015,2025-07-08,631.45,619.6294679869113
TR-030016,2025-07-08,257.56,709.3263127264481
TR-030017,2025-07-08,1167.59,1103.6483722325784
TR-030018,2025-07-08,2709.45,2487.2366743617504
TR-030019,2025-07-08,3697.65,3858.7686770350774
TR-030020,2025-07-08,3279.46,3315.7808822032607
TR-030021,2025-07-08,2917.16,3145.7585605319164
TR-030022,2025-07-08,867.03,877.3488531957094
TR-030023,2025-07-08,2155.12,2146.4602372598597
TR-030024,2025-07-08,648.08,658.1409733204337
TR-030025,2025-07-08,659.71,641.4024535135391
TR-030026,2025-07-08,1822.58,1816.3320255139765
TR-030027,2025-07-08,4917.64,4791.142513913158
TR-030028,2025-07-08,3390.55,3593.570233491877
TR-030029,2025-07-08,1863.17,1816.2766962581122
TR-030030,2025-07-08,1290.16,1255.5753124726873
TR-030031,2025-07-08,5068.93,4973.86268748009
TR-030032,2025-07-08,1326.82,1267.5325663313442
TR-030033,2025-07-08,654.74,643.5997300876752
TR-030034,2025-07-08,3069.03,2963.1127160154415
TR-030035,2025-07-08,3625.56,3775.2985637817105
TR-030036,2025-07-08,1111.55,1107.1734695835385
TR-030037,2025-07-08,4601.79,4590.110740403592
TR-030038,2025-07-08,2516.27,2275.1857389925626
TR-030039,2025-07-08,4506.2,4083.477663252852
TR-030040,2025-07-08,1688.02,1720.3352614929843
TR-030041,2025-07-08,1373.06,1381.4757071475155
TR-030042,2025-07-08,3881.78,3627.17824589614
TR-030043,2025-07-08,1176.33,1173.9147213342476
TR-030044,2025-07-08,1867.59,1799.7738458208628
TR-030045,2025-07-08,607.6,566.9083863325043
TR-030046,2025-07-08,1334.43,1296.7052986614717
TR-030047,2025-07-08,600.02,578.505701959306
TR-030048,2025-07-08,2020.54,2004.7667857775066
TR-030049,2025-07-08,2461.77,2504.7207920093656
TR-030050,2025-07-08,1220.34,1175.2547408593882
TR-030051,2025-07-08,1150.24,1088.2017570106298
TR-030052,2025-07-08,1171.78,1188.4239412880556
TR-030053,2025-07-08,843.66,847.0683419926097
TR-030054,2025-07-08,2932.68,2935.2568325871935
TR-030055,2025-07-08,670.67,637.2692074849649
TR-030056,2025-07-08,1821.22,1795.9555675756433
TR-030057,2025-07-08,2084.7,2177.516610148774
TR-030058,2025-07-08,1723.45,1695.125419612555
TR-030059,2025-07-08,2271.48,2182.218374566472
TR-030060,2025-07-08,1183.92,1186.2304265258372
TR-030061,2025-07-08,2355.46,2260.351686651744
TR-030062,2025-07-08,1749.53,1663.2791649472902
TR-030063,2025-07-08,3752.29,3728.5701308213875
TR-030064,2025-07-08,2078.58,2071.881560970361
TR-030065,2025-07-08,1571.22,1566.9207636365127
TR-030066,2025-07-08,1337.74,1357.7232331820603
TR-030067,2025-07-08,440.58,417.2258209085667
TR-030068,2025-07-08,2122.34,2329.864342892371
TR-030069,2025-07-08,3595.37,3635.7871593087802
TR-030070,2025-07-08,413.57,435.8416510028783
TR-030071,2025-07-08,2407.45,2669.0912677862207
TR-030072,2025-07-08,3719.01,3695.1478548256796
TR-030073,2025-07-08,2163.53,2099.328689651146
TR-030074,2025-07-08,4168.93,4351.690562850001
TR-030075,2025-07-08,3893.03,3680.7675645240943
TR-030076,2025-07-08,4797.89,4859.896779119888
TR-030077,2025-07-08,984.19,928.1350248242545
TR-030078,2025-07-08,1491.15,1500.374521852258
TR-030079,2025-07-09,1918.31,1899.0822778281063
TR-030080,2025-07-09,2505.27,2606.4749752410876
TR-030081,2025-07-09,689.7,661.5778609538568
TR-030082,2025-07-09,1177.25,1121.4790560929691
TR-030083,2025-07-09,823.68,836.5161138241874
TR-030084,2025-07-09,1586.23,1554.196493170787
TR-030085,2025-07-09,4460.44,4363.632918795204
TR-030086,2025-07-09,1179.49,1161.7214153788668
TR-030087,2025-07-09,2525.5,2477.6652949451213
TR-030088,2025-07-09,3252.7,3225.3939348326485
TR-030089,2025-07-09,861.45,808.8706184919802
TR-030090,2025-07-09,733.1,734.379800688481
TR-030091,2025-07-09,1213.49,1128.772080432354
TR-030092,2025-07-09,1021.99,1040.265584266211
TR-030093,2025-07-09,3560.52,3400.423723173356
TR-030094,2025-07-09,1125.27,1061.6539526420706
TR-030095,2025-07-09,597.85,585.9014971702973
TR-030096,2025-07-09,2443.73,2285.7860937674473
TR-030097,2025-07-09,1196.88,1174.3948802663044
TR-030098,2025-07-09,3787.41,3975.448442288448
TR-030099,2025-07-09,2504.91,2332.439959370793
TR-030100,2025-07-09,1114.16,1103.0021858547143
TR-030101,2025-07-09,1617.52,1572.8044820051387
TR-030102,2025-07-09,699.76,687.963642134287
TR-030103,2025-07-09,2677.13,2688.3758241713977
TR-030104,2025-07-09,2589.23,2405.8384728713672
TR-030105,2025-07-09,4836.0,4638.529279445496
TR-030106,2025-07-09,5216.09,5060.054802756871
TR-030107,2025-07-09,2488.39,2400.1613728516986
TR-030108,2025-07-09,3721.62,3787.6008290947775
TR-030109,2025-07-09,2798.5,2485.863991176099
TR-030110,2025-07-09,4221.43,4059.1199428343757
TR-030111,2025-07-09,2899.95,2684.4984634718644
TR-030112,2025-07-09,2060.38,1933.4924662035899
TR-030113,2025-07-09,3093.4,3064.955079750678
TR-030114,2025-07-09,1694.08,1717.3321172100582
TR-030115,2025-07-09,376.78,367.0093228025155
TR-030116,2025-07-09,2573.8,2578.52383042774
TR-030117,2025-07-09,573.61,600.0974418965579
TR-030118,2025-07-09,1731.16,1737.3123635421912
TR-030119,2025-07-09,4923.86,4872.9837740845105
TR-030120,2025-07-09,2370.49,2396.4155122218535
TR-030121,2025-07-09,3468.06,3571.0359937199337
TR-030122,2025-07-09,2957.67,2678.3594804827985
TR-030123,2025-07-09,1015.2,1016.9047093077444
TR-030124,2025-07-09,2925.94,2721.038870083864
TR-030125,2025-07-09,1204.9,1175.505028674342
TR-030126,2025-07-09,2264.18,2185.787054899326
TR-030127,2025-07-09,538.31,534.3197816999327
TR-030128,2025-07-09,4180.35,4020.318713342129
TR-030129,2025-07-09,790.68,783.5815877878329
TR-030130,2025-07-09,858.02,843.4212068199845
TR-030131,2025-07-09,2210.64,2386.8632980006196
TR-030132,2025-07-09,2130.31,2079.494993983023
TR-030133,2025-07-09,5376.03,5406.196028289138
TR-030134,2025-07-09,1368.21,1321.9401177349662
TR-030135,2025-07-09,880.62,834.5149152867145
TR-030136,2025-07-09,2633.33,2531.0379306830923
TR-030137,2025-07-09,3214.93,3135.048721995904
TR-030138,2025-07-09,1410.07,1367.9768719070366
TR-030139,2025-07-09,1544.25,1456.377371209323
TR-030140,2025-07-09,4028.53,3933.376877922783
TR-030141,2025-07-09,1131.34,1075.8630825498014
TR-030142,2025-07-09,6253.88,6033.1349085792535
TR-030143,2025-07-09,837.32,798.8908286838798
TR-030144,2025-07-09,345.24,345.7130623017322
TR-030145,2025-07-09,604.66,590.878891957577
TR-030146,2025-07-09,5490.92,5379.179652874476
TR-030147,2025-07-09,3548.48,3690.0146859849683
TR-030148,2025-07-09,561.47,553.5164800437601
TR-030149,2025-07-09,2610.84,2537.5904763582985
TR-030150,2025-07-09,4107.71,4171.74357752315
TR-030151,2025-07-09,4673.1,4706.876652449442
TR-030152,2025-07-09,1018.93,1028.2196960836725
TR-030153,2025-07-09,1963.42,1908.7576474451057
TR-030154,2025-07-09,4096.14,4095.1863059590855
TR-030155,2025-07-09,1261.07,1226.4726828721318
TR-030156,2025-07-09,1047.4,1066.980761593862
TR-030157,2025-07-09,1491.03,1509.2319176499866
TR-030158,2025-07-09,1871.14,1804.1546412278421
TR-030159,2025-07-09,941.58,932.561729487888
TR-030160,2025-07-09,1051.8,1012.1050223543119
TR-030161,2025-07-09,2295.37,2256.3982099724217
TR-030162,2025-07-09,2309.83,2472.104039993941
TR-030163,2025-07-09,1752.57,1717.8194415873415
TR-030164,2025-07-09,947.02,930.5574746402181
TR-030165,2025-07-09,4639.86,4697.046087982668
TR-030166,2025-07-09,2156.39,2078.0830089534147
TR-030167,2025-07-09,641.98,655.9151006063435
TR-030168,2025-07-09,4130.83,3954.5365790373844
TR-030169,2025-07-09,1977.38,1953.0726371532835
TR-030170,2025-07-09,5432.18,5149.603957595138
TR-030171,2025-07-09,4457.44,4408.1048178096535
TR-030172,2025-07-09,3381.78,3424.1544775753955
TR-030173,2025-07-09,2422.81,2295.8805958327516
TR-030174,2025-07-09,1628.56,1607.8798063793824
TR-030175,2025-07-09,1832.26,1823.4858810475646
TR-030176,2025-07-09,1625.66,1595.8650565553075
TR-030177,2025-07-09,2032.0,1951.3184640615032
TR-030178,2025-07-09,2439.62,2352.9666757017367
TR-030179,2025-07-09,5210.28,5033.639819619362
TR-030180,2025-07-09,358.61,384.4526585108208
TR-030181,2025-07-09,823.5,797.3588681423926
TR-030182,2025-07-09,4181.78,4231.794860633576
TR-030183,2025-07-09,4156.52,4193.001736477423
TR-030184,2025-07-09,4388.84,4401.878512342454
TR-030185,2025-07-09,5057.59,4975.001431694444
TR-030186,2025-07-09,1095.22,1058.7048646144976
TR-030187,2025-07-09,2087.95,2034.0411694028714
TR-030188,2025-07-09,1689.82,1561.2036151028365
TR-030189,2025-07-09,3016.53,3020.8342918599924
TR-030190,2025-07-09,1074.18,1070.135231580245
TR-030191,2025-07-09,2452.29,2719.8049431397408
TR-030192,2025-07-09,3536.39,3871.95162588764
TR-030193,2025-07-09,1477.74,1473.0457675850598
TR-030194,2025-07-09,642.44,592.5920714283293
TR-030195,2025-07-09,3963.63,3753.5781004232604
TR-030196,2025-07-09,3875.7,3915.0475786082234
TR-030197,2025-07-09,1852.71,1830.0901345794618
TR-030198,2025-07-09,2701.94,2757.647887513759
TR-030199,2025-07-09,3050.6,2843.816295971953
TR-030200,2025-07-09,3908.63,3929.1341754528685
TR-030201,2025-07-09,5504.76,5117.583871503385
TR-030202,2025-07-09,2968.73,3047.6551980550184
TR-030203,2025-07-09,3858.33,3850.606314350075
TR-030204,2025-07-09,3713.37,3509.610237117926
TR-030205,2025-07-09,2952.19,2714.1205541477966
TR-030206,2025-07-09,1505.23,1427.6514618350986
TR-030207,2025-07-09,4231.6,4112.980082926451
TR-030208,2025-07-09,1402.44,1437.0362951310806
TR-030209,2025-07-09,1783.63,1785.9966559728239
TR-030210,2025-07-09,3698.1,3789.0553105197396
TR-030211,2025-07-09,1377.03,1311.4114828278541
TR-030212,2025-07-09,1098.53,1099.0576082584803
TR-030213,2025-07-09,1137.98,1127.8962949914574
TR-030214,2025-07-09,2549.82,2476.5843333031753
TR-030215,2025-07-09,1003.06,990.3302563045133
TR-030216,2025-07-09,4588.11,4278.633493191297
TR-030217,2025-07-09,5099.39,5068.791939799366
TR-030218,2025-07-09,1361.85,1373.683769311821
TR-030219,2025-07-09,394.67,396.63405498518046
TR-030220,2025-07-09,6025.48,5802.887357906682
TR-030221,2025-07-09,1032.94,1025.8624509229712
TR-030222,2025-07-09,1722.75,1701.707697719462
TR-030223,2025-07-09,900.24,902.0091132157506
TR-030224,2025-07-09,3537.12,3635.5687284947453
TR-030225,2025-07-09,2312.7,2179.9497730135226
TR-030226,2025-07-09,1830.89,1857.1101220872229
TR-030227,2025-07-09,1321.23,1257.7181499921205
TR-030228,2025-07-09,1245.3,1278.018761333553
TR-030229,2025-07-09,3730.35,3767.290446885142
TR-030230,2025-07-09,2628.19,2702.614676721215
TR-030231,2025-07-09,968.65,974.0085341459101
TR-030232,2025-07-09,4748.61,4693.707679846413
TR-030233,2025-07-09,5015.01,4898.235845739487
TR-030234,2025-07-09,4412.43,4384.400318530939
TR-030235,2025-07-09,1411.03,1427.2806078684198
TR-030236,2025-07-09,3444.42,3441.741965691403
TR-030237,2025-07-09,2415.31,2434.1577475710715
TR-030238,2025-07-09,4379.17,4394.386669444888
TR-030239,2025-07-10,2373.65,2187.728168351766
TR-030240,2025-07-10,897.34,856.0471297982247
TR-030241,2025-07-10,3399.79,3511.229325179397
TR-030242,2025-07-10,3815.85,3580.478165518832
TR-030243,2025-07-10,1815.89,1741.3004959991465
TR-030244,2025-07-10,1045.47,1101.7726679876603
TR-030245,2025-07-10,5115.5,4777.249582270617
TR-030246,2025-07-10,4418.0,4345.06798166764
TR-030247,2025-07-10,9195.08,2357.5741185557663
TR-030248,2025-07-10,1737.14,1702.2774449007786
TR-030249,2025-07-10,2628.29,2570.650279846558
TR-030250,2025-07-10,2058.62,2027.0875447608335
TR-030251,2025-07-10,2239.98,2175.968222513462
TR-030252,2025-07-10,4130.03,4046.1186717264654
TR-030253,2025-07-10,1099.01,1084.641118985539
TR-030254,2025-07-10,2180.16,2077.656681032851
TR-030255,2025-07-10,805.51,816.5107074106345
TR-030256,2025-07-10,1829.67,1755.8368176575714
TR-030257,2025-07-10,2870.07,2936.154822492864
TR-030258,2025-07-10,831.31,861.2113818674243
TR-030259,2025-07-10,3472.38,3213.720078837722
TR-030260,2025-07-10,1791.11,1806.2626244195712
TR-030261,2025-07-10,2803.99,2828.375900144072
TR-030262,2025-07-10,4313.93,4366.729545834596
TR-030263,2025-07-10,3828.95,3740.103567562916
TR-030264,2025-07-10,2358.71,2483.734567741724
TR-030265,2025-07-10,2316.84,2123.4118061866207
TR-030266,2025-07-10,1707.48,1587.9215229357444
TR-030267,2025-07-10,2163.0,2160.5422627919406
TR-030268,2025-07-10,2203.3,2261.322674059659
TR-030269,2025-07-10,1684.25,1625.4543610439966
TR-030270,2025-07-10,4289.7,4331.687364714576
TR-030271,2025-07-10,380.61,406.84190817918306
TR-030272,2025-07-10,1298.18,1245.366654806734
TR-030273,2025-07-10,1886.23,1805.3546781858504
TR-030274,2025-07-10,1955.39,1937.4163573777
TR-030275,2025-07-10,1886.21,1907.7733080187447
TR-030276,2025-07-10,3753.04,3569.1981201380913
TR-030277,2025-07-10,2574.13,2401.16151980799
TR-030278,2025-07-10,4267.8,4019.812263892465
TR-030279,2025-07-10,3311.28,3275.0077266289063
TR-030280,2025-07-10,1200.02,1207.0537483492408
TR-030281,2025-07-10,712.33,730.6272139678797
TR-030282,2025-07-10,1962.96,722.4619777005491
TR-030283,2025-07-10,1430.89,1396.40879338975
TR-030284,2025-07-10,2426.25,2412.3650593744574
TR-030285,2025-07-10,1671.53,1613.072558004725
TR-030286,2025-07-10,2926.74,2847.6907410978356
TR-030287,2025-07-10,3778.76,3958.624123688098
TR-030288,2025-07-10,1679.51,1660.5366917110232
TR-030289,2025-07-10,1128.63,1121.4080689784573
TR-030290,2025-07-10,828.3,825.9647346070849
TR-030291,2025-07-10,4702.08,4732.474592640074
TR-030292,2025-07-10,3554.06,3743.6385007521835
TR-030293,2025-07-10,4086.68,4130.815295620963
TR-030294,2025-07-10,1080.81,1053.6406574599303
TR-030295,2025-07-10,1453.52,1415.9048274957063
TR-030296,2025-07-10,3467.68,3453.7778717859555
TR-030297,2025-07-10,4546.52,4225.489283564926
TR-030298,2025-07-10,1278.08,1319.6632564400898
TR-030299,2025-07-10,731.19,735.8940485781281
TR-030300,2025-07-10,1134.64,1124.484083479105
TR-030301,2025-07-10,3798.22,3850.4990535620063
TR-030302,2025-07-10,2234.27,2388.9953696487387
TR-030303,2025-07-10,2035.77,2033.2729461713222
TR-030304,2025-07-10,3139.08,3092.227796333854
TR-030305,2025-07-10,4340.03,4337.9710781240965
TR-030306,2025-07-10,4249.28,4038.102077626241
TR-030307,2025-07-10,3411.75,3455.5317664073764
TR-030308,2025-07-10,3009.16,2906.4068030093576
TR-030309,2025-07-10,1207.36,1144.2326269057558
TR-030310,2025-07-10,4002.13,3846.0804056566853
TR-030311,2025-07-10,4302.23,4186.048827450523
TR-030312,2025-07-10,857.92,847.2377963540446
TR-030313,2025-07-10,773.56,748.4541030378487
TR-030314,2025-07-10,1566.2,1548.8240800941571
TR-030315,2025-07-10,1251.91,1255.2524212113226
TR-030316,2025-07-10,3722.25,3574.954005512878
TR-030317,2025-07-10,630.34,640.5878767849263
TR-030318,2025-07-10,5218.42,5123.214895333463
TR-030319,2025-07-10,2452.12,2359.3024986758264
TR-030320,2025-07-10,2518.98,2430.152743056132
TR-030321,2025-07-10,768.57,3405.194633070946
TR-030322,2025-07-10,2055.19,2021.4541536274369
TR-030323,2025-07-10,4238.49,3942.8350470590203
TR-030324,2025-07-10,2802.16,2763.400760657025
TR-030325,2025-07-10,1195.69,1192.2210601866013
TR-030326,2025-07-10,4291.58,4258.429903361126
TR-030327,2025-07-10,294.68,418.293422551156
TR-030328,2025-07-10,3353.23,3421.0322752568336
TR-030329,2025-07-10,1854.9,1780.501192159328
TR-030330,2025-07-10,1700.99,1706.971778677439
TR-030331,2025-07-10,1917.99,1852.1190784840496
TR-030332,2025-07-10,1547.92,1567.2921934983394
TR-030333,2025-07-10,3888.68,3911.410820314939
TR-030334,2025-07-10,400.03,450.2606067712495
TR-030335,2025-07-10,1767.35,1741.4655834365135
TR-030336,2025-07-10,1314.74,1283.8745843571155
TR-030337,2025-07-10,1294.11,1310.0241193260827
TR-030338,2025-07-10,2455.29,2573.143529553483
TR-030339,2025-07-10,4729.75,4369.497638959341
TR-030340,2025-07-10,695.57,660.9289358791227
TR-030341,2025-07-10,1738.57,1675.7426855193971
TR-030342,2025-07-10,975.29,4469.465962313579
TR-030343,2025-07-10,1077.35,1044.3207623244657
TR-030344,2025-07-10,2142.74,2101.8773445508477
TR-030345,2025-07-10,1849.91,1928.8538961887234
TR-030346,2025-07-10,4137.3,4052.1633847630746
TR-030347,2025-07-10,1639.8,1662.798136562747
TR-030348,2025-07-10,1812.31,1758.1358972210612
TR-030349,2025-07-10,620.69,626.3628550133978
TR-030350,2025-07-10,1084.15,1044.8479770680974
TR-030351,2025-07-10,515.33,566.8773945482685
TR-030352,2025-07-10,1316.25,1248.234510774288
TR-030353,2025-07-10,2280.68,2300.552330511533
TR-030354,2025-07-10,3007.69,2901.1480582303984
TR-030355,2025-07-10,1363.17,1342.1624356275256
TR-030356,2025-07-10,4101.61,4280.929715642416
TR-030357,2025-07-10,1003.31,951.2200948688378
TR-030358,2025-07-10,2185.23,2062.054024855032
TR-030359,2025-07-10,2191.39,2147.901083027696
TR-030360,2025-07-10,1186.89,1155.4545309023297
TR-030361,2025-07-10,2535.9,2388.4624084226243
TR-030362,2025-07-10,4237.3,3976.1702937626023
TR-030363,2025-07-10,1843.28,1866.6882060433582
TR-030364,2025-07-10,1822.83,1776.5047568303773
TR-030365,2025-07-10,3137.89,2967.643119780649
TR-030366,2025-07-10,2146.76,2083.5580016147046
TR-030367,2025-07-10,2687.1,2759.416227171952
TR-030368,2025-07-10,2147.47,2142.3531419885203
TR-030369,2025-07-10,4108.07,4179.5212545472095
TR-030370,2025-07-10,1903.09,1889.524975576886
TR-030371,2025-07-10,2883.01,2526.0978358600023
TR-030372,2025-07-10,2023.87,2111.5056143872675
TR-030373,2025-07-10,1971.33,1795.50483915199
TR-030374,2025-07-10,674.36,659.3990321295205
TR-030375,2025-07-10,1124.0,1112.592045858383
TR-030376,2025-07-10,1550.5,1461.061475141314
TR-030377,2025-07-10,1232.56,1259.6476055583153
TR-030378,2025-07-10,1603.28,1575.1204275698865
TR-030379,2025-07-10,1544.9,1516.91016299538
TR-030380,2025-07-10,3028.0,3105.616563527363
TR-030381,2025-07-10,2550.07,2396.9534045049527
TR-030382,2025-07-10,1308.99,1272.0559715073719
TR-030383,2025-07-10,1108.93,1070.4092121910485
TR-030384,2025-07-10,2976.55,2975.121065774684
TR-030385,2025-07-10,2039.29,2049.6275435703797
TR-030386,2025-07-10,736.1,674.7543580364961
TR-030387,2025-07-10,1757.22,1725.613693173222
TR-030388,2025-07-10,1886.66,1843.2998752869696
TR-030389,2025-07-10,2177.86,2135.1415374961152
TR-030390,2025-07-10,1975.47,1954.5498120985224
TR-030391,2025-07-10,2197.73,2041.4915004684442
TR-030392,2025-07-10,4356.37,4251.196114551065
TR-030393,2025-07-10,3877.58,3918.094820486719
TR-030394,2025-07-10,1302.0,1286.041517062452
TR-030395,2025-07-10,775.05,755.1772951228038
TR-030396,2025-07-10,1347.03,1309.5492963994457
TR-030397,2025-07-10,581.53,556.5934956443289
TR-030398,2025-07-10,3562.07,3493.6642649047612
TR-030399,2025-07-10,405.35,406.15267916472385
TR-030400,2025-07-10,588.0,542.245070791281
TR-030401,2025-07-11,1740.14,1709.474570588889
TR-030402,2025-07-11,1564.51,1568.4923597239178
TR-030403,2025-07-11,1679.46,1604.2468857622102
TR-030404,2025-07-11,1687.22,1719.4429170239812
TR-030405,2025-07-11,2442.57,2410.672653645888
TR-030406,2025-07-11,1238.04,1199.3670964562805
TR-030407,2025-07-11,2698.28,2443.2728043648717
TR-030408,2025-07-11,773.41,780.3061585709586
TR-030409,2025-07-11,1929.35,2001.0177311479065
TR-030410,2025-07-11,3519.09,3237.36846200328
TR-030411,2025-07-11,2017.2,1977.9519741797753
TR-030412,2025-07-11,1633.32,1547.9229675228235
TR-030413,2025-07-11,2553.12,2373.9362883361514
TR-030414,2025-07-11,578.85,565.0209173714927
TR-030415,2025-07-11,3201.57,3234.089538534816
TR-030416,2025-07-11,1568.48,1539.511997983188
TR-030417,2025-07-11,3257.96,3338.536528641063
TR-030418,2025-07-11,1342.88,1283.2744590613001
TR-030419,2025-07-11,1549.37,1505.7659578508296
TR-030420,2025-07-11,2016.18,2281.3664274297707
TR-030421,2025-07-11,1807.82,1737.7025621011283
TR-030422,2025-07-11,2456.53,2402.3824576478646
TR-030423,2025-07-11,256.45,356.6051661403824
TR-030424,2025-07-11,1855.24,1810.9752940217713
TR-030425,2025-07-11,6266.37,6112.490281787432
TR-030426,2025-07-11,2498.42,2427.9291284423516
TR-030427,2025-07-11,582.19,546.3660848394186
TR-030428,2025-07-11,1228.6,1203.3811519185942
TR-030429,2025-07-11,1076.83,1011.2422224261865
TR-030430,2025-07-11,2763.46,2701.590035730972
TR-030431,2025-07-11,1941.54,1921.2966773752123
TR-030432,2025-07-11,3633.13,3774.7291835384985
TR-030433,2025-07-11,2720.36,2531.4211762743926
TR-030434,2025-07-11,5767.46,5737.959606948951
TR-030435,2025-07-11,2016.79,1923.2562176442993
TR-030436,2025-07-11,1727.51,1689.7097802262806
TR-030437,2025-07-11,4757.05,4786.717811837243
TR-030438,2025-07-11,944.04,879.8392609472746
TR-030439,2025-07-11,790.33,732.1618707137893
TR-030440,2025-07-11,1726.64,1604.368928734312
TR-030441,2025-07-11,3629.97,3458.718238548229
TR-030442,2025-07-11,1918.28,1938.426761175988
TR-030443,2025-07-11,2981.44,2995.07221405747
TR-030444,2025-07-11,1716.55,1744.5536288292642
TR-030445,2025-07-11,1875.33,1917.0552824328406
TR-030446,2025-07-11,2205.88,2094.624289775991
TR-030447,2025-07-11,2371.55,2372.788875190268
TR-030448,2025-07-11,5144.32,5068.883091454583
TR-030449,2025-07-11,1227.77,1254.3692764129664
TR-030450,2025-07-11,3896.53,3747.578371356761
TR-030451,2025-07-11,4977.66,5265.723467243531
TR-030452,2025-07-11,3240.86,3534.7168334682983
TR-030453,2025-07-11,4136.94,4252.236816148232
TR-030454,2025-07-11,3811.69,3893.656990862555
TR-030455,2025-07-11,2211.05,2089.171718038506
TR-030456,2025-07-11,609.87,606.1821315237412
TR-030457,2025-07-11,4873.99,5067.971688811963
TR-030458,2025-07-11,1712.44,1654.6361068388205
TR-030459,2025-07-11,3403.88,3618.359826670144
TR-030460,2025-07-11,1405.33,1358.0782916613307
TR-030461,2025-07-11,2890.52,2945.0270052477645
TR-030462,2025-07-11,3143.44,3056.647981013626
TR-030463,2025-07-11,5108.04,4961.567252127068
TR-030464,2025-07-11,2972.43,2767.2389957748574
TR-030465,2025-07-11,3229.92,3182.7193512936074
TR-030466,2025-07-11,1971.93,1913.7415543900083
TR-030467,2025-07-11,1076.73,1054.5151136642298
TR-030468,2025-07-11,4037.3,3996.43902242767
TR-030469,2025-07-11,1659.3,1614.448392033837
TR-030470,2025-07-11,2284.14,2327.4566012635096
TR-030471,2025-07-11,991.96,989.1438579674709
TR-030472,2025-07-11,594.84,570.8393613486141
TR-030473,2025-07-11,784.37,782.3734168680012
TR-030474,2025-07-11,1538.29,1550.437828813691
TR-030475,2025-07-11,1152.41,1163.6377383903182
TR-030476,2025-07-11,4525.25,4316.412438259593
TR-030477,2025-07-11,3744.87,3562.4483747067657
TR-030478,2025-07-11,1418.62,1401.9791147013211
TR-030479,2025-07-11,3954.39,3931.564626390085
TR-030480,2025-07-11,2609.26,2668.021335019737
TR-030481,2025-07-11,3343.63,3148.450429526186
TR-030482,2025-07-11,4015.8,3878.9917209838686
TR-030483,2025-07-11,1243.34,1275.8499955455222
TR-030484,2025-07-11,2871.44,2703.682641346395
TR-030485,2025-07-11,2062.09,2015.5869132356293
TR-030486,2025-07-11,2870.35,3035.5960563697813
TR-030487,2025-07-11,2793.09,2635.460693689271
TR-030488,2025-07-11,902.09,889.7256380221486
TR-030489,2025-07-11,2013.0,1951.12647444949
TR-030490,2025-07-11,3207.33,2939.8657915605795
TR-030491,2025-07-11,1914.13,1858.9504143402635
TR-030492,2025-07-11,3882.52,3843.533698470882
TR-030493,2025-07-11,3690.44,3434.6534284697473
TR-030494,2025-07-11,4747.59,4741.048444950389
TR-030495,2025-07-11,3456.02,3711.4836222817685
TR-030496,2025-07-11,901.88,930.6540136729036
TR-030497,2025-07-11,1081.31,1041.2489084423587
TR-030498,2025-07-11,6305.98,6057.9263796228215
TR-030499,2025-07-11,1607.62,1584.3028721534565
TR-030500,2025-07-11,1065.25,1086.8987465116668
TR-030501,2025-07-11,2274.3,2215.674997676723
TR-030502,2025-07-11,3016.82,3145.218294043878
TR-030503,2025-07-11,1667.35,1711.4218209200694
TR-030504,2025-07-11,2061.53,2004.8805736368768
TR-030505,2025-07-11,728.28,700.8844289058968
TR-030506,2025-07-11,1035.0,1064.1785568008154
TR-030507,2025-07-11,1563.21,1520.0866965568066
TR-030508,2025-07-11,494.43,478.9753289447294
TR-030509,2025-07-11,5725.17,5465.369012719783
TR-030510,2025-07-11,3514.5,3591.159354015753
TR-030511,2025-07-11,1358.99,611.3978852956493
TR-030512,2025-07-11,1260.8,1315.663302334921
TR-030513,2025-07-11,2303.83,2184.3187709106783
TR-030514,2025-07-11,1474.65,1512.5961067294459
TR-030515,2025-07-11,1980.45,2040.0567578918467
TR-030516,2025-07-11,648.69,579.2954783913017
TR-030517,2025-07-11,1927.79,1884.3391364172296
TR-030518,2025-07-11,2517.17,2463.0452205692554
TR-030519,2025-07-11,854.89,791.2743294700776
TR-030520,2025-07-11,2100.29,2041.5154247107635
TR-030521,2025-07-11,1407.3,1403.1202375103485
TR-030522,2025-07-11,1717.31,1706.4010571785038
TR-030523,2025-07-11,1245.57,1248.374495622043
TR-030524,2025-07-11,1140.16,1117.7266490665088
TR-030525,2025-07-11,4513.38,4260.339650001832
TR-030526,2025-07-11,2390.61,2370.0387726679714
TR-030527,2025-07-11,1673.86,1640.6769173876144
TR-030528,2025-07-11,1820.79,1811.6322482979544
TR-030529,2025-07-11,750.35,750.7569005184585
TR-030530,2025-07-11,4190.89,4280.82462550123
TR-030531,2025-07-11,2012.11,1994.5605045737216
TR-030532,2025-07-11,3836.62,3659.37064471832
TR-030533,2025-07-11,2113.91,2105.80659255475
TR-030534,2025-07-11,4424.19,4137.181686029397
TR-030535,2025-07-11,2616.67,2575.197240736546
TR-030536,2025-07-11,1467.73,1366.3709439667105
TR-030537,2025-07-11,2481.8,2659.954610968799
TR-030538,2025-07-11,4759.82,4586.181433000829
TR-030539,2025-07-11,1546.1,1604.6722440225135
TR-030540,2025-07-11,4014.1,4001.370290613689
TR-030541,2025-07-11,1434.29,1409.8019419209227
TR-030542,2025-07-11,1683.92,1699.8442192191433
TR-030543,2025-07-11,1553.15,1577.7060562098168
TR-030544,2025-07-11,4921.95,4794.083757360642
TR-030545,2025-07-11,5103.52,5046.509855901524
TR-030546,2025-07-11,203.79,336.1604595780277
TR-030547,2025-07-11,4157.51,4119.920939692389
TR-030548,2025-07-11,4497.89,4491.242338952818
TR-030549,2025-07-11,3280.06,3182.4685972521766
TR-030550,2025-07-11,1327.62,1319.0272585414216
TR-030551,2025-07-11,1087.12,1087.380311527544
TR-030552,2025-07-11,3872.4,3912.9095184881335
TR-030553,2025-07-11,3950.65,3761.776571229474
TR-030554,2025-07-11,396.96,1118.6646041059962
TR-030555,2025-07-11,4706.47,4680.707191216036
TR-030556,2025-07-12,1582.52,1563.0676550167582
TR-030557,2025-07-12,3375.78,3487.4399664737293
TR-030558,2025-07-12,361.11,362.75064599922393
TR-030559,2025-07-12,1166.72,1115.36715768977
TR-030560,2025-07-12,2139.92,2064.947122076591
TR-030561,2025-07-12,2030.05,2017.7176950154226
TR-030562,2025-07-12,4349.07,4302.916097748217
TR-030563,2025-07-12,1344.15,1331.679643294968
TR-030564,2025-07-12,1898.77,1861.447206847656
TR-030565,2025-07-12,1205.38,1128.0271375393763
TR-030566,2025-07-12,2329.47,2215.7357867347646
TR-030567,2025-07-12,1630.6,1571.6033671701696
TR-030568,2025-07-12,534.63,541.3033997333789
TR-030569,2025-07-12,1904.16,1855.0733910465228
TR-030570,2025-07-12,1168.73,1166.3954861989143
TR-030571,2025-07-12,1959.68,1903.2279522543859
TR-030572,2025-07-12,2508.14,2325.282930538738
TR-030573,2025-07-12,4582.06,4793.148402952513
TR-030574,2025-07-12,736.17,745.2068875360446
TR-030575,2025-07-12,764.43,728.4807984448801
TR-030576,2025-07-12,763.81,753.942577518316
TR-030577,2025-07-12,1079.94,1074.2843466005254
TR-030578,2025-07-12,1192.53,1199.2641015354377
TR-030579,2025-07-12,5799.27,5741.827428496314
TR-030580,2025-07-12,1582.17,1588.0670433285754
TR-030581,2025-07-12,1676.06,1689.657633649611
TR-030582,2025-07-12,2518.79,2391.454885736371
TR-030583,2025-07-12,1434.59,1392.7277661166847
TR-030584,2025-07-12,3122.35,3296.6561426059275
TR-030585,2025-07-12,2640.3,2725.549386578737
TR-030586,2025-07-12,1778.52,1734.9882638527095
TR-030587,2025-07-12,2479.15,2459.5701327469174
TR-030588,2025-07-12,685.37,661.1825810968307
TR-030589,2025-07-12,1066.85,1061.2845830697293
TR-030590,2025-07-12,3171.73,2942.8619292026324
TR-030591,2025-07-12,4594.73,4641.450143773478
TR-030592,2025-07-12,3667.36,3819.278368384278
TR-030593,2025-07-12,1420.59,1372.9503075202488
TR-030594,2025-07-12,1896.84,1825.8268898813376
TR-030595,2025-07-12,3049.71,3228.5293775702407
TR-030596,2025-07-12,2454.58,2304.4175897381247
TR-030597,2025-07-12,2328.88,2341.719751714324
TR-030598,2025-07-12,3695.67,3597.3801846358137
TR-030599,2025-07-12,1544.7,1592.6557748260552
TR-030600,2025-07-12,1097.2,1085.6220083726503
TR-030601,2025-07-12,1766.12,1746.4587806539516
TR-030602,2025-07-12,1892.28,1924.4190350821832
TR-030603,2025-07-12,3538.64,3884.5024258829108
TR-030604,2025-07-12,1708.49,1815.6962555209643
TR-030605,2025-07-12,1969.98,2017.3961210445439
TR-030606,2025-07-12,1063.53,1030.4143651233387
TR-030607,2025-07-12,1824.22,1727.567995524675
TR-030608,2025-07-12,920.38,930.7458162351156
TR-030609,2025-07-12,549.54,565.451854740267
TR-030610,2025-07-12,1028.6,1008.7545481949778
TR-030611,2025-07-12,2544.72,2528.225748277625
TR-030612,2025-07-12,1414.68,1445.1570920405438
TR-030613,2025-07-12,2685.28,2539.3615079028564
TR-030614,2025-07-12,1794.12,1816.511264763968
TR-030615,2025-07-12,469.04,477.7003648790653
TR-030616,2025-07-12,1121.45,1090.138899227406
TR-030617,2025-07-12,1261.64,1249.4955467326454
TR-030618,2025-07-12,2416.93,2393.487737599289
TR-030619,2025-07-12,3306.46,3319.798014236585
TR-030620,2025-07-12,3423.76,3387.6610605281357
TR-030621,2025-07-12,2065.96,2137.9695760566838
TR-030622,2025-07-12,3673.45,3974.1283766384026
TR-030623,2025-07-12,1820.89,1803.5005233603601
TR-030624,2025-07-12,1541.39,1599.1867538395509
TR-030625,2025-07-12,1480.38,1461.1329282590837
TR-030626,2025-07-12,2345.65,2104.108179306503
TR-030627,2025-07-12,1568.51,1607.871320955203
TR-030628,2025-07-12,1455.5,1487.3506255211541
TR-030629,2025-07-12,974.69,991.7889574272428
TR-030630,2025-07-12,1895.5,1952.8268292093242
TR-030631,2025-07-12,3538.73,3577.4208392309956
TR-030632,2025-07-12,2672.73,2407.340399288973
TR-030633,2025-07-12,2396.84,2608.727116176475
TR-030634,2025-07-12,4997.41,5157.374068172853
TR-030635,2025-07-12,1796.96,1818.9721374444935
TR-030636,2025-07-12,2174.18,2315.946404941088
TR-030637,2025-07-12,929.42,899.5068131463217
TR-030638,2025-07-12,3609.71,3602.6677606154735
TR-030639,2025-07-12,3369.42,3550.783867227795
TR-030640,2025-07-12,1764.02,1778.9182277295392
TR-030641,2025-07-12,2527.27,2496.1598513150243
TR-030642,2025-07-12,2434.39,2394.339402871294
TR-030643,2025-07-12,4391.45,4325.513639996343
TR-030644,2025-07-12,5340.69,5353.491392302109
TR-030645,2025-07-12,2170.43,2104.179835324589
TR-030646,2025-07-12,2875.23,2578.8722378261627
TR-030647,2025-07-12,1592.63,1536.170573704156
TR-030648,2025-07-12,3549.24,3317.4399931962794
TR-030649,2025-07-12,1244.92,1245.0730269296541
TR-030650,2025-07-12,4750.92,4839.454441656147
TR-030651,2025-07-12,3673.59,3542.50925736198
TR-030652,2025-07-12,711.95,676.8635499166669
TR-030653,2025-07-12,1691.69,1671.890771641342
TR-030654,2025-07-12,1057.38,1028.9987178676124
TR-030655,2025-07-12,3207.56,3101.928371812068
TR-030656,2025-07-12,4242.07,4233.037446538862
TR-030657,2025-07-12,2981.6,3216.578672253818
TR-030658,2025-07-12,2336.97,2324.127667303361
TR-030659,2025-07-12,1592.75,1534.1695998226946
TR-030660,2025-07-12,907.85,923.4460620999484
TR-030661,2025-07-12,1193.71,1179.922525552604
TR-030662,2025-07-12,4044.97,4210.21038311309
TR-030663,2025-07-12,3819.9,3899.9555190580586
TR-030664,2025-07-12,1546.66,1579.7690709030096
TR-030665,2025-07-12,2363.33,2379.57265919523
TR-030666,2025-07-12,2516.06,2454.104036491721
TR-030667,2025-07-12,1652.35,1642.625511195984
TR-030668,2025-07-12,3516.22,3166.1466091345264
TR-030669,2025-07-12,1213.38,1223.6771738310797
TR-030670,2025-07-12,311.81,329.00997105367696
TR-030671,2025-07-12,4175.17,4167.964378552786
TR-030672,2025-07-12,616.27,616.2489554529886
TR-030673,2025-07-12,930.57,968.2620798693142
TR-030674,2025-07-12,3309.52,3274.48323185392
TR-030675,2025-07-12,962.96,964.5070897133564
TR-030676,2025-07-12,1625.64,1533.6173460737468
TR-030677,2025-07-12,3408.91,3328.8182084212103
TR-030678,2025-07-12,1557.97,1475.2448672107269
TR-030679,2025-07-12,704.47,708.9322065246374
TR-030680,2025-07-12,1518.98,1426.7525316423357
TR-030681,2025-07-12,1854.9,1808.7024246239123
TR-030682,2025-07-12,4060.4,4025.0715811328964
TR-030683,2025-07-12,2872.47,2870.7348521402137
TR-030684,2025-07-12,1076.42,1062.8549347018843
TR-030685,2025-07-12,2616.71,2818.134299212673
TR-030686,2025-07-12,4186.0,3969.7346838384556
TR-030687,2025-07-12,2203.03,2236.540558383452
TR-030688,2025-07-12,1471.4,1502.5647433685197
TR-030689,2025-07-12,2784.21,2747.1342986850223
TR-030690,2025-07-12,3814.26,3865.883081237902
TR-030691,2025-07-12,3154.85,3113.1651825990116
TR-030692,2025-07-12,2507.85,2383.9818749711985
TR-030693,2025-07-12,5414.25,5460.447733966832
TR-030694,2025-07-12,575.56,559.4413082308797
TR-030695,2025-07-12,1374.42,1376.26965834149
TR-030696,2025-07-12,1435.82,1416.073848384906
TR-030697,2025-07-12,4016.37,4229.031746762578
TR-030698,2025-07-12,1648.54,1605.3332700414974
TR-030699,2025-07-12,2480.34,2482.6339061894882
TR-030700,2025-07-12,1034.17,1024.2069210091177
TR-030701,2025-07-12,977.65,958.161067574747
TR-030702,2025-07-12,714.25,667.8868281200519
TR-030703,2025-07-12,2850.62,2981.4975232649394
TR-030704,2025-07-12,1600.92,1593.1991908103416
TR-030705,2025-07-12,1677.72,1678.3890480336017
TR-030706,2025-07-12,59.68,293.6695505388939
TR-030707,2025-07-12,3532.44,3385.331840909902
TR-030708,2025-07-12,1879.21,1836.4483376326784
TR-030709,2025-07-12,2405.92,2243.3872458553187
TR-030710,2025-07-12,1425.36,1440.1924918978104
TR-030711,2025-07-12,486.47,494.7955340755991
TR-030712,2025-07-12,780.01,822.6066502389319
TR-030713,2025-07-12,1003.71,1027.8015435638688
TR-030714,2025-07-12,2800.97,2817.4557088432666
TR-030715,2025-07-12,2940.64,3079.0505247937776
TR-030716,2025-07-12,4458.97,4296.653056384778
TR-030717,2025-07-12,4685.49,4530.607738514816
TR-030718,2025-07-12,1684.33,1741.5674801076773
TR-030719,2025-07-12,4721.65,4428.107495713959
TR-030720,2025-07-12,2561.63,2587.621786342521
TR-030721,2025-07-12,1475.77,1502.1210820965227
TR-030722,2025-07-12,571.08,547.5056444137042
TR-030723,2025-07-12,3343.04,3424.119112316837
TR-030724,2025-07-12,2666.67,2548.474479481254
TR-030725,2025-07-12,2231.48,2261.956279282504
TR-030726,2025-07-12,1740.67,1727.9326474437278
TR-030727,2025-07-12,295.75,334.07204423803137
TR-030728,2025-07-12,644.13,647.8750588713203
TR-030729,2025-07-12,354.52,378.8117710402971
TR-030730,2025-07-12,4311.95,4272.345524160441
TR-030731,2025-07-12,2156.22,2172.582544957045
TR-030732,2025-07-12,4086.56,3949.9051319292525
TR-030733,2025-07-12,3823.2,3960.673670180879
TR-030734,2025-07-12,473.3,521.7163714402254
TR-030735,2025-07-12,4622.8,4742.958876096183
TR-030736,2025-07-12,2396.05,2334.73186331484
TR-030737,2025-07-12,778.53,770.7244324617593
TR-030738,2025-07-12,1814.43,1762.921699613742
TR-030739,2025-07-12,4568.56,4567.629097214881
TR-030740,2025-07-12,1514.04,1393.4572871205824
TR-030741,2025-07-12,1044.81,1099.6019788194758
TR-030742,2025-07-12,5089.15,5171.634028344733
TR-030743,2025-07-12,911.34,896.9532761754124
TR-030744,2025-07-12,4526.11,4452.112149572846
TR-030745,2025-07-12,610.41,584.8138342164359
TR-030746,2025-07-12,3760.95,3538.320454172632
TR-030747,2025-07-13,1561.4,1558.8890014504868
TR-030748,2025-07-13,3410.5,3418.7737473727675
TR-030749,2025-07-13,891.18,857.9454482229344
TR-030750,2025-07-13,4795.16,1954.858808070448
TR-030751,2025-07-13,732.38,718.8282826645318
TR-030752,2025-07-13,3658.81,3824.9067828650745
TR-030753,2025-07-13,4145.37,4094.515972600966
TR-030754,2025-07-13,4839.33,4853.784404443701
TR-030755,2025-07-13,2113.95,2029.4236375407063
TR-030756,2025-07-13,871.33,886.7396811035355
TR-030757,2025-07-13,2287.78,2512.7112315024906
TR-030758,2025-07-13,2152.13,2101.611792418842
TR-030759,2025-07-13,1151.15,1099.5737592536125
TR-030760,2025-07-13,2182.98,2217.6649484883633
TR-030761,2025-07-13,2230.67,2331.30516030911
TR-030762,2025-07-13,3598.75,3556.4842760658803
TR-030763,2025-07-13,1064.0,1013.2231548365253
TR-030764,2025-07-13,2085.06,2063.4878908927467
TR-030765,2025-07-13,1122.73,1142.4699784209586
TR-030766,2025-07-13,1218.41,1234.5445769541436
TR-030767,2025-07-13,1345.82,1403.406813379076
TR-030768,2025-07-13,1028.05,1025.608927950213
TR-030769,2025-07-13,1481.63,1553.557289694907
TR-030770,2025-07-13,1943.03,1929.3985807644149
TR-030771,2025-07-13,1314.1,1333.9517262487475
TR-030772,2025-07-13,503.1,503.1604248438696
TR-030773,2025-07-13,3726.14,3629.0561263553172
TR-030774,2025-07-13,3682.73,3523.9655638507265
TR-030775,2025-07-13,2048.55,2108.1902480559743
TR-030776,2025-07-13,1550.27,1524.840724077656
TR-030777,2025-07-13,4022.07,3985.624235324317
TR-030778,2025-07-13,2326.7,2278.777011798091
TR-030779,2025-07-13,4410.95,4334.7484250509315
TR-030780,2025-07-13,890.93,889.8992125290829
TR-030781,2025-07-13,4992.12,4929.798502565953
TR-030782,2025-07-13,1165.89,1091.9884304217608
TR-030783,2025-07-13,880.74,830.4051111106924
TR-030784,2025-07-13,2021.66,1814.0210737702014
TR-030785,2025-07-13,2022.06,2029.0149833106627
TR-030786,2025-07-13,1722.7,1682.0170464094642
TR-030787,2025-07-13,892.59,905.223083459369
TR-030788,2025-07-13,1356.1,1284.1384544623247
TR-030789,2025-07-13,1649.67,1654.3559322022816
TR-030790,2025-07-13,1674.54,1702.9209442022238
TR-030791,2025-07-13,2784.88,2436.767246812271
TR-030792,2025-07-13,2383.43,2474.102915470237
TR-030793,2025-07-13,6065.51,5999.945184397729
TR-030794,2025-07-13,1786.01,1696.2703846353954
TR-030795,2025-07-13,688.99,667.6043472610943
TR-030796,2025-07-13,1462.35,1416.0713769880376
TR-030797,2025-07-13,3999.47,4064.5420149480824
TR-030798,2025-07-13,1255.88,1206.5356884824705
TR-030799,2025-07-13,3450.04,3318.831704082525
TR-030800,2025-07-13,1675.24,1669.0715595037145
TR-030801,2025-07-13,751.2,743.8923461999234
TR-030802,2025-07-13,585.86,560.6950714374714
TR-030803,2025-07-13,1035.13,1024.244497798581
TR-030804,2025-07-13,1359.53,1317.4630647524511
TR-030805,2025-07-13,3773.57,3617.6489701170694
TR-030806,2025-07-13,912.34,924.413865347791
TR-030807,2025-07-13,1452.6,1406.388949846426
TR-030808,2025-07-13,1307.3,1258.243243931609
TR-030809,2025-07-13,969.11,947.5780490296031
TR-030810,2025-07-13,1623.84,1517.4483126479022
TR-030811,2025-07-13,1252.32,1239.3745377757882
TR-030812,2025-07-13,2470.29,2545.3125020951206
TR-030813,2025-07-13,2556.21,2438.191671730317
TR-030814,2025-07-13,2082.85,2062.7965894604495
TR-030815,2025-07-13,2757.5,2690.7084316281575
TR-030816,2025-07-13,3779.43,3837.7794514677053
TR-030817,2025-07-13,1377.33,1300.4426116273721
TR-030818,2025-07-13,4038.49,3961.7308712168583
TR-030819,2025-07-13,3006.92,2794.9510744813592
TR-030820,2025-07-13,3780.45,3775.274007998987
TR-030821,2025-07-13,2387.39,2292.856654182151
TR-030822,2025-07-13,782.79,764.5798609778324
TR-030823,2025-07-13,2206.75,2132.3726139211817
TR-030824,2025-07-13,2122.49,2049.754806453851
TR-030825,2025-07-13,845.86,837.4799711470328
TR-030826,2025-07-13,997.28,955.9019958012866
TR-030827,2025-07-13,3989.15,3991.3501116409125
TR-030828,2025-07-13,2744.55,2811.765519142623
TR-030829,2025-07-13,2058.37,1943.4937892682751
TR-030830,2025-07-13,2030.82,2216.500625483082
TR-030831,2025-07-13,2759.22,2568.2545980843615
TR-030832,2025-07-13,1293.41,1282.856598159151
TR-030833,2025-07-13,3960.48,4142.113472036715
TR-030834,2025-07-13,2090.8,2039.2159246436672
TR-030835,2025-07-13,2241.72,2428.9538559189323
TR-030836,2025-07-13,982.02,1002.1456547533209
TR-030837,2025-07-13,2406.93,2397.1631759997495
TR-030838,2025-07-13,2246.31,2306.060749959333
TR-030839,2025-07-13,2783.66,2926.9188725559657
TR-030840,2025-07-13,836.56,821.1556505155058
TR-030841,2025-07-13,2043.29,1946.9504556182671
TR-030842,2025-07-13,749.7,782.7893367574532
TR-030843,2025-07-13,1154.47,1141.5047307657144
TR-030844,2025-07-13,4325.3,4309.0348310008285
TR-030845,2025-07-13,993.97,1007.2740334257337
TR-030846,2025-07-13,4314.78,4431.345063881014
TR-030847,2025-07-13,1145.24,1117.555086311063
TR-030848,2025-07-13,2522.14,2452.169618385815
TR-030849,2025-07-13,1627.4,1670.1044405659043
TR-030850,2025-07-13,728.41,725.6266416335125
TR-030851,2025-07-13,4217.09,4209.262629680575
TR-030852,2025-07-13,2064.09,1977.1132364252232
TR-030853,2025-07-13,224.9,295.91747577017327
TR-030854,2025-07-13,4429.42,4460.909376954967
TR-030855,2025-07-13,1670.59,1623.340801159126
TR-030856,2025-07-13,758.79,764.6481704264554
TR-030857,2025-07-13,312.99,304.71680103964945
TR-030858,2025-07-13,1001.52,979.8982024360125
TR-030859,2025-07-13,4827.69,4696.166145260346
TR-030860,2025-07-13,1874.57,1850.745867688674
TR-030861,2025-07-13,2071.3,2085.599208238888
TR-030862,2025-07-13,2351.95,2373.9007878744424
TR-030863,2025-07-13,1383.51,1353.9737730426993
TR-030864,2025-07-13,1265.86,1318.296534419137
TR-030865,2025-07-13,5283.97,5172.389707671782
TR-030866,2025-07-13,476.03,438.805527076599
TR-030867,2025-07-13,1370.24,1336.8064876532603
TR-030868,2025-07-13,5702.78,5915.260102587338
TR-030869,2025-07-13,3011.81,3032.7638797036425
TR-030870,2025-07-13,1532.49,1405.6270256729347
TR-030871,2025-07-13,3866.94,3821.7664471936278
TR-030872,2025-07-13,3950.52,3881.4121982641773
TR-030873,2025-07-13,4226.81,4308.295531378339
TR-030874,2025-07-13,5382.71,5190.812352062782
TR-030875,2025-07-13,2018.87,1968.973469453153
TR-030876,2025-07-13,3086.11,3421.844232820774
TR-030877,2025-07-13,4798.13,4826.050744439569
TR-030878,2025-07-13,1544.93,1573.2499225086742
TR-030879,2025-07-13,1991.18,2015.9224449105016
TR-030880,2025-07-13,4780.32,4692.7921722385545
TR-030881,2025-07-13,2628.64,2742.800497431148
TR-030882,2025-07-13,4926.8,4819.130982666959
TR-030883,2025-07-13,610.35,613.2266026963327
TR-030884,2025-07-13,3336.06,3536.3963849248785
TR-030885,2025-07-13,1596.0,1510.6727084116776
TR-030886,2025-07-13,2594.37,2694.461710972598
TR-030887,2025-07-13,3417.87,3352.6233979933695
TR-030888,2025-07-13,2348.52,2242.363027547232
TR-030889,2025-07-13,2193.11,2109.4884975191544
TR-030890,2025-07-13,4082.08,4204.14003532648
TR-030891,2025-07-13,3871.02,4032.356639142409
TR-030892,2025-07-13,3108.39,951.5102230898258
TR-030893,2025-07-13,1075.32,1100.4996704617217
TR-030894,2025-07-13,2217.93,2308.3045763782134
TR-030895,2025-07-13,4549.32,4290.306407163445
TR-030896,2025-07-13,1084.28,1056.1135989618247
TR-030897,2025-07-13,4767.36,4649.010241700033
TR-030898,2025-07-13,764.55,734.9658055931532
TR-030899,2025-07-13,997.07,1035.151783553993
TR-030900,2025-07-13,774.46,778.6447191262694
TR-030901,2025-07-13,3827.37,3883.590097964179
TR-030902,2025-07-13,1156.04,1126.776615911202
TR-030903,2025-07-13,4714.08,4592.284513953076
TR-030904,2025-07-13,2065.24,2035.1452467239221
TR-030905,2025-07-13,1196.57,1238.6486862708175
TR-030906,2025-07-13,2054.27,2097.9290748267827
TR-030907,2025-07-13,2010.15,1974.2119246965963
TR-030908,2025-07-13,3822.26,3747.416977309056
TR-030909,2025-07-13,2478.38,2456.666745731829
TR-030910,2025-07-13,780.67,732.128719449893
TR-030911,2025-07-13,1592.78,1466.2615012749698
TR-030912,2025-07-13,2316.17,2214.236269418681
TR-030913,2025-07-13,1645.68,1641.819212401378
TR-030914,2025-07-13,2027.85,2024.4702427677012
TR-030915,2025-07-13,3920.49,4108.441419822389
TR-030916,2025-07-13,3775.64,3790.605455175367
TR-030917,2025-07-13,890.78,877.7299048347056
TR-030918,2025-07-13,1499.46,1564.4381636509715
TR-030919,2025-07-13,1149.11,1138.2810545441275
TR-030920,2025-07-13,1464.45,1488.8939184281098
TR-030921,2025-07-13,3451.49,3404.0130254374526
TR-030922,2025-07-13,706.48,709.1530670963305
TR-030923,2025-07-14,2013.79,2001.1610877714809
TR-030924,2025-07-14,3977.13,3804.247067740551
TR-030925,2025-07-14,5355.59,5335.325310733051
TR-030926,2025-07-14,1544.71,1468.6090320744588
TR-030927,2025-07-14,1495.6,1467.0527979193753
TR-030928,2025-07-14,5172.64,5048.554657040353
TR-030929,2025-07-14,4011.1,3984.9555040785176
TR-030930,2025-07-14,4097.64,4212.986042965813
TR-030931,2025-07-14,3050.75,3344.0665549038386
TR-030932,2025-07-14,3216.84,3176.2754322522414
TR-030933,2025-07-14,4303.41,4279.393797638259
TR-030934,2025-07-14,4481.51,4572.224094992187
TR-030935,2025-07-14,2716.36,2559.195583548793
TR-030936,2025-07-14,361.91,384.83778528367543
TR-030937,2025-07-14,2253.82,2089.6020072306246
TR-030938,2025-07-14,1106.54,1095.5791359345812
TR-030939,2025-07-14,1002.36,1016.8997715625223
TR-030940,2025-07-14,1052.89,1029.7986342099625
TR-030941,2025-07-14,1256.28,1270.6478177845229
TR-030942,2025-07-14,898.29,840.002962540472
TR-030943,2025-07-14,2864.99,2843.074136666786
TR-030944,2025-07-14,493.72,484.4140037213135
TR-030945,2025-07-14,3072.58,2997.862850232656
TR-030946,2025-07-14,3324.84,3055.152234548802
TR-030947,2025-07-14,3688.5,3684.790200048903
TR-030948,2025-07-14,4177.2,4090.814435864512
TR-030949,2025-07-14,2966.57,2760.8017585306966
TR-030950,2025-07-14,1790.77,1829.468161818948
TR-030951,2025-07-14,1451.46,1508.8530324763133
TR-030952,2025-07-14,5975.08,5469.995093162763
TR-030953,2025-07-14,3176.69,3011.3506964687094
TR-030954,2025-07-14,1851.57,1829.2285987883374
TR-030955,2025-07-14,891.32,883.4107160199285
TR-030956,2025-07-14,2053.22,2117.146633475573
TR-030957,2025-07-14,4609.63,4699.909796029555
TR-030958,2025-07-14,557.59,586.7014669406103
TR-030959,2025-07-14,983.41,964.0030110693808
TR-030960,2025-07-14,2910.22,2812.8547866697277
TR-030961,2025-07-14,3494.0,3478.9988973550744
TR-030962,2025-07-14,2544.98,2540.3081595153767
TR-030963,2025-07-14,576.24,556.1119455886214
TR-030964,2025-07-14,3613.63,3811.1148080977464
TR-030965,2025-07-14,923.25,938.0583756809312
TR-030966,2025-07-14,803.51,831.006239196967
TR-030967,2025-07-14,3835.93,3909.6769801344644
TR-030968,2025-07-14,2299.7,2340.4723884769
TR-030969,2025-07-14,268.86,344.5983667990947
TR-030970,2025-07-14,2823.78,2951.670910579169
TR-030971,2025-07-14,2509.41,2476.485763832351
TR-030972,2025-07-14,525.15,537.1481516402634
TR-030973,2025-07-14,6516.72,6043.413829013095
TR-030974,2025-07-14,1006.11,1026.0076781523007
TR-030975,2025-07-14,612.21,613.257308400335
TR-030976,2025-07-14,1769.34,1745.1807254737457
TR-030977,2025-07-14,1720.02,1704.0407300677734
TR-030978,2025-07-14,2189.38,2092.727914097877
TR-030979,2025-07-14,1169.63,1154.769466808078
TR-030980,2025-07-14,4376.89,4407.5787274402655
TR-030981,2025-07-14,977.71,960.873805830618
TR-030982,2025-07-14,1104.31,1063.6891012471378
TR-030983,2025-07-14,2072.97,2061.283782011931
TR-030984,2025-07-14,779.65,750.5580603695364
TR-030985,2025-07-14,1560.35,1560.6073958548745
TR-030986,2025-07-14,2303.43,2402.0646380314683
TR-030987,2025-07-14,2279.06,2125.2388860073934
TR-030988,2025-07-14,2300.43,2366.6324448803266
TR-030989,2025-07-14,1673.65,1614.9605269993729
TR-030990,2025-07-14,1723.8,1727.0399231117985
TR-030991,2025-07-14,3718.98,3623.9680626323507
TR-030992,2025-07-14,1468.72,1492.9533869691181
TR-030993,2025-07-14,1572.4,1494.1834405346935
TR-030994,2025-07-14,3572.98,3515.6819765670157
TR-030995,2025-07-14,3963.91,3869.2835610044694
TR-030996,2025-07-14,792.37,770.3051500688844
TR-030997,2025-07-14,5696.87,5473.712501555103
TR-030998,2025-07-14,1882.51,1876.4302982895756
TR-030999,2025-07-14,4295.23,4454.735817741397
TR-031000,2025-07-14,4404.9,4290.823361399992
TR-031001,2025-07-14,3129.2,2764.5364389162564
TR-031002,2025-07-14,2553.5,2507.849737840673
TR-031003,2025-07-14,2700.92,2643.0654804516103
TR-031004,2025-07-14,2590.21,2624.1363257276344
TR-031005,2025-07-14,602.57,589.4181303440453
TR-031006,2025-07-14,1227.94,1250.6985285662445
TR-031007,2025-07-14,721.77,701.8185102200866
TR-031008,2025-07-14,4337.99,4145.1440742947725
TR-031009,2025-07-14,2459.35,2485.6862725228157
TR-031010,2025-07-14,1605.46,1555.4661142248042
TR-031011,2025-07-14,600.87,622.8074399798963
TR-031012,2025-07-14,3474.14,3510.7770753771715
TR-031013,2025-07-14,2100.13,2006.7966475924109
TR-031014,2025-07-14,1609.27,1633.2318351237811
TR-031015,2025-07-14,2206.95,2115.572343219094
TR-031016,2025-07-14,758.87,758.8557387661403
TR-031017,2025-07-14,3492.31,3435.8486602222474
TR-031018,2025-07-14,4109.53,4341.548927836364
TR-031019,2025-07-14,926.82,3980.3374893525797
TR-031020,2025-07-14,753.27,764.4789477671932
TR-031021,2025-07-14,964.44,957.3446526872087
TR-031022,2025-07-14,4574.6,4452.537828497935
TR-031023,2025-07-14,4116.38,3950.831486503523
TR-031024,2025-07-14,1782.79,1767.4425159407594
TR-031025,2025-07-14,3802.08,3720.981946466821
TR-031026,2025-07-14,1654.42,1583.9659861126697
TR-031027,2025-07-14,1943.65,1876.702190718602
TR-031028,2025-07-14,3136.73,2953.1718075050753
TR-031029,2025-07-14,1297.39,1333.130316958942
TR-031030,2025-07-14,1042.42,996.1954046791352
TR-031031,2025-07-14,3822.67,3860.794747544793
TR-031032,2025-07-14,5929.17,5300.4424192496535
TR-031033,2025-07-14,1563.33,1567.9236486471377
TR-031034,2025-07-14,2962.14,2852.577801382143
TR-031035,2025-07-14,1850.69,1844.5115777521232
TR-031036,2025-07-14,1720.99,1751.5352147498306
TR-031037,2025-07-14,3956.97,3878.641756085267
TR-031038,2025-07-14,3841.23,3825.0506044065073
TR-031039,2025-07-14,2380.76,2393.9884071962147
TR-031040,2025-07-14,2062.37,2036.8778298576663
TR-031041,2025-07-14,3842.0,3688.588597447977
TR-031042,2025-07-14,4003.37,4003.1839806590074
TR-031043,2025-07-14,1204.56,1152.7905829594158
TR-031044,2025-07-14,4140.39,4253.805195110173
TR-031045,2025-07-14,1642.24,1673.4891773196496
TR-031046,2025-07-14,3859.46,4006.8462726546895
TR-031047,2025-07-14,3440.06,3491.93143493582
TR-031048,2025-07-14,1980.59,2048.5725432680724
TR-031049,2025-07-14,1241.76,1227.1225928909503
TR-031050,2025-07-14,5052.56,4726.0611649608345
TR-031051,2025-07-14,646.7,623.8847766849833
TR-031052,2025-07-14,2707.19,2635.1497965837316
TR-031053,2025-07-14,2378.42,2431.746739141194
TR-031054,2025-07-14,1021.92,995.8407411868723
TR-031055,2025-07-14,245.71,347.13738670608427
TR-031056,2025-07-14,2792.66,2720.790953445636
TR-031057,2025-07-14,1017.63,1002.9477372716143
TR-031058,2025-07-14,1481.47,1520.187794570302
TR-031059,2025-07-14,3440.83,3541.6726638193577
TR-031060,2025-07-14,1930.82,1963.1781369434716
TR-031061,2025-07-14,2200.07,2128.5300630518036
TR-031062,2025-07-14,1918.97,1898.4355135505907
TR-031063,2025-07-14,492.71,497.11124581669606
TR-031064,2025-07-14,2663.21,2754.281255328329
TR-031065,2025-07-14,4484.12,4331.141970160262
TR-031066,2025-07-14,2557.11,2653.8225106433956
TR-031067,2025-07-14,6359.0,5997.900717373324
TR-031068,2025-07-14,2028.09,1965.2968205914615
TR-031069,2025-07-14,4856.54,4729.7388266212
TR-031070,2025-07-14,2566.75,2541.718739227531
TR-031071,2025-07-14,915.73,903.2773115182524
TR-031072,2025-07-14,1850.23,1848.0072186355171
TR-031073,2025-07-14,2802.59,3074.9251411661844
TR-031074,2025-07-14,1813.98,1835.179634227612
TR-031075,2025-07-14,3495.35,3385.6769248842393
TR-031076,2025-07-15,1028.63,1041.5999924266343
TR-031077,2025-07-15,1828.3,1770.714120635522
TR-031078,2025-07-15,2828.32,2705.6666194354
TR-031079,2025-07-15,3718.96,3872.2723060821213
TR-031080,2025-07-15,4411.76,4448.654005716873
TR-031081,2025-07-15,4700.02,4667.041488607641
TR-031082,2025-07-15,2703.15,2537.182792932328
TR-031083,2025-07-15,4170.96,4240.513679818502
TR-031084,2025-07-15,4538.81,4479.25355514958
TR-031085,2025-07-15,3463.97,3570.535544167261
TR-031086,2025-07-15,3837.61,3757.9949640896552
TR-031087,2025-07-15,5519.2,5458.6421044343215
TR-031088,2025-07-15,5481.82,5437.6939132933185
TR-031089,2025-07-15,3898.57,3901.1117076744486
TR-031090,2025-07-15,1834.62,1829.6761441070707
TR-031091,2025-07-15,1468.29,1432.5315996969136
TR-031092,2025-07-15,1661.76,1638.371034161053
TR-031093,2025-07-15,588.42,614.9787902310775
TR-031094,2025-07-15,2997.65,2835.6767347133887
TR-031095,2025-07-15,1070.62,1024.4203941526926
TR-031096,2025-07-15,4025.89,3921.517089780783
TR-031097,2025-07-15,4861.52,4654.370321580986
TR-031098,2025-07-15,2101.44,2053.4911672586686
TR-031099,2025-07-15,1330.11,1349.5990016687138
TR-031100,2025-07-15,1647.97,1694.258861299481
TR-031101,2025-07-15,1394.12,1412.1461508552843
TR-031102,2025-07-15,4231.14,4224.612470690627
TR-031103,2025-07-15,3402.55,3732.5231787683842
TR-031104,2025-07-15,2128.61,2000.133473470357
TR-031105,2025-07-15,896.3,905.2392846988325
TR-031106,2025-07-15,1146.04,1148.4213576890227
TR-031107,2025-07-15,1149.63,1093.0527315239747
TR-031108,2025-07-15,3900.59,3912.661596362256
TR-031109,2025-07-15,3886.51,3902.4770883012466
TR-031110,2025-07-15,3857.69,3811.482880674983
TR-031111,2025-07-15,2637.05,2420.7535374551962
TR-031112,2025-07-15,4026.81,3974.3389322188723
TR-031113,2025-07-15,1483.61,1386.6725342810337
TR-031114,2025-07-15,880.63,869.1996318692056
TR-031115,2025-07-15,589.95,626.5905649430197
TR-031116,2025-07-15,2619.05,2705.8826161345255
TR-031117,2025-07-15,3670.22,3484.1158450906914
TR-031118,2025-07-15,1033.64,1016.7382587019002
TR-031119,2025-07-15,1960.16,1916.1882730079828
TR-031120,2025-07-15,1133.6,1142.7965872968011
TR-031121,2025-07-15,3569.07,3707.8245725848237
TR-031122,2025-07-15,4496.11,4375.647457924766
TR-031123,2025-07-15,2192.77,2323.803891027334
TR-031124,2025-07-15,3462.35,3443.8064325913847
TR-031125,2025-07-15,1051.27,1033.0163966132022
TR-031126,2025-07-15,1908.66,1973.0421631396825
TR-031127,2025-07-15,4779.51,4797.0113829203365
TR-031128,2025-07-15,2800.39,2938.976188837672
TR-031129,2025-07-15,2132.27,2134.0811809207235
TR-031130,2025-07-15,1962.71,1922.4293633396321
TR-031131,2025-07-15,5061.61,1667.0765071222972
TR-031132,2025-07-15,1779.31,1832.6431220764716
TR-031133,2025-07-15,438.84,500.75167135779
TR-031134,2025-07-15,2242.32,2222.688419869801
TR-031135,2025-07-15,4073.44,4104.859112322351
TR-031136,2025-07-15,1908.18,1869.2014028174863
TR-031137,2025-07-15,5592.89,5441.552121825092
TR-031138,2025-07-15,2374.3,2300.20848180439
TR-031139,2025-07-15,2479.34,2471.7611063064387
TR-031140,2025-07-15,2058.89,2008.908303073161
TR-031141,2025-07-15,4651.51,4665.405744690466
TR-031142,2025-07-15,1987.29,1985.2765869053474
TR-031143,2025-07-15,5591.08,5374.923213821876
TR-031144,2025-07-15,542.36,562.8759703221349
TR-031145,2025-07-15,312.92,391.6782253921458
TR-031146,2025-07-15,3781.76,3766.3796394114274
TR-031147,2025-07-15,1869.74,1889.111651985981
TR-031148,2025-07-15,4280.67,4295.0835466077115
TR-031149,2025-07-15,1131.43,1136.9330801267986
TR-031150,2025-07-15,3590.05,3625.4568095163218
TR-031151,2025-07-15,2061.73,2062.5673831766685
TR-031152,2025-07-15,5802.66,5476.8332550847545
TR-031153,2025-07-15,730.52,736.9407089386727
TR-031154,2025-07-15,723.46,690.8278584950908
TR-031155,2025-07-15,839.57,843.8256609170373
TR-031156,2025-07-15,1120.67,1138.2835872248509
TR-031157,2025-07-15,1005.61,1010.5087857259339
TR-031158,2025-07-15,2175.61,2366.279643779852
TR-031159,2025-07-15,4050.58,4108.547998958051
TR-031160,2025-07-15,4662.18,4560.345547227885
TR-031161,2025-07-15,2313.21,2204.714730145453
TR-031162,2025-07-15,2513.39,2452.3042095213186
TR-031163,2025-07-15,2475.03,2291.6614003127497
TR-031164,2025-07-15,3052.91,3143.343551751892
TR-031165,2025-07-15,1141.87,1119.5035231015797
TR-031166,2025-07-15,1415.54,1419.8477694248909
TR-031167,2025-07-15,4309.52,4320.208363655468
TR-031168,2025-07-15,2297.18,2136.725498572614
TR-031169,2025-07-15,1373.21,1365.8567319764925
TR-031170,2025-07-15,3165.42,3054.3634722170946
TR-031171,2025-07-15,673.4,636.6250459477681
TR-031172,2025-07-15,3618.84,3382.6315216932107
TR-031173,2025-07-15,2676.5,2351.4783106361706
TR-031174,2025-07-15,4056.98,4267.385389543948
TR-031175,2025-07-15,1185.63,1150.2659591454435
TR-031176,2025-07-15,4080.45,3963.6224734404127
TR-031177,2025-07-15,1156.3,1154.6179187942025
TR-031178,2025-07-15,912.09,919.5430349894696
TR-031179,2025-07-15,3341.52,3166.788638417529
TR-031180,2025-07-15,4128.74,3990.042057269021
TR-031181,2025-07-15,6109.42,5914.021354524761
TR-031182,2025-07-15,885.35,879.6964643224396
TR-031183,2025-07-15,1100.5,1093.7261598846435
TR-031184,2025-07-15,4203.27,4104.419375552845
TR-031185,2025-07-15,474.14,431.2930080196352
TR-031186,2025-07-15,1544.4,1528.806124158514
TR-031187,2025-07-15,4436.55,4489.368538023191
TR-031188,2025-07-15,2530.21,2334.6268322454357
TR-031189,2025-07-15,1039.62,1026.643585773776
TR-031190,2025-07-15,1343.16,1324.2609608521848
TR-031191,2025-07-15,3745.4,3757.3032407518494
TR-031192,2025-07-15,3428.99,3651.902144164841
TR-031193,2025-07-15,2283.5,2201.220383598945
TR-031194,2025-07-15,3505.89,3658.6151285440815
TR-031195,2025-07-15,345.46,351.16043510525515
TR-031196,2025-07-15,3369.69,3044.611184390383
TR-031197,2025-07-15,3133.96,3130.773203936074
TR-031198,2025-07-15,1395.35,1383.4088290217037
TR-031199,2025-07-15,910.93,925.2252418382795
TR-031200,2025-07-15,3460.09,3542.340638537691
TR-031201,2025-07-15,2499.54,2307.600543651718
TR-031202,2025-07-15,9445.95,2828.802247685888
TR-031203,2025-07-15,2406.54,2513.8919825996754
TR-031204,2025-07-15,3614.89,3489.512367076597
TR-031205,2025-07-15,2665.86,2736.7366216114915
TR-031206,2025-07-15,4806.59,4777.6008358555855
TR-031207,2025-07-15,4374.54,4353.018804464962
TR-031208,2025-07-15,5737.5,5497.192667308609
TR-031209,2025-07-15,5800.11,5709.416451601315
TR-031210,2025-07-15,968.4,951.7459954372207
TR-031211,2025-07-15,1466.16,1399.5600785718837
TR-031212,2025-07-15,4253.1,4244.682740540294
TR-031213,2025-07-15,2551.17,2400.264362305007
TR-031214,2025-07-15,3565.25,3652.4059919625656
TR-031215,2025-07-15,4869.46,4778.258956612517
TR-031216,2025-07-15,1882.94,1855.6949338476004
TR-031217,2025-07-15,909.27,915.4480230498018
TR-031218,2025-07-15,2911.96,3045.3387928659004
TR-031219,2025-07-15,2488.57,2632.7470644140153
TR-031220,2025-07-15,5477.69,5486.185481924587
TR-031221,2025-07-15,1231.82,1273.6517383259893
TR-031222,2025-07-15,1479.55,1415.7158632087148
TR-031223,2025-07-15,2318.57,2176.0702922173523
TR-031224,2025-07-15,491.96,465.3913872969604
TR-031225,2025-07-16,2513.37,2509.771765113806
TR-031226,2025-07-16,1180.47,1190.5026940495661
TR-031227,2025-07-16,1545.31,1513.702224112253
TR-031228,2025-07-16,1349.51,1376.1067674630863
TR-031229,2025-07-16,1595.7,1548.858185160052
TR-031230,2025-07-16,531.33,559.5662925638367
TR-031231,2025-07-16,3745.55,3453.6448057766675
TR-031232,2025-07-16,4736.47,4738.164818128834
TR-031233,2025-07-16,3269.88,3277.498439522272
TR-031234,2025-07-16,4781.12,4462.833351963014
TR-031235,2025-07-16,3162.43,2992.2113077992653
TR-031236,2025-07-16,4778.73,4491.993506798888
TR-031237,2025-07-16,1284.21,1244.9355914800858
TR-031238,2025-07-16,763.11,755.1306405041234
TR-031239,2025-07-16,6312.38,6127.004448470669
TR-031240,2025-07-16,2299.33,2181.3826710743606
TR-031241,2025-07-16,4552.61,4310.231127350528
TR-031242,2025-07-16,713.38,704.9146762697117
TR-031243,2025-07-16,2054.62,1997.460069905667
TR-031244,2025-07-16,1846.19,1798.762602495195
TR-031245,2025-07-16,343.21,431.29683918259775
TR-031246,2025-07-16,4944.65,4894.41146180723
TR-031247,2025-07-16,1164.94,1170.2562445630977
TR-031248,2025-07-16,2198.2,2180.67043451718
TR-031249,2025-07-16,2076.81,2091.677888569283
TR-031250,2025-07-16,1688.09,1698.7514482771287
TR-031251,2025-07-16,3019.0,2927.6181166460033
TR-031252,2025-07-16,5180.86,5183.192632164521
TR-031253,2025-07-16,3985.45,4011.5014217070907
TR-031254,2025-07-16,1209.55,1219.3840071029072
TR-031255,2025-07-16,2629.73,2570.7911877640063
TR-031256,2025-07-16,5202.28,5174.301326392113
TR-031257,2025-07-16,657.66,658.773865537037
TR-031258,2025-07-16,1820.91,1829.2278950834002
TR-031259,2025-07-16,1691.93,1640.8985362787876
TR-031260,2025-07-16,19042.39,3737.771374955519
TR-031261,2025-07-16,2545.02,2393.4841102214727
TR-031262,2025-07-16,1700.07,1699.4919765001841
TR-031263,2025-07-16,4453.17,4257.488976303435
TR-031264,2025-07-16,1762.58,1733.5392982758742
TR-031265,2025-07-16,2458.42,2439.445852690208
TR-031266,2025-07-16,2995.27,2859.1464493686003
TR-031267,2025-07-16,1846.89,1790.8134902885524
TR-031268,2025-07-16,2479.39,2478.628460407515
TR-031269,2025-07-16,3948.52,4012.402764473495
TR-031270,2025-07-16,4388.84,4429.161079834972
TR-031271,2025-07-16,5341.61,5208.653754535009
TR-031272,2025-07-16,796.62,818.1037526071739
TR-031273,2025-07-16,4157.9,4072.654371533667
TR-031274,2025-07-16,811.4,822.9919464545269
TR-031275,2025-07-16,2531.05,2411.313938186006
TR-031276,2025-07-16,1334.81,1309.0996301126568
TR-031277,2025-07-16,2274.26,2099.4663033235156
TR-031278,2025-07-16,2179.5,2126.3875842848215
TR-031279,2025-07-16,1336.61,1328.3121361239528
TR-031280,2025-07-16,2848.44,2644.4967716934507
TR-031281,2025-07-16,1016.23,1020.9148088220928
TR-031282,2025-07-16,3369.39,3448.5186861607726
TR-031283,2025-07-16,2478.25,2471.196000865787
TR-031284,2025-07-16,5817.95,5713.570175985766
TR-031285,2025-07-16,2797.85,2724.5778810634188
TR-031286,2025-07-16,1615.55,1655.4777965638539
TR-031287,2025-07-16,2282.64,2219.597027345962
TR-031288,2025-07-16,4191.28,4338.119711784426
TR-031289,2025-07-16,1877.27,1750.5220994373694
TR-031290,2025-07-16,1739.6,1705.3252019913825
TR-031291,2025-07-16,4179.08,4003.3730224719698
TR-031292,2025-07-16,4635.54,4733.793647215209
TR-031293,2025-07-16,2837.44,2833.6215923525037
TR-031294,2025-07-16,804.91,2473.8774019763455
TR-031295,2025-07-16,2613.67,2590.8106034210937
TR-031296,2025-07-16,5018.11,4990.717700766373
TR-031297,2025-07-16,4643.35,4708.861390127955
TR-031298,2025-07-16,423.31,438.244355230235
TR-031299,2025-07-16,2044.57,2012.3652296586656
TR-031300,2025-07-16,4560.5,4780.130663318096
TR-031301,2025-07-16,353.57,363.73635957115266
TR-031302,2025-07-16,1800.31,1779.811123401572
TR-031303,2025-07-16,4358.6,1838.3040703550564
TR-031304,2025-07-16,2821.46,2811.5305842027674
TR-031305,2025-07-16,1537.67,1520.1517569132507
TR-031306,2025-07-16,1143.56,1123.3387616871578
TR-031307,2025-07-16,1417.5,1419.2472019709528
TR-031308,2025-07-16,562.63,545.7768634047336
TR-031309,2025-07-16,4130.49,3865.059913132938
TR-031310,2025-07-16,1566.47,1583.9596102866622
TR-031311,2025-07-16,2037.41,1949.2418333932349
TR-031312,2025-07-16,1010.31,992.3168612641814
TR-031313,2025-07-16,5392.04,5195.040461084831
TR-031314,2025-07-16,1488.69,1457.554281622001
TR-031315,2025-07-16,2684.4,2594.6497133854837
TR-031316,2025-07-16,2095.89,2077.5154751480636
TR-031317,2025-07-16,3175.88,2966.2774473307104
TR-031318,2025-07-16,1129.56,1112.8429541572273
TR-031319,2025-07-16,1954.38,1991.0366097790761
TR-031320,2025-07-16,1174.86,1198.8428191240996
TR-031321,2025-07-16,1734.09,1721.8781707558448
TR-031322,2025-07-16,2210.71,2250.599639953681
TR-031323,2025-07-16,1278.83,1266.7393354804965
TR-031324,2025-07-16,1152.25,1099.1400835342697
TR-031325,2025-07-16,2305.91,2248.832661322221
TR-031326,2025-07-16,2942.26,3013.713099800204
TR-031327,2025-07-16,6510.96,6089.720007568296
TR-031328,2025-07-16,2371.78,2355.9357438727675
TR-031329,2025-07-16,1954.96,1984.846916392589
TR-031330,2025-07-16,1423.55,1382.0673828783472
TR-031331,2025-07-16,956.22,905.4718583689958
TR-031332,2025-07-16,2894.8,2661.7427947322394
TR-031333,2025-07-16,5970.35,1700.7509748720165
TR-031334,2025-07-16,2963.06,3089.1522675983842
TR-031335,2025-07-16,1694.67,1617.781280495049
TR-031336,2025-07-16,902.78,909.085478035388
TR-031337,2025-07-16,966.36,969.4039634688818
TR-031338,2025-07-16,4544.07,4311.820094323604
TR-031339,2025-07-16,1660.46,1663.4290368374657
TR-031340,2025-07-16,312.22,321.38255459675474
TR-031341,2025-07-16,2629.41,2771.4842467035887
TR-031342,2025-07-16,3531.56,3323.137230686756
TR-031343,2025-07-16,4615.93,4522.168925447265
TR-031344,2025-07-16,4006.49,4040.2202183948402
TR-031345,2025-07-16,3435.48,3454.6328812743823
TR-031346,2025-07-16,2103.16,2102.8329084973134
TR-031347,2025-07-16,2088.78,1980.220837617945
TR-031348,2025-07-16,926.88,919.2616179702818
TR-031349,2025-07-16,1186.7,1123.2213654155726
TR-031350,2025-07-16,2685.15,2436.8326670996994
TR-031351,2025-07-16,2928.02,2985.062025767668
TR-031352,2025-07-16,3691.21,3589.296694342121
TR-031353,2025-07-16,2363.35,2246.1486262955823
TR-031354,2025-07-16,1341.26,1298.1518818016677
TR-031355,2025-07-16,1941.56,1885.62004391089
TR-031356,2025-07-16,2065.8,1990.1316276306297
TR-031357,2025-07-16,2839.63,2670.6795528295734
TR-031358,2025-07-16,849.26,832.174448057687
TR-031359,2025-07-16,3803.6,3686.9641691487095
TR-031360,2025-07-16,1499.34,1574.0712754877375
TR-031361,2025-07-16,2178.09,2151.440570993411
TR-031362,2025-07-16,703.07,709.6937635674985
TR-031363,2025-07-16,1195.93,1171.860281493211
TR-031364,2025-07-16,2555.73,2581.75423454834
TR-031365,2025-07-16,5972.2,5952.241222253415
TR-031366,2025-07-16,2171.81,2081.213925630735
TR-031367,2025-07-16,3296.97,3312.487225163417
TR-031368,2025-07-16,4155.08,4197.108974485045
TR-031369,2025-07-16,1773.92,1782.344540015507
TR-031370,2025-07-16,1187.01,1214.6259499684138
TR-031371,2025-07-16,1575.81,1573.3324579805337
TR-031372,2025-07-16,3118.16,3241.3469931784184
TR-031373,2025-07-16,1143.76,1142.3528164045629
TR-031374,2025-07-17,6638.75,6330.441972800745
TR-031375,2025-07-17,2217.51,2171.259807236646
TR-031376,2025-07-17,3492.8,3190.0528858268362
TR-031377,2025-07-17,3229.54,3162.640278494351
TR-031378,2025-07-17,1656.43,1624.2509933433462
TR-031379,2025-07-17,3832.66,3910.232770605247
TR-031380,2025-07-17,2045.58,1970.7246889816668
TR-031381,2025-07-17,1082.16,1074.959848631624
TR-031382,2025-07-17,1397.01,1340.3756651454646
TR-031383,2025-07-17,3669.39,3649.170286482044
TR-031384,2025-07-17,596.1,571.2860236136764
TR-031385,2025-07-17,4256.96,3872.052740122689
TR-031386,2025-07-17,2309.46,2192.638942034864
TR-031387,2025-07-17,804.37,827.1090231349549
TR-031388,2025-07-17,1980.14,1921.4217974362866
TR-031389,2025-07-17,357.76,492.9071150958464
TR-031390,2025-07-17,2417.81,2221.9235008685996
TR-031391,2025-07-17,1272.41,1272.3381930788269
TR-031392,2025-07-17,4098.46,4040.5655631380014
TR-031393,2025-07-17,813.18,780.8360765931902
TR-031394,2025-07-17,2960.92,2954.5114664121384
TR-031395,2025-07-17,3715.2,3667.6701158138344
TR-031396,2025-07-17,4511.81,4503.16895243118
TR-031397,2025-07-17,1621.96,1588.9093904905908
TR-031398,2025-07-17,4058.58,4101.762335181778
TR-031399,2025-07-17,380.46,388.99161062646886
TR-031400,2025-07-17,3694.79,3657.4357896907068
TR-031401,2025-07-17,1420.85,1408.5615820759183
TR-031402,2025-07-17,353.69,449.72754517627936
TR-031403,2025-07-17,2072.59,1998.9305366349847
TR-031404,2025-07-17,2116.32,2072.0559846197966
TR-031405,2025-07-17,3275.69,3376.9264262749316
TR-031406,2025-07-17,2966.6,2816.1971844229724
TR-031407,2025-07-17,2277.07,2297.7759203621167
TR-031408,2025-07-17,3556.32,3481.3503170897748
TR-031409,2025-07-17,1126.03,1090.7255075668068
TR-031410,2025-07-17,580.91,553.9304857829868
TR-031411,2025-07-17,4422.6,4478.532559294123
TR-031412,2025-07-17,859.57,854.1471066191707
TR-031413,2025-07-17,3499.26,3405.4234148488176
TR-031414,2025-07-17,1562.78,1563.457103305077
TR-031415,2025-07-17,2841.75,2532.5056488192304
TR-031416,2025-07-17,884.63,871.1867140105376
TR-031417,2025-07-17,3133.06,3180.92918753514
TR-031418,2025-07-17,4123.03,3978.769495313848
TR-031419,2025-07-17,3959.06,4027.917578440959
TR-031420,2025-07-17,4757.82,4581.839379300488
TR-031421,2025-07-17,3384.98,3184.829743165901
TR-031422,2025-07-17,2275.32,2264.864678951248
TR-031423,2025-07-17,3429.16,3368.759954681696
TR-031424,2025-07-17,1225.21,1201.938437447732
TR-031425,2025-07-17,1558.87,1490.4653487399514
TR-031426,2025-07-17,1023.17,997.2707783152746
TR-031427,2025-07-17,3305.66,3439.5566407475635
TR-031428,2025-07-17,1376.76,1362.5216658946501
TR-031429,2025-07-17,694.65,705.3609983509559
TR-031430,2025-07-17,1812.61,1804.1928544192124
TR-031431,2025-07-17,3558.75,3488.648702152773
TR-031432,2025-07-17,1684.1,1685.5980776924328
TR-031433,2025-07-17,4264.82,4260.266859080788
TR-031434,2025-07-17,1629.48,1616.653021653004
TR-031435,2025-07-17,3598.03,3481.4441047888085
TR-031436,2025-07-17,865.1,893.6979592521961
TR-031437,2025-07-17,1989.26,1901.2096928242665
TR-031438,2025-07-17,1695.22,1674.7570796397986
TR-031439,2025-07-17,781.61,766.0001903223965
TR-031440,2025-07-17,2015.81,1958.4403952971013
TR-031441,2025-07-17,1043.87,1072.8072066514078
TR-031442,2025-07-17,4162.47,4294.605692515543
TR-031443,2025-07-17,2587.52,2509.233411215989
TR-031444,2025-07-17,3984.62,4055.2970522978057
TR-031445,2025-07-17,2072.24,2077.1720991051475
TR-031446,2025-07-17,1229.83,1258.6658066231212
TR-031447,2025-07-17,2592.17,2393.8532515624183
TR-031448,2025-07-17,3759.21,3647.2917928037386
TR-031449,2025-07-17,2493.89,2458.793109697853
TR-031450,2025-07-17,4384.53,4391.951976279497
TR-031451,2025-07-17,1596.51,1576.797580276782
TR-031452,2025-07-17,3722.0,3641.302950900875
TR-031453,2025-07-17,796.1,819.9430550731045
TR-031454,2025-07-17,3792.84,3609.103019816658
TR-031455,2025-07-17,1825.92,1805.0843906696653
TR-031456,2025-07-17,5190.0,5170.459178011882
TR-031457,2025-07-17,1393.35,1332.358625116081
TR-031458,2025-07-17,2033.9,2069.424793115002
TR-031459,2025-07-17,1306.37,1318.313437182007
TR-031460,2025-07-17,1291.87,1322.0728776939318
TR-031461,2025-07-17,10965.67,2402.1696829287034
TR-031462,2025-07-17,3619.13,3499.4159919011
TR-031463,2025-07-17,1820.41,1801.2579096638133
TR-031464,2025-07-17,1998.3,2029.2725249798777
TR-031465,2025-07-17,1363.85,1360.4064964573122
TR-031466,2025-07-17,3749.6,3713.8896580243922
TR-031467,2025-07-17,5204.08,5251.837333433089
TR-031468,2025-07-17,6156.12,5938.593237476201
TR-031469,2025-07-17,4263.01,4025.3846560854163
TR-031470,2025-07-17,1595.4,1542.5067585003362
TR-031471,2025-07-17,1361.76,1461.6318050174757
TR-031472,2025-07-17,1159.11,1207.2979569007916
TR-031473,2025-07-17,2976.78,2986.9856853330352
TR-031474,2025-07-17,1947.38,1844.6581556810852
TR-031475,2025-07-17,3119.09,3067.811972152025
TR-031476,2025-07-17,4078.02,3966.6478963093177
TR-031477,2025-07-17,5495.08,5498.943252548948
TR-031478,2025-07-17,879.94,879.7560929066829
TR-031479,2025-07-17,1015.33,974.8585829423696
TR-031480,2025-07-17,1802.44,1786.1812737376704
TR-031481,2025-07-17,2064.26,2014.818949154192
TR-031482,2025-07-17,1347.85,1401.4071005560365
TR-031483,2025-07-17,1272.75,1267.5671910108508
TR-031484,2025-07-17,4223.36,4318.044818778822
TR-031485,2025-07-17,846.13,839.284552092452
TR-031486,2025-07-17,1597.36,1569.9454246670289
TR-031487,2025-07-17,1820.18,1791.5681254638407
TR-031488,2025-07-17,613.47,614.878993038559
TR-031489,2025-07-17,1213.6,1179.6664031830492
TR-031490,2025-07-17,1616.93,1587.1463103240812
TR-031491,2025-07-17,3797.93,3850.5148415653066
TR-031492,2025-07-17,2109.92,2112.5169169554806
TR-031493,2025-07-17,3967.58,4071.7577818483605
TR-031494,2025-07-17,763.41,745.416709130333
TR-031495,2025-07-17,924.44,904.8441488047517
TR-031496,2025-07-17,2507.98,2541.5917726375505
TR-031497,2025-07-17,3511.46,3422.6984216426663
TR-031498,2025-07-17,518.99,523.1785628359355
TR-031499,2025-07-17,625.26,607.7555088223046
TR-031500,2025-07-17,468.9,459.7552968962059
TR-031501,2025-07-17,4824.66,4538.898991366794
TR-031502,2025-07-17,4962.25,5099.81851665783
TR-031503,2025-07-17,1574.86,1561.1037634805498
TR-031504,2025-07-17,2311.49,2130.3194516241674
TR-031505,2025-07-17,1769.7,1722.433545582141
TR-031506,2025-07-17,3794.57,3903.8437892793745
TR-031507,2025-07-17,1296.07,1226.5616479134194
TR-031508,2025-07-17,1711.55,1676.6032757606372
TR-031509,2025-07-17,1814.05,1769.8072727949782
TR-031510,2025-07-17,1558.87,1505.6404920360342
TR-031511,2025-07-17,2646.95,2608.50074437095
TR-031512,2025-07-17,1647.46,1637.9501556151329
TR-031513,2025-07-17,2415.54,2451.393883876639
TR-031514,2025-07-17,3124.63,3065.5929677595286
TR-031515,2025-07-17,2650.43,2658.1044891924157
TR-031516,2025-07-17,1151.48,1161.475873485002
TR-031517,2025-07-17,974.64,977.9547878883461
TR-031518,2025-07-17,2152.83,2124.0899769703306
TR-031519,2025-07-17,2285.17,2388.804040292411
TR-031520,2025-07-17,1278.15,1321.7580852318238
TR-031521,2025-07-17,4258.71,4147.031605000086
TR-031522,2025-07-17,1604.74,1658.6858180268305
TR-031523,2025-07-17,3223.02,3051.2766239959756
TR-031524,2025-07-17,2535.07,2460.4091091219534
TR-031525,2025-07-17,3510.78,3210.5377460049594
TR-031526,2025-07-18,2113.86,2171.9062574955915
TR-031527,2025-07-18,5278.65,5156.871259776548
TR-031528,2025-07-18,4048.36,4038.847016370437
TR-031529,2025-07-18,1592.76,1499.0402094930369
TR-031530,2025-07-18,3416.23,3526.251830444072
TR-031531,2025-07-18,1572.25,1512.4271639346969
TR-031532,2025-07-18,482.25,518.133797556749
TR-031533,2025-07-18,1778.15,1740.892359891854
TR-031534,2025-07-18,1267.89,1234.139352670178
TR-031535,2025-07-18,1764.79,1724.2725656943198
TR-031536,2025-07-18,2292.08,2234.872175285991
TR-031537,2025-07-18,3453.16,3263.6241532070017
TR-031538,2025-07-18,4608.72,4717.1701060856085
TR-031539,2025-07-18,2542.37,2594.3140857387916
TR-031540,2025-07-18,1186.65,1142.2053055705433
TR-031541,2025-07-18,1279.82,1294.174417335069
TR-031542,2025-07-18,1809.81,1802.1475419792337
TR-031543,2025-07-18,833.05,797.7922069810586
TR-031544,2025-07-18,583.26,569.8078976209206
TR-031545,2025-07-18,764.93,757.6896972737538
TR-031546,2025-07-18,1246.54,1222.947592026869
TR-031547,2025-07-18,860.69,792.8752926308987
TR-031548,2025-07-18,4386.82,4190.666619980335
TR-031549,2025-07-18,1188.12,1143.8472304503493
TR-031550,2025-07-18,2279.14,2228.9947257886515
TR-031551,2025-07-18,1237.17,1215.0646480966075
TR-031552,2025-07-18,1982.94,2005.5303540859293
TR-031553,2025-07-18,2836.0,2699.403861914489
TR-031554,2025-07-18,756.12,719.1441448194371
TR-031555,2025-07-18,1665.21,1611.7122859816488
TR-031556,2025-07-18,1884.32,1811.9541255764489
TR-031557,2025-07-18,1997.67,2038.167655454703
TR-031558,2025-07-18,4695.36,4668.758617030113
TR-031559,2025-07-18,3200.48,3132.998483587835
TR-031560,2025-07-18,2916.47,2858.5912869118606
TR-031561,2025-07-18,1889.65,1821.9024820683342
TR-031562,2025-07-18,3980.9,4040.2424196463267
TR-031563,2025-07-18,3048.58,3394.9464717093156
TR-031564,2025-07-18,3271.96,3226.677939572678
TR-031565,2025-07-18,2059.4,2038.972848561119
TR-031566,2025-07-18,1484.88,1475.2236725736338
TR-031567,2025-07-18,3758.14,3684.8071126727655
TR-031568,2025-07-18,1880.56,1875.4283409151062
TR-031569,2025-07-18,1040.46,1029.2722246952605
TR-031570,2025-07-18,2147.13,2293.9246760301735
TR-031571,2025-07-18,1374.61,1377.4704127221466
TR-031572,2025-07-18,886.08,844.2799948892011
TR-031573,2025-07-18,2009.98,1986.2278202661614
TR-031574,2025-07-18,2509.51,2509.7220249011657
TR-031575,2025-07-18,3701.45,3631.3486112370656
TR-031576,2025-07-18,1470.86,1450.1858618962947
TR-031577,2025-07-18,1194.38,1168.676433571359
TR-031578,2025-07-18,4883.17,4744.532711564315
TR-031579,2025-07-18,772.66,761.9406274647893
TR-031580,2025-07-18,3039.33,3014.8635233912564
TR-031581,2025-07-18,831.51,858.0604217652901
TR-031582,2025-07-18,5121.69,4990.391173352201
TR-031583,2025-07-18,1039.54,1040.2139779376844
TR-031584,2025-07-18,3312.14,3443.2692741813676
TR-031585,2025-07-18,2140.92,2052.3482024287837
TR-031586,2025-07-18,1130.85,1167.1947763533576
TR-031587,2025-07-18,1102.63,1149.8513480177971
TR-031588,2025-07-18,1447.66,1397.0104424030237
TR-031589,2025-07-18,4535.45,4582.317854155945
TR-031590,2025-07-18,1545.48,1569.297369411796
TR-031591,2025-07-18,1152.92,1147.1605521210906
TR-031592,2025-07-18,788.56,794.3411303837358
TR-031593,2025-07-18,1679.29,1662.5632130663876
TR-031594,2025-07-18,1326.29,1300.1698025903897
TR-031595,2025-07-18,3610.33,3846.37834832359
TR-031596,2025-07-18,4522.53,4189.882482579591
TR-031597,2025-07-18,5145.5,4977.10132306379
TR-031598,2025-07-18,3360.46,3420.261820675839
TR-031599,2025-07-18,3584.14,3623.467098456611
TR-031600,2025-07-18,3594.26,3616.0873175249844
TR-031601,2025-07-18,1444.58,1429.8528820654856
TR-031602,2025-07-18,1826.01,1885.0127331572908
TR-031603,2025-07-18,5132.85,5042.05132006888
TR-031604,2025-07-18,2017.87,2034.3517699008041
TR-031605,2025-07-18,1041.78,982.566453624225
TR-031606,2025-07-18,2305.08,2287.3448632172153
TR-031607,2025-07-18,1292.76,1251.6832202105998
TR-031608,2025-07-18,1221.06,1223.7358632277887
TR-031609,2025-07-18,1533.85,1593.7596114778612
TR-031610,2025-07-18,2131.63,2171.9523277335093
TR-031611,2025-07-18,4197.17,4010.222156566185
TR-031612,2025-07-18,1364.3,1381.0153196036374
TR-031613,2025-07-18,847.29,823.9725451457689
TR-031614,2025-07-18,628.38,594.9599883568303
TR-031615,2025-07-18,4660.82,4813.437421957311
TR-031616,2025-07-18,1109.81,1131.9036500952325
TR-031617,2025-07-18,1682.6,1734.655743796474
TR-031618,2025-07-18,1931.59,1840.3693274963798
TR-031619,2025-07-18,751.31,785.1167686337974
TR-031620,2025-07-18,1025.42,2546.9070771336455
TR-031621,2025-07-18,1847.63,1858.6884573663374
TR-031622,2025-07-18,2223.8,2117.995376453503
TR-031623,2025-07-18,1512.25,1448.4747755832655
TR-031624,2025-07-18,485.59,465.84790748578575
TR-031625,2025-07-18,2183.25,2091.482062908663
TR-031626,2025-07-18,1971.5,1954.895819472317
TR-031627,2025-07-18,644.32,622.2715300332425
TR-031628,2025-07-18,2900.65,2497.2271582513936
TR-031629,2025-07-18,2111.93,2111.3187160691905
TR-031630,2025-07-18,2789.58,2760.9010907239963
TR-031631,2025-07-18,2667.5,2636.437395064591
TR-031632,2025-07-18,2434.0,2425.7420307294565
TR-031633,2025-07-18,3166.44,3103.5769515793704
TR-031634,2025-07-18,1735.84,1771.8473175655163
TR-031635,2025-07-18,1340.13,1328.5892765968458
TR-031636,2025-07-18,2375.42,2497.595348060235
TR-031637,2025-07-18,2383.02,2265.1826676634846
TR-031638,2025-07-18,4657.5,4830.292573881759
TR-031639,2025-07-18,1051.37,1035.4913769567456
TR-031640,2025-07-18,2208.89,2182.339235676693
TR-031641,2025-07-18,4304.42,4280.670823417211
TR-031642,2025-07-18,839.15,833.2411432406063
TR-031643,2025-07-18,2083.52,2071.982015739485
TR-031644,2025-07-18,3827.29,3606.147310857461
TR-031645,2025-07-18,3559.85,3275.901003426142
TR-031646,2025-07-18,1892.96,1933.4861898727822
TR-031647,2025-07-18,2714.25,2566.94145423871
TR-031648,2025-07-18,2319.37,2327.1109009488473
TR-031649,2025-07-18,2437.76,2501.757957109855
TR-031650,2025-07-18,4302.4,4349.416738421842
TR-031651,2025-07-18,920.33,905.8907344270335
TR-031652,2025-07-18,2037.23,2061.868175039258
TR-031653,2025-07-18,1263.39,1230.9598568403758
TR-031654,2025-07-18,648.31,652.4962784882725
TR-031655,2025-07-18,1945.39,1927.5419048697822
TR-031656,2025-07-18,1726.9,1734.5318308240517
TR-031657,2025-07-18,3905.98,3757.470345857062
TR-031658,2025-07-18,3879.18,4003.0073429144763
TR-031659,2025-07-18,2436.91,2426.137856129903
TR-031660,2025-07-18,3969.03,3721.8870707012616
TR-031661,2025-07-18,2196.24,2186.8535029917916
TR-031662,2025-07-18,2772.61,2708.7936160714853
TR-031663,2025-07-18,4734.99,4839.137284709422
TR-031664,2025-07-18,3341.15,3130.7936750818717
TR-031665,2025-07-18,569.62,592.1841568983189
TR-031666,2025-07-18,3872.25,3804.3044338772197
TR-031667,2025-07-18,1689.23,1769.1239720439028
TR-031668,2025-07-18,2211.48,2085.5647457786336
TR-031669,2025-07-18,764.33,773.673283669505
TR-031670,2025-07-18,1909.88,1829.5032223389323
TR-031671,2025-07-18,1402.08,1371.9647913697781
TR-031672,2025-07-18,643.27,648.1808382429015
TR-031673,2025-07-18,1086.93,1069.0065672452777
TR-031674,2025-07-18,581.24,573.4150082558035
TR-031675,2025-07-18,860.37,834.907871651624
TR-031676,2025-07-18,627.4,626.0140549191688
TR-031677,2025-07-18,1207.2,1267.8733354757728
TR-031678,2025-07-18,695.03,726.1587203413558
TR-031679,2025-07-18,735.65,728.0145398005579
TR-031680,2025-07-19,411.83,391.59507999252537
TR-031681,2025-07-19,2395.32,2249.8836420222306
TR-031682,2025-07-19,656.07,654.6343323816145
TR-031683,2025-07-19,1385.05,1349.0529547312944
TR-031684,2025-07-19,2868.19,3123.5923988290333
TR-031685,2025-07-19,3329.37,3374.0175489377034
TR-031686,2025-07-19,2271.09,2264.373907659637
TR-031687,2025-07-19,3795.87,3666.237753735234
TR-031688,2025-07-19,1707.52,1733.115190941203
TR-031689,2025-07-19,2859.05,2718.6310157342764
TR-031690,2025-07-19,2269.87,2183.618944944912
TR-031691,2025-07-19,3168.1,3053.727611119875
TR-031692,2025-07-19,1856.54,1874.2552369650775
TR-031693,2025-07-19,6184.19,5919.243546127298
TR-031694,2025-07-19,779.74,794.8104490552
TR-031695,2025-07-19,3725.54,3575.8635001695866
TR-031696,2025-07-19,634.94,576.1547074843645
TR-031697,2025-07-19,2302.7,2180.676186154868
TR-031698,2025-07-19,1742.37,1785.288754833145
TR-031699,2025-07-19,1213.28,1203.042206095408
TR-031700,2025-07-19,4645.79,4469.313400879948
TR-031701,2025-07-19,1915.25,1966.119070971331
TR-031702,2025-07-19,1661.79,1639.326200726788
TR-031703,2025-07-19,3918.5,3727.1898265060076
TR-031704,2025-07-19,832.48,835.8201928637884
TR-031705,2025-07-19,2902.84,2814.5381328164453
TR-031706,2025-07-19,1418.35,1351.1453673035198
TR-031707,2025-07-19,1137.81,1183.5607645705172
TR-031708,2025-07-19,3832.34,3380.4854255335317
TR-031709,2025-07-19,1286.38,1231.0400434106577
TR-031710,2025-07-19,3365.82,3443.2766837096956
TR-031711,2025-07-19,2629.72,2639.9290978596555
TR-031712,2025-07-19,655.11,623.7393690769529
TR-031713,2025-07-19,739.06,775.1100212486833
TR-031714,2025-07-19,1101.84,1083.0854756559702
TR-031715,2025-07-19,4287.8,4515.586300229734
TR-031716,2025-07-19,644.95,638.1328324455142
TR-031717,2025-07-19,3813.66,3758.749264733733
TR-031718,2025-07-19,3906.53,3821.2844162880374
TR-031719,2025-07-19,961.59,945.1415963036959
TR-031720,2025-07-19,728.49,736.1027127719833
TR-031721,2025-07-19,2323.82,2252.7187146699716
TR-031722,2025-07-19,3789.38,3588.669947544263
TR-031723,2025-07-19,1860.35,1845.5982912075904
TR-031724,2025-07-19,3016.54,3080.1524652035732
TR-031725,2025-07-19,2190.35,2340.347419329865
TR-031726,2025-07-19,5619.01,5594.649346401478
TR-031727,2025-07-19,2012.82,2086.6627225048233
TR-031728,2025-07-19,2988.76,2957.691510565619
TR-031729,2025-07-19,4291.97,4200.625905312612
TR-031730,2025-07-19,167.63,748.156653870421
TR-031731,2025-07-19,4670.39,4519.464228581841
TR-031732,2025-07-19,1160.24,1158.1109732400412
TR-031733,2025-07-19,2031.14,2234.268668110922
TR-031734,2025-07-19,3363.21,3192.8007025027127
TR-031735,2025-07-19,2655.17,2740.933305430413
TR-031736,2025-07-19,856.18,826.9418213669553
TR-031737,2025-07-19,2123.07,2111.125438782451
TR-031738,2025-07-19,2193.44,2066.88667510733
TR-031739,2025-07-19,1682.44,1629.3006928075702
TR-031740,2025-07-19,1558.6,1595.6439369132238
TR-031741,2025-07-19,1417.06,1344.1887236701984
TR-031742,2025-07-19,921.0,986.8794037521034
TR-031743,2025-07-19,6193.75,5983.099830903862
TR-031744,2025-07-19,1208.29,1167.588599231498
TR-031745,2025-07-19,2640.82,2409.412423859855
TR-031746,2025-07-19,573.13,2269.2700086518375
TR-031747,2025-07-19,1386.42,1330.4168692960548
TR-031748,2025-07-19,4507.5,4260.805330403328
TR-031749,2025-07-19,2004.62,1955.7757629337366
TR-031750,2025-07-19,5281.13,5180.495610304719
TR-031751,2025-07-19,1217.22,1203.383147599776
TR-031752,2025-07-19,2021.05,2032.4160423930875
TR-031753,2025-07-19,2197.86,2178.1704050610124
TR-031754,2025-07-19,4127.58,4076.4688542714216
TR-031755,2025-07-19,1836.18,1760.5727688238153
TR-031756,2025-07-19,1490.12,1523.4777984068294
TR-031757,2025-07-19,1080.05,1033.439776255494
TR-031758,2025-07-19,5071.98,4771.149648205569
TR-031759,2025-07-19,2383.37,2113.07382229491
TR-031760,2025-07-19,2948.52,2923.815812424961
TR-031761,2025-07-19,1024.45,1037.4537757900262
TR-031762,2025-07-19,1554.87,1467.189070811516
TR-031763,2025-07-19,1537.23,1544.233388309627
TR-031764,2025-07-19,3693.9,3833.6058891140083
TR-031765,2025-07-19,4838.22,4794.800096060629
TR-031766,2025-07-19,2856.63,3022.2859063138226
TR-031767,2025-07-19,1186.79,1107.9446571362469
TR-031768,2025-07-19,2773.41,2637.116587508993
TR-031769,2025-07-19,2589.11,2639.2282249521854
TR-031770,2025-07-19,2202.94,2220.4514377570576
TR-031771,2025-07-19,1809.76,1883.6671519610177
TR-031772,2025-07-19,2407.29,2314.043715288258
TR-031773,2025-07-19,4554.92,4466.9368034648105
TR-031774,2025-07-19,1638.48,1590.2326992489543
TR-031775,2025-07-19,628.22,666.0292422848383
TR-031776,2025-07-19,3351.5,3290.8841288810045
TR-031777,2025-07-19,2970.23,2759.0303642340664
TR-031778,2025-07-19,1532.08,1532.7992012369818
TR-031779,2025-07-19,1088.36,1042.6115731233756
TR-031780,2025-07-19,5088.98,4785.466472069031
TR-031781,2025-07-19,2335.46,2112.885024898536
TR-031782,2025-07-19,1116.86,1121.0059163387289
TR-031783,2025-07-19,639.73,657.0875035239583
TR-031784,2025-07-19,1757.58,1741.1631591817031
TR-031785,2025-07-19,2821.13,2685.9425731969795
TR-031786,2025-07-19,3978.13,3714.6264255037963
TR-031787,2025-07-19,1272.75,1298.3555283842493
TR-031788,2025-07-19,1398.67,3955.9596199491707
TR-031789,2025-07-19,607.91,583.788543425758
TR-031790,2025-07-19,3765.86,3865.8036245622416
TR-031791,2025-07-19,1920.95,1870.7429189778213
TR-031792,2025-07-19,689.96,671.1402190352944
TR-031793,2025-07-19,3340.64,3415.185642720782
TR-031794,2025-07-19,2471.11,2427.7189462599395
TR-031795,2025-07-19,1987.25,2101.138484966342
TR-031796,2025-07-19,1983.19,1934.5626849799748
TR-031797,2025-07-19,1228.65,1169.3397243873837
TR-031798,2025-07-19,4373.61,4383.348690248979
TR-031799,2025-07-19,1971.73,1958.318654443652
TR-031800,2025-07-19,1282.18,1312.9180988225767
TR-031801,2025-07-19,2771.07,2953.8983197658135
TR-031802,2025-07-19,2265.62,2172.8832411008348
TR-031803,2025-07-19,1410.06,1413.1069877730238
TR-031804,2025-07-19,1739.75,1751.806351154007
TR-031805,2025-07-19,1139.4,1130.158905520464
TR-031806,2025-07-19,897.41,855.8129537403681
TR-031807,2025-07-19,3478.54,3423.6901146373875
TR-031808,2025-07-19,1362.07,1346.048600985514
TR-031809,2025-07-19,1153.21,1152.4507483620032
TR-031810,2025-07-19,3692.33,3652.4866546304524
TR-031811,2025-07-19,1356.86,1357.3625008409654
TR-031812,2025-07-19,3781.83,3825.225112687979
TR-031813,2025-07-19,2697.24,2573.3804895396415
TR-031814,2025-07-19,3993.28,3655.8635789454675
TR-031815,2025-07-19,888.58,960.4409661635555
TR-031816,2025-07-19,1849.59,1935.2333402572572
TR-031817,2025-07-19,792.23,814.3793218492135
TR-031818,2025-07-19,2049.36,2017.3460709628598
TR-031819,2025-07-19,3321.53,3053.35020243905
TR-031820,2025-07-19,5111.68,4888.138995923868
TR-031821,2025-07-19,2890.32,2616.0246178901652
TR-031822,2025-07-19,1554.7,1494.7091757735052
TR-031823,2025-07-19,3709.91,3767.28169893261
TR-031824,2025-07-19,1249.2,1223.498878255959
TR-031825,2025-07-19,2315.59,2210.0515110290457
TR-031826,2025-07-20,1703.23,1685.5717083812124
TR-031827,2025-07-20,1831.22,1806.1955329755947
TR-031828,2025-07-20,1302.13,1265.0045686711846
TR-031829,2025-07-20,1934.13,1874.9832428497843
TR-031830,2025-07-20,3708.88,3621.802548011187
TR-031831,2025-07-20,3967.28,3880.267098591913
TR-031832,2025-07-20,4197.26,4218.848770525556
TR-031833,2025-07-20,711.85,691.9684633971362
TR-031834,2025-07-20,1607.39,1550.5354369002116
TR-031835,2025-07-20,2399.63,2362.6112863225203
TR-031836,2025-07-20,2508.49,2522.071443953705
TR-031837,2025-07-20,834.95,843.0160480690895
TR-031838,2025-07-20,957.04,994.9577074325614
TR-031839,2025-07-20,1489.56,1528.2962022840338
TR-031840,2025-07-20,3642.46,3741.5375715806135
TR-031841,2025-07-20,3308.16,3065.464497949529
TR-031842,2025-07-20,5254.97,5185.76441215028
TR-031843,2025-07-20,2017.97,2034.5319504344773
TR-031844,2025-07-20,2552.19,2493.230201368253
TR-031845,2025-07-20,3008.23,2869.4859721596686
TR-031846,2025-07-20,5260.81,5189.646083611411
TR-031847,2025-07-20,1398.98,1331.3444561324022
TR-031848,2025-07-20,1520.14,1500.5942274938316
TR-031849,2025-07-20,988.49,1035.7706531099088
TR-031850,2025-07-20,1363.62,1358.5264676429374
TR-031851,2025-07-20,1944.96,1912.7340033987016
TR-031852,2025-07-20,4117.33,4198.79056337437
TR-031853,2025-07-20,1810.98,1782.012368798576
TR-031854,2025-07-20,2291.82,2197.539971935899
TR-031855,2025-07-20,2955.39,2676.533917533742
TR-031856,2025-07-20,2924.74,2978.6145578717906
TR-031857,2025-07-20,1107.3,1107.7659925942276
TR-031858,2025-07-20,4157.82,4102.042555936219
TR-031859,2025-07-20,2868.58,3050.389098779803
TR-031860,2025-07-20,2402.16,2276.401003464438
TR-031861,2025-07-20,4106.3,4318.3079935487785
TR-031862,2025-07-20,2881.52,2979.689978735819
TR-031863,2025-07-20,730.58,728.1829813934205
TR-031864,2025-07-20,3755.18,3782.875074102989
TR-031865,2025-07-20,1821.63,1806.017233852359
TR-031866,2025-07-20,2280.81,2252.221848197389
TR-031867,2025-07-20,597.48,571.2160309531696
TR-031868,2025-07-20,2162.48,2119.431975794614
TR-031869,2025-07-20,4844.2,4735.982609875589
TR-031870,2025-07-20,3239.14,3074.388234622743
TR-031871,2025-07-20,2675.14,2579.45269017966
TR-031872,2025-07-20,1211.4,1188.7979939669822
TR-031873,2025-07-20,494.05,488.1018289453891
TR-031874,2025-07-20,1384.32,1328.9143528298805
TR-031875,2025-07-20,3602.1,3596.214632341833
TR-031876,2025-07-20,5394.76,5428.683669525601
TR-031877,2025-07-20,5115.97,5045.5293927917755
TR-031878,2025-07-20,920.1,897.7057790458416
TR-031879,2025-07-20,2696.01,2573.4184718697115
TR-031880,2025-07-20,3314.31,3084.976310671205
TR-031881,2025-07-20,872.08,883.0086087442512
TR-031882,2025-07-20,3934.28,3943.0176657020065
TR-031883,2025-07-20,2195.52,2103.914431316381
TR-031884,2025-07-20,2451.04,2297.7628091787665
TR-031885,2025-07-20,2697.37,2566.744635319159
TR-031886,2025-07-20,2368.9,2519.648497927297
TR-031887,2025-07-20,4092.25,4033.462983486138
TR-031888,2025-07-20,3445.36,3168.0592238681197
TR-031889,2025-07-20,4346.16,4241.303570645519
TR-031890,2025-07-20,1410.03,1415.4326544250703
TR-031891,2025-07-20,1112.27,1089.828021641046
TR-031892,2025-07-20,5235.6,4973.610830327625
TR-031893,2025-07-20,5010.93,5136.67236148404
TR-031894,2025-07-20,4487.05,4546.490723348019
TR-031895,2025-07-20,4430.3,4434.558802331116
TR-031896,2025-07-20,1862.84,1844.6903457552864
TR-031897,2025-07-20,412.5,478.88139512535986
TR-031898,2025-07-20,5847.05,5691.475316240592
TR-031899,2025-07-20,6113.07,6016.253385176955
TR-031900,2025-07-20,1531.53,1486.915984033138
TR-031901,2025-07-20,1796.25,1840.315913407298
TR-031902,2025-07-20,1174.03,1125.7099919187283
TR-031903,2025-07-20,3390.69,3392.4787652612004
TR-031904,2025-07-20,543.57,562.3275924740544
TR-031905,2025-07-20,1845.07,2009.5816355208688
TR-031906,2025-07-20,4848.69,4847.809316700189
TR-031907,2025-07-20,1200.36,1181.976342876487
TR-031908,2025-07-20,1455.79,1387.9117142071195
TR-031909,2025-07-20,687.82,665.0751658062247
TR-031910,2025-07-20,4276.57,4314.839446416212
TR-031911,2025-07-20,1800.7,1766.6430602508103
TR-031912,2025-07-20,2489.92,2206.0378641757848
TR-031913,2025-07-20,993.92,975.1397531814939
TR-031914,2025-07-20,657.56,679.2711617185666
TR-031915,2025-07-20,758.05,774.5530435170306
TR-031916,2025-07-20,1546.1,1451.3730799850873
TR-031917,2025-07-20,2302.76,2197.49214676502
TR-031918,2025-07-20,4528.71,4602.379910042138
TR-031919,2025-07-20,1138.71,1098.8438691433407
TR-031920,2025-07-20,1675.33,1670.7847277334772
TR-031921,2025-07-20,2427.19,2692.981650386564
TR-031922,2025-07-20,4120.08,4194.274435905638
TR-031923,2025-07-20,1145.31,1157.462847613182
TR-031924,2025-07-20,2378.18,2199.6365797380377
TR-031925,2025-07-20,585.54,574.0920893028672
TR-031926,2025-07-20,1125.47,1145.5736413866216
TR-031927,2025-07-20,2818.39,2907.416949005641
TR-031928,2025-07-20,799.82,760.3314682665905
TR-031929,2025-07-20,1877.2,1858.2141003137656
TR-031930,2025-07-20,676.94,679.2668547031258
TR-031931,2025-07-20,1981.19,1992.7114609678508
TR-031932,2025-07-20,1438.94,1499.6157535752113
TR-031933,2025-07-20,1037.33,1024.6264963224576
TR-031934,2025-07-20,2548.7,2363.0859785147163
TR-031935,2025-07-20,1039.63,1097.6180671836878
TR-031936,2025-07-20,3235.64,3027.634577774824
TR-031937,2025-07-20,1129.75,1124.5531998677588
TR-031938,2025-07-20,2969.7,3063.938352146335
TR-031939,2025-07-20,518.29,520.262242030602
TR-031940,2025-07-20,2192.83,2282.799186467547
TR-031941,2025-07-20,3803.56,3907.586097721767
TR-031942,2025-07-20,2692.13,2681.2304766624306
TR-031943,2025-07-20,4406.97,4580.904872978965
TR-031944,2025-07-20,1455.31,1440.6126925808335
TR-031945,2025-07-20,1109.72,1091.8335363830583
TR-031946,2025-07-20,960.16,945.1550150714445
TR-031947,2025-07-20,1359.09,1357.1093919070945
TR-031948,2025-07-20,4620.0,4669.331200553224
TR-031949,2025-07-20,3727.62,3775.9205402359235
TR-031950,2025-07-20,4819.32,4854.415857489944
TR-031951,2025-07-20,2435.03,2571.156655090227
TR-031952,2025-07-20,3910.33,3742.535990649403
TR-031953,2025-07-20,2505.79,2751.5982405490067
TR-031954,2025-07-20,3367.1,3409.042053973032
TR-031955,2025-07-20,1917.44,1832.551192740399
TR-031956,2025-07-20,1973.65,1943.552781682474
TR-031957,2025-07-20,981.06,1014.4931375603425
TR-031958,2025-07-20,3632.59,3654.118006658301
TR-031959,2025-07-20,1487.91,1492.394772707341
TR-031960,2025-07-20,1472.86,1418.1726269963542
TR-031961,2025-07-20,553.64,547.5001660118974
TR-031962,2025-07-20,2825.47,2912.980041781215
TR-031963,2025-07-20,858.34,4548.872957351961
TR-031964,2025-07-20,3365.67,3384.668367789946
TR-031965,2025-07-20,4585.63,4612.350835589672
TR-031966,2025-07-20,1772.56,1813.51112117668
TR-031967,2025-07-20,2068.14,2092.350280519643
TR-031968,2025-07-20,1940.57,1954.3578460386877
TR-031969,2025-07-20,2602.55,2648.311263911919
TR-031970,2025-07-20,1803.76,1857.3446027371751
TR-031971,2025-07-20,1177.75,1203.6574438201465
TR-031972,2025-07-20,1401.87,1338.3395359809801
TR-031973,2025-07-20,2415.19,2595.4375700748506
TR-031974,2025-07-20,3041.27,3155.6833726828536
TR-031975,2025-07-20,3765.98,3669.5494598295663
TR-031976,2025-07-20,1912.88,1936.751945862652
TR-031977,2025-07-20,652.88,648.6495998291032
TR-031978,2025-07-20,1770.64,1766.465160547827
TR-031979,2025-07-20,1034.67,1021.2890152064937
TR-031980,2025-07-20,617.18,590.5308694625464
TR-031981,2025-07-20,1052.3,1072.5563321638924
TR-031982,2025-07-20,3845.9,3886.4542750048417
TR-031983,2025-07-20,2462.15,2272.892222525204
TR-031984,2025-07-20,1831.7,1885.2621009061763
TR-031985,2025-07-20,1917.86,1899.7093643700475
TR-031986,2025-07-21,2328.27,2226.33877263504
TR-031987,2025-07-21,1110.64,1153.8562047722298
TR-031988,2025-07-21,2368.89,2420.18327352293
TR-031989,2025-07-21,4058.51,3996.0656944260213
TR-031990,2025-07-21,3300.43,3389.1357734003122
TR-031991,2025-07-21,3866.32,4016.1685317842234
TR-031992,2025-07-21,1347.15,1347.725827024151
TR-031993,2025-07-21,1626.95,1584.0629945436947
TR-031994,2025-07-21,3353.12,3634.8073854403037
TR-031995,2025-07-21,3867.57,3900.455213150936
TR-031996,2025-07-21,2878.11,2982.4260383653777
TR-031997,2025-07-21,1404.33,1395.7875426024004
TR-031998,2025-07-21,831.36,828.2224467579483
TR-031999,2025-07-21,1768.56,1818.9412204645305
TR-032000,2025-07-21,1716.55,1723.3732742849006
TR-032001,2025-07-21,1977.25,1960.2019863923942
TR-032002,2025-07-21,1175.04,1226.7730128210856
TR-032003,2025-07-21,3914.0,4074.2225861440015
TR-032004,2025-07-21,418.34,447.69590859973846
TR-032005,2025-07-21,1049.48,1042.7608658751656
TR-032006,2025-07-21,835.07,823.3309551346849
TR-032007,2025-07-21,586.26,599.8593649973132
TR-032008,2025-07-21,3225.33,3140.787371248885
TR-032009,2025-07-21,1847.13,1847.5796895156873
TR-032010,2025-07-21,1503.47,1514.005760168901
TR-032011,2025-07-21,1905.24,1830.1241305055294
TR-032012,2025-07-21,2847.22,2731.710907006169
TR-032013,2025-07-21,555.97,554.8583284490198
TR-032014,2025-07-21,2803.6,2769.16275770062
TR-032015,2025-07-21,4701.91,4429.630501605783
TR-032016,2025-07-21,2446.87,2568.585023540294
TR-032017,2025-07-21,4101.96,4082.947047022274
TR-032018,2025-07-21,1716.17,1581.580071722715
TR-032019,2025-07-21,1993.56,2007.6283714830495
TR-032020,2025-07-21,1442.66,1365.4590212322996
TR-032021,2025-07-21,1722.55,1783.2205902345347
TR-032022,2025-07-21,2048.23,2078.0274162810874
TR-032023,2025-07-21,4246.1,4302.662958148204
TR-032024,2025-07-21,3905.04,3946.3409462369764
TR-032025,2025-07-21,4463.38,4357.098549865963
TR-032026,2025-07-21,905.22,900.9839303434514
TR-032027,2025-07-21,4629.83,4536.682667311668
TR-032028,2025-07-21,1805.26,1739.6173635627922
TR-032029,2025-07-21,2038.28,1955.7918017880963
TR-032030,2025-07-21,3954.69,3853.385871825831
TR-032031,2025-07-21,3152.33,3278.8741291667347
TR-032032,2025-07-21,1164.63,1156.9439901224382
TR-032033,2025-07-21,1487.98,1380.991979137541
TR-032034,2025-07-21,2727.28,2537.586003692463
TR-032035,2025-07-21,351.4,370.8970929797654
TR-032036,2025-07-21,2921.23,2923.0500891158704
TR-032037,2025-07-21,5705.67,5672.350614940437
TR-032038,2025-07-21,3131.17,3299.762828281459
TR-032039,2025-07-21,4287.11,4385.368100747284
TR-032040,2025-07-21,4184.88,4096.083016704848
TR-032041,2025-07-21,1261.08,1303.9197547531192
TR-032042,2025-07-21,4821.73,4558.409356391222
TR-032043,2025-07-21,503.34,509.334722765655
TR-032044,2025-07-21,3728.3,3741.4328395505354
TR-032045,2025-07-21,3470.76,3584.404230976605
TR-032046,2025-07-21,4129.51,3978.8251847344964
TR-032047,2025-07-21,2081.08,2118.8409263291746
TR-032048,2025-07-21,5546.76,5472.218719216464
TR-032049,2025-07-21,3462.71,3517.7708121756286
TR-032050,2025-07-21,5517.76,5314.007768449009
TR-032051,2025-07-21,2361.95,2330.8474392469057
TR-032052,2025-07-21,2155.51,2086.760991818585
TR-032053,2025-07-21,1712.92,1694.4632864443226
TR-032054,2025-07-21,4577.46,4659.834634193298
TR-032055,2025-07-21,1749.54,1806.6846189298196
TR-032056,2025-07-21,1801.65,1866.9168721381532
TR-032057,2025-07-21,558.05,564.9897661911764
TR-032058,2025-07-21,1631.51,1587.4779700682027
TR-032059,2025-07-21,3587.67,3758.4180967505695
TR-032060,2025-07-21,1034.33,1038.7695551879065
TR-032061,2025-07-21,3827.23,3754.6266938033687
TR-032062,2025-07-21,1046.53,1083.2822538734472
TR-032063,2025-07-21,2001.45,1969.7536017198802
TR-032064,2025-07-21,4042.24,4063.1974369055597
TR-032065,2025-07-21,1892.07,1874.0125849840215
TR-032066,2025-07-21,5202.24,5255.007614023214
TR-032067,2025-07-21,3387.64,3675.093663840286
TR-032068,2025-07-21,4625.92,4603.504501648891
TR-032069,2025-07-21,320.74,337.3356442284082
TR-032070,2025-07-21,1399.66,1328.3955730993548
TR-032071,2025-07-21,1289.1,1249.1136003179788
TR-032072,2025-07-21,1350.0,1321.6364966825436
TR-032073,2025-07-21,2287.61,2344.7344178643584
TR-032074,2025-07-21,3862.65,4044.226285388179
TR-032075,2025-07-21,2103.83,2115.1618141355707
TR-032076,2025-07-21,2285.81,2088.2941826432752
TR-032077,2025-07-21,3092.0,3117.079305085854
TR-032078,2025-07-21,767.15,743.5261054735029
TR-032079,2025-07-21,5072.27,4742.509808654717
TR-032080,2025-07-21,856.74,824.6536760684796
TR-032081,2025-07-21,4237.97,4289.5290108613135
TR-032082,2025-07-21,2410.14,2265.3246285476243
TR-032083,2025-07-21,2229.86,2207.2358175794225
TR-032084,2025-07-21,1956.53,1956.8804892581593
TR-032085,2025-07-21,7417.99,2419.515522051554
TR-032086,2025-07-21,459.81,386.24283261412165
TR-032087,2025-07-21,1847.9,1827.718062498911
TR-032088,2025-07-21,2235.24,2139.517938872324
TR-032089,2025-07-21,969.68,961.1781108694217
TR-032090,2025-07-21,2248.32,2161.528726585312
TR-032091,2025-07-21,1500.0,1454.9143304817158
TR-032092,2025-07-21,1115.5,1153.177832769651
TR-032093,2025-07-21,2015.42,2078.0269382023753
TR-032094,2025-07-21,924.31,939.2064305262329
TR-032095,2025-07-21,2370.21,2389.777038339592
TR-032096,2025-07-21,1139.35,1093.2285900598345
TR-032097,2025-07-21,3261.6,3231.381001658864
TR-032098,2025-07-21,1776.72,1734.083288525866
TR-032099,2025-07-21,4499.82,4369.997707741907
TR-032100,2025-07-21,1709.75,1769.064142515716
TR-032101,2025-07-21,1074.33,1074.6969082163969
TR-032102,2025-07-21,709.4,708.655646022806
TR-032103,2025-07-21,885.53,932.504202660974
TR-032104,2025-07-21,686.28,700.0131408491791
TR-032105,2025-07-21,2235.1,2144.9860180884743
TR-032106,2025-07-21,5060.17,4924.144751516919
TR-032107,2025-07-21,983.41,963.7058898925968
TR-032108,2025-07-21,1868.55,1886.1942448578573
TR-032109,2025-07-21,1961.33,2069.466098524345
TR-032110,2025-07-21,1551.94,1526.8693484380249
TR-032111,2025-07-21,952.89,909.3563416648744
TR-032112,2025-07-21,3602.63,3617.4453443925368
TR-032113,2025-07-21,3163.37,3093.0988869141293
TR-032114,2025-07-21,1529.24,1547.1522063325606
TR-032115,2025-07-21,1327.91,1322.6583131297316
TR-032116,2025-07-21,1906.13,1895.576253518993
TR-032117,2025-07-21,1280.25,1205.1356318088858
TR-032118,2025-07-21,4603.74,4681.983678555254
TR-032119,2025-07-21,2365.91,2418.614318445303
TR-032120,2025-07-21,1894.4,1936.6603493334276
TR-032121,2025-07-21,1433.69,1385.7666711370646
TR-032122,2025-07-21,2689.69,2780.8020183234953
TR-032123,2025-07-21,1417.36,1410.5521760429701
TR-032124,2025-07-21,4813.4,4780.654302587185
TR-032125,2025-07-21,2553.37,2699.29470299509
TR-032126,2025-07-21,2376.58,2439.3466996946927
TR-032127,2025-07-21,1913.57,1900.4680861404222
TR-032128,2025-07-21,3514.03,3566.69085154062
TR-032129,2025-07-21,4215.05,4195.495290235831
TR-032130,2025-07-21,451.41,440.3446577746131
TR-032131,2025-07-22,3118.81,3055.7301634783257
TR-032132,2025-07-22,1935.36,1958.7334893253412
TR-032133,2025-07-22,545.29,524.8666995444889
TR-032134,2025-07-22,975.02,1011.1142109979494
TR-032135,2025-07-22,2954.5,2982.328627476201
TR-032136,2025-07-22,3726.02,3552.91061879924
TR-032137,2025-07-22,599.98,557.6918880936832
TR-032138,2025-07-22,3386.87,3349.1979496026506
TR-032139,2025-07-22,1072.0,1054.3363012471136
TR-032140,2025-07-22,4130.11,4165.949043930118
TR-032141,2025-07-22,1830.93,1767.3294263137261
TR-032142,2025-07-22,907.2,928.4240082342035
TR-032143,2025-07-22,2578.18,2425.3845203358414
TR-032144,2025-07-22,2537.47,2598.5527912809075
TR-032145,2025-07-22,2058.72,2046.0736620582568
TR-032146,2025-07-22,762.05,753.260281353439
TR-032147,2025-07-22,1695.49,1629.9948962618064
TR-032148,2025-07-22,1345.77,1410.4377864274877
TR-032149,2025-07-22,1950.66,1963.4015129276772
TR-032150,2025-07-22,2248.05,2308.4668169340457
TR-032151,2025-07-22,2760.2,2768.403349233194
TR-032152,2025-07-22,958.75,952.3690176195871
TR-032153,2025-07-22,4250.1,4381.967853633287
TR-032154,2025-07-22,933.83,926.1208600970917
TR-032155,2025-07-22,2040.02,2033.1602045360162
TR-032156,2025-07-22,3804.83,3940.661749721874
TR-032157,2025-07-22,4985.24,4852.909735060263
TR-032158,2025-07-22,6077.29,6052.541492623503
TR-032159,2025-07-22,5289.24,5466.525215595544
TR-032160,2025-07-22,3601.12,3623.283220211195
TR-032161,2025-07-22,1601.13,1612.886575392338
TR-032162,2025-07-22,3768.69,3713.252514603156
TR-032163,2025-07-22,1040.61,1045.855392074242
TR-032164,2025-07-22,2315.06,2213.930939775461
TR-032165,2025-07-22,1729.03,1723.8106921089288
TR-032166,2025-07-22,1587.97,1606.4639093182113
TR-032167,2025-07-22,2179.79,2126.009104420339
TR-032168,2025-07-22,3160.11,3129.1923164351515
TR-032169,2025-07-22,379.37,419.04094267604887
TR-032170,2025-07-22,1550.55,1567.2616540126137
TR-032171,2025-07-22,819.75,867.9858689132516
TR-032172,2025-07-22,547.2,551.2361915532629
TR-032173,2025-07-22,2139.39,2073.580130249706
TR-032174,2025-07-22,1483.72,1456.4763760919197
TR-032175,2025-07-22,4369.5,4263.377065039489
TR-032176,2025-07-22,697.86,664.3337989529878
TR-032177,2025-07-22,1336.26,1330.452177886393
TR-032178,2025-07-22,4044.58,3928.3564879856285
TR-032179,2025-07-22,1350.4,1265.7687653217747
TR-032180,2025-07-22,1939.01,1958.3377139510726
TR-032181,2025-07-22,4618.69,4434.273076062655
TR-032182,2025-07-22,3610.1,3662.9770890905597
TR-032183,2025-07-22,4162.31,4348.814900122545
TR-032184,2025-07-22,403.54,424.0268826538279
TR-032185,2025-07-22,802.6,784.045046102591
TR-032186,2025-07-22,5653.26,5427.181177822773
TR-032187,2025-07-22,3739.79,3437.9174023336755
TR-032188,2025-07-22,1498.09,1451.2047084586757
TR-032189,2025-07-22,1645.67,1652.779909435364
TR-032190,2025-07-22,5204.97,5284.747030245655
TR-032191,2025-07-22,1372.03,1341.3601276361917
TR-032192,2025-07-22,2413.94,2283.638472941254
TR-032193,2025-07-22,2088.38,2088.646788119522
TR-032194,2025-07-22,4143.74,4263.203298106118
TR-032195,2025-07-22,2194.97,2313.971594823638
TR-032196,2025-07-22,1547.72,1558.6001821735465
TR-032197,2025-07-22,3721.19,3991.486476646813
TR-032198,2025-07-22,2500.87,2321.0210050503683
TR-032199,2025-07-22,2449.62,2423.4103590822883
TR-032200,2025-07-22,4204.43,3957.7935793094275
TR-032201,2025-07-22,1002.41,988.4082253072813
TR-032202,2025-07-22,2846.43,2994.057538161779
TR-032203,2025-07-22,1425.2,1358.2064884878732
TR-032204,2025-07-22,3292.5,3071.596619365291
TR-032205,2025-07-22,863.79,878.1888860475526
TR-032206,2025-07-22,799.03,836.9617910378784
TR-032207,2025-07-22,4082.26,3932.6692125331774
TR-032208,2025-07-22,2975.7,2699.9367969533023
TR-032209,2025-07-22,4751.34,4614.224450068819
TR-032210,2025-07-22,1640.31,1643.7823072571541
TR-032211,2025-07-22,1646.27,1656.580415231726
TR-032212,2025-07-22,1694.58,1773.1246051691935
TR-032213,2025-07-22,662.69,646.7995184671997
TR-032214,2025-07-22,1920.01,1938.1082350325237
TR-032215,2025-07-22,1436.72,1368.8826649885773
TR-032216,2025-07-22,2195.04,2181.7962556169273
TR-032217,2025-07-22,1759.09,1739.0398616218602
TR-032218,2025-07-22,4332.02,4145.022286596097
TR-032219,2025-07-22,3950.97,3710.2479309259074
TR-032220,2025-07-22,1857.64,1745.4571510996566
TR-032221,2025-07-22,2896.25,3003.118516283067
TR-032222,2025-07-22,2808.01,2581.2942342009933
TR-032223,2025-07-22,4244.92,4213.57622206264
TR-032224,2025-07-22,1572.08,1540.8559478014126
TR-032225,2025-07-22,1218.33,1211.881047431505
TR-032226,2025-07-22,801.89,785.1569855800954
TR-032227,2025-07-22,577.9,594.3884662004914
TR-032228,2025-07-22,2267.57,2286.9064565783788
TR-032229,2025-07-22,2431.16,2617.5183010226865
TR-032230,2025-07-22,3877.98,4170.315481960279
TR-032231,2025-07-22,1072.61,1065.0823565825299
TR-032232,2025-07-22,576.02,552.6496558622366
TR-032233,2025-07-22,1057.9,1042.5918152015256
TR-032234,2025-07-22,5197.75,5302.978777077371
TR-032235,2025-07-22,2152.78,2112.295990719736
TR-032236,2025-07-22,5627.38,5616.282815722462
TR-032237,2025-07-22,3851.85,3879.3401093189377
TR-032238,2025-07-22,3599.05,3603.5023649094464
TR-032239,2025-07-22,3328.52,3229.597695882371
TR-032240,2025-07-22,2268.51,2213.1757557457145
TR-032241,2025-07-22,1352.14,1314.5625373434457
TR-032242,2025-07-22,2544.38,2458.311425609184
TR-032243,2025-07-22,607.16,620.1675985412105
TR-032244,2025-07-22,1899.21,1881.921165648673
TR-032245,2025-07-22,3630.98,3828.14468691264
TR-032246,2025-07-22,3215.1,3467.962103670491
TR-032247,2025-07-22,1594.6,1578.0364676103788
TR-032248,2025-07-22,348.25,406.38276211419657
TR-032249,2025-07-22,2358.73,2368.6634423810965
TR-032250,2025-07-22,3232.74,3102.97940532939
TR-032251,2025-07-22,3132.15,3058.678196069339
TR-032252,2025-07-22,1384.72,1341.6849443529936
TR-032253,2025-07-22,2263.66,2184.223937793733
TR-032254,2025-07-22,1979.75,1903.679642803081
TR-032255,2025-07-22,971.38,981.887487247122
TR-032256,2025-07-22,1379.89,1374.7790746073636
TR-032257,2025-07-22,951.13,925.2719188274777
TR-032258,2025-07-22,4151.26,4307.963410912378
TR-032259,2025-07-22,758.05,777.0697433566384
TR-032260,2025-07-22,5179.03,5150.768487057794
TR-032261,2025-07-22,1550.64,1531.8569449552092
TR-032262,2025-07-22,1950.01,1902.3577046898522
TR-032263,2025-07-22,5594.86,5542.628138504888
TR-032264,2025-07-22,4365.27,4235.745746516906
TR-032265,2025-07-22,1199.71,1157.7777515461057
TR-032266,2025-07-22,961.48,985.3310817021643
TR-032267,2025-07-22,5095.64,4901.058244837113
TR-032268,2025-07-22,1065.82,1104.3586270001838
TR-032269,2025-07-22,1159.73,1174.9250879623355
TR-032270,2025-07-22,756.9,744.4233207262325
TR-032271,2025-07-23,2551.45,2432.843501278978
TR-032272,2025-07-23,4423.19,4605.992634058757
TR-032273,2025-07-23,1518.14,1508.5044397330785
TR-032274,2025-07-23,2820.85,2734.2560160168405
TR-032275,2025-07-23,5244.46,5094.606115471287
TR-032276,2025-07-23,591.14,572.1555761081984
TR-032277,2025-07-23,3201.63,3289.9071433207287
TR-032278,2025-07-23,2762.55,2788.034882227594
TR-032279,2025-07-23,2450.15,2306.666767532227
TR-032280,2025-07-23,4264.95,4296.272961368418
TR-032281,2025-07-23,2569.18,2450.357035856611
TR-032282,2025-07-23,4339.24,4137.753857367174
TR-032283,2025-07-23,4298.71,4318.758085980755
TR-032284,2025-07-23,494.28,495.3564471227735
TR-032285,2025-07-23,1998.7,2013.9844728556766
TR-032286,2025-07-23,4520.49,4521.6179308327
TR-032287,2025-07-23,3505.59,3737.9604447892193
TR-032288,2025-07-23,3573.57,3503.6193443115208
TR-032289,2025-07-23,1572.68,1530.2224491629952
TR-032290,2025-07-23,2216.12,2150.3857526460497
TR-032291,2025-07-23,3213.67,3247.6182505996912
TR-032292,2025-07-23,1975.71,2005.2040635644482
TR-032293,2025-07-23,1705.82,1698.2577651764955
TR-032294,2025-07-23,3222.1,3149.403358240351
TR-032295,2025-07-23,1948.42,1956.612014160186
TR-032296,2025-07-23,1970.19,1859.0238946125532
TR-032297,2025-07-23,2272.78,2224.3185283392995
TR-032298,2025-07-23,271.64,323.78674405097854
TR-032299,2025-07-23,4917.21,4976.75872777256
TR-032300,2025-07-23,2416.6,2440.166837409582
TR-032301,2025-07-23,948.27,921.8775401416985
TR-032302,2025-07-23,1677.09,1674.987232930052
TR-032303,2025-07-23,5802.22,5416.044141423903
TR-032304,2025-07-23,964.02,940.7443146867104
TR-032305,2025-07-23,294.25,352.6785867646656
TR-032306,2025-07-23,2376.23,2287.0506072101607
TR-032307,2025-07-23,1584.27,1634.4132544460915
TR-032308,2025-07-23,2142.64,2026.59875426027
TR-032309,2025-07-23,1183.85,1234.0143761750828
TR-032310,2025-07-23,5756.91,5522.88304947727
TR-032311,2025-07-23,1880.81,1924.0193881739815
TR-032312,2025-07-23,4509.27,4400.063461510314
TR-032313,2025-07-23,909.91,896.9586071420031
TR-032314,2025-07-23,2479.9,2653.5429677093853
TR-032315,2025-07-23,2040.08,1993.2946786656676
TR-032316,2025-07-23,2972.14,2760.2675627380404
TR-032317,2025-07-23,1159.27,1161.283201035786
TR-032318,2025-07-23,3892.85,3849.1919428284773
TR-032319,2025-07-23,837.13,810.1286102170814
TR-032320,2025-07-23,4539.41,4507.236404990932
TR-032321,2025-07-23,5793.1,5652.990242716587
TR-032322,2025-07-23,2052.62,2047.2721301813694
TR-032323,2025-07-23,1024.98,1043.7746852823796
TR-032324,2025-07-23,2310.4,2364.030445154821
TR-032325,2025-07-23,4962.1,4695.601231784793
TR-032326,2025-07-23,3903.22,3826.224968146422
TR-032327,2025-07-23,1965.2,1936.3619629194895
TR-032328,2025-07-23,4080.74,3945.90416526949
TR-032329,2025-07-23,3900.3,3895.0725280533898
TR-032330,2025-07-23,1969.08,1869.620270675564
TR-032331,2025-07-23,1715.4,1583.9969690323555
TR-032332,2025-07-23,2819.81,2838.267951468796
TR-032333,2025-07-23,1465.62,1453.06058832063
TR-032334,2025-07-23,594.29,579.4002616795851
TR-032335,2025-07-23,3855.52,3735.8460696886614
TR-032336,2025-07-23,1227.04,1182.0739945746814
TR-032337,2025-07-23,2314.21,2297.856282930606
TR-032338,2025-07-23,1552.87,1584.6421177333125
TR-032339,2025-07-23,1645.22,1702.7160305459197
TR-032340,2025-07-23,2526.91,2405.196956681677
TR-032341,2025-07-23,4200.86,4099.502973782204
TR-032342,2025-07-23,2074.58,1906.8961373110978
TR-032343,2025-07-23,5093.85,4746.804595625894
TR-032344,2025-07-23,2123.14,2068.8411191627133
TR-032345,2025-07-23,1525.94,1532.7559380958396
TR-032346,2025-07-23,4081.96,3972.7199890691036
TR-032347,2025-07-23,653.21,669.4454370932576
TR-032348,2025-07-23,2990.39,2802.3424046934592
TR-032349,2025-07-23,1411.48,1348.6822529181331
TR-032350,2025-07-23,1990.08,1992.10894807274
TR-032351,2025-07-23,5230.66,4981.983382006658
TR-032352,2025-07-23,757.61,767.9442977840251
TR-032353,2025-07-23,16951.43,3955.7375906412835
TR-032354,2025-07-23,661.41,647.8196009610699
TR-032355,2025-07-23,1247.3,1222.526595918687
TR-032356,2025-07-23,766.12,786.0802907943662
TR-032357,2025-07-23,3723.41,3707.539595170775
TR-032358,2025-07-23,2879.31,2791.436884471247
TR-032359,2025-07-23,825.71,825.0606636090438
TR-032360,2025-07-23,1071.84,1090.4231760395353
TR-032361,2025-07-23,2197.55,2165.209971769825
TR-032362,2025-07-23,1295.01,1292.976051689624
TR-032363,2025-07-23,2612.3,2476.443407165034
TR-032364,2025-07-23,1459.36,1398.6262580892535
TR-032365,2025-07-23,6156.47,5960.516338077567
TR-032366,2025-07-23,445.58,461.12486791719243
TR-032367,2025-07-23,1402.62,1411.0175643741145
TR-032368,2025-07-23,1229.28,1236.1678809885416
TR-032369,2025-07-23,1226.8,1230.4130845823945
TR-032370,2025-07-23,1394.95,1370.2223945651413
TR-032371,2025-07-23,3028.58,3126.735281434314
TR-032372,2025-07-23,1208.01,1195.0299796678873
TR-032373,2025-07-23,2539.04,2383.6103172484713
TR-032374,2025-07-23,4534.55,4552.079451371443
TR-032375,2025-07-23,4246.43,4095.1462865370577
TR-032376,2025-07-23,3573.99,3678.8902473882526
TR-032377,2025-07-23,2879.9,2770.596969085701
TR-032378,2025-07-23,1452.88,1479.35959609271
TR-032379,2025-07-23,5801.05,5681.939350820346
TR-032380,2025-07-23,4300.79,4142.072866722507
TR-032381,2025-07-23,3990.99,4070.4941944756893
TR-032382,2025-07-23,2104.29,2075.1145592076805
TR-032383,2025-07-23,2641.73,2590.2179160796572
TR-032384,2025-07-23,3002.52,3153.1194077366717
TR-032385,2025-07-23,5203.78,4944.523413561803
TR-032386,2025-07-23,770.1,754.3628622766698
TR-032387,2025-07-23,4699.02,4719.790916470194
TR-032388,2025-07-23,3381.92,3194.0359761122772
TR-032389,2025-07-23,615.99,624.6890572238931
TR-032390,2025-07-23,734.71,735.9558285830358
TR-032391,2025-07-23,1173.3,1146.1719753143495
TR-032392,2025-07-23,825.08,815.6670334556636
TR-032393,2025-07-23,4811.72,4925.485464892561
TR-032394,2025-07-23,1166.91,1192.4119692167951
TR-032395,2025-07-23,2568.09,2469.9726457321794
TR-032396,2025-07-23,1862.24,1844.6217388532668
TR-032397,2025-07-23,2186.85,2120.340023788958
TR-032398,2025-07-23,704.37,740.0173366363958
TR-032399,2025-07-23,1516.32,1522.1107881843127
TR-032400,2025-07-23,4959.87,4967.204013058452
TR-032401,2025-07-23,4021.57,3928.1875445514706
TR-032402,2025-07-23,1092.07,1128.1277815939245
TR-032403,2025-07-23,3392.97,3096.1223842068976
TR-032404,2025-07-23,1839.94,1853.7968551108945
TR-032405,2025-07-23,5974.22,5941.524453717964
TR-032406,2025-07-23,5734.76,5848.126559849532
TR-032407,2025-07-23,2716.73,2686.1422571299463
TR-032408,2025-07-23,1571.49,1517.401132836615
TR-032409,2025-07-23,1691.71,1708.7028568152452
TR-032410,2025-07-23,3185.68,3056.5561287558935
TR-032411,2025-07-23,3428.36,3056.31863760534
TR-032412,2025-07-23,1172.56,1133.3561065400522
TR-032413,2025-07-23,995.08,976.3551114253319
TR-032414,2025-07-23,1023.88,996.7130544747483
TR-032415,2025-07-23,1902.8,1839.7509759010902
TR-032416,2025-07-23,1262.54,1216.8637892178344
TR-032417,2025-07-23,2179.03,2262.4807225704035
TR-032418,2025-07-23,3198.89,2912.4478251035243
TR-032419,2025-07-23,464.13,519.578905054208
TR-032420,2025-07-23,487.04,478.3287516144949
TR-032421,2025-07-23,2079.76,1995.823529659878
TR-032422,2025-07-23,4234.79,4246.75134274532
TR-032423,2025-07-23,4382.86,4438.567244242267
TR-032424,2025-07-23,872.21,882.4255615693592
TR-032425,2025-07-23,2126.09,2134.0531317883774
TR-032426,2025-07-23,3943.11,3886.9835794193223
TR-032427,2025-07-23,1437.0,1458.2942392229836
TR-032428,2025-07-23,1054.0,1057.8153843789842
TR-032429,2025-07-23,4132.74,3989.6689894183937
TR-032430,2025-07-23,3099.06,3167.6321027009462
TR-032431,2025-07-23,1428.2,1420.6723630897923
TR-032432,2025-07-23,2139.58,2087.0205207876747
TR-032433,2025-07-23,369.61,419.4861807032057
TR-032434,2025-07-23,3737.41,3753.324237444603
TR-032435,2025-07-23,1514.15,1474.9876416528007
TR-032436,2025-07-23,1769.18,1779.381852406371
TR-032437,2025-07-23,2074.38,2088.858502745513
TR-032438,2025-07-23,3045.77,2953.267321834251
TR-032439,2025-07-24,2127.16,2106.161360417574
TR-032440,2025-07-24,4494.97,4359.528869132202
TR-032441,2025-07-24,3182.95,3050.1713360563363
TR-032442,2025-07-24,2346.29,2238.1867938655587
TR-032443,2025-07-24,4403.7,4237.3902731107855
TR-032444,2025-07-24,2979.92,3051.9136679758058
TR-032445,2025-07-24,1835.08,1826.418584798755
TR-032446,2025-07-24,5960.77,5993.408246432059
TR-032447,2025-07-24,1425.84,1367.553958809809
TR-032448,2025-07-24,5351.48,5349.656308549574
TR-032449,2025-07-24,1527.46,1606.203355739936
TR-032450,2025-07-24,3685.65,3756.9350510191516
TR-032451,2025-07-24,874.49,871.2285867249559
TR-032452,2025-07-24,2144.08,2063.827759458696
TR-032453,2025-07-24,2083.57,2097.0586709477307
TR-032454,2025-07-24,310.54,411.3631033014574
TR-032455,2025-07-24,1152.24,1141.6099168483192
TR-032456,2025-07-24,4657.66,4487.388524026232
TR-032457,2025-07-24,2637.28,2670.4748239297833
TR-032458,2025-07-24,2002.5,2053.7561100424205
TR-032459,2025-07-24,604.62,620.6906639654062
TR-032460,2025-07-24,12550.02,2974.003521144907
TR-032461,2025-07-24,1660.36,1602.175739448911
TR-032462,2025-07-24,1124.76,1113.0573060973597
TR-032463,2025-07-24,651.26,640.2191077999985
TR-032464,2025-07-24,2948.5,2990.796719831897
TR-032465,2025-07-24,1707.29,1698.6717901169113
TR-032466,2025-07-24,2494.43,2366.37978636608
TR-032467,2025-07-24,2895.51,2781.50843737926
TR-032468,2025-07-24,2723.09,2414.1359877794384
TR-032469,2025-07-24,1473.54,1509.1099202474234
TR-032470,2025-07-24,1805.51,1768.7999569040549
TR-032471,2025-07-24,2000.32,1887.88458769639
TR-032472,2025-07-24,3053.32,3243.2310805409165
TR-032473,2025-07-24,1189.82,1199.8809449085388
TR-032474,2025-07-24,1729.8,1705.730618842901
TR-032475,2025-07-24,3740.2,3530.391557147096
TR-032476,2025-07-24,3073.93,2784.41442133752
TR-032477,2025-07-24,3645.93,3741.282792787488
TR-032478,2025-07-24,2568.3,2426.974286026039
TR-032479,2025-07-24,1017.35,989.8299700465075
TR-032480,2025-07-24,1268.66,1225.4148165529637
TR-032481,2025-07-24,2482.63,2647.283030322126
TR-032482,2025-07-24,3207.04,2918.360794103425
TR-032483,2025-07-24,2133.42,2100.021673327796
TR-032484,2025-07-24,4191.34,4103.370190402637
TR-032485,2025-07-24,2770.5,2771.071834620122
TR-032486,2025-07-24,1232.54,1206.4473414487986
TR-032487,2025-07-24,3754.36,3702.101814792264
TR-032488,2025-07-24,1310.4,1294.7906946154535
TR-032489,2025-07-24,1812.49,1763.1960867054145
TR-032490,2025-07-24,5120.97,5052.608473072754
TR-032491,2025-07-24,3321.14,3570.064332843176
TR-032492,2025-07-24,4196.33,4026.720130107399
TR-032493,2025-07-24,1799.18,1765.5709036189862
TR-032494,2025-07-24,456.27,502.84278396928244
TR-032495,2025-07-24,3751.68,3615.8846951003816
TR-032496,2025-07-24,4110.84,4030.504570926473
TR-032497,2025-07-24,3636.56,3643.245209548655
TR-032498,2025-07-24,3048.31,2529.9014510200595
TR-032499,2025-07-24,662.45,661.5545869336754
TR-032500,2025-07-24,4419.14,4353.911948777617
TR-032501,2025-07-24,1490.35,1517.196738466694
TR-032502,2025-07-24,1814.53,1829.6702938463475
TR-032503,2025-07-24,5221.67,5091.847689090793
TR-032504,2025-07-24,2948.5,2782.18779468057
TR-032505,2025-07-24,764.29,785.7370772974855
TR-032506,2025-07-24,3077.99,2800.544450807918
TR-032507,2025-07-24,1803.91,1842.951784131115
TR-032508,2025-07-24,4336.99,4129.453968097851
TR-032509,2025-07-24,2761.56,2634.6589498575267
TR-032510,2025-07-24,4565.08,4762.4270183736
TR-032511,2025-07-24,268.39,333.6496996105536
TR-032512,2025-07-24,2167.62,2174.967598717639
TR-032513,2025-07-24,941.27,953.3304389286695
TR-032514,2025-07-24,3646.94,3494.0141538581074
TR-032515,2025-07-24,5954.96,5780.639141647833
TR-032516,2025-07-24,1514.63,1497.1877754398934
TR-032517,2025-07-24,4931.44,4842.889634052299
TR-032518,2025-07-24,4963.66,4996.909829019237
TR-032519,2025-07-24,1650.5,1667.8846085854336
TR-032520,2025-07-24,2075.93,2019.6575947259905
TR-032521,2025-07-24,774.84,747.4914553261226
TR-032522,2025-07-24,1492.0,1445.5456999504781
TR-032523,2025-07-24,5708.78,5491.662384014522
TR-032524,2025-07-24,2659.09,2641.884486587841
TR-032525,2025-07-24,2102.06,2017.7404753617836
TR-032526,2025-07-24,1639.47,1711.9570310018134
TR-032527,2025-07-24,4386.8,4149.335590833374
TR-032528,2025-07-24,2124.86,2112.55773906832
TR-032529,2025-07-24,2300.5,2252.029989146516
TR-032530,2025-07-24,1517.3,1513.0070775152653
TR-032531,2025-07-24,3444.56,3141.916685051397
TR-032532,2025-07-24,1306.02,1326.961026275732
TR-032533,2025-07-24,5956.93,5864.021946414215
TR-032534,2025-07-24,5208.75,5068.579743747864
TR-032535,2025-07-24,2733.7,2796.8289209085196
TR-032536,2025-07-24,2151.37,2132.4465612323606
TR-032537,2025-07-24,1356.66,1317.2237364656396
TR-032538,2025-07-24,2140.0,2124.487644852825
TR-032539,2025-07-24,1055.48,1095.9528295551354
TR-032540,2025-07-24,1773.15,1721.4491027514096
TR-032541,2025-07-24,5224.07,5118.16497776199
TR-032542,2025-07-24,5636.47,5490.47556855748
TR-032543,2025-07-24,1406.38,1440.8658831545886
TR-032544,2025-07-24,2039.67,2043.1372932227562
TR-032545,2025-07-24,4524.37,4445.343623564608
TR-032546,2025-07-24,1832.07,1742.6093930495672
TR-032547,2025-07-24,2999.1,3119.9471147376207
TR-032548,2025-07-24,2132.38,2101.265218265983
TR-032549,2025-07-24,2949.87,2950.27042822293
TR-032550,2025-07-24,4609.86,4460.693184294703
TR-032551,2025-07-24,1893.54,1903.7648164742109
TR-032552,2025-07-24,4527.05,4450.547045482686
TR-032553,2025-07-24,3964.68,3721.33874786484
TR-032554,2025-07-24,2767.44,2755.4403881722596
TR-032555,2025-07-24,2332.55,2295.0456038008865
TR-032556,2025-07-24,3116.64,3141.0191492049585
TR-032557,2025-07-24,5736.22,5567.220230254672
TR-032558,2025-07-24,1019.26,1019.7315851593407
TR-032559,2025-07-24,2152.39,2312.80519202936
TR-032560,2025-07-24,894.51,889.8092823703016
TR-032561,2025-07-24,1893.8,1876.1088108014583
TR-032562,2025-07-24,3678.62,3807.764556457298
TR-032563,2025-07-24,2087.84,2047.924635329143
TR-032564,2025-07-24,2900.38,3013.5929787440673
TR-032565,2025-07-24,1271.78,1253.8982711361737
TR-032566,2025-07-24,2003.15,1982.90141133499
TR-032567,2025-07-24,4843.0,4858.804501262205
TR-032568,2025-07-24,2015.2,1915.3213496920166
TR-032569,2025-07-24,1417.95,1422.5291270173539
TR-032570,2025-07-24,1537.72,1530.835677037038
TR-032571,2025-07-24,1629.41,1665.658656248332
TR-032572,2025-07-24,4952.66,4945.54381865269
TR-032573,2025-07-24,2887.1,2741.555257007884
TR-032574,2025-07-24,2255.31,2264.207597667107
TR-032575,2025-07-24,1071.54,1124.6497179422595
TR-032576,2025-07-24,4162.33,4277.61363993316
TR-032577,2025-07-24,3061.87,3062.2170777439233
TR-032578,2025-07-24,1106.35,1115.9094494786245
TR-032579,2025-07-24,2447.95,2691.5308210167846
TR-032580,2025-07-24,252.03,1133.5551615564118
TR-032581,2025-07-24,603.69,578.4802925205183
TR-032582,2025-07-24,1803.83,1671.7193574157507
TR-032583,2025-07-24,848.87,816.4981444664718
TR-032584,2025-07-24,5154.94,5166.692115454101
TR-032585,2025-07-24,1786.59,1741.6619666723468
TR-032586,2025-07-24,1297.55,1314.992069405197
TR-032587,2025-07-24,2106.93,2016.467077449849
TR-032588,2025-07-24,808.63,821.0005607017763
TR-032589,2025-07-24,2469.34,2457.1104171308034
TR-032590,2025-07-24,2510.09,2406.688618064628
TR-032591,2025-07-24,1993.05,2019.6382127902311
TR-032592,2025-07-24,2172.77,2352.73386690824
TR-032593,2025-07-24,960.83,953.546262928854
TR-032594,2025-07-24,5880.07,5869.8189271329575
TR-032595,2025-07-24,3079.08,3130.3329910793987
TR-032596,2025-07-24,715.77,689.9719908398704
TR-032597,2025-07-24,3883.12,3600.6870207907186
TR-032598,2025-07-24,1198.31,1172.7324635407529
TR-032599,2025-07-24,4402.47,4458.046459328683
TR-032600,2025-07-24,1244.54,1213.39305628047
TR-032601,2025-07-25,1795.6,1864.367575174103
TR-032602,2025-07-25,3985.09,3925.1089960559675
TR-032603,2025-07-25,1831.44,1855.7830396873571
TR-032604,2025-07-25,1814.73,1869.416038495242
TR-032605,2025-07-25,5060.6,5209.864731830996
TR-032606,2025-07-25,1159.69,1202.7311451998848
TR-032607,2025-07-25,776.49,793.6684506383153
TR-032608,2025-07-25,1345.49,1422.1916811226683
TR-032609,2025-07-25,2391.1,2583.861179701211
TR-032610,2025-07-25,640.86,646.9654045675993
TR-032611,2025-07-25,1003.51,1076.4522366827978
TR-032612,2025-07-25,2223.64,2162.586518715027
TR-032613,2025-07-25,1483.36,1536.4043367229929
TR-032614,2025-07-25,1013.01,1023.0100766266127
TR-032615,2025-07-25,1268.49,1309.3484706589174
TR-032616,2025-07-25,1603.79,1592.0115729526083
TR-032617,2025-07-25,1920.16,2107.011233134913
TR-032618,2025-07-25,3219.74,3083.5345682844236
TR-032619,2025-07-25,1515.31,1470.6558347239534
TR-032620,2025-07-25,2086.34,2360.421983491883
TR-032621,2025-07-25,1453.48,1433.9249249439333
TR-032622,2025-07-25,1631.89,1695.4701330982869
TR-032623,2025-07-25,1844.26,1887.5706560463314
TR-032624,2025-07-25,1591.32,1653.7438208309459
TR-032625,2025-07-25,1380.67,1397.9431495470594
TR-032626,2025-07-25,3180.61,3409.5987150138894
TR-032627,2025-07-25,1272.59,1283.0093783480822
TR-032628,2025-07-25,559.05,587.6602355216401
TR-032629,2025-07-25,4374.65,4358.556031012624
TR-032630,2025-07-25,1269.2,1261.1549443171568
TR-032631,2025-07-25,1840.76,1855.5129539616494
TR-032632,2025-07-25,937.61,944.4779643649331
TR-032633,2025-07-25,822.73,854.4604030434707
TR-032634,2025-07-25,3858.21,4233.810840617472
TR-032635,2025-07-25,4051.75,4016.2760938779384
TR-032636,2025-07-25,1826.04,2021.989657107823
TR-032637,2025-07-25,1869.29,1850.5263178832909
TR-032638,2025-07-25,3347.59,3357.3718710777484
TR-032639,2025-07-25,2653.19,2566.4254322725806
TR-032640,2025-07-25,720.47,744.1310616612957
TR-032641,2025-07-25,2766.8,2978.146884216362
TR-032642,2025-07-25,2385.54,2472.0653572729516
TR-032643,2025-07-25,1155.79,1151.7044270867618
TR-032644,2025-07-25,2351.78,2227.4345512558248
TR-032645,2025-07-25,1705.03,1782.649196590576
TR-032646,2025-07-25,1615.16,1539.7320193338694
TR-032647,2025-07-25,4232.78,4305.158935129964
TR-032648,2025-07-25,768.26,807.2822588681684
TR-032649,2025-07-25,2339.92,2204.994868498261
TR-032650,2025-07-25,3526.8,3767.4625887239886
TR-032651,2025-07-25,1780.57,1772.3263236181517
TR-032652,2025-07-25,3484.76,3528.2362017921455
TR-032653,2025-07-25,1924.84,1881.0060759909584
TR-032654,2025-07-25,1711.68,1790.441705903075
TR-032655,2025-07-25,790.18,796.8656404879928
TR-032656,2025-07-25,1802.55,1811.895961245836
TR-032657,2025-07-25,1675.31,1684.4062484406031
TR-032658,2025-07-25,1490.02,1478.5393153374052
TR-032659,2025-07-25,3944.08,4008.1254200716585
TR-032660,2025-07-25,3416.38,3578.283680616236
TR-032661,2025-07-25,3111.53,2788.377512724902
TR-032662,2025-07-25,2159.84,2099.745363597005
TR-032663,2025-07-25,3293.39,3510.152722432179
TR-032664,2025-07-25,2397.54,2487.515555132131
TR-032665,2025-07-25,5543.22,5663.17128773038
TR-032666,2025-07-25,3674.78,3849.117773934652
TR-032667,2025-07-25,1358.54,1334.557994977877
TR-032668,2025-07-25,5174.53,5256.588205807175
TR-032669,2025-07-25,960.12,973.8326862825606
TR-032670,2025-07-25,899.68,910.7302161452878
TR-032671,2025-07-25,2827.98,2979.207247335152
TR-032672,2025-07-25,2570.38,2768.6436379002707
TR-032673,2025-07-25,3939.9,3892.0108492455433
TR-032674,2025-07-25,4025.72,3966.2863316537505
TR-032675,2025-07-25,2064.45,2045.7417718009256
TR-032676,2025-07-25,3644.19,3598.3881663891334
TR-032677,2025-07-25,5376.87,5305.808116237038
TR-032678,2025-07-25,13435.73,3175.540270195746
TR-032679,2025-07-25,10182.59,3692.644302142762
TR-032680,2025-07-25,1243.96,1218.3299281827385
TR-032681,2025-07-25,4132.2,4307.610872626658
TR-032682,2025-07-25,3252.3,3327.5621605798115
TR-032683,2025-07-25,3191.53,3080.703441266787
TR-032684,2025-07-25,4200.2,4134.218298340328
TR-032685,2025-07-25,2304.15,2247.6833695393047
TR-032686,2025-07-25,3444.4,3600.622365658677
TR-032687,2025-07-25,983.26,1018.3520623182044
TR-032688,2025-07-25,2020.06,2272.5350878220406
TR-032689,2025-07-25,1919.24,1883.9413611043688
TR-032690,2025-07-25,3653.08,3706.6009694102186
TR-032691,2025-07-25,2290.3,2407.788430410584
TR-032692,2025-07-25,659.75,656.2199481688472
TR-032693,2025-07-25,1003.77,1020.4621330295025
TR-032694,2025-07-25,2900.85,2880.994974930994
TR-032695,2025-07-25,3366.83,3548.000258003467
TR-032696,2025-07-25,2370.42,2710.061247047009
TR-032697,2025-07-25,4704.4,4739.689472541596
TR-032698,2025-07-25,1426.38,1435.2113142416338
TR-032699,2025-07-25,1141.74,1184.9326001483373
TR-032700,2025-07-25,3958.98,3972.4280632954515
TR-032701,2025-07-25,1431.72,1480.2553936329018
TR-032702,2025-07-25,333.87,326.6273008403052
TR-032703,2025-07-25,1112.55,1098.2314946486472
TR-032704,2025-07-25,3215.38,3246.0002634721936
TR-032705,2025-07-25,1761.75,1710.0247727555463
TR-032706,2025-07-25,1147.6,1206.6985742174415
TR-032707,2025-07-25,2869.52,2639.007756289368
TR-032708,2025-07-25,683.06,677.6731505765074
TR-032709,2025-07-25,2385.69,2266.1155936274918
TR-032710,2025-07-25,3695.63,3681.0634776777733
TR-032711,2025-07-25,1973.87,1970.0181007279882
TR-032712,2025-07-25,4621.28,4570.571706136203
TR-032713,2025-07-25,5914.63,6036.0904556230325
TR-032714,2025-07-25,1385.85,1375.821531109627
TR-032715,2025-07-25,1855.55,1822.0888045773925
TR-032716,2025-07-25,4113.84,4080.578654836594
TR-032717,2025-07-25,2840.2,3167.476987639435
TR-032718,2025-07-25,5716.61,5267.470789542104
TR-032719,2025-07-25,1447.89,1516.2155095612522
TR-032720,2025-07-25,1002.59,1013.1465481340914
TR-032721,2025-07-25,1823.86,1768.034736354171
TR-032722,2025-07-25,568.64,551.726763858348
TR-032723,2025-07-25,2761.01,2914.4134894105755
TR-032724,2025-07-25,2110.93,2014.7810532979433
TR-032725,2025-07-25,3322.7,3518.7862512961115
TR-032726,2025-07-25,1188.63,1145.9548758922172
TR-032727,2025-07-25,605.63,619.2308817051919
TR-032728,2025-07-25,672.84,684.5585851544474
TR-032729,2025-07-25,4127.3,4293.72347548924
TR-032730,2025-07-25,4887.45,5038.946975841813
TR-032731,2025-07-25,877.84,850.8472545714546
TR-032732,2025-07-25,1210.06,1254.8852415125393
TR-032733,2025-07-25,2827.1,2750.3806673429754
TR-032734,2025-07-25,2264.1,2340.375438108993
TR-032735,2025-07-25,786.2,800.8973067214204
TR-032736,2025-07-25,1039.6,1057.7357753967701
TR-032737,2025-07-25,2884.04,3095.2581427310824
TR-032738,2025-07-25,4075.32,4196.59467653793
TR-032739,2025-07-25,3975.65,4121.330200163195
TR-032740,2025-07-25,2091.38,2272.161414710252
TR-032741,2025-07-25,1148.66,1177.4527212652702
TR-032742,2025-07-25,1026.79,988.0871542452178
TR-032743,2025-07-25,618.25,687.8960591375226
TR-032744,2025-07-25,3399.53,3406.5617341130583
TR-032745,2025-07-25,1229.81,1202.610450760787
TR-032746,2025-07-25,3774.01,3786.326673013419
TR-032747,2025-07-25,1954.6,1963.7631379567877
TR-032748,2025-07-25,2362.59,2362.4150294848896
TR-032749,2025-07-25,1886.47,1839.3207749536464
TR-032750,2025-07-25,2310.25,2418.0209541244594
TR-032751,2025-07-25,2685.21,2648.7062474998925
TR-032752,2025-07-25,4164.07,4220.128806448083
TR-032753,2025-07-26,4181.36,4154.5772431000205
TR-032754,2025-07-26,3815.28,3834.1823051394003
TR-032755,2025-07-26,5341.24,5356.452924541243
TR-032756,2025-07-26,2472.19,2476.9557041091684
TR-032757,2025-07-26,1256.62,1273.141093685752
TR-032758,2025-07-26,1736.66,1756.1828293944266
TR-032759,2025-07-26,1816.77,1835.7500048830361
TR-032760,2025-07-26,5172.5,5332.254891374971
TR-032761,2025-07-26,2614.96,2715.8727277259654
TR-032762,2025-07-26,1966.84,1976.3169040382602
TR-032763,2025-07-26,612.07,631.1735870456653
TR-032764,2025-07-26,3681.76,3726.6474015097156
TR-032765,2025-07-26,3007.83,3149.089418662278
TR-032766,2025-07-26,676.85,728.5477494576346
TR-032767,2025-07-26,2457.83,2506.1345972096633
TR-032768,2025-07-26,4523.97,4590.0250116634725
TR-032769,2025-07-26,1781.1,1803.2186560781604
TR-032770,2025-07-26,5134.52,5116.703659332759
TR-032771,2025-07-26,1896.67,1923.751350138977
TR-032772,2025-07-26,1179.97,1209.0017040416221
TR-032773,2025-07-26,542.58,563.8724706505459
TR-032774,2025-07-26,849.68,865.1092174103292
TR-032775,2025-07-26,2923.62,3013.3335251951166
TR-032776,2025-07-26,3968.6,3984.0257847762296
TR-032777,2025-07-26,1409.82,1368.9969495365704
TR-032778,2025-07-26,3809.9,3793.8924652189203
TR-032779,2025-07-26,1531.01,1607.4909684855281
TR-032780,2025-07-26,2384.36,2494.210923761779
TR-032781,2025-07-26,1137.39,1179.0490961245655
TR-032782,2025-07-26,2000.96,1995.7285583556768
TR-032783,2025-07-26,3226.76,3008.9285651458376
TR-032784,2025-07-26,2768.45,2764.945744130929
TR-032785,2025-07-26,1572.21,1617.8740164570363
TR-032786,2025-07-26,2523.24,2529.538086116506
TR-032787,2025-07-26,1289.13,1288.778831507441
TR-032788,2025-07-26,1627.76,1689.0409715294625
TR-032789,2025-07-26,1890.39,1915.7059066575937
TR-032790,2025-07-26,846.21,880.4436027248901
TR-032791,2025-07-26,4073.45,4191.438219305912
TR-032792,2025-07-26,3655.58,3794.912897258261
TR-032793,2025-07-26,3205.68,3052.987540532331
TR-032794,2025-07-26,4322.64,4195.164852020334
TR-032795,2025-07-26,1852.53,1932.4975405015603
TR-032796,2025-07-26,4388.08,4319.575568808266
TR-032797,2025-07-26,3292.14,3363.4684980302636
TR-032798,2025-07-26,1364.0,1362.2556539514148
TR-032799,2025-07-26,843.8,844.7126875831341
TR-032800,2025-07-26,2240.57,2312.7200053334236
TR-032801,2025-07-26,1738.9,1702.0690924044907
TR-032802,2025-07-26,2442.47,2321.286757594196
TR-032803,2025-07-26,1519.19,1526.3483818083619
TR-032804,2025-07-26,1102.01,1157.1498612617738
TR-032805,2025-07-26,3689.12,3871.00377089462
TR-032806,2025-07-26,1864.49,1828.6006582519267
TR-032807,2025-07-26,3162.9,2990.462860280658
TR-032808,2025-07-26,1179.8,1166.2797212907735
TR-032809,2025-07-26,1560.31,1581.802913538451
TR-032810,2025-07-26,927.32,978.5377591364597
TR-032811,2025-07-26,2652.52,2825.131271576629
TR-032812,2025-07-26,1878.06,1929.7632275175329
TR-032813,2025-07-26,3409.05,3603.8803697302847
TR-032814,2025-07-26,2671.9,2651.9073125091045
TR-032815,2025-07-26,2300.15,2395.07847491536
TR-032816,2025-07-26,2905.05,3166.725790825356
TR-032817,2025-07-26,2627.38,2972.599835270349
TR-032818,2025-07-26,4849.72,4972.127245388165
TR-032819,2025-07-26,1076.49,1085.6732833416777
TR-032820,2025-07-26,1348.68,1341.6918212601881
TR-032821,2025-07-26,738.87,815.3444926235586
TR-032822,2025-07-26,1606.4,1703.0645258486754
TR-032823,2025-07-26,1419.4,1410.513514613356
TR-032824,2025-07-26,2689.56,2988.225647537433
TR-032825,2025-07-26,1335.43,1344.539856106493
TR-032826,2025-07-26,1183.71,1189.6894361589234
TR-032827,2025-07-26,835.6,843.4909405267792
TR-032828,2025-07-26,3390.19,3445.2714913566815
TR-032829,2025-07-26,707.65,706.4156973418071
TR-032830,2025-07-26,3598.69,3588.787377692146
TR-032831,2025-07-26,3018.99,3117.9649148722383
TR-032832,2025-07-26,1772.88,1754.5551173354288
TR-032833,2025-07-26,2410.26,2239.560771598203
TR-032834,2025-07-26,1372.35,1392.4641391030523
TR-032835,2025-07-26,4693.29,4689.621693840732
TR-032836,2025-07-26,1446.05,1507.8046286680255
TR-032837,2025-07-26,3819.84,3776.1737433484104
TR-032838,2025-07-26,5158.76,5166.886573194713
TR-032839,2025-07-26,1168.4,1182.1853928512621
TR-032840,2025-07-26,2541.0,2734.035573859015
TR-032841,2025-07-26,1123.05,1163.756826152873
TR-032842,2025-07-26,1896.51,1904.8437808903209
TR-032843,2025-07-26,2544.97,2538.8388109109073
TR-032844,2025-07-26,1148.73,1213.908269318009
TR-032845,2025-07-26,1112.39,1150.652706701621
TR-032846,2025-07-26,5661.91,5682.224518702973
TR-032847,2025-07-26,3866.25,3976.1794115342323
TR-032848,2025-07-26,2412.34,2308.9605719619863
TR-032849,2025-07-26,1619.06,1643.2620942036342
TR-032850,2025-07-26,1197.41,2720.589068386501
TR-032851,2025-07-26,1745.58,1909.818341933377
TR-032852,2025-07-26,3469.22,3748.5284664417395
TR-032853,2025-07-26,965.32,992.6848388471128
TR-032854,2025-07-26,2371.59,2480.110024493262
TR-032855,2025-07-26,1088.47,1115.5481384932673
TR-032856,2025-07-26,1838.99,1885.1130664368036
TR-032857,2025-07-26,1667.62,1755.4139432847367
TR-032858,2025-07-26,3998.84,4155.4202427016135
TR-032859,2025-07-26,564.67,586.1115171967874
TR-032860,2025-07-26,2852.1,3000.0461711664593
TR-032861,2025-07-26,1562.25,1572.8868691121006
TR-032862,2025-07-26,1971.58,2211.8009425732284
TR-032863,2025-07-26,842.78,879.0602758289826
TR-032864,2025-07-26,1639.91,1679.9136943466888
TR-032865,2025-07-26,1493.3,1530.7941272629628
TR-032866,2025-07-26,4327.16,4528.074813810106
TR-032867,2025-07-26,3710.4,3871.302891771877
TR-032868,2025-07-26,1235.73,1280.170363408692
TR-032869,2025-07-26,3288.98,1272.0257777011598
TR-032870,2025-07-26,1510.16,1511.1986110800817
TR-032871,2025-07-26,1572.34,1544.402745894133
TR-032872,2025-07-26,1577.9,1575.5207884520123
TR-032873,2025-07-26,4115.12,4252.0131371066
TR-032874,2025-07-26,3288.49,3171.7889204787707
TR-032875,2025-07-26,1759.96,1872.219719295359
TR-032876,2025-07-26,597.98,584.1738228931922
TR-032877,2025-07-26,2487.69,2653.268891819963
TR-032878,2025-07-26,8768.95,3831.511993715345
TR-032879,2025-07-26,2163.74,2311.960189445312
TR-032880,2025-07-26,2773.57,3027.2947053757007
TR-032881,2025-07-26,4553.24,4649.930990534773
TR-032882,2025-07-26,952.59,998.1756570735067
TR-032883,2025-07-26,1402.65,1429.1900924339127
TR-032884,2025-07-26,4552.36,4429.970017144757
TR-032885,2025-07-26,2897.27,2801.729414838044
TR-032886,2025-07-26,1399.03,1446.6502385274266
TR-032887,2025-07-26,947.49,1038.9045305300237
TR-032888,2025-07-26,1176.38,1221.6623916749127
TR-032889,2025-07-26,5200.47,5139.073518954362
TR-032890,2025-07-26,2860.19,2670.897005962349
TR-032891,2025-07-26,1575.72,1491.346897301967
TR-032892,2025-07-26,772.97,788.138615648629
TR-032893,2025-07-26,2586.97,2594.046034856006
TR-032894,2025-07-26,3428.93,3391.0209372924055
TR-032895,2025-07-26,1081.32,1102.4681524178059
TR-032896,2025-07-26,3283.34,3329.856688237413
TR-032897,2025-07-26,1427.14,1449.851218499886
TR-032898,2025-07-26,1110.4,1111.4966599290824
TR-032899,2025-07-26,5798.7,5888.134770782556
TR-032900,2025-07-26,5254.63,5489.904572158799
TR-032901,2025-07-26,2443.03,2669.7328253531564
TR-032902,2025-07-26,1347.37,1354.904016694486
TR-032903,2025-07-26,2318.6,2429.4320249660605
TR-032904,2025-07-26,3633.29,3634.3055199715745
TR-032905,2025-07-26,2430.05,2285.6459174688325
TR-032906,2025-07-26,4470.06,4309.040276662105
TR-032907,2025-07-26,2349.02,2417.4273385748115
TR-032908,2025-07-26,990.98,1018.1832284165201
TR-032909,2025-07-26,734.78,773.3517631604143
TR-032910,2025-07-26,1982.32,2116.790127714497
TR-032911,2025-07-26,2734.49,2652.5997371333897
TR-032912,2025-07-26,1824.23,1820.7001143763937
TR-032913,2025-07-26,2772.56,2919.318063048465
TR-032914,2025-07-26,2677.59,2975.990988308392
TR-032915,2025-07-26,3234.32,3405.0421683209643
TR-032916,2025-07-26,1134.2,1110.8163693787976
TR-032917,2025-07-26,4501.69,4480.213934342849
TR-032918,2025-07-26,1381.2,1398.085627737516
TR-032919,2025-07-26,3769.93,4109.826848308739
TR-032920,2025-07-26,1821.68,1847.5531230579365
TR-032921,2025-07-26,1875.38,2063.818487833027
TR-032922,2025-07-26,251.26,323.186376356193
TR-032923,2025-07-26,1114.11,1165.2284807014066
TR-032924,2025-07-26,5048.44,4924.228761703622
TR-032925,2025-07-26,1633.33,1683.8027015044686
TR-032926,2025-07-26,1069.02,1079.2709598137972
TR-032927,2025-07-26,1423.48,1449.8598367406466
TR-032928,2025-07-26,4156.88,4102.265665418527
TR-032929,2025-07-26,858.21,932.7351539250817
TR-032930,2025-07-26,813.75,824.7497887586874
TR-032931,2025-07-26,901.8,898.8093780718143
TR-032932,2025-07-26,2850.86,2989.103399015439
TR-032933,2025-07-26,3981.98,4112.261491372699
TR-032934,2025-07-26,1245.71,1278.3425348998044
TR-032935,2025-07-27,2163.29,2138.106064532413
TR-032936,2025-07-27,2384.07,2452.218233065496
TR-032937,2025-07-27,1435.17,1479.1535755632767
TR-032938,2025-07-27,3416.49,3472.469430814622
TR-032939,2025-07-27,3988.53,4142.950853847468
TR-032940,2025-07-27,3037.1,3073.511131441791
TR-032941,2025-07-27,706.09,762.4924086544149
TR-032942,2025-07-27,2852.16,3029.1737465685496
TR-032943,2025-07-27,2828.82,2979.5739055156578
TR-032944,2025-07-27,1101.66,1114.359878076616
TR-032945,2025-07-27,1417.23,1500.8690380057164
TR-032946,2025-07-27,181.52,626.2934152483933
TR-032947,2025-07-27,3736.52,3886.7602019193714
TR-032948,2025-07-27,4227.74,4309.645328322231
TR-032949,2025-07-27,3424.45,3512.4719410513644
TR-032950,2025-07-27,1408.76,1373.0143499707956
TR-032951,2025-07-27,1424.22,1449.1669822491633
TR-032952,2025-07-27,1572.85,1545.6731152601594
TR-032953,2025-07-27,3176.7,3418.2647967392613
TR-032954,2025-07-27,2287.55,2192.6753414807763
TR-032955,2025-07-27,3445.03,3281.255007080397
TR-032956,2025-07-27,1948.74,2114.236279357755
TR-032957,2025-07-27,1043.92,1052.7563386348706
TR-032958,2025-07-27,2558.38,2380.032714281543
TR-032959,2025-07-27,1187.48,1214.3940770263812
TR-032960,2025-07-27,2899.85,2966.590510027321
TR-032961,2025-07-27,524.13,530.76754791094
TR-032962,2025-07-27,698.25,783.5302958790164
TR-032963,2025-07-27,2421.32,2479.020669451788
TR-032964,2025-07-27,1855.81,1792.204607868986
TR-032965,2025-07-27,257.43,481.3991823443969
TR-032966,2025-07-27,192.65,335.27001986585606
TR-032967,2025-07-27,4571.1,4534.128768426877
TR-032968,2025-07-27,1482.91,1497.7924776016366
TR-032969,2025-07-27,2401.55,2337.343266784923
TR-032970,2025-07-27,1785.98,1814.9962966481683
TR-032971,2025-07-27,2359.07,2479.853248232307
TR-032972,2025-07-27,1350.54,1351.9591516861506
TR-032973,2025-07-27,2014.06,1979.7849221349154
TR-032974,2025-07-27,877.53,924.9323306805125
TR-032975,2025-07-27,1644.0,1710.3270966623634
TR-032976,2025-07-27,2059.41,2258.449638379895
TR-032977,2025-07-27,646.48,652.2070170374147
TR-032978,2025-07-27,2969.42,2848.6684819107836
TR-032979,2025-07-27,1253.86,1277.7869659900603
TR-032980,2025-07-27,2594.03,2701.3058142751634
TR-032981,2025-07-27,3524.21,3769.9541536520237
TR-032982,2025-07-27,845.62,889.027177473595
TR-032983,2025-07-27,1436.2,1443.4887707484795
TR-032984,2025-07-27,2888.72,2787.4173182638583
TR-032985,2025-07-27,1448.87,1547.09288157941
TR-032986,2025-07-27,981.73,1039.075090523174
TR-032987,2025-07-27,1229.03,1250.0329390786683
TR-032988,2025-07-27,1125.51,1185.0966581039881
TR-032989,2025-07-27,2983.7,3099.547017444364
TR-032990,2025-07-27,1472.31,1563.5997485882103
TR-032991,2025-07-27,1865.89,2164.859264791475
TR-032992,2025-07-27,1329.27,1367.7565764386225
TR-032993,2025-07-27,1877.25,1918.091385028704
TR-032994,2025-07-27,405.29,419.61563638831035
TR-032995,2025-07-27,3533.37,3815.911320153071
TR-032996,2025-07-27,2875.14,3062.6888899482287
TR-032997,2025-07-27,2638.38,2480.896025394439
TR-032998,2025-07-27,4168.72,4128.778647206903
TR-032999,2025-07-27,711.37,745.5006165723389
TR-033000,2025-07-27,1205.4,1235.0366053945586
TR-033001,2025-07-27,2486.71,2666.396526122766
TR-033002,2025-07-27,349.68,406.87614676722615
TR-033003,2025-07-27,3779.91,3894.8498506242813
TR-033004,2025-07-27,3363.73,3616.987355408056
TR-033005,2025-07-27,869.31,888.3972189534338
TR-033006,2025-07-27,1723.34,1778.4340842960607
TR-033007,2025-07-27,1106.77,1123.7391072182559
TR-033008,2025-07-27,1444.1,1460.3126271207789
TR-033009,2025-07-27,2923.22,3151.4818849500584
TR-033010,2025-07-27,727.21,782.9382770555117
TR-033011,2025-07-27,2120.51,2062.6191430030954
TR-033012,2025-07-27,1343.73,1350.5424982498034
TR-033013,2025-07-27,1499.67,1536.8556787603573
TR-033014,2025-07-27,2055.35,2114.910451983129
TR-033015,2025-07-27,1253.36,1310.6364183188289
TR-033016,2025-07-27,2003.88,2128.517670020215
TR-033017,2025-07-27,2031.04,2266.6952408539823
TR-033018,2025-07-27,823.25,849.7791933705096
TR-033019,2025-07-27,3529.73,3780.0510381329573
TR-033020,2025-07-27,2966.04,3167.5567057118546
TR-033021,2025-07-27,1819.42,1862.8974906458523
TR-033022,2025-07-27,771.46,809.4688436656709
TR-033023,2025-07-27,1054.01,1075.9737023687287
TR-033024,2025-07-27,4226.13,4221.086655947713
TR-033025,2025-07-27,1205.58,1237.50321971752
TR-033026,2025-07-27,3939.59,4084.34605275811
TR-033027,2025-07-27,4486.08,4557.433284067063
TR-033028,2025-07-27,768.89,791.3940325586359
TR-033029,2025-07-27,1552.48,1515.4463642542137
TR-033030,2025-07-27,3302.26,3434.6480705229624
TR-033031,2025-07-27,2526.04,2507.378728813707
TR-033032,2025-07-27,2018.47,2057.4689934390262
TR-033033,2025-07-27,1355.23,1456.702501908336
TR-033034,2025-07-27,1604.66,1685.533203427497
TR-033035,2025-07-27,3343.47,3380.824669452354
TR-033036,2025-07-27,379.33,368.85976667270734
TR-033037,2025-07-27,3330.78,3152.0177262641982
TR-033038,2025-07-27,1177.81,1185.0536689798464
TR-033039,2025-07-27,7607.75,1667.6588911532117
TR-033040,2025-07-27,2234.86,2173.4739246849585
TR-033041,2025-07-27,2251.6,2456.5026625020205
TR-033042,2025-07-27,1307.33,1391.0249067333739
TR-033043,2025-07-27,2145.12,2067.0577735342586
TR-033044,2025-07-27,4354.23,4549.3054760182185
TR-033045,2025-07-27,2597.26,2624.9079763814516
TR-033046,2025-07-27,2016.83,2236.1582217473187
TR-033047,2025-07-27,2413.16,2585.165919536518
TR-033048,2025-07-27,786.53,817.6800379419326
TR-033049,2025-07-27,1705.16,1700.2096802944766
TR-033050,2025-07-27,898.23,897.917653641754
TR-033051,2025-07-27,3261.16,3414.95573246429
TR-033052,2025-07-27,1282.83,1309.865749938509
TR-033053,2025-07-27,751.79,814.1705499050647
TR-033054,2025-07-27,2592.78,2625.959336431339
TR-033055,2025-07-27,798.03,856.8012468903983
TR-033056,2025-07-27,3734.08,3776.20279503965
TR-033057,2025-07-27,1280.74,1325.863045420132
TR-033058,2025-07-27,3296.85,3307.4573599683326
TR-033059,2025-07-27,2278.22,2315.7468004640905
TR-033060,2025-07-27,4984.21,5156.994923576528
TR-033061,2025-07-27,282.54,1459.4687864183907
TR-033062,2025-07-27,3261.9,3180.6689535501073
TR-033063,2025-07-27,3530.35,3688.676325130842
TR-033064,2025-07-27,2883.41,2959.8517942217327
TR-033065,2025-07-27,806.0,849.2171060302019
TR-033066,2025-07-27,1275.74,1344.1382094066244
TR-033067,2025-07-27,1464.1,1439.6163332798405
TR-033068,2025-07-27,4174.09,4189.786311848768
TR-033069,2025-07-27,691.7,733.1281402353629
TR-033070,2025-07-27,2662.76,2746.2544950088586
TR-033071,2025-07-27,3847.58,3949.473394670931
TR-033072,2025-07-27,1900.56,2036.0620534829338
TR-033073,2025-07-27,3531.73,3658.192445815672
TR-033074,2025-07-27,230.1,353.94800963696844
TR-033075,2025-07-27,17333.65,3889.273415739086
TR-033076,2025-07-27,5553.38,5643.089930509403
TR-033077,2025-07-27,1585.57,1612.003951072605
TR-033078,2025-07-27,1756.09,1775.6627891365565
TR-033079,2025-07-27,1241.89,1261.0322081372392
TR-033080,2025-07-27,1760.78,1779.2770530868238
TR-033081,2025-07-27,4298.03,4150.789448734162
TR-033082,2025-07-27,978.54,1039.9795891933238
TR-033083,2025-07-28,989.65,1055.3763995983518
TR-033084,2025-07-28,3554.43,3554.4780885956116
TR-033085,2025-07-28,551.0,580.187094042293
TR-033086,2025-07-28,2866.84,2647.2155412736047
TR-033087,2025-07-28,11117.85,3775.08686245277
TR-033088,2025-07-28,1495.86,1512.7114777358286
TR-033089,2025-07-28,3873.08,3995.252104162005
TR-033090,2025-07-28,5421.9,5408.955916131825
TR-033091,2025-07-28,1898.11,1930.2132432672404
TR-033092,2025-07-28,4163.82,4154.851027459554
TR-033093,2025-07-28,4689.79,4832.196843392025
TR-033094,2025-07-28,251.2,386.94187248211006
TR-033095,2025-07-28,1084.99,1111.7995129397627
TR-033096,2025-07-28,1374.59,1370.268685860589
TR-033097,2025-07-28,4869.68,4977.689597164179
TR-033098,2025-07-28,1859.46,1835.7721138260042
TR-033099,2025-07-28,1222.71,1252.291712869442
TR-033100,2025-07-28,571.03,589.9499019330037
TR-033101,2025-07-28,1062.28,1146.7034785721419
TR-033102,2025-07-28,2462.39,2370.8725189067604
TR-033103,2025-07-28,1023.46,1098.0871033869594
TR-033104,2025-07-28,730.81,813.750185356361
TR-033105,2025-07-28,345.19,390.2777618352079
TR-033106,2025-07-28,2821.94,2887.7547240583285
TR-033107,2025-07-28,5266.95,5318.974839837813
TR-033108,2025-07-28,2010.78,2002.7346069439961
TR-033109,2025-07-28,1741.31,1780.2729901735563
TR-033110,2025-07-28,1307.68,1331.3692991332127
TR-033111,2025-07-28,1454.74,1520.295124433001
TR-033112,2025-07-28,1898.27,1906.64041122078
TR-033113,2025-07-28,3337.67,3661.990334137297
TR-033114,2025-07-28,1608.9,1525.952844282251
TR-033115,2025-07-28,5884.68,5800.177207815263
TR-033116,2025-07-28,968.12,1028.8155326911324
TR-033117,2025-07-28,1358.77,1397.6959262057558
TR-033118,2025-07-28,1688.03,1760.5471587958828
TR-033119,2025-07-28,589.77,1523.0538101592558
TR-033120,2025-07-28,1319.58,1416.629446734427
TR-033121,2025-07-28,1341.91,1361.0455875514695
TR-033122,2025-07-28,1060.52,1100.8086608390074
TR-033123,2025-07-28,2288.59,2364.957786335995
TR-033124,2025-07-28,4235.39,4361.0588559939215
TR-033125,2025-07-28,667.47,710.2296200081068
TR-033126,2025-07-28,1866.7,1876.2474463890321
TR-033127,2025-07-28,921.09,936.4726504321561
TR-033128,2025-07-28,4423.69,4527.502071996135
TR-033129,2025-07-28,591.93,632.1134080152208
TR-033130,2025-07-28,1981.07,1925.553750940403
TR-033131,2025-07-28,1079.93,1103.2496242386933
TR-033132,2025-07-28,453.76,527.7102570968079
TR-033133,2025-07-28,1841.68,1937.429913177716
TR-033134,2025-07-28,1045.98,1089.753034755296
TR-033135,2025-07-28,749.0,782.7953214133845
TR-033136,2025-07-28,644.7,687.3860201132456
TR-033137,2025-07-28,507.31,598.1911018549417
TR-033138,2025-07-28,1157.48,1184.5540167648942
TR-033139,2025-07-28,951.85,983.2160180863148
TR-033140,2025-07-28,2317.43,2361.9012673125876
TR-033141,2025-07-28,882.87,913.1535303489823
TR-033142,2025-07-28,2472.06,2692.9516652585935
TR-033143,2025-07-28,669.33,716.8551839845977
TR-033144,2025-07-28,1349.13,1350.5359656613475
TR-033145,2025-07-28,1769.62,1798.9038417900242
TR-033146,2025-07-28,3851.99,3825.9696395755636
TR-033147,2025-07-28,1047.91,1087.668910211573
TR-033148,2025-07-28,3793.81,3884.765106048766
TR-033149,2025-07-28,5189.0,5252.880808131076
TR-033150,2025-07-28,1722.32,1708.1504609515423
TR-033151,2025-07-28,2675.46,2747.5780264495743
TR-033152,2025-07-28,3934.13,3924.3028563795333
TR-033153,2025-07-28,1955.71,2046.4331558780414
TR-033154,2025-07-28,1926.51,1976.010779297111
TR-033155,2025-07-28,2297.29,2386.6260822811855
TR-033156,2025-07-28,2347.66,2443.3776164253595
TR-033157,2025-07-28,730.76,820.6768002889278
TR-033158,2025-07-28,2894.13,3070.4943930122017
TR-033159,2025-07-28,2843.17,3034.683257928715
TR-033160,2025-07-28,2992.03,3398.1994942662222
TR-033161,2025-07-28,2311.92,2151.3975185588556
TR-033162,2025-07-28,1733.19,1724.3975770158117
TR-033163,2025-07-28,2131.03,2209.534740196137
TR-033164,2025-07-28,1181.15,1204.8543075638795
TR-033165,2025-07-28,2177.26,2099.8462406067647
TR-033166,2025-07-28,2453.15,2533.734445790624
TR-033167,2025-07-28,1178.59,1238.9537327559206
TR-033168,2025-07-28,1929.08,1956.6572587772328
TR-033169,2025-07-28,2217.1,2133.2901874086965
TR-033170,2025-07-28,2897.57,3022.8185713853263
TR-033171,2025-07-28,1663.4,1678.8538007509608
TR-033172,2025-07-28,2666.77,2713.9102092917956
TR-033173,2025-07-28,1407.1,1421.0255065748354
TR-033174,2025-07-28,2062.01,2034.6795532903177
TR-033175,2025-07-28,1426.78,1464.651551592688
TR-033176,2025-07-28,4536.47,4684.512075927136
TR-033177,2025-07-28,5405.95,5290.822041204079
TR-033178,2025-07-28,1153.57,1198.1935392360347
TR-033179,2025-07-28,1991.56,2063.3220242484954
TR-033180,2025-07-28,839.54,839.3079991787388
TR-033181,2025-07-28,3503.11,3733.840038074849
TR-033182,2025-07-28,840.66,871.9898614510194
TR-033183,2025-07-28,1543.43,1554.8630695859406
TR-033184,2025-07-28,958.89,984.0945440003022
TR-033185,2025-07-28,2594.5,2719.201332353919
TR-033186,2025-07-28,4765.47,4818.583190999108
TR-033187,2025-07-28,1072.73,1131.941533176418
TR-033188,2025-07-28,4758.75,4884.156884540389
TR-033189,2025-07-28,820.22,898.6088980639979
TR-033190,2025-07-28,1560.64,1609.4491031197667
TR-033191,2025-07-28,3648.27,4092.7792150585533
TR-033192,2025-07-28,3962.34,4103.283436296504
TR-033193,2025-07-28,751.09,828.7011721364909
TR-033194,2025-07-28,3243.61,3471.91937936963
TR-033195,2025-07-28,4010.64,4170.717986378715
TR-033196,2025-07-28,2371.53,2180.146271986076
TR-033197,2025-07-28,2254.81,2190.8358228037696
TR-033198,2025-07-28,3124.78,3226.699658727503
TR-033199,2025-07-28,4868.75,5137.237746340385
TR-033200,2025-07-28,4209.92,4365.572390842459
TR-033201,2025-07-28,1826.1,1899.184048591613
TR-033202,2025-07-28,2182.49,2233.0256806156262
TR-033203,2025-07-28,3861.21,3869.5867191818343
TR-033204,2025-07-28,424.18,468.42997549049755
TR-033205,2025-07-28,3736.94,3904.8326261316397
TR-033206,2025-07-28,1541.48,1549.625004417934
TR-033207,2025-07-28,864.75,940.9252520783564
TR-033208,2025-07-28,1023.49,1037.340539542276
TR-033209,2025-07-28,1115.26,1184.905402008323
TR-033210,2025-07-28,1086.36,1078.7051051631925
TR-033211,2025-07-28,3724.13,3760.830121492665
TR-033212,2025-07-28,1157.89,1203.105653674327
TR-033213,2025-07-28,3690.14,3909.9885086056174
TR-033214,2025-07-28,1568.81,1615.334473297571
TR-033215,2025-07-28,1133.62,1185.3992810765074
TR-033216,2025-07-28,2473.93,2664.2891097272386
TR-033217,2025-07-28,761.27,793.8537110039524
TR-033218,2025-07-28,1398.53,1455.691524607877
TR-033219,2025-07-29,1420.59,1445.3806501825006
TR-033220,2025-07-29,3640.51,3691.3896422009984
TR-033221,2025-07-29,3878.94,3878.2786593094766
TR-033222,2025-07-29,2615.16,2717.311296357408
TR-033223,2025-07-29,1713.02,1795.7713859048922
TR-033224,2025-07-29,1259.85,1238.2883823407808
TR-033225,2025-07-29,1611.43,1672.10266292283
TR-033226,2025-07-29,3114.18,3518.5246822245867
TR-033227,2025-07-29,4014.56,3990.7260641203948
TR-033228,2025-07-29,2989.18,3144.5889759998995
TR-033229,2025-07-29,1676.83,1777.2367485300435
TR-033230,2025-07-29,998.86,1017.8046496434964
TR-033231,2025-07-29,1828.03,1876.3007043097757
TR-033232,2025-07-29,2425.52,2296.142476791535
TR-033233,2025-07-29,9454.94,3612.2558025779763
TR-033234,2025-07-29,997.94,1043.0496417687173
TR-033235,2025-07-29,1803.99,1810.0823036157574
TR-033236,2025-07-29,1083.0,1118.3443327391674
TR-033237,2025-07-29,1579.09,1591.3289089185994
TR-033238,2025-07-29,1928.09,1953.308503342826
TR-033239,2025-07-29,3548.35,3765.282512612286
TR-033240,2025-07-29,3843.58,3780.850180364321
TR-033241,2025-07-29,1284.5,1333.4374314803463
TR-033242,2025-07-29,824.27,851.3472061249495
TR-033243,2025-07-29,1388.81,1472.5408854029872
TR-033244,2025-07-29,1128.9,1148.2246213761432
TR-033245,2025-07-29,1293.47,1241.1084000846358
TR-033246,2025-07-29,1354.57,1367.759826024775
TR-033247,2025-07-29,1861.38,1837.8662175405127
TR-033248,2025-07-29,805.38,823.875717978276
TR-033249,2025-07-29,2233.73,2161.2085389439344
TR-033250,2025-07-29,3420.69,3583.7550576872727
TR-033251,2025-07-29,1473.1,1494.859730946279
TR-033252,2025-07-29,1769.73,1754.2937393695029
TR-033253,2025-07-29,777.3,787.1130461688408
TR-033254,2025-07-29,1007.53,1010.4148972829828
TR-033255,2025-07-29,5605.79,5675.157096647981
TR-033256,2025-07-29,756.5,799.687668141552
TR-033257,2025-07-29,237.05,1207.950830983427
TR-033258,2025-07-29,665.14,714.5875637775473
TR-033259,2025-07-29,5075.37,5172.742551512807
TR-033260,2025-07-29,1230.53,1273.2255375457062
TR-033261,2025-07-29,3738.79,3621.2074841926806
TR-033262,2025-07-29,2849.25,2681.8386283564873
TR-033263,2025-07-29,1455.4,1478.4602636758925
TR-033264,2025-07-29,4372.17,4348.517826596844
TR-033265,2025-07-29,3614.59,3637.4816597041104
TR-033266,2025-07-29,1016.92,1078.8439528252798
TR-033267,2025-07-29,2035.28,2132.9907242279337
TR-033268,2025-07-29,1073.77,1091.494131134731
TR-033269,2025-07-29,2058.58,1992.0999067087494
TR-033270,2025-07-29,585.85,593.9435534406418
TR-033271,2025-07-29,602.71,633.7855461180479
TR-033272,2025-07-29,2242.34,2187.5172025275856
TR-033273,2025-07-29,2226.3,2174.9589590168234
TR-033274,2025-07-29,11700.79,3614.466724233328
TR-033275,2025-07-29,2093.58,1991.8498975215132
TR-033276,2025-07-29,3064.63,2886.533682982914
TR-033277,2025-07-29,4545.32,4508.497378357855
TR-033278,2025-07-29,5078.8,5001.215770309211
TR-033279,2025-07-29,1706.41,1694.1668017165337
TR-033280,2025-07-29,6289.39,5970.992337938418
TR-033281,2025-07-29,4150.42,4308.622632592707
TR-033282,2025-07-29,3478.47,3569.9456728667233
TR-033283,2025-07-29,2239.24,2293.610232096086
TR-033284,2025-07-29,2090.95,2026.8284885334563
TR-033285,2025-07-29,656.33,695.0738444344595
TR-033286,2025-07-29,638.98,686.8308576189547
TR-033287,2025-07-29,3120.61,3218.170136922073
TR-033288,2025-07-29,1778.43,1743.2763655925614
TR-033289,2025-07-29,6070.24,6118.06053038998
TR-033290,2025-07-29,1801.21,1812.5532790710047
TR-033291,2025-07-29,2757.75,2817.364429957171
TR-033292,2025-07-29,1710.7,1907.365203052643
TR-033293,2025-07-29,1796.29,1932.997873048532
TR-033294,2025-07-29,4082.81,4049.2343889687713
TR-033295,2025-07-29,1526.56,1518.3044433096557
TR-033296,2025-07-29,3748.15,3867.4922795981392
TR-033297,2025-07-29,2358.57,2250.9096023082075
TR-033298,2025-07-29,799.27,808.88062071799
TR-033299,2025-07-29,3889.88,3942.454241980888
TR-033300,2025-07-29,5071.95,5212.655393933905
TR-033301,2025-07-29,1999.57,2019.7243409605844
TR-033302,2025-07-29,684.23,737.5558936635582
TR-033303,2025-07-29,1161.81,1204.0994563050695
TR-033304,2025-07-29,631.69,626.1492128094469
TR-033305,2025-07-29,6289.74,2065.083664120056
TR-033306,2025-07-29,1692.64,1703.354781561611
TR-033307,2025-07-29,324.35,370.980807479752
TR-033308,2025-07-29,3264.59,3337.8573029824192
TR-033309,2025-07-29,1340.04,1328.7111144818862
TR-033310,2025-07-29,1671.29,1672.267310796366
TR-033311,2025-07-29,818.04,897.6884615449208
TR-033312,2025-07-29,11663.11,3673.8602226234916
TR-033313,2025-07-29,2835.15,3031.08258049512
TR-033314,2025-07-29,3547.14,3668.4144995555007
TR-033315,2025-07-29,4005.08,4294.044934880324
TR-033316,2025-07-29,3889.7,4018.316419509728
TR-033317,2025-07-29,1238.33,1263.9918888993893
TR-033318,2025-07-29,4113.77,4073.95213181841
TR-033319,2025-07-29,1454.31,1483.9028350535898
TR-033320,2025-07-29,1538.63,1568.3867133501167
TR-033321,2025-07-29,3402.81,3356.8502916351626
TR-033322,2025-07-29,3019.11,2985.2425132819444
TR-033323,2025-07-29,3738.64,3572.9378772901473
TR-033324,2025-07-29,3278.18,3451.4955299561725
TR-033325,2025-07-29,1574.29,1541.844810358179
TR-033326,2025-07-29,1140.79,1176.1996521076642
TR-033327,2025-07-29,862.51,893.1057314959392
TR-033328,2025-07-29,4653.68,5067.954698160111
TR-033329,2025-07-29,1705.18,1765.0282187786356
TR-033330,2025-07-29,2253.53,2206.991664785035
TR-033331,2025-07-29,2217.15,2305.8275437196894
TR-033332,2025-07-29,4453.21,4617.809456867064
TR-033333,2025-07-29,801.41,871.0508191721701
TR-033334,2025-07-29,3689.1,3915.1700032395847
TR-033335,2025-07-29,3272.85,3199.65104809766
TR-033336,2025-07-29,1665.39,1580.1611961507533
TR-033337,2025-07-29,3877.1,4050.717378066836
TR-033338,2025-07-29,3782.81,3775.312382366231
TR-033339,2025-07-29,989.07,1021.9647591479552
TR-033340,2025-07-29,3865.21,4051.106714213786
TR-033341,2025-07-29,1811.38,1823.9681406111688
TR-033342,2025-07-29,625.2,673.9403898169026
TR-033343,2025-07-29,754.69,745.7348907208107
TR-033344,2025-07-29,2668.85,2532.5097716250325
TR-033345,2025-07-29,4211.13,4251.921812081295
TR-033346,2025-07-29,1055.08,1054.6510745397718
TR-033347,2025-07-29,4668.29,4783.908692923436
TR-033348,2025-07-29,2304.18,2387.893329187632
TR-033349,2025-07-29,1144.3,1171.2358129421814
TR-033350,2025-07-29,5897.96,5811.058862924154
TR-033351,2025-07-29,2152.41,2081.205609218353
TR-033352,2025-07-29,1680.49,1655.8156908392386
TR-033353,2025-07-29,840.99,848.7447692859612
TR-033354,2025-07-29,844.68,892.4278923696022
TR-033355,2025-07-29,2292.39,2206.311490264129
TR-033356,2025-07-29,1238.44,1300.016683430299
TR-033357,2025-07-29,521.73,523.8248500857189
TR-033358,2025-07-29,1656.78,1681.2089619777587
TR-033359,2025-07-29,4343.02,4343.252461384555
TR-033360,2025-07-29,500.83,525.6661109265822
TR-033361,2025-07-29,1151.03,1196.1516818258533
TR-033362,2025-07-29,3391.79,3428.1148032711117
TR-033363,2025-07-29,1942.0,1942.4825592189454
TR-033364,2025-07-29,3836.36,4090.3647521944745
TR-033365,2025-07-29,4229.91,4055.3217246266804
TR-033366,2025-07-29,1245.46,1254.3080956557083
TR-033367,2025-07-29,3647.9,3686.2715122573472
TR-033368,2025-07-29,3693.66,3669.6711130960775
TR-033369,2025-07-29,1132.59,1130.0584457700306
TR-033370,2025-07-29,1651.94,1674.9769941081784
TR-033371,2025-07-29,1388.08,1397.6775906348769
TR-033372,2025-07-29,1238.54,1239.4769965533096
TR-033373,2025-07-29,1145.59,1164.9306293321263
TR-033374,2025-07-29,662.05,728.7969440049633
TR-033375,2025-07-29,1800.0,1796.5397566275356
TR-033376,2025-07-29,1353.63,1379.4223798332582
TR-033377,2025-07-29,840.06,906.159125247618
TR-033378,2025-07-29,3325.49,3150.4781058800645
TR-033379,2025-07-29,1512.77,1529.7302820736859
TR-033380,2025-07-29,1407.85,1400.263924353184
TR-033381,2025-07-29,654.72,649.8607957310815
TR-033382,2025-07-29,830.79,885.8885652799488
TR-033383,2025-07-29,5179.71,4900.647375771239
TR-033384,2025-07-29,1737.63,1757.693310832084
TR-033385,2025-07-29,3778.79,3703.163665805674
TR-033386,2025-07-29,831.77,891.2536600845992
TR-033387,2025-07-29,2589.12,2593.2395593461483
TR-033388,2025-07-30,1492.45,1515.7046465045669
TR-033389,2025-07-30,2425.9,2750.5964628300853
TR-033390,2025-07-30,523.76,508.1866271048805
TR-033391,2025-07-30,1894.87,1888.5396973352204
TR-033392,2025-07-30,4510.5,4514.628887636313
TR-033393,2025-07-30,2095.34,2183.6783983564737
TR-033394,2025-07-30,1159.17,1151.355385584935
TR-033395,2025-07-30,4384.3,4168.307132689049
TR-033396,2025-07-30,4316.63,4481.6227593357235
TR-033397,2025-07-30,1823.2,1767.969433728544
TR-033398,2025-07-30,649.26,708.0210367776233
TR-033399,2025-07-30,4873.57,4595.153228441925
TR-033400,2025-07-30,1074.28,1035.3889673834526
TR-033401,2025-07-30,4532.07,4754.259794350416
TR-033402,2025-07-30,2285.16,2184.8763511175734
TR-033403,2025-07-30,972.93,1012.6826475980291
TR-033404,2025-07-30,1109.36,1117.3021040255855
TR-033405,2025-07-30,2836.02,2902.677307997108
TR-033406,2025-07-30,2754.93,2612.5630393611705
TR-033407,2025-07-30,3188.57,3180.4298513775357
TR-033408,2025-07-30,1594.22,1627.5852776548584
TR-033409,2025-07-30,1704.36,1725.7879004627196
TR-033410,2025-07-30,1211.82,1222.4504834612353
TR-033411,2025-07-30,1577.8,1505.7269790901169
TR-033412,2025-07-30,1903.08,1923.0359975046815
TR-033413,2025-07-30,574.23,573.0233851841849
TR-033414,2025-07-30,1093.54,1107.9350044151774
TR-033415,2025-07-30,793.91,805.8712449466175
TR-033416,2025-07-30,2146.61,2302.9649623410787
TR-033417,2025-07-30,1963.31,1964.4494030446692
TR-033418,2025-07-30,1826.74,1915.881012383975
TR-033419,2025-07-30,1558.35,1627.6398917517095
TR-033420,2025-07-30,2532.58,2594.6184538863945
TR-033421,2025-07-30,4237.41,4232.625941503364
TR-033422,2025-07-30,2149.7,2186.8481299377654
TR-033423,2025-07-30,3921.35,3845.928323135189
TR-033424,2025-07-30,2609.89,2788.5686154774876
TR-033425,2025-07-30,3454.91,3382.9525822808005
TR-033426,2025-07-30,1941.84,1960.6491838870381
TR-033427,2025-07-30,3018.74,3025.545630937241
TR-033428,2025-07-30,532.18,513.3605298197174
TR-033429,2025-07-30,3547.81,3712.4055453311157
TR-033430,2025-07-30,2285.38,2317.6887391243413
TR-033431,2025-07-30,1942.42,1933.0502857301324
TR-033432,2025-07-30,839.25,823.1822716150677
TR-033433,2025-07-30,1555.16,1508.2710592209312
TR-033434,2025-07-30,3762.37,3835.381423381088
TR-033435,2025-07-30,1800.79,1746.9007728744873
TR-033436,2025-07-30,5326.07,5102.059841707203
TR-033437,2025-07-30,1820.67,1781.089509694662
TR-033438,2025-07-30,1689.34,1663.7533075375864
TR-033439,2025-07-30,3137.97,3122.0029714130683
TR-033440,2025-07-30,4318.58,4451.6191448660375
TR-033441,2025-07-30,804.53,783.2307242929044
TR-033442,2025-07-30,2333.02,2345.9228375112375
TR-033443,2025-07-30,3461.44,3580.2769272658916
TR-033444,2025-07-30,2818.73,2707.3041780180297
TR-033445,2025-07-30,3543.39,3624.248015303432
TR-033446,2025-07-30,2291.67,2315.096079605756
TR-033447,2025-07-30,1712.33,1858.2288904103143
TR-033448,2025-07-30,2348.45,2392.7874293735454
TR-033449,2025-07-30,1681.37,1793.403505270701
TR-033450,2025-07-30,1270.94,1300.2901837695354
TR-033451,2025-07-30,2166.93,2147.65041858322
TR-033452,2025-07-30,3599.57,3769.6501944840657
TR-033453,2025-07-30,2504.96,2583.8523499807925
TR-033454,2025-07-30,4148.95,4083.516743675543
TR-033455,2025-07-30,2080.07,2129.850998128407
TR-033456,2025-07-30,2834.56,3058.722908980186
TR-033457,2025-07-30,1444.8,1467.8709843205438
TR-033458,2025-07-30,1861.47,1844.4241471452087
TR-033459,2025-07-30,4571.47,4779.568139612791
TR-033460,2025-07-30,5253.1,5003.450001351612
TR-033461,2025-07-30,2799.52,3071.786819680926
TR-033462,2025-07-30,4442.0,4521.512326708012
TR-033463,2025-07-30,787.16,779.7075821149153
TR-033464,2025-07-30,2207.87,2441.302963994228
TR-033465,2025-07-30,2117.14,2030.7190002536997
TR-033466,2025-07-30,1153.84,1227.07464032811
TR-033467,2025-07-30,2595.59,2724.865463937249
TR-033468,2025-07-30,1392.04,1347.908933605203
TR-033469,2025-07-30,889.07,887.2498839808288
TR-033470,2025-07-30,1982.01,2208.567567499707
TR-033471,2025-07-30,2686.32,2535.8546662899553
TR-033472,2025-07-30,6127.79,5998.846526525767
TR-033473,2025-07-30,1046.89,1114.0131816443834
TR-033474,2025-07-30,3986.38,4007.8182432054364
TR-033475,2025-07-30,2158.96,2108.388785151494
TR-033476,2025-07-30,5522.82,5442.601142764361
TR-033477,2025-07-30,2331.43,2210.96923174003
TR-033478,2025-07-30,2089.17,2133.249167531822
TR-033479,2025-07-30,3859.45,4019.4778270963307
TR-033480,2025-07-30,4432.04,4598.2715138863405
TR-033481,2025-07-30,4367.11,4530.404450933834
TR-033482,2025-07-30,2423.77,2431.8155912827942
TR-033483,2025-07-30,1868.17,1786.7097503288894
TR-033484,2025-07-30,2265.16,2203.301338427186
TR-033485,2025-07-30,1850.8,1873.1087928810243
TR-033486,2025-07-30,5403.43,5430.960109441872
TR-033487,2025-07-30,3749.77,3855.567726215249
TR-033488,2025-07-30,1636.98,1643.8130880296285
TR-033489,2025-07-30,2373.91,2426.6331516785963
TR-033490,2025-07-30,4711.88,4979.291026237361
TR-033491,2025-07-30,1115.43,1167.4441309989065
TR-033492,2025-07-30,4374.98,4454.450053615643
TR-033493,2025-07-30,5228.93,5276.214480662317
TR-033494,2025-07-30,331.63,366.0166610529286
TR-033495,2025-07-30,3983.97,4136.30099795682
TR-033496,2025-07-30,853.23,852.7589452329521
TR-033497,2025-07-30,2766.52,2712.1576793391027
TR-033498,2025-07-30,5234.26,5302.396204685056
TR-033499,2025-07-30,944.31,894.2306061967336
TR-033500,2025-07-30,3815.3,3858.678102062684
TR-033501,2025-07-30,1579.34,1593.9089491590353
TR-033502,2025-07-30,681.29,704.6086391128176
TR-033503,2025-07-30,972.78,1008.3973413938883
TR-033504,2025-07-30,1472.46,1545.3385270057954
TR-033505,2025-07-30,867.75,892.7219392990642
TR-033506,2025-07-30,1607.06,1713.1102886684926
TR-033507,2025-07-30,4816.56,5025.368328391718
TR-033508,2025-07-30,795.95,807.0595600630445
TR-033509,2025-07-30,5154.49,5236.363802467797
TR-033510,2025-07-30,3244.94,3339.714668223679
TR-033511,2025-07-30,1407.64,1414.2660157930995
TR-033512,2025-07-30,420.29,427.9780447607193
TR-033513,2025-07-30,817.79,835.3136031298291
TR-033514,2025-07-30,4307.23,4293.586290803263
TR-033515,2025-07-30,2734.49,2728.8366996542354
TR-033516,2025-07-30,1492.69,1441.2923048928615
TR-033517,2025-07-30,473.01,436.8185291464961
TR-033518,2025-07-30,2046.33,2023.5040690443502
TR-033519,2025-07-30,2864.62,3091.284860141168
TR-033520,2025-07-30,2127.18,2079.1745378666847
TR-033521,2025-07-30,1184.72,1202.9247780622966
TR-033522,2025-07-30,1737.62,1787.7698389915415
TR-033523,2025-07-30,825.4,847.1031659743971
TR-033524,2025-07-30,3397.54,3420.0893822274493
TR-033525,2025-07-30,1065.03,1076.9406971244364
TR-033526,2025-07-30,1540.87,1515.2249434686091
TR-033527,2025-07-30,2008.33,2011.2240024650694
TR-033528,2025-07-30,4067.77,3914.9308531308725
TR-033529,2025-07-30,2755.3,2484.4475993014667
TR-033530,2025-07-30,1671.59,1737.11340906456
TR-033531,2025-07-30,2717.57,2881.4067246325294
TR-033532,2025-07-30,2597.84,2414.727815306608
TR-033533,2025-07-30,1642.37,1693.8262108686672
TR-033534,2025-07-30,4436.45,4435.999403629316
TR-033535,2025-07-30,1294.5,1264.3151886684784
TR-033536,2025-07-30,755.86,777.892411187313
TR-033537,2025-07-30,1058.07,1071.3505211516358
TR-033538,2025-07-30,3587.26,3647.748048258094
TR-033539,2025-07-30,1526.98,1527.5514488928443
TR-033540,2025-07-30,4765.3,4726.151054631673
TR-033541,2025-07-30,2626.56,2649.807715547209
TR-033542,2025-07-30,2777.24,2699.291656251289
TR-033543,2025-07-30,2705.94,2664.559197953957
TR-033544,2025-07-30,4655.63,4561.793258682939
TR-033545,2025-07-30,4927.45,4763.841839411814
TR-033546,2025-07-30,3099.64,3067.5583389434587
TR-033547,2025-07-30,391.46,409.56788416815266
TR-033548,2025-07-30,1601.82,1688.7115656628116
TR-033549,2025-07-30,1986.12,1944.477025067873
TR-033550,2025-07-30,1398.59,3877.099605960109
TR-033551,2025-07-30,2425.96,2373.8959857481123
TR-033552,2025-07-30,1193.55,1193.6703281821988
TR-033553,2025-07-30,1154.62,1173.7045378757002
TR-033554,2025-07-31,1179.09,1213.9448005426357
TR-033555,2025-07-31,694.94,698.5537443669066
TR-033556,2025-07-31,966.97,1002.6825485923318
TR-033557,2025-07-31,2028.71,2073.625676903747
TR-033558,2025-07-31,2520.82,2444.323811560188
TR-033559,2025-07-31,1053.9,1062.132963277706
TR-033560,2025-07-31,2665.31,2715.534213048497
TR-033561,2025-07-31,5306.3,5395.881030674256
TR-033562,2025-07-31,2984.0,2861.379749638593
TR-033563,2025-07-31,3609.2,3168.4136426576906
TR-033564,2025-07-31,3905.53,3885.292639543727
TR-033565,2025-07-31,2525.63,2535.198585784467
TR-033566,2025-07-31,773.86,789.4319638903748
TR-033567,2025-07-31,4283.98,4315.423987196445
TR-033568,2025-07-31,1674.07,1634.5281293619848
TR-033569,2025-07-31,977.64,1019.289366081298
TR-033570,2025-07-31,1437.12,1500.4515288079192
TR-033571,2025-07-31,5167.59,4992.388890537866
TR-033572,2025-07-31,2329.27,2385.460118026284
TR-033573,2025-07-31,1536.67,1496.1980464598973
TR-033574,2025-07-31,1710.34,1719.1081646927864
TR-033575,2025-07-31,2564.39,2344.2024491109896
TR-033576,2025-07-31,2283.06,2236.7230844693686
TR-033577,2025-07-31,1516.79,1512.9310319549363
TR-033578,2025-07-31,1315.65,1351.3162413046603
TR-033579,2025-07-31,2284.82,2400.2403888660583
TR-033580,2025-07-31,3818.44,3809.1121337230757
TR-033581,2025-07-31,3287.63,3420.510163713615
TR-033582,2025-07-31,1031.99,1062.1653031425494
TR-033583,2025-07-31,2256.64,2407.152992198922
TR-033584,2025-07-31,2382.85,2328.5062131703
TR-033585,2025-07-31,2996.59,3070.3748972665917
TR-033586,2025-07-31,171.28,967.9016842238245
TR-033587,2025-07-31,3236.3,3169.8504204098035
TR-033588,2025-07-31,5242.67,5337.2710725631305
TR-033589,2025-07-31,821.5,857.9059770235585
TR-033590,2025-07-31,1522.92,1504.7278371713796
TR-033591,2025-07-31,2939.42,3024.3962491119732
TR-033592,2025-07-31,4293.63,4245.346467749183
TR-033593,2025-07-31,2945.96,2863.4441303311855
TR-033594,2025-07-31,2472.99,2716.8950673093996
TR-033595,2025-07-31,738.34,748.1310792887741
TR-033596,2025-07-31,3256.86,3369.6367164126777
TR-033597,2025-07-31,1944.65,1915.5448793745443
TR-033598,2025-07-31,4297.86,4406.42516093317
TR-033599,2025-07-31,2198.37,2393.626652373076
TR-033600,2025-07-31,2978.27,3012.2837848462805
TR-033601,2025-07-31,4935.31,4790.4389764353855
TR-033602,2025-07-31,652.13,660.6609211261382
TR-033603,2025-07-31,3506.35,3597.0735665573116
TR-033604,2025-07-31,1113.56,1124.0748648024755
TR-033605,2025-07-31,4448.72,4419.22928791696
TR-033606,2025-07-31,1633.43,1695.4570185758846
TR-033607,2025-07-31,1482.92,1566.857007170834
TR-033608,2025-07-31,1600.76,1622.9330117595273
TR-033609,2025-07-31,1754.5,1752.8239123762273
TR-033610,2025-07-31,850.85,955.2727627267088
TR-033611,2025-07-31,574.44,602.3270839749198
TR-033612,2025-07-31,805.97,857.4431429534457
TR-033613,2025-07-31,3726.52,3688.372892027208
TR-033614,2025-07-31,1813.51,1871.7068101298778
TR-033615,2025-07-31,1956.95,1954.2309818192352
TR-033616,2025-07-31,3509.04,3450.882176257919
TR-033617,2025-07-31,3414.58,3610.101123007957
TR-033618,2025-07-31,1171.32,1173.7913240872772
TR-033619,2025-07-31,1169.44,1190.9441189709878
TR-033620,2025-07-31,1078.13,1107.4199132768836
TR-033621,2025-07-31,2035.68,2085.4138993084307
TR-033622,2025-07-31,816.59,795.9682974041639
TR-033623,2025-07-31,2883.69,3151.9485034828967
TR-033624,2025-07-31,1690.05,1808.330301746496
TR-033625,2025-07-31,1374.42,1365.1067932310677
TR-033626,2025-07-31,4992.63,5031.707114418137
TR-033627,2025-07-31,1519.07,1523.5093817349662
TR-033628,2025-07-31,4372.7,4279.04126245138
TR-033629,2025-07-31,6555.87,6155.7999830481385
TR-033630,2025-07-31,4293.8,4453.2547104698115
TR-033631,2025-07-31,3888.72,3916.8833864419885
TR-033632,2025-07-31,4984.37,5057.232887285808
TR-033633,2025-07-31,1305.57,1296.9380375010212
TR-033634,2025-07-31,4343.49,4502.25098996853
TR-033635,2025-07-31,3201.29,3334.0537758105893
TR-033636,2025-07-31,1041.63,1039.289066364563
TR-033637,2025-07-31,487.3,503.9106279637533
TR-033638,2025-07-31,3469.85,3597.397269058586
TR-033639,2025-07-31,3461.66,3627.78851492818
TR-033640,2025-07-31,1669.65,1620.6948404305842
TR-033641,2025-07-31,3991.54,3951.6485111762167
TR-033642,2025-07-31,4627.87,4627.017646098635
TR-033643,2025-07-31,1234.28,1284.2040693010977
TR-033644,2025-07-31,3037.85,3082.586211135994
TR-033645,2025-07-31,2908.0,2825.4970794629207
TR-033646,2025-07-31,3475.05,3700.0768289358125
TR-033647,2025-07-31,3325.09,1187.3262755812793
TR-033648,2025-07-31,1802.48,1751.7107473277138
TR-033649,2025-07-31,2392.89,2452.5725002017807
TR-033650,2025-07-31,2638.99,2544.225047749615
TR-033651,2025-07-31,1554.34,1591.5493952619427
TR-033652,2025-07-31,6861.97,6116.405835960377
TR-033653,2025-07-31,2903.33,3041.4782464561254
TR-033654,2025-07-31,1820.81,1844.4785955471116
TR-033655,2025-07-31,2099.51,2061.854047034069
TR-033656,2025-07-31,399.91,413.66930447900404
TR-033657,2025-07-31,242.62,338.2440868674805
TR-033658,2025-07-31,4389.63,4629.535363766801
TR-033659,2025-07-31,2147.77,2098.109320191682
TR-033660,2025-07-31,837.32,872.8526242572254
TR-033661,2025-07-31,1380.87,1332.9475750908055
TR-033662,2025-07-31,764.39,714.7228117608413
TR-033663,2025-07-31,3676.16,3691.7385556869517
TR-033664,2025-07-31,4366.08,4343.853247456254
TR-033665,2025-07-31,1893.21,1927.5819506994947
TR-033666,2025-07-31,1577.92,1601.3802626933102
TR-033667,2025-07-31,3057.03,3188.045513706978
TR-033668,2025-07-31,1672.79,1716.9041015875919
TR-033669,2025-07-31,3559.74,3786.7224014347253
TR-033670,2025-07-31,4510.39,4483.847964264574
TR-033671,2025-07-31,2729.95,2902.1394068448367
TR-033672,2025-07-31,1783.51,1835.3680095915197
TR-033673,2025-07-31,3407.64,3463.7954237405493
TR-033674,2025-07-31,1016.79,1017.3189622661711
TR-033675,2025-07-31,1827.31,2031.0469286785963
TR-033676,2025-07-31,981.15,957.2676537510538
TR-033677,2025-07-31,2524.36,2756.675606637993
TR-033678,2025-07-31,1914.4,1936.030461378609
TR-033679,2025-07-31,1109.3,1055.65595281774
TR-033680,2025-07-31,4295.53,4327.617076847768
TR-033681,2025-07-31,4692.93,4535.835584827761
TR-033682,2025-07-31,2704.31,2612.114377581901
TR-033683,2025-07-31,960.9,950.1616271125913
TR-033684,2025-07-31,813.1,816.5796069105065
TR-033685,2025-07-31,2067.97,2023.3501549067314
TR-033686,2025-07-31,1782.53,1815.0256052348257
TR-033687,2025-07-31,3067.99,3168.003119150926
TR-033688,2025-07-31,3593.31,3635.5154236657445
TR-033689,2025-07-31,1501.04,1424.1302948952405
TR-033690,2025-07-31,2114.02,2160.715142470111
TR-033691,2025-07-31,2733.75,2583.336386223963
TR-033692,2025-07-31,1579.13,1648.608190443035
TR-033693,2025-07-31,1775.76,1842.5818846602317
TR-033694,2025-07-31,1960.66,1968.982144942981
TR-033695,2025-07-31,3005.74,3038.4687781622524
TR-033696,2025-07-31,1824.89,1808.4466958834225
TR-033697,2025-07-31,875.7,843.1540444616824
TR-033698,2025-07-31,5256.89,5326.155403644544
TR-033699,2025-07-31,1633.09,1623.9175639367652
TR-033700,2025-07-31,2673.7,2782.1832812315974
TR-033701,2025-07-31,4477.45,4406.952706088587
TR-033702,2025-07-31,1839.76,1866.3487549817096
TR-033703,2025-07-31,3429.46,3531.4233902887236
TR-033704,2025-07-31,1681.79,1617.526172816616
TR-033705,2025-07-31,1663.85,1679.1905579992263
TR-033706,2025-07-31,1565.57,1480.6168285643275
TR-033707,2025-07-31,2153.28,2089.289135067259
TR-033708,2025-07-31,1184.85,1198.695300575451
TR-033709,2025-07-31,252.68,339.9537550102093
TR-033710,2025-07-31,1758.02,1815.7665532951085
TR-033711,2025-07-31,2554.48,2573.7702251658534
TR-033712,2025-07-31,2655.55,2805.5650295289224
TR-033713,2025-07-31,1131.42,1093.1943876780342
TR-033714,2025-07-31,3190.44,3318.88968713381
TR-033715,2025-07-31,2092.53,2101.647670602329
TR-033716,2025-07-31,2316.16,2217.5864867320697
TR-033717,2025-07-31,1860.68,1906.1645365314662
TR-033718,2025-07-31,1247.41,1245.9694270879904
TR-033719,2025-08-01,867.62,875.1732207806449
TR-033720,2025-08-01,1789.0,1758.238970329785
TR-033721,2025-08-01,2403.16,2343.7154877279213
TR-033722,2025-08-01,4722.42,4823.449204231293
TR-033723,2025-08-01,276.48,387.70620964304703
TR-033724,2025-08-01,1243.65,1235.9055344294263
TR-033725,2025-08-01,1664.84,1741.457599560374
TR-033726,2025-08-01,1286.77,1287.9020763915314
TR-033727,2025-08-01,3475.19,3696.870063580645
TR-033728,2025-08-01,4007.13,4041.760608698265
TR-033729,2025-08-01,2507.97,2392.1654881717527
TR-033730,2025-08-01,917.05,957.2012685182403
TR-033731,2025-08-01,3562.11,3616.4533414317675
TR-033732,2025-08-01,2197.15,2123.6685346565723
TR-033733,2025-08-01,747.57,838.5375037658782
TR-033734,2025-08-01,2511.03,2446.763809432153
TR-033735,2025-08-01,1092.22,1094.1134669722592
TR-033736,2025-08-01,1331.9,1291.2032295954996
TR-033737,2025-08-01,3634.84,3729.0482076590915
TR-033738,2025-08-01,606.35,624.2210166339364
TR-033739,2025-08-01,3822.64,3969.91842682067
TR-033740,2025-08-01,830.35,863.0528440444293
TR-033741,2025-08-01,2525.75,2881.915401381356
TR-033742,2025-08-01,3472.54,3436.7499708790338
TR-033743,2025-08-01,2215.04,2127.287938635917
TR-033744,2025-08-01,4279.06,4134.451605656335
TR-033745,2025-08-01,1096.66,1128.5163652753158
TR-033746,2025-08-01,2040.66,2028.8039184789975
TR-033747,2025-08-01,664.74,641.7847760828276
TR-033748,2025-08-01,662.76,744.063780224239
TR-033749,2025-08-01,2008.68,2009.5241977704125
TR-033750,2025-08-01,2234.64,2031.2507490219755
TR-033751,2025-08-01,2537.62,2652.8170679137756
TR-033752,2025-08-01,4258.1,4070.2942549986933
TR-033753,2025-08-01,2474.08,2428.9897811930673
TR-033754,2025-08-01,1809.03,1752.0134439091366
TR-033755,2025-08-01,3799.11,3832.1024731066273
TR-033756,2025-08-01,856.65,913.6153370192208
TR-033757,2025-08-01,2136.44,1970.8082175463094
TR-033758,2025-08-01,3853.87,4043.1172763230506
TR-033759,2025-08-01,1090.79,1065.7835379799412
TR-033760,2025-08-01,5143.64,5192.776141746129
TR-033761,2025-08-01,3967.88,4039.7952016633326
TR-033762,2025-08-01,2142.51,1987.3267186923315
TR-033763,2025-08-01,3074.49,2930.7406705996236
TR-033764,2025-08-01,2482.57,2390.2383996260523
TR-033765,2025-08-01,631.13,614.3383467010051
TR-033766,2025-08-01,4026.23,3995.1931563040653
TR-033767,2025-08-01,941.46,979.0303060201497
TR-033768,2025-08-01,1457.24,1632.5288926323756
TR-033769,2025-08-01,2057.39,2299.02002280116
TR-033770,2025-08-01,236.48,738.3314360371658
TR-033771,2025-08-01,784.35,778.9237621851919
TR-033772,2025-08-01,1659.97,1693.8458447812686
TR-033773,2025-08-01,1971.17,1998.1724351129137
TR-033774,2025-08-01,1442.58,1470.4787958091765
TR-033775,2025-08-01,2610.45,2795.495582871535
TR-033776,2025-08-01,4334.24,4510.525870359106
TR-033777,2025-08-01,4004.31,3992.1413858847
TR-033778,2025-08-01,3317.04,3341.1101757065144
TR-033779,2025-08-01,2746.34,2558.1381720094787
TR-033780,2025-08-01,1575.68,1501.0794008118046
TR-033781,2025-08-01,3699.41,3607.112813661408
TR-033782,2025-08-01,1220.53,1198.6821758917981
TR-033783,2025-08-01,2808.81,3025.597288211198
TR-033784,2025-08-01,780.13,757.2047862284323
TR-033785,2025-08-01,1304.64,1338.5273406414535
TR-033786,2025-08-01,1959.95,1879.5920537838626
TR-033787,2025-08-01,539.38,639.1046710855226
TR-033788,2025-08-01,4168.16,4286.223047135847
TR-033789,2025-08-01,1257.53,1265.0646288079479
TR-033790,2025-08-01,400.5,497.68139046844885
TR-033791,2025-08-01,2085.87,2242.327091327151
TR-033792,2025-08-01,3052.13,2806.8422018846377
TR-033793,2025-08-01,925.69,926.480032356978
TR-033794,2025-08-01,3801.15,3961.161303437771
TR-033795,2025-08-01,2124.89,2021.719704392857
TR-033796,2025-08-01,3882.94,3912.3864616213777
TR-033797,2025-08-01,1166.72,1159.4665653552145
TR-033798,2025-08-01,3282.16,3062.5706974094205
TR-033799,2025-08-01,2234.9,2162.572967260786
TR-033800,2025-08-01,1326.02,1252.8885050259119
TR-033801,2025-08-01,920.2,975.0919285524215
TR-033802,2025-08-01,3944.93,4000.3590002905057
TR-033803,2025-08-01,4835.29,4807.366824204321
TR-033804,2025-08-01,2202.97,2338.6001198318572
TR-033805,2025-08-01,2969.53,3190.5922974531577
TR-033806,2025-08-01,4057.04,4095.2866976350538
TR-033807,2025-08-01,4766.29,4761.48376586712
TR-033808,2025-08-01,1229.96,1269.0532083563537
TR-033809,2025-08-01,2260.24,2097.866228992949
TR-033810,2025-08-01,3841.99,4103.1388942322355
TR-033811,2025-08-01,1660.14,1708.3535113847222
TR-033812,2025-08-01,3193.75,3115.8619495251346
TR-033813,2025-08-01,1044.84,1067.7691908420056
TR-033814,2025-08-01,1907.25,1814.1297945305007
TR-033815,2025-08-01,3001.06,3192.8484353437625
TR-033816,2025-08-01,2686.58,2711.4748934530853
TR-033817,2025-08-01,2140.85,2087.2623800885144
TR-033818,2025-08-01,3702.88,3721.44775248704
TR-033819,2025-08-01,1658.17,1655.4422300041715
TR-033820,2025-08-01,1855.63,1862.8817686277234
TR-033821,2025-08-01,648.19,642.3333095876897
TR-033822,2025-08-01,625.72,739.16665331632
TR-033823,2025-08-01,772.01,845.7129787629931
TR-033824,2025-08-01,3827.0,3784.0687770430254
TR-033825,2025-08-01,4059.57,4217.0726310217515
TR-033826,2025-08-01,2568.67,2371.936624750719
TR-033827,2025-08-01,2463.37,2245.2241904886623
TR-033828,2025-08-01,1930.71,1868.589071887678
TR-033829,2025-08-01,2334.52,2460.1313908787506
TR-033830,2025-08-01,2795.59,2579.929117083346
TR-033831,2025-08-01,3130.89,3176.966697798667
TR-033832,2025-08-01,3156.54,3267.115918020846
TR-033833,2025-08-01,1141.69,1150.1159947566102
TR-033834,2025-08-01,3477.96,3460.64980887838
TR-033835,2025-08-01,1699.01,1658.7636254117579
TR-033836,2025-08-01,4584.03,4497.018023811027
TR-033837,2025-08-01,3884.75,3967.642808615799
TR-033838,2025-08-01,804.18,856.0511620224001
TR-033839,2025-08-01,1414.94,1410.5580542405382
TR-033840,2025-08-01,1383.98,1349.784592820452
TR-033841,2025-08-01,1809.13,1800.5938184779777
TR-033842,2025-08-01,3598.93,3612.3679001673786
TR-033843,2025-08-01,2956.21,2945.131824648115
TR-033844,2025-08-01,1653.71,1667.1991723990632
TR-033845,2025-08-01,1171.55,1220.6597192628747
TR-033846,2025-08-01,2896.69,2829.554077993465
TR-033847,2025-08-01,2682.67,2748.9133141528064
TR-033848,2025-08-01,2852.82,3106.588737891271
TR-033849,2025-08-01,1298.64,1291.6224329898714
TR-033850,2025-08-01,1646.28,1698.837417187451
TR-033851,2025-08-01,4136.86,3998.5870938630296
TR-033852,2025-08-01,3533.04,3749.1457595612305
TR-033853,2025-08-01,3390.11,3618.680745885802
TR-033854,2025-08-01,2165.69,2117.346853093352
TR-033855,2025-08-01,2207.7,2314.111048362157
TR-033856,2025-08-01,3894.65,3929.497530636245
TR-033857,2025-08-01,2203.67,2243.938290238568
TR-033858,2025-08-01,1605.77,1678.9524032314332
TR-033859,2025-08-01,5226.07,5676.515223060804
TR-033860,2025-08-01,5850.29,5476.150734011888
TR-033861,2025-08-01,1693.17,1746.0645028958213
TR-033862,2025-08-01,3470.83,3837.3662576370043
TR-033863,2025-08-01,5152.02,5223.169788717258
TR-033864,2025-08-01,1343.43,1284.2271909491606
TR-033865,2025-08-01,1038.63,1085.814915789033
TR-033866,2025-08-01,483.85,539.3074278320214
TR-033867,2025-08-02,2394.85,2608.7578348646043
TR-033868,2025-08-02,5608.62,5576.391410975797
TR-033869,2025-08-02,907.17,907.5415814271219
TR-033870,2025-08-02,1593.7,1588.0977864189945
TR-033871,2025-08-02,3088.95,2959.551592249164
TR-033872,2025-08-02,1383.73,1352.9844471170502
TR-033873,2025-08-02,548.34,630.6832078168582
TR-033874,2025-08-02,4344.56,4232.572952607731
TR-033875,2025-08-02,926.33,914.4851186190895
TR-033876,2025-08-02,1778.67,1745.881797089388
TR-033877,2025-08-02,4067.91,4026.349114963506
TR-033878,2025-08-02,1594.47,1554.4912041168395
TR-033879,2025-08-02,1079.38,1119.9279464685633
TR-033880,2025-08-02,1902.25,1927.914137915057
TR-033881,2025-08-02,804.32,843.3160262236897
TR-033882,2025-08-02,524.83,585.559434327198
TR-033883,2025-08-02,2845.08,2912.836013800292
TR-033884,2025-08-02,1931.83,2065.7300500351926
TR-033885,2025-08-02,3592.99,3799.634819097487
TR-033886,2025-08-02,3812.14,3953.4778813557805
TR-033887,2025-08-02,3812.37,3918.8625081322507
TR-033888,2025-08-02,6163.95,5847.669466067788
TR-033889,2025-08-02,1908.53,1907.521161349837
TR-033890,2025-08-02,1861.41,1798.872719246312
TR-033891,2025-08-02,1822.01,1888.3601289932403
TR-033892,2025-08-02,2553.25,2442.8000459499644
TR-033893,2025-08-02,4532.85,4409.4186016905605
TR-033894,2025-08-02,3939.72,4240.080073895006
TR-033895,2025-08-02,4714.07,4720.7296304624615
TR-033896,2025-08-02,1056.64,1075.7160499482748
TR-033897,2025-08-02,1752.59,1893.5710882699993
TR-033898,2025-08-02,1427.18,1407.5117243479554
TR-033899,2025-08-02,1994.72,2027.4181292313756
TR-033900,2025-08-02,3962.62,3943.4342526379032
TR-033901,2025-08-02,1702.25,1654.769185831044
TR-033902,2025-08-02,3031.99,3123.4148204643698
TR-033903,2025-08-02,1486.79,1544.1717057940734
TR-033904,2025-08-02,1851.59,1869.8051550224766
TR-033905,2025-08-02,4161.02,4154.067267367676
TR-033906,2025-08-02,4813.98,5045.030738614407
TR-033907,2025-08-02,803.92,777.973776082983
TR-033908,2025-08-02,1437.39,1402.8364053157773
TR-033909,2025-08-02,2690.82,2703.2435243964896
TR-033910,2025-08-02,2281.95,2230.156557317006
TR-033911,2025-08-02,2448.56,2256.6134673847228
TR-033912,2025-08-02,650.81,735.7159685563458
TR-033913,2025-08-02,3234.68,3421.787238770263
TR-033914,2025-08-02,4871.74,5146.43127470498
TR-033915,2025-08-02,2222.35,2333.133761774143
TR-033916,2025-08-02,1100.92,1160.0861313504106
TR-033917,2025-08-02,1394.76,1338.840478399236
TR-033918,2025-08-02,3205.6,3207.115262038961
TR-033919,2025-08-02,648.49,709.5057368552907
TR-033920,2025-08-02,3807.18,3828.1595839595875
TR-033921,2025-08-02,978.47,1035.5112026511608
TR-033922,2025-08-02,3293.11,3157.2042347883225
TR-033923,2025-08-02,1734.74,1758.585437271623
TR-033924,2025-08-02,1947.61,1970.400959703901
TR-033925,2025-08-02,1559.92,1479.7774157372696
TR-033926,2025-08-02,1784.01,1833.0567380561665
TR-033927,2025-08-02,1771.45,1814.607766140973
TR-033928,2025-08-02,1171.35,1195.0595101453478
TR-033929,2025-08-02,252.2,407.8250846985354
TR-033930,2025-08-02,2145.78,2128.3189941264914
TR-033931,2025-08-02,2912.64,2897.6090968968924
TR-033932,2025-08-02,2299.11,2264.5414981697168
TR-033933,2025-08-02,3307.2,3373.885364465445
TR-033934,2025-08-02,2475.56,2372.0998699966103
TR-033935,2025-08-02,3940.26,3826.4645624374316
TR-033936,2025-08-02,5735.1,5568.816407289878
TR-033937,2025-08-02,2324.69,2521.987731585329
TR-033938,2025-08-02,2134.15,2076.680191323604
TR-033939,2025-08-02,3170.25,3336.0178018835677
TR-033940,2025-08-02,1416.92,1464.5496481726395
TR-033941,2025-08-02,1896.46,1819.2109973285126
TR-033942,2025-08-02,1198.58,1183.189842398394
TR-033943,2025-08-02,2033.22,1933.767650703766
TR-033944,2025-08-02,3740.02,3663.500768400413
TR-033945,2025-08-02,574.3,610.2708974332179
TR-033946,2025-08-02,2341.23,2337.347714927024
TR-033947,2025-08-02,4210.03,4143.297625143132
TR-033948,2025-08-02,2654.01,2681.0404590260873
TR-033949,2025-08-02,5754.26,5714.544814564326
TR-033950,2025-08-02,2267.14,2187.081276161493
TR-033951,2025-08-02,5227.69,5493.748720037742
TR-033952,2025-08-02,1642.52,1770.8655270412821
TR-033953,2025-08-02,1933.41,1889.2727325530486
TR-033954,2025-08-02,846.8,863.6671265189252
TR-033955,2025-08-02,3164.8,3452.7333388832203
TR-033956,2025-08-02,3686.34,3426.7662120327464
TR-033957,2025-08-02,1834.02,1839.237692375682
TR-033958,2025-08-02,5106.99,5197.270211637982
TR-033959,2025-08-02,1777.75,1776.1233283946667
TR-033960,2025-08-02,1973.02,2007.0646255316299
TR-033961,2025-08-02,2778.66,2970.8925177177957
TR-033962,2025-08-02,1551.83,1590.001783601006
TR-033963,2025-08-02,1011.11,999.5464893400716
TR-033964,2025-08-02,5071.92,5030.518935884707
TR-033965,2025-08-02,1496.05,1550.244968557396
TR-033966,2025-08-02,4353.92,4283.307330307497
TR-033967,2025-08-02,837.63,912.9508365910324
TR-033968,2025-08-02,2597.51,2604.733431289641
TR-033969,2025-08-02,2084.14,2245.3929808037065
TR-033970,2025-08-02,1924.28,1821.043688509233
TR-033971,2025-08-02,2285.31,2550.6951369942317
TR-033972,2025-08-02,3325.75,3481.69152243961
TR-033973,2025-08-02,760.91,821.4645181927572
TR-033974,2025-08-02,2362.67,2297.558713846682
TR-033975,2025-08-02,3556.89,3617.1102070800166
TR-033976,2025-08-02,5709.31,5362.130460397066
TR-033977,2025-08-02,829.36,859.1675653894056
TR-033978,2025-08-02,785.23,850.7556449955205
TR-033979,2025-08-02,1493.87,1533.5946838792859
TR-033980,2025-08-02,2309.75,2306.043699026919
TR-033981,2025-08-02,2501.06,2462.1278699412674
TR-033982,2025-08-02,2255.88,2228.98318194114
TR-033983,2025-08-02,1951.31,1955.234325507112
TR-033984,2025-08-02,4086.4,4316.196587143912
TR-033985,2025-08-02,1074.82,1083.7363899689235
TR-033986,2025-08-02,3146.66,2652.6403055508363
TR-033987,2025-08-02,2079.64,2233.6044048701733
TR-033988,2025-08-02,2018.62,2027.7775794204122
TR-033989,2025-08-02,1562.72,1646.2023450478391
TR-033990,2025-08-02,2505.44,2438.688850131135
TR-033991,2025-08-02,1328.04,1326.2180483924294
TR-033992,2025-08-02,2125.37,2241.644028495907
TR-033993,2025-08-02,1665.9,1707.3780987939665
TR-033994,2025-08-02,1119.16,1132.2627199425685
TR-033995,2025-08-02,2680.3,2662.983207588869
TR-033996,2025-08-02,837.83,887.5781319058367
TR-033997,2025-08-02,2346.96,2186.0101937650848
TR-033998,2025-08-02,1634.34,1717.1018702548324
TR-033999,2025-08-02,1126.45,1141.643678674914
TR-034000,2025-08-02,1183.3,1143.288349780999
TR-034001,2025-08-02,2320.25,2273.4803458140714
TR-034002,2025-08-02,317.01,340.16309277646883
TR-034003,2025-08-02,512.3,589.5789705051727
TR-034004,2025-08-02,919.74,932.9245324221745
TR-034005,2025-08-02,1444.21,1445.3018111040785
TR-034006,2025-08-02,948.25,973.7769825414507
TR-034007,2025-08-02,1827.37,1793.902212884824
TR-034008,2025-08-02,817.95,868.6050656648356
TR-034009,2025-08-02,2057.63,1984.9703340456563
TR-034010,2025-08-02,3609.07,3126.979713441884
TR-034011,2025-08-02,1239.71,1247.5413732967957
TR-034012,2025-08-02,1603.87,1685.1835568397446
TR-034013,2025-08-02,2125.75,2181.041628641152
TR-034014,2025-08-02,1962.76,2001.0874921974357
TR-034015,2025-08-02,1034.19,1101.6650209366157
TR-034016,2025-08-02,5067.84,5074.719068346787
TR-034017,2025-08-02,1796.09,1847.7321990080434
TR-034018,2025-08-02,1937.5,1917.543748801565
TR-034019,2025-08-02,1244.72,1266.9572904885426
TR-034020,2025-08-02,1025.87,1074.1036105892747
TR-034021,2025-08-02,5269.1,5245.646058355733
TR-034022,2025-08-02,3420.72,3648.7117970183835
TR-034023,2025-08-02,1134.01,1149.2158306139145
TR-034024,2025-08-02,1406.7,1408.8079688864657
TR-034025,2025-08-02,1152.47,1114.1111933656514
TR-034026,2025-08-02,4159.38,4087.9852027319694
TR-034027,2025-08-02,1076.58,1092.9978135471533
TR-034028,2025-08-03,2687.56,2902.348418719729
TR-034029,2025-08-03,1707.58,1705.1818215511337
TR-034030,2025-08-03,770.25,804.135345627024
TR-034031,2025-08-03,863.58,897.5557504164649
TR-034032,2025-08-03,1139.44,1140.9539478704196
TR-034033,2025-08-03,5041.03,5007.950344149985
TR-034034,2025-08-03,4407.53,3946.015502293955
TR-034035,2025-08-03,4795.74,5030.044121990559
TR-034036,2025-08-03,3487.12,3587.908914911399
TR-034037,2025-08-03,1346.16,1331.08109557656
TR-034038,2025-08-03,800.76,873.6720017613777
TR-034039,2025-08-03,3689.84,3490.7770542865146
TR-034040,2025-08-03,3897.88,3990.1698934494725
TR-034041,2025-08-03,756.26,787.5652350820919
TR-034042,2025-08-03,3359.43,3657.2758484519445
TR-034043,2025-08-03,865.81,942.6840010651049
TR-034044,2025-08-03,1324.91,1312.336530366319
TR-034045,2025-08-03,625.75,705.2361053323132
TR-034046,2025-08-03,2592.04,2481.919744557148
TR-034047,2025-08-03,2306.19,2107.6619024090046
TR-034048,2025-08-03,948.57,966.8050395851203
TR-034049,2025-08-03,3353.18,3395.256317985437
TR-034050,2025-08-03,3952.31,3823.509568977589
TR-034051,2025-08-03,2007.18,2087.0078926095093
TR-034052,2025-08-03,544.64,648.1125305801827
TR-034053,2025-08-03,722.17,705.6786901498135
TR-034054,2025-08-03,3674.51,3346.227354839726
TR-034055,2025-08-03,2447.73,2452.0260498887437
TR-034056,2025-08-03,656.28,761.4280196080806
TR-034057,2025-08-03,3738.3,3865.7840751255126
TR-034058,2025-08-03,238.78,1211.3061599500593
TR-034059,2025-08-03,981.12,1015.0750534025944
TR-034060,2025-08-03,1408.98,1389.3141288971717
TR-034061,2025-08-03,1379.06,1418.355134012062
TR-034062,2025-08-03,1159.04,1197.8844359174868
TR-034063,2025-08-03,3950.06,3908.679859330956
TR-034064,2025-08-03,1490.56,1486.9389744334153
TR-034065,2025-08-03,1157.76,1151.8683572293442
TR-034066,2025-08-03,1177.76,1210.5648052208542
TR-034067,2025-08-03,4004.92,4057.6665743461263
TR-034068,2025-08-03,2402.34,2120.0041871059493
TR-034069,2025-08-03,3703.6,3799.55094073882
TR-034070,2025-08-03,1816.14,1819.6857522881237
TR-034071,2025-08-03,3423.45,3517.9394349520026
TR-034072,2025-08-03,1443.93,1447.436990619965
TR-034073,2025-08-03,1146.37,1161.1379117236006
TR-034074,2025-08-03,406.42,510.8282218318834
TR-034075,2025-08-03,5278.88,5489.548384263477
TR-034076,2025-08-03,1957.47,1981.0687376510637
TR-034077,2025-08-03,2075.07,2316.3760049926636
TR-034078,2025-08-03,970.99,978.044309903586
TR-034079,2025-08-03,3959.2,4077.790706143884
TR-034080,2025-08-03,6080.38,5817.262451821957
TR-034081,2025-08-03,2107.48,2124.3145066340007
TR-034082,2025-08-03,4196.12,3985.92396818465
TR-034083,2025-08-03,1264.42,1266.6091633815508
TR-034084,2025-08-03,1954.35,1843.6798706305058
TR-034085,2025-08-03,1158.06,1178.580259193325
TR-034086,2025-08-03,573.43,636.20295828485
TR-034087,2025-08-03,3270.79,3485.369687702439
TR-034088,2025-08-03,3229.4,3602.849565882171
TR-034089,2025-08-03,1883.01,1817.588102876363
TR-034090,2025-08-03,2766.02,2978.4134367237953
TR-034091,2025-08-03,2134.55,2070.5627147299933
TR-034092,2025-08-03,4959.93,5301.829092898019
TR-034093,2025-08-03,1335.54,1380.633117253934
TR-034094,2025-08-03,2258.06,2175.1659053464405
TR-034095,2025-08-03,1520.28,1577.6272333407283
TR-034096,2025-08-03,736.9,777.1355966726924
TR-034097,2025-08-03,3201.46,3455.9800484363714
TR-034098,2025-08-03,3894.26,3896.579194421338
TR-034099,2025-08-03,3088.09,3219.3374611925146
TR-034100,2025-08-03,1248.29,1277.2689460220427
TR-034101,2025-08-03,1407.25,1351.651583719441
TR-034102,2025-08-03,728.46,727.888964853981
TR-034103,2025-08-03,942.37,953.3241218726916
TR-034104,2025-08-03,801.01,815.6871757630895
TR-034105,2025-08-03,1082.19,1082.8748223682906
TR-034106,2025-08-03,3891.19,4135.243277455792
TR-034107,2025-08-03,4872.27,5047.137021308755
TR-034108,2025-08-03,1219.42,1227.269048195279
TR-034109,2025-08-03,2208.36,2324.828514641482
TR-034110,2025-08-03,1741.58,1747.878754214971
TR-034111,2025-08-03,2673.22,2988.8191948636054
TR-034112,2025-08-03,2455.34,2470.1841376115945
TR-034113,2025-08-03,2314.64,2182.7074778368888
TR-034114,2025-08-03,4551.32,4420.774187501798
TR-034115,2025-08-03,944.68,991.0252000002899
TR-034116,2025-08-03,1566.36,1510.5012664389328
TR-034117,2025-08-03,610.64,696.6776995048444
TR-034118,2025-08-03,261.93,407.06133405756987
TR-034119,2025-08-03,601.04,676.6603075025919
TR-034120,2025-08-03,1426.84,1441.056521068591
TR-034121,2025-08-03,1445.35,1500.1503312804475
TR-034122,2025-08-03,3804.38,3817.6431114836832
TR-034123,2025-08-03,2125.75,2036.166474229847
TR-034124,2025-08-03,2911.04,3019.7821099568428
TR-034125,2025-08-03,398.68,498.31633636438164
TR-034126,2025-08-03,1585.61,1543.845153960024
TR-034127,2025-08-03,1623.34,1693.2865452198716
TR-034128,2025-08-03,1762.27,1811.0403585743825
TR-034129,2025-08-03,872.25,940.1944382129366
TR-034130,2025-08-03,4625.7,4525.423082723548
TR-034131,2025-08-03,451.9,538.3627036779528
TR-034132,2025-08-03,4874.89,4878.460079752651
TR-034133,2025-08-03,3297.77,3549.1243538050867
TR-034134,2025-08-03,4092.06,4053.6789307964077
TR-034135,2025-08-03,1550.87,1598.4726904888598
TR-034136,2025-08-03,1471.63,1443.936501964707
TR-034137,2025-08-03,232.27,493.7259643359653
TR-034138,2025-08-03,1193.71,1225.3105961357671
TR-034139,2025-08-03,1345.07,1326.121275277855
TR-034140,2025-08-03,704.33,697.4771946536639
TR-034141,2025-08-03,3119.88,2835.3726680585887
TR-034142,2025-08-03,1566.66,1526.0601728807355
TR-034143,2025-08-03,2211.72,2172.565418741135
TR-034144,2025-08-03,994.23,1004.3050723699096
TR-034145,2025-08-03,2630.37,2585.5834628923953
TR-034146,2025-08-03,546.61,642.8157170323504
TR-034147,2025-08-03,657.56,661.3194716397061
TR-034148,2025-08-03,2018.95,2054.512053773283
TR-034149,2025-08-03,784.88,838.3346890863477
TR-034150,2025-08-03,4628.21,4915.797776641595
TR-034151,2025-08-03,4443.29,4360.003048428974
TR-034152,2025-08-03,5413.99,5319.1290933601
TR-034153,2025-08-03,4265.3,4264.3637588121655
TR-034154,2025-08-03,2211.24,2239.6321732484066
TR-034155,2025-08-03,1401.46,1378.124956663587
TR-034156,2025-08-03,3678.88,3657.6262203085516
TR-034157,2025-08-03,1593.4,1643.9205269348506
TR-034158,2025-08-03,5486.34,5478.0429793682015
TR-034159,2025-08-03,1263.75,1294.085780397524
TR-034160,2025-08-03,585.53,656.0888483760766
TR-034161,2025-08-03,995.56,1028.9540060624336
TR-034162,2025-08-03,4191.23,4337.23854827437
TR-034163,2025-08-03,1989.32,2066.838000279412
TR-034164,2025-08-03,1491.46,1460.8833308707922
TR-034165,2025-08-03,4970.98,5084.308761368791
TR-034166,2025-08-03,2540.65,2507.503407615198
TR-034167,2025-08-03,1601.44,1614.7503812635605
TR-034168,2025-08-03,1942.11,1854.8724664166766
TR-034169,2025-08-03,5483.01,5492.176759184969
TR-034170,2025-08-03,2853.29,2895.4053195466395
TR-034171,2025-08-03,2426.63,2378.7054236004037
TR-034172,2025-08-03,2585.32,2530.115498829882
TR-034173,2025-08-03,1591.5,1588.1381735091322
TR-034174,2025-08-03,1895.4,1958.797180941913
TR-034175,2025-08-03,3806.4,3814.005529654498
TR-034176,2025-08-03,3303.15,3405.9104058370644
TR-034177,2025-08-03,666.29,723.7444257930422
TR-034178,2025-08-03,1447.17,1432.8203198613155
TR-034179,2025-08-03,708.77,739.8496128175502
TR-034180,2025-08-03,1114.64,1122.8005464243772
TR-034181,2025-08-03,2235.33,2363.993897228377
TR-034182,2025-08-03,2499.42,2712.4324306021826
TR-034183,2025-08-03,940.7,985.104967026153
TR-034184,2025-08-03,1599.3,1644.0808103048628
TR-034185,2025-08-03,3844.87,4204.950122711283
TR-034186,2025-08-03,1496.87,1423.479959380329
TR-034187,2025-08-03,4209.92,4372.993962568478
TR-034188,2025-08-03,2630.14,2645.467547596077
TR-034189,2025-08-03,1534.71,1513.1648316504475
TR-034190,2025-08-03,5108.51,5008.301440848524
TR-034191,2025-08-03,986.8,995.0525064222707
TR-034192,2025-08-03,2780.68,2876.9671680967385
TR-034193,2025-08-03,3518.46,3307.8310772331556
TR-034194,2025-08-03,5849.97,5891.989742448559
TR-034195,2025-08-04,4433.82,4571.654012702686
TR-034196,2025-08-04,1141.42,1128.2777460030227
TR-034197,2025-08-04,2698.93,2703.868371712527
TR-034198,2025-08-04,1693.78,1655.837026708938
TR-034199,2025-08-04,1631.85,1678.218579717162
TR-034200,2025-08-04,2302.23,2089.12365840859
TR-034201,2025-08-04,1197.74,1201.2194555910055
TR-034202,2025-08-04,1652.95,1662.0177628960218
TR-034203,2025-08-04,4173.58,3868.237298293173
TR-034204,2025-08-04,544.52,591.898630429539
TR-034205,2025-08-04,1714.21,1663.2108917974483
TR-034206,2025-08-04,2014.28,1901.1388808663442
TR-034207,2025-08-04,5205.12,5399.083650910474
TR-034208,2025-08-04,4555.64,4676.28918399105
TR-034209,2025-08-04,2874.24,3095.3363307481322
TR-034210,2025-08-04,1124.02,1156.4925799426605
TR-034211,2025-08-04,1058.85,1062.0354514926198
TR-034212,2025-08-04,2021.46,2099.8958390491644
TR-034213,2025-08-04,496.18,592.9141743779023
TR-034214,2025-08-04,818.39,880.5597109696346
TR-034215,2025-08-04,5739.34,5459.658181906234
TR-034216,2025-08-04,1287.17,1292.5406635223185
TR-034217,2025-08-04,4069.8,4118.335687716848
TR-034218,2025-08-04,2453.31,2293.5280153414305
TR-034219,2025-08-04,1230.35,1272.6439221627138
TR-034220,2025-08-04,1174.26,1228.7143516430035
TR-034221,2025-08-04,2425.13,2449.588127397713
TR-034222,2025-08-04,555.03,629.8735130451594
TR-034223,2025-08-04,929.83,937.6265311951977
TR-034224,2025-08-04,1405.3,1375.3009694929208
TR-034225,2025-08-04,2042.92,2208.227473308873
TR-034226,2025-08-04,914.06,958.5673575572521
TR-034227,2025-08-04,2065.84,1970.6108030085834
TR-034228,2025-08-04,1823.5,2048.718107249779
TR-034229,2025-08-04,3910.43,4050.7828345821154
TR-034230,2025-08-04,1842.54,1790.2709474033654
TR-034231,2025-08-04,1603.2,1666.9894881891578
TR-034232,2025-08-04,3369.66,3269.356290586078
TR-034233,2025-08-04,4594.78,4584.251861191873
TR-034234,2025-08-04,2885.13,2682.6734751880135
TR-034235,2025-08-04,1769.96,1787.7020523078284
TR-034236,2025-08-04,2419.31,2492.9018990529644
TR-034237,2025-08-04,1220.66,1228.8069464617909
TR-034238,2025-08-04,4257.67,4189.635871123466
TR-034239,2025-08-04,2020.7,1996.2518462208247
TR-034240,2025-08-04,1360.52,1331.1373643632826
TR-034241,2025-08-04,3775.48,3779.9587399784014
TR-034242,2025-08-04,1499.26,1554.210092421843
TR-034243,2025-08-04,2056.61,2139.1848955308296
TR-034244,2025-08-04,1755.85,1799.6435497703358
TR-034245,2025-08-04,4268.13,4472.733555847699
TR-034246,2025-08-04,3159.4,2860.771536901037
TR-034247,2025-08-04,1446.35,1495.7444683370486
TR-034248,2025-08-04,1062.41,1107.8264984759735
TR-034249,2025-08-04,1385.14,1332.5033967233437
TR-034250,2025-08-04,1035.9,1029.7212477615203
TR-034251,2025-08-04,1628.37,1591.2476012016632
TR-034252,2025-08-04,1360.36,1372.1642632926041
TR-034253,2025-08-04,2183.5,2084.0079859517223
TR-034254,2025-08-04,1201.83,1239.0779531738622
TR-034255,2025-08-04,1606.21,1600.3701055418678
TR-034256,2025-08-04,4299.9,4207.972249506887
TR-034257,2025-08-04,1327.57,1314.9998816458904
TR-034258,2025-08-04,1289.89,1298.7030998892387
TR-034259,2025-08-04,3352.59,3385.8133059765414
TR-034260,2025-08-04,641.88,705.8330974116982
TR-034261,2025-08-04,1522.0,1786.228111409215
TR-034262,2025-08-04,2519.83,2193.99126645063
TR-034263,2025-08-04,248.66,419.3523150851074
TR-034264,2025-08-04,1027.69,1008.0538890915989
TR-034265,2025-08-04,4711.58,4971.827616750428
TR-034266,2025-08-04,4878.94,4903.965639745764
TR-034267,2025-08-04,4529.6,4788.352744922651
TR-034268,2025-08-04,2164.46,2169.2795040565843
TR-034269,2025-08-04,640.47,707.5141521371715
TR-034270,2025-08-04,505.89,599.4939654804634
TR-034271,2025-08-04,3640.33,3671.582972406678
TR-034272,2025-08-04,5176.26,5233.267835914168
TR-034273,2025-08-04,1518.94,1508.1401700805095
TR-034274,2025-08-04,4728.14,4622.56306148224
TR-034275,2025-08-04,841.73,865.8472626370067
TR-034276,2025-08-04,635.9,695.5707064773744
TR-034277,2025-08-04,4559.79,4790.629897983896
TR-034278,2025-08-04,1004.28,1007.514346378125
TR-034279,2025-08-04,1833.6,1699.2608304780538
TR-034280,2025-08-04,1038.09,999.5186178276251
TR-034281,2025-08-04,740.9,813.9389854382214
TR-034282,2025-08-04,1789.47,1894.309025369532
TR-034283,2025-08-04,2485.16,2633.0619881686116
TR-034284,2025-08-04,6054.63,5893.20263298282
TR-034285,2025-08-04,3966.47,4153.289373614132
TR-034286,2025-08-04,1510.89,1559.9027554498002
TR-034287,2025-08-04,4169.66,4039.232423955072
TR-034288,2025-08-04,9535.05,2209.2219537809056
TR-034289,2025-08-04,3026.98,3152.439401746403
TR-034290,2025-08-04,1328.05,1267.8923839634867
TR-034291,2025-08-04,4440.66,4214.185796665717
TR-034292,2025-08-04,1812.55,1857.7989622287685
TR-034293,2025-08-04,2055.41,2043.9875360205576
TR-034294,2025-08-04,1849.82,1875.5723022391135
TR-034295,2025-08-04,1657.43,1682.1386576275831
TR-034296,2025-08-04,2146.11,2298.8822025401396
TR-034297,2025-08-04,2410.89,2636.952638386652
TR-034298,2025-08-04,3727.79,3900.3661874742884
TR-034299,2025-08-04,2297.53,2181.2171404471146
TR-034300,2025-08-04,1583.33,1549.4611169251555
TR-034301,2025-08-04,1634.34,1690.14489194725
TR-034302,2025-08-04,4028.12,4226.376477997827
TR-034303,2025-08-04,2668.88,2888.110793827679
TR-034304,2025-08-04,3789.94,4027.948337054213
TR-034305,2025-08-04,1838.66,1794.2673225992773
TR-034306,2025-08-04,3284.95,3273.719873963895
TR-034307,2025-08-04,2766.64,2878.421515879745
TR-034308,2025-08-04,1823.03,1892.1017508007196
TR-034309,2025-08-04,1044.58,1070.3926454334119
TR-034310,2025-08-04,4393.14,4573.670714693274
TR-034311,2025-08-04,1450.62,1481.8299007179614
TR-034312,2025-08-04,2253.42,2155.4496744030043
TR-034313,2025-08-04,3448.82,3279.745765939673
TR-034314,2025-08-04,3442.31,3626.3758096461916
TR-034315,2025-08-04,1820.23,1834.3745068645217
TR-034316,2025-08-04,973.57,994.7546577055468
TR-034317,2025-08-04,5239.8,5183.776216022752
TR-034318,2025-08-04,4093.97,4192.548583623571
TR-034319,2025-08-04,1613.39,1861.1594187191263
TR-034320,2025-08-04,4606.36,4709.498928362603
TR-034321,2025-08-04,745.45,766.9571421704345
TR-034322,2025-08-04,2229.87,2056.912837995898
TR-034323,2025-08-04,510.54,586.6523787270705
TR-034324,2025-08-04,812.25,873.954227620939
TR-034325,2025-08-04,4493.48,4770.382336423791
TR-034326,2025-08-04,2353.03,2380.9143971979383
TR-034327,2025-08-04,1513.03,1541.0924917122911
TR-034328,2025-08-04,1388.9,1445.7695803973918
TR-034329,2025-08-04,1854.39,1836.9425736599587
TR-034330,2025-08-04,2229.01,2017.5420071550757
TR-034331,2025-08-04,4627.9,4896.142234708021
TR-034332,2025-08-04,979.33,996.8886530929367
TR-034333,2025-08-04,920.74,962.1753338601736
TR-034334,2025-08-04,2873.26,2915.217937842355
TR-034335,2025-08-04,2465.47,2484.5908342010343
TR-034336,2025-08-04,1666.71,1611.7158137231515
TR-034337,2025-08-04,2475.46,2254.1440785097166
TR-034338,2025-08-04,2665.16,2988.4967812291497
TR-034339,2025-08-04,1533.45,1532.1708375040257
TR-034340,2025-08-04,2263.51,2257.8338572867096
TR-034341,2025-08-04,1592.43,1628.4557713664526
TR-034342,2025-08-04,2636.22,2565.192731954022
TR-034343,2025-08-04,5367.45,5359.099259353297
TR-034344,2025-08-04,82.38,449.1122338725884
TR-034345,2025-08-04,1907.08,1918.4186712323428
TR-034346,2025-08-04,854.18,888.3105431284646
TR-034347,2025-08-04,1621.68,1697.679562918703
TR-034348,2025-08-04,1420.42,1377.402753940014
TR-034349,2025-08-04,741.02,804.1308249284903
TR-034350,2025-08-04,2748.76,2574.7041205405267
TR-034351,2025-08-04,1467.12,1515.9385307617817
TR-034352,2025-08-04,608.22,697.7326954640598
TR-034353,2025-08-04,2315.85,2526.97657968782
TR-034354,2025-08-04,1961.23,2179.4447697310575
TR-034355,2025-08-04,1926.33,1939.0223076067352
TR-034356,2025-08-04,1232.75,1204.6520186680852
TR-034357,2025-08-04,1616.46,1695.0854983780052
TR-034358,2025-08-04,700.54,780.4003827819149
TR-034359,2025-08-04,1992.66,2255.211683538891
TR-034360,2025-08-04,1143.93,1178.3840622309435
TR-034361,2025-08-04,2587.81,2702.5044180562095
TR-034362,2025-08-04,1025.42,1038.9240929581806
TR-034363,2025-08-04,3641.08,3660.3786427472824
TR-034364,2025-08-04,4015.52,4076.343277313784
TR-034365,2025-08-04,3662.47,3853.7115517853595
TR-034366,2025-08-04,5332.84,5463.202999736003
TR-034367,2025-08-04,338.67,1697.916419863334
TR-034368,2025-08-04,2585.17,2558.6627606108163
TR-034369,2025-08-04,4040.31,4034.558693653523
TR-034370,2025-08-05,2410.27,2299.5316402583203
TR-034371,2025-08-05,2609.36,2487.6174066493495
TR-034372,2025-08-05,2077.72,2212.9412951670297
TR-034373,2025-08-05,5393.67,5150.020637987984
TR-034374,2025-08-05,7603.41,2941.074770862874
TR-034375,2025-08-05,5775.22,5570.571963892907
TR-034376,2025-08-05,4295.11,4401.996606229769
TR-034377,2025-08-05,741.1,779.82812826079
TR-034378,2025-08-05,5948.94,5807.773659860184
TR-034379,2025-08-05,3221.66,3126.261226384165
TR-034380,2025-08-05,2535.21,2599.7768061909787
TR-034381,2025-08-05,2264.45,2498.065842084158
TR-034382,2025-08-05,929.32,1008.3383242521071
TR-034383,2025-08-05,1684.17,1781.9495886307307
TR-034384,2025-08-05,2561.56,2578.5386717123083
TR-034385,2025-08-05,2549.96,2776.292553425001
TR-034386,2025-08-05,865.02,922.3470541264037
TR-034387,2025-08-05,891.95,949.500170144287
TR-034388,2025-08-05,4647.65,4487.46188366856
TR-034389,2025-08-05,2462.49,2711.2305273329343
TR-034390,2025-08-05,1773.53,1781.3030092180593
TR-034391,2025-08-05,3222.22,3116.351181925583
TR-034392,2025-08-05,1067.27,1096.3610213336124
TR-034393,2025-08-05,2240.2,2174.9740533737677
TR-034394,2025-08-05,2341.02,2157.4542148385744
TR-034395,2025-08-05,489.57,552.1387698640215
TR-034396,2025-08-05,2541.24,2424.422586724998
TR-034397,2025-08-05,1707.9,1838.993364716619
TR-034398,2025-08-05,4630.38,4252.983294987308
TR-034399,2025-08-05,1826.7,1846.4558447767236
TR-034400,2025-08-05,1936.01,1871.774957718515
TR-034401,2025-08-05,1582.5,1737.4922736497463
TR-034402,2025-08-05,1297.18,1287.012596973943
TR-034403,2025-08-05,1243.28,1244.0410712770886
TR-034404,2025-08-05,1101.62,1088.626541726891
TR-034405,2025-08-05,2401.2,2391.860050892382
TR-034406,2025-08-05,2920.43,2992.118585830213
TR-034407,2025-08-05,1581.08,1677.745137030964
TR-034408,2025-08-05,1600.53,1740.6801753090288
TR-034409,2025-08-05,2317.05,2246.26237574125
TR-034410,2025-08-05,2042.95,1963.473528652783
TR-034411,2025-08-05,3080.48,3204.920553691226
TR-034412,2025-08-05,3217.56,3220.3254377913736
TR-034413,2025-08-05,1378.3,1380.4231565637185
TR-034414,2025-08-05,3221.63,3166.179878747764
TR-034415,2025-08-05,1904.92,1897.3254581687127
TR-034416,2025-08-05,2562.63,2391.2484499689535
TR-034417,2025-08-05,2596.53,2683.4926295228456
TR-034418,2025-08-05,349.06,1458.2389473849767
TR-034419,2025-08-05,3354.77,3491.402680657894
TR-034420,2025-08-05,2064.16,1968.307290761904
TR-034421,2025-08-05,1395.34,1464.627900243672
TR-034422,2025-08-05,1571.81,1581.6341555271863
TR-034423,2025-08-05,1186.51,1218.8140897098017
TR-034424,2025-08-05,5192.12,5290.998958619557
TR-034425,2025-08-05,1463.87,1467.1531818985973
TR-034426,2025-08-05,2073.3,2082.3587521879654
TR-034427,2025-08-05,3183.27,2865.874491596196
TR-034428,2025-08-05,2038.22,1954.1467367908344
TR-034429,2025-08-05,983.42,996.775324946002
TR-034430,2025-08-05,1497.67,1519.132794022424
TR-034431,2025-08-05,2913.62,3001.9144172838082
TR-034432,2025-08-05,1938.59,1956.7637283901038
TR-034433,2025-08-05,1078.55,1139.4557077149525
TR-034434,2025-08-05,792.34,807.7378282832105
TR-034435,2025-08-05,4163.41,3987.3858094860807
TR-034436,2025-08-05,1475.54,1416.34004265815
TR-034437,2025-08-05,2220.69,2332.7452809252154
TR-034438,2025-08-05,949.44,946.1055430968374
TR-034439,2025-08-05,1589.66,1542.7223428958137
TR-034440,2025-08-05,1024.25,1053.8345368554924
TR-034441,2025-08-05,366.28,475.6847080253526
TR-034442,2025-08-05,764.88,878.5007361402952
TR-034443,2025-08-05,860.72,836.265246821079
TR-034444,2025-08-05,477.32,520.2069073525038
TR-034445,2025-08-05,4848.75,5064.468081817893
TR-034446,2025-08-05,4237.76,4443.8035846558905
TR-034447,2025-08-05,3677.63,3760.876321903549
TR-034448,2025-08-05,1930.97,1815.742255395601
TR-034449,2025-08-05,2321.74,2284.693865291017
TR-034450,2025-08-05,4024.05,4034.7013445526045
TR-034451,2025-08-05,561.29,637.7084094340721
TR-034452,2025-08-05,3449.99,3410.0923692809256
TR-034453,2025-08-05,2045.13,2236.7268329334224
TR-034454,2025-08-05,2469.73,2525.43888015988
TR-034455,2025-08-05,534.28,606.8602354061575
TR-034456,2025-08-05,3568.16,3621.2450719061844
TR-034457,2025-08-05,502.26,573.0073726281373
TR-034458,2025-08-05,1552.87,1727.2014804196028
TR-034459,2025-08-05,438.64,486.46955559396383
TR-034460,2025-08-05,430.62,536.627779290653
TR-034461,2025-08-05,2856.44,2916.4286399046637
TR-034462,2025-08-05,1578.16,1665.0394516086703
TR-034463,2025-08-05,2809.0,2761.183666412151
TR-034464,2025-08-05,738.95,790.9121465134897
TR-034465,2025-08-05,3050.77,2968.3452437772166
TR-034466,2025-08-05,2161.55,2191.8046728934796
TR-034467,2025-08-05,3147.3,3141.3702752708587
TR-034468,2025-08-05,4379.71,4170.2306667301655
TR-034469,2025-08-05,1210.94,1271.547257855074
TR-034470,2025-08-05,3496.1,3395.4878115382553
TR-034471,2025-08-05,364.77,474.13667539470134
TR-034472,2025-08-05,3702.59,3733.0197128260206
TR-034473,2025-08-05,2476.29,2206.843685853846
TR-034474,2025-08-05,7436.41,2399.9890257302886
TR-034475,2025-08-05,1994.59,2110.8685788455177
TR-034476,2025-08-05,2463.96,2362.4044357055923
TR-034477,2025-08-05,2804.39,2935.8941864211656
TR-034478,2025-08-05,3466.51,3650.669897838311
TR-034479,2025-08-05,4889.68,4772.586807621265
TR-034480,2025-08-05,1054.06,1063.8378717819337
TR-034481,2025-08-05,1483.67,1595.0117424072687
TR-034482,2025-08-05,1979.01,2051.2810838921127
TR-034483,2025-08-05,1686.96,1740.7031151901983
TR-034484,2025-08-05,4154.61,4028.4047004163704
TR-034485,2025-08-05,1715.32,1842.5260924467575
TR-034486,2025-08-05,2112.99,2029.4773365770877
TR-034487,2025-08-05,4902.04,5218.7692225540595
TR-034488,2025-08-05,1075.39,1067.607035727493
TR-034489,2025-08-05,2042.33,2034.5688196742055
TR-034490,2025-08-05,3375.52,3583.0290710797353
TR-034491,2025-08-05,219.45,335.7284719849747
TR-034492,2025-08-05,1098.32,1134.3206896592524
TR-034493,2025-08-05,544.54,650.6631046793675
TR-034494,2025-08-05,2858.42,2902.3385799363564
TR-034495,2025-08-05,2338.98,2339.0869364240702
TR-034496,2025-08-05,2178.59,2317.9432411380876
TR-034497,2025-08-05,1164.54,1165.1565853887075
TR-034498,2025-08-05,1022.04,1037.6333820827297
TR-034499,2025-08-05,2788.14,2938.3211314284545
TR-034500,2025-08-05,768.55,816.1264138020633
TR-034501,2025-08-05,1367.23,1321.7358017195213
TR-034502,2025-08-05,3276.94,2976.816765174043
TR-034503,2025-08-05,3687.08,3877.5231088154806
TR-034504,2025-08-05,5329.83,5360.944353534333
TR-034505,2025-08-05,2819.99,2547.5100516458583
TR-034506,2025-08-05,1380.92,1388.5887100864493
TR-034507,2025-08-05,3587.95,3712.2149902601163
TR-034508,2025-08-05,1155.46,1174.4802578669733
TR-034509,2025-08-05,2390.22,2467.1431074472566
TR-034510,2025-08-05,1277.45,1256.687059931001
TR-034511,2025-08-05,2173.55,2122.250112964285
TR-034512,2025-08-05,3790.87,3797.509913244621
TR-034513,2025-08-05,1211.97,1263.468697505548
TR-034514,2025-08-05,1527.78,1575.5082459132027
TR-034515,2025-08-05,387.41,1843.9631153074702
TR-034516,2025-08-05,1402.97,1332.20689256459
TR-034517,2025-08-05,1758.01,1764.0892348372365
TR-034518,2025-08-05,2828.04,2820.6902999778763
TR-034519,2025-08-05,3717.6,3730.0413129560357
TR-034520,2025-08-05,546.05,669.3298233171599
TR-034521,2025-08-05,3651.95,3728.6613137347686
TR-034522,2025-08-05,2115.78,2027.806835314777
TR-034523,2025-08-05,3417.7,3532.5720580396337
TR-034524,2025-08-05,5305.08,5415.894896453136
TR-034525,2025-08-05,1021.07,1007.8267173533131
TR-034526,2025-08-05,3708.46,3888.891881883474
TR-034527,2025-08-05,5148.89,5249.298395775142
TR-034528,2025-08-05,1643.71,1673.9683104438716
TR-034529,2025-08-05,1945.71,1946.8047133821688
TR-034530,2025-08-05,4329.1,4488.822224246958
TR-034531,2025-08-05,456.96,513.259166977426
TR-034532,2025-08-05,811.53,865.3022452975317
TR-034533,2025-08-05,5489.51,5704.494760300784
TR-034534,2025-08-05,3051.36,2918.553712578705
TR-034535,2025-08-05,682.59,1611.5654429371932
TR-034536,2025-08-05,1250.44,1239.2568051148178
TR-034537,2025-08-05,924.09,987.1885126313159
TR-034538,2025-08-05,4035.65,4241.162954466723
TR-034539,2025-08-05,1039.31,1066.3007396817052
TR-034540,2025-08-05,1385.45,1345.001731297782
TR-034541,2025-08-05,3916.77,4004.9602140368474
TR-034542,2025-08-05,1086.12,1102.0911392258595
TR-034543,2025-08-05,772.01,826.8687714415328
TR-034544,2025-08-05,909.61,920.6046329191784
TR-034545,2025-08-05,3098.87,3087.180727642758
TR-034546,2025-08-05,3110.36,2906.1350290293612
TR-034547,2025-08-05,1507.8,1539.933454423991
TR-034548,2025-08-06,2874.2,2871.7127390103165
TR-034549,2025-08-06,1323.94,1296.3680025975104
TR-034550,2025-08-06,1118.31,1084.5225109360558
TR-034551,2025-08-06,2190.09,2095.8589985725507
TR-034552,2025-08-06,3826.52,3829.1034147261803
TR-034553,2025-08-06,1555.48,1587.9356528922403
TR-034554,2025-08-06,3493.19,3687.009500470993
TR-034555,2025-08-06,1574.59,1592.1477448008716
TR-034556,2025-08-06,2648.29,2594.1696965459805
TR-034557,2025-08-06,792.3,791.6297876942956
TR-034558,2025-08-06,3796.08,3717.3824954232014
TR-034559,2025-08-06,1245.99,1207.4144915356983
TR-034560,2025-08-06,1732.96,1667.2555001992998
TR-034561,2025-08-06,1536.47,1558.3197649063227
TR-034562,2025-08-06,3204.39,3191.6584451184026
TR-034563,2025-08-06,3612.88,3668.9613444782485
TR-034564,2025-08-06,2017.06,2191.734168440085
TR-034565,2025-08-06,836.56,890.1086645346443
TR-034566,2025-08-06,5558.87,5857.763809270773
TR-034567,2025-08-06,3597.46,3751.502966996366
TR-034568,2025-08-06,3123.19,3218.3011098140223
TR-034569,2025-08-06,1122.6,1127.0768796735215
TR-034570,2025-08-06,1797.19,1987.6280183511672
TR-034571,2025-08-06,3648.36,3573.8723368931032
TR-034572,2025-08-06,2617.72,2733.357703156671
TR-034573,2025-08-06,1351.75,1342.4520493226037
TR-034574,2025-08-06,974.4,1016.7231532079766
TR-034575,2025-08-06,1383.85,1340.8588420793672
TR-034576,2025-08-06,1788.18,1846.2819611718814
TR-034577,2025-08-06,2257.8,2143.662859954174
TR-034578,2025-08-06,823.35,904.6598478852263
TR-034579,2025-08-06,1651.8,1678.118698481053
TR-034580,2025-08-06,2450.38,2447.7662905401075
TR-034581,2025-08-06,4765.59,4659.998472526851
TR-034582,2025-08-06,4339.02,4503.207022034365
TR-034583,2025-08-06,2975.48,3037.6760348215084
TR-034584,2025-08-06,18972.15,4201.068484169949
TR-034585,2025-08-06,4874.2,4829.783500401
TR-034586,2025-08-06,2415.9,2529.868784977298
TR-034587,2025-08-06,254.59,333.18458473180544
TR-034588,2025-08-06,3504.64,3332.493904717999
TR-034589,2025-08-06,1080.16,1069.714516078655
TR-034590,2025-08-06,1697.58,1665.9181004578304
TR-034591,2025-08-06,3468.77,3611.2032836741955
TR-034592,2025-08-06,2976.57,3235.9971304131195
TR-034593,2025-08-06,1356.34,1353.7926095241473
TR-034594,2025-08-06,1549.55,1582.3461253708729
TR-034595,2025-08-06,1503.85,1482.9156893985933
TR-034596,2025-08-06,3988.76,4296.080012017486
TR-034597,2025-08-06,590.99,662.435743238872
TR-034598,2025-08-06,1930.92,1979.3571726139523
TR-034599,2025-08-06,887.81,947.4642448069706
TR-034600,2025-08-06,2313.4,2377.6608967546917
TR-034601,2025-08-06,1754.24,1715.6867133361095
TR-034602,2025-08-06,1928.76,1870.7480118180513
TR-034603,2025-08-06,4983.84,4817.125295986563
TR-034604,2025-08-06,504.48,576.7832814174167
TR-034605,2025-08-06,5514.42,5494.978306563085
TR-034606,2025-08-06,2433.35,2655.211649720409
TR-034607,2025-08-06,1666.76,1629.5340178362876
TR-034608,2025-08-06,2419.83,2449.540021208822
TR-034609,2025-08-06,2271.22,2320.0733922377212
TR-034610,2025-08-06,1802.65,1802.1642083214774
TR-034611,2025-08-06,1467.12,1630.0681422476143
TR-034612,2025-08-06,1680.01,1675.3351849896796
TR-034613,2025-08-06,3112.32,3318.0463823965247
TR-034614,2025-08-06,1473.44,1461.7644232863686
TR-034615,2025-08-06,3159.65,3040.1660530483864
TR-034616,2025-08-06,501.52,474.55886096778113
TR-034617,2025-08-06,1028.59,1034.4278775514397
TR-034618,2025-08-06,1427.94,1547.4395525260372
TR-034619,2025-08-06,1759.75,1726.983974039019
TR-034620,2025-08-06,1981.5,2058.1257822057805
TR-034621,2025-08-06,1027.01,1105.273195784841
TR-034622,2025-08-06,1986.63,1942.4342221924464
TR-034623,2025-08-06,1374.59,1372.332956336745
TR-034624,2025-08-06,867.11,916.2548433345225
TR-034625,2025-08-06,1711.41,1721.9547699115853
TR-034626,2025-08-06,765.37,838.2775126571037
TR-034627,2025-08-06,3081.37,3235.218091877442
TR-034628,2025-08-06,3782.97,3823.6377146231143
TR-034629,2025-08-06,2132.39,2042.9225308845373
TR-034630,2025-08-06,3234.66,3232.6533609323187
TR-034631,2025-08-06,5133.07,5397.484792666624
TR-034632,2025-08-06,1481.05,1412.938218537609
TR-034633,2025-08-06,1256.1,1266.5673962388773
TR-034634,2025-08-06,2981.88,3041.7653647302373
TR-034635,2025-08-06,2909.4,2793.007335913464
TR-034636,2025-08-06,5602.35,5571.693113313173
TR-034637,2025-08-06,1120.37,1092.7254651154851
TR-034638,2025-08-06,1448.63,1459.1662052579322
TR-034639,2025-08-06,2838.46,2837.04631425903
TR-034640,2025-08-06,2258.7,2158.886303133973
TR-034641,2025-08-06,972.05,985.5569467485657
TR-034642,2025-08-06,1772.78,1739.5952351721699
TR-034643,2025-08-06,2210.84,2448.801381213187
TR-034644,2025-08-06,2014.36,1896.7517576122639
TR-034645,2025-08-06,2408.12,2172.0058911621745
TR-034646,2025-08-06,5164.83,5297.181838413286
TR-034647,2025-08-06,1216.74,1211.507425907536
TR-034648,2025-08-06,777.88,781.8210920750869
TR-034649,2025-08-06,3143.47,3189.9718164609694
TR-034650,2025-08-06,3395.56,3481.280118794588
TR-034651,2025-08-06,1571.67,1640.4156825586633
TR-034652,2025-08-06,4468.11,4457.1778474349285
TR-034653,2025-08-06,2799.59,3081.300557478952
TR-034654,2025-08-06,5683.71,1743.6915358750925
TR-034655,2025-08-06,732.67,808.327006427193
TR-034656,2025-08-06,3552.01,3674.4854414271085
TR-034657,2025-08-06,2456.55,2617.22699913039
TR-034658,2025-08-06,745.17,816.6069499431508
TR-034659,2025-08-06,1370.78,1346.9624718135044
TR-034660,2025-08-06,576.43,644.0124681519171
TR-034661,2025-08-06,991.38,1000.4079300494207
TR-034662,2025-08-06,2140.03,2035.2825838916917
TR-034663,2025-08-06,1018.23,1052.863019465588
TR-034664,2025-08-06,3826.35,3982.7466274519256
TR-034665,2025-08-06,1948.77,1895.27291329057
TR-034666,2025-08-06,3259.7,3383.024470422169
TR-034667,2025-08-06,475.52,581.3512347619728
TR-034668,2025-08-06,404.45,450.44387721440603
TR-034669,2025-08-06,1912.4,1928.16661161706
TR-034670,2025-08-06,1673.13,1614.2834320316445
TR-034671,2025-08-06,2062.25,2190.8043332356738
TR-034672,2025-08-06,1152.35,1191.881351510107
TR-034673,2025-08-06,1388.98,1352.4515917034832
TR-034674,2025-08-06,1575.96,1544.5826129176633
TR-034675,2025-08-06,1360.35,1318.9413186965592
TR-034676,2025-08-06,1542.96,1521.6060236042886
TR-034677,2025-08-06,3825.45,3817.766335399158
TR-034678,2025-08-06,3065.8,3353.25729315883
TR-034679,2025-08-06,2180.15,2325.837098536109
TR-034680,2025-08-06,2070.16,2052.5576763143167
TR-034681,2025-08-06,829.37,874.4742562289334
TR-034682,2025-08-06,2268.62,1950.5751953240815
TR-034683,2025-08-06,5199.14,5416.0482035369805
TR-034684,2025-08-06,1610.85,1648.3845785525916
TR-034685,2025-08-06,1987.7,2044.5297490849402
TR-034686,2025-08-06,1976.79,1943.4034709648015
TR-034687,2025-08-06,3825.29,3635.8812183783666
TR-034688,2025-08-06,3317.38,3449.704000023811
TR-034689,2025-08-06,772.73,824.4093392447548
TR-034690,2025-08-06,540.33,607.8587922786458
TR-034691,2025-08-07,2951.8,2914.7368628213508
TR-034692,2025-08-07,5438.05,5324.250831932184
TR-034693,2025-08-07,3723.07,3631.1893105731315
TR-034694,2025-08-07,2054.95,2050.495770345574
TR-034695,2025-08-07,4541.48,4416.807358608232
TR-034696,2025-08-07,2927.05,3067.013517107512
TR-034697,2025-08-07,1434.89,1467.5949145379307
TR-034698,2025-08-07,500.91,603.524946991841
TR-034699,2025-08-07,1362.53,1355.6294375418997
TR-034700,2025-08-07,630.52,621.0490908866602
TR-034701,2025-08-07,2156.91,2136.765714107475
TR-034702,2025-08-07,2064.49,2062.6364162781147
TR-034703,2025-08-07,2094.46,1978.050107894165
TR-034704,2025-08-07,2172.36,2052.0332745838177
TR-034705,2025-08-07,1884.75,1867.3942547833715
TR-034706,2025-08-07,801.56,754.8444475283227
TR-034707,2025-08-07,710.19,748.9405491399657
TR-034708,2025-08-07,2339.68,2285.532921871105
TR-034709,2025-08-07,997.09,1030.15741728863
TR-034710,2025-08-07,854.23,842.8847532797295
TR-034711,2025-08-07,706.05,669.9066739335665
TR-034712,2025-08-07,3430.8,3534.775718112088
TR-034713,2025-08-07,3569.91,3510.049237624647
TR-034714,2025-08-07,4404.33,4255.764627434061
TR-034715,2025-08-07,2703.6,2628.582469150517
TR-034716,2025-08-07,1183.07,1205.760407080194
TR-034717,2025-08-07,1574.83,1765.109019951619
TR-034718,2025-08-07,870.68,890.563726273843
TR-034719,2025-08-07,1542.22,1513.3899112438435
TR-034720,2025-08-07,786.43,872.7579398924579
TR-034721,2025-08-07,1894.3,1834.4469072064705
TR-034722,2025-08-07,1209.44,1214.2657190980233
TR-034723,2025-08-07,1299.39,1325.1934592935415
TR-034724,2025-08-07,2897.77,3117.082576799633
TR-034725,2025-08-07,2611.62,2520.6929011572993
TR-034726,2025-08-07,1236.71,1254.2474463105027
TR-034727,2025-08-07,401.93,450.4880395060486
TR-034728,2025-08-07,1736.07,1713.5694898005695
TR-034729,2025-08-07,565.79,535.6240924384294
TR-034730,2025-08-07,1611.58,1708.668193472143
TR-034731,2025-08-07,650.57,733.4361078515042
TR-034732,2025-08-07,2870.53,3047.994467861925
TR-034733,2025-08-07,1578.01,1558.4190573594187
TR-034734,2025-08-07,1521.52,1426.76102569995
TR-034735,2025-08-07,1514.86,1533.5245530915738
TR-034736,2025-08-07,1174.07,1196.5449446082491
TR-034737,2025-08-07,4036.07,4004.5319839246868
TR-034738,2025-08-07,3048.49,2897.4741067264795
TR-034739,2025-08-07,667.47,688.8930283187406
TR-034740,2025-08-07,833.05,889.7822975472604
TR-034741,2025-08-07,1964.78,1944.8181040832824
TR-034742,2025-08-07,1798.1,1839.445609703535
TR-034743,2025-08-07,4789.86,4703.083952319981
TR-034744,2025-08-07,784.66,879.2385722214308
TR-034745,2025-08-07,3257.36,3352.25569639469
TR-034746,2025-08-07,349.58,461.2545328153417
TR-034747,2025-08-07,766.52,823.9617276370152
TR-034748,2025-08-07,2747.01,2786.397408683358
TR-034749,2025-08-07,5176.59,5189.690560139329
TR-034750,2025-08-07,4690.81,4729.052971422532
TR-034751,2025-08-07,2633.37,2711.059325740501
TR-034752,2025-08-07,2072.09,2043.9318630086216
TR-034753,2025-08-07,1830.62,5138.458692291406
TR-034754,2025-08-07,3372.04,3349.411343859032
TR-034755,2025-08-07,1656.95,1615.6016216545945
TR-034756,2025-08-07,284.34,427.3058591211052
TR-034757,2025-08-07,1261.03,1237.962438559478
TR-034758,2025-08-07,3762.66,3621.9616937236115
TR-034759,2025-08-07,663.38,700.384575002688
TR-034760,2025-08-07,1942.6,1946.0641475174396
TR-034761,2025-08-07,495.86,603.2883909886696
TR-034762,2025-08-07,1408.45,1363.3103871542876
TR-034763,2025-08-07,2485.18,2329.2950810233856
TR-034764,2025-08-07,1925.82,1847.1595193609705
TR-034765,2025-08-07,4237.04,4202.262658490181
TR-034766,2025-08-07,3382.18,3291.504033281713
TR-034767,2025-08-07,2487.08,2631.5482983266943
TR-034768,2025-08-07,209.4,441.95133118917215
TR-034769,2025-08-07,2954.76,2968.567174341667
TR-034770,2025-08-07,1570.29,1477.3806769670396
TR-034771,2025-08-07,3184.03,3391.474781338392
TR-034772,2025-08-07,1565.79,1543.3316350454475
TR-034773,2025-08-07,1964.47,1928.1477301713587
TR-034774,2025-08-07,3690.06,3749.9484475124978
TR-034775,2025-08-07,792.21,823.7417710637651
TR-034776,2025-08-07,1090.99,1115.33604510033
TR-034777,2025-08-07,1899.73,1902.38717035814
TR-034778,2025-08-07,1903.46,1873.1403603030662
TR-034779,2025-08-07,1341.65,1314.3123172620162
TR-034780,2025-08-07,2158.03,2227.0076520944913
TR-034781,2025-08-07,2308.97,2181.004156650063
TR-034782,2025-08-07,3719.44,3760.4210375757275
TR-034783,2025-08-07,3625.95,3770.0540930552615
TR-034784,2025-08-07,4331.05,4338.31269118817
TR-034785,2025-08-07,2998.17,3565.804263770782
TR-034786,2025-08-07,1003.91,1014.5397884494121
TR-034787,2025-08-07,1554.46,1487.79836382199
TR-034788,2025-08-07,1579.46,1507.321274357261
TR-034789,2025-08-07,3330.65,3290.4099427890033
TR-034790,2025-08-07,2820.72,2929.3604759378613
TR-034791,2025-08-07,562.57,651.5481068148895
TR-034792,2025-08-07,2533.07,2401.6708865258643
TR-034793,2025-08-07,1751.03,1707.718664660186
TR-034794,2025-08-07,2740.8,3027.5572841892244
TR-034795,2025-08-07,1494.32,1475.3805991867055
TR-034796,2025-08-07,1579.37,1620.443524608385
TR-034797,2025-08-07,3384.67,3309.4962207091694
TR-034798,2025-08-07,3491.47,3519.808729662551
TR-034799,2025-08-07,774.15,848.0840461628729
TR-034800,2025-08-07,2121.71,2115.0060112366227
TR-034801,2025-08-07,4039.42,4151.602088177304
TR-034802,2025-08-07,5955.45,5978.885857130156
TR-034803,2025-08-07,2808.51,2487.022937266761
TR-034804,2025-08-07,2278.63,2410.4698859044192
TR-034805,2025-08-07,1067.95,1078.9389413249733
TR-034806,2025-08-07,1008.36,1040.1790223874377
TR-034807,2025-08-07,1422.9,1476.2048652168019
TR-034808,2025-08-07,4991.17,4925.566200838994
TR-034809,2025-08-07,2361.06,2329.3802331586126
TR-034810,2025-08-07,3002.98,2859.746201146106
TR-034811,2025-08-07,1270.71,1292.974960862213
TR-034812,2025-08-07,411.76,490.61478050005303
TR-034813,2025-08-07,958.54,1001.9141418795102
TR-034814,2025-08-07,3809.42,3946.830065460128
TR-034815,2025-08-07,741.22,797.9997372740572
TR-034816,2025-08-07,438.9,462.3913021745259
TR-034817,2025-08-07,3086.9,3198.4535768879896
TR-034818,2025-08-07,3074.72,3107.389578694784
TR-034819,2025-08-07,3945.58,3933.034134449046
TR-034820,2025-08-07,1594.36,1573.8686606992342
TR-034821,2025-08-07,957.66,988.370420151567
TR-034822,2025-08-07,1053.53,1104.9775041322969
TR-034823,2025-08-07,1715.62,1672.458013971493
TR-034824,2025-08-07,587.61,635.3639404528458
TR-034825,2025-08-07,2927.36,2705.281166171405
TR-034826,2025-08-07,1672.28,1662.2679241837284
TR-034827,2025-08-07,1940.52,2086.921633481049
TR-034828,2025-08-07,1279.7,1223.2901303368035
TR-034829,2025-08-07,4220.82,4212.286385675821
TR-034830,2025-08-07,4464.55,4468.143063273361
TR-034831,2025-08-07,1810.57,1683.6390787641915
TR-034832,2025-08-07,2032.18,1942.8111586379002
TR-034833,2025-08-07,642.46,716.4658696489228
TR-034834,2025-08-07,1357.74,1367.7297034712947
TR-034835,2025-08-07,2376.05,2447.847327516064
TR-034836,2025-08-07,782.28,871.2866742515564
TR-034837,2025-08-07,1173.83,1218.2822390005986
TR-034838,2025-08-07,1670.44,1670.6134380294363
TR-034839,2025-08-07,1171.67,1191.9292130438412
TR-034840,2025-08-07,304.19,368.1760661908388
TR-034841,2025-08-07,4992.36,5004.798305057474
TR-034842,2025-08-07,1391.2,1374.2312142608043
TR-034843,2025-08-07,907.3,937.6141189138432
TR-034844,2025-08-07,1004.91,1053.1150953968963
TR-034845,2025-08-08,663.11,698.3666788914813
TR-034846,2025-08-08,5705.66,5629.029562798372
TR-034847,2025-08-08,2167.6,1939.2494753965111
TR-034848,2025-08-08,864.72,861.9548324536945
TR-034849,2025-08-08,1684.04,1662.689323348046
TR-034850,2025-08-08,1934.3,1996.243502125811
TR-034851,2025-08-08,1165.31,1224.5007142956397
TR-034852,2025-08-08,1751.1,1695.0945279539858
TR-034853,2025-08-08,3540.37,3580.295602700212
TR-034854,2025-08-08,3570.31,3655.5907587621177
TR-034855,2025-08-08,4832.58,4743.025886844862
TR-034856,2025-08-08,4892.81,4640.089616977508
TR-034857,2025-08-08,1782.14,1763.3105197847522
TR-034858,2025-08-08,588.08,665.6649487875793
TR-034859,2025-08-08,750.45,859.6471687064973
TR-034860,2025-08-08,3670.29,3609.7186386822464
TR-034861,2025-08-08,1363.67,1329.0350019684058
TR-034862,2025-08-08,5020.53,5410.668668454244
TR-034863,2025-08-08,3903.3,3961.9878796575686
TR-034864,2025-08-08,1692.05,1710.1458555214292
TR-034865,2025-08-08,3848.31,3924.4384371380856
TR-034866,2025-08-08,1317.98,1341.163897542569
TR-034867,2025-08-08,517.57,502.0397909544481
TR-034868,2025-08-08,3881.97,3934.9759972395887
TR-034869,2025-08-08,2220.75,2192.0170317765246
TR-034870,2025-08-08,1015.89,1059.6840865563443
TR-034871,2025-08-08,2470.57,2668.048966942675
TR-034872,2025-08-08,3771.21,3723.2174843666526
TR-034873,2025-08-08,2492.87,2451.1070292910854
TR-034874,2025-08-08,4326.19,4244.100371231728
TR-034875,2025-08-08,3830.53,3850.495105028409
TR-034876,2025-08-08,683.22,762.6861921738214
TR-034877,2025-08-08,1327.43,1312.427806946163
TR-034878,2025-08-08,1433.38,1465.9633620700974
TR-034879,2025-08-08,3823.46,3756.5949696324406
TR-034880,2025-08-08,3773.14,3141.772473475804
TR-034881,2025-08-08,1465.1,1441.3099411291641
TR-034882,2025-08-08,966.22,1008.6973258877402
TR-034883,2025-08-08,571.01,632.3464897894905
TR-034884,2025-08-08,5570.67,5521.978848789358
TR-034885,2025-08-08,5674.2,5771.550032637043
TR-034886,2025-08-08,997.09,1006.7586455647954
TR-034887,2025-08-08,4036.41,4180.782760176446
TR-034888,2025-08-08,2934.61,2769.62829318177
TR-034889,2025-08-08,1410.76,1401.6785371686842
TR-034890,2025-08-08,1571.25,1624.5005657741303
TR-034891,2025-08-08,5720.06,5744.858326464184
TR-034892,2025-08-08,2048.83,2007.1918250266056
TR-034893,2025-08-08,1161.43,1100.2137245614742
TR-034894,2025-08-08,2316.1,2584.565743844529
TR-034895,2025-08-08,1267.82,1272.2830605369122
TR-034896,2025-08-08,2038.35,2180.088122838554
TR-034897,2025-08-08,1765.51,1789.0047656193801
TR-034898,2025-08-08,1551.07,1569.2504904038356
TR-034899,2025-08-08,836.0,903.027290386992
TR-034900,2025-08-08,2065.82,2249.011084474524
TR-034901,2025-08-08,2509.21,2789.04096985174
TR-034902,2025-08-08,995.76,1028.6275421798032
TR-034903,2025-08-08,927.99,941.1829589877357
TR-034904,2025-08-08,2658.24,2486.630009293779
TR-034905,2025-08-08,4294.76,3543.787911244753
TR-034906,2025-08-08,1346.29,1298.5138367098461
TR-034907,2025-08-08,1945.82,1894.8142012139963
TR-034908,2025-08-08,2234.7,2077.499308426247
TR-034909,2025-08-08,2989.73,3239.844391487291
TR-034910,2025-08-08,3733.6,3848.671696296371
TR-034911,2025-08-08,2194.45,2097.8236716166807
TR-034912,2025-08-08,2416.12,2201.4769043277897
TR-034913,2025-08-08,5274.79,5272.636209566232
TR-034914,2025-08-08,4829.09,4884.862396231241
TR-034915,2025-08-08,1778.27,1848.9813688958877
TR-034916,2025-08-08,2128.43,1937.6546981988542
TR-034917,2025-08-08,1461.4,1499.8443078232335
TR-034918,2025-08-08,1215.61,1154.6267245279241
TR-034919,2025-08-08,1681.32,1652.730928386951
TR-034920,2025-08-08,1833.6,1804.8077160571283
TR-034921,2025-08-08,1044.26,1129.4213378250302
TR-034922,2025-08-08,897.12,925.8296231374989
TR-034923,2025-08-08,3601.64,3631.7072413568067
TR-034924,2025-08-08,1592.58,1573.5014167844936
TR-034925,2025-08-08,3258.23,3071.1052598493116
TR-034926,2025-08-08,3779.79,3865.1720392668535
TR-034927,2025-08-08,2108.66,2109.3351158167025
TR-034928,2025-08-08,1814.15,1834.5239973278942
TR-034929,2025-08-08,3266.77,3446.873555035735
TR-034930,2025-08-08,2545.42,2787.968289297336
TR-034931,2025-08-08,4419.87,4504.4075851903635
TR-034932,2025-08-08,4450.96,4282.719839037212
TR-034933,2025-08-08,1367.66,1336.0157871546794
TR-034934,2025-08-08,650.18,1555.9251098478194
TR-034935,2025-08-08,3436.38,3844.2132558722806
TR-034936,2025-08-08,1187.34,1162.8032956852776
TR-034937,2025-08-08,1905.67,1938.5136724154577
TR-034938,2025-08-08,2900.29,3090.3584085522943
TR-034939,2025-08-08,3414.47,3370.3345092724
TR-034940,2025-08-08,2208.98,2294.240518701214
TR-034941,2025-08-08,337.03,1372.8129418121366
TR-034942,2025-08-08,385.5,459.9747229671168
TR-034943,2025-08-08,2293.39,2268.229287912787
TR-034944,2025-08-08,1207.71,1224.668191374208
TR-034945,2025-08-08,2706.03,2684.2801929812094
TR-034946,2025-08-08,4146.94,4469.165723064113
TR-034947,2025-08-08,2704.44,2529.2645684049003
TR-034948,2025-08-08,3210.97,3410.50859519075
TR-034949,2025-08-08,1322.46,1283.2527922546988
TR-034950,2025-08-08,2766.03,3047.299832711968
TR-034951,2025-08-08,2818.11,2687.9020636599794
TR-034952,2025-08-08,5823.64,5483.816374999813
TR-034953,2025-08-08,3571.55,3813.7013940806373
TR-034954,2025-08-08,859.46,918.2651059110822
TR-034955,2025-08-08,4179.39,4002.4746140107227
TR-034956,2025-08-08,965.42,971.87362643301
TR-034957,2025-08-08,4577.31,4634.656847630512
TR-034958,2025-08-08,3612.69,3898.5527004203336
TR-034959,2025-08-08,712.84,788.0762479867888
TR-034960,2025-08-08,3655.8,3889.993756997128
TR-034961,2025-08-08,2474.44,2422.5857156208367
TR-034962,2025-08-08,2736.5,2638.497436519471
TR-034963,2025-08-08,5760.01,5565.439102469702
TR-034964,2025-08-08,2789.62,2935.7537772592796
TR-034965,2025-08-08,2252.44,2322.120542488533
TR-034966,2025-08-08,3052.21,3455.937060073978
TR-034967,2025-08-08,611.95,630.1477330301495
TR-034968,2025-08-08,2322.08,2535.9902211453714
TR-034969,2025-08-08,1646.7,1565.6035943294264
TR-034970,2025-08-08,446.97,512.1189104382954
TR-034971,2025-08-08,4059.94,4158.70988154553
TR-034972,2025-08-08,790.09,923.3017525955647
TR-034973,2025-08-08,1944.03,1939.0194824551163
TR-034974,2025-08-08,1201.16,1206.57866280365
TR-034975,2025-08-08,1895.48,1948.2992413902452
TR-034976,2025-08-08,2917.68,2713.4893511065234
TR-034977,2025-08-08,2545.53,2427.1213517559763
TR-034978,2025-08-08,4195.98,4139.606131022587
TR-034979,2025-08-08,4781.79,4926.237514768447
TR-034980,2025-08-08,1098.67,1074.8887346146548
TR-034981,2025-08-08,1234.26,1259.9039970093072
TR-034982,2025-08-08,4432.5,4455.684200075174
TR-034983,2025-08-08,4725.92,4620.956191464301
TR-034984,2025-08-08,1579.67,1576.1215756825757
TR-034985,2025-08-08,5499.06,5320.772962425361
TR-034986,2025-08-08,1344.04,1287.990579900505
TR-034987,2025-08-09,1036.77,1038.9021046819812
TR-034988,2025-08-09,2349.25,2481.7140154395847
TR-034989,2025-08-09,1251.03,1273.3635235892948
TR-034990,2025-08-09,1187.19,1202.7984284109234
TR-034991,2025-08-09,2651.6,2799.216986100294
TR-034992,2025-08-09,2045.35,1872.9145657561446
TR-034993,2025-08-09,3935.62,3876.700738608225
TR-034994,2025-08-09,2099.19,2213.3936932122624
TR-034995,2025-08-09,710.04,768.24999450274
TR-034996,2025-08-09,1094.79,1134.4416342608265
TR-034997,2025-08-09,4026.88,3867.6811019326497
TR-034998,2025-08-09,712.5,752.8500287456066
TR-034999,2025-08-09,5031.67,4760.639229273367
TR-035000,2025-08-09,3164.39,3231.6654884641134
TR-035001,2025-08-09,1188.22,1189.352151754972
TR-035002,2025-08-09,1232.15,1227.5664770069766
TR-035003,2025-08-09,2077.35,2061.5194839352484
TR-035004,2025-08-09,3016.77,3023.8562531825232
TR-035005,2025-08-09,4958.16,5067.137138120892
TR-035006,2025-08-09,3288.81,3288.9349234711767
TR-035007,2025-08-09,3013.8,3355.780501701522
TR-035008,2025-08-09,358.18,455.75939604775544
TR-035009,2025-08-09,1676.9,1837.955892379674
TR-035010,2025-08-09,4139.48,4186.733890614198
TR-035011,2025-08-09,655.92,680.8453559241002
TR-035012,2025-08-09,1414.15,1370.5867612428942
TR-035013,2025-08-09,1790.35,1786.2404417562389
TR-035014,2025-08-09,2895.37,2997.3062978769904
TR-035015,2025-08-09,1056.79,3608.6925536596946
TR-035016,2025-08-09,916.51,920.5766100695007
TR-035017,2025-08-09,2997.24,2782.5783037968354
TR-035018,2025-08-09,2030.21,2042.0049443780272
TR-035019,2025-08-09,2460.35,2374.2234965931584
TR-035020,2025-08-09,727.6,809.608222834285
TR-035021,2025-08-09,1540.56,1510.0220047142657
TR-035022,2025-08-09,3248.29,3274.0754138835805
TR-035023,2025-08-09,3901.56,972.6102758552829
TR-035024,2025-08-09,1556.08,1536.5414519196431
TR-035025,2025-08-09,1369.86,1365.5542926168227
TR-035026,2025-08-09,1460.21,1494.171651961543
TR-035027,2025-08-09,1428.06,1467.1848898587027
TR-035028,2025-08-09,2020.28,2011.49810614456
TR-035029,2025-08-09,1811.5,1821.7760832264407
TR-035030,2025-08-09,3877.81,3815.2863071000656
TR-035031,2025-08-09,1176.42,1196.9031060344782
TR-035032,2025-08-09,1599.34,1650.677650023454
TR-035033,2025-08-09,1626.92,1570.280130641905
TR-035034,2025-08-09,3529.05,3139.309530307736
TR-035035,2025-08-09,1407.97,1397.8499544995286
TR-035036,2025-08-09,3958.79,3925.0813636849516
TR-035037,2025-08-09,1777.94,1686.5959896329944
TR-035038,2025-08-09,1172.4,1207.0411958127954
TR-035039,2025-08-09,1700.05,1768.9550175053996
TR-035040,2025-08-09,3860.28,3980.47882418352
TR-035041,2025-08-09,1703.49,1727.9254538463329
TR-035042,2025-08-09,3806.09,3969.2041900671074
TR-035043,2025-08-09,1940.32,1914.210838059392
TR-035044,2025-08-09,659.78,744.6842541698172
TR-035045,2025-08-09,230.74,320.86442626332405
TR-035046,2025-08-09,2782.99,2654.423744465178
TR-035047,2025-08-09,3003.62,2930.012346804611
TR-035048,2025-08-09,3572.6,3690.0718975498094
TR-035049,2025-08-09,617.77,694.3447942813186
TR-035050,2025-08-09,1561.71,1556.6243115065038
TR-035051,2025-08-09,4431.13,4565.353852914113
TR-035052,2025-08-09,2642.06,2664.5654308416233
TR-035053,2025-08-09,4474.0,4545.357356638371
TR-035054,2025-08-09,1528.76,1532.2728403332947
TR-035055,2025-08-09,4333.26,4227.550584400952
TR-035056,2025-08-09,4006.7,3986.09935557024
TR-035057,2025-08-09,3615.67,3658.786648658366
TR-035058,2025-08-09,920.29,924.6384247382348
TR-035059,2025-08-09,1547.03,1631.8304571429542
TR-035060,2025-08-09,1003.44,1044.0927433852987
TR-035061,2025-08-09,4236.94,4176.66021701842
TR-035062,2025-08-09,589.3,612.8416917924228
TR-035063,2025-08-09,1437.11,1440.678113791836
TR-035064,2025-08-09,2925.64,3188.1512639007433
TR-035065,2025-08-09,1157.66,1194.3248942779405
TR-035066,2025-08-09,2442.54,2388.113593795293
TR-035067,2025-08-09,2302.4,2392.9998384872115
TR-035068,2025-08-09,1474.25,1518.837204000119
TR-035069,2025-08-09,1038.4,1080.6758939177719
TR-035070,2025-08-09,1467.37,1465.152663842455
TR-035071,2025-08-09,3840.01,3864.231716016864
TR-035072,2025-08-09,2562.49,2867.655330712899
TR-035073,2025-08-09,986.16,1010.1139191084981
TR-035074,2025-08-09,783.59,815.6915506832704
TR-035075,2025-08-09,780.79,787.2631685351628
TR-035076,2025-08-09,3359.74,3340.060640005455
TR-035077,2025-08-09,991.31,1016.1989820926126
TR-035078,2025-08-09,1550.93,1521.1466053289193
TR-035079,2025-08-09,4765.56,4478.23029511533
TR-035080,2025-08-09,2898.12,2670.0371482948103
TR-035081,2025-08-09,1639.52,1574.3411272772903
TR-035082,2025-08-09,908.2,875.3759354440281
TR-035083,2025-08-09,1128.95,1177.4397337199807
TR-035084,2025-08-09,2648.74,2631.1952332928345
TR-035085,2025-08-09,3987.01,4082.9938180017352
TR-035086,2025-08-09,1882.9,2015.4671387964383
TR-035087,2025-08-09,925.7,967.8407316380572
TR-035088,2025-08-09,4020.71,4163.967389459893
TR-035089,2025-08-09,773.77,847.5603105287196
TR-035090,2025-08-09,3640.82,3827.3099261366588
TR-035091,2025-08-09,1735.44,1728.9766948340084
TR-035092,2025-08-09,2580.12,2479.013866245884
TR-035093,2025-08-09,3265.54,3484.0476170107504
TR-035094,2025-08-09,3573.56,3573.9845546953848
TR-035095,2025-08-09,1765.9,1825.0608143122315
TR-035096,2025-08-09,3398.64,2962.2672989898774
TR-035097,2025-08-09,1859.26,1882.2984789026127
TR-035098,2025-08-09,1867.23,1891.288325004988
TR-035099,2025-08-09,1473.24,1477.2444892684107
TR-035100,2025-08-09,1462.21,1522.900930651108
TR-035101,2025-08-09,2075.08,2326.564830132019
TR-035102,2025-08-09,875.03,931.9827995508297
TR-035103,2025-08-09,795.36,3933.4088294657586
TR-035104,2025-08-09,1211.18,1220.402033324793
TR-035105,2025-08-09,2953.57,2780.9688066416493
TR-035106,2025-08-09,2188.21,2081.327963822753
TR-035107,2025-08-09,6146.72,6010.688257433434
TR-035108,2025-08-09,1126.53,1144.7787580848012
TR-035109,2025-08-09,1328.61,1362.3329827460727
TR-035110,2025-08-09,2718.35,2844.7003297577726
TR-035111,2025-08-09,3835.04,3878.509523603403
TR-035112,2025-08-09,2852.57,2656.3426615538597
TR-035113,2025-08-09,1693.89,1783.3326014578508
TR-035114,2025-08-09,1489.42,1557.5137908676172
TR-035115,2025-08-09,1039.42,1068.0059313582055
TR-035116,2025-08-09,884.21,870.8993046537198
TR-035117,2025-08-09,1385.87,1375.0890426417654
TR-035118,2025-08-09,3121.41,3352.8590662199467
TR-035119,2025-08-09,1591.62,1600.0177996548016
TR-035120,2025-08-09,992.49,1009.9330301879415
TR-035121,2025-08-09,1335.98,1318.9914614852191
TR-035122,2025-08-09,733.42,786.0293089199986
TR-035123,2025-08-09,1117.78,1157.6992369358413
TR-035124,2025-08-09,899.52,919.9818470334601
TR-035125,2025-08-09,1036.15,1076.549600763703
TR-035126,2025-08-09,1202.29,1220.7317310105627
TR-035127,2025-08-09,2519.36,2538.7684682094646
TR-035128,2025-08-09,1642.55,1720.0588599449654
TR-035129,2025-08-10,1776.04,1825.2258084935143
TR-035130,2025-08-10,2054.43,2360.2557588973095
TR-035131,2025-08-10,1365.5,1346.8849066329392
TR-035132,2025-08-10,3699.35,3747.7472361388664
TR-035133,2025-08-10,1795.06,1779.287909946265
TR-035134,2025-08-10,632.38,633.4045626475404
TR-035135,2025-08-10,1038.13,1064.917625955843
TR-035136,2025-08-10,1342.86,1411.9730124503449
TR-035137,2025-08-10,1902.18,1965.9732907503853
TR-035138,2025-08-10,1220.87,1244.0281525587707
TR-035139,2025-08-10,2447.19,2674.3047806232094
TR-035140,2025-08-10,1909.85,2158.24655003235
TR-035141,2025-08-10,4106.44,4244.103421174956
TR-035142,2025-08-10,3343.72,3405.5678901548417
TR-035143,2025-08-10,2854.8,2736.8641690621334
TR-035144,2025-08-10,4216.16,4149.115888215395
TR-035145,2025-08-10,3217.55,3378.217965912714
TR-035146,2025-08-10,942.45,944.0339242361372
TR-035147,2025-08-10,3190.13,3266.694505785677
TR-035148,2025-08-10,3126.39,3246.499551659386
TR-035149,2025-08-10,2284.93,2433.4921762877957
TR-035150,2025-08-10,1420.87,1455.822869910981
TR-035151,2025-08-10,1404.52,1449.140668056145
TR-035152,2025-08-10,413.18,449.9544847087302
TR-035153,2025-08-10,1398.22,1368.3527379197014
TR-035154,2025-08-10,960.36,985.8128623658536
TR-035155,2025-08-10,1023.97,1036.594819465246
TR-035156,2025-08-10,928.24,974.2180201030228
TR-035157,2025-08-10,4071.62,4106.480096407528
TR-035158,2025-08-10,3504.05,3375.4058095583505
TR-035159,2025-08-10,4328.43,4258.628400096555
TR-035160,2025-08-10,1553.55,1518.301093826121
TR-035161,2025-08-10,2905.53,3097.4053262169946
TR-035162,2025-08-10,1997.37,1910.5281028832176
TR-035163,2025-08-10,3931.8,3973.7005627329518
TR-035164,2025-08-10,723.9,762.4309273039355
TR-035165,2025-08-10,329.37,468.3508461142151
TR-035166,2025-08-10,3718.65,3993.9492009806054
TR-035167,2025-08-10,2454.42,2434.384321919434
TR-035168,2025-08-10,1859.54,1910.4937160651302
TR-035169,2025-08-10,972.43,958.7563127433602
TR-035170,2025-08-10,1378.6,1363.617324526966
TR-035171,2025-08-10,233.81,403.4639913774147
TR-035172,2025-08-10,957.67,944.8691563657883
TR-035173,2025-08-10,2691.28,2626.6276204675214
TR-035174,2025-08-10,1828.07,1856.9300724316374
TR-035175,2025-08-10,3824.3,3810.51878251287
TR-035176,2025-08-10,1164.15,1174.0544893562542
TR-035177,2025-08-10,275.69,464.90900523657456
TR-035178,2025-08-10,2426.85,2484.2226855055387
TR-035179,2025-08-10,1204.81,1192.0452289869215
TR-035180,2025-08-10,3178.59,3192.2675754499232
TR-035181,2025-08-10,4405.84,4458.68196021165
TR-035182,2025-08-10,4611.27,4603.155698430336
TR-035183,2025-08-10,4298.7,4471.188405178002
TR-035184,2025-08-10,851.58,869.789654688173
TR-035185,2025-08-10,3305.7,3023.1491319184934
TR-035186,2025-08-10,2085.7,2051.9217985921696
TR-035187,2025-08-10,2153.53,1941.2709284565392
TR-035188,2025-08-10,3186.66,3290.996477055927
TR-035189,2025-08-10,1832.56,1906.1404546789724
TR-035190,2025-08-10,550.36,660.7746272110658
TR-035191,2025-08-10,783.37,788.5928619216502
TR-035192,2025-08-10,1047.55,1075.5144084162775
TR-035193,2025-08-10,5093.1,5155.082785748477
TR-035194,2025-08-10,3093.54,3317.7873037457325
TR-035195,2025-08-10,760.66,791.7123482346756
TR-035196,2025-08-10,2792.14,2888.7180266899313
TR-035197,2025-08-10,5553.52,2271.972737638666
TR-035198,2025-08-10,4582.99,4487.327682606108
TR-035199,2025-08-10,3857.29,3854.0522536391245
TR-035200,2025-08-10,1001.11,988.9566326380532
TR-035201,2025-08-10,337.95,411.75036161265575
TR-035202,2025-08-10,4656.79,4747.647441213858
TR-035203,2025-08-10,660.17,641.7284557589494
TR-035204,2025-08-10,3718.38,3758.4438827564436
TR-035205,2025-08-10,858.29,879.3960976968094
TR-035206,2025-08-10,888.26,943.3840470284808
TR-035207,2025-08-10,2380.21,2424.0232727647585
TR-035208,2025-08-10,2721.3,2849.2212786282303
TR-035209,2025-08-10,3882.23,1320.4051700513392
TR-035210,2025-08-10,649.19,735.4201193706679
TR-035211,2025-08-10,4573.63,4554.342654138891
TR-035212,2025-08-10,789.87,819.1207858872251
TR-035213,2025-08-10,1399.97,1416.496306654297
TR-035214,2025-08-10,496.96,530.8548724567531
TR-035215,2025-08-10,3247.66,3512.887452809048
TR-035216,2025-08-10,3810.01,3969.9482701259494
TR-035217,2025-08-10,1204.71,1201.3387787168006
TR-035218,2025-08-10,4704.17,4931.81998707518
TR-035219,2025-08-10,791.45,754.4463144506597
TR-035220,2025-08-10,4040.02,4242.069298974513
TR-035221,2025-08-10,2894.59,3075.873552704299
TR-035222,2025-08-10,1646.72,1688.9238987996305
TR-035223,2025-08-10,1513.5,1635.3766969015446
TR-035224,2025-08-10,1777.71,1744.4579239587956
TR-035225,2025-08-10,1878.82,1878.7893923970448
TR-035226,2025-08-10,2769.66,3063.1168228829606
TR-035227,2025-08-10,1161.9,1184.3777937846385
TR-035228,2025-08-10,268.64,1352.8611185864856
TR-035229,2025-08-10,919.66,907.3577542752548
TR-035230,2025-08-10,262.01,506.928421905151
TR-035231,2025-08-10,1197.41,1241.7553291441054
TR-035232,2025-08-10,1389.13,1426.7466897112122
TR-035233,2025-08-10,4036.21,3992.9587823862094
TR-035234,2025-08-10,1841.89,1875.7963864729618
TR-035235,2025-08-10,791.5,819.1994380056985
TR-035236,2025-08-10,5414.37,5527.656872011941
TR-035237,2025-08-10,1121.27,1135.2865631140794
TR-035238,2025-08-10,826.9,888.7121724722049
TR-035239,2025-08-10,6481.38,6115.913451699759
TR-035240,2025-08-10,2515.98,2774.4432658960677
TR-035241,2025-08-10,2327.19,2168.798293644228
TR-035242,2025-08-10,2412.94,2426.738997615747
TR-035243,2025-08-10,973.67,1013.6664631430854
TR-035244,2025-08-10,1367.36,1360.4998168815714
TR-035245,2025-08-10,5749.81,5623.176687286419
TR-035246,2025-08-10,4277.12,4045.4704793196056
TR-035247,2025-08-10,420.44,517.4409130711658
TR-035248,2025-08-10,1416.79,1409.2000696934742
TR-035249,2025-08-10,2495.11,2437.694026767894
TR-035250,2025-08-10,1798.38,1817.9398638059233
TR-035251,2025-08-10,1335.27,1401.8076932485178
TR-035252,2025-08-10,1418.91,1390.610728407858
TR-035253,2025-08-10,1491.67,1477.4365163011134
TR-035254,2025-08-10,4273.82,4398.858610470772
TR-035255,2025-08-10,4088.63,4267.906665584742
TR-035256,2025-08-10,767.11,823.769490534004
TR-035257,2025-08-10,3958.37,3986.296799376679
TR-035258,2025-08-10,974.02,1000.3778072518601
TR-035259,2025-08-10,636.89,712.833970030533
TR-035260,2025-08-10,1831.93,1889.7396507011433
TR-035261,2025-08-10,761.53,819.3127202157821
TR-035262,2025-08-11,4491.77,4397.641936796711
TR-035263,2025-08-11,1524.75,1510.463699691064
TR-035264,2025-08-11,625.37,668.5259885701689
TR-035265,2025-08-11,3458.25,3559.1809192298147
TR-035266,2025-08-11,1279.49,1286.0966164646306
TR-035267,2025-08-11,907.19,944.1348420047436
TR-035268,2025-08-11,2209.07,2302.022113180858
TR-035269,2025-08-11,953.88,984.8721562420114
TR-035270,2025-08-11,4084.75,4159.315860401781
TR-035271,2025-08-11,1892.94,1909.323394034131
TR-035272,2025-08-11,600.71,622.9164793852776
TR-035273,2025-08-11,1576.18,1604.556262193406
TR-035274,2025-08-11,2599.39,2447.8557588311487
TR-035275,2025-08-11,2593.96,2501.4843361573444
TR-035276,2025-08-11,888.38,916.2069261719228
TR-035277,2025-08-11,5270.78,5307.106171179721
TR-035278,2025-08-11,2890.49,2859.577035925305
TR-035279,2025-08-11,3238.03,3290.3884467932194
TR-035280,2025-08-11,3421.27,3634.2123019778946
TR-035281,2025-08-11,1334.25,1356.2837845722484
TR-035282,2025-08-11,305.68,1326.4023807341819
TR-035283,2025-08-11,886.67,884.7881509604724
TR-035284,2025-08-11,1872.3,1919.9429391736628
TR-035285,2025-08-11,3017.51,2861.291926960678
TR-035286,2025-08-11,4309.28,4223.090641815721
TR-035287,2025-08-11,3788.89,3850.1764594969936
TR-035288,2025-08-11,4313.31,4128.252260503494
TR-035289,2025-08-11,1425.03,1376.5282495505753
TR-035290,2025-08-11,2664.37,2398.7465902681665
TR-035291,2025-08-11,795.95,878.3353427460347
TR-035292,2025-08-11,2334.57,2324.3655172910053
TR-035293,2025-08-11,1571.35,1614.5009202690221
TR-035294,2025-08-11,3296.51,3182.3705024868887
TR-035295,2025-08-11,729.36,790.1787316943994
TR-035296,2025-08-11,747.24,764.278690626353
TR-035297,2025-08-11,3842.81,4010.8431352701073
TR-035298,2025-08-11,4651.57,1724.1478070746111
TR-035299,2025-08-11,2191.92,2181.25428351877
TR-035300,2025-08-11,1529.59,1738.88008489549
TR-035301,2025-08-11,3495.32,3542.419209304023
TR-035302,2025-08-11,1985.71,1995.507243524032
TR-035303,2025-08-11,3666.1,3777.0437770586354
TR-035304,2025-08-11,2136.72,2078.242402892357
TR-035305,2025-08-11,2581.99,2432.3959429008673
TR-035306,2025-08-11,2234.66,2137.7548887301637
TR-035307,2025-08-11,1340.58,1339.5075506076023
TR-035308,2025-08-11,3461.55,3707.142913780892
TR-035309,2025-08-11,4213.99,4237.920134731081
TR-035310,2025-08-11,1395.03,1371.73670843236
TR-035311,2025-08-11,1103.59,1161.7556881030878
TR-035312,2025-08-11,2388.35,2472.685001708455
TR-035313,2025-08-11,1901.97,1858.6180314372923
TR-035314,2025-08-11,566.28,592.7411376492439
TR-035315,2025-08-11,2606.73,2864.958046396417
TR-035316,2025-08-11,1138.47,1145.4585275252489
TR-035317,2025-08-11,3401.27,3366.3519830096075
TR-035318,2025-08-11,1663.41,1696.0786647647922
TR-035319,2025-08-11,1796.52,1783.827984649957
TR-035320,2025-08-11,2254.77,2103.324235045517
TR-035321,2025-08-11,3690.87,3856.16758611662
TR-035322,2025-08-11,1985.19,1950.8386893402335
TR-035323,2025-08-11,1871.5,1854.6232665122318
TR-035324,2025-08-11,304.31,452.2915295328621
TR-035325,2025-08-11,1917.59,1895.2935321943419
TR-035326,2025-08-11,1497.97,1497.8907339507919
TR-035327,2025-08-11,4638.65,4774.093568422044
TR-035328,2025-08-11,3709.66,3786.8467451932997
TR-035329,2025-08-11,429.58,546.9986472013909
TR-035330,2025-08-11,733.71,769.7494213316725
TR-035331,2025-08-11,2231.77,2025.7712723824843
TR-035332,2025-08-11,1865.51,1793.8206675116571
TR-035333,2025-08-11,1683.04,1747.7254536254977
TR-035334,2025-08-11,3304.34,3372.0388518515474
TR-035335,2025-08-11,3276.77,3353.644773912024
TR-035336,2025-08-11,568.95,594.1396607792474
TR-035337,2025-08-11,3444.01,3048.839975434989
TR-035338,2025-08-11,1453.67,1433.3891514264988
TR-035339,2025-08-11,2430.57,2349.1293390450774
TR-035340,2025-08-11,1294.06,1334.8936498638918
TR-035341,2025-08-11,3617.96,3663.9664915026765
TR-035342,2025-08-11,1181.25,1220.5042775732818
TR-035343,2025-08-11,1498.56,1521.4395822189845
TR-035344,2025-08-11,765.88,802.746108254803
TR-035345,2025-08-11,2669.69,2717.937830666501
TR-035346,2025-08-11,1612.19,1649.9457629388776
TR-035347,2025-08-11,1492.87,1500.9256397678182
TR-035348,2025-08-11,1386.4,1378.6601359018653
TR-035349,2025-08-11,1670.87,1651.6500167097897
TR-035350,2025-08-11,1790.56,1843.8966737937183
TR-035351,2025-08-11,2142.78,2241.768822758597
TR-035352,2025-08-11,1623.25,1616.2049618484466
TR-035353,2025-08-11,3352.96,3358.100565144109
TR-035354,2025-08-11,5452.45,5343.927256892159
TR-035355,2025-08-11,4119.36,4253.854611579451
TR-035356,2025-08-11,2659.28,2371.999152094145
TR-035357,2025-08-11,4882.05,4909.532054330584
TR-035358,2025-08-11,518.13,630.0731274117586
TR-035359,2025-08-11,1430.63,1465.6870159248933
TR-035360,2025-08-11,831.87,878.3560618835097
TR-035361,2025-08-11,3000.01,2802.796542294698
TR-035362,2025-08-11,1544.93,1530.224242869372
TR-035363,2025-08-11,2402.26,2385.0987602822756
TR-035364,2025-08-11,3810.04,3928.6250665316325
TR-035365,2025-08-11,5972.5,5763.84304921501
TR-035366,2025-08-11,2494.39,2221.4036529251116
TR-035367,2025-08-11,1896.38,1944.0455981357636
TR-035368,2025-08-11,2240.73,2424.3888306846734
TR-035369,2025-08-11,1992.2,1983.1597411075293
TR-035370,2025-08-11,934.02,926.2133775717014
TR-035371,2025-08-11,5164.25,5031.72802047518
TR-035372,2025-08-11,6014.82,1360.311398631527
TR-035373,2025-08-11,1999.18,1955.9297663138116
TR-035374,2025-08-11,1357.81,1367.2998023672449
TR-035375,2025-08-11,568.19,563.1644556393228
TR-035376,2025-08-11,1742.95,1825.2942392864625
TR-035377,2025-08-11,1367.57,1393.2974858864204
TR-035378,2025-08-11,3965.59,3978.610083783489
TR-035379,2025-08-11,4264.24,4094.869514224763
TR-035380,2025-08-11,758.85,730.4729880203397
TR-035381,2025-08-11,685.02,744.3448013687566
TR-035382,2025-08-11,1579.0,1593.2446488084356
TR-035383,2025-08-11,1033.19,1081.5338582190755
TR-035384,2025-08-11,1554.74,1580.3982210165664
TR-035385,2025-08-11,2934.63,3236.590887809897
TR-035386,2025-08-11,3974.16,4132.706833775337
TR-035387,2025-08-11,2213.47,2200.16856586914
TR-035388,2025-08-11,6007.97,5929.991859728874
TR-035389,2025-08-12,4173.86,4285.17448236299
TR-035390,2025-08-12,2055.39,1896.8945735971354
TR-035391,2025-08-12,760.89,805.0596229079465
TR-035392,2025-08-12,3191.5,3015.827617196717
TR-035393,2025-08-12,3137.2,3646.037444161083
TR-035394,2025-08-12,2247.29,2155.0162761420843
TR-035395,2025-08-12,1564.87,1649.9500507979833
TR-035396,2025-08-12,1355.11,1344.7181250107715
TR-035397,2025-08-12,1547.8,1599.1776403463416
TR-035398,2025-08-12,1764.71,1759.8974872798292
TR-035399,2025-08-12,2448.27,2381.3728584872288
TR-035400,2025-08-12,733.93,767.358259986232
TR-035401,2025-08-12,3274.68,3380.2706307536973
TR-035402,2025-08-12,1267.48,1221.3063872864905
TR-035403,2025-08-12,1129.75,1166.859120299836
TR-035404,2025-08-12,1294.1,1275.9305430845052
TR-035405,2025-08-12,1804.71,1764.0639195101583
TR-035406,2025-08-12,3418.29,3438.054340033359
TR-035407,2025-08-12,1418.4,1465.7626852793387
TR-035408,2025-08-12,6117.19,6060.138664871928
TR-035409,2025-08-12,1555.07,1551.534048893287
TR-035410,2025-08-12,1580.51,1630.3718650061223
TR-035411,2025-08-12,817.61,863.187630376796
TR-035412,2025-08-12,1120.36,1143.618165741455
TR-035413,2025-08-12,3874.7,3744.6475178533597
TR-035414,2025-08-12,2827.06,2709.55892255696
TR-035415,2025-08-12,4015.75,4060.8179310009345
TR-035416,2025-08-12,487.49,570.5148398549532
TR-035417,2025-08-12,3278.0,3284.3400700351594
TR-035418,2025-08-12,490.96,583.3887570079708
TR-035419,2025-08-12,4894.91,4955.46184531297
TR-035420,2025-08-12,3058.8,3069.1054009805894
TR-035421,2025-08-12,1012.87,1036.1396732103906
TR-035422,2025-08-12,719.03,783.0750601489469
TR-035423,2025-08-12,1188.59,1161.3264577797104
TR-035424,2025-08-12,3800.8,3937.617195197704
TR-035425,2025-08-12,1721.02,1811.0660698014633
TR-035426,2025-08-12,4414.39,4692.00763330934
TR-035427,2025-08-12,4433.82,4512.459297550931
TR-035428,2025-08-12,899.73,890.6699120750309
TR-035429,2025-08-12,3180.76,3421.078004391536
TR-035430,2025-08-12,2346.24,2403.997462651786
TR-035431,2025-08-12,1320.13,1312.8587735533993
TR-035432,2025-08-12,4222.33,4404.371848117145
TR-035433,2025-08-12,4741.87,4716.721444106665
TR-035434,2025-08-12,222.13,435.05984817058334
TR-035435,2025-08-12,2416.63,2520.1354515243593
TR-035436,2025-08-12,1033.95,1039.616342892282
TR-035437,2025-08-12,4163.04,4139.871242469595
TR-035438,2025-08-12,2875.26,3121.5806751076734
TR-035439,2025-08-12,1835.64,1718.8152072467983
TR-035440,2025-08-12,1546.47,1503.292235545689
TR-035441,2025-08-12,959.82,1019.9098338114507
TR-035442,2025-08-12,1542.4,1446.8261151366055
TR-035443,2025-08-12,4475.75,4320.46115208981
TR-035444,2025-08-12,3716.68,3607.4470301163115
TR-035445,2025-08-12,1513.38,1534.9797756882067
TR-035446,2025-08-12,1007.71,971.8236906749689
TR-035447,2025-08-12,1407.86,1499.9190934860915
TR-035448,2025-08-12,4698.32,4961.616375277865
TR-035449,2025-08-12,2878.99,2976.554166458529
TR-035450,2025-08-12,753.64,2679.5178993720283
TR-035451,2025-08-12,3030.24,3150.7078600875757
TR-035452,2025-08-12,1073.62,1062.1221424494215
TR-035453,2025-08-12,1280.53,1241.2369003575243
TR-035454,2025-08-12,2650.02,2533.6049400848533
TR-035455,2025-08-12,2350.23,2398.164761572523
TR-035456,2025-08-12,2090.34,2100.625809271206
TR-035457,2025-08-12,1833.04,1843.0418698948208
TR-035458,2025-08-12,2984.48,3224.1741144041525
TR-035459,2025-08-12,5417.7,5481.886084884565
TR-035460,2025-08-12,1502.08,1561.595110185256
TR-035461,2025-08-12,2498.65,2336.770077074243
TR-035462,2025-08-12,2198.17,1959.1968572231342
TR-035463,2025-08-12,2467.43,2514.5958943533324
TR-035464,2025-08-12,3079.37,3086.5043704857444
TR-035465,2025-08-12,1192.7,1205.9169981450516
TR-035466,2025-08-12,2707.75,2762.8749738509587
TR-035467,2025-08-12,3128.98,3275.2603801560326
TR-035468,2025-08-12,1922.58,1984.450601898642
TR-035469,2025-08-12,17742.34,4418.574674846352
TR-035470,2025-08-12,4709.82,4700.064592019813
TR-035471,2025-08-12,531.16,548.9408545362774
TR-035472,2025-08-12,713.31,748.7170629092227
TR-035473,2025-08-12,1229.37,1224.0307067257763
TR-035474,2025-08-12,2903.46,3094.21933018075
TR-035475,2025-08-12,4558.05,4414.740359279209
TR-035476,2025-08-12,1345.5,5589.342160252135
TR-035477,2025-08-12,2177.5,2296.7056610857176
TR-035478,2025-08-12,1850.03,1795.5531525404797
TR-035479,2025-08-12,4914.03,4926.072670251444
TR-035480,2025-08-12,4241.98,4504.047009637645
TR-035481,2025-08-12,447.03,584.3828108667724
TR-035482,2025-08-12,2631.33,2490.159082311561
TR-035483,2025-08-12,979.25,994.8602874766232
TR-035484,2025-08-12,2717.02,2614.0747979874586
TR-035485,2025-08-12,3253.74,3461.88090518845
TR-035486,2025-08-12,3963.28,3942.705812918264
TR-035487,2025-08-12,1881.37,1909.256781154794
TR-035488,2025-08-12,817.86,882.1380207993545
TR-035489,2025-08-12,5590.56,5581.663845606804
TR-035490,2025-08-12,1575.11,1570.27788260867
TR-035491,2025-08-12,2216.38,2335.65497811135
TR-035492,2025-08-12,233.96,409.2985684259577
TR-035493,2025-08-12,1023.88,1061.5808843022392
TR-035494,2025-08-12,5942.84,5897.933601010734
TR-035495,2025-08-12,1675.03,1609.9610762646557
TR-035496,2025-08-12,1768.75,1841.1693841470174
TR-035497,2025-08-12,1523.87,1511.0247935513087
TR-035498,2025-08-12,1269.77,1277.12410155913
TR-035499,2025-08-12,1542.49,1545.901047763206
TR-035500,2025-08-12,2010.8,2052.44759072257
TR-035501,2025-08-12,1927.86,1959.3826735486984
TR-035502,2025-08-12,3707.97,3769.5093081466266
TR-035503,2025-08-12,1932.14,2152.080407951465
TR-035504,2025-08-12,3943.12,4269.799912821951
TR-035505,2025-08-12,1672.08,1748.2127383887905
TR-035506,2025-08-12,2046.7,2015.4168346626275
TR-035507,2025-08-12,3880.13,3903.803281924501
TR-035508,2025-08-12,2172.33,2115.223494903665
TR-035509,2025-08-12,3677.1,3607.991297510014
TR-035510,2025-08-12,5619.9,5564.309423228292
TR-035511,2025-08-12,1605.32,1492.736300072156
TR-035512,2025-08-12,942.11,951.6099090784085
TR-035513,2025-08-12,3378.16,3434.749953262136
TR-035514,2025-08-12,1022.74,1051.474989232385
TR-035515,2025-08-12,4776.8,4639.22098735837
TR-035516,2025-08-12,1376.52,1403.9174667586944
TR-035517,2025-08-12,4728.39,4768.081743366825
TR-035518,2025-08-12,1027.67,1059.8294096223403
TR-035519,2025-08-12,1936.23,1964.0130947692746
TR-035520,2025-08-12,1953.3,1956.7723874545309
TR-035521,2025-08-12,3869.9,3898.17464372021
TR-035522,2025-08-12,3504.32,3417.6557871181712
TR-035523,2025-08-12,1728.42,1755.720927121321
TR-035524,2025-08-12,12284.47,3665.7673258691875
TR-035525,2025-08-12,3103.93,3218.857803417494
TR-035526,2025-08-12,1240.54,1213.0697538746203
TR-035527,2025-08-12,1800.36,1781.1439926548903
TR-035528,2025-08-12,1033.46,1041.0254521696543
TR-035529,2025-08-12,4059.2,4243.067177924055
TR-035530,2025-08-12,1682.04,1639.8172191155581
TR-035531,2025-08-12,890.09,920.5634764607971
TR-035532,2025-08-12,3393.28,3506.87060536182
TR-035533,2025-08-12,338.93,406.2768943301544
TR-035534,2025-08-12,1324.37,1281.742184820275
TR-035535,2025-08-12,4232.5,4365.462379154209
TR-035536,2025-08-12,808.78,839.4858636708746
TR-035537,2025-08-12,5172.18,5162.676909953126
TR-035538,2025-08-12,298.71,363.2409126713683
TR-035539,2025-08-12,1030.03,1018.7204189050109
TR-035540,2025-08-12,1361.82,1351.3257787685288
TR-035541,2025-08-12,1839.3,1829.6842255455804
TR-035542,2025-08-12,1178.19,1198.3117497535404
TR-035543,2025-08-12,1260.69,1360.9305308540788
TR-035544,2025-08-13,2552.52,2191.171467297268
TR-035545,2025-08-13,1419.2,1455.1933986772578
TR-035546,2025-08-13,826.03,804.9849723858033
TR-035547,2025-08-13,1484.31,1607.7718209539696
TR-035548,2025-08-13,1666.06,1637.8975843339215
TR-035549,2025-08-13,3964.03,4117.383894521654
TR-035550,2025-08-13,4176.33,4337.96086200742
TR-035551,2025-08-13,1515.66,1446.3801695226098
TR-035552,2025-08-13,1631.7,1596.9357847399467
TR-035553,2025-08-13,2224.17,2151.031173140753
TR-035554,2025-08-13,1029.13,1013.514974360132
TR-035555,2025-08-13,2069.22,2261.048316330724
TR-035556,2025-08-13,1009.14,1099.0237591671107
TR-035557,2025-08-13,1848.52,1903.3369415677278
TR-035558,2025-08-13,796.71,745.7294701994338
TR-035559,2025-08-13,4262.9,4066.031022118978
TR-035560,2025-08-13,1210.29,1271.013225243988
TR-035561,2025-08-13,1775.63,1843.6035778803328
TR-035562,2025-08-13,5690.1,5494.592535865324
TR-035563,2025-08-13,1281.27,1306.2353948600135
TR-035564,2025-08-13,5170.25,5405.875762790236
TR-035565,2025-08-13,2052.87,2032.7562238814783
TR-035566,2025-08-13,3910.47,3888.597199561509
TR-035567,2025-08-13,1507.98,1513.8101657821949
TR-035568,2025-08-13,3624.2,3705.8315343103213
TR-035569,2025-08-13,3890.34,3990.655616388567
TR-035570,2025-08-13,1267.81,1271.542024142399
TR-035571,2025-08-13,2743.85,2729.5323677417846
TR-035572,2025-08-13,2509.34,2624.3431712868096
TR-035573,2025-08-13,2255.21,2098.8328743319316
TR-035574,2025-08-13,2562.47,2264.8547614742497
TR-035575,2025-08-13,2409.79,2461.002805760291
TR-035576,2025-08-13,5738.04,5683.685805400031
TR-035577,2025-08-13,3004.32,3161.703281414734
TR-035578,2025-08-13,2237.22,2391.443477374238
TR-035579,2025-08-13,822.99,358.52145044174586
TR-035580,2025-08-13,913.22,925.7610998321825
TR-035581,2025-08-13,4926.46,4650.968948480438
TR-035582,2025-08-13,1981.8,1920.7899366915988
TR-035583,2025-08-13,2280.93,2568.5379742022305
TR-035584,2025-08-13,2131.94,2284.4327728599433
TR-035585,2025-08-13,1522.31,1550.4779979944683
TR-035586,2025-08-13,355.65,398.42217776368216
TR-035587,2025-08-13,1930.02,1876.414403639412
TR-035588,2025-08-13,1888.96,1885.5751883007172
TR-035589,2025-08-13,3872.5,3653.860182753499
TR-035590,2025-08-13,302.81,1606.9028354754419
TR-035591,2025-08-13,2264.42,2262.080247170473
TR-035592,2025-08-13,727.21,785.8904326309919
TR-035593,2025-08-13,884.52,938.9768635884632
TR-035594,2025-08-13,5296.44,5376.732877658916
TR-035595,2025-08-13,759.64,810.7890098069095
TR-035596,2025-08-13,4554.85,4488.758147264015
TR-035597,2025-08-13,948.79,990.7303776428764
TR-035598,2025-08-13,3905.64,3924.3134277261765
TR-035599,2025-08-13,4684.95,4665.320092965212
TR-035600,2025-08-13,3891.19,3811.1498435492094
TR-035601,2025-08-13,2593.66,2728.0392275884915
TR-035602,2025-08-13,1760.4,1839.1787423895582
TR-035603,2025-08-13,1395.09,1337.919542734633
TR-035604,2025-08-13,1420.13,1458.7086363940991
TR-035605,2025-08-13,3262.87,3514.414203756879
TR-035606,2025-08-13,1339.62,1362.076043465524
TR-035607,2025-08-13,1190.11,1227.944263721163
TR-035608,2025-08-13,2160.05,2336.059735748625
TR-035609,2025-08-13,1608.46,1733.8537691257804
TR-035610,2025-08-13,1971.11,1954.9726410183468
TR-035611,2025-08-13,1684.44,1721.260102867333
TR-035612,2025-08-13,3163.22,3105.5098914120367
TR-035613,2025-08-13,2313.16,2419.7967618093617
TR-035614,2025-08-13,1599.48,1624.7466203123345
TR-035615,2025-08-13,3034.89,3279.804307227782
TR-035616,2025-08-13,1756.55,1752.6082583859213
TR-035617,2025-08-13,4927.52,4729.351973157258
TR-035618,2025-08-13,1012.15,1017.4262889167762
TR-035619,2025-08-13,4546.93,4485.568770061235
TR-035620,2025-08-13,874.12,929.6395583199078
TR-035621,2025-08-13,1871.38,2006.7788561779516
TR-035622,2025-08-13,2556.82,2477.2395135101788
TR-035623,2025-08-13,1645.91,1529.0654865666004
TR-035624,2025-08-13,1357.84,1339.8781645332697
TR-035625,2025-08-13,2096.07,2320.530421872949
TR-035626,2025-08-13,2795.68,2928.4167807545477
TR-035627,2025-08-13,1268.28,1264.5850245882943
TR-035628,2025-08-13,3867.7,3944.8593499450517
TR-035629,2025-08-13,1005.63,1003.2263572283158
TR-035630,2025-08-13,630.43,687.062043049142
TR-035631,2025-08-13,1968.99,1983.9593258051725
TR-035632,2025-08-13,1530.17,1496.4051557225323
TR-035633,2025-08-13,1454.54,1481.7979063623125
TR-035634,2025-08-13,1723.73,1760.637805565049
TR-035635,2025-08-13,1925.19,1949.6488716449842
TR-035636,2025-08-13,1098.27,1084.193918860542
TR-035637,2025-08-13,470.28,471.2001299859576
TR-035638,2025-08-13,614.86,675.3881149817687
TR-035639,2025-08-13,1762.98,1738.6816952040415
TR-035640,2025-08-13,3283.74,2925.99559634889
TR-035641,2025-08-13,1976.0,1899.2879763239332
TR-035642,2025-08-13,4820.41,4990.4292824869735
TR-035643,2025-08-13,1831.89,1858.8453343643546
TR-035644,2025-08-13,948.0,985.4021065124405
TR-035645,2025-08-13,4394.74,4236.847914202483
TR-035646,2025-08-13,1318.27,1325.7085079019853
TR-035647,2025-08-13,1251.39,1264.3707907051423
TR-035648,2025-08-13,802.54,768.4726944275346
TR-035649,2025-08-13,2304.56,2157.9763128428986
TR-035650,2025-08-13,1117.83,1098.8489904167736
TR-035651,2025-08-13,2890.03,2905.9066530172518
TR-035652,2025-08-13,1793.66,1844.4770152152255
TR-035653,2025-08-13,1743.89,1685.3551320252914
TR-035654,2025-08-13,2305.98,2380.779794797306
TR-035655,2025-08-13,2038.96,1976.1842346104033
TR-035656,2025-08-13,1700.53,1709.3691576001984
TR-035657,2025-08-13,1994.51,1970.7633681444072
TR-035658,2025-08-13,1113.64,1130.0449144880865
TR-035659,2025-08-13,2225.94,2380.440389429769
TR-035660,2025-08-13,587.21,685.4540839253214
TR-035661,2025-08-13,2295.26,2276.1993863329426
TR-035662,2025-08-13,1196.61,1173.2920516872687
TR-035663,2025-08-13,676.49,682.3633542039252
TR-035664,2025-08-13,580.17,691.487391970591
TR-035665,2025-08-13,4025.07,4112.984207517111
TR-035666,2025-08-13,4661.36,4468.033728404038
TR-035667,2025-08-13,2354.29,2213.6800336478645
TR-035668,2025-08-13,4620.01,4400.9941120999865
TR-035669,2025-08-13,968.25,994.2919658521125
TR-035670,2025-08-13,1918.8,1921.8689086348809
TR-035671,2025-08-13,5501.64,5219.607620744684
TR-035672,2025-08-13,483.01,553.3897478085073
TR-035673,2025-08-13,2454.32,2218.247371194943
TR-035674,2025-08-13,1769.44,2009.5330180595886
TR-035675,2025-08-13,1845.72,1805.1244127887994
TR-035676,2025-08-13,1312.8,1302.8245033243784
TR-035677,2025-08-13,1694.66,2037.0432006084204
TR-035678,2025-08-13,1809.36,1998.4656932226042
TR-035679,2025-08-13,1897.88,2081.6489718098424
TR-035680,2025-08-13,4480.32,4372.425712538978
TR-035681,2025-08-13,1759.48,1942.6296157952486
TR-035682,2025-08-13,2512.99,2595.1905950469386
TR-035683,2025-08-13,3552.86,3542.155238324659
TR-035684,2025-08-13,2570.44,2745.8775994591942
TR-035685,2025-08-13,1381.64,1380.7170401462092
TR-035686,2025-08-13,2320.32,2169.3821152522687
TR-035687,2025-08-13,1493.45,1457.9710679163545
TR-035688,2025-08-13,2384.33,2387.568344996832
TR-035689,2025-08-13,3374.69,3501.729286404937
TR-035690,2025-08-13,4291.28,4285.726809327895
TR-035691,2025-08-13,2455.25,2381.782994091742
TR-035692,2025-08-13,730.02,736.2242638950597
TR-035693,2025-08-13,1794.44,1681.9933293339616
TR-035694,2025-08-13,4860.05,5022.384594913468
TR-035695,2025-08-13,2245.67,2304.382589704933
TR-035696,2025-08-13,2018.63,2298.883328724578
TR-035697,2025-08-13,2023.64,1956.1379165313115
TR-035698,2025-08-13,1626.46,1662.5786236694769
TR-035699,2025-08-13,1626.49,1668.2780081251713
TR-035700,2025-08-13,1178.32,1190.591141933848
TR-035701,2025-08-13,3061.21,2888.7412988581955
TR-035702,2025-08-13,1901.31,1784.3444442697369
TR-035703,2025-08-14,4919.05,4882.166884732092
TR-035704,2025-08-14,555.29,606.5131425476131
TR-035705,2025-08-14,2184.73,2333.837130122398
TR-035706,2025-08-14,3680.0,3678.33314937875
TR-035707,2025-08-14,1646.85,1633.105381116598
TR-035708,2025-08-14,4275.68,4304.364332886688
TR-035709,2025-08-14,3728.88,3835.5209632807746
TR-035710,2025-08-14,4175.17,4353.497157055646
TR-035711,2025-08-14,1533.45,1463.6786306007516
TR-035712,2025-08-14,3932.57,3830.707082027634
TR-035713,2025-08-14,1100.7,1121.0224025034372
TR-035714,2025-08-14,1710.79,1651.0667501230519
TR-035715,2025-08-14,3898.03,3734.1600627602606
TR-035716,2025-08-14,718.5,739.3999359260533
TR-035717,2025-08-14,2188.02,2118.772892490784
TR-035718,2025-08-14,1010.12,1028.779888504299
TR-035719,2025-08-14,1552.79,1488.8223725170856
TR-035720,2025-08-14,788.21,781.3757535795353
TR-035721,2025-08-14,3463.64,3469.6031789023473
TR-035722,2025-08-14,4194.23,4116.0279855395565
TR-035723,2025-08-14,4851.23,4853.600958350427
TR-035724,2025-08-14,2504.16,2579.7832331085974
TR-035725,2025-08-14,3550.99,3393.8913293786804
TR-035726,2025-08-14,996.66,975.2205053080527
TR-035727,2025-08-14,1763.78,1792.7533411335946
TR-035728,2025-08-14,3821.38,3771.993669008307
TR-035729,2025-08-14,3246.78,3336.474797377853
TR-035730,2025-08-14,5911.62,5873.799177543984
TR-035731,2025-08-14,1001.34,1023.1430822578881
TR-035732,2025-08-14,5292.71,5343.7065073514
TR-035733,2025-08-14,2202.79,2146.650625830055
TR-035734,2025-08-14,2602.76,2541.9438529207437
TR-035735,2025-08-14,1704.91,1692.829181307051
TR-035736,2025-08-14,2388.42,2158.8867721323645
TR-035737,2025-08-14,5332.67,5297.5454585357265
TR-035738,2025-08-14,1160.03,1168.1655395525947
TR-035739,2025-08-14,1491.11,1512.2265723310436
TR-035740,2025-08-14,1554.43,1618.2493961916261
TR-035741,2025-08-14,2773.45,2593.216271917605
TR-035742,2025-08-14,4762.65,4888.473296249807
TR-035743,2025-08-14,3702.16,3428.587006524347
TR-035744,2025-08-14,5680.52,5371.384152454787
TR-035745,2025-08-14,694.63,775.5810586406071
TR-035746,2025-08-14,1427.92,1433.0658042055566
TR-035747,2025-08-14,1083.82,1105.6951202056907
TR-035748,2025-08-14,2419.34,2478.050662592262
TR-035749,2025-08-14,955.18,949.4004031622337
TR-035750,2025-08-14,1277.52,1265.9047778985323
TR-035751,2025-08-14,4740.74,4804.105616186433
TR-035752,2025-08-14,716.74,770.739215178806
TR-035753,2025-08-14,2838.44,2876.73113699307
TR-035754,2025-08-14,3893.12,3878.057880885053
TR-035755,2025-08-14,1567.72,1586.4121481113407
TR-035756,2025-08-14,886.12,930.2083221734702
TR-035757,2025-08-14,5010.88,4979.696930699119
TR-035758,2025-08-14,321.79,337.41792259504155
TR-035759,2025-08-14,1432.89,1424.3768341750622
TR-035760,2025-08-14,324.08,494.27886990296633
TR-035761,2025-08-14,510.01,541.3639293756221
TR-035762,2025-08-14,2136.98,2067.8110346432545
TR-035763,2025-08-14,2835.46,2765.7272034367797
TR-035764,2025-08-14,3036.26,3024.2978504634375
TR-035765,2025-08-14,845.61,833.5825456432431
TR-035766,2025-08-14,4715.34,4668.48174656104
TR-035767,2025-08-14,4324.68,4362.717250080914
TR-035768,2025-08-14,3107.7,3071.796801389826
TR-035769,2025-08-14,5420.15,5308.608657807363
TR-035770,2025-08-14,754.24,797.6038809794832
TR-035771,2025-08-14,1381.84,1347.4420798541144
TR-035772,2025-08-14,2820.29,2616.7763028121817
TR-035773,2025-08-14,2002.2,1974.1871892632428
TR-035774,2025-08-14,3069.57,3329.5746825588944
TR-035775,2025-08-14,4823.97,4704.791119037617
TR-035776,2025-08-14,3029.65,3214.3597501836766
TR-035777,2025-08-14,1431.15,1346.410808043387
TR-035778,2025-08-14,1410.33,1389.2458221820195
TR-035779,2025-08-14,1280.36,1270.1272870161997
TR-035780,2025-08-14,4034.06,3977.3297236665394
TR-035781,2025-08-14,1682.41,1671.1266840003436
TR-035782,2025-08-14,722.88,807.1813053142748
TR-035783,2025-08-14,556.01,656.2245988077409
TR-035784,2025-08-14,1361.82,1451.5244795728217
TR-035785,2025-08-14,890.14,983.4203415886982
TR-035786,2025-08-14,1181.54,1182.1691687148252
TR-035787,2025-08-14,5714.96,5610.95794048731
TR-035788,2025-08-14,2424.97,2252.6071841743474
TR-035789,2025-08-14,2189.04,2121.51681954987
TR-035790,2025-08-14,2733.22,2814.826945828937
TR-035791,2025-08-14,3046.33,3039.2496525453844
TR-035792,2025-08-14,1858.94,1888.1981290202264
TR-035793,2025-08-14,1609.89,1567.8155853193498
TR-035794,2025-08-14,2743.14,2466.6822066746154
TR-035795,2025-08-14,4403.55,4522.970241570391
TR-035796,2025-08-14,1348.0,1394.4953070513461
TR-035797,2025-08-14,1102.47,1117.3712386887246
TR-035798,2025-08-14,3548.54,3561.013172388676
TR-035799,2025-08-14,3705.12,3816.368420779814
TR-035800,2025-08-14,1330.98,1387.5177820182344
TR-035801,2025-08-14,2557.91,2113.2467705698286
TR-035802,2025-08-14,871.65,967.1041719401444
TR-035803,2025-08-14,1448.35,1424.2544630621123
TR-035804,2025-08-14,912.97,958.3550746994824
TR-035805,2025-08-14,4201.17,4098.1892671442965
TR-035806,2025-08-14,3416.73,3596.8569184064054
TR-035807,2025-08-14,2708.64,2911.852863493274
TR-035808,2025-08-14,930.25,979.5109485766827
TR-035809,2025-08-14,1339.32,1346.5427779477213
TR-035810,2025-08-14,2294.66,2506.5108928776326
TR-035811,2025-08-14,5034.02,5356.153029346175
TR-035812,2025-08-14,3268.75,3409.8558043883195
TR-035813,2025-08-14,3779.93,3723.6468302974063
TR-035814,2025-08-14,2094.06,2016.6526011984215
TR-035815,2025-08-14,1271.47,1268.9135113263092
TR-035816,2025-08-14,2414.56,2489.5629085359815
TR-035817,2025-08-14,3129.28,3086.7459670122125
TR-035818,2025-08-14,1487.91,1743.6842470449753
TR-035819,2025-08-14,5102.64,5079.884484312284
TR-035820,2025-08-14,726.95,780.5102222033556
TR-035821,2025-08-14,5004.21,4961.524853514471
TR-035822,2025-08-14,890.84,939.7543651820497
TR-035823,2025-08-14,5441.3,5472.222639776257
TR-035824,2025-08-14,542.38,548.6701641649738
TR-035825,2025-08-14,2715.78,2993.9953901947583
TR-035826,2025-08-14,2147.75,2384.938173610013
TR-035827,2025-08-14,3812.05,3926.556344013445
TR-035828,2025-08-14,1783.53,1802.5444550572831
TR-035829,2025-08-14,600.73,690.8079952402127
TR-035830,2025-08-14,212.76,429.16433730383983
TR-035831,2025-08-14,1526.07,1558.5042793025611
TR-035832,2025-08-14,2091.82,2074.0483686042944
TR-035833,2025-08-14,563.43,654.321387816191
TR-035834,2025-08-14,11797.79,2872.3964335227806
TR-035835,2025-08-14,828.81,899.4802162465407
TR-035836,2025-08-14,2201.48,2148.2841103682495
TR-035837,2025-08-14,732.97,720.3096930972583
TR-035838,2025-08-14,986.09,989.403370800241
TR-035839,2025-08-14,829.25,811.2154820253986
TR-035840,2025-08-14,2398.11,2292.3426019992844
TR-035841,2025-08-14,1022.33,1028.752885040651
TR-035842,2025-08-14,2957.43,2962.8885861295025
TR-035843,2025-08-14,4173.83,4024.918874496097
TR-035844,2025-08-14,375.17,470.0010829557243
TR-035845,2025-08-14,2063.37,2307.076971848526
TR-035846,2025-08-14,2337.41,2248.0900460331877
TR-035847,2025-08-14,2554.62,2483.534609035076
TR-035848,2025-08-14,1079.31,1097.3595672263305
TR-035849,2025-08-14,2760.37,2584.8139341799774
TR-035850,2025-08-14,3329.1,3536.8328418600668
TR-035851,2025-08-14,955.7,966.2197549343166
TR-035852,2025-08-14,4087.87,4201.728546012151
TR-035853,2025-08-14,2007.27,1925.4754850816248
TR-035854,2025-08-14,3863.93,3825.3676284712337
TR-035855,2025-08-14,878.84,877.8868454517408
TR-035856,2025-08-14,1520.44,1478.7744349468994
TR-035857,2025-08-14,3824.57,3871.868833973508
TR-035858,2025-08-14,2660.65,2718.3391489914247
TR-035859,2025-08-14,3488.59,3498.0276852698394
TR-035860,2025-08-14,1038.35,1080.6550785450254
TR-035861,2025-08-15,2545.38,2580.5949707813193
TR-035862,2025-08-15,1744.99,1772.6744330696517
TR-035863,2025-08-15,2886.57,3045.4549429301564
TR-035864,2025-08-15,2209.86,2355.124543241757
TR-035865,2025-08-15,2139.65,2259.5327214478093
TR-035866,2025-08-15,2580.47,2448.085836703796
TR-035867,2025-08-15,2051.54,1996.7340570996541
TR-035868,2025-08-15,530.93,619.5208283492759
TR-035869,2025-08-15,4934.24,5025.932428446878
TR-035870,2025-08-15,1522.56,1485.8993752715132
TR-035871,2025-08-15,843.95,895.2257181743009
TR-035872,2025-08-15,1401.96,1366.7362876919747
TR-035873,2025-08-15,1423.89,1448.8883103417984
TR-035874,2025-08-15,4172.95,4197.389897870944
TR-035875,2025-08-15,2285.21,2354.0224939341288
TR-035876,2025-08-15,2529.79,2671.6534618993064
TR-035877,2025-08-15,2425.46,2448.8084067070095
TR-035878,2025-08-15,728.58,792.7411548523362
TR-035879,2025-08-15,2640.59,2878.9548840368934
TR-035880,2025-08-15,1688.52,1789.1702396621506
TR-035881,2025-08-15,3163.17,3243.305831545609
TR-035882,2025-08-15,4166.5,4123.747311183051
TR-035883,2025-08-15,1133.46,1142.5666948254402
TR-035884,2025-08-15,3905.16,4043.1603726844405
TR-035885,2025-08-15,956.31,981.9458524072356
TR-035886,2025-08-15,785.61,882.1577681741633
TR-035887,2025-08-15,979.97,991.5274543863375
TR-035888,2025-08-15,4185.15,4009.5787399483006
TR-035889,2025-08-15,4475.11,4294.110821317492
TR-035890,2025-08-15,2052.77,2038.333047305799
TR-035891,2025-08-15,2969.82,2996.484415203382
TR-035892,2025-08-15,2406.46,2503.008001685858
TR-035893,2025-08-15,3706.18,3855.0415328277304
TR-035894,2025-08-15,2966.94,2401.049944016264
TR-035895,2025-08-15,1889.77,1982.5715000155978
TR-035896,2025-08-15,1218.39,1245.1918135944352
TR-035897,2025-08-15,3733.14,3787.05492821973
TR-035898,2025-08-15,2341.55,2392.7076304922784
TR-035899,2025-08-15,2601.85,2514.335887040737
TR-035900,2025-08-15,3464.46,3462.113235896829
TR-035901,2025-08-15,647.94,726.9803788497975
TR-035902,2025-08-15,1031.84,1052.382715309947
TR-035903,2025-08-15,3083.86,3165.5907406965484
TR-035904,2025-08-15,404.73,527.6492636532519
TR-035905,2025-08-15,8904.72,2165.404671102509
TR-035906,2025-08-15,1588.68,1575.7823222407183
TR-035907,2025-08-15,3962.92,3902.733485144075
TR-035908,2025-08-15,5807.63,5581.026701737342
TR-035909,2025-08-15,1767.45,1742.5806367555124
TR-035910,2025-08-15,1221.98,1189.9858635911532
TR-035911,2025-08-15,2330.98,2327.4902041228816
TR-035912,2025-08-15,4384.86,4427.267950585903
TR-035913,2025-08-15,2050.76,2046.370501557801
TR-035914,2025-08-15,1032.82,1058.3881105705777
TR-035915,2025-08-15,3462.97,3142.4049971926584
TR-035916,2025-08-15,1897.9,2329.3490774705465
TR-035917,2025-08-15,3018.47,3050.6949467569234
TR-035918,2025-08-15,4738.76,4791.947393594366
TR-035919,2025-08-15,1606.85,1564.5539711621266
TR-035920,2025-08-15,430.98,534.3609889670993
TR-035921,2025-08-15,5297.2,5358.322564178053
TR-035922,2025-08-15,3993.33,4112.141325422494
TR-035923,2025-08-15,2143.25,2015.1448828281862
TR-035924,2025-08-15,2434.72,2174.0338031381266
TR-035925,2025-08-15,3644.74,3816.3970642966683
TR-035926,2025-08-15,415.29,522.9209306728651
TR-035927,2025-08-15,2613.88,2496.5285298618255
TR-035928,2025-08-15,1284.33,1297.048258733565
TR-035929,2025-08-15,1435.28,1311.774033631667
TR-035930,2025-08-15,2208.18,2099.238200977783
TR-035931,2025-08-15,826.49,848.0692793550513
TR-035932,2025-08-15,1963.65,2015.3377181004498
TR-035933,2025-08-15,960.97,961.7428274450574
TR-035934,2025-08-15,4252.53,4095.8658607699163
TR-035935,2025-08-15,4544.84,4565.844605242507
TR-035936,2025-08-15,4500.1,4308.68812738624
TR-035937,2025-08-15,1981.29,1902.2116690241176
TR-035938,2025-08-15,2134.19,2053.609260340871
TR-035939,2025-08-15,2458.41,2406.4860885757334
TR-035940,2025-08-15,1343.79,1351.5072405062488
TR-035941,2025-08-15,847.08,915.8267289793484
TR-035942,2025-08-15,547.39,536.1300378132617
TR-035943,2025-08-15,2263.78,2377.4210658848046
TR-035944,2025-08-15,955.67,916.2137842924813
TR-035945,2025-08-15,2327.04,2205.009053649402
TR-035946,2025-08-15,1323.9,1301.1416934129218
TR-035947,2025-08-15,3483.19,3549.7357876683222
TR-035948,2025-08-15,558.53,552.1785935476753
TR-035949,2025-08-15,4258.9,4304.535435582352
TR-035950,2025-08-15,729.3,743.7109077096534
TR-035951,2025-08-15,3582.04,3699.168646519438
TR-035952,2025-08-15,3963.21,4058.8004514695594
TR-035953,2025-08-15,1347.91,1465.6115632103772
TR-035954,2025-08-15,642.3,672.4302189209268
TR-035955,2025-08-15,2378.79,2006.7416299607987
TR-035956,2025-08-15,1774.56,2046.863779891645
TR-035957,2025-08-15,2099.76,2132.7633711538456
TR-035958,2025-08-15,1405.83,1369.5176147309478
TR-035959,2025-08-15,2874.57,2971.6598060077467
TR-035960,2025-08-15,3919.74,4152.692255196147
TR-035961,2025-08-15,2446.78,2465.2568133772133
TR-035962,2025-08-15,3035.7,2978.9024389852034
TR-035963,2025-08-15,1043.9,1047.1959801951948
TR-035964,2025-08-15,1304.06,1276.2978148037687
TR-035965,2025-08-15,1574.52,1593.9179360636044
TR-035966,2025-08-15,894.25,939.1084726011356
TR-035967,2025-08-15,1519.04,1498.5628017949434
TR-035968,2025-08-15,4775.95,4830.179812912648
TR-035969,2025-08-15,1940.71,2221.39502872344
TR-035970,2025-08-15,719.5,718.0905463652955
TR-035971,2025-08-15,1409.26,1502.4510242707054
TR-035972,2025-08-15,4423.32,4591.789526676621
TR-035973,2025-08-15,1223.41,1251.0917244607576
TR-035974,2025-08-15,2142.57,2063.4266908119616
TR-035975,2025-08-15,1261.45,1275.3251733221446
TR-035976,2025-08-15,3769.56,3688.6102378817595
TR-035977,2025-08-15,1276.29,1277.9640457258217
TR-035978,2025-08-15,2431.97,2411.689751785328
TR-035979,2025-08-15,1638.07,1589.2601533770533
TR-035980,2025-08-15,397.3,1023.3833771117768
TR-035981,2025-08-15,4547.38,4330.223448327108
TR-035982,2025-08-15,1636.97,1640.2981119621227
TR-035983,2025-08-15,899.24,916.6987613682738
TR-035984,2025-08-15,2295.78,2192.882638807983
TR-035985,2025-08-15,1905.41,1858.6810433503756
TR-035986,2025-08-15,2031.02,2098.7754118425682
TR-035987,2025-08-15,3075.57,3265.956372510127
TR-035988,2025-08-15,2327.21,2347.2565569245094
TR-035989,2025-08-15,2264.87,2335.135659509696
TR-035990,2025-08-15,1498.65,1465.988959480323
TR-035991,2025-08-15,3099.76,2866.71004259847
TR-035992,2025-08-15,1159.62,1177.0915187128298
TR-035993,2025-08-15,835.48,901.581184426371
TR-035994,2025-08-15,2295.09,2175.2785869974214
TR-035995,2025-08-15,1375.34,1361.3399465739737
TR-035996,2025-08-15,402.54,480.6914704704718
TR-035997,2025-08-15,1066.44,1084.5006936666218
TR-035998,2025-08-15,2645.54,2626.3659348353904
TR-035999,2025-08-15,6767.41,1592.8349046319377
TR-036000,2025-08-15,2725.03,2455.2111001532276
TR-036001,2025-08-15,4406.16,4438.6355477717025
TR-036002,2025-08-15,3229.29,3482.915157200653
TR-036003,2025-08-15,2232.61,2457.1128270933145
TR-036004,2025-08-15,778.77,837.3627855367347
TR-036005,2025-08-15,3800.77,3785.6825533981037
TR-036006,2025-08-15,4450.0,4498.426678748281
TR-036007,2025-08-15,1955.24,1960.651054506204
TR-036008,2025-08-15,2730.46,2853.52146082994
TR-036009,2025-08-15,4283.87,4139.103442434591
TR-036010,2025-08-15,4004.42,4112.213354761598
TR-036011,2025-08-15,1025.89,985.3792054715939
TR-036012,2025-08-15,2388.5,2245.549379836856
TR-036013,2025-08-15,2127.74,2100.944146996048
TR-036014,2025-08-15,2447.09,2419.4071372672806
TR-036015,2025-08-15,2026.52,1987.2507882102404
TR-036016,2025-08-15,1434.56,1360.9286143631803
TR-036017,2025-08-15,905.61,940.7576327293161
TR-036018,2025-08-15,228.14,414.4627011654684
TR-036019,2025-08-15,870.97,926.2245551746089
TR-036020,2025-08-15,2446.1,2521.971961061538
TR-036021,2025-08-15,887.44,936.7154646315705
TR-036022,2025-08-15,518.2,540.2147472931149
TR-036023,2025-08-15,4419.17,4584.631870185315
TR-036024,2025-08-15,4660.74,4552.975461616765
TR-036025,2025-08-15,819.28,807.1302647671798
TR-036026,2025-08-15,831.29,890.4075775843678
TR-036027,2025-08-15,3004.44,3244.875930297018
TR-036028,2025-08-15,647.03,733.4965791142752
TR-036029,2025-08-15,1115.83,1127.2926744423955
TR-036030,2025-08-15,3230.46,2904.718109455895
TR-036031,2025-08-15,4144.99,4032.394912752772
TR-036032,2025-08-16,1841.5,1835.2641695723496
TR-036033,2025-08-16,3684.22,3870.3942168105937
TR-036034,2025-08-16,3269.29,3451.6262120831107
TR-036035,2025-08-16,2322.85,2535.3807660372377
TR-036036,2025-08-16,2049.08,2030.0898961100752
TR-036037,2025-08-16,1757.33,1907.5873370715826
TR-036038,2025-08-16,3837.87,3528.7748885249734
TR-036039,2025-08-16,2023.19,1980.1203574544113
TR-036040,2025-08-16,1911.36,1998.7224523329187
TR-036041,2025-08-16,893.25,958.9758291141131
TR-036042,2025-08-16,1650.86,1617.8772482368968
TR-036043,2025-08-16,1613.54,1513.6207701612834
TR-036044,2025-08-16,2673.7,2456.953675019882
TR-036045,2025-08-16,3599.97,3870.9143824921302
TR-036046,2025-08-16,3418.9,3496.4256606286986
TR-036047,2025-08-16,1145.54,1161.0563229843308
TR-036048,2025-08-16,3224.14,3426.6019732355617
TR-036049,2025-08-16,4071.82,4175.266534748975
TR-036050,2025-08-16,1576.71,1639.5884126463147
TR-036051,2025-08-16,1602.84,1673.532244521702
TR-036052,2025-08-16,3650.17,3700.2840860875526
TR-036053,2025-08-16,1659.44,1691.3027213926007
TR-036054,2025-08-16,3246.09,3405.012759512675
TR-036055,2025-08-16,2257.36,2143.454260659197
TR-036056,2025-08-16,2892.53,3003.4254817918195
TR-036057,2025-08-16,1951.46,1959.6766914988305
TR-036058,2025-08-16,815.17,794.9821489628669
TR-036059,2025-08-16,1151.02,1189.8194856517134
TR-036060,2025-08-16,2154.06,2217.2128374752515
TR-036061,2025-08-16,2285.29,2128.191962292672
TR-036062,2025-08-16,1831.39,1828.3503151410007
TR-036063,2025-08-16,2049.4,1966.332027228206
TR-036064,2025-08-16,2375.44,3064.120163540539
TR-036065,2025-08-16,372.27,439.57268720509205
TR-036066,2025-08-16,5311.84,5344.6762493280385
TR-036067,2025-08-16,2928.35,2927.931339397176
TR-036068,2025-08-16,3125.51,3277.355825468395
TR-036069,2025-08-16,2480.93,2517.4849592622004
TR-036070,2025-08-16,2398.27,2404.404686083689
TR-036071,2025-08-16,255.7,497.1408062739497
TR-036072,2025-08-16,4697.05,4719.765598820917
TR-036073,2025-08-16,3674.62,3834.72309908681
TR-036074,2025-08-16,2844.65,2930.686414023195
TR-036075,2025-08-16,250.44,381.9653499998467
TR-036076,2025-08-16,3217.33,3366.471254414516
TR-036077,2025-08-16,2269.65,2185.353933134215
TR-036078,2025-08-16,1534.37,1562.1150636706861
TR-036079,2025-08-16,1769.3,1749.380225963141
TR-036080,2025-08-16,1617.76,1636.4368653360712
TR-036081,2025-08-16,2168.56,2151.757278341116
TR-036082,2025-08-16,1794.13,1781.3573923749318
TR-036083,2025-08-16,1138.56,1143.253331927061
TR-036084,2025-08-16,5936.83,5450.926229820408
TR-036085,2025-08-16,1911.85,1892.014586789282
TR-036086,2025-08-16,3676.84,4009.181598080212
TR-036087,2025-08-16,1230.68,1240.7282910155886
TR-036088,2025-08-16,1520.78,1533.004470546444
TR-036089,2025-08-16,3178.12,2899.044659605518
TR-036090,2025-08-16,3976.42,4051.4489059309153
TR-036091,2025-08-16,5467.0,5261.057567115032
TR-036092,2025-08-16,2241.16,2279.480792266411
TR-036093,2025-08-16,1639.75,1625.109516712662
TR-036094,2025-08-16,1681.79,1682.9773910923889
TR-036095,2025-08-16,1748.6,1801.2875047461503
TR-036096,2025-08-16,4562.29,4528.794736728784
TR-036097,2025-08-16,1016.49,1088.8767730993754
TR-036098,2025-08-16,1743.72,1826.6354975379522
TR-036099,2025-08-16,3687.56,3813.046999403081
TR-036100,2025-08-16,4096.12,3987.7506187351655
TR-036101,2025-08-16,474.97,1934.8374909422364
TR-036102,2025-08-16,3838.1,3736.7642969640137
TR-036103,2025-08-16,1834.23,1768.384489490737
TR-036104,2025-08-16,2497.26,2425.949990859255
TR-036105,2025-08-16,2273.1,2129.591759344524
TR-036106,2025-08-16,4607.33,4448.6912919974775
TR-036107,2025-08-16,622.95,647.0101756299271
TR-036108,2025-08-16,1687.84,1766.4715579773888
TR-036109,2025-08-16,3022.84,2958.91181586552
TR-036110,2025-08-16,2039.42,2179.0739326821135
TR-036111,2025-08-16,1465.38,1398.1729954893958
TR-036112,2025-08-16,960.78,973.1162759030703
TR-036113,2025-08-16,493.34,574.4751846447184
TR-036114,2025-08-16,2483.22,2477.2097053954813
TR-036115,2025-08-16,2759.1,2890.706873435671
TR-036116,2025-08-16,2651.89,2905.578030890717
TR-036117,2025-08-16,1132.13,1166.833245470973
TR-036118,2025-08-16,2123.96,1961.4414497273838
TR-036119,2025-08-16,1069.59,1092.650862501022
TR-036120,2025-08-16,3055.64,3180.880397564164
TR-036121,2025-08-16,3073.16,3151.3893723040214
TR-036122,2025-08-16,4215.87,4287.708415967782
TR-036123,2025-08-16,336.62,441.75169929359254
TR-036124,2025-08-16,1455.33,1446.0316747539118
TR-036125,2025-08-16,1481.84,1471.2884350977442
TR-036126,2025-08-16,1801.22,1780.2452317224765
TR-036127,2025-08-16,3652.18,3680.7469823110027
TR-036128,2025-08-16,2068.77,2064.272166118499
TR-036129,2025-08-16,3868.89,4026.1315323532017
TR-036130,2025-08-16,4075.62,4536.112138455983
TR-036131,2025-08-16,802.3,798.2436537068281
TR-036132,2025-08-16,3788.68,3951.7147273115493
TR-036133,2025-08-16,1915.8,1855.9859514111442
TR-036134,2025-08-16,726.88,779.516518584569
TR-036135,2025-08-16,2990.38,3042.228396958372
TR-036136,2025-08-16,1622.29,1667.4182585172748
TR-036137,2025-08-16,2750.99,2681.290201718877
TR-036138,2025-08-16,1249.44,1224.5972528884427
TR-036139,2025-08-16,4247.68,4490.480471685517
TR-036140,2025-08-16,2638.95,2479.787943737478
TR-036141,2025-08-16,2614.31,2680.670689395575
TR-036142,2025-08-16,5157.53,5146.255168879885
TR-036143,2025-08-16,1797.61,1778.2178225054338
TR-036144,2025-08-16,1130.66,1160.421390355944
TR-036145,2025-08-16,1944.47,1986.6101387978315
TR-036146,2025-08-16,1001.14,1011.3707355061755
TR-036147,2025-08-16,2625.33,3234.9579406923513
TR-036148,2025-08-16,2031.99,2160.3308726719574
TR-036149,2025-08-16,1413.77,1434.572718414975
TR-036150,2025-08-16,4953.76,5109.000430361319
TR-036151,2025-08-16,5013.5,5178.955171193588
TR-036152,2025-08-16,1571.67,1592.572564167398
TR-036153,2025-08-16,4412.23,4312.899872205409
TR-036154,2025-08-16,3611.27,3537.584582661736
TR-036155,2025-08-16,2261.69,2178.730914246792
TR-036156,2025-08-16,3401.34,3432.962507324163
TR-036157,2025-08-16,1646.63,1680.8023904275365
TR-036158,2025-08-16,3454.23,3446.6742307857967
TR-036159,2025-08-16,1457.51,1493.9661795587954
TR-036160,2025-08-16,5451.29,5527.359574774509
TR-036161,2025-08-16,3816.6,4029.2616981123006
TR-036162,2025-08-16,2322.3,2108.564127590564
TR-036163,2025-08-16,3473.17,3554.873782852431
TR-036164,2025-08-16,663.35,722.7551606945292
TR-036165,2025-08-16,4844.76,4990.266926220649
TR-036166,2025-08-16,2569.81,2270.8000543546664
TR-036167,2025-08-16,1160.98,1186.4483549250283
TR-036168,2025-08-17,1652.87,1734.1246994330434
TR-036169,2025-08-17,1644.17,1686.4693391283752
TR-036170,2025-08-17,5136.17,5188.2712071477345
TR-036171,2025-08-17,4414.17,4480.967448247504
TR-036172,2025-08-17,2410.45,2515.316180423881
TR-036173,2025-08-17,1206.28,1236.7908652140757
TR-036174,2025-08-17,590.4,1798.9671869896238
TR-036175,2025-08-17,1105.12,1097.0366660924997
TR-036176,2025-08-17,2619.57,2092.0088222132144
TR-036177,2025-08-17,2247.2,2312.520067840515
TR-036178,2025-08-17,436.28,470.5698745272348
TR-036179,2025-08-17,1313.47,1319.2990913410692
TR-036180,2025-08-17,1037.58,1037.5180661380728
TR-036181,2025-08-17,2378.78,2498.51022710375
TR-036182,2025-08-17,2727.16,2828.0516164303203
TR-036183,2025-08-17,3821.36,4215.84412392607
TR-036184,2025-08-17,3380.18,3555.1874428441947
TR-036185,2025-08-17,740.47,737.6460862232884
TR-036186,2025-08-17,2055.83,2287.7791424299967
TR-036187,2025-08-17,2250.27,2316.981952150569
TR-036188,2025-08-17,1527.78,1686.0129806342804
TR-036189,2025-08-17,3093.44,3307.022989578626
TR-036190,2025-08-17,1733.05,1690.284627199368
TR-036191,2025-08-17,4800.2,4740.352107883571
TR-036192,2025-08-17,549.01,626.271858627681
TR-036193,2025-08-17,3767.23,3866.95875814381
TR-036194,2025-08-17,3019.94,3304.1646856110237
TR-036195,2025-08-17,898.11,974.976152408507
TR-036196,2025-08-17,830.05,883.6919944796284
TR-036197,2025-08-17,2144.22,2037.7727135399123
TR-036198,2025-08-17,3686.55,3732.9259615548117
TR-036199,2025-08-17,1091.95,1126.6379349555536
TR-036200,2025-08-17,3196.57,2971.2621769324946
TR-036201,2025-08-17,3381.1,3420.0159302922507
TR-036202,2025-08-17,3762.82,3560.8508326531014
TR-036203,2025-08-17,2135.53,2093.9263375942483
TR-036204,2025-08-17,839.05,922.6601923496992
TR-036205,2025-08-17,4083.3,4064.1815590162223
TR-036206,2025-08-17,1030.79,1027.2362373267958
TR-036207,2025-08-17,979.98,976.8292717807904
TR-036208,2025-08-17,2014.89,1990.404246786738
TR-036209,2025-08-17,775.55,832.5011663920923
TR-036210,2025-08-17,5484.89,5628.87649994083
TR-036211,2025-08-17,2470.83,2687.1918729092504
TR-036212,2025-08-17,229.68,406.3701623458385
TR-036213,2025-08-17,574.81,593.8005808827152
TR-036214,2025-08-17,858.66,890.1648395502991
TR-036215,2025-08-17,2039.55,2055.0997027634153
TR-036216,2025-08-17,5097.56,5313.743923650149
TR-036217,2025-08-17,1213.75,1191.8047582246793
TR-036218,2025-08-17,2730.21,2742.6603554905864
TR-036219,2025-08-17,1430.67,1430.287916212799
TR-036220,2025-08-17,1080.77,1128.7037548945002
TR-036221,2025-08-17,1826.94,1958.9669605676766
TR-036222,2025-08-17,3316.18,3492.163765400564
TR-036223,2025-08-17,3805.29,3920.2145653736306
TR-036224,2025-08-17,1206.5,1182.9151539598008
TR-036225,2025-08-17,3475.0,3541.6090494428045
TR-036226,2025-08-17,3979.62,4062.7731926578313
TR-036227,2025-08-17,4153.36,4316.072233582312
TR-036228,2025-08-17,1389.16,1370.7903438100886
TR-036229,2025-08-17,2186.81,2103.45315641493
TR-036230,2025-08-17,582.53,661.2692921803323
TR-036231,2025-08-17,3160.75,2940.2312601961653
TR-036232,2025-08-17,701.0,769.2461080016326
TR-036233,2025-08-17,500.33,559.143880751792
TR-036234,2025-08-17,951.19,1027.9516644703222
TR-036235,2025-08-17,1345.95,1379.4853754015555
TR-036236,2025-08-17,575.45,686.8001194973276
TR-036237,2025-08-17,1427.88,1469.1525126926776
TR-036238,2025-08-17,3563.83,3572.753424450006
TR-036239,2025-08-17,4616.32,4908.633361651449
TR-036240,2025-08-17,903.07,959.7913793598559
TR-036241,2025-08-17,2050.24,2130.681331879765
TR-036242,2025-08-17,1151.23,1157.4646594137405
TR-036243,2025-08-17,1374.88,1410.2258815697005
TR-036244,2025-08-17,2483.45,2708.0350247792508
TR-036245,2025-08-17,1250.99,1247.344035503625
TR-036246,2025-08-17,551.79,646.0573237126187
TR-036247,2025-08-17,3761.24,3912.527600439914
TR-036248,2025-08-17,1922.79,1949.6953633871221
TR-036249,2025-08-17,1742.86,1723.586073401882
TR-036250,2025-08-17,2597.63,2586.8840663587134
TR-036251,2025-08-17,2091.12,2177.760246432418
TR-036252,2025-08-17,3595.51,3485.32515664834
TR-036253,2025-08-17,766.26,752.4979176517302
TR-036254,2025-08-17,1884.95,1886.9324463170967
TR-036255,2025-08-17,3030.28,3199.6494656194127
TR-036256,2025-08-17,2050.45,2214.532113134292
TR-036257,2025-08-17,4803.79,5014.919979332385
TR-036258,2025-08-17,2393.67,2667.4920288247154
TR-036259,2025-08-17,4864.79,5246.245903482304
TR-036260,2025-08-17,2032.97,2053.580823935699
TR-036261,2025-08-17,2089.62,2119.1352410646846
TR-036262,2025-08-17,2089.28,2083.259737343645
TR-036263,2025-08-17,1855.56,1892.849684704624
TR-036264,2025-08-17,2202.77,2102.1296157956954
TR-036265,2025-08-17,4154.97,4205.54379180855
TR-036266,2025-08-17,4335.22,4446.830594302328
TR-036267,2025-08-17,3318.05,3608.294849762286
TR-036268,2025-08-17,4307.74,4340.703664043314
TR-036269,2025-08-17,1567.26,1574.5001154811662
TR-036270,2025-08-17,4264.12,4089.436105531538
TR-036271,2025-08-17,1933.24,2034.016998833634
TR-036272,2025-08-17,1493.51,1513.8892587388477
TR-036273,2025-08-17,894.5,934.7503274541286
TR-036274,2025-08-17,2550.29,2369.70209582339
TR-036275,2025-08-17,4713.06,4836.119307450965
TR-036276,2025-08-17,4047.8,4138.930972833685
TR-036277,2025-08-17,2205.46,2301.9585787329397
TR-036278,2025-08-17,1297.22,1306.898633394421
TR-036279,2025-08-17,3844.59,4123.742920761489
TR-036280,2025-08-17,5396.59,5246.5756055679385
TR-036281,2025-08-17,2064.97,1917.9396762634888
TR-036282,2025-08-17,1105.94,1109.9483790289978
TR-036283,2025-08-17,1605.1,1670.125747437051
TR-036284,2025-08-17,4324.29,4065.112331924013
TR-036285,2025-08-17,2112.79,2190.858230350504
TR-036286,2025-08-17,786.37,826.4015808696713
TR-036287,2025-08-17,3266.32,3396.3306816825857
TR-036288,2025-08-17,5763.0,5615.295711643939
TR-036289,2025-08-17,1708.81,1809.7651578198713
TR-036290,2025-08-17,3827.3,3795.1424937410093
TR-036291,2025-08-17,1470.35,1634.347676876761
TR-036292,2025-08-17,1607.91,1803.823570260177
TR-036293,2025-08-17,3974.12,3969.358367614186
TR-036294,2025-08-17,2305.45,2080.4705680038655
TR-036295,2025-08-17,587.69,626.5050713366645
TR-036296,2025-08-17,1520.23,1463.895766394084
TR-036297,2025-08-17,2405.08,2493.227361305937
TR-036298,2025-08-17,1508.56,1540.9465264061128
TR-036299,2025-08-17,1155.37,1163.9181872214776
TR-036300,2025-08-17,880.58,914.5201050963983
TR-036301,2025-08-17,2290.38,2510.63412516309
TR-036302,2025-08-17,2676.64,2561.629190065804
TR-036303,2025-08-17,2719.32,2800.5988379666464
TR-036304,2025-08-17,470.52,542.7529281042612
TR-036305,2025-08-17,1140.31,1168.1799850638213
TR-036306,2025-08-17,4307.93,4411.329464061942
TR-036307,2025-08-17,836.43,869.2285149347372
TR-036308,2025-08-17,2003.51,2028.5627623736243
TR-036309,2025-08-17,1203.26,1241.0054940213522
TR-036310,2025-08-17,2768.58,2951.126695556789
TR-036311,2025-08-17,2159.37,2055.3613364433945
TR-036312,2025-08-17,2617.18,2701.5299270496525
TR-036313,2025-08-17,455.32,567.4505525677537
TR-036314,2025-08-17,2029.34,2250.304369502417
TR-036315,2025-08-17,2803.91,2844.199791338746
TR-036316,2025-08-17,1104.37,1119.5610148910955
TR-036317,2025-08-17,2222.31,2089.5631317337647
TR-036318,2025-08-17,1400.4,1469.499132743943
TR-036319,2025-08-17,571.65,658.0302854632519
TR-036320,2025-08-17,1286.62,1352.8777291000397
TR-036321,2025-08-17,3386.31,3369.36438106229
TR-036322,2025-08-17,580.04,650.7150299472746
TR-036323,2025-08-17,1635.76,1722.2147465896294
TR-036324,2025-08-17,2316.54,2177.8841481228733
TR-036325,2025-08-17,1440.32,1429.883256772982
TR-036326,2025-08-17,885.0,957.411292200879
TR-036327,2025-08-17,4180.5,4030.927801312928
TR-036328,2025-08-18,1302.19,1306.191749095357
TR-036329,2025-08-18,968.56,999.807022244476
TR-036330,2025-08-18,1486.25,1499.5574136153436
TR-036331,2025-08-18,1213.62,1255.180202721204
TR-036332,2025-08-18,960.39,946.731495484602
TR-036333,2025-08-18,1873.0,1909.6896985850553
TR-036334,2025-08-18,530.61,552.083110378911
TR-036335,2025-08-18,1790.14,1876.4158880564
TR-036336,2025-08-18,1463.86,1535.4651479953873
TR-036337,2025-08-18,7005.3,1900.842907741899
TR-036338,2025-08-18,2754.32,2812.977802404363
TR-036339,2025-08-18,4459.58,4328.000256796471
TR-036340,2025-08-18,1085.17,1125.9306430403003
TR-036341,2025-08-18,824.06,894.2597632244288
TR-036342,2025-08-18,2422.92,2536.5819918866
TR-036343,2025-08-18,2196.65,2269.3220102658415
TR-036344,2025-08-18,2033.9,2125.5711800897607
TR-036345,2025-08-18,1311.96,1286.9735895314748
TR-036346,2025-08-18,4145.32,4083.04186559494
TR-036347,2025-08-18,609.92,608.0908556661573
TR-036348,2025-08-18,3018.58,3012.356281337522
TR-036349,2025-08-18,2280.83,2254.724684262171
TR-036350,2025-08-18,363.64,461.16601177410826
TR-036351,2025-08-18,1474.28,1446.646865252103
TR-036352,2025-08-18,2625.24,2610.4103116605365
TR-036353,2025-08-18,1182.95,1179.5534787945417
TR-036354,2025-08-18,1588.15,1600.598970303261
TR-036355,2025-08-18,4013.6,4126.319158138056
TR-036356,2025-08-18,387.66,534.8012703650927
TR-036357,2025-08-18,1067.44,1094.843859824154
TR-036358,2025-08-18,924.05,959.5526527737238
TR-036359,2025-08-18,3251.33,3284.08107319591
TR-036360,2025-08-18,2867.66,2887.967594789991
TR-036361,2025-08-18,5279.47,5356.1627642833555
TR-036362,2025-08-18,2235.11,2121.875560501019
TR-036363,2025-08-18,4469.94,4405.059003038577
TR-036364,2025-08-18,4767.02,4660.766096772712
TR-036365,2025-08-18,2766.01,2883.670601919503
TR-036366,2025-08-18,3101.88,3199.513523817207
TR-036367,2025-08-18,3414.11,3523.083307640777
TR-036368,2025-08-18,594.86,707.4648205465501
TR-036369,2025-08-18,1655.43,1710.871679582186
TR-036370,2025-08-18,1136.01,1197.2471986110388
TR-036371,2025-08-18,5474.99,1180.6932886600507
TR-036372,2025-08-18,2101.95,2272.960733993633
TR-036373,2025-08-18,1601.64,1574.7379357304148
TR-036374,2025-08-18,945.7,962.4694626083344
TR-036375,2025-08-18,2830.13,2739.530342807538
TR-036376,2025-08-18,764.68,746.0719790169908
TR-036377,2025-08-18,592.37,655.3331769277204
TR-036378,2025-08-18,583.85,663.963172805687
TR-036379,2025-08-18,2325.74,2368.0396176776376
TR-036380,2025-08-18,451.84,523.0703256117495
TR-036381,2025-08-18,1291.52,1297.810252667139
TR-036382,2025-08-18,4435.81,4411.950198873203
TR-036383,2025-08-18,1474.08,1510.80427750876
TR-036384,2025-08-18,3001.21,2958.371483101886
TR-036385,2025-08-18,5270.1,5430.086945940102
TR-036386,2025-08-18,1762.06,1763.7648751984939
TR-036387,2025-08-18,1780.32,1842.3004736845091
TR-036388,2025-08-18,3216.91,3354.71406394197
TR-036389,2025-08-18,4407.92,4405.92060428737
TR-036390,2025-08-18,1040.88,1060.8161565401529
TR-036391,2025-08-18,475.28,568.912827855213
TR-036392,2025-08-18,9127.43,2715.678423084652
TR-036393,2025-08-18,2986.01,3169.8927910930042
TR-036394,2025-08-18,4112.57,4203.0387994277735
TR-036395,2025-08-18,3004.7,3065.7034078330526
TR-036396,2025-08-18,1405.11,1412.360995406784
TR-036397,2025-08-18,921.85,921.3071891987217
TR-036398,2025-08-18,5391.98,5161.686182959538
TR-036399,2025-08-18,2704.57,2621.5395199923323
TR-036400,2025-08-18,3284.18,3344.0779726481887
TR-036401,2025-08-18,1396.72,1464.106069249524
TR-036402,2025-08-18,1066.18,1080.6057860341862
TR-036403,2025-08-18,3184.97,3344.0259131109883
TR-036404,2025-08-18,4600.41,4711.975271152811
TR-036405,2025-08-18,3414.08,3501.71026546172
TR-036406,2025-08-18,2600.97,2534.0384554216607
TR-036407,2025-08-18,2356.65,2415.688771192832
TR-036408,2025-08-18,2950.3,3110.1351918166465
TR-036409,2025-08-18,1205.97,1215.5284918300404
TR-036410,2025-08-18,1119.34,1128.0911076073853
TR-036411,2025-08-18,1151.14,1155.9856919345475
TR-036412,2025-08-18,2691.6,2701.2904272172495
TR-036413,2025-08-18,1783.71,1850.8222207493586
TR-036414,2025-08-18,552.32,664.3731590712114
TR-036415,2025-08-18,1323.71,1298.473132027541
TR-036416,2025-08-18,1222.79,1263.5781592165354
TR-036417,2025-08-18,2446.14,2533.8369127390474
TR-036418,2025-08-18,1253.85,1231.266195839356
TR-036419,2025-08-18,1870.75,1964.7111688353607
TR-036420,2025-08-18,1694.82,1700.0467860986273
TR-036421,2025-08-18,1041.44,1073.6723709120074
TR-036422,2025-08-18,1695.68,1661.390227612476
TR-036423,2025-08-18,907.4,928.6016904094431
TR-036424,2025-08-18,4036.53,4200.873562197232
TR-036425,2025-08-18,2205.14,2100.1553700275263
TR-036426,2025-08-18,3675.29,3171.126779281941
TR-036427,2025-08-18,2094.68,2157.403829682086
TR-036428,2025-08-18,3807.79,3900.36701981201
TR-036429,2025-08-18,4223.98,3963.6123603686906
TR-036430,2025-08-18,1038.63,1038.0823953753184
TR-036431,2025-08-18,713.95,779.5211129003508
TR-036432,2025-08-18,3634.28,3808.2114737952165
TR-036433,2025-08-18,3443.19,3328.6900543571255
TR-036434,2025-08-18,1497.08,1473.0659984639433
TR-036435,2025-08-18,4874.55,4853.284292609
TR-036436,2025-08-18,845.52,905.2357546488406
TR-036437,2025-08-18,4633.79,4664.005895434486
TR-036438,2025-08-18,2608.3,2793.021423590598
TR-036439,2025-08-18,1073.13,1099.9149988366291
TR-036440,2025-08-18,2924.85,3089.2493758577984
TR-036441,2025-08-18,742.67,834.5286375052797
TR-036442,2025-08-18,3055.59,3043.558807316747
TR-036443,2025-08-18,2569.04,2804.995397097273
TR-036444,2025-08-18,1541.79,1555.9528048800057
TR-036445,2025-08-18,3784.74,3706.4124411931825
TR-036446,2025-08-18,1179.95,1191.5070885865289
TR-036447,2025-08-18,1593.1,1619.8310819925875
TR-036448,2025-08-18,1621.52,1701.8371170080354
TR-036449,2025-08-18,1540.02,1510.9398578457563
TR-036450,2025-08-18,830.01,853.3958820931052
TR-036451,2025-08-18,1881.25,2069.1982130986853
TR-036452,2025-08-18,631.79,742.7393323798638
TR-036453,2025-08-18,3197.64,3042.8451526876124
TR-036454,2025-08-18,1219.62,1216.0090259776484
TR-036455,2025-08-18,3946.97,4075.1323031047204
TR-036456,2025-08-18,1799.23,1844.1595169776788
TR-036457,2025-08-18,1389.5,1467.4443531118845
TR-036458,2025-08-18,2763.16,2631.197481020447
TR-036459,2025-08-18,3493.69,3620.29218126836
TR-036460,2025-08-18,1104.2,1113.2974293013494
TR-036461,2025-08-18,3292.21,3548.229554392333
TR-036462,2025-08-18,2140.29,2265.828015241891
TR-036463,2025-08-18,1333.56,1424.2454295854543
TR-036464,2025-08-18,3545.35,3384.146654505431
TR-036465,2025-08-18,246.24,332.40444435407767
TR-036466,2025-08-18,1876.54,1937.9010560820761
TR-036467,2025-08-18,870.16,943.7863619203947
TR-036468,2025-08-18,646.37,686.3239797817771
TR-036469,2025-08-18,2662.1,2684.6357074547764
TR-036470,2025-08-18,2450.2,2156.186843852397
TR-036471,2025-08-18,1881.24,1832.0269039976547
TR-036472,2025-08-18,1239.46,1290.2865528245293
TR-036473,2025-08-18,2022.38,1951.6587580280284
TR-036474,2025-08-18,1068.71,1126.136504691321
TR-036475,2025-08-18,3088.48,3436.125026413983
TR-036476,2025-08-18,2533.85,2446.175860420707
TR-036477,2025-08-18,648.16,752.1734888981264
TR-036478,2025-08-19,4062.45,3950.7699004865453
TR-036479,2025-08-19,2528.12,2519.140532158154
TR-036480,2025-08-19,2170.15,2097.7709553936656
TR-036481,2025-08-19,2807.51,2673.0559700580834
TR-036482,2025-08-19,4494.76,4538.037310971377
TR-036483,2025-08-19,700.81,752.9211127917226
TR-036484,2025-08-19,1434.06,1493.7483800628397
TR-036485,2025-08-19,1421.04,1395.2132890489709
TR-036486,2025-08-19,3248.51,3521.1803311441763
TR-036487,2025-08-19,3482.69,3599.7892289202828
TR-036488,2025-08-19,1940.19,1912.875890672299
TR-036489,2025-08-19,577.87,631.6792885291752
TR-036490,2025-08-19,1938.92,2087.8739797161375
TR-036491,2025-08-19,2529.01,2448.896557435619
TR-036492,2025-08-19,4145.98,4237.542091568809
TR-036493,2025-08-19,3683.08,3586.1489535665
TR-036494,2025-08-19,621.06,717.6197934308707
TR-036495,2025-08-19,2412.3,2363.514059372677
TR-036496,2025-08-19,1602.28,1565.333590290541
TR-036497,2025-08-19,5007.09,4978.8365834204105
TR-036498,2025-08-19,3974.93,3935.6325189535496
TR-036499,2025-08-19,3785.29,3925.55424134893
TR-036500,2025-08-19,3699.85,3836.8882207153383
TR-036501,2025-08-19,3577.21,3690.627866711292
TR-036502,2025-08-19,2123.58,2105.2592491464484
TR-036503,2025-08-19,5212.13,5112.1848011380835
TR-036504,2025-08-19,1360.75,1387.6122800311687
TR-036505,2025-08-19,2928.8,3149.354144171605
TR-036506,2025-08-19,3687.08,4021.727606753835
TR-036507,2025-08-19,1239.01,1276.924362895093
TR-036508,2025-08-19,698.91,752.5839926899084
TR-036509,2025-08-19,1890.03,1870.3716729039327
TR-036510,2025-08-19,3376.05,3532.0411597004268
TR-036511,2025-08-19,484.6,584.4827341508267
TR-036512,2025-08-19,3328.76,3427.3564134980047
TR-036513,2025-08-19,2946.23,3060.8352269838306
TR-036514,2025-08-19,1713.96,1653.1371832018235
TR-036515,2025-08-19,2876.51,2945.1380870904445
TR-036516,2025-08-19,2088.96,2252.2108860731673
TR-036517,2025-08-19,3594.09,3558.5659814010714
TR-036518,2025-08-19,3494.05,3542.896866335492
TR-036519,2025-08-19,1114.24,1131.228450853785
TR-036520,2025-08-19,2714.49,2496.8954910918583
TR-036521,2025-08-19,1401.37,1382.68772411657
TR-036522,2025-08-19,2062.24,2240.1186075654937
TR-036523,2025-08-19,910.62,942.4178951396532
TR-036524,2025-08-19,2451.68,2333.409682835422
TR-036525,2025-08-19,1876.04,1818.178058376207
TR-036526,2025-08-19,643.19,742.3584087476497
TR-036527,2025-08-19,2168.16,2175.025825678427
TR-036528,2025-08-19,3719.7,3665.961895092385
TR-036529,2025-08-19,3308.92,3410.4288398670665
TR-036530,2025-08-19,2682.76,2744.0632267157007
TR-036531,2025-08-19,1574.32,1456.8934700134364
TR-036532,2025-08-19,4083.58,4124.0398658499125
TR-036533,2025-08-19,1889.76,1969.942883300866
TR-036534,2025-08-19,4693.35,4383.943463685583
TR-036535,2025-08-19,3092.36,3101.1256208150326
TR-036536,2025-08-19,1094.04,1150.5676713655669
TR-036537,2025-08-19,1201.66,1198.8832869356136
TR-036538,2025-08-19,2757.2,2568.7204111403125
TR-036539,2025-08-19,2296.67,2561.503879030707
TR-036540,2025-08-19,2650.75,2738.320935377457
TR-036541,2025-08-19,1098.72,1147.628638097004
TR-036542,2025-08-19,1292.85,1321.184197595026
TR-036543,2025-08-19,780.91,829.9532905314886
TR-036544,2025-08-19,2459.64,2616.338281672188
TR-036545,2025-08-19,2801.49,2878.3890260680973
TR-036546,2025-08-19,881.77,953.3985335728867
TR-036547,2025-08-19,4040.94,4129.404901352714
TR-036548,2025-08-19,269.95,467.24442234059416
TR-036549,2025-08-19,1487.21,1426.5968238011706
TR-036550,2025-08-19,1881.32,1930.0552859472793
TR-036551,2025-08-19,1649.02,1643.9526686607455
TR-036552,2025-08-19,3390.6,3505.565178322079
TR-036553,2025-08-19,2499.47,2490.8804180651805
TR-036554,2025-08-19,1415.92,1443.5114990653506
TR-036555,2025-08-19,2284.29,2367.0519310853197
TR-036556,2025-08-19,1813.52,1829.0464358238928
TR-036557,2025-08-19,1186.67,1206.0698344161403
TR-036558,2025-08-19,640.91,744.6877974518889
TR-036559,2025-08-19,3199.7,3325.7435010091185
TR-036560,2025-08-19,330.59,377.4123343044755
TR-036561,2025-08-19,1762.13,1734.0086296687584
TR-036562,2025-08-19,2439.47,2395.039988549948
TR-036563,2025-08-19,1363.3,1319.4227502500403
TR-036564,2025-08-19,1700.11,1827.1276925997208
TR-036565,2025-08-19,888.84,850.5961127983908
TR-036566,2025-08-19,768.75,834.7876773634337
TR-036567,2025-08-19,423.14,412.684829030228
TR-036568,2025-08-19,2057.14,2162.410045198276
TR-036569,2025-08-19,2365.86,2059.6975461270463
TR-036570,2025-08-19,4523.85,4299.357028902835
TR-036571,2025-08-19,2401.06,2154.475886647197
TR-036572,2025-08-19,611.69,706.0591652171524
TR-036573,2025-08-19,1834.73,1938.6212926123749
TR-036574,2025-08-19,3876.58,3963.1625456323636
TR-036575,2025-08-19,4178.76,4149.671189404327
TR-036576,2025-08-19,2125.87,2050.4805626624698
TR-036577,2025-08-19,808.98,862.8100829891096
TR-036578,2025-08-19,5132.34,5318.901575383656
TR-036579,2025-08-19,3954.67,4128.417647319637
TR-036580,2025-08-19,4222.39,4292.560387472502
TR-036581,2025-08-19,779.19,842.8154102196822
TR-036582,2025-08-19,305.5,422.17822093386576
TR-036583,2025-08-19,927.53,972.6312077589821
TR-036584,2025-08-19,4263.95,4411.565959419771
TR-036585,2025-08-19,1070.05,1083.7735526248769
TR-036586,2025-08-19,1551.73,1665.962158234966
TR-036587,2025-08-19,5028.79,5221.83423919571
TR-036588,2025-08-19,1432.27,1432.0351515282284
TR-036589,2025-08-19,1249.37,1249.2533972342299
TR-036590,2025-08-19,3132.86,3153.882220335255
TR-036591,2025-08-19,545.0,632.3043192928073
TR-036592,2025-08-19,3215.76,3226.009735516093
TR-036593,2025-08-19,2014.18,1953.5679564167272
TR-036594,2025-08-19,2571.46,2616.1096604680342
TR-036595,2025-08-19,1139.56,1137.348064310818
TR-036596,2025-08-19,5055.89,5145.122301328129
TR-036597,2025-08-19,1867.51,1871.2008292293367
TR-036598,2025-08-19,1233.19,515.4109531701156
TR-036599,2025-08-19,1651.75,1696.9566309810443
TR-036600,2025-08-19,2183.06,2102.4866817526517
TR-036601,2025-08-19,4622.21,4970.958131398598
TR-036602,2025-08-19,3186.96,3096.558854874994
TR-036603,2025-08-19,4157.95,4045.263704029686
TR-036604,2025-08-19,1086.93,1133.5027611170099
TR-036605,2025-08-19,2969.49,3249.6799615687137
TR-036606,2025-08-19,5016.26,5133.738101363671
TR-036607,2025-08-19,251.48,483.85091687297336
TR-036608,2025-08-19,475.77,545.3759548536857
TR-036609,2025-08-19,4493.84,4545.813053417809
TR-036610,2025-08-20,1386.42,368.01892238455684
TR-036611,2025-08-20,1283.24,1250.1829375255938
TR-036612,2025-08-20,3774.05,3565.0437519841553
TR-036613,2025-08-20,2310.44,2365.5633534767476
TR-036614,2025-08-20,2867.53,3135.8875560344563
TR-036615,2025-08-20,4091.63,4162.205331243453
TR-036616,2025-08-20,2104.27,793.1512336753785
TR-036617,2025-08-20,3897.69,3986.8096011928556
TR-036618,2025-08-20,2244.64,2132.8342443613506
TR-036619,2025-08-20,2651.55,2671.3894369440654
TR-036620,2025-08-20,2380.7,2185.621830303181
TR-036621,2025-08-20,829.39,915.1811992245648
TR-036622,2025-08-20,1473.56,1445.7806564523128
TR-036623,2025-08-20,3636.99,3604.6166414218405
TR-036624,2025-08-20,915.54,896.6763497731913
TR-036625,2025-08-20,1183.23,1149.8563217844894
TR-036626,2025-08-20,4304.02,4142.387836866648
TR-036627,2025-08-20,4808.84,4700.042969290247
TR-036628,2025-08-20,1391.56,1361.7238116153217
TR-036629,2025-08-20,1284.09,1316.7403086821664
TR-036630,2025-08-20,1595.82,1761.1024718687881
TR-036631,2025-08-20,2925.66,2872.0420227327486
TR-036632,2025-08-20,3402.74,3460.9111578642314
TR-036633,2025-08-20,3447.63,3582.562449676935
TR-036634,2025-08-20,2126.57,2023.9684459371467
TR-036635,2025-08-20,3155.17,2967.9806869004506
TR-036636,2025-08-20,5422.39,5269.455192218082
TR-036637,2025-08-20,3591.08,3642.0131440058385
TR-036638,2025-08-20,5169.48,4984.162463661374
TR-036639,2025-08-20,3599.34,3752.672188790913
TR-036640,2025-08-20,2646.7,2822.824780517263
TR-036641,2025-08-20,472.55,576.2545942899317
TR-036642,2025-08-20,863.42,877.1028889548143
TR-036643,2025-08-20,1960.5,2128.7241959374205
TR-036644,2025-08-20,342.72,1449.081193427715
TR-036645,2025-08-20,2388.92,2538.795771092866
TR-036646,2025-08-20,2259.87,2053.0105940086264
TR-036647,2025-08-20,2261.14,2031.3044957060108
TR-036648,2025-08-20,1790.72,1880.2808978524606
TR-036649,2025-08-20,1034.76,1070.289925759511
TR-036650,2025-08-20,1851.91,1799.3690273133884
TR-036651,2025-08-20,1013.63,1023.7507488109749
TR-036652,2025-08-20,954.57,962.6931994362221
TR-036653,2025-08-20,814.6,847.5354474862938
TR-036654,2025-08-20,636.77,735.2851203529904
TR-036655,2025-08-20,1098.68,4361.966854262495
TR-036656,2025-08-20,2434.53,2403.38437413936
TR-036657,2025-08-20,501.72,533.9069116535738
TR-036658,2025-08-20,3768.26,3773.0963892101554
TR-036659,2025-08-20,672.86,726.6092792392694
TR-036660,2025-08-20,3694.93,3679.9083388861636
TR-036661,2025-08-20,1834.61,1839.0851286585973
TR-036662,2025-08-20,1855.13,1914.8381677839573
TR-036663,2025-08-20,1850.53,1705.2942940565736
TR-036664,2025-08-20,2405.01,2516.153127214466
TR-036665,2025-08-20,1585.92,1569.3447181955419
TR-036666,2025-08-20,485.3,525.1254734109623
TR-036667,2025-08-20,1466.89,1488.5269164332685
TR-036668,2025-08-20,3732.56,3662.4821059393407
TR-036669,2025-08-20,969.07,954.226781803666
TR-036670,2025-08-20,1597.78,1572.6490837685228
TR-036671,2025-08-20,1033.53,1106.0818994414385
TR-036672,2025-08-20,1007.86,1038.5776578964824
TR-036673,2025-08-20,2015.73,1980.6018350132892
TR-036674,2025-08-20,4108.8,4038.1896772491245
TR-036675,2025-08-20,2542.56,2493.4812823691677
TR-036676,2025-08-20,2090.52,2176.4333008567996
TR-036677,2025-08-20,2214.55,2125.6879026253246
TR-036678,2025-08-20,601.12,649.7374589996621
TR-036679,2025-08-20,1374.58,1338.9559743768882
TR-036680,2025-08-20,11839.2,3369.0333279021083
TR-036681,2025-08-20,3288.75,3229.2361727843545
TR-036682,2025-08-20,1945.54,1957.7952789236172
TR-036683,2025-08-20,1951.68,1929.2202621079923
TR-036684,2025-08-20,1038.02,1016.3781469212885
TR-036685,2025-08-20,721.78,770.0406693844354
TR-036686,2025-08-20,1436.61,1395.0836612524758
TR-036687,2025-08-20,1764.72,1720.2845918937498
TR-036688,2025-08-20,2089.6,2038.3975129312835
TR-036689,2025-08-20,1890.54,1846.6404608797927
TR-036690,2025-08-20,2105.68,2276.3588643262046
TR-036691,2025-08-20,5533.57,5680.164904749283
TR-036692,2025-08-20,1474.64,1462.7390666985716
TR-036693,2025-08-20,3669.47,3911.3094790839505
TR-036694,2025-08-20,2434.45,2516.815357061281
TR-036695,2025-08-20,4408.52,4395.186293982572
TR-036696,2025-08-20,3681.09,3628.8395942017514
TR-036697,2025-08-20,3813.32,3685.8919819468547
TR-036698,2025-08-20,3441.2,3455.6873898969425
TR-036699,2025-08-20,3826.6,3601.4082624233906
TR-036700,2025-08-20,1209.64,1187.877957030431
TR-036701,2025-08-20,842.96,921.0855998280895
TR-036702,2025-08-20,1325.4,1317.430229393462
TR-036703,2025-08-20,1785.26,1756.8588120846719
TR-036704,2025-08-20,3738.53,3495.676678075865
TR-036705,2025-08-20,1789.47,1748.4429052516173
TR-036706,2025-08-20,2219.86,2071.984272039884
TR-036707,2025-08-20,3637.47,3725.8408747029102
TR-036708,2025-08-20,6180.67,5908.311148071485
TR-036709,2025-08-20,4075.64,4230.398677701977
TR-036710,2025-08-20,218.86,445.63369047805077
TR-036711,2025-08-20,2243.05,2440.056420815816
TR-036712,2025-08-20,4382.01,4226.33007934965
TR-036713,2025-08-20,510.82,466.320456897608
TR-036714,2025-08-20,4325.54,4253.738958923093
TR-036715,2025-08-20,989.96,997.227770175313
TR-036716,2025-08-20,2755.51,2919.3125929115868
TR-036717,2025-08-20,704.44,781.7490951267839
TR-036718,2025-08-20,2691.38,2687.5784182553343
TR-036719,2025-08-20,3913.51,3878.892888562391
TR-036720,2025-08-20,1091.2,1083.0015659437727
TR-036721,2025-08-20,3753.75,3634.191229469674
TR-036722,2025-08-20,1375.57,1399.798956603729
TR-036723,2025-08-20,725.83,713.8823735120375
TR-036724,2025-08-20,1370.4,1358.8627860591687
TR-036725,2025-08-20,956.28,976.1843442525503
TR-036726,2025-08-20,2748.99,2517.7529470302247
TR-036727,2025-08-20,4305.07,4262.895330760137
TR-036728,2025-08-20,1285.25,1347.714734033761
TR-036729,2025-08-20,1712.54,1865.6999404044464
TR-036730,2025-08-20,3234.1,3129.3934423391493
TR-036731,2025-08-20,3722.53,3780.347275164113
TR-036732,2025-08-20,657.03,717.6474967099548
TR-036733,2025-08-20,2707.86,2723.142129950028
TR-036734,2025-08-20,2152.23,2291.2578080510093
TR-036735,2025-08-20,3067.5,3139.678217628639
TR-036736,2025-08-20,1009.51,1030.92252037743
TR-036737,2025-08-20,2068.94,2559.481983559981
TR-036738,2025-08-20,4399.22,4209.132588357645
TR-036739,2025-08-20,910.13,923.1788864088321
TR-036740,2025-08-20,1244.46,1252.9497267117417
TR-036741,2025-08-20,2054.36,2233.537122270082
TR-036742,2025-08-20,3311.12,3583.7359864609843
TR-036743,2025-08-20,3116.25,3321.357242726746
TR-036744,2025-08-20,972.59,1004.0046838669925
TR-036745,2025-08-20,1528.99,1576.1145647249846
TR-036746,2025-08-20,904.99,868.4414620396174
TR-036747,2025-08-20,2681.57,2673.5120413823715
TR-036748,2025-08-20,4782.94,4736.388570250527
TR-036749,2025-08-20,2305.82,2164.14349972285
TR-036750,2025-08-20,1135.08,1142.2418030798026
TR-036751,2025-08-20,1621.15,1589.4490440104378
TR-036752,2025-08-20,2537.55,2618.081864207941
TR-036753,2025-08-20,1166.11,1154.6502909176734
TR-036754,2025-08-20,1535.6,1439.242719546793
TR-036755,2025-08-20,1724.39,2165.020907474587
TR-036756,2025-08-20,493.53,514.5366824740922
TR-036757,2025-08-20,3778.8,3820.995335438057
TR-036758,2025-08-20,946.97,991.4961996542779
TR-036759,2025-08-20,1586.05,1552.2704958861216
TR-036760,2025-08-20,588.43,694.3058511784873
TR-036761,2025-08-20,3540.52,3536.573953709886
TR-036762,2025-08-20,2164.19,2192.227988004953
TR-036763,2025-08-20,4327.83,4214.335208126562
TR-036764,2025-08-20,4999.28,4896.599041132652
TR-036765,2025-08-20,4525.36,4608.758540337414
TR-036766,2025-08-20,1804.96,1739.1199134081623
TR-036767,2025-08-20,1452.84,1383.5838410941399
TR-036768,2025-08-20,3612.33,3646.204241910184
TR-036769,2025-08-20,660.26,683.6612587527659
TR-036770,2025-08-20,5089.9,5210.278863072717
TR-036771,2025-08-20,4681.91,4690.545994608714
TR-036772,2025-08-20,989.75,1020.8841543542414
TR-036773,2025-08-20,3808.51,3832.20686927154
TR-036774,2025-08-20,2535.37,2156.029219136777
TR-036775,2025-08-20,2002.27,2115.3369694708967
TR-036776,2025-08-20,1186.24,1219.6856743078156
TR-036777,2025-08-20,3466.25,3231.571533889811
TR-036778,2025-08-21,697.99,798.7778756975117
TR-036779,2025-08-21,2390.25,2662.916678868308
TR-036780,2025-08-21,949.82,1011.2038190067453
TR-036781,2025-08-21,2029.95,1945.057239359232
TR-036782,2025-08-21,1791.15,1761.1371008720153
TR-036783,2025-08-21,1570.09,1541.5767462002473
TR-036784,2025-08-21,2239.63,2349.5979743874527
TR-036785,2025-08-21,1638.23,1569.061081410772
TR-036786,2025-08-21,990.81,990.2173076461872
TR-036787,2025-08-21,3892.62,3985.095241100148
TR-036788,2025-08-21,971.16,1010.1309449494428
TR-036789,2025-08-21,1270.17,1322.8856724946427
TR-036790,2025-08-21,5285.51,5184.384748060447
TR-036791,2025-08-21,847.21,861.4898550488854
TR-036792,2025-08-21,5067.94,4909.674685176132
TR-036793,2025-08-21,4868.53,4655.554771431504
TR-036794,2025-08-21,1579.37,1695.5502169131441
TR-036795,2025-08-21,3794.2,3622.178041309311
TR-036796,2025-08-21,1145.33,1161.6944205471636
TR-036797,2025-08-21,1837.01,1981.6825552737143
TR-036798,2025-08-21,748.1,788.6967107880857
TR-036799,2025-08-21,1619.03,1792.2971634983164
TR-036800,2025-08-21,2244.95,2298.320361550442
TR-036801,2025-08-21,2897.26,3032.0486117584555
TR-036802,2025-08-21,1933.26,1940.45657954626
TR-036803,2025-08-21,6445.9,6058.74829090055
TR-036804,2025-08-21,3509.63,3488.230485652302
TR-036805,2025-08-21,881.82,923.3995787438862
TR-036806,2025-08-21,1117.21,1168.0806859510988
TR-036807,2025-08-21,884.12,834.2139718556275
TR-036808,2025-08-21,1004.87,985.4685585903715
TR-036809,2025-08-21,1786.82,1869.2443108632199
TR-036810,2025-08-21,1253.59,1244.0983315845206
TR-036811,2025-08-21,4403.73,4319.23551852266
TR-036812,2025-08-21,767.18,784.509109318948
TR-036813,2025-08-21,3856.7,4101.927211209373
TR-036814,2025-08-21,1758.47,1819.1551721320639
TR-036815,2025-08-21,2669.68,2897.998261982241
TR-036816,2025-08-21,1292.01,1265.2310320227368
TR-036817,2025-08-21,3610.69,3611.4222083793093
TR-036818,2025-08-21,1019.65,1113.3569078423784
TR-036819,2025-08-21,333.85,380.81022546387885
TR-036820,2025-08-21,2059.99,2202.740879545341
TR-036821,2025-08-21,1276.36,1340.1957986880286
TR-036822,2025-08-21,4884.31,4593.337240111739
TR-036823,2025-08-21,2222.35,2143.2696572061705
TR-036824,2025-08-21,1108.91,1107.7905656515682
TR-036825,2025-08-21,3056.51,3048.525253908814
TR-036826,2025-08-21,2399.16,2317.6503578603933
TR-036827,2025-08-21,3246.87,3452.3592046442805
TR-036828,2025-08-21,918.93,984.662873737301
TR-036829,2025-08-21,3712.27,3605.6239432526245
TR-036830,2025-08-21,1929.4,1965.0801008871176
TR-036831,2025-08-21,1986.98,1977.8462137590452
TR-036832,2025-08-21,2160.97,2407.283513510745
TR-036833,2025-08-21,2817.46,3016.20882167409
TR-036834,2025-08-21,3299.81,3269.1885025491893
TR-036835,2025-08-21,6089.99,5971.126899500332
TR-036836,2025-08-21,2457.42,2267.6362093166363
TR-036837,2025-08-21,1202.6,1189.1532219505336
TR-036838,2025-08-21,2550.17,2348.800915064195
TR-036839,2025-08-21,1642.54,1681.9082484033354
TR-036840,2025-08-21,1239.55,1231.581646103673
TR-036841,2025-08-21,2014.39,1969.46044009163
TR-036842,2025-08-21,1775.15,1984.1754955622073
TR-036843,2025-08-21,842.84,904.2018864872634
TR-036844,2025-08-21,1736.32,1763.0374993837445
TR-036845,2025-08-21,2515.93,2434.9219972607048
TR-036846,2025-08-21,1714.47,1699.3262108470608
TR-036847,2025-08-21,1150.61,1147.3889030050727
TR-036848,2025-08-21,1076.29,1150.5720284679828
TR-036849,2025-08-21,1611.52,1593.426634949149
TR-036850,2025-08-21,515.58,634.3379623522333
TR-036851,2025-08-21,1628.64,1613.324758595718
TR-036852,2025-08-21,1712.3,1727.6313853113793
TR-036853,2025-08-21,4457.75,4490.965083378439
TR-036854,2025-08-21,1136.15,1146.2915545417773
TR-036855,2025-08-21,3759.61,3630.123181795705
TR-036856,2025-08-21,3034.0,3157.9945825488576
TR-036857,2025-08-21,2928.26,2926.38018085822
TR-036858,2025-08-21,1902.46,2039.7151422725215
TR-036859,2025-08-21,2817.21,2769.741059489077
TR-036860,2025-08-21,1879.48,1929.6920622763323
TR-036861,2025-08-21,1845.85,1830.5452785143568
TR-036862,2025-08-21,2318.82,2575.272899513403
TR-036863,2025-08-21,1856.59,1837.7678401593603
TR-036864,2025-08-21,3400.02,3511.1498069935346
TR-036865,2025-08-21,1034.15,1081.5036957267596
TR-036866,2025-08-21,2274.67,2535.5693156970433
TR-036867,2025-08-21,3866.5,3810.7521040980787
TR-036868,2025-08-21,550.87,620.1738521698005
TR-036869,2025-08-21,2077.94,2079.159947858752
TR-036870,2025-08-21,1560.6,1607.915404213174
TR-036871,2025-08-21,506.1,606.2417082173754
TR-036872,2025-08-21,4790.81,5134.978903417759
TR-036873,2025-08-21,1957.68,1886.6095438099755
TR-036874,2025-08-21,3303.46,3423.468009919493
TR-036875,2025-08-21,2290.55,2104.2197256259683
TR-036876,2025-08-21,1119.74,1140.0322344623753
TR-036877,2025-08-21,1889.92,1932.9618345266172
TR-036878,2025-08-21,1867.94,1791.472649646268
TR-036879,2025-08-21,1640.97,1549.455851104502
TR-036880,2025-08-21,1284.06,1364.8863594661718
TR-036881,2025-08-21,1440.59,1417.102012798592
TR-036882,2025-08-21,5418.53,5392.893514594729
TR-036883,2025-08-21,2669.51,2664.01916842835
TR-036884,2025-08-21,2243.76,2318.130235269139
TR-036885,2025-08-21,3686.52,3668.4989691068463
TR-036886,2025-08-21,3291.83,3634.805335228323
TR-036887,2025-08-21,2216.2,2384.2236498991333
TR-036888,2025-08-21,316.32,410.7982536513018
TR-036889,2025-08-21,4229.19,4133.265399235814
TR-036890,2025-08-21,916.1,939.8063954803417
TR-036891,2025-08-21,4069.8,4135.820922527739
TR-036892,2025-08-21,3132.63,3006.3702612442466
TR-036893,2025-08-21,1151.52,1115.4330147112978
TR-036894,2025-08-21,3740.47,3890.838171778659
TR-036895,2025-08-21,1761.83,1727.5664620448697
TR-036896,2025-08-21,227.45,409.36785786491987
TR-036897,2025-08-21,3116.42,3249.4052219684745
TR-036898,2025-08-21,3538.11,3519.6249115401897
TR-036899,2025-08-21,1396.51,1370.6281123295107
TR-036900,2025-08-21,1891.09,1844.4705921622235
TR-036901,2025-08-21,679.82,739.0743717245534
TR-036902,2025-08-21,1090.2,1063.6372519492231
TR-036903,2025-08-21,3525.78,3502.2982487719146
TR-036904,2025-08-21,3345.13,3507.1080115893164
TR-036905,2025-08-21,3381.17,3516.389467897651
TR-036906,2025-08-21,5342.18,5274.99496224504
TR-036907,2025-08-21,4353.98,4371.245271220985
TR-036908,2025-08-21,578.24,667.9582592919867
TR-036909,2025-08-21,1648.21,1695.2455405213195
TR-036910,2025-08-21,526.23,573.4954872911696
TR-036911,2025-08-21,2766.38,2835.823021841428
TR-036912,2025-08-21,2474.42,2210.9692867753815
TR-036913,2025-08-21,3814.88,3927.8241118339256
TR-036914,2025-08-21,1161.68,1165.7581789261515
TR-036915,2025-08-21,2231.31,2315.3163517461044
TR-036916,2025-08-21,2401.98,2365.4844810702393
TR-036917,2025-08-21,2888.44,2845.348272258901
TR-036918,2025-08-21,1856.3,1810.9571502245112
TR-036919,2025-08-21,2593.53,2865.874269008466
TR-036920,2025-08-21,2925.55,3279.4021930136782
TR-036921,2025-08-21,1272.48,1303.6064622293457
TR-036922,2025-08-21,648.07,725.1460661935948
TR-036923,2025-08-21,5258.82,5358.500524884599
TR-036924,2025-08-21,249.52,817.3272930987039
TR-036925,2025-08-21,2773.08,2749.6652717235993
TR-036926,2025-08-21,2780.93,3092.499897510561
TR-036927,2025-08-21,4470.46,4475.183071982048
TR-036928,2025-08-21,2415.52,2793.8363069082134
TR-036929,2025-08-21,2272.12,2322.7487860929496
TR-036930,2025-08-21,14362.88,3560.957409858166
TR-036931,2025-08-21,2555.97,2559.3835890961377
TR-036932,2025-08-21,5076.78,5369.4843296064955
TR-036933,2025-08-21,3778.41,3693.961038021122
TR-036934,2025-08-21,3556.83,3598.396380688033
TR-036935,2025-08-21,935.62,984.9980311130435
TR-036936,2025-08-21,1011.03,1034.4601915334124
TR-036937,2025-08-21,1645.78,1636.6466624824707
TR-036938,2025-08-21,4947.36,5049.176041928469
TR-036939,2025-08-21,1275.31,1273.7342432138123
TR-036940,2025-08-21,4222.13,4287.742035027546
TR-036941,2025-08-21,3501.53,3625.701305220843
TR-036942,2025-08-21,2180.5,2355.8575855853205
TR-036943,2025-08-22,1029.15,1062.9823956645494
TR-036944,2025-08-22,1334.05,1360.8516279930259
TR-036945,2025-08-22,1525.93,1539.9212778070287
TR-036946,2025-08-22,348.27,480.5823872066519
TR-036947,2025-08-22,954.67,994.4734972235526
TR-036948,2025-08-22,1958.51,2090.0174086769507
TR-036949,2025-08-22,5154.03,4966.596670818702
TR-036950,2025-08-22,842.65,859.9353744264997
TR-036951,2025-08-22,3665.34,3663.7180654344393
TR-036952,2025-08-22,1946.35,1959.3967562542093
TR-036953,2025-08-22,664.28,1846.3341384365976
TR-036954,2025-08-22,4097.41,4215.067606278042
TR-036955,2025-08-22,1537.52,1486.9349115880968
TR-036956,2025-08-22,3218.08,3240.726803884353
TR-036957,2025-08-22,2701.36,2807.493375782072
TR-036958,2025-08-22,573.81,604.3467083390065
TR-036959,2025-08-22,1697.95,1727.9593943104287
TR-036960,2025-08-22,695.52,751.8696078979312
TR-036961,2025-08-22,1109.67,3647.8766193953898
TR-036962,2025-08-22,4321.15,4274.101770141234
TR-036963,2025-08-22,5249.85,5354.689016044831
TR-036964,2025-08-22,1866.21,1894.3281046752313
TR-036965,2025-08-22,2688.22,2635.31200154978
TR-036966,2025-08-22,1306.2,1286.5268894804967
TR-036967,2025-08-22,2127.18,2111.7143305657582
TR-036968,2025-08-22,1962.15,1957.5599688938269
TR-036969,2025-08-22,1022.31,1030.1567815155522
TR-036970,2025-08-22,3930.77,4020.604052180258
TR-036971,2025-08-22,2197.33,2285.2509505954918
TR-036972,2025-08-22,239.63,447.00313588582594
TR-036973,2025-08-22,946.18,903.4231705624643
TR-036974,2025-08-22,2460.35,2600.896478918422
TR-036975,2025-08-22,5255.27,5072.551848271073
TR-036976,2025-08-22,4195.1,4177.479531737875
TR-036977,2025-08-22,1262.86,1269.703789404099
TR-036978,2025-08-22,1053.46,1090.730116825027
TR-036979,2025-08-22,1241.93,1336.6464587788332
TR-036980,2025-08-22,4522.51,4534.9956604693325
TR-036981,2025-08-22,3349.09,3451.694765518573
TR-036982,2025-08-22,526.72,605.1769257401638
TR-036983,2025-08-22,4815.5,4993.129710796854
TR-036984,2025-08-22,3303.55,3336.4219503815034
TR-036985,2025-08-22,3635.08,3326.594484851185
TR-036986,2025-08-22,1863.97,1762.107669776656
TR-036987,2025-08-22,1871.41,1812.3541595677848
TR-036988,2025-08-22,1547.77,1516.5341217791854
TR-036989,2025-08-22,666.16,709.2607921419872
TR-036990,2025-08-22,2285.14,2299.3395656375687
TR-036991,2025-08-22,1405.65,1427.423583903382
TR-036992,2025-08-22,754.23,798.2214594565023
TR-036993,2025-08-22,3060.21,3195.3116210960243
TR-036994,2025-08-22,1216.75,1248.4067174492766
TR-036995,2025-08-22,2960.5,3040.9215334361434
TR-036996,2025-08-22,1947.58,1990.0188197376099
TR-036997,2025-08-22,1676.59,1710.6794919899226
TR-036998,2025-08-22,1857.57,1856.1295348919289
TR-036999,2025-08-22,2961.48,2993.2237411159927
TR-037000,2025-08-22,2064.48,2050.0833668350424
TR-037001,2025-08-22,2454.6,2468.387131625105
TR-037002,2025-08-22,2147.36,2218.8032385551205
TR-037003,2025-08-22,1343.79,1364.2886808599078
TR-037004,2025-08-22,1784.4,1759.7101031755637
TR-037005,2025-08-22,1785.93,1852.2161664801204
TR-037006,2025-08-22,1400.87,1411.3323343551388
TR-037007,2025-08-22,5043.72,4807.915722332097
TR-037008,2025-08-22,4386.83,4214.938446587208
TR-037009,2025-08-22,1935.05,1896.952168581065
TR-037010,2025-08-22,1328.92,1348.2529902735432
TR-037011,2025-08-22,1021.56,1047.2689376446106
TR-037012,2025-08-22,3409.39,3311.405839570927
TR-037013,2025-08-22,2999.84,3021.3725622156435
TR-037014,2025-08-22,1611.21,1593.782347816326
TR-037015,2025-08-22,855.73,914.4149116232645
TR-037016,2025-08-22,2162.53,2147.140900283585
TR-037017,2025-08-22,3853.5,3756.055910836996
TR-037018,2025-08-22,709.62,794.1055636371923
TR-037019,2025-08-22,1572.54,1649.1591353669958
TR-037020,2025-08-22,2631.26,2539.8810461392764
TR-037021,2025-08-22,4036.45,3997.9573665944317
TR-037022,2025-08-22,3321.75,3591.9492930912384
TR-037023,2025-08-22,679.98,729.8922042864833
TR-037024,2025-08-22,1002.94,1005.5616735252365
TR-037025,2025-08-22,3095.69,2987.5571703789274
TR-037026,2025-08-22,2806.91,2919.824530416476
TR-037027,2025-08-22,5454.33,5463.13700544498
TR-037028,2025-08-22,4504.06,4353.446302584269
TR-037029,2025-08-22,1004.1,997.6062542335806
TR-037030,2025-08-22,1573.25,1552.3521924494466
TR-037031,2025-08-22,3219.57,3266.992011576174
TR-037032,2025-08-22,2652.04,2376.1452277306043
TR-037033,2025-08-22,1680.37,1693.9193334525978
TR-037034,2025-08-22,3740.15,3833.001151053582
TR-037035,2025-08-22,5376.34,5394.796795232961
TR-037036,2025-08-22,1506.92,1527.0030183210297
TR-037037,2025-08-22,4308.01,4333.253521885867
TR-037038,2025-08-22,1879.92,1914.8425395538836
TR-037039,2025-08-22,1318.97,1306.0228128907952
TR-037040,2025-08-22,707.9,745.0762164298551
TR-037041,2025-08-22,2404.88,2388.483391071482
TR-037042,2025-08-22,1524.89,1664.9313116932371
TR-037043,2025-08-22,2476.08,2351.0308075042635
TR-037044,2025-08-22,1382.58,1350.7420381785473
TR-037045,2025-08-22,1765.69,1982.886317871072
TR-037046,2025-08-22,1305.11,1303.5482363462095
TR-037047,2025-08-22,4092.43,3978.275297189161
TR-037048,2025-08-22,607.66,719.9148019942318
TR-037049,2025-08-22,1649.33,1608.1854332751316
TR-037050,2025-08-22,5347.7,5341.610287403831
TR-037051,2025-08-22,1765.59,1719.3774400427017
TR-037052,2025-08-22,2048.33,2001.8161316435906
TR-037053,2025-08-22,2025.53,2065.1635134138874
TR-037054,2025-08-22,4752.73,4743.9685413778925
TR-037055,2025-08-22,1782.3,1771.5170726201595
TR-037056,2025-08-22,2333.46,2373.54593647422
TR-037057,2025-08-22,862.5,894.9676060019233
TR-037058,2025-08-22,6036.06,5982.01852883059
TR-037059,2025-08-22,1218.12,1241.9993564045571
TR-037060,2025-08-22,445.02,522.1901781565668
TR-037061,2025-08-22,947.41,961.7730437073185
TR-037062,2025-08-22,460.11,553.6416633417844
TR-037063,2025-08-22,5754.79,5636.468274711629
TR-037064,2025-08-22,2154.21,2278.849855224568
TR-037065,2025-08-22,2438.81,2572.620571794348
TR-037066,2025-08-22,3197.26,3419.065130178962
TR-037067,2025-08-22,5150.15,5096.406198732118
TR-037068,2025-08-22,2655.51,2303.575094555577
TR-037069,2025-08-22,958.7,932.4126526402099
TR-037070,2025-08-22,3207.35,3259.1291129730093
TR-037071,2025-08-22,1741.96,1705.7940339170245
TR-037072,2025-08-22,2491.35,2699.4862303347977
TR-037073,2025-08-22,1015.7,1061.401804907729
TR-037074,2025-08-22,3837.73,3926.2947747790495
TR-037075,2025-08-22,440.22,545.5458627128783
TR-037076,2025-08-23,4926.52,4965.91198588568
TR-037077,2025-08-23,2243.56,2098.643204225826
TR-037078,2025-08-23,1403.99,1599.0864913947923
TR-037079,2025-08-23,758.3,841.0135051828593
TR-037080,2025-08-23,5422.12,5091.300883759389
TR-037081,2025-08-23,3864.3,4055.883871908397
TR-037082,2025-08-23,2355.88,2377.884314395987
TR-037083,2025-08-23,4208.52,4534.190163587251
TR-037084,2025-08-23,876.19,908.451112312129
TR-037085,2025-08-23,680.26,747.4738279049009
TR-037086,2025-08-23,1540.43,1604.4122085050003
TR-037087,2025-08-23,2336.74,2479.841594077313
TR-037088,2025-08-23,3525.59,3786.5979195067744
TR-037089,2025-08-23,3444.13,3640.083370444103
TR-037090,2025-08-23,1364.33,1375.4449436675397
TR-037091,2025-08-23,3290.93,3371.8556074699254
TR-037092,2025-08-23,2906.55,3082.002367100066
TR-037093,2025-08-23,1712.77,1635.6098997531114
TR-037094,2025-08-23,1885.57,1891.6143647387394
TR-037095,2025-08-23,2926.84,2759.5593352875267
TR-037096,2025-08-23,1670.48,1677.7027586270256
TR-037097,2025-08-23,4443.39,4401.037302359997
TR-037098,2025-08-23,2889.83,3146.986324229249
TR-037099,2025-08-23,2091.31,2174.254986443185
TR-037100,2025-08-23,4058.8,3846.7182849514866
TR-037101,2025-08-23,3483.18,3586.035865929516
TR-037102,2025-08-23,2376.56,2313.9216042494413
TR-037103,2025-08-23,1290.75,1313.3130042170064
TR-037104,2025-08-23,2556.88,2692.59235303866
TR-037105,2025-08-23,1196.96,1210.7375742014292
TR-037106,2025-08-23,692.62,716.1053924191292
TR-037107,2025-08-23,2441.75,2121.9271619187184
TR-037108,2025-08-23,2519.17,2822.5414589725096
TR-037109,2025-08-23,934.38,989.5949712140491
TR-037110,2025-08-23,3935.77,3994.8027667992687
TR-037111,2025-08-23,3257.83,3144.430047374889
TR-037112,2025-08-23,3184.54,3197.381470784064
TR-037113,2025-08-23,4835.13,4775.828741355789
TR-037114,2025-08-23,1780.64,1751.7907931672607
TR-037115,2025-08-23,1139.21,1150.1769677904927
TR-037116,2025-08-23,4088.62,4329.830768497792
TR-037117,2025-08-23,1381.48,1395.2904721986397
TR-037118,2025-08-23,1249.48,1294.6904526824405
TR-037119,2025-08-23,4499.44,4359.80573601084
TR-037120,2025-08-23,1892.08,1868.8548744254958
TR-037121,2025-08-23,3369.7,3324.3129478736296
TR-037122,2025-08-23,723.37,826.1234541072677
TR-037123,2025-08-23,3188.75,3259.4403611099624
TR-037124,2025-08-23,1866.9,1918.754472414677
TR-037125,2025-08-23,725.06,754.0771106374918
TR-037126,2025-08-23,1077.88,1077.8118544192944
TR-037127,2025-08-23,5864.87,5484.024895829595
TR-037128,2025-08-23,1366.32,1382.124179899302
TR-037129,2025-08-23,1851.36,1994.0454642303557
TR-037130,2025-08-23,2880.2,2949.2524272680475
TR-037131,2025-08-23,3638.89,3882.1683205870904
TR-037132,2025-08-23,2111.16,2266.8648202595527
TR-037133,2025-08-23,1641.34,1685.3409567652434
TR-037134,2025-08-23,1625.2,1610.7150407124677
TR-037135,2025-08-23,3460.44,3554.9730749788937
TR-037136,2025-08-23,736.46,780.8199399968998
TR-037137,2025-08-23,3151.74,2813.9933194859323
TR-037138,2025-08-23,1956.23,1984.566153295499
TR-037139,2025-08-23,810.86,876.044151968566
TR-037140,2025-08-23,1318.15,1294.475402090205
TR-037141,2025-08-23,5267.91,5100.73124775444
TR-037142,2025-08-23,3878.02,4075.878222141604
TR-037143,2025-08-23,1310.97,1286.3914013787044
TR-037144,2025-08-23,2049.1,2495.55647093751
TR-037145,2025-08-23,1656.94,1553.0635557944283
TR-037146,2025-08-23,1101.21,1103.0631735534262
TR-037147,2025-08-23,5110.7,5170.157336912212
TR-037148,2025-08-23,1363.09,1326.5416165542242
TR-037149,2025-08-23,4900.82,4917.80866007517
TR-037150,2025-08-23,5360.53,5579.274975870958
TR-037151,2025-08-23,723.28,803.8655642009044
TR-037152,2025-08-23,1486.62,1497.0959654962426
TR-037153,2025-08-23,953.04,969.6861932329944
TR-037154,2025-08-23,1516.82,1568.1431297735173
TR-037155,2025-08-23,3723.95,3701.0367435700427
TR-037156,2025-08-23,5328.33,5503.829455046887
TR-037157,2025-08-23,1210.95,1288.9667093269522
TR-037158,2025-08-23,3061.05,3160.2002282753538
TR-037159,2025-08-23,1473.63,1548.6477435944735
TR-037160,2025-08-23,901.03,915.4246800010355
TR-037161,2025-08-23,2549.6,2396.188543668943
TR-037162,2025-08-23,4575.83,4595.36617605434
TR-037163,2025-08-23,4779.29,4713.604279799962
TR-037164,2025-08-23,1496.84,1573.0355967534579
TR-037165,2025-08-23,2721.41,2884.4249729800604
TR-037166,2025-08-23,4364.43,4387.036007661909
TR-037167,2025-08-23,1215.08,1200.0674905256744
TR-037168,2025-08-23,1303.3,1262.4931399104044
TR-037169,2025-08-23,2517.13,2482.9805888973046
TR-037170,2025-08-23,1874.15,1874.0217821533581
TR-037171,2025-08-23,1199.57,1188.0474236906898
TR-037172,2025-08-23,1789.85,1850.9868403971159
TR-037173,2025-08-23,1416.31,1390.6689499788968
TR-037174,2025-08-23,11981.0,2751.493739107838
TR-037175,2025-08-23,5002.47,4880.430509243519
TR-037176,2025-08-23,5160.6,5409.550540981207
TR-037177,2025-08-23,885.63,889.7615974634541
TR-037178,2025-08-23,1324.98,1389.7165103999564
TR-037179,2025-08-23,4140.5,4230.145324115484
TR-037180,2025-08-23,2260.55,2170.4306686036884
TR-037181,2025-08-23,4415.77,4345.475081195048
TR-037182,2025-08-23,1231.15,1208.3036598443164
TR-037183,2025-08-23,1697.97,1698.8560587131374
TR-037184,2025-08-23,218.9,474.0962361959473
TR-037185,2025-08-23,1743.3,1766.5356000506372
TR-037186,2025-08-23,4165.97,4366.12699601843
TR-037187,2025-08-23,2685.36,2723.5755152981974
TR-037188,2025-08-23,3482.37,3658.134538438888
TR-037189,2025-08-23,1633.05,1613.482655272127
TR-037190,2025-08-23,2125.42,2291.8972313331687
TR-037191,2025-08-23,4179.22,4417.0308291932015
TR-037192,2025-08-23,1566.73,1632.6004966518176
TR-037193,2025-08-23,975.11,985.4513057837357
TR-037194,2025-08-23,2326.77,2228.1396994350916
TR-037195,2025-08-23,4032.25,4098.033721726975
TR-037196,2025-08-23,1121.81,1159.1701750666612
TR-037197,2025-08-23,2181.88,2250.793546524192
TR-037198,2025-08-23,2853.66,2869.078796636786
TR-037199,2025-08-23,2683.95,2828.036654714122
TR-037200,2025-08-23,3852.12,3720.2739740423713
TR-037201,2025-08-23,494.37,1673.0576304956314
TR-037202,2025-08-23,2113.74,2334.009169931803
TR-037203,2025-08-23,1101.03,1116.1736575856735
TR-037204,2025-08-23,2792.02,3152.1248442753067
TR-037205,2025-08-23,3303.78,3428.6770886299664
TR-037206,2025-08-23,1006.46,1030.3868750993856
TR-037207,2025-08-23,1403.05,1367.8913169497691
TR-037208,2025-08-23,3642.59,3819.274460830216
TR-037209,2025-08-23,3282.53,3635.7955001531036
TR-037210,2025-08-23,1815.02,1811.376731810792
TR-037211,2025-08-23,2267.3,2448.8749969239157
TR-037212,2025-08-23,889.93,922.7545066261034
TR-037213,2025-08-23,542.39,627.9909253135879
TR-037214,2025-08-23,1702.34,1684.851175106216
TR-037215,2025-08-23,3111.47,3250.8815030133387
TR-037216,2025-08-23,1704.0,1674.7405545030413
TR-037217,2025-08-23,1724.25,1821.6698769988893
TR-037218,2025-08-23,1671.16,1664.5797482128505
TR-037219,2025-08-23,713.05,816.6804290720736
TR-037220,2025-08-23,3469.59,3476.39232061284
TR-037221,2025-08-23,2537.24,2103.806484320317
TR-037222,2025-08-23,3286.22,3491.2715762003154
TR-037223,2025-08-23,2369.52,2409.3013174636367
TR-037224,2025-08-23,3002.99,3304.238700887589
TR-037225,2025-08-23,2073.2,1966.6482106278493
TR-037226,2025-08-23,2112.13,2347.3512571432157
TR-037227,2025-08-23,1125.28,1144.7679220308082
TR-037228,2025-08-23,1468.95,1464.8753534103475
TR-037229,2025-08-23,995.3,1029.3355440647406
TR-037230,2025-08-23,838.07,910.4014232426578
TR-037231,2025-08-23,567.49,616.6240497622484
TR-037232,2025-08-23,1992.45,1863.9343389001265
TR-037233,2025-08-23,918.74,945.1339220824714
TR-037234,2025-08-23,2662.69,732.589106908388
TR-037235,2025-08-24,1919.73,2010.0234560240033
TR-037236,2025-08-24,1929.14,2016.0337340287776
TR-037237,2025-08-24,1721.44,1663.2251678967814
TR-037238,2025-08-24,3997.77,4013.498376819973
TR-037239,2025-08-24,1538.17,1545.51823189501
TR-037240,2025-08-24,935.47,934.3301198945164
TR-037241,2025-08-24,3683.01,3964.5694449017315
TR-037242,2025-08-24,4757.86,5104.958441629442
TR-037243,2025-08-24,2077.63,2249.4429303687157
TR-037244,2025-08-24,622.91,698.4464878441436
TR-037245,2025-08-24,3315.62,3308.6004962202796
TR-037246,2025-08-24,5060.31,5045.781577139611
TR-037247,2025-08-24,2428.63,2276.3256348632503
TR-037248,2025-08-24,1041.67,1025.3752551635666
TR-037249,2025-08-24,1498.19,1484.1613903754633
TR-037250,2025-08-24,4630.16,4525.713408096876
TR-037251,2025-08-24,1109.63,1187.868573516565
TR-037252,2025-08-24,459.39,560.278186138165
TR-037253,2025-08-24,2897.07,2843.595733004307
TR-037254,2025-08-24,2296.82,2208.6338931639366
TR-037255,2025-08-24,3009.15,2955.106561944785
TR-037256,2025-08-24,3421.87,3618.61102189546
TR-037257,2025-08-24,2409.45,2507.1903446920887
TR-037258,2025-08-24,4695.99,4776.4164348997965
TR-037259,2025-08-24,947.31,1001.6348292658892
TR-037260,2025-08-24,1006.34,1057.7862190711603
TR-037261,2025-08-24,4110.03,4223.1025014857405
TR-037262,2025-08-24,922.96,955.0253992346206
TR-037263,2025-08-24,726.92,748.4697189577735
TR-037264,2025-08-24,2773.9,2985.2534110015604
TR-037265,2025-08-24,1541.65,1498.560910201052
TR-037266,2025-08-24,2215.4,2023.537989292935
TR-037267,2025-08-24,4531.67,4487.3751806053115
TR-037268,2025-08-24,3618.48,3896.12599678652
TR-037269,2025-08-24,3500.98,3566.522934660548
TR-037270,2025-08-24,1170.1,1182.132219928677
TR-037271,2025-08-24,2317.13,2457.928739754958
TR-037272,2025-08-24,1101.68,1135.5012245188382
TR-037273,2025-08-24,873.25,927.7912613910898
TR-037274,2025-08-24,321.32,519.3837888509681
TR-037275,2025-08-24,1629.18,1673.9590869328588
TR-037276,2025-08-24,5138.3,5151.06761794386
TR-037277,2025-08-24,3513.12,3599.096366403631
TR-037278,2025-08-24,1986.79,1954.7959737164683
TR-037279,2025-08-24,740.97,825.0439391480995
TR-037280,2025-08-24,1706.19,1752.9073690336788
TR-037281,2025-08-24,2191.06,2314.6771281454608
TR-037282,2025-08-24,3617.33,3714.5546387870313
TR-037283,2025-08-24,1198.94,1232.424326647125
TR-037284,2025-08-24,2581.04,2782.7889814230284
TR-037285,2025-08-24,1306.66,1291.1552350423808
TR-037286,2025-08-24,2053.79,1937.4583038755143
TR-037287,2025-08-24,3788.44,3849.4982805423815
TR-037288,2025-08-24,4348.94,4317.504123663661
TR-037289,2025-08-24,1763.23,1790.0800860565882
TR-037290,2025-08-24,1802.36,1850.0741553140997
TR-037291,2025-08-24,1871.34,1894.5134300594011
TR-037292,2025-08-24,3761.88,3781.432365464738
TR-037293,2025-08-24,306.45,409.0936063700856
TR-037294,2025-08-24,2457.2,2791.7329553520754
TR-037295,2025-08-24,1299.89,1365.6832304746677
TR-037296,2025-08-24,2062.13,2027.6538418656476
TR-037297,2025-08-24,1692.16,1784.0669700559909
TR-037298,2025-08-24,2069.21,1982.0867381022856
TR-037299,2025-08-24,583.78,632.8092133919336
TR-037300,2025-08-24,1835.49,1932.3505722635114
TR-037301,2025-08-24,3514.88,3766.8438744767627
TR-037302,2025-08-24,2025.32,1969.2465742172324
TR-037303,2025-08-24,1106.82,1162.4547203236507
TR-037304,2025-08-24,3327.79,3454.8494975603485
TR-037305,2025-08-24,1686.27,1793.1140731210844
TR-037306,2025-08-24,3685.39,3800.3621546318636
TR-037307,2025-08-24,1582.29,1662.5171675411502
TR-037308,2025-08-24,2418.25,2533.3831459391895
TR-037309,2025-08-24,2154.85,2294.2610488982264
TR-037310,2025-08-24,1208.83,1205.6438954552139
TR-037311,2025-08-24,2852.17,2993.487796886686
TR-037312,2025-08-24,2262.34,2384.864566756534
TR-037313,2025-08-24,2692.43,2772.840467108775
TR-037314,2025-08-24,509.3,1544.4439733173556
TR-037315,2025-08-24,869.6,881.2442803969034
TR-037316,2025-08-24,1829.88,1919.6076109866588
TR-037317,2025-08-24,2135.95,2153.738215191255
TR-037318,2025-08-24,2201.68,2270.728877754609
TR-037319,2025-08-24,525.2,520.1400483779612
TR-037320,2025-08-24,1756.81,1848.0882533083504
TR-037321,2025-08-24,2611.16,2582.7834298393846
TR-037322,2025-08-24,4381.12,4551.110896705592
TR-037323,2025-08-24,2271.6,2638.8493711728734
TR-037324,2025-08-24,1734.72,1776.708409754297
TR-037325,2025-08-24,2355.02,2416.855975218952
TR-037326,2025-08-24,666.39,766.0117270979658
TR-037327,2025-08-24,4233.89,4239.573593593235
TR-037328,2025-08-24,3684.57,3856.7373736228624
TR-037329,2025-08-24,1481.86,1479.396537685174
TR-037330,2025-08-24,3854.48,4011.1743528657908
TR-037331,2025-08-24,5577.31,5304.008346406034
TR-037332,2025-08-24,1279.34,1288.5885756295493
TR-037333,2025-08-24,2425.34,2243.914945796841
TR-037334,2025-08-24,1493.17,1513.4251237675899
TR-037335,2025-08-24,2670.46,2727.0990625222234
TR-037336,2025-08-24,2192.56,2446.3078280612567
TR-037337,2025-08-24,1167.75,1194.642872196372
TR-037338,2025-08-24,1401.41,1440.9550251669802
TR-037339,2025-08-24,2028.25,2283.636402565023
TR-037340,2025-08-24,2173.53,2474.4394019737974
TR-037341,2025-08-24,1338.42,1344.861511316713
TR-037342,2025-08-24,2593.02,2577.400758701844
TR-037343,2025-08-24,4711.71,5007.260974855844
TR-037344,2025-08-24,1778.92,1776.8417129018521
TR-037345,2025-08-24,2697.42,2713.451051945439
TR-037346,2025-08-24,2236.9,2413.9491063397577
TR-037347,2025-08-24,787.78,844.3530332003602
TR-037348,2025-08-24,3938.05,4051.5512337951814
TR-037349,2025-08-24,1590.46,1657.2797929567153
TR-037350,2025-08-24,1569.15,1570.0715858079893
TR-037351,2025-08-24,1665.73,1729.867118700137
TR-037352,2025-08-24,1008.38,1034.0910464934025
TR-037353,2025-08-24,3269.5,3241.8663221299716
TR-037354,2025-08-24,3273.33,3282.567911965671
TR-037355,2025-08-24,872.46,907.3119321327229
TR-037356,2025-08-24,1590.15,1590.9792940028174
TR-037357,2025-08-24,3267.86,3331.765047550089
TR-037358,2025-08-24,2927.7,2891.372348353586
TR-037359,2025-08-24,3117.03,3189.4459670929764
TR-037360,2025-08-24,880.37,925.9206832313384
TR-037361,2025-08-24,1858.87,1899.4328012855472
TR-037362,2025-08-24,2437.64,974.8269800430476
TR-037363,2025-08-24,432.79,571.3682454536495
TR-037364,2025-08-24,3581.09,3788.2100999040113
TR-037365,2025-08-24,807.14,821.7015419543927
TR-037366,2025-08-24,1300.28,1292.6434834528677
TR-037367,2025-08-24,2405.38,2524.5617502861824
TR-037368,2025-08-24,1718.36,1790.8744867254538
TR-037369,2025-08-24,1881.99,1788.576177619334
TR-037370,2025-08-24,880.86,920.3458296245526
TR-037371,2025-08-24,442.88,521.6148297533059
TR-037372,2025-08-24,2276.79,2347.716400621912
TR-037373,2025-08-24,2054.57,2080.795223890054
TR-037374,2025-08-24,2247.08,2143.1159454549265
TR-037375,2025-08-24,2294.2,2429.046513740871
TR-037376,2025-08-24,1366.08,1352.290503593746
TR-037377,2025-08-24,2593.96,2481.398989451848
TR-037378,2025-08-24,738.04,829.2061484025548
TR-037379,2025-08-24,2567.17,2630.830073874814
TR-037380,2025-08-24,1093.46,1131.7641153668437
TR-037381,2025-08-24,3343.32,3545.7422239355246
TR-037382,2025-08-24,1895.76,1950.8608475653639
TR-037383,2025-08-24,3927.86,3947.3938706056647
TR-037384,2025-08-24,1108.77,1121.8746726195218
TR-037385,2025-08-24,3090.61,3028.8331733529303
TR-037386,2025-08-24,3118.45,3162.3388666560013
TR-037387,2025-08-24,928.46,931.161750521323
TR-037388,2025-08-24,2422.87,2715.307281303391
TR-037389,2025-08-24,1022.55,1048.355920817645
TR-037390,2025-08-24,2481.43,2581.2670859935774
TR-037391,2025-08-24,1102.93,1159.8226495490376
TR-037392,2025-08-24,894.95,978.3133672000463
TR-037393,2025-08-24,1054.43,1113.221089475876
TR-037394,2025-08-24,2567.52,2760.0387000459723
TR-037395,2025-08-25,2796.73,2834.613546437616
TR-037396,2025-08-25,1661.97,1683.6837801115862
TR-037397,2025-08-25,308.52,463.46248890528636
TR-037398,2025-08-25,3398.73,3725.28908098558
TR-037399,2025-08-25,1453.09,1501.507630682268
TR-037400,2025-08-25,4567.92,4526.49152085934
TR-037401,2025-08-25,1480.31,1562.4806968766297
TR-037402,2025-08-25,3089.86,3223.1716928995015
TR-037403,2025-08-25,1207.44,1236.406229827861
TR-037404,2025-08-25,1354.88,1306.7764986730404
TR-037405,2025-08-25,2525.06,2588.47709381706
TR-037406,2025-08-25,5126.65,5374.418169124912
TR-037407,2025-08-25,2566.58,2710.550849048699
TR-037408,2025-08-25,928.81,942.636733436658
TR-037409,2025-08-25,1745.66,2011.0752912936669
TR-037410,2025-08-25,2645.67,2784.2591041885516
TR-037411,2025-08-25,2631.63,2673.8627055884285
TR-037412,2025-08-25,1576.43,1788.073623227024
TR-037413,2025-08-25,1434.51,1454.1606720077846
TR-037414,2025-08-25,1575.57,1501.657416041998
TR-037415,2025-08-25,4595.87,4805.511560971327
TR-037416,2025-08-25,4488.99,4586.539843775482
TR-037417,2025-08-25,2925.43,3328.8790281445004
TR-037418,2025-08-25,2103.7,2006.706298335799
TR-037419,2025-08-25,631.25,738.4861130648997
TR-037420,2025-08-25,4753.96,4633.756022493928
TR-037421,2025-08-25,1310.54,1294.2246451518392
TR-037422,2025-08-25,2495.39,2407.375743366426
TR-037423,2025-08-25,1761.46,1749.6868083249005
TR-037424,2025-08-25,950.57,1018.6298574497582
TR-037425,2025-08-25,1820.93,1820.81132785891
TR-037426,2025-08-25,6450.5,6108.566898624145
TR-037427,2025-08-25,633.84,3075.813417386412
TR-037428,2025-08-25,1626.05,1564.1203934046544
TR-037429,2025-08-25,1537.62,1535.767622815797
TR-037430,2025-08-25,2450.5,2554.4360720590626
TR-037431,2025-08-25,3075.6,3253.1637564714906
TR-037432,2025-08-25,2575.39,2268.125888178515
TR-037433,2025-08-25,3800.27,3620.0704663725833
TR-037434,2025-08-25,1415.27,1425.3245506091885
TR-037435,2025-08-25,3286.5,3461.6807158899146
TR-037436,2025-08-25,1998.34,2027.2452009786994
TR-037437,2025-08-25,1356.23,1353.9729859280665
TR-037438,2025-08-25,3895.33,4021.2147491082223
TR-037439,2025-08-25,3885.01,3848.0470214582892
TR-037440,2025-08-25,2790.28,2705.307787085746
TR-037441,2025-08-25,3384.09,3332.000463891019
TR-037442,2025-08-25,2734.43,2610.2789259329675
TR-037443,2025-08-25,4507.79,4687.175951155962
TR-037444,2025-08-25,2277.19,2106.215813324694
TR-037445,2025-08-25,1768.34,1851.8839634849737
TR-037446,2025-08-25,3578.75,3774.1298714686204
TR-037447,2025-08-25,4142.32,4269.053142173592
TR-037448,2025-08-25,321.01,484.6340825399586
TR-037449,2025-08-25,999.69,1044.933675587169
TR-037450,2025-08-25,5201.7,5409.769704427501
TR-037451,2025-08-25,1682.14,1744.529009560444
TR-037452,2025-08-25,1058.57,1074.7978513122093
TR-037453,2025-08-25,1336.47,1342.39982547522
TR-037454,2025-08-25,2925.47,2654.0344362573073
TR-037455,2025-08-25,4029.68,4134.418394301123
TR-037456,2025-08-25,1321.95,1285.354066871537
TR-037457,2025-08-25,1730.58,2067.5457522255388
TR-037458,2025-08-25,1929.15,1937.2067668275515
TR-037459,2025-08-25,1017.42,1076.7896061680553
TR-037460,2025-08-25,2191.42,2079.983083281001
TR-037461,2025-08-25,6600.96,6169.243781120393
TR-037462,2025-08-25,3503.39,3718.700126785483
TR-037463,2025-08-25,4342.27,4081.752871349017
TR-037464,2025-08-25,2589.5,2535.4198825012177
TR-037465,2025-08-25,1433.9,1447.8868336631317
TR-037466,2025-08-25,1549.96,1536.8771829052903
TR-037467,2025-08-25,856.35,895.2289546071972
TR-037468,2025-08-25,1147.09,1242.2641586626137
TR-037469,2025-08-25,2731.74,2422.4445756127407
TR-037470,2025-08-25,1355.42,1373.3131614534595
TR-037471,2025-08-25,1389.14,1386.537061266219
TR-037472,2025-08-25,4591.86,4902.514461318081
TR-037473,2025-08-25,4727.74,4876.393171785625
TR-037474,2025-08-25,2511.8,2536.730133958232
TR-037475,2025-08-25,1269.27,1294.5890796857534
TR-037476,2025-08-25,3340.43,3444.1467812934493
TR-037477,2025-08-25,3123.56,3393.726245912471
TR-037478,2025-08-25,1786.52,2044.609378238409
TR-037479,2025-08-25,835.39,850.2677332575388
TR-037480,2025-08-25,2006.14,1974.3780743657485
TR-037481,2025-08-25,3013.5,3209.455147628446
TR-037482,2025-08-25,2283.71,2571.1432091707757
TR-037483,2025-08-25,412.37,474.14712051956894
TR-037484,2025-08-25,1342.31,1373.8701190190739
TR-037485,2025-08-25,3474.89,3442.508816565227
TR-037486,2025-08-25,1781.67,1880.1622495144104
TR-037487,2025-08-25,2230.48,2121.227028745405
TR-037488,2025-08-25,3480.85,3576.2053936560733
TR-037489,2025-08-25,3791.97,3864.117736557474
TR-037490,2025-08-25,470.3,572.3083183870849
TR-037491,2025-08-25,1129.48,1183.3538328154273
TR-037492,2025-08-25,2416.23,2217.3737475302723
TR-037493,2025-08-25,3974.86,3929.518789210345
TR-037494,2025-08-25,1554.96,1756.3793648712483
TR-037495,2025-08-25,1430.57,1460.9120803241717
TR-037496,2025-08-25,1371.93,1386.594382486618
TR-037497,2025-08-25,4704.09,4665.941087712175
TR-037498,2025-08-25,5266.93,5225.784204574282
TR-037499,2025-08-25,2318.21,2367.1231174051063
TR-037500,2025-08-25,4077.42,3856.4417777070003
TR-037501,2025-08-25,2393.51,2634.843075251212
TR-037502,2025-08-25,1793.6,2019.5386885716316
TR-037503,2025-08-25,546.06,607.6922229436288
TR-037504,2025-08-25,471.35,575.6231634696619
TR-037505,2025-08-25,1359.21,1368.9904372405167
TR-037506,2025-08-25,1359.02,1334.6110017264416
TR-037507,2025-08-25,5874.84,5905.039023441694
TR-037508,2025-08-25,1458.43,1456.1965465036806
TR-037509,2025-08-25,759.91,765.1306516956402
TR-037510,2025-08-25,3389.76,3506.385919643956
TR-037511,2025-08-25,4140.17,4254.051353327079
TR-037512,2025-08-25,4029.27,4298.666133605253
TR-037513,2025-08-25,911.49,959.2112654965104
TR-037514,2025-08-25,1814.2,1916.9701739177815
TR-037515,2025-08-25,4270.17,3860.7838420919206
TR-037516,2025-08-25,4172.44,4225.763732823647
TR-037517,2025-08-25,1081.96,1082.107797409271
TR-037518,2025-08-25,2261.4,2324.7453111261434
TR-037519,2025-08-25,580.73,682.0029704118601
TR-037520,2025-08-25,1235.0,1228.0301895128896
TR-037521,2025-08-25,4212.53,4240.1360818153
TR-037522,2025-08-25,3196.39,3593.9315582952295
TR-037523,2025-08-25,1027.81,1087.5419584950364
TR-037524,2025-08-25,3958.96,4043.845868939028
TR-037525,2025-08-25,1672.26,1648.667110010972
TR-037526,2025-08-25,1764.35,1754.8883068601422
TR-037527,2025-08-25,1311.35,1302.2719943176505
TR-037528,2025-08-25,2507.22,2549.3713086417765
TR-037529,2025-08-25,2396.54,2315.2114793619926
TR-037530,2025-08-25,1243.11,1258.8367634669667
TR-037531,2025-08-25,4177.52,4373.493510364884
TR-037532,2025-08-25,891.98,908.6770453310678
TR-037533,2025-08-25,2102.24,2086.5797024597296
TR-037534,2025-08-25,844.6,919.3074571002849
TR-037535,2025-08-25,826.36,854.7591097197144
TR-037536,2025-08-25,4259.34,4376.508938643286
TR-037537,2025-08-25,1223.24,1237.2924232748353
TR-037538,2025-08-26,4207.6,4062.3708286893916
TR-037539,2025-08-26,1704.22,1804.372790383709
TR-037540,2025-08-26,5543.98,5355.569849188406
TR-037541,2025-08-26,1745.83,1736.0320126925708
TR-037542,2025-08-26,2814.36,2762.4883618954927
TR-037543,2025-08-26,3151.52,3284.5391371666087
TR-037544,2025-08-26,1059.53,1032.6578037818276
TR-037545,2025-08-26,882.57,886.4918819853981
TR-037546,2025-08-26,2374.48,2552.953246699722
TR-037547,2025-08-26,529.58,598.659683627644
TR-037548,2025-08-26,776.71,785.9744090795298
TR-037549,2025-08-26,1848.34,1878.288686927661
TR-037550,2025-08-26,2702.67,3084.285934539603
TR-037551,2025-08-26,3359.87,3616.4282705855003
TR-037552,2025-08-26,1875.62,1982.750078859253
TR-037553,2025-08-26,2775.5,2868.9872366669642
TR-037554,2025-08-26,439.78,489.09108919208416
TR-037555,2025-08-26,5253.18,5381.656965936343
TR-037556,2025-08-26,1239.38,1292.1438675794627
TR-037557,2025-08-26,3621.56,3246.5648782907824
TR-037558,2025-08-26,3116.28,3021.319149419385
TR-037559,2025-08-26,1298.15,1309.6532426577826
TR-037560,2025-08-26,4133.81,4271.708582351761
TR-037561,2025-08-26,1935.9,1914.2910820690302
TR-037562,2025-08-26,2753.95,2737.6169309135466
TR-037563,2025-08-26,2148.99,2027.083150631417
TR-037564,2025-08-26,1342.1,1395.6269609522756
TR-037565,2025-08-26,1400.2,1338.8553848100742
TR-037566,2025-08-26,2128.94,2254.162656913936
TR-037567,2025-08-26,2419.5,2359.6341146372083
TR-037568,2025-08-26,480.53,527.1020906029191
TR-037569,2025-08-26,3280.89,3373.645208303513
TR-037570,2025-08-26,2143.84,2206.699825546596
TR-037571,2025-08-26,1999.35,1943.0109961599635
TR-037572,2025-08-26,1840.35,1988.588068347542
TR-037573,2025-08-26,2533.0,2519.183392042293
TR-037574,2025-08-26,769.24,766.326260230403
TR-037575,2025-08-26,2531.82,2469.7660343270145
TR-037576,2025-08-26,3549.2,3777.600216941828
TR-037577,2025-08-26,1683.88,1734.586034178152
TR-037578,2025-08-26,3080.9,3229.036531710702
TR-037579,2025-08-26,3883.87,4120.815243370191
TR-037580,2025-08-26,5314.35,5280.145350782599
TR-037581,2025-08-26,1299.42,1259.7349132455533
TR-037582,2025-08-26,4128.11,4118.3278709797305
TR-037583,2025-08-26,1780.4,1791.4363575697762
TR-037584,2025-08-26,2337.1,2341.1193680006404
TR-037585,2025-08-26,625.66,724.4041326533825
TR-037586,2025-08-26,1485.25,1607.345146999095
TR-037587,2025-08-26,464.06,553.3497952767507
TR-037588,2025-08-26,816.33,832.1443250671559
TR-037589,2025-08-26,2369.79,2592.320869744996
TR-037590,2025-08-26,4074.46,3773.205054272895
TR-037591,2025-08-26,1678.89,1707.9572635749596
TR-037592,2025-08-26,1020.5,1028.1243215884801
TR-037593,2025-08-26,1469.47,1468.6887058312736
TR-037594,2025-08-26,1554.66,1606.7112579043678
TR-037595,2025-08-26,1827.24,1915.899765056228
TR-037596,2025-08-26,531.79,626.516462971945
TR-037597,2025-08-26,1141.64,1169.0955838691686
TR-037598,2025-08-26,3389.74,3439.8126965600395
TR-037599,2025-08-26,2337.5,2482.4504825270815
TR-037600,2025-08-26,2413.43,2499.615600294718
TR-037601,2025-08-26,2448.42,2664.869707976213
TR-037602,2025-08-26,1240.34,1233.984791037184
TR-037603,2025-08-26,4122.47,3729.387996086448
TR-037604,2025-08-26,3751.93,3853.612298304759
TR-037605,2025-08-26,2197.75,2151.723799619888
TR-037606,2025-08-26,2164.68,2151.604413931271
TR-037607,2025-08-26,579.29,674.0638696419335
TR-037608,2025-08-26,3826.84,3857.0408245581198
TR-037609,2025-08-26,3739.54,3588.929898504095
TR-037610,2025-08-26,2247.78,2021.5336657211112
TR-037611,2025-08-26,929.59,954.0002070321102
TR-037612,2025-08-26,626.83,687.3091001897517
TR-037613,2025-08-26,3084.71,3147.250647790788
TR-037614,2025-08-26,3474.44,3620.6182596044628
TR-037615,2025-08-26,892.54,911.7540273775012
TR-037616,2025-08-26,895.86,932.2904262532952
TR-037617,2025-08-26,1149.77,1204.279628153154
TR-037618,2025-08-26,1935.32,2041.2054146926387
TR-037619,2025-08-26,1120.27,1186.2919842696494
TR-037620,2025-08-26,1728.72,1797.6006848850695
TR-037621,2025-08-26,3097.49,3357.446762168852
TR-037622,2025-08-26,4244.53,4430.784301218143
TR-037623,2025-08-26,3724.92,3820.7612453451466
TR-037624,2025-08-26,2607.99,2579.3052486074284
TR-037625,2025-08-26,4145.22,4299.086976140285
TR-037626,2025-08-26,4884.69,4725.293679828338
TR-037627,2025-08-26,1894.18,1852.7596941730449
TR-037628,2025-08-26,3107.88,3075.356902650068
TR-037629,2025-08-26,3343.16,3327.477371522544
TR-037630,2025-08-26,4211.34,4291.859217146799
TR-037631,2025-08-26,234.78,411.65652336962967
TR-037632,2025-08-26,4501.93,4320.324467999833
TR-037633,2025-08-26,4409.52,4460.773580494517
TR-037634,2025-08-26,2734.23,3067.623759139842
TR-037635,2025-08-26,1007.76,1028.9081831890016
TR-037636,2025-08-26,2487.71,2258.224928511122
TR-037637,2025-08-26,1196.28,1193.4399139457964
TR-037638,2025-08-26,4570.74,4474.931713669337
TR-037639,2025-08-26,3756.09,3790.2710821395126
TR-037640,2025-08-26,2804.03,2955.5467561835017
TR-037641,2025-08-26,1768.74,1782.1585058781843
TR-037642,2025-08-26,4834.15,4959.3798109157415
TR-037643,2025-08-26,1909.79,1845.4759383777694
TR-037644,2025-08-26,1452.43,1430.320262756342
TR-037645,2025-08-26,2856.98,2938.647829245153
TR-037646,2025-08-26,3034.16,3024.798280828037
TR-037647,2025-08-26,1569.66,1600.3878697898717
TR-037648,2025-08-26,4760.85,4514.901259765747
TR-037649,2025-08-26,4252.97,4518.95462997031
TR-037650,2025-08-26,5371.91,5380.445017508453
TR-037651,2025-08-26,2678.85,2578.696453066398
TR-037652,2025-08-26,670.09,714.7625151684322
TR-037653,2025-08-26,837.58,878.1084348930037
TR-037654,2025-08-26,2161.67,2092.391321981743
TR-037655,2025-08-26,1815.69,1927.899680747844
TR-037656,2025-08-26,1471.38,1466.3054206028858
TR-037657,2025-08-26,1808.99,1986.0999625994275
TR-037658,2025-08-26,3018.61,3269.3957518843763
TR-037659,2025-08-26,1378.05,1359.858457098787
TR-037660,2025-08-26,3207.68,3366.753969023063
TR-037661,2025-08-26,879.66,969.2385525761883
TR-037662,2025-08-26,3446.98,3610.000447178472
TR-037663,2025-08-26,2254.18,2119.953037292815
TR-037664,2025-08-26,1496.33,1551.0177554850786
TR-037665,2025-08-26,1220.66,1236.0950122771778
TR-037666,2025-08-26,1635.51,1790.563139398624
TR-037667,2025-08-26,3126.4,3289.9748306488655
TR-037668,2025-08-26,800.04,828.4141163334084
TR-037669,2025-08-26,2020.49,2046.0274743246853
TR-037670,2025-08-26,4425.0,4539.362985017233
TR-037671,2025-08-26,4015.37,4141.472251322742
TR-037672,2025-08-26,3653.07,3826.2155652212587
TR-037673,2025-08-26,2850.71,2465.856262576216
TR-037674,2025-08-26,4345.54,4346.684770917488
TR-037675,2025-08-26,1086.98,1166.0605497585116
TR-037676,2025-08-26,2952.96,3326.0143308973074
TR-037677,2025-08-26,2549.25,2890.9227427222704
TR-037678,2025-08-26,2998.91,3270.45112734561
TR-037679,2025-08-26,4163.16,4188.6415269350655
TR-037680,2025-08-26,4425.38,4433.344338087789
TR-037681,2025-08-26,6659.04,6254.1348873161905
TR-037682,2025-08-26,2608.55,2680.9094102894646
TR-037683,2025-08-26,346.48,434.8551379006708
TR-037684,2025-08-26,2434.71,2467.980422311267
TR-037685,2025-08-26,1988.07,2126.2970470654136
TR-037686,2025-08-26,1152.5,1193.1356615343175
TR-037687,2025-08-26,3859.22,4103.644782982062
TR-037688,2025-08-26,669.53,747.4845063539349
TR-037689,2025-08-26,2137.58,2034.8158305575887
TR-037690,2025-08-26,4646.35,4687.104946498609
TR-037691,2025-08-26,481.58,601.2546799838242
TR-037692,2025-08-27,1947.49,1809.5587859759007
TR-037693,2025-08-27,3584.34,3765.4923432326523
TR-037694,2025-08-27,5390.78,5597.514405941494
TR-037695,2025-08-27,971.18,977.2375055441826
TR-037696,2025-08-27,857.47,909.0908516641516
TR-037697,2025-08-27,2380.42,2296.515301295326
TR-037698,2025-08-27,5058.01,4997.860885533222
TR-037699,2025-08-27,794.67,821.1372030875723
TR-037700,2025-08-27,2485.21,2520.154793017623
TR-037701,2025-08-27,1598.8,1538.5791197969224
TR-037702,2025-08-27,489.56,493.43755835836714
TR-037703,2025-08-27,2312.48,2125.8041251995237
TR-037704,2025-08-27,4878.99,5052.052171086098
TR-037705,2025-08-27,897.42,894.278376511671
TR-037706,2025-08-27,2632.86,2823.3395898874196
TR-037707,2025-08-27,741.58,806.1840894175166
TR-037708,2025-08-27,1413.89,1470.796336485229
TR-037709,2025-08-27,2761.5,2645.7887435322536
TR-037710,2025-08-27,1841.26,2082.457993019119
TR-037711,2025-08-27,1106.42,1117.1617481544229
TR-037712,2025-08-27,3653.94,3525.222240935066
TR-037713,2025-08-27,2076.05,2235.3730783245023
TR-037714,2025-08-27,3885.89,3837.78053221299
TR-037715,2025-08-27,1488.98,1466.7327870020395
TR-037716,2025-08-27,5283.49,5263.511179633336
TR-037717,2025-08-27,2201.11,2154.571986559362
TR-037718,2025-08-27,1944.16,1919.4335931695941
TR-037719,2025-08-27,4336.38,4236.138252002487
TR-037720,2025-08-27,2890.25,2900.350516532573
TR-037721,2025-08-27,994.31,1028.0020304871643
TR-037722,2025-08-27,3072.38,2823.09760924747
TR-037723,2025-08-27,740.81,730.2057901211294
TR-037724,2025-08-27,2768.05,2592.95436062587
TR-037725,2025-08-27,1604.13,1584.154198935758
TR-037726,2025-08-27,4031.9,3899.781495953317
TR-037727,2025-08-27,1247.72,1268.3303945623993
TR-037728,2025-08-27,1231.91,1227.105306654305
TR-037729,2025-08-27,274.19,338.3565268502423
TR-037730,2025-08-27,639.55,729.3210274979251
TR-037731,2025-08-27,3286.93,3235.329551214064
TR-037732,2025-08-27,3661.53,3633.547022547118
TR-037733,2025-08-27,826.05,844.3210684045919
TR-037734,2025-08-27,1882.87,1863.0156642478187
TR-037735,2025-08-27,1384.21,1323.0585756248556
TR-037736,2025-08-27,1443.46,1463.0744846556825
TR-037737,2025-08-27,3951.12,3999.2901903668744
TR-037738,2025-08-27,1960.64,1920.6928812968833
TR-037739,2025-08-27,1204.34,1218.5888407676928
TR-037740,2025-08-27,1155.44,1204.792185346063
TR-037741,2025-08-27,2947.8,3001.1233726518585
TR-037742,2025-08-27,1054.29,1092.2918892187206
TR-037743,2025-08-27,2919.81,2839.2676463755743
TR-037744,2025-08-27,3541.23,3551.316766184939
TR-037745,2025-08-27,1684.1,1687.4440742527531
TR-037746,2025-08-27,805.31,837.8900401342667
TR-037747,2025-08-27,3329.25,3352.758409600591
TR-037748,2025-08-27,605.68,635.3131083194969
TR-037749,2025-08-27,648.4,753.2473997928046
TR-037750,2025-08-27,240.18,636.4492176044928
TR-037751,2025-08-27,3272.48,3344.1037823758156
TR-037752,2025-08-27,4083.19,4071.0578375067294
TR-037753,2025-08-27,2485.52,2571.3058497274105
TR-037754,2025-08-27,632.38,637.9608898207346
TR-037755,2025-08-27,3525.65,3523.6799834913018
TR-037756,2025-08-27,2100.88,2089.416578801798
TR-037757,2025-08-27,1027.84,1097.5888651641715
TR-037758,2025-08-27,2124.84,2268.3243330561145
TR-037759,2025-08-27,3776.47,3963.811325140044
TR-037760,2025-08-27,914.43,979.6959410009699
TR-037761,2025-08-27,1883.25,1871.679545054446
TR-037762,2025-08-27,2824.37,3079.5826936999856
TR-037763,2025-08-27,1337.71,1350.320622999655
TR-037764,2025-08-27,1864.52,1857.3160811720177
TR-037765,2025-08-27,24294.98,5164.226470505894
TR-037766,2025-08-27,3950.17,4089.4215429816777
TR-037767,2025-08-27,748.62,767.052756001666
TR-037768,2025-08-27,1731.97,1815.4685071068593
TR-037769,2025-08-27,1567.29,1551.6136637046864
TR-037770,2025-08-27,5369.04,5601.798584646316
TR-037771,2025-08-27,1637.51,1616.0794500130542
TR-037772,2025-08-27,1947.0,1923.2698880382652
TR-037773,2025-08-27,2011.85,2222.3649802454192
TR-037774,2025-08-27,4654.29,4754.473599334499
TR-037775,2025-08-27,1210.64,1198.8395114337018
TR-037776,2025-08-27,1919.3,1919.6178439976757
TR-037777,2025-08-27,1786.35,1839.3363033526473
TR-037778,2025-08-27,4927.84,4938.724000942615
TR-037779,2025-08-27,1256.55,1242.725739121905
TR-037780,2025-08-27,820.76,887.9444469750433
TR-037781,2025-08-27,1732.68,1729.3534399850648
TR-037782,2025-08-27,3636.08,3727.2443048222885
TR-037783,2025-08-27,4874.91,4825.648322335593
TR-037784,2025-08-27,1830.01,1845.80309883677
TR-037785,2025-08-27,2378.55,2566.4565719591837
TR-037786,2025-08-27,3841.84,3860.038877907122
TR-037787,2025-08-27,2478.27,2465.3716515246406
TR-037788,2025-08-27,1582.18,1583.9761139171699
TR-037789,2025-08-27,2082.11,2114.868259278798
TR-037790,2025-08-27,1025.65,1103.3281467903823
TR-037791,2025-08-27,830.19,890.7541528557069
TR-037792,2025-08-27,588.43,697.8379584461918
TR-037793,2025-08-27,4241.09,4334.424790278119
TR-037794,2025-08-27,1595.56,1546.2991390417715
TR-037795,2025-08-27,1934.79,1957.3587766677417
TR-037796,2025-08-27,1887.98,1855.806519595537
TR-037797,2025-08-27,4784.42,5001.346732060608
TR-037798,2025-08-27,2088.52,1945.6236036167236
TR-037799,2025-08-27,2327.45,2394.53900874304
TR-037800,2025-08-27,2466.04,2684.263913961114
TR-037801,2025-08-27,3202.97,3243.3441581544835
TR-037802,2025-08-27,3570.01,3595.927036781154
TR-037803,2025-08-27,863.26,923.9453092104504
TR-037804,2025-08-27,2846.54,2780.381908125685
TR-037805,2025-08-27,2174.57,2286.405544469233
TR-037806,2025-08-27,1178.12,1170.9246809645447
TR-037807,2025-08-27,910.42,958.326917669023
TR-037808,2025-08-27,425.68,492.5637977879403
TR-037809,2025-08-27,4447.18,4152.290559896888
TR-037810,2025-08-27,2497.99,2656.0850072406597
TR-037811,2025-08-27,2103.44,2034.958898013259
TR-037812,2025-08-27,2080.37,1999.7543381429984
TR-037813,2025-08-27,1593.5,1560.5305478221808
TR-037814,2025-08-27,2847.78,2868.768274130338
TR-037815,2025-08-27,3236.69,3649.0254213485396
TR-037816,2025-08-27,1248.79,1260.9249241491048
TR-037817,2025-08-27,913.21,952.5240651657266
TR-037818,2025-08-27,1585.24,1622.5272511722023
TR-037819,2025-08-27,874.6,908.5202783730558
TR-037820,2025-08-27,3849.14,3981.7444489613663
TR-037821,2025-08-27,726.24,783.3636896734627
TR-037822,2025-08-27,2429.53,2384.6962699317273
TR-037823,2025-08-27,782.98,855.739901052121
TR-037824,2025-08-27,2024.03,2240.678807344761
TR-037825,2025-08-27,3607.67,3624.707606383242
TR-037826,2025-08-27,2880.71,3061.1808502892964
TR-037827,2025-08-27,1314.22,1299.7111029683551
TR-037828,2025-08-27,2859.51,2967.976626959965
TR-037829,2025-08-27,2660.34,2655.87444368047
TR-037830,2025-08-27,3452.72,3656.692574329393
TR-037831,2025-08-27,1807.34,1762.6904534412079
TR-037832,2025-08-27,2669.9,2537.361258854242
TR-037833,2025-08-27,1173.38,1174.461092845773
TR-037834,2025-08-27,956.97,938.7874208216215
TR-037835,2025-08-27,1745.97,1732.7215643831742
TR-037836,2025-08-27,1624.84,1660.803729566849
TR-037837,2025-08-27,3878.35,3807.972172158386
TR-037838,2025-08-27,955.72,1011.4431080227398
TR-037839,2025-08-27,5585.41,5578.924453528124
TR-037840,2025-08-27,1354.84,1336.857357062012
TR-037841,2025-08-27,3572.03,3339.5621875598526
TR-037842,2025-08-27,1207.55,1232.8796043677717
TR-037843,2025-08-27,385.4,501.9788900243004
TR-037844,2025-08-27,3052.88,3054.2921547651545
TR-037845,2025-08-27,2013.43,1932.3730425822803
TR-037846,2025-08-27,1278.5,1266.7338608585178
TR-037847,2025-08-27,814.53,830.4122206750772
TR-037848,2025-08-27,641.45,721.3665137094304
TR-037849,2025-08-27,5595.12,5492.870534407705
TR-037850,2025-08-27,2537.72,2458.2121662444138
TR-037851,2025-08-27,2920.26,2922.5538033054663
TR-037852,2025-08-27,2886.36,2890.0198265279864
TR-037853,2025-08-27,411.05,500.4837954913728
TR-037854,2025-08-27,4584.66,4624.075494397384
TR-037855,2025-08-27,1234.56,1259.8910257930074
TR-037856,2025-08-27,2265.03,2650.6099912006407
TR-037857,2025-08-27,3824.33,3544.66100878907
TR-037858,2025-08-27,2256.3,2297.1508769648326
TR-037859,2025-08-27,3348.23,3558.6622404039895
TR-037860,2025-08-27,1802.0,1773.4374737418266
TR-037861,2025-08-27,1304.18,1328.3294763731326
TR-037862,2025-08-27,4297.06,4377.328348683229
TR-037863,2025-08-27,964.54,1010.9320157863499
TR-037864,2025-08-27,3421.01,3575.249954453783
TR-037865,2025-08-27,611.4,677.1082639869703
TR-037866,2025-08-27,1239.4,1265.5112456508448
TR-037867,2025-08-27,3843.69,3857.933474639948
TR-037868,2025-08-27,1429.32,1396.0554851421232
TR-037869,2025-08-27,2384.31,2121.51283552007
TR-037870,2025-08-27,1139.34,1186.4526760661754
TR-037871,2025-08-27,910.55,918.937528539207
TR-037872,2025-08-27,3111.16,2857.8765382526094
TR-037873,2025-08-27,631.56,655.9908444239763
TR-037874,2025-08-27,1535.2,1530.8634054795646
TR-037875,2025-08-27,4626.57,4780.277159470085
TR-037876,2025-08-28,929.34,3292.9530506999854
TR-037877,2025-08-28,2150.65,2163.0843011530274
TR-037878,2025-08-28,5266.47,5256.918538119529
TR-037879,2025-08-28,914.55,940.4997115489912
TR-037880,2025-08-28,2377.46,2405.520554220068
TR-037881,2025-08-28,2567.11,2444.5182590970785
TR-037882,2025-08-28,3589.92,3814.6713393508326
TR-037883,2025-08-28,578.94,630.9728751234827
TR-037884,2025-08-28,3442.41,3444.6211478315035
TR-037885,2025-08-28,771.36,853.3101414812329
TR-037886,2025-08-28,2159.15,2062.2941675340944
TR-037887,2025-08-28,1325.32,1301.0441872005722
TR-037888,2025-08-28,3197.62,3328.355604629913
TR-037889,2025-08-28,489.53,567.07853792939
TR-037890,2025-08-28,4410.04,4415.822112000982
TR-037891,2025-08-28,4320.86,4298.7094895621485
TR-037892,2025-08-28,1069.0,1068.3931080271357
TR-037893,2025-08-28,4911.81,4971.600516275156
TR-037894,2025-08-28,3688.75,3940.43448887569
TR-037895,2025-08-28,1942.6,2102.0655108383557
TR-037896,2025-08-28,1923.54,1874.0173475607332
TR-037897,2025-08-28,784.94,2168.3552146063325
TR-037898,2025-08-28,1558.7,1644.952647013829
TR-037899,2025-08-28,1166.18,1191.8592357839816
TR-037900,2025-08-28,4057.35,4033.8339961327465
TR-037901,2025-08-28,931.46,986.5190064802989
TR-037902,2025-08-28,2214.15,2052.311289223627
TR-037903,2025-08-28,1309.77,1308.340934904644
TR-037904,2025-08-28,2533.04,2635.7376550470813
TR-037905,2025-08-28,1117.17,1132.8949367938578
TR-037906,2025-08-28,1663.45,1745.3080247264802
TR-037907,2025-08-28,903.74,968.8781110509171
TR-037908,2025-08-28,1982.8,1959.9531580285768
TR-037909,2025-08-28,1157.6,1194.426576827319
TR-037910,2025-08-28,1023.16,1023.7938252179217
TR-037911,2025-08-28,1557.83,1583.8606378002328
TR-037912,2025-08-28,2576.74,2492.9573800647845
TR-037913,2025-08-28,4556.3,4583.3350768220025
TR-037914,2025-08-28,1489.51,1504.1419739935855
TR-037915,2025-08-28,1681.13,1669.670763274638
TR-037916,2025-08-28,379.75,467.4920924324083
TR-037917,2025-08-28,596.66,693.7408268545396
TR-037918,2025-08-28,2006.88,1945.9116250874486
TR-037919,2025-08-28,2191.94,2049.2621079961486
TR-037920,2025-08-28,2301.75,2264.5977482101825
TR-037921,2025-08-28,3783.43,3784.0665318891424
TR-037922,2025-08-28,1318.28,1306.6099755520381
TR-037923,2025-08-28,2683.81,2499.873543840493
TR-037924,2025-08-28,915.56,976.0076421712124
TR-037925,2025-08-28,1135.02,1125.4538819776353
TR-037926,2025-08-28,2327.43,2158.0007091218076
TR-037927,2025-08-28,1396.35,1404.1110692309348
TR-037928,2025-08-28,5511.11,5519.546003119363
TR-037929,2025-08-28,4248.81,4327.030431410287
TR-037930,2025-08-28,3002.06,3060.468635993854
TR-037931,2025-08-28,1866.56,1880.076236405457
TR-037932,2025-08-28,1092.98,1112.5099930983047
TR-037933,2025-08-28,1497.36,587.227799420333
TR-037934,2025-08-28,2265.29,2325.507216661858
TR-037935,2025-08-28,3183.54,3164.595356524392
TR-037936,2025-08-28,5008.04,5130.997833133681
TR-037937,2025-08-28,1154.83,1189.56993706234
TR-037938,2025-08-28,4872.48,5053.736633862182
TR-037939,2025-08-28,1521.09,1504.9979080644712
TR-037940,2025-08-28,1198.97,1230.815319742367
TR-037941,2025-08-28,2486.64,2688.573878386306
TR-037942,2025-08-28,3063.56,3240.831705991513
TR-037943,2025-08-28,2305.2,2145.935976189614
TR-037944,2025-08-28,4845.77,1927.0489335445554
TR-037945,2025-08-28,1063.14,1066.929036868311
TR-037946,2025-08-28,3830.63,3650.128059930323
TR-037947,2025-08-28,1463.75,1535.8641449213594
TR-037948,2025-08-28,3492.12,3452.5494523450106
TR-037949,2025-08-28,660.18,753.5510248725645
TR-037950,2025-08-28,1761.74,1841.3729411068648
TR-037951,2025-08-28,543.05,649.8728216116258
TR-037952,2025-08-28,1465.92,1549.1749445920827
TR-037953,2025-08-28,3776.02,3619.4499679968512
TR-037954,2025-08-28,2190.78,2217.0974180107396
TR-037955,2025-08-28,1185.36,1189.5004751364786
TR-037956,2025-08-28,1023.5,1041.8042189989042
TR-037957,2025-08-28,2317.42,2482.0751305676595
TR-037958,2025-08-28,1430.85,1441.301297271371
TR-037959,2025-08-28,741.67,814.565191490535
TR-037960,2025-08-28,822.76,876.1664404863188
TR-037961,2025-08-28,1724.02,1653.4941900342517
TR-037962,2025-08-28,1588.13,1596.969428781657
TR-037963,2025-08-28,13409.18,4247.061094582801
TR-037964,2025-08-28,3187.06,3399.2135111996495
TR-037965,2025-08-28,5342.33,5236.055883389652
TR-037966,2025-08-28,5712.69,5563.592193131025
TR-037967,2025-08-28,493.08,578.791651367882
TR-037968,2025-08-28,1192.19,1185.8544700398793
TR-037969,2025-08-28,1043.42,1101.6154210343489
TR-037970,2025-08-28,4980.31,5037.179948754159
TR-037971,2025-08-28,2813.86,2470.9931575898863
TR-037972,2025-08-28,5672.62,5785.820408741076
TR-037973,2025-08-28,1501.32,1604.0438327153665
TR-037974,2025-08-28,3638.16,3882.00474918772
TR-037975,2025-08-28,3442.92,3388.590782412794
TR-037976,2025-08-28,641.72,651.2067077522001
TR-037977,2025-08-28,3521.02,3578.3224835407177
TR-037978,2025-08-28,4064.81,4029.9763633292223
TR-037979,2025-08-28,4340.88,4471.538384205883
TR-037980,2025-08-28,456.07,579.0877989424519
TR-037981,2025-08-28,1046.72,1135.3165482459249
TR-037982,2025-08-28,1752.92,1733.4849459745378
TR-037983,2025-08-28,841.55,905.5127976784229
TR-037984,2025-08-28,3649.79,3659.120771431905
TR-037985,2025-08-28,5230.52,5087.643496252515
TR-037986,2025-08-28,570.78,625.1597525104946
TR-037987,2025-08-28,636.16,652.6987033437501
TR-037988,2025-08-28,1325.69,1343.3107348029898
TR-037989,2025-08-28,4784.97,4768.813840781737
TR-037990,2025-08-28,2263.46,2312.8721694536766
TR-037991,2025-08-28,5207.45,4958.405574396722
TR-037992,2025-08-28,4638.51,4476.185115500128
TR-037993,2025-08-28,3040.13,3129.209166379961
TR-037994,2025-08-28,2150.73,2276.3446667039843
TR-037995,2025-08-28,1360.48,1336.7932034631106
TR-037996,2025-08-28,732.78,793.338498803412
TR-037997,2025-08-28,1821.47,1790.24880187909
TR-037998,2025-08-28,1793.3,1801.90797651437
TR-037999,2025-08-28,609.26,648.8124495916281
TR-038000,2025-08-28,2695.43,2871.86629083515
TR-038001,2025-08-28,566.92,2114.244230726863
TR-038002,2025-08-28,1850.18,2100.401158305977
TR-038003,2025-08-28,462.4,484.0657707087894
TR-038004,2025-08-28,963.88,937.7332857680337
TR-038005,2025-08-28,1032.25,1025.4602309748484
TR-038006,2025-08-28,213.24,388.7537582753514
TR-038007,2025-08-28,1261.4,1295.2136919385116
TR-038008,2025-08-28,1848.26,1885.195354837283
TR-038009,2025-08-28,3869.64,3879.8300914903707
TR-038010,2025-08-28,4687.06,4593.466975170962
TR-038011,2025-08-28,3835.83,4061.40090062765
TR-038012,2025-08-28,2568.11,2216.1844545621175
TR-038013,2025-08-28,2675.61,2953.3385772942315
TR-038014,2025-08-28,2962.37,3067.287005521499
TR-038015,2025-08-28,935.04,969.9452205093539
TR-038016,2025-08-28,4301.09,4302.053125169282
TR-038017,2025-08-28,3043.42,2977.5632556089026
TR-038018,2025-08-28,2575.77,2508.8784912509063
TR-038019,2025-08-28,1521.67,1515.7656561599902
TR-038020,2025-08-28,2070.71,2241.4037945677983
TR-038021,2025-08-28,3410.9,3374.8730667097916
TR-038022,2025-08-28,992.78,1087.18331411697
TR-038023,2025-08-28,999.39,1018.9933078454447
TR-038024,2025-08-28,1074.03,1120.957954730437
TR-038025,2025-08-28,1167.7,1188.6615018726552
TR-038026,2025-08-28,6133.24,6082.079911749364
TR-038027,2025-08-28,5037.8,5139.284513949649
TR-038028,2025-08-28,4708.22,4441.711282992856
TR-038029,2025-08-28,5004.85,5212.4460379953825
TR-038030,2025-08-28,5347.64,5488.672012405871
TR-038031,2025-08-28,1887.77,2017.7250677706659
TR-038032,2025-08-28,2976.99,2973.03010231517
TR-038033,2025-08-28,1099.93,1079.8674798792426
TR-038034,2025-08-28,1185.14,1202.7944703723242
TR-038035,2025-08-28,817.54,842.6721643470494
TR-038036,2025-08-28,1591.49,1535.2573994093227
TR-038037,2025-08-28,2695.04,2762.4374181059575
TR-038038,2025-08-28,3779.82,3876.061132150118
TR-038039,2025-08-28,2938.51,3153.5340604725325
TR-038040,2025-08-29,4852.55,5039.0356008471035
TR-038041,2025-08-29,1273.81,1304.8154642197014
TR-038042,2025-08-29,1328.3,1391.3852092492912
TR-038043,2025-08-29,1081.06,1100.412920108745
TR-038044,2025-08-29,1938.15,1945.2966595628116
TR-038045,2025-08-29,6964.45,2364.6400018799304
TR-038046,2025-08-29,1441.78,1435.1203608810815
TR-038047,2025-08-29,1441.83,1446.134902140165
TR-038048,2025-08-29,1079.27,1088.9948993424728
TR-038049,2025-08-29,3346.24,3168.132687685503
TR-038050,2025-08-29,1206.48,1249.4662281155688
TR-038051,2025-08-29,940.04,990.237683932236
TR-038052,2025-08-29,888.64,921.6966476152113
TR-038053,2025-08-29,1047.9,1070.5139835803066
TR-038054,2025-08-29,3500.84,3473.351362413956
TR-038055,2025-08-29,917.56,972.034774870096
TR-038056,2025-08-29,3486.06,2908.4114776638557
TR-038057,2025-08-29,1181.15,1167.5582022837204
TR-038058,2025-08-29,1599.86,1595.6423218312348
TR-038059,2025-08-29,3780.36,3519.922895421917
TR-038060,2025-08-29,2276.37,2349.08674067214
TR-038061,2025-08-29,3832.73,3831.867333204731
TR-038062,2025-08-29,4243.53,4387.307636891582
TR-038063,2025-08-29,5675.17,5542.149482762452
TR-038064,2025-08-29,1471.2,1483.7576547277495
TR-038065,2025-08-29,2467.5,2633.286763330546
TR-038066,2025-08-29,430.44,531.6341824780213
TR-038067,2025-08-29,1241.26,1224.8275980603491
TR-038068,2025-08-29,881.85,879.4388814461497
TR-038069,2025-08-29,1002.64,1025.4608291067
TR-038070,2025-08-29,3688.46,3769.860560739772
TR-038071,2025-08-29,3388.98,3133.109057464845
TR-038072,2025-08-29,1198.78,1227.7173915181154
TR-038073,2025-08-29,1638.39,1581.6799729257837
TR-038074,2025-08-29,3717.58,3879.3331475800314
TR-038075,2025-08-29,3769.36,3532.1754386838797
TR-038076,2025-08-29,1756.32,1852.640393301836
TR-038077,2025-08-29,1154.44,1128.582737590908
TR-038078,2025-08-29,2145.54,2093.2585108505523
TR-038079,2025-08-29,3065.67,2735.0911974686865
TR-038080,2025-08-29,4466.21,4551.315455843608
TR-038081,2025-08-29,2414.14,2372.1834854448553
TR-038082,2025-08-29,4165.93,3824.4048107646813
TR-038083,2025-08-29,4017.55,4062.577432505694
TR-038084,2025-08-29,4316.49,4259.406500381383
TR-038085,2025-08-29,2566.92,2675.3015042103484
TR-038086,2025-08-29,1723.18,1686.9772120221585
TR-038087,2025-08-29,3114.15,3091.5936147032608
TR-038088,2025-08-29,1098.57,1176.657738723955
TR-038089,2025-08-29,5408.24,5468.582536727281
TR-038090,2025-08-29,5571.16,5523.077627185934
TR-038091,2025-08-29,1801.54,1853.0991012023592
TR-038092,2025-08-29,5291.81,5349.88695890262
TR-038093,2025-08-29,3948.31,3906.6749733583256
TR-038094,2025-08-29,3588.64,3831.28779521269
TR-038095,2025-08-29,999.34,1007.5170205797926
TR-038096,2025-08-29,3568.75,3489.9602584192094
TR-038097,2025-08-29,2896.5,2738.1750157758215
TR-038098,2025-08-29,1902.84,1913.7990619129155
TR-038099,2025-08-29,3500.09,3632.9180957505537
TR-038100,2025-08-29,5007.73,4536.931579992213
TR-038101,2025-08-29,984.23,1001.7607792514397
TR-038102,2025-08-29,1266.69,1310.982850461688
TR-038103,2025-08-29,2680.97,2617.613725462845
TR-038104,2025-08-29,3822.75,3931.2922025934104
TR-038105,2025-08-29,1830.82,1889.0270709857257
TR-038106,2025-08-29,925.77,986.9399776224807
TR-038107,2025-08-29,3920.72,3795.5912561543732
TR-038108,2025-08-29,1539.99,1477.6041270618703
TR-038109,2025-08-29,1851.64,1816.240546836841
TR-038110,2025-08-29,2229.78,2430.503589724967
TR-038111,2025-08-29,1288.41,1282.503292209582
TR-038112,2025-08-29,657.63,740.49834191937
TR-038113,2025-08-29,2921.08,2916.7932919926943
TR-038114,2025-08-29,4295.47,4309.638643663258
TR-038115,2025-08-29,1026.41,1013.3174532428958
TR-038116,2025-08-29,1779.0,1758.9579344666467
TR-038117,2025-08-29,1638.14,1690.7697681272828
TR-038118,2025-08-29,3679.12,3916.880759709459
TR-038119,2025-08-29,918.1,956.9670367829424
TR-038120,2025-08-29,750.05,812.7919152620764
TR-038121,2025-08-29,1933.49,1831.5827262137223
TR-038122,2025-08-29,595.99,697.1637380524644
TR-038123,2025-08-29,3921.4,4112.796495630821
TR-038124,2025-08-29,910.05,924.282819363114
TR-038125,2025-08-29,3335.15,3354.3605651631824
TR-038126,2025-08-29,816.48,838.8283398145074
TR-038127,2025-08-29,2267.47,2067.0769383940788
TR-038128,2025-08-29,4900.24,4675.016445682573
TR-038129,2025-08-29,3459.86,3419.833511184598
TR-038130,2025-08-29,1459.3,1508.048925507316
TR-038131,2025-08-29,1334.9,1312.0275936789603
TR-038132,2025-08-29,328.67,405.462188404304
TR-038133,2025-08-29,4808.25,4188.576897164205
TR-038134,2025-08-29,1913.11,1863.4737188260174
TR-038135,2025-08-29,1518.34,1428.9412406439797
TR-038136,2025-08-29,2644.98,2511.541914329039
TR-038137,2025-08-29,2586.01,2424.087984908641
TR-038138,2025-08-29,2038.98,1963.5098447813875
TR-038139,2025-08-29,3057.42,3267.460235279942
TR-038140,2025-08-29,756.89,780.8855925034236
TR-038141,2025-08-29,1637.49,1641.5007889948613
TR-038142,2025-08-29,4027.95,4034.8810753929365
TR-038143,2025-08-29,393.98,441.5760889523624
TR-038144,2025-08-29,3815.57,4037.001136006389
TR-038145,2025-08-29,1356.09,1348.637216729584
TR-038146,2025-08-29,3158.14,3144.3717533028466
TR-038147,2025-08-29,5472.38,5422.046915834686
TR-038148,2025-08-29,1759.2,1740.5240703245092
TR-038149,2025-08-29,1240.94,1212.6060151590555
TR-038150,2025-08-29,2089.29,2143.590539517018
TR-038151,2025-08-29,1948.57,1937.4809558352617
TR-038152,2025-08-29,648.48,643.9396852482944
TR-038153,2025-08-29,2403.04,2118.912986743309
TR-038154,2025-08-29,1825.23,1858.080310007923
TR-038155,2025-08-29,1077.31,1110.4829073964902
TR-038156,2025-08-29,2213.62,2401.9044216654206
TR-038157,2025-08-29,815.86,870.0326320386109
TR-038158,2025-08-29,1256.28,1246.6309482814904
TR-038159,2025-08-29,1680.91,1716.813259783091
TR-038160,2025-08-29,3566.64,3580.9753650950915
TR-038161,2025-08-29,5511.33,5753.244118032066
TR-038162,2025-08-29,3389.92,3366.313099347507
TR-038163,2025-08-29,4152.38,4323.428815976036
TR-038164,2025-08-29,1157.08,1186.8692255731848
TR-038165,2025-08-29,1240.59,1218.076750462277
TR-038166,2025-08-29,370.89,414.3177934629232
TR-038167,2025-08-29,741.7,784.7284835002911
TR-038168,2025-08-29,2130.86,2023.5500551461416
TR-038169,2025-08-29,1850.54,1844.6649555004028
TR-038170,2025-08-29,784.51,849.6638482663677
TR-038171,2025-08-29,3032.24,3219.8328262920786
TR-038172,2025-08-29,5566.96,5592.147660470284
TR-038173,2025-08-29,5228.39,5467.41313161731
TR-038174,2025-08-29,2989.33,2946.369330368727
TR-038175,2025-08-29,521.98,621.1945890000186
TR-038176,2025-08-29,822.33,864.3659595181216
TR-038177,2025-08-29,4198.62,4071.322364226228
TR-038178,2025-08-29,889.15,929.838933240201
TR-038179,2025-08-29,1424.01,1434.0187917073342
TR-038180,2025-08-29,520.3,584.8830548929495
TR-038181,2025-08-29,3770.29,3811.1859914514557
TR-038182,2025-08-29,1630.64,1612.992693183884
TR-038183,2025-08-29,1647.96,1688.8017725506033
TR-038184,2025-08-29,3711.01,3724.1808787835935
TR-038185,2025-08-29,766.72,808.8891495261544
TR-038186,2025-08-29,2915.5,2824.3476917600397
TR-038187,2025-08-29,1453.84,1417.9081689515378
TR-038188,2025-08-29,845.78,911.6888387684048
TR-038189,2025-08-29,4283.63,4313.22662072599
TR-038190,2025-08-29,2595.65,2193.7300076610595
TR-038191,2025-08-30,1537.18,1525.5108629037998
TR-038192,2025-08-30,1284.09,1305.0952774703064
TR-038193,2025-08-30,2640.74,2492.0562709628875
TR-038194,2025-08-30,1557.32,1536.9438906786472
TR-038195,2025-08-30,4117.4,4228.32548355269
TR-038196,2025-08-30,1675.95,1709.0350646455204
TR-038197,2025-08-30,2412.8,2248.56091769574
TR-038198,2025-08-30,2242.61,2167.3809618939245
TR-038199,2025-08-30,1291.48,1310.6099176908301
TR-038200,2025-08-30,812.63,895.304775127215
TR-038201,2025-08-30,2332.23,2430.1438556954895
TR-038202,2025-08-30,1788.42,1817.8324077446966
TR-038203,2025-08-30,1988.34,1935.348316384219
TR-038204,2025-08-30,2919.33,3076.035760453737
TR-038205,2025-08-30,6012.08,5929.46893199379
TR-038206,2025-08-30,835.19,923.881010447569
TR-038207,2025-08-30,4356.01,4492.091714201305
TR-038208,2025-08-30,1916.36,2004.124110709039
TR-038209,2025-08-30,2862.05,2673.7697619924747
TR-038210,2025-08-30,1848.53,1907.1598885783578
TR-038211,2025-08-30,2041.37,2030.180833627116
TR-038212,2025-08-30,4580.65,4778.772678807987
TR-038213,2025-08-30,610.03,617.752915637652
TR-038214,2025-08-30,1402.53,1351.3715257554156
TR-038215,2025-08-30,3437.47,3361.3901032810627
TR-038216,2025-08-30,2926.22,2747.32610659675
TR-038217,2025-08-30,3567.51,3425.2083928094407
TR-038218,2025-08-30,1888.29,1803.8883814407502
TR-038219,2025-08-30,969.71,997.9695539697352
TR-038220,2025-08-30,1002.84,1027.9179270275401
TR-038221,2025-08-30,4628.63,4847.955191361712
TR-038222,2025-08-30,4158.93,4391.066169031272
TR-038223,2025-08-30,1298.2,1292.9491722843984
TR-038224,2025-08-30,4150.04,4182.623217773815
TR-038225,2025-08-30,794.7,838.8787237423949
TR-038226,2025-08-30,1559.92,1622.343326519207
TR-038227,2025-08-30,1210.11,1245.549412068663
TR-038228,2025-08-30,2845.92,3003.8493905619657
TR-038229,2025-08-30,707.81,719.6114795396165
TR-038230,2025-08-30,3624.6,3648.1743571004044
TR-038231,2025-08-30,3147.85,3150.2405462056277
TR-038232,2025-08-30,3550.67,3512.835338419483
TR-038233,2025-08-30,1395.48,1337.7389710979396
TR-038234,2025-08-30,317.92,412.7540072606362
TR-038235,2025-08-30,1050.91,1072.3141399444462
TR-038236,2025-08-30,1754.69,1814.7856306192514
TR-038237,2025-08-30,927.54,1046.2216532925895
TR-038238,2025-08-30,846.04,877.1175497855802
TR-038239,2025-08-30,1733.62,1748.715700191952
TR-038240,2025-08-30,741.41,817.6853559834071
TR-038241,2025-08-30,573.04,609.0845395376277
TR-038242,2025-08-30,891.99,939.6286523347658
TR-038243,2025-08-30,144.92,797.012685478345
TR-038244,2025-08-30,2511.08,2476.2208025233267
TR-038245,2025-08-30,2263.98,2215.973624427312
TR-038246,2025-08-30,4283.8,4416.633722467561
TR-038247,2025-08-30,2413.56,2290.17555870379
TR-038248,2025-08-30,2568.36,2467.4484169022344
TR-038249,2025-08-30,1351.11,1324.8940531053977
TR-038250,2025-08-30,2529.62,2905.1984580201247
TR-038251,2025-08-30,2551.04,2271.1474852698857
TR-038252,2025-08-30,1001.31,1012.0903044293016
TR-038253,2025-08-30,4638.53,4783.403545253495
TR-038254,2025-08-30,3311.2,2742.544571822034
TR-038255,2025-08-30,1747.5,1865.7825344855519
TR-038256,2025-08-30,4680.78,4914.156142612184
TR-038257,2025-08-30,4209.65,4330.699755647037
TR-038258,2025-08-30,2558.26,2699.554223621021
TR-038259,2025-08-30,3239.62,3346.03202350068
TR-038260,2025-08-30,6127.24,5890.7670572532625
TR-038261,2025-08-30,1162.14,1159.2879576907762
TR-038262,2025-08-30,2335.37,2417.21611138129
TR-038263,2025-08-30,2738.82,2845.1307113078824
TR-038264,2025-08-30,4183.92,4286.707416551988
TR-038265,2025-08-30,1877.94,2020.6532654687778
TR-038266,2025-08-30,709.82,745.119166755697
TR-038267,2025-08-30,3502.5,3653.244822431993
TR-038268,2025-08-30,3177.86,3271.3195624539358
TR-038269,2025-08-30,1991.79,1982.6254727185042
TR-038270,2025-08-30,4940.91,5107.25125051026
TR-038271,2025-08-30,1586.21,1612.3697923214038
TR-038272,2025-08-30,1289.22,1295.5070663961674
TR-038273,2025-08-30,1965.8,1989.612355414949
TR-038274,2025-08-30,854.24,881.3404884670563
TR-038275,2025-08-30,3537.46,3681.5270345519407
TR-038276,2025-08-30,3456.86,3542.000781421642
TR-038277,2025-08-30,3977.4,4030.257657234869
TR-038278,2025-08-30,1909.86,1935.731777191793
TR-038279,2025-08-30,3743.08,4096.9855118829255
TR-038280,2025-08-30,3975.76,4036.323024277023
TR-038281,2025-08-30,2980.73,3227.9700463104987
TR-038282,2025-08-30,222.11,431.529311158449
TR-038283,2025-08-30,1469.79,1442.5987175694393
TR-038284,2025-08-30,4252.82,4185.946440036303
TR-038285,2025-08-30,1605.29,1842.0185382993848
TR-038286,2025-08-30,3421.38,3648.889965565577
TR-038287,2025-08-30,2482.39,2732.5906890331794
TR-038288,2025-08-30,3508.42,3672.7422185815376
TR-038289,2025-08-30,3922.75,4118.287530433068
TR-038290,2025-08-30,1919.72,1818.423314705566
TR-038291,2025-08-30,1637.17,1631.0644005060708
TR-038292,2025-08-30,780.67,802.3654647305887
TR-038293,2025-08-30,3545.01,3533.1358250727694
TR-038294,2025-08-30,801.44,892.3732618434751
TR-038295,2025-08-30,3153.81,3352.886998533448
TR-038296,2025-08-30,1425.21,1554.9355543231472
TR-038297,2025-08-30,1076.3,1069.5303841470845
TR-038298,2025-08-30,4388.14,4474.843891829461
TR-038299,2025-08-30,1579.71,1648.7464629685928
TR-038300,2025-08-30,1772.91,1937.1974618715617
TR-038301,2025-08-30,810.88,825.231121972849
TR-038302,2025-08-30,3223.23,3294.6843322583068
TR-038303,2025-08-30,2236.78,2312.3253353713753
TR-038304,2025-08-30,2506.35,2551.365912121998
TR-038305,2025-08-30,2323.16,2402.121130284344
TR-038306,2025-08-30,2073.43,2035.248605147706
TR-038307,2025-08-30,1270.61,1296.6172749196598
TR-038308,2025-08-30,4162.88,4221.195846802684
TR-038309,2025-08-30,551.31,1490.5572414488217
TR-038310,2025-08-30,2044.34,2100.5602086341337
TR-038311,2025-08-30,2999.26,3104.9827909547957
TR-038312,2025-08-30,836.07,880.1775998034122
TR-038313,2025-08-30,2206.24,2309.0623260135426
TR-038314,2025-08-30,1535.9,1572.701040375657
TR-038315,2025-08-30,1567.67,1706.2506132421508
TR-038316,2025-08-30,2069.16,1948.492145555344
TR-038317,2025-08-30,3016.58,3249.4798857972046
TR-038318,2025-08-30,1997.86,2052.811352538809
TR-038319,2025-08-30,3483.44,3691.732487522382
TR-038320,2025-08-30,2983.43,2845.4254777714873
TR-038321,2025-08-30,2511.74,2495.8986662183997
TR-038322,2025-08-30,4600.11,4564.578654740033
TR-038323,2025-08-30,2546.13,2617.871628744491
TR-038324,2025-08-30,1762.17,1742.9732660213133
TR-038325,2025-08-30,2236.94,2534.0239571595794
TR-038326,2025-08-30,4206.68,4213.309777223993
TR-038327,2025-08-30,4288.11,4322.997614493124
TR-038328,2025-08-30,2881.95,2813.456774899286
TR-038329,2025-08-30,1501.74,3759.4512507358663
TR-038330,2025-08-30,2578.73,2600.2108417428094
TR-038331,2025-08-31,3233.75,3347.890601592719
TR-038332,2025-08-31,698.09,710.3567535416025
TR-038333,2025-08-31,1671.41,1734.3741855037026
TR-038334,2025-08-31,1727.0,1782.8269382065478
TR-038335,2025-08-31,5012.22,5380.002550775353
TR-038336,2025-08-31,454.17,561.0791605441455
TR-038337,2025-08-31,3354.9,3333.7513246472636
TR-038338,2025-08-31,2461.86,2711.3665461163246
TR-038339,2025-08-31,854.42,908.6273268678628
TR-038340,2025-08-31,3475.31,3751.8634865833033
TR-038341,2025-08-31,1510.17,1536.116375549219
TR-038342,2025-08-31,4870.06,5085.596101248349
TR-038343,2025-08-31,907.84,920.2432067131288
TR-038344,2025-08-31,4140.64,4235.873577031338
TR-038345,2025-08-31,449.49,498.86084056301115
TR-038346,2025-08-31,2027.8,1956.5147148869626
TR-038347,2025-08-31,1939.87,1869.7487793913012
TR-038348,2025-08-31,3038.18,3160.919121903795
TR-038349,2025-08-31,4459.97,4498.630529419993
TR-038350,2025-08-31,717.91,775.6813257270769
TR-038351,2025-08-31,985.38,1032.8174815352825
TR-038352,2025-08-31,4204.85,4203.823463397394
TR-038353,2025-08-31,1697.78,1817.139481986922
TR-038354,2025-08-31,1943.47,1847.913512013998
TR-038355,2025-08-31,3666.12,3815.619295171663
TR-038356,2025-08-31,2916.24,2872.153431852606
TR-038357,2025-08-31,1456.78,1448.438908943259
TR-038358,2025-08-31,1864.32,1969.8711794470732
TR-038359,2025-08-31,2958.21,2514.5115043424476
TR-038360,2025-08-31,4343.73,4531.682551879228
TR-038361,2025-08-31,1310.33,1291.1009187631107
TR-038362,2025-08-31,3263.99,3357.1846250573267
TR-038363,2025-08-31,3426.22,3654.6959732812047
TR-038364,2025-08-31,1859.2,1804.6295582216335
TR-038365,2025-08-31,2288.42,2177.8443767749286
TR-038366,2025-08-31,3232.28,2853.855699080473
TR-038367,2025-08-31,2801.66,2694.8358142588477
TR-038368,2025-08-31,2266.11,2360.928247154469
TR-038369,2025-08-31,4464.52,4736.511224538579
TR-038370,2025-08-31,3527.76,3539.9140107859516
TR-038371,2025-08-31,2793.3,2743.7059068602484
TR-038372,2025-08-31,2844.85,2881.6211538703483
TR-038373,2025-08-31,420.84,535.0167688649126
TR-038374,2025-08-31,2497.8,2759.4849204077213
TR-038375,2025-08-31,1587.51,1569.5776242469788
TR-038376,2025-08-31,1876.86,1915.8781703067236
TR-038377,2025-08-31,892.93,930.3117606141032
TR-038378,2025-08-31,2089.46,2060.25419787256
TR-038379,2025-08-31,2665.95,2859.3554268078033
TR-038380,2025-08-31,2167.35,2297.767149794538
TR-038381,2025-08-31,2952.37,3188.2152449583573
TR-038382,2025-08-31,4309.09,4630.786726428567
TR-038383,2025-08-31,603.33,696.9931301455258
TR-038384,2025-08-31,2275.18,2214.162628632129
TR-038385,2025-08-31,4238.1,4191.23946626575
TR-038386,2025-08-31,918.32,974.4127060923133
TR-038387,2025-08-31,578.11,665.745053232647
TR-038388,2025-08-31,2804.5,2727.856927481511
TR-038389,2025-08-31,2342.64,2418.9634933727198
TR-038390,2025-08-31,2146.44,1989.5804146759122
TR-038391,2025-08-31,2009.89,2082.46469866608
TR-038392,2025-08-31,1278.9,1257.924873370568
TR-038393,2025-08-31,4801.85,5033.385784574171
TR-038394,2025-08-31,4661.41,4684.97447104839
TR-038395,2025-08-31,892.65,956.0189591130857
TR-038396,2025-08-31,4691.77,4980.713036642228
TR-038397,2025-08-31,1837.56,1984.650393629438
TR-038398,2025-08-31,1647.49,1759.175030294023
TR-038399,2025-08-31,2063.84,2010.1657736017012
TR-038400,2025-08-31,762.75,825.8668965508002
TR-038401,2025-08-31,631.07,725.996198217955
TR-038402,2025-08-31,1755.35,1780.3516783558205
TR-038403,2025-08-31,4466.13,4654.924192987286
TR-038404,2025-08-31,2574.99,2398.179520702522
TR-038405,2025-08-31,576.69,568.9299030221282
TR-038406,2025-08-31,3685.33,3849.403682578421
TR-038407,2025-08-31,2851.4,2835.5403443680625
TR-038408,2025-08-31,2996.08,3110.888529055522
TR-038409,2025-08-31,4225.72,4207.070163286249
TR-038410,2025-08-31,3850.74,4008.2844700934465
TR-038411,2025-08-31,1239.35,1250.0871241156656
TR-038412,2025-08-31,1222.86,1282.6876568247158
TR-038413,2025-08-31,2142.98,1923.8349577773747
TR-038414,2025-08-31,3847.65,3969.5717009485134
TR-038415,2025-08-31,1939.02,1946.6662561142539
TR-038416,2025-08-31,1887.9,2009.9303226403076
TR-038417,2025-08-31,361.91,465.9032418934278
TR-038418,2025-08-31,5030.28,5183.7250917889505
TR-038419,2025-08-31,1578.38,1579.0349131889288
TR-038420,2025-08-31,1834.76,1887.3382187645534
TR-038421,2025-08-31,4722.33,4999.509171376469
TR-038422,2025-08-31,1473.29,1530.9253744001978
TR-038423,2025-08-31,724.88,848.2419233072865
TR-038424,2025-08-31,1873.01,1850.1634905915673
TR-038425,2025-08-31,1875.26,2068.103643005558
TR-038426,2025-08-31,1534.18,1674.3518323509736
TR-038427,2025-08-31,1017.09,1070.0539546364412
TR-038428,2025-08-31,4375.08,4372.867846133382
TR-038429,2025-08-31,1327.08,1309.7963404748662
TR-038430,2025-08-31,611.1,700.6479245833773
TR-038431,2025-08-31,1778.4,1785.20032062053
TR-038432,2025-08-31,693.2,764.5416264438281
TR-038433,2025-08-31,1374.19,1343.8042620374795
TR-038434,2025-08-31,982.54,980.7994898916895
TR-038435,2025-08-31,3546.39,3583.910458376621
TR-038436,2025-08-31,2473.61,2618.2890593672755
TR-038437,2025-08-31,2734.79,2649.4086294455387
TR-038438,2025-08-31,4245.9,4475.33477838811
TR-038439,2025-08-31,2964.86,3054.0951514491026
TR-038440,2025-08-31,3704.63,4051.8510618505384
TR-038441,2025-08-31,2148.12,2093.0943621214997
TR-038442,2025-08-31,805.86,827.9502958565163
TR-038443,2025-08-31,3067.56,2838.671568080375
TR-038444,2025-08-31,4405.94,4488.494417671237
TR-038445,2025-08-31,618.57,709.224166339096
TR-038446,2025-08-31,1987.09,2337.0977389173718
TR-038447,2025-08-31,1021.84,1004.1210491266612
TR-038448,2025-08-31,449.12,552.4148831055718
TR-038449,2025-08-31,2475.36,2848.219462504845
TR-038450,2025-08-31,1770.71,1774.5779328228998
TR-038451,2025-08-31,2007.29,2043.0275027993134
TR-038452,2025-08-31,1346.97,1303.2274447983336
TR-038453,2025-08-31,1282.9,1275.7348215737607
TR-038454,2025-08-31,2494.51,2429.2291783010396
TR-038455,2025-08-31,1869.31,1910.2897408074946
TR-038456,2025-08-31,4632.24,4520.64459047188
TR-038457,2025-08-31,3369.16,3638.25979166225
TR-038458,2025-08-31,1405.18,1362.4197506620044
TR-038459,2025-08-31,1587.4,1624.2550724395726
TR-038460,2025-08-31,7384.72,2856.0265025496515
TR-038461,2025-08-31,2459.39,2282.0628655422584
TR-038462,2025-08-31,3536.58,3483.396165966775
TR-038463,2025-08-31,2121.53,2105.8744642708944
TR-038464,2025-08-31,894.58,881.9349390564516
TR-038465,2025-08-31,1038.53,1053.988736074223
TR-038466,2025-08-31,2040.45,1985.2305086966492
TR-038467,2025-08-31,890.49,909.5766497921209
TR-038468,2025-08-31,699.48,777.8197355274929
TR-038469,2025-08-31,1856.32,1864.3213283163013
TR-038470,2025-08-31,214.48,471.42524397108286
TR-038471,2025-08-31,3899.95,3953.4297245999487
TR-038472,2025-08-31,4945.76,4984.862871128107
TR-038473,2025-08-31,3057.86,3132.6929676336126
TR-038474,2025-08-31,2322.2,2167.35198427099
TR-038475,2025-08-31,1636.72,1754.7599213966748
TR-038476,2025-08-31,2591.36,2691.9049076632064
TR-038477,2025-08-31,3365.56,3582.025576688671
