load_id,date,posted_rate,predicted_rate
TR-028807,2025-07-01,626.6,609.7722645062315
TR-028808,2025-07-01,935.85,964.0501898742951
TR-028809,2025-07-01,2098.29,2114.381455031071
TR-028810,2025-07-01,3062.96,2977.048682827763
TR-028811,2025-07-01,1221.59,1222.9369428024545
TR-028812,2025-07-01,1114.49,1128.4521563294934
TR-028813,2025-07-01,1829.62,1814.3617680028274
TR-028814,2025-07-01,10620.88,3112.600526575419
TR-028815,2025-07-01,562.33,563.6064434616547
TR-028816,2025-07-01,4406.98,4253.674357229039
TR-028817,2025-07-01,1322.56,1292.8965235263481
TR-028818,2025-07-01,2634.99,2805.171818153077
TR-028819,2025-07-01,3208.35,3280.9585242921753
TR-028820,2025-07-01,3627.33,3720.8411001966642
TR-028821,2025-07-01,2793.15,2873.66196851364
TR-028822,2025-07-01,2992.18,2943.4721781109774
TR-028823,2025-07-01,2944.35,3011.3125189683133
TR-028824,2025-07-01,3450.56,3623.3144264576913
TR-028825,2025-07-01,14317.13,3335.0467887801938
TR-028826,2025-07-01,1821.29,1780.6288677632429
TR-028827,2025-07-01,1453.06,1436.4133194431295
TR-028828,2025-07-01,327.04,291.3203081200689
TR-028829,2025-07-01,653.64,587.6695692439853
TR-028830,2025-07-01,417.85,383.54648784174543
TR-028831,2025-07-01,1778.94,1791.893835426834
TR-028832,2025-07-01,2884.66,2715.7408315945645
TR-028833,2025-07-01,1271.87,1235.682630191317
TR-028834,2025-07-01,839.16,818.0966979203401
TR-028835,2025-07-01,2860.06,3035.1260576818836
TR-028836,2025-07-01,698.22,690.067242617343
TR-028837,2025-07-01,645.97,642.9040517881126
TR-028838,2025-07-01,3502.07,3488.6652451157856
TR-028839,2025-07-01,4025.77,3977.84197788748
TR-028840,2025-07-01,1241.43,1239.889303251476
TR-028841,2025-07-01,2856.47,2881.851660319055
TR-028842,2025-07-01,4300.61,4491.8003514998845
TR-028843,2025-07-01,2343.99,2328.3596667690986
TR-028844,2025-07-01,739.24,726.2288323375752
TR-028845,2025-07-01,2176.41,2075.4530129148707
TR-028846,2025-07-01,3866.42,3603.191770055323
TR-028847,2025-07-01,1907.65,1900.3963197890907
TR-028848,2025-07-01,3986.07,4217.633495134459
TR-028849,2025-07-01,235.59,251.1691015834165
TR-028850,2025-07-01,1850.29,1892.791914424866
TR-028851,2025-07-01,982.61,953.7736351341723
TR-028852,2025-07-01,1984.8,1933.302553486134
TR-028853,2025-07-01,2617.48,2590.888088453087
TR-028854,2025-07-01,815.85,782.3329839703948
TR-028855,2025-07-01,5303.95,5248.7205193734135
TR-028856,2025-07-01,3194.99,3006.178964929773
TR-028857,2025-07-01,914.78,907.7611372468147
TR-028858,2025-07-01,2708.27,2730.8412786372505
TR-028859,2025-07-01,2200.21,2114.5500081558444
TR-028860,2025-07-01,1321.67,1292.815886384837
TR-028861,2025-07-01,5777.13,5624.848175555025
TR-028862,2025-07-01,1224.18,1202.1288945567435
TR-028863,2025-07-01,516.87,486.2148165396866
TR-028864,2025-07-01,1548.83,1571.4494796320719
TR-028865,2025-07-01,1278.95,1276.3753515802146
TR-028866,2025-07-01,1461.33,1456.5572135215773
TR-028867,2025-07-01,273.18,287.7289062821868
TR-028868,2025-07-01,4093.76,3885.6945200228442
TR-028869,2025-07-01,4423.87,4469.8265833631585
TR-028870,2025-07-01,1377.43,1387.1539352686207
TR-028871,2025-07-01,1101.06,1077.6231125953443
TR-028872,2025-07-01,3504.89,3580.492748026233
TR-028873,2025-07-01,1840.51,1830.8689620626126
TR-028874,2025-07-01,1216.63,1209.5512992900185
TR-028875,2025-07-01,703.33,688.8094370891623
TR-028876,2025-07-01,356.22,370.75254392842044
TR-028877,2025-07-01,2139.58,2039.2823927468737
TR-028878,2025-07-01,1328.65,1318.264437999646
TR-028879,2025-07-01,2571.68,2501.3387483679408
TR-028880,2025-07-01,2147.82,2081.3902300125114
TR-028881,2025-07-01,4045.7,4221.073523819736
TR-028882,2025-07-01,5258.57,5377.2384351803885
TR-028883,2025-07-01,1509.85,1508.143454707438
TR-028884,2025-07-01,2493.54,2414.241420007104
TR-028885,2025-07-01,2007.92,1953.936283771496
TR-028886,2025-07-01,2705.35,2661.8096410603703
TR-028887,2025-07-01,4773.67,4815.993202874403
TR-028888,2025-07-01,2946.58,2800.5322329696833
TR-028889,2025-07-01,3296.22,3330.0318027794247
TR-028890,2025-07-01,1065.26,1084.6172243260633
TR-028891,2025-07-01,4341.59,4292.744127756708
TR-028892,2025-07-01,4819.69,5084.647690437004
TR-028893,2025-07-01,900.44,896.6796752176059
TR-028894,2025-07-01,769.64,747.2555443552225
TR-028895,2025-07-01,2215.65,2295.1596619495494
TR-028896,2025-07-01,3848.85,4052.78988489011
TR-028897,2025-07-01,1624.75,1664.2676649488521
TR-028898,2025-07-01,2448.78,2390.972945631275
TR-028899,2025-07-01,858.44,857.9333373800007
TR-028900,2025-07-01,2907.21,2898.950994106641
TR-028901,2025-07-01,1149.03,1146.640732469627
TR-028902,2025-07-01,3544.78,3327.2564115142172
TR-028903,2025-07-01,579.66,577.3621421774563
TR-028904,2025-07-01,543.27,553.7192338771862
TR-028905,2025-07-01,3914.12,3930.6725161139366
TR-028906,2025-07-01,3315.5,3510.5003851471797
TR-028907,2025-07-01,583.89,579.2850118114584
TR-028908,2025-07-01,1173.28,1136.6308375855654
TR-028909,2025-07-01,1981.14,1966.5276006653082
TR-028910,2025-07-01,370.42,305.16115433586486
TR-028911,2025-07-01,3861.91,3941.8551714468117
TR-028912,2025-07-01,1230.66,1239.2305694833813
TR-028913,2025-07-01,871.05,853.1668824071897
TR-028914,2025-07-01,4603.91,4818.874946475915
TR-028915,2025-07-01,1580.55,1556.805783539011
TR-028916,2025-07-01,2822.69,2829.781702464622
TR-028917,2025-07-01,6680.25,6079.114089677669
TR-028918,2025-07-01,2046.52,2026.8509876800858
TR-028919,2025-07-01,2178.28,2201.160756948523
TR-028920,2025-07-01,1034.06,1012.9453562983191
TR-028921,2025-07-01,688.13,680.8890599786455
TR-028922,2025-07-01,402.91,365.50270668177876
TR-028923,2025-07-01,1853.36,1850.3598500214655
TR-028924,2025-07-01,1855.08,1827.1734284253778
TR-028925,2025-07-01,975.19,958.2973563724784
TR-028926,2025-07-01,248.36,222.58509973672108
TR-028927,2025-07-01,1388.73,1378.382137830741
TR-028928,2025-07-01,714.49,702.7056698744549
TR-028929,2025-07-01,3611.14,3748.5066353006314
TR-028930,2025-07-01,2908.62,3063.8660874315947
TR-028931,2025-07-01,2165.32,2118.0303176964594
TR-028932,2025-07-01,2021.38,2019.3251536434866
TR-028933,2025-07-01,1581.8,1562.370432650613
TR-028934,2025-07-01,1826.13,1791.7234985439502
TR-028935,2025-07-01,919.01,897.1905234200406
TR-028936,2025-07-01,1797.97,1780.8972314028792
TR-028937,2025-07-01,939.1,943.2189522486756
TR-028938,2025-07-01,404.65,394.5081173104791
TR-028939,2025-07-01,3968.9,4208.575146358077
TR-028940,2025-07-01,3981.55,4331.423073196213
TR-028941,2025-07-01,1943.06,1927.3231778876504
TR-028942,2025-07-02,5711.09,5627.774757545793
TR-028943,2025-07-02,855.3,827.7246335244156
TR-028944,2025-07-02,1695.86,1665.5995458027185
TR-028945,2025-07-02,832.59,845.0628368644448
TR-028946,2025-07-02,5215.9,5434.804143024774
TR-028947,2025-07-02,3653.88,3604.730671894888
TR-028948,2025-07-02,4028.79,3954.8806943278255
TR-028949,2025-07-02,851.35,840.3771272593269
TR-028950,2025-07-02,2996.52,2892.678307567164
TR-028951,2025-07-02,4131.57,4193.225920203799
TR-028952,2025-07-02,2892.63,2753.8618854660967
TR-028953,2025-07-02,3701.2,3719.9782709351443
TR-028954,2025-07-02,1760.71,1742.515229663818
TR-028955,2025-07-02,942.81,930.5567658630807
TR-028956,2025-07-02,1920.97,1909.2684086532906
TR-028957,2025-07-02,2407.72,2327.4873973672184
TR-028958,2025-07-02,2319.06,2371.919873463606
TR-028959,2025-07-02,6114.99,5794.629556937615
TR-028960,2025-07-02,1482.09,1362.6967847127478
TR-028961,2025-07-02,4264.16,4487.76852635116
TR-028962,2025-07-02,1585.26,1616.8081687540523
TR-028963,2025-07-02,2356.2,2396.8514714365656
TR-028964,2025-07-02,1587.61,1584.3478009870548
TR-028965,2025-07-02,1286.43,1274.319269088666
TR-028966,2025-07-02,2530.79,2589.3437465726734
TR-028967,2025-07-02,1802.0,1800.0444040946109
TR-028968,2025-07-02,3269.47,3149.37543019641
TR-028969,2025-07-02,3631.63,3596.264195713834
TR-028970,2025-07-02,1567.37,1545.9967556178199
TR-028971,2025-07-02,5145.21,5223.098989615749
TR-028972,2025-07-02,1717.01,1712.3667409733846
TR-028973,2025-07-02,1301.23,1264.4806501134333
TR-028974,2025-07-02,3154.11,3225.5414638842863
TR-028975,2025-07-02,4209.18,4429.325627200574
TR-028976,2025-07-02,2152.54,2091.837176358863
TR-028977,2025-07-02,1536.48,1559.338884952013
TR-028978,2025-07-02,864.86,845.2779279526554
TR-028979,2025-07-02,3931.54,3990.9900559796333
TR-028980,2025-07-02,2327.02,2348.478875291227
TR-028981,2025-07-02,2752.9,2631.309968336301
TR-028982,2025-07-02,3771.83,3405.338221381051
TR-028983,2025-07-02,918.39,903.6847387240035
TR-028984,2025-07-02,2212.28,2225.653634342925
TR-028985,2025-07-02,1710.13,1724.9394093154608
TR-028986,2025-07-02,1354.27,1335.9685853750104
TR-028987,2025-07-02,1236.65,1214.5866774871463
TR-028988,2025-07-02,875.39,861.1724684915911
TR-028989,2025-07-02,1836.8,1846.1187946952405
TR-028990,2025-07-02,1767.03,1752.4109987376828
TR-028991,2025-07-02,1041.97,1031.3067845488044
TR-028992,2025-07-02,4940.32,4667.4724459578065
TR-028993,2025-07-02,4472.58,4333.422519443286
TR-028994,2025-07-02,2573.29,2566.942131649263
TR-028995,2025-07-02,4351.15,4632.018688881562
TR-028996,2025-07-02,1156.87,3092.8786500470023
TR-028997,2025-07-02,414.32,397.8815829424371
TR-028998,2025-07-02,3533.26,3276.394796308616
TR-028999,2025-07-02,1093.87,1069.4295738259648
TR-029000,2025-07-02,2738.89,2701.6076487328983
TR-029001,2025-07-02,1535.3,1501.5041420825773
TR-029002,2025-07-02,1448.52,1431.255140608648
TR-029003,2025-07-02,1652.99,1654.0499630699037
TR-029004,2025-07-02,1289.14,1257.493938691363
TR-029005,2025-07-02,2736.43,2671.054589828634
TR-029006,2025-07-02,759.45,757.6582073364044
TR-029007,2025-07-02,3712.22,3719.8700417740733
TR-029008,2025-07-02,2062.12,2064.293882633456
TR-029009,2025-07-02,830.7,836.9656523493944
TR-029010,2025-07-02,3244.87,3041.6114053896417
TR-029011,2025-07-02,1569.03,1608.380309296333
TR-029012,2025-07-02,999.13,979.9001746589594
TR-029013,2025-07-02,3277.56,3503.4937472480556
TR-029014,2025-07-02,1156.57,1140.8484264643248
TR-029015,2025-07-02,5028.75,5142.187797878081
TR-029016,2025-07-02,2438.96,2282.6854692814313
TR-029017,2025-07-02,1428.54,1420.9311154960274
TR-029018,2025-07-02,2633.23,2611.381858856479
TR-029019,2025-07-02,2255.41,2229.408896442289
TR-029020,2025-07-02,2306.72,2362.7103649549886
TR-029021,2025-07-02,6533.28,6211.864083164569
TR-029022,2025-07-02,1835.12,1814.7615655871316
TR-029023,2025-07-02,2127.89,2130.530158937709
TR-029024,2025-07-02,1941.68,1873.4357421136021
TR-029025,2025-07-02,1422.18,1399.198939904187
TR-029026,2025-07-02,2562.16,2549.8234910362708
TR-029027,2025-07-02,2806.86,2855.7942948962896
TR-029028,2025-07-02,3821.87,3712.9934024754584
TR-029029,2025-07-02,3490.08,3187.884834224473
TR-029030,2025-07-02,1944.87,1905.0042032634321
TR-029031,2025-07-02,4689.45,4815.603902286898
TR-029032,2025-07-02,600.54,616.3250928128152
TR-029033,2025-07-02,4250.77,4452.813087906502
TR-029034,2025-07-02,1390.85,1379.588224163991
TR-029035,2025-07-02,2521.13,2471.1379533018667
TR-029036,2025-07-02,2570.02,2566.9993356890873
TR-029037,2025-07-02,1787.35,1748.3611504924265
TR-029038,2025-07-02,763.35,755.4697181840002
TR-029039,2025-07-02,4680.28,4675.082293281277
TR-029040,2025-07-02,632.86,624.7592006722185
TR-029041,2025-07-02,914.78,916.747538735904
TR-029042,2025-07-02,1354.81,1325.8947078964582
TR-029043,2025-07-02,3027.02,3055.518751319831
TR-029044,2025-07-02,3145.29,3251.0817828201784
TR-029045,2025-07-02,2643.78,2725.457987774426
TR-029046,2025-07-02,3915.41,3934.9873088374134
TR-029047,2025-07-02,3646.72,3617.7996133039796
TR-029048,2025-07-02,2101.39,2080.2241786220793
TR-029049,2025-07-02,4255.94,4222.178653788594
TR-029050,2025-07-02,1960.27,1933.0380946288817
TR-029051,2025-07-02,2302.58,2202.4337027537977
TR-029052,2025-07-02,1507.02,1509.0357633739507
TR-029053,2025-07-02,2502.53,2555.432272346648
TR-029054,2025-07-02,1645.78,1644.809016756412
TR-029055,2025-07-02,1984.68,5698.849802076302
TR-029056,2025-07-02,667.86,2951.183832953309
TR-029057,2025-07-02,939.55,923.9293030755558
TR-029058,2025-07-02,385.09,1079.380238185601
TR-029059,2025-07-02,1830.56,1847.646917174753
TR-029060,2025-07-02,1240.91,1237.256251020225
TR-029061,2025-07-02,2615.74,2474.2948811949373
TR-029062,2025-07-02,994.92,976.7567450920676
TR-029063,2025-07-02,2543.01,2486.846789249852
TR-029064,2025-07-02,1465.3,1463.8126851359434
TR-029065,2025-07-02,1541.37,1539.2190417925935
TR-029066,2025-07-02,3444.49,3560.278774474314
TR-029067,2025-07-02,1218.98,1188.2204137251324
TR-029068,2025-07-02,1795.15,1836.0348354633604
TR-029069,2025-07-02,1088.73,1077.7072851089977
TR-029070,2025-07-02,4930.68,4874.484654942373
TR-029071,2025-07-02,1778.3,1800.0556318197662
TR-029072,2025-07-02,881.52,877.7992617178577
TR-029073,2025-07-02,3468.84,3502.4969272512903
TR-029074,2025-07-02,3889.14,4038.857538428374
TR-029075,2025-07-02,5576.85,5660.109150284389
TR-029076,2025-07-02,3618.13,3711.061296051983
TR-029077,2025-07-02,2173.12,2184.4112085601955
TR-029078,2025-07-02,4207.04,4325.320387210223
TR-029079,2025-07-02,2252.03,2293.7813461043966
TR-029080,2025-07-02,3400.54,3530.8431141976776
TR-029081,2025-07-02,4057.18,4236.499936620771
TR-029082,2025-07-02,302.23,317.092140937931
TR-029083,2025-07-02,1005.71,1004.661420925382
TR-029084,2025-07-02,1313.45,1282.4961661071131
TR-029085,2025-07-02,3401.92,3509.782629520866
TR-029086,2025-07-02,1973.95,1944.5265142638605
TR-029087,2025-07-02,3913.76,4082.0048434296677
TR-029088,2025-07-02,1281.3,1240.4209298456997
TR-029089,2025-07-02,2986.67,697.496413816671
TR-029090,2025-07-02,3828.91,3716.05680360262
TR-029091,2025-07-02,4161.23,4262.8599752595765
TR-029092,2025-07-02,3500.78,3593.397917863329
TR-029093,2025-07-02,927.41,899.028503169831
TR-029094,2025-07-02,3514.9,3659.970816138246
TR-029095,2025-07-02,2571.41,2526.120559143501
TR-029096,2025-07-02,3126.05,3112.4027120779065
TR-029097,2025-07-02,1201.25,1206.206649985088
TR-029098,2025-07-02,1071.17,1068.4587114148626
TR-029099,2025-07-02,2041.72,2044.5840896067575
TR-029100,2025-07-02,3403.32,3582.093363507139
TR-029101,2025-07-02,2291.86,2291.184305642166
TR-029102,2025-07-02,6557.41,6103.400964600382
TR-029103,2025-07-02,1616.31,1596.8001776471585
TR-029104,2025-07-02,4067.5,4112.026688698654
TR-029105,2025-07-02,3671.51,3894.9561102597268
TR-029106,2025-07-02,2491.55,2404.5340364795024
TR-029107,2025-07-02,1022.58,1034.1290406058276
TR-029108,2025-07-02,2411.54,2300.149873793641
TR-029109,2025-07-02,2672.17,2621.159631051166
TR-029110,2025-07-02,1411.61,1402.260577629439
TR-029111,2025-07-02,1302.7,1317.1016570618528
TR-029112,2025-07-02,809.09,805.4947377510204
TR-029113,2025-07-03,1372.84,1333.6614797684038
TR-029114,2025-07-03,4993.53,5015.196311951501
TR-029115,2025-07-03,1635.91,1622.9267536841048
TR-029116,2025-07-03,4120.34,4098.484207520055
TR-029117,2025-07-03,3178.09,3091.351397939189
TR-029118,2025-07-03,618.65,619.2076368202542
TR-029119,2025-07-03,2610.24,2550.0675198137237
TR-029120,2025-07-03,899.4,884.3034063553082
TR-029121,2025-07-03,945.76,938.9378963589043
TR-029122,2025-07-03,551.17,552.1756152468927
TR-029123,2025-07-03,1768.84,1797.212926582382
TR-029124,2025-07-03,2518.94,2592.6640072949426
TR-029125,2025-07-03,363.33,368.82799656922276
TR-029126,2025-07-03,879.49,889.2844339558936
TR-029127,2025-07-03,1411.96,1399.3621723659915
TR-029128,2025-07-03,531.88,498.82573407099403
TR-029129,2025-07-03,1577.31,1552.7487759406297
TR-029130,2025-07-03,3756.05,3549.4582656580783
TR-029131,2025-07-03,1523.87,1506.1946592847528
TR-029132,2025-07-03,620.08,588.7851664901826
TR-029133,2025-07-03,1272.96,1236.2510715556207
TR-029134,2025-07-03,1547.43,1550.8597727102442
TR-029135,2025-07-03,2195.94,2220.4187711053514
TR-029136,2025-07-03,1243.41,1209.82980966274
TR-029137,2025-07-03,1802.67,1781.8571859248525
TR-029138,2025-07-03,1497.95,1491.0288722218436
TR-029139,2025-07-03,1565.05,1565.2124796103778
TR-029140,2025-07-03,1964.36,1954.0980590971828
TR-029141,2025-07-03,1715.34,1679.6258613892408
TR-029142,2025-07-03,1092.52,1105.9119805712721
TR-029143,2025-07-03,3842.68,3945.6469794911964
TR-029144,2025-07-03,3605.69,3537.280801648713
TR-029145,2025-07-03,1365.22,1354.6548273350272
TR-029146,2025-07-03,354.91,357.50635778901676
TR-029147,2025-07-03,819.45,805.2845046412557
TR-029148,2025-07-03,3163.43,3023.788641279552
TR-029149,2025-07-03,1780.26,1775.7330304668415
TR-029150,2025-07-03,819.93,811.4375028585889
TR-029151,2025-07-03,367.89,371.54635731425424
TR-029152,2025-07-03,1798.74,1788.2010624995626
TR-029153,2025-07-03,2355.7,2228.3688182561095
TR-029154,2025-07-03,3258.23,3369.532937645674
TR-029155,2025-07-03,1639.04,1690.6358137063744
TR-029156,2025-07-03,508.14,506.0173146335132
TR-029157,2025-07-03,1751.51,1749.6371772686184
TR-029158,2025-07-03,4130.3,4031.093394331776
TR-029159,2025-07-03,504.55,487.4371609191
TR-029160,2025-07-03,739.49,700.1151607982492
TR-029161,2025-07-03,1984.65,1875.4913069617353
TR-029162,2025-07-03,2229.43,2156.1929738841127
TR-029163,2025-07-03,625.37,584.5980218084266
TR-029164,2025-07-03,985.28,983.3523606931253
TR-029165,2025-07-03,3701.58,3769.1926730068735
TR-029166,2025-07-03,599.88,585.311930623128
TR-029167,2025-07-03,3830.39,3538.040294144203
TR-029168,2025-07-03,1491.5,1461.8638650512344
TR-029169,2025-07-03,798.32,772.0714454280509
TR-029170,2025-07-03,3077.81,3096.604633689154
TR-029171,2025-07-03,6757.79,6152.466356914534
TR-029172,2025-07-03,2398.43,2360.7583760958623
TR-029173,2025-07-03,1689.91,1633.1472685104784
TR-029174,2025-07-03,4185.87,4062.906254566184
TR-029175,2025-07-03,1888.21,1871.2798449703694
TR-029176,2025-07-03,1024.02,996.6482488369919
TR-029177,2025-07-03,2554.26,2445.3599071796184
TR-029178,2025-07-03,1211.43,1201.520841085938
TR-029179,2025-07-03,3073.9,2972.7885137955104
TR-029180,2025-07-03,5471.49,5428.74866037168
TR-029181,2025-07-03,2141.4,2226.475555427284
TR-029182,2025-07-03,3260.53,3309.370424790457
TR-029183,2025-07-03,2283.75,2344.847493811748
TR-029184,2025-07-03,1496.39,1511.9518475473144
TR-029185,2025-07-03,4132.37,4230.251780250691
TR-029186,2025-07-03,2167.12,2131.516153766966
TR-029187,2025-07-03,1848.13,1832.1765624869984
TR-029188,2025-07-03,1390.25,1368.909517490135
TR-029189,2025-07-03,993.6,1008.0959469929777
TR-029190,2025-07-03,3963.72,4191.991491731713
TR-029191,2025-07-03,2866.56,2705.461149629761
TR-029192,2025-07-03,3088.02,3089.8821958473504
TR-029193,2025-07-03,3601.13,3639.6916355207327
TR-029194,2025-07-03,3175.81,3076.68315312244
TR-029195,2025-07-03,2095.34,2062.3260510203004
TR-029196,2025-07-03,3898.37,3795.6041870537124
TR-029197,2025-07-03,1507.49,1499.4478865586118
TR-029198,2025-07-03,750.7,738.2155784598782
TR-029199,2025-07-03,727.64,727.047157882406
TR-029200,2025-07-03,5388.14,5485.518948329319
TR-029201,2025-07-03,5213.56,5132.578939672929
TR-029202,2025-07-03,3975.27,3959.9863128711586
TR-029203,2025-07-03,5251.54,4962.2733595896825
TR-029204,2025-07-03,2007.61,2011.84043516978
TR-029205,2025-07-03,652.91,638.1878421224393
TR-029206,2025-07-03,2011.24,1986.2130675120034
TR-029207,2025-07-03,717.4,698.4946915148096
TR-029208,2025-07-03,3476.12,3446.090403349704
TR-029209,2025-07-03,3095.41,3016.3686636560496
TR-029210,2025-07-03,1681.61,1631.3197217359407
TR-029211,2025-07-03,868.37,873.2438157794226
TR-029212,2025-07-03,1555.08,1564.423060595106
TR-029213,2025-07-03,1243.46,1227.2948773590265
TR-029214,2025-07-03,2429.23,2404.89418664184
TR-029215,2025-07-03,2047.49,2052.877396744428
TR-029216,2025-07-03,3904.97,3999.804824626289
TR-029217,2025-07-03,4014.57,4165.3976965166485
TR-029218,2025-07-03,3504.91,3657.6081272858873
TR-029219,2025-07-03,3890.59,3799.393471078456
TR-029220,2025-07-03,3530.95,3288.2296903985257
TR-029221,2025-07-03,820.77,815.7576889227495
TR-029222,2025-07-03,555.72,572.5150648352138
TR-029223,2025-07-03,2359.44,2408.484989441318
TR-029224,2025-07-03,1438.78,1399.2524388901397
TR-029225,2025-07-03,3022.9,3091.6505735906403
TR-029226,2025-07-03,1780.81,1783.0366698332282
TR-029227,2025-07-03,5808.93,5681.811703340828
TR-029228,2025-07-03,1227.25,1212.7991309648232
TR-029229,2025-07-03,4089.85,4177.6276194947395
TR-029230,2025-07-03,3026.77,2890.5098694996796
TR-029231,2025-07-03,2970.8,2943.8097276122867
TR-029232,2025-07-03,2739.12,2770.073726133315
TR-029233,2025-07-03,4740.65,4927.239892416039
TR-029234,2025-07-03,1199.16,1166.9280828461003
TR-029235,2025-07-03,3065.85,3100.5920056949108
TR-029236,2025-07-03,1910.41,1908.7076806425528
TR-029237,2025-07-03,2359.23,2301.2880319439287
TR-029238,2025-07-03,2771.73,2623.5993922287653
TR-029239,2025-07-03,452.41,2124.7073144408455
TR-029240,2025-07-03,1470.71,1500.8766894463974
TR-029241,2025-07-03,2721.94,2706.977937744716
TR-029242,2025-07-03,1764.63,1717.1095532388194
TR-029243,2025-07-03,4127.61,3980.746515770274
TR-029244,2025-07-03,2736.72,2678.2102871840943
TR-029245,2025-07-03,2259.6,2226.1039050912605
TR-029246,2025-07-03,1948.46,1959.1222852974945
TR-029247,2025-07-03,2759.39,2712.3452817512266
TR-029248,2025-07-03,4634.7,4336.032772965443
TR-029249,2025-07-03,4362.9,4531.904027359561
TR-029250,2025-07-03,1761.67,1773.9615617803288
TR-029251,2025-07-03,1779.73,1768.7968551334382
TR-029252,2025-07-03,1736.02,1707.366298154353
TR-029253,2025-07-03,1139.87,1176.7161509101486
TR-029254,2025-07-03,466.76,487.53111505883027
TR-029255,2025-07-03,5091.93,5071.557565331524
TR-029256,2025-07-03,5237.17,4877.813956900176
TR-029257,2025-07-03,4141.16,4158.274365603882
TR-029258,2025-07-03,1449.51,1431.9421053556487
TR-029259,2025-07-03,1532.58,1546.0374588965162
TR-029260,2025-07-03,2554.74,2560.720643536239
TR-029261,2025-07-03,3867.09,3973.5626505405057
TR-029262,2025-07-03,731.01,713.5319761990172
TR-029263,2025-07-03,2045.53,2051.37043805963
TR-029264,2025-07-03,2005.72,1986.2170363127107
TR-029265,2025-07-03,1727.72,1701.2883197177537
TR-029266,2025-07-03,875.59,866.9906576094833
TR-029267,2025-07-03,3582.28,3550.967604993401
TR-029268,2025-07-03,5397.96,1625.2529797520097
TR-029269,2025-07-03,1423.44,1400.5659484363882
TR-029270,2025-07-03,4594.59,4281.552632317192
TR-029271,2025-07-03,1852.17,1829.9737793717784
TR-029272,2025-07-03,5851.06,5796.295419355263
TR-029273,2025-07-03,5773.55,5718.838780790587
TR-029274,2025-07-03,1571.52,1573.8949325942588
TR-029275,2025-07-03,615.72,573.8485004244087
TR-029276,2025-07-03,984.22,962.0291585445033
TR-029277,2025-07-03,5132.78,5160.335911519753
TR-029278,2025-07-03,7269.5,1507.6517487374617
TR-029279,2025-07-03,1326.62,1336.0939758047748
TR-029280,2025-07-03,1595.79,1614.0102555338265
TR-029281,2025-07-03,2320.91,2204.629735095497
TR-029282,2025-07-03,2133.72,2100.9359477083976
TR-029283,2025-07-03,5304.85,5413.2694913241385
TR-029284,2025-07-03,2918.04,2945.135301640549
TR-029285,2025-07-04,4019.88,4174.810284813424
TR-029286,2025-07-04,13817.43,3384.2826282263172
TR-029287,2025-07-04,2143.34,2120.1788028625006
TR-029288,2025-07-04,639.48,646.3178666839777
TR-029289,2025-07-04,1847.91,1852.1501750428695
TR-029290,2025-07-04,5440.05,5557.44451200863
TR-029291,2025-07-04,4157.05,4030.8499720582013
TR-029292,2025-07-04,2758.46,2647.5758734346923
TR-029293,2025-07-04,528.02,509.503035131787
TR-029294,2025-07-04,3698.93,3688.8645926525305
TR-029295,2025-07-04,1625.58,1639.9505153577827
TR-029296,2025-07-04,1918.63,1879.1453472750893
TR-029297,2025-07-04,2385.13,2415.046486236349
TR-029298,2025-07-04,1947.16,1934.2154343172408
TR-029299,2025-07-04,4087.24,4250.404955282961
TR-029300,2025-07-04,1888.37,1878.7427365744516
TR-029301,2025-07-04,4764.99,4527.116412065687
TR-029302,2025-07-04,5112.57,5203.495430545579
TR-029303,2025-07-04,4796.35,5010.672909201239
TR-029304,2025-07-04,2494.55,2483.6558084019666
TR-029305,2025-07-04,4537.98,4593.24396525832
TR-029306,2025-07-04,1035.87,1033.0531580451966
TR-029307,2025-07-04,919.79,910.5077877764654
TR-029308,2025-07-04,2804.29,2696.2844116535234
TR-029309,2025-07-04,722.76,743.6030273444401
TR-029310,2025-07-04,1199.68,1137.963278414621
TR-029311,2025-07-04,1158.38,1165.5366556692877
TR-029312,2025-07-04,5514.34,5632.018667064734
TR-029313,2025-07-04,3865.41,3652.1828589959396
TR-029314,2025-07-04,3925.43,4009.4215737891413
TR-029315,2025-07-04,1477.98,1498.4205978119196
TR-029316,2025-07-04,2055.98,2073.0056642485697
TR-029317,2025-07-04,3927.35,3900.7921253295176
TR-029318,2025-07-04,3927.72,3576.7992674639804
TR-029319,2025-07-04,4225.89,4079.82680819886
TR-029320,2025-07-04,2882.95,2998.439563923604
TR-029321,2025-07-04,2697.99,2564.0342378788782
TR-029322,2025-07-04,3145.99,3084.994880923676
TR-029323,2025-07-04,1177.34,1151.377286073676
TR-029324,2025-07-04,1367.89,1330.1422918385108
TR-029325,2025-07-04,1494.5,1481.5030796152687
TR-029326,2025-07-04,829.71,789.47453165304
TR-029327,2025-07-04,3994.55,4168.855419354602
TR-029328,2025-07-04,1796.35,1792.8060104262358
TR-029329,2025-07-04,4076.22,4317.13407134159
TR-029330,2025-07-04,4022.62,4197.9789505218605
TR-029331,2025-07-04,1322.87,1315.7998238492146
TR-029332,2025-07-04,2223.07,2241.160961895732
TR-029333,2025-07-04,2105.37,2090.1426835337384
TR-029334,2025-07-04,3426.84,3515.5508702636403
TR-029335,2025-07-04,996.34,976.0048881138829
TR-029336,2025-07-04,1508.58,1555.684837550936
TR-029337,2025-07-04,4357.42,4277.310706919663
TR-029338,2025-07-04,3723.96,4045.713169354125
TR-029339,2025-07-04,1304.58,1348.4626228672228
TR-029340,2025-07-04,4386.53,4521.589549522895
TR-029341,2025-07-04,1454.55,1411.9968344498013
TR-029342,2025-07-04,2585.52,2556.7771887506133
TR-029343,2025-07-04,701.1,693.6383488976812
TR-029344,2025-07-04,4181.68,4280.6296251941985
TR-029345,2025-07-04,696.83,681.5135612796036
TR-029346,2025-07-04,2132.08,2116.984300426089
TR-029347,2025-07-04,2378.43,2362.0471780607763
TR-029348,2025-07-04,3131.22,2918.2721613569247
TR-029349,2025-07-04,1798.2,1775.3127535041965
TR-029350,2025-07-04,490.31,431.7406933963949
TR-029351,2025-07-04,4233.73,4496.980164445615
TR-029352,2025-07-04,344.43,303.110443139385
TR-029353,2025-07-04,1290.82,1273.7893649838527
TR-029354,2025-07-04,1580.3,1619.906545514897
TR-029355,2025-07-04,893.72,877.1458906563712
TR-029356,2025-07-04,1469.03,1440.3239504844641
TR-029357,2025-07-04,3968.35,3946.8100308852013
TR-029358,2025-07-04,4206.42,4519.4370142450425
TR-029359,2025-07-04,4325.3,4203.906099594228
TR-029360,2025-07-04,3406.29,3458.9531781113824
TR-029361,2025-07-04,2647.51,2750.5898689399
TR-029362,2025-07-04,2240.91,2232.9129282546255
TR-029363,2025-07-04,442.27,422.85695806976304
TR-029364,2025-07-04,2293.52,2373.8467480355034
TR-029365,2025-07-04,2452.37,2320.405876473236
TR-029366,2025-07-04,4875.9,5031.406474829631
TR-029367,2025-07-04,3446.64,3266.528134820141
TR-029368,2025-07-04,2099.15,2060.1222514233555
TR-029369,2025-07-04,803.22,802.774401205218
TR-029370,2025-07-04,658.24,649.3320058010456
TR-029371,2025-07-04,1468.13,1532.2126186041842
TR-029372,2025-07-04,2036.7,2022.246196246966
TR-029373,2025-07-04,5313.86,5247.656105895419
TR-029374,2025-07-04,3392.6,3489.0815850088825
TR-029375,2025-07-04,2033.25,1999.9111411305748
TR-029376,2025-07-04,710.07,680.4501399896025
TR-029377,2025-07-04,1915.96,1881.4964707115857
TR-029378,2025-07-04,3730.89,3967.8503949045435
TR-029379,2025-07-04,2631.99,2575.52166866957
TR-029380,2025-07-04,2937.1,2905.2593232733475
TR-029381,2025-07-04,1330.81,1326.044147963138
TR-029382,2025-07-04,681.33,680.140656656087
TR-029383,2025-07-04,1296.27,1248.4836460350446
TR-029384,2025-07-04,882.14,859.0638886544934
TR-029385,2025-07-04,1677.87,1642.1419525145084
TR-029386,2025-07-04,4418.08,4547.131178894488
TR-029387,2025-07-04,2798.61,2670.130412215817
TR-029388,2025-07-04,2045.88,2045.1608495163184
TR-029389,2025-07-04,3290.81,3175.7699061583644
TR-029390,2025-07-04,4252.48,4064.659279616327
TR-029391,2025-07-04,1839.26,1812.8782433476374
TR-029392,2025-07-04,2040.87,1996.2525801688003
TR-029393,2025-07-04,2951.52,2792.8639460199674
TR-029394,2025-07-04,1936.5,1905.042266362907
TR-029395,2025-07-04,2529.67,2514.9124223172626
TR-029396,2025-07-04,1244.39,1217.3260548114827
TR-029397,2025-07-04,1370.28,1357.197578875131
TR-029398,2025-07-04,5749.58,5707.434816303907
TR-029399,2025-07-04,2016.41,1990.040788888652
TR-029400,2025-07-04,3292.86,3459.5478514709444
TR-029401,2025-07-04,4087.19,4237.017483446139
TR-029402,2025-07-04,807.99,825.7111979027926
TR-029403,2025-07-04,818.29,782.2436669545634
TR-029404,2025-07-04,2465.5,2516.3666479564886
TR-029405,2025-07-04,3194.19,3233.7148961983453
TR-029406,2025-07-04,2249.56,2265.298768760331
TR-029407,2025-07-04,5425.66,5403.764170759427
TR-029408,2025-07-04,1914.88,2050.5320792618745
TR-029409,2025-07-04,1767.63,1704.6099142660662
TR-029410,2025-07-04,2001.73,1970.2421365106095
TR-029411,2025-07-04,1617.99,1683.8696419580865
TR-029412,2025-07-04,1640.33,1612.1028344105082
TR-029413,2025-07-04,1782.21,1781.7168081224243
TR-029414,2025-07-04,1243.0,1252.459897438577
TR-029415,2025-07-04,1954.86,1956.1395247291225
TR-029416,2025-07-04,4593.72,4605.560058250199
TR-029417,2025-07-04,564.78,582.9978727497258
TR-029418,2025-07-04,1681.36,1692.2644015337219
TR-029419,2025-07-04,5824.57,5614.761071897648
TR-029420,2025-07-04,1089.71,1038.5368643898887
TR-029421,2025-07-04,1737.98,1731.9078415551878
TR-029422,2025-07-04,3485.98,3499.167441441821
TR-029423,2025-07-04,1837.71,1842.2683012800358
TR-029424,2025-07-04,5739.12,5804.909339943877
TR-029425,2025-07-04,1722.82,1698.7149184441262
TR-029426,2025-07-04,1629.28,1679.3679899294998
TR-029427,2025-07-04,3703.13,3780.1969351719417
TR-029428,2025-07-04,3722.23,3603.0799975366804
TR-029429,2025-07-04,617.99,597.424518615745
TR-029430,2025-07-04,1596.17,1579.7277949057893
TR-029431,2025-07-04,2065.76,2077.35747833926
TR-029432,2025-07-04,1449.07,1417.5709706182297
TR-029433,2025-07-04,2048.62,2011.98805273328
TR-029434,2025-07-04,1041.1,1064.365243649481
TR-029435,2025-07-04,4345.44,4578.051269988842
TR-029436,2025-07-04,1244.09,1229.029479650067
TR-029437,2025-07-04,999.87,987.4832161633602
TR-029438,2025-07-04,2567.85,2606.7236927177933
TR-029439,2025-07-04,974.25,993.2861046726016
TR-029440,2025-07-04,3787.08,3898.2351081472552
TR-029441,2025-07-04,1729.94,1757.3055933255857
TR-029442,2025-07-04,5041.51,5200.171398707044
TR-029443,2025-07-04,4589.0,4894.704393648047
TR-029444,2025-07-04,4144.83,4215.763482020765
TR-029445,2025-07-05,1495.83,1523.4141257050085
TR-029446,2025-07-05,1196.55,1151.8053928081063
TR-029447,2025-07-05,3251.55,3431.2231353110287
TR-029448,2025-07-05,3750.93,3992.131065559203
TR-029449,2025-07-05,3787.58,3566.460318396665
TR-029450,2025-07-05,1531.92,1545.4487650012275
TR-029451,2025-07-05,1005.19,1004.5137877858976
TR-029452,2025-07-05,902.04,873.1459235340276
TR-029453,2025-07-05,1723.05,1700.6037187278803
TR-029454,2025-07-05,792.69,794.0467528648621
TR-029455,2025-07-05,4043.93,4149.655873334266
TR-029456,2025-07-05,1483.35,1438.8721377174556
TR-029457,2025-07-05,855.4,845.9734924046786
TR-029458,2025-07-05,3866.73,3784.853938307317
TR-029459,2025-07-05,1106.28,5214.603729012903
TR-029460,2025-07-05,4236.66,4366.669724455063
TR-029461,2025-07-05,2741.53,2723.589670410395
TR-029462,2025-07-05,1031.18,990.9981118928715
TR-029463,2025-07-05,827.88,832.4879913455435
TR-029464,2025-07-05,4206.35,4386.316678498131
TR-029465,2025-07-05,3138.63,3124.0831134038303
TR-029466,2025-07-05,4769.15,4822.298723775299
TR-029467,2025-07-05,702.09,1786.3145337035342
TR-029468,2025-07-05,2421.97,2321.2352405446914
TR-029469,2025-07-05,777.65,769.0642619013461
TR-029470,2025-07-05,1311.94,1287.9373922082957
TR-029471,2025-07-05,1409.21,1408.7087647625915
TR-029472,2025-07-05,3969.15,3706.1748938837304
TR-029473,2025-07-05,797.28,795.3111304175989
TR-029474,2025-07-05,2416.03,2382.3155914879535
TR-029475,2025-07-05,1773.5,1800.1135794296385
TR-029476,2025-07-05,1904.6,1892.5148062027965
TR-029477,2025-07-05,4984.87,4724.55126200599
TR-029478,2025-07-05,1148.65,3951.535826235962
TR-029479,2025-07-05,1389.51,1390.097842388044
TR-029480,2025-07-05,3099.14,2839.578099801918
TR-029481,2025-07-05,5032.11,4887.288058428862
TR-029482,2025-07-05,2166.86,2208.1776626912483
TR-029483,2025-07-05,4038.3,4168.222040981082
TR-029484,2025-07-05,971.09,964.2948077590995
TR-029485,2025-07-05,1033.12,1002.7593141785284
TR-029486,2025-07-05,4902.03,4998.963550841755
TR-029487,2025-07-05,1627.18,1648.3521888469888
TR-029488,2025-07-05,3257.36,3220.451280465847
TR-029489,2025-07-05,1781.19,1766.3158902610576
TR-029490,2025-07-05,5274.28,5338.830635233812
TR-029491,2025-07-05,3670.72,3897.8614488812054
TR-029492,2025-07-05,1237.53,1225.7530346558092
TR-029493,2025-07-05,1975.38,2038.9049335944494
TR-029494,2025-07-05,1599.65,1573.0733797728008
TR-029495,2025-07-05,4818.53,4993.803447196788
TR-029496,2025-07-05,2984.98,2912.2824104937263
TR-029497,2025-07-05,2865.45,2622.390311002203
TR-029498,2025-07-05,3842.82,3760.569510845194
TR-029499,2025-07-05,2811.6,2712.4663906947353
TR-029500,2025-07-05,3330.61,3429.0427961586424
TR-029501,2025-07-05,3523.03,3568.199408112944
TR-029502,2025-07-05,1909.48,1893.9617427742705
TR-029503,2025-07-05,4548.76,4975.260321224427
TR-029504,2025-07-05,1159.26,1190.1277342561007
TR-029505,2025-07-05,1247.77,1226.1254983809856
TR-029506,2025-07-05,1182.16,1181.0856306839337
TR-029507,2025-07-05,3803.43,3975.606324935596
TR-029508,2025-07-05,4126.76,4292.16854758588
TR-029509,2025-07-05,629.04,632.424485382102
TR-029510,2025-07-05,2315.52,2282.8112600209147
TR-029511,2025-07-05,1178.19,1155.8405695815618
TR-029512,2025-07-05,1012.04,1019.0073503031388
TR-029513,2025-07-05,3424.96,3381.393341953235
TR-029514,2025-07-05,3200.94,3163.158136736324
TR-029515,2025-07-05,4428.23,4555.962920470155
TR-029516,2025-07-05,1820.64,1881.6267484294115
TR-029517,2025-07-05,3625.07,3636.992669670698
TR-029518,2025-07-05,1519.05,1502.0332842440375
TR-029519,2025-07-05,531.61,536.0128903349975
TR-029520,2025-07-05,2747.64,2820.3206811096165
TR-029521,2025-07-05,3235.84,3176.695758926479
TR-029522,2025-07-05,4997.88,5001.68143406683
TR-029523,2025-07-05,1250.27,1282.8814076274828
TR-029524,2025-07-05,516.91,519.5637556678507
TR-029525,2025-07-05,2731.3,2825.9188788872925
TR-029526,2025-07-05,3941.71,3382.6218069484325
TR-029527,2025-07-05,1353.25,1293.23246153697
TR-029528,2025-07-05,4776.1,4761.240543737264
TR-029529,2025-07-05,2526.59,2716.897215696509
TR-029530,2025-07-05,1818.14,1800.342276028991
TR-029531,2025-07-05,2174.19,2141.7556238213074
TR-029532,2025-07-05,991.44,980.321395412845
TR-029533,2025-07-05,4784.95,4691.524646655833
TR-029534,2025-07-05,1028.05,1058.1781060076976
TR-029535,2025-07-05,1485.39,1463.319269635772
TR-029536,2025-07-05,4262.82,4392.193419530259
TR-029537,2025-07-05,1748.65,1756.2722161076017
TR-029538,2025-07-05,1988.92,1904.6694438063496
TR-029539,2025-07-05,1444.01,1397.2294121401249
TR-029540,2025-07-05,4081.0,3851.748658699543
TR-029541,2025-07-05,1459.64,1435.7339071013437
TR-029542,2025-07-05,900.08,878.8529477053038
TR-029543,2025-07-05,1646.61,1642.413397194211
TR-029544,2025-07-05,3964.59,3855.9173884366937
TR-029545,2025-07-05,3882.86,3928.217137420432
TR-029546,2025-07-05,1936.38,1944.5056810128272
TR-029547,2025-07-05,1361.92,1385.2058307377151
TR-029548,2025-07-05,1124.47,1128.3226084865391
TR-029549,2025-07-05,531.52,519.2531249097104
TR-029550,2025-07-05,2413.62,2324.607278507986
TR-029551,2025-07-05,3685.44,3904.0541111673947
TR-029552,2025-07-05,3157.83,3159.9608997631785
TR-029553,2025-07-05,4308.66,4058.0160360123414
TR-029554,2025-07-05,1376.85,1341.4544575293526
TR-029555,2025-07-05,5950.82,5851.749714182967
TR-029556,2025-07-05,741.9,719.3584160666471
TR-029557,2025-07-05,5594.43,5557.387730829472
TR-029558,2025-07-05,885.65,876.3041638131302
TR-029559,2025-07-05,563.63,554.7433787395969
TR-029560,2025-07-05,2970.02,2838.707741903372
TR-029561,2025-07-05,999.72,972.0783425350237
TR-029562,2025-07-05,1337.29,1322.316347255878
TR-029563,2025-07-05,1956.45,1941.4378428399557
TR-029564,2025-07-05,866.47,862.9248489902109
TR-029565,2025-07-05,2106.25,2123.9103329389745
TR-029566,2025-07-05,1652.09,1689.4925662187036
TR-029567,2025-07-05,3442.12,3544.5510103358097
TR-029568,2025-07-05,1966.63,1894.1670618966036
TR-029569,2025-07-05,1676.66,1626.2256094942697
TR-029570,2025-07-05,3054.67,3115.8830284542746
TR-029571,2025-07-05,760.97,745.3676684626524
TR-029572,2025-07-05,4415.52,4428.204065079334
TR-029573,2025-07-05,3771.03,3909.252337404682
TR-029574,2025-07-05,3164.49,3273.5174752858725
TR-029575,2025-07-05,1537.25,1558.4309786102713
TR-029576,2025-07-05,1590.07,1566.2612166431288
TR-029577,2025-07-05,3834.16,3888.0578049963797
TR-029578,2025-07-05,1839.86,1791.3431806627018
TR-029579,2025-07-05,1069.51,1057.9181818124227
TR-029580,2025-07-05,5041.32,5157.076361635541
TR-029581,2025-07-05,814.13,806.9646776169025
TR-029582,2025-07-05,1618.0,1618.883718598024
TR-029583,2025-07-05,1950.61,1935.8677238870855
TR-029584,2025-07-05,1732.69,1802.9776980532504
TR-029585,2025-07-05,3900.36,4228.664578450372
TR-029586,2025-07-05,3486.55,3383.2184773673694
TR-029587,2025-07-05,763.59,734.3859553627243
TR-029588,2025-07-05,5030.16,4950.50950846647
TR-029589,2025-07-05,585.34,569.2049763345865
TR-029590,2025-07-05,2116.65,2225.364339042222
TR-029591,2025-07-05,3020.17,3166.484642318204
TR-029592,2025-07-05,1401.68,1362.3921077825532
TR-029593,2025-07-05,2138.02,2124.2849455283767
TR-029594,2025-07-05,1205.69,1187.4722504490605
TR-029595,2025-07-05,617.46,630.4078895298226
TR-029596,2025-07-05,898.06,885.9555624114121
TR-029597,2025-07-05,1767.05,1754.6821665051152
TR-029598,2025-07-05,519.31,514.2894282564207
TR-029599,2025-07-05,2858.4,2820.2685648802712
TR-029600,2025-07-05,1773.71,1732.3941913026201
TR-029601,2025-07-05,1299.89,1272.392009191682
TR-029602,2025-07-06,4513.23,4577.716662431032
TR-029603,2025-07-06,832.92,840.2113836925214
TR-029604,2025-07-06,1624.22,1655.4563286627813
TR-029605,2025-07-06,4360.01,3844.1081641643177
TR-029606,2025-07-06,4577.93,4681.498331152888
TR-029607,2025-07-06,2299.21,2171.55714664826
TR-029608,2025-07-06,4114.77,4252.687391747901
TR-029609,2025-07-06,3623.95,3600.866664220604
TR-029610,2025-07-06,2856.51,2796.0538256028262
TR-029611,2025-07-06,1792.47,1874.6980237134005
TR-029612,2025-07-06,3302.2,3390.251979233167
TR-029613,2025-07-06,1121.54,1117.223888991421
TR-029614,2025-07-06,3624.28,3791.8978626470475
TR-029615,2025-07-06,4231.21,4385.692714983163
TR-029616,2025-07-06,4312.0,4263.520224308041
TR-029617,2025-07-06,5790.14,5945.407270921975
TR-029618,2025-07-06,3368.95,3315.538758205803
TR-029619,2025-07-06,1426.19,1426.2937407073875
TR-029620,2025-07-06,2074.09,2120.8143677869953
TR-029621,2025-07-06,2532.05,2560.652782756233
TR-029622,2025-07-06,3846.05,3642.8011910197674
TR-029623,2025-07-06,983.13,967.5494748792403
TR-029624,2025-07-06,993.18,981.266954213862
TR-029625,2025-07-06,2680.09,2581.4919027984392
TR-029626,2025-07-06,720.22,687.8890938931908
TR-029627,2025-07-06,2238.73,2142.168347197933
TR-029628,2025-07-06,5249.4,5123.486607934393
TR-029629,2025-07-06,3257.91,3307.115387402373
TR-029630,2025-07-06,2698.54,2707.825355281395
TR-029631,2025-07-06,2560.74,2614.9460276935615
TR-029632,2025-07-06,1597.46,1599.1817415296246
TR-029633,2025-07-06,4475.09,4194.534240228115
TR-029634,2025-07-06,2149.52,2092.493280176725
TR-029635,2025-07-06,3534.47,3667.3533091259833
TR-029636,2025-07-06,2347.08,2439.932617354963
TR-029637,2025-07-06,2006.6,1962.9784993406568
TR-029638,2025-07-06,551.68,569.3149626159229
TR-029639,2025-07-06,4003.18,4149.877298813186
TR-029640,2025-07-06,672.9,653.7932168416123
TR-029641,2025-07-06,4554.63,4733.689960791512
TR-029642,2025-07-06,815.3,800.0514035285967
TR-029643,2025-07-06,4142.67,4201.438518761609
TR-029644,2025-07-06,1249.07,1257.4172604313187
TR-029645,2025-07-06,5358.34,2279.8389051823337
TR-029646,2025-07-06,2324.37,2454.3451680485723
TR-029647,2025-07-06,2058.7,2077.147668807998
TR-029648,2025-07-06,1350.03,1342.4697878651805
TR-029649,2025-07-06,2313.31,2368.450814365292
TR-029650,2025-07-06,575.49,568.6490626471568
TR-029651,2025-07-06,1228.85,1215.828010862584
TR-029652,2025-07-06,3264.82,3303.456684240082
TR-029653,2025-07-06,5751.03,5804.487294410783
TR-029654,2025-07-06,2347.62,2523.6206067840594
TR-029655,2025-07-06,1552.41,1574.84134498313
TR-029656,2025-07-06,1413.81,1396.5321975997244
TR-029657,2025-07-06,1316.01,1303.9652864765453
TR-029658,2025-07-06,2632.16,2734.168807937242
TR-029659,2025-07-06,1030.76,1020.7068042897266
TR-029660,2025-07-06,2266.75,2209.032408724724
TR-029661,2025-07-06,1202.34,1228.3427056659054
TR-029662,2025-07-06,2443.58,2378.607593670493
TR-029663,2025-07-06,5707.96,5783.27907187646
TR-029664,2025-07-06,11668.74,3345.8889558674846
TR-029665,2025-07-06,1584.88,1587.9908561529908
TR-029666,2025-07-06,1362.22,1359.2385313024065
TR-029667,2025-07-06,2243.83,2226.9732047552243
TR-029668,2025-07-06,3100.02,3068.5944561217416
TR-029669,2025-07-06,1646.85,1638.3191505094787
TR-029670,2025-07-06,1683.28,1695.044422519406
TR-029671,2025-07-06,1896.2,1854.0761850549945
TR-029672,2025-07-06,1343.45,1293.9437219459458
TR-029673,2025-07-06,1478.1,1469.180694941493
TR-029674,2025-07-06,4335.38,4502.985700725004
TR-029675,2025-07-06,802.27,786.352218050351
TR-029676,2025-07-06,2015.18,1922.4082311899317
TR-029677,2025-07-06,1831.1,1749.7105490852043
TR-029678,2025-07-06,582.19,555.2375090350862
TR-029679,2025-07-06,2779.86,2776.9677824844703
TR-029680,2025-07-06,1320.15,1314.2764038741109
TR-029681,2025-07-06,964.92,970.3343734338323
TR-029682,2025-07-06,4645.47,4900.768563891438
TR-029683,2025-07-06,726.69,749.1079121657916
TR-029684,2025-07-06,819.71,828.1168463343461
TR-029685,2025-07-06,4315.1,4469.511393113083
TR-029686,2025-07-06,1078.23,1032.9609572225709
TR-029687,2025-07-06,615.1,590.6874145148361
TR-029688,2025-07-06,1115.04,1074.536934229644
TR-029689,2025-07-06,2031.45,2025.4988914973944
TR-029690,2025-07-06,3275.44,3432.9337023741473
TR-029691,2025-07-06,762.83,764.9939208985952
TR-029692,2025-07-06,2148.64,2211.503754965632
TR-029693,2025-07-06,2296.55,2319.37393614851
TR-029694,2025-07-06,2061.38,2215.0485704354446
TR-029695,2025-07-06,3608.02,3867.4199892220454
TR-029696,2025-07-06,1782.63,1783.1196544306085
TR-029697,2025-07-06,1292.92,1280.8781839676637
TR-029698,2025-07-06,769.8,765.1668559509541
TR-029699,2025-07-06,1150.48,1140.7459671086774
TR-029700,2025-07-06,2879.67,2692.9060624998037
TR-029701,2025-07-06,1930.48,1999.0762982575443
TR-029702,2025-07-06,1627.15,1623.0498614547112
TR-029703,2025-07-06,1694.67,1653.2584438556678
TR-029704,2025-07-06,2145.18,2105.107531742722
TR-029705,2025-07-06,2370.51,2258.182038203597
TR-029706,2025-07-06,2588.12,2657.2974422538246
TR-029707,2025-07-06,1268.29,1349.5014696354294
TR-029708,2025-07-06,3534.89,3660.017407612379
TR-029709,2025-07-06,2375.02,2388.761531202042
TR-029710,2025-07-06,1489.93,1540.334322281024
TR-029711,2025-07-06,1376.68,1401.7287672501382
TR-029712,2025-07-06,1043.58,1030.0585548951042
TR-029713,2025-07-06,2071.76,2063.134136202111
TR-029714,2025-07-06,1209.07,1162.9904588869067
TR-029715,2025-07-06,1219.22,1212.602360952091
TR-029716,2025-07-06,1339.91,1374.2084036347535
TR-029717,2025-07-06,2868.75,2817.6072387649037
TR-029718,2025-07-06,6056.34,6047.002134930956
TR-029719,2025-07-06,5099.29,5271.416360808249
TR-029720,2025-07-06,1058.21,1058.003750308116
TR-029721,2025-07-06,2092.4,2052.9698579230853
TR-029722,2025-07-06,350.72,354.538379950574
TR-029723,2025-07-06,2269.61,2339.7746769555347
TR-029724,2025-07-06,395.91,386.15132177601345
TR-029725,2025-07-06,1758.81,1731.093374346289
TR-029726,2025-07-06,2114.9,2100.6790947587515
TR-029727,2025-07-06,4633.67,4942.97806589064
TR-029728,2025-07-06,3058.63,2888.0745331398325
TR-029729,2025-07-06,1689.52,1679.261743085099
TR-029730,2025-07-06,928.06,940.430943984011
TR-029731,2025-07-06,2661.19,2660.883747787707
TR-029732,2025-07-06,2265.17,2178.7810957101296
TR-029733,2025-07-06,959.9,942.6932409130343
TR-029734,2025-07-06,2149.69,2265.643925725888
TR-029735,2025-07-06,4293.49,4516.939035793882
TR-029736,2025-07-06,3038.18,3196.1044883551453
TR-029737,2025-07-06,743.21,741.5550909861333
TR-029738,2025-07-06,3556.04,3536.462297182487
TR-029739,2025-07-06,1228.53,1205.3071893196611
TR-029740,2025-07-06,391.76,381.777861310097
TR-029741,2025-07-06,2082.26,2070.667430898148
TR-029742,2025-07-06,4870.49,4963.759357652175
TR-029743,2025-07-06,4025.95,4054.9444217032537
TR-029744,2025-07-06,4968.89,5032.829103223376
TR-029745,2025-07-06,4640.5,4929.023898610279
TR-029746,2025-07-06,608.97,618.5853239735691
TR-029747,2025-07-06,3524.86,3765.2961021732594
TR-029748,2025-07-06,1857.37,1783.3874957686296
TR-029749,2025-07-06,1908.71,1824.3356391083962
TR-029750,2025-07-06,3921.87,3792.898811594979
TR-029751,2025-07-06,1581.72,1563.5310596397308
TR-029752,2025-07-06,1401.27,1404.4300660482322
TR-029753,2025-07-06,2245.65,2151.1522817685104
TR-029754,2025-07-06,1443.59,1432.0838941860566
TR-029755,2025-07-06,5719.02,5701.991479231806
TR-029756,2025-07-06,617.74,595.0041732958354
TR-029757,2025-07-06,3909.21,3835.730930272996
TR-029758,2025-07-06,2891.15,2614.726595891037
TR-029759,2025-07-06,2794.91,2608.314520630368
TR-029760,2025-07-07,3652.5,3675.663030830585
TR-029761,2025-07-07,3208.66,3280.3296257989564
TR-029762,2025-07-07,2071.21,2018.3763896408527
TR-029763,2025-07-07,3513.08,3610.036247867598
TR-029764,2025-07-07,5710.29,5684.269213430743
TR-029765,2025-07-07,1105.94,1083.0967722839782
TR-029766,2025-07-07,1810.27,1828.6546183137266
TR-029767,2025-07-07,560.53,508.1762407415507
TR-029768,2025-07-07,384.65,356.7492478026639
TR-029769,2025-07-07,4203.06,4064.687534914822
TR-029770,2025-07-07,2722.41,2617.563988044714
TR-029771,2025-07-07,1394.22,1368.9280224712195
TR-029772,2025-07-07,1754.92,1734.1000167621228
TR-029773,2025-07-07,1777.79,1761.6116165978874
TR-029774,2025-07-07,4212.42,4390.274328201976
TR-029775,2025-07-07,2088.72,2077.5064254417425
TR-029776,2025-07-07,998.63,959.8157228221504
TR-029777,2025-07-07,2251.07,2172.6415434313794
TR-029778,2025-07-07,1031.12,991.624889526123
TR-029779,2025-07-07,3039.93,3124.757925199219
TR-029780,2025-07-07,1076.51,1063.6649946505513
TR-029781,2025-07-07,643.11,636.5528680478549
TR-029782,2025-07-07,4946.54,4423.422624562812
TR-029783,2025-07-07,951.82,946.3963248332083
TR-029784,2025-07-07,1619.46,1587.7354933836498
TR-029785,2025-07-07,4576.49,4798.783507652481
TR-029786,2025-07-07,2157.24,2170.453657381118
TR-029787,2025-07-07,785.28,784.7240296665286
TR-029788,2025-07-07,2011.13,2024.335906591282
TR-029789,2025-07-07,4166.98,4007.956516936944
TR-029790,2025-07-07,4351.72,1726.6457613595555
TR-029791,2025-07-07,2570.66,2562.1200443925686
TR-029792,2025-07-07,3764.81,3891.3094072707086
TR-029793,2025-07-07,3472.67,3500.457600646746
TR-029794,2025-07-07,972.06,978.895814597286
TR-029795,2025-07-07,1872.28,1828.4826363758268
TR-029796,2025-07-07,2046.59,2014.7262882318373
TR-029797,2025-07-07,2179.72,2258.5970703818357
TR-029798,2025-07-07,1208.32,1191.6437953404147
TR-029799,2025-07-07,812.94,820.3286822489604
TR-029800,2025-07-07,3253.63,3418.585063530265
TR-029801,2025-07-07,3060.08,3061.9215597674997
TR-029802,2025-07-07,722.1,732.1034487376847
TR-029803,2025-07-07,952.36,956.2887984707124
TR-029804,2025-07-07,1631.59,1630.6208845145518
TR-029805,2025-07-07,3728.4,3918.0339114766794
TR-029806,2025-07-07,4889.84,4799.614881378195
TR-029807,2025-07-07,1196.07,1200.0438408599193
TR-029808,2025-07-07,3066.58,3137.247611706004
TR-029809,2025-07-07,3686.7,3565.9162153646607
TR-029810,2025-07-07,3348.65,3471.0208973815297
TR-029811,2025-07-07,263.32,1167.2487300117677
TR-029812,2025-07-07,1909.16,1833.8097882670565
TR-029813,2025-07-07,1118.11,1126.3520833624264
TR-029814,2025-07-07,1963.8,2068.834124437546
TR-029815,2025-07-07,1179.95,1170.04144078765
TR-029816,2025-07-07,4140.45,4024.3426302868356
TR-029817,2025-07-07,3332.63,3278.859666262903
TR-029818,2025-07-07,2996.51,3101.503471541902
TR-029819,2025-07-07,1076.08,1067.650502105086
TR-029820,2025-07-07,5157.08,5493.449076320794
TR-029821,2025-07-07,3260.8,3365.9309914114915
TR-029822,2025-07-07,2970.19,2864.183538567503
TR-029823,2025-07-07,2531.29,2622.858634124574
TR-029824,2025-07-07,1222.4,1208.500036354384
TR-029825,2025-07-07,3915.5,4063.389031377394
TR-029826,2025-07-07,1649.96,1657.665191193842
TR-029827,2025-07-07,1038.42,1029.3042815983429
TR-029828,2025-07-07,1105.46,1154.8927608996353
TR-029829,2025-07-07,1140.4,1118.9216785971182
TR-029830,2025-07-07,241.77,230.34970620143153
TR-029831,2025-07-07,4796.23,4950.8153242444905
TR-029832,2025-07-07,2627.06,2713.2064090989907
TR-029833,2025-07-07,3740.1,3831.7206725759124
TR-029834,2025-07-07,705.3,710.0869218499214
TR-029835,2025-07-07,1847.01,1804.6590116279456
TR-029836,2025-07-07,2054.9,2191.080633814323
TR-029837,2025-07-07,2730.21,2958.551679093316
TR-029838,2025-07-07,985.22,980.0261788882697
TR-029839,2025-07-07,558.22,573.0526715177845
TR-029840,2025-07-07,2056.06,2088.4624574544796
TR-029841,2025-07-07,2936.61,3068.2465911232907
TR-029842,2025-07-07,3223.34,3163.2591242518374
TR-029843,2025-07-07,4852.09,4557.615752461819
TR-029844,2025-07-07,1826.8,1816.5291701860217
TR-029845,2025-07-07,4920.45,5144.430811629582
TR-029846,2025-07-07,1646.33,1612.2199275294618
TR-029847,2025-07-07,4098.28,4171.30314244804
TR-029848,2025-07-07,3933.73,4065.3863766994054
TR-029849,2025-07-07,1846.89,1982.5066454478256
TR-029850,2025-07-07,3910.23,4119.9173318522235
TR-029851,2025-07-07,2291.12,2305.9453537903196
TR-029852,2025-07-07,1430.19,1449.5027318505433
TR-029853,2025-07-07,1880.41,1900.0599390486416
TR-029854,2025-07-07,1149.71,1124.2206611665506
TR-029855,2025-07-07,5071.42,5366.167397119619
TR-029856,2025-07-07,985.59,1008.1989126854319
TR-029857,2025-07-07,1053.52,1041.011564129957
TR-029858,2025-07-07,795.93,795.9716387268812
TR-029859,2025-07-07,937.62,907.0942026257361
TR-029860,2025-07-07,1773.57,1896.0907838294859
TR-029861,2025-07-07,761.96,756.542571500898
TR-029862,2025-07-07,649.15,651.8396501931276
TR-029863,2025-07-07,2634.37,2622.711585505171
TR-029864,2025-07-07,4382.8,4548.86516450208
TR-029865,2025-07-07,6127.77,5894.228985041621
TR-029866,2025-07-07,2749.98,2869.1249995438125
TR-029867,2025-07-07,2117.13,2069.7101654982603
TR-029868,2025-07-07,529.64,514.9576308185646
TR-029869,2025-07-07,1682.91,1692.613377296505
TR-029870,2025-07-07,917.0,919.4611706771958
TR-029871,2025-07-07,1441.54,1427.8245759558
TR-029872,2025-07-07,2108.04,2118.188759308963
TR-029873,2025-07-07,2153.45,2238.823740050679
TR-029874,2025-07-07,745.13,727.609936298773
TR-029875,2025-07-07,4275.75,4160.603423038803
TR-029876,2025-07-07,1759.78,1722.8054783398818
TR-029877,2025-07-07,2618.05,2610.3616073641906
TR-029878,2025-07-07,1551.91,1515.9333629974797
TR-029879,2025-07-07,1207.83,1168.24014379233
TR-029880,2025-07-07,3816.51,3990.1383920870903
TR-029881,2025-07-07,2594.91,2573.4209331760153
TR-029882,2025-07-07,1428.73,1441.000658412684
TR-029883,2025-07-07,2385.68,2297.4678872581485
TR-029884,2025-07-07,1130.41,1130.8529582930773
TR-029885,2025-07-07,2666.36,2741.6837403820214
TR-029886,2025-07-07,2616.03,2611.262355464714
TR-029887,2025-07-07,2579.89,2436.8413800866483
TR-029888,2025-07-07,3845.66,1133.2208501628318
TR-029889,2025-07-07,1370.56,1305.423888435495
TR-029890,2025-07-07,2076.69,2024.127091242352
TR-029891,2025-07-07,4103.29,4043.289217733726
TR-029892,2025-07-07,3937.2,3917.60553562664
TR-029893,2025-07-07,4142.27,4385.5857407300155
TR-029894,2025-07-07,4380.44,4600.378850738607
TR-029895,2025-07-07,3669.44,3780.0943208261438
TR-029896,2025-07-07,5806.21,5802.82670015344
TR-029897,2025-07-07,3717.33,3793.572487125491
TR-029898,2025-07-07,3918.62,4278.918862913526
TR-029899,2025-07-07,762.97,766.6059629616542
TR-029900,2025-07-07,672.44,661.620149311876
TR-029901,2025-07-07,588.46,600.7786188606243
TR-029902,2025-07-07,1780.94,1776.5320212559038
TR-029903,2025-07-07,2076.43,2201.120158169586
TR-029904,2025-07-07,2985.89,2961.6724276970003
TR-029905,2025-07-07,3520.39,3573.867894993947
TR-029906,2025-07-07,3022.93,2883.558617686598
TR-029907,2025-07-07,1485.47,1474.5645949128827
TR-029908,2025-07-07,3627.75,3765.652163742162
TR-029909,2025-07-07,1377.56,1349.4081057205906
TR-029910,2025-07-07,1005.05,1000.4411905978159
TR-029911,2025-07-07,5280.81,5441.384764406323
TR-029912,2025-07-07,4152.27,4394.454350487969
TR-029913,2025-07-07,1677.13,1635.6562080880042
TR-029914,2025-07-07,308.96,306.2024202640577
TR-029915,2025-07-07,1546.41,1575.0653946231616
TR-029916,2025-07-07,1509.34,1481.415460783331
TR-029917,2025-07-07,2598.13,2491.2908819226845
TR-029918,2025-07-07,2802.36,2956.5801675059683
TR-029919,2025-07-07,3308.09,3201.917546454285
TR-029920,2025-07-07,2575.87,2640.659873603574
TR-029921,2025-07-08,1644.7,1641.6547575496097
TR-029922,2025-07-08,452.53,436.6764686238195
TR-029923,2025-07-08,1773.86,1733.931058500227
TR-029924,2025-07-08,5407.07,5459.318457070309
TR-029925,2025-07-08,1827.0,1893.8411221817682
TR-029926,2025-07-08,750.24,712.4269455923782
TR-029927,2025-07-08,5195.32,5256.868572844699
TR-029928,2025-07-08,1659.44,1638.294068815007
TR-029929,2025-07-08,3807.67,4018.980913383436
TR-029930,2025-07-08,4625.88,4894.117936664009
TR-029931,2025-07-08,2559.65,2405.1714697357097
TR-029932,2025-07-08,1869.96,1834.2754463713268
TR-029933,2025-07-08,1741.74,1692.5946826147806
TR-029934,2025-07-08,1864.5,1883.161009544791
TR-029935,2025-07-08,2157.75,2155.545972028943
TR-029936,2025-07-08,4454.91,4694.435066677837
TR-029937,2025-07-08,1846.43,1759.5416418761736
TR-029938,2025-07-08,4308.43,4344.647747510023
TR-029939,2025-07-08,2424.46,2440.3179561448405
TR-029940,2025-07-08,4293.06,4570.388589101977
TR-029941,2025-07-08,3220.54,3070.778629274101
TR-029942,2025-07-08,1065.49,1088.8309675705505
TR-029943,2025-07-08,1055.32,1060.7742573183139
TR-029944,2025-07-08,4251.67,4069.2819858821667
TR-029945,2025-07-08,5234.45,5260.429586610436
TR-029946,2025-07-08,4787.27,4973.054392477719
TR-029947,2025-07-08,1742.46,1707.7492801972192
TR-029948,2025-07-08,3396.48,3449.2138380575716
TR-029949,2025-07-08,598.25,598.5403663184113
TR-029950,2025-07-08,5491.89,5485.598076695145
TR-029951,2025-07-08,2161.73,2235.9823909931083
TR-029952,2025-07-08,1195.62,1165.5812792691345
TR-029953,2025-07-08,2540.32,2453.381688577135
TR-029954,2025-07-08,2806.38,2685.2931845458706
TR-029955,2025-07-08,1886.19,1901.4232145529486
TR-029956,2025-07-08,2163.87,2103.500295841251
TR-029957,2025-07-08,3004.0,3028.834522343144
TR-029958,2025-07-08,1142.68,1136.6380387269396
TR-029959,2025-07-08,2841.34,2734.5388362281933
TR-029960,2025-07-08,1825.14,1867.162789183928
TR-029961,2025-07-08,3356.42,3453.223484793877
TR-029962,2025-07-08,1293.11,1269.6110800399035
TR-029963,2025-07-08,3583.66,3529.322898968452
TR-029964,2025-07-08,2300.37,2363.3951641477706
TR-029965,2025-07-08,2565.53,2526.2019346441944
TR-029966,2025-07-08,2733.0,2846.038449075568
TR-029967,2025-07-08,1609.28,1602.3757218454946
TR-029968,2025-07-08,1995.25,2097.7977812939275
TR-029969,2025-07-08,1488.25,1461.9929729694884
TR-029970,2025-07-08,1984.16,1948.0981187040409
TR-029971,2025-07-08,2713.57,2772.135086737781
TR-029972,2025-07-08,2286.85,2425.6045385972666
TR-029973,2025-07-08,1124.29,1140.4602274256692
TR-029974,2025-07-08,1333.38,1332.3008057243617
TR-029975,2025-07-08,3526.89,3598.0951333353655
TR-029976,2025-07-08,2104.75,2232.273323500274
TR-029977,2025-07-08,1291.2,1273.9273681491948
TR-029978,2025-07-08,1308.6,1284.109615402363
TR-029979,2025-07-08,3618.61,3804.0193062726166
TR-029980,2025-07-08,704.43,718.0859839076946
TR-029981,2025-07-08,3929.93,3996.011256499398
TR-029982,2025-07-08,607.63,607.3478217165695
TR-029983,2025-07-08,4203.07,4300.716362239124
TR-029984,2025-07-08,890.88,890.556031148902
TR-029985,2025-07-08,913.71,917.8465217784671
TR-029986,2025-07-08,4293.71,4331.485735403141
TR-029987,2025-07-08,4101.92,4039.1660668492536
TR-029988,2025-07-08,4916.55,5075.592664541111
TR-029989,2025-07-08,906.56,905.203631305176
TR-029990,2025-07-08,5112.96,5221.8290660801595
TR-029991,2025-07-08,2354.4,2183.6498686391365
TR-029992,2025-07-08,3177.96,3218.8133956551
TR-029993,2025-07-08,4704.81,4829.911437410566
TR-029994,2025-07-08,997.17,983.0848423051023
TR-029995,2025-07-08,3777.81,3802.9538319061735
TR-029996,2025-07-08,3749.13,3662.274677253214
TR-029997,2025-07-08,1585.47,1578.2277901780672
TR-029998,2025-07-08,1025.8,1035.2079010164605
TR-029999,2025-07-08,2408.88,2539.9439833789197
TR-030000,2025-07-08,1141.97,1163.5533999890552
TR-030001,2025-07-08,2376.48,2288.150206862595
TR-030002,2025-07-08,5720.81,5686.739282819714
TR-030003,2025-07-08,3627.57,3497.1375474911342
TR-030004,2025-07-08,1332.8,1276.1245761014477
TR-030005,2025-07-08,1383.7,1363.937030997792
TR-030006,2025-07-08,2777.65,2709.4498028104153
TR-030007,2025-07-08,1368.29,1377.228590975071
TR-030008,2025-07-08,4208.45,4285.99820213241
TR-030009,2025-07-08,3361.33,3430.966500950344
TR-030010,2025-07-08,1944.06,1901.1963416772644
TR-030011,2025-07-08,1162.95,1139.5268046364738
TR-030012,2025-07-08,2389.02,2364.9173366280374
TR-030013,2025-07-08,3689.71,3906.4306800943086
TR-030014,2025-07-08,2967.97,2842.4086254879317
TR-030015,2025-07-08,631.45,628.0522514081825
TR-030016,2025-07-08,257.56,726.2950165650319
TR-030017,2025-07-08,1167.59,1141.0212617184795
TR-030018,2025-07-08,2709.45,2568.048552453404
TR-030019,2025-07-08,3697.65,3756.4266939470854
TR-030020,2025-07-08,3279.46,3316.806518692379
TR-030021,2025-07-08,2917.16,3105.8131887172967
TR-030022,2025-07-08,867.03,880.717776844432
TR-030023,2025-07-08,2155.12,2092.343350180932
TR-030024,2025-07-08,648.08,634.641033814286
TR-030025,2025-07-08,659.71,658.9486961984225
TR-030026,2025-07-08,1822.58,1787.7213926066588
TR-030027,2025-07-08,4917.64,4739.113433174042
TR-030028,2025-07-08,3390.55,3526.435247805573
TR-030029,2025-07-08,1863.17,1833.4585712817436
TR-030030,2025-07-08,1290.16,1286.7764969796774
TR-030031,2025-07-08,5068.93,5118.65375286472
TR-030032,2025-07-08,1326.82,1275.4059488895623
TR-030033,2025-07-08,654.74,662.3282592746084
TR-030034,2025-07-08,3069.03,3033.854778057539
TR-030035,2025-07-08,3625.56,3696.8327166182953
TR-030036,2025-07-08,1111.55,1107.579175105878
TR-030037,2025-07-08,4601.79,4609.010440809157
TR-030038,2025-07-08,2516.27,2370.0732106051037
TR-030039,2025-07-08,4506.2,4416.055029711559
TR-030040,2025-07-08,1688.02,1727.2343063341723
TR-030041,2025-07-08,1373.06,1338.6240079808065
TR-030042,2025-07-08,3881.78,3578.621407665241
TR-030043,2025-07-08,1176.33,1146.2075901627531
TR-030044,2025-07-08,1867.59,1807.6987717814582
TR-030045,2025-07-08,607.6,592.4692856082493
TR-030046,2025-07-08,1334.43,1259.9481420843813
TR-030047,2025-07-08,600.02,597.8019419620529
TR-030048,2025-07-08,2020.54,2026.8474146578235
TR-030049,2025-07-08,2461.77,2559.0975101741697
TR-030050,2025-07-08,1220.34,1214.0339299365346
TR-030051,2025-07-08,1150.24,1127.584502460167
TR-030052,2025-07-08,1171.78,1149.476164441192
TR-030053,2025-07-08,843.66,836.5465481135939
TR-030054,2025-07-08,2932.68,2955.7823035951837
TR-030055,2025-07-08,670.67,668.4652943721576
TR-030056,2025-07-08,1821.22,1844.0238798524028
TR-030057,2025-07-08,2084.7,2145.491228412116
TR-030058,2025-07-08,1723.45,1687.156599523123
TR-030059,2025-07-08,2271.48,2230.053081974447
TR-030060,2025-07-08,1183.92,1172.6519919050181
TR-030061,2025-07-08,2355.46,2353.828966611351
TR-030062,2025-07-08,1749.53,1701.7660404483743
TR-030063,2025-07-08,3752.29,3878.3683666042925
TR-030064,2025-07-08,2078.58,2121.191887140762
TR-030065,2025-07-08,1571.22,1574.3507558195333
TR-030066,2025-07-08,1337.74,1327.367983266365
TR-030067,2025-07-08,440.58,444.89992405004756
TR-030068,2025-07-08,2122.34,2233.7708491240724
TR-030069,2025-07-08,3595.37,3581.395866510398
TR-030070,2025-07-08,413.57,394.98782747363526
TR-030071,2025-07-08,2407.45,2526.96680458015
TR-030072,2025-07-08,3719.01,3614.7407270564754
TR-030073,2025-07-08,2163.53,2116.0668594235194
TR-030074,2025-07-08,4168.93,4294.906467234782
TR-030075,2025-07-08,3893.03,3669.2665899455087
TR-030076,2025-07-08,4797.89,5107.377541519155
TR-030077,2025-07-08,984.19,944.4517344995947
TR-030078,2025-07-08,1491.15,1485.547023574957
TR-030079,2025-07-09,1918.31,1922.7786520952309
TR-030080,2025-07-09,2505.27,2568.9883692338335
TR-030081,2025-07-09,689.7,667.8338660042642
TR-030082,2025-07-09,1177.25,1148.7325670395471
TR-030083,2025-07-09,823.68,827.6435036780202
TR-030084,2025-07-09,1586.23,1549.6661671800457
TR-030085,2025-07-09,4460.44,4249.0184504026765
TR-030086,2025-07-09,1179.49,1159.971778273625
TR-030087,2025-07-09,2525.5,2480.903696297355
TR-030088,2025-07-09,3252.7,3280.455233795956
TR-030089,2025-07-09,861.45,862.1541312446144
TR-030090,2025-07-09,733.1,725.899631356993
TR-030091,2025-07-09,1213.49,1181.4629754396215
TR-030092,2025-07-09,1021.99,1029.2574665918403
TR-030093,2025-07-09,3560.52,3499.23943804897
TR-030094,2025-07-09,1125.27,1119.248084169828
TR-030095,2025-07-09,597.85,598.0966308068046
TR-030096,2025-07-09,2443.73,2271.399787727441
TR-030097,2025-07-09,1196.88,1195.486020327843
TR-030098,2025-07-09,3787.41,3913.490121655649
TR-030099,2025-07-09,2504.91,2430.8794972672526
TR-030100,2025-07-09,1114.16,1104.4195021443588
TR-030101,2025-07-09,1617.52,1580.9637797862747
TR-030102,2025-07-09,699.76,696.0889056251272
TR-030103,2025-07-09,2677.13,2701.3550233771925
TR-030104,2025-07-09,2589.23,2467.643502333135
TR-030105,2025-07-09,4836.0,4551.7747428399625
TR-030106,2025-07-09,5216.09,4968.0151048776
TR-030107,2025-07-09,2488.39,2514.8408182391704
TR-030108,2025-07-09,3721.62,3900.6082344264464
TR-030109,2025-07-09,2798.5,2640.572084578205
TR-030110,2025-07-09,4221.43,4265.504582465137
TR-030111,2025-07-09,2899.95,2723.989325200154
TR-030112,2025-07-09,2060.38,2037.6575541012578
TR-030113,2025-07-09,3093.4,3177.326622348416
TR-030114,2025-07-09,1694.08,1762.5258419806796
TR-030115,2025-07-09,376.78,354.95450190623956
TR-030116,2025-07-09,2573.8,2582.405817892747
TR-030117,2025-07-09,573.61,581.6248513924024
TR-030118,2025-07-09,1731.16,1718.3355586846853
TR-030119,2025-07-09,4923.86,4728.230191504924
TR-030120,2025-07-09,2370.49,2395.407914581634
TR-030121,2025-07-09,3468.06,3551.7057166855307
TR-030122,2025-07-09,2957.67,2743.367607654652
TR-030123,2025-07-09,1015.2,1001.5044039031029
TR-030124,2025-07-09,2925.94,2711.9923727097766
TR-030125,2025-07-09,1204.9,1183.8317171801275
TR-030126,2025-07-09,2264.18,2290.9651423069654
TR-030127,2025-07-09,538.31,542.3449879316619
TR-030128,2025-07-09,4180.35,4194.258664790355
TR-030129,2025-07-09,790.68,784.5549105607926
TR-030130,2025-07-09,858.02,861.2350233964817
TR-030131,2025-07-09,2210.64,2368.976525194365
TR-030132,2025-07-09,2130.31,2105.7500165324254
TR-030133,2025-07-09,5376.03,5520.557280009475
TR-030134,2025-07-09,1368.21,1343.0801141691725
TR-030135,2025-07-09,880.62,868.0722728872153
TR-030136,2025-07-09,2633.33,2517.333258258582
TR-030137,2025-07-09,3214.93,3177.753432955488
TR-030138,2025-07-09,1410.07,1390.1262968553199
TR-030139,2025-07-09,1544.25,1509.7628236770709
TR-030140,2025-07-09,4028.53,3965.573948855786
TR-030141,2025-07-09,1131.34,1091.299043337057
TR-030142,2025-07-09,6253.88,6153.75223864953
TR-030143,2025-07-09,837.32,829.3917671880088
TR-030144,2025-07-09,345.24,334.59646604267135
TR-030145,2025-07-09,604.66,622.1271612400002
TR-030146,2025-07-09,5490.92,5431.27303135504
TR-030147,2025-07-09,3548.48,3663.9357676070485
TR-030148,2025-07-09,561.47,545.6847361624664
TR-030149,2025-07-09,2610.84,2579.6063298992344
TR-030150,2025-07-09,4107.71,4028.832764992899
TR-030151,2025-07-09,4673.1,4746.463677390712
TR-030152,2025-07-09,1018.93,1002.7241122309193
TR-030153,2025-07-09,1963.42,1962.6495888059424
TR-030154,2025-07-09,4096.14,4092.9305023061534
TR-030155,2025-07-09,1261.07,1227.0522499040997
TR-030156,2025-07-09,1047.4,1019.5170296808026
TR-030157,2025-07-09,1491.03,1511.5449692419838
TR-030158,2025-07-09,1871.14,1834.8176867266131
TR-030159,2025-07-09,941.58,936.6594166081661
TR-030160,2025-07-09,1051.8,996.5615502991329
TR-030161,2025-07-09,2295.37,2339.4101861920335
TR-030162,2025-07-09,2309.83,2442.807814322186
TR-030163,2025-07-09,1752.57,1773.814828071608
TR-030164,2025-07-09,947.02,956.0502867998878
TR-030165,2025-07-09,4639.86,4828.412107534151
TR-030166,2025-07-09,2156.39,2130.129935521409
TR-030167,2025-07-09,641.98,660.0792614381238
TR-030168,2025-07-09,4130.83,4065.4766735504186
TR-030169,2025-07-09,1977.38,1982.8229623411924
TR-030170,2025-07-09,5432.18,4942.7001244371495
TR-030171,2025-07-09,4457.44,4749.502287778635
TR-030172,2025-07-09,3381.78,3419.1972611840206
TR-030173,2025-07-09,2422.81,2363.0986533340733
TR-030174,2025-07-09,1628.56,1587.3158036484347
TR-030175,2025-07-09,1832.26,1830.3912609181766
TR-030176,2025-07-09,1625.66,1588.5257784971807
TR-030177,2025-07-09,2032.0,2013.7335883279904
TR-030178,2025-07-09,2439.62,2363.875097437328
TR-030179,2025-07-09,5210.28,4861.662550073632
TR-030180,2025-07-09,358.61,363.7633419078867
TR-030181,2025-07-09,823.5,853.7014745862235
TR-030182,2025-07-09,4181.78,4299.432056714527
TR-030183,2025-07-09,4156.52,4315.8168120698665
TR-030184,2025-07-09,4388.84,4586.717435698788
TR-030185,2025-07-09,5057.59,5055.308415837159
TR-030186,2025-07-09,1095.22,1090.5186856505102
TR-030187,2025-07-09,2087.95,2095.288049473762
TR-030188,2025-07-09,1689.82,1615.7763712046929
TR-030189,2025-07-09,3016.53,3074.1623417126602
TR-030190,2025-07-09,1074.18,1067.1805150716123
TR-030191,2025-07-09,2452.29,2593.6872477555326
TR-030192,2025-07-09,3536.39,3843.5065219743383
TR-030193,2025-07-09,1477.74,1473.8944473059305
TR-030194,2025-07-09,642.44,645.7141187770482
TR-030195,2025-07-09,3963.63,3685.558260070346
TR-030196,2025-07-09,3875.7,4006.988745343185
TR-030197,2025-07-09,1852.71,1835.7180437800657
TR-030198,2025-07-09,2701.94,2747.6765675648858
TR-030199,2025-07-09,3050.6,2865.0407640553594
TR-030200,2025-07-09,3908.63,4081.451198915051
TR-030201,2025-07-09,5504.76,4927.81761936511
TR-030202,2025-07-09,2968.73,3039.8829019192467
TR-030203,2025-07-09,3858.33,4011.3797423427322
TR-030204,2025-07-09,3713.37,3613.6502897801397
TR-030205,2025-07-09,2952.19,2756.880909716679
TR-030206,2025-07-09,1505.23,1461.5085802559602
TR-030207,2025-07-09,4231.6,4067.1283351151233
TR-030208,2025-07-09,1402.44,1415.0586653062462
TR-030209,2025-07-09,1783.63,1778.7968593203195
TR-030210,2025-07-09,3698.1,3893.536555298904
TR-030211,2025-07-09,1377.03,1358.952306855847
TR-030212,2025-07-09,1098.53,1084.5681122934614
TR-030213,2025-07-09,1137.98,1138.2372079444765
TR-030214,2025-07-09,2549.82,2513.79195730295
TR-030215,2025-07-09,1003.06,1012.4694034333572
TR-030216,2025-07-09,4588.11,4564.435803417994
TR-030217,2025-07-09,5099.39,5001.548638467335
TR-030218,2025-07-09,1361.85,1342.059866292243
TR-030219,2025-07-09,394.67,392.08582354201775
TR-030220,2025-07-09,6025.48,5844.205644636499
TR-030221,2025-07-09,1032.94,1043.652287578371
TR-030222,2025-07-09,1722.75,1705.313663036335
TR-030223,2025-07-09,900.24,923.5776959213209
TR-030224,2025-07-09,3537.12,3681.585563649626
TR-030225,2025-07-09,2312.7,2231.4435582969486
TR-030226,2025-07-09,1830.89,1834.1677807821266
TR-030227,2025-07-09,1321.23,1321.0965473066708
TR-030228,2025-07-09,1245.3,1271.5905762942523
TR-030229,2025-07-09,3730.35,3695.3441991714594
TR-030230,2025-07-09,2628.19,2712.8310023458544
TR-030231,2025-07-09,968.65,960.689739739965
TR-030232,2025-07-09,4748.61,4987.4184585121175
TR-030233,2025-07-09,5015.01,5172.1054227461245
TR-030234,2025-07-09,4412.43,4599.057519990761
TR-030235,2025-07-09,1411.03,1421.773349470083
TR-030236,2025-07-09,3444.42,3345.3201543156415
TR-030237,2025-07-09,2415.31,2490.262366595213
TR-030238,2025-07-09,4379.17,4606.2655874396205
TR-030239,2025-07-10,2373.65,2230.994642808803
TR-030240,2025-07-10,897.34,885.2929350580636
TR-030241,2025-07-10,3399.79,3511.9052451263788
TR-030242,2025-07-10,3815.85,3533.5981528397424
TR-030243,2025-07-10,1815.89,1815.5309787063643
TR-030244,2025-07-10,1045.47,1035.2896322007389
TR-030245,2025-07-10,5115.5,4783.544290972582
TR-030246,2025-07-10,4418.0,4292.145836934832
TR-030247,2025-07-10,9195.08,2311.7134910661493
TR-030248,2025-07-10,1737.14,1688.8962289729238
TR-030249,2025-07-10,2628.29,2588.411043635983
TR-030250,2025-07-10,2058.62,2080.1424476790557
TR-030251,2025-07-10,2239.98,2237.011978816058
TR-030252,2025-07-10,4130.03,3999.492509599797
TR-030253,2025-07-10,1099.01,1084.7280282055956
TR-030254,2025-07-10,2180.16,2119.974812350674
TR-030255,2025-07-10,805.51,814.3407217419473
TR-030256,2025-07-10,1829.67,1807.0963549993353
TR-030257,2025-07-10,2870.07,2949.2244882492537
TR-030258,2025-07-10,831.31,841.1501623449168
TR-030259,2025-07-10,3472.38,3207.8591149768563
TR-030260,2025-07-10,1791.11,1772.0759663032543
TR-030261,2025-07-10,2803.99,2784.076443161279
TR-030262,2025-07-10,4313.93,4498.386603260159
TR-030263,2025-07-10,3828.95,3774.7363054142893
TR-030264,2025-07-10,2358.71,2526.591877086233
TR-030265,2025-07-10,2316.84,2197.8472872167918
TR-030266,2025-07-10,1707.48,1703.1985311396927
TR-030267,2025-07-10,2163.0,2197.4981250206893
TR-030268,2025-07-10,2203.3,2246.251090018745
TR-030269,2025-07-10,1684.25,1675.5973712590087
TR-030270,2025-07-10,4289.7,4426.670430607189
TR-030271,2025-07-10,380.61,395.7925288646596
TR-030272,2025-07-10,1298.18,1260.9624137722315
TR-030273,2025-07-10,1886.23,1888.4200235562496
TR-030274,2025-07-10,1955.39,1946.693347285076
TR-030275,2025-07-10,1886.21,1854.689500408094
TR-030276,2025-07-10,3753.04,3493.679539343931
TR-030277,2025-07-10,2574.13,2444.6467759454817
TR-030278,2025-07-10,4267.8,4228.497526677797
TR-030279,2025-07-10,3311.28,3360.091851254329
TR-030280,2025-07-10,1200.02,1183.200422076207
TR-030281,2025-07-10,712.33,716.1261856255937
TR-030282,2025-07-10,1962.96,741.2996123149619
TR-030283,2025-07-10,1430.89,1402.5620465579632
TR-030284,2025-07-10,2426.25,2433.2307787944587
TR-030285,2025-07-10,1671.53,1661.7224616343885
TR-030286,2025-07-10,2926.74,2828.521146940381
TR-030287,2025-07-10,3778.76,3946.110026535247
TR-030288,2025-07-10,1679.51,1701.147210568039
TR-030289,2025-07-10,1128.63,1145.1464258685592
TR-030290,2025-07-10,828.3,831.2129316361925
TR-030291,2025-07-10,4702.08,5025.7014586296245
TR-030292,2025-07-10,3554.06,3703.8042809816075
TR-030293,2025-07-10,4086.68,4352.235669307836
TR-030294,2025-07-10,1080.81,1050.8433113778342
TR-030295,2025-07-10,1453.52,1486.989600548936
TR-030296,2025-07-10,3467.68,3492.0604860996987
TR-030297,2025-07-10,4546.52,4097.573692512691
TR-030298,2025-07-10,1278.08,1257.694321834932
TR-030299,2025-07-10,731.19,716.6669612857769
TR-030300,2025-07-10,1134.64,1137.1776945403847
TR-030301,2025-07-10,3798.22,3784.4767133668115
TR-030302,2025-07-10,2234.27,2359.1601359679926
TR-030303,2025-07-10,2035.77,2058.58748704687
TR-030304,2025-07-10,3139.08,3109.2228020053976
TR-030305,2025-07-10,4340.03,4550.315559802054
TR-030306,2025-07-10,4249.28,4313.179358986709
TR-030307,2025-07-10,3411.75,3509.659549268417
TR-030308,2025-07-10,3009.16,2961.124960028894
TR-030309,2025-07-10,1207.36,1158.872935487663
TR-030310,2025-07-10,4002.13,4098.47985624751
TR-030311,2025-07-10,4302.23,4119.1008270967095
TR-030312,2025-07-10,857.92,806.7052583033486
TR-030313,2025-07-10,773.56,778.2108399845423
TR-030314,2025-07-10,1566.2,1570.5447624306848
TR-030315,2025-07-10,1251.91,1248.8086885537934
TR-030316,2025-07-10,3722.25,3483.19296691791
TR-030317,2025-07-10,630.34,582.5545331981724
TR-030318,2025-07-10,5218.42,5260.611333913251
TR-030319,2025-07-10,2452.12,2338.795547291325
TR-030320,2025-07-10,2518.98,2603.4240623672
TR-030321,2025-07-10,768.57,3378.2161498984465
TR-030322,2025-07-10,2055.19,2086.184316561049
TR-030323,2025-07-10,4238.49,4172.91623530499
TR-030324,2025-07-10,2802.16,2703.3216821484452
TR-030325,2025-07-10,1195.69,1197.847354179232
TR-030326,2025-07-10,4291.58,4126.819702500811
TR-030327,2025-07-10,294.68,292.0267793542559
TR-030328,2025-07-10,3353.23,3338.73074975044
TR-030329,2025-07-10,1854.9,1831.6779366411538
TR-030330,2025-07-10,1700.99,1671.4098103365195
TR-030331,2025-07-10,1917.99,1865.0770888231734
TR-030332,2025-07-10,1547.92,1517.4994429012493
TR-030333,2025-07-10,3888.68,4029.0191644481833
TR-030334,2025-07-10,400.03,393.2572319178775
TR-030335,2025-07-10,1767.35,1703.0331331615798
TR-030336,2025-07-10,1314.74,1317.1799684268526
TR-030337,2025-07-10,1294.11,1290.2002057692189
TR-030338,2025-07-10,2455.29,2542.83011434084
TR-030339,2025-07-10,4729.75,4490.655652946385
TR-030340,2025-07-10,695.57,694.0062870102756
TR-030341,2025-07-10,1738.57,1727.2251165325101
TR-030342,2025-07-10,975.29,4383.338063299537
TR-030343,2025-07-10,1077.35,1077.4112898899787
TR-030344,2025-07-10,2142.74,2123.1406627883835
TR-030345,2025-07-10,1849.91,1855.5673448038274
TR-030346,2025-07-10,4137.3,4006.8702965358557
TR-030347,2025-07-10,1639.8,1630.8376791526018
TR-030348,2025-07-10,1812.31,1790.2938094175486
TR-030349,2025-07-10,620.69,586.816490569709
TR-030350,2025-07-10,1084.15,1070.9547018444841
TR-030351,2025-07-10,515.33,492.38300174068786
TR-030352,2025-07-10,1316.25,1315.072446448346
TR-030353,2025-07-10,2280.68,2225.6329891875494
TR-030354,2025-07-10,3007.69,2865.516488718176
TR-030355,2025-07-10,1363.17,1358.4236808466326
TR-030356,2025-07-10,4101.61,4215.342314994848
TR-030357,2025-07-10,1003.31,973.0012897371342
TR-030358,2025-07-10,2185.23,2125.371477411098
TR-030359,2025-07-10,2191.39,2160.599574081652
TR-030360,2025-07-10,1186.89,1185.4497503396587
TR-030361,2025-07-10,2535.9,2582.727476048767
TR-030362,2025-07-10,4237.3,3952.954124406411
TR-030363,2025-07-10,1843.28,1872.0201470061766
TR-030364,2025-07-10,1822.83,1820.5087101658858
TR-030365,2025-07-10,3137.89,3083.616150203298
TR-030366,2025-07-10,2146.76,2155.706737361648
TR-030367,2025-07-10,2687.1,2852.3968418200684
TR-030368,2025-07-10,2147.47,2203.9445056701384
TR-030369,2025-07-10,4108.07,4387.916998277208
TR-030370,2025-07-10,1903.09,1865.6427521370724
TR-030371,2025-07-10,2883.01,2673.1807437138123
TR-030372,2025-07-10,2023.87,2119.3129844573305
TR-030373,2025-07-10,1971.33,1885.2381062315492
TR-030374,2025-07-10,674.36,673.45880120257
TR-030375,2025-07-10,1124.0,1117.7399161731576
TR-030376,2025-07-10,1550.5,1555.1900839225384
TR-030377,2025-07-10,1232.56,1200.6600363161908
TR-030378,2025-07-10,1603.28,1603.2995141485974
TR-030379,2025-07-10,1544.9,1512.1796091200545
TR-030380,2025-07-10,3028.0,3219.5059565335914
TR-030381,2025-07-10,2550.07,2532.6591214001387
TR-030382,2025-07-10,1308.99,1239.22245529606
TR-030383,2025-07-10,1108.93,1080.9202833972597
TR-030384,2025-07-10,2976.55,2971.026263443769
TR-030385,2025-07-10,2039.29,2048.814665067241
TR-030386,2025-07-10,736.1,737.6321557402018
TR-030387,2025-07-10,1757.22,1709.0719819235387
TR-030388,2025-07-10,1886.66,1906.4499732228364
TR-030389,2025-07-10,2177.86,2142.2275588452653
TR-030390,2025-07-10,1975.47,1984.93147063504
TR-030391,2025-07-10,2197.73,2073.974079980445
TR-030392,2025-07-10,4356.37,4203.381498201885
TR-030393,2025-07-10,3877.58,4090.8592689879065
TR-030394,2025-07-10,1302.0,1295.4579595590978
TR-030395,2025-07-10,775.05,767.957051011792
TR-030396,2025-07-10,1347.03,1327.7416369536643
TR-030397,2025-07-10,581.53,580.9608899565496
TR-030398,2025-07-10,3562.07,3644.2865688334427
TR-030399,2025-07-10,405.35,402.52245405381075
TR-030400,2025-07-10,588.0,581.4901593122316
TR-030401,2025-07-11,1740.14,1716.696360727896
TR-030402,2025-07-11,1564.51,1586.3098697515093
TR-030403,2025-07-11,1679.46,1626.901770063603
TR-030404,2025-07-11,1687.22,1657.5314902505427
TR-030405,2025-07-11,2442.57,2394.531936290497
TR-030406,2025-07-11,1238.04,1231.938937248045
TR-030407,2025-07-11,2698.28,2633.798577318094
TR-030408,2025-07-11,773.41,774.1821341030408
TR-030409,2025-07-11,1929.35,1918.5070434423465
TR-030410,2025-07-11,3519.09,3277.6074152128094
TR-030411,2025-07-11,2017.2,2000.0216596208886
TR-030412,2025-07-11,1633.32,1600.838176417417
TR-030413,2025-07-11,2553.12,2532.9764537503825
TR-030414,2025-07-11,578.85,571.354562754126
TR-030415,2025-07-11,3201.57,3315.0180052902433
TR-030416,2025-07-11,1568.48,1543.246412828021
TR-030417,2025-07-11,3257.96,3285.9531875079356
TR-030418,2025-07-11,1342.88,1347.755147469339
TR-030419,2025-07-11,1549.37,1541.1869828685708
TR-030420,2025-07-11,2016.18,2204.840964333465
TR-030421,2025-07-11,1807.82,1749.7806440628065
TR-030422,2025-07-11,2456.53,2371.738591163349
TR-030423,2025-07-11,256.45,232.62127311532132
TR-030424,2025-07-11,1855.24,1854.3534793707572
TR-030425,2025-07-11,6266.37,5938.248644789798
TR-030426,2025-07-11,2498.42,2434.0251534767003
TR-030427,2025-07-11,582.19,560.3273245233993
TR-030428,2025-07-11,1228.6,1205.2444410071491
TR-030429,2025-07-11,1076.83,1071.8665117891067
TR-030430,2025-07-11,2763.46,2700.8570577433075
TR-030431,2025-07-11,1941.54,1944.218087641695
TR-030432,2025-07-11,3633.13,3751.700881796621
TR-030433,2025-07-11,2720.36,2641.6734448206735
TR-030434,2025-07-11,5767.46,5626.119630725349
TR-030435,2025-07-11,2016.79,1952.1945565103895
TR-030436,2025-07-11,1727.51,1731.3064268766962
TR-030437,2025-07-11,4757.05,4963.200300306822
TR-030438,2025-07-11,944.04,930.692343191832
TR-030439,2025-07-11,790.33,756.174103070253
TR-030440,2025-07-11,1726.64,1681.6743083037532
TR-030441,2025-07-11,3629.97,3460.249507406949
TR-030442,2025-07-11,1918.28,1882.4098585014563
TR-030443,2025-07-11,2981.44,3055.27795558571
TR-030444,2025-07-11,1716.55,1687.936738182076
TR-030445,2025-07-11,1875.33,1882.2605838350198
TR-030446,2025-07-11,2205.88,2161.6361587038677
TR-030447,2025-07-11,2371.55,2364.6449897934613
TR-030448,2025-07-11,5144.32,5136.6119853015525
TR-030449,2025-07-11,1227.77,1224.810199368472
TR-030450,2025-07-11,3896.53,3937.32511896101
TR-030451,2025-07-11,4977.66,5279.4195315377
TR-030452,2025-07-11,3240.86,3424.2823384009043
TR-030453,2025-07-11,4136.94,4104.069127459087
TR-030454,2025-07-11,3811.69,3806.970807990272
TR-030455,2025-07-11,2211.05,2149.3782279863376
TR-030456,2025-07-11,609.87,615.4561043378768
TR-030457,2025-07-11,4873.99,5151.624392280825
TR-030458,2025-07-11,1712.44,1678.0577434433676
TR-030459,2025-07-11,3403.88,3549.9596392249664
TR-030460,2025-07-11,1405.33,1376.9322746606936
TR-030461,2025-07-11,2890.52,2914.888787092674
TR-030462,2025-07-11,3143.44,3059.8541086937466
TR-030463,2025-07-11,5108.04,4795.757157414981
TR-030464,2025-07-11,2972.43,2899.1315331748574
TR-030465,2025-07-11,3229.92,3276.7474316900393
TR-030466,2025-07-11,1971.93,1956.7177293185885
TR-030467,2025-07-11,1076.73,1080.2211620915584
TR-030468,2025-07-11,4037.3,4167.0671005188415
TR-030469,2025-07-11,1659.3,1644.1549036517933
TR-030470,2025-07-11,2284.14,2280.4132453888324
TR-030471,2025-07-11,991.96,1023.0801984621157
TR-030472,2025-07-11,594.84,586.6300582115447
TR-030473,2025-07-11,784.37,761.6751397578892
TR-030474,2025-07-11,1538.29,1561.0740947356476
TR-030475,2025-07-11,1152.41,1150.1049466901036
TR-030476,2025-07-11,4525.25,4167.5942503710485
TR-030477,2025-07-11,3744.87,3788.583587742337
TR-030478,2025-07-11,1418.62,1380.9972116581184
TR-030479,2025-07-11,3954.39,3866.7776466079276
TR-030480,2025-07-11,2609.26,2675.2719964682633
TR-030481,2025-07-11,3343.63,3250.5380818233175
TR-030482,2025-07-11,4015.8,3968.5548775742104
TR-030483,2025-07-11,1243.34,1233.9616541766436
TR-030484,2025-07-11,2871.44,2804.8408149405996
TR-030485,2025-07-11,2062.09,2015.0101986606583
TR-030486,2025-07-11,2870.35,2997.948321238988
TR-030487,2025-07-11,2793.09,2664.7604105291553
TR-030488,2025-07-11,902.09,899.8454767878675
TR-030489,2025-07-11,2013.0,1965.4144942834466
TR-030490,2025-07-11,3207.33,2993.0146369818153
TR-030491,2025-07-11,1914.13,1945.7954524592978
TR-030492,2025-07-11,3882.52,3836.6909800536177
TR-030493,2025-07-11,3690.44,3439.3511690439896
TR-030494,2025-07-11,4747.59,4731.053415844868
TR-030495,2025-07-11,3456.02,3692.6419377414572
TR-030496,2025-07-11,901.88,909.0018692849309
TR-030497,2025-07-11,1081.31,1049.362313187625
TR-030498,2025-07-11,6305.98,5752.053073866219
TR-030499,2025-07-11,1607.62,1638.9339227391351
TR-030500,2025-07-11,1065.25,1098.8880221022623
TR-030501,2025-07-11,2274.3,2306.9062773290707
TR-030502,2025-07-11,3016.82,3233.8121812204536
TR-030503,2025-07-11,1667.35,1658.660012479177
TR-030504,2025-07-11,2061.53,2007.119697630279
TR-030505,2025-07-11,728.28,712.6111859484755
TR-030506,2025-07-11,1035.0,1046.5576799658095
TR-030507,2025-07-11,1563.21,1563.7284222314045
TR-030508,2025-07-11,494.43,480.92659334457653
TR-030509,2025-07-11,5725.17,5695.411994849134
TR-030510,2025-07-11,3514.5,3493.7587825328005
TR-030511,2025-07-11,1358.99,588.9253494261083
TR-030512,2025-07-11,1260.8,1256.1388374893274
TR-030513,2025-07-11,2303.83,2193.5700255227453
TR-030514,2025-07-11,1474.65,1458.1116401687661
TR-030515,2025-07-11,1980.45,2087.573287904546
TR-030516,2025-07-11,648.69,635.6855109690202
TR-030517,2025-07-11,1927.79,1899.5103714914828
TR-030518,2025-07-11,2517.17,2512.2786392433886
TR-030519,2025-07-11,854.89,829.7376866076121
TR-030520,2025-07-11,2100.29,2089.7287186531157
TR-030521,2025-07-11,1407.3,1403.2330699153338
TR-030522,2025-07-11,1717.31,1692.184330914637
TR-030523,2025-07-11,1245.57,1230.2996201123647
TR-030524,2025-07-11,1140.16,1124.0437075738666
TR-030525,2025-07-11,4513.38,4610.743806401389
TR-030526,2025-07-11,2390.61,2427.5116418166967
TR-030527,2025-07-11,1673.86,1651.8533337213478
TR-030528,2025-07-11,1820.79,1787.0291319448522
TR-030529,2025-07-11,750.35,737.9139112805782
TR-030530,2025-07-11,4190.89,4096.248652847681
TR-030531,2025-07-11,2012.11,2009.2967092861807
TR-030532,2025-07-11,3836.62,3661.752933720606
TR-030533,2025-07-11,2113.91,2125.207891271456
TR-030534,2025-07-11,4424.19,4231.641365823404
TR-030535,2025-07-11,2616.67,2596.2328324551363
TR-030536,2025-07-11,1467.73,1435.738095051242
TR-030537,2025-07-11,2481.8,2579.1949609599724
TR-030538,2025-07-11,4759.82,4768.588678554634
TR-030539,2025-07-11,1546.1,1611.9933930583768
TR-030540,2025-07-11,4014.1,4138.661106515391
TR-030541,2025-07-11,1434.29,1423.4925432863688
TR-030542,2025-07-11,1683.92,1676.1239560533322
TR-030543,2025-07-11,1553.15,1549.8665339647284
TR-030544,2025-07-11,4921.95,4682.474394938603
TR-030545,2025-07-11,5103.52,4831.7609119511635
TR-030546,2025-07-11,203.79,222.51938305920754
TR-030547,2025-07-11,4157.51,4097.839808149617
TR-030548,2025-07-11,4497.89,4437.613018098976
TR-030549,2025-07-11,3280.06,3185.7612118565016
TR-030550,2025-07-11,1327.62,1319.3316335313043
TR-030551,2025-07-11,1087.12,1064.389120748573
TR-030552,2025-07-11,3872.4,4084.725008014705
TR-030553,2025-07-11,3950.65,3927.424908140748
TR-030554,2025-07-11,396.96,1114.7401222972676
TR-030555,2025-07-11,4706.47,4600.979894909923
TR-030556,2025-07-12,1582.52,1547.3637748655954
TR-030557,2025-07-12,3375.78,3489.3912009942355
TR-030558,2025-07-12,361.11,341.02923900714336
TR-030559,2025-07-12,1166.72,1158.9538491686385
TR-030560,2025-07-12,2139.92,2104.0464457211765
TR-030561,2025-07-12,2030.05,2052.1313522085547
TR-030562,2025-07-12,4349.07,4537.392779820763
TR-030563,2025-07-12,1344.15,1329.1913684855886
TR-030564,2025-07-12,1898.77,1900.5514030668962
TR-030565,2025-07-12,1205.38,1174.5260076759196
TR-030566,2025-07-12,2329.47,2351.2826773845395
TR-030567,2025-07-12,1630.6,1623.2642219227857
TR-030568,2025-07-12,534.63,537.1588973503826
TR-030569,2025-07-12,1904.16,1851.3923962259819
TR-030570,2025-07-12,1168.73,1149.2210144492135
TR-030571,2025-07-12,1959.68,1926.7583337284345
TR-030572,2025-07-12,2508.14,2431.2969954284436
TR-030573,2025-07-12,4582.06,4832.348188129473
TR-030574,2025-07-12,736.17,751.3396413962992
TR-030575,2025-07-12,764.43,757.9216322397438
TR-030576,2025-07-12,763.81,744.0781096853638
TR-030577,2025-07-12,1079.94,1080.861986356573
TR-030578,2025-07-12,1192.53,1209.7787472121297
TR-030579,2025-07-12,5799.27,5922.743252389042
TR-030580,2025-07-12,1582.17,1546.0538258116817
TR-030581,2025-07-12,1676.06,1649.9700894271068
TR-030582,2025-07-12,2518.79,2499.692518287461
TR-030583,2025-07-12,1434.59,1430.4860396513086
TR-030584,2025-07-12,3122.35,3268.187055057926
TR-030585,2025-07-12,2640.3,2773.4488291685393
TR-030586,2025-07-12,1778.52,1782.7221084897917
TR-030587,2025-07-12,2479.15,2446.307923279862
TR-030588,2025-07-12,685.37,683.3069351517355
TR-030589,2025-07-12,1066.85,1085.3593712723507
TR-030590,2025-07-12,3171.73,2995.6703540054073
TR-030591,2025-07-12,4594.73,4724.52311601036
TR-030592,2025-07-12,3667.36,3919.31836313613
TR-030593,2025-07-12,1420.59,1424.64744201008
TR-030594,2025-07-12,1896.84,1884.0399819894985
TR-030595,2025-07-12,3049.71,3176.189346916684
TR-030596,2025-07-12,2454.58,2437.1973963119144
TR-030597,2025-07-12,2328.88,2347.2012688546088
TR-030598,2025-07-12,3695.67,3584.391299550302
TR-030599,2025-07-12,1544.7,1585.4489998517308
TR-030600,2025-07-12,1097.2,1074.7640221439522
TR-030601,2025-07-12,1766.12,1733.7136576993964
TR-030602,2025-07-12,1892.28,1883.4315215347385
TR-030603,2025-07-12,3538.64,3811.3901672506536
TR-030604,2025-07-12,1708.49,1861.24966154113
TR-030605,2025-07-12,1969.98,2067.504366124099
TR-030606,2025-07-12,1063.53,1042.9262584695243
TR-030607,2025-07-12,1824.22,1753.8311221219778
TR-030608,2025-07-12,920.38,935.1920981283288
TR-030609,2025-07-12,549.54,542.1753048469749
TR-030610,2025-07-12,1028.6,1036.620830751756
TR-030611,2025-07-12,2544.72,2535.313491708955
TR-030612,2025-07-12,1414.68,1453.578415333836
TR-030613,2025-07-12,2685.28,2599.5136167955316
TR-030614,2025-07-12,1794.12,1791.847563275111
TR-030615,2025-07-12,469.04,461.8632169319666
TR-030616,2025-07-12,1121.45,1105.1722415824902
TR-030617,2025-07-12,1261.64,1278.0479348188742
TR-030618,2025-07-12,2416.93,2414.4489387854833
TR-030619,2025-07-12,3306.46,3360.2617797197254
TR-030620,2025-07-12,3423.76,3403.854603874035
TR-030621,2025-07-12,2065.96,2188.0462409482057
TR-030622,2025-07-12,3673.45,4079.5836140850874
TR-030623,2025-07-12,1820.89,1791.377750540319
TR-030624,2025-07-12,1541.39,1619.3471796746308
TR-030625,2025-07-12,1480.38,1463.9120110315318
TR-030626,2025-07-12,2345.65,2187.9500258275357
TR-030627,2025-07-12,1568.51,1581.051863412293
TR-030628,2025-07-12,1455.5,1467.6808493626804
TR-030629,2025-07-12,974.69,973.214829476164
TR-030630,2025-07-12,1895.5,2036.1802290044766
TR-030631,2025-07-12,3538.73,3646.7804690170133
TR-030632,2025-07-12,2672.73,2547.363697499268
TR-030633,2025-07-12,2396.84,2559.170002055724
TR-030634,2025-07-12,4997.41,5412.976108304396
TR-030635,2025-07-12,1796.96,1800.8874891472053
TR-030636,2025-07-12,2174.18,2273.2181049857263
TR-030637,2025-07-12,929.42,917.7374383114253
TR-030638,2025-07-12,3609.71,3634.9322508985574
TR-030639,2025-07-12,3369.42,3449.153342993952
TR-030640,2025-07-12,1764.02,1748.615914048276
TR-030641,2025-07-12,2527.27,2560.6799255886262
TR-030642,2025-07-12,2434.39,2435.502273699863
TR-030643,2025-07-12,4391.45,4554.701912145579
TR-030644,2025-07-12,5340.69,5455.932336176599
TR-030645,2025-07-12,2170.43,2143.7134346859634
TR-030646,2025-07-12,2875.23,2701.374882348268
TR-030647,2025-07-12,1592.63,1584.7189693250718
TR-030648,2025-07-12,3549.24,3434.204938514536
TR-030649,2025-07-12,1244.92,1221.3924840334316
TR-030650,2025-07-12,4750.92,4944.512964083561
TR-030651,2025-07-12,3673.59,3503.31121332045
TR-030652,2025-07-12,711.95,696.943237130604
TR-030653,2025-07-12,1691.69,1681.037332186516
TR-030654,2025-07-12,1057.38,1088.4969916095502
TR-030655,2025-07-12,3207.56,3088.6987517004563
TR-030656,2025-07-12,4242.07,4533.990168247522
TR-030657,2025-07-12,2981.6,3181.517688292724
TR-030658,2025-07-12,2336.97,2346.9178209249976
TR-030659,2025-07-12,1592.75,1580.0070351884997
TR-030660,2025-07-12,907.85,892.2554316053725
TR-030661,2025-07-12,1193.71,1166.2026156406123
TR-030662,2025-07-12,4044.97,4338.326503499753
TR-030663,2025-07-12,3819.9,4036.3548153060883
TR-030664,2025-07-12,1546.66,1566.7958611333077
TR-030665,2025-07-12,2363.33,2425.2099098063004
TR-030666,2025-07-12,2516.06,2452.9400424603427
TR-030667,2025-07-12,1652.35,1660.3309320415406
TR-030668,2025-07-12,3516.22,3234.657237864042
TR-030669,2025-07-12,1213.38,1217.3604165061995
TR-030670,2025-07-12,311.81,323.7794344086682
TR-030671,2025-07-12,4175.17,4428.750771927594
TR-030672,2025-07-12,616.27,617.293184307877
TR-030673,2025-07-12,930.57,932.7032846298733
TR-030674,2025-07-12,3309.52,3298.745589127404
TR-030675,2025-07-12,962.96,964.6421747916253
TR-030676,2025-07-12,1625.64,1602.1871191948692
TR-030677,2025-07-12,3408.91,3325.103865532339
TR-030678,2025-07-12,1557.97,1556.298001571235
TR-030679,2025-07-12,704.47,708.0477843923669
TR-030680,2025-07-12,1518.98,1498.7391212332793
TR-030681,2025-07-12,1854.9,1793.1395303120833
TR-030682,2025-07-12,4060.4,4202.228033452491
TR-030683,2025-07-12,2872.47,2896.18216650385
TR-030684,2025-07-12,1076.42,1052.1854131556968
TR-030685,2025-07-12,2616.71,2721.2591798314143
TR-030686,2025-07-12,4186.0,4333.80803650528
TR-030687,2025-07-12,2203.03,2233.491408859293
TR-030688,2025-07-12,1471.4,1490.3348726669674
TR-030689,2025-07-12,2784.21,2762.2328459810974
TR-030690,2025-07-12,3814.26,3923.215297982707
TR-030691,2025-07-12,3154.85,3128.13334177273
TR-030692,2025-07-12,2507.85,2495.367971606828
TR-030693,2025-07-12,5414.25,5488.152858862328
TR-030694,2025-07-12,575.56,551.5408855841466
TR-030695,2025-07-12,1374.42,1374.619148411136
TR-030696,2025-07-12,1435.82,1438.8683683299444
TR-030697,2025-07-12,4016.37,4330.485438660748
TR-030698,2025-07-12,1648.54,1632.305631012267
TR-030699,2025-07-12,2480.34,2512.602894727816
TR-030700,2025-07-12,1034.17,1028.2637552440376
TR-030701,2025-07-12,977.65,979.1750341130869
TR-030702,2025-07-12,714.25,687.8160435826669
TR-030703,2025-07-12,2850.62,2949.5550726675638
TR-030704,2025-07-12,1600.92,1579.031207167662
TR-030705,2025-07-12,1677.72,1662.193913881701
TR-030706,2025-07-12,59.68,321.71142301823085
TR-030707,2025-07-12,3532.44,3453.568580968271
TR-030708,2025-07-12,1879.21,1887.7073810757513
TR-030709,2025-07-12,2405.92,2319.582226101854
TR-030710,2025-07-12,1425.36,1410.9921520569537
TR-030711,2025-07-12,486.47,479.3373081685674
TR-030712,2025-07-12,780.01,773.0878593977262
TR-030713,2025-07-12,1003.71,1025.2755380712222
TR-030714,2025-07-12,2800.97,2859.938738058684
TR-030715,2025-07-12,2940.64,3054.164624820341
TR-030716,2025-07-12,4458.97,4609.752237605817
TR-030717,2025-07-12,4685.49,4724.324180855101
TR-030718,2025-07-12,1684.33,1739.577465334724
TR-030719,2025-07-12,4721.65,4795.3117704452925
TR-030720,2025-07-12,2561.63,2581.1057527447997
TR-030721,2025-07-12,1475.77,1481.466817502422
TR-030722,2025-07-12,571.08,577.4388941029508
TR-030723,2025-07-12,3343.04,3497.782656508797
TR-030724,2025-07-12,2666.67,2603.5574641388994
TR-030725,2025-07-12,2231.48,2256.9238628566195
TR-030726,2025-07-12,1740.67,1771.444814404656
TR-030727,2025-07-12,295.75,273.6549685226865
TR-030728,2025-07-12,644.13,650.3782833130358
TR-030729,2025-07-12,354.52,370.2306253545073
TR-030730,2025-07-12,4311.95,4288.228751365148
TR-030731,2025-07-12,2156.22,2198.552810763819
TR-030732,2025-07-12,4086.56,4092.526427036355
TR-030733,2025-07-12,3823.2,3877.0935042942406
TR-030734,2025-07-12,473.3,437.44186388735943
TR-030735,2025-07-12,4622.8,4821.924395265938
TR-030736,2025-07-12,2396.05,2451.1288997260344
TR-030737,2025-07-12,778.53,751.8023160138599
TR-030738,2025-07-12,1814.43,1772.8798094620386
TR-030739,2025-07-12,4568.56,4482.957113432618
TR-030740,2025-07-12,1514.04,1507.9461610814878
TR-030741,2025-07-12,1044.81,1044.3044922953725
TR-030742,2025-07-12,5089.15,5223.86096561529
TR-030743,2025-07-12,911.34,906.5349989222459
TR-030744,2025-07-12,4526.11,4682.931475005186
TR-030745,2025-07-12,610.41,602.7406818711983
TR-030746,2025-07-12,3760.95,3564.1665407240644
TR-030747,2025-07-13,1561.4,1558.0459796021455
TR-030748,2025-07-13,3410.5,3473.3557345550666
TR-030749,2025-07-13,891.18,869.3060122869889
TR-030750,2025-07-13,4795.16,2013.7598771305456
TR-030751,2025-07-13,732.38,746.472996547388
TR-030752,2025-07-13,3658.81,3828.346741482338
TR-030753,2025-07-13,4145.37,4300.877857377604
TR-030754,2025-07-13,4839.33,5060.15948815114
TR-030755,2025-07-13,2113.95,2078.323085053114
TR-030756,2025-07-13,871.33,877.0014278272814
TR-030757,2025-07-13,2287.78,2447.7072325431095
TR-030758,2025-07-13,2152.13,2123.668324175266
TR-030759,2025-07-13,1151.15,1132.787723379193
TR-030760,2025-07-13,2182.98,2230.881733080961
TR-030761,2025-07-13,2230.67,2294.099776700803
TR-030762,2025-07-13,3598.75,3656.2771295302955
TR-030763,2025-07-13,1064.0,1028.7063739465932
TR-030764,2025-07-13,2085.06,2110.9294766757334
TR-030765,2025-07-13,1122.73,1159.273887553572
TR-030766,2025-07-13,1218.41,1208.8852342000705
TR-030767,2025-07-13,1345.82,1375.422449862033
TR-030768,2025-07-13,1028.05,1032.4650506417213
TR-030769,2025-07-13,1481.63,1522.3971405975333
TR-030770,2025-07-13,1943.03,1977.0920226649696
TR-030771,2025-07-13,1314.1,1292.050335369578
TR-030772,2025-07-13,503.1,504.51971606004616
TR-030773,2025-07-13,3726.14,3809.694401500311
TR-030774,2025-07-13,3682.73,3394.1606893460626
TR-030775,2025-07-13,2048.55,2117.1529524812386
TR-030776,2025-07-13,1550.27,1561.431432493435
TR-030777,2025-07-13,4022.07,3928.384329449678
TR-030778,2025-07-13,2326.7,2291.615350438726
TR-030779,2025-07-13,4410.95,4539.873980980938
TR-030780,2025-07-13,890.93,891.8682396662934
TR-030781,2025-07-13,4992.12,5029.233897198928
TR-030782,2025-07-13,1165.89,1112.9296916153357
TR-030783,2025-07-13,880.74,841.487786997556
TR-030784,2025-07-13,2021.66,1913.250441521622
TR-030785,2025-07-13,2022.06,2085.030026948176
TR-030786,2025-07-13,1722.7,1722.8907092127188
TR-030787,2025-07-13,892.59,885.3109110467552
TR-030788,2025-07-13,1356.1,1322.1680264765268
TR-030789,2025-07-13,1649.67,1626.989197441
TR-030790,2025-07-13,1674.54,1670.7706977789974
TR-030791,2025-07-13,2784.88,2606.6213487622267
TR-030792,2025-07-13,2383.43,2537.5309024397975
TR-030793,2025-07-13,6065.51,6005.092325054423
TR-030794,2025-07-13,1786.01,1769.9411242705005
TR-030795,2025-07-13,688.99,659.0913592863996
TR-030796,2025-07-13,1462.35,1412.7813770420742
TR-030797,2025-07-13,3999.47,4218.344843066767
TR-030798,2025-07-13,1255.88,1259.0024084003467
TR-030799,2025-07-13,3450.04,3361.5045724100482
TR-030800,2025-07-13,1675.24,1655.9058792567748
TR-030801,2025-07-13,751.2,740.3847657748651
TR-030802,2025-07-13,585.86,574.694642228673
TR-030803,2025-07-13,1035.13,1028.7335091394523
TR-030804,2025-07-13,1359.53,1309.5051089637052
TR-030805,2025-07-13,3773.57,3673.7689914634957
TR-030806,2025-07-13,912.34,930.6477497340369
TR-030807,2025-07-13,1452.6,1427.159681244733
TR-030808,2025-07-13,1307.3,1306.1353613976967
TR-030809,2025-07-13,969.11,942.7379020838378
TR-030810,2025-07-13,1623.84,1635.2748514071502
TR-030811,2025-07-13,1252.32,1218.6401237321732
TR-030812,2025-07-13,2470.29,2580.8773451708635
TR-030813,2025-07-13,2556.21,2448.529086952823
TR-030814,2025-07-13,2082.85,2071.229385382726
TR-030815,2025-07-13,2757.5,2678.046511636926
TR-030816,2025-07-13,3779.43,3795.9301716598243
TR-030817,2025-07-13,1377.33,1380.8830119495144
TR-030818,2025-07-13,4038.49,4070.406911765866
TR-030819,2025-07-13,3006.92,2880.9554302806114
TR-030820,2025-07-13,3780.45,3957.4680804535365
TR-030821,2025-07-13,2387.39,2306.940269438954
TR-030822,2025-07-13,782.79,763.2202868149232
TR-030823,2025-07-13,2206.75,2190.838657639791
TR-030824,2025-07-13,2122.49,2089.7218275979308
TR-030825,2025-07-13,845.86,831.4729076081447
TR-030826,2025-07-13,997.28,970.5565030680247
TR-030827,2025-07-13,3989.15,4178.98980669081
TR-030828,2025-07-13,2744.55,2831.056401317551
TR-030829,2025-07-13,2058.37,1959.0534462634014
TR-030830,2025-07-13,2030.82,2175.9645379143767
TR-030831,2025-07-13,2759.22,2666.186595905782
TR-030832,2025-07-13,1293.41,1294.1635163652895
TR-030833,2025-07-13,3960.48,4279.900044619068
TR-030834,2025-07-13,2090.8,2091.1666969634257
TR-030835,2025-07-13,2241.72,2426.6151299121766
TR-030836,2025-07-13,982.02,973.4886352793274
TR-030837,2025-07-13,2406.93,2451.978814083149
TR-030838,2025-07-13,2246.31,2305.3053020425477
TR-030839,2025-07-13,2783.66,2850.504647845819
TR-030840,2025-07-13,836.56,845.0415370557207
TR-030841,2025-07-13,2043.29,1990.166709844622
TR-030842,2025-07-13,749.7,740.6848845898995
TR-030843,2025-07-13,1154.47,1127.873004606159
TR-030844,2025-07-13,4325.3,4496.652471245316
TR-030845,2025-07-13,993.97,986.346480889164
TR-030846,2025-07-13,4314.78,4568.89489560429
TR-030847,2025-07-13,1145.24,1125.570945235292
TR-030848,2025-07-13,2522.14,2506.0193346429232
TR-030849,2025-07-13,1627.4,1632.0742868806315
TR-030850,2025-07-13,728.41,707.1062834192254
TR-030851,2025-07-13,4217.09,4344.264267428803
TR-030852,2025-07-13,2064.09,2058.363500440455
TR-030853,2025-07-13,224.9,216.93535407661204
TR-030854,2025-07-13,4429.42,4703.493854245013
TR-030855,2025-07-13,1670.59,1652.3212877211793
TR-030856,2025-07-13,758.79,768.0683988867249
TR-030857,2025-07-13,312.99,320.49425878448295
TR-030858,2025-07-13,1001.52,983.4994778505599
TR-030859,2025-07-13,4827.69,4541.024148284557
TR-030860,2025-07-13,1874.57,1866.7539927604826
TR-030861,2025-07-13,2071.3,2141.507847284405
TR-030862,2025-07-13,2351.95,2439.225218173139
TR-030863,2025-07-13,1383.51,1397.8630902069392
TR-030864,2025-07-13,1265.86,1232.4216763489226
TR-030865,2025-07-13,5283.97,5267.926120360977
TR-030866,2025-07-13,476.03,470.13141478277254
TR-030867,2025-07-13,1370.24,1355.0404422891427
TR-030868,2025-07-13,5702.78,5844.2983190876275
TR-030869,2025-07-13,3011.81,3024.246569676943
TR-030870,2025-07-13,1532.49,1518.39934751038
TR-030871,2025-07-13,3866.94,4020.520969062119
TR-030872,2025-07-13,3950.52,4074.8481736049293
TR-030873,2025-07-13,4226.81,4436.061525992695
TR-030874,2025-07-13,5382.71,5435.351010935797
TR-030875,2025-07-13,2018.87,2025.3708042882133
TR-030876,2025-07-13,3086.11,3233.4632129939473
TR-030877,2025-07-13,4798.13,5071.764889161246
TR-030878,2025-07-13,1544.93,1576.6966947471462
TR-030879,2025-07-13,1991.18,2015.917764437385
TR-030880,2025-07-13,4780.32,4883.460889467427
TR-030881,2025-07-13,2628.64,2734.4464301921244
TR-030882,2025-07-13,4926.8,4843.889739814489
TR-030883,2025-07-13,610.35,632.0716414296357
TR-030884,2025-07-13,3336.06,3447.213673151701
TR-030885,2025-07-13,1596.0,1598.764517012612
TR-030886,2025-07-13,2594.37,2608.492271509027
TR-030887,2025-07-13,3417.87,3366.2547331100445
TR-030888,2025-07-13,2348.52,2418.789991252247
TR-030889,2025-07-13,2193.11,2181.9484968065894
TR-030890,2025-07-13,4082.08,4316.704137096592
TR-030891,2025-07-13,3871.02,4134.729428506633
TR-030892,2025-07-13,3108.39,959.9706050437992
TR-030893,2025-07-13,1075.32,1100.468292978819
TR-030894,2025-07-13,2217.93,2292.358733683453
TR-030895,2025-07-13,4549.32,4549.173298439253
TR-030896,2025-07-13,1084.28,1067.2274143423847
TR-030897,2025-07-13,4767.36,4526.96504764791
TR-030898,2025-07-13,764.55,751.9670015455285
TR-030899,2025-07-13,997.07,987.0724420456465
TR-030900,2025-07-13,774.46,780.5873003776258
TR-030901,2025-07-13,3827.37,3830.9375063581388
TR-030902,2025-07-13,1156.04,1139.3894883945572
TR-030903,2025-07-13,4714.08,4951.228199930386
TR-030904,2025-07-13,2065.24,2039.143503552883
TR-030905,2025-07-13,1196.57,1193.7130983193465
TR-030906,2025-07-13,2054.27,2068.9062911728115
TR-030907,2025-07-13,2010.15,2010.6418658979403
TR-030908,2025-07-13,3822.26,4016.4664326848224
TR-030909,2025-07-13,2478.38,2498.523099669537
TR-030910,2025-07-13,780.67,775.9797112164796
TR-030911,2025-07-13,1592.78,1532.1117825717633
TR-030912,2025-07-13,2316.17,2342.9246313481895
TR-030913,2025-07-13,1645.68,1649.0002991827967
TR-030914,2025-07-13,2027.85,2024.7681904414922
TR-030915,2025-07-13,3920.49,4244.145239341878
TR-030916,2025-07-13,3775.64,4020.6333871880756
TR-030917,2025-07-13,890.78,886.3144345245628
TR-030918,2025-07-13,1499.46,1645.5998480544301
TR-030919,2025-07-13,1149.11,1122.0367189562137
TR-030920,2025-07-13,1464.45,1458.227661686104
TR-030921,2025-07-13,3451.49,3562.6475583089673
TR-030922,2025-07-13,706.48,700.1755190713121
TR-030923,2025-07-14,2013.79,1999.135731412182
TR-030924,2025-07-14,3977.13,3984.2355311045158
TR-030925,2025-07-14,5355.59,5536.662451459781
TR-030926,2025-07-14,1544.71,1504.6410058000454
TR-030927,2025-07-14,1495.6,1485.9489861525503
TR-030928,2025-07-14,5172.64,5308.636334626017
TR-030929,2025-07-14,4011.1,4086.867692741284
TR-030930,2025-07-14,4097.64,4412.716120542152
TR-030931,2025-07-14,3050.75,3233.158002604829
TR-030932,2025-07-14,3216.84,3215.457138111007
TR-030933,2025-07-14,4303.41,4238.029287503048
TR-030934,2025-07-14,4481.51,4834.737421397424
TR-030935,2025-07-14,2716.36,2689.25734238805
TR-030936,2025-07-14,361.91,362.93131571309135
TR-030937,2025-07-14,2253.82,2134.758520141827
TR-030938,2025-07-14,1106.54,1085.3869472324432
TR-030939,2025-07-14,1002.36,975.5700457508007
TR-030940,2025-07-14,1052.89,1025.7122821905086
TR-030941,2025-07-14,1256.28,1235.7701669272362
TR-030942,2025-07-14,898.29,867.6226066896766
TR-030943,2025-07-14,2864.99,2922.2350316068937
TR-030944,2025-07-14,493.72,484.1216045962535
TR-030945,2025-07-14,3072.58,3011.0405249666505
TR-030946,2025-07-14,3324.84,3202.807153578223
TR-030947,2025-07-14,3688.5,3812.1813379789905
TR-030948,2025-07-14,4177.2,4334.093182071561
TR-030949,2025-07-14,2966.57,2912.213640211929
TR-030950,2025-07-14,1790.77,1781.803735255269
TR-030951,2025-07-14,1451.46,1522.7763834217806
TR-030952,2025-07-14,5975.08,5829.015191097739
TR-030953,2025-07-14,3176.69,2990.5553814153523
TR-030954,2025-07-14,1851.57,1854.377427631955
TR-030955,2025-07-14,891.32,874.5307634255386
TR-030956,2025-07-14,2053.22,2132.090418797124
TR-030957,2025-07-14,4609.63,4745.940890957862
TR-030958,2025-07-14,557.59,559.2786083700659
TR-030959,2025-07-14,983.41,961.9936872061875
TR-030960,2025-07-14,2910.22,2895.21397478636
TR-030961,2025-07-14,3494.0,3428.270139339158
TR-030962,2025-07-14,2544.98,2542.7705885118585
TR-030963,2025-07-14,576.24,568.8629272911913
TR-030964,2025-07-14,3613.63,3787.442061337852
TR-030965,2025-07-14,923.25,915.2759761264277
TR-030966,2025-07-14,803.51,820.660682976823
TR-030967,2025-07-14,3835.93,4159.789839791204
TR-030968,2025-07-14,2299.7,2346.030097575758
TR-030969,2025-07-14,268.86,293.3120868480351
TR-030970,2025-07-14,2823.78,2907.4072739321514
TR-030971,2025-07-14,2509.41,2468.429870915952
TR-030972,2025-07-14,525.15,536.5838282927396
TR-030973,2025-07-14,6516.72,6249.629091729717
TR-030974,2025-07-14,1006.11,998.4317035000859
TR-030975,2025-07-14,612.21,615.8904190752229
TR-030976,2025-07-14,1769.34,1768.5815451057877
TR-030977,2025-07-14,1720.02,1672.9109425037964
TR-030978,2025-07-14,2189.38,2150.4103200465543
TR-030979,2025-07-14,1169.63,1156.4199420033194
TR-030980,2025-07-14,4376.89,4273.059965317691
TR-030981,2025-07-14,977.71,981.237969815208
TR-030982,2025-07-14,1104.31,1025.659766025479
TR-030983,2025-07-14,2072.97,2079.902486167337
TR-030984,2025-07-14,779.65,758.2170204323355
TR-030985,2025-07-14,1560.35,1564.5777708232126
TR-030986,2025-07-14,2303.43,2430.6969175191175
TR-030987,2025-07-14,2279.06,2151.57951670948
TR-030988,2025-07-14,2300.43,2345.9463896063544
TR-030989,2025-07-14,1673.65,1608.975383989534
TR-030990,2025-07-14,1723.8,1772.9156794993723
TR-030991,2025-07-14,3718.98,3718.9014570681466
TR-030992,2025-07-14,1468.72,1462.0394062060195
TR-030993,2025-07-14,1572.4,1537.5550473348947
TR-030994,2025-07-14,3572.98,3428.670380946528
TR-030995,2025-07-14,3963.91,4012.4514363988656
TR-030996,2025-07-14,792.37,787.2196652075801
TR-030997,2025-07-14,5696.87,5292.288024592039
TR-030998,2025-07-14,1882.51,1880.761804767508
TR-030999,2025-07-14,4295.23,4559.891751188654
TR-031000,2025-07-14,4404.9,4562.975980391295
TR-031001,2025-07-14,3129.2,2821.175827580496
TR-031002,2025-07-14,2553.5,2506.0729591761574
TR-031003,2025-07-14,2700.92,2664.8268958918334
TR-031004,2025-07-14,2590.21,2682.330064750831
TR-031005,2025-07-14,602.57,610.592156454117
TR-031006,2025-07-14,1227.94,1217.420647263753
TR-031007,2025-07-14,721.77,708.518426679392
TR-031008,2025-07-14,4337.99,4463.076534228092
TR-031009,2025-07-14,2459.35,2487.25235239076
TR-031010,2025-07-14,1605.46,1553.1736290606614
TR-031011,2025-07-14,600.87,580.234761228026
TR-031012,2025-07-14,3474.14,3541.957381691775
TR-031013,2025-07-14,2100.13,2051.9286521234258
TR-031014,2025-07-14,1609.27,1612.2082659666287
TR-031015,2025-07-14,2206.95,2209.41035368667
TR-031016,2025-07-14,758.87,768.0607849901512
TR-031017,2025-07-14,3492.31,3553.842245166948
TR-031018,2025-07-14,4109.53,4501.505482820727
TR-031019,2025-07-14,926.82,4153.47412797667
TR-031020,2025-07-14,753.27,751.425466831627
TR-031021,2025-07-14,964.44,923.2314645818844
TR-031022,2025-07-14,4574.6,4397.917821201582
TR-031023,2025-07-14,4116.38,4270.684568692086
TR-031024,2025-07-14,1782.79,1806.847555862654
TR-031025,2025-07-14,3802.08,3651.3385591565243
TR-031026,2025-07-14,1654.42,1624.9119913684797
TR-031027,2025-07-14,1943.65,1897.6473730118246
TR-031028,2025-07-14,3136.73,2920.217390037202
TR-031029,2025-07-14,1297.39,1308.1201571223653
TR-031030,2025-07-14,1042.42,1033.5473827194337
TR-031031,2025-07-14,3822.67,3865.240509771393
TR-031032,2025-07-14,5929.17,5585.010296389349
TR-031033,2025-07-14,1563.33,1568.4166936112706
TR-031034,2025-07-14,2962.14,2902.0795856459135
TR-031035,2025-07-14,1850.69,1866.3908345300324
TR-031036,2025-07-14,1720.99,1725.3656555807775
TR-031037,2025-07-14,3956.97,4141.821204450559
TR-031038,2025-07-14,3841.23,4008.0226033934073
TR-031039,2025-07-14,2380.76,2365.029525663648
TR-031040,2025-07-14,2062.37,2067.245473798923
TR-031041,2025-07-14,3842.0,3611.3078524314446
TR-031042,2025-07-14,4003.37,4098.003891671375
TR-031043,2025-07-14,1204.56,1153.0347943125487
TR-031044,2025-07-14,4140.39,4329.906210875194
TR-031045,2025-07-14,1642.24,1636.3635587668525
TR-031046,2025-07-14,3859.46,4077.214573350484
TR-031047,2025-07-14,3440.06,3371.2463319844865
TR-031048,2025-07-14,1980.59,2066.8333228110837
TR-031049,2025-07-14,1241.76,1243.6459638819242
TR-031050,2025-07-14,5052.56,4698.213483944179
TR-031051,2025-07-14,646.7,647.1594473631404
TR-031052,2025-07-14,2707.19,2588.166334599758
TR-031053,2025-07-14,2378.42,2436.935643856826
TR-031054,2025-07-14,1021.92,1032.196629953457
TR-031055,2025-07-14,245.71,285.36673744211106
TR-031056,2025-07-14,2792.66,2730.1371322570058
TR-031057,2025-07-14,1017.63,1018.4306362725632
TR-031058,2025-07-14,1481.47,1479.2773123905654
TR-031059,2025-07-14,3440.83,3431.126809679595
TR-031060,2025-07-14,1930.82,1895.1887402691532
TR-031061,2025-07-14,2200.07,2150.5290381246814
TR-031062,2025-07-14,1918.97,1906.1384369353243
TR-031063,2025-07-14,492.71,481.41238873859913
TR-031064,2025-07-14,2663.21,2725.459101017065
TR-031065,2025-07-14,4484.12,4259.7942766290535
TR-031066,2025-07-14,2557.11,2597.567399138004
TR-031067,2025-07-14,6359.0,6191.7846495478625
TR-031068,2025-07-14,2028.09,2012.7476223518527
TR-031069,2025-07-14,4856.54,5032.625034058684
TR-031070,2025-07-14,2566.75,2552.260821074256
TR-031071,2025-07-14,915.73,907.2283135339768
TR-031072,2025-07-14,1850.23,1849.8638371550617
TR-031073,2025-07-14,2802.59,2999.449209826456
TR-031074,2025-07-14,1813.98,1824.5676703648335
TR-031075,2025-07-14,3495.35,3365.8468646500824
TR-031076,2025-07-15,1028.63,1010.407575371007
TR-031077,2025-07-15,1828.3,1777.9617387700087
TR-031078,2025-07-15,2828.32,2767.516593612423
TR-031079,2025-07-15,3718.96,3856.905914486231
TR-031080,2025-07-15,4411.76,4363.926812702465
TR-031081,2025-07-15,4700.02,4869.55939186421
TR-031082,2025-07-15,2703.15,2622.3417193629666
TR-031083,2025-07-15,4170.96,4363.286220972535
TR-031084,2025-07-15,4538.81,4576.270520041813
TR-031085,2025-07-15,3463.97,3657.5092836408176
TR-031086,2025-07-15,3837.61,3780.1751418904414
TR-031087,2025-07-15,5519.2,5620.532117974502
TR-031088,2025-07-15,5481.82,5393.251324601121
TR-031089,2025-07-15,3898.57,4067.0584811329163
TR-031090,2025-07-15,1834.62,1827.2350677630025
TR-031091,2025-07-15,1468.29,1421.8298994852732
TR-031092,2025-07-15,1661.76,1689.9056326705415
TR-031093,2025-07-15,588.42,575.6317643511012
TR-031094,2025-07-15,2997.65,2916.5731483954887
TR-031095,2025-07-15,1070.62,1039.203902244208
TR-031096,2025-07-15,4025.89,4145.897458596245
TR-031097,2025-07-15,4861.52,4752.5347309543895
TR-031098,2025-07-15,2101.44,2062.8272314791398
TR-031099,2025-07-15,1330.11,1375.1607569667342
TR-031100,2025-07-15,1647.97,1700.2507944316699
TR-031101,2025-07-15,1394.12,1413.1366515436032
TR-031102,2025-07-15,4231.14,4208.747608953333
TR-031103,2025-07-15,3402.55,3640.196075137944
TR-031104,2025-07-15,2128.61,2055.7058165218386
TR-031105,2025-07-15,896.3,896.1758732069177
TR-031106,2025-07-15,1146.04,1131.9321009735295
TR-031107,2025-07-15,1149.63,1113.1677606905794
TR-031108,2025-07-15,3900.59,3986.8926440863693
TR-031109,2025-07-15,3886.51,4064.9271361864508
TR-031110,2025-07-15,3857.69,3994.786097379844
TR-031111,2025-07-15,2637.05,2552.6072715330433
TR-031112,2025-07-15,4026.81,4202.957165476281
TR-031113,2025-07-15,1483.61,1487.0315541654068
TR-031114,2025-07-15,880.63,863.8956756617679
TR-031115,2025-07-15,589.95,589.4464360754122
TR-031116,2025-07-15,2619.05,2643.963610757051
TR-031117,2025-07-15,3670.22,3450.594301931964
TR-031118,2025-07-15,1033.64,1030.586572527668
TR-031119,2025-07-15,1960.16,1930.6767943689144
TR-031120,2025-07-15,1133.6,1137.6331561302377
TR-031121,2025-07-15,3569.07,3709.839514151328
TR-031122,2025-07-15,4496.11,4311.01651113717
TR-031123,2025-07-15,2192.77,2254.2490660860117
TR-031124,2025-07-15,3462.35,3501.0076124654197
TR-031125,2025-07-15,1051.27,1063.4416352994851
TR-031126,2025-07-15,1908.66,2003.7868312818186
TR-031127,2025-07-15,4779.51,4656.047417046118
TR-031128,2025-07-15,2800.39,2847.748811383629
TR-031129,2025-07-15,2132.27,2101.9729712970898
TR-031130,2025-07-15,1962.71,1929.5581207594857
TR-031131,2025-07-15,5061.61,1684.7717546808983
TR-031132,2025-07-15,1779.31,1848.8210983685026
TR-031133,2025-07-15,438.84,399.59398273228254
TR-031134,2025-07-15,2242.32,2224.545137951226
TR-031135,2025-07-15,4073.44,4040.48805629029
TR-031136,2025-07-15,1908.18,1901.5912399073334
TR-031137,2025-07-15,5592.89,5607.153725430056
TR-031138,2025-07-15,2374.3,2453.2419399161436
TR-031139,2025-07-15,2479.34,2432.4631999634166
TR-031140,2025-07-15,2058.89,2064.183812545196
TR-031141,2025-07-15,4651.51,4558.532025146664
TR-031142,2025-07-15,1987.29,1939.0534938997712
TR-031143,2025-07-15,5591.08,5601.613180835949
TR-031144,2025-07-15,542.36,555.3273124187674
TR-031145,2025-07-15,312.92,298.21360723728435
TR-031146,2025-07-15,3781.76,3740.171411288298
TR-031147,2025-07-15,1869.74,1965.4972216582207
TR-031148,2025-07-15,4280.67,4497.059707499393
TR-031149,2025-07-15,1131.43,1151.4833369744738
TR-031150,2025-07-15,3590.05,3701.819278865337
TR-031151,2025-07-15,2061.73,2078.2225677991873
TR-031152,2025-07-15,5802.66,5657.840767586909
TR-031153,2025-07-15,730.52,722.6379224598363
TR-031154,2025-07-15,723.46,730.970977323552
TR-031155,2025-07-15,839.57,856.2851761984679
TR-031156,2025-07-15,1120.67,1131.8987122976212
TR-031157,2025-07-15,1005.61,990.6302632272201
TR-031158,2025-07-15,2175.61,2389.229120699905
TR-031159,2025-07-15,4050.58,4331.900569531299
TR-031160,2025-07-15,4662.18,4445.790168760397
TR-031161,2025-07-15,2313.21,2248.606137067165
TR-031162,2025-07-15,2513.39,2419.881426312167
TR-031163,2025-07-15,2475.03,2407.77770078865
TR-031164,2025-07-15,3052.91,3245.3113338062435
TR-031165,2025-07-15,1141.87,1117.9782494473184
TR-031166,2025-07-15,1415.54,1431.2436963560765
TR-031167,2025-07-15,4309.52,4415.881327198522
TR-031168,2025-07-15,2297.18,2205.9631886012608
TR-031169,2025-07-15,1373.21,1400.9502652737513
TR-031170,2025-07-15,3165.42,3047.5576296609956
TR-031171,2025-07-15,673.4,665.3063850146481
TR-031172,2025-07-15,3618.84,3483.0745221808634
TR-031173,2025-07-15,2676.5,2516.9588570897854
TR-031174,2025-07-15,4056.98,4422.887000216747
TR-031175,2025-07-15,1185.63,1153.4298013667524
TR-031176,2025-07-15,4080.45,4195.252650987825
TR-031177,2025-07-15,1156.3,1151.9646878089054
TR-031178,2025-07-15,912.09,897.4937324542832
TR-031179,2025-07-15,3341.52,3262.5816077759723
TR-031180,2025-07-15,4128.74,3943.882243320771
TR-031181,2025-07-15,6109.42,5901.724704860476
TR-031182,2025-07-15,885.35,869.4478449418914
TR-031183,2025-07-15,1100.5,1073.8184136134682
TR-031184,2025-07-15,4203.27,4333.568498477647
TR-031185,2025-07-15,474.14,482.1760657863132
TR-031186,2025-07-15,1544.4,1583.1101441736507
TR-031187,2025-07-15,4436.55,4662.7099065180855
TR-031188,2025-07-15,2530.21,2441.417629516665
TR-031189,2025-07-15,1039.62,1006.1494051996676
TR-031190,2025-07-15,1343.16,1339.7720770571223
TR-031191,2025-07-15,3745.4,3856.323733106639
TR-031192,2025-07-15,3428.99,3557.6874869360768
TR-031193,2025-07-15,2283.5,2208.7209562371017
TR-031194,2025-07-15,3505.89,3639.6844819111843
TR-031195,2025-07-15,345.46,336.0423522685715
TR-031196,2025-07-15,3369.69,3090.562787152506
TR-031197,2025-07-15,3133.96,3122.3222519517935
TR-031198,2025-07-15,1395.35,1412.61205502597
TR-031199,2025-07-15,910.93,925.3246308799107
TR-031200,2025-07-15,3460.09,3608.6595965108854
TR-031201,2025-07-15,2499.54,2431.9300086909097
TR-031202,2025-07-15,9445.95,2870.443433141565
TR-031203,2025-07-15,2406.54,2559.7558556927243
TR-031204,2025-07-15,3614.89,3606.378223141431
TR-031205,2025-07-15,2665.86,2820.772209593825
TR-031206,2025-07-15,4806.59,4801.498345598462
TR-031207,2025-07-15,4374.54,4246.534873052417
TR-031208,2025-07-15,5737.5,5713.38152433365
TR-031209,2025-07-15,5800.11,5557.81492140633
TR-031210,2025-07-15,968.4,955.5809105240011
TR-031211,2025-07-15,1466.16,1447.0749643419856
TR-031212,2025-07-15,4253.1,4511.43143604044
TR-031213,2025-07-15,2551.17,2605.793001784957
TR-031214,2025-07-15,3565.25,3631.5585358224166
TR-031215,2025-07-15,4869.46,4732.523562473722
TR-031216,2025-07-15,1882.94,1931.6061081647806
TR-031217,2025-07-15,909.27,896.2313197959561
TR-031218,2025-07-15,2911.96,3042.39156971666
TR-031219,2025-07-15,2488.57,2602.8243534259955
TR-031220,2025-07-15,5477.69,5555.7592563098615
TR-031221,2025-07-15,1231.82,1230.2522630501785
TR-031222,2025-07-15,1479.55,1414.7663812335272
TR-031223,2025-07-15,2318.57,2245.12629434185
TR-031224,2025-07-15,491.96,483.7069473824326
TR-031225,2025-07-16,2513.37,2589.3215890524957
TR-031226,2025-07-16,1180.47,1193.1731420060505
TR-031227,2025-07-16,1545.31,1557.4021860899895
TR-031228,2025-07-16,1349.51,1332.3508396862646
TR-031229,2025-07-16,1595.7,1582.3377915000776
TR-031230,2025-07-16,531.33,447.7078056636556
TR-031231,2025-07-16,3745.55,3519.2431737806924
TR-031232,2025-07-16,4736.47,4881.625681775635
TR-031233,2025-07-16,3269.88,3407.6545996811415
TR-031234,2025-07-16,4781.12,4410.689748633367
TR-031235,2025-07-16,3162.43,3044.4453086385056
TR-031236,2025-07-16,4778.73,4767.930839412584
TR-031237,2025-07-16,1284.21,1266.0491070471514
TR-031238,2025-07-16,763.11,771.4626818253694
TR-031239,2025-07-16,6312.38,6082.28858556472
TR-031240,2025-07-16,2299.33,2201.2202055963257
TR-031241,2025-07-16,4552.61,4644.170394259958
TR-031242,2025-07-16,713.38,711.6323070131174
TR-031243,2025-07-16,2054.62,2027.0108921663832
TR-031244,2025-07-16,1846.19,1809.2892768177421
TR-031245,2025-07-16,343.21,299.1387570274962
TR-031246,2025-07-16,4944.65,5034.790468981658
TR-031247,2025-07-16,1164.94,1183.9512628296452
TR-031248,2025-07-16,2198.2,2215.594387518481
TR-031249,2025-07-16,2076.81,2103.914895582932
TR-031250,2025-07-16,1688.09,1698.539496301395
TR-031251,2025-07-16,3019.0,2909.1566506726913
TR-031252,2025-07-16,5180.86,5226.270516557687
TR-031253,2025-07-16,3985.45,4200.045689990604
TR-031254,2025-07-16,1209.55,1193.6666313714843
TR-031255,2025-07-16,2629.73,2564.747240661467
TR-031256,2025-07-16,5202.28,5310.455556920887
TR-031257,2025-07-16,657.66,656.0904295820651
TR-031258,2025-07-16,1820.91,1820.214527920743
TR-031259,2025-07-16,1691.93,1673.515939115963
TR-031260,2025-07-16,19042.39,3750.5655712484786
TR-031261,2025-07-16,2545.02,2527.472812790131
TR-031262,2025-07-16,1700.07,1684.2941700825609
TR-031263,2025-07-16,4453.17,4525.1908586181335
TR-031264,2025-07-16,1762.58,1773.2619049325413
TR-031265,2025-07-16,2458.42,2425.9829810357924
TR-031266,2025-07-16,2995.27,2883.053736049122
TR-031267,2025-07-16,1846.89,1815.4796221590375
TR-031268,2025-07-16,2479.39,2496.291372522515
TR-031269,2025-07-16,3948.52,4196.204027516998
TR-031270,2025-07-16,4388.84,4633.721073564947
TR-031271,2025-07-16,5341.61,5196.69401573113
TR-031272,2025-07-16,796.62,816.4042419427665
TR-031273,2025-07-16,4157.9,4303.525934431224
TR-031274,2025-07-16,811.4,819.6142220621499
TR-031275,2025-07-16,2531.05,2569.3366540893157
TR-031276,2025-07-16,1334.81,1319.6685417813414
TR-031277,2025-07-16,2274.26,2152.2445187745197
TR-031278,2025-07-16,2179.5,2183.262869244332
TR-031279,2025-07-16,1336.61,1362.415736982509
TR-031280,2025-07-16,2848.44,2671.615880421259
TR-031281,2025-07-16,1016.23,1026.309631284377
TR-031282,2025-07-16,3369.39,3332.6923884038306
TR-031283,2025-07-16,2478.25,2474.3341831842376
TR-031284,2025-07-16,5817.95,5695.356277672675
TR-031285,2025-07-16,2797.85,2782.0975156436566
TR-031286,2025-07-16,1615.55,1645.8131297244167
TR-031287,2025-07-16,2282.64,2237.213524982084
TR-031288,2025-07-16,4191.28,4502.357635287347
TR-031289,2025-07-16,1877.27,1826.7810783700475
TR-031290,2025-07-16,1739.6,1703.8247296644402
TR-031291,2025-07-16,4179.08,4275.533867088341
TR-031292,2025-07-16,4635.54,4813.145653055059
TR-031293,2025-07-16,2837.44,2835.7154490701228
TR-031294,2025-07-16,804.91,2567.8442581164645
TR-031295,2025-07-16,2613.67,2599.8151104664207
TR-031296,2025-07-16,5018.11,5186.727502089786
TR-031297,2025-07-16,4643.35,4695.563729596054
TR-031298,2025-07-16,423.31,425.88329690873957
TR-031299,2025-07-16,2044.57,2052.7680660233473
TR-031300,2025-07-16,4560.5,4850.604509519887
TR-031301,2025-07-16,353.57,354.60893339232376
TR-031302,2025-07-16,1800.31,1773.4652876092866
TR-031303,2025-07-16,4358.6,1827.212948372267
TR-031304,2025-07-16,2821.46,2857.074769273961
TR-031305,2025-07-16,1537.67,1520.7035400254126
TR-031306,2025-07-16,1143.56,1129.4809251950942
TR-031307,2025-07-16,1417.5,1419.1867382884539
TR-031308,2025-07-16,562.63,558.1163613449474
TR-031309,2025-07-16,4130.49,3907.994056134325
TR-031310,2025-07-16,1566.47,1591.39479425936
TR-031311,2025-07-16,2037.41,1963.257848205236
TR-031312,2025-07-16,1010.31,1001.7570572804324
TR-031313,2025-07-16,5392.04,5507.404112859013
TR-031314,2025-07-16,1488.69,1485.3045325361536
TR-031315,2025-07-16,2684.4,2620.5984053395346
TR-031316,2025-07-16,2095.89,2124.6886863392942
TR-031317,2025-07-16,3175.88,3054.55510339541
TR-031318,2025-07-16,1129.56,1125.3279641843535
TR-031319,2025-07-16,1954.38,2016.994829772705
TR-031320,2025-07-16,1174.86,1164.4615545209388
TR-031321,2025-07-16,1734.09,1725.854885438623
TR-031322,2025-07-16,2210.71,2225.3801671131337
TR-031323,2025-07-16,1278.83,1259.311999775874
TR-031324,2025-07-16,1152.25,1117.7334065215211
TR-031325,2025-07-16,2305.91,2245.565621472816
TR-031326,2025-07-16,2942.26,3014.8356188767157
TR-031327,2025-07-16,6510.96,6151.01954791685
TR-031328,2025-07-16,2371.78,2314.9547836712513
TR-031329,2025-07-16,1954.96,1962.9861729050779
TR-031330,2025-07-16,1423.55,1440.478703571263
TR-031331,2025-07-16,956.22,941.8780375103935
TR-031332,2025-07-16,2894.8,2664.2476366854994
TR-031333,2025-07-16,5970.35,1655.0539946962901
TR-031334,2025-07-16,2963.06,3113.8975236734123
TR-031335,2025-07-16,1694.67,1697.0983704618397
TR-031336,2025-07-16,902.78,900.3614868800504
TR-031337,2025-07-16,966.36,964.6309135518335
TR-031338,2025-07-16,4544.07,4673.897165511903
TR-031339,2025-07-16,1660.46,1636.8569534771202
TR-031340,2025-07-16,312.22,275.4768713234861
TR-031341,2025-07-16,2629.41,2761.3848647713826
TR-031342,2025-07-16,3531.56,3372.138693084009
TR-031343,2025-07-16,4615.93,4452.589710265983
TR-031344,2025-07-16,4006.49,4138.098886684638
TR-031345,2025-07-16,3435.48,3531.250501329985
TR-031346,2025-07-16,2103.16,2126.118955855935
TR-031347,2025-07-16,2088.78,1975.4883358291065
TR-031348,2025-07-16,926.88,918.2838500243715
TR-031349,2025-07-16,1186.7,1158.4323053563564
TR-031350,2025-07-16,2685.15,2601.1719809661986
TR-031351,2025-07-16,2928.02,3006.1522367780312
TR-031352,2025-07-16,3691.21,3833.551272791334
TR-031353,2025-07-16,2363.35,2249.921129819869
TR-031354,2025-07-16,1341.26,1348.8635565275583
TR-031355,2025-07-16,1941.56,1918.353953798472
TR-031356,2025-07-16,2065.8,2051.8782771395317
TR-031357,2025-07-16,2839.63,2698.3134683491216
TR-031358,2025-07-16,849.26,858.6289000981471
TR-031359,2025-07-16,3803.6,3652.319807838478
TR-031360,2025-07-16,1499.34,1519.8404924472375
TR-031361,2025-07-16,2178.09,2121.549737216257
TR-031362,2025-07-16,703.07,682.8144110731942
TR-031363,2025-07-16,1195.93,1187.0230135326422
TR-031364,2025-07-16,2555.73,2630.51562692573
TR-031365,2025-07-16,5972.2,5935.313979981459
TR-031366,2025-07-16,2171.81,2137.5816463960823
TR-031367,2025-07-16,3296.97,3332.642898754331
TR-031368,2025-07-16,4155.08,4348.74356526078
TR-031369,2025-07-16,1773.92,1815.3973786922634
TR-031370,2025-07-16,1187.01,1171.2056216444284
TR-031371,2025-07-16,1575.81,1589.7241392052074
TR-031372,2025-07-16,3118.16,3203.938133547964
TR-031373,2025-07-16,1143.76,1133.3236298462602
TR-031374,2025-07-17,6638.75,6181.72421900292
TR-031375,2025-07-17,2217.51,2246.4531355756794
TR-031376,2025-07-17,3492.8,3295.658273727175
TR-031377,2025-07-17,3229.54,3185.064200275858
TR-031378,2025-07-17,1656.43,1661.2532488122913
TR-031379,2025-07-17,3832.66,4017.6457795243427
TR-031380,2025-07-17,2045.58,1931.2390621771958
TR-031381,2025-07-17,1082.16,1071.959366789752
TR-031382,2025-07-17,1397.01,1354.0210022567958
TR-031383,2025-07-17,3669.39,3677.211050385097
TR-031384,2025-07-17,596.1,595.1656796739869
TR-031385,2025-07-17,4256.96,4041.6639958157866
TR-031386,2025-07-17,2309.46,2218.25301785794
TR-031387,2025-07-17,804.37,797.7746581508062
TR-031388,2025-07-17,1980.14,1939.8862656459137
TR-031389,2025-07-17,357.76,307.4931423017925
TR-031390,2025-07-17,2417.81,2274.965649501897
TR-031391,2025-07-17,1272.41,1267.01958030357
TR-031392,2025-07-17,4098.46,4308.478737552505
TR-031393,2025-07-17,813.18,793.6605499557138
TR-031394,2025-07-17,2960.92,2984.041401096611
TR-031395,2025-07-17,3715.2,3813.939055964298
TR-031396,2025-07-17,4511.81,4656.256899687328
TR-031397,2025-07-17,1621.96,1601.8486243553248
TR-031398,2025-07-17,4058.58,4048.7194861515823
TR-031399,2025-07-17,380.46,358.9622502600004
TR-031400,2025-07-17,3694.79,3649.647265863983
TR-031401,2025-07-17,1420.85,1432.2269688672952
TR-031402,2025-07-17,353.69,292.6409714286742
TR-031403,2025-07-17,2072.59,1981.2556941275916
TR-031404,2025-07-17,2116.32,2099.1711855014732
TR-031405,2025-07-17,3275.69,3455.6478840951
TR-031406,2025-07-17,2966.6,2801.0383362761604
TR-031407,2025-07-17,2277.07,2305.5394971738137
TR-031408,2025-07-17,3556.32,3524.352749380376
TR-031409,2025-07-17,1126.03,1097.9554581236903
TR-031410,2025-07-17,580.91,583.1651977900531
TR-031411,2025-07-17,4422.6,4507.5884978702425
TR-031412,2025-07-17,859.57,862.3080749001481
TR-031413,2025-07-17,3499.26,3358.4759659864853
TR-031414,2025-07-17,1562.78,1567.7394267303441
TR-031415,2025-07-17,2841.75,2678.266770108759
TR-031416,2025-07-17,884.63,874.3367221305895
TR-031417,2025-07-17,3133.06,3268.3283565861598
TR-031418,2025-07-17,4123.03,4241.289413476501
TR-031419,2025-07-17,3959.06,4166.987871563713
TR-031420,2025-07-17,4757.82,4482.412728044246
TR-031421,2025-07-17,3384.98,3369.33845248905
TR-031422,2025-07-17,2275.32,2311.835485463099
TR-031423,2025-07-17,3429.16,3312.976767080202
TR-031424,2025-07-17,1225.21,1223.0961014943746
TR-031425,2025-07-17,1558.87,1550.2038557087324
TR-031426,2025-07-17,1023.17,999.2600341326319
TR-031427,2025-07-17,3305.66,3392.151900678793
TR-031428,2025-07-17,1376.76,1381.3582772105635
TR-031429,2025-07-17,694.65,701.9887119684555
TR-031430,2025-07-17,1812.61,1784.473813804855
TR-031431,2025-07-17,3558.75,3591.973844700092
TR-031432,2025-07-17,1684.1,1661.3739187854658
TR-031433,2025-07-17,4264.82,4213.465706953298
TR-031434,2025-07-17,1629.48,1630.0984563384
TR-031435,2025-07-17,3598.03,3451.8774456340975
TR-031436,2025-07-17,865.1,873.7280214774825
TR-031437,2025-07-17,1989.26,1964.3103963500823
TR-031438,2025-07-17,1695.22,1720.3641774897465
TR-031439,2025-07-17,781.61,764.1167834234594
TR-031440,2025-07-17,2015.81,1964.6330627419547
TR-031441,2025-07-17,1043.87,1015.7505570109929
TR-031442,2025-07-17,4162.47,4437.149171655318
TR-031443,2025-07-17,2587.52,2548.805819986743
TR-031444,2025-07-17,3984.62,4254.827804457501
TR-031445,2025-07-17,2072.24,2089.149950810836
TR-031446,2025-07-17,1229.83,1235.7198530993699
TR-031447,2025-07-17,2592.17,2413.040636003772
TR-031448,2025-07-17,3759.21,3637.7059972339175
TR-031449,2025-07-17,2493.89,2471.9600946385076
TR-031450,2025-07-17,4384.53,4324.606799131531
TR-031451,2025-07-17,1596.51,1609.7175865152517
TR-031452,2025-07-17,3722.0,3640.9212512856116
TR-031453,2025-07-17,796.1,836.7677323150441
TR-031454,2025-07-17,3792.84,3741.861192505385
TR-031455,2025-07-17,1825.92,1792.4918259215794
TR-031456,2025-07-17,5190.0,5346.808676889938
TR-031457,2025-07-17,1393.35,1365.4094975798937
TR-031458,2025-07-17,2033.9,2074.1918875126744
TR-031459,2025-07-17,1306.37,1338.7278143275103
TR-031460,2025-07-17,1291.87,1257.962980248706
TR-031461,2025-07-17,10965.67,2428.2246059729605
TR-031462,2025-07-17,3619.13,3515.100229777851
TR-031463,2025-07-17,1820.41,1809.4708956792103
TR-031464,2025-07-17,1998.3,2064.3957639614246
TR-031465,2025-07-17,1363.85,1363.9385481933014
TR-031466,2025-07-17,3749.6,3888.101710119371
TR-031467,2025-07-17,5204.08,5140.757396016781
TR-031468,2025-07-17,6156.12,5790.03990785092
TR-031469,2025-07-17,4263.01,4062.873327041248
TR-031470,2025-07-17,1595.4,1578.66633760978
TR-031471,2025-07-17,1361.76,1406.2502604433705
TR-031472,2025-07-17,1159.11,1148.2912648338204
TR-031473,2025-07-17,2976.78,3022.0075367230925
TR-031474,2025-07-17,1947.38,1877.6093293410331
TR-031475,2025-07-17,3119.09,3106.7504166008134
TR-031476,2025-07-17,4078.02,4230.831944680435
TR-031477,2025-07-17,5495.08,5427.390549662212
TR-031478,2025-07-17,879.94,875.2514029642107
TR-031479,2025-07-17,1015.33,1005.6662467848739
TR-031480,2025-07-17,1802.44,1819.587109203718
TR-031481,2025-07-17,2064.26,2010.7500550552768
TR-031482,2025-07-17,1347.85,1333.7755739038148
TR-031483,2025-07-17,1272.75,1255.843727406174
TR-031484,2025-07-17,4223.36,4450.860043816071
TR-031485,2025-07-17,846.13,863.4505122907751
TR-031486,2025-07-17,1597.36,1594.670201378256
TR-031487,2025-07-17,1820.18,1792.4073559202477
TR-031488,2025-07-17,613.47,616.3862530053322
TR-031489,2025-07-17,1213.6,1175.8027396954246
TR-031490,2025-07-17,1616.93,1603.8331782755652
TR-031491,2025-07-17,3797.93,3853.6634037718572
TR-031492,2025-07-17,2109.92,2138.380688412577
TR-031493,2025-07-17,3967.58,4060.11868186772
TR-031494,2025-07-17,763.41,755.4998955137032
TR-031495,2025-07-17,924.44,905.432393675876
TR-031496,2025-07-17,2507.98,2552.550745060753
TR-031497,2025-07-17,3511.46,3506.6361064858274
TR-031498,2025-07-17,518.99,501.6854548130956
TR-031499,2025-07-17,625.26,611.0366439147898
TR-031500,2025-07-17,468.9,482.7604294110909
TR-031501,2025-07-17,4824.66,4426.962220736176
TR-031502,2025-07-17,4962.25,5330.694861790812
TR-031503,2025-07-17,1574.86,1573.9555912750836
TR-031504,2025-07-17,2311.49,2223.2176774714503
TR-031505,2025-07-17,1769.7,1734.650975856863
TR-031506,2025-07-17,3794.57,4084.9508872986826
TR-031507,2025-07-17,1296.07,1228.843271346401
TR-031508,2025-07-17,1711.55,1729.803619051373
TR-031509,2025-07-17,1814.05,1832.2601590977124
TR-031510,2025-07-17,1558.87,1577.7408358505552
TR-031511,2025-07-17,2646.95,2587.3371596066972
TR-031512,2025-07-17,1647.46,1662.3747470929848
TR-031513,2025-07-17,2415.54,2465.233173141789
TR-031514,2025-07-17,3124.63,3094.027564049007
TR-031515,2025-07-17,2650.43,2617.5272441129537
TR-031516,2025-07-17,1151.48,1140.539229427075
TR-031517,2025-07-17,974.64,954.6398872231424
TR-031518,2025-07-17,2152.83,2177.0872518120727
TR-031519,2025-07-17,2285.17,2319.4573685573628
TR-031520,2025-07-17,1278.15,1252.918837933064
TR-031521,2025-07-17,4258.71,4404.629859822433
TR-031522,2025-07-17,1604.74,1667.1555327979802
TR-031523,2025-07-17,3223.02,3055.372351714044
TR-031524,2025-07-17,2535.07,2443.1393290773494
TR-031525,2025-07-17,3510.78,3238.7654902329946
TR-031526,2025-07-18,2113.86,2178.008283297058
TR-031527,2025-07-18,5278.65,5313.300564593719
TR-031528,2025-07-18,4048.36,3925.3487500653487
TR-031529,2025-07-18,1592.76,1547.6366976337463
TR-031530,2025-07-18,3416.23,3631.5205195514727
TR-031531,2025-07-18,1572.25,1490.1211877096337
TR-031532,2025-07-18,482.25,492.59830227542034
TR-031533,2025-07-18,1778.15,1736.157407681144
TR-031534,2025-07-18,1267.89,1258.9331545933744
TR-031535,2025-07-18,1764.79,1717.347045429873
TR-031536,2025-07-18,2292.08,2237.457435657751
TR-031537,2025-07-18,3453.16,3277.1332290930973
TR-031538,2025-07-18,4608.72,4924.786815162653
TR-031539,2025-07-18,2542.37,2584.824503432952
TR-031540,2025-07-18,1186.65,1165.2440287158074
TR-031541,2025-07-18,1279.82,1262.9021885721054
TR-031542,2025-07-18,1809.81,1802.9390031079022
TR-031543,2025-07-18,833.05,828.5243815081793
TR-031544,2025-07-18,583.26,583.3839031559892
TR-031545,2025-07-18,764.93,756.3984540552494
TR-031546,2025-07-18,1246.54,1201.619082144525
TR-031547,2025-07-18,860.69,848.0892571732477
TR-031548,2025-07-18,4386.82,4437.883945576925
TR-031549,2025-07-18,1188.12,1154.7786996796353
TR-031550,2025-07-18,2279.14,2248.179995952407
TR-031551,2025-07-18,1237.17,1210.4538006052148
TR-031552,2025-07-18,1982.94,1965.2843035026171
TR-031553,2025-07-18,2836.0,2699.2472419303863
TR-031554,2025-07-18,756.12,757.0614962628076
TR-031555,2025-07-18,1665.21,1649.1345082419011
TR-031556,2025-07-18,1884.32,1901.6288530372476
TR-031557,2025-07-18,1997.67,1965.5228326341435
TR-031558,2025-07-18,4695.36,4645.596195147421
TR-031559,2025-07-18,3200.48,3149.7998417910408
TR-031560,2025-07-18,2916.47,2940.3552116623273
TR-031561,2025-07-18,1889.65,1875.470816190503
TR-031562,2025-07-18,3980.9,4230.22778164939
TR-031563,2025-07-18,3048.58,3244.6986346995614
TR-031564,2025-07-18,3271.96,3282.054403150693
TR-031565,2025-07-18,2059.4,2046.5017668379246
TR-031566,2025-07-18,1484.88,1505.1105637032542
TR-031567,2025-07-18,3758.14,3883.8806983005875
TR-031568,2025-07-18,1880.56,1923.9568618140916
TR-031569,2025-07-18,1040.46,1017.650879743843
TR-031570,2025-07-18,2147.13,2270.00858583359
TR-031571,2025-07-18,1374.61,1389.5547361484837
TR-031572,2025-07-18,886.08,859.7898833518228
TR-031573,2025-07-18,2009.98,1961.7488037787134
TR-031574,2025-07-18,2509.51,2574.499524963444
TR-031575,2025-07-18,3701.45,3655.8852104924736
TR-031576,2025-07-18,1470.86,1465.7696515697385
TR-031577,2025-07-18,1194.38,1192.953166761822
TR-031578,2025-07-18,4883.17,5080.3486248177205
TR-031579,2025-07-18,772.66,764.3589352201565
TR-031580,2025-07-18,3039.33,3049.701423231475
TR-031581,2025-07-18,831.51,846.5458687062162
TR-031582,2025-07-18,5121.69,5119.404777734236
TR-031583,2025-07-18,1039.54,1033.941797454845
TR-031584,2025-07-18,3312.14,3422.017471474411
TR-031585,2025-07-18,2140.92,2094.9201299994215
TR-031586,2025-07-18,1130.85,1125.3117264160073
TR-031587,2025-07-18,1102.63,1116.9511861279143
TR-031588,2025-07-18,1447.66,1446.7197515001774
TR-031589,2025-07-18,4535.45,4666.671818499076
TR-031590,2025-07-18,1545.48,1560.9605633992255
TR-031591,2025-07-18,1152.92,1163.6041292098748
TR-031592,2025-07-18,788.56,761.1486591661237
TR-031593,2025-07-18,1679.29,1619.8406617007115
TR-031594,2025-07-18,1326.29,1317.4994873230567
TR-031595,2025-07-18,3610.33,3887.0846419217723
TR-031596,2025-07-18,4522.53,4522.196755672159
TR-031597,2025-07-18,5145.5,5187.888965910641
TR-031598,2025-07-18,3360.46,3461.594478871498
TR-031599,2025-07-18,3584.14,3711.8800356989823
TR-031600,2025-07-18,3594.26,3741.375250774558
TR-031601,2025-07-18,1444.58,1449.734271544369
TR-031602,2025-07-18,1826.01,1813.9552327251188
TR-031603,2025-07-18,5132.85,4961.044777388789
TR-031604,2025-07-18,2017.87,2031.876452057531
TR-031605,2025-07-18,1041.78,1028.718024364755
TR-031606,2025-07-18,2305.08,2249.6461641122205
TR-031607,2025-07-18,1292.76,1255.1360437864762
TR-031608,2025-07-18,1221.06,1259.845323122098
TR-031609,2025-07-18,1533.85,1585.417088919463
TR-031610,2025-07-18,2131.63,2143.879690539738
TR-031611,2025-07-18,4197.17,4056.917873335593
TR-031612,2025-07-18,1364.3,1357.25109585151
TR-031613,2025-07-18,847.29,868.3263297365372
TR-031614,2025-07-18,628.38,616.6898668976728
TR-031615,2025-07-18,4660.82,4882.772508504168
TR-031616,2025-07-18,1109.81,1141.0202583061277
TR-031617,2025-07-18,1682.6,1685.6439112204603
TR-031618,2025-07-18,1931.59,1892.7186667842916
TR-031619,2025-07-18,751.31,769.466681757908
TR-031620,2025-07-18,1025.42,2601.117072844389
TR-031621,2025-07-18,1847.63,1823.2747539671623
TR-031622,2025-07-18,2223.8,2147.1305194669894
TR-031623,2025-07-18,1512.25,1503.8554965709245
TR-031624,2025-07-18,485.59,484.11013463658435
TR-031625,2025-07-18,2183.25,2104.2477774657063
TR-031626,2025-07-18,1971.5,1938.1435389859978
TR-031627,2025-07-18,644.32,653.7101293741891
TR-031628,2025-07-18,2900.65,2646.1011164516
TR-031629,2025-07-18,2111.93,2169.0088699883777
TR-031630,2025-07-18,2789.58,2788.186675964768
TR-031631,2025-07-18,2667.5,2673.062905321913
TR-031632,2025-07-18,2434.0,2390.7596996587263
TR-031633,2025-07-18,3166.44,3081.2524467899016
TR-031634,2025-07-18,1735.84,1814.5159769685106
TR-031635,2025-07-18,1340.13,1288.0197910469426
TR-031636,2025-07-18,2375.42,2502.664722453861
TR-031637,2025-07-18,2383.02,2370.6053119314115
TR-031638,2025-07-18,4657.5,4902.251668710735
TR-031639,2025-07-18,1051.37,1052.4512743062776
TR-031640,2025-07-18,2208.89,2210.9597132881204
TR-031641,2025-07-18,4304.42,4584.181446977769
TR-031642,2025-07-18,839.15,841.1466355902484
TR-031643,2025-07-18,2083.52,2076.6864706022016
TR-031644,2025-07-18,3827.29,3580.5004906534155
TR-031645,2025-07-18,3559.85,3393.3351282215963
TR-031646,2025-07-18,1892.96,1867.9333735020243
TR-031647,2025-07-18,2714.25,2608.4289585241036
TR-031648,2025-07-18,2319.37,2347.3298965387453
TR-031649,2025-07-18,2437.76,2546.108715116611
TR-031650,2025-07-18,4302.4,4355.480925762689
TR-031651,2025-07-18,920.33,891.2196268596213
TR-031652,2025-07-18,2037.23,2122.772835498312
TR-031653,2025-07-18,1263.39,1226.8290042525573
TR-031654,2025-07-18,648.31,664.0745761188914
TR-031655,2025-07-18,1945.39,1922.9053359906345
TR-031656,2025-07-18,1726.9,1771.0275535294172
TR-031657,2025-07-18,3905.98,3799.53807332969
TR-031658,2025-07-18,3879.18,3979.2793445363072
TR-031659,2025-07-18,2436.91,2436.209165207534
TR-031660,2025-07-18,3969.03,3787.996628882681
TR-031661,2025-07-18,2196.24,2215.141872201654
TR-031662,2025-07-18,2772.61,2669.4072575998216
TR-031663,2025-07-18,4734.99,4961.2671383363895
TR-031664,2025-07-18,3341.15,3238.1594667190625
TR-031665,2025-07-18,569.62,534.2389685243518
TR-031666,2025-07-18,3872.25,3926.930079250228
TR-031667,2025-07-18,1689.23,1700.514963293913
TR-031668,2025-07-18,2211.48,2134.1617012680176
TR-031669,2025-07-18,764.33,733.5719561552831
TR-031670,2025-07-18,1909.88,1863.4038249854993
TR-031671,2025-07-18,1402.08,1377.6534037786373
TR-031672,2025-07-18,643.27,621.19762794581
TR-031673,2025-07-18,1086.93,1087.9749500220407
TR-031674,2025-07-18,581.24,587.6476334215322
TR-031675,2025-07-18,860.37,810.3557669358337
TR-031676,2025-07-18,627.4,627.358883707945
TR-031677,2025-07-18,1207.2,1210.9019418582845
TR-031678,2025-07-18,695.03,707.3179490063866
TR-031679,2025-07-18,735.65,741.4678351796099
TR-031680,2025-07-19,411.83,422.430424332662
TR-031681,2025-07-19,2395.32,2380.982465228642
TR-031682,2025-07-19,656.07,647.1793561393396
TR-031683,2025-07-19,1385.05,1348.5719451764048
TR-031684,2025-07-19,2868.19,3032.363780024891
TR-031685,2025-07-19,3329.37,3390.3817163795534
TR-031686,2025-07-19,2271.09,2224.5671516169627
TR-031687,2025-07-19,3795.87,3681.245926395973
TR-031688,2025-07-19,1707.52,1725.4143313137263
TR-031689,2025-07-19,2859.05,2714.382059097554
TR-031690,2025-07-19,2269.87,2273.4497917905205
TR-031691,2025-07-19,3168.1,3194.462471129599
TR-031692,2025-07-19,1856.54,1939.2697672282304
TR-031693,2025-07-19,6184.19,5828.068399639771
TR-031694,2025-07-19,779.74,783.888081640059
TR-031695,2025-07-19,3725.54,3617.864589430345
TR-031696,2025-07-19,634.94,619.6038836397938
TR-031697,2025-07-19,2302.7,2277.1865710691823
TR-031698,2025-07-19,1742.37,1775.4354967695851
TR-031699,2025-07-19,1213.28,1183.483312365558
TR-031700,2025-07-19,4645.79,4494.686849956607
TR-031701,2025-07-19,1915.25,2017.1768309972972
TR-031702,2025-07-19,1661.79,1628.893267088675
TR-031703,2025-07-19,3918.5,3840.2062561471053
TR-031704,2025-07-19,832.48,814.6570843181132
TR-031705,2025-07-19,2902.84,2862.417613802026
TR-031706,2025-07-19,1418.35,1390.244857529942
TR-031707,2025-07-19,1137.81,1143.622195161924
TR-031708,2025-07-19,3832.34,3475.2068413920015
TR-031709,2025-07-19,1286.38,1259.326040382624
TR-031710,2025-07-19,3365.82,3406.2934617568994
TR-031711,2025-07-19,2629.72,2637.887995769389
TR-031712,2025-07-19,655.11,625.21997919322
TR-031713,2025-07-19,739.06,730.2658201060295
TR-031714,2025-07-19,1101.84,1116.0392297034543
TR-031715,2025-07-19,4287.8,4535.233713575169
TR-031716,2025-07-19,644.95,644.6858851430059
TR-031717,2025-07-19,3813.66,3767.866117882775
TR-031718,2025-07-19,3906.53,4057.5671431045425
TR-031719,2025-07-19,961.59,924.886163208915
TR-031720,2025-07-19,728.49,715.6529949901351
TR-031721,2025-07-19,2323.82,2405.3818527025537
TR-031722,2025-07-19,3789.38,3598.355487267855
TR-031723,2025-07-19,1860.35,1836.1022152648907
TR-031724,2025-07-19,3016.54,3117.188304007505
TR-031725,2025-07-19,2190.35,2291.898534475262
TR-031726,2025-07-19,5619.01,5636.425992644654
TR-031727,2025-07-19,2012.82,2111.644703104458
TR-031728,2025-07-19,2988.76,2957.713383882449
TR-031729,2025-07-19,4291.97,4478.132771841784
TR-031730,2025-07-19,167.63,794.9860999774921
TR-031731,2025-07-19,4670.39,4564.036328074682
TR-031732,2025-07-19,1160.24,1140.0456537681716
TR-031733,2025-07-19,2031.14,2206.6351894146137
TR-031734,2025-07-19,3363.21,3315.089486977791
TR-031735,2025-07-19,2655.17,2734.8001880780066
TR-031736,2025-07-19,856.18,816.255094749657
TR-031737,2025-07-19,2123.07,2182.045302726721
TR-031738,2025-07-19,2193.44,2131.785267809236
TR-031739,2025-07-19,1682.44,1686.238055807222
TR-031740,2025-07-19,1558.6,1573.8627755865523
TR-031741,2025-07-19,1417.06,1389.0872915840555
TR-031742,2025-07-19,921.0,920.5224467718368
TR-031743,2025-07-19,6193.75,6022.980495040221
TR-031744,2025-07-19,1208.29,1191.8648586770282
TR-031745,2025-07-19,2640.82,2508.302572898243
TR-031746,2025-07-19,573.13,2466.4540628199884
TR-031747,2025-07-19,1386.42,1375.9631624708536
TR-031748,2025-07-19,4507.5,4232.178477931502
TR-031749,2025-07-19,2004.62,1964.6805372891429
TR-031750,2025-07-19,5281.13,5351.780976894876
TR-031751,2025-07-19,1217.22,1193.5288804268753
TR-031752,2025-07-19,2021.05,2047.4739558137614
TR-031753,2025-07-19,2197.86,2175.0901292576577
TR-031754,2025-07-19,4127.58,4300.304050353652
TR-031755,2025-07-19,1836.18,1825.5981792208831
TR-031756,2025-07-19,1490.12,1507.488657464276
TR-031757,2025-07-19,1080.05,1057.0721751202464
TR-031758,2025-07-19,5071.98,4717.296112680611
TR-031759,2025-07-19,2383.37,2237.877933911287
TR-031760,2025-07-19,2948.52,2938.766441797211
TR-031761,2025-07-19,1024.45,1012.2510711748064
TR-031762,2025-07-19,1554.87,1539.6535156747352
TR-031763,2025-07-19,1537.23,1502.545329439755
TR-031764,2025-07-19,3693.9,3912.3143962426993
TR-031765,2025-07-19,4838.22,4950.78850592751
TR-031766,2025-07-19,2856.63,2945.79780807746
TR-031767,2025-07-19,1186.79,1179.3701033083905
TR-031768,2025-07-19,2773.41,2722.430730947225
TR-031769,2025-07-19,2589.11,2618.2983609449066
TR-031770,2025-07-19,2202.94,2204.886570085172
TR-031771,2025-07-19,1809.76,1836.1554895733532
TR-031772,2025-07-19,2407.29,2499.2132074273104
TR-031773,2025-07-19,4554.92,4546.3629050091795
TR-031774,2025-07-19,1638.48,1588.2226771914234
TR-031775,2025-07-19,628.22,654.9555687189142
TR-031776,2025-07-19,3351.5,3297.4603838303715
TR-031777,2025-07-19,2970.23,2815.808015378145
TR-031778,2025-07-19,1532.08,1548.3017122018284
TR-031779,2025-07-19,1088.36,1073.294336993268
TR-031780,2025-07-19,5088.98,4772.019122442084
TR-031781,2025-07-19,2335.46,2190.1931470135314
TR-031782,2025-07-19,1116.86,1131.5627531102834
TR-031783,2025-07-19,639.73,660.5540166861773
TR-031784,2025-07-19,1757.58,1755.8742146740053
TR-031785,2025-07-19,2821.13,2728.9600998687547
TR-031786,2025-07-19,3978.13,3794.23194588963
TR-031787,2025-07-19,1272.75,1279.9935173710985
TR-031788,2025-07-19,1398.67,4132.874724037799
TR-031789,2025-07-19,607.91,581.3233523844951
TR-031790,2025-07-19,3765.86,3947.1586047801593
TR-031791,2025-07-19,1920.95,1955.4044840048534
TR-031792,2025-07-19,689.96,681.7063770702547
TR-031793,2025-07-19,3340.64,3479.808743362347
TR-031794,2025-07-19,2471.11,2415.83609447869
TR-031795,2025-07-19,1987.25,2130.074857402889
TR-031796,2025-07-19,1983.19,2000.4899592381148
TR-031797,2025-07-19,1228.65,1195.8428853429446
TR-031798,2025-07-19,4373.61,4311.561116834531
TR-031799,2025-07-19,1971.73,1992.4518506139996
TR-031800,2025-07-19,1282.18,1331.53397681333
TR-031801,2025-07-19,2771.07,2875.8258869941405
TR-031802,2025-07-19,2265.62,2276.1442950569967
TR-031803,2025-07-19,1410.06,1411.8513818688616
TR-031804,2025-07-19,1739.75,1791.6234625599677
TR-031805,2025-07-19,1139.4,1146.6175058634567
TR-031806,2025-07-19,897.41,888.5154370275413
TR-031807,2025-07-19,3478.54,3507.0200467669833
TR-031808,2025-07-19,1362.07,1344.4089146190734
TR-031809,2025-07-19,1153.21,1164.9263706076154
TR-031810,2025-07-19,3692.33,3630.3804162491806
TR-031811,2025-07-19,1356.86,1387.6856323243614
TR-031812,2025-07-19,3781.83,3809.6406673252477
TR-031813,2025-07-19,2697.24,2652.270644145645
TR-031814,2025-07-19,3993.28,3679.5739594311895
TR-031815,2025-07-19,888.58,875.9776243391859
TR-031816,2025-07-19,1849.59,2002.1026902753706
TR-031817,2025-07-19,792.23,809.5079028142313
TR-031818,2025-07-19,2049.36,2018.0192327556294
TR-031819,2025-07-19,3321.53,3192.389341066165
TR-031820,2025-07-19,5111.68,4792.687430040888
TR-031821,2025-07-19,2890.32,2712.0475918348293
TR-031822,2025-07-19,1554.7,1551.8058515255022
TR-031823,2025-07-19,3709.91,3761.9695259446466
TR-031824,2025-07-19,1249.2,1242.3162425705273
TR-031825,2025-07-19,2315.59,2355.6117634353
TR-031826,2025-07-20,1703.23,1668.000602004352
TR-031827,2025-07-20,1831.22,1811.4952738881505
TR-031828,2025-07-20,1302.13,1318.9140906126242
TR-031829,2025-07-20,1934.13,1944.3312592556279
TR-031830,2025-07-20,3708.88,3729.8740373389014
TR-031831,2025-07-20,3967.28,3964.9410343413674
TR-031832,2025-07-20,4197.26,4157.405824689878
TR-031833,2025-07-20,711.85,685.7646184581527
TR-031834,2025-07-20,1607.39,1557.4599763218046
TR-031835,2025-07-20,2399.63,2355.4359258883546
TR-031836,2025-07-20,2508.49,2524.6492004722377
TR-031837,2025-07-20,834.95,834.9078863216533
TR-031838,2025-07-20,957.04,958.6072571448458
TR-031839,2025-07-20,1489.56,1563.3855279087247
TR-031840,2025-07-20,3642.46,3778.946779533133
TR-031841,2025-07-20,3308.16,3112.795424979636
TR-031842,2025-07-20,5254.97,5352.526972699643
TR-031843,2025-07-20,2017.97,2012.063049982648
TR-031844,2025-07-20,2552.19,2544.6317198726415
TR-031845,2025-07-20,3008.23,2917.855118098153
TR-031846,2025-07-20,5260.81,5395.888990931564
TR-031847,2025-07-20,1398.98,1347.9561597763243
TR-031848,2025-07-20,1520.14,1503.988401201815
TR-031849,2025-07-20,988.49,995.1659245270139
TR-031850,2025-07-20,1363.62,1337.5629460665803
TR-031851,2025-07-20,1944.96,1942.2156725361085
TR-031852,2025-07-20,4117.33,4301.205766582729
TR-031853,2025-07-20,1810.98,1806.877362627204
TR-031854,2025-07-20,2291.82,2273.6171688143845
TR-031855,2025-07-20,2955.39,2755.657642736364
TR-031856,2025-07-20,2924.74,3037.46232836324
TR-031857,2025-07-20,1107.3,1072.4954231634583
TR-031858,2025-07-20,4157.82,4118.253609836623
TR-031859,2025-07-20,2868.58,3024.1095309281422
TR-031860,2025-07-20,2402.16,2430.2808982346155
TR-031861,2025-07-20,4106.3,4408.75427305593
TR-031862,2025-07-20,2881.52,2984.794410947047
TR-031863,2025-07-20,730.58,714.1081582570606
TR-031864,2025-07-20,3755.18,3854.343354327591
TR-031865,2025-07-20,1821.63,1773.2022082382166
TR-031866,2025-07-20,2280.81,2270.5699871552447
TR-031867,2025-07-20,597.48,580.4128419200623
TR-031868,2025-07-20,2162.48,2166.4555490054
TR-031869,2025-07-20,4844.2,5060.055481281123
TR-031870,2025-07-20,3239.14,3141.9369156120083
TR-031871,2025-07-20,2675.14,2609.1155980973745
TR-031872,2025-07-20,1211.4,1194.1032158170324
TR-031873,2025-07-20,494.05,489.53565043530887
TR-031874,2025-07-20,1384.32,1366.3160664142838
TR-031875,2025-07-20,3602.1,3763.8690946955494
TR-031876,2025-07-20,5394.76,5602.037642554657
TR-031877,2025-07-20,5115.97,5158.419478181747
TR-031878,2025-07-20,920.1,897.4658079091396
TR-031879,2025-07-20,2696.01,2567.4841992255715
TR-031880,2025-07-20,3314.31,3198.893134522231
TR-031881,2025-07-20,872.08,876.5117624696953
TR-031882,2025-07-20,3934.28,4029.891131384498
TR-031883,2025-07-20,2195.52,2113.4570871233036
TR-031884,2025-07-20,2451.04,2372.766608159637
TR-031885,2025-07-20,2697.37,2632.324120762698
TR-031886,2025-07-20,2368.9,2556.7502819195106
TR-031887,2025-07-20,4092.25,3992.9598548119757
TR-031888,2025-07-20,3445.36,3283.3764463470025
TR-031889,2025-07-20,4346.16,4506.933704492285
TR-031890,2025-07-20,1410.03,1397.3511191249022
TR-031891,2025-07-20,1112.27,1087.1757285954354
TR-031892,2025-07-20,5235.6,4888.849968799868
TR-031893,2025-07-20,5010.93,5243.214530930053
TR-031894,2025-07-20,4487.05,4730.052365228943
TR-031895,2025-07-20,4430.3,4344.421310941711
TR-031896,2025-07-20,1862.84,1813.6072278442964
TR-031897,2025-07-20,412.5,407.3577646581888
TR-031898,2025-07-20,5847.05,5830.275925050289
TR-031899,2025-07-20,6113.07,6006.095918426065
TR-031900,2025-07-20,1531.53,1479.597859942362
TR-031901,2025-07-20,1796.25,1866.2641857513681
TR-031902,2025-07-20,1174.03,1170.0324158735348
TR-031903,2025-07-20,3390.69,3397.784821318189
TR-031904,2025-07-20,543.57,554.0817389562977
TR-031905,2025-07-20,1845.07,2087.2933069870114
TR-031906,2025-07-20,4848.69,5159.492367684094
TR-031907,2025-07-20,1200.36,1177.254899099021
TR-031908,2025-07-20,1455.79,1433.3492188131875
TR-031909,2025-07-20,687.82,671.4056085280172
TR-031910,2025-07-20,4276.57,4460.388199908369
TR-031911,2025-07-20,1800.7,1796.795014500659
TR-031912,2025-07-20,2489.92,2332.960835154284
TR-031913,2025-07-20,993.92,981.9579531342271
TR-031914,2025-07-20,657.56,659.3358707024616
TR-031915,2025-07-20,758.05,742.3814635308165
TR-031916,2025-07-20,1546.1,1461.7861668507157
TR-031917,2025-07-20,2302.76,2237.133812073051
TR-031918,2025-07-20,4528.71,4714.416088935594
TR-031919,2025-07-20,1138.71,1126.203582671283
TR-031920,2025-07-20,1675.33,1705.0095377740058
TR-031921,2025-07-20,2427.19,2555.734608778816
TR-031922,2025-07-20,4120.08,4394.68664068602
TR-031923,2025-07-20,1145.31,1151.6499370406746
TR-031924,2025-07-20,2378.18,2344.8226454662554
TR-031925,2025-07-20,585.54,569.27535894287
TR-031926,2025-07-20,1125.47,1135.3012791677988
TR-031927,2025-07-20,2818.39,2941.0878903238163
TR-031928,2025-07-20,799.82,785.2463546101009
TR-031929,2025-07-20,1877.2,1865.0712078624515
TR-031930,2025-07-20,676.94,689.3261394164975
TR-031931,2025-07-20,1981.19,2057.254485826944
TR-031932,2025-07-20,1438.94,1492.4507069691476
TR-031933,2025-07-20,1037.33,1003.4362454499247
TR-031934,2025-07-20,2548.7,2550.810328716925
TR-031935,2025-07-20,1039.63,1049.0881572317935
TR-031936,2025-07-20,3235.64,3125.0923966245773
TR-031937,2025-07-20,1129.75,1131.0962947132716
TR-031938,2025-07-20,2969.7,3089.1953825802902
TR-031939,2025-07-20,518.29,527.6286370784526
TR-031940,2025-07-20,2192.83,2232.954915038294
TR-031941,2025-07-20,3803.56,4034.609978983296
TR-031942,2025-07-20,2692.13,2617.299168199098
TR-031943,2025-07-20,4406.97,4818.9303066430675
TR-031944,2025-07-20,1455.31,1467.9825550957778
TR-031945,2025-07-20,1109.72,1102.8995400278568
TR-031946,2025-07-20,960.16,933.2291678099451
TR-031947,2025-07-20,1359.09,1378.9286082726599
TR-031948,2025-07-20,4620.0,4905.005317961063
TR-031949,2025-07-20,3727.62,3727.8202032731024
TR-031950,2025-07-20,4819.32,5017.219286344023
TR-031951,2025-07-20,2435.03,2566.4914095283516
TR-031952,2025-07-20,3910.33,3695.712677000693
TR-031953,2025-07-20,2505.79,2605.3243300923286
TR-031954,2025-07-20,3367.1,3501.0054526682716
TR-031955,2025-07-20,1917.44,1879.9301626574913
TR-031956,2025-07-20,1973.65,1963.797318614105
TR-031957,2025-07-20,981.06,997.1879686338891
TR-031958,2025-07-20,3632.59,3717.1438507564735
TR-031959,2025-07-20,1487.91,1447.6529290150195
TR-031960,2025-07-20,1472.86,1457.2313180845724
TR-031961,2025-07-20,553.64,540.7880552527874
TR-031962,2025-07-20,2825.47,2890.856501342601
TR-031963,2025-07-20,858.34,4767.924318680959
TR-031964,2025-07-20,3365.67,3518.909354029167
TR-031965,2025-07-20,4585.63,4820.303381494555
TR-031966,2025-07-20,1772.56,1757.689812067843
TR-031967,2025-07-20,2068.14,2049.387957028656
TR-031968,2025-07-20,1940.57,2006.7844956588915
TR-031969,2025-07-20,2602.55,2655.505960363745
TR-031970,2025-07-20,1803.76,1838.0108267657934
TR-031971,2025-07-20,1177.75,1166.126520504025
TR-031972,2025-07-20,1401.87,1357.0203387076976
TR-031973,2025-07-20,2415.19,2611.6048848562186
TR-031974,2025-07-20,3041.27,3190.7301865769173
TR-031975,2025-07-20,3765.98,3685.216429058536
TR-031976,2025-07-20,1912.88,1902.8335374573983
TR-031977,2025-07-20,652.88,592.147117614261
TR-031978,2025-07-20,1770.64,1744.6686614756975
TR-031979,2025-07-20,1034.67,1038.5201270753687
TR-031980,2025-07-20,617.18,622.9832204439143
TR-031981,2025-07-20,1052.3,1031.6157578046675
TR-031982,2025-07-20,3845.9,3890.1598870893868
TR-031983,2025-07-20,2462.15,2425.915686232713
TR-031984,2025-07-20,1831.7,1881.7404239021405
TR-031985,2025-07-20,1917.86,1860.3049319500383
TR-031986,2025-07-21,2328.27,2288.6163036562784
TR-031987,2025-07-21,1110.64,1121.6035192996387
TR-031988,2025-07-21,2368.89,2461.420209857571
TR-031989,2025-07-21,4058.51,4207.283429198623
TR-031990,2025-07-21,3300.43,3375.152522359087
TR-031991,2025-07-21,3866.32,4139.941887882181
TR-031992,2025-07-21,1347.15,1379.9180359389102
TR-031993,2025-07-21,1626.95,1581.1459016270596
TR-031994,2025-07-21,3353.12,3512.681674557261
TR-031995,2025-07-21,3867.57,3823.0790004950563
TR-031996,2025-07-21,2878.11,3005.553039349578
TR-031997,2025-07-21,1404.33,1410.029652091516
TR-031998,2025-07-21,831.36,814.9525629895094
TR-031999,2025-07-21,1768.56,1827.5860893974757
TR-032000,2025-07-21,1716.55,1724.5307933622273
TR-032001,2025-07-21,1977.25,1995.921869774694
TR-032002,2025-07-21,1175.04,1178.2092042597333
TR-032003,2025-07-21,3914.0,4260.702965348977
TR-032004,2025-07-21,418.34,415.548877491937
TR-032005,2025-07-21,1049.48,1034.0984124945337
TR-032006,2025-07-21,835.07,801.5394716544129
TR-032007,2025-07-21,586.26,597.7610309966336
TR-032008,2025-07-21,3225.33,3133.0305933683035
TR-032009,2025-07-21,1847.13,1815.3028242802736
TR-032010,2025-07-21,1503.47,1538.4743937444618
TR-032011,2025-07-21,1905.24,1900.490054938298
TR-032012,2025-07-21,2847.22,2793.6074045530927
TR-032013,2025-07-21,555.97,548.2979227432954
TR-032014,2025-07-21,2803.6,2788.0571692350586
TR-032015,2025-07-21,4701.91,4433.520479875327
TR-032016,2025-07-21,2446.87,2592.7176290709062
TR-032017,2025-07-21,4101.96,4042.6903645076595
TR-032018,2025-07-21,1716.17,1707.6532124322498
TR-032019,2025-07-21,1993.56,2050.9299669204893
TR-032020,2025-07-21,1442.66,1454.008632393515
TR-032021,2025-07-21,1722.55,1876.6763236323638
TR-032022,2025-07-21,2048.23,2090.618095709998
TR-032023,2025-07-21,4246.1,4373.287022228322
TR-032024,2025-07-21,3905.04,4131.540059179914
TR-032025,2025-07-21,4463.38,4784.437598339839
TR-032026,2025-07-21,905.22,896.78695582832
TR-032027,2025-07-21,4629.83,4844.705485188152
TR-032028,2025-07-21,1805.26,1727.9237898918786
TR-032029,2025-07-21,2038.28,1968.748005867619
TR-032030,2025-07-21,3954.69,4101.968893704365
TR-032031,2025-07-21,3152.33,3285.6429591207448
TR-032032,2025-07-21,1164.63,1166.5287770235523
TR-032033,2025-07-21,1487.98,1440.6738026342257
TR-032034,2025-07-21,2727.28,2670.194734861998
TR-032035,2025-07-21,351.4,359.791567807076
TR-032036,2025-07-21,2921.23,2920.298682990283
TR-032037,2025-07-21,5705.67,5894.303120993398
TR-032038,2025-07-21,3131.17,3278.650142211984
TR-032039,2025-07-21,4287.11,4582.988313791327
TR-032040,2025-07-21,4184.88,4424.232744716763
TR-032041,2025-07-21,1261.08,1248.4916842822577
TR-032042,2025-07-21,4821.73,4618.648646235072
TR-032043,2025-07-21,503.34,502.86375414281446
TR-032044,2025-07-21,3728.3,3883.8129531576305
TR-032045,2025-07-21,3470.76,3662.9538931728566
TR-032046,2025-07-21,4129.51,4228.828259902015
TR-032047,2025-07-21,2081.08,2089.056217487352
TR-032048,2025-07-21,5546.76,5612.505287234089
TR-032049,2025-07-21,3462.71,3586.6498828494555
TR-032050,2025-07-21,5517.76,5598.227394860133
TR-032051,2025-07-21,2361.95,2368.1323673300863
TR-032052,2025-07-21,2155.51,2099.800547322002
TR-032053,2025-07-21,1712.92,1670.07157797214
TR-032054,2025-07-21,4577.46,4949.724096836954
TR-032055,2025-07-21,1749.54,1864.633572032794
TR-032056,2025-07-21,1801.65,1914.523773796849
TR-032057,2025-07-21,558.05,551.8698102331894
TR-032058,2025-07-21,1631.51,1604.138671933324
TR-032059,2025-07-21,3587.67,3743.0049304220797
TR-032060,2025-07-21,1034.33,1023.8514442123702
TR-032061,2025-07-21,3827.23,3809.733315688098
TR-032062,2025-07-21,1046.53,1029.806142513655
TR-032063,2025-07-21,2001.45,1989.6661622027991
TR-032064,2025-07-21,4042.24,4070.847465228521
TR-032065,2025-07-21,1892.07,1842.9232032151453
TR-032066,2025-07-21,5202.24,5285.947799454177
TR-032067,2025-07-21,3387.64,3665.1557471127358
TR-032068,2025-07-21,4625.92,4732.052587315317
TR-032069,2025-07-21,320.74,334.27042698024644
TR-032070,2025-07-21,1399.66,1347.5890494599446
TR-032071,2025-07-21,1289.1,1242.0215452099749
TR-032072,2025-07-21,1350.0,1325.9276963842067
TR-032073,2025-07-21,2287.61,2301.227329340344
TR-032074,2025-07-21,3862.65,4053.464785946711
TR-032075,2025-07-21,2103.83,2183.6392779274865
TR-032076,2025-07-21,2285.81,2171.5944537072637
TR-032077,2025-07-21,3092.0,3186.522832356576
TR-032078,2025-07-21,767.15,758.0472594513211
TR-032079,2025-07-21,5072.27,4673.25925808628
TR-032080,2025-07-21,856.74,846.8269242724626
TR-032081,2025-07-21,4237.97,4500.74609389211
TR-032082,2025-07-21,2410.14,2390.0001732944534
TR-032083,2025-07-21,2229.86,2284.590811965123
TR-032084,2025-07-21,1956.53,1973.3925148203805
TR-032085,2025-07-21,7417.99,2512.8672407762915
TR-032086,2025-07-21,459.81,454.2666023862425
TR-032087,2025-07-21,1847.9,1838.273196599171
TR-032088,2025-07-21,2235.24,2230.7975702896565
TR-032089,2025-07-21,969.68,966.09479469776
TR-032090,2025-07-21,2248.32,2140.0874661347066
TR-032091,2025-07-21,1500.0,1471.9976066973222
TR-032092,2025-07-21,1115.5,1132.2849489229995
TR-032093,2025-07-21,2015.42,2091.6274961439913
TR-032094,2025-07-21,924.31,916.6833904041649
TR-032095,2025-07-21,2370.21,2436.329268622141
TR-032096,2025-07-21,1139.35,1098.1902800912121
TR-032097,2025-07-21,3261.6,3237.4736931899383
TR-032098,2025-07-21,1776.72,1736.4944239463048
TR-032099,2025-07-21,4499.82,4648.127134970603
TR-032100,2025-07-21,1709.75,1800.7195521963986
TR-032101,2025-07-21,1074.33,1082.8831993546194
TR-032102,2025-07-21,709.4,685.0206458127295
TR-032103,2025-07-21,885.53,859.4478164715941
TR-032104,2025-07-21,686.28,677.5307775720028
TR-032105,2025-07-21,2235.1,2161.754411724389
TR-032106,2025-07-21,5060.17,5194.500566086145
TR-032107,2025-07-21,983.41,968.5484110869432
TR-032108,2025-07-21,1868.55,1882.3612322516485
TR-032109,2025-07-21,1961.33,2093.5359161983183
TR-032110,2025-07-21,1551.94,1524.6388291458231
TR-032111,2025-07-21,952.89,930.9996015655096
TR-032112,2025-07-21,3602.63,3817.1921248676513
TR-032113,2025-07-21,3163.37,3184.2169088734227
TR-032114,2025-07-21,1529.24,1563.6122136598583
TR-032115,2025-07-21,1327.91,1317.3732561206643
TR-032116,2025-07-21,1906.13,1907.4109502806634
TR-032117,2025-07-21,1280.25,1210.0546915277832
TR-032118,2025-07-21,4603.74,4895.209028065697
TR-032119,2025-07-21,2365.91,2435.6174177759217
TR-032120,2025-07-21,1894.4,1991.6569648892444
TR-032121,2025-07-21,1433.69,1415.7874112012842
TR-032122,2025-07-21,2689.69,2801.21594387887
TR-032123,2025-07-21,1417.36,1401.906394404947
TR-032124,2025-07-21,4813.4,4949.77776431465
TR-032125,2025-07-21,2553.37,2638.3381238774737
TR-032126,2025-07-21,2376.58,2436.4777300694786
TR-032127,2025-07-21,1913.57,1883.9114028451243
TR-032128,2025-07-21,3514.03,3596.0109799007814
TR-032129,2025-07-21,4215.05,4385.809569085033
TR-032130,2025-07-21,451.41,455.8025343042384
TR-032131,2025-07-22,3118.81,3114.350287223493
TR-032132,2025-07-22,1935.36,1961.2011643538685
TR-032133,2025-07-22,545.29,548.7430431997313
TR-032134,2025-07-22,975.02,970.2711408667142
TR-032135,2025-07-22,2954.5,3009.315762531474
TR-032136,2025-07-22,3726.02,3529.1362246079975
TR-032137,2025-07-22,599.98,608.8741558258329
TR-032138,2025-07-22,3386.87,3334.918779359562
TR-032139,2025-07-22,1072.0,1027.1985609541457
TR-032140,2025-07-22,4130.11,4392.750871208201
TR-032141,2025-07-22,1830.93,1786.1244288511396
TR-032142,2025-07-22,907.2,891.1731902125084
TR-032143,2025-07-22,2578.18,2633.6450094626757
TR-032144,2025-07-22,2537.47,2607.950398991601
TR-032145,2025-07-22,2058.72,2082.3440154362584
TR-032146,2025-07-22,762.05,748.4026884084485
TR-032147,2025-07-22,1695.49,1687.9563507563469
TR-032148,2025-07-22,1345.77,1374.0093461116594
TR-032149,2025-07-22,1950.66,1991.421993817967
TR-032150,2025-07-22,2248.05,2279.209908910077
TR-032151,2025-07-22,2760.2,2828.201184743269
TR-032152,2025-07-22,958.75,936.7666053809069
TR-032153,2025-07-22,4250.1,4545.579303459109
TR-032154,2025-07-22,933.83,927.4375100701576
TR-032155,2025-07-22,2040.02,2043.7664863695181
TR-032156,2025-07-22,3804.83,3891.4780714672183
TR-032157,2025-07-22,4985.24,4949.638304454318
TR-032158,2025-07-22,6077.29,6061.630228633542
TR-032159,2025-07-22,5289.24,5722.326688976674
TR-032160,2025-07-22,3601.12,3677.4826453580395
TR-032161,2025-07-22,1601.13,1606.92072322168
TR-032162,2025-07-22,3768.69,3774.1261808441077
TR-032163,2025-07-22,1040.61,1064.1679588750158
TR-032164,2025-07-22,2315.06,2335.389962795594
TR-032165,2025-07-22,1729.03,1731.7928239862033
TR-032166,2025-07-22,1587.97,1575.7808580246083
TR-032167,2025-07-22,2179.79,2097.392782732617
TR-032168,2025-07-22,3160.11,3237.1838462407695
TR-032169,2025-07-22,379.37,369.7165609980018
TR-032170,2025-07-22,1550.55,1553.1092069792985
TR-032171,2025-07-22,819.75,823.6372551312328
TR-032172,2025-07-22,547.2,553.8770804624636
TR-032173,2025-07-22,2139.39,2148.929468488797
TR-032174,2025-07-22,1483.72,1469.3606347717641
TR-032175,2025-07-22,4369.5,4552.951526793064
TR-032176,2025-07-22,697.86,703.228124962942
TR-032177,2025-07-22,1336.26,1357.2595828858753
TR-032178,2025-07-22,4044.58,4166.119728811029
TR-032179,2025-07-22,1350.4,1237.0189506540978
TR-032180,2025-07-22,1939.01,1954.2280665357864
TR-032181,2025-07-22,4618.69,4696.130914247998
TR-032182,2025-07-22,3610.1,3808.6527360134583
TR-032183,2025-07-22,4162.31,4533.218058795943
TR-032184,2025-07-22,403.54,404.9451388555886
TR-032185,2025-07-22,802.6,806.8787503829113
TR-032186,2025-07-22,5653.26,5608.300977179925
TR-032187,2025-07-22,3739.79,3479.3300089229538
TR-032188,2025-07-22,1498.09,1464.8741551990054
TR-032189,2025-07-22,1645.67,1651.6896429917251
TR-032190,2025-07-22,5204.97,5273.64722635885
TR-032191,2025-07-22,1372.03,1356.7900887703165
TR-032192,2025-07-22,2413.94,2282.554697633639
TR-032193,2025-07-22,2088.38,2154.4804126180015
TR-032194,2025-07-22,4143.74,4468.557054009757
TR-032195,2025-07-22,2194.97,2347.588789067717
TR-032196,2025-07-22,1547.72,1513.29214308863
TR-032197,2025-07-22,3721.19,3921.8584246154232
TR-032198,2025-07-22,2500.87,2422.5690022678955
TR-032199,2025-07-22,2449.62,2429.1879458534445
TR-032200,2025-07-22,4204.43,4310.045110367964
TR-032201,2025-07-22,1002.41,1012.2981510707561
TR-032202,2025-07-22,2846.43,3026.9571265912864
TR-032203,2025-07-22,1425.2,1438.9077960757643
TR-032204,2025-07-22,3292.5,3139.417623216501
TR-032205,2025-07-22,863.79,855.7928089166817
TR-032206,2025-07-22,799.03,777.6535675352543
TR-032207,2025-07-22,4082.26,4129.935722890737
TR-032208,2025-07-22,2975.7,2673.5131724856665
TR-032209,2025-07-22,4751.34,4682.449073430872
TR-032210,2025-07-22,1640.31,1648.5243293193112
TR-032211,2025-07-22,1646.27,1641.4544693682524
TR-032212,2025-07-22,1694.58,1720.1814746037223
TR-032213,2025-07-22,662.69,660.1652812378575
TR-032214,2025-07-22,1920.01,1915.8695618203496
TR-032215,2025-07-22,1436.72,1412.0656753813034
TR-032216,2025-07-22,2195.04,2239.3719909157876
TR-032217,2025-07-22,1759.09,1765.67479732463
TR-032218,2025-07-22,4332.02,4326.662898748853
TR-032219,2025-07-22,3950.97,3707.654687440487
TR-032220,2025-07-22,1857.64,1846.628785978573
TR-032221,2025-07-22,2896.25,3018.178386414759
TR-032222,2025-07-22,2808.01,2640.383527193883
TR-032223,2025-07-22,4244.92,4105.446668770329
TR-032224,2025-07-22,1572.08,1555.2067305074536
TR-032225,2025-07-22,1218.33,1172.9915322442766
TR-032226,2025-07-22,801.89,802.6977287353279
TR-032227,2025-07-22,577.9,586.9518326899555
TR-032228,2025-07-22,2267.57,2304.1683900568005
TR-032229,2025-07-22,2431.16,2567.079891519812
TR-032230,2025-07-22,3877.98,4191.393537607231
TR-032231,2025-07-22,1072.61,1076.402299816423
TR-032232,2025-07-22,576.02,567.8823291989777
TR-032233,2025-07-22,1057.9,1019.0942154419314
TR-032234,2025-07-22,5197.75,5324.643037672847
TR-032235,2025-07-22,2152.78,2126.9949312146055
TR-032236,2025-07-22,5627.38,5677.823560771738
TR-032237,2025-07-22,3851.85,4015.719095998461
TR-032238,2025-07-22,3599.05,3627.980292937528
TR-032239,2025-07-22,3328.52,3230.621720512975
TR-032240,2025-07-22,2268.51,2283.67796121746
TR-032241,2025-07-22,1352.14,1344.1562552563908
TR-032242,2025-07-22,2544.38,2449.1637285900315
TR-032243,2025-07-22,607.16,594.879459948889
TR-032244,2025-07-22,1899.21,1861.5454810846104
TR-032245,2025-07-22,3630.98,3948.6989913566927
TR-032246,2025-07-22,3215.1,3417.2240002897206
TR-032247,2025-07-22,1594.6,1613.3745308778982
TR-032248,2025-07-22,348.25,289.3419722361525
TR-032249,2025-07-22,2358.73,2376.0111771872894
TR-032250,2025-07-22,3232.74,3179.3172753313456
TR-032251,2025-07-22,3132.15,3110.473482965217
TR-032252,2025-07-22,1384.72,1360.101334764951
TR-032253,2025-07-22,2263.66,2201.198821887677
TR-032254,2025-07-22,1979.75,1910.2148002219508
TR-032255,2025-07-22,971.38,985.4409960278713
TR-032256,2025-07-22,1379.89,1349.0507351073777
TR-032257,2025-07-22,951.13,940.5595266621125
TR-032258,2025-07-22,4151.26,4491.944364812041
TR-032259,2025-07-22,758.05,758.9984394935428
TR-032260,2025-07-22,5179.03,5293.369660802235
TR-032261,2025-07-22,1550.64,1549.8505421708203
TR-032262,2025-07-22,1950.01,1928.6538923532528
TR-032263,2025-07-22,5594.86,5604.94227163655
TR-032264,2025-07-22,4365.27,4212.054777513232
TR-032265,2025-07-22,1199.71,1168.99249917046
TR-032266,2025-07-22,961.48,967.4479535397807
TR-032267,2025-07-22,5095.64,4909.103839939266
TR-032268,2025-07-22,1065.82,1088.4778490276483
TR-032269,2025-07-22,1159.73,1171.1788892895254
TR-032270,2025-07-22,756.9,754.6327899196693
TR-032271,2025-07-23,2551.45,2482.6686614209902
TR-032272,2025-07-23,4423.19,4796.559929226257
TR-032273,2025-07-23,1518.14,1507.2935406186677
TR-032274,2025-07-23,2820.85,2756.785504255562
TR-032275,2025-07-23,5244.46,5333.719565452411
TR-032276,2025-07-23,591.14,574.8470833484832
TR-032277,2025-07-23,3201.63,3332.9041557004566
TR-032278,2025-07-23,2762.55,2717.828155613562
TR-032279,2025-07-23,2450.15,2405.700782371307
TR-032280,2025-07-23,4264.95,4214.774489968907
TR-032281,2025-07-23,2569.18,2518.841381888334
TR-032282,2025-07-23,4339.24,4364.655446047215
TR-032283,2025-07-23,4298.71,4617.026294380396
TR-032284,2025-07-23,494.28,487.904303275189
TR-032285,2025-07-23,1998.7,2057.6177841327185
TR-032286,2025-07-23,4520.49,4418.363875557222
TR-032287,2025-07-23,3505.59,3699.3351710105867
TR-032288,2025-07-23,3573.57,3583.1093046950105
TR-032289,2025-07-23,1572.68,1565.7048652621274
TR-032290,2025-07-23,2216.12,2134.5036706737246
TR-032291,2025-07-23,3213.67,3284.231734520158
TR-032292,2025-07-23,1975.71,1960.3526589568726
TR-032293,2025-07-23,1705.82,1669.78829846045
TR-032294,2025-07-23,3222.1,3137.0973294539804
TR-032295,2025-07-23,1948.42,1920.7124048323687
TR-032296,2025-07-23,1970.19,1967.953922761272
TR-032297,2025-07-23,2272.78,2319.2567590796357
TR-032298,2025-07-23,271.64,265.8745862595758
TR-032299,2025-07-23,4917.21,5183.711837389353
TR-032300,2025-07-23,2416.6,2388.181781662817
TR-032301,2025-07-23,948.27,941.1204834439334
TR-032302,2025-07-23,1677.09,1643.6554433347392
TR-032303,2025-07-23,5802.22,5797.287522859904
TR-032304,2025-07-23,964.02,956.1416312487252
TR-032305,2025-07-23,294.25,290.54535041592635
TR-032306,2025-07-23,2376.23,2453.610794445187
TR-032307,2025-07-23,1584.27,1556.8659122194108
TR-032308,2025-07-23,2142.64,2071.1811834370687
TR-032309,2025-07-23,1183.85,1179.152520017776
TR-032310,2025-07-23,5756.91,5699.703668971339
TR-032311,2025-07-23,1880.81,1891.64382331467
TR-032312,2025-07-23,4509.27,4375.876728104859
TR-032313,2025-07-23,909.91,910.0550893241074
TR-032314,2025-07-23,2479.9,2567.3080238468924
TR-032315,2025-07-23,2040.08,2039.3106319373082
TR-032316,2025-07-23,2972.14,2805.02422514007
TR-032317,2025-07-23,1159.27,1167.1581021954228
TR-032318,2025-07-23,3892.85,4082.414857039042
TR-032319,2025-07-23,837.13,848.5380707561017
TR-032320,2025-07-23,4539.41,4528.344002524565
TR-032321,2025-07-23,5793.1,5596.279926840699
TR-032322,2025-07-23,2052.62,2044.7568916845107
TR-032323,2025-07-23,1024.98,996.9643210065768
TR-032324,2025-07-23,2310.4,2295.3346460528546
TR-032325,2025-07-23,4962.1,4577.945185184051
TR-032326,2025-07-23,3903.22,3982.37758135222
TR-032327,2025-07-23,1965.2,1934.9291145926547
TR-032328,2025-07-23,4080.74,4000.5044921974854
TR-032329,2025-07-23,3900.3,4006.256536461556
TR-032330,2025-07-23,1969.08,1956.6923931860554
TR-032331,2025-07-23,1715.4,1654.0427709209064
TR-032332,2025-07-23,2819.81,2874.5042542663928
TR-032333,2025-07-23,1465.62,1482.0487013016098
TR-032334,2025-07-23,594.29,600.2977728245827
TR-032335,2025-07-23,3855.52,3845.2896111460745
TR-032336,2025-07-23,1227.04,1206.1351274599615
TR-032337,2025-07-23,2314.21,2286.00714859959
TR-032338,2025-07-23,1552.87,1559.3298852052776
TR-032339,2025-07-23,1645.22,1678.263822198962
TR-032340,2025-07-23,2526.91,2520.1656207262054
TR-032341,2025-07-23,4200.86,4463.577776100637
TR-032342,2025-07-23,2074.58,1979.3044771323575
TR-032343,2025-07-23,5093.85,4972.3420856916055
TR-032344,2025-07-23,2123.14,2095.2366217721506
TR-032345,2025-07-23,1525.94,1471.71823521719
TR-032346,2025-07-23,4081.96,4185.404555565902
TR-032347,2025-07-23,653.21,659.4897403708214
TR-032348,2025-07-23,2990.39,2852.75407822991
TR-032349,2025-07-23,1411.48,1396.1733839024985
TR-032350,2025-07-23,1990.08,1968.3494877972403
TR-032351,2025-07-23,5230.66,5237.901635041908
TR-032352,2025-07-23,757.61,752.957775394243
TR-032353,2025-07-23,16951.43,4163.815155408367
TR-032354,2025-07-23,661.41,662.681610724958
TR-032355,2025-07-23,1247.3,1202.5417474774208
TR-032356,2025-07-23,766.12,769.8872342425834
TR-032357,2025-07-23,3723.41,3898.5757302892075
TR-032358,2025-07-23,2879.31,2859.7547676794334
TR-032359,2025-07-23,825.71,817.5563919277056
TR-032360,2025-07-23,1071.84,1066.5448395679014
TR-032361,2025-07-23,2197.55,2152.949074276413
TR-032362,2025-07-23,1295.01,1289.6786269188608
TR-032363,2025-07-23,2612.3,2565.2474598731574
TR-032364,2025-07-23,1459.36,1363.622324827996
TR-032365,2025-07-23,6156.47,5705.465117637219
TR-032366,2025-07-23,445.58,420.9832282114641
TR-032367,2025-07-23,1402.62,1406.6089349438012
TR-032368,2025-07-23,1229.28,1228.7221035134053
TR-032369,2025-07-23,1226.8,1205.2200393027715
TR-032370,2025-07-23,1394.95,1421.5617756636143
TR-032371,2025-07-23,3028.58,3206.4779641982004
TR-032372,2025-07-23,1208.01,1210.1819496517753
TR-032373,2025-07-23,2539.04,2488.2486793490234
TR-032374,2025-07-23,4534.55,4425.494632456891
TR-032375,2025-07-23,4246.43,3943.7636666722324
TR-032376,2025-07-23,3573.99,3730.4179448763844
TR-032377,2025-07-23,2879.9,2852.891564462412
TR-032378,2025-07-23,1452.88,1432.2011271737288
TR-032379,2025-07-23,5801.05,5678.933702247808
TR-032380,2025-07-23,4300.79,4071.180817302034
TR-032381,2025-07-23,3990.99,4365.792583286411
TR-032382,2025-07-23,2104.29,2076.166338666745
TR-032383,2025-07-23,2641.73,2618.06876367473
TR-032384,2025-07-23,3002.52,3106.819677842539
TR-032385,2025-07-23,5203.78,5228.053344414967
TR-032386,2025-07-23,770.1,767.3189878693514
TR-032387,2025-07-23,4699.02,4716.334100102166
TR-032388,2025-07-23,3381.92,3312.4360474909054
TR-032389,2025-07-23,615.99,600.4699690925544
TR-032390,2025-07-23,734.71,729.8209486275227
TR-032391,2025-07-23,1173.3,1144.1541099971016
TR-032392,2025-07-23,825.08,804.3049265386886
TR-032393,2025-07-23,4811.72,5012.643164178708
TR-032394,2025-07-23,1166.91,1166.2252901041813
TR-032395,2025-07-23,2568.09,2480.874414008481
TR-032396,2025-07-23,1862.24,1869.0113239372092
TR-032397,2025-07-23,2186.85,2111.1777760680293
TR-032398,2025-07-23,704.37,700.4696552714784
TR-032399,2025-07-23,1516.32,1496.9705107454636
TR-032400,2025-07-23,4959.87,5303.361168089173
TR-032401,2025-07-23,4021.57,4225.305618971292
TR-032402,2025-07-23,1092.07,1108.218114121159
TR-032403,2025-07-23,3392.97,3175.545296047767
TR-032404,2025-07-23,1839.94,1830.5677919625775
TR-032405,2025-07-23,5974.22,5829.685107406192
TR-032406,2025-07-23,5734.76,5875.838327266337
TR-032407,2025-07-23,2716.73,2660.1442447457075
TR-032408,2025-07-23,1571.49,1567.3595636973146
TR-032409,2025-07-23,1691.71,1697.7568813924645
TR-032410,2025-07-23,3185.68,3075.9968697040267
TR-032411,2025-07-23,3428.36,3148.2801991105125
TR-032412,2025-07-23,1172.56,1132.9793013131562
TR-032413,2025-07-23,995.08,980.132304797895
TR-032414,2025-07-23,1023.88,1025.8716712529217
TR-032415,2025-07-23,1902.8,1917.464382864833
TR-032416,2025-07-23,1262.54,1242.3760122342971
TR-032417,2025-07-23,2179.03,2230.315747313886
TR-032418,2025-07-23,3198.89,3033.503202403005
TR-032419,2025-07-23,464.13,434.489842808861
TR-032420,2025-07-23,487.04,456.8776877025838
TR-032421,2025-07-23,2079.76,2062.4573851509826
TR-032422,2025-07-23,4234.79,4511.732366991549
TR-032423,2025-07-23,4382.86,4302.614493571828
TR-032424,2025-07-23,872.21,874.1749646995107
TR-032425,2025-07-23,2126.09,2190.379429850297
TR-032426,2025-07-23,3943.11,3820.217660298193
TR-032427,2025-07-23,1437.0,1447.7401523401436
TR-032428,2025-07-23,1054.0,1061.641290898833
TR-032429,2025-07-23,4132.74,4249.558674952297
TR-032430,2025-07-23,3099.06,3274.925485036498
TR-032431,2025-07-23,1428.2,1419.4464188219479
TR-032432,2025-07-23,2139.58,2137.189982626724
TR-032433,2025-07-23,369.61,352.500271246767
TR-032434,2025-07-23,3737.41,3864.3428005429073
TR-032435,2025-07-23,1514.15,1470.8951894102154
TR-032436,2025-07-23,1769.18,1762.8472533824777
TR-032437,2025-07-23,2074.38,2087.99206771882
TR-032438,2025-07-23,3045.77,2930.7089455928704
TR-032439,2025-07-24,2127.16,2081.7642924955285
TR-032440,2025-07-24,4494.97,4300.719648462283
TR-032441,2025-07-24,3182.95,3097.7086305688063
TR-032442,2025-07-24,2346.29,2353.7836179709816
TR-032443,2025-07-24,4403.7,4620.193154608832
TR-032444,2025-07-24,2979.92,3083.413933331729
TR-032445,2025-07-24,1835.08,1846.8603263032496
TR-032446,2025-07-24,5960.77,6055.064595629338
TR-032447,2025-07-24,1425.84,1406.848838442294
TR-032448,2025-07-24,5351.48,5463.916782379731
TR-032449,2025-07-24,1527.46,1519.9409969194974
TR-032450,2025-07-24,3685.65,3675.023560049813
TR-032451,2025-07-24,874.49,882.3018964631354
TR-032452,2025-07-24,2144.08,2124.7811312020413
TR-032453,2025-07-24,2083.57,2100.951151397644
TR-032454,2025-07-24,310.54,299.41318184054825
TR-032455,2025-07-24,1152.24,1165.6979756304959
TR-032456,2025-07-24,4657.66,4319.462260836492
TR-032457,2025-07-24,2637.28,2647.884703738846
TR-032458,2025-07-24,2002.5,1988.584328162791
TR-032459,2025-07-24,604.62,579.9952372743423
TR-032460,2025-07-24,12550.02,2952.134946762322
TR-032461,2025-07-24,1660.36,1669.8982070427894
TR-032462,2025-07-24,1124.76,1109.0411898527634
TR-032463,2025-07-24,651.26,663.058847011012
TR-032464,2025-07-24,2948.5,3025.376753436405
TR-032465,2025-07-24,1707.29,1686.8153998492849
TR-032466,2025-07-24,2494.43,2506.9008275784745
TR-032467,2025-07-24,2895.51,2776.9648969245677
TR-032468,2025-07-24,2723.09,2512.998413206441
TR-032469,2025-07-24,1473.54,1468.0891373340457
TR-032470,2025-07-24,1805.51,1764.610352672681
TR-032471,2025-07-24,2000.32,1983.7427619952427
TR-032472,2025-07-24,3053.32,3248.898293942691
TR-032473,2025-07-24,1189.82,1189.7936005934837
TR-032474,2025-07-24,1729.8,1716.6935684264438
TR-032475,2025-07-24,3740.2,3555.4825957400576
TR-032476,2025-07-24,3073.93,2843.815552513829
TR-032477,2025-07-24,3645.93,3757.7884369326007
TR-032478,2025-07-24,2568.3,2451.672411185589
TR-032479,2025-07-24,1017.35,1010.9647805810645
TR-032480,2025-07-24,1268.66,1221.4875110616313
TR-032481,2025-07-24,2482.63,2611.1645700760973
TR-032482,2025-07-24,3207.04,3033.7148003813263
TR-032483,2025-07-24,2133.42,2094.9960668098784
TR-032484,2025-07-24,4191.34,4038.4790027464114
TR-032485,2025-07-24,2770.5,2822.2540400006637
TR-032486,2025-07-24,1232.54,1244.8792751617912
TR-032487,2025-07-24,3754.36,3897.5445974196973
TR-032488,2025-07-24,1310.4,1279.2404612309658
TR-032489,2025-07-24,1812.49,1794.040268495549
TR-032490,2025-07-24,5120.97,4979.890340889842
TR-032491,2025-07-24,3321.14,3498.102815032823
TR-032492,2025-07-24,4196.33,4292.909934442653
TR-032493,2025-07-24,1799.18,1799.1551524962201
TR-032494,2025-07-24,456.27,441.65568642031576
TR-032495,2025-07-24,3751.68,3590.6280689325986
TR-032496,2025-07-24,4110.84,4311.0666823288975
TR-032497,2025-07-24,3636.56,3784.7919311186397
TR-032498,2025-07-24,3048.31,2709.534525721754
TR-032499,2025-07-24,662.45,661.1524583899652
TR-032500,2025-07-24,4419.14,4341.465404222946
TR-032501,2025-07-24,1490.35,1526.0720592418725
TR-032502,2025-07-24,1814.53,1802.671269416936
TR-032503,2025-07-24,5221.67,5274.645222491255
TR-032504,2025-07-24,2948.5,2891.328626936507
TR-032505,2025-07-24,764.29,761.1539713703762
TR-032506,2025-07-24,3077.99,2887.0235381743996
TR-032507,2025-07-24,1803.91,1818.8208462202685
TR-032508,2025-07-24,4336.99,4518.552555009908
TR-032509,2025-07-24,2761.56,2634.930105809059
TR-032510,2025-07-24,4565.08,4984.052329097115
TR-032511,2025-07-24,268.39,280.43709340539414
TR-032512,2025-07-24,2167.62,2136.188784270649
TR-032513,2025-07-24,941.27,924.405213196748
TR-032514,2025-07-24,3646.94,3633.737167974865
TR-032515,2025-07-24,5954.96,5909.249789459723
TR-032516,2025-07-24,1514.63,1502.4375828703407
TR-032517,2025-07-24,4931.44,5210.935757795017
TR-032518,2025-07-24,4963.66,5294.273469092241
TR-032519,2025-07-24,1650.5,1623.5332687264797
TR-032520,2025-07-24,2075.93,2055.792323086488
TR-032521,2025-07-24,774.84,765.7784742543525
TR-032522,2025-07-24,1492.0,1484.4766637289092
TR-032523,2025-07-24,5708.78,5655.213610546256
TR-032524,2025-07-24,2659.09,2602.0435356266958
TR-032525,2025-07-24,2102.06,2087.370344061986
TR-032526,2025-07-24,1639.47,1660.9448673611264
TR-032527,2025-07-24,4386.8,4391.706283661487
TR-032528,2025-07-24,2124.86,2109.133552376485
TR-032529,2025-07-24,2300.5,2279.0626482617004
TR-032530,2025-07-24,1517.3,1516.5241689736492
TR-032531,2025-07-24,3444.56,3320.122564202469
TR-032532,2025-07-24,1306.02,1286.7263572309855
TR-032533,2025-07-24,5956.93,5685.24052840698
TR-032534,2025-07-24,5208.75,4905.1214904991175
TR-032535,2025-07-24,2733.7,2877.739107603506
TR-032536,2025-07-24,2151.37,2116.0628370453232
TR-032537,2025-07-24,1356.66,1334.7156409466872
TR-032538,2025-07-24,2140.0,2142.4858709245623
TR-032539,2025-07-24,1055.48,1076.2671752566364
TR-032540,2025-07-24,1773.15,1767.5873156568655
TR-032541,2025-07-24,5224.07,5362.047993152453
TR-032542,2025-07-24,5636.47,5517.138793570714
TR-032543,2025-07-24,1406.38,1414.2572999372483
TR-032544,2025-07-24,2039.67,2041.4661999027105
TR-032545,2025-07-24,4524.37,4327.9802584861745
TR-032546,2025-07-24,1832.07,1794.375804026001
TR-032547,2025-07-24,2999.1,3193.0932537743706
TR-032548,2025-07-24,2132.38,2093.728906883306
TR-032549,2025-07-24,2949.87,2940.534903298823
TR-032550,2025-07-24,4609.86,4744.328465513576
TR-032551,2025-07-24,1893.54,1891.9294770161714
TR-032552,2025-07-24,4527.05,4286.435509991084
TR-032553,2025-07-24,3964.68,3744.9961282341433
TR-032554,2025-07-24,2767.44,2844.4303144711944
TR-032555,2025-07-24,2332.55,2247.3359839533896
TR-032556,2025-07-24,3116.64,3241.600860159944
TR-032557,2025-07-24,5736.22,5739.297525393393
TR-032558,2025-07-24,1019.26,1005.7219294884494
TR-032559,2025-07-24,2152.39,2310.7114399453567
TR-032560,2025-07-24,894.51,899.4264972753268
TR-032561,2025-07-24,1893.8,1871.2888097570512
TR-032562,2025-07-24,3678.62,3789.6734686716104
TR-032563,2025-07-24,2087.84,2047.810973197995
TR-032564,2025-07-24,2900.38,2994.744155724251
TR-032565,2025-07-24,1271.78,1298.4989228672698
TR-032566,2025-07-24,2003.15,1969.3939270616584
TR-032567,2025-07-24,4843.0,5061.043290938954
TR-032568,2025-07-24,2015.2,1947.5758878446343
TR-032569,2025-07-24,1417.95,1419.7484009067427
TR-032570,2025-07-24,1537.72,1542.8927262164996
TR-032571,2025-07-24,1629.41,1648.8665865554385
TR-032572,2025-07-24,4952.66,5108.39098244339
TR-032573,2025-07-24,2887.1,2722.15704123183
TR-032574,2025-07-24,2255.31,2239.9988469473124
TR-032575,2025-07-24,1071.54,1073.2172002096218
TR-032576,2025-07-24,4162.33,4384.525541066466
TR-032577,2025-07-24,3061.87,3016.789883798344
TR-032578,2025-07-24,1106.35,1107.130804612079
TR-032579,2025-07-24,2447.95,2609.1082411705534
TR-032580,2025-07-24,252.03,1123.7598189516473
TR-032581,2025-07-24,603.69,589.0087777535309
TR-032582,2025-07-24,1803.83,1753.2830809703419
TR-032583,2025-07-24,848.87,851.6654640789989
TR-032584,2025-07-24,5154.94,5386.326254668998
TR-032585,2025-07-24,1786.59,1781.624194740774
TR-032586,2025-07-24,1297.55,1261.105849080216
TR-032587,2025-07-24,2106.93,2049.281079306223
TR-032588,2025-07-24,808.63,823.3806946899649
TR-032589,2025-07-24,2469.34,2454.275645730506
TR-032590,2025-07-24,2510.09,2413.6994089457266
TR-032591,2025-07-24,1993.05,2093.9708359461215
TR-032592,2025-07-24,2172.77,2330.523945241246
TR-032593,2025-07-24,960.83,958.9030984900286
TR-032594,2025-07-24,5880.07,5861.931313572262
TR-032595,2025-07-24,3079.08,3268.264847769355
TR-032596,2025-07-24,715.77,627.9460925701852
TR-032597,2025-07-24,3883.12,3695.7480953272443
TR-032598,2025-07-24,1198.31,1174.0872800593834
TR-032599,2025-07-24,4402.47,4341.551910179909
TR-032600,2025-07-24,1244.54,1201.6589438224948
TR-032601,2025-07-25,1795.6,1819.75923432324
TR-032602,2025-07-25,3985.09,3871.8453948363067
TR-032603,2025-07-25,1831.44,1867.3884249149687
TR-032604,2025-07-25,1814.73,1930.683331324966
TR-032605,2025-07-25,5060.6,5486.88957391816
TR-032606,2025-07-25,1159.69,1155.1776824107815
TR-032607,2025-07-25,776.49,754.8403774138758
TR-032608,2025-07-25,1345.49,1395.2455196455708
TR-032609,2025-07-25,2391.1,2590.3320677619663
TR-032610,2025-07-25,640.86,618.5008935147602
TR-032611,2025-07-25,1003.51,1008.9764356567701
TR-032612,2025-07-25,2223.64,2240.035912373982
TR-032613,2025-07-25,1483.36,1588.8205502455226
TR-032614,2025-07-25,1013.01,1005.8448411614411
TR-032615,2025-07-25,1268.49,1248.954202693595
TR-032616,2025-07-25,1603.79,1586.5732009236096
TR-032617,2025-07-25,1920.16,2112.879528505617
TR-032618,2025-07-25,3219.74,3111.370935640289
TR-032619,2025-07-25,1515.31,1487.140850415982
TR-032620,2025-07-25,2086.34,2289.388791601422
TR-032621,2025-07-25,1453.48,1412.598624356688
TR-032622,2025-07-25,1631.89,1717.164522215175
TR-032623,2025-07-25,1844.26,1874.933208872348
TR-032624,2025-07-25,1591.32,1613.3940917656294
TR-032625,2025-07-25,1380.67,1388.1547587726104
TR-032626,2025-07-25,3180.61,3377.9287349765573
TR-032627,2025-07-25,1272.59,1243.135921899249
TR-032628,2025-07-25,559.05,562.6291592025011
TR-032629,2025-07-25,4374.65,4526.391744652816
TR-032630,2025-07-25,1269.2,1246.3419159712619
TR-032631,2025-07-25,1840.76,1821.2374740038674
TR-032632,2025-07-25,937.61,899.6688831089482
TR-032633,2025-07-25,822.73,833.4565323707233
TR-032634,2025-07-25,3858.21,4314.145745296087
TR-032635,2025-07-25,4051.75,4257.125768909462
TR-032636,2025-07-25,1826.04,2035.5159153577897
TR-032637,2025-07-25,1869.29,1909.9879910901611
TR-032638,2025-07-25,3347.59,3421.222629678167
TR-032639,2025-07-25,2653.19,2560.8396013258853
TR-032640,2025-07-25,720.47,691.9041965940435
TR-032641,2025-07-25,2766.8,2932.8655978497845
TR-032642,2025-07-25,2385.54,2530.4411034940335
TR-032643,2025-07-25,1155.79,1151.123638470164
TR-032644,2025-07-25,2351.78,2340.685182161575
TR-032645,2025-07-25,1705.03,1799.3949748430116
TR-032646,2025-07-25,1615.16,1592.974387149411
TR-032647,2025-07-25,4232.78,4493.611609133539
TR-032648,2025-07-25,768.26,774.3400692721582
TR-032649,2025-07-25,2339.92,2250.641531459687
TR-032650,2025-07-25,3526.8,3843.4389094508338
TR-032651,2025-07-25,1780.57,1786.1454429812368
TR-032652,2025-07-25,3484.76,3431.9475170376154
TR-032653,2025-07-25,1924.84,1919.7747080377567
TR-032654,2025-07-25,1711.68,1843.2070127630996
TR-032655,2025-07-25,790.18,795.2189275128375
TR-032656,2025-07-25,1802.55,1857.391465764249
TR-032657,2025-07-25,1675.31,1684.0978167771896
TR-032658,2025-07-25,1490.02,1507.18754351246
TR-032659,2025-07-25,3944.08,4052.7683644290587
TR-032660,2025-07-25,3416.38,3489.2217080522405
TR-032661,2025-07-25,3111.53,2853.709754987092
TR-032662,2025-07-25,2159.84,2090.5434763166995
TR-032663,2025-07-25,3293.39,3502.229007686596
TR-032664,2025-07-25,2397.54,2448.5184144961263
TR-032665,2025-07-25,5543.22,5745.604234624125
TR-032666,2025-07-25,3674.78,3970.5946429379946
TR-032667,2025-07-25,1358.54,1363.9929487700692
TR-032668,2025-07-25,5174.53,5536.158645336128
TR-032669,2025-07-25,960.12,956.614128567966
TR-032670,2025-07-25,899.68,903.2488920028272
TR-032671,2025-07-25,2827.98,2978.392342816183
TR-032672,2025-07-25,2570.38,2751.819022755205
TR-032673,2025-07-25,3939.9,4109.812183455121
TR-032674,2025-07-25,4025.72,3985.915873820258
TR-032675,2025-07-25,2064.45,2091.886546281453
TR-032676,2025-07-25,3644.19,3730.163288591446
TR-032677,2025-07-25,5376.87,5635.627781701634
TR-032678,2025-07-25,13435.73,3260.1883727498753
TR-032679,2025-07-25,10182.59,3797.216970095208
TR-032680,2025-07-25,1243.96,1224.8321499212732
TR-032681,2025-07-25,4132.2,4475.866738053168
TR-032682,2025-07-25,3252.3,3362.2388591117847
TR-032683,2025-07-25,3191.53,3149.880226202504
TR-032684,2025-07-25,4200.2,4478.199532925081
TR-032685,2025-07-25,2304.15,2296.3066088607984
TR-032686,2025-07-25,3444.4,3629.1746341388866
TR-032687,2025-07-25,983.26,961.0779931844726
TR-032688,2025-07-25,2020.06,2153.8346404425492
TR-032689,2025-07-25,1919.24,1868.0361938998315
TR-032690,2025-07-25,3653.08,3848.846936688483
TR-032691,2025-07-25,2290.3,2446.133554798808
TR-032692,2025-07-25,659.75,657.396104626439
TR-032693,2025-07-25,1003.77,988.5044815665799
TR-032694,2025-07-25,2900.85,2988.2284773031242
TR-032695,2025-07-25,3366.83,3532.4640337591213
TR-032696,2025-07-25,2370.42,2590.5917482453465
TR-032697,2025-07-25,4704.4,4970.438893999848
TR-032698,2025-07-25,1426.38,1421.8291414384769
TR-032699,2025-07-25,1141.74,1132.5771286721779
TR-032700,2025-07-25,3958.98,4176.676724282159
TR-032701,2025-07-25,1431.72,1444.9514166176905
TR-032702,2025-07-25,333.87,325.5744114644365
TR-032703,2025-07-25,1112.55,1150.2715883957558
TR-032704,2025-07-25,3215.38,3343.796453562038
TR-032705,2025-07-25,1761.75,1697.3025152941698
TR-032706,2025-07-25,1147.6,1150.9524125817668
TR-032707,2025-07-25,2869.52,2669.8726566719643
TR-032708,2025-07-25,683.06,670.523669732776
TR-032709,2025-07-25,2385.69,2454.322754212996
TR-032710,2025-07-25,3695.63,3765.0866300558014
TR-032711,2025-07-25,1973.87,2009.465159203541
TR-032712,2025-07-25,4621.28,4483.42433310023
TR-032713,2025-07-25,5914.63,6047.818620359407
TR-032714,2025-07-25,1385.85,1342.6474124786248
TR-032715,2025-07-25,1855.55,1842.8848430908984
TR-032716,2025-07-25,4113.84,4200.295992755874
TR-032717,2025-07-25,2840.2,3081.770596439022
TR-032718,2025-07-25,5716.61,5612.3283646927775
TR-032719,2025-07-25,1447.89,1535.0034645114279
TR-032720,2025-07-25,1002.59,985.4233623394484
TR-032721,2025-07-25,1823.86,1797.2245224808603
TR-032722,2025-07-25,568.64,574.8440389351568
TR-032723,2025-07-25,2761.01,2911.601291385213
TR-032724,2025-07-25,2110.93,2051.497545022858
TR-032725,2025-07-25,3322.7,3460.5263640590724
TR-032726,2025-07-25,1188.63,1175.6570213957361
TR-032727,2025-07-25,605.63,609.5698614381234
TR-032728,2025-07-25,672.84,679.3749228504732
TR-032729,2025-07-25,4127.3,4434.232386478354
TR-032730,2025-07-25,4887.45,5086.834589055146
TR-032731,2025-07-25,877.84,877.4194867622682
TR-032732,2025-07-25,1210.06,1215.039406427309
TR-032733,2025-07-25,2827.1,2784.099086706975
TR-032734,2025-07-25,2264.1,2303.53776207119
TR-032735,2025-07-25,786.2,776.411315462793
TR-032736,2025-07-25,1039.6,1040.0467170223942
TR-032737,2025-07-25,2884.04,3061.65848325338
TR-032738,2025-07-25,4075.32,4199.80304189949
TR-032739,2025-07-25,3975.65,4357.189599874164
TR-032740,2025-07-25,2091.38,2259.046061298605
TR-032741,2025-07-25,1148.66,1141.369539745428
TR-032742,2025-07-25,1026.79,987.8161589781394
TR-032743,2025-07-25,618.25,630.7768430300507
TR-032744,2025-07-25,3399.53,3567.4569753778633
TR-032745,2025-07-25,1229.81,1202.629271188657
TR-032746,2025-07-25,3774.01,3993.7763122826027
TR-032747,2025-07-25,1954.6,2005.8848143043401
TR-032748,2025-07-25,2362.59,2322.297628419254
TR-032749,2025-07-25,1886.47,1830.9344317716902
TR-032750,2025-07-25,2310.25,2436.2478503383973
TR-032751,2025-07-25,2685.21,2661.5463327789316
TR-032752,2025-07-25,4164.07,4269.793636390988
TR-032753,2025-07-26,4181.36,4334.0587940519235
TR-032754,2025-07-26,3815.28,3794.763911627653
TR-032755,2025-07-26,5341.24,5586.54890769782
TR-032756,2025-07-26,2472.19,2596.802533156279
TR-032757,2025-07-26,1256.62,1237.4048900319315
TR-032758,2025-07-26,1736.66,1680.6318570895091
TR-032759,2025-07-26,1816.77,1786.9424545403783
TR-032760,2025-07-26,5172.5,5566.14479135123
TR-032761,2025-07-26,2614.96,2762.0740729601243
TR-032762,2025-07-26,1966.84,2089.1254338325884
TR-032763,2025-07-26,612.07,605.6489267843871
TR-032764,2025-07-26,3681.76,3899.376026435619
TR-032765,2025-07-26,3007.83,3159.155958086049
TR-032766,2025-07-26,676.85,687.9488868320145
TR-032767,2025-07-26,2457.83,2595.479786881692
TR-032768,2025-07-26,4523.97,4833.740663719089
TR-032769,2025-07-26,1781.1,1745.1285129283992
TR-032770,2025-07-26,5134.52,5424.506075535301
TR-032771,2025-07-26,1896.67,1890.344693480391
TR-032772,2025-07-26,1179.97,1183.3024546066924
TR-032773,2025-07-26,542.58,540.548152156831
TR-032774,2025-07-26,849.68,857.0606662567186
TR-032775,2025-07-26,2923.62,3038.1392237759906
TR-032776,2025-07-26,3968.6,4156.616440792582
TR-032777,2025-07-26,1409.82,1384.2270942221053
TR-032778,2025-07-26,3809.9,4083.2443653606815
TR-032779,2025-07-26,1531.01,1584.6229698085072
TR-032780,2025-07-26,2384.36,2558.118201421906
TR-032781,2025-07-26,1137.39,1122.300295352228
TR-032782,2025-07-26,2000.96,2018.1959392132906
TR-032783,2025-07-26,3226.76,3063.2848897913664
TR-032784,2025-07-26,2768.45,2847.912246352967
TR-032785,2025-07-26,1572.21,1558.310065111475
TR-032786,2025-07-26,2523.24,2581.9814891904152
TR-032787,2025-07-26,1289.13,1288.9545705242206
TR-032788,2025-07-26,1627.76,1638.6215754333784
TR-032789,2025-07-26,1890.39,1992.6716406646208
TR-032790,2025-07-26,846.21,839.6605216090366
TR-032791,2025-07-26,4073.45,4673.596026369648
TR-032792,2025-07-26,3655.58,4027.3487588196235
TR-032793,2025-07-26,3205.68,3210.796996282531
TR-032794,2025-07-26,4322.64,4202.872830950337
TR-032795,2025-07-26,1852.53,2023.2779278828632
TR-032796,2025-07-26,4388.08,4616.403296753435
TR-032797,2025-07-26,3292.14,3446.934446988467
TR-032798,2025-07-26,1364.0,1349.2659809558743
TR-032799,2025-07-26,843.8,828.085129980736
TR-032800,2025-07-26,2240.57,2292.0276411858804
TR-032801,2025-07-26,1738.9,1745.9886464440008
TR-032802,2025-07-26,2442.47,2391.8766828712482
TR-032803,2025-07-26,1519.19,1515.8691747178632
TR-032804,2025-07-26,1102.01,1101.9012140803984
TR-032805,2025-07-26,3689.12,3953.271966619032
TR-032806,2025-07-26,1864.49,1818.6798936057385
TR-032807,2025-07-26,3162.9,3047.1571619540205
TR-032808,2025-07-26,1179.8,1143.6295178587209
TR-032809,2025-07-26,1560.31,1605.4978191728312
TR-032810,2025-07-26,927.32,925.4825129956953
TR-032811,2025-07-26,2652.52,2849.2973680866585
TR-032812,2025-07-26,1878.06,2011.196653460753
TR-032813,2025-07-26,3409.05,3582.703360285761
TR-032814,2025-07-26,2671.9,2641.81606511621
TR-032815,2025-07-26,2300.15,2514.5238739428596
TR-032816,2025-07-26,2905.05,3117.9083717078925
TR-032817,2025-07-26,2627.38,2855.664330449413
TR-032818,2025-07-26,4849.72,5273.184100612382
TR-032819,2025-07-26,1076.49,1067.9737877579867
TR-032820,2025-07-26,1348.68,1330.4990907086153
TR-032821,2025-07-26,738.87,729.7324918185009
TR-032822,2025-07-26,1606.4,1606.390958907478
TR-032823,2025-07-26,1419.4,1386.0939592617922
TR-032824,2025-07-26,2689.56,2984.883796900292
TR-032825,2025-07-26,1335.43,1284.3675873152192
TR-032826,2025-07-26,1183.71,1195.2875856443934
TR-032827,2025-07-26,835.6,832.9782871584773
TR-032828,2025-07-26,3390.19,3429.052087657132
TR-032829,2025-07-26,707.65,699.2432475375651
TR-032830,2025-07-26,3598.69,3630.095191695149
TR-032831,2025-07-26,3018.99,3115.093271600301
TR-032832,2025-07-26,1772.88,1795.6503799466673
TR-032833,2025-07-26,2410.26,2341.4895030125963
TR-032834,2025-07-26,1372.35,1407.4697576190715
TR-032835,2025-07-26,4693.29,4928.020055217986
TR-032836,2025-07-26,1446.05,1471.7779159138277
TR-032837,2025-07-26,3819.84,3877.6382930213254
TR-032838,2025-07-26,5158.76,5203.430897990945
TR-032839,2025-07-26,1168.4,1160.667724828863
TR-032840,2025-07-26,2541.0,2710.505260990969
TR-032841,2025-07-26,1123.05,1129.305593728356
TR-032842,2025-07-26,1896.51,1897.8770856047058
TR-032843,2025-07-26,2544.97,2576.7667486766454
TR-032844,2025-07-26,1148.73,1126.2703861230457
TR-032845,2025-07-26,1112.39,1119.3834045390336
TR-032846,2025-07-26,5661.91,5821.044334075085
TR-032847,2025-07-26,3866.25,4177.1352295070055
TR-032848,2025-07-26,2412.34,2370.4988286306034
TR-032849,2025-07-26,1619.06,1619.036008265415
TR-032850,2025-07-26,1197.41,2804.7403114962976
TR-032851,2025-07-26,1745.58,1939.7700304356167
TR-032852,2025-07-26,3469.22,3869.1589316377826
TR-032853,2025-07-26,965.32,958.3014269892451
TR-032854,2025-07-26,2371.59,2529.9896012730437
TR-032855,2025-07-26,1088.47,1069.496314734657
TR-032856,2025-07-26,1838.99,1922.9055256668125
TR-032857,2025-07-26,1667.62,1819.9680740831857
TR-032858,2025-07-26,3998.84,4414.699157010843
TR-032859,2025-07-26,564.67,550.2158754804752
TR-032860,2025-07-26,2852.1,3036.411872622189
TR-032861,2025-07-26,1562.25,1549.986183740752
TR-032862,2025-07-26,1971.58,2184.047029518983
TR-032863,2025-07-26,842.78,846.3059366814855
TR-032864,2025-07-26,1639.91,1663.4031136048436
TR-032865,2025-07-26,1493.3,1545.1357548466679
TR-032866,2025-07-26,4327.16,4897.95662119137
TR-032867,2025-07-26,3710.4,4072.5009511888475
TR-032868,2025-07-26,1235.73,1234.6581647759988
TR-032869,2025-07-26,3288.98,1229.661731342433
TR-032870,2025-07-26,1510.16,1507.35665735757
TR-032871,2025-07-26,1572.34,1552.6864771410642
TR-032872,2025-07-26,1577.9,1551.8684441549606
TR-032873,2025-07-26,4115.12,4446.18502460237
TR-032874,2025-07-26,3288.49,3221.840114970773
TR-032875,2025-07-26,1759.96,1911.6581942200826
TR-032876,2025-07-26,597.98,587.8161610893412
TR-032877,2025-07-26,2487.69,2657.6698225023856
TR-032878,2025-07-26,8768.95,3832.471361087988
TR-032879,2025-07-26,2163.74,2253.7684395638494
TR-032880,2025-07-26,2773.57,3002.2115714541746
TR-032881,2025-07-26,4553.24,4845.5476249027615
TR-032882,2025-07-26,952.59,964.2720995710066
TR-032883,2025-07-26,1402.65,1391.0528785306556
TR-032884,2025-07-26,4552.36,4493.385537167813
TR-032885,2025-07-26,2897.27,2868.4564505924463
TR-032886,2025-07-26,1399.03,1445.0460381691157
TR-032887,2025-07-26,947.49,977.814554999731
TR-032888,2025-07-26,1176.38,1176.8371240166875
TR-032889,2025-07-26,5200.47,5220.794114392458
TR-032890,2025-07-26,2860.19,2834.459111718155
TR-032891,2025-07-26,1575.72,1537.3724510709167
TR-032892,2025-07-26,772.97,762.6711175395383
TR-032893,2025-07-26,2586.97,2616.5827361412576
TR-032894,2025-07-26,3428.93,3561.812164995065
TR-032895,2025-07-26,1081.32,1078.2072645442042
TR-032896,2025-07-26,3283.34,3421.989998052771
TR-032897,2025-07-26,1427.14,1432.2787561604812
TR-032898,2025-07-26,1110.4,1087.6720074204522
TR-032899,2025-07-26,5798.7,5947.1674516868015
TR-032900,2025-07-26,5254.63,5607.55467906673
TR-032901,2025-07-26,2443.03,2682.5092908130673
TR-032902,2025-07-26,1347.37,1389.087077894076
TR-032903,2025-07-26,2318.6,2494.9570745499072
TR-032904,2025-07-26,3633.29,3789.6421516636524
TR-032905,2025-07-26,2430.05,2485.8650664596876
TR-032906,2025-07-26,4470.06,4509.917816941565
TR-032907,2025-07-26,2349.02,2420.8424256543476
TR-032908,2025-07-26,990.98,976.8191298913895
TR-032909,2025-07-26,734.78,733.7650249129655
TR-032910,2025-07-26,1982.32,2118.716186599737
TR-032911,2025-07-26,2734.49,2714.2900814561253
TR-032912,2025-07-26,1824.23,1839.4948660945768
TR-032913,2025-07-26,2772.56,2935.9077738720543
TR-032914,2025-07-26,2677.59,2883.5233903289895
TR-032915,2025-07-26,3234.32,3481.146429327825
TR-032916,2025-07-26,1134.2,1122.9104187520782
TR-032917,2025-07-26,4501.69,4845.446928553904
TR-032918,2025-07-26,1381.2,1344.2740824162797
TR-032919,2025-07-26,3769.93,4187.149428436842
TR-032920,2025-07-26,1821.68,1795.3476159216052
TR-032921,2025-07-26,1875.38,2120.8237704345984
TR-032922,2025-07-26,251.26,260.06290951986773
TR-032923,2025-07-26,1114.11,1126.358489165849
TR-032924,2025-07-26,5048.44,5115.68512260894
TR-032925,2025-07-26,1633.33,1647.3077572576076
TR-032926,2025-07-26,1069.02,1064.9955124857447
TR-032927,2025-07-26,1423.48,1444.8052994219959
TR-032928,2025-07-26,4156.88,4418.692939661458
TR-032929,2025-07-26,858.21,850.0205843292684
TR-032930,2025-07-26,813.75,792.8938509743303
TR-032931,2025-07-26,901.8,897.332447350433
TR-032932,2025-07-26,2850.86,2999.6837175444834
TR-032933,2025-07-26,3981.98,4344.699878521801
TR-032934,2025-07-26,1245.71,1224.501623283534
TR-032935,2025-07-27,2163.29,2177.506804588372
TR-032936,2025-07-27,2384.07,2463.2347213656276
TR-032937,2025-07-27,1435.17,1412.7616229886673
TR-032938,2025-07-27,3416.49,3553.1270623294936
TR-032939,2025-07-27,3988.53,4311.87371541193
TR-032940,2025-07-27,3037.1,3201.7860812740314
TR-032941,2025-07-27,706.09,695.5119541372159
TR-032942,2025-07-27,2852.16,3029.3695908429722
TR-032943,2025-07-27,2828.82,3020.675067630815
TR-032944,2025-07-27,1101.66,1072.1679894411827
TR-032945,2025-07-27,1417.23,1487.7714893580446
TR-032946,2025-07-27,181.52,582.9749522534706
TR-032947,2025-07-27,3736.52,4126.121073413664
TR-032948,2025-07-27,4227.74,4484.275783613334
TR-032949,2025-07-27,3424.45,3434.479838479812
TR-032950,2025-07-27,1408.76,1359.7124470784122
TR-032951,2025-07-27,1424.22,1460.0511982162202
TR-032952,2025-07-27,1572.85,1608.5448463317177
TR-032953,2025-07-27,3176.7,3392.464224319332
TR-032954,2025-07-27,2287.55,2286.833968976944
TR-032955,2025-07-27,3445.03,3381.00684692095
TR-032956,2025-07-27,1948.74,2118.2031408069647
TR-032957,2025-07-27,1043.92,1034.6431030051642
TR-032958,2025-07-27,2558.38,2536.2907581102686
TR-032959,2025-07-27,1187.48,1205.8601567150606
TR-032960,2025-07-27,2899.85,2917.3387255576868
TR-032961,2025-07-27,524.13,498.8159884087824
TR-032962,2025-07-27,698.25,697.8273512986692
TR-032963,2025-07-27,2421.32,2544.029898263921
TR-032964,2025-07-27,1855.81,1792.5558718666555
TR-032965,2025-07-27,257.43,242.88600734504075
TR-032966,2025-07-27,192.65,211.09423464298806
TR-032967,2025-07-27,4571.1,4870.344230444954
TR-032968,2025-07-27,1482.91,1504.221243545939
TR-032969,2025-07-27,2401.55,2411.4908166481314
TR-032970,2025-07-27,1785.98,1858.33211752566
TR-032971,2025-07-27,2359.07,2458.611485232079
TR-032972,2025-07-27,1350.54,1408.8384495301405
TR-032973,2025-07-27,2014.06,2023.5794491859504
TR-032974,2025-07-27,877.53,860.4170450108223
TR-032975,2025-07-27,1644.0,1638.7268575658961
TR-032976,2025-07-27,2059.41,2224.5982999277558
TR-032977,2025-07-27,646.48,621.0608869183769
TR-032978,2025-07-27,2969.42,2988.358625488045
TR-032979,2025-07-27,1253.86,1260.057262350676
TR-032980,2025-07-27,2594.03,2709.66448686806
TR-032981,2025-07-27,3524.21,3813.406084636504
TR-032982,2025-07-27,845.62,852.8677907129703
TR-032983,2025-07-27,1436.2,1441.0476239704533
TR-032984,2025-07-27,2888.72,2852.124137361899
TR-032985,2025-07-27,1448.87,1622.7080034959608
TR-032986,2025-07-27,981.73,968.3348413664679
TR-032987,2025-07-27,1229.03,1223.9256277376483
TR-032988,2025-07-27,1125.51,1140.251851061739
TR-032989,2025-07-27,2983.7,3256.173753951111
TR-032990,2025-07-27,1472.31,1573.2301299109
TR-032991,2025-07-27,1865.89,2097.9440417395813
TR-032992,2025-07-27,1329.27,1317.4999240005804
TR-032993,2025-07-27,1877.25,1957.0357303843261
TR-032994,2025-07-27,405.29,418.5068906379174
TR-032995,2025-07-27,3533.37,3932.6171200021627
TR-032996,2025-07-27,2875.14,3077.653695337072
TR-032997,2025-07-27,2638.38,2580.33633407096
TR-032998,2025-07-27,4168.72,4073.2635035922353
TR-032999,2025-07-27,711.37,699.9316059859117
TR-033000,2025-07-27,1205.4,1222.540683955267
TR-033001,2025-07-27,2486.71,2625.5704128568914
TR-033002,2025-07-27,349.68,355.13536405079003
TR-033003,2025-07-27,3779.91,4020.337397749614
TR-033004,2025-07-27,3363.73,3748.2287517332525
TR-033005,2025-07-27,869.31,874.759424977894
TR-033006,2025-07-27,1723.34,1697.9177776377269
TR-033007,2025-07-27,1106.77,1095.3135858563955
TR-033008,2025-07-27,1444.1,1498.3285113964253
TR-033009,2025-07-27,2923.22,3093.902370952608
TR-033010,2025-07-27,727.21,733.9690926173025
TR-033011,2025-07-27,2120.51,2100.289047740809
TR-033012,2025-07-27,1343.73,1318.8068762367022
TR-033013,2025-07-27,1499.67,1558.9462660530796
TR-033014,2025-07-27,2055.35,2168.489500058556
TR-033015,2025-07-27,1253.36,1249.556165835119
TR-033016,2025-07-27,2003.88,2137.208038262188
TR-033017,2025-07-27,2031.04,2254.542193349852
TR-033018,2025-07-27,823.25,828.5628222661883
TR-033019,2025-07-27,3529.73,3906.3626842544927
TR-033020,2025-07-27,2966.04,3186.514657098606
TR-033021,2025-07-27,1819.42,1781.0700463493226
TR-033022,2025-07-27,771.46,766.5182010913878
TR-033023,2025-07-27,1054.01,1073.5899483167595
TR-033024,2025-07-27,4226.13,4507.419432594803
TR-033025,2025-07-27,1205.58,1301.9023277054212
TR-033026,2025-07-27,3939.59,4318.192887636758
TR-033027,2025-07-27,4486.08,4935.920155319188
TR-033028,2025-07-27,768.89,776.7754259267123
TR-033029,2025-07-27,1552.48,1557.8327304114841
TR-033030,2025-07-27,3302.26,3470.5827147891678
TR-033031,2025-07-27,2526.04,2542.1527376012727
TR-033032,2025-07-27,2018.47,2082.465955330193
TR-033033,2025-07-27,1355.23,1422.2852784268923
TR-033034,2025-07-27,1604.66,1619.2810206303973
TR-033035,2025-07-27,3343.47,3501.6418664570197
TR-033036,2025-07-27,379.33,366.3531252604072
TR-033037,2025-07-27,3330.78,3218.420721613963
TR-033038,2025-07-27,1177.81,1162.8104520602587
TR-033039,2025-07-27,7607.75,1624.2656777486216
TR-033040,2025-07-27,2234.86,2219.0717783167506
TR-033041,2025-07-27,2251.6,2453.0383548483046
TR-033042,2025-07-27,1307.33,1332.3802068133618
TR-033043,2025-07-27,2145.12,2159.2625857607904
TR-033044,2025-07-27,4354.23,4737.823092803646
TR-033045,2025-07-27,2597.26,2706.247118940747
TR-033046,2025-07-27,2016.83,2225.7210182964445
TR-033047,2025-07-27,2413.16,2548.0745155690433
TR-033048,2025-07-27,786.53,780.63777003773
TR-033049,2025-07-27,1705.16,1670.8961820951074
TR-033050,2025-07-27,898.23,883.8136271190833
TR-033051,2025-07-27,3261.16,3490.7830460883856
TR-033052,2025-07-27,1282.83,1291.178552841229
TR-033053,2025-07-27,751.79,796.9328865249527
TR-033054,2025-07-27,2592.78,2639.672758581596
TR-033055,2025-07-27,798.03,815.0420072254879
TR-033056,2025-07-27,3734.08,3960.314690324829
TR-033057,2025-07-27,1280.74,1281.4239926865384
TR-033058,2025-07-27,3296.85,3365.601452284413
TR-033059,2025-07-27,2278.22,2266.178429914888
TR-033060,2025-07-27,4984.21,5249.193992897049
TR-033061,2025-07-27,282.54,1411.718223678966
TR-033062,2025-07-27,3261.9,3271.185547641108
TR-033063,2025-07-27,3530.35,3738.611469451003
TR-033064,2025-07-27,2883.41,3030.304944376612
TR-033065,2025-07-27,806.0,812.1187588335746
TR-033066,2025-07-27,1275.74,1279.5703654918125
TR-033067,2025-07-27,1464.1,1418.922249890553
TR-033068,2025-07-27,4174.09,4445.038733339469
TR-033069,2025-07-27,691.7,658.9985079056923
TR-033070,2025-07-27,2662.76,2771.0854169780255
TR-033071,2025-07-27,3847.58,4001.154596370274
TR-033072,2025-07-27,1900.56,2109.938845499424
TR-033073,2025-07-27,3531.73,3817.5411651485983
TR-033074,2025-07-27,230.1,218.74495113659492
TR-033075,2025-07-27,17333.65,3969.0319798250785
TR-033076,2025-07-27,5553.38,5879.661919564073
TR-033077,2025-07-27,1585.57,1600.9338469399625
TR-033078,2025-07-27,1756.09,1774.3345526858539
TR-033079,2025-07-27,1241.89,1233.371526352044
TR-033080,2025-07-27,1760.78,1800.7933384889072
TR-033081,2025-07-27,4298.03,4049.848815962595
TR-033082,2025-07-27,978.54,988.2593243852261
TR-033083,2025-07-28,989.65,960.6616020508246
TR-033084,2025-07-28,3554.43,3546.0799403365277
TR-033085,2025-07-28,551.0,554.6565632473057
TR-033086,2025-07-28,2866.84,2698.3054299643286
TR-033087,2025-07-28,11117.85,3881.7858773202183
TR-033088,2025-07-28,1495.86,1531.4568820098361
TR-033089,2025-07-28,3873.08,4294.135559850442
TR-033090,2025-07-28,5421.9,5759.559146384729
TR-033091,2025-07-28,1898.11,1950.4669092330444
TR-033092,2025-07-28,4163.82,4453.44259274248
TR-033093,2025-07-28,4689.79,5144.64033827116
TR-033094,2025-07-28,251.2,260.9075750898956
TR-033095,2025-07-28,1084.99,1087.0110633962008
TR-033096,2025-07-28,1374.59,1349.0878408913334
TR-033097,2025-07-28,4869.68,5371.209239162549
TR-033098,2025-07-28,1859.46,1842.5783043501015
TR-033099,2025-07-28,1222.71,1219.1292565716428
TR-033100,2025-07-28,571.03,578.8177610157322
TR-033101,2025-07-28,1062.28,1097.1733110791927
TR-033102,2025-07-28,2462.39,2494.2574665979523
TR-033103,2025-07-28,1023.46,1029.1847849655364
TR-033104,2025-07-28,730.81,749.3703388421227
TR-033105,2025-07-28,345.19,345.7007929773494
TR-033106,2025-07-28,2821.94,2960.2957341886136
TR-033107,2025-07-28,5266.95,5514.701979529512
TR-033108,2025-07-28,2010.78,1982.9201485377587
TR-033109,2025-07-28,1741.31,1726.4393429522959
TR-033110,2025-07-28,1307.68,1313.4004603913
TR-033111,2025-07-28,1454.74,1597.9592716236946
TR-033112,2025-07-28,1898.27,1834.4390191561038
TR-033113,2025-07-28,3337.67,3761.884415197123
TR-033114,2025-07-28,1608.9,1584.4026103710287
TR-033115,2025-07-28,5884.68,5913.329699709549
TR-033116,2025-07-28,968.12,970.9768106823809
TR-033117,2025-07-28,1358.77,1349.6783523390689
TR-033118,2025-07-28,1688.03,1701.355580343055
TR-033119,2025-07-28,589.77,1508.0081885424586
TR-033120,2025-07-28,1319.58,1333.5183775895637
TR-033121,2025-07-28,1341.91,1344.865978981027
TR-033122,2025-07-28,1060.52,1069.1148570117182
TR-033123,2025-07-28,2288.59,2434.123328600791
TR-033124,2025-07-28,4235.39,4444.260319011946
TR-033125,2025-07-28,667.47,662.8655105588736
TR-033126,2025-07-28,1866.7,1846.7194623791993
TR-033127,2025-07-28,921.09,899.0083507294235
TR-033128,2025-07-28,4423.69,4867.71315472171
TR-033129,2025-07-28,591.93,591.4551619702038
TR-033130,2025-07-28,1981.07,1981.7524863901847
TR-033131,2025-07-28,1079.93,1062.5585547778376
TR-033132,2025-07-28,453.76,418.53115345454563
TR-033133,2025-07-28,1841.68,2032.4094930593217
TR-033134,2025-07-28,1045.98,1038.2384964834666
TR-033135,2025-07-28,749.0,755.9591671107081
TR-033136,2025-07-28,644.7,622.0269808530845
TR-033137,2025-07-28,507.31,507.5863258286013
TR-033138,2025-07-28,1157.48,1142.996921132148
TR-033139,2025-07-28,951.85,927.8700612716707
TR-033140,2025-07-28,2317.43,2323.6272807752744
TR-033141,2025-07-28,882.87,877.5254859681189
TR-033142,2025-07-28,2472.06,2738.1487225643823
TR-033143,2025-07-28,669.33,676.7224928375226
TR-033144,2025-07-28,1349.13,1385.412521381143
TR-033145,2025-07-28,1769.62,1783.2852344540754
TR-033146,2025-07-28,3851.99,3957.410784713468
TR-033147,2025-07-28,1047.91,1051.068722838239
TR-033148,2025-07-28,3793.81,3959.3100576350403
TR-033149,2025-07-28,5189.0,5417.787951080467
TR-033150,2025-07-28,1722.32,1693.2530951516108
TR-033151,2025-07-28,2675.46,2767.4474291840734
TR-033152,2025-07-28,3934.13,4007.092932717701
TR-033153,2025-07-28,1955.71,2117.6054734602058
TR-033154,2025-07-28,1926.51,2051.7975977263304
TR-033155,2025-07-28,2297.29,2450.6356135023534
TR-033156,2025-07-28,2347.66,2485.2737343540102
TR-033157,2025-07-28,730.76,800.9013928990572
TR-033158,2025-07-28,2894.13,3045.313666575304
TR-033159,2025-07-28,2843.17,3099.4960892828053
TR-033160,2025-07-28,2992.03,3321.5850801051374
TR-033161,2025-07-28,2311.92,2310.823259830154
TR-033162,2025-07-28,1733.19,1679.1542054221827
TR-033163,2025-07-28,2131.03,2226.439804191495
TR-033164,2025-07-28,1181.15,1177.932489907669
TR-033165,2025-07-28,2177.26,2135.2471036661623
TR-033166,2025-07-28,2453.15,2495.771535271832
TR-033167,2025-07-28,1178.59,1172.9631063963768
TR-033168,2025-07-28,1929.08,2059.6113671193375
TR-033169,2025-07-28,2217.1,2177.390959928231
TR-033170,2025-07-28,2897.57,3134.8198866436296
TR-033171,2025-07-28,1663.4,1698.7819691692473
TR-033172,2025-07-28,2666.77,2754.5986225087277
TR-033173,2025-07-28,1407.1,1434.380422346843
TR-033174,2025-07-28,2062.01,2082.098333160533
TR-033175,2025-07-28,1426.78,1430.1413729760343
TR-033176,2025-07-28,4536.47,4849.925756751065
TR-033177,2025-07-28,5405.95,5492.786807563855
TR-033178,2025-07-28,1153.57,1167.7626311212473
TR-033179,2025-07-28,1991.56,2136.0197181594535
TR-033180,2025-07-28,839.54,832.9898936781011
TR-033181,2025-07-28,3503.11,3907.986931377271
TR-033182,2025-07-28,840.66,829.297662785023
TR-033183,2025-07-28,1543.43,1586.8027210475375
TR-033184,2025-07-28,958.89,938.7593129983042
TR-033185,2025-07-28,2594.5,2750.085065439875
TR-033186,2025-07-28,4765.47,5020.337008005098
TR-033187,2025-07-28,1072.73,1107.7087222047999
TR-033188,2025-07-28,4758.75,5198.09775277919
TR-033189,2025-07-28,820.22,836.9027904322637
TR-033190,2025-07-28,1560.64,1630.1400355602752
TR-033191,2025-07-28,3648.27,4289.847910456997
TR-033192,2025-07-28,3962.34,4350.037580325132
TR-033193,2025-07-28,751.09,759.4483125792605
TR-033194,2025-07-28,3243.61,3477.38965120836
TR-033195,2025-07-28,4010.64,4412.1633874824
TR-033196,2025-07-28,2371.53,2270.373784625116
TR-033197,2025-07-28,2254.81,2307.3269626762794
TR-033198,2025-07-28,3124.78,3264.9011489053437
TR-033199,2025-07-28,4868.75,5422.569662969071
TR-033200,2025-07-28,4209.92,4487.660755791963
TR-033201,2025-07-28,1826.1,1989.995692627865
TR-033202,2025-07-28,2182.49,2251.9316415064445
TR-033203,2025-07-28,3861.21,4019.038416154298
TR-033204,2025-07-28,424.18,394.56824285750355
TR-033205,2025-07-28,3736.94,4025.827170790273
TR-033206,2025-07-28,1541.48,1515.2831845903368
TR-033207,2025-07-28,864.75,875.5807381768059
TR-033208,2025-07-28,1023.49,1001.1839591812313
TR-033209,2025-07-28,1115.26,1104.5077163547194
TR-033210,2025-07-28,1086.36,1069.7960694103158
TR-033211,2025-07-28,3724.13,3901.4705995935906
TR-033212,2025-07-28,1157.89,1166.743920435419
TR-033213,2025-07-28,3690.14,4206.23085138847
TR-033214,2025-07-28,1568.81,1570.4803501058054
TR-033215,2025-07-28,1133.62,1161.157510954405
TR-033216,2025-07-28,2473.93,2598.96949430643
TR-033217,2025-07-28,761.27,756.4691668841616
TR-033218,2025-07-28,1398.53,1460.6984253466894
TR-033219,2025-07-29,1420.59,1491.532394281588
TR-033220,2025-07-29,3640.51,3832.1733069916945
TR-033221,2025-07-29,3878.94,4103.884553524462
TR-033222,2025-07-29,2615.16,2821.4816489132168
TR-033223,2025-07-29,1713.02,1834.252598842493
TR-033224,2025-07-29,1259.85,1220.1435124053999
TR-033225,2025-07-29,1611.43,1685.0829840567947
TR-033226,2025-07-29,3114.18,3442.685759982456
TR-033227,2025-07-29,4014.56,4316.519873431093
TR-033228,2025-07-29,2989.18,3163.4858308857883
TR-033229,2025-07-29,1676.83,1754.523601763448
TR-033230,2025-07-29,998.86,996.2039613648519
TR-033231,2025-07-29,1828.03,1814.2220204147793
TR-033232,2025-07-29,2425.52,2435.333556325214
TR-033233,2025-07-29,9454.94,3514.3861643338555
TR-033234,2025-07-29,997.94,1023.3066706410972
TR-033235,2025-07-29,1803.99,1806.4124534185717
TR-033236,2025-07-29,1083.0,1065.5919759674312
TR-033237,2025-07-29,1579.09,1597.102521249043
TR-033238,2025-07-29,1928.09,1986.004251241734
TR-033239,2025-07-29,3548.35,3886.8505200289965
TR-033240,2025-07-29,3843.58,3944.6958773647816
TR-033241,2025-07-29,1284.5,1263.348753865367
TR-033242,2025-07-29,824.27,829.5784600230992
TR-033243,2025-07-29,1388.81,1473.1745989025046
TR-033244,2025-07-29,1128.9,1123.3407426315744
TR-033245,2025-07-29,1293.47,1257.3179356919536
TR-033246,2025-07-29,1354.57,1378.2529059795647
TR-033247,2025-07-29,1861.38,1851.1061414719495
TR-033248,2025-07-29,805.38,808.7403422575583
TR-033249,2025-07-29,2233.73,2209.853046623056
TR-033250,2025-07-29,3420.69,3573.923871064209
TR-033251,2025-07-29,1473.1,1520.8465106007795
TR-033252,2025-07-29,1769.73,1776.5291770997214
TR-033253,2025-07-29,777.3,779.4309728893971
TR-033254,2025-07-29,1007.53,980.7242055742054
TR-033255,2025-07-29,5605.79,5839.7392196652545
TR-033256,2025-07-29,756.5,771.061638665427
TR-033257,2025-07-29,237.05,1177.7854076584947
TR-033258,2025-07-29,665.14,635.086624714958
TR-033259,2025-07-29,5075.37,5281.070146244096
TR-033260,2025-07-29,1230.53,1258.4519400721827
TR-033261,2025-07-29,3738.79,3795.7170648690308
TR-033262,2025-07-29,2849.25,2871.4767919208534
TR-033263,2025-07-29,1455.4,1510.7581562332416
TR-033264,2025-07-29,4372.17,4591.988233787414
TR-033265,2025-07-29,3614.59,3779.3793939062716
TR-033266,2025-07-29,1016.92,1020.5417423846814
TR-033267,2025-07-29,2035.28,2139.756879282148
TR-033268,2025-07-29,1073.77,1107.185964208799
TR-033269,2025-07-29,2058.58,2056.9936285837985
TR-033270,2025-07-29,585.85,580.2586972801358
TR-033271,2025-07-29,602.71,573.4490700202376
TR-033272,2025-07-29,2242.34,2305.199823631712
TR-033273,2025-07-29,2226.3,2238.098702563953
TR-033274,2025-07-29,11700.79,3740.9196015904145
TR-033275,2025-07-29,2093.58,2050.153883093488
TR-033276,2025-07-29,3064.63,2982.095683926917
TR-033277,2025-07-29,4545.32,4753.689711463381
TR-033278,2025-07-29,5078.8,5192.1364937181115
TR-033279,2025-07-29,1706.41,1658.3343199996978
TR-033280,2025-07-29,6289.39,6238.231808239872
TR-033281,2025-07-29,4150.42,4416.424417598065
TR-033282,2025-07-29,3478.47,3591.4626595920536
TR-033283,2025-07-29,2239.24,2303.700854805429
TR-033284,2025-07-29,2090.95,2038.881744504744
TR-033285,2025-07-29,656.33,686.9635493238713
TR-033286,2025-07-29,638.98,648.6812514523841
TR-033287,2025-07-29,3120.61,3263.3454926916875
TR-033288,2025-07-29,1778.43,1728.9826322316694
TR-033289,2025-07-29,6070.24,6153.847515047122
TR-033290,2025-07-29,1801.21,1835.9511129976215
TR-033291,2025-07-29,2757.75,2850.7842002666575
TR-033292,2025-07-29,1710.7,1976.3259332524876
TR-033293,2025-07-29,1796.29,2024.2893726352397
TR-033294,2025-07-29,4082.81,4321.1074074629605
TR-033295,2025-07-29,1526.56,1574.8731651130672
TR-033296,2025-07-29,3748.15,4110.676261553759
TR-033297,2025-07-29,2358.57,2343.2786402878924
TR-033298,2025-07-29,799.27,792.8583877454772
TR-033299,2025-07-29,3889.88,4097.727919715706
TR-033300,2025-07-29,5071.95,5267.959595697962
TR-033301,2025-07-29,1999.57,2100.8890046009515
TR-033302,2025-07-29,684.23,689.7399419635105
TR-033303,2025-07-29,1161.81,1140.9837834596196
TR-033304,2025-07-29,631.69,637.1338301447196
TR-033305,2025-07-29,6289.74,2109.6788218508177
TR-033306,2025-07-29,1692.64,1658.2356723965995
TR-033307,2025-07-29,324.35,339.6065279749891
TR-033308,2025-07-29,3264.59,3378.0496927588783
TR-033309,2025-07-29,1340.04,1314.9739738623368
TR-033310,2025-07-29,1671.29,1688.2180102850105
TR-033311,2025-07-29,818.04,807.6334709572957
TR-033312,2025-07-29,11663.11,3858.1332693441836
TR-033313,2025-07-29,2835.15,3047.3487908454695
TR-033314,2025-07-29,3547.14,3721.126829751371
TR-033315,2025-07-29,4005.08,4397.931940767243
TR-033316,2025-07-29,3889.7,4340.856022610385
TR-033317,2025-07-29,1238.33,1258.2288515545417
TR-033318,2025-07-29,4113.77,4045.145248293771
TR-033319,2025-07-29,1454.31,1555.9317737290976
TR-033320,2025-07-29,1538.63,1602.1854413702195
TR-033321,2025-07-29,3402.81,3420.255258353623
TR-033322,2025-07-29,3019.11,3051.4878519058916
TR-033323,2025-07-29,3738.64,3540.0132638397213
TR-033324,2025-07-29,3278.18,3511.9964554658427
TR-033325,2025-07-29,1574.29,1549.0617115347845
TR-033326,2025-07-29,1140.79,1113.5569834146934
TR-033327,2025-07-29,862.51,854.14673895167
TR-033328,2025-07-29,4653.68,5365.693208785847
TR-033329,2025-07-29,1705.18,1806.11724668283
TR-033330,2025-07-29,2253.53,2362.995288318554
TR-033331,2025-07-29,2217.15,2300.111691619763
TR-033332,2025-07-29,4453.21,4933.929450841956
TR-033333,2025-07-29,801.41,820.4180097921524
TR-033334,2025-07-29,3689.1,4102.649435393901
TR-033335,2025-07-29,3272.85,3297.265752237173
TR-033336,2025-07-29,1665.39,1647.2994555768535
TR-033337,2025-07-29,3877.1,4336.324466059356
TR-033338,2025-07-29,3782.81,3762.145528751937
TR-033339,2025-07-29,989.07,985.1116346270601
TR-033340,2025-07-29,3865.21,4317.815561337985
TR-033341,2025-07-29,1811.38,1796.3217607924669
TR-033342,2025-07-29,625.2,630.6471871199493
TR-033343,2025-07-29,754.69,758.0272445431494
TR-033344,2025-07-29,2668.85,2684.9517786587735
TR-033345,2025-07-29,4211.13,4397.6559699000645
TR-033346,2025-07-29,1055.08,1066.0393078989987
TR-033347,2025-07-29,4668.29,4900.269701885101
TR-033348,2025-07-29,2304.18,2451.6166159450413
TR-033349,2025-07-29,1144.3,1141.362483647118
TR-033350,2025-07-29,5897.96,5976.0341129127455
TR-033351,2025-07-29,2152.41,2100.092270447187
TR-033352,2025-07-29,1680.49,1629.64827605771
TR-033353,2025-07-29,840.99,848.1772057047339
TR-033354,2025-07-29,844.68,820.1604910483948
TR-033355,2025-07-29,2292.39,2382.5680549851645
TR-033356,2025-07-29,1238.44,1287.4136032215858
TR-033357,2025-07-29,521.73,511.5367338853875
TR-033358,2025-07-29,1656.78,1657.3353816467484
TR-033359,2025-07-29,4343.02,4699.819071587936
TR-033360,2025-07-29,500.83,516.7697606154472
TR-033361,2025-07-29,1151.03,1177.617857657213
TR-033362,2025-07-29,3391.79,3484.0130520342605
TR-033363,2025-07-29,1942.0,1953.2105367585991
TR-033364,2025-07-29,3836.36,4354.225821732959
TR-033365,2025-07-29,4229.91,4532.295544158149
TR-033366,2025-07-29,1245.46,1285.6329568289386
TR-033367,2025-07-29,3647.9,3917.1762911672195
TR-033368,2025-07-29,3693.66,3939.2780994261816
TR-033369,2025-07-29,1132.59,1134.3690515536682
TR-033370,2025-07-29,1651.94,1652.9203776088275
TR-033371,2025-07-29,1388.08,1352.1804956751093
TR-033372,2025-07-29,1238.54,1246.1424657359605
TR-033373,2025-07-29,1145.59,1168.4844202218765
TR-033374,2025-07-29,662.05,669.7581846393923
TR-033375,2025-07-29,1800.0,1811.9634793153468
TR-033376,2025-07-29,1353.63,1328.7499559567236
TR-033377,2025-07-29,840.06,850.8892013107865
TR-033378,2025-07-29,3325.49,3243.110282785304
TR-033379,2025-07-29,1512.77,1537.5287803026215
TR-033380,2025-07-29,1407.85,1343.5833201388632
TR-033381,2025-07-29,654.72,666.6904172037642
TR-033382,2025-07-29,830.79,813.5265408033973
TR-033383,2025-07-29,5179.71,4886.854141272911
TR-033384,2025-07-29,1737.63,1794.182725101275
TR-033385,2025-07-29,3778.79,3716.093754030416
TR-033386,2025-07-29,831.77,845.0169829735476
TR-033387,2025-07-29,2589.12,2654.103055799059
TR-033388,2025-07-30,1492.45,1547.357764748497
TR-033389,2025-07-30,2425.9,2596.663178331854
TR-033390,2025-07-30,523.76,517.4168726175186
TR-033391,2025-07-30,1894.87,1857.488377210806
TR-033392,2025-07-30,4510.5,4638.304942025202
TR-033393,2025-07-30,2095.34,2170.3937173541876
TR-033394,2025-07-30,1159.17,1159.559773386061
TR-033395,2025-07-30,4384.3,4589.928324620373
TR-033396,2025-07-30,4316.63,4787.757278539571
TR-033397,2025-07-30,1823.2,1768.3171968028914
TR-033398,2025-07-30,649.26,654.2024718903763
TR-033399,2025-07-30,4873.57,4497.63948414508
TR-033400,2025-07-30,1074.28,1056.6063593855706
TR-033401,2025-07-30,4532.07,4974.879622989344
TR-033402,2025-07-30,2285.16,2298.1492814862268
TR-033403,2025-07-30,972.93,980.3648749923017
TR-033404,2025-07-30,1109.36,1118.761996671861
TR-033405,2025-07-30,2836.02,2960.503902923325
TR-033406,2025-07-30,2754.93,2658.918196764719
TR-033407,2025-07-30,3188.57,3224.4093701956
TR-033408,2025-07-30,1594.22,1592.0577774588542
TR-033409,2025-07-30,1704.36,1688.251413270305
TR-033410,2025-07-30,1211.82,1189.283441360718
TR-033411,2025-07-30,1577.8,1525.8198231989516
TR-033412,2025-07-30,1903.08,1926.0969022019676
TR-033413,2025-07-30,574.23,576.5095771102407
TR-033414,2025-07-30,1093.54,1112.4069956385558
TR-033415,2025-07-30,793.91,790.0196222396772
TR-033416,2025-07-30,2146.61,2278.568265530252
TR-033417,2025-07-30,1963.31,1969.7368462208235
TR-033418,2025-07-30,1826.74,1832.0666223572564
TR-033419,2025-07-30,1558.35,1586.1891229559458
TR-033420,2025-07-30,2532.58,2590.9020687754164
TR-033421,2025-07-30,4237.41,4258.471909419407
TR-033422,2025-07-30,2149.7,2236.5114691678345
TR-033423,2025-07-30,3921.35,4112.625934832315
TR-033424,2025-07-30,2609.89,2749.554657612175
TR-033425,2025-07-30,3454.91,3477.8507420474707
TR-033426,2025-07-30,1941.84,1868.9314250935856
TR-033427,2025-07-30,3018.74,3060.188660207953
TR-033428,2025-07-30,532.18,518.0590387435936
TR-033429,2025-07-30,3547.81,3787.7553619515757
TR-033430,2025-07-30,2285.38,2307.6267617118183
TR-033431,2025-07-30,1942.42,1895.0733234487848
TR-033432,2025-07-30,839.25,828.5838582889012
TR-033433,2025-07-30,1555.16,1554.7831413954877
TR-033434,2025-07-30,3762.37,3943.662931167053
TR-033435,2025-07-30,1800.79,1729.9019635855136
TR-033436,2025-07-30,5326.07,5290.069461083233
TR-033437,2025-07-30,1820.67,1824.3523359346095
TR-033438,2025-07-30,1689.34,1628.343153851446
TR-033439,2025-07-30,3137.97,3086.210373077123
TR-033440,2025-07-30,4318.58,4556.122429025517
TR-033441,2025-07-30,804.53,775.0426726218336
TR-033442,2025-07-30,2333.02,2284.596642238199
TR-033443,2025-07-30,3461.44,3603.2938781606053
TR-033444,2025-07-30,2818.73,2757.331856180576
TR-033445,2025-07-30,3543.39,3639.5774663738644
TR-033446,2025-07-30,2291.67,2307.959163141821
TR-033447,2025-07-30,1712.33,1925.8087448547851
TR-033448,2025-07-30,2348.45,2360.2337789056387
TR-033449,2025-07-30,1681.37,1854.2788064783263
TR-033450,2025-07-30,1270.94,1269.386050838549
TR-033451,2025-07-30,2166.93,2214.9595370602347
TR-033452,2025-07-30,3599.57,3746.0719102944527
TR-033453,2025-07-30,2504.96,2594.1146872305544
TR-033454,2025-07-30,4148.95,4435.5986932348815
TR-033455,2025-07-30,2080.07,2171.824749735126
TR-033456,2025-07-30,2834.56,3038.9056389941757
TR-033457,2025-07-30,1444.8,1456.149751120613
TR-033458,2025-07-30,1861.47,1831.2693820891777
TR-033459,2025-07-30,4571.47,5082.7615855958975
TR-033460,2025-07-30,5253.1,5165.473345007978
TR-033461,2025-07-30,2799.52,3030.6384770099917
TR-033462,2025-07-30,4442.0,4795.606309090951
TR-033463,2025-07-30,787.16,780.0360151398896
TR-033464,2025-07-30,2207.87,2449.130138814888
TR-033465,2025-07-30,2117.14,2089.0190511466462
TR-033466,2025-07-30,1153.84,1189.5113381627912
TR-033467,2025-07-30,2595.59,2706.950959591571
TR-033468,2025-07-30,1392.04,1370.7662812300725
TR-033469,2025-07-30,889.07,893.5564567289741
TR-033470,2025-07-30,1982.01,2175.6675369425952
TR-033471,2025-07-30,2686.32,2689.2160279147747
TR-033472,2025-07-30,6127.79,6006.7420726342125
TR-033473,2025-07-30,1046.89,1043.2143405802296
TR-033474,2025-07-30,3986.38,4125.4180353998545
TR-033475,2025-07-30,2158.96,2172.1714303966687
TR-033476,2025-07-30,5522.82,5647.843756090415
TR-033477,2025-07-30,2331.43,2356.5755958745845
TR-033478,2025-07-30,2089.17,2212.624753605823
TR-033479,2025-07-30,3859.45,4063.6789208236055
TR-033480,2025-07-30,4432.04,4790.847504182664
TR-033481,2025-07-30,4367.11,4652.540929267044
TR-033482,2025-07-30,2423.77,2418.2269803383783
TR-033483,2025-07-30,1868.17,1819.51682051197
TR-033484,2025-07-30,2265.16,2344.5990310887246
TR-033485,2025-07-30,1850.8,1826.0828976775213
TR-033486,2025-07-30,5403.43,5583.485387103595
TR-033487,2025-07-30,3749.77,3987.225459842235
TR-033488,2025-07-30,1636.98,1647.9828919921038
TR-033489,2025-07-30,2373.91,2543.276874902021
TR-033490,2025-07-30,4711.88,5266.087000301325
TR-033491,2025-07-30,1115.43,1112.3327205491019
TR-033492,2025-07-30,4374.98,4812.624981777446
TR-033493,2025-07-30,5228.93,5493.27759237636
TR-033494,2025-07-30,331.63,335.5268103508049
TR-033495,2025-07-30,3983.97,4169.826572062603
TR-033496,2025-07-30,853.23,848.1732722824727
TR-033497,2025-07-30,2766.52,2717.376234442707
TR-033498,2025-07-30,5234.26,5377.933571814289
TR-033499,2025-07-30,944.31,926.4263494346378
TR-033500,2025-07-30,3815.3,4110.665390009033
TR-033501,2025-07-30,1579.34,1582.3677642183509
TR-033502,2025-07-30,681.29,664.6650551067853
TR-033503,2025-07-30,972.78,984.981107357944
TR-033504,2025-07-30,1472.46,1590.3059261851533
TR-033505,2025-07-30,867.75,871.3376680004543
TR-033506,2025-07-30,1607.06,1680.4720589138876
TR-033507,2025-07-30,4816.56,5062.234402676474
TR-033508,2025-07-30,795.95,780.1181045968663
TR-033509,2025-07-30,5154.49,5301.778294826594
TR-033510,2025-07-30,3244.94,3338.821122211854
TR-033511,2025-07-30,1407.64,1386.3358026818598
TR-033512,2025-07-30,420.29,404.75234420969673
TR-033513,2025-07-30,817.79,801.712189307622
TR-033514,2025-07-30,4307.23,4401.982391851991
TR-033515,2025-07-30,2734.49,2683.556617621114
TR-033516,2025-07-30,1492.69,1478.7196388696755
TR-033517,2025-07-30,473.01,489.2025402360018
TR-033518,2025-07-30,2046.33,2028.503606525174
TR-033519,2025-07-30,2864.62,3095.5476695123098
TR-033520,2025-07-30,2127.18,2124.866734606672
TR-033521,2025-07-30,1184.72,1184.5705219710003
TR-033522,2025-07-30,1737.62,1732.4510716748619
TR-033523,2025-07-30,825.4,833.1399735858573
TR-033524,2025-07-30,3397.54,3466.1972243755145
TR-033525,2025-07-30,1065.03,1073.7361714300753
TR-033526,2025-07-30,1540.87,1508.3720002390723
TR-033527,2025-07-30,2008.33,2018.8121336044783
TR-033528,2025-07-30,4067.77,4270.884481947528
TR-033529,2025-07-30,2755.3,2614.8200144364914
TR-033530,2025-07-30,1671.59,1808.4310727709963
TR-033531,2025-07-30,2717.57,2865.5200293170687
TR-033532,2025-07-30,2597.84,2593.3346257836256
TR-033533,2025-07-30,1642.37,1648.8336365807656
TR-033534,2025-07-30,4436.45,4570.184296273047
TR-033535,2025-07-30,1294.5,1243.7562422053102
TR-033536,2025-07-30,755.86,754.1962140684244
TR-033537,2025-07-30,1058.07,1069.1747715048944
TR-033538,2025-07-30,3587.26,3755.7849671553863
TR-033539,2025-07-30,1526.98,1512.5930333582514
TR-033540,2025-07-30,4765.3,4798.846912538469
TR-033541,2025-07-30,2626.56,2711.3897557657947
TR-033542,2025-07-30,2777.24,2693.6386995011862
TR-033543,2025-07-30,2705.94,2673.0018294931238
TR-033544,2025-07-30,4655.63,4496.284693622694
TR-033545,2025-07-30,4927.45,4826.537994232438
TR-033546,2025-07-30,3099.64,3064.0232504011683
TR-033547,2025-07-30,391.46,387.7814336300741
TR-033548,2025-07-30,1601.82,1719.2084527520956
TR-033549,2025-07-30,1986.12,1964.9722132255677
TR-033550,2025-07-30,1398.59,3940.9344057436797
TR-033551,2025-07-30,2425.96,2406.968892770277
TR-033552,2025-07-30,1193.55,1159.8294603641452
TR-033553,2025-07-30,1154.62,1151.865878289042
TR-033554,2025-07-31,1179.09,1175.1044138217153
TR-033555,2025-07-31,694.94,685.6420303358509
TR-033556,2025-07-31,966.97,943.5561007186037
TR-033557,2025-07-31,2028.71,2020.6070816482404
TR-033558,2025-07-31,2520.82,2479.1125796106767
TR-033559,2025-07-31,1053.9,1027.0587164317262
TR-033560,2025-07-31,2665.31,2703.304683387755
TR-033561,2025-07-31,5306.3,5588.167237928807
TR-033562,2025-07-31,2984.0,2984.9818638009892
TR-033563,2025-07-31,3609.2,3243.1044065936453
TR-033564,2025-07-31,3905.53,4075.6986819239614
TR-033565,2025-07-31,2525.63,2515.139884614182
TR-033566,2025-07-31,773.86,794.5531636717883
TR-033567,2025-07-31,4283.98,4566.540909650616
TR-033568,2025-07-31,1674.07,1639.5805079725233
TR-033569,2025-07-31,977.64,976.4500636108393
TR-033570,2025-07-31,1437.12,1532.1881480887305
TR-033571,2025-07-31,5167.59,5117.8550444054845
TR-033572,2025-07-31,2329.27,2427.0375569238986
TR-033573,2025-07-31,1536.67,1564.0577876440161
TR-033574,2025-07-31,1710.34,1764.3358888969465
TR-033575,2025-07-31,2564.39,2495.7159944011655
TR-033576,2025-07-31,2283.06,2348.0042601533314
TR-033577,2025-07-31,1516.79,1511.0212867055193
TR-033578,2025-07-31,1315.65,1374.6146829051597
TR-033579,2025-07-31,2284.82,2347.5918536500203
TR-033580,2025-07-31,3818.44,3858.691920756143
TR-033581,2025-07-31,3287.63,3431.7590516785494
TR-033582,2025-07-31,1031.99,1025.2968717186322
TR-033583,2025-07-31,2256.64,2462.906864188336
TR-033584,2025-07-31,2382.85,2409.352721444594
TR-033585,2025-07-31,2996.59,3179.7164126988037
TR-033586,2025-07-31,171.28,933.3741880469007
TR-033587,2025-07-31,3236.3,3142.3746789172696
TR-033588,2025-07-31,5242.67,5408.035334844917
TR-033589,2025-07-31,821.5,836.2716651511865
TR-033590,2025-07-31,1522.92,1530.6495059431059
TR-033591,2025-07-31,2939.42,3050.504905032515
TR-033592,2025-07-31,4293.63,4135.26027925743
TR-033593,2025-07-31,2945.96,2889.394631955076
TR-033594,2025-07-31,2472.99,2620.505491710753
TR-033595,2025-07-31,738.34,738.3026079861423
TR-033596,2025-07-31,3256.86,3402.0572647823406
TR-033597,2025-07-31,1944.65,1893.2432582894926
TR-033598,2025-07-31,4297.86,4601.067133155109
TR-033599,2025-07-31,2198.37,2445.750657916817
TR-033600,2025-07-31,2978.27,2996.5070494650154
TR-033601,2025-07-31,4935.31,5044.0868139311615
TR-033602,2025-07-31,652.13,666.4308692350348
TR-033603,2025-07-31,3506.35,3543.793731691352
TR-033604,2025-07-31,1113.56,1116.3234798090227
TR-033605,2025-07-31,4448.72,4465.45496536307
TR-033606,2025-07-31,1633.43,1652.3198828213824
TR-033607,2025-07-31,1482.92,1573.4139370135285
TR-033608,2025-07-31,1600.76,1623.9486522414475
TR-033609,2025-07-31,1754.5,1733.908229641994
TR-033610,2025-07-31,850.85,860.573034864018
TR-033611,2025-07-31,574.44,552.5459776683111
TR-033612,2025-07-31,805.97,809.0289052735502
TR-033613,2025-07-31,3726.52,3768.5763624078686
TR-033614,2025-07-31,1813.51,1874.88906588965
TR-033615,2025-07-31,1956.95,1958.6733712010232
TR-033616,2025-07-31,3509.04,3435.8837837697606
TR-033617,2025-07-31,3414.58,3542.656974471002
TR-033618,2025-07-31,1171.32,1161.893257506791
TR-033619,2025-07-31,1169.44,1187.5165592433268
TR-033620,2025-07-31,1078.13,1100.4710950947922
TR-033621,2025-07-31,2035.68,2002.2476658487296
TR-033622,2025-07-31,816.59,821.8707619995308
TR-033623,2025-07-31,2883.69,3111.2408373409025
TR-033624,2025-07-31,1690.05,1876.7765299417958
TR-033625,2025-07-31,1374.42,1338.544345899559
TR-033626,2025-07-31,4992.63,5092.020189085597
TR-033627,2025-07-31,1519.07,1521.704971415249
TR-033628,2025-07-31,4372.7,4562.759643862036
TR-033629,2025-07-31,6555.87,6310.329225183588
TR-033630,2025-07-31,4293.8,4601.534257853051
TR-033631,2025-07-31,3888.72,4121.2076398923355
TR-033632,2025-07-31,4984.37,5199.416963329733
TR-033633,2025-07-31,1305.57,1277.3554971459562
TR-033634,2025-07-31,4343.49,4765.17006217647
TR-033635,2025-07-31,3201.29,3348.524946931855
TR-033636,2025-07-31,1041.63,1009.0981743653704
TR-033637,2025-07-31,487.3,484.18730265075635
TR-033638,2025-07-31,3469.85,3632.980284913771
TR-033639,2025-07-31,3461.66,3691.9736934939933
TR-033640,2025-07-31,1669.65,1688.5859521778114
TR-033641,2025-07-31,3991.54,4090.6873412879113
TR-033642,2025-07-31,4627.87,4861.8877185898045
TR-033643,2025-07-31,1234.28,1323.049985396384
TR-033644,2025-07-31,3037.85,3091.400434237525
TR-033645,2025-07-31,2908.0,2836.0222325738723
TR-033646,2025-07-31,3475.05,3638.910308457978
TR-033647,2025-07-31,3325.09,1163.963308539765
TR-033648,2025-07-31,1802.48,1784.250965513679
TR-033649,2025-07-31,2392.89,2487.104644784426
TR-033650,2025-07-31,2638.99,2634.6273881760508
TR-033651,2025-07-31,1554.34,1561.0539271492607
TR-033652,2025-07-31,6861.97,6241.570517295613
TR-033653,2025-07-31,2903.33,3017.982544864987
TR-033654,2025-07-31,1820.81,1832.5535973980407
TR-033655,2025-07-31,2099.51,2064.901972772366
TR-033656,2025-07-31,399.91,388.3685188257194
TR-033657,2025-07-31,242.62,270.8881910896254
TR-033658,2025-07-31,4389.63,4649.640721538251
TR-033659,2025-07-31,2147.77,2131.0262307863554
TR-033660,2025-07-31,837.32,820.2338256593404
TR-033661,2025-07-31,1380.87,1354.2278565783538
TR-033662,2025-07-31,764.39,765.7208029603621
TR-033663,2025-07-31,3676.16,3731.2501690083072
TR-033664,2025-07-31,4366.08,4350.944065543037
TR-033665,2025-07-31,1893.21,1908.8905075225969
TR-033666,2025-07-31,1577.92,1611.538286119797
TR-033667,2025-07-31,3057.03,3272.939663093519
TR-033668,2025-07-31,1672.79,1696.647474259699
TR-033669,2025-07-31,3559.74,3938.330705796746
TR-033670,2025-07-31,4510.39,4556.055275547703
TR-033671,2025-07-31,2729.95,2925.2880265979015
TR-033672,2025-07-31,1783.51,1824.6349194687782
TR-033673,2025-07-31,3407.64,3565.163698109239
TR-033674,2025-07-31,1016.79,1009.2807195108553
TR-033675,2025-07-31,1827.31,2090.010257894215
TR-033676,2025-07-31,981.15,970.7460392608994
TR-033677,2025-07-31,2524.36,2640.3567396526996
TR-033678,2025-07-31,1914.4,2045.168397839834
TR-033679,2025-07-31,1109.3,1106.4890390578284
TR-033680,2025-07-31,4295.53,4707.85321220624
TR-033681,2025-07-31,4692.93,4850.175021234802
TR-033682,2025-07-31,2704.31,2718.3739252610126
TR-033683,2025-07-31,960.9,955.8798120353199
TR-033684,2025-07-31,813.1,805.2233113648795
TR-033685,2025-07-31,2067.97,2114.630906493593
TR-033686,2025-07-31,1782.53,1892.4607310309882
TR-033687,2025-07-31,3067.99,3275.2720251279698
TR-033688,2025-07-31,3593.31,3783.067589650817
TR-033689,2025-07-31,1501.04,1493.9150207077041
TR-033690,2025-07-31,2114.02,2190.431330145904
TR-033691,2025-07-31,2733.75,2678.6830956817284
TR-033692,2025-07-31,1579.13,1587.731160445297
TR-033693,2025-07-31,1775.76,1805.4211836915842
TR-033694,2025-07-31,1960.66,1988.556773734811
TR-033695,2025-07-31,3005.74,3078.2450313702407
TR-033696,2025-07-31,1824.89,1808.064409359022
TR-033697,2025-07-31,875.7,866.9519826426663
TR-033698,2025-07-31,5256.89,5313.034305564584
TR-033699,2025-07-31,1633.09,1666.444401830697
TR-033700,2025-07-31,2673.7,2870.9700637004107
TR-033701,2025-07-31,4477.45,4796.934714154471
TR-033702,2025-07-31,1839.76,1841.5110136065837
TR-033703,2025-07-31,3429.46,3631.1390773579965
TR-033704,2025-07-31,1681.79,1650.424399220001
TR-033705,2025-07-31,1663.85,1676.160638057736
TR-033706,2025-07-31,1565.57,1570.3509240174883
TR-033707,2025-07-31,2153.28,2125.4514657209793
TR-033708,2025-07-31,1184.85,1180.1412192208766
TR-033709,2025-07-31,252.68,280.22586350681985
TR-033710,2025-07-31,1758.02,1879.274971893682
TR-033711,2025-07-31,2554.48,2561.652876745477
TR-033712,2025-07-31,2655.55,2840.279076651729
TR-033713,2025-07-31,1131.42,1143.099912350983
TR-033714,2025-07-31,3190.44,3273.597468757109
TR-033715,2025-07-31,2092.53,2173.2959350633782
TR-033716,2025-07-31,2316.16,2279.1317620718833
TR-033717,2025-07-31,1860.68,1887.7497900197072
TR-033718,2025-07-31,1247.41,1234.473555792843
TR-033719,2025-08-01,867.62,852.8340758907158
TR-033720,2025-08-01,1789.0,1863.5744064667122
TR-033721,2025-08-01,2403.16,2302.3035517697035
TR-033722,2025-08-01,4722.42,5170.306725381585
TR-033723,2025-08-01,276.48,286.4489200231213
TR-033724,2025-08-01,1243.65,1188.824102280694
TR-033725,2025-08-01,1664.84,1743.4042842084527
TR-033726,2025-08-01,1286.77,1237.0873603473592
TR-033727,2025-08-01,3475.19,3764.6389229819592
TR-033728,2025-08-01,4007.13,4017.895145100926
TR-033729,2025-08-01,2507.97,2486.0586344499143
TR-033730,2025-08-01,917.05,819.7498069751884
TR-033731,2025-08-01,3562.11,3591.912684113821
TR-033732,2025-08-01,2197.15,2181.9130895956246
TR-033733,2025-08-01,747.57,669.9991718604939
TR-033734,2025-08-01,2511.03,2538.9166089495957
TR-033735,2025-08-01,1092.22,957.2303763038714
TR-033736,2025-08-01,1331.9,1318.6302234329041
TR-033737,2025-08-01,3634.84,3870.6679345177017
TR-033738,2025-08-01,606.35,582.0203642459542
TR-033739,2025-08-01,3822.64,4133.46145840077
TR-033740,2025-08-01,830.35,808.9932260234735
TR-033741,2025-08-01,2525.75,2789.963427596195
TR-033742,2025-08-01,3472.54,3356.9940423958064
TR-033743,2025-08-01,2215.04,2171.163550337237
TR-033744,2025-08-01,4279.06,3874.431263914454
TR-033745,2025-08-01,1096.66,1031.9356337858069
TR-033746,2025-08-01,2040.66,2062.0818183380707
TR-033747,2025-08-01,664.74,628.982854392135
TR-033748,2025-08-01,662.76,639.1286202871358
TR-033749,2025-08-01,2008.68,2152.484112136948
TR-033750,2025-08-01,2234.64,2127.528757761273
TR-033751,2025-08-01,2537.62,2700.0702399173933
TR-033752,2025-08-01,4258.1,4119.677085803052
TR-033753,2025-08-01,2474.08,2365.2516710544487
TR-033754,2025-08-01,1809.03,1753.0106934971861
TR-033755,2025-08-01,3799.11,3653.717037280287
TR-033756,2025-08-01,856.65,954.3267365333068
TR-033757,2025-08-01,2136.44,2056.959342493395
TR-033758,2025-08-01,3853.87,4156.2510427535035
TR-033759,2025-08-01,1090.79,1094.6503331200652
TR-033760,2025-08-01,5143.64,5403.028858743051
TR-033761,2025-08-01,3967.88,4166.2029642407815
TR-033762,2025-08-01,2142.51,1941.4549652439005
TR-033763,2025-08-01,3074.49,2976.413547109092
TR-033764,2025-08-01,2482.57,2376.693181384888
TR-033765,2025-08-01,631.13,657.3637159587415
TR-033766,2025-08-01,4026.23,3920.983393322061
TR-033767,2025-08-01,941.46,940.731947191377
TR-033768,2025-08-01,1457.24,1642.1959252905704
TR-033769,2025-08-01,2057.39,2163.9157950405893
TR-033770,2025-08-01,236.48,665.1236475154341
TR-033771,2025-08-01,784.35,816.3702255135307
TR-033772,2025-08-01,1659.97,1745.3010636934298
TR-033773,2025-08-01,1971.17,2071.5516759042516
TR-033774,2025-08-01,1442.58,1477.2232973280175
TR-033775,2025-08-01,2610.45,2672.1251751035334
TR-033776,2025-08-01,4334.24,4822.525433341579
TR-033777,2025-08-01,4004.31,4210.412726571548
TR-033778,2025-08-01,3317.04,3240.0435431769447
TR-033779,2025-08-01,2746.34,2536.3881799295377
TR-033780,2025-08-01,1575.68,1404.5243681798565
TR-033781,2025-08-01,3699.41,3547.7460142563077
TR-033782,2025-08-01,1220.53,1194.6429316307049
TR-033783,2025-08-01,2808.81,2941.8012881429245
TR-033784,2025-08-01,780.13,689.1651929576776
TR-033785,2025-08-01,1304.64,1304.2441230090594
TR-033786,2025-08-01,1959.95,1953.8678669219498
TR-033787,2025-08-01,539.38,515.5786366964331
TR-033788,2025-08-01,4168.16,4601.168789861372
TR-033789,2025-08-01,1257.53,1201.4016930581206
TR-033790,2025-08-01,400.5,379.56793342513487
TR-033791,2025-08-01,2085.87,2168.3802384075357
TR-033792,2025-08-01,3052.13,2891.774526798279
TR-033793,2025-08-01,925.69,959.5629793876817
TR-033794,2025-08-01,3801.15,3944.382114941955
TR-033795,2025-08-01,2124.89,1991.3925563595658
TR-033796,2025-08-01,3882.94,4220.026253447322
TR-033797,2025-08-01,1166.72,1099.6960629227835
TR-033798,2025-08-01,3282.16,3053.3660729578155
TR-033799,2025-08-01,2234.9,2210.1222532967026
TR-033800,2025-08-01,1326.02,1400.397614342778
TR-033801,2025-08-01,920.2,883.2851679173248
TR-033802,2025-08-01,3944.93,3829.8376091506816
TR-033803,2025-08-01,4835.29,4827.65778617439
TR-033804,2025-08-01,2202.97,2425.9587528745856
TR-033805,2025-08-01,2969.53,3257.58966869982
TR-033806,2025-08-01,4057.04,4066.2297391773373
TR-033807,2025-08-01,4766.29,4566.000987597272
TR-033808,2025-08-01,1229.96,1307.7732142956534
TR-033809,2025-08-01,2260.24,2150.0683538892868
TR-033810,2025-08-01,3841.99,4061.4416875195884
TR-033811,2025-08-01,1660.14,1693.3095756159
TR-033812,2025-08-01,3193.75,2956.5547103221506
TR-033813,2025-08-01,1044.84,1021.0569310293541
TR-033814,2025-08-01,1907.25,1960.4805692590062
TR-033815,2025-08-01,3001.06,3234.3212068111593
TR-033816,2025-08-01,2686.58,2731.0525800054256
TR-033817,2025-08-01,2140.85,2090.7713669590544
TR-033818,2025-08-01,3702.88,3669.1343411093176
TR-033819,2025-08-01,1658.17,1642.58587470548
TR-033820,2025-08-01,1855.63,1758.708799370265
TR-033821,2025-08-01,648.19,628.6069045021893
TR-033822,2025-08-01,625.72,609.2359842215357
TR-033823,2025-08-01,772.01,748.9755531005549
TR-033824,2025-08-01,3827.0,3858.895755883383
TR-033825,2025-08-01,4059.57,4270.700320229122
TR-033826,2025-08-01,2568.67,2446.844645206565
TR-033827,2025-08-01,2463.37,2312.236929445351
TR-033828,2025-08-01,1930.71,1907.9059363649144
TR-033829,2025-08-01,2334.52,2443.9043535950223
TR-033830,2025-08-01,2795.59,2628.9554750285624
TR-033831,2025-08-01,3130.89,3131.4066065192474
TR-033832,2025-08-01,3156.54,3194.894048956319
TR-033833,2025-08-01,1141.69,1146.0139170719804
TR-033834,2025-08-01,3477.96,3446.2111278459433
TR-033835,2025-08-01,1699.01,1598.9254545093918
TR-033836,2025-08-01,4584.03,4845.32877254621
TR-033837,2025-08-01,3884.75,4031.5458476579815
TR-033838,2025-08-01,804.18,819.0311930751959
TR-033839,2025-08-01,1414.94,1405.2271660840822
TR-033840,2025-08-01,1383.98,1423.6606466522337
TR-033841,2025-08-01,1809.13,1795.3117207209489
TR-033842,2025-08-01,3598.93,3574.8303933812217
TR-033843,2025-08-01,2956.21,2990.950821747017
TR-033844,2025-08-01,1653.71,1672.5646765769418
TR-033845,2025-08-01,1171.55,1277.936998576269
TR-033846,2025-08-01,2896.69,2840.9336373433093
TR-033847,2025-08-01,2682.67,2636.3374070227255
TR-033848,2025-08-01,2852.82,2893.208488247557
TR-033849,2025-08-01,1298.64,1231.6964338703071
TR-033850,2025-08-01,1646.28,1714.1240780133805
TR-033851,2025-08-01,4136.86,4302.356816866734
TR-033852,2025-08-01,3533.04,3801.7965358661827
TR-033853,2025-08-01,3390.11,3494.5646795167245
TR-033854,2025-08-01,2165.69,2223.511094748604
TR-033855,2025-08-01,2207.7,2228.182190496271
TR-033856,2025-08-01,3894.65,3923.6509897974493
TR-033857,2025-08-01,2203.67,2306.259784399416
TR-033858,2025-08-01,1605.77,1685.3276688896094
TR-033859,2025-08-01,5226.07,5515.479875519659
TR-033860,2025-08-01,5850.29,5655.384005048362
TR-033861,2025-08-01,1693.17,1738.6868232983345
TR-033862,2025-08-01,3470.83,3666.9955519738232
TR-033863,2025-08-01,5152.02,5031.97349201549
TR-033864,2025-08-01,1343.43,1245.2133504892554
TR-033865,2025-08-01,1038.63,1021.8199835763584
TR-033866,2025-08-01,483.85,488.7002880956988
TR-033867,2025-08-02,2394.85,2482.016835821856
TR-033868,2025-08-02,5608.62,5427.632879670505
TR-033869,2025-08-02,907.17,926.772561839
TR-033870,2025-08-02,1593.7,1566.7936142824265
TR-033871,2025-08-02,3088.95,3018.317348768417
TR-033872,2025-08-02,1383.73,1358.0058273840182
TR-033873,2025-08-02,548.34,520.9148995141693
TR-033874,2025-08-02,4344.56,4184.919906400066
TR-033875,2025-08-02,926.33,896.4472087705252
TR-033876,2025-08-02,1778.67,1760.0988657894475
TR-033877,2025-08-02,4067.91,4362.277070064779
TR-033878,2025-08-02,1594.47,1584.1697169875895
TR-033879,2025-08-02,1079.38,1089.472229689617
TR-033880,2025-08-02,1902.25,1882.395084835618
TR-033881,2025-08-02,804.32,799.131472371065
TR-033882,2025-08-02,524.83,486.73071322097707
TR-033883,2025-08-02,2845.08,2938.493659701158
TR-033884,2025-08-02,1931.83,2083.0342839910745
TR-033885,2025-08-02,3592.99,3881.8312640339955
TR-033886,2025-08-02,3812.14,3938.1411248289232
TR-033887,2025-08-02,3812.37,3896.596244511154
TR-033888,2025-08-02,6163.95,6018.774671030959
TR-033889,2025-08-02,1908.53,1831.241453014128
TR-033890,2025-08-02,1861.41,1786.7018114209661
TR-033891,2025-08-02,1822.01,1918.306390455086
TR-033892,2025-08-02,2553.25,2487.8384496845074
TR-033893,2025-08-02,4532.85,4639.219822462942
TR-033894,2025-08-02,3939.72,3995.2019776435723
TR-033895,2025-08-02,4714.07,4729.767736108305
TR-033896,2025-08-02,1056.64,1116.7553338108994
TR-033897,2025-08-02,1752.59,1924.2105251921926
TR-033898,2025-08-02,1427.18,1421.2923514450176
TR-033899,2025-08-02,1994.72,2083.004876220331
TR-033900,2025-08-02,3962.62,3668.541572786976
TR-033901,2025-08-02,1702.25,1641.355373512601
TR-033902,2025-08-02,3031.99,3043.655037866027
TR-033903,2025-08-02,1486.79,1682.8783115645358
TR-033904,2025-08-02,1851.59,1919.513203965691
TR-033905,2025-08-02,4161.02,3761.992128069261
TR-033906,2025-08-02,4813.98,5347.2621690554515
TR-033907,2025-08-02,803.92,834.7916316257197
TR-033908,2025-08-02,1437.39,1432.6481437402967
TR-033909,2025-08-02,2690.82,2742.5076904272505
TR-033910,2025-08-02,2281.95,2288.4280138271492
TR-033911,2025-08-02,2448.56,2492.164204799846
TR-033912,2025-08-02,650.81,638.1942240811196
TR-033913,2025-08-02,3234.68,3433.4737131229685
TR-033914,2025-08-02,4871.74,5412.9651510449785
TR-033915,2025-08-02,2222.35,2334.4592913697525
TR-033916,2025-08-02,1100.92,1141.1491111082819
TR-033917,2025-08-02,1394.76,1389.7330862641693
TR-033918,2025-08-02,3205.6,3256.812793220575
TR-033919,2025-08-02,648.49,611.9316450662102
TR-033920,2025-08-02,3807.18,3786.5412123357955
TR-033921,2025-08-02,978.47,959.443134112544
TR-033922,2025-08-02,3293.11,3214.856241879958
TR-033923,2025-08-02,1734.74,1854.2274433092186
TR-033924,2025-08-02,1947.61,1976.9314790430547
TR-033925,2025-08-02,1559.92,1344.8778872301227
TR-033926,2025-08-02,1784.01,1810.5215979560032
TR-033927,2025-08-02,1771.45,1906.3275417986795
TR-033928,2025-08-02,1171.35,1194.4149563767858
TR-033929,2025-08-02,252.2,295.3102383184647
TR-033930,2025-08-02,2145.78,2166.2306977958638
TR-033931,2025-08-02,2912.64,2900.7839475824803
TR-033932,2025-08-02,2299.11,2326.0857200071646
TR-033933,2025-08-02,3307.2,3507.668629853964
TR-033934,2025-08-02,2475.56,2389.114286188112
TR-033935,2025-08-02,3940.26,4099.233959948176
TR-033936,2025-08-02,5735.1,5726.270098904599
TR-033937,2025-08-02,2324.69,2344.360686202985
TR-033938,2025-08-02,2134.15,2180.1737500341305
TR-033939,2025-08-02,3170.25,3306.8541467086
TR-033940,2025-08-02,1416.92,1441.5288134876425
TR-033941,2025-08-02,1896.46,1766.3692139473633
TR-033942,2025-08-02,1198.58,1155.7186018592106
TR-033943,2025-08-02,2033.22,2045.3291391734442
TR-033944,2025-08-02,3740.02,3709.420286764957
TR-033945,2025-08-02,574.3,547.8077674018996
TR-033946,2025-08-02,2341.23,2319.1929381872424
TR-033947,2025-08-02,4210.03,4119.595121561026
TR-033948,2025-08-02,2654.01,2742.472774566852
TR-033949,2025-08-02,5754.26,5595.206014340875
TR-033950,2025-08-02,2267.14,2115.4390271257585
TR-033951,2025-08-02,5227.69,5320.444132203975
TR-033952,2025-08-02,1642.52,1820.6365996081745
TR-033953,2025-08-02,1933.41,1987.6836614655742
TR-033954,2025-08-02,846.8,778.4930671741762
TR-033955,2025-08-02,3164.8,3383.985768991842
TR-033956,2025-08-02,3686.34,3323.3142386122345
TR-033957,2025-08-02,1834.02,1952.506680592945
TR-033958,2025-08-02,5106.99,5117.143897652098
TR-033959,2025-08-02,1777.75,1743.9149187282233
TR-033960,2025-08-02,1973.02,2053.417201515731
TR-033961,2025-08-02,2778.66,2951.6107496383347
TR-033962,2025-08-02,1551.83,1630.6419623907236
TR-033963,2025-08-02,1011.11,1020.8743915739997
TR-033964,2025-08-02,5071.92,5054.733285409476
TR-033965,2025-08-02,1496.05,1542.945207027184
TR-033966,2025-08-02,4353.92,4679.303835845327
TR-033967,2025-08-02,837.63,822.0176269086688
TR-033968,2025-08-02,2597.51,2594.184614253608
TR-033969,2025-08-02,2084.14,2203.3351368389353
TR-033970,2025-08-02,1924.28,1801.3285807165807
TR-033971,2025-08-02,2285.31,2384.988353879224
TR-033972,2025-08-02,3325.75,3539.8481610377544
TR-033973,2025-08-02,760.91,714.7274962944713
TR-033974,2025-08-02,2362.67,2286.799565477414
TR-033975,2025-08-02,3556.89,3583.162203210311
TR-033976,2025-08-02,5709.31,5656.488226968299
TR-033977,2025-08-02,829.36,820.7808519032519
TR-033978,2025-08-02,785.23,799.8428194010042
TR-033979,2025-08-02,1493.87,1491.0213738418456
TR-033980,2025-08-02,2309.75,2278.6294705317882
TR-033981,2025-08-02,2501.06,2553.3750154808763
TR-033982,2025-08-02,2255.88,2247.5820539325146
TR-033983,2025-08-02,1951.31,2037.594849756532
TR-033984,2025-08-02,4086.4,4485.313288953763
TR-033985,2025-08-02,1074.82,1060.3763294263788
TR-033986,2025-08-02,3146.66,2713.4446043817366
TR-033987,2025-08-02,2079.64,2266.1671734555634
TR-033988,2025-08-02,2018.62,2067.6301297358723
TR-033989,2025-08-02,1562.72,1669.6768552719047
TR-033990,2025-08-02,2505.44,2528.5241218989813
TR-033991,2025-08-02,1328.04,1324.6022765053588
TR-033992,2025-08-02,2125.37,2257.9701110193896
TR-033993,2025-08-02,1665.9,1705.5301818660384
TR-033994,2025-08-02,1119.16,1086.3009201295388
TR-033995,2025-08-02,2680.3,2734.4467130691082
TR-033996,2025-08-02,837.83,728.3032716532688
TR-033997,2025-08-02,2346.96,2170.7707794011044
TR-033998,2025-08-02,1634.34,1718.9277866677292
TR-033999,2025-08-02,1126.45,1152.7579122154955
TR-034000,2025-08-02,1183.3,1125.81388677343
TR-034001,2025-08-02,2320.25,2313.218610954424
TR-034002,2025-08-02,317.01,296.44577889504217
TR-034003,2025-08-02,512.3,478.7932511440728
TR-034004,2025-08-02,919.74,884.8441161889132
TR-034005,2025-08-02,1444.21,1430.682016871174
TR-034006,2025-08-02,948.25,903.3175478699922
TR-034007,2025-08-02,1827.37,1732.802259504342
TR-034008,2025-08-02,817.95,752.7959967707762
TR-034009,2025-08-02,2057.63,1971.4697280594319
TR-034010,2025-08-02,3609.07,3053.2253183046173
TR-034011,2025-08-02,1239.71,1227.3076340492034
TR-034012,2025-08-02,1603.87,1698.5922635469515
TR-034013,2025-08-02,2125.75,2247.3050477785678
TR-034014,2025-08-02,1962.76,2072.4881416242156
TR-034015,2025-08-02,1034.19,1000.1766435653974
TR-034016,2025-08-02,5067.84,5142.985228638908
TR-034017,2025-08-02,1796.09,1830.434124157981
TR-034018,2025-08-02,1937.5,1879.523334107306
TR-034019,2025-08-02,1244.72,1229.3662258314516
TR-034020,2025-08-02,1025.87,1018.5177626118558
TR-034021,2025-08-02,5269.1,5643.146162465374
TR-034022,2025-08-02,3420.72,3431.4188454344953
TR-034023,2025-08-02,1134.01,1135.5635951972008
TR-034024,2025-08-02,1406.7,1379.9311687815057
TR-034025,2025-08-02,1152.47,1186.1846611310507
TR-034026,2025-08-02,4159.38,4483.7964403738115
TR-034027,2025-08-02,1076.58,1021.769928090827
TR-034028,2025-08-03,2687.56,2972.8554796604803
TR-034029,2025-08-03,1707.58,1724.3814417506333
TR-034030,2025-08-03,770.25,710.4110953863049
TR-034031,2025-08-03,863.58,815.0404955516173
TR-034032,2025-08-03,1139.44,1064.412149384848
TR-034033,2025-08-03,5041.03,5337.4219557399365
TR-034034,2025-08-03,4407.53,3544.0895251951397
TR-034035,2025-08-03,4795.74,5098.497245399633
TR-034036,2025-08-03,3487.12,3631.126008610637
TR-034037,2025-08-03,1346.16,1270.3645072535116
TR-034038,2025-08-03,800.76,709.5923246134709
TR-034039,2025-08-03,3689.84,3549.6830517002077
TR-034040,2025-08-03,3897.88,4001.7631791988297
TR-034041,2025-08-03,756.26,757.2992879413936
TR-034042,2025-08-03,3359.43,3671.9996341520136
TR-034043,2025-08-03,865.81,890.9930655030163
TR-034044,2025-08-03,1324.91,1317.0863122321052
TR-034045,2025-08-03,625.75,606.4777191180003
TR-034046,2025-08-03,2592.04,2484.3948135695055
TR-034047,2025-08-03,2306.19,2156.647883153684
TR-034048,2025-08-03,948.57,943.6356594575303
TR-034049,2025-08-03,3353.18,3372.578071624668
TR-034050,2025-08-03,3952.31,3626.3993358212797
TR-034051,2025-08-03,2007.18,2130.349978094815
TR-034052,2025-08-03,544.64,511.42257067087263
TR-034053,2025-08-03,722.17,741.235755240899
TR-034054,2025-08-03,3674.51,3136.536652461292
TR-034055,2025-08-03,2447.73,2490.915518447118
TR-034056,2025-08-03,656.28,624.8108763249335
TR-034057,2025-08-03,3738.3,3920.946647899789
TR-034058,2025-08-03,238.78,1109.9703229480106
TR-034059,2025-08-03,981.12,924.3270278003264
TR-034060,2025-08-03,1408.98,1404.0292665551399
TR-034061,2025-08-03,1379.06,1476.9515604972762
TR-034062,2025-08-03,1159.04,1146.3754789185507
TR-034063,2025-08-03,3950.06,3695.0023420169837
TR-034064,2025-08-03,1490.56,1426.5636768824643
TR-034065,2025-08-03,1157.76,1144.0449827748084
TR-034066,2025-08-03,1177.76,1083.2639742273307
TR-034067,2025-08-03,4004.92,4361.496195822957
TR-034068,2025-08-03,2402.34,2282.3177419369326
TR-034069,2025-08-03,3703.6,3622.757170878934
TR-034070,2025-08-03,1816.14,1803.2040264700556
TR-034071,2025-08-03,3423.45,3508.183203791808
TR-034072,2025-08-03,1443.93,1506.4014763596804
TR-034073,2025-08-03,1146.37,1077.5522728132291
TR-034074,2025-08-03,406.42,417.5167097095929
TR-034075,2025-08-03,5278.88,5648.567956490404
TR-034076,2025-08-03,1957.47,2042.4427133126155
TR-034077,2025-08-03,2075.07,2236.606163650383
TR-034078,2025-08-03,970.99,998.038634053496
TR-034079,2025-08-03,3959.2,4329.406150425345
TR-034080,2025-08-03,6080.38,5990.074137447294
TR-034081,2025-08-03,2107.48,2184.3770381087106
TR-034082,2025-08-03,4196.12,3973.0413118577594
TR-034083,2025-08-03,1264.42,1149.7025393386084
TR-034084,2025-08-03,1954.35,1845.0953112231439
TR-034085,2025-08-03,1158.06,1136.4856694931614
TR-034086,2025-08-03,573.43,580.7008083579103
TR-034087,2025-08-03,3270.79,3487.9840887383143
TR-034088,2025-08-03,3229.4,3539.089288924851
TR-034089,2025-08-03,1883.01,1741.7793504012334
TR-034090,2025-08-03,2766.02,2881.895955755987
TR-034091,2025-08-03,2134.55,2073.6583631740573
TR-034092,2025-08-03,4959.93,5244.749229058658
TR-034093,2025-08-03,1335.54,1394.5814426222805
TR-034094,2025-08-03,2258.06,2335.790399546538
TR-034095,2025-08-03,1520.28,1526.2394477764801
TR-034096,2025-08-03,736.9,676.9201253724709
TR-034097,2025-08-03,3201.46,3418.955763909418
TR-034098,2025-08-03,3894.26,3857.5252168230872
TR-034099,2025-08-03,3088.09,3234.0510661911376
TR-034100,2025-08-03,1248.29,1226.7956004315986
TR-034101,2025-08-03,1407.25,1335.6475244910098
TR-034102,2025-08-03,728.46,741.9121749814277
TR-034103,2025-08-03,942.37,906.0530618245006
TR-034104,2025-08-03,801.01,829.721229709346
TR-034105,2025-08-03,1082.19,1088.2370128587697
TR-034106,2025-08-03,3891.19,4091.8233711482635
TR-034107,2025-08-03,4872.27,5267.054052006985
TR-034108,2025-08-03,1219.42,1191.851033602098
TR-034109,2025-08-03,2208.36,2356.8802573699973
TR-034110,2025-08-03,1741.58,1727.7411049594104
TR-034111,2025-08-03,2673.22,2903.136464187396
TR-034112,2025-08-03,2455.34,2501.810065790426
TR-034113,2025-08-03,2314.64,2342.4924551620957
TR-034114,2025-08-03,4551.32,4349.642031220035
TR-034115,2025-08-03,944.68,936.5167825853135
TR-034116,2025-08-03,1566.36,1517.832730077077
TR-034117,2025-08-03,610.64,598.0692090374247
TR-034118,2025-08-03,261.93,254.00013941827845
TR-034119,2025-08-03,601.04,557.6619608571452
TR-034120,2025-08-03,1426.84,1416.1465022974564
TR-034121,2025-08-03,1445.35,1467.9489024833874
TR-034122,2025-08-03,3804.38,4018.332745488047
TR-034123,2025-08-03,2125.75,2055.175953065305
TR-034124,2025-08-03,2911.04,3092.084399035308
TR-034125,2025-08-03,398.68,363.93767659784237
TR-034126,2025-08-03,1585.61,1438.643835797051
TR-034127,2025-08-03,1623.34,1754.4669153499883
TR-034128,2025-08-03,1762.27,1927.3182967311125
TR-034129,2025-08-03,872.25,836.578599654546
TR-034130,2025-08-03,4625.7,4557.716400680555
TR-034131,2025-08-03,451.9,413.2862138454037
TR-034132,2025-08-03,4874.89,4306.36450172819
TR-034133,2025-08-03,3297.77,3646.9744570890384
TR-034134,2025-08-03,4092.06,3905.5858579261703
TR-034135,2025-08-03,1550.87,1630.5357007777923
TR-034136,2025-08-03,1471.63,1440.2191083620903
TR-034137,2025-08-03,232.27,218.59429363159177
TR-034138,2025-08-03,1193.71,1209.246747996569
TR-034139,2025-08-03,1345.07,1342.4623099561873
TR-034140,2025-08-03,704.33,734.103646725384
TR-034141,2025-08-03,3119.88,2729.6580808720987
TR-034142,2025-08-03,1566.66,1554.2959408267157
TR-034143,2025-08-03,2211.72,2165.1058529935653
TR-034144,2025-08-03,994.23,960.5933775039754
TR-034145,2025-08-03,2630.37,2643.3018521779213
TR-034146,2025-08-03,546.61,509.32659559408677
TR-034147,2025-08-03,657.56,628.6945310498077
TR-034148,2025-08-03,2018.95,2142.4095943749844
TR-034149,2025-08-03,784.88,770.1382410512564
TR-034150,2025-08-03,4628.21,5178.934176470369
TR-034151,2025-08-03,4443.29,4706.331527815297
TR-034152,2025-08-03,5413.99,5766.565805029199
TR-034153,2025-08-03,4265.3,4556.2642699305325
TR-034154,2025-08-03,2211.24,2317.6701604232503
TR-034155,2025-08-03,1401.46,1388.9140443515444
TR-034156,2025-08-03,3678.88,3597.2612188344033
TR-034157,2025-08-03,1593.4,1818.745990015314
TR-034158,2025-08-03,5486.34,5587.140314178965
TR-034159,2025-08-03,1263.75,1244.7426659225216
TR-034160,2025-08-03,585.53,587.0070490337982
TR-034161,2025-08-03,995.56,947.5463770000352
TR-034162,2025-08-03,4191.23,4340.630716520041
TR-034163,2025-08-03,1989.32,2122.5830998241936
TR-034164,2025-08-03,1491.46,1592.1798614497795
TR-034165,2025-08-03,4970.98,5397.566172320976
TR-034166,2025-08-03,2540.65,2523.465842328551
TR-034167,2025-08-03,1601.44,1668.9255349020173
TR-034168,2025-08-03,1942.11,1794.5905056609492
TR-034169,2025-08-03,5483.01,5694.026683470327
TR-034170,2025-08-03,2853.29,2873.517086716953
TR-034171,2025-08-03,2426.63,2495.6632415036966
TR-034172,2025-08-03,2585.32,2565.867049291001
TR-034173,2025-08-03,1591.5,1582.100470226729
TR-034174,2025-08-03,1895.4,2030.1465187108304
TR-034175,2025-08-03,3806.4,3904.757107456421
TR-034176,2025-08-03,3303.15,3424.892123867006
TR-034177,2025-08-03,666.29,652.0313729270906
TR-034178,2025-08-03,1447.17,1473.0881873638452
TR-034179,2025-08-03,708.77,661.0787792623862
TR-034180,2025-08-03,1114.64,1121.6105520516337
TR-034181,2025-08-03,2235.33,2342.224565135689
TR-034182,2025-08-03,2499.42,2553.2580684654395
TR-034183,2025-08-03,940.7,882.1885429204738
TR-034184,2025-08-03,1599.3,1713.1044602773045
TR-034185,2025-08-03,3844.87,4487.956893710752
TR-034186,2025-08-03,1496.87,1391.7069093670177
TR-034187,2025-08-03,4209.92,4499.0433137028685
TR-034188,2025-08-03,2630.14,2703.8671041744255
TR-034189,2025-08-03,1534.71,1543.8915886794107
TR-034190,2025-08-03,5108.51,4574.40255225074
TR-034191,2025-08-03,986.8,1038.4376268540004
TR-034192,2025-08-03,2780.68,2907.048073147531
TR-034193,2025-08-03,3518.46,3132.5337086327363
TR-034194,2025-08-03,5849.97,5958.137699918163
TR-034195,2025-08-04,4433.82,4778.902146896617
TR-034196,2025-08-04,1141.42,1167.9206778552764
TR-034197,2025-08-04,2698.93,2665.838455165907
TR-034198,2025-08-04,1693.78,1662.41661607242
TR-034199,2025-08-04,1631.85,1679.9213746108765
TR-034200,2025-08-04,2302.23,2154.1681284406436
TR-034201,2025-08-04,1197.74,1208.2622036898938
TR-034202,2025-08-04,1652.95,1618.5107875652614
TR-034203,2025-08-04,4173.58,3559.097614035948
TR-034204,2025-08-04,544.52,511.71327062014984
TR-034205,2025-08-04,1714.21,1625.3294134873747
TR-034206,2025-08-04,2014.28,1848.3927746572024
TR-034207,2025-08-04,5205.12,5454.2089830313125
TR-034208,2025-08-04,4555.64,4578.199037965337
TR-034209,2025-08-04,2874.24,3023.0110645042296
TR-034210,2025-08-04,1124.02,1125.6380124775337
TR-034211,2025-08-04,1058.85,1051.0275516541167
TR-034212,2025-08-04,2021.46,2132.114154023867
TR-034213,2025-08-04,496.18,491.9044031944762
TR-034214,2025-08-04,818.39,821.7166332225355
TR-034215,2025-08-04,5739.34,5811.352670091072
TR-034216,2025-08-04,1287.17,1223.5858053770569
TR-034217,2025-08-04,4069.8,4280.3737544956
TR-034218,2025-08-04,2453.31,2324.088505902733
TR-034219,2025-08-04,1230.35,1271.837201995111
TR-034220,2025-08-04,1174.26,1255.3948998936603
TR-034221,2025-08-04,2425.13,2473.5089397962756
TR-034222,2025-08-04,555.03,519.2092459446103
TR-034223,2025-08-04,929.83,960.7350266764046
TR-034224,2025-08-04,1405.3,1333.2074385425638
TR-034225,2025-08-04,2042.92,2135.1716505960662
TR-034226,2025-08-04,914.06,862.6666501865881
TR-034227,2025-08-04,2065.84,1905.165763476217
TR-034228,2025-08-04,1823.5,2061.896207946261
TR-034229,2025-08-04,3910.43,4251.627195044874
TR-034230,2025-08-04,1842.54,1973.2011295304058
TR-034231,2025-08-04,1603.2,1615.3017387171196
TR-034232,2025-08-04,3369.66,3138.1185322920123
TR-034233,2025-08-04,4594.78,4546.521858694725
TR-034234,2025-08-04,2885.13,2725.8472548313885
TR-034235,2025-08-04,1769.96,1836.573080194901
TR-034236,2025-08-04,2419.31,2515.9750012556515
TR-034237,2025-08-04,1220.66,1113.4226605924748
TR-034238,2025-08-04,4257.67,4362.335652136334
TR-034239,2025-08-04,2020.7,2075.382224355792
TR-034240,2025-08-04,1360.52,1474.2672802587747
TR-034241,2025-08-04,3775.48,3808.2608673435443
TR-034242,2025-08-04,1499.26,1554.4508688160565
TR-034243,2025-08-04,2056.61,2129.8211282739717
TR-034244,2025-08-04,1755.85,1823.5452632368308
TR-034245,2025-08-04,4268.13,4768.781287182278
TR-034246,2025-08-04,3159.4,2881.127901736037
TR-034247,2025-08-04,1446.35,1526.1964943566654
TR-034248,2025-08-04,1062.41,1096.9729996473577
TR-034249,2025-08-04,1385.14,1441.1385626783679
TR-034250,2025-08-04,1035.9,1039.1895534423493
TR-034251,2025-08-04,1628.37,1601.9100263513355
TR-034252,2025-08-04,1360.36,1368.4913841383736
TR-034253,2025-08-04,2183.5,2177.381537116018
TR-034254,2025-08-04,1201.83,1221.6659963871086
TR-034255,2025-08-04,1606.21,1605.947373928394
TR-034256,2025-08-04,4299.9,4309.694174570993
TR-034257,2025-08-04,1327.57,1335.852993275333
TR-034258,2025-08-04,1289.89,1229.6835580291136
TR-034259,2025-08-04,3352.59,3461.923424662415
TR-034260,2025-08-04,641.88,626.657707774409
TR-034261,2025-08-04,1522.0,1920.7922059083007
TR-034262,2025-08-04,2519.83,2322.0700727497615
TR-034263,2025-08-04,248.66,295.672112621546
TR-034264,2025-08-04,1027.69,1021.9535590297434
TR-034265,2025-08-04,4711.58,5285.617159003921
TR-034266,2025-08-04,4878.94,4987.5086450412255
TR-034267,2025-08-04,4529.6,4645.2686371935915
TR-034268,2025-08-04,2164.46,2167.348031144562
TR-034269,2025-08-04,640.47,588.8969872760222
TR-034270,2025-08-04,505.89,482.46709047254274
TR-034271,2025-08-04,3640.33,3711.140332151399
TR-034272,2025-08-04,5176.26,5434.963477705813
TR-034273,2025-08-04,1518.94,1547.6620460211623
TR-034274,2025-08-04,4728.14,4811.504940963888
TR-034275,2025-08-04,841.73,825.4853897530754
TR-034276,2025-08-04,635.9,645.9971823836784
TR-034277,2025-08-04,4559.79,4641.107679748503
TR-034278,2025-08-04,1004.28,976.6925592596971
TR-034279,2025-08-04,1833.6,1653.1692517543709
TR-034280,2025-08-04,1038.09,1036.3035432605247
TR-034281,2025-08-04,740.9,682.3579543953517
TR-034282,2025-08-04,1789.47,1912.3683106544295
TR-034283,2025-08-04,2485.16,2588.892347030551
TR-034284,2025-08-04,6054.63,5944.8485668130215
TR-034285,2025-08-04,3966.47,4255.603745931131
TR-034286,2025-08-04,1510.89,1563.6747412397615
TR-034287,2025-08-04,4169.66,3874.1748984441074
TR-034288,2025-08-04,9535.05,2165.25229429397
TR-034289,2025-08-04,3026.98,3095.766815164669
TR-034290,2025-08-04,1328.05,1234.3195302499723
TR-034291,2025-08-04,4440.66,4263.311309422558
TR-034292,2025-08-04,1812.55,1848.3162866060493
TR-034293,2025-08-04,2055.41,2133.859519102248
TR-034294,2025-08-04,1849.82,1930.9271161995407
TR-034295,2025-08-04,1657.43,1633.7871625217933
TR-034296,2025-08-04,2146.11,2209.1799850191082
TR-034297,2025-08-04,2410.89,2528.1847179234787
TR-034298,2025-08-04,3727.79,3862.2105888962456
TR-034299,2025-08-04,2297.53,2264.726896420917
TR-034300,2025-08-04,1583.33,1513.092865730075
TR-034301,2025-08-04,1634.34,1718.0136388171018
TR-034302,2025-08-04,4028.12,4415.211832252711
TR-034303,2025-08-04,2668.88,2819.0348882639278
TR-034304,2025-08-04,3789.94,4039.5260878267018
TR-034305,2025-08-04,1838.66,1712.0342068550492
TR-034306,2025-08-04,3284.95,3444.0421777920646
TR-034307,2025-08-04,2766.64,2939.5905087538163
TR-034308,2025-08-04,1823.03,1955.8061827170206
TR-034309,2025-08-04,1044.58,1025.9263138962801
TR-034310,2025-08-04,4393.14,4485.182163857506
TR-034311,2025-08-04,1450.62,1467.0968989733187
TR-034312,2025-08-04,2253.42,2117.645393831479
TR-034313,2025-08-04,3448.82,3110.492922327652
TR-034314,2025-08-04,3442.31,3539.4074112221047
TR-034315,2025-08-04,1820.23,1911.1826153498257
TR-034316,2025-08-04,973.57,982.1097244652414
TR-034317,2025-08-04,5239.8,5433.945565852477
TR-034318,2025-08-04,4093.97,3998.862652490922
TR-034319,2025-08-04,1613.39,1953.540240685955
TR-034320,2025-08-04,4606.36,4455.246956844161
TR-034321,2025-08-04,745.45,759.3370422277745
TR-034322,2025-08-04,2229.87,2131.3289980363447
TR-034323,2025-08-04,510.54,480.13770193861785
TR-034324,2025-08-04,812.25,745.3959324201608
TR-034325,2025-08-04,4493.48,4701.354273870941
TR-034326,2025-08-04,2353.03,2321.7119097848026
TR-034327,2025-08-04,1513.03,1540.6506644263507
TR-034328,2025-08-04,1388.9,1432.0028077053018
TR-034329,2025-08-04,1854.39,1962.8593485927158
TR-034330,2025-08-04,2229.01,2113.4709114435104
TR-034331,2025-08-04,4627.9,4657.852130008699
TR-034332,2025-08-04,979.33,963.1200446774335
TR-034333,2025-08-04,920.74,840.1318403908474
TR-034334,2025-08-04,2873.26,3022.1907635497964
TR-034335,2025-08-04,2465.47,2576.771410895281
TR-034336,2025-08-04,1666.71,1541.0616850878916
TR-034337,2025-08-04,2475.46,2487.6316207580726
TR-034338,2025-08-04,2665.16,2881.8233889060007
TR-034339,2025-08-04,1533.45,1548.2959339417632
TR-034340,2025-08-04,2263.51,2232.93409249917
TR-034341,2025-08-04,1592.43,1628.0543668708042
TR-034342,2025-08-04,2636.22,2623.1297278864463
TR-034343,2025-08-04,5367.45,5210.565030927626
TR-034344,2025-08-04,82.38,268.3531637150138
TR-034345,2025-08-04,1907.08,1870.530727996871
TR-034346,2025-08-04,854.18,837.456312858789
TR-034347,2025-08-04,1621.68,1737.2650829053252
TR-034348,2025-08-04,1420.42,1409.7076675770838
TR-034349,2025-08-04,741.02,761.2542654356721
TR-034350,2025-08-04,2748.76,2644.5217817109433
TR-034351,2025-08-04,1467.12,1650.8054060201348
TR-034352,2025-08-04,608.22,581.8262547515549
TR-034353,2025-08-04,2315.85,2400.2070121169977
TR-034354,2025-08-04,1961.23,2215.9956923214772
TR-034355,2025-08-04,1926.33,2012.7112502119003
TR-034356,2025-08-04,1232.75,1177.6679113573957
TR-034357,2025-08-04,1616.46,1773.224725088657
TR-034358,2025-08-04,700.54,657.4526871032663
TR-034359,2025-08-04,1992.66,2232.598739195168
TR-034360,2025-08-04,1143.93,1195.3603440201966
TR-034361,2025-08-04,2587.81,2758.476952830105
TR-034362,2025-08-04,1025.42,986.6552755363925
TR-034363,2025-08-04,3641.08,3628.869007095282
TR-034364,2025-08-04,4015.52,3884.3511694228287
TR-034365,2025-08-04,3662.47,3913.800589722199
TR-034366,2025-08-04,5332.84,5446.539716818578
TR-034367,2025-08-04,338.67,1651.1697811198069
TR-034368,2025-08-04,2585.17,2644.677369764234
TR-034369,2025-08-04,4040.31,4181.715306331927
TR-034370,2025-08-05,2410.27,2296.4247013826584
TR-034371,2025-08-05,2609.36,2540.9422908387487
TR-034372,2025-08-05,2077.72,2150.7423734501913
TR-034373,2025-08-05,5393.67,5375.3374519716135
TR-034374,2025-08-05,7603.41,2891.92778229514
TR-034375,2025-08-05,5775.22,5743.795513956245
TR-034376,2025-08-05,4295.11,4218.791790826223
TR-034377,2025-08-05,741.1,719.5738719569965
TR-034378,2025-08-05,5948.94,5871.148260423051
TR-034379,2025-08-05,3221.66,3105.1414951676784
TR-034380,2025-08-05,2535.21,2590.0608359938656
TR-034381,2025-08-05,2264.45,2399.2934840556727
TR-034382,2025-08-05,929.32,906.05485053698
TR-034383,2025-08-05,1684.17,1776.9342528243028
TR-034384,2025-08-05,2561.56,2609.3093199559758
TR-034385,2025-08-05,2549.96,2693.962006172757
TR-034386,2025-08-05,865.02,789.4727120093564
TR-034387,2025-08-05,891.95,891.8736543390451
TR-034388,2025-08-05,4647.65,4595.092232218439
TR-034389,2025-08-05,2462.49,2638.923346666883
TR-034390,2025-08-05,1773.53,1738.9752706213933
TR-034391,2025-08-05,3222.22,3089.618429227798
TR-034392,2025-08-05,1067.27,1053.241905485798
TR-034393,2025-08-05,2240.2,2223.843995464149
TR-034394,2025-08-05,2341.02,2274.7213207175396
TR-034395,2025-08-05,489.57,475.8115156561265
TR-034396,2025-08-05,2541.24,2424.1468780526156
TR-034397,2025-08-05,1707.9,1890.4410340217628
TR-034398,2025-08-05,4630.38,3800.851193892266
TR-034399,2025-08-05,1826.7,1808.963546734509
TR-034400,2025-08-05,1936.01,2018.5953474691269
TR-034401,2025-08-05,1582.5,1845.825011670256
TR-034402,2025-08-05,1297.18,1256.4092085475809
TR-034403,2025-08-05,1243.28,1217.9495833128015
TR-034404,2025-08-05,1101.62,1042.0611824233565
TR-034405,2025-08-05,2401.2,2496.678717544979
TR-034406,2025-08-05,2920.43,2918.5512788462834
TR-034407,2025-08-05,1581.08,1723.7813046905264
TR-034408,2025-08-05,1600.53,1858.1618526585999
TR-034409,2025-08-05,2317.05,2298.479112438477
TR-034410,2025-08-05,2042.95,2059.4655866322278
TR-034411,2025-08-05,3080.48,3256.4607322150846
TR-034412,2025-08-05,3217.56,3219.880062742599
TR-034413,2025-08-05,1378.3,1474.3570025912645
TR-034414,2025-08-05,3221.63,3195.0728415326603
TR-034415,2025-08-05,1904.92,1958.7443717365516
TR-034416,2025-08-05,2562.63,2364.7600789150424
TR-034417,2025-08-05,2596.53,2642.236287575831
TR-034418,2025-08-05,349.06,1466.2652111304722
TR-034419,2025-08-05,3354.77,3410.6970652652285
TR-034420,2025-08-05,2064.16,1967.83128677215
TR-034421,2025-08-05,1395.34,1441.8551667422512
TR-034422,2025-08-05,1571.81,1695.6669557047048
TR-034423,2025-08-05,1186.51,1222.4095475524443
TR-034424,2025-08-05,5192.12,5217.480497986531
TR-034425,2025-08-05,1463.87,1473.9463488097188
TR-034426,2025-08-05,2073.3,2091.6687381718425
TR-034427,2025-08-05,3183.27,2954.7654577284593
TR-034428,2025-08-05,2038.22,1997.9191670290202
TR-034429,2025-08-05,983.42,1019.8055858223926
TR-034430,2025-08-05,1497.67,1477.1723128501762
TR-034431,2025-08-05,2913.62,2977.515342997623
TR-034432,2025-08-05,1938.59,2039.736110277966
TR-034433,2025-08-05,1078.55,1014.0826326429676
TR-034434,2025-08-05,792.34,695.9489597529463
TR-034435,2025-08-05,4163.41,4444.295876677228
TR-034436,2025-08-05,1475.54,1533.7151601234161
TR-034437,2025-08-05,2220.69,2374.3632737901326
TR-034438,2025-08-05,949.44,952.3715628356699
TR-034439,2025-08-05,1589.66,1545.6152001761193
TR-034440,2025-08-05,1024.25,1039.5852733834279
TR-034441,2025-08-05,366.28,362.31531214325923
TR-034442,2025-08-05,764.88,722.6413694820997
TR-034443,2025-08-05,860.72,868.1907771728883
TR-034444,2025-08-05,477.32,450.1090896791002
TR-034445,2025-08-05,4848.75,4727.8872356470565
TR-034446,2025-08-05,4237.76,4479.730220330194
TR-034447,2025-08-05,3677.63,3869.678073566722
TR-034448,2025-08-05,1930.97,1724.1942236933367
TR-034449,2025-08-05,2321.74,2294.4660150609675
TR-034450,2025-08-05,4024.05,4284.852647991336
TR-034451,2025-08-05,561.29,556.1831566169056
TR-034452,2025-08-05,3449.99,3299.1196807265737
TR-034453,2025-08-05,2045.13,2138.3936002501164
TR-034454,2025-08-05,2469.73,2550.518524003629
TR-034455,2025-08-05,534.28,465.31249527397097
TR-034456,2025-08-05,3568.16,3694.5809809904104
TR-034457,2025-08-05,502.26,484.92194376221494
TR-034458,2025-08-05,1552.87,1778.71711515551
TR-034459,2025-08-05,438.64,463.75641689882355
TR-034460,2025-08-05,430.62,410.7526079629714
TR-034461,2025-08-05,2856.44,2885.572721213365
TR-034462,2025-08-05,1578.16,1633.3753462683223
TR-034463,2025-08-05,2809.0,2843.477789945816
TR-034464,2025-08-05,738.95,699.5564754489054
TR-034465,2025-08-05,3050.77,2916.3051479535357
TR-034466,2025-08-05,2161.55,2210.5690818757926
TR-034467,2025-08-05,3147.3,3114.6669034651413
TR-034468,2025-08-05,4379.71,4229.256894187851
TR-034469,2025-08-05,1210.94,1216.7465787457454
TR-034470,2025-08-05,3496.1,3369.605172412197
TR-034471,2025-08-05,364.77,367.1561296934302
TR-034472,2025-08-05,3702.59,3930.902447872054
TR-034473,2025-08-05,2476.29,2231.2358393790223
TR-034474,2025-08-05,7436.41,2431.3417795840933
TR-034475,2025-08-05,1994.59,2132.1420884101594
TR-034476,2025-08-05,2463.96,2358.907680069973
TR-034477,2025-08-05,2804.39,2840.3355386634835
TR-034478,2025-08-05,3466.51,3752.603038677449
TR-034479,2025-08-05,4889.68,5188.5942090034705
TR-034480,2025-08-05,1054.06,1100.5134757432616
TR-034481,2025-08-05,1483.67,1602.6559524551487
TR-034482,2025-08-05,1979.01,2109.8527977148865
TR-034483,2025-08-05,1686.96,1803.6961620813804
TR-034484,2025-08-05,4154.61,4413.421809687688
TR-034485,2025-08-05,1715.32,1879.9189208631321
TR-034486,2025-08-05,2112.99,2057.961027163704
TR-034487,2025-08-05,4902.04,5484.411454665643
TR-034488,2025-08-05,1075.39,1059.4289503339253
TR-034489,2025-08-05,2042.33,2054.3477676768916
TR-034490,2025-08-05,3375.52,3508.26937010659
TR-034491,2025-08-05,219.45,262.4548749532112
TR-034492,2025-08-05,1098.32,1080.6128793677397
TR-034493,2025-08-05,544.54,527.199288016171
TR-034494,2025-08-05,2858.42,2932.059445813379
TR-034495,2025-08-05,2338.98,2394.271864349926
TR-034496,2025-08-05,2178.59,2289.3186555528123
TR-034497,2025-08-05,1164.54,1130.8123976149377
TR-034498,2025-08-05,1022.04,976.7357522703059
TR-034499,2025-08-05,2788.14,2945.106209682085
TR-034500,2025-08-05,768.55,800.5673124901477
TR-034501,2025-08-05,1367.23,1369.2740705478445
TR-034502,2025-08-05,3276.94,2965.301696815555
TR-034503,2025-08-05,3687.08,3940.5601441594376
TR-034504,2025-08-05,5329.83,5397.872522171857
TR-034505,2025-08-05,2819.99,2550.048853891593
TR-034506,2025-08-05,1380.92,1401.03738580475
TR-034507,2025-08-05,3587.95,3881.3173823871493
TR-034508,2025-08-05,1155.46,1111.5726820028103
TR-034509,2025-08-05,2390.22,2534.0542979026595
TR-034510,2025-08-05,1277.45,1215.9581064792594
TR-034511,2025-08-05,2173.55,2257.652016747083
TR-034512,2025-08-05,3790.87,3883.360072051997
TR-034513,2025-08-05,1211.97,1341.109619444358
TR-034514,2025-08-05,1527.78,1606.7611268881697
TR-034515,2025-08-05,387.41,1825.9157616617988
TR-034516,2025-08-05,1402.97,1305.829150098051
TR-034517,2025-08-05,1758.01,1785.4567709220603
TR-034518,2025-08-05,2828.04,2837.319440172356
TR-034519,2025-08-05,3717.6,3985.3149424926128
TR-034520,2025-08-05,546.05,523.4101294174772
TR-034521,2025-08-05,3651.95,3710.671091431505
TR-034522,2025-08-05,2115.78,2084.049434855336
TR-034523,2025-08-05,3417.7,3545.618306435692
TR-034524,2025-08-05,5305.08,5652.159590072938
TR-034525,2025-08-05,1021.07,1034.8090312624033
TR-034526,2025-08-05,3708.46,4122.879581226158
TR-034527,2025-08-05,5148.89,5336.696281619117
TR-034528,2025-08-05,1643.71,1665.549067430915
TR-034529,2025-08-05,1945.71,2023.5540274449997
TR-034530,2025-08-05,4329.1,4433.519412097863
TR-034531,2025-08-05,456.96,446.70017925924026
TR-034532,2025-08-05,811.53,865.2905280849103
TR-034533,2025-08-05,5489.51,5860.246544036236
TR-034534,2025-08-05,3051.36,2919.7648517796674
TR-034535,2025-08-05,682.59,1560.5662466395038
TR-034536,2025-08-05,1250.44,1100.3787717399262
TR-034537,2025-08-05,924.09,917.6957710560089
TR-034538,2025-08-05,4035.65,4204.360485926582
TR-034539,2025-08-05,1039.31,1046.1782020454739
TR-034540,2025-08-05,1385.45,1243.8175359867998
TR-034541,2025-08-05,3916.77,4174.544806561185
TR-034542,2025-08-05,1086.12,1106.7061949659362
TR-034543,2025-08-05,772.01,744.3705911264285
TR-034544,2025-08-05,909.61,909.460138434871
TR-034545,2025-08-05,3098.87,3143.802517510155
TR-034546,2025-08-05,3110.36,2863.5878622087253
TR-034547,2025-08-05,1507.8,1561.8796685486564
TR-034548,2025-08-06,2874.2,2851.3486468658916
TR-034549,2025-08-06,1323.94,1279.8686872418423
TR-034550,2025-08-06,1118.31,989.5603050172012
TR-034551,2025-08-06,2190.09,2091.8220935987606
TR-034552,2025-08-06,3826.52,3821.250357082359
TR-034553,2025-08-06,1555.48,1567.425349760214
TR-034554,2025-08-06,3493.19,3786.6560681671476
TR-034555,2025-08-06,1574.59,1614.7418878312587
TR-034556,2025-08-06,2648.29,2684.297189237491
TR-034557,2025-08-06,792.3,834.8655659183901
TR-034558,2025-08-06,3796.08,3976.687781966718
TR-034559,2025-08-06,1245.99,1195.8966972515534
TR-034560,2025-08-06,1732.96,1651.73316613292
TR-034561,2025-08-06,1536.47,1620.1414359751914
TR-034562,2025-08-06,3204.39,3276.9111718944423
TR-034563,2025-08-06,3612.88,3486.025999171355
TR-034564,2025-08-06,2017.06,2134.2924259603965
TR-034565,2025-08-06,836.56,821.4704369809335
TR-034566,2025-08-06,5558.87,5630.300883366539
TR-034567,2025-08-06,3597.46,3867.032613505011
TR-034568,2025-08-06,3123.19,3238.054984999292
TR-034569,2025-08-06,1122.6,1049.1678041819796
TR-034570,2025-08-06,1797.19,2038.594860963423
TR-034571,2025-08-06,3648.36,3629.5014634550926
TR-034572,2025-08-06,2617.72,2729.9190016291436
TR-034573,2025-08-06,1351.75,1362.1031956947465
TR-034574,2025-08-06,974.4,942.9356976631285
TR-034575,2025-08-06,1383.85,1325.6023862657978
TR-034576,2025-08-06,1788.18,1876.9123854611787
TR-034577,2025-08-06,2257.8,2136.783203522803
TR-034578,2025-08-06,823.35,778.6374741020317
TR-034579,2025-08-06,1651.8,1671.6888796413082
TR-034580,2025-08-06,2450.38,2459.194049109532
TR-034581,2025-08-06,4765.59,4958.803974668375
TR-034582,2025-08-06,4339.02,4766.539555391799
TR-034583,2025-08-06,2975.48,3024.0208002237214
TR-034584,2025-08-06,18972.15,4398.0048805311035
TR-034585,2025-08-06,4874.2,5191.60846291513
TR-034586,2025-08-06,2415.9,2450.2569075939623
TR-034587,2025-08-06,254.59,286.36796591793916
TR-034588,2025-08-06,3504.64,3169.927363229259
TR-034589,2025-08-06,1080.16,1178.3902825735533
TR-034590,2025-08-06,1697.58,1725.7941194029027
TR-034591,2025-08-06,3468.77,3474.7607137302034
TR-034592,2025-08-06,2976.57,3273.2846288440765
TR-034593,2025-08-06,1356.34,1393.6910898574504
TR-034594,2025-08-06,1549.55,1578.3554328036228
TR-034595,2025-08-06,1503.85,1362.4792365289773
TR-034596,2025-08-06,3988.76,4167.457264883923
TR-034597,2025-08-06,590.99,600.423654585117
TR-034598,2025-08-06,1930.92,2055.475697169205
TR-034599,2025-08-06,887.81,878.0806323050106
TR-034600,2025-08-06,2313.4,2467.879565684952
TR-034601,2025-08-06,1754.24,1679.6716056060925
TR-034602,2025-08-06,1928.76,1867.7372897687521
TR-034603,2025-08-06,4983.84,4593.244700014041
TR-034604,2025-08-06,504.48,497.15521043004327
TR-034605,2025-08-06,5514.42,5471.42306153254
TR-034606,2025-08-06,2433.35,2679.83570651628
TR-034607,2025-08-06,1666.76,1618.0163377100876
TR-034608,2025-08-06,2419.83,2522.3231765285623
TR-034609,2025-08-06,2271.22,2296.159250357567
TR-034610,2025-08-06,1802.65,1803.881774949415
TR-034611,2025-08-06,1467.12,1706.2610478347535
TR-034612,2025-08-06,1680.01,1708.897284847959
TR-034613,2025-08-06,3112.32,3312.7467254082603
TR-034614,2025-08-06,1473.44,1414.1670523623036
TR-034615,2025-08-06,3159.65,3045.4708902385073
TR-034616,2025-08-06,501.52,491.18887786851286
TR-034617,2025-08-06,1028.59,1005.7524348205808
TR-034618,2025-08-06,1427.94,1600.1236174676897
TR-034619,2025-08-06,1759.75,1686.827823144735
TR-034620,2025-08-06,1981.5,2118.1321310065846
TR-034621,2025-08-06,1027.01,1089.7816747888621
TR-034622,2025-08-06,1986.63,1896.7516998845506
TR-034623,2025-08-06,1374.59,1342.2088414828718
TR-034624,2025-08-06,867.11,829.2786539798573
TR-034625,2025-08-06,1711.41,1681.267583368211
TR-034626,2025-08-06,765.37,705.8522112304677
TR-034627,2025-08-06,3081.37,3185.077926849992
TR-034628,2025-08-06,3782.97,3750.0229357500934
TR-034629,2025-08-06,2132.39,2024.9886288801104
TR-034630,2025-08-06,3234.66,3231.7424381436017
TR-034631,2025-08-06,5133.07,5054.381294096135
TR-034632,2025-08-06,1481.05,1382.889513677153
TR-034633,2025-08-06,1256.1,1230.856904267562
TR-034634,2025-08-06,2981.88,3163.885816633684
TR-034635,2025-08-06,2909.4,2824.0384256030566
TR-034636,2025-08-06,5602.35,5690.337912055812
TR-034637,2025-08-06,1120.37,1028.2801901857606
TR-034638,2025-08-06,1448.63,1605.2235160213797
TR-034639,2025-08-06,2838.46,2804.0127600960463
TR-034640,2025-08-06,2258.7,2209.200321080878
TR-034641,2025-08-06,972.05,1007.0952333048391
TR-034642,2025-08-06,1772.78,1727.5686146867267
TR-034643,2025-08-06,2210.84,2436.12661768203
TR-034644,2025-08-06,2014.36,2025.597161488475
TR-034645,2025-08-06,2408.12,2244.390310856892
TR-034646,2025-08-06,5164.83,4697.3336500814785
TR-034647,2025-08-06,1216.74,1216.0359128762452
TR-034648,2025-08-06,777.88,768.0260968056581
TR-034649,2025-08-06,3143.47,3144.0381117254665
TR-034650,2025-08-06,3395.56,3498.7263684016525
TR-034651,2025-08-06,1571.67,1659.9124227838442
TR-034652,2025-08-06,4468.11,4149.476823777102
TR-034653,2025-08-06,2799.59,2946.1983088181496
TR-034654,2025-08-06,5683.71,1730.4015955103534
TR-034655,2025-08-06,732.67,716.7368214711927
TR-034656,2025-08-06,3552.01,3505.6765057287025
TR-034657,2025-08-06,2456.55,2469.0748146100786
TR-034658,2025-08-06,745.17,731.9599592399726
TR-034659,2025-08-06,1370.78,1304.0055145303738
TR-034660,2025-08-06,576.43,554.7410054884579
TR-034661,2025-08-06,991.38,970.8807126534521
TR-034662,2025-08-06,2140.03,2202.7345108722857
TR-034663,2025-08-06,1018.23,1015.0520428304263
TR-034664,2025-08-06,3826.35,4188.215090524717
TR-034665,2025-08-06,1948.77,2001.387623701639
TR-034666,2025-08-06,3259.7,3349.3521607140715
TR-034667,2025-08-06,475.52,434.27232874759636
TR-034668,2025-08-06,404.45,358.1695259811645
TR-034669,2025-08-06,1912.4,1950.1258848514121
TR-034670,2025-08-06,1673.13,1563.3796369236557
TR-034671,2025-08-06,2062.25,2169.567453290694
TR-034672,2025-08-06,1152.35,1150.5278514188635
TR-034673,2025-08-06,1388.98,1320.2588724500984
TR-034674,2025-08-06,1575.96,1603.7274334822614
TR-034675,2025-08-06,1360.35,1388.8723120019044
TR-034676,2025-08-06,1542.96,1551.1577984750288
TR-034677,2025-08-06,3825.45,3925.3653933336886
TR-034678,2025-08-06,3065.8,3177.4167125955955
TR-034679,2025-08-06,2180.15,2282.2734654013275
TR-034680,2025-08-06,2070.16,2010.68629911072
TR-034681,2025-08-06,829.37,822.5267899694261
TR-034682,2025-08-06,2268.62,2071.2141889710865
TR-034683,2025-08-06,5199.14,5435.202236026809
TR-034684,2025-08-06,1610.85,1692.0279441587084
TR-034685,2025-08-06,1987.7,2118.2687880126173
TR-034686,2025-08-06,1976.79,2072.545525527688
TR-034687,2025-08-06,3825.29,3440.2579455246496
TR-034688,2025-08-06,3317.38,3440.9082884295813
TR-034689,2025-08-06,772.73,779.6504018842592
TR-034690,2025-08-06,540.33,536.6689005000952
TR-034691,2025-08-07,2951.8,2868.9460535994294
TR-034692,2025-08-07,5438.05,5667.712886418354
TR-034693,2025-08-07,3723.07,3478.5932012614257
TR-034694,2025-08-07,2054.95,2063.1738938105996
TR-034695,2025-08-07,4541.48,4602.502160948555
TR-034696,2025-08-07,2927.05,3170.083244182096
TR-034697,2025-08-07,1434.89,1471.6248643520644
TR-034698,2025-08-07,500.91,489.18045217305115
TR-034699,2025-08-07,1362.53,1396.1328653225883
TR-034700,2025-08-07,630.52,571.1502137145915
TR-034701,2025-08-07,2156.91,2199.6759467858874
TR-034702,2025-08-07,2064.49,2072.6166041725205
TR-034703,2025-08-07,2094.46,1976.6111731261599
TR-034704,2025-08-07,2172.36,2185.4912240524422
TR-034705,2025-08-07,1884.75,1989.901624389427
TR-034706,2025-08-07,801.56,863.0791458131562
TR-034707,2025-08-07,710.19,631.9671458001762
TR-034708,2025-08-07,2339.68,2356.1442537279067
TR-034709,2025-08-07,997.09,906.7637310968431
TR-034710,2025-08-07,854.23,856.2524919459855
TR-034711,2025-08-07,706.05,730.7174687878667
TR-034712,2025-08-07,3430.8,3760.1950156466364
TR-034713,2025-08-07,3569.91,3500.397639980765
TR-034714,2025-08-07,4404.33,4209.260145508224
TR-034715,2025-08-07,2703.6,2679.808043097639
TR-034716,2025-08-07,1183.07,1161.116677036106
TR-034717,2025-08-07,1574.83,1817.4155424519404
TR-034718,2025-08-07,870.68,844.5639342928549
TR-034719,2025-08-07,1542.22,1421.7703882343676
TR-034720,2025-08-07,786.43,740.3984249698138
TR-034721,2025-08-07,1894.3,1819.0127095359621
TR-034722,2025-08-07,1209.44,1293.486986505562
TR-034723,2025-08-07,1299.39,1292.6842679558981
TR-034724,2025-08-07,2897.77,3191.5170838976783
TR-034725,2025-08-07,2611.62,2614.0146357518893
TR-034726,2025-08-07,1236.71,1173.3135547914237
TR-034727,2025-08-07,401.93,405.24111899486394
TR-034728,2025-08-07,1736.07,1726.469428713268
TR-034729,2025-08-07,565.79,536.0645459103723
TR-034730,2025-08-07,1611.58,1667.0362516193127
TR-034731,2025-08-07,650.57,637.0362474648803
TR-034732,2025-08-07,2870.53,3089.485324232239
TR-034733,2025-08-07,1578.01,1733.6409711747397
TR-034734,2025-08-07,1521.52,1463.396985846455
TR-034735,2025-08-07,1514.86,1508.0233407669255
TR-034736,2025-08-07,1174.07,1208.729893719839
TR-034737,2025-08-07,4036.07,4263.800473462977
TR-034738,2025-08-07,3048.49,2909.1990152732415
TR-034739,2025-08-07,667.47,661.3684201984456
TR-034740,2025-08-07,833.05,740.8274703961806
TR-034741,2025-08-07,1964.78,1967.8619867506143
TR-034742,2025-08-07,1798.1,1897.0013547535955
TR-034743,2025-08-07,4789.86,4379.643399732226
TR-034744,2025-08-07,784.66,726.6045073651659
TR-034745,2025-08-07,3257.36,3428.4539552475358
TR-034746,2025-08-07,349.58,344.22269205458844
TR-034747,2025-08-07,766.52,752.9341976095436
TR-034748,2025-08-07,2747.01,2782.1200129925583
TR-034749,2025-08-07,5176.59,5307.006453205294
TR-034750,2025-08-07,4690.81,4946.018072284375
TR-034751,2025-08-07,2633.37,2769.3129962499875
TR-034752,2025-08-07,2072.09,2088.1842893884614
TR-034753,2025-08-07,1830.62,5282.524316363226
TR-034754,2025-08-07,3372.04,3368.1078474722553
TR-034755,2025-08-07,1656.95,1608.8936329816984
TR-034756,2025-08-07,284.34,262.6401836576138
TR-034757,2025-08-07,1261.03,1213.1112860173077
TR-034758,2025-08-07,3762.66,3799.4895038580544
TR-034759,2025-08-07,663.38,675.2245513093736
TR-034760,2025-08-07,1942.6,2055.6571786107656
TR-034761,2025-08-07,495.86,500.18687985609876
TR-034762,2025-08-07,1408.45,1321.4068710873992
TR-034763,2025-08-07,2485.18,2507.098726088779
TR-034764,2025-08-07,1925.82,1990.8297578679103
TR-034765,2025-08-07,4237.04,4563.352871212532
TR-034766,2025-08-07,3382.18,3108.3339504768296
TR-034767,2025-08-07,2487.08,2494.0378391365903
TR-034768,2025-08-07,209.4,269.44886635647686
TR-034769,2025-08-07,2954.76,2986.039803411836
TR-034770,2025-08-07,1570.29,1475.116996932155
TR-034771,2025-08-07,3184.03,3535.947326725962
TR-034772,2025-08-07,1565.79,1552.9062282921448
TR-034773,2025-08-07,1964.47,1981.4724878426027
TR-034774,2025-08-07,3690.06,3676.6724506827945
TR-034775,2025-08-07,792.21,724.911243181423
TR-034776,2025-08-07,1090.99,1030.732759245269
TR-034777,2025-08-07,1899.73,1826.2624349155144
TR-034778,2025-08-07,1903.46,1850.1067927916004
TR-034779,2025-08-07,1341.65,1225.135954779935
TR-034780,2025-08-07,2158.03,2241.350939430766
TR-034781,2025-08-07,2308.97,2153.255196812068
TR-034782,2025-08-07,3719.44,3749.8331105449374
TR-034783,2025-08-07,3625.95,3815.347972379209
TR-034784,2025-08-07,4331.05,4466.362226024778
TR-034785,2025-08-07,2998.17,3146.1703178604066
TR-034786,2025-08-07,1003.91,909.67186316671
TR-034787,2025-08-07,1554.46,1450.1913918971147
TR-034788,2025-08-07,1579.46,1496.6216780798825
TR-034789,2025-08-07,3330.65,3355.9439534821327
TR-034790,2025-08-07,2820.72,2813.1080472769218
TR-034791,2025-08-07,562.57,511.46823035286764
TR-034792,2025-08-07,2533.07,2432.3768982963597
TR-034793,2025-08-07,1751.03,1648.5954396480488
TR-034794,2025-08-07,2740.8,2871.467215479151
TR-034795,2025-08-07,1494.32,1454.4641533115132
TR-034796,2025-08-07,1579.37,1563.361586290463
TR-034797,2025-08-07,3384.67,3308.442964244638
TR-034798,2025-08-07,3491.47,3475.9962619024104
TR-034799,2025-08-07,774.15,784.7683949136591
TR-034800,2025-08-07,2121.71,2112.4582404758476
TR-034801,2025-08-07,4039.42,4354.6368883287005
TR-034802,2025-08-07,5955.45,5990.93762166014
TR-034803,2025-08-07,2808.51,2543.765851236245
TR-034804,2025-08-07,2278.63,2338.440282706207
TR-034805,2025-08-07,1067.95,1126.3893049156886
TR-034806,2025-08-07,1008.36,996.8775461580435
TR-034807,2025-08-07,1422.9,1486.1003611325336
TR-034808,2025-08-07,4991.17,5255.468328656684
TR-034809,2025-08-07,2361.06,2331.9431169675277
TR-034810,2025-08-07,3002.98,2816.891728058848
TR-034811,2025-08-07,1270.71,1237.5090277523225
TR-034812,2025-08-07,411.76,448.6539264099355
TR-034813,2025-08-07,958.54,957.9284759770907
TR-034814,2025-08-07,3809.42,4008.1384991074365
TR-034815,2025-08-07,741.22,717.5482983610362
TR-034816,2025-08-07,438.9,444.341692609961
TR-034817,2025-08-07,3086.9,3123.5381673372062
TR-034818,2025-08-07,3074.72,3069.830879276646
TR-034819,2025-08-07,3945.58,4199.809543915502
TR-034820,2025-08-07,1594.36,1616.8389387150462
TR-034821,2025-08-07,957.66,964.834632701783
TR-034822,2025-08-07,1053.53,1143.5301140575566
TR-034823,2025-08-07,1715.62,1584.7899789578796
TR-034824,2025-08-07,587.61,571.1959772946856
TR-034825,2025-08-07,2927.36,2664.8108201356067
TR-034826,2025-08-07,1672.28,1691.49264440957
TR-034827,2025-08-07,1940.52,2100.8559670825007
TR-034828,2025-08-07,1279.7,1360.6521362070507
TR-034829,2025-08-07,4220.82,4607.1593866577805
TR-034830,2025-08-07,4464.55,4726.021863852045
TR-034831,2025-08-07,1810.57,1641.6290632255975
TR-034832,2025-08-07,2032.18,2041.9619055507385
TR-034833,2025-08-07,642.46,628.3700538471767
TR-034834,2025-08-07,1357.74,1390.9375030558074
TR-034835,2025-08-07,2376.05,2454.756526457894
TR-034836,2025-08-07,782.28,797.6605197084399
TR-034837,2025-08-07,1173.83,1163.8599553473814
TR-034838,2025-08-07,1670.44,1657.155706518978
TR-034839,2025-08-07,1171.67,1191.4579631682602
TR-034840,2025-08-07,304.19,337.1124412847561
TR-034841,2025-08-07,4992.36,5306.116156878453
TR-034842,2025-08-07,1391.2,1328.2793606079542
TR-034843,2025-08-07,907.3,894.9662463256356
TR-034844,2025-08-07,1004.91,1003.4116461963253
TR-034845,2025-08-08,663.11,624.9129566745313
TR-034846,2025-08-08,5705.66,5731.99172596027
TR-034847,2025-08-08,2167.6,2071.476075720945
TR-034848,2025-08-08,864.72,815.4527547814724
TR-034849,2025-08-08,1684.04,1644.610156612082
TR-034850,2025-08-08,1934.3,2024.575983852108
TR-034851,2025-08-08,1165.31,1107.756436608286
TR-034852,2025-08-08,1751.1,1825.8666544801908
TR-034853,2025-08-08,3540.37,3634.821978842974
TR-034854,2025-08-08,3570.31,3821.3724428425758
TR-034855,2025-08-08,4832.58,4659.933560917439
TR-034856,2025-08-08,4892.81,4257.16560484627
TR-034857,2025-08-08,1782.14,1763.6695100268407
TR-034858,2025-08-08,588.08,570.0413833694328
TR-034859,2025-08-08,750.45,720.9695987286013
TR-034860,2025-08-08,3670.29,3578.630473648963
TR-034861,2025-08-08,1363.67,1344.9693448378312
TR-034862,2025-08-08,5020.53,5494.592659155171
TR-034863,2025-08-08,3903.3,4146.350748815439
TR-034864,2025-08-08,1692.05,1726.5649098535143
TR-034865,2025-08-08,3848.31,3751.618280067787
TR-034866,2025-08-08,1317.98,1288.9093602366133
TR-034867,2025-08-08,517.57,474.69243425580873
TR-034868,2025-08-08,3881.97,3936.6104138860846
TR-034869,2025-08-08,2220.75,2249.4485043053523
TR-034870,2025-08-08,1015.89,1016.8495031891803
TR-034871,2025-08-08,2470.57,2595.8863533503513
TR-034872,2025-08-08,3771.21,3666.681856452772
TR-034873,2025-08-08,2492.87,2547.4715750195255
TR-034874,2025-08-08,4326.19,4270.621290196991
TR-034875,2025-08-08,3830.53,3913.3820468644353
TR-034876,2025-08-08,683.22,649.6017880263308
TR-034877,2025-08-08,1327.43,1348.6313736403322
TR-034878,2025-08-08,1433.38,1465.4414972411253
TR-034879,2025-08-08,3823.46,3788.209087093622
TR-034880,2025-08-08,3773.14,3123.568290184147
TR-034881,2025-08-08,1465.1,1531.6835467903782
TR-034882,2025-08-08,966.22,960.2704760129799
TR-034883,2025-08-08,571.01,525.1536125856868
TR-034884,2025-08-08,5570.67,5483.62117018214
TR-034885,2025-08-08,5674.2,5410.446753098756
TR-034886,2025-08-08,997.09,1027.9480521036865
TR-034887,2025-08-08,4036.41,4521.846410175895
TR-034888,2025-08-08,2934.61,2775.092263951733
TR-034889,2025-08-08,1410.76,1431.3909908688227
TR-034890,2025-08-08,1571.25,1641.5824729840733
TR-034891,2025-08-08,5720.06,5728.4432233048
TR-034892,2025-08-08,2048.83,1928.4648441198924
TR-034893,2025-08-08,1161.43,1161.6357248255617
TR-034894,2025-08-08,2316.1,2326.9518433531257
TR-034895,2025-08-08,1267.82,1210.857838779376
TR-034896,2025-08-08,2038.35,2114.7063690021105
TR-034897,2025-08-08,1765.51,1777.135209438583
TR-034898,2025-08-08,1551.07,1546.57348524725
TR-034899,2025-08-08,836.0,798.4270646691486
TR-034900,2025-08-08,2065.82,2153.963004765928
TR-034901,2025-08-08,2509.21,2563.0285732261896
TR-034902,2025-08-08,995.76,977.827246960132
TR-034903,2025-08-08,927.99,983.4999089903465
TR-034904,2025-08-08,2658.24,2486.2769567983914
TR-034905,2025-08-08,4294.76,3271.305045327899
TR-034906,2025-08-08,1346.29,1260.843196551546
TR-034907,2025-08-08,1945.82,1848.8545869123757
TR-034908,2025-08-08,2234.7,2087.818271867213
TR-034909,2025-08-08,2989.73,3215.4774087169385
TR-034910,2025-08-08,3733.6,3934.9155052022475
TR-034911,2025-08-08,2194.45,2134.979378212228
TR-034912,2025-08-08,2416.12,2215.468033082002
TR-034913,2025-08-08,5274.79,5428.884094288865
TR-034914,2025-08-08,4829.09,5220.314448389954
TR-034915,2025-08-08,1778.27,1859.9656082898591
TR-034916,2025-08-08,2128.43,1866.697251058209
TR-034917,2025-08-08,1461.4,1480.6224949680732
TR-034918,2025-08-08,1215.61,1198.664183801383
TR-034919,2025-08-08,1681.32,1638.469283563511
TR-034920,2025-08-08,1833.6,1802.5881383411993
TR-034921,2025-08-08,1044.26,1058.4465174598236
TR-034922,2025-08-08,897.12,876.4905459418515
TR-034923,2025-08-08,3601.64,3606.997163199422
TR-034924,2025-08-08,1592.58,1704.6930371724955
TR-034925,2025-08-08,3258.23,3133.925913560209
TR-034926,2025-08-08,3779.79,4029.2960175337084
TR-034927,2025-08-08,2108.66,2234.7538702031934
TR-034928,2025-08-08,1814.15,1849.8492744636842
TR-034929,2025-08-08,3266.77,3602.662863612812
TR-034930,2025-08-08,2545.42,2712.777481525682
TR-034931,2025-08-08,4419.87,4329.776334241662
TR-034932,2025-08-08,4450.96,4608.773439217747
TR-034933,2025-08-08,1367.66,1366.9002912577723
TR-034934,2025-08-08,650.18,1495.9541806808782
TR-034935,2025-08-08,3436.38,3898.483621127992
TR-034936,2025-08-08,1187.34,1137.3608095736224
TR-034937,2025-08-08,1905.67,2014.031719574849
TR-034938,2025-08-08,2900.29,2945.5065789060227
TR-034939,2025-08-08,3414.47,3192.2418169446523
TR-034940,2025-08-08,2208.98,2178.3929591871392
TR-034941,2025-08-08,337.03,1501.2133556295464
TR-034942,2025-08-08,385.5,363.9710923751728
TR-034943,2025-08-08,2293.39,2267.106863393669
TR-034944,2025-08-08,1207.71,1191.7000507038072
TR-034945,2025-08-08,2706.03,2718.786733757956
TR-034946,2025-08-08,4146.94,4809.713180950728
TR-034947,2025-08-08,2704.44,2632.2779825640114
TR-034948,2025-08-08,3210.97,3472.932577950315
TR-034949,2025-08-08,1322.46,1286.8915633112904
TR-034950,2025-08-08,2766.03,3003.0389181619876
TR-034951,2025-08-08,2818.11,2730.4685986260192
TR-034952,2025-08-08,5823.64,5572.143936232119
TR-034953,2025-08-08,3571.55,3853.1904444694546
TR-034954,2025-08-08,859.46,847.6944857033164
TR-034955,2025-08-08,4179.39,3842.5775058891454
TR-034956,2025-08-08,965.42,921.105015081054
TR-034957,2025-08-08,4577.31,5002.361742132087
TR-034958,2025-08-08,3612.69,4031.014167226241
TR-034959,2025-08-08,712.84,685.0321014842071
TR-034960,2025-08-08,3655.8,3598.0439937912834
TR-034961,2025-08-08,2474.44,2517.8679428781493
TR-034962,2025-08-08,2736.5,2593.2120414019455
TR-034963,2025-08-08,5760.01,5933.786723204738
TR-034964,2025-08-08,2789.62,2909.3178501156967
TR-034965,2025-08-08,2252.44,2362.464162162145
TR-034966,2025-08-08,3052.21,3280.1600491506883
TR-034967,2025-08-08,611.95,561.1136745579666
TR-034968,2025-08-08,2322.08,2431.8187175152707
TR-034969,2025-08-08,1646.7,1544.875116768768
TR-034970,2025-08-08,446.97,423.903381575014
TR-034971,2025-08-08,4059.94,4336.088176953362
TR-034972,2025-08-08,790.09,756.1417522290786
TR-034973,2025-08-08,1944.03,2008.3504543125066
TR-034974,2025-08-08,1201.16,1182.2130666206172
TR-034975,2025-08-08,1895.48,2031.588066996171
TR-034976,2025-08-08,2917.68,2674.1351869604923
TR-034977,2025-08-08,2545.53,2409.0850660934625
TR-034978,2025-08-08,4195.98,4012.313479620687
TR-034979,2025-08-08,4781.79,5197.578100777885
TR-034980,2025-08-08,1098.67,1096.042173608693
TR-034981,2025-08-08,1234.26,1328.6862545583706
TR-034982,2025-08-08,4432.5,4268.992641425383
TR-034983,2025-08-08,4725.92,4808.345243592517
TR-034984,2025-08-08,1579.67,1577.839909812725
TR-034985,2025-08-08,5499.06,5574.270031212032
TR-034986,2025-08-08,1344.04,1322.0979221082478
TR-034987,2025-08-09,1036.77,1015.5855938792286
TR-034988,2025-08-09,2349.25,2435.359741037347
TR-034989,2025-08-09,1251.03,1321.5342426532854
TR-034990,2025-08-09,1187.19,1169.1180430058923
TR-034991,2025-08-09,2651.6,2787.967927330714
TR-034992,2025-08-09,2045.35,2018.6862997486523
TR-034993,2025-08-09,3935.62,3717.618912663243
TR-034994,2025-08-09,2099.19,2174.437435281267
TR-034995,2025-08-09,710.04,726.6964114534447
TR-034996,2025-08-09,1094.79,1159.7453416533124
TR-034997,2025-08-09,4026.88,4290.757446845456
TR-034998,2025-08-09,712.5,666.6594542541203
TR-034999,2025-08-09,5031.67,5038.630742484521
TR-035000,2025-08-09,3164.39,3309.888357794681
TR-035001,2025-08-09,1188.22,1141.8570649907567
TR-035002,2025-08-09,1232.15,1188.8857842618488
TR-035003,2025-08-09,2077.35,2156.9876782434444
TR-035004,2025-08-09,3016.77,3091.867736732459
TR-035005,2025-08-09,4958.16,4448.832981462906
TR-035006,2025-08-09,3288.81,3276.4984354440285
TR-035007,2025-08-09,3013.8,3388.0908910971816
TR-035008,2025-08-09,358.18,345.30918331600054
TR-035009,2025-08-09,1676.9,1875.4407981152156
TR-035010,2025-08-09,4139.48,4392.958527977296
TR-035011,2025-08-09,655.92,674.3879650713918
TR-035012,2025-08-09,1414.15,1475.2725886536205
TR-035013,2025-08-09,1790.35,1704.810110846876
TR-035014,2025-08-09,2895.37,3012.20223887124
TR-035015,2025-08-09,1056.79,3470.804457661615
TR-035016,2025-08-09,916.51,981.8943646527878
TR-035017,2025-08-09,2997.24,2715.8109133398434
TR-035018,2025-08-09,2030.21,2089.318680941476
TR-035019,2025-08-09,2460.35,2324.647846641034
TR-035020,2025-08-09,727.6,735.3658071452223
TR-035021,2025-08-09,1540.56,1550.4879690467887
TR-035022,2025-08-09,3248.29,3236.9907156246604
TR-035023,2025-08-09,3901.56,900.8183847824473
TR-035024,2025-08-09,1556.08,1494.0978064026024
TR-035025,2025-08-09,1369.86,1475.68780568275
TR-035026,2025-08-09,1460.21,1538.1804364046277
TR-035027,2025-08-09,1428.06,1488.790494412227
TR-035028,2025-08-09,2020.28,2059.6320915646834
TR-035029,2025-08-09,1811.5,1879.8280694591172
TR-035030,2025-08-09,3877.81,3603.5335817016703
TR-035031,2025-08-09,1176.42,1175.8909998215202
TR-035032,2025-08-09,1599.34,1637.0752903007951
TR-035033,2025-08-09,1626.92,1541.3980221580116
TR-035034,2025-08-09,3529.05,2971.0715366942486
TR-035035,2025-08-09,1407.97,1427.1074985348407
TR-035036,2025-08-09,3958.79,3921.8145466023066
TR-035037,2025-08-09,1777.94,1659.5453643889439
TR-035038,2025-08-09,1172.4,1107.7494150396933
TR-035039,2025-08-09,1700.05,1779.8846616797834
TR-035040,2025-08-09,3860.28,3910.9311958544613
TR-035041,2025-08-09,1703.49,1740.805928980033
TR-035042,2025-08-09,3806.09,3994.3258522137216
TR-035043,2025-08-09,1940.32,2005.815699415271
TR-035044,2025-08-09,659.78,637.532380009257
TR-035045,2025-08-09,230.74,263.6710944677512
TR-035046,2025-08-09,2782.99,2645.5107086787048
TR-035047,2025-08-09,3003.62,2942.1591248346913
TR-035048,2025-08-09,3572.6,3747.186969583457
TR-035049,2025-08-09,617.77,603.7166250910905
TR-035050,2025-08-09,1561.71,1546.8875044063504
TR-035051,2025-08-09,4431.13,4995.83605459278
TR-035052,2025-08-09,2642.06,2771.58157977162
TR-035053,2025-08-09,4474.0,4632.710249939816
TR-035054,2025-08-09,1528.76,1561.4881491162118
TR-035055,2025-08-09,4333.26,3837.0728176513185
TR-035056,2025-08-09,4006.7,3782.6688920782544
TR-035057,2025-08-09,3615.67,3844.4288878568836
TR-035058,2025-08-09,920.29,931.9762686733957
TR-035059,2025-08-09,1547.03,1686.526443815838
TR-035060,2025-08-09,1003.44,960.6873194425996
TR-035061,2025-08-09,4236.94,4136.505091181361
TR-035062,2025-08-09,589.3,554.2427411517028
TR-035063,2025-08-09,1437.11,1330.4301876257907
TR-035064,2025-08-09,2925.64,3012.700371106755
TR-035065,2025-08-09,1157.66,1209.5217089931107
TR-035066,2025-08-09,2442.54,2322.2929140352535
TR-035067,2025-08-09,2302.4,2435.2577293897125
TR-035068,2025-08-09,1474.25,1513.8723241643665
TR-035069,2025-08-09,1038.4,1027.0103283592896
TR-035070,2025-08-09,1467.37,1538.6304347910543
TR-035071,2025-08-09,3840.01,4023.77282976969
TR-035072,2025-08-09,2562.49,2586.6096906634116
TR-035073,2025-08-09,986.16,848.4639388438384
TR-035074,2025-08-09,783.59,732.979756725546
TR-035075,2025-08-09,780.79,723.1220958501497
TR-035076,2025-08-09,3359.74,3156.314322564615
TR-035077,2025-08-09,991.31,985.4152258774997
TR-035078,2025-08-09,1550.93,1537.222857638153
TR-035079,2025-08-09,4765.56,4647.146486560474
TR-035080,2025-08-09,2898.12,2695.084679510504
TR-035081,2025-08-09,1639.52,1580.2678955810575
TR-035082,2025-08-09,908.2,839.9222518329266
TR-035083,2025-08-09,1128.95,1107.5636788584948
TR-035084,2025-08-09,2648.74,2681.087348739914
TR-035085,2025-08-09,3987.01,4049.9710854725786
TR-035086,2025-08-09,1882.9,2021.4175556234122
TR-035087,2025-08-09,925.7,872.4105073464265
TR-035088,2025-08-09,4020.71,4079.513777764897
TR-035089,2025-08-09,773.77,723.54913036559
TR-035090,2025-08-09,3640.82,3991.067087545578
TR-035091,2025-08-09,1735.44,1755.5554232364157
TR-035092,2025-08-09,2580.12,2530.1954985175
TR-035093,2025-08-09,3265.54,3430.0473815075998
TR-035094,2025-08-09,3573.56,3859.7276058034504
TR-035095,2025-08-09,1765.9,1851.3689217799133
TR-035096,2025-08-09,3398.64,2869.2140977638655
TR-035097,2025-08-09,1859.26,1841.9673336624383
TR-035098,2025-08-09,1867.23,1914.7392516420714
TR-035099,2025-08-09,1473.24,1478.8594030309969
TR-035100,2025-08-09,1462.21,1536.541429232149
TR-035101,2025-08-09,2075.08,2174.3372419627585
TR-035102,2025-08-09,875.03,787.6980179874025
TR-035103,2025-08-09,795.36,4043.4139301965515
TR-035104,2025-08-09,1211.18,1206.9562881056115
TR-035105,2025-08-09,2953.57,2792.7430179878984
TR-035106,2025-08-09,2188.21,2228.2053407714443
TR-035107,2025-08-09,6146.72,5732.097326873196
TR-035108,2025-08-09,1126.53,1097.1481857959113
TR-035109,2025-08-09,1328.61,1470.4736103259286
TR-035110,2025-08-09,2718.35,2853.398236191658
TR-035111,2025-08-09,3835.04,3887.241035701182
TR-035112,2025-08-09,2852.57,2576.9726188429927
TR-035113,2025-08-09,1693.89,1809.4799000172957
TR-035114,2025-08-09,1489.42,1549.619388789977
TR-035115,2025-08-09,1039.42,999.139580719252
TR-035116,2025-08-09,884.21,880.9419979738004
TR-035117,2025-08-09,1385.87,1323.351205801967
TR-035118,2025-08-09,3121.41,3233.289524067632
TR-035119,2025-08-09,1591.62,1643.09379899013
TR-035120,2025-08-09,992.49,1053.4267987924563
TR-035121,2025-08-09,1335.98,1227.927649555401
TR-035122,2025-08-09,733.42,700.5485874333118
TR-035123,2025-08-09,1117.78,1201.1084276795805
TR-035124,2025-08-09,899.52,933.2451183096344
TR-035125,2025-08-09,1036.15,1047.0585510040703
TR-035126,2025-08-09,1202.29,1173.960082257313
TR-035127,2025-08-09,2519.36,2673.542918636013
TR-035128,2025-08-09,1642.55,1681.6818713614355
TR-035129,2025-08-10,1776.04,1832.8116584851214
TR-035130,2025-08-10,2054.43,2335.570380211145
TR-035131,2025-08-10,1365.5,1382.4326923537747
TR-035132,2025-08-10,3699.35,3790.2484366549215
TR-035133,2025-08-10,1795.06,1807.3988138081322
TR-035134,2025-08-10,632.38,638.1134713972095
TR-035135,2025-08-10,1038.13,998.1087523373895
TR-035136,2025-08-10,1342.86,1417.6204059901127
TR-035137,2025-08-10,1902.18,2028.852903654764
TR-035138,2025-08-10,1220.87,1295.17895182121
TR-035139,2025-08-10,2447.19,2562.5569033069337
TR-035140,2025-08-10,1909.85,2081.085127446625
TR-035141,2025-08-10,4106.44,4469.049450432379
TR-035142,2025-08-10,3343.72,3299.902977296973
TR-035143,2025-08-10,2854.8,2751.2083516793
TR-035144,2025-08-10,4216.16,4583.646172198071
TR-035145,2025-08-10,3217.55,3322.3401894328968
TR-035146,2025-08-10,942.45,992.7781752739212
TR-035147,2025-08-10,3190.13,3310.4551679032184
TR-035148,2025-08-10,3126.39,3378.1385452706063
TR-035149,2025-08-10,2284.93,2472.5324343726866
TR-035150,2025-08-10,1420.87,1382.6708705679455
TR-035151,2025-08-10,1404.52,1319.8246460196556
TR-035152,2025-08-10,413.18,437.0784978014126
TR-035153,2025-08-10,1398.22,1327.2776590464223
TR-035154,2025-08-10,960.36,985.2722643778416
TR-035155,2025-08-10,1023.97,984.2314164912457
TR-035156,2025-08-10,928.24,979.4765074378491
TR-035157,2025-08-10,4071.62,4217.559003732708
TR-035158,2025-08-10,3504.05,3276.521786749751
TR-035159,2025-08-10,4328.43,4025.5725785293553
TR-035160,2025-08-10,1553.55,1528.4446117325524
TR-035161,2025-08-10,2905.53,3128.8036743651187
TR-035162,2025-08-10,1997.37,1890.9314440996936
TR-035163,2025-08-10,3931.8,4050.5659824647782
TR-035164,2025-08-10,723.9,715.560129618973
TR-035165,2025-08-10,329.37,303.67285178552675
TR-035166,2025-08-10,3718.65,4450.8327516379995
TR-035167,2025-08-10,2454.42,2530.6592783667115
TR-035168,2025-08-10,1859.54,1880.551600779756
TR-035169,2025-08-10,972.43,900.1298784892816
TR-035170,2025-08-10,1378.6,1296.5037371128442
TR-035171,2025-08-10,233.81,216.36464776937748
TR-035172,2025-08-10,957.67,906.6507382552477
TR-035173,2025-08-10,2691.28,2709.9498498945736
TR-035174,2025-08-10,1828.07,1872.4761689558272
TR-035175,2025-08-10,3824.3,4055.232977077859
TR-035176,2025-08-10,1164.15,1271.0946272746273
TR-035177,2025-08-10,275.69,311.662249013516
TR-035178,2025-08-10,2426.85,2569.311712525689
TR-035179,2025-08-10,1204.81,1241.2842634266638
TR-035180,2025-08-10,3178.59,3115.9852641909315
TR-035181,2025-08-10,4405.84,4776.0762716574145
TR-035182,2025-08-10,4611.27,4322.020817118445
TR-035183,2025-08-10,4298.7,4416.412899721266
TR-035184,2025-08-10,851.58,823.9783700929546
TR-035185,2025-08-10,3305.7,3052.9500305620954
TR-035186,2025-08-10,2085.7,2079.619885555077
TR-035187,2025-08-10,2153.53,2042.478636099671
TR-035188,2025-08-10,3186.66,3502.3689696849847
TR-035189,2025-08-10,1832.56,1966.6324113729743
TR-035190,2025-08-10,550.36,541.8074347735129
TR-035191,2025-08-10,783.37,810.3492809656358
TR-035192,2025-08-10,1047.55,981.4744745824729
TR-035193,2025-08-10,5093.1,5379.931728013767
TR-035194,2025-08-10,3093.54,3377.540440153503
TR-035195,2025-08-10,760.66,681.907527459059
TR-035196,2025-08-10,2792.14,2871.9556361409345
TR-035197,2025-08-10,5553.52,2310.179218237365
TR-035198,2025-08-10,4582.99,4694.581456715583
TR-035199,2025-08-10,3857.29,4135.927360291091
TR-035200,2025-08-10,1001.11,917.4757227273528
TR-035201,2025-08-10,337.95,302.46136527963154
TR-035202,2025-08-10,4656.79,4973.551736621898
TR-035203,2025-08-10,660.17,669.7234976672037
TR-035204,2025-08-10,3718.38,4030.7701145569804
TR-035205,2025-08-10,858.29,858.2905698600613
TR-035206,2025-08-10,888.26,862.2378046116451
TR-035207,2025-08-10,2380.21,2491.514654063935
TR-035208,2025-08-10,2721.3,2904.7370565443694
TR-035209,2025-08-10,3882.23,1383.1458797608218
TR-035210,2025-08-10,649.19,626.0906131554093
TR-035211,2025-08-10,4573.63,4878.345148856457
TR-035212,2025-08-10,789.87,805.4143083481829
TR-035213,2025-08-10,1399.97,1344.709798195595
TR-035214,2025-08-10,496.96,483.44947145641623
TR-035215,2025-08-10,3247.66,3478.4051000328277
TR-035216,2025-08-10,3810.01,4003.964915066247
TR-035217,2025-08-10,1204.71,1266.178129228401
TR-035218,2025-08-10,4704.17,5056.1004508285705
TR-035219,2025-08-10,791.45,781.5249692791365
TR-035220,2025-08-10,4040.02,4349.826777535
TR-035221,2025-08-10,2894.59,3162.07313418247
TR-035222,2025-08-10,1646.72,1832.448300662485
TR-035223,2025-08-10,1513.5,1705.7279162133925
TR-035224,2025-08-10,1777.71,1712.2621065484157
TR-035225,2025-08-10,1878.82,1997.8388504281613
TR-035226,2025-08-10,2769.66,2888.697176488302
TR-035227,2025-08-10,1161.9,1252.9505158259228
TR-035228,2025-08-10,268.64,1305.89861496876
TR-035229,2025-08-10,919.66,965.7496881031695
TR-035230,2025-08-10,262.01,266.19320379585434
TR-035231,2025-08-10,1197.41,1273.0777357831994
TR-035232,2025-08-10,1389.13,1429.3717276034743
TR-035233,2025-08-10,4036.21,4147.732334919165
TR-035234,2025-08-10,1841.89,2015.7373403004228
TR-035235,2025-08-10,791.5,798.0494569832293
TR-035236,2025-08-10,5414.37,5462.106916381551
TR-035237,2025-08-10,1121.27,1049.653206445827
TR-035238,2025-08-10,826.9,772.7695231130548
TR-035239,2025-08-10,6481.38,6320.237705410854
TR-035240,2025-08-10,2515.98,2621.824540914638
TR-035241,2025-08-10,2327.19,2406.4807973931324
TR-035242,2025-08-10,2412.94,2434.4365915044004
TR-035243,2025-08-10,973.67,996.4532289149234
TR-035244,2025-08-10,1367.36,1242.3151508849678
TR-035245,2025-08-10,5749.81,5919.675158113341
TR-035246,2025-08-10,4277.12,4371.032186743138
TR-035247,2025-08-10,420.44,360.9558100672857
TR-035248,2025-08-10,1416.79,1301.0118096367316
TR-035249,2025-08-10,2495.11,2460.9362398904227
TR-035250,2025-08-10,1798.38,1876.6230338795403
TR-035251,2025-08-10,1335.27,1380.699469571213
TR-035252,2025-08-10,1418.91,1317.3693226483392
TR-035253,2025-08-10,1491.67,1523.6896703581488
TR-035254,2025-08-10,4273.82,4550.624001608801
TR-035255,2025-08-10,4088.63,4442.340139971905
TR-035256,2025-08-10,767.11,775.652473288675
TR-035257,2025-08-10,3958.37,4000.2779797069757
TR-035258,2025-08-10,974.02,910.0656418223742
TR-035259,2025-08-10,636.89,585.8269405576499
TR-035260,2025-08-10,1831.93,1941.2783049081058
TR-035261,2025-08-10,761.53,737.8897177034967
TR-035262,2025-08-11,4491.77,4356.036280037418
TR-035263,2025-08-11,1524.75,1592.9192675988193
TR-035264,2025-08-11,625.37,592.0384990171397
TR-035265,2025-08-11,3458.25,3496.288593513864
TR-035266,2025-08-11,1279.49,1189.2760365679667
TR-035267,2025-08-11,907.19,919.6337139327478
TR-035268,2025-08-11,2209.07,2257.5032664689616
TR-035269,2025-08-11,953.88,951.47821898931
TR-035270,2025-08-11,4084.75,4450.353463558799
TR-035271,2025-08-11,1892.94,1843.106155629327
TR-035272,2025-08-11,600.71,622.4179093390327
TR-035273,2025-08-11,1576.18,1567.8687060823986
TR-035274,2025-08-11,2599.39,2476.371556879986
TR-035275,2025-08-11,2593.96,2584.98684191264
TR-035276,2025-08-11,888.38,917.7578951547554
TR-035277,2025-08-11,5270.78,5567.11608339422
TR-035278,2025-08-11,2890.49,2848.2653411068727
TR-035279,2025-08-11,3238.03,3485.8728282023267
TR-035280,2025-08-11,3421.27,3645.6306211296646
TR-035281,2025-08-11,1334.25,1383.909848716992
TR-035282,2025-08-11,305.68,1269.1261525469938
TR-035283,2025-08-11,886.67,972.8685494279072
TR-035284,2025-08-11,1872.3,2032.2994195126716
TR-035285,2025-08-11,3017.51,2922.963561760422
TR-035286,2025-08-11,4309.28,4526.97703753312
TR-035287,2025-08-11,3788.89,4075.70989450575
TR-035288,2025-08-11,4313.31,3898.4302609113633
TR-035289,2025-08-11,1425.03,1488.776624611268
TR-035290,2025-08-11,2664.37,2594.3837565644
TR-035291,2025-08-11,795.95,803.5742788491771
TR-035292,2025-08-11,2334.57,2276.409208401829
TR-035293,2025-08-11,1571.35,1639.7670094023667
TR-035294,2025-08-11,3296.51,3073.0482390868037
TR-035295,2025-08-11,729.36,724.484633210181
TR-035296,2025-08-11,747.24,724.2965457659644
TR-035297,2025-08-11,3842.81,4342.106442585653
TR-035298,2025-08-11,4651.57,1676.7772831783873
TR-035299,2025-08-11,2191.92,2216.821510397188
TR-035300,2025-08-11,1529.59,1792.5160820223666
TR-035301,2025-08-11,3495.32,3766.7282677971
TR-035302,2025-08-11,1985.71,2084.0967837372436
TR-035303,2025-08-11,3666.1,3838.9881612782483
TR-035304,2025-08-11,2136.72,2130.392914556972
TR-035305,2025-08-11,2581.99,2420.3026046852524
TR-035306,2025-08-11,2234.66,2172.8109564534802
TR-035307,2025-08-11,1340.58,1313.7724213869062
TR-035308,2025-08-11,3461.55,3907.371243998699
TR-035309,2025-08-11,4213.99,4620.095982693548
TR-035310,2025-08-11,1395.03,1399.5228859397664
TR-035311,2025-08-11,1103.59,1109.7287731921535
TR-035312,2025-08-11,2388.35,2531.3514273978553
TR-035313,2025-08-11,1901.97,1807.5229836599897
TR-035314,2025-08-11,566.28,585.7394950684768
TR-035315,2025-08-11,2606.73,2690.2720358560873
TR-035316,2025-08-11,1138.47,1115.6747176498584
TR-035317,2025-08-11,3401.27,3319.850994833083
TR-035318,2025-08-11,1663.41,1682.5786097609107
TR-035319,2025-08-11,1796.52,1799.7440166365502
TR-035320,2025-08-11,2254.77,2222.692099537142
TR-035321,2025-08-11,3690.87,4072.998939073878
TR-035322,2025-08-11,1985.19,2009.2595512251776
TR-035323,2025-08-11,1871.5,1820.077060772389
TR-035324,2025-08-11,304.31,304.27775066055364
TR-035325,2025-08-11,1917.59,1968.4356589056101
TR-035326,2025-08-11,1497.97,1541.9833588995186
TR-035327,2025-08-11,4638.65,4466.2357048909225
TR-035328,2025-08-11,3709.66,3847.0788470235852
TR-035329,2025-08-11,429.58,388.98874166120856
TR-035330,2025-08-11,733.71,661.2029862949521
TR-035331,2025-08-11,2231.77,1960.202631619691
TR-035332,2025-08-11,1865.51,1723.8925738342223
TR-035333,2025-08-11,1683.04,1780.7312697135828
TR-035334,2025-08-11,3304.34,3404.2449980651386
TR-035335,2025-08-11,3276.77,3392.6667934916054
TR-035336,2025-08-11,568.95,600.0805823500752
TR-035337,2025-08-11,3444.01,3110.0992184948195
TR-035338,2025-08-11,1453.67,1379.2496957451367
TR-035339,2025-08-11,2430.57,2507.5011294569904
TR-035340,2025-08-11,1294.06,1354.1009269326155
TR-035341,2025-08-11,3617.96,3810.722314309772
TR-035342,2025-08-11,1181.25,1292.6822573635682
TR-035343,2025-08-11,1498.56,1529.3812173141453
TR-035344,2025-08-11,765.88,747.369487834177
TR-035345,2025-08-11,2669.69,2708.17970946731
TR-035346,2025-08-11,1612.19,1640.1158359644812
TR-035347,2025-08-11,1492.87,1542.454058972375
TR-035348,2025-08-11,1386.4,1314.3024551045316
TR-035349,2025-08-11,1670.87,1637.061829705737
TR-035350,2025-08-11,1790.56,1822.4561224737886
TR-035351,2025-08-11,2142.78,2251.6852887959117
TR-035352,2025-08-11,1623.25,1660.749624301826
TR-035353,2025-08-11,3352.96,3330.288949280007
TR-035354,2025-08-11,5452.45,5663.436568144689
TR-035355,2025-08-11,4119.36,4211.017416380285
TR-035356,2025-08-11,2659.28,2471.3013044217346
TR-035357,2025-08-11,4882.05,5213.847487654437
TR-035358,2025-08-11,518.13,524.841764475721
TR-035359,2025-08-11,1430.63,1418.3894468828416
TR-035360,2025-08-11,831.87,790.6488252688852
TR-035361,2025-08-11,3000.01,2738.0321050713555
TR-035362,2025-08-11,1544.93,1534.4356833430859
TR-035363,2025-08-11,2402.26,2417.9705589347896
TR-035364,2025-08-11,3810.04,4038.6259512858387
TR-035365,2025-08-11,5972.5,5894.703705346991
TR-035366,2025-08-11,2494.39,2240.060485034084
TR-035367,2025-08-11,1896.38,1954.3147669475145
TR-035368,2025-08-11,2240.73,2376.4022003912974
TR-035369,2025-08-11,1992.2,1980.7121845819331
TR-035370,2025-08-11,934.02,878.1141450198295
TR-035371,2025-08-11,5164.25,5192.652717989178
TR-035372,2025-08-11,6014.82,1307.3925834293634
TR-035373,2025-08-11,1999.18,1992.8167601095654
TR-035374,2025-08-11,1357.81,1417.9713322047623
TR-035375,2025-08-11,568.19,618.587702472724
TR-035376,2025-08-11,1742.95,1759.682794240255
TR-035377,2025-08-11,1367.57,1400.7136273601243
TR-035378,2025-08-11,3965.59,4313.138893470748
TR-035379,2025-08-11,4264.24,4571.135316007172
TR-035380,2025-08-11,758.85,716.994018619266
TR-035381,2025-08-11,685.02,631.8318815409782
TR-035382,2025-08-11,1579.0,1709.2058395629126
TR-035383,2025-08-11,1033.19,1047.5954572323467
TR-035384,2025-08-11,1554.74,1580.3286338553137
TR-035385,2025-08-11,2934.63,3099.8937084997992
TR-035386,2025-08-11,3974.16,4072.2351371436694
TR-035387,2025-08-11,2213.47,2285.5112856375017
TR-035388,2025-08-11,6007.97,5632.095805561183
TR-035389,2025-08-12,4173.86,4098.645249848302
TR-035390,2025-08-12,2055.39,1835.5052016120896
TR-035391,2025-08-12,760.89,718.2356119094991
TR-035392,2025-08-12,3191.5,3027.1271208279954
TR-035393,2025-08-12,3137.2,3572.453821945351
TR-035394,2025-08-12,2247.29,2205.642309414271
TR-035395,2025-08-12,1564.87,1706.8141952854469
TR-035396,2025-08-12,1355.11,1367.2788576122246
TR-035397,2025-08-12,1547.8,1642.2157150490177
TR-035398,2025-08-12,1764.71,1816.3109217090769
TR-035399,2025-08-12,2448.27,2423.106813484947
TR-035400,2025-08-12,733.93,709.7335472931442
TR-035401,2025-08-12,3274.68,3461.165979016629
TR-035402,2025-08-12,1267.48,1096.2675425625434
TR-035403,2025-08-12,1129.75,1088.9280578314524
TR-035404,2025-08-12,1294.1,1213.6467281846378
TR-035405,2025-08-12,1804.71,1737.2413745423742
TR-035406,2025-08-12,3418.29,3387.627836636548
TR-035407,2025-08-12,1418.4,1528.391371262058
TR-035408,2025-08-12,6117.19,5957.910145967563
TR-035409,2025-08-12,1555.07,1598.9025258491972
TR-035410,2025-08-12,1580.51,1619.7334905934117
TR-035411,2025-08-12,817.61,800.1382873163576
TR-035412,2025-08-12,1120.36,1066.5969902077993
TR-035413,2025-08-12,3874.7,3834.152799332856
TR-035414,2025-08-12,2827.06,2734.0886621751706
TR-035415,2025-08-12,4015.75,4348.411724184518
TR-035416,2025-08-12,487.49,477.9762235283521
TR-035417,2025-08-12,3278.0,3363.043265334801
TR-035418,2025-08-12,490.96,478.997747960237
TR-035419,2025-08-12,4894.91,5253.6069531854055
TR-035420,2025-08-12,3058.8,3107.389525758989
TR-035421,2025-08-12,1012.87,934.3445659237052
TR-035422,2025-08-12,719.03,673.7606535077435
TR-035423,2025-08-12,1188.59,1075.3533532070428
TR-035424,2025-08-12,3800.8,4080.2602316466437
TR-035425,2025-08-12,1721.02,1778.024557872051
TR-035426,2025-08-12,4414.39,4665.695938653558
TR-035427,2025-08-12,4433.82,5017.129309179779
TR-035428,2025-08-12,899.73,893.1701965990446
TR-035429,2025-08-12,3180.76,3359.7621259264884
TR-035430,2025-08-12,2346.24,2443.8749056188562
TR-035431,2025-08-12,1320.13,1203.3902806562169
TR-035432,2025-08-12,4222.33,4771.414044026593
TR-035433,2025-08-12,4741.87,4907.809805920252
TR-035434,2025-08-12,222.13,276.78248082320863
TR-035435,2025-08-12,2416.63,2526.1493119631127
TR-035436,2025-08-12,1033.95,1004.9736426219296
TR-035437,2025-08-12,4163.04,3971.865502869833
TR-035438,2025-08-12,2875.26,3010.681563808032
TR-035439,2025-08-12,1835.64,1682.6732054630072
TR-035440,2025-08-12,1546.47,1456.6088068082674
TR-035441,2025-08-12,959.82,957.81258797177
TR-035442,2025-08-12,1542.4,1433.3514639508107
TR-035443,2025-08-12,4475.75,4364.058739444242
TR-035444,2025-08-12,3716.68,3430.2996968140246
TR-035445,2025-08-12,1513.38,1475.4921264416157
TR-035446,2025-08-12,1007.71,998.4480673186561
TR-035447,2025-08-12,1407.86,1573.4609065406137
TR-035448,2025-08-12,4698.32,5283.030186487036
TR-035449,2025-08-12,2878.99,2979.168463915198
TR-035450,2025-08-12,753.64,2773.2947932081083
TR-035451,2025-08-12,3030.24,3245.6249952765675
TR-035452,2025-08-12,1073.62,1069.4748627715717
TR-035453,2025-08-12,1280.53,1188.1989972300858
TR-035454,2025-08-12,2650.02,2549.72352698
TR-035455,2025-08-12,2350.23,2439.6798425906645
TR-035456,2025-08-12,2090.34,2105.4463121194217
TR-035457,2025-08-12,1833.04,1801.1116366377062
TR-035458,2025-08-12,2984.48,3220.017400658154
TR-035459,2025-08-12,5417.7,5569.526997613212
TR-035460,2025-08-12,1502.08,1571.7605674464444
TR-035461,2025-08-12,2498.65,2314.923411811625
TR-035462,2025-08-12,2198.17,2104.999547439885
TR-035463,2025-08-12,2467.43,2574.648364366915
TR-035464,2025-08-12,3079.37,3207.392716325429
TR-035465,2025-08-12,1192.7,1246.2888743392414
TR-035466,2025-08-12,2707.75,2798.2502939282404
TR-035467,2025-08-12,3128.98,3311.0764464581766
TR-035468,2025-08-12,1922.58,2006.872152776509
TR-035469,2025-08-12,17742.34,4528.312418589417
TR-035470,2025-08-12,4709.82,4484.782508592696
TR-035471,2025-08-12,531.16,539.6335586319836
TR-035472,2025-08-12,713.31,647.4401163718571
TR-035473,2025-08-12,1229.37,1148.8961852940463
TR-035474,2025-08-12,2903.46,3131.39554898163
TR-035475,2025-08-12,4558.05,4601.333018319852
TR-035476,2025-08-12,1345.5,5815.544781592564
TR-035477,2025-08-12,2177.5,2247.8319130845593
TR-035478,2025-08-12,1850.03,1757.454566481586
TR-035479,2025-08-12,4914.03,5018.148291695962
TR-035480,2025-08-12,4241.98,4444.134793502061
TR-035481,2025-08-12,447.03,420.71131141204336
TR-035482,2025-08-12,2631.33,2610.848553084939
TR-035483,2025-08-12,979.25,1025.2099416331762
TR-035484,2025-08-12,2717.02,2543.1528801001687
TR-035485,2025-08-12,3253.74,3466.401894706315
TR-035486,2025-08-12,3963.28,4109.810068528536
TR-035487,2025-08-12,1881.37,1972.1698119484481
TR-035488,2025-08-12,817.86,753.9245598659651
TR-035489,2025-08-12,5590.56,5809.8273716560825
TR-035490,2025-08-12,1575.11,1545.860684826172
TR-035491,2025-08-12,2216.38,2410.844004591012
TR-035492,2025-08-12,233.96,268.3785338266894
TR-035493,2025-08-12,1023.88,986.5602317658323
TR-035494,2025-08-12,5942.84,6001.402558836832
TR-035495,2025-08-12,1675.03,1562.5341204755632
TR-035496,2025-08-12,1768.75,1920.5493979703672
TR-035497,2025-08-12,1523.87,1545.0316224867552
TR-035498,2025-08-12,1269.77,1214.7255319621697
TR-035499,2025-08-12,1542.49,1518.608668860201
TR-035500,2025-08-12,2010.8,2137.8469808306845
TR-035501,2025-08-12,1927.86,2081.9293920165633
TR-035502,2025-08-12,3707.97,3951.6103675204736
TR-035503,2025-08-12,1932.14,2227.6199845350448
TR-035504,2025-08-12,3943.12,4244.707813015886
TR-035505,2025-08-12,1672.08,1786.0363533062532
TR-035506,2025-08-12,2046.7,2146.4858362545274
TR-035507,2025-08-12,3880.13,3952.827715458908
TR-035508,2025-08-12,2172.33,2154.0384157784497
TR-035509,2025-08-12,3677.1,3863.730248638333
TR-035510,2025-08-12,5619.9,5696.949978068994
TR-035511,2025-08-12,1605.32,1497.0302117644574
TR-035512,2025-08-12,942.11,973.927103484627
TR-035513,2025-08-12,3378.16,3242.9082442396784
TR-035514,2025-08-12,1022.74,921.9649882941771
TR-035515,2025-08-12,4776.8,4528.443558128103
TR-035516,2025-08-12,1376.52,1354.7268803572967
TR-035517,2025-08-12,4728.39,5112.567386121094
TR-035518,2025-08-12,1027.67,931.5788143773817
TR-035519,2025-08-12,1936.23,1993.233490531653
TR-035520,2025-08-12,1953.3,1984.9155252222645
TR-035521,2025-08-12,3869.9,4074.3942233885077
TR-035522,2025-08-12,3504.32,3345.3213847899156
TR-035523,2025-08-12,1728.42,1855.831394996333
TR-035524,2025-08-12,12284.47,3888.4915312514545
TR-035525,2025-08-12,3103.93,3258.900514111872
TR-035526,2025-08-12,1240.54,1191.617159322627
TR-035527,2025-08-12,1800.36,1781.2761772344593
TR-035528,2025-08-12,1033.46,1080.3762591199988
TR-035529,2025-08-12,4059.2,4245.400928138791
TR-035530,2025-08-12,1682.04,1670.569682759848
TR-035531,2025-08-12,890.09,881.4319959667699
TR-035532,2025-08-12,3393.28,3749.3312615982536
TR-035533,2025-08-12,338.93,327.2339895326863
TR-035534,2025-08-12,1324.37,1248.1562247617
TR-035535,2025-08-12,4232.5,4550.944250869953
TR-035536,2025-08-12,808.78,815.5192743599492
TR-035537,2025-08-12,5172.18,5493.059238353834
TR-035538,2025-08-12,298.71,274.83509043284425
TR-035539,2025-08-12,1030.03,1036.5976800684014
TR-035540,2025-08-12,1361.82,1305.8835703691484
TR-035541,2025-08-12,1839.3,1838.560467873304
TR-035542,2025-08-12,1178.19,1298.831329102947
TR-035543,2025-08-12,1260.69,1386.8160683874428
TR-035544,2025-08-13,2552.52,2259.1277940758496
TR-035545,2025-08-13,1419.2,1445.2647531819223
TR-035546,2025-08-13,826.03,871.6670404035926
TR-035547,2025-08-13,1484.31,1651.3683390097751
TR-035548,2025-08-13,1666.06,1685.5048441370482
TR-035549,2025-08-13,3964.03,3947.3072004373953
TR-035550,2025-08-13,4176.33,4183.156977751087
TR-035551,2025-08-13,1515.66,1461.547737544062
TR-035552,2025-08-13,1631.7,1604.0963495578983
TR-035553,2025-08-13,2224.17,2223.6667077570014
TR-035554,2025-08-13,1029.13,984.447026624955
TR-035555,2025-08-13,2069.22,2214.4292326106975
TR-035556,2025-08-13,1009.14,998.8892761988333
TR-035557,2025-08-13,1848.52,1960.5686036995517
TR-035558,2025-08-13,796.71,856.4286634755102
TR-035559,2025-08-13,4262.9,3879.1675641905604
TR-035560,2025-08-13,1210.29,1211.904662727563
TR-035561,2025-08-13,1775.63,1802.2619902727718
TR-035562,2025-08-13,5690.1,4896.892623676651
TR-035563,2025-08-13,1281.27,1421.0323581244236
TR-035564,2025-08-13,5170.25,5583.62995844588
TR-035565,2025-08-13,2052.87,1999.867638757343
TR-035566,2025-08-13,3910.47,4148.149401882784
TR-035567,2025-08-13,1507.98,1518.27130242831
TR-035568,2025-08-13,3624.2,3903.0590056184465
TR-035569,2025-08-13,3890.34,4330.138104462064
TR-035570,2025-08-13,1267.81,1264.464441782074
TR-035571,2025-08-13,2743.85,2789.058922373357
TR-035572,2025-08-13,2509.34,2598.9979603776833
TR-035573,2025-08-13,2255.21,2095.1621736777815
TR-035574,2025-08-13,2562.47,2506.0118564104155
TR-035575,2025-08-13,2409.79,2490.112124142298
TR-035576,2025-08-13,5738.04,5273.040261031816
TR-035577,2025-08-13,3004.32,3275.245285910302
TR-035578,2025-08-13,2237.22,2494.6397768592515
TR-035579,2025-08-13,822.99,297.3438923473732
TR-035580,2025-08-13,913.22,878.0223567231451
TR-035581,2025-08-13,4926.46,4769.977307123687
TR-035582,2025-08-13,1981.8,1881.114828363401
TR-035583,2025-08-13,2280.93,2499.4501287884964
TR-035584,2025-08-13,2131.94,2138.313610609119
TR-035585,2025-08-13,1522.31,1622.2552822275006
TR-035586,2025-08-13,355.65,359.64682031551223
TR-035587,2025-08-13,1930.02,1839.642507276114
TR-035588,2025-08-13,1888.96,1949.9391857372918
TR-035589,2025-08-13,3872.5,3488.3610355025685
TR-035590,2025-08-13,302.81,1585.4070541557562
TR-035591,2025-08-13,2264.42,2276.9141615849517
TR-035592,2025-08-13,727.21,689.2336003354995
TR-035593,2025-08-13,884.52,881.4685731614304
TR-035594,2025-08-13,5296.44,5492.492375815963
TR-035595,2025-08-13,759.64,726.9620021353178
TR-035596,2025-08-13,4554.85,4823.41359184923
TR-035597,2025-08-13,948.79,960.8851775805814
TR-035598,2025-08-13,3905.64,3910.9370389578467
TR-035599,2025-08-13,4684.95,5087.463564124903
TR-035600,2025-08-13,3891.19,4212.021618013687
TR-035601,2025-08-13,2593.66,2717.0451446466413
TR-035602,2025-08-13,1760.4,1899.9134398574877
TR-035603,2025-08-13,1395.09,1265.3426758485193
TR-035604,2025-08-13,1420.13,1472.5510604873002
TR-035605,2025-08-13,3262.87,3462.87553654639
TR-035606,2025-08-13,1339.62,1280.8953907177201
TR-035607,2025-08-13,1190.11,1308.4068745681257
TR-035608,2025-08-13,2160.05,2253.3969263404424
TR-035609,2025-08-13,1608.46,1746.2712764758016
TR-035610,2025-08-13,1971.11,2019.3339643177064
TR-035611,2025-08-13,1684.44,1721.7716381971456
TR-035612,2025-08-13,3163.22,3134.9404056827684
TR-035613,2025-08-13,2313.16,2397.8586568388623
TR-035614,2025-08-13,1599.48,1642.91332382087
TR-035615,2025-08-13,3034.89,3195.995501769908
TR-035616,2025-08-13,1756.55,1747.9193191975119
TR-035617,2025-08-13,4927.52,5012.323814289366
TR-035618,2025-08-13,1012.15,1082.8195946652722
TR-035619,2025-08-13,4546.93,4579.977529384001
TR-035620,2025-08-13,874.12,820.4495485006614
TR-035621,2025-08-13,1871.38,2061.973586964538
TR-035622,2025-08-13,2556.82,2480.576927626915
TR-035623,2025-08-13,1645.91,1517.2199291116417
TR-035624,2025-08-13,1357.84,1406.6696862554752
TR-035625,2025-08-13,2096.07,2292.0566718147256
TR-035626,2025-08-13,2795.68,2878.059987945722
TR-035627,2025-08-13,1268.28,1357.366944182389
TR-035628,2025-08-13,3867.7,4061.5649576040505
TR-035629,2025-08-13,1005.63,1030.9602073920444
TR-035630,2025-08-13,630.43,606.7406680295194
TR-035631,2025-08-13,1968.99,2030.0620896097307
TR-035632,2025-08-13,1530.17,1573.9196678246574
TR-035633,2025-08-13,1454.54,1459.1479522857944
TR-035634,2025-08-13,1723.73,1776.4623862712754
TR-035635,2025-08-13,1925.19,1974.731511164825
TR-035636,2025-08-13,1098.27,1049.223583570337
TR-035637,2025-08-13,470.28,474.26021213553145
TR-035638,2025-08-13,614.86,587.7761692026485
TR-035639,2025-08-13,1762.98,1878.9580803413476
TR-035640,2025-08-13,3283.74,2934.3065797210083
TR-035641,2025-08-13,1976.0,1948.2788447392368
TR-035642,2025-08-13,4820.41,5203.933802483919
TR-035643,2025-08-13,1831.89,1755.896512902902
TR-035644,2025-08-13,948.0,959.086899196181
TR-035645,2025-08-13,4394.74,4161.20346884131
TR-035646,2025-08-13,1318.27,1312.8725925300712
TR-035647,2025-08-13,1251.39,1319.9592522509697
TR-035648,2025-08-13,802.54,827.4155223116486
TR-035649,2025-08-13,2304.56,2133.3636738009427
TR-035650,2025-08-13,1117.83,1072.9770129314088
TR-035651,2025-08-13,2890.03,2982.769764326424
TR-035652,2025-08-13,1793.66,1939.5768977291364
TR-035653,2025-08-13,1743.89,1652.4709590972188
TR-035654,2025-08-13,2305.98,2450.2769784299285
TR-035655,2025-08-13,2038.96,2012.676666189637
TR-035656,2025-08-13,1700.53,1686.6763815594834
TR-035657,2025-08-13,1994.51,2020.1114136934407
TR-035658,2025-08-13,1113.64,1052.538487046315
TR-035659,2025-08-13,2225.94,2226.5127706506146
TR-035660,2025-08-13,587.21,575.7129045664675
TR-035661,2025-08-13,2295.26,2327.3851128449774
TR-035662,2025-08-13,1196.61,1167.9850545173274
TR-035663,2025-08-13,676.49,653.7421127214218
TR-035664,2025-08-13,580.17,523.5450639304808
TR-035665,2025-08-13,4025.07,4376.773861644046
TR-035666,2025-08-13,4661.36,4391.703173230329
TR-035667,2025-08-13,2354.29,2167.257411405149
TR-035668,2025-08-13,4620.01,4432.704885779725
TR-035669,2025-08-13,968.25,966.9152899047166
TR-035670,2025-08-13,1918.8,1895.338483593483
TR-035671,2025-08-13,5501.64,5490.263657182768
TR-035672,2025-08-13,483.01,474.78013120049
TR-035673,2025-08-13,2454.32,2305.3536151665435
TR-035674,2025-08-13,1769.44,2060.864146186444
TR-035675,2025-08-13,1845.72,1825.9862728041521
TR-035676,2025-08-13,1312.8,1210.1800490009425
TR-035677,2025-08-13,1694.66,2029.2506758645666
TR-035678,2025-08-13,1809.36,2019.6153786379807
TR-035679,2025-08-13,1897.88,2065.4631341933373
TR-035680,2025-08-13,4480.32,4401.3603116750755
TR-035681,2025-08-13,1759.48,1995.5214509360562
TR-035682,2025-08-13,2512.99,2612.083451576608
TR-035683,2025-08-13,3552.86,3425.962828827516
TR-035684,2025-08-13,2570.44,2576.461147681809
TR-035685,2025-08-13,1381.64,1334.1131014996388
TR-035686,2025-08-13,2320.32,2277.4230419519768
TR-035687,2025-08-13,1493.45,1420.0303315603833
TR-035688,2025-08-13,2384.33,2391.4754744426295
TR-035689,2025-08-13,3374.69,3457.5503924785544
TR-035690,2025-08-13,4291.28,4409.852500225053
TR-035691,2025-08-13,2455.25,2341.5329800902755
TR-035692,2025-08-13,730.02,714.2641304483988
TR-035693,2025-08-13,1794.44,1653.5017557567924
TR-035694,2025-08-13,4860.05,5345.835867180036
TR-035695,2025-08-13,2245.67,2232.3258602011606
TR-035696,2025-08-13,2018.63,2142.749478590216
TR-035697,2025-08-13,2023.64,1936.9431515424255
TR-035698,2025-08-13,1626.46,1637.075374196508
TR-035699,2025-08-13,1626.49,1750.236718906425
TR-035700,2025-08-13,1178.32,1169.6215004825078
TR-035701,2025-08-13,3061.21,2962.6663377092996
TR-035702,2025-08-13,1901.31,1875.8471048498582
TR-035703,2025-08-14,4919.05,4957.253263125142
TR-035704,2025-08-14,555.29,555.2687017452923
TR-035705,2025-08-14,2184.73,2239.385683872358
TR-035706,2025-08-14,3680.0,3975.9521461904224
TR-035707,2025-08-14,1646.85,1561.8192574192924
TR-035708,2025-08-14,4275.68,4406.87884617335
TR-035709,2025-08-14,3728.88,4141.019690096962
TR-035710,2025-08-14,4175.17,4504.05905526153
TR-035711,2025-08-14,1533.45,1525.7533125889056
TR-035712,2025-08-14,3932.57,3981.3422466509323
TR-035713,2025-08-14,1100.7,1037.5671044790342
TR-035714,2025-08-14,1710.79,1668.1504944387927
TR-035715,2025-08-14,3898.03,3810.619722912131
TR-035716,2025-08-14,718.5,677.3598103241228
TR-035717,2025-08-14,2188.02,2158.1864967533006
TR-035718,2025-08-14,1010.12,992.356914127634
TR-035719,2025-08-14,1552.79,1512.6518051659846
TR-035720,2025-08-14,788.21,733.289366190231
TR-035721,2025-08-14,3463.64,3520.439814254641
TR-035722,2025-08-14,4194.23,4396.671758321359
TR-035723,2025-08-14,4851.23,4595.676852826134
TR-035724,2025-08-14,2504.16,2608.935031301312
TR-035725,2025-08-14,3550.99,3362.348162208616
TR-035726,2025-08-14,996.66,986.2759555481902
TR-035727,2025-08-14,1763.78,1777.2609631670082
TR-035728,2025-08-14,3821.38,3709.407719264059
TR-035729,2025-08-14,3246.78,3386.759251083106
TR-035730,2025-08-14,5911.62,5022.862645588755
TR-035731,2025-08-14,1001.34,907.1400751181077
TR-035732,2025-08-14,5292.71,5490.297297878693
TR-035733,2025-08-14,2202.79,2266.9903659946217
TR-035734,2025-08-14,2602.76,2531.6208806758996
TR-035735,2025-08-14,1704.91,1687.347828908186
TR-035736,2025-08-14,2388.42,2287.0913854602104
TR-035737,2025-08-14,5332.67,5170.582774601542
TR-035738,2025-08-14,1160.03,1144.7202332087093
TR-035739,2025-08-14,1491.11,1513.4399310165857
TR-035740,2025-08-14,1554.43,1682.295855100668
TR-035741,2025-08-14,2773.45,2600.6759933267317
TR-035742,2025-08-14,4762.65,5194.399476814917
TR-035743,2025-08-14,3702.16,3243.6285343255995
TR-035744,2025-08-14,5680.52,5798.975719399499
TR-035745,2025-08-14,694.63,658.653139127313
TR-035746,2025-08-14,1427.92,1447.3481560350724
TR-035747,2025-08-14,1083.82,1013.3750240844843
TR-035748,2025-08-14,2419.34,2521.1421432517077
TR-035749,2025-08-14,955.18,914.3455053619516
TR-035750,2025-08-14,1277.52,1299.1212536322626
TR-035751,2025-08-14,4740.74,4932.565073460921
TR-035752,2025-08-14,716.74,711.156604851906
TR-035753,2025-08-14,2838.44,2818.512703083892
TR-035754,2025-08-14,3893.12,3797.823555416711
TR-035755,2025-08-14,1567.72,1504.391352477468
TR-035756,2025-08-14,886.12,881.7045146444732
TR-035757,2025-08-14,5010.88,5294.4318876825255
TR-035758,2025-08-14,321.79,295.3661798655215
TR-035759,2025-08-14,1432.89,1430.7718448133403
TR-035760,2025-08-14,324.08,305.1416924130806
TR-035761,2025-08-14,510.01,489.976288949033
TR-035762,2025-08-14,2136.98,2115.1864155967055
TR-035763,2025-08-14,2835.46,2779.760283492003
TR-035764,2025-08-14,3036.26,3066.907520232216
TR-035765,2025-08-14,845.61,850.5925777875349
TR-035766,2025-08-14,4715.34,4668.044267869611
TR-035767,2025-08-14,4324.68,4556.626056454436
TR-035768,2025-08-14,3107.7,3143.675569933378
TR-035769,2025-08-14,5420.15,5562.135046299952
TR-035770,2025-08-14,754.24,677.0796937563364
TR-035771,2025-08-14,1381.84,1388.1727155122155
TR-035772,2025-08-14,2820.29,2729.16827070276
TR-035773,2025-08-14,2002.2,2008.2292533210614
TR-035774,2025-08-14,3069.57,3253.060791203605
TR-035775,2025-08-14,4823.97,4822.014071479842
TR-035776,2025-08-14,3029.65,3188.8910826729607
TR-035777,2025-08-14,1431.15,1416.2497906183685
TR-035778,2025-08-14,1410.33,1351.718238832111
TR-035779,2025-08-14,1280.36,1181.4685503853036
TR-035780,2025-08-14,4034.06,4142.987805910336
TR-035781,2025-08-14,1682.41,1680.8038461994656
TR-035782,2025-08-14,722.88,732.756010869683
TR-035783,2025-08-14,556.01,507.412865502552
TR-035784,2025-08-14,1361.82,1542.6084376807125
TR-035785,2025-08-14,890.14,955.4663363113445
TR-035786,2025-08-14,1181.54,1297.0198919075808
TR-035787,2025-08-14,5714.96,5850.977679602692
TR-035788,2025-08-14,2424.97,2236.2388035894814
TR-035789,2025-08-14,2189.04,2201.4562827715445
TR-035790,2025-08-14,2733.22,2863.125939913385
TR-035791,2025-08-14,3046.33,3042.5530387991776
TR-035792,2025-08-14,1858.94,1938.1786993786168
TR-035793,2025-08-14,1609.89,1568.9719073209242
TR-035794,2025-08-14,2743.14,2442.66995199269
TR-035795,2025-08-14,4403.55,4985.103142019289
TR-035796,2025-08-14,1348.0,1434.7525949880792
TR-035797,2025-08-14,1102.47,1086.0665177325288
TR-035798,2025-08-14,3548.54,3540.085800911181
TR-035799,2025-08-14,3705.12,3738.681384756766
TR-035800,2025-08-14,1330.98,1445.4434137138198
TR-035801,2025-08-14,2557.91,2175.089968262765
TR-035802,2025-08-14,871.65,799.0043669121349
TR-035803,2025-08-14,1448.35,1356.7733244755161
TR-035804,2025-08-14,912.97,876.4797563856207
TR-035805,2025-08-14,4201.17,3897.0551985142174
TR-035806,2025-08-14,3416.73,3466.172478521585
TR-035807,2025-08-14,2708.64,2834.7578432511477
TR-035808,2025-08-14,930.25,893.1960804954449
TR-035809,2025-08-14,1339.32,1364.6548741253953
TR-035810,2025-08-14,2294.66,2340.2734919295176
TR-035811,2025-08-14,5034.02,5318.827798516909
TR-035812,2025-08-14,3268.75,3356.4272110554575
TR-035813,2025-08-14,3779.93,3894.0267506211844
TR-035814,2025-08-14,2094.06,2009.2767164458683
TR-035815,2025-08-14,1271.47,1274.3103787734499
TR-035816,2025-08-14,2414.56,2491.306672415328
TR-035817,2025-08-14,3129.28,3142.9325385896846
TR-035818,2025-08-14,1487.91,1805.2671379876006
TR-035819,2025-08-14,5102.64,5352.294954603464
TR-035820,2025-08-14,726.95,711.0933895533225
TR-035821,2025-08-14,5004.21,5201.787924587418
TR-035822,2025-08-14,890.84,915.3101808514068
TR-035823,2025-08-14,5441.3,5626.124359265941
TR-035824,2025-08-14,542.38,529.0913026623923
TR-035825,2025-08-14,2715.78,2892.5230579274566
TR-035826,2025-08-14,2147.75,2290.2921445492148
TR-035827,2025-08-14,3812.05,4082.494201527353
TR-035828,2025-08-14,1783.53,1860.7717971186125
TR-035829,2025-08-14,600.73,588.6910643653622
TR-035830,2025-08-14,212.76,258.9173183752225
TR-035831,2025-08-14,1526.07,1601.686576382525
TR-035832,2025-08-14,2091.82,2172.1984665658138
TR-035833,2025-08-14,563.43,529.5928688945139
TR-035834,2025-08-14,11797.79,2988.814718779024
TR-035835,2025-08-14,828.81,816.6370557826892
TR-035836,2025-08-14,2201.48,2216.8150845268005
TR-035837,2025-08-14,732.97,749.8189691424027
TR-035838,2025-08-14,986.09,1001.6108738929757
TR-035839,2025-08-14,829.25,798.0472720530631
TR-035840,2025-08-14,2398.11,2356.3532640111866
TR-035841,2025-08-14,1022.33,910.077028819143
TR-035842,2025-08-14,2957.43,2955.893811158751
TR-035843,2025-08-14,4173.83,3845.1548183975688
TR-035844,2025-08-14,375.17,359.7337462098587
TR-035845,2025-08-14,2063.37,2142.9803797811464
TR-035846,2025-08-14,2337.41,2293.344336293651
TR-035847,2025-08-14,2554.62,2644.8278551391973
TR-035848,2025-08-14,1079.31,1061.9823068268686
TR-035849,2025-08-14,2760.37,2695.889160705667
TR-035850,2025-08-14,3329.1,3440.29857795877
TR-035851,2025-08-14,955.7,920.4743054136492
TR-035852,2025-08-14,4087.87,4079.888963008875
TR-035853,2025-08-14,2007.27,1862.0345299005864
TR-035854,2025-08-14,3863.93,3870.2930022278583
TR-035855,2025-08-14,878.84,837.9987533772764
TR-035856,2025-08-14,1520.44,1524.0011587954816
TR-035857,2025-08-14,3824.57,3888.7346510361776
TR-035858,2025-08-14,2660.65,2679.404132488345
TR-035859,2025-08-14,3488.59,3510.594458970302
TR-035860,2025-08-14,1038.35,956.4213765648159
TR-035861,2025-08-15,2545.38,2638.3692980259575
TR-035862,2025-08-15,1744.99,1799.7296597437062
TR-035863,2025-08-15,2886.57,3038.709463220051
TR-035864,2025-08-15,2209.86,2381.1950710499664
TR-035865,2025-08-15,2139.65,2226.4735722297823
TR-035866,2025-08-15,2580.47,2503.7505881486563
TR-035867,2025-08-15,2051.54,2082.5427048168995
TR-035868,2025-08-15,530.93,482.1788706964356
TR-035869,2025-08-15,4934.24,5192.416314254658
TR-035870,2025-08-15,1522.56,1488.9255062032532
TR-035871,2025-08-15,843.95,821.800644589258
TR-035872,2025-08-15,1401.96,1364.4811315121674
TR-035873,2025-08-15,1423.89,1504.509488892498
TR-035874,2025-08-15,4172.95,4117.046314181824
TR-035875,2025-08-15,2285.21,2376.0201376441437
TR-035876,2025-08-15,2529.79,2614.9696289240956
TR-035877,2025-08-15,2425.46,2469.595512724867
TR-035878,2025-08-15,728.58,704.3949812189054
TR-035879,2025-08-15,2640.59,2923.7945255671325
TR-035880,2025-08-15,1688.52,1870.8804636060163
TR-035881,2025-08-15,3163.17,3241.6130201927854
TR-035882,2025-08-15,4166.5,4313.474432337145
TR-035883,2025-08-15,1133.46,1065.6208192077427
TR-035884,2025-08-15,3905.16,4153.576008878997
TR-035885,2025-08-15,956.31,910.4875605355387
TR-035886,2025-08-15,785.61,739.8952716274171
TR-035887,2025-08-15,979.97,945.2234076232672
TR-035888,2025-08-15,4185.15,4041.9574296353962
TR-035889,2025-08-15,4475.11,4543.272390595826
TR-035890,2025-08-15,2052.77,2109.3270102360225
TR-035891,2025-08-15,2969.82,3086.6604494012895
TR-035892,2025-08-15,2406.46,2484.402457941755
TR-035893,2025-08-15,3706.18,3745.5003398025183
TR-035894,2025-08-15,2966.94,2556.354228349326
TR-035895,2025-08-15,1889.77,2064.516487656156
TR-035896,2025-08-15,1218.39,1133.0558067935324
TR-035897,2025-08-15,3733.14,3942.570931009062
TR-035898,2025-08-15,2341.55,2358.933530018697
TR-035899,2025-08-15,2601.85,2557.6918321020844
TR-035900,2025-08-15,3464.46,3400.2816283716834
TR-035901,2025-08-15,647.94,630.589905299732
TR-035902,2025-08-15,1031.84,992.7626441225947
TR-035903,2025-08-15,3083.86,3278.657245900327
TR-035904,2025-08-15,404.73,390.72889142179184
TR-035905,2025-08-15,8904.72,2137.4298878991353
TR-035906,2025-08-15,1588.68,1559.9599941337212
TR-035907,2025-08-15,3962.92,4174.9326547624405
TR-035908,2025-08-15,5807.63,5823.11643211241
TR-035909,2025-08-15,1767.45,1765.1426859970795
TR-035910,2025-08-15,1221.98,1229.877896203459
TR-035911,2025-08-15,2330.98,2358.918682669153
TR-035912,2025-08-15,4384.86,4387.804410766803
TR-035913,2025-08-15,2050.76,2103.44731038998
TR-035914,2025-08-15,1032.82,1032.5331433177223
TR-035915,2025-08-15,3462.97,3248.6202270150557
TR-035916,2025-08-15,1897.9,2168.320197851823
TR-035917,2025-08-15,3018.47,3165.2451163855044
TR-035918,2025-08-15,4738.76,4475.45810343003
TR-035919,2025-08-15,1606.85,1602.9565566390615
TR-035920,2025-08-15,430.98,422.0885824985419
TR-035921,2025-08-15,5297.2,5417.289820467036
TR-035922,2025-08-15,3993.33,4448.018440244217
TR-035923,2025-08-15,2143.25,2102.457817287941
TR-035924,2025-08-15,2434.72,2365.407891631613
TR-035925,2025-08-15,3644.74,4201.213839912851
TR-035926,2025-08-15,415.29,379.0493429803024
TR-035927,2025-08-15,2613.88,2527.028419184018
TR-035928,2025-08-15,1284.33,1227.4315849463894
TR-035929,2025-08-15,1435.28,1236.306089960311
TR-035930,2025-08-15,2208.18,2024.3338602375711
TR-035931,2025-08-15,826.49,832.9180659910892
TR-035932,2025-08-15,1963.65,2063.1975842382703
TR-035933,2025-08-15,960.97,921.6731412999288
TR-035934,2025-08-15,4252.53,4065.0179361320975
TR-035935,2025-08-15,4544.84,4814.486910786174
TR-035936,2025-08-15,4500.1,4661.432733196382
TR-035937,2025-08-15,1981.29,1831.343024303974
TR-035938,2025-08-15,2134.19,1998.8573891752824
TR-035939,2025-08-15,2458.41,2446.882913096996
TR-035940,2025-08-15,1343.79,1370.688545422481
TR-035941,2025-08-15,847.08,790.3272854339554
TR-035942,2025-08-15,547.39,527.3539274672028
TR-035943,2025-08-15,2263.78,2347.9488881950306
TR-035944,2025-08-15,955.67,1001.3331046569426
TR-035945,2025-08-15,2327.04,2360.5494985435093
TR-035946,2025-08-15,1323.9,1230.8641774773082
TR-035947,2025-08-15,3483.19,3371.547648454018
TR-035948,2025-08-15,558.53,565.5468046725111
TR-035949,2025-08-15,4258.9,4452.100861857099
TR-035950,2025-08-15,729.3,760.6521526777519
TR-035951,2025-08-15,3582.04,3843.7989244045825
TR-035952,2025-08-15,3963.21,4418.114990898038
TR-035953,2025-08-15,1347.91,1538.507115607277
TR-035954,2025-08-15,642.3,631.4936449389262
TR-035955,2025-08-15,2378.79,2112.6970362049105
TR-035956,2025-08-15,1774.56,2048.333267910314
TR-035957,2025-08-15,2099.76,2223.5993222805128
TR-035958,2025-08-15,1405.83,1405.381463057747
TR-035959,2025-08-15,2874.57,2934.7832349482082
TR-035960,2025-08-15,3919.74,4492.831464039533
TR-035961,2025-08-15,2446.78,2486.9542879082496
TR-035962,2025-08-15,3035.7,3092.5380118954813
TR-035963,2025-08-15,1043.9,985.5597209932098
TR-035964,2025-08-15,1304.06,1333.1058090645352
TR-035965,2025-08-15,1574.52,1563.7207290812312
TR-035966,2025-08-15,894.25,851.5765547836168
TR-035967,2025-08-15,1519.04,1520.2276306300962
TR-035968,2025-08-15,4775.95,4671.4867538670715
TR-035969,2025-08-15,1940.71,2125.2150987159707
TR-035970,2025-08-15,719.5,730.2385400522726
TR-035971,2025-08-15,1409.26,1583.5638453916688
TR-035972,2025-08-15,4423.32,4619.563133779341
TR-035973,2025-08-15,1223.41,1217.243918985921
TR-035974,2025-08-15,2142.57,2168.1572315229278
TR-035975,2025-08-15,1261.45,1284.4128195552069
TR-035976,2025-08-15,3769.56,3989.4707264418175
TR-035977,2025-08-15,1276.29,1229.820082650954
TR-035978,2025-08-15,2431.97,2453.87066174511
TR-035979,2025-08-15,1638.07,1520.828185781101
TR-035980,2025-08-15,397.3,995.3014256499465
TR-035981,2025-08-15,4547.38,3972.505350475051
TR-035982,2025-08-15,1636.97,1652.1728319010222
TR-035983,2025-08-15,899.24,922.8672468178252
TR-035984,2025-08-15,2295.78,2280.2152521987964
TR-035985,2025-08-15,1905.41,1831.4221015694718
TR-035986,2025-08-15,2031.02,2168.2421711881825
TR-035987,2025-08-15,3075.57,3208.8163175731547
TR-035988,2025-08-15,2327.21,2366.5823847501188
TR-035989,2025-08-15,2264.87,2274.8656339045415
TR-035990,2025-08-15,1498.65,1446.82534190728
TR-035991,2025-08-15,3099.76,3022.5739773375376
TR-035992,2025-08-15,1159.62,1271.3803400223992
TR-035993,2025-08-15,835.48,846.5013292963855
TR-035994,2025-08-15,2295.09,2327.9277729918294
TR-035995,2025-08-15,1375.34,1385.830435231883
TR-035996,2025-08-15,402.54,419.1770991913609
TR-035997,2025-08-15,1066.44,1043.1463159066843
TR-035998,2025-08-15,2645.54,2589.2134496316694
TR-035999,2025-08-15,6767.41,1609.4413342814532
TR-036000,2025-08-15,2725.03,2567.4228623800914
TR-036001,2025-08-15,4406.16,4602.7771585208875
TR-036002,2025-08-15,3229.29,3476.8493341714375
TR-036003,2025-08-15,2232.61,2457.6219411791612
TR-036004,2025-08-15,778.77,721.278862022252
TR-036005,2025-08-15,3800.77,3774.9654261001483
TR-036006,2025-08-15,4450.0,4262.9392681666495
TR-036007,2025-08-15,1955.24,2019.16769891638
TR-036008,2025-08-15,2730.46,2817.6102133717486
TR-036009,2025-08-15,4283.87,4331.295824093121
TR-036010,2025-08-15,4004.42,4354.472277910913
TR-036011,2025-08-15,1025.89,970.3516414089867
TR-036012,2025-08-15,2388.5,2326.688003351666
TR-036013,2025-08-15,2127.74,2154.196889505563
TR-036014,2025-08-15,2447.09,2423.4378886219206
TR-036015,2025-08-15,2026.52,2045.088053601323
TR-036016,2025-08-15,1434.56,1358.0566084288873
TR-036017,2025-08-15,905.61,866.1906491347048
TR-036018,2025-08-15,228.14,263.6683278648873
TR-036019,2025-08-15,870.97,851.8796643188368
TR-036020,2025-08-15,2446.1,2521.578775275971
TR-036021,2025-08-15,887.44,847.6990735076513
TR-036022,2025-08-15,518.2,472.188174600022
TR-036023,2025-08-15,4419.17,4598.213555953106
TR-036024,2025-08-15,4660.74,4594.310519946744
TR-036025,2025-08-15,819.28,802.1014868578842
TR-036026,2025-08-15,831.29,798.608669186541
TR-036027,2025-08-15,3004.44,3164.9348193230817
TR-036028,2025-08-15,647.03,634.3557463596114
TR-036029,2025-08-15,1115.83,1025.1363114873043
TR-036030,2025-08-15,3230.46,3021.8790336968395
TR-036031,2025-08-15,4144.99,3955.9847556473837
TR-036032,2025-08-16,1841.5,1795.6987118114914
TR-036033,2025-08-16,3684.22,3951.3505768787527
TR-036034,2025-08-16,3269.29,3552.537100761317
TR-036035,2025-08-16,2322.85,2489.292236597683
TR-036036,2025-08-16,2049.08,2072.7525202941524
TR-036037,2025-08-16,1757.33,1957.3530547629505
TR-036038,2025-08-16,3837.87,3442.5160301628093
TR-036039,2025-08-16,2023.19,1925.9518259185807
TR-036040,2025-08-16,1911.36,2073.702910034325
TR-036041,2025-08-16,893.25,799.8504756220754
TR-036042,2025-08-16,1650.86,1612.4102219457193
TR-036043,2025-08-16,1613.54,1461.0164842750294
TR-036044,2025-08-16,2673.7,2591.7812608195204
TR-036045,2025-08-16,3599.97,3994.953784484423
TR-036046,2025-08-16,3418.9,3735.777197801636
TR-036047,2025-08-16,1145.54,1163.2788412847738
TR-036048,2025-08-16,3224.14,3405.500671025603
TR-036049,2025-08-16,4071.82,4098.523893837502
TR-036050,2025-08-16,1576.71,1625.923791913887
TR-036051,2025-08-16,1602.84,1625.69615199085
TR-036052,2025-08-16,3650.17,3738.011888855783
TR-036053,2025-08-16,1659.44,1746.5111263361234
TR-036054,2025-08-16,3246.09,3458.4747670034144
TR-036055,2025-08-16,2257.36,2203.63496875893
TR-036056,2025-08-16,2892.53,3109.9969729991853
TR-036057,2025-08-16,1951.46,2014.4308925002952
TR-036058,2025-08-16,815.17,853.2260057932876
TR-036059,2025-08-16,1151.02,1219.9183786897904
TR-036060,2025-08-16,2154.06,2224.857629939101
TR-036061,2025-08-16,2285.29,2248.2660114854857
TR-036062,2025-08-16,1831.39,1920.282028936165
TR-036063,2025-08-16,2049.4,1968.1429948610742
TR-036064,2025-08-16,2375.44,2582.9197230339314
TR-036065,2025-08-16,372.27,343.194544993366
TR-036066,2025-08-16,5311.84,5558.372846039754
TR-036067,2025-08-16,2928.35,3012.2410858342205
TR-036068,2025-08-16,3125.51,3399.9694359935525
TR-036069,2025-08-16,2480.93,2530.9578641429184
TR-036070,2025-08-16,2398.27,2386.3318883168636
TR-036071,2025-08-16,255.7,271.948807488224
TR-036072,2025-08-16,4697.05,5169.786573391868
TR-036073,2025-08-16,3674.62,3819.213042872635
TR-036074,2025-08-16,2844.65,2885.308244284735
TR-036075,2025-08-16,250.44,268.2070478723752
TR-036076,2025-08-16,3217.33,3575.2269992982156
TR-036077,2025-08-16,2269.65,2273.271244151658
TR-036078,2025-08-16,1534.37,1633.429556025836
TR-036079,2025-08-16,1769.3,1736.6628620126282
TR-036080,2025-08-16,1617.76,1633.5871094811164
TR-036081,2025-08-16,2168.56,2227.651078332672
TR-036082,2025-08-16,1794.13,1771.459039214393
TR-036083,2025-08-16,1138.56,1184.630932990054
TR-036084,2025-08-16,5936.83,5806.314951556916
TR-036085,2025-08-16,1911.85,1876.404887330715
TR-036086,2025-08-16,3676.84,4086.383709508871
TR-036087,2025-08-16,1230.68,1125.2630741735954
TR-036088,2025-08-16,1520.78,1538.9196227379261
TR-036089,2025-08-16,3178.12,2957.3074474182413
TR-036090,2025-08-16,3976.42,3975.381997960311
TR-036091,2025-08-16,5467.0,5618.7519906321995
TR-036092,2025-08-16,2241.16,2385.5258268933303
TR-036093,2025-08-16,1639.75,1581.0296055282677
TR-036094,2025-08-16,1681.79,1685.6062994062443
TR-036095,2025-08-16,1748.6,1792.1333858409525
TR-036096,2025-08-16,4562.29,4157.4838999323465
TR-036097,2025-08-16,1016.49,999.2283978245115
TR-036098,2025-08-16,1743.72,1834.542859988265
TR-036099,2025-08-16,3687.56,3924.717048990642
TR-036100,2025-08-16,4096.12,4413.468971397924
TR-036101,2025-08-16,474.97,2037.1461816732326
TR-036102,2025-08-16,3838.1,3547.150184877124
TR-036103,2025-08-16,1834.23,1744.470050442516
TR-036104,2025-08-16,2497.26,2505.813400645652
TR-036105,2025-08-16,2273.1,2187.7665275092772
TR-036106,2025-08-16,4607.33,4898.022143461196
TR-036107,2025-08-16,622.95,585.5249572101943
TR-036108,2025-08-16,1687.84,1821.5073802714328
TR-036109,2025-08-16,3022.84,3030.167863585824
TR-036110,2025-08-16,2039.42,2160.295646105075
TR-036111,2025-08-16,1465.38,1293.571089620315
TR-036112,2025-08-16,960.78,994.6261066817218
TR-036113,2025-08-16,493.34,475.78515473012203
TR-036114,2025-08-16,2483.22,2512.123974038661
TR-036115,2025-08-16,2759.1,2982.2139092869666
TR-036116,2025-08-16,2651.89,2803.713716001494
TR-036117,2025-08-16,1132.13,1054.462691341968
TR-036118,2025-08-16,2123.96,1932.9605839147944
TR-036119,2025-08-16,1069.59,1102.8941250628855
TR-036120,2025-08-16,3055.64,3259.0724638489205
TR-036121,2025-08-16,3073.16,3178.8380973143917
TR-036122,2025-08-16,4215.87,4052.898532114702
TR-036123,2025-08-16,336.62,339.6899830033959
TR-036124,2025-08-16,1455.33,1445.1934446389785
TR-036125,2025-08-16,1481.84,1466.3303529159318
TR-036126,2025-08-16,1801.22,1901.652351642388
TR-036127,2025-08-16,3652.18,3816.5702404143217
TR-036128,2025-08-16,2068.77,2124.9827361038865
TR-036129,2025-08-16,3868.89,3953.5016166566274
TR-036130,2025-08-16,4075.62,4400.783425585969
TR-036131,2025-08-16,802.3,817.5423229820427
TR-036132,2025-08-16,3788.68,4366.04719922282
TR-036133,2025-08-16,1915.8,1805.4528322518038
TR-036134,2025-08-16,726.88,704.8663395456996
TR-036135,2025-08-16,2990.38,3021.4818492472423
TR-036136,2025-08-16,1622.29,1766.9961412314126
TR-036137,2025-08-16,2750.99,2710.1493106293774
TR-036138,2025-08-16,1249.44,1184.8355735805271
TR-036139,2025-08-16,4247.68,4268.654406484956
TR-036140,2025-08-16,2638.95,2524.5567285937577
TR-036141,2025-08-16,2614.31,2708.9737637355547
TR-036142,2025-08-16,5157.53,5482.794479002016
TR-036143,2025-08-16,1797.61,1789.3353046287352
TR-036144,2025-08-16,1130.66,1165.184377650947
TR-036145,2025-08-16,1944.47,2065.887819209886
TR-036146,2025-08-16,1001.14,984.560727636115
TR-036147,2025-08-16,2625.33,2866.8931907873275
TR-036148,2025-08-16,2031.99,2196.048857816154
TR-036149,2025-08-16,1413.77,1435.3180829827381
TR-036150,2025-08-16,4953.76,5309.4197234322255
TR-036151,2025-08-16,5013.5,5336.295648517772
TR-036152,2025-08-16,1571.67,1554.3991831378385
TR-036153,2025-08-16,4412.23,4176.3008647496445
TR-036154,2025-08-16,3611.27,3477.2981412581607
TR-036155,2025-08-16,2261.69,2149.2650855847623
TR-036156,2025-08-16,3401.34,3372.2265021538597
TR-036157,2025-08-16,1646.63,1660.5752166379689
TR-036158,2025-08-16,3454.23,3314.2173418033253
TR-036159,2025-08-16,1457.51,1538.8855279377262
TR-036160,2025-08-16,5451.29,5895.162169640778
TR-036161,2025-08-16,3816.6,3944.9190760516085
TR-036162,2025-08-16,2322.3,2159.1674587811467
TR-036163,2025-08-16,3473.17,3667.2247068248766
TR-036164,2025-08-16,663.35,638.8465812902917
TR-036165,2025-08-16,4844.76,5256.541058284476
TR-036166,2025-08-16,2569.81,2446.6400386756327
TR-036167,2025-08-16,1160.98,1190.088207466727
TR-036168,2025-08-17,1652.87,1810.6697022530116
TR-036169,2025-08-17,1644.17,1709.5288554801916
TR-036170,2025-08-17,5136.17,5417.169788856587
TR-036171,2025-08-17,4414.17,4915.546083077902
TR-036172,2025-08-17,2410.45,2630.273676386938
TR-036173,2025-08-17,1206.28,1188.0348476178103
TR-036174,2025-08-17,590.4,1756.564415345861
TR-036175,2025-08-17,1105.12,1035.3376006439505
TR-036176,2025-08-17,2619.57,2174.0834340973715
TR-036177,2025-08-17,2247.2,2305.0466190570974
TR-036178,2025-08-17,436.28,395.21614995112213
TR-036179,2025-08-17,1313.47,1348.0960018002127
TR-036180,2025-08-17,1037.58,1040.889789557779
TR-036181,2025-08-17,2378.78,2557.9477148229453
TR-036182,2025-08-17,2727.16,2862.8102352220158
TR-036183,2025-08-17,3821.36,4321.082307514944
TR-036184,2025-08-17,3380.18,3601.043577539613
TR-036185,2025-08-17,740.47,803.1314522093447
TR-036186,2025-08-17,2055.83,2343.187511332224
TR-036187,2025-08-17,2250.27,2400.6121918999374
TR-036188,2025-08-17,1527.78,1745.942627091665
TR-036189,2025-08-17,3093.44,3378.0404111474923
TR-036190,2025-08-17,1733.05,1667.4837555493973
TR-036191,2025-08-17,4800.2,4937.403121397493
TR-036192,2025-08-17,549.01,539.4568417142706
TR-036193,2025-08-17,3767.23,3972.416154765883
TR-036194,2025-08-17,3019.94,3212.7447477039887
TR-036195,2025-08-17,898.11,816.3498927161895
TR-036196,2025-08-17,830.05,765.0486368477837
TR-036197,2025-08-17,2144.22,2129.8550134873376
TR-036198,2025-08-17,3686.55,3689.5866031822984
TR-036199,2025-08-17,1091.95,1130.7027672294703
TR-036200,2025-08-17,3196.57,3027.3827173302943
TR-036201,2025-08-17,3381.1,3486.879010211153
TR-036202,2025-08-17,3762.82,3356.498370842687
TR-036203,2025-08-17,2135.53,2137.208488136886
TR-036204,2025-08-17,839.05,840.4043656127755
TR-036205,2025-08-17,4083.3,3925.10805522965
TR-036206,2025-08-17,1030.79,917.8562407701452
TR-036207,2025-08-17,979.98,1015.6405921433454
TR-036208,2025-08-17,2014.89,2044.5487596453254
TR-036209,2025-08-17,775.55,702.2605897714258
TR-036210,2025-08-17,5484.89,5829.74799154354
TR-036211,2025-08-17,2470.83,2693.5731602171068
TR-036212,2025-08-17,229.68,265.3651922316012
TR-036213,2025-08-17,574.81,544.5353921541298
TR-036214,2025-08-17,858.66,894.9702754365013
TR-036215,2025-08-17,2039.55,2116.8122843148194
TR-036216,2025-08-17,5097.56,5569.986232230282
TR-036217,2025-08-17,1213.75,1193.8348594242345
TR-036218,2025-08-17,2730.21,2816.541959928908
TR-036219,2025-08-17,1430.67,1328.8617201657908
TR-036220,2025-08-17,1080.77,1192.18919412639
TR-036221,2025-08-17,1826.94,1915.7462544276905
TR-036222,2025-08-17,3316.18,3641.7870883120863
TR-036223,2025-08-17,3805.29,4063.6436843183938
TR-036224,2025-08-17,1206.5,1189.4260664029164
TR-036225,2025-08-17,3475.0,3705.461952693228
TR-036226,2025-08-17,3979.62,4417.838154185297
TR-036227,2025-08-17,4153.36,4485.731749123442
TR-036228,2025-08-17,1389.16,1265.5636598301598
TR-036229,2025-08-17,2186.81,2144.263639379755
TR-036230,2025-08-17,582.53,548.3257190022628
TR-036231,2025-08-17,3160.75,3007.7227841136473
TR-036232,2025-08-17,701.0,688.4071310311483
TR-036233,2025-08-17,500.33,488.4205104989355
TR-036234,2025-08-17,951.19,965.0493184967885
TR-036235,2025-08-17,1345.95,1512.296929405976
TR-036236,2025-08-17,575.45,526.7219952050156
TR-036237,2025-08-17,1427.88,1480.6722347982757
TR-036238,2025-08-17,3563.83,3516.4810813521503
TR-036239,2025-08-17,4616.32,5212.3882896266505
TR-036240,2025-08-17,903.07,884.2283362698399
TR-036241,2025-08-17,2050.24,2129.955520955784
TR-036242,2025-08-17,1151.23,1129.0990365815524
TR-036243,2025-08-17,1374.88,1406.9677177295957
TR-036244,2025-08-17,2483.45,2643.5503788154197
TR-036245,2025-08-17,1250.99,1197.0224291716852
TR-036246,2025-08-17,551.79,554.5075097092308
TR-036247,2025-08-17,3761.24,4194.903825979088
TR-036248,2025-08-17,1922.79,2065.6702570583493
TR-036249,2025-08-17,1742.86,1701.0990336223942
TR-036250,2025-08-17,2597.63,2510.886689846221
TR-036251,2025-08-17,2091.12,2231.4877398403096
TR-036252,2025-08-17,3595.51,3482.561726712522
TR-036253,2025-08-17,766.26,819.3441396323553
TR-036254,2025-08-17,1884.95,1888.0844033669694
TR-036255,2025-08-17,3030.28,3309.8775625024477
TR-036256,2025-08-17,2050.45,2139.560825249321
TR-036257,2025-08-17,4803.79,4931.377954942107
TR-036258,2025-08-17,2393.67,2699.1157394924544
TR-036259,2025-08-17,4864.79,5132.765491350274
TR-036260,2025-08-17,2032.97,2120.0139818936004
TR-036261,2025-08-17,2089.62,2118.0488274932172
TR-036262,2025-08-17,2089.28,2083.329258678005
TR-036263,2025-08-17,1855.56,1921.5950021596748
TR-036264,2025-08-17,2202.77,2138.1025176118706
TR-036265,2025-08-17,4154.97,4437.607048953154
TR-036266,2025-08-17,4335.22,4382.254758671974
TR-036267,2025-08-17,3318.05,3680.202525306866
TR-036268,2025-08-17,4307.74,4385.958192991637
TR-036269,2025-08-17,1567.26,1541.8855053200225
TR-036270,2025-08-17,4264.12,3987.659197080885
TR-036271,2025-08-17,1933.24,2094.7683538434744
TR-036272,2025-08-17,1493.51,1521.6250866971106
TR-036273,2025-08-17,894.5,895.6599376258678
TR-036274,2025-08-17,2550.29,2416.8122761904947
TR-036275,2025-08-17,4713.06,5240.497117243259
TR-036276,2025-08-17,4047.8,4265.512011868353
TR-036277,2025-08-17,2205.46,2316.236007417872
TR-036278,2025-08-17,1297.22,1206.2583499904358
TR-036279,2025-08-17,3844.59,4202.320301793754
TR-036280,2025-08-17,5396.59,5100.077072238692
TR-036281,2025-08-17,2064.97,2054.599363191797
TR-036282,2025-08-17,1105.94,1108.1825574623122
TR-036283,2025-08-17,1605.1,1705.6348909511612
TR-036284,2025-08-17,4324.29,3748.350826088954
TR-036285,2025-08-17,2112.79,2215.7190089025553
TR-036286,2025-08-17,786.37,796.531650087234
TR-036287,2025-08-17,3266.32,3411.1060999258775
TR-036288,2025-08-17,5763.0,5732.086677874153
TR-036289,2025-08-17,1708.81,1808.9300777380859
TR-036290,2025-08-17,3827.3,3942.2959029504163
TR-036291,2025-08-17,1470.35,1623.3055259774806
TR-036292,2025-08-17,1607.91,1912.1224388248177
TR-036293,2025-08-17,3974.12,3904.38812720042
TR-036294,2025-08-17,2305.45,2171.529362465066
TR-036295,2025-08-17,587.69,572.0426246406893
TR-036296,2025-08-17,1520.23,1577.2555191414642
TR-036297,2025-08-17,2405.08,2500.9265825256066
TR-036298,2025-08-17,1508.56,1535.2625533189992
TR-036299,2025-08-17,1155.37,1117.6571264977183
TR-036300,2025-08-17,880.58,868.8302233726055
TR-036301,2025-08-17,2290.38,2481.4581615714696
TR-036302,2025-08-17,2676.64,2529.169024647643
TR-036303,2025-08-17,2719.32,2788.014124605857
TR-036304,2025-08-17,470.52,456.313162586102
TR-036305,2025-08-17,1140.31,1089.23095900843
TR-036306,2025-08-17,4307.93,4218.946185006751
TR-036307,2025-08-17,836.43,834.1555983552211
TR-036308,2025-08-17,2003.51,2114.821715045811
TR-036309,2025-08-17,1203.26,1165.5819216368589
TR-036310,2025-08-17,2768.58,2887.8470231264055
TR-036311,2025-08-17,2159.37,2177.9240330190637
TR-036312,2025-08-17,2617.18,2733.333834688116
TR-036313,2025-08-17,455.32,459.22847371856955
TR-036314,2025-08-17,2029.34,2197.1104370423955
TR-036315,2025-08-17,2803.91,2866.8535212377465
TR-036316,2025-08-17,1104.37,1072.1090221910056
TR-036317,2025-08-17,2222.31,2217.2961115587345
TR-036318,2025-08-17,1400.4,1494.8830913825304
TR-036319,2025-08-17,571.65,523.6882646430552
TR-036320,2025-08-17,1286.62,1358.6761502912193
TR-036321,2025-08-17,3386.31,3332.422886779084
TR-036322,2025-08-17,580.04,567.0524444421823
TR-036323,2025-08-17,1635.76,1824.3375934371084
TR-036324,2025-08-17,2316.54,2220.5288942170005
TR-036325,2025-08-17,1440.32,1428.9740355784193
TR-036326,2025-08-17,885.0,847.7313973353114
TR-036327,2025-08-17,4180.5,4368.2564394434585
TR-036328,2025-08-18,1302.19,1250.7531682518593
TR-036329,2025-08-18,968.56,934.7280371521938
TR-036330,2025-08-18,1486.25,1570.175359660152
TR-036331,2025-08-18,1213.62,1213.6418641126686
TR-036332,2025-08-18,960.39,878.5890484900797
TR-036333,2025-08-18,1873.0,1928.5368384149938
TR-036334,2025-08-18,530.61,513.9744747121041
TR-036335,2025-08-18,1790.14,1871.096887271714
TR-036336,2025-08-18,1463.86,1568.3013024526736
TR-036337,2025-08-18,7005.3,2026.6894892752605
TR-036338,2025-08-18,2754.32,2821.846314137532
TR-036339,2025-08-18,4459.58,4558.898567170803
TR-036340,2025-08-18,1085.17,1013.8170738762475
TR-036341,2025-08-18,824.06,824.2037979758508
TR-036342,2025-08-18,2422.92,2563.6631812222045
TR-036343,2025-08-18,2196.65,2259.7832864789807
TR-036344,2025-08-18,2033.9,2105.1199842597184
TR-036345,2025-08-18,1311.96,1351.1878015066761
TR-036346,2025-08-18,4145.32,4224.876387634384
TR-036347,2025-08-18,609.92,600.8256348168961
TR-036348,2025-08-18,3018.58,3072.5542684724546
TR-036349,2025-08-18,2280.83,2446.183469324627
TR-036350,2025-08-18,363.64,363.91762802766965
TR-036351,2025-08-18,1474.28,1317.2318688567332
TR-036352,2025-08-18,2625.24,2555.6940924449755
TR-036353,2025-08-18,1182.95,1147.5396850601626
TR-036354,2025-08-18,1588.15,1627.3576281398848
TR-036355,2025-08-18,4013.6,4280.060040343299
TR-036356,2025-08-18,387.66,374.7411869598393
TR-036357,2025-08-18,1067.44,1093.3521430097464
TR-036358,2025-08-18,924.05,866.8394289126595
TR-036359,2025-08-18,3251.33,3272.2298458278
TR-036360,2025-08-18,2867.66,2898.0399241743917
TR-036361,2025-08-18,5279.47,5543.978165766581
TR-036362,2025-08-18,2235.11,2148.83582858214
TR-036363,2025-08-18,4469.94,4744.149938463227
TR-036364,2025-08-18,4767.02,4567.19567522594
TR-036365,2025-08-18,2766.01,2866.3034280252314
TR-036366,2025-08-18,3101.88,3245.5103544189037
TR-036367,2025-08-18,3414.11,3484.9966357618696
TR-036368,2025-08-18,594.86,537.9340465938459
TR-036369,2025-08-18,1655.43,1767.9713818835978
TR-036370,2025-08-18,1136.01,1136.024575163257
TR-036371,2025-08-18,5474.99,1280.0708640670584
TR-036372,2025-08-18,2101.95,2240.3101309252074
TR-036373,2025-08-18,1601.64,1495.2112327306158
TR-036374,2025-08-18,945.7,913.830629128889
TR-036375,2025-08-18,2830.13,2729.666773257938
TR-036376,2025-08-18,764.68,795.0706406349879
TR-036377,2025-08-18,592.37,575.460534355236
TR-036378,2025-08-18,583.85,547.8569765908899
TR-036379,2025-08-18,2325.74,2465.2387447347314
TR-036380,2025-08-18,451.84,452.4067330913516
TR-036381,2025-08-18,1291.52,1297.1354285183784
TR-036382,2025-08-18,4435.81,4729.7424360631785
TR-036383,2025-08-18,1474.08,1478.9609170425636
TR-036384,2025-08-18,3001.21,2897.7104721630935
TR-036385,2025-08-18,5270.1,5684.007882846181
TR-036386,2025-08-18,1762.06,1719.6117422531752
TR-036387,2025-08-18,1780.32,1793.182091956354
TR-036388,2025-08-18,3216.91,3317.062517274887
TR-036389,2025-08-18,4407.92,4651.602617651019
TR-036390,2025-08-18,1040.88,1033.4778316294658
TR-036391,2025-08-18,475.28,457.6607679758225
TR-036392,2025-08-18,9127.43,2808.1877334560745
TR-036393,2025-08-18,2986.01,3224.5424435631885
TR-036394,2025-08-18,4112.57,4002.323758214853
TR-036395,2025-08-18,3004.7,3051.5251020042133
TR-036396,2025-08-18,1405.11,1540.3153041138635
TR-036397,2025-08-18,921.85,902.3349001754776
TR-036398,2025-08-18,5391.98,5112.654864007847
TR-036399,2025-08-18,2704.57,2698.8240018932875
TR-036400,2025-08-18,3284.18,3481.022672862762
TR-036401,2025-08-18,1396.72,1458.3579974060883
TR-036402,2025-08-18,1066.18,1003.4555698834948
TR-036403,2025-08-18,3184.97,3429.5630298749093
TR-036404,2025-08-18,4600.41,5085.290640796371
TR-036405,2025-08-18,3414.08,3486.0151193738784
TR-036406,2025-08-18,2600.97,2524.5831223380296
TR-036407,2025-08-18,2356.65,2448.1838199695976
TR-036408,2025-08-18,2950.3,3154.4529594257765
TR-036409,2025-08-18,1205.97,1142.7601051204708
TR-036410,2025-08-18,1119.34,1040.4955349855745
TR-036411,2025-08-18,1151.14,1154.8549691997018
TR-036412,2025-08-18,2691.6,2770.11754433737
TR-036413,2025-08-18,1783.71,1834.689141580563
TR-036414,2025-08-18,552.32,531.7098791579642
TR-036415,2025-08-18,1323.71,1334.2607696468135
TR-036416,2025-08-18,1222.79,1240.53640938261
TR-036417,2025-08-18,2446.14,2634.069267286151
TR-036418,2025-08-18,1253.85,1255.0200691186083
TR-036419,2025-08-18,1870.75,2043.4351830066526
TR-036420,2025-08-18,1694.82,1689.4984970735475
TR-036421,2025-08-18,1041.44,1029.6109243337476
TR-036422,2025-08-18,1695.68,1662.7088224438774
TR-036423,2025-08-18,907.4,875.2135068897697
TR-036424,2025-08-18,4036.53,4084.311592545889
TR-036425,2025-08-18,2205.14,2238.1988040877322
TR-036426,2025-08-18,3675.29,3134.568427020307
TR-036427,2025-08-18,2094.68,2169.638941041984
TR-036428,2025-08-18,3807.79,3810.416046756749
TR-036429,2025-08-18,4223.98,3980.5945816758413
TR-036430,2025-08-18,1038.63,1022.8963786854988
TR-036431,2025-08-18,713.95,675.9509715452715
TR-036432,2025-08-18,3634.28,3862.7791885232177
TR-036433,2025-08-18,3443.19,3156.2624930133784
TR-036434,2025-08-18,1497.08,1471.517962753395
TR-036435,2025-08-18,4874.55,5015.726832605771
TR-036436,2025-08-18,845.52,816.1605210097022
TR-036437,2025-08-18,4633.79,4671.023397892427
TR-036438,2025-08-18,2608.3,2831.3513510004254
TR-036439,2025-08-18,1073.13,1053.571258871215
TR-036440,2025-08-18,2924.85,3214.7638440218975
TR-036441,2025-08-18,742.67,714.3139128480954
TR-036442,2025-08-18,3055.59,3048.116202417108
TR-036443,2025-08-18,2569.04,2852.942396183917
TR-036444,2025-08-18,1541.79,1570.4539344258562
TR-036445,2025-08-18,3784.74,3644.7891086998343
TR-036446,2025-08-18,1179.95,1083.88692391224
TR-036447,2025-08-18,1593.1,1655.171330544924
TR-036448,2025-08-18,1621.52,1713.7589512544134
TR-036449,2025-08-18,1540.02,1555.8477547723458
TR-036450,2025-08-18,830.01,812.5142074661517
TR-036451,2025-08-18,1881.25,2137.1110415802727
TR-036452,2025-08-18,631.79,606.9569273528896
TR-036453,2025-08-18,3197.64,2935.5183154851097
TR-036454,2025-08-18,1219.62,1140.1647278134888
TR-036455,2025-08-18,3946.97,4381.699989559362
TR-036456,2025-08-18,1799.23,1937.5531285671289
TR-036457,2025-08-18,1389.5,1472.7509343797142
TR-036458,2025-08-18,2763.16,2737.9253983255267
TR-036459,2025-08-18,3493.69,3547.7735888211687
TR-036460,2025-08-18,1104.2,1119.528120391632
TR-036461,2025-08-18,3292.21,3341.205621893976
TR-036462,2025-08-18,2140.29,2254.4422589047117
TR-036463,2025-08-18,1333.56,1361.0135276588915
TR-036464,2025-08-18,3545.35,3354.9074439860797
TR-036465,2025-08-18,246.24,289.329563657067
TR-036466,2025-08-18,1876.54,1874.7911378141414
TR-036467,2025-08-18,870.16,865.431973783763
TR-036468,2025-08-18,646.37,607.4944013865174
TR-036469,2025-08-18,2662.1,2714.5238894034464
TR-036470,2025-08-18,2450.2,2189.0995399573176
TR-036471,2025-08-18,1881.24,1768.3010499966924
TR-036472,2025-08-18,1239.46,1317.443061524352
TR-036473,2025-08-18,2022.38,1912.9296171064234
TR-036474,2025-08-18,1068.71,1047.2162404983098
TR-036475,2025-08-18,3088.48,3248.9094181134346
TR-036476,2025-08-18,2533.85,2542.8708636567835
TR-036477,2025-08-18,648.16,618.9258876071912
TR-036478,2025-08-19,4062.45,3913.317638913077
TR-036479,2025-08-19,2528.12,2533.0285624845096
TR-036480,2025-08-19,2170.15,2234.2691903037917
TR-036481,2025-08-19,2807.51,2707.812363757424
TR-036482,2025-08-19,4494.76,4322.48586953772
TR-036483,2025-08-19,700.81,660.5022889232315
TR-036484,2025-08-19,1434.06,1460.2894656893575
TR-036485,2025-08-19,1421.04,1374.600880264252
TR-036486,2025-08-19,3248.51,3631.250522786534
TR-036487,2025-08-19,3482.69,3870.379872251273
TR-036488,2025-08-19,1940.19,1952.5171194522495
TR-036489,2025-08-19,577.87,542.007380785578
TR-036490,2025-08-19,1938.92,2088.7504124895704
TR-036491,2025-08-19,2529.01,2501.4440987265425
TR-036492,2025-08-19,4145.98,4417.5272717644375
TR-036493,2025-08-19,3683.08,3621.0172244367773
TR-036494,2025-08-19,621.06,583.610732751385
TR-036495,2025-08-19,2412.3,2416.8219455950475
TR-036496,2025-08-19,1602.28,1578.2941635463033
TR-036497,2025-08-19,5007.09,5047.933407788099
TR-036498,2025-08-19,3974.93,4206.6728322541785
TR-036499,2025-08-19,3785.29,4069.279252653785
TR-036500,2025-08-19,3699.85,4032.027631945219
TR-036501,2025-08-19,3577.21,3763.819338112739
TR-036502,2025-08-19,2123.58,2157.78947829017
TR-036503,2025-08-19,5212.13,5107.151929647355
TR-036504,2025-08-19,1360.75,1460.8422150769345
TR-036505,2025-08-19,2928.8,3175.0335582301664
TR-036506,2025-08-19,3687.08,4039.7310374231033
TR-036507,2025-08-19,1239.01,1332.1231335895786
TR-036508,2025-08-19,698.91,690.5506353957442
TR-036509,2025-08-19,1890.03,1925.618495373426
TR-036510,2025-08-19,3376.05,3602.667820822996
TR-036511,2025-08-19,484.6,489.603971556588
TR-036512,2025-08-19,3328.76,3590.4767507139513
TR-036513,2025-08-19,2946.23,3077.6504536789694
TR-036514,2025-08-19,1713.96,1667.2048565695907
TR-036515,2025-08-19,2876.51,3023.1813919866286
TR-036516,2025-08-19,2088.96,2155.396651678432
TR-036517,2025-08-19,3594.09,3466.010953018984
TR-036518,2025-08-19,3494.05,3571.0785143956655
TR-036519,2025-08-19,1114.24,1070.545497474165
TR-036520,2025-08-19,2714.49,2591.158967262826
TR-036521,2025-08-19,1401.37,1380.3409819467752
TR-036522,2025-08-19,2062.24,2240.2732119964267
TR-036523,2025-08-19,910.62,963.7043251654152
TR-036524,2025-08-19,2451.68,2353.8766988638477
TR-036525,2025-08-19,1876.04,1786.453051037062
TR-036526,2025-08-19,643.19,615.1367392494308
TR-036527,2025-08-19,2168.16,2301.535670250411
TR-036528,2025-08-19,3719.7,3871.272332018917
TR-036529,2025-08-19,3308.92,3512.230554777473
TR-036530,2025-08-19,2682.76,2830.2421283539984
TR-036531,2025-08-19,1574.32,1479.720879175435
TR-036532,2025-08-19,4083.58,4212.736263939836
TR-036533,2025-08-19,1889.76,2017.8664580227464
TR-036534,2025-08-19,4693.35,3934.129774011757
TR-036535,2025-08-19,3092.36,3163.3502164447127
TR-036536,2025-08-19,1094.04,1086.7572393362875
TR-036537,2025-08-19,1201.66,1068.8146288902226
TR-036538,2025-08-19,2757.2,2537.4444679722965
TR-036539,2025-08-19,2296.67,2513.9205860641405
TR-036540,2025-08-19,2650.75,2825.5170663130175
TR-036541,2025-08-19,1098.72,1075.15240536329
TR-036542,2025-08-19,1292.85,1277.7620756539
TR-036543,2025-08-19,780.91,745.3499853993267
TR-036544,2025-08-19,2459.64,2562.4901366352847
TR-036545,2025-08-19,2801.49,2973.088467718766
TR-036546,2025-08-19,881.77,787.2317607783787
TR-036547,2025-08-19,4040.94,4108.254163983896
TR-036548,2025-08-19,269.95,306.20284790991917
TR-036549,2025-08-19,1487.21,1430.614219089848
TR-036550,2025-08-19,1881.32,1855.144226416532
TR-036551,2025-08-19,1649.02,1562.540539128647
TR-036552,2025-08-19,3390.6,3469.3567324869105
TR-036553,2025-08-19,2499.47,2554.2895463737627
TR-036554,2025-08-19,1415.92,1471.7130087953412
TR-036555,2025-08-19,2284.29,2367.10922199846
TR-036556,2025-08-19,1813.52,1885.9866380611545
TR-036557,2025-08-19,1186.67,1152.2004320311514
TR-036558,2025-08-19,640.91,628.3662308593161
TR-036559,2025-08-19,3199.7,3391.113974449998
TR-036560,2025-08-19,330.59,345.00295892974975
TR-036561,2025-08-19,1762.13,1734.2818316423964
TR-036562,2025-08-19,2439.47,2362.87376028842
TR-036563,2025-08-19,1363.3,1228.3599180600354
TR-036564,2025-08-19,1700.11,1815.34712174054
TR-036565,2025-08-19,888.84,823.4950370050758
TR-036566,2025-08-19,768.75,733.4450289951412
TR-036567,2025-08-19,423.14,436.8572610831655
TR-036568,2025-08-19,2057.14,2186.414554776846
TR-036569,2025-08-19,2365.86,2124.6565939897264
TR-036570,2025-08-19,4523.85,4504.196936473699
TR-036571,2025-08-19,2401.06,2173.8265870714918
TR-036572,2025-08-19,611.69,549.2525750941127
TR-036573,2025-08-19,1834.73,2008.0165445221742
TR-036574,2025-08-19,3876.58,4043.34191599236
TR-036575,2025-08-19,4178.76,4440.166185333017
TR-036576,2025-08-19,2125.87,2042.7806455896284
TR-036577,2025-08-19,808.98,821.2391989647881
TR-036578,2025-08-19,5132.34,5572.778823838882
TR-036579,2025-08-19,3954.67,4526.29084705356
TR-036580,2025-08-19,4222.39,4345.324648103076
TR-036581,2025-08-19,779.19,750.7969058207779
TR-036582,2025-08-19,305.5,270.77841805953767
TR-036583,2025-08-19,927.53,958.8976268653632
TR-036584,2025-08-19,4263.95,4436.003109259169
TR-036585,2025-08-19,1070.05,1015.3348282450902
TR-036586,2025-08-19,1551.73,1649.2995081216836
TR-036587,2025-08-19,5028.79,5126.3510419908735
TR-036588,2025-08-19,1432.27,1353.3490291089956
TR-036589,2025-08-19,1249.37,1110.4526361966984
TR-036590,2025-08-19,3132.86,3244.0402035014063
TR-036591,2025-08-19,545.0,543.5796345851123
TR-036592,2025-08-19,3215.76,3243.674719945249
TR-036593,2025-08-19,2014.18,2042.3711762574699
TR-036594,2025-08-19,2571.46,2665.1957680869764
TR-036595,2025-08-19,1139.56,1060.6374977457276
TR-036596,2025-08-19,5055.89,5578.180368124706
TR-036597,2025-08-19,1867.51,1868.2448264417055
TR-036598,2025-08-19,1233.19,359.5363914884879
TR-036599,2025-08-19,1651.75,1686.774494352348
TR-036600,2025-08-19,2183.06,2098.7607222782863
TR-036601,2025-08-19,4622.21,4859.054577440393
TR-036602,2025-08-19,3186.96,3178.6532384188595
TR-036603,2025-08-19,4157.95,4345.25059196222
TR-036604,2025-08-19,1086.93,1094.0010177339736
TR-036605,2025-08-19,2969.49,3233.512325812971
TR-036606,2025-08-19,5016.26,5345.55903011957
TR-036607,2025-08-19,251.48,275.08939346627756
TR-036608,2025-08-19,475.77,457.24951563823873
TR-036609,2025-08-19,4493.84,4824.732123537188
TR-036610,2025-08-20,1386.42,304.9119789275812
TR-036611,2025-08-20,1283.24,1193.4904298507836
TR-036612,2025-08-20,3774.05,3506.545414935427
TR-036613,2025-08-20,2310.44,2317.4364438094494
TR-036614,2025-08-20,2867.53,2924.2821769813054
TR-036615,2025-08-20,4091.63,4295.283037409907
TR-036616,2025-08-20,2104.27,715.0317463382323
TR-036617,2025-08-20,3897.69,4308.085835296978
TR-036618,2025-08-20,2244.64,2186.112876281649
TR-036619,2025-08-20,2651.55,2735.1588335079146
TR-036620,2025-08-20,2380.7,2199.918326974739
TR-036621,2025-08-20,829.39,774.0563072712504
TR-036622,2025-08-20,1473.56,1420.3018678593119
TR-036623,2025-08-20,3636.99,3800.9951833947753
TR-036624,2025-08-20,915.54,912.5222346240719
TR-036625,2025-08-20,1183.23,1300.1075287492488
TR-036626,2025-08-20,4304.02,4607.492258111325
TR-036627,2025-08-20,4808.84,5135.242815017721
TR-036628,2025-08-20,1391.56,1390.3909920871474
TR-036629,2025-08-20,1284.09,1278.121830065094
TR-036630,2025-08-20,1595.82,1871.253798239442
TR-036631,2025-08-20,2925.66,2894.4221897432103
TR-036632,2025-08-20,3402.74,3294.1453447080257
TR-036633,2025-08-20,3447.63,3670.2154090264103
TR-036634,2025-08-20,2126.57,2070.544969226103
TR-036635,2025-08-20,3155.17,2963.631916924088
TR-036636,2025-08-20,5422.39,5543.724844086356
TR-036637,2025-08-20,3591.08,3800.1546038691245
TR-036638,2025-08-20,5169.48,5413.205425967749
TR-036639,2025-08-20,3599.34,4083.177059807151
TR-036640,2025-08-20,2646.7,2787.962836759498
TR-036641,2025-08-20,472.55,462.45333021429616
TR-036642,2025-08-20,863.42,842.1693829949576
TR-036643,2025-08-20,1960.5,2142.399672899711
TR-036644,2025-08-20,342.72,1461.2325243777502
TR-036645,2025-08-20,2388.92,2419.0948917544547
TR-036646,2025-08-20,2259.87,2078.563634710791
TR-036647,2025-08-20,2261.14,2136.5611767372407
TR-036648,2025-08-20,1790.72,1946.1721460398387
TR-036649,2025-08-20,1034.76,1044.9075752616343
TR-036650,2025-08-20,1851.91,1721.2916371871804
TR-036651,2025-08-20,1013.63,1001.4842110456303
TR-036652,2025-08-20,954.57,1000.7826331385771
TR-036653,2025-08-20,814.6,821.1516472461307
TR-036654,2025-08-20,636.77,612.1499405259306
TR-036655,2025-08-20,1098.68,4646.6680616861195
TR-036656,2025-08-20,2434.53,2419.0088434070526
TR-036657,2025-08-20,501.72,471.98439430589497
TR-036658,2025-08-20,3768.26,3978.354011983884
TR-036659,2025-08-20,672.86,639.8194385995142
TR-036660,2025-08-20,3694.93,3598.0797574310773
TR-036661,2025-08-20,1834.61,1902.2963182656372
TR-036662,2025-08-20,1855.13,2039.1265941882796
TR-036663,2025-08-20,1850.53,1666.1012662369665
TR-036664,2025-08-20,2405.01,2612.2619110616533
TR-036665,2025-08-20,1585.92,1593.3838503543998
TR-036666,2025-08-20,485.3,496.09386726574655
TR-036667,2025-08-20,1466.89,1422.6753750768696
TR-036668,2025-08-20,3732.56,3879.054758891939
TR-036669,2025-08-20,969.07,903.706967274033
TR-036670,2025-08-20,1597.78,1568.0369996992663
TR-036671,2025-08-20,1033.53,1190.539584655528
TR-036672,2025-08-20,1007.86,1070.9371254540488
TR-036673,2025-08-20,2015.73,2058.8190518834813
TR-036674,2025-08-20,4108.8,4580.394345998054
TR-036675,2025-08-20,2542.56,2508.856009663916
TR-036676,2025-08-20,2090.52,2234.998943173249
TR-036677,2025-08-20,2214.55,2169.7630559363374
TR-036678,2025-08-20,601.12,598.6868178285004
TR-036679,2025-08-20,1374.58,1343.832848503542
TR-036680,2025-08-20,11839.2,3296.010454245676
TR-036681,2025-08-20,3288.75,3310.7859189167793
TR-036682,2025-08-20,1945.54,1948.9947688571392
TR-036683,2025-08-20,1951.68,2010.3223147459528
TR-036684,2025-08-20,1038.02,1020.6748145783431
TR-036685,2025-08-20,721.78,663.3219868961557
TR-036686,2025-08-20,1436.61,1323.3700826270801
TR-036687,2025-08-20,1764.72,1709.559131416757
TR-036688,2025-08-20,2089.6,2121.8214352086407
TR-036689,2025-08-20,1890.54,1811.0401586729638
TR-036690,2025-08-20,2105.68,2251.885114869705
TR-036691,2025-08-20,5533.57,5719.747323220888
TR-036692,2025-08-20,1474.64,1376.4417202973782
TR-036693,2025-08-20,3669.47,4165.961498123065
TR-036694,2025-08-20,2434.45,2551.672285358063
TR-036695,2025-08-20,4408.52,4496.111968220379
TR-036696,2025-08-20,3681.09,3793.2113890986234
TR-036697,2025-08-20,3813.32,3755.8229614940124
TR-036698,2025-08-20,3441.2,3583.2014981594702
TR-036699,2025-08-20,3826.6,3634.163240725632
TR-036700,2025-08-20,1209.64,1130.6380185071885
TR-036701,2025-08-20,842.96,846.2622300808913
TR-036702,2025-08-20,1325.4,1289.6770758138462
TR-036703,2025-08-20,1785.26,1803.6859920953043
TR-036704,2025-08-20,3738.53,3348.8581293356733
TR-036705,2025-08-20,1789.47,1768.306832914711
TR-036706,2025-08-20,2219.86,2150.09787761579
TR-036707,2025-08-20,3637.47,3738.7511209734653
TR-036708,2025-08-20,6180.67,6121.222181424024
TR-036709,2025-08-20,4075.64,4690.2731416853685
TR-036710,2025-08-20,218.86,265.9463963799845
TR-036711,2025-08-20,2243.05,2478.936712614926
TR-036712,2025-08-20,4382.01,4680.9522831177255
TR-036713,2025-08-20,510.82,490.8139864810579
TR-036714,2025-08-20,4325.54,4640.393340830319
TR-036715,2025-08-20,989.96,991.5579591183408
TR-036716,2025-08-20,2755.51,2795.228195030257
TR-036717,2025-08-20,704.44,644.0717598013424
TR-036718,2025-08-20,2691.38,2661.562028430124
TR-036719,2025-08-20,3913.51,3714.37259663002
TR-036720,2025-08-20,1091.2,960.3074831812478
TR-036721,2025-08-20,3753.75,3532.1936588279013
TR-036722,2025-08-20,1375.57,1412.186073682565
TR-036723,2025-08-20,725.83,714.7332936196365
TR-036724,2025-08-20,1370.4,1364.2938470388901
TR-036725,2025-08-20,956.28,997.4012714382127
TR-036726,2025-08-20,2748.99,2600.3494374941124
TR-036727,2025-08-20,4305.07,4682.684390354347
TR-036728,2025-08-20,1285.25,1285.9455317266504
TR-036729,2025-08-20,1712.54,1916.7884225576463
TR-036730,2025-08-20,3234.1,3188.1942892112606
TR-036731,2025-08-20,3722.53,3957.530740215361
TR-036732,2025-08-20,657.03,643.093224567018
TR-036733,2025-08-20,2707.86,2840.241075699449
TR-036734,2025-08-20,2152.23,2271.41336946409
TR-036735,2025-08-20,3067.5,3164.368934635324
TR-036736,2025-08-20,1009.51,986.5170431547218
TR-036737,2025-08-20,2068.94,2261.3624318173393
TR-036738,2025-08-20,4399.22,4668.674842725873
TR-036739,2025-08-20,910.13,853.4674910100415
TR-036740,2025-08-20,1244.46,1225.6686832059881
TR-036741,2025-08-20,2054.36,2244.1205414002925
TR-036742,2025-08-20,3311.12,3532.5089591099545
TR-036743,2025-08-20,3116.25,3304.0174408403896
TR-036744,2025-08-20,972.59,943.4104493876164
TR-036745,2025-08-20,1528.99,1541.016522328455
TR-036746,2025-08-20,904.99,863.2405468234606
TR-036747,2025-08-20,2681.57,2740.145229769898
TR-036748,2025-08-20,4782.94,4882.3567954425525
TR-036749,2025-08-20,2305.82,2196.0336639177704
TR-036750,2025-08-20,1135.08,1185.3348206898127
TR-036751,2025-08-20,1621.15,1563.3280546387841
TR-036752,2025-08-20,2537.55,2541.0722535790746
TR-036753,2025-08-20,1166.11,1150.6542901107364
TR-036754,2025-08-20,1535.6,1448.6352038950313
TR-036755,2025-08-20,1724.39,2063.940580804431
TR-036756,2025-08-20,493.53,473.11094021999776
TR-036757,2025-08-20,3778.8,4144.663047318935
TR-036758,2025-08-20,946.97,940.7095457313991
TR-036759,2025-08-20,1586.05,1595.4869401254093
TR-036760,2025-08-20,588.43,566.7498068236141
TR-036761,2025-08-20,3540.52,3546.417859032239
TR-036762,2025-08-20,2164.19,2180.868883683898
TR-036763,2025-08-20,4327.83,4416.065715799983
TR-036764,2025-08-20,4999.28,5080.060053400641
TR-036765,2025-08-20,4525.36,4819.203453000639
TR-036766,2025-08-20,1804.96,1723.1248949259382
TR-036767,2025-08-20,1452.84,1390.3501153686518
TR-036768,2025-08-20,3612.33,3660.2449435409
TR-036769,2025-08-20,660.26,618.8650659558232
TR-036770,2025-08-20,5089.9,5376.173688370143
TR-036771,2025-08-20,4681.91,4815.336577264859
TR-036772,2025-08-20,989.75,981.8153131496705
TR-036773,2025-08-20,3808.51,3968.613033393648
TR-036774,2025-08-20,2535.37,2172.2684203374965
TR-036775,2025-08-20,2002.27,2134.055757159981
TR-036776,2025-08-20,1186.24,1263.3135327538132
TR-036777,2025-08-20,3466.25,3084.4637350838384
TR-036778,2025-08-21,697.99,665.2054250397379
TR-036779,2025-08-21,2390.25,2485.0138685143875
TR-036780,2025-08-21,949.82,1018.3618381094313
TR-036781,2025-08-21,2029.95,2004.3192890761652
TR-036782,2025-08-21,1791.15,1811.098287880319
TR-036783,2025-08-21,1570.09,1532.9979446171444
TR-036784,2025-08-21,2239.63,2331.6840255809752
TR-036785,2025-08-21,1638.23,1744.4541308880919
TR-036786,2025-08-21,990.81,981.8627052605306
TR-036787,2025-08-21,3892.62,4193.457332514974
TR-036788,2025-08-21,971.16,988.4109882661545
TR-036789,2025-08-21,1270.17,1285.6318920799717
TR-036790,2025-08-21,5285.51,5447.449085573445
TR-036791,2025-08-21,847.21,792.4651207176506
TR-036792,2025-08-21,5067.94,5019.464155884754
TR-036793,2025-08-21,4868.53,4480.851059748764
TR-036794,2025-08-21,1579.37,1750.680923525342
TR-036795,2025-08-21,3794.2,3669.3675955322565
TR-036796,2025-08-21,1145.33,1233.454625383392
TR-036797,2025-08-21,1837.01,2070.2838019756186
TR-036798,2025-08-21,748.1,702.1596310476413
TR-036799,2025-08-21,1619.03,1912.7425794966778
TR-036800,2025-08-21,2244.95,2252.465022433691
TR-036801,2025-08-21,2897.26,3027.147492748627
TR-036802,2025-08-21,1933.26,2014.436407762567
TR-036803,2025-08-21,6445.9,6019.624890736119
TR-036804,2025-08-21,3509.63,3389.7505264476636
TR-036805,2025-08-21,881.82,857.9080459012533
TR-036806,2025-08-21,1117.21,1151.4580801173067
TR-036807,2025-08-21,884.12,892.1393251512212
TR-036808,2025-08-21,1004.87,1040.5607333110245
TR-036809,2025-08-21,1786.82,1954.6496893008664
TR-036810,2025-08-21,1253.59,1239.8159461651846
TR-036811,2025-08-21,4403.73,4720.208841061811
TR-036812,2025-08-21,767.18,737.7063677567766
TR-036813,2025-08-21,3856.7,3992.817437493854
TR-036814,2025-08-21,1758.47,1814.3406552325919
TR-036815,2025-08-21,2669.68,2692.4852590442156
TR-036816,2025-08-21,1292.01,1311.2458002613796
TR-036817,2025-08-21,3610.69,3733.0257589291064
TR-036818,2025-08-21,1019.65,1019.938368344172
TR-036819,2025-08-21,333.85,352.3858828749393
TR-036820,2025-08-21,2059.99,2155.5022472605897
TR-036821,2025-08-21,1276.36,1249.2954769301325
TR-036822,2025-08-21,4884.31,4594.270832776845
TR-036823,2025-08-21,2222.35,2156.310114394497
TR-036824,2025-08-21,1108.91,1015.5287998277239
TR-036825,2025-08-21,3056.51,3043.111286170371
TR-036826,2025-08-21,2399.16,2363.6347593727505
TR-036827,2025-08-21,3246.87,3386.420204322074
TR-036828,2025-08-21,918.93,939.8805907880129
TR-036829,2025-08-21,3712.27,3670.8079373509518
TR-036830,2025-08-21,1929.4,1984.9348804350977
TR-036831,2025-08-21,1986.98,2051.540593552048
TR-036832,2025-08-21,2160.97,2393.6107755327307
TR-036833,2025-08-21,2817.46,3049.1496908042714
TR-036834,2025-08-21,3299.81,3297.6813592517738
TR-036835,2025-08-21,6089.99,6042.235126546908
TR-036836,2025-08-21,2457.42,2391.3744224322627
TR-036837,2025-08-21,1202.6,1105.9135045483363
TR-036838,2025-08-21,2550.17,2506.239574110623
TR-036839,2025-08-21,1642.54,1674.8030873658124
TR-036840,2025-08-21,1239.55,1246.1807291659977
TR-036841,2025-08-21,2014.39,1916.775263830638
TR-036842,2025-08-21,1775.15,2010.3486767632105
TR-036843,2025-08-21,842.84,823.423946864212
TR-036844,2025-08-21,1736.32,1847.577118981201
TR-036845,2025-08-21,2515.93,2380.5289858079395
TR-036846,2025-08-21,1714.47,1640.4777597158457
TR-036847,2025-08-21,1150.61,1156.1044286111596
TR-036848,2025-08-21,1076.29,1089.9977226677177
TR-036849,2025-08-21,1611.52,1600.0884327611868
TR-036850,2025-08-21,515.58,504.03433214199316
TR-036851,2025-08-21,1628.64,1593.8298816039185
TR-036852,2025-08-21,1712.3,1767.439067378768
TR-036853,2025-08-21,4457.75,4264.2852084771475
TR-036854,2025-08-21,1136.15,1061.7078899612784
TR-036855,2025-08-21,3759.61,3599.2847400154997
TR-036856,2025-08-21,3034.0,3197.647707162659
TR-036857,2025-08-21,2928.26,3036.718664748658
TR-036858,2025-08-21,1902.46,2102.069751052676
TR-036859,2025-08-21,2817.21,2708.141944820677
TR-036860,2025-08-21,1879.48,1991.3483874024944
TR-036861,2025-08-21,1845.85,1952.347558398104
TR-036862,2025-08-21,2318.82,2535.5496846603432
TR-036863,2025-08-21,1856.59,1858.686845417797
TR-036864,2025-08-21,3400.02,3540.3159694411247
TR-036865,2025-08-21,1034.15,988.4980274569208
TR-036866,2025-08-21,2274.67,2385.114770992345
TR-036867,2025-08-21,3866.5,3632.5411460684522
TR-036868,2025-08-21,550.87,524.8124637995015
TR-036869,2025-08-21,2077.94,2159.8838513634973
TR-036870,2025-08-21,1560.6,1735.0250244332071
TR-036871,2025-08-21,506.1,489.7827043326072
TR-036872,2025-08-21,4790.81,5212.93226674871
TR-036873,2025-08-21,1957.68,1819.8464686000611
TR-036874,2025-08-21,3303.46,3453.6746827240054
TR-036875,2025-08-21,2290.55,2163.07881273482
TR-036876,2025-08-21,1119.74,1119.9726771920095
TR-036877,2025-08-21,1889.92,1983.1586647380461
TR-036878,2025-08-21,1867.94,1736.4171430045872
TR-036879,2025-08-21,1640.97,1524.2392589455071
TR-036880,2025-08-21,1284.06,1284.3993373293708
TR-036881,2025-08-21,1440.59,1517.9536452557384
TR-036882,2025-08-21,5418.53,5683.412755782505
TR-036883,2025-08-21,2669.51,2671.631272224615
TR-036884,2025-08-21,2243.76,2271.50599501166
TR-036885,2025-08-21,3686.52,3657.260084547526
TR-036886,2025-08-21,3291.83,3472.2376475020237
TR-036887,2025-08-21,2216.2,2392.6891972293183
TR-036888,2025-08-21,316.32,293.9657858418907
TR-036889,2025-08-21,4229.19,4301.432918756028
TR-036890,2025-08-21,916.1,878.2129915311397
TR-036891,2025-08-21,4069.8,4569.897288469808
TR-036892,2025-08-21,3132.63,3071.986724098978
TR-036893,2025-08-21,1151.52,1089.745143884087
TR-036894,2025-08-21,3740.47,4016.836936423201
TR-036895,2025-08-21,1761.83,1881.2059146816164
TR-036896,2025-08-21,227.45,262.8848105475645
TR-036897,2025-08-21,3116.42,3209.2502388264
TR-036898,2025-08-21,3538.11,3556.6501310836443
TR-036899,2025-08-21,1396.51,1338.3235784260419
TR-036900,2025-08-21,1891.09,1894.7691790754402
TR-036901,2025-08-21,679.82,631.9090765714254
TR-036902,2025-08-21,1090.2,988.2606737931602
TR-036903,2025-08-21,3525.78,3562.4708549809484
TR-036904,2025-08-21,3345.13,3395.0012520300047
TR-036905,2025-08-21,3381.17,3591.4692354923427
TR-036906,2025-08-21,5342.18,5589.158304844391
TR-036907,2025-08-21,4353.98,4201.672595280375
TR-036908,2025-08-21,578.24,538.9739176984401
TR-036909,2025-08-21,1648.21,1739.8041748780352
TR-036910,2025-08-21,526.23,463.1201665961285
TR-036911,2025-08-21,2766.38,2837.090083872701
TR-036912,2025-08-21,2474.42,2326.817768998485
TR-036913,2025-08-21,3814.88,4259.116433920257
TR-036914,2025-08-21,1161.68,1106.8672339844286
TR-036915,2025-08-21,2231.31,2394.4892764265105
TR-036916,2025-08-21,2401.98,2408.413681295667
TR-036917,2025-08-21,2888.44,2875.2942954757154
TR-036918,2025-08-21,1856.3,1857.1049267478145
TR-036919,2025-08-21,2593.53,2720.786498945225
TR-036920,2025-08-21,2925.55,3115.835875401622
TR-036921,2025-08-21,1272.48,1346.4099286185108
TR-036922,2025-08-21,648.07,613.8400067703202
TR-036923,2025-08-21,5258.82,5289.984766415682
TR-036924,2025-08-21,249.52,776.8361243968382
TR-036925,2025-08-21,2773.08,2727.9114031725985
TR-036926,2025-08-21,2780.93,2895.2960317953757
TR-036927,2025-08-21,4470.46,4179.249270552475
TR-036928,2025-08-21,2415.52,2550.4514232053675
TR-036929,2025-08-21,2272.12,2255.513259679818
TR-036930,2025-08-21,14362.88,3855.804460507044
TR-036931,2025-08-21,2555.97,2564.70722930148
TR-036932,2025-08-21,5076.78,5309.032362049105
TR-036933,2025-08-21,3778.41,3729.8842787404305
TR-036934,2025-08-21,3556.83,3553.35282635698
TR-036935,2025-08-21,935.62,865.6813725495482
TR-036936,2025-08-21,1011.03,1024.1469117270085
TR-036937,2025-08-21,1645.78,1632.3188288281765
TR-036938,2025-08-21,4947.36,5239.823211558355
TR-036939,2025-08-21,1275.31,1209.2264013781812
TR-036940,2025-08-21,4222.13,4709.242885976893
TR-036941,2025-08-21,3501.53,3609.3702436058325
TR-036942,2025-08-21,2180.5,2344.079855450216
TR-036943,2025-08-22,1029.15,1008.8564610428961
TR-036944,2025-08-22,1334.05,1332.1552538435064
TR-036945,2025-08-22,1525.93,1498.721868152714
TR-036946,2025-08-22,348.27,290.6392303298499
TR-036947,2025-08-22,954.67,910.3973271473038
TR-036948,2025-08-22,1958.51,2118.466085986218
TR-036949,2025-08-22,5154.03,5207.547477516719
TR-036950,2025-08-22,842.65,817.4473492268298
TR-036951,2025-08-22,3665.34,3831.053202122761
TR-036952,2025-08-22,1946.35,1887.0980569284254
TR-036953,2025-08-22,664.28,1806.314575194982
TR-036954,2025-08-22,4097.41,4086.7983200122635
TR-036955,2025-08-22,1537.52,1516.5758619387752
TR-036956,2025-08-22,3218.08,3257.950911890362
TR-036957,2025-08-22,2701.36,2819.0709166020442
TR-036958,2025-08-22,573.81,537.7753664342599
TR-036959,2025-08-22,1697.95,1733.7884855704542
TR-036960,2025-08-22,695.52,660.3356518908142
TR-036961,2025-08-22,1109.67,3630.481398886907
TR-036962,2025-08-22,4321.15,4716.953440011209
TR-036963,2025-08-22,5249.85,5522.28807008476
TR-036964,2025-08-22,1866.21,1954.4481074686512
TR-036965,2025-08-22,2688.22,2733.503988510588
TR-036966,2025-08-22,1306.2,1331.1347016469692
TR-036967,2025-08-22,2127.18,2146.093335685066
TR-036968,2025-08-22,1962.15,1894.9422084406945
TR-036969,2025-08-22,1022.31,1070.1919275631155
TR-036970,2025-08-22,3930.77,4086.4775632376845
TR-036971,2025-08-22,2197.33,2343.647968896516
TR-036972,2025-08-22,239.63,273.8825630920201
TR-036973,2025-08-22,946.18,911.2113503142543
TR-036974,2025-08-22,2460.35,2608.33525894204
TR-036975,2025-08-22,5255.27,5020.93616011863
TR-036976,2025-08-22,4195.1,4271.2535696765635
TR-036977,2025-08-22,1262.86,1281.4694861931757
TR-036978,2025-08-22,1053.46,1067.3212931895544
TR-036979,2025-08-22,1241.93,1291.386241505471
TR-036980,2025-08-22,4522.51,4934.5404716975945
TR-036981,2025-08-22,3349.09,3461.6359879060105
TR-036982,2025-08-22,526.72,510.72229215858783
TR-036983,2025-08-22,4815.5,5171.852222116153
TR-036984,2025-08-22,3303.55,3427.217147556221
TR-036985,2025-08-22,3635.08,3183.118890017555
TR-036986,2025-08-22,1863.97,1822.7816401162547
TR-036987,2025-08-22,1871.41,1756.2989751095802
TR-036988,2025-08-22,1547.77,1365.9408853374537
TR-036989,2025-08-22,666.16,657.6999088600639
TR-036990,2025-08-22,2285.14,2354.9897482034603
TR-036991,2025-08-22,1405.65,1323.1836615155648
TR-036992,2025-08-22,754.23,740.6218846506114
TR-036993,2025-08-22,3060.21,3177.1970446461555
TR-036994,2025-08-22,1216.75,1299.049090436908
TR-036995,2025-08-22,2960.5,3049.6331316916608
TR-036996,2025-08-22,1947.58,2048.0379295406556
TR-036997,2025-08-22,1676.59,1682.1650791236962
TR-036998,2025-08-22,1857.57,1867.0253617372534
TR-036999,2025-08-22,2961.48,3033.804082033489
TR-037000,2025-08-22,2064.48,2102.4024099858893
TR-037001,2025-08-22,2454.6,2465.46017076786
TR-037002,2025-08-22,2147.36,2218.7126229808187
TR-037003,2025-08-22,1343.79,1290.8909653867274
TR-037004,2025-08-22,1784.4,1740.5247568353582
TR-037005,2025-08-22,1785.93,1914.6403079641764
TR-037006,2025-08-22,1400.87,1307.4158177667732
TR-037007,2025-08-22,5043.72,4863.0364509937335
TR-037008,2025-08-22,4386.83,4617.674374999007
TR-037009,2025-08-22,1935.05,2027.3274875127436
TR-037010,2025-08-22,1328.92,1299.0119045497497
TR-037011,2025-08-22,1021.56,1055.0316636977386
TR-037012,2025-08-22,3409.39,3222.8835147830314
TR-037013,2025-08-22,2999.84,3057.811726347191
TR-037014,2025-08-22,1611.21,1592.1975963643185
TR-037015,2025-08-22,855.73,868.4833991175831
TR-037016,2025-08-22,2162.53,2202.846357988566
TR-037017,2025-08-22,3853.5,3935.1471624299065
TR-037018,2025-08-22,709.62,663.8099487988169
TR-037019,2025-08-22,1572.54,1656.6755153900237
TR-037020,2025-08-22,2631.26,2506.3598126823827
TR-037021,2025-08-22,4036.45,4047.249151873166
TR-037022,2025-08-22,3321.75,3592.831290691434
TR-037023,2025-08-22,679.98,648.2558858616592
TR-037024,2025-08-22,1002.94,921.001565447281
TR-037025,2025-08-22,3095.69,3110.8786531909395
TR-037026,2025-08-22,2806.91,2953.301006369854
TR-037027,2025-08-22,5454.33,5594.59640167358
TR-037028,2025-08-22,4504.06,4514.184407864356
TR-037029,2025-08-22,1004.1,992.5207824278953
TR-037030,2025-08-22,1573.25,1660.4238077273799
TR-037031,2025-08-22,3219.57,3310.732783445142
TR-037032,2025-08-22,2652.04,2511.566444821239
TR-037033,2025-08-22,1680.37,1654.5013580557447
TR-037034,2025-08-22,3740.15,3783.4637479090707
TR-037035,2025-08-22,5376.34,5639.989451706589
TR-037036,2025-08-22,1506.92,1588.9991484988498
TR-037037,2025-08-22,4308.01,4559.389843230127
TR-037038,2025-08-22,1879.92,1908.9151657462778
TR-037039,2025-08-22,1318.97,1262.1611127296017
TR-037040,2025-08-22,707.9,671.695624572386
TR-037041,2025-08-22,2404.88,2445.7266567466813
TR-037042,2025-08-22,1524.89,1762.5358468686322
TR-037043,2025-08-22,2476.08,2406.4722733013728
TR-037044,2025-08-22,1382.58,1350.438867156368
TR-037045,2025-08-22,1765.69,2031.4611857259902
TR-037046,2025-08-22,1305.11,1288.1329001318816
TR-037047,2025-08-22,4092.43,4369.31919375401
TR-037048,2025-08-22,607.66,567.2171989172344
TR-037049,2025-08-22,1649.33,1676.0772515477338
TR-037050,2025-08-22,5347.7,5451.035978097106
TR-037051,2025-08-22,1765.59,1857.8755640235315
TR-037052,2025-08-22,2048.33,2045.7726745058085
TR-037053,2025-08-22,2025.53,2126.6566920277
TR-037054,2025-08-22,4752.73,4913.727708122959
TR-037055,2025-08-22,1782.3,1751.9196121826856
TR-037056,2025-08-22,2333.46,2381.378168718595
TR-037057,2025-08-22,862.5,890.392320987896
TR-037058,2025-08-22,6036.06,6049.604609529002
TR-037059,2025-08-22,1218.12,1209.367786545098
TR-037060,2025-08-22,445.02,466.8428420966845
TR-037061,2025-08-22,947.41,872.4520359758529
TR-037062,2025-08-22,460.11,456.69403524787117
TR-037063,2025-08-22,5754.79,5789.676584805216
TR-037064,2025-08-22,2154.21,2254.1688639478516
TR-037065,2025-08-22,2438.81,2590.8758972872847
TR-037066,2025-08-22,3197.26,3569.182701282763
TR-037067,2025-08-22,5150.15,5267.640695392964
TR-037068,2025-08-22,2655.51,2552.5866973734715
TR-037069,2025-08-22,958.7,954.6830017070505
TR-037070,2025-08-22,3207.35,3378.720822651938
TR-037071,2025-08-22,1741.96,1712.2826478709674
TR-037072,2025-08-22,2491.35,2709.663855433911
TR-037073,2025-08-22,1015.7,1046.582249923002
TR-037074,2025-08-22,3837.73,4130.908245505161
TR-037075,2025-08-22,440.22,453.015250630477
TR-037076,2025-08-23,4926.52,5352.922974614358
TR-037077,2025-08-23,2243.56,2239.580699115712
TR-037078,2025-08-23,1403.99,1680.7374064495375
TR-037079,2025-08-23,758.3,744.2862730413577
TR-037080,2025-08-23,5422.12,5475.776226126909
TR-037081,2025-08-23,3864.3,4134.636904271277
TR-037082,2025-08-23,2355.88,2452.749777598059
TR-037083,2025-08-23,4208.52,4412.099031046431
TR-037084,2025-08-23,876.19,886.5977405292284
TR-037085,2025-08-23,680.26,661.6353831534155
TR-037086,2025-08-23,1540.43,1534.096428982216
TR-037087,2025-08-23,2336.74,2482.870437343134
TR-037088,2025-08-23,3525.59,3877.6104397207973
TR-037089,2025-08-23,3444.13,3833.328797305488
TR-037090,2025-08-23,1364.33,1401.5803891513503
TR-037091,2025-08-23,3290.93,3279.997766238133
TR-037092,2025-08-23,2906.55,3071.9182167838917
TR-037093,2025-08-23,1712.77,1637.6071399911255
TR-037094,2025-08-23,1885.57,1926.78752333675
TR-037095,2025-08-23,2926.84,2849.979282988848
TR-037096,2025-08-23,1670.48,1680.3494460314414
TR-037097,2025-08-23,4443.39,4661.202045727795
TR-037098,2025-08-23,2889.83,3092.355989305714
TR-037099,2025-08-23,2091.31,2218.9169330060477
TR-037100,2025-08-23,4058.8,3590.6981841003385
TR-037101,2025-08-23,3483.18,3686.582157682815
TR-037102,2025-08-23,2376.56,2327.8032328048944
TR-037103,2025-08-23,1290.75,1240.8190110734458
TR-037104,2025-08-23,2556.88,2646.5362603193475
TR-037105,2025-08-23,1196.96,1100.4450871188853
TR-037106,2025-08-23,692.62,677.1629160572471
TR-037107,2025-08-23,2441.75,2179.6788433860584
TR-037108,2025-08-23,2519.17,2567.038152916423
TR-037109,2025-08-23,934.38,891.6625284941562
TR-037110,2025-08-23,3935.77,3975.4651204854763
TR-037111,2025-08-23,3257.83,2998.012865858274
TR-037112,2025-08-23,3184.54,3169.3124950927418
TR-037113,2025-08-23,4835.13,4675.466173603632
TR-037114,2025-08-23,1780.64,1741.6319059936075
TR-037115,2025-08-23,1139.21,1042.0089034546158
TR-037116,2025-08-23,4088.62,4659.402919309892
TR-037117,2025-08-23,1381.48,1270.2428881750143
TR-037118,2025-08-23,1249.48,1216.8178232733176
TR-037119,2025-08-23,4499.44,4579.410412821987
TR-037120,2025-08-23,1892.08,1940.061004932061
TR-037121,2025-08-23,3369.7,3338.239996225282
TR-037122,2025-08-23,723.37,667.5108264477151
TR-037123,2025-08-23,3188.75,3302.2700402577216
TR-037124,2025-08-23,1866.9,1928.4074934316193
TR-037125,2025-08-23,725.06,726.106810707215
TR-037126,2025-08-23,1077.88,1024.5849746015826
TR-037127,2025-08-23,5864.87,5865.833242867759
TR-037128,2025-08-23,1366.32,1369.6387407989907
TR-037129,2025-08-23,1851.36,2012.61331495438
TR-037130,2025-08-23,2880.2,3023.592271253085
TR-037131,2025-08-23,3638.89,3869.428314633944
TR-037132,2025-08-23,2111.16,2354.658334671901
TR-037133,2025-08-23,1641.34,1624.253630941352
TR-037134,2025-08-23,1625.2,1633.0155455395727
TR-037135,2025-08-23,3460.44,3611.1174907597547
TR-037136,2025-08-23,736.46,719.6271305830045
TR-037137,2025-08-23,3151.74,2733.2186568101015
TR-037138,2025-08-23,1956.23,2029.644929233769
TR-037139,2025-08-23,810.86,748.4851513998163
TR-037140,2025-08-23,1318.15,1247.7106593372594
TR-037141,2025-08-23,5267.91,5486.40399971392
TR-037142,2025-08-23,3878.02,4282.6729020948915
TR-037143,2025-08-23,1310.97,1216.3863070056004
TR-037144,2025-08-23,2049.1,2265.638575507539
TR-037145,2025-08-23,1656.94,1578.3324651746134
TR-037146,2025-08-23,1101.21,1021.5342216698562
TR-037147,2025-08-23,5110.7,4636.343804858472
TR-037148,2025-08-23,1363.09,1289.9513247290322
TR-037149,2025-08-23,4900.82,4868.884314783711
TR-037150,2025-08-23,5360.53,5825.478004867685
TR-037151,2025-08-23,723.28,699.3522973675523
TR-037152,2025-08-23,1486.62,1530.4594305808957
TR-037153,2025-08-23,953.04,891.7742554859673
TR-037154,2025-08-23,1516.82,1577.851559918034
TR-037155,2025-08-23,3723.95,3549.208506704446
TR-037156,2025-08-23,5328.33,5573.3896182656645
TR-037157,2025-08-23,1210.95,1291.016047128454
TR-037158,2025-08-23,3061.05,3272.177741088523
TR-037159,2025-08-23,1473.63,1521.4878805658193
TR-037160,2025-08-23,901.03,1003.7878151689107
TR-037161,2025-08-23,2549.6,2309.8960157744577
TR-037162,2025-08-23,4575.83,4263.782814570642
TR-037163,2025-08-23,4779.29,4920.405087473413
TR-037164,2025-08-23,1496.84,1650.0406055175279
TR-037165,2025-08-23,2721.41,2878.369071276722
TR-037166,2025-08-23,4364.43,4454.876379937088
TR-037167,2025-08-23,1215.08,1161.0136666286849
TR-037168,2025-08-23,1303.3,1262.909615258719
TR-037169,2025-08-23,2517.13,2545.0954000680076
TR-037170,2025-08-23,1874.15,1856.4519786830283
TR-037171,2025-08-23,1199.57,1151.6268720690462
TR-037172,2025-08-23,1789.85,1902.3006996191225
TR-037173,2025-08-23,1416.31,1429.4276960368202
TR-037174,2025-08-23,11981.0,2746.70956180675
TR-037175,2025-08-23,5002.47,4762.127764500583
TR-037176,2025-08-23,5160.6,5304.647169104687
TR-037177,2025-08-23,885.63,875.8033405332095
TR-037178,2025-08-23,1324.98,1426.160054734553
TR-037179,2025-08-23,4140.5,4725.537518356065
TR-037180,2025-08-23,2260.55,2305.418993174812
TR-037181,2025-08-23,4415.77,4791.115652370508
TR-037182,2025-08-23,1231.15,1187.639891908059
TR-037183,2025-08-23,1697.97,1718.6137809275351
TR-037184,2025-08-23,218.9,271.3900218609324
TR-037185,2025-08-23,1743.3,1769.2830398778472
TR-037186,2025-08-23,4165.97,4396.119592859875
TR-037187,2025-08-23,2685.36,2844.994442439065
TR-037188,2025-08-23,3482.37,3520.5420919959256
TR-037189,2025-08-23,1633.05,1626.9150799455895
TR-037190,2025-08-23,2125.42,2294.3796206521383
TR-037191,2025-08-23,4179.22,4410.534875562628
TR-037192,2025-08-23,1566.73,1553.30764080846
TR-037193,2025-08-23,975.11,963.7965942192088
TR-037194,2025-08-23,2326.77,2417.766594878359
TR-037195,2025-08-23,4032.25,3947.0173990073267
TR-037196,2025-08-23,1121.81,1144.2209586330216
TR-037197,2025-08-23,2181.88,2273.982155932426
TR-037198,2025-08-23,2853.66,2897.0987570591906
TR-037199,2025-08-23,2683.95,2834.1547935391436
TR-037200,2025-08-23,3852.12,3603.9364513042806
TR-037201,2025-08-23,494.37,1710.2169537539678
TR-037202,2025-08-23,2113.74,2230.0965392203607
TR-037203,2025-08-23,1101.03,1123.025517135963
TR-037204,2025-08-23,2792.02,3012.3085493959074
TR-037205,2025-08-23,3303.78,3471.7112745491513
TR-037206,2025-08-23,1006.46,958.8984154263464
TR-037207,2025-08-23,1403.05,1407.5270683369256
TR-037208,2025-08-23,3642.59,3898.428724168985
TR-037209,2025-08-23,3282.53,3693.875322087733
TR-037210,2025-08-23,1815.02,1828.6096891473458
TR-037211,2025-08-23,2267.3,2584.4116371943396
TR-037212,2025-08-23,889.93,896.3057022234262
TR-037213,2025-08-23,542.39,540.0284272519011
TR-037214,2025-08-23,1702.34,1648.0370210356468
TR-037215,2025-08-23,3111.47,3305.305612917342
TR-037216,2025-08-23,1704.0,1638.9836957780644
TR-037217,2025-08-23,1724.25,1849.2876376355014
TR-037218,2025-08-23,1671.16,1642.5793735770433
TR-037219,2025-08-23,713.05,665.4263715643438
TR-037220,2025-08-23,3469.59,3639.0194342759623
TR-037221,2025-08-23,2537.24,2189.044187675924
TR-037222,2025-08-23,3286.22,3527.2494540753632
TR-037223,2025-08-23,2369.52,2464.073890676769
TR-037224,2025-08-23,3002.99,3221.256907871539
TR-037225,2025-08-23,2073.2,1963.7598940843513
TR-037226,2025-08-23,2112.13,2198.610761690516
TR-037227,2025-08-23,1125.28,1162.956473985533
TR-037228,2025-08-23,1468.95,1522.6242764764427
TR-037229,2025-08-23,995.3,983.1851404218494
TR-037230,2025-08-23,838.07,828.1179093636146
TR-037231,2025-08-23,567.49,575.3491538136376
TR-037232,2025-08-23,1992.45,1795.4135568082427
TR-037233,2025-08-23,918.74,943.7985735259552
TR-037234,2025-08-23,2662.69,671.9052454692256
TR-037235,2025-08-24,1919.73,2096.750092592438
TR-037236,2025-08-24,1929.14,2073.8641936282743
TR-037237,2025-08-24,1721.44,1638.3659074736154
TR-037238,2025-08-24,3997.77,4138.983363921292
TR-037239,2025-08-24,1538.17,1494.5515595168386
TR-037240,2025-08-24,935.47,973.7321293385511
TR-037241,2025-08-24,3683.01,4100.881230543757
TR-037242,2025-08-24,4757.86,5046.604507033232
TR-037243,2025-08-24,2077.63,2249.619571751764
TR-037244,2025-08-24,622.91,633.2521137704788
TR-037245,2025-08-24,3315.62,3170.709983684016
TR-037246,2025-08-24,5060.31,4934.04385195392
TR-037247,2025-08-24,2428.63,2258.847926487834
TR-037248,2025-08-24,1041.67,986.4478378990826
TR-037249,2025-08-24,1498.19,1494.4833551560935
TR-037250,2025-08-24,4630.16,4857.630971770855
TR-037251,2025-08-24,1109.63,1169.2269924525394
TR-037252,2025-08-24,459.39,433.6930633127635
TR-037253,2025-08-24,2897.07,2808.413359337641
TR-037254,2025-08-24,2296.82,2348.3273757365
TR-037255,2025-08-24,3009.15,2905.5846557427944
TR-037256,2025-08-24,3421.87,3557.176992483021
TR-037257,2025-08-24,2409.45,2567.1824899229864
TR-037258,2025-08-24,4695.99,5038.293784611874
TR-037259,2025-08-24,947.31,990.5576465396765
TR-037260,2025-08-24,1006.34,931.895256613969
TR-037261,2025-08-24,4110.03,4277.471375053358
TR-037262,2025-08-24,922.96,857.7647238342042
TR-037263,2025-08-24,726.92,717.9507215491785
TR-037264,2025-08-24,2773.9,3021.376127781839
TR-037265,2025-08-24,1541.65,1467.4002487754826
TR-037266,2025-08-24,2215.4,2113.827660561895
TR-037267,2025-08-24,4531.67,4705.322034462006
TR-037268,2025-08-24,3618.48,4122.914049347838
TR-037269,2025-08-24,3500.98,3479.3659268268275
TR-037270,2025-08-24,1170.1,1259.985944025845
TR-037271,2025-08-24,2317.13,2429.5963891513716
TR-037272,2025-08-24,1101.68,1136.2581872967144
TR-037273,2025-08-24,873.25,784.4665570635939
TR-037274,2025-08-24,321.32,319.90717507495935
TR-037275,2025-08-24,1629.18,1671.23414577788
TR-037276,2025-08-24,5138.3,5142.385226741521
TR-037277,2025-08-24,3513.12,3818.966568670761
TR-037278,2025-08-24,1986.79,2051.4809416567286
TR-037279,2025-08-24,740.97,731.119916433205
TR-037280,2025-08-24,1706.19,1848.2670219665333
TR-037281,2025-08-24,2191.06,2288.0772190034027
TR-037282,2025-08-24,3617.33,3883.9734468238685
TR-037283,2025-08-24,1198.94,1173.8170398324519
TR-037284,2025-08-24,2581.04,2815.292992432678
TR-037285,2025-08-24,1306.66,1350.4222763350597
TR-037286,2025-08-24,2053.79,2028.230956377491
TR-037287,2025-08-24,3788.44,3962.3802611421283
TR-037288,2025-08-24,4348.94,4623.085468205294
TR-037289,2025-08-24,1763.23,1809.991031090037
TR-037290,2025-08-24,1802.36,1868.8649074439652
TR-037291,2025-08-24,1871.34,1835.4829185898498
TR-037292,2025-08-24,3761.88,4120.837241183073
TR-037293,2025-08-24,306.45,283.9826093639572
TR-037294,2025-08-24,2457.2,2742.4891405249186
TR-037295,2025-08-24,1299.89,1301.5157681770863
TR-037296,2025-08-24,2062.13,2064.2855250997113
TR-037297,2025-08-24,1692.16,1778.5021317623439
TR-037298,2025-08-24,2069.21,1910.3855125010296
TR-037299,2025-08-24,583.78,565.3954146187427
TR-037300,2025-08-24,1835.49,2013.0363339484177
TR-037301,2025-08-24,3514.88,3866.699496318098
TR-037302,2025-08-24,2025.32,2078.1237493773933
TR-037303,2025-08-24,1106.82,1137.317710234132
TR-037304,2025-08-24,3327.79,3517.156618428803
TR-037305,2025-08-24,1686.27,1807.3882161456595
TR-037306,2025-08-24,3685.39,3936.1931822535594
TR-037307,2025-08-24,1582.29,1664.1794167460896
TR-037308,2025-08-24,2418.25,2616.179832389481
TR-037309,2025-08-24,2154.85,2327.458786715766
TR-037310,2025-08-24,1208.83,1223.7897062981313
TR-037311,2025-08-24,2852.17,3049.6039521948996
TR-037312,2025-08-24,2262.34,2426.9753732822937
TR-037313,2025-08-24,2692.43,2839.7398353689127
TR-037314,2025-08-24,509.3,1656.378825254591
TR-037315,2025-08-24,869.6,878.4662128320798
TR-037316,2025-08-24,1829.88,1868.0197524808343
TR-037317,2025-08-24,2135.95,2217.013259837851
TR-037318,2025-08-24,2201.68,2248.967838366441
TR-037319,2025-08-24,525.2,521.5921161913202
TR-037320,2025-08-24,1756.81,1917.8769901786916
TR-037321,2025-08-24,2611.16,2621.583582148115
TR-037322,2025-08-24,4381.12,4248.37466687344
TR-037323,2025-08-24,2271.6,2366.275126381505
TR-037324,2025-08-24,1734.72,1723.5617081478094
TR-037325,2025-08-24,2355.02,2491.067665242169
TR-037326,2025-08-24,666.39,632.8495515508138
TR-037327,2025-08-24,4233.89,4377.389889415165
TR-037328,2025-08-24,3684.57,4048.7464672961078
TR-037329,2025-08-24,1481.86,1534.5372967968003
TR-037330,2025-08-24,3854.48,3957.2875286043172
TR-037331,2025-08-24,5577.31,5517.910718618114
TR-037332,2025-08-24,1279.34,1351.693771656036
TR-037333,2025-08-24,2425.34,2340.1492617686167
TR-037334,2025-08-24,1493.17,1534.8869368653782
TR-037335,2025-08-24,2670.46,2759.78826123498
TR-037336,2025-08-24,2192.56,2463.9645929209555
TR-037337,2025-08-24,1167.75,1204.3217756922697
TR-037338,2025-08-24,1401.41,1460.9621381779157
TR-037339,2025-08-24,2028.25,2162.129443701196
TR-037340,2025-08-24,2173.53,2438.139511140544
TR-037341,2025-08-24,1338.42,1353.432866158134
TR-037342,2025-08-24,2593.02,2603.9432262483947
TR-037343,2025-08-24,4711.71,5256.207635729039
TR-037344,2025-08-24,1778.92,1698.4803437220667
TR-037345,2025-08-24,2697.42,2750.171101943374
TR-037346,2025-08-24,2236.9,2440.9875004552387
TR-037347,2025-08-24,787.78,716.1195451587939
TR-037348,2025-08-24,3938.05,3875.4287403523276
TR-037349,2025-08-24,1590.46,1710.1000706521675
TR-037350,2025-08-24,1569.15,1552.01236220498
TR-037351,2025-08-24,1665.73,1724.072196308936
TR-037352,2025-08-24,1008.38,1002.670944736049
TR-037353,2025-08-24,3269.5,3296.3983883982833
TR-037354,2025-08-24,3273.33,3300.8462280396425
TR-037355,2025-08-24,872.46,857.6330294412609
TR-037356,2025-08-24,1590.15,1544.8398908939203
TR-037357,2025-08-24,3267.86,3393.8772706682616
TR-037358,2025-08-24,2927.7,2966.870067824308
TR-037359,2025-08-24,3117.03,3104.3102942907894
TR-037360,2025-08-24,880.37,897.3052840050237
TR-037361,2025-08-24,1858.87,2036.2089766288138
TR-037362,2025-08-24,2437.64,925.7410875509889
TR-037363,2025-08-24,432.79,452.35809298750524
TR-037364,2025-08-24,3581.09,3797.0693092263814
TR-037365,2025-08-24,807.14,737.7904002340794
TR-037366,2025-08-24,1300.28,1285.719171774137
TR-037367,2025-08-24,2405.38,2475.58647660523
TR-037368,2025-08-24,1718.36,1879.4348497092958
TR-037369,2025-08-24,1881.99,1730.7025545318636
TR-037370,2025-08-24,880.86,844.1679441916359
TR-037371,2025-08-24,442.88,452.25751574952653
TR-037372,2025-08-24,2276.79,2372.566562233971
TR-037373,2025-08-24,2054.57,2106.0553598047713
TR-037374,2025-08-24,2247.08,2178.8135871916747
TR-037375,2025-08-24,2294.2,2445.3762977233696
TR-037376,2025-08-24,1366.08,1412.7667127776688
TR-037377,2025-08-24,2593.96,2612.341946518777
TR-037378,2025-08-24,738.04,711.9816438225744
TR-037379,2025-08-24,2567.17,2692.132746922858
TR-037380,2025-08-24,1093.46,1119.0625748100988
TR-037381,2025-08-24,3343.32,3314.3460952674027
TR-037382,2025-08-24,1895.76,1945.9248772708079
TR-037383,2025-08-24,3927.86,4226.375992313564
TR-037384,2025-08-24,1108.77,1149.9858299480522
TR-037385,2025-08-24,3090.61,3079.8865740338542
TR-037386,2025-08-24,3118.45,3069.2993040924334
TR-037387,2025-08-24,928.46,894.8780640572937
TR-037388,2025-08-24,2422.87,2612.7420457139324
TR-037389,2025-08-24,1022.55,1008.1353170706556
TR-037390,2025-08-24,2481.43,2654.3601362529203
TR-037391,2025-08-24,1102.93,1114.352278577603
TR-037392,2025-08-24,894.95,916.6739955346852
TR-037393,2025-08-24,1054.43,1121.819378881924
TR-037394,2025-08-24,2567.52,2801.3051685675982
TR-037395,2025-08-25,2796.73,2884.353928779843
TR-037396,2025-08-25,1661.97,1694.9465767761076
TR-037397,2025-08-25,308.52,308.7535433985264
TR-037398,2025-08-25,3398.73,3699.99176895116
TR-037399,2025-08-25,1453.09,1573.1567455792715
TR-037400,2025-08-25,4567.92,4913.3854236838415
TR-037401,2025-08-25,1480.31,1727.3736896874775
TR-037402,2025-08-25,3089.86,3214.4376676117813
TR-037403,2025-08-25,1207.44,1173.893243203802
TR-037404,2025-08-25,1354.88,1231.4326947470374
TR-037405,2025-08-25,2525.06,2538.8326385799683
TR-037406,2025-08-25,5126.65,5359.718871329559
TR-037407,2025-08-25,2566.58,2851.411009622517
TR-037408,2025-08-25,928.81,970.2204351926575
TR-037409,2025-08-25,1745.66,2073.4006722646186
TR-037410,2025-08-25,2645.67,2781.095434449984
TR-037411,2025-08-25,2631.63,2729.3214621187385
TR-037412,2025-08-25,1576.43,1883.5488311661095
TR-037413,2025-08-25,1434.51,1443.8503088478337
TR-037414,2025-08-25,1575.57,1468.4246890065197
TR-037415,2025-08-25,4595.87,4801.017493836028
TR-037416,2025-08-25,4488.99,4908.189255714274
TR-037417,2025-08-25,2925.43,3249.62875317624
TR-037418,2025-08-25,2103.7,2072.5315254605925
TR-037419,2025-08-25,631.25,638.0012405782107
TR-037420,2025-08-25,4753.96,5031.666493749659
TR-037421,2025-08-25,1310.54,1313.0272599743432
TR-037422,2025-08-25,2495.39,2543.68816446111
TR-037423,2025-08-25,1761.46,1776.2011935088015
TR-037424,2025-08-25,950.57,957.7467375497336
TR-037425,2025-08-25,1820.93,1942.006418567705
TR-037426,2025-08-25,6450.5,6281.369925140731
TR-037427,2025-08-25,633.84,3049.4671346235245
TR-037428,2025-08-25,1626.05,1534.475459883195
TR-037429,2025-08-25,1537.62,1496.0845709481364
TR-037430,2025-08-25,2450.5,2555.4906285616253
TR-037431,2025-08-25,3075.6,3404.305429087101
TR-037432,2025-08-25,2575.39,2536.749534297873
TR-037433,2025-08-25,3800.27,3450.5317601121487
TR-037434,2025-08-25,1415.27,1387.8997266539197
TR-037435,2025-08-25,3286.5,3680.5704333488866
TR-037436,2025-08-25,1998.34,2056.156028279565
TR-037437,2025-08-25,1356.23,1309.0191383042736
TR-037438,2025-08-25,3895.33,4147.12548170363
TR-037439,2025-08-25,3885.01,4181.123285425062
TR-037440,2025-08-25,2790.28,2770.8046266428787
TR-037441,2025-08-25,3384.09,3320.7963859421293
TR-037442,2025-08-25,2734.43,2774.4491533036507
TR-037443,2025-08-25,4507.79,4433.023819633297
TR-037444,2025-08-25,2277.19,2147.5892526321995
TR-037445,2025-08-25,1768.34,1913.2278737038182
TR-037446,2025-08-25,3578.75,4059.984410508922
TR-037447,2025-08-25,4142.32,4582.110933208026
TR-037448,2025-08-25,321.01,346.0319609290827
TR-037449,2025-08-25,999.69,1009.8888924374788
TR-037450,2025-08-25,5201.7,5586.516010107527
TR-037451,2025-08-25,1682.14,1770.3125064529547
TR-037452,2025-08-25,1058.57,1072.2524796689586
TR-037453,2025-08-25,1336.47,1288.6949494780151
TR-037454,2025-08-25,2925.47,2678.9774132829016
TR-037455,2025-08-25,4029.68,4529.038500493695
TR-037456,2025-08-25,1321.95,1266.4561417237994
TR-037457,2025-08-25,1730.58,2075.055256723167
TR-037458,2025-08-25,1929.15,2006.8401522422255
TR-037459,2025-08-25,1017.42,991.4460331449677
TR-037460,2025-08-25,2191.42,2165.585780158401
TR-037461,2025-08-25,6600.96,6272.800335845896
TR-037462,2025-08-25,3503.39,3873.310258988855
TR-037463,2025-08-25,4342.27,3748.7868389789787
TR-037464,2025-08-25,2589.5,2648.280631371526
TR-037465,2025-08-25,1433.9,1471.8276025990451
TR-037466,2025-08-25,1549.96,1483.8878717511272
TR-037467,2025-08-25,856.35,845.9261914471822
TR-037468,2025-08-25,1147.09,1315.347340502465
TR-037469,2025-08-25,2731.74,2362.5864847691782
TR-037470,2025-08-25,1355.42,1307.387572889495
TR-037471,2025-08-25,1389.14,1403.2657116171833
TR-037472,2025-08-25,4591.86,4529.078082998646
TR-037473,2025-08-25,4727.74,5309.0007274714235
TR-037474,2025-08-25,2511.8,2546.0562713044314
TR-037475,2025-08-25,1269.27,1187.1981248143873
TR-037476,2025-08-25,3340.43,3507.0623275810285
TR-037477,2025-08-25,3123.56,3431.0237164290565
TR-037478,2025-08-25,1786.52,2049.3307033812835
TR-037479,2025-08-25,835.39,859.2771494381095
TR-037480,2025-08-25,2006.14,2058.1836594447595
TR-037481,2025-08-25,3013.5,3128.132145127878
TR-037482,2025-08-25,2283.71,2464.025592562319
TR-037483,2025-08-25,412.37,353.5734109844292
TR-037484,2025-08-25,1342.31,1373.915177284249
TR-037485,2025-08-25,3474.89,3301.179294395081
TR-037486,2025-08-25,1781.67,1889.9858210826374
TR-037487,2025-08-25,2230.48,2112.7975761904445
TR-037488,2025-08-25,3480.85,3546.2983757392935
TR-037489,2025-08-25,3791.97,3713.0923365667063
TR-037490,2025-08-25,470.3,476.1569842805254
TR-037491,2025-08-25,1129.48,1161.7851327126152
TR-037492,2025-08-25,2416.23,2421.170478126465
TR-037493,2025-08-25,3974.86,4063.1416354767553
TR-037494,2025-08-25,1554.96,1851.539858374298
TR-037495,2025-08-25,1430.57,1433.9526692881811
TR-037496,2025-08-25,1371.93,1316.8617361138095
TR-037497,2025-08-25,4704.09,4441.323208496608
TR-037498,2025-08-25,5266.93,5377.297114593633
TR-037499,2025-08-25,2318.21,2406.206961474613
TR-037500,2025-08-25,4077.42,3723.988606527202
TR-037501,2025-08-25,2393.51,2636.3406603917706
TR-037502,2025-08-25,1793.6,2063.577301016377
TR-037503,2025-08-25,546.06,516.6850319941153
TR-037504,2025-08-25,471.35,479.8318661995477
TR-037505,2025-08-25,1359.21,1318.9166408223837
TR-037506,2025-08-25,1359.02,1263.7170229722785
TR-037507,2025-08-25,5874.84,6026.725443385621
TR-037508,2025-08-25,1458.43,1441.1965396493722
TR-037509,2025-08-25,759.91,819.0728670610788
TR-037510,2025-08-25,3389.76,3499.7736235707202
TR-037511,2025-08-25,4140.17,4388.060961532841
TR-037512,2025-08-25,4029.27,4348.0613821552215
TR-037513,2025-08-25,911.49,884.675415188092
TR-037514,2025-08-25,1814.2,1865.2535871835773
TR-037515,2025-08-25,4270.17,3683.5637553425827
TR-037516,2025-08-25,4172.44,4575.022109657324
TR-037517,2025-08-25,1081.96,1049.8978850539545
TR-037518,2025-08-25,2261.4,2282.598102852083
TR-037519,2025-08-25,580.73,521.1575496526204
TR-037520,2025-08-25,1235.0,1172.429856947999
TR-037521,2025-08-25,4212.53,4107.896760548757
TR-037522,2025-08-25,3196.39,3316.7347447689435
TR-037523,2025-08-25,1027.81,1005.0283084555798
TR-037524,2025-08-25,3958.96,4069.9900171341856
TR-037525,2025-08-25,1672.26,1675.8208561942909
TR-037526,2025-08-25,1764.35,1770.0905423482714
TR-037527,2025-08-25,1311.35,1323.8310150773045
TR-037528,2025-08-25,2507.22,2524.41067145324
TR-037529,2025-08-25,2396.54,2384.7355945767677
TR-037530,2025-08-25,1243.11,1176.1528292954074
TR-037531,2025-08-25,4177.52,4568.92984110228
TR-037532,2025-08-25,891.98,873.5984128313463
TR-037533,2025-08-25,2102.24,2199.783404364408
TR-037534,2025-08-25,844.6,774.5877576071143
TR-037535,2025-08-25,826.36,822.0644828443814
TR-037536,2025-08-25,4259.34,4335.104182667481
TR-037537,2025-08-25,1223.24,1281.7797253139522
TR-037538,2025-08-26,4207.6,3805.9388579248007
TR-037539,2025-08-26,1704.22,1917.9756487399798
TR-037540,2025-08-26,5543.98,5639.267437266703
TR-037541,2025-08-26,1745.83,1713.3298256034477
TR-037542,2025-08-26,2814.36,2781.4479518049543
TR-037543,2025-08-26,3151.52,3295.09756394779
TR-037544,2025-08-26,1059.53,1024.8640606189042
TR-037545,2025-08-26,882.57,883.0038289515941
TR-037546,2025-08-26,2374.48,2616.497488195194
TR-037547,2025-08-26,529.58,482.0366044837041
TR-037548,2025-08-26,776.71,727.6711342236672
TR-037549,2025-08-26,1848.34,1926.2996924823954
TR-037550,2025-08-26,2702.67,2862.099520914916
TR-037551,2025-08-26,3359.87,3613.2029205547833
TR-037552,2025-08-26,1875.62,2041.3382213265495
TR-037553,2025-08-26,2775.5,2893.7939498616097
TR-037554,2025-08-26,439.78,454.6472448725182
TR-037555,2025-08-26,5253.18,5692.962808817997
TR-037556,2025-08-26,1239.38,1257.4149281425796
TR-037557,2025-08-26,3621.56,3229.434473291595
TR-037558,2025-08-26,3116.28,3177.456196370157
TR-037559,2025-08-26,1298.15,1301.8956126322964
TR-037560,2025-08-26,4133.81,4374.490414431621
TR-037561,2025-08-26,1935.9,1876.950144633199
TR-037562,2025-08-26,2753.95,2811.3545535101703
TR-037563,2025-08-26,2148.99,2002.5026001476506
TR-037564,2025-08-26,1342.1,1316.4921760725629
TR-037565,2025-08-26,1400.2,1288.9218913071475
TR-037566,2025-08-26,2128.94,2187.268549519527
TR-037567,2025-08-26,2419.5,2445.3287822966176
TR-037568,2025-08-26,480.53,472.2504387417146
TR-037569,2025-08-26,3280.89,3458.1365707673995
TR-037570,2025-08-26,2143.84,2211.5114444528817
TR-037571,2025-08-26,1999.35,2041.6655022140635
TR-037572,2025-08-26,1840.35,2047.3627655366536
TR-037573,2025-08-26,2533.0,2585.857316182872
TR-037574,2025-08-26,769.24,755.0788263265631
TR-037575,2025-08-26,2531.82,2454.2104876637104
TR-037576,2025-08-26,3549.2,3761.242310515547
TR-037577,2025-08-26,1683.88,1699.3345271657201
TR-037578,2025-08-26,3080.9,3403.8480729697635
TR-037579,2025-08-26,3883.87,4098.712282773741
TR-037580,2025-08-26,5314.35,5162.487727581032
TR-037581,2025-08-26,1299.42,1210.243954210049
TR-037582,2025-08-26,4128.11,4154.906177529405
TR-037583,2025-08-26,1780.4,1850.400695790927
TR-037584,2025-08-26,2337.1,2332.5769777741016
TR-037585,2025-08-26,625.66,619.6674694001861
TR-037586,2025-08-26,1485.25,1633.6824464475612
TR-037587,2025-08-26,464.06,481.0944376203771
TR-037588,2025-08-26,816.33,859.8802267319597
TR-037589,2025-08-26,2369.79,2503.4625675946386
TR-037590,2025-08-26,4074.46,3855.713557069342
TR-037591,2025-08-26,1678.89,1839.6017767474664
TR-037592,2025-08-26,1020.5,1030.1273905582786
TR-037593,2025-08-26,1469.47,1373.213066626805
TR-037594,2025-08-26,1554.66,1627.0117565652051
TR-037595,2025-08-26,1827.24,1861.7825051874734
TR-037596,2025-08-26,531.79,500.127195237526
TR-037597,2025-08-26,1141.64,1129.173004889256
TR-037598,2025-08-26,3389.74,3352.834567656389
TR-037599,2025-08-26,2337.5,2602.790257940732
TR-037600,2025-08-26,2413.43,2513.8127575998933
TR-037601,2025-08-26,2448.42,2608.158006223369
TR-037602,2025-08-26,1240.34,1273.5167285489902
TR-037603,2025-08-26,4122.47,3565.1799132161136
TR-037604,2025-08-26,3751.93,4014.9675919009337
TR-037605,2025-08-26,2197.75,2298.117445843673
TR-037606,2025-08-26,2164.68,2184.5032134288767
TR-037607,2025-08-26,579.29,518.0908081405735
TR-037608,2025-08-26,3826.84,4272.534365089749
TR-037609,2025-08-26,3739.54,3491.183041364484
TR-037610,2025-08-26,2247.78,2147.1733590157155
TR-037611,2025-08-26,929.59,830.6132988012826
TR-037612,2025-08-26,626.83,617.424879195525
TR-037613,2025-08-26,3084.71,3193.7465691094894
TR-037614,2025-08-26,3474.44,3478.032246955713
TR-037615,2025-08-26,892.54,881.9936160704882
TR-037616,2025-08-26,895.86,764.6445135209568
TR-037617,2025-08-26,1149.77,1267.9712862012439
TR-037618,2025-08-26,1935.32,2109.4666206908973
TR-037619,2025-08-26,1120.27,1145.6068687420334
TR-037620,2025-08-26,1728.72,1785.837103923162
TR-037621,2025-08-26,3097.49,3340.948564619727
TR-037622,2025-08-26,4244.53,4216.917852179662
TR-037623,2025-08-26,3724.92,3924.8453294216956
TR-037624,2025-08-26,2607.99,2593.104250985103
TR-037625,2025-08-26,4145.22,4389.10779968615
TR-037626,2025-08-26,4884.69,4962.901201582547
TR-037627,2025-08-26,1894.18,1968.9963697807163
TR-037628,2025-08-26,3107.88,3030.334404336905
TR-037629,2025-08-26,3343.16,3457.7693368050905
TR-037630,2025-08-26,4211.34,4592.703767496308
TR-037631,2025-08-26,234.78,269.155091569644
TR-037632,2025-08-26,4501.93,4421.215194020608
TR-037633,2025-08-26,4409.52,4673.729876847916
TR-037634,2025-08-26,2734.23,2967.7068805712775
TR-037635,2025-08-26,1007.76,1011.7697254024171
TR-037636,2025-08-26,2487.71,2378.2144794221063
TR-037637,2025-08-26,1196.28,1111.4211748128887
TR-037638,2025-08-26,4570.74,4367.011251979892
TR-037639,2025-08-26,3756.09,3849.9894451141085
TR-037640,2025-08-26,2804.03,2882.8117403032666
TR-037641,2025-08-26,1768.74,1748.188370924048
TR-037642,2025-08-26,4834.15,5251.049776997818
TR-037643,2025-08-26,1909.79,1821.6287954977101
TR-037644,2025-08-26,1452.43,1476.8758842466905
TR-037645,2025-08-26,2856.98,3015.721676653627
TR-037646,2025-08-26,3034.16,3081.232538336038
TR-037647,2025-08-26,1569.66,1578.1287603063242
TR-037648,2025-08-26,4760.85,4711.392855531821
TR-037649,2025-08-26,4252.97,5014.6124491965475
TR-037650,2025-08-26,5371.91,5582.972769597573
TR-037651,2025-08-26,2678.85,2569.896581160027
TR-037652,2025-08-26,670.09,712.5679137143994
TR-037653,2025-08-26,837.58,815.0055364537047
TR-037654,2025-08-26,2161.67,2170.2376912061195
TR-037655,2025-08-26,1815.69,1934.1410738249192
TR-037656,2025-08-26,1471.38,1497.746791000709
TR-037657,2025-08-26,1808.99,2026.0079690801183
TR-037658,2025-08-26,3018.61,3280.3779097590946
TR-037659,2025-08-26,1378.05,1411.871586792724
TR-037660,2025-08-26,3207.68,3411.853651505765
TR-037661,2025-08-26,879.66,925.2730692958312
TR-037662,2025-08-26,3446.98,3767.6135244677143
TR-037663,2025-08-26,2254.18,2141.172831012585
TR-037664,2025-08-26,1496.33,1526.4659169917495
TR-037665,2025-08-26,1220.66,1220.9695868248252
TR-037666,2025-08-26,1635.51,1859.8115025288191
TR-037667,2025-08-26,3126.4,3429.545409650921
TR-037668,2025-08-26,800.04,834.1079362722127
TR-037669,2025-08-26,2020.49,2173.8043069481573
TR-037670,2025-08-26,4425.0,4548.7162448714935
TR-037671,2025-08-26,4015.37,4337.329680107861
TR-037672,2025-08-26,3653.07,3841.452390640703
TR-037673,2025-08-26,2850.71,2458.3824033086094
TR-037674,2025-08-26,4345.54,4521.939818693668
TR-037675,2025-08-26,1086.98,1103.6499279136328
TR-037676,2025-08-26,2952.96,3322.6724416403513
TR-037677,2025-08-26,2549.25,2781.894551819866
TR-037678,2025-08-26,2998.91,3190.617782454889
TR-037679,2025-08-26,4163.16,4068.265825833931
TR-037680,2025-08-26,4425.38,4902.260322423208
TR-037681,2025-08-26,6659.04,6283.903068228469
TR-037682,2025-08-26,2608.55,2682.1025126717773
TR-037683,2025-08-26,346.48,362.5072909500108
TR-037684,2025-08-26,2434.71,2523.4615266068176
TR-037685,2025-08-26,1988.07,2153.4829075373445
TR-037686,2025-08-26,1152.5,1114.4312101520761
TR-037687,2025-08-26,3859.22,4341.849011673479
TR-037688,2025-08-26,669.53,643.7752759463568
TR-037689,2025-08-26,2137.58,2077.9018391772556
TR-037690,2025-08-26,4646.35,4883.689378227692
TR-037691,2025-08-26,481.58,473.8457353315306
TR-037692,2025-08-27,1947.49,1733.9528892503804
TR-037693,2025-08-27,3584.34,3822.1821627617655
TR-037694,2025-08-27,5390.78,5558.334037309267
TR-037695,2025-08-27,971.18,927.6548279658078
TR-037696,2025-08-27,857.47,883.0756262518802
TR-037697,2025-08-27,2380.42,2287.0377137456444
TR-037698,2025-08-27,5058.01,5361.178583560844
TR-037699,2025-08-27,794.67,755.0869373413943
TR-037700,2025-08-27,2485.21,2576.704290710801
TR-037701,2025-08-27,1598.8,1559.5681199090059
TR-037702,2025-08-27,489.56,495.26634000408865
TR-037703,2025-08-27,2312.48,2271.234632099974
TR-037704,2025-08-27,4878.99,5218.10865253584
TR-037705,2025-08-27,897.42,952.1633782380339
TR-037706,2025-08-27,2632.86,2798.780769709009
TR-037707,2025-08-27,741.58,668.9565002860319
TR-037708,2025-08-27,1413.89,1559.7041429324884
TR-037709,2025-08-27,2761.5,2779.7878340477528
TR-037710,2025-08-27,1841.26,2100.364736613149
TR-037711,2025-08-27,1106.42,1049.9819087846759
TR-037712,2025-08-27,3653.94,3407.9212050032174
TR-037713,2025-08-27,2076.05,2199.8099699350987
TR-037714,2025-08-27,3885.89,4097.060188919001
TR-037715,2025-08-27,1488.98,1384.421116479145
TR-037716,2025-08-27,5283.49,5610.014317274956
TR-037717,2025-08-27,2201.11,2325.1889559636948
TR-037718,2025-08-27,1944.16,1858.639354472279
TR-037719,2025-08-27,4336.38,4245.027377757504
TR-037720,2025-08-27,2890.25,2892.611856073088
TR-037721,2025-08-27,994.31,947.8266623119739
TR-037722,2025-08-27,3072.38,2912.324006519856
TR-037723,2025-08-27,740.81,753.2014166388066
TR-037724,2025-08-27,2768.05,2675.7268195322977
TR-037725,2025-08-27,1604.13,1586.0889615970623
TR-037726,2025-08-27,4031.9,3818.146009127725
TR-037727,2025-08-27,1247.72,1222.627339848151
TR-037728,2025-08-27,1231.91,1193.9053451829716
TR-037729,2025-08-27,274.19,274.3069101419393
TR-037730,2025-08-27,639.55,623.2812068122419
TR-037731,2025-08-27,3286.93,3225.071275899894
TR-037732,2025-08-27,3661.53,3662.3753833027076
TR-037733,2025-08-27,826.05,884.0148395169965
TR-037734,2025-08-27,1882.87,1982.0859859184302
TR-037735,2025-08-27,1384.21,1267.1881462330755
TR-037736,2025-08-27,1443.46,1472.0901083347962
TR-037737,2025-08-27,3951.12,3917.8999790086777
TR-037738,2025-08-27,1960.64,1830.6277210060168
TR-037739,2025-08-27,1204.34,1169.8677711176317
TR-037740,2025-08-27,1155.44,1145.5006780996755
TR-037741,2025-08-27,2947.8,3122.9299413038284
TR-037742,2025-08-27,1054.29,1074.99268733826
TR-037743,2025-08-27,2919.81,2866.3072267208727
TR-037744,2025-08-27,3541.23,3711.333932851857
TR-037745,2025-08-27,1684.1,1656.1520428574397
TR-037746,2025-08-27,805.31,775.9882492054005
TR-037747,2025-08-27,3329.25,3493.7060560052664
TR-037748,2025-08-27,605.68,600.3022309460353
TR-037749,2025-08-27,648.4,613.6254158799463
TR-037750,2025-08-27,240.18,616.9706454184336
TR-037751,2025-08-27,3272.48,3390.669504895788
TR-037752,2025-08-27,4083.19,4091.74843388893
TR-037753,2025-08-27,2485.52,2571.076938093298
TR-037754,2025-08-27,632.38,609.4064762647146
TR-037755,2025-08-27,3525.65,3473.6389707543603
TR-037756,2025-08-27,2100.88,2084.7329861458243
TR-037757,2025-08-27,1027.84,1008.9960223721612
TR-037758,2025-08-27,2124.84,2306.413787656122
TR-037759,2025-08-27,3776.47,3982.370764237145
TR-037760,2025-08-27,914.43,880.8369937219514
TR-037761,2025-08-27,1883.25,1848.8574177608764
TR-037762,2025-08-27,2824.37,2912.1901045863765
TR-037763,2025-08-27,1337.71,1333.581262050878
TR-037764,2025-08-27,1864.52,1846.5855055522263
TR-037765,2025-08-27,24294.98,5478.800795820773
TR-037766,2025-08-27,3950.17,4342.2510191646825
TR-037767,2025-08-27,748.62,686.2363994825754
TR-037768,2025-08-27,1731.97,1800.4089980141048
TR-037769,2025-08-27,1567.29,1574.5298421539194
TR-037770,2025-08-27,5369.04,5479.969100054956
TR-037771,2025-08-27,1637.51,1596.3669802759555
TR-037772,2025-08-27,1947.0,1901.7244707946966
TR-037773,2025-08-27,2011.85,2244.1824386929743
TR-037774,2025-08-27,4654.29,4926.043060813486
TR-037775,2025-08-27,1210.64,1141.580111041542
TR-037776,2025-08-27,1919.3,2032.6750774382922
TR-037777,2025-08-27,1786.35,1809.215244240813
TR-037778,2025-08-27,4927.84,5216.2046044790395
TR-037779,2025-08-27,1256.55,1304.5817644854892
TR-037780,2025-08-27,820.76,745.4021873533047
TR-037781,2025-08-27,1732.68,1586.143407310469
TR-037782,2025-08-27,3636.08,3858.688735263905
TR-037783,2025-08-27,4874.91,5019.067769748308
TR-037784,2025-08-27,1830.01,1963.9482731957942
TR-037785,2025-08-27,2378.55,2473.0029137458523
TR-037786,2025-08-27,3841.84,3869.5145916161964
TR-037787,2025-08-27,2478.27,2553.8544494051985
TR-037788,2025-08-27,1582.18,1628.1117157398885
TR-037789,2025-08-27,2082.11,2157.777110817649
TR-037790,2025-08-27,1025.65,1030.6629559414814
TR-037791,2025-08-27,830.19,756.5443282677903
TR-037792,2025-08-27,588.43,543.2658787186213
TR-037793,2025-08-27,4241.09,4427.51863943289
TR-037794,2025-08-27,1595.56,1497.0500061348255
TR-037795,2025-08-27,1934.79,2027.4100660153388
TR-037796,2025-08-27,1887.98,1915.4997251299915
TR-037797,2025-08-27,4784.42,5255.8762876323335
TR-037798,2025-08-27,2088.52,1846.8958237999348
TR-037799,2025-08-27,2327.45,2355.084680177507
TR-037800,2025-08-27,2466.04,2586.7921170370055
TR-037801,2025-08-27,3202.97,3252.483748614514
TR-037802,2025-08-27,3570.01,3705.479613246226
TR-037803,2025-08-27,863.26,868.2531354907001
TR-037804,2025-08-27,2846.54,2816.9840895270936
TR-037805,2025-08-27,2174.57,2280.996196283288
TR-037806,2025-08-27,1178.12,1098.8370000924394
TR-037807,2025-08-27,910.42,891.4492866574847
TR-037808,2025-08-27,425.68,453.92141613041355
TR-037809,2025-08-27,4447.18,4518.219196352849
TR-037810,2025-08-27,2497.99,2610.8734896575065
TR-037811,2025-08-27,2103.44,2041.3985640351186
TR-037812,2025-08-27,2080.37,1995.333212045326
TR-037813,2025-08-27,1593.5,1543.0017071965335
TR-037814,2025-08-27,2847.78,2906.6628045093394
TR-037815,2025-08-27,3236.69,3580.3706625660675
TR-037816,2025-08-27,1248.79,1344.5333012816147
TR-037817,2025-08-27,913.21,934.6405848229061
TR-037818,2025-08-27,1585.24,1575.23456275675
TR-037819,2025-08-27,874.6,847.2184079080472
TR-037820,2025-08-27,3849.14,4009.74133398341
TR-037821,2025-08-27,726.24,675.7042328054782
TR-037822,2025-08-27,2429.53,2486.468034850146
TR-037823,2025-08-27,782.98,721.110671087975
TR-037824,2025-08-27,2024.03,2254.7099943474605
TR-037825,2025-08-27,3607.67,3564.35496071353
TR-037826,2025-08-27,2880.71,3081.170061136178
TR-037827,2025-08-27,1314.22,1360.1649291836777
TR-037828,2025-08-27,2859.51,2962.6410461180353
TR-037829,2025-08-27,2660.34,2629.7053389590806
TR-037830,2025-08-27,3452.72,3553.628816709119
TR-037831,2025-08-27,1807.34,1748.0904204620613
TR-037832,2025-08-27,2669.9,2695.3763725182916
TR-037833,2025-08-27,1173.38,1210.969500506591
TR-037834,2025-08-27,956.97,972.464660316512
TR-037835,2025-08-27,1745.97,1741.5425638807474
TR-037836,2025-08-27,1624.84,1699.2853339318585
TR-037837,2025-08-27,3878.35,3677.1177845487696
TR-037838,2025-08-27,955.72,885.7708437185506
TR-037839,2025-08-27,5585.41,5791.934227793109
TR-037840,2025-08-27,1354.84,1306.911351987194
TR-037841,2025-08-27,3572.03,3479.90582571748
TR-037842,2025-08-27,1207.55,1173.3703166530947
TR-037843,2025-08-27,385.4,362.57414134064123
TR-037844,2025-08-27,3052.88,2989.838773761756
TR-037845,2025-08-27,2013.43,2062.6071739744725
TR-037846,2025-08-27,1278.5,1208.5136091718407
TR-037847,2025-08-27,814.53,805.134421921513
TR-037848,2025-08-27,641.45,645.3694915905411
TR-037849,2025-08-27,5595.12,5474.951356965489
TR-037850,2025-08-27,2537.72,2464.345736779276
TR-037851,2025-08-27,2920.26,2987.5062792660274
TR-037852,2025-08-27,2886.36,2924.9507426263863
TR-037853,2025-08-27,411.05,388.16495772410343
TR-037854,2025-08-27,4584.66,4546.424654961976
TR-037855,2025-08-27,1234.56,1280.211185486158
TR-037856,2025-08-27,2265.03,2423.0911747126283
TR-037857,2025-08-27,3824.33,3408.2638794915956
TR-037858,2025-08-27,2256.3,2269.459942087105
TR-037859,2025-08-27,3348.23,3536.9185368341896
TR-037860,2025-08-27,1802.0,1753.4711350313585
TR-037861,2025-08-27,1304.18,1280.4033116079615
TR-037862,2025-08-27,4297.06,4401.845122268439
TR-037863,2025-08-27,964.54,934.8281188621263
TR-037864,2025-08-27,3421.01,3555.2443844054674
TR-037865,2025-08-27,611.4,562.1421762103146
TR-037866,2025-08-27,1239.4,1349.1305916486815
TR-037867,2025-08-27,3843.69,3925.3670773932604
TR-037868,2025-08-27,1429.32,1323.6445001914537
TR-037869,2025-08-27,2384.31,2152.489663943152
TR-037870,2025-08-27,1139.34,1138.6220232446813
TR-037871,2025-08-27,910.55,864.4933989373953
TR-037872,2025-08-27,3111.16,3023.6087280311062
TR-037873,2025-08-27,631.56,637.8407797622751
TR-037874,2025-08-27,1535.2,1543.033495451385
TR-037875,2025-08-27,4626.57,4605.1573826597205
TR-037876,2025-08-28,929.34,3468.234854777342
TR-037877,2025-08-28,2150.65,2180.595610343844
TR-037878,2025-08-28,5266.47,5575.709090470392
TR-037879,2025-08-28,914.55,872.2299770968453
TR-037880,2025-08-28,2377.46,2460.484293458707
TR-037881,2025-08-28,2567.11,2514.504390939034
TR-037882,2025-08-28,3589.92,3912.440644976503
TR-037883,2025-08-28,578.94,566.3221729642651
TR-037884,2025-08-28,3442.41,3512.285098269493
TR-037885,2025-08-28,771.36,754.431987039562
TR-037886,2025-08-28,2159.15,2032.3108094658637
TR-037887,2025-08-28,1325.32,1207.8843386001008
TR-037888,2025-08-28,3197.62,3308.2220581022984
TR-037889,2025-08-28,489.53,482.0101735150882
TR-037890,2025-08-28,4410.04,4586.938297361079
TR-037891,2025-08-28,4320.86,3988.6285199151907
TR-037892,2025-08-28,1069.0,1029.2301373667228
TR-037893,2025-08-28,4911.81,5029.510685218779
TR-037894,2025-08-28,3688.75,4333.112774753876
TR-037895,2025-08-28,1942.6,2194.2453419903472
TR-037896,2025-08-28,1923.54,1859.0375952985607
TR-037897,2025-08-28,784.94,2176.543173869023
TR-037898,2025-08-28,1558.7,1623.8956130390843
TR-037899,2025-08-28,1166.18,1151.138347957928
TR-037900,2025-08-28,4057.35,4050.2377105118003
TR-037901,2025-08-28,931.46,941.3783658973018
TR-037902,2025-08-28,2214.15,1935.9872660506242
TR-037903,2025-08-28,1309.77,1286.4982689197857
TR-037904,2025-08-28,2533.04,2676.4611966009033
TR-037905,2025-08-28,1117.17,1106.4421386830904
TR-037906,2025-08-28,1663.45,1775.3056820521224
TR-037907,2025-08-28,903.74,919.0969707281582
TR-037908,2025-08-28,1982.8,2020.2322736967242
TR-037909,2025-08-28,1157.6,1149.6936979423501
TR-037910,2025-08-28,1023.16,1089.6574599333746
TR-037911,2025-08-28,1557.83,1552.1636221925696
TR-037912,2025-08-28,2576.74,2572.839877777972
TR-037913,2025-08-28,4556.3,4611.937713602702
TR-037914,2025-08-28,1489.51,1496.7283756325476
TR-037915,2025-08-28,1681.13,1693.4631800602106
TR-037916,2025-08-28,379.75,361.23772605566444
TR-037917,2025-08-28,596.66,577.3198422504269
TR-037918,2025-08-28,2006.88,1940.555165154802
TR-037919,2025-08-28,2191.94,2132.840001765664
TR-037920,2025-08-28,2301.75,2321.2199118317253
TR-037921,2025-08-28,3783.43,3918.464012861861
TR-037922,2025-08-28,1318.28,1411.272244846059
TR-037923,2025-08-28,2683.81,2624.736745465836
TR-037924,2025-08-28,915.56,789.3369029561997
TR-037925,2025-08-28,1135.02,1060.51233713414
TR-037926,2025-08-28,2327.43,2233.7454546064423
TR-037927,2025-08-28,1396.35,1394.4128182617665
TR-037928,2025-08-28,5511.11,5679.719103939719
TR-037929,2025-08-28,4248.81,4451.59150968109
TR-037930,2025-08-28,3002.06,3162.75607194584
TR-037931,2025-08-28,1866.56,1975.8173709406763
TR-037932,2025-08-28,1092.98,1094.3628350226547
TR-037933,2025-08-28,1497.36,563.4519704160091
TR-037934,2025-08-28,2265.29,2250.7305334641524
TR-037935,2025-08-28,3183.54,3141.3117205892167
TR-037936,2025-08-28,5008.04,5360.3238598814
TR-037937,2025-08-28,1154.83,1179.821607763763
TR-037938,2025-08-28,4872.48,4972.918527561545
TR-037939,2025-08-28,1521.09,1467.0245402899973
TR-037940,2025-08-28,1198.97,1118.2552404236653
TR-037941,2025-08-28,2486.64,2707.915770111207
TR-037942,2025-08-28,3063.56,3179.3986625836
TR-037943,2025-08-28,2305.2,2229.275130883603
TR-037944,2025-08-28,4845.77,1982.4026509803025
TR-037945,2025-08-28,1063.14,1086.7863909713296
TR-037946,2025-08-28,3830.63,3856.902149643209
TR-037947,2025-08-28,1463.75,1566.5853753057984
TR-037948,2025-08-28,3492.12,3342.8150840790368
TR-037949,2025-08-28,660.18,620.7552173853022
TR-037950,2025-08-28,1761.74,1979.9832954687345
TR-037951,2025-08-28,543.05,510.9962278773983
TR-037952,2025-08-28,1465.92,1597.1196542042712
TR-037953,2025-08-28,3776.02,3606.923315446469
TR-037954,2025-08-28,2190.78,2252.3403223000437
TR-037955,2025-08-28,1185.36,1187.7576344551346
TR-037956,2025-08-28,1023.5,911.0118396029361
TR-037957,2025-08-28,2317.42,2407.9989008161515
TR-037958,2025-08-28,1430.85,1377.246079381964
TR-037959,2025-08-28,741.67,742.795434242895
TR-037960,2025-08-28,822.76,718.7097599247428
TR-037961,2025-08-28,1724.02,1616.5741669749918
TR-037962,2025-08-28,1588.13,1568.8990308630114
TR-037963,2025-08-28,13409.18,4414.433015213875
TR-037964,2025-08-28,3187.06,3465.861601054838
TR-037965,2025-08-28,5342.33,5503.5265503613455
TR-037966,2025-08-28,5712.69,5825.4377397762355
TR-037967,2025-08-28,493.08,484.398018185027
TR-037968,2025-08-28,1192.19,1191.8927249108249
TR-037969,2025-08-28,1043.42,1076.3727624801502
TR-037970,2025-08-28,4980.31,5315.925525047084
TR-037971,2025-08-28,2813.86,2655.2564556583866
TR-037972,2025-08-28,5672.62,5792.981355858303
TR-037973,2025-08-28,1501.32,1648.1039158217632
TR-037974,2025-08-28,3638.16,3857.5135297797233
TR-037975,2025-08-28,3442.92,3409.739598517709
TR-037976,2025-08-28,641.72,615.9187257601878
TR-037977,2025-08-28,3521.02,3791.91800365421
TR-037978,2025-08-28,4064.81,4067.656588737918
TR-037979,2025-08-28,4340.88,4634.079197911062
TR-037980,2025-08-28,456.07,431.4047169760112
TR-037981,2025-08-28,1046.72,1083.0932574842511
TR-037982,2025-08-28,1752.92,1829.2444031532882
TR-037983,2025-08-28,841.55,797.479308646132
TR-037984,2025-08-28,3649.79,3926.918854244022
TR-037985,2025-08-28,5230.52,5069.175145518966
TR-037986,2025-08-28,570.78,575.6136968905448
TR-037987,2025-08-28,636.16,592.331464688438
TR-037988,2025-08-28,1325.69,1316.0152276625981
TR-037989,2025-08-28,4784.97,4307.77708108127
TR-037990,2025-08-28,2263.46,2205.242531760051
TR-037991,2025-08-28,5207.45,5360.759035885103
TR-037992,2025-08-28,4638.51,4864.227767431858
TR-037993,2025-08-28,3040.13,3211.339948541892
TR-037994,2025-08-28,2150.73,2236.98434583789
TR-037995,2025-08-28,1360.48,1363.9940424535487
TR-037996,2025-08-28,732.78,668.1798930445345
TR-037997,2025-08-28,1821.47,1873.7042116029577
TR-037998,2025-08-28,1793.3,1902.1516317318938
TR-037999,2025-08-28,609.26,579.0796837849153
TR-038000,2025-08-28,2695.43,2988.521193827657
TR-038001,2025-08-28,566.92,2083.1041800156418
TR-038002,2025-08-28,1850.18,2096.4094931152204
TR-038003,2025-08-28,462.4,463.80541961955385
TR-038004,2025-08-28,963.88,1006.1060844590608
TR-038005,2025-08-28,1032.25,1061.6873152710914
TR-038006,2025-08-28,213.24,262.7486988670624
TR-038007,2025-08-28,1261.4,1239.8241730679438
TR-038008,2025-08-28,1848.26,1838.0228780068383
TR-038009,2025-08-28,3869.64,4190.466901758911
TR-038010,2025-08-28,4687.06,4906.335458948651
TR-038011,2025-08-28,3835.83,4382.737765879963
TR-038012,2025-08-28,2568.11,2232.2367925051385
TR-038013,2025-08-28,2675.61,2757.2773700603034
TR-038014,2025-08-28,2962.37,3189.3793583637703
TR-038015,2025-08-28,935.04,965.559471809153
TR-038016,2025-08-28,4301.09,4473.678970622924
TR-038017,2025-08-28,3043.42,2842.8828420166906
TR-038018,2025-08-28,2575.77,2638.6492680698007
TR-038019,2025-08-28,1521.67,1492.7734534183114
TR-038020,2025-08-28,2070.71,2259.4725286101307
TR-038021,2025-08-28,3410.9,3446.5700253850737
TR-038022,2025-08-28,992.78,1021.2710685851355
TR-038023,2025-08-28,999.39,924.2962552691055
TR-038024,2025-08-28,1074.03,1080.2856337200249
TR-038025,2025-08-28,1167.7,1159.7096449248993
TR-038026,2025-08-28,6133.24,6086.447506330034
TR-038027,2025-08-28,5037.8,5172.366682405524
TR-038028,2025-08-28,4708.22,4152.2046943267915
TR-038029,2025-08-28,5004.85,5388.88641498886
TR-038030,2025-08-28,5347.64,5179.125984684862
TR-038031,2025-08-28,1887.77,2093.6672274183957
TR-038032,2025-08-28,2976.99,3044.8096999611676
TR-038033,2025-08-28,1099.93,1184.743687198004
TR-038034,2025-08-28,1185.14,1218.2653962083189
TR-038035,2025-08-28,817.54,814.0091569919348
TR-038036,2025-08-28,1591.49,1523.1570776568649
TR-038037,2025-08-28,2695.04,2766.767174235467
TR-038038,2025-08-28,3779.82,4121.696890975774
TR-038039,2025-08-28,2938.51,3062.7239993403673
TR-038040,2025-08-29,4852.55,5290.1526941003
TR-038041,2025-08-29,1273.81,1234.968410806885
TR-038042,2025-08-29,1328.3,1415.3420851356395
TR-038043,2025-08-29,1081.06,1077.2167715718517
TR-038044,2025-08-29,1938.15,1967.2272769542606
TR-038045,2025-08-29,6964.45,2405.851065318328
TR-038046,2025-08-29,1441.78,1452.1990832653514
TR-038047,2025-08-29,1441.83,1454.1091276573436
TR-038048,2025-08-29,1079.27,1033.5737320111587
TR-038049,2025-08-29,3346.24,3281.7954148373983
TR-038050,2025-08-29,1206.48,1226.420547080756
TR-038051,2025-08-29,940.04,988.1414610119649
TR-038052,2025-08-29,888.64,755.5952584040323
TR-038053,2025-08-29,1047.9,1036.0491510772886
TR-038054,2025-08-29,3500.84,3393.108844531747
TR-038055,2025-08-29,917.56,920.5025488587161
TR-038056,2025-08-29,3486.06,2881.5859217914294
TR-038057,2025-08-29,1181.15,1221.7030287476543
TR-038058,2025-08-29,1599.86,1613.229100465136
TR-038059,2025-08-29,3780.36,3399.077988279409
TR-038060,2025-08-29,2276.37,2317.602941058057
TR-038061,2025-08-29,3832.73,4139.316378223219
TR-038062,2025-08-29,4243.53,4538.168487957537
TR-038063,2025-08-29,5675.17,5573.232182375484
TR-038064,2025-08-29,1471.2,1537.262966486519
TR-038065,2025-08-29,2467.5,2564.3326717193368
TR-038066,2025-08-29,430.44,397.32855356184734
TR-038067,2025-08-29,1241.26,1193.1570144479076
TR-038068,2025-08-29,881.85,837.7367352683641
TR-038069,2025-08-29,1002.64,973.9215533813184
TR-038070,2025-08-29,3688.46,4127.346314519897
TR-038071,2025-08-29,3388.98,3007.1996217036417
TR-038072,2025-08-29,1198.78,1184.7810684829087
TR-038073,2025-08-29,1638.39,1587.590795835778
TR-038074,2025-08-29,3717.58,4293.140164622758
TR-038075,2025-08-29,3769.36,3446.568036025911
TR-038076,2025-08-29,1756.32,1931.7638722476506
TR-038077,2025-08-29,1154.44,1085.0483931481456
TR-038078,2025-08-29,2145.54,2133.1175928516104
TR-038079,2025-08-29,3065.67,2757.6343281875925
TR-038080,2025-08-29,4466.21,4886.2591198710925
TR-038081,2025-08-29,2414.14,2397.404299920788
TR-038082,2025-08-29,4165.93,3516.5860525514927
TR-038083,2025-08-29,4017.55,4385.496578327102
TR-038084,2025-08-29,4316.49,4558.5584299260445
TR-038085,2025-08-29,2566.92,2698.9490229538214
TR-038086,2025-08-29,1723.18,1681.019626939893
TR-038087,2025-08-29,3114.15,3180.1770065360975
TR-038088,2025-08-29,1098.57,1083.6917972411552
TR-038089,2025-08-29,5408.24,5656.867772038172
TR-038090,2025-08-29,5571.16,5726.3086202402465
TR-038091,2025-08-29,1801.54,1903.6728246056261
TR-038092,2025-08-29,5291.81,5550.103379936973
TR-038093,2025-08-29,3948.31,4217.179789991532
TR-038094,2025-08-29,3588.64,3663.7286473796803
TR-038095,2025-08-29,999.34,921.3053112782284
TR-038096,2025-08-29,3568.75,3830.83862920074
TR-038097,2025-08-29,2896.5,2749.434335487174
TR-038098,2025-08-29,1902.84,1857.8983293849722
TR-038099,2025-08-29,3500.09,3630.35632195297
TR-038100,2025-08-29,5007.73,4002.9609760864373
TR-038101,2025-08-29,984.23,1019.0814932593108
TR-038102,2025-08-29,1266.69,1307.4171222456227
TR-038103,2025-08-29,2680.97,2615.361380734408
TR-038104,2025-08-29,3822.75,3988.7894147539314
TR-038105,2025-08-29,1830.82,1797.5875149794858
TR-038106,2025-08-29,925.77,947.6147231254682
TR-038107,2025-08-29,3920.72,3821.075400381792
TR-038108,2025-08-29,1539.99,1445.9477433820402
TR-038109,2025-08-29,1851.64,1813.9946427733562
TR-038110,2025-08-29,2229.78,2357.1930343764343
TR-038111,2025-08-29,1288.41,1344.1458985630218
TR-038112,2025-08-29,657.63,652.6124046411077
TR-038113,2025-08-29,2921.08,2954.7211543159724
TR-038114,2025-08-29,4295.47,4730.5143102142565
TR-038115,2025-08-29,1026.41,1018.9431147693368
TR-038116,2025-08-29,1779.0,1788.649362200262
TR-038117,2025-08-29,1638.14,1740.3189437567898
TR-038118,2025-08-29,3679.12,3978.8236887310854
TR-038119,2025-08-29,918.1,915.4154985260633
TR-038120,2025-08-29,750.05,705.3713500226331
TR-038121,2025-08-29,1933.49,1735.452653909304
TR-038122,2025-08-29,595.99,567.0051159246614
TR-038123,2025-08-29,3921.4,4314.097139758308
TR-038124,2025-08-29,910.05,958.8299438784869
TR-038125,2025-08-29,3335.15,3483.360284057385
TR-038126,2025-08-29,816.48,872.9788478951677
TR-038127,2025-08-29,2267.47,2050.5586287085257
TR-038128,2025-08-29,4900.24,4980.381094620448
TR-038129,2025-08-29,3459.86,3335.617086021042
TR-038130,2025-08-29,1459.3,1416.2976565252154
TR-038131,2025-08-29,1334.9,1289.7518909757
TR-038132,2025-08-29,328.67,334.0627201682606
TR-038133,2025-08-29,4808.25,3889.1609221080303
TR-038134,2025-08-29,1913.11,1839.241827764037
TR-038135,2025-08-29,1518.34,1444.6739268035753
TR-038136,2025-08-29,2644.98,2540.3081655627275
TR-038137,2025-08-29,2586.01,2461.177250267099
TR-038138,2025-08-29,2038.98,1954.1450048039194
TR-038139,2025-08-29,3057.42,3266.783156471126
TR-038140,2025-08-29,756.89,763.7445691260349
TR-038141,2025-08-29,1637.49,1651.8997558857088
TR-038142,2025-08-29,4027.95,4453.70402053199
TR-038143,2025-08-29,393.98,397.73329682385724
TR-038144,2025-08-29,3815.57,4494.3650609782735
TR-038145,2025-08-29,1356.09,1389.6450789135588
TR-038146,2025-08-29,3158.14,3221.732822233081
TR-038147,2025-08-29,5472.38,4595.680167898641
TR-038148,2025-08-29,1759.2,1719.8309129739853
TR-038149,2025-08-29,1240.94,1155.6571285413042
TR-038150,2025-08-29,2089.29,2160.1127012593447
TR-038151,2025-08-29,1948.57,1978.7711470044815
TR-038152,2025-08-29,648.48,641.9606369794835
TR-038153,2025-08-29,2403.04,2174.624094326489
TR-038154,2025-08-29,1825.23,1762.0918352136803
TR-038155,2025-08-29,1077.31,1138.7683663009389
TR-038156,2025-08-29,2213.62,2415.375415575043
TR-038157,2025-08-29,815.86,737.3558446215725
TR-038158,2025-08-29,1256.28,1261.850125442357
TR-038159,2025-08-29,1680.91,1715.209194736137
TR-038160,2025-08-29,3566.64,3587.856092127941
TR-038161,2025-08-29,5511.33,5461.800661027695
TR-038162,2025-08-29,3389.92,3464.5785543570955
TR-038163,2025-08-29,4152.38,4524.21827544166
TR-038164,2025-08-29,1157.08,1204.2661502743094
TR-038165,2025-08-29,1240.59,1206.8502196474406
TR-038166,2025-08-29,370.89,363.71886628230277
TR-038167,2025-08-29,741.7,786.612635301495
TR-038168,2025-08-29,2130.86,2004.3718618547468
TR-038169,2025-08-29,1850.54,1805.9830779298632
TR-038170,2025-08-29,784.51,751.7189163005258
TR-038171,2025-08-29,3032.24,3279.2793432813337
TR-038172,2025-08-29,5566.96,5565.614174541177
TR-038173,2025-08-29,5228.39,5683.295954370891
TR-038174,2025-08-29,2989.33,3008.6071758013068
TR-038175,2025-08-29,521.98,492.485213236845
TR-038176,2025-08-29,822.33,806.2083776405673
TR-038177,2025-08-29,4198.62,4409.2927814779805
TR-038178,2025-08-29,889.15,877.771270850693
TR-038179,2025-08-29,1424.01,1321.103089437086
TR-038180,2025-08-29,520.3,500.9212699175387
TR-038181,2025-08-29,3770.29,3737.3773588984245
TR-038182,2025-08-29,1630.64,1540.1578506826881
TR-038183,2025-08-29,1647.96,1705.0320677041361
TR-038184,2025-08-29,3711.01,3702.6748432560994
TR-038185,2025-08-29,766.72,779.1356796661107
TR-038186,2025-08-29,2915.5,2890.8590010207126
TR-038187,2025-08-29,1453.84,1433.2578043741742
TR-038188,2025-08-29,845.78,825.0967576026507
TR-038189,2025-08-29,4283.63,4359.2583103730385
TR-038190,2025-08-29,2595.65,2321.2096474639034
TR-038191,2025-08-30,1537.18,1570.780837078757
TR-038192,2025-08-30,1284.09,1340.8394911790494
TR-038193,2025-08-30,2640.74,2463.669159172775
TR-038194,2025-08-30,1557.32,1544.0936551318546
TR-038195,2025-08-30,4117.4,4586.6619887196
TR-038196,2025-08-30,1675.95,1772.333734929956
TR-038197,2025-08-30,2412.8,2334.321579184485
TR-038198,2025-08-30,2242.61,2220.9654737380274
TR-038199,2025-08-30,1291.48,1304.9189365339184
TR-038200,2025-08-30,812.63,768.4493478226929
TR-038201,2025-08-30,2332.23,2535.001534979367
TR-038202,2025-08-30,1788.42,1948.8325286596107
TR-038203,2025-08-30,1988.34,1940.4646694293097
TR-038204,2025-08-30,2919.33,3189.8060645028736
TR-038205,2025-08-30,6012.08,6141.683904764827
TR-038206,2025-08-30,835.19,786.0624896782629
TR-038207,2025-08-30,4356.01,4861.448517642419
TR-038208,2025-08-30,1916.36,2099.332738241829
TR-038209,2025-08-30,2862.05,2716.885368143135
TR-038210,2025-08-30,1848.53,1827.857364672027
TR-038211,2025-08-30,2041.37,2072.9325066141205
TR-038212,2025-08-30,4580.65,5101.236024289951
TR-038213,2025-08-30,610.03,656.109381717762
TR-038214,2025-08-30,1402.53,1285.3190540121725
TR-038215,2025-08-30,3437.47,3264.681953268121
TR-038216,2025-08-30,2926.22,2784.9111287369533
TR-038217,2025-08-30,3567.51,3281.230182444435
TR-038218,2025-08-30,1888.29,1757.6844306695546
TR-038219,2025-08-30,969.71,957.9657975915142
TR-038220,2025-08-30,1002.84,982.8496523682624
TR-038221,2025-08-30,4628.63,4388.118994113408
TR-038222,2025-08-30,4158.93,4837.737343274895
TR-038223,2025-08-30,1298.2,1311.9294970698138
TR-038224,2025-08-30,4150.04,4342.689000489568
TR-038225,2025-08-30,794.7,799.8984790735269
TR-038226,2025-08-30,1559.92,1674.7179160112632
TR-038227,2025-08-30,1210.11,1232.942720365547
TR-038228,2025-08-30,2845.92,3116.7995334397633
TR-038229,2025-08-30,707.81,725.8372168293455
TR-038230,2025-08-30,3624.6,3469.556051779813
TR-038231,2025-08-30,3147.85,3212.0673363334627
TR-038232,2025-08-30,3550.67,3793.3203089057824
TR-038233,2025-08-30,1395.48,1463.6350183971142
TR-038234,2025-08-30,317.92,335.81827370621966
TR-038235,2025-08-30,1050.91,1022.4050604003647
TR-038236,2025-08-30,1754.69,1888.9366274986805
TR-038237,2025-08-30,927.54,1010.8131085488374
TR-038238,2025-08-30,846.04,829.3279717982992
TR-038239,2025-08-30,1733.62,1776.905962372329
TR-038240,2025-08-30,741.41,678.8834569264271
TR-038241,2025-08-30,573.04,557.3911788111951
TR-038242,2025-08-30,891.99,914.6289779791671
TR-038243,2025-08-30,144.92,733.6565776438505
TR-038244,2025-08-30,2511.08,2377.3012495886883
TR-038245,2025-08-30,2263.98,2279.930376837217
TR-038246,2025-08-30,4283.8,4701.855392400516
TR-038247,2025-08-30,2413.56,2392.0334384851767
TR-038248,2025-08-30,2568.36,2535.7075039964075
TR-038249,2025-08-30,1351.11,1494.2892738325265
TR-038250,2025-08-30,2529.62,2550.931446493533
TR-038251,2025-08-30,2551.04,2380.567285734071
TR-038252,2025-08-30,1001.31,1035.7270466351724
TR-038253,2025-08-30,4638.53,5158.156561992086
TR-038254,2025-08-30,3311.2,2753.0449243967028
TR-038255,2025-08-30,1747.5,1915.1741626815217
TR-038256,2025-08-30,4680.78,5136.737210806529
TR-038257,2025-08-30,4209.65,4338.705417550248
TR-038258,2025-08-30,2558.26,2744.813668410469
TR-038259,2025-08-30,3239.62,3336.827925176255
TR-038260,2025-08-30,6127.24,6073.841672438441
TR-038261,2025-08-30,1162.14,1162.578394682464
TR-038262,2025-08-30,2335.37,2442.3754768180484
TR-038263,2025-08-30,2738.82,2830.8578211109957
TR-038264,2025-08-30,4183.92,4700.6678716771
TR-038265,2025-08-30,1877.94,2102.2434722337375
TR-038266,2025-08-30,709.82,680.3613980583808
TR-038267,2025-08-30,3502.5,3868.1561431597756
TR-038268,2025-08-30,3177.86,3276.72701187762
TR-038269,2025-08-30,1991.79,2015.0902195645463
TR-038270,2025-08-30,4940.91,5431.425055006463
TR-038271,2025-08-30,1586.21,1610.4431475425965
TR-038272,2025-08-30,1289.22,1302.6703974671718
TR-038273,2025-08-30,1965.8,2036.8836590114545
TR-038274,2025-08-30,854.24,757.9220528928354
TR-038275,2025-08-30,3537.46,3765.776598290702
TR-038276,2025-08-30,3456.86,3577.9592014423943
TR-038277,2025-08-30,3977.4,4155.275112023023
TR-038278,2025-08-30,1909.86,1937.0512294757054
TR-038279,2025-08-30,3743.08,4046.4893625579357
TR-038280,2025-08-30,3975.76,4270.727639304079
TR-038281,2025-08-30,2980.73,3272.20456247159
TR-038282,2025-08-30,222.11,274.55265961496985
TR-038283,2025-08-30,1469.79,1373.4303564148236
TR-038284,2025-08-30,4252.82,4446.664369400541
TR-038285,2025-08-30,1605.29,1950.997561426321
TR-038286,2025-08-30,3421.38,3811.550387555431
TR-038287,2025-08-30,2482.39,2682.2121016262336
TR-038288,2025-08-30,3508.42,3752.5510181828395
TR-038289,2025-08-30,3922.75,4417.819167136048
TR-038290,2025-08-30,1919.72,1822.190549608657
TR-038291,2025-08-30,1637.17,1602.362845990962
TR-038292,2025-08-30,780.67,728.4719989049756
TR-038293,2025-08-30,3545.01,3533.2358114263116
TR-038294,2025-08-30,801.44,751.4281288468493
TR-038295,2025-08-30,3153.81,3263.8802671270223
TR-038296,2025-08-30,1425.21,1649.976379412919
TR-038297,2025-08-30,1076.3,957.0740990366453
TR-038298,2025-08-30,4388.14,4742.452929648405
TR-038299,2025-08-30,1579.71,1689.054268385881
TR-038300,2025-08-30,1772.91,1975.3924016452643
TR-038301,2025-08-30,810.88,763.7990104807011
TR-038302,2025-08-30,3223.23,3423.238702513059
TR-038303,2025-08-30,2236.78,2391.3691871325805
TR-038304,2025-08-30,2506.35,2587.857615947634
TR-038305,2025-08-30,2323.16,2473.8075825711217
TR-038306,2025-08-30,2073.43,2113.5094355810716
TR-038307,2025-08-30,1270.61,1284.1431322455292
TR-038308,2025-08-30,4162.88,4386.962307564436
TR-038309,2025-08-30,551.31,1498.3205910424397
TR-038310,2025-08-30,2044.34,2126.5733564883803
TR-038311,2025-08-30,2999.26,3169.5726708662523
TR-038312,2025-08-30,836.07,857.0353144052829
TR-038313,2025-08-30,2206.24,2353.784492791986
TR-038314,2025-08-30,1535.9,1585.211600699328
TR-038315,2025-08-30,1567.67,1769.176981198066
TR-038316,2025-08-30,2069.16,1905.7823082199357
TR-038317,2025-08-30,3016.58,3327.6959733653257
TR-038318,2025-08-30,1997.86,2117.8207739510985
TR-038319,2025-08-30,3483.44,3727.5185217897474
TR-038320,2025-08-30,2983.43,2899.017818540553
TR-038321,2025-08-30,2511.74,2552.826747465247
TR-038322,2025-08-30,4600.11,4694.949891623098
TR-038323,2025-08-30,2546.13,2648.9158268166684
TR-038324,2025-08-30,1762.17,1579.4692213660871
TR-038325,2025-08-30,2236.94,2472.401517868604
TR-038326,2025-08-30,4206.68,3926.7984724781054
TR-038327,2025-08-30,4288.11,4351.0583202869875
TR-038328,2025-08-30,2881.95,2839.645673151039
TR-038329,2025-08-30,1501.74,3630.269664440886
TR-038330,2025-08-30,2578.73,2629.295510560593
TR-038331,2025-08-31,3233.75,3347.264477372888
TR-038332,2025-08-31,698.09,716.1215423980939
TR-038333,2025-08-31,1671.41,1682.606236008922
TR-038334,2025-08-31,1727.0,1906.5939282999786
TR-038335,2025-08-31,5012.22,5431.193397586455
TR-038336,2025-08-31,454.17,465.0663497943741
TR-038337,2025-08-31,3354.9,3465.3745768883155
TR-038338,2025-08-31,2461.86,2693.9663630172327
TR-038339,2025-08-31,854.42,805.7877382146684
TR-038340,2025-08-31,3475.31,4123.502377534534
TR-038341,2025-08-31,1510.17,1594.1996738564237
TR-038342,2025-08-31,4870.06,5045.726906499095
TR-038343,2025-08-31,907.84,930.6312347074783
TR-038344,2025-08-31,4140.64,4519.748762792272
TR-038345,2025-08-31,449.49,440.30973921179316
TR-038346,2025-08-31,2027.8,2057.445398195215
TR-038347,2025-08-31,1939.87,1813.9762244905153
TR-038348,2025-08-31,3038.18,3138.402202467203
TR-038349,2025-08-31,4459.97,4538.5433080003895
TR-038350,2025-08-31,717.91,667.4943498264237
TR-038351,2025-08-31,985.38,1021.937308957704
TR-038352,2025-08-31,4204.85,4576.459898303256
TR-038353,2025-08-31,1697.78,1773.1633729650864
TR-038354,2025-08-31,1943.47,1788.1345669417326
TR-038355,2025-08-31,3666.12,4017.672556665368
TR-038356,2025-08-31,2916.24,2919.5982204881475
TR-038357,2025-08-31,1456.78,1449.9224091899066
TR-038358,2025-08-31,1864.32,2038.930181596551
TR-038359,2025-08-31,2958.21,2595.759126819609
TR-038360,2025-08-31,4343.73,4300.374042722525
TR-038361,2025-08-31,1310.33,1271.6571832137483
TR-038362,2025-08-31,3263.99,3462.3583830529988
TR-038363,2025-08-31,3426.22,3778.836526208227
TR-038364,2025-08-31,1859.2,1773.7333905350972
TR-038365,2025-08-31,2288.42,2316.0957503417685
TR-038366,2025-08-31,3232.28,2735.991009379439
TR-038367,2025-08-31,2801.66,2748.9876737030327
TR-038368,2025-08-31,2266.11,2468.8077298996586
TR-038369,2025-08-31,4464.52,5157.914545100257
TR-038370,2025-08-31,3527.76,3866.6702581828786
TR-038371,2025-08-31,2793.3,2842.0000212064306
TR-038372,2025-08-31,2844.85,2880.4682523957217
TR-038373,2025-08-31,420.84,456.91007981156616
TR-038374,2025-08-31,2497.8,2692.936545790619
TR-038375,2025-08-31,1587.51,1603.013809910321
TR-038376,2025-08-31,1876.86,1923.1735180244352
TR-038377,2025-08-31,892.93,942.96213700544
TR-038378,2025-08-31,2089.46,2058.5242566244224
TR-038379,2025-08-31,2665.95,2847.2116971111504
TR-038380,2025-08-31,2167.35,2354.3476470970368
TR-038381,2025-08-31,2952.37,3080.893134904214
TR-038382,2025-08-31,4309.09,5057.419499276942
TR-038383,2025-08-31,603.33,586.4405991630136
TR-038384,2025-08-31,2275.18,2223.2617907549193
TR-038385,2025-08-31,4238.1,4070.073340909337
TR-038386,2025-08-31,918.32,956.0070890767622
TR-038387,2025-08-31,578.11,572.0664820406195
TR-038388,2025-08-31,2804.5,2691.2330047836813
TR-038389,2025-08-31,2342.64,2482.879092123749
TR-038390,2025-08-31,2146.44,2106.394414136555
TR-038391,2025-08-31,2009.89,2117.9850431607188
TR-038392,2025-08-31,1278.9,1212.2983517704
TR-038393,2025-08-31,4801.85,5282.561403932241
TR-038394,2025-08-31,4661.41,4440.080673983951
TR-038395,2025-08-31,892.65,934.963908294739
TR-038396,2025-08-31,4691.77,4830.327202790943
TR-038397,2025-08-31,1837.56,2047.0718851859112
TR-038398,2025-08-31,1647.49,1743.0414779836312
TR-038399,2025-08-31,2063.84,2006.9619950024342
TR-038400,2025-08-31,762.75,788.4012169183011
TR-038401,2025-08-31,631.07,603.904365255213
TR-038402,2025-08-31,1755.35,1793.159865558229
TR-038403,2025-08-31,4466.13,4609.300414217835
TR-038404,2025-08-31,2574.99,2506.374113836168
TR-038405,2025-08-31,576.69,574.4227778641733
TR-038406,2025-08-31,3685.33,3908.7267061646608
TR-038407,2025-08-31,2851.4,2910.58173328367
TR-038408,2025-08-31,2996.08,3056.6694929617365
TR-038409,2025-08-31,4225.72,4460.008251346349
TR-038410,2025-08-31,3850.74,3932.039938265171
TR-038411,2025-08-31,1239.35,1200.8046441607398
TR-038412,2025-08-31,1222.86,1229.3361430288178
TR-038413,2025-08-31,2142.98,2068.8030518421415
TR-038414,2025-08-31,3847.65,4297.843984545913
TR-038415,2025-08-31,1939.02,1966.0954376027296
TR-038416,2025-08-31,1887.9,2069.0763130595396
TR-038417,2025-08-31,361.91,362.94681709771305
TR-038418,2025-08-31,5030.28,5432.101321770215
TR-038419,2025-08-31,1578.38,1590.1325170806176
TR-038420,2025-08-31,1834.76,1903.9244338814144
TR-038421,2025-08-31,4722.33,5133.655904227829
TR-038422,2025-08-31,1473.29,1602.7970040222513
TR-038423,2025-08-31,724.88,669.6811719511952
TR-038424,2025-08-31,1873.01,1983.0137650454096
TR-038425,2025-08-31,1875.26,2123.8709653611704
TR-038426,2025-08-31,1534.18,1711.87644845048
TR-038427,2025-08-31,1017.09,1044.0916973209805
TR-038428,2025-08-31,4375.08,4727.931208883052
TR-038429,2025-08-31,1327.08,1322.1200168020296
TR-038430,2025-08-31,611.1,624.6817156991301
TR-038431,2025-08-31,1778.4,1795.447119158142
TR-038432,2025-08-31,693.2,646.4934370383899
TR-038433,2025-08-31,1374.19,1302.5420154838366
TR-038434,2025-08-31,982.54,928.4409509833575
TR-038435,2025-08-31,3546.39,3871.677337238507
TR-038436,2025-08-31,2473.61,2718.938437058466
TR-038437,2025-08-31,2734.79,2799.732237320982
TR-038438,2025-08-31,4245.9,4638.428715758844
TR-038439,2025-08-31,2964.86,3122.19463822908
TR-038440,2025-08-31,3704.63,4453.274783731447
TR-038441,2025-08-31,2148.12,2149.7213844287658
TR-038442,2025-08-31,805.86,812.1405373724523
TR-038443,2025-08-31,3067.56,2991.4639441569884
TR-038444,2025-08-31,4405.94,4888.6729641577385
TR-038445,2025-08-31,618.57,634.2884164431009
TR-038446,2025-08-31,1987.09,2250.7147853266983
TR-038447,2025-08-31,1021.84,1004.7612178774822
TR-038448,2025-08-31,449.12,467.74672905084975
TR-038449,2025-08-31,2475.36,2596.2142005567716
TR-038450,2025-08-31,1770.71,1791.137450014436
TR-038451,2025-08-31,2007.29,2144.8821249153234
TR-038452,2025-08-31,1346.97,1349.8209815605198
TR-038453,2025-08-31,1282.9,1238.3759072821342
TR-038454,2025-08-31,2494.51,2359.4612477057362
TR-038455,2025-08-31,1869.31,1939.2062922333046
TR-038456,2025-08-31,4632.24,4628.562477170779
TR-038457,2025-08-31,3369.16,3544.7084555104357
TR-038458,2025-08-31,1405.18,1333.4174328428587
TR-038459,2025-08-31,1587.4,1699.410540069025
TR-038460,2025-08-31,7384.72,2951.0775014513424
TR-038461,2025-08-31,2459.39,2320.3624582638627
TR-038462,2025-08-31,3536.58,3469.594770239861
TR-038463,2025-08-31,2121.53,2200.724793044181
TR-038464,2025-08-31,894.58,824.6520804068015
TR-038465,2025-08-31,1038.53,1086.6578310083103
TR-038466,2025-08-31,2040.45,2002.2169875579991
TR-038467,2025-08-31,890.49,832.8449555841634
TR-038468,2025-08-31,699.48,670.1301641124531
TR-038469,2025-08-31,1856.32,1819.9101287683213
TR-038470,2025-08-31,214.48,279.9388615815416
TR-038471,2025-08-31,3899.95,4056.65749490712
TR-038472,2025-08-31,4945.76,5140.764578120109
TR-038473,2025-08-31,3057.86,3194.152453447812
TR-038474,2025-08-31,2322.2,2301.9113288473136
TR-038475,2025-08-31,1636.72,1744.7916736562063
TR-038476,2025-08-31,2591.36,2696.4453135772283
TR-038477,2025-08-31,3365.56,3757.0322761218595
