load_id,date,posted_rate,predicted_rate
TR-028807,2025-07-01,626.6,634.2676119857831
TR-028808,2025-07-01,935.85,1010.9167260435964
TR-028809,2025-07-01,2098.29,2101.4080803806764
TR-028810,2025-07-01,3062.96,2970.6958122711817
TR-028811,2025-07-01,1221.59,1208.4555242269748
TR-028812,2025-07-01,1114.49,1108.2513512638652
TR-028813,2025-07-01,1829.62,1834.321732345185
TR-028814,2025-07-01,10620.88,3019.8449350248657
TR-028815,2025-07-01,562.33,567.3833776444926
TR-028816,2025-07-01,4406.98,4371.638651608853
TR-028817,2025-07-01,1322.56,1297.6083741353073
TR-028818,2025-07-01,2634.99,2889.315836362932
TR-028819,2025-07-01,3208.35,3248.001127472791
TR-028820,2025-07-01,3627.33,3762.9349274992596
TR-028821,2025-07-01,2793.15,2894.2953855785263
TR-028822,2025-07-01,2992.18,2899.3544977247448
TR-028823,2025-07-01,2944.35,2993.7706086725602
TR-028824,2025-07-01,3450.56,3658.719851574304
TR-028825,2025-07-01,14317.13,3333.1784164996798
TR-028826,2025-07-01,1821.29,1851.5620865812434
TR-028827,2025-07-01,1453.06,1519.0043281670442
TR-028828,2025-07-01,327.04,446.2625679368689
TR-028829,2025-07-01,653.64,680.4037432461143
TR-028830,2025-07-01,417.85,545.4128815013271
TR-028831,2025-07-01,1778.94,1767.4762441987643
TR-028832,2025-07-01,2884.66,2661.931693522669
TR-028833,2025-07-01,1271.87,1251.8926038932964
TR-028834,2025-07-01,839.16,857.6780595201694
TR-028835,2025-07-01,2860.06,3132.874662975787
TR-028836,2025-07-01,698.22,657.0908453459108
TR-028837,2025-07-01,645.97,619.8083779961985
TR-028838,2025-07-01,3502.07,3366.079685064263
TR-028839,2025-07-01,4025.77,3794.876788171302
TR-028840,2025-07-01,1241.43,1262.028360696994
TR-028841,2025-07-01,2856.47,2732.6970729827035
TR-028842,2025-07-01,4300.61,4347.934578553408
TR-028843,2025-07-01,2343.99,2171.160133325455
TR-028844,2025-07-01,739.24,799.1369299437802
TR-028845,2025-07-01,2176.41,2001.8750731490165
TR-028846,2025-07-01,3866.42,3701.330931447498
TR-028847,2025-07-01,1907.65,1894.9776340057488
TR-028848,2025-07-01,3986.07,4035.157288462578
TR-028849,2025-07-01,235.59,352.00554936039043
TR-028850,2025-07-01,1850.29,1848.91945496769
TR-028851,2025-07-01,982.61,987.6336498413923
TR-028852,2025-07-01,1984.8,1928.4891833637093
TR-028853,2025-07-01,2617.48,2564.138496935996
TR-028854,2025-07-01,815.85,782.5874892598213
TR-028855,2025-07-01,5303.95,5003.886013841495
TR-028856,2025-07-01,3194.99,3051.8837015535587
TR-028857,2025-07-01,914.78,889.7946190373314
TR-028858,2025-07-01,2708.27,2688.694275126436
TR-028859,2025-07-01,2200.21,2111.8902200616103
TR-028860,2025-07-01,1321.67,1312.0311397831633
TR-028861,2025-07-01,5777.13,5707.345846686678
TR-028862,2025-07-01,1224.18,1281.3520793707955
TR-028863,2025-07-01,516.87,544.5049620408204
TR-028864,2025-07-01,1548.83,1641.1849530253203
TR-028865,2025-07-01,1278.95,1278.1313487911668
TR-028866,2025-07-01,1461.33,1479.7739257421958
TR-028867,2025-07-01,273.18,433.5937831248234
TR-028868,2025-07-01,4093.76,3966.909947787747
TR-028869,2025-07-01,4423.87,4271.1101990502275
TR-028870,2025-07-01,1377.43,1350.4958590807946
TR-028871,2025-07-01,1101.06,1143.6410932919146
TR-028872,2025-07-01,3504.89,3566.183136924583
TR-028873,2025-07-01,1840.51,1797.5252366905238
TR-028874,2025-07-01,1216.63,1173.7888923495514
TR-028875,2025-07-01,703.33,680.7344227054484
TR-028876,2025-07-01,356.22,501.5815698055569
TR-028877,2025-07-01,2139.58,2050.2113831145007
TR-028878,2025-07-01,1328.65,1313.8304849394303
TR-028879,2025-07-01,2571.68,2322.927705853111
TR-028880,2025-07-01,2147.82,2035.3390032224581
TR-028881,2025-07-01,4045.7,4111.621400935467
TR-028882,2025-07-01,5258.57,5183.33815782238
TR-028883,2025-07-01,1509.85,1535.5944341833651
TR-028884,2025-07-01,2493.54,2346.9549527246886
TR-028885,2025-07-01,2007.92,1918.268811822486
TR-028886,2025-07-01,2705.35,2569.5151605780006
TR-028887,2025-07-01,4773.67,4714.450104309094
TR-028888,2025-07-01,2946.58,2714.744265098029
TR-028889,2025-07-01,3296.22,3422.6301993521247
TR-028890,2025-07-01,1065.26,1041.9885620292603
TR-028891,2025-07-01,4341.59,4336.714666349114
TR-028892,2025-07-01,4819.69,4773.608314718714
TR-028893,2025-07-01,900.44,983.8712442224207
TR-028894,2025-07-01,769.64,782.4893713907297
TR-028895,2025-07-01,2215.65,2239.23069390124
TR-028896,2025-07-01,3848.85,3948.563655950344
TR-028897,2025-07-01,1624.75,1638.1433319602168
TR-028898,2025-07-01,2448.78,2357.77901757913
TR-028899,2025-07-01,858.44,888.3191232145032
TR-028900,2025-07-01,2907.21,2934.6858325429444
TR-028901,2025-07-01,1149.03,1171.7798184956662
TR-028902,2025-07-01,3544.78,3322.3946521232733
TR-028903,2025-07-01,579.66,638.5285999412392
TR-028904,2025-07-01,543.27,529.2187001921525
TR-028905,2025-07-01,3914.12,3818.5121923680845
TR-028906,2025-07-01,3315.5,3533.7902531649843
TR-028907,2025-07-01,583.89,553.4694823413477
TR-028908,2025-07-01,1173.28,1152.7687400908312
TR-028909,2025-07-01,1981.14,1897.123724361575
TR-028910,2025-07-01,370.42,530.852995962508
TR-028911,2025-07-01,3861.91,4001.219421158892
TR-028912,2025-07-01,1230.66,1258.5686314759712
TR-028913,2025-07-01,871.05,884.5816943885011
TR-028914,2025-07-01,4603.91,4762.63852075252
TR-028915,2025-07-01,1580.55,1477.3447245380717
TR-028916,2025-07-01,2822.69,2797.4050489442407
TR-028917,2025-07-01,6680.25,6094.921124698193
TR-028918,2025-07-01,2046.52,1979.1098357089647
TR-028919,2025-07-01,2178.28,2211.4323331316036
TR-028920,2025-07-01,1034.06,999.7345101761562
TR-028921,2025-07-01,688.13,700.0929397586085
TR-028922,2025-07-01,402.91,491.3688026998468
TR-028923,2025-07-01,1853.36,1837.8094303477687
TR-028924,2025-07-01,1855.08,1877.2502414388157
TR-028925,2025-07-01,975.19,954.7672666276871
TR-028926,2025-07-01,248.36,494.74508935514655
TR-028927,2025-07-01,1388.73,1352.886823243347
TR-028928,2025-07-01,714.49,713.105689412675
TR-028929,2025-07-01,3611.14,3573.6475322757447
TR-028930,2025-07-01,2908.62,3146.363353932722
TR-028931,2025-07-01,2165.32,2166.61298389674
TR-028932,2025-07-01,2021.38,1978.4612207470564
TR-028933,2025-07-01,1581.8,1613.5243457572687
TR-028934,2025-07-01,1826.13,1768.4447323473232
TR-028935,2025-07-01,919.01,901.2165455605877
TR-028936,2025-07-01,1797.97,1799.8962848173912
TR-028937,2025-07-01,939.1,956.8376688114333
TR-028938,2025-07-01,404.65,483.4506829503764
TR-028939,2025-07-01,3968.9,4017.7098858486875
TR-028940,2025-07-01,3981.55,4110.59729063159
TR-028941,2025-07-01,1943.06,1863.3887573462257
TR-028942,2025-07-02,5711.09,5512.257050805005
TR-028943,2025-07-02,855.3,878.6519136098345
TR-028944,2025-07-02,1695.86,1615.5773663937148
TR-028945,2025-07-02,832.59,868.5294712258249
TR-028946,2025-07-02,5215.9,5358.415403269183
TR-028947,2025-07-02,3653.88,3626.015050572117
TR-028948,2025-07-02,4028.79,3817.8632412097613
TR-028949,2025-07-02,851.35,900.595114518216
TR-028950,2025-07-02,2996.52,2865.5414878035745
TR-028951,2025-07-02,4131.57,4090.6391027635514
TR-028952,2025-07-02,2892.63,2827.7229264737007
TR-028953,2025-07-02,3701.2,3697.1321632167937
TR-028954,2025-07-02,1760.71,1699.7544665367652
TR-028955,2025-07-02,942.81,924.2098015881386
TR-028956,2025-07-02,1920.97,1895.1606055447326
TR-028957,2025-07-02,2407.72,2241.940969670244
TR-028958,2025-07-02,2319.06,2266.657564554418
TR-028959,2025-07-02,6114.99,5887.357153173745
TR-028960,2025-07-02,1482.09,1361.9078252008296
TR-028961,2025-07-02,4264.16,4170.1515130024045
TR-028962,2025-07-02,1585.26,1705.3548317081895
TR-028963,2025-07-02,2356.2,2244.7245841722656
TR-028964,2025-07-02,1587.61,1573.7448475280814
TR-028965,2025-07-02,1286.43,1207.5764766465923
TR-028966,2025-07-02,2530.79,2522.5468978623994
TR-028967,2025-07-02,1802.0,1786.2650111729279
TR-028968,2025-07-02,3269.47,3115.877551195675
TR-028969,2025-07-02,3631.63,3473.815724557584
TR-028970,2025-07-02,1567.37,1581.2209352899883
TR-028971,2025-07-02,5145.21,4929.264336212924
TR-028972,2025-07-02,1717.01,1696.0437847544904
TR-028973,2025-07-02,1301.23,1263.0031630691187
TR-028974,2025-07-02,3154.11,3188.050021320357
TR-028975,2025-07-02,4209.18,4253.495377111089
TR-028976,2025-07-02,2152.54,2060.6401661099458
TR-028977,2025-07-02,1536.48,1574.6225002191409
TR-028978,2025-07-02,864.86,815.878380972481
TR-028979,2025-07-02,3931.54,3726.713812824326
TR-028980,2025-07-02,2327.02,2356.96786669952
TR-028981,2025-07-02,2752.9,2485.1929817672153
TR-028982,2025-07-02,3771.83,3419.1419633410414
TR-028983,2025-07-02,918.39,953.8757686386462
TR-028984,2025-07-02,2212.28,2187.4053573622105
TR-028985,2025-07-02,1710.13,1653.3831925345248
TR-028986,2025-07-02,1354.27,1346.2508552128636
TR-028987,2025-07-02,1236.65,1209.2072237448278
TR-028988,2025-07-02,875.39,850.4593963275986
TR-028989,2025-07-02,1836.8,1833.640488381673
TR-028990,2025-07-02,1767.03,1709.5583344266197
TR-028991,2025-07-02,1041.97,1048.47421348704
TR-028992,2025-07-02,4940.32,4753.9545787431
TR-028993,2025-07-02,4472.58,4387.848123281714
TR-028994,2025-07-02,2573.29,2507.047528533767
TR-028995,2025-07-02,4351.15,4578.062199630834
TR-028996,2025-07-02,1156.87,3073.920130737717
TR-028997,2025-07-02,414.32,450.6253889343416
TR-028998,2025-07-02,3533.26,3257.6439414047304
TR-028999,2025-07-02,1093.87,1061.799016392551
TR-029000,2025-07-02,2738.89,2690.4005801078542
TR-029001,2025-07-02,1535.3,1476.6124405819369
TR-029002,2025-07-02,1448.52,1406.4568268846688
TR-029003,2025-07-02,1652.99,1669.568531075228
TR-029004,2025-07-02,1289.14,1301.040194720622
TR-029005,2025-07-02,2736.43,2645.273843871343
TR-029006,2025-07-02,759.45,744.8601677833476
TR-029007,2025-07-02,3712.22,3772.9629231592344
TR-029008,2025-07-02,2062.12,2007.6845292412224
TR-029009,2025-07-02,830.7,828.2938119345808
TR-029010,2025-07-02,3244.87,2964.451720318233
TR-029011,2025-07-02,1569.03,1574.6860065563174
TR-029012,2025-07-02,999.13,1067.6695505084954
TR-029013,2025-07-02,3277.56,3499.8999635623386
TR-029014,2025-07-02,1156.57,1193.680061187147
TR-029015,2025-07-02,5028.75,5116.7000303588775
TR-029016,2025-07-02,2438.96,2263.943130700667
TR-029017,2025-07-02,1428.54,1398.2646106452207
TR-029018,2025-07-02,2633.23,2600.998579571577
TR-029019,2025-07-02,2255.41,2166.290448288684
TR-029020,2025-07-02,2306.72,2206.366235088865
TR-029021,2025-07-02,6533.28,5984.11569167951
TR-029022,2025-07-02,1835.12,1819.4527519312633
TR-029023,2025-07-02,2127.89,2133.0721722972653
TR-029024,2025-07-02,1941.68,1841.231160904069
TR-029025,2025-07-02,1422.18,1381.013108327394
TR-029026,2025-07-02,2562.16,2388.634667582631
TR-029027,2025-07-02,2806.86,2704.6596170099165
TR-029028,2025-07-02,3821.87,3669.1592078331287
TR-029029,2025-07-02,3490.08,3045.82751545159
TR-029030,2025-07-02,1944.87,1823.408046842932
TR-029031,2025-07-02,4689.45,4572.666290683155
TR-029032,2025-07-02,600.54,640.3782404791209
TR-029033,2025-07-02,4250.77,4212.103410244059
TR-029034,2025-07-02,1390.85,1377.734521650348
TR-029035,2025-07-02,2521.13,2430.585191781852
TR-029036,2025-07-02,2570.02,2490.779493647676
TR-029037,2025-07-02,1787.35,1791.7831792712993
TR-029038,2025-07-02,763.35,768.0158264752681
TR-029039,2025-07-02,4680.28,4446.558542709381
TR-029040,2025-07-02,632.86,630.0713080622718
TR-029041,2025-07-02,914.78,945.5741951638267
TR-029042,2025-07-02,1354.81,1317.8030924978166
TR-029043,2025-07-02,3027.02,3057.9751743194042
TR-029044,2025-07-02,3145.29,3241.6432128643255
TR-029045,2025-07-02,2643.78,2627.6323368334993
TR-029046,2025-07-02,3915.41,4004.635400150819
TR-029047,2025-07-02,3646.72,3614.2286861967596
TR-029048,2025-07-02,2101.39,2059.1048199984843
TR-029049,2025-07-02,4255.94,4013.588205282652
TR-029050,2025-07-02,1960.27,1904.13070431894
TR-029051,2025-07-02,2302.58,2100.4778015172974
TR-029052,2025-07-02,1507.02,1497.5604002317702
TR-029053,2025-07-02,2502.53,2464.000846479069
TR-029054,2025-07-02,1645.78,1754.4395555856927
TR-029055,2025-07-02,1984.68,5709.5034927318175
TR-029056,2025-07-02,667.86,2941.8058765982264
TR-029057,2025-07-02,939.55,935.5979507321579
TR-029058,2025-07-02,385.09,1072.93746321967
TR-029059,2025-07-02,1830.56,1826.9933030040575
TR-029060,2025-07-02,1240.91,1237.0615204144674
TR-029061,2025-07-02,2615.74,2531.933555116648
TR-029062,2025-07-02,994.92,976.2283405455576
TR-029063,2025-07-02,2543.01,2418.9897913623645
TR-029064,2025-07-02,1465.3,1377.416970718421
TR-029065,2025-07-02,1541.37,1582.0180000128305
TR-029066,2025-07-02,3444.49,3588.4137829303622
TR-029067,2025-07-02,1218.98,1152.5952853260505
TR-029068,2025-07-02,1795.15,1793.5597811600617
TR-029069,2025-07-02,1088.73,1118.6334340043347
TR-029070,2025-07-02,4930.68,4957.355676954484
TR-029071,2025-07-02,1778.3,1791.509341407061
TR-029072,2025-07-02,881.52,890.5820621938547
TR-029073,2025-07-02,3468.84,3445.1913391010894
TR-029074,2025-07-02,3889.14,3920.8519758999637
TR-029075,2025-07-02,5576.85,5562.195390322012
TR-029076,2025-07-02,3618.13,3664.5647709994428
TR-029077,2025-07-02,2173.12,2138.770615714849
TR-029078,2025-07-02,4207.04,4266.827160143244
TR-029079,2025-07-02,2252.03,2174.681302984328
TR-029080,2025-07-02,3400.54,3423.828116343285
TR-029081,2025-07-02,4057.18,4132.2849247892555
TR-029082,2025-07-02,302.23,372.32933056810543
TR-029083,2025-07-02,1005.71,1029.658356794007
TR-029084,2025-07-02,1313.45,1311.7767776694127
TR-029085,2025-07-02,3401.92,3444.730441088741
TR-029086,2025-07-02,1973.95,1998.193396439402
TR-029087,2025-07-02,3913.76,3827.1496887966305
TR-029088,2025-07-02,1281.3,1283.00788898659
TR-029089,2025-07-02,2986.67,706.5097653388286
TR-029090,2025-07-02,3828.91,3740.97776002099
TR-029091,2025-07-02,4161.23,4050.2822814464043
TR-029092,2025-07-02,3500.78,3411.048743714792
TR-029093,2025-07-02,927.41,924.4743417669608
TR-029094,2025-07-02,3514.9,3681.44198681797
TR-029095,2025-07-02,2571.41,2531.7604706078664
TR-029096,2025-07-02,3126.05,3036.8220787445734
TR-029097,2025-07-02,1201.25,1181.2858227215893
TR-029098,2025-07-02,1071.17,1099.7918797014986
TR-029099,2025-07-02,2041.72,2002.8978967126186
TR-029100,2025-07-02,3403.32,3590.1313242316683
TR-029101,2025-07-02,2291.86,2275.4424257607216
TR-029102,2025-07-02,6557.41,5807.326431867632
TR-029103,2025-07-02,1616.31,1608.3986200505808
TR-029104,2025-07-02,4067.5,4198.343881917057
TR-029105,2025-07-02,3671.51,3775.9314268565586
TR-029106,2025-07-02,2491.55,2317.161880387324
TR-029107,2025-07-02,1022.58,1024.0545057093839
TR-029108,2025-07-02,2411.54,2280.4452815552368
TR-029109,2025-07-02,2672.17,2629.3777198544644
TR-029110,2025-07-02,1411.61,1440.6042471416833
TR-029111,2025-07-02,1302.7,1332.974663026006
TR-029112,2025-07-02,809.09,812.0128276941291
TR-029113,2025-07-03,1372.84,1266.0771378362815
TR-029114,2025-07-03,4993.53,4876.394023412002
TR-029115,2025-07-03,1635.91,1631.3664157007697
TR-029116,2025-07-03,4120.34,4139.971161821234
TR-029117,2025-07-03,3178.09,3011.003909557374
TR-029118,2025-07-03,618.65,641.8980615108146
TR-029119,2025-07-03,2610.24,2539.60729685469
TR-029120,2025-07-03,899.4,853.2538494342457
TR-029121,2025-07-03,945.76,981.9960863871261
TR-029122,2025-07-03,551.17,552.3794090305407
TR-029123,2025-07-03,1768.84,1844.6453935943832
TR-029124,2025-07-03,2518.94,2436.527400362624
TR-029125,2025-07-03,363.33,416.82241766879565
TR-029126,2025-07-03,879.49,885.3926887391667
TR-029127,2025-07-03,1411.96,1359.6744832588479
TR-029128,2025-07-03,531.88,564.7736650413194
TR-029129,2025-07-03,1577.31,1496.983241522985
TR-029130,2025-07-03,3756.05,3548.896797937374
TR-029131,2025-07-03,1523.87,1424.0476387263611
TR-029132,2025-07-03,620.08,673.2405858382458
TR-029133,2025-07-03,1272.96,1229.0151124655808
TR-029134,2025-07-03,1547.43,1544.2597932539932
TR-029135,2025-07-03,2195.94,2207.7870415747084
TR-029136,2025-07-03,1243.41,1226.1913423513324
TR-029137,2025-07-03,1802.67,1769.9525384752633
TR-029138,2025-07-03,1497.95,1430.9303046787463
TR-029139,2025-07-03,1565.05,1599.2683132025238
TR-029140,2025-07-03,1964.36,1989.3953772530995
TR-029141,2025-07-03,1715.34,1665.532854140114
TR-029142,2025-07-03,1092.52,1058.4059905873391
TR-029143,2025-07-03,3842.68,3851.994603638471
TR-029144,2025-07-03,3605.69,3566.791908575774
TR-029145,2025-07-03,1365.22,1332.8782201010395
TR-029146,2025-07-03,354.91,402.3845056012749
TR-029147,2025-07-03,819.45,830.9181793073242
TR-029148,2025-07-03,3163.43,3027.169078349566
TR-029149,2025-07-03,1780.26,1720.4301491903486
TR-029150,2025-07-03,819.93,805.1175161195365
TR-029151,2025-07-03,367.89,365.603942279728
TR-029152,2025-07-03,1798.74,1773.0779715666633
TR-029153,2025-07-03,2355.7,2114.0978880496796
TR-029154,2025-07-03,3258.23,3274.3264564670653
TR-029155,2025-07-03,1639.04,1676.0524481427874
TR-029156,2025-07-03,508.14,488.7820311025837
TR-029157,2025-07-03,1751.51,1699.749043403513
TR-029158,2025-07-03,4130.3,4072.8779199079145
TR-029159,2025-07-03,504.55,539.3761482187479
TR-029160,2025-07-03,739.49,715.4269047936741
TR-029161,2025-07-03,1984.65,1976.7286857141105
TR-029162,2025-07-03,2229.43,2129.7755993005126
TR-029163,2025-07-03,625.37,670.8069798426266
TR-029164,2025-07-03,985.28,991.1631875022538
TR-029165,2025-07-03,3701.58,3660.29068712747
TR-029166,2025-07-03,599.88,643.6470337481715
TR-029167,2025-07-03,3830.39,3602.7234242128557
TR-029168,2025-07-03,1491.5,1474.077760537913
TR-029169,2025-07-03,798.32,772.095448885214
TR-029170,2025-07-03,3077.81,3145.3127381707855
TR-029171,2025-07-03,6757.79,5882.327837661922
TR-029172,2025-07-03,2398.43,2348.447362191215
TR-029173,2025-07-03,1689.91,1642.1263056565908
TR-029174,2025-07-03,4185.87,4070.5551125596066
TR-029175,2025-07-03,1888.21,1915.5170612013999
TR-029176,2025-07-03,1024.02,985.3889319037887
TR-029177,2025-07-03,2554.26,2340.7508385192414
TR-029178,2025-07-03,1211.43,1192.6340557731526
TR-029179,2025-07-03,3073.9,2952.0086386046855
TR-029180,2025-07-03,5471.49,5135.428285300397
TR-029181,2025-07-03,2141.4,2225.2443510661046
TR-029182,2025-07-03,3260.53,3178.52566695141
TR-029183,2025-07-03,2283.75,2249.8185736154337
TR-029184,2025-07-03,1496.39,1511.2608610556833
TR-029185,2025-07-03,4132.37,4034.2399771484716
TR-029186,2025-07-03,2167.12,2058.0282774544894
TR-029187,2025-07-03,1848.13,1840.821142889981
TR-029188,2025-07-03,1390.25,1353.989886399138
TR-029189,2025-07-03,993.6,1006.0860573481164
TR-029190,2025-07-03,3963.72,4068.777934366657
TR-029191,2025-07-03,2866.56,2597.5050765130277
TR-029192,2025-07-03,3088.02,3029.36991692193
TR-029193,2025-07-03,3601.13,3704.571503837446
TR-029194,2025-07-03,3175.81,3074.7195866629563
TR-029195,2025-07-03,2095.34,2060.2414045053406
TR-029196,2025-07-03,3898.37,3848.736611912177
TR-029197,2025-07-03,1507.49,1545.4123940760114
TR-029198,2025-07-03,750.7,729.5823721448542
TR-029199,2025-07-03,727.64,738.9675577966668
TR-029200,2025-07-03,5388.14,5231.180369019944
TR-029201,2025-07-03,5213.56,4992.069558555719
TR-029202,2025-07-03,3975.27,4055.7583898848643
TR-029203,2025-07-03,5251.54,5177.9130717431035
TR-029204,2025-07-03,2007.61,2034.5198870214847
TR-029205,2025-07-03,652.91,641.1064597299735
TR-029206,2025-07-03,2011.24,2021.1417076034463
TR-029207,2025-07-03,717.4,763.0440570854237
TR-029208,2025-07-03,3476.12,3505.0537280166045
TR-029209,2025-07-03,3095.41,2885.167778263215
TR-029210,2025-07-03,1681.61,1607.2545046591501
TR-029211,2025-07-03,868.37,908.1164470515448
TR-029212,2025-07-03,1555.08,1574.100474385758
TR-029213,2025-07-03,1243.46,1265.9326808661376
TR-029214,2025-07-03,2429.23,2275.5730482709473
TR-029215,2025-07-03,2047.49,1986.4726503022168
TR-029216,2025-07-03,3904.97,3857.4955962240183
TR-029217,2025-07-03,4014.57,3930.949514202708
TR-029218,2025-07-03,3504.91,3643.638147180717
TR-029219,2025-07-03,3890.59,3742.3142909101916
TR-029220,2025-07-03,3530.95,3264.9711170274504
TR-029221,2025-07-03,820.77,805.7102266191641
TR-029222,2025-07-03,555.72,592.9753073080938
TR-029223,2025-07-03,2359.44,2357.7706524786954
TR-029224,2025-07-03,1438.78,1400.649708244584
TR-029225,2025-07-03,3022.9,3039.1572004634763
TR-029226,2025-07-03,1780.81,1751.8696103423179
TR-029227,2025-07-03,5808.93,5642.6313738127465
TR-029228,2025-07-03,1227.25,1196.6501032016406
TR-029229,2025-07-03,4089.85,3971.293172501328
TR-029230,2025-07-03,3026.77,2969.8905473760387
TR-029231,2025-07-03,2970.8,2898.4071471178427
TR-029232,2025-07-03,2739.12,2733.2287271224995
TR-029233,2025-07-03,4740.65,4791.182492201717
TR-029234,2025-07-03,1199.16,1205.9456069499502
TR-029235,2025-07-03,3065.85,3061.1984494939784
TR-029236,2025-07-03,1910.41,1902.0776052737774
TR-029237,2025-07-03,2359.23,2218.555576684574
TR-029238,2025-07-03,2771.73,2616.8327619879065
TR-029239,2025-07-03,452.41,2138.416024586796
TR-029240,2025-07-03,1470.71,1372.5618517225562
TR-029241,2025-07-03,2721.94,2715.9124636036345
TR-029242,2025-07-03,1764.63,1788.05215261313
TR-029243,2025-07-03,4127.61,3916.526190423825
TR-029244,2025-07-03,2736.72,2609.3218240952083
TR-029245,2025-07-03,2259.6,2238.4919909218256
TR-029246,2025-07-03,1948.46,1897.6277540391443
TR-029247,2025-07-03,2759.39,2730.134626592369
TR-029248,2025-07-03,4634.7,4444.989358720121
TR-029249,2025-07-03,4362.9,4352.987838080199
TR-029250,2025-07-03,1761.67,1735.5531590466246
TR-029251,2025-07-03,1779.73,1829.9299944636975
TR-029252,2025-07-03,1736.02,1708.7633727892483
TR-029253,2025-07-03,1139.87,1195.7147415117606
TR-029254,2025-07-03,466.76,465.0032202412974
TR-029255,2025-07-03,5091.93,5037.800176885121
TR-029256,2025-07-03,5237.17,4982.586209284375
TR-029257,2025-07-03,4141.16,4178.22463115935
TR-029258,2025-07-03,1449.51,1449.3592146676956
TR-029259,2025-07-03,1532.58,1512.5378004085019
TR-029260,2025-07-03,2554.74,2537.1167807855427
TR-029261,2025-07-03,3867.09,3910.542250364222
TR-029262,2025-07-03,731.01,722.7365693946945
TR-029263,2025-07-03,2045.53,2024.904673159167
TR-029264,2025-07-03,2005.72,2017.041867640573
TR-029265,2025-07-03,1727.72,1695.3642990206718
TR-029266,2025-07-03,875.59,871.245719093255
TR-029267,2025-07-03,3582.28,3613.392649128302
TR-029268,2025-07-03,5397.96,1645.6431246485615
TR-029269,2025-07-03,1423.44,1375.5777873288596
TR-029270,2025-07-03,4594.59,4358.909925915228
TR-029271,2025-07-03,1852.17,1825.078184003573
TR-029272,2025-07-03,5851.06,5737.289025262388
TR-029273,2025-07-03,5773.55,5527.546138924965
TR-029274,2025-07-03,1571.52,1539.84241327042
TR-029275,2025-07-03,615.72,640.9712411198482
TR-029276,2025-07-03,984.22,990.3887872877249
TR-029277,2025-07-03,5132.78,5142.590984772645
TR-029278,2025-07-03,7269.5,1497.5499837370971
TR-029279,2025-07-03,1326.62,1328.3971297532964
TR-029280,2025-07-03,1595.79,1628.1914460389744
TR-029281,2025-07-03,2320.91,2280.7209553962734
TR-029282,2025-07-03,2133.72,2096.9265590794407
TR-029283,2025-07-03,5304.85,5281.175749364736
TR-029284,2025-07-03,2918.04,2850.8372737725686
TR-029285,2025-07-04,4019.88,4053.577923374669
TR-029286,2025-07-04,13817.43,3330.2141682877946
TR-029287,2025-07-04,2143.34,2108.796446176847
TR-029288,2025-07-04,639.48,670.4054081987128
TR-029289,2025-07-04,1847.91,1859.0273045196989
TR-029290,2025-07-04,5440.05,5452.081667039953
TR-029291,2025-07-04,4157.05,4151.9464820909525
TR-029292,2025-07-04,2758.46,2536.8418719806846
TR-029293,2025-07-04,528.02,537.9918877013356
TR-029294,2025-07-04,3698.93,3669.9619945492886
TR-029295,2025-07-04,1625.58,1636.6678429764254
TR-029296,2025-07-04,1918.63,1878.3627315338836
TR-029297,2025-07-04,2385.13,2446.283354188427
TR-029298,2025-07-04,1947.16,2001.2904803559823
TR-029299,2025-07-04,4087.24,4027.374090728146
TR-029300,2025-07-04,1888.37,1812.7408444167486
TR-029301,2025-07-04,4764.99,4567.770239547559
TR-029302,2025-07-04,5112.57,4946.20622384713
TR-029303,2025-07-04,4796.35,4734.476828664909
TR-029304,2025-07-04,2494.55,2488.186917635793
TR-029305,2025-07-04,4537.98,4273.185606995247
TR-029306,2025-07-04,1035.87,1036.5152942089303
TR-029307,2025-07-04,919.79,938.3900620987263
TR-029308,2025-07-04,2804.29,2627.16799771738
TR-029309,2025-07-04,722.76,751.368425091317
TR-029310,2025-07-04,1199.68,1113.379475952548
TR-029311,2025-07-04,1158.38,1192.639392665639
TR-029312,2025-07-04,5514.34,5507.718587063878
TR-029313,2025-07-04,3865.41,3652.126408828949
TR-029314,2025-07-04,3925.43,3866.6853876526916
TR-029315,2025-07-04,1477.98,1438.6453060655595
TR-029316,2025-07-04,2055.98,2097.0220914099646
TR-029317,2025-07-04,3927.35,3761.489815827388
TR-029318,2025-07-04,3927.72,3564.187520928662
TR-029319,2025-07-04,4225.89,4185.332085547473
TR-029320,2025-07-04,2882.95,2919.4005983951547
TR-029321,2025-07-04,2697.99,2538.3969766474447
TR-029322,2025-07-04,3145.99,3056.355051739326
TR-029323,2025-07-04,1177.34,1189.8480808190693
TR-029324,2025-07-04,1367.89,1328.2702279662294
TR-029325,2025-07-04,1494.5,1469.3408103619329
TR-029326,2025-07-04,829.71,798.8056514196323
TR-029327,2025-07-04,3994.55,3988.652373282333
TR-029328,2025-07-04,1796.35,1736.407706125207
TR-029329,2025-07-04,4076.22,4148.584612151426
TR-029330,2025-07-04,4022.62,3985.4853473244884
TR-029331,2025-07-04,1322.87,1258.3928469933676
TR-029332,2025-07-04,2223.07,2230.1207647172937
TR-029333,2025-07-04,2105.37,2121.574476537083
TR-029334,2025-07-04,3426.84,3437.0030734887023
TR-029335,2025-07-04,996.34,959.5382038291204
TR-029336,2025-07-04,1508.58,1572.289397967546
TR-029337,2025-07-04,4357.42,4308.651068033627
TR-029338,2025-07-04,3723.96,4003.6566863351304
TR-029339,2025-07-04,1304.58,1308.5091781407034
TR-029340,2025-07-04,4386.53,4517.13183129999
TR-029341,2025-07-04,1454.55,1376.0530951798016
TR-029342,2025-07-04,2585.52,2377.254930871093
TR-029343,2025-07-04,701.1,716.0596440659533
TR-029344,2025-07-04,4181.68,4071.2186147015095
TR-029345,2025-07-04,696.83,719.6239612484601
TR-029346,2025-07-04,2132.08,2109.920388029954
TR-029347,2025-07-04,2378.43,2342.7152042783378
TR-029348,2025-07-04,3131.22,2747.2731214685773
TR-029349,2025-07-04,1798.2,1737.2776751244592
TR-029350,2025-07-04,490.31,544.7007909391643
TR-029351,2025-07-04,4233.73,4338.448784171145
TR-029352,2025-07-04,344.43,467.58947728836256
TR-029353,2025-07-04,1290.82,1274.146908946926
TR-029354,2025-07-04,1580.3,1571.8794012144344
TR-029355,2025-07-04,893.72,863.4752162240027
TR-029356,2025-07-04,1469.03,1362.174860419299
TR-029357,2025-07-04,3968.35,4016.4194993354477
TR-029358,2025-07-04,4206.42,4467.538467789474
TR-029359,2025-07-04,4325.3,4261.710994755826
TR-029360,2025-07-04,3406.29,3553.9193869680303
TR-029361,2025-07-04,2647.51,2648.8913018539997
TR-029362,2025-07-04,2240.91,2223.897375807672
TR-029363,2025-07-04,442.27,478.96378415397203
TR-029364,2025-07-04,2293.52,2371.9265961544234
TR-029365,2025-07-04,2452.37,2267.8192903141835
TR-029366,2025-07-04,4875.9,4836.283509140828
TR-029367,2025-07-04,3446.64,3180.390761755315
TR-029368,2025-07-04,2099.15,2019.0041282018099
TR-029369,2025-07-04,803.22,834.4425782694836
TR-029370,2025-07-04,658.24,645.1642439510467
TR-029371,2025-07-04,1468.13,1549.943794757788
TR-029372,2025-07-04,2036.7,2003.861181541208
TR-029373,2025-07-04,5313.86,5387.210888229066
TR-029374,2025-07-04,3392.6,3432.705557574952
TR-029375,2025-07-04,2033.25,1951.3337101036227
TR-029376,2025-07-04,710.07,736.3652455772783
TR-029377,2025-07-04,1915.96,1920.5472905489667
TR-029378,2025-07-04,3730.89,3816.132041454641
TR-029379,2025-07-04,2631.99,2562.1156944970257
TR-029380,2025-07-04,2937.1,2884.419180214274
TR-029381,2025-07-04,1330.81,1369.7786312897817
TR-029382,2025-07-04,681.33,673.6466582180562
TR-029383,2025-07-04,1296.27,1297.0103216577259
TR-029384,2025-07-04,882.14,857.1731418776567
TR-029385,2025-07-04,1677.87,1696.3461412268998
TR-029386,2025-07-04,4418.08,4226.670609799531
TR-029387,2025-07-04,2798.61,2609.296157782908
TR-029388,2025-07-04,2045.88,2071.2828816109254
TR-029389,2025-07-04,3290.81,3215.95886330309
TR-029390,2025-07-04,4252.48,4139.659977042824
TR-029391,2025-07-04,1839.26,1809.40790430856
TR-029392,2025-07-04,2040.87,1984.4586078076377
TR-029393,2025-07-04,2951.52,2736.1458131197273
TR-029394,2025-07-04,1936.5,1930.6236620638447
TR-029395,2025-07-04,2529.67,2521.4087353427244
TR-029396,2025-07-04,1244.39,1280.2945441049064
TR-029397,2025-07-04,1370.28,1334.223596163163
TR-029398,2025-07-04,5749.58,5616.741239050744
TR-029399,2025-07-04,2016.41,1996.153375810533
TR-029400,2025-07-04,3292.86,3482.630572031946
TR-029401,2025-07-04,4087.19,4104.580063242761
TR-029402,2025-07-04,807.99,845.1974349850984
TR-029403,2025-07-04,818.29,790.2318061425126
TR-029404,2025-07-04,2465.5,2505.401416297821
TR-029405,2025-07-04,3194.19,3179.623693064219
TR-029406,2025-07-04,2249.56,2242.2615740914293
TR-029407,2025-07-04,5425.66,5297.616542923974
TR-029408,2025-07-04,1914.88,2057.656414241722
TR-029409,2025-07-04,1767.63,1662.6380799442964
TR-029410,2025-07-04,2001.73,1997.0721190785143
TR-029411,2025-07-04,1617.99,1631.6292493223568
TR-029412,2025-07-04,1640.33,1592.3470017832449
TR-029413,2025-07-04,1782.21,1751.3773540624081
TR-029414,2025-07-04,1243.0,1298.3633856924616
TR-029415,2025-07-04,1954.86,1833.8605373193204
TR-029416,2025-07-04,4593.72,4524.313348629323
TR-029417,2025-07-04,564.78,602.5808204825044
TR-029418,2025-07-04,1681.36,1664.60958059975
TR-029419,2025-07-04,5824.57,5732.726340566134
TR-029420,2025-07-04,1089.71,1049.8361384994662
TR-029421,2025-07-04,1737.98,1699.2711811204745
TR-029422,2025-07-04,3485.98,3439.2583099015424
TR-029423,2025-07-04,1837.71,1803.908664720908
TR-029424,2025-07-04,5739.12,5805.554007104469
TR-029425,2025-07-04,1722.82,1765.3874870335876
TR-029426,2025-07-04,1629.28,1680.2038823439807
TR-029427,2025-07-04,3703.13,3696.9251128380347
TR-029428,2025-07-04,3722.23,3616.1476883223413
TR-029429,2025-07-04,617.99,667.458106281948
TR-029430,2025-07-04,1596.17,1540.4361231551443
TR-029431,2025-07-04,2065.76,2114.135907735767
TR-029432,2025-07-04,1449.07,1452.1027090931825
TR-029433,2025-07-04,2048.62,2009.8182672022672
TR-029434,2025-07-04,1041.1,1065.6243438119222
TR-029435,2025-07-04,4345.44,4309.913990585639
TR-029436,2025-07-04,1244.09,1220.2875465769866
TR-029437,2025-07-04,999.87,964.1362483804774
TR-029438,2025-07-04,2567.85,2674.553358556181
TR-029439,2025-07-04,974.25,1039.0316828777266
TR-029440,2025-07-04,3787.08,3887.2139722344127
TR-029441,2025-07-04,1729.94,1757.1895951362794
TR-029442,2025-07-04,5041.51,5038.462031635747
TR-029443,2025-07-04,4589.0,4744.312152673178
TR-029444,2025-07-04,4144.83,3984.8374064076506
TR-029445,2025-07-05,1495.83,1567.3807522876398
TR-029446,2025-07-05,1196.55,1201.4485527740007
TR-029447,2025-07-05,3251.55,3582.548212406898
TR-029448,2025-07-05,3750.93,3747.0375854155945
TR-029449,2025-07-05,3787.58,3538.214124328178
TR-029450,2025-07-05,1531.92,1475.4149283706784
TR-029451,2025-07-05,1005.19,1067.1041071448308
TR-029452,2025-07-05,902.04,907.4128065276275
TR-029453,2025-07-05,1723.05,1743.465793303271
TR-029454,2025-07-05,792.69,804.215957595052
TR-029455,2025-07-05,4043.93,4083.464243540517
TR-029456,2025-07-05,1483.35,1501.826335018582
TR-029457,2025-07-05,855.4,826.5066707539572
TR-029458,2025-07-05,3866.73,3875.414590557487
TR-029459,2025-07-05,1106.28,5031.603684847867
TR-029460,2025-07-05,4236.66,4247.078246764877
TR-029461,2025-07-05,2741.53,2739.3477993497
TR-029462,2025-07-05,1031.18,1014.2646398681856
TR-029463,2025-07-05,827.88,876.7205965512862
TR-029464,2025-07-05,4206.35,4490.679614536473
TR-029465,2025-07-05,3138.63,3022.206763823476
TR-029466,2025-07-05,4769.15,4492.230543665201
TR-029467,2025-07-05,702.09,1791.8831956567649
TR-029468,2025-07-05,2421.97,2260.079038077018
TR-029469,2025-07-05,777.65,767.5106559576709
TR-029470,2025-07-05,1311.94,1336.6837922432167
TR-029471,2025-07-05,1409.21,1416.3812088082464
TR-029472,2025-07-05,3969.15,3743.790686633497
TR-029473,2025-07-05,797.28,787.6538130289216
TR-029474,2025-07-05,2416.03,2315.599361475124
TR-029475,2025-07-05,1773.5,1781.3875307297517
TR-029476,2025-07-05,1904.6,1813.208995997109
TR-029477,2025-07-05,4984.87,4785.872345253994
TR-029478,2025-07-05,1148.65,3991.641844193596
TR-029479,2025-07-05,1389.51,1339.8346876431701
TR-029480,2025-07-05,3099.14,2767.511733832543
TR-029481,2025-07-05,5032.11,5048.187825297685
TR-029482,2025-07-05,2166.86,2184.5918935287323
TR-029483,2025-07-05,4038.3,4016.501893734143
TR-029484,2025-07-05,971.09,1018.2161437540622
TR-029485,2025-07-05,1033.12,990.3137280948381
TR-029486,2025-07-05,4902.03,4851.4217150674385
TR-029487,2025-07-05,1627.18,1642.319060900829
TR-029488,2025-07-05,3257.36,3325.1762146162337
TR-029489,2025-07-05,1781.19,1779.89975850687
TR-029490,2025-07-05,5274.28,5087.333511809702
TR-029491,2025-07-05,3670.72,3892.061290801584
TR-029492,2025-07-05,1237.53,1235.7763808705722
TR-029493,2025-07-05,1975.38,2041.2987510748487
TR-029494,2025-07-05,1599.65,1635.2836143319994
TR-029495,2025-07-05,4818.53,4654.403541308263
TR-029496,2025-07-05,2984.98,2857.1891686625213
TR-029497,2025-07-05,2865.45,2453.429309103728
TR-029498,2025-07-05,3842.82,3905.4845033251227
TR-029499,2025-07-05,2811.6,2653.075460719865
TR-029500,2025-07-05,3330.61,3605.5477717745043
TR-029501,2025-07-05,3523.03,3448.1966529310484
TR-029502,2025-07-05,1909.48,1881.3317846012465
TR-029503,2025-07-05,4548.76,4830.070476733656
TR-029504,2025-07-05,1159.26,1146.310208701711
TR-029505,2025-07-05,1247.77,1250.460737072064
TR-029506,2025-07-05,1182.16,1220.316326514565
TR-029507,2025-07-05,3803.43,3983.6866275583207
TR-029508,2025-07-05,4126.76,4129.362101539919
TR-029509,2025-07-05,629.04,614.1191740742522
TR-029510,2025-07-05,2315.52,2223.9802921868795
TR-029511,2025-07-05,1178.19,1160.258688061416
TR-029512,2025-07-05,1012.04,966.8817238711929
TR-029513,2025-07-05,3424.96,3363.2398804929885
TR-029514,2025-07-05,3200.94,3112.461257497491
TR-029515,2025-07-05,4428.23,4445.819463641504
TR-029516,2025-07-05,1820.64,1862.0652668050247
TR-029517,2025-07-05,3625.07,3707.494332678295
TR-029518,2025-07-05,1519.05,1534.2383068287752
TR-029519,2025-07-05,531.61,554.2026265140785
TR-029520,2025-07-05,2747.64,2867.2626889131357
TR-029521,2025-07-05,3235.84,3142.214099853319
TR-029522,2025-07-05,4997.88,4856.260724682941
TR-029523,2025-07-05,1250.27,1220.1152408454889
TR-029524,2025-07-05,516.91,567.0046505494856
TR-029525,2025-07-05,2731.3,2770.2082721861834
TR-029526,2025-07-05,3941.71,3402.2104960075653
TR-029527,2025-07-05,1353.25,1315.4680943572203
TR-029528,2025-07-05,4776.1,4588.438390933906
TR-029529,2025-07-05,2526.59,2689.0049913762878
TR-029530,2025-07-05,1818.14,1684.4470911104886
TR-029531,2025-07-05,2174.19,2128.699116078635
TR-029532,2025-07-05,991.44,1011.1095919271654
TR-029533,2025-07-05,4784.95,4612.123105115221
TR-029534,2025-07-05,1028.05,1024.341106792217
TR-029535,2025-07-05,1485.39,1368.499478853506
TR-029536,2025-07-05,4262.82,4294.975177316326
TR-029537,2025-07-05,1748.65,1797.3346217426372
TR-029538,2025-07-05,1988.92,1934.6262304791908
TR-029539,2025-07-05,1444.01,1392.7059629210992
TR-029540,2025-07-05,4081.0,3929.182062173588
TR-029541,2025-07-05,1459.64,1457.4344833339494
TR-029542,2025-07-05,900.08,956.4471427066521
TR-029543,2025-07-05,1646.61,1640.2427590888128
TR-029544,2025-07-05,3964.59,3885.4246484768837
TR-029545,2025-07-05,3882.86,3738.1643748261536
TR-029546,2025-07-05,1936.38,1931.045997722015
TR-029547,2025-07-05,1361.92,1367.0175649346957
TR-029548,2025-07-05,1124.47,1117.9913120563776
TR-029549,2025-07-05,531.52,509.31451429528465
TR-029550,2025-07-05,2413.62,2400.091081103435
TR-029551,2025-07-05,3685.44,3801.4496478504752
TR-029552,2025-07-05,3157.83,3124.7998006424345
TR-029553,2025-07-05,4308.66,4124.134503222975
TR-029554,2025-07-05,1376.85,1412.9927032832952
TR-029555,2025-07-05,5950.82,5473.883288485629
TR-029556,2025-07-05,741.9,775.3286594314427
TR-029557,2025-07-05,5594.43,5471.119420062909
TR-029558,2025-07-05,885.65,878.3251541273637
TR-029559,2025-07-05,563.63,617.618706727802
TR-029560,2025-07-05,2970.02,2793.537046222901
TR-029561,2025-07-05,999.72,983.5151261569172
TR-029562,2025-07-05,1337.29,1311.095363956645
TR-029563,2025-07-05,1956.45,1945.0502062503203
TR-029564,2025-07-05,866.47,898.9682336489523
TR-029565,2025-07-05,2106.25,2109.7574940407835
TR-029566,2025-07-05,1652.09,1625.366130859119
TR-029567,2025-07-05,3442.12,3530.8339456622152
TR-029568,2025-07-05,1966.63,1905.7837685675079
TR-029569,2025-07-05,1676.66,1638.880509939183
TR-029570,2025-07-05,3054.67,3110.95778998648
TR-029571,2025-07-05,760.97,800.6348418666098
TR-029572,2025-07-05,4415.52,4218.686845248189
TR-029573,2025-07-05,3771.03,3773.1109555016974
TR-029574,2025-07-05,3164.49,3233.876020388096
TR-029575,2025-07-05,1537.25,1589.0304767604814
TR-029576,2025-07-05,1590.07,1614.1487765344507
TR-029577,2025-07-05,3834.16,3758.905806333142
TR-029578,2025-07-05,1839.86,1826.271238078373
TR-029579,2025-07-05,1069.51,1074.4022768401599
TR-029580,2025-07-05,5041.32,4980.264260104945
TR-029581,2025-07-05,814.13,768.1149642274918
TR-029582,2025-07-05,1618.0,1686.268951585838
TR-029583,2025-07-05,1950.61,1888.788606465118
TR-029584,2025-07-05,1732.69,1756.982860929455
TR-029585,2025-07-05,3900.36,4226.128323783686
TR-029586,2025-07-05,3486.55,3485.3246291242986
TR-029587,2025-07-05,763.59,749.6862490646638
TR-029588,2025-07-05,5030.16,4981.941931042178
TR-029589,2025-07-05,585.34,641.4059351082306
TR-029590,2025-07-05,2116.65,2213.1423807461024
TR-029591,2025-07-05,3020.17,3325.1776717828716
TR-029592,2025-07-05,1401.68,1438.8417541262118
TR-029593,2025-07-05,2138.02,2075.5370381411085
TR-029594,2025-07-05,1205.69,1148.4317614411175
TR-029595,2025-07-05,617.46,617.270453424667
TR-029596,2025-07-05,898.06,928.1018383813994
TR-029597,2025-07-05,1767.05,1771.2097847039304
TR-029598,2025-07-05,519.31,561.6293461948046
TR-029599,2025-07-05,2858.4,2799.8554118915927
TR-029600,2025-07-05,1773.71,1741.6208671684376
TR-029601,2025-07-05,1299.89,1337.7113109229958
TR-029602,2025-07-06,4513.23,4439.47836301658
TR-029603,2025-07-06,832.92,891.8356958497538
TR-029604,2025-07-06,1624.22,1611.1787359004009
TR-029605,2025-07-06,4360.01,3932.285800133218
TR-029606,2025-07-06,4577.93,4371.546793666179
TR-029607,2025-07-06,2299.21,2066.9337513804344
TR-029608,2025-07-06,4114.77,4041.987643489517
TR-029609,2025-07-06,3623.95,3661.3703951028647
TR-029610,2025-07-06,2856.51,2621.631653573997
TR-029611,2025-07-06,1792.47,1837.7291503865463
TR-029612,2025-07-06,3302.2,3489.993685178301
TR-029613,2025-07-06,1121.54,1164.3279727767122
TR-029614,2025-07-06,3624.28,3767.158344114756
TR-029615,2025-07-06,4231.21,4083.070323161101
TR-029616,2025-07-06,4312.0,4394.15542287628
TR-029617,2025-07-06,5790.14,5709.37346984654
TR-029618,2025-07-06,3368.95,3268.6606992618576
TR-029619,2025-07-06,1426.19,1429.0847174819255
TR-029620,2025-07-06,2074.09,2077.852323398613
TR-029621,2025-07-06,2532.05,2518.6366198774435
TR-029622,2025-07-06,3846.05,3567.8136816421074
TR-029623,2025-07-06,983.13,983.0885712946547
TR-029624,2025-07-06,993.18,1028.2407657140322
TR-029625,2025-07-06,2680.09,2577.6875178758605
TR-029626,2025-07-06,720.22,708.4253244757958
TR-029627,2025-07-06,2238.73,2149.473433512894
TR-029628,2025-07-06,5249.4,5016.856943484463
TR-029629,2025-07-06,3257.91,3283.46912880892
TR-029630,2025-07-06,2698.54,2707.5285009418017
TR-029631,2025-07-06,2560.74,2631.35723837948
TR-029632,2025-07-06,1597.46,1624.604193832483
TR-029633,2025-07-06,4475.09,4341.147650811948
TR-029634,2025-07-06,2149.52,2157.469978569076
TR-029635,2025-07-06,3534.47,3671.9861661258437
TR-029636,2025-07-06,2347.08,2519.5280870102024
TR-029637,2025-07-06,2006.6,1943.1460418737074
TR-029638,2025-07-06,551.68,581.7326669973279
TR-029639,2025-07-06,4003.18,4106.859014197459
TR-029640,2025-07-06,672.9,700.5626458221091
TR-029641,2025-07-06,4554.63,4539.495620667287
TR-029642,2025-07-06,815.3,856.2678587972857
TR-029643,2025-07-06,4142.67,4042.4398679819724
TR-029644,2025-07-06,1249.07,1292.489075929916
TR-029645,2025-07-06,5358.34,2155.734550403329
TR-029646,2025-07-06,2324.37,2545.1802960573064
TR-029647,2025-07-06,2058.7,2055.566398691094
TR-029648,2025-07-06,1350.03,1340.1918439619576
TR-029649,2025-07-06,2313.31,2369.0598358835314
TR-029650,2025-07-06,575.49,584.5055102139972
TR-029651,2025-07-06,1228.85,1184.2063762821322
TR-029652,2025-07-06,3264.82,3272.6021632283437
TR-029653,2025-07-06,5751.03,5586.125457655365
TR-029654,2025-07-06,2347.62,2475.2809068935903
TR-029655,2025-07-06,1552.41,1552.197363599896
TR-029656,2025-07-06,1413.81,1427.8352911103825
TR-029657,2025-07-06,1316.01,1357.3100978939956
TR-029658,2025-07-06,2632.16,2858.548073700933
TR-029659,2025-07-06,1030.76,1064.178531709496
TR-029660,2025-07-06,2266.75,2204.0675426325006
TR-029661,2025-07-06,1202.34,1254.4607032655026
TR-029662,2025-07-06,2443.58,2388.121306645543
TR-029663,2025-07-06,5707.96,5660.04964938291
TR-029664,2025-07-06,11668.74,3407.6314172395005
TR-029665,2025-07-06,1584.88,1547.594620271148
TR-029666,2025-07-06,1362.22,1364.1072925865508
TR-029667,2025-07-06,2243.83,2205.076418670347
TR-029668,2025-07-06,3100.02,3040.4872707100067
TR-029669,2025-07-06,1646.85,1700.7241483502655
TR-029670,2025-07-06,1683.28,1690.37277021916
TR-029671,2025-07-06,1896.2,1897.049791582008
TR-029672,2025-07-06,1343.45,1277.7194363746175
TR-029673,2025-07-06,1478.1,1428.2861367197452
TR-029674,2025-07-06,4335.38,4235.324466553227
TR-029675,2025-07-06,802.27,798.6382423407244
TR-029676,2025-07-06,2015.18,1994.0408281093653
TR-029677,2025-07-06,1831.1,1746.3112258346857
TR-029678,2025-07-06,582.19,619.709772842458
TR-029679,2025-07-06,2779.86,2723.6575974588623
TR-029680,2025-07-06,1320.15,1304.8962803959193
TR-029681,2025-07-06,964.92,1005.9838963601624
TR-029682,2025-07-06,4645.47,4571.5526582671855
TR-029683,2025-07-06,726.69,795.6686621847307
TR-029684,2025-07-06,819.71,857.3998239538114
TR-029685,2025-07-06,4315.1,4182.801967298341
TR-029686,2025-07-06,1078.23,1095.136403632394
TR-029687,2025-07-06,615.1,628.4349321470804
TR-029688,2025-07-06,1115.04,1066.948913309226
TR-029689,2025-07-06,2031.45,1995.4587664655128
TR-029690,2025-07-06,3275.44,3322.5430813635176
TR-029691,2025-07-06,762.83,789.1803601847514
TR-029692,2025-07-06,2148.64,2137.8498788384377
TR-029693,2025-07-06,2296.55,2194.8755079127363
TR-029694,2025-07-06,2061.38,2206.765791306664
TR-029695,2025-07-06,3608.02,3793.576433404911
TR-029696,2025-07-06,1782.63,1828.3574089947924
TR-029697,2025-07-06,1292.92,1250.9625488024385
TR-029698,2025-07-06,769.8,808.3570559016534
TR-029699,2025-07-06,1150.48,1105.1824226699234
TR-029700,2025-07-06,2879.67,2665.8974883728283
TR-029701,2025-07-06,1930.48,1910.484295038634
TR-029702,2025-07-06,1627.15,1552.6501356742506
TR-029703,2025-07-06,1694.67,1623.9592655190995
TR-029704,2025-07-06,2145.18,2038.074862895127
TR-029705,2025-07-06,2370.51,2249.5306093267213
TR-029706,2025-07-06,2588.12,2676.4070601862572
TR-029707,2025-07-06,1268.29,1364.362113392605
TR-029708,2025-07-06,3534.89,3659.720092321631
TR-029709,2025-07-06,2375.02,2337.7366282267135
TR-029710,2025-07-06,1489.93,1537.6684947368099
TR-029711,2025-07-06,1376.68,1391.055521883617
TR-029712,2025-07-06,1043.58,996.7414741576886
TR-029713,2025-07-06,2071.76,2000.3130736163318
TR-029714,2025-07-06,1209.07,1182.7178010285397
TR-029715,2025-07-06,1219.22,1259.3357942038228
TR-029716,2025-07-06,1339.91,1371.4639789534217
TR-029717,2025-07-06,2868.75,2789.954056126012
TR-029718,2025-07-06,6056.34,5928.673939378692
TR-029719,2025-07-06,5099.29,5133.354611280678
TR-029720,2025-07-06,1058.21,1020.8296945946736
TR-029721,2025-07-06,2092.4,2019.0615647992142
TR-029722,2025-07-06,350.72,383.4543582263359
TR-029723,2025-07-06,2269.61,2283.7484341820677
TR-029724,2025-07-06,395.91,535.8930829775388
TR-029725,2025-07-06,1758.81,1760.2220802507834
TR-029726,2025-07-06,2114.9,2095.497737139663
TR-029727,2025-07-06,4633.67,4816.837119843127
TR-029728,2025-07-06,3058.63,2930.955515952508
TR-029729,2025-07-06,1689.52,1707.1796513860006
TR-029730,2025-07-06,928.06,924.6690136450013
TR-029731,2025-07-06,2661.19,2596.721388725607
TR-029732,2025-07-06,2265.17,2195.620862551014
TR-029733,2025-07-06,959.9,933.152693994507
TR-029734,2025-07-06,2149.69,2158.773515253063
TR-029735,2025-07-06,4293.49,4190.657746648985
TR-029736,2025-07-06,3038.18,3302.8451459940106
TR-029737,2025-07-06,743.21,750.222967739486
TR-029738,2025-07-06,3556.04,3598.8355027193847
TR-029739,2025-07-06,1228.53,1189.3856181824444
TR-029740,2025-07-06,391.76,419.42694187968254
TR-029741,2025-07-06,2082.26,2090.073373078256
TR-029742,2025-07-06,4870.49,4640.550959745249
TR-029743,2025-07-06,4025.95,4041.897764274974
TR-029744,2025-07-06,4968.89,4865.841284380227
TR-029745,2025-07-06,4640.5,4585.228583075954
TR-029746,2025-07-06,608.97,565.2880929670919
TR-029747,2025-07-06,3524.86,3665.0936034256147
TR-029748,2025-07-06,1857.37,1748.3649703337637
TR-029749,2025-07-06,1908.71,1844.3342429789698
TR-029750,2025-07-06,3921.87,3878.3384470270917
TR-029751,2025-07-06,1581.72,1612.1160335586364
TR-029752,2025-07-06,1401.27,1412.342400602793
TR-029753,2025-07-06,2245.65,2171.5327135166663
TR-029754,2025-07-06,1443.59,1389.263954683901
TR-029755,2025-07-06,5719.02,5683.368679225248
TR-029756,2025-07-06,617.74,674.3319829228826
TR-029757,2025-07-06,3909.21,3641.3733562314496
TR-029758,2025-07-06,2891.15,2622.9068497127246
TR-029759,2025-07-06,2794.91,2537.385005347766
TR-029760,2025-07-07,3652.5,3651.48613868163
TR-029761,2025-07-07,3208.66,3162.24130091992
TR-029762,2025-07-07,2071.21,1962.7170803070721
TR-029763,2025-07-07,3513.08,3602.08937789866
TR-029764,2025-07-07,5710.29,5311.388333392701
TR-029765,2025-07-07,1105.94,1118.2152320831592
TR-029766,2025-07-07,1810.27,1873.4414015698121
TR-029767,2025-07-07,560.53,599.4243079326086
TR-029768,2025-07-07,384.65,396.9945274869833
TR-029769,2025-07-07,4203.06,4075.5060243320604
TR-029770,2025-07-07,2722.41,2441.864549872922
TR-029771,2025-07-07,1394.22,1357.1736824512404
TR-029772,2025-07-07,1754.92,1649.639271470623
TR-029773,2025-07-07,1777.79,1801.619112338593
TR-029774,2025-07-07,4212.42,4361.8447512151715
TR-029775,2025-07-07,2088.72,2052.9789393277706
TR-029776,2025-07-07,998.63,1012.3893536087271
TR-029777,2025-07-07,2251.07,2158.1105464639395
TR-029778,2025-07-07,1031.12,1012.5931327782621
TR-029779,2025-07-07,3039.93,3096.0764314002595
TR-029780,2025-07-07,1076.51,1077.7011588765426
TR-029781,2025-07-07,643.11,620.4277104937801
TR-029782,2025-07-07,4946.54,4725.831124572356
TR-029783,2025-07-07,951.82,942.9319818103622
TR-029784,2025-07-07,1619.46,1601.2025156539125
TR-029785,2025-07-07,4576.49,4529.676429161507
TR-029786,2025-07-07,2157.24,2130.5202682062923
TR-029787,2025-07-07,785.28,815.7268920625697
TR-029788,2025-07-07,2011.13,1985.289421255378
TR-029789,2025-07-07,4166.98,4083.7598131766945
TR-029790,2025-07-07,4351.72,1714.956268710578
TR-029791,2025-07-07,2570.66,2489.879516204457
TR-029792,2025-07-07,3764.81,3792.945912865416
TR-029793,2025-07-07,3472.67,3432.0015478548057
TR-029794,2025-07-07,972.06,955.5121504201268
TR-029795,2025-07-07,1872.28,1876.588884245108
TR-029796,2025-07-07,2046.59,1958.2522221645963
TR-029797,2025-07-07,2179.72,2247.2056065748866
TR-029798,2025-07-07,1208.32,1180.0420110395107
TR-029799,2025-07-07,812.94,832.7348920181057
TR-029800,2025-07-07,3253.63,3360.2989409698775
TR-029801,2025-07-07,3060.08,3076.261270543158
TR-029802,2025-07-07,722.1,734.847343173758
TR-029803,2025-07-07,952.36,959.9307221142055
TR-029804,2025-07-07,1631.59,1668.1604439413452
TR-029805,2025-07-07,3728.4,3914.603191526162
TR-029806,2025-07-07,4889.84,4762.285556812459
TR-029807,2025-07-07,1196.07,1205.7259236426821
TR-029808,2025-07-07,3066.58,3087.782759955612
TR-029809,2025-07-07,3686.7,3569.01729964456
TR-029810,2025-07-07,3348.65,3380.6861444197702
TR-029811,2025-07-07,263.32,1185.9785920964498
TR-029812,2025-07-07,1909.16,1816.8836569505115
TR-029813,2025-07-07,1118.11,1167.5899103864303
TR-029814,2025-07-07,1963.8,2026.3991436314775
TR-029815,2025-07-07,1179.95,1155.3217515596361
TR-029816,2025-07-07,4140.45,4051.7403462715356
TR-029817,2025-07-07,3332.63,3329.9099265255786
TR-029818,2025-07-07,2996.51,3070.635627873936
TR-029819,2025-07-07,1076.08,1077.3007152850769
TR-029820,2025-07-07,5157.08,5277.736351615717
TR-029821,2025-07-07,3260.8,3329.643258941099
TR-029822,2025-07-07,2970.19,2722.289389524547
TR-029823,2025-07-07,2531.29,2646.3131352694368
TR-029824,2025-07-07,1222.4,1269.2072265951208
TR-029825,2025-07-07,3915.5,3950.5533821918048
TR-029826,2025-07-07,1649.96,1638.6998583154416
TR-029827,2025-07-07,1038.42,1016.6322520233938
TR-029828,2025-07-07,1105.46,1147.0565122040398
TR-029829,2025-07-07,1140.4,1183.3510183765516
TR-029830,2025-07-07,241.77,420.0524907744116
TR-029831,2025-07-07,4796.23,4705.426925418369
TR-029832,2025-07-07,2627.06,2639.885426957933
TR-029833,2025-07-07,3740.1,3724.9097459038385
TR-029834,2025-07-07,705.3,727.8448961697927
TR-029835,2025-07-07,1847.01,1858.2486159990294
TR-029836,2025-07-07,2054.9,2120.6126767128853
TR-029837,2025-07-07,2730.21,3020.59643485852
TR-029838,2025-07-07,985.22,982.6667292881002
TR-029839,2025-07-07,558.22,611.0048133321527
TR-029840,2025-07-07,2056.06,2127.6860664402084
TR-029841,2025-07-07,2936.61,2965.9799392901364
TR-029842,2025-07-07,3223.34,3138.062834832753
TR-029843,2025-07-07,4852.09,4605.771628645099
TR-029844,2025-07-07,1826.8,1837.4520406994516
TR-029845,2025-07-07,4920.45,4868.086564152391
TR-029846,2025-07-07,1646.33,1623.271506623816
TR-029847,2025-07-07,4098.28,3865.0114690944947
TR-029848,2025-07-07,3933.73,3769.1873468214108
TR-029849,2025-07-07,1846.89,1921.9803855155324
TR-029850,2025-07-07,3910.23,3886.8346977097967
TR-029851,2025-07-07,2291.12,2245.902682425171
TR-029852,2025-07-07,1430.19,1390.3829380480283
TR-029853,2025-07-07,1880.41,1893.9432817216975
TR-029854,2025-07-07,1149.71,1108.4961641010018
TR-029855,2025-07-07,5071.42,5123.429069462365
TR-029856,2025-07-07,985.59,1039.0030809506097
TR-029857,2025-07-07,1053.52,1114.7454426032587
TR-029858,2025-07-07,795.93,801.2632504633837
TR-029859,2025-07-07,937.62,910.0371774766486
TR-029860,2025-07-07,1773.57,1818.4578823398529
TR-029861,2025-07-07,761.96,790.2849464120363
TR-029862,2025-07-07,649.15,599.2199170596921
TR-029863,2025-07-07,2634.37,2552.0212774757756
TR-029864,2025-07-07,4382.8,4287.86397453731
TR-029865,2025-07-07,6127.77,5925.802711730239
TR-029866,2025-07-07,2749.98,2902.026524181368
TR-029867,2025-07-07,2117.13,2014.74130222869
TR-029868,2025-07-07,529.64,527.8753797058309
TR-029869,2025-07-07,1682.91,1740.563929653676
TR-029870,2025-07-07,917.0,919.3094057618969
TR-029871,2025-07-07,1441.54,1404.7227409916504
TR-029872,2025-07-07,2108.04,2096.0626368767926
TR-029873,2025-07-07,2153.45,2193.391749914771
TR-029874,2025-07-07,745.13,772.4859800766583
TR-029875,2025-07-07,4275.75,4207.531818239124
TR-029876,2025-07-07,1759.78,1696.611773116028
TR-029877,2025-07-07,2618.05,2522.4619779906725
TR-029878,2025-07-07,1551.91,1543.180905259083
TR-029879,2025-07-07,1207.83,1217.032310639196
TR-029880,2025-07-07,3816.51,3919.063643312818
TR-029881,2025-07-07,2594.91,2520.482051037653
TR-029882,2025-07-07,1428.73,1404.2324801297677
TR-029883,2025-07-07,2385.68,2348.8969374541134
TR-029884,2025-07-07,1130.41,1131.1988192808894
TR-029885,2025-07-07,2666.36,2794.2347896231386
TR-029886,2025-07-07,2616.03,2488.1509441663857
TR-029887,2025-07-07,2579.89,2345.518492223654
TR-029888,2025-07-07,3845.66,1179.503941794993
TR-029889,2025-07-07,1370.56,1298.9923929856932
TR-029890,2025-07-07,2076.69,2042.860496659715
TR-029891,2025-07-07,4103.29,4136.37461338845
TR-029892,2025-07-07,3937.2,3983.6289557012396
TR-029893,2025-07-07,4142.27,4153.717169342699
TR-029894,2025-07-07,4380.44,4272.47897466155
TR-029895,2025-07-07,3669.44,3630.1494056885813
TR-029896,2025-07-07,5806.21,5676.371102234172
TR-029897,2025-07-07,3717.33,3631.484314444563
TR-029898,2025-07-07,3918.62,4009.4470253296095
TR-029899,2025-07-07,762.97,808.8697555586016
TR-029900,2025-07-07,672.44,683.8742396919231
TR-029901,2025-07-07,588.46,615.5438518828787
TR-029902,2025-07-07,1780.94,1755.8824090542855
TR-029903,2025-07-07,2076.43,2199.7525361724374
TR-029904,2025-07-07,2985.89,2803.3712344834667
TR-029905,2025-07-07,3520.39,3483.8455546792093
TR-029906,2025-07-07,3022.93,2915.423568002352
TR-029907,2025-07-07,1485.47,1425.8409067684206
TR-029908,2025-07-07,3627.75,3697.882329029387
TR-029909,2025-07-07,1377.56,1332.789272432567
TR-029910,2025-07-07,1005.05,955.5005014173578
TR-029911,2025-07-07,5280.81,5334.123261320814
TR-029912,2025-07-07,4152.27,3933.7665058071925
TR-029913,2025-07-07,1677.13,1635.1158124119984
TR-029914,2025-07-07,308.96,457.6236536509473
TR-029915,2025-07-07,1546.41,1518.5168728885758
TR-029916,2025-07-07,1509.34,1478.9315241384909
TR-029917,2025-07-07,2598.13,2385.7899354710444
TR-029918,2025-07-07,2802.36,3023.427359990759
TR-029919,2025-07-07,3308.09,3076.179448409539
TR-029920,2025-07-07,2575.87,2613.544088771251
TR-029921,2025-07-08,1644.7,1618.8348934243277
TR-029922,2025-07-08,452.53,546.2758635357939
TR-029923,2025-07-08,1773.86,1712.7243772583224
TR-029924,2025-07-08,5407.07,5356.352655965549
TR-029925,2025-07-08,1827.0,1843.1344428291668
TR-029926,2025-07-08,750.24,779.9524653612284
TR-029927,2025-07-08,5195.32,5010.7916960268085
TR-029928,2025-07-08,1659.44,1641.2980561502718
TR-029929,2025-07-08,3807.67,3861.1298108393717
TR-029930,2025-07-08,4625.88,4649.8868886633145
TR-029931,2025-07-08,2559.65,2318.051676016487
TR-029932,2025-07-08,1869.96,1878.2240667465912
TR-029933,2025-07-08,1741.74,1716.4779507887824
TR-029934,2025-07-08,1864.5,1838.6454265122395
TR-029935,2025-07-08,2157.75,2190.600955300608
TR-029936,2025-07-08,4454.91,4300.511338429643
TR-029937,2025-07-08,1846.43,1768.2329969497102
TR-029938,2025-07-08,4308.43,4388.117123329404
TR-029939,2025-07-08,2424.46,2404.1039953841864
TR-029940,2025-07-08,4293.06,4494.299968129841
TR-029941,2025-07-08,3220.54,3065.0459076886036
TR-029942,2025-07-08,1065.49,1047.7378278016047
TR-029943,2025-07-08,1055.32,1148.8786925655902
TR-029944,2025-07-08,4251.67,4157.827403910738
TR-029945,2025-07-08,5234.45,5090.166782970871
TR-029946,2025-07-08,4787.27,4825.297057207439
TR-029947,2025-07-08,1742.46,1729.7693212721651
TR-029948,2025-07-08,3396.48,3360.3613560247104
TR-029949,2025-07-08,598.25,624.7571244583175
TR-029950,2025-07-08,5491.89,5276.583317948653
TR-029951,2025-07-08,2161.73,2197.1928333182746
TR-029952,2025-07-08,1195.62,1176.8365217844432
TR-029953,2025-07-08,2540.32,2471.848614451693
TR-029954,2025-07-08,2806.38,2629.5120229740733
TR-029955,2025-07-08,1886.19,1880.16111811993
TR-029956,2025-07-08,2163.87,2071.212003313035
TR-029957,2025-07-08,3004.0,2923.4525805401963
TR-029958,2025-07-08,1142.68,1125.587743341005
TR-029959,2025-07-08,2841.34,2638.0613597099173
TR-029960,2025-07-08,1825.14,1893.4086667187066
TR-029961,2025-07-08,3356.42,3369.382604650348
TR-029962,2025-07-08,1293.11,1224.2075116754886
TR-029963,2025-07-08,3583.66,3535.341052874452
TR-029964,2025-07-08,2300.37,2203.6097621933422
TR-029965,2025-07-08,2565.53,2383.5141253472684
TR-029966,2025-07-08,2733.0,2811.1776453982816
TR-029967,2025-07-08,1609.28,1605.0213465366962
TR-029968,2025-07-08,1995.25,2082.023008188091
TR-029969,2025-07-08,1488.25,1433.261351659715
TR-029970,2025-07-08,1984.16,1922.746763048766
TR-029971,2025-07-08,2713.57,2691.7216658712546
TR-029972,2025-07-08,2286.85,2411.1467952394455
TR-029973,2025-07-08,1124.29,1144.6953898238671
TR-029974,2025-07-08,1333.38,1282.7204070922644
TR-029975,2025-07-08,3526.89,3518.3234330417918
TR-029976,2025-07-08,2104.75,2220.4187455894335
TR-029977,2025-07-08,1291.2,1232.041246514591
TR-029978,2025-07-08,1308.6,1329.0736842952588
TR-029979,2025-07-08,3618.61,3753.032697786553
TR-029980,2025-07-08,704.43,752.9024451280591
TR-029981,2025-07-08,3929.93,4126.88647303328
TR-029982,2025-07-08,607.63,620.5573982245323
TR-029983,2025-07-08,4203.07,4218.307437924725
TR-029984,2025-07-08,890.88,883.0295314242794
TR-029985,2025-07-08,913.71,910.8439125867801
TR-029986,2025-07-08,4293.71,4379.797151737869
TR-029987,2025-07-08,4101.92,4131.302912031493
TR-029988,2025-07-08,4916.55,4717.6388331568505
TR-029989,2025-07-08,906.56,896.5681102995254
TR-029990,2025-07-08,5112.96,5184.406473981295
TR-029991,2025-07-08,2354.4,2116.335534337412
TR-029992,2025-07-08,3177.96,3192.531958791048
TR-029993,2025-07-08,4704.81,4689.2317303963355
TR-029994,2025-07-08,997.17,1004.4815106486943
TR-029995,2025-07-08,3777.81,3831.73542479868
TR-029996,2025-07-08,3749.13,3716.4971811871847
TR-029997,2025-07-08,1585.47,1602.629766111007
TR-029998,2025-07-08,1025.8,1071.9826134721357
TR-029999,2025-07-08,2408.88,2522.9610609164597
TR-030000,2025-07-08,1141.97,1182.5495311310249
TR-030001,2025-07-08,2376.48,2287.4259598383464
TR-030002,2025-07-08,5720.81,5470.9507585676565
TR-030003,2025-07-08,3627.57,3412.102497556004
TR-030004,2025-07-08,1332.8,1299.7721247104078
TR-030005,2025-07-08,1383.7,1413.5101037772727
TR-030006,2025-07-08,2777.65,2539.303850643698
TR-030007,2025-07-08,1368.29,1275.7827944732576
TR-030008,2025-07-08,4208.45,4052.8211801556963
TR-030009,2025-07-08,3361.33,3370.163410683196
TR-030010,2025-07-08,1944.06,1949.7559115351162
TR-030011,2025-07-08,1162.95,1166.2207930306918
TR-030012,2025-07-08,2389.02,2372.480697702154
TR-030013,2025-07-08,3689.71,3851.9358655109418
TR-030014,2025-07-08,2967.97,2844.231894852402
TR-030015,2025-07-08,631.45,639.2333784525092
TR-030016,2025-07-08,257.56,735.3899904530506
TR-030017,2025-07-08,1167.59,1112.8803505057017
TR-030018,2025-07-08,2709.45,2541.348403621575
TR-030019,2025-07-08,3697.65,3788.4172960712604
TR-030020,2025-07-08,3279.46,3413.0137296062603
TR-030021,2025-07-08,2917.16,3133.956619419232
TR-030022,2025-07-08,867.03,866.9686489478809
TR-030023,2025-07-08,2155.12,2116.2514799228725
TR-030024,2025-07-08,648.08,658.228456352015
TR-030025,2025-07-08,659.71,666.2352451611644
TR-030026,2025-07-08,1822.58,1834.2438802205652
TR-030027,2025-07-08,4917.64,4758.172864536058
TR-030028,2025-07-08,3390.55,3574.152577699885
TR-030029,2025-07-08,1863.17,1828.1200659331666
TR-030030,2025-07-08,1290.16,1251.1727229112523
TR-030031,2025-07-08,5068.93,4887.9072261032325
TR-030032,2025-07-08,1326.82,1280.8851276497885
TR-030033,2025-07-08,654.74,663.7654393451191
TR-030034,2025-07-08,3069.03,3028.9091730439095
TR-030035,2025-07-08,3625.56,3740.5304981181644
TR-030036,2025-07-08,1111.55,1120.9578162956732
TR-030037,2025-07-08,4601.79,4531.4109448656955
TR-030038,2025-07-08,2516.27,2284.7640050085483
TR-030039,2025-07-08,4506.2,4175.899963198455
TR-030040,2025-07-08,1688.02,1727.8753131393648
TR-030041,2025-07-08,1373.06,1421.0054712344977
TR-030042,2025-07-08,3881.78,3683.58307028093
TR-030043,2025-07-08,1176.33,1193.5558836779921
TR-030044,2025-07-08,1867.59,1777.213005198546
TR-030045,2025-07-08,607.6,574.0954155286672
TR-030046,2025-07-08,1334.43,1309.5304701844507
TR-030047,2025-07-08,600.02,605.6542165708333
TR-030048,2025-07-08,2020.54,1997.082923798198
TR-030049,2025-07-08,2461.77,2480.634466441695
TR-030050,2025-07-08,1220.34,1192.0633001277604
TR-030051,2025-07-08,1150.24,1085.559325937942
TR-030052,2025-07-08,1171.78,1189.6038969813912
TR-030053,2025-07-08,843.66,848.6829652991232
TR-030054,2025-07-08,2932.68,2941.826329066462
TR-030055,2025-07-08,670.67,670.3840477625122
TR-030056,2025-07-08,1821.22,1772.3274891803978
TR-030057,2025-07-08,2084.7,2138.348930033395
TR-030058,2025-07-08,1723.45,1646.1408014856104
TR-030059,2025-07-08,2271.48,2212.4358500657413
TR-030060,2025-07-08,1183.92,1168.0188176198571
TR-030061,2025-07-08,2355.46,2197.5137256212447
TR-030062,2025-07-08,1749.53,1650.894942454958
TR-030063,2025-07-08,3752.29,3767.4960104038705
TR-030064,2025-07-08,2078.58,2088.9713177320814
TR-030065,2025-07-08,1571.22,1588.6550175866114
TR-030066,2025-07-08,1337.74,1336.7057375678623
TR-030067,2025-07-08,440.58,416.75940525264923
TR-030068,2025-07-08,2122.34,2226.254126008433
TR-030069,2025-07-08,3595.37,3625.934653746158
TR-030070,2025-07-08,413.57,455.7766249337044
TR-030071,2025-07-08,2407.45,2581.943544887672
TR-030072,2025-07-08,3719.01,3677.959515680084
TR-030073,2025-07-08,2163.53,2081.602372595019
TR-030074,2025-07-08,4168.93,4253.788940921076
TR-030075,2025-07-08,3893.03,3695.502141273123
TR-030076,2025-07-08,4797.89,5039.402058930649
TR-030077,2025-07-08,984.19,930.1907282303862
TR-030078,2025-07-08,1491.15,1436.77699259571
TR-030079,2025-07-09,1918.31,1887.660620491938
TR-030080,2025-07-09,2505.27,2559.424920570293
TR-030081,2025-07-09,689.7,663.290934074277
TR-030082,2025-07-09,1177.25,1162.515618362227
TR-030083,2025-07-09,823.68,873.9108922268993
TR-030084,2025-07-09,1586.23,1563.3801935847068
TR-030085,2025-07-09,4460.44,4432.081492074096
TR-030086,2025-07-09,1179.49,1163.75600823471
TR-030087,2025-07-09,2525.5,2484.50567489209
TR-030088,2025-07-09,3252.7,3248.5308576143334
TR-030089,2025-07-09,861.45,832.7838604322703
TR-030090,2025-07-09,733.1,774.1229712440904
TR-030091,2025-07-09,1213.49,1161.8346744091514
TR-030092,2025-07-09,1021.99,1041.6259623378683
TR-030093,2025-07-09,3560.52,3342.975929794253
TR-030094,2025-07-09,1125.27,1099.6513928908553
TR-030095,2025-07-09,597.85,607.9630454775001
TR-030096,2025-07-09,2443.73,2340.0551015019023
TR-030097,2025-07-09,1196.88,1202.8268757235965
TR-030098,2025-07-09,3787.41,3980.608035944222
TR-030099,2025-07-09,2504.91,2299.7999238213915
TR-030100,2025-07-09,1114.16,1136.3921848400191
TR-030101,2025-07-09,1617.52,1611.7073300021746
TR-030102,2025-07-09,699.76,679.9762156301099
TR-030103,2025-07-09,2677.13,2677.275125288774
TR-030104,2025-07-09,2589.23,2364.1326949411773
TR-030105,2025-07-09,4836.0,4638.629388609764
TR-030106,2025-07-09,5216.09,5142.102907894337
TR-030107,2025-07-09,2488.39,2349.5193419331463
TR-030108,2025-07-09,3721.62,3759.3119817443476
TR-030109,2025-07-09,2798.5,2497.304453609635
TR-030110,2025-07-09,4221.43,4054.748576598719
TR-030111,2025-07-09,2899.95,2706.4116901535153
TR-030112,2025-07-09,2060.38,1945.3255554558586
TR-030113,2025-07-09,3093.4,3160.9741116747077
TR-030114,2025-07-09,1694.08,1698.7300698230401
TR-030115,2025-07-09,376.78,401.65239679815477
TR-030116,2025-07-09,2573.8,2526.5223480985533
TR-030117,2025-07-09,573.61,607.561044545449
TR-030118,2025-07-09,1731.16,1780.6652336424913
TR-030119,2025-07-09,4923.86,4844.966940123877
TR-030120,2025-07-09,2370.49,2376.2212147389077
TR-030121,2025-07-09,3468.06,3548.7777153365805
TR-030122,2025-07-09,2957.67,2662.5328363710755
TR-030123,2025-07-09,1015.2,1017.2412451478568
TR-030124,2025-07-09,2925.94,2709.620145642306
TR-030125,2025-07-09,1204.9,1192.5967644903792
TR-030126,2025-07-09,2264.18,2151.1872014775754
TR-030127,2025-07-09,538.31,559.3615332269328
TR-030128,2025-07-09,4180.35,3998.940507698791
TR-030129,2025-07-09,790.68,785.7393807725748
TR-030130,2025-07-09,858.02,839.9372696294502
TR-030131,2025-07-09,2210.64,2355.2001462137664
TR-030132,2025-07-09,2130.31,2064.3056107786533
TR-030133,2025-07-09,5376.03,5351.672951620971
TR-030134,2025-07-09,1368.21,1333.5906908454594
TR-030135,2025-07-09,880.62,867.4626903391779
TR-030136,2025-07-09,2633.33,2483.2319097023033
TR-030137,2025-07-09,3214.93,3076.151166568893
TR-030138,2025-07-09,1410.07,1347.8698387783058
TR-030139,2025-07-09,1544.25,1465.1369468863995
TR-030140,2025-07-09,4028.53,3935.175917988063
TR-030141,2025-07-09,1131.34,1048.8287411230344
TR-030142,2025-07-09,6253.88,5935.975879065334
TR-030143,2025-07-09,837.32,830.7582805040861
TR-030144,2025-07-09,345.24,393.44515109527356
TR-030145,2025-07-09,604.66,627.587414781734
TR-030146,2025-07-09,5490.92,5362.4578679024125
TR-030147,2025-07-09,3548.48,3646.734168317001
TR-030148,2025-07-09,561.47,582.1876025318888
TR-030149,2025-07-09,2610.84,2519.5667345741376
TR-030150,2025-07-09,4107.71,4109.335838067176
TR-030151,2025-07-09,4673.1,4662.054232322553
TR-030152,2025-07-09,1018.93,1031.1047055921404
TR-030153,2025-07-09,1963.42,1926.3885349371612
TR-030154,2025-07-09,4096.14,4138.626217460047
TR-030155,2025-07-09,1261.07,1242.0774514175037
TR-030156,2025-07-09,1047.4,1086.0108976856422
TR-030157,2025-07-09,1491.03,1518.6077521969137
TR-030158,2025-07-09,1871.14,1848.3642435755378
TR-030159,2025-07-09,941.58,929.5922216011841
TR-030160,2025-07-09,1051.8,1006.3708551449138
TR-030161,2025-07-09,2295.37,2249.6647812471215
TR-030162,2025-07-09,2309.83,2483.6929874321895
TR-030163,2025-07-09,1752.57,1739.870287906447
TR-030164,2025-07-09,947.02,940.68864806901
TR-030165,2025-07-09,4639.86,4673.273719185134
TR-030166,2025-07-09,2156.39,2114.0663906779946
TR-030167,2025-07-09,641.98,664.3522548072278
TR-030168,2025-07-09,4130.83,3975.4159313269856
TR-030169,2025-07-09,1977.38,1919.8789808097713
TR-030170,2025-07-09,5432.18,5226.412677771761
TR-030171,2025-07-09,4457.44,4391.381119149151
TR-030172,2025-07-09,3381.78,3469.9455992439616
TR-030173,2025-07-09,2422.81,2294.1113489060544
TR-030174,2025-07-09,1628.56,1557.3972948799146
TR-030175,2025-07-09,1832.26,1838.6902369052868
TR-030176,2025-07-09,1625.66,1612.018291525433
TR-030177,2025-07-09,2032.0,1996.7942866565077
TR-030178,2025-07-09,2439.62,2311.0372040260463
TR-030179,2025-07-09,5210.28,5028.167052448829
TR-030180,2025-07-09,358.61,438.1790674080157
TR-030181,2025-07-09,823.5,860.0225561101165
TR-030182,2025-07-09,4181.78,4175.299991099386
TR-030183,2025-07-09,4156.52,4173.976727138679
TR-030184,2025-07-09,4388.84,4435.710727242438
TR-030185,2025-07-09,5057.59,4866.652026144593
TR-030186,2025-07-09,1095.22,1052.4173223330686
TR-030187,2025-07-09,2087.95,2084.5688479940104
TR-030188,2025-07-09,1689.82,1555.6423723431897
TR-030189,2025-07-09,3016.53,3022.3640339668673
TR-030190,2025-07-09,1074.18,1085.1936479468582
TR-030191,2025-07-09,2452.29,2653.583636690893
TR-030192,2025-07-09,3536.39,3764.4328665827297
TR-030193,2025-07-09,1477.74,1467.051956659288
TR-030194,2025-07-09,642.44,598.592333137266
TR-030195,2025-07-09,3963.63,3704.3609056305677
TR-030196,2025-07-09,3875.7,3917.5398707927775
TR-030197,2025-07-09,1852.71,1830.9786871923802
TR-030198,2025-07-09,2701.94,2679.0611914178457
TR-030199,2025-07-09,3050.6,2803.2018975412407
TR-030200,2025-07-09,3908.63,3981.123472047965
TR-030201,2025-07-09,5504.76,5122.486442771109
TR-030202,2025-07-09,2968.73,2977.5900284113723
TR-030203,2025-07-09,3858.33,3880.5395077975186
TR-030204,2025-07-09,3713.37,3557.4255732360716
TR-030205,2025-07-09,2952.19,2704.293127111797
TR-030206,2025-07-09,1505.23,1419.1462524592976
TR-030207,2025-07-09,4231.6,4144.518128768244
TR-030208,2025-07-09,1402.44,1411.3625731813338
TR-030209,2025-07-09,1783.63,1764.9506364788724
TR-030210,2025-07-09,3698.1,3733.5259321420035
TR-030211,2025-07-09,1377.03,1312.4573893397144
TR-030212,2025-07-09,1098.53,1121.3815630794716
TR-030213,2025-07-09,1137.98,1128.1771306189053
TR-030214,2025-07-09,2549.82,2518.7037520471868
TR-030215,2025-07-09,1003.06,1017.8396989625763
TR-030216,2025-07-09,4588.11,4235.307813278114
TR-030217,2025-07-09,5099.39,5072.679657478635
TR-030218,2025-07-09,1361.85,1359.3466882374883
TR-030219,2025-07-09,394.67,419.8130049413521
TR-030220,2025-07-09,6025.48,5797.57381477891
TR-030221,2025-07-09,1032.94,1015.8220783833701
TR-030222,2025-07-09,1722.75,1732.824316911154
TR-030223,2025-07-09,900.24,892.9623622774559
TR-030224,2025-07-09,3537.12,3658.0760046649857
TR-030225,2025-07-09,2312.7,2259.918509720001
TR-030226,2025-07-09,1830.89,1861.2078189389154
TR-030227,2025-07-09,1321.23,1242.6882848639425
TR-030228,2025-07-09,1245.3,1279.0485722396847
TR-030229,2025-07-09,3730.35,3835.4040242900533
TR-030230,2025-07-09,2628.19,2662.482858592208
TR-030231,2025-07-09,968.65,945.3273840285674
TR-030232,2025-07-09,4748.61,4595.849195714683
TR-030233,2025-07-09,5015.01,4870.335041198691
TR-030234,2025-07-09,4412.43,4357.274958591273
TR-030235,2025-07-09,1411.03,1445.6366731289777
TR-030236,2025-07-09,3444.42,3354.397414238212
TR-030237,2025-07-09,2415.31,2390.1748085939553
TR-030238,2025-07-09,4379.17,4468.679832299653
TR-030239,2025-07-10,2373.65,2262.4343628756474
TR-030240,2025-07-10,897.34,878.5933535663785
TR-030241,2025-07-10,3399.79,3531.9909803320975
TR-030242,2025-07-10,3815.85,3572.439178122896
TR-030243,2025-07-10,1815.89,1786.282869385715
TR-030244,2025-07-10,1045.47,1095.51976488114
TR-030245,2025-07-10,5115.5,4795.203412412029
TR-030246,2025-07-10,4418.0,4341.2546252396405
TR-030247,2025-07-10,9195.08,2309.5812610190824
TR-030248,2025-07-10,1737.14,1661.2730072106501
TR-030249,2025-07-10,2628.29,2524.997890109169
TR-030250,2025-07-10,2058.62,2027.559291510896
TR-030251,2025-07-10,2239.98,2201.4459352433846
TR-030252,2025-07-10,4130.03,4061.055571811148
TR-030253,2025-07-10,1099.01,1072.7475132381735
TR-030254,2025-07-10,2180.16,2076.0764332360827
TR-030255,2025-07-10,805.51,811.7045546299701
TR-030256,2025-07-10,1829.67,1819.7875184845736
TR-030257,2025-07-10,2870.07,2963.645594624752
TR-030258,2025-07-10,831.31,873.7142615698074
TR-030259,2025-07-10,3472.38,3274.538504837934
TR-030260,2025-07-10,1791.11,1817.749353527069
TR-030261,2025-07-10,2803.99,2799.7735233403696
TR-030262,2025-07-10,4313.93,4303.679734891655
TR-030263,2025-07-10,3828.95,3766.0072109345965
TR-030264,2025-07-10,2358.71,2514.9674717156413
TR-030265,2025-07-10,2316.84,2109.2626580838264
TR-030266,2025-07-10,1707.48,1624.2732351671184
TR-030267,2025-07-10,2163.0,2170.1454429456867
TR-030268,2025-07-10,2203.3,2209.2161399009196
TR-030269,2025-07-10,1684.25,1654.6947541421341
TR-030270,2025-07-10,4289.7,4312.285910706087
TR-030271,2025-07-10,380.61,441.09027074880237
TR-030272,2025-07-10,1298.18,1261.8633354232466
TR-030273,2025-07-10,1886.23,1799.8106549528843
TR-030274,2025-07-10,1955.39,1952.9575126495024
TR-030275,2025-07-10,1886.21,1861.0775111565554
TR-030276,2025-07-10,3753.04,3489.329855530339
TR-030277,2025-07-10,2574.13,2448.7430389273973
TR-030278,2025-07-10,4267.8,4038.6199416147174
TR-030279,2025-07-10,3311.28,3350.8981828745113
TR-030280,2025-07-10,1200.02,1230.9229927983222
TR-030281,2025-07-10,712.33,743.1493492996101
TR-030282,2025-07-10,1962.96,731.2736760778648
TR-030283,2025-07-10,1430.89,1383.4149195110451
TR-030284,2025-07-10,2426.25,2385.7885657149127
TR-030285,2025-07-10,1671.53,1616.15439984811
TR-030286,2025-07-10,2926.74,2807.3357140209737
TR-030287,2025-07-10,3778.76,3932.154264112837
TR-030288,2025-07-10,1679.51,1688.8946726110285
TR-030289,2025-07-10,1128.63,1125.172057646542
TR-030290,2025-07-10,828.3,818.1461747524254
TR-030291,2025-07-10,4702.08,4703.670499769362
TR-030292,2025-07-10,3554.06,3700.012420699317
TR-030293,2025-07-10,4086.68,4125.845818032192
TR-030294,2025-07-10,1080.81,1072.5931428240287
TR-030295,2025-07-10,1453.52,1387.4052863730794
TR-030296,2025-07-10,3467.68,3451.783694543904
TR-030297,2025-07-10,4546.52,4212.3098304771665
TR-030298,2025-07-10,1278.08,1326.8609452287646
TR-030299,2025-07-10,731.19,748.0449857010328
TR-030300,2025-07-10,1134.64,1138.3847601643638
TR-030301,2025-07-10,3798.22,3910.988286462687
TR-030302,2025-07-10,2234.27,2399.3458618512927
TR-030303,2025-07-10,2035.77,2024.7809298400375
TR-030304,2025-07-10,3139.08,3101.9274435896996
TR-030305,2025-07-10,4340.03,4320.210128282379
TR-030306,2025-07-10,4249.28,4044.746986572435
TR-030307,2025-07-10,3411.75,3385.4384130904427
TR-030308,2025-07-10,3009.16,2966.9115606071446
TR-030309,2025-07-10,1207.36,1189.3405326639001
TR-030310,2025-07-10,4002.13,3842.8792570531514
TR-030311,2025-07-10,4302.23,4108.184119632599
TR-030312,2025-07-10,857.92,851.2458898259874
TR-030313,2025-07-10,773.56,792.1924832646737
TR-030314,2025-07-10,1566.2,1543.127205807406
TR-030315,2025-07-10,1251.91,1256.9260408909768
TR-030316,2025-07-10,3722.25,3530.710679564385
TR-030317,2025-07-10,630.34,655.7669376973759
TR-030318,2025-07-10,5218.42,5089.439215919987
TR-030319,2025-07-10,2452.12,2396.892703878
TR-030320,2025-07-10,2518.98,2434.539878048154
TR-030321,2025-07-10,768.57,3370.2158639591353
TR-030322,2025-07-10,2055.19,2073.859992737919
TR-030323,2025-07-10,4238.49,3947.9792582799646
TR-030324,2025-07-10,2802.16,2788.203053504309
TR-030325,2025-07-10,1195.69,1189.216361631386
TR-030326,2025-07-10,4291.58,4253.678907895707
TR-030327,2025-07-10,294.68,480.61888335394474
TR-030328,2025-07-10,3353.23,3403.210605588615
TR-030329,2025-07-10,1854.9,1751.793630633199
TR-030330,2025-07-10,1700.99,1687.598532057438
TR-030331,2025-07-10,1917.99,1890.4987618376592
TR-030332,2025-07-10,1547.92,1548.4922773227336
TR-030333,2025-07-10,3888.68,3883.201953676894
TR-030334,2025-07-10,400.03,501.9120503737324
TR-030335,2025-07-10,1767.35,1762.3124986453545
TR-030336,2025-07-10,1314.74,1294.89142771457
TR-030337,2025-07-10,1294.11,1312.6782976559189
TR-030338,2025-07-10,2455.29,2563.7845834184163
TR-030339,2025-07-10,4729.75,4316.597892056156
TR-030340,2025-07-10,695.57,681.589303719044
TR-030341,2025-07-10,1738.57,1683.114096997513
TR-030342,2025-07-10,975.29,4492.658622371731
TR-030343,2025-07-10,1077.35,1064.1674501155146
TR-030344,2025-07-10,2142.74,2140.2110882868374
TR-030345,2025-07-10,1849.91,1925.7690235624682
TR-030346,2025-07-10,4137.3,4053.432227138156
TR-030347,2025-07-10,1639.8,1643.5008055858139
TR-030348,2025-07-10,1812.31,1724.2540676203214
TR-030349,2025-07-10,620.69,629.2736567248337
TR-030350,2025-07-10,1084.15,1028.9874877995076
TR-030351,2025-07-10,515.33,574.8670504835163
TR-030352,2025-07-10,1316.25,1293.8635856649976
TR-030353,2025-07-10,2280.68,2206.8479421479715
TR-030354,2025-07-10,3007.69,2904.114689619063
TR-030355,2025-07-10,1363.17,1325.634470917408
TR-030356,2025-07-10,4101.61,4269.480388371042
TR-030357,2025-07-10,1003.31,966.1201824095806
TR-030358,2025-07-10,2185.23,2159.3442671302496
TR-030359,2025-07-10,2191.39,2202.958136037034
TR-030360,2025-07-10,1186.89,1194.8537212926062
TR-030361,2025-07-10,2535.9,2350.2908657301023
TR-030362,2025-07-10,4237.3,3933.693975396142
TR-030363,2025-07-10,1843.28,1862.355258821057
TR-030364,2025-07-10,1822.83,1797.8080859757647
TR-030365,2025-07-10,3137.89,3039.1105622192335
TR-030366,2025-07-10,2146.76,2079.4636688125806
TR-030367,2025-07-10,2687.1,2818.4110779187586
TR-030368,2025-07-10,2147.47,2111.152378996483
TR-030369,2025-07-10,4108.07,4231.923767383607
TR-030370,2025-07-10,1903.09,1892.375122139414
TR-030371,2025-07-10,2883.01,2581.3759670999057
TR-030372,2025-07-10,2023.87,2085.000915574113
TR-030373,2025-07-10,1971.33,1855.6743309665997
TR-030374,2025-07-10,674.36,681.288603185224
TR-030375,2025-07-10,1124.0,1112.0653956005272
TR-030376,2025-07-10,1550.5,1477.393768982728
TR-030377,2025-07-10,1232.56,1244.177258270594
TR-030378,2025-07-10,1603.28,1614.9807352603814
TR-030379,2025-07-10,1544.9,1516.2621352006024
TR-030380,2025-07-10,3028.0,3183.4603863964876
TR-030381,2025-07-10,2550.07,2446.4338196401186
TR-030382,2025-07-10,1308.99,1262.535199921686
TR-030383,2025-07-10,1108.93,1069.4005556306124
TR-030384,2025-07-10,2976.55,2945.10099098695
TR-030385,2025-07-10,2039.29,2055.2118249212544
TR-030386,2025-07-10,736.1,743.9741031378337
TR-030387,2025-07-10,1757.22,1761.3924269007352
TR-030388,2025-07-10,1886.66,1863.7939858804498
TR-030389,2025-07-10,2177.86,2104.783033606342
TR-030390,2025-07-10,1975.47,1932.8975084521437
TR-030391,2025-07-10,2197.73,2021.5806121592088
TR-030392,2025-07-10,4356.37,4256.995858345123
TR-030393,2025-07-10,3877.58,3942.4407179093187
TR-030394,2025-07-10,1302.0,1316.6671012776994
TR-030395,2025-07-10,775.05,763.4132776200786
TR-030396,2025-07-10,1347.03,1276.7642005391972
TR-030397,2025-07-10,581.53,581.3930279992596
TR-030398,2025-07-10,3562.07,3521.2343374441325
TR-030399,2025-07-10,405.35,416.4846961091905
TR-030400,2025-07-10,588.0,558.4283195763458
TR-030401,2025-07-11,1740.14,1716.0289904945575
TR-030402,2025-07-11,1564.51,1594.6594857658565
TR-030403,2025-07-11,1679.46,1618.0510878485948
TR-030404,2025-07-11,1687.22,1672.0890916911721
TR-030405,2025-07-11,2442.57,2423.71050551838
TR-030406,2025-07-11,1238.04,1219.7333423769473
TR-030407,2025-07-11,2698.28,2394.294825663533
TR-030408,2025-07-11,773.41,815.3868485337464
TR-030409,2025-07-11,1929.35,1970.187369049474
TR-030410,2025-07-11,3519.09,3346.0183763505884
TR-030411,2025-07-11,2017.2,1994.1966936931753
TR-030412,2025-07-11,1633.32,1586.1426439366649
TR-030413,2025-07-11,2553.12,2405.176188878949
TR-030414,2025-07-11,578.85,598.8798983109025
TR-030415,2025-07-11,3201.57,3264.415971032321
TR-030416,2025-07-11,1568.48,1526.3017969844834
TR-030417,2025-07-11,3257.96,3314.5414934529012
TR-030418,2025-07-11,1342.88,1272.083246925401
TR-030419,2025-07-11,1549.37,1515.5296472738019
TR-030420,2025-07-11,2016.18,2203.522143312645
TR-030421,2025-07-11,1807.82,1799.0097021976928
TR-030422,2025-07-11,2456.53,2395.6190063823983
TR-030423,2025-07-11,256.45,420.9353145890984
TR-030424,2025-07-11,1855.24,1819.1952116085172
TR-030425,2025-07-11,6266.37,6122.227657758271
TR-030426,2025-07-11,2498.42,2468.6650337261326
TR-030427,2025-07-11,582.19,565.614110675735
TR-030428,2025-07-11,1228.6,1225.315095727852
TR-030429,2025-07-11,1076.83,1093.1490233879758
TR-030430,2025-07-11,2763.46,2647.5060155680917
TR-030431,2025-07-11,1941.54,1858.3921446873514
TR-030432,2025-07-11,3633.13,3750.6144128235915
TR-030433,2025-07-11,2720.36,2508.5347232317613
TR-030434,2025-07-11,5767.46,5682.1086278098355
TR-030435,2025-07-11,2016.79,1946.5657514916566
TR-030436,2025-07-11,1727.51,1717.3993309900318
TR-030437,2025-07-11,4757.05,4687.428414225239
TR-030438,2025-07-11,944.04,902.0714570440775
TR-030439,2025-07-11,790.33,776.204370593033
TR-030440,2025-07-11,1726.64,1639.9422301519915
TR-030441,2025-07-11,3629.97,3536.0790546789976
TR-030442,2025-07-11,1918.28,1933.6553714143777
TR-030443,2025-07-11,2981.44,2971.164026307373
TR-030444,2025-07-11,1716.55,1766.8584923772853
TR-030445,2025-07-11,1875.33,1905.4605828292542
TR-030446,2025-07-11,2205.88,2078.2834430124585
TR-030447,2025-07-11,2371.55,2370.602857441093
TR-030448,2025-07-11,5144.32,4997.679905987382
TR-030449,2025-07-11,1227.77,1264.4763908482405
TR-030450,2025-07-11,3896.53,3739.8885587261184
TR-030451,2025-07-11,4977.66,5211.527177556592
TR-030452,2025-07-11,3240.86,3528.699215895699
TR-030453,2025-07-11,4136.94,4261.175566675611
TR-030454,2025-07-11,3811.69,3880.6839836203153
TR-030455,2025-07-11,2211.05,2090.331176848907
TR-030456,2025-07-11,609.87,614.1380512105372
TR-030457,2025-07-11,4873.99,5046.094780498114
TR-030458,2025-07-11,1712.44,1640.049607261503
TR-030459,2025-07-11,3403.88,3570.186567318142
TR-030460,2025-07-11,1405.33,1380.7718377858737
TR-030461,2025-07-11,2890.52,2900.991740588432
TR-030462,2025-07-11,3143.44,2972.425752868374
TR-030463,2025-07-11,5108.04,4957.654405909751
TR-030464,2025-07-11,2972.43,2761.4874626864316
TR-030465,2025-07-11,3229.92,3254.2738253010693
TR-030466,2025-07-11,1971.93,1891.8401259410357
TR-030467,2025-07-11,1076.73,1044.3190843582363
TR-030468,2025-07-11,4037.3,3965.34803263959
TR-030469,2025-07-11,1659.3,1631.5676939238383
TR-030470,2025-07-11,2284.14,2273.487499262225
TR-030471,2025-07-11,991.96,1021.8380015367723
TR-030472,2025-07-11,594.84,577.4236101952881
TR-030473,2025-07-11,784.37,784.8523504901164
TR-030474,2025-07-11,1538.29,1588.9418709794766
TR-030475,2025-07-11,1152.41,1178.4960533859723
TR-030476,2025-07-11,4525.25,4303.991894041183
TR-030477,2025-07-11,3744.87,3570.8656983721457
TR-030478,2025-07-11,1418.62,1366.929598393524
TR-030479,2025-07-11,3954.39,3954.9592919063725
TR-030480,2025-07-11,2609.26,2751.292251141393
TR-030481,2025-07-11,3343.63,3173.236124587742
TR-030482,2025-07-11,4015.8,3857.69166370306
TR-030483,2025-07-11,1243.34,1252.081630154216
TR-030484,2025-07-11,2871.44,2658.477341037452
TR-030485,2025-07-11,2062.09,2009.7695018565023
TR-030486,2025-07-11,2870.35,3028.9179149944057
TR-030487,2025-07-11,2793.09,2594.9110361521457
TR-030488,2025-07-11,902.09,899.2141123351284
TR-030489,2025-07-11,2013.0,1967.215373435869
TR-030490,2025-07-11,3207.33,2967.2349506632613
TR-030491,2025-07-11,1914.13,1838.6115080345087
TR-030492,2025-07-11,3882.52,3930.114780818638
TR-030493,2025-07-11,3690.44,3456.947297493204
TR-030494,2025-07-11,4747.59,4708.105495800995
TR-030495,2025-07-11,3456.02,3661.0819551273735
TR-030496,2025-07-11,901.88,938.8925429830135
TR-030497,2025-07-11,1081.31,1074.31745704001
TR-030498,2025-07-11,6305.98,6019.780064327862
TR-030499,2025-07-11,1607.62,1649.7275285775775
TR-030500,2025-07-11,1065.25,1060.0177269204469
TR-030501,2025-07-11,2274.3,2184.7831138125857
TR-030502,2025-07-11,3016.82,3192.287466041277
TR-030503,2025-07-11,1667.35,1658.5637919448964
TR-030504,2025-07-11,2061.53,2000.7516388331733
TR-030505,2025-07-11,728.28,727.769247968587
TR-030506,2025-07-11,1035.0,1070.742336136796
TR-030507,2025-07-11,1563.21,1510.2728947763242
TR-030508,2025-07-11,494.43,502.77028832442375
TR-030509,2025-07-11,5725.17,5331.350639007299
TR-030510,2025-07-11,3514.5,3578.524298873448
TR-030511,2025-07-11,1358.99,635.7771722903001
TR-030512,2025-07-11,1260.8,1273.274546311024
TR-030513,2025-07-11,2303.83,2167.3451328865035
TR-030514,2025-07-11,1474.65,1496.0825722878594
TR-030515,2025-07-11,1980.45,1996.0894659976036
TR-030516,2025-07-11,648.69,617.8453089253912
TR-030517,2025-07-11,1927.79,1880.8718497820532
TR-030518,2025-07-11,2517.17,2430.3801217703494
TR-030519,2025-07-11,854.89,798.8356323454766
TR-030520,2025-07-11,2100.29,2062.6669146597333
TR-030521,2025-07-11,1407.3,1417.2811046159018
TR-030522,2025-07-11,1717.31,1736.467387339159
TR-030523,2025-07-11,1245.57,1260.8924074045035
TR-030524,2025-07-11,1140.16,1116.4654092803885
TR-030525,2025-07-11,4513.38,4191.276725004091
TR-030526,2025-07-11,2390.61,2426.133476861712
TR-030527,2025-07-11,1673.86,1661.5944460345563
TR-030528,2025-07-11,1820.79,1829.0062935008195
TR-030529,2025-07-11,750.35,762.5898185782921
TR-030530,2025-07-11,4190.89,4148.750077428739
TR-030531,2025-07-11,2012.11,1987.6699603440622
TR-030532,2025-07-11,3836.62,3583.707107968618
TR-030533,2025-07-11,2113.91,2141.477196701828
TR-030534,2025-07-11,4424.19,4160.869999084993
TR-030535,2025-07-11,2616.67,2534.3401121689353
TR-030536,2025-07-11,1467.73,1388.071080753407
TR-030537,2025-07-11,2481.8,2588.5890912874993
TR-030538,2025-07-11,4759.82,4566.584799834827
TR-030539,2025-07-11,1546.1,1564.3209857499385
TR-030540,2025-07-11,4014.1,3988.1020583508434
TR-030541,2025-07-11,1434.29,1369.2286678254166
TR-030542,2025-07-11,1683.92,1708.3035854355192
TR-030543,2025-07-11,1553.15,1588.1710543355862
TR-030544,2025-07-11,4921.95,4762.669024110679
TR-030545,2025-07-11,5103.52,5074.10097922993
TR-030546,2025-07-11,203.79,434.98452905301997
TR-030547,2025-07-11,4157.51,4122.39252797829
TR-030548,2025-07-11,4497.89,4504.452050798264
TR-030549,2025-07-11,3280.06,3212.3957261494734
TR-030550,2025-07-11,1327.62,1340.2540904131365
TR-030551,2025-07-11,1087.12,1087.2379282346833
TR-030552,2025-07-11,3872.4,3925.6599770314974
TR-030553,2025-07-11,3950.65,3777.709020338899
TR-030554,2025-07-11,396.96,1102.085146472339
TR-030555,2025-07-11,4706.47,4685.6596510420795
TR-030556,2025-07-12,1582.52,1605.413948482858
TR-030557,2025-07-12,3375.78,3534.4485769103026
TR-030558,2025-07-12,361.11,429.7859570700091
TR-030559,2025-07-12,1166.72,1170.634540776733
TR-030560,2025-07-12,2139.92,2062.9506960221224
TR-030561,2025-07-12,2030.05,2004.901295477272
TR-030562,2025-07-12,4349.07,4254.416847665827
TR-030563,2025-07-12,1344.15,1327.0744511048254
TR-030564,2025-07-12,1898.77,1897.1338853976008
TR-030565,2025-07-12,1205.38,1148.7115850969053
TR-030566,2025-07-12,2329.47,2206.606975786828
TR-030567,2025-07-12,1630.6,1599.5607494285541
TR-030568,2025-07-12,534.63,559.5656320359058
TR-030569,2025-07-12,1904.16,1820.287908416512
TR-030570,2025-07-12,1168.73,1182.971390643163
TR-030571,2025-07-12,1959.68,1926.6519809738104
TR-030572,2025-07-12,2508.14,2355.48857188295
TR-030573,2025-07-12,4582.06,4712.354867523129
TR-030574,2025-07-12,736.17,750.2884265125917
TR-030575,2025-07-12,764.43,758.6349820501741
TR-030576,2025-07-12,763.81,769.4499765894577
TR-030577,2025-07-12,1079.94,1086.8231681514571
TR-030578,2025-07-12,1192.53,1220.5413828418841
TR-030579,2025-07-12,5799.27,5687.345647996981
TR-030580,2025-07-12,1582.17,1579.9177839965128
TR-030581,2025-07-12,1676.06,1689.6460795857147
TR-030582,2025-07-12,2518.79,2308.3111724915093
TR-030583,2025-07-12,1434.59,1413.4285897138288
TR-030584,2025-07-12,3122.35,3308.5563103596187
TR-030585,2025-07-12,2640.3,2733.74065176411
TR-030586,2025-07-12,1778.52,1772.5022529367602
TR-030587,2025-07-12,2479.15,2493.2165346888482
TR-030588,2025-07-12,685.37,653.7872882038223
TR-030589,2025-07-12,1066.85,1077.5840704146613
TR-030590,2025-07-12,3171.73,3014.2575798862217
TR-030591,2025-07-12,4594.73,4550.391640554852
TR-030592,2025-07-12,3667.36,3831.336572744176
TR-030593,2025-07-12,1420.59,1363.1777944700916
TR-030594,2025-07-12,1896.84,1835.748472942968
TR-030595,2025-07-12,3049.71,3258.671994386791
TR-030596,2025-07-12,2454.58,2264.8578761350095
TR-030597,2025-07-12,2328.88,2383.176717484518
TR-030598,2025-07-12,3695.67,3610.9745756897046
TR-030599,2025-07-12,1544.7,1548.7880258968173
TR-030600,2025-07-12,1097.2,1093.6452999009502
TR-030601,2025-07-12,1766.12,1734.1772503044328
TR-030602,2025-07-12,1892.28,1879.9196233874648
TR-030603,2025-07-12,3538.64,3809.029581057661
TR-030604,2025-07-12,1708.49,1865.5960489905765
TR-030605,2025-07-12,1969.98,2075.816775303555
TR-030606,2025-07-12,1063.53,1024.3187895489011
TR-030607,2025-07-12,1824.22,1682.5267002542312
TR-030608,2025-07-12,920.38,923.2012272643772
TR-030609,2025-07-12,549.54,573.6722828276697
TR-030610,2025-07-12,1028.6,990.2002416917635
TR-030611,2025-07-12,2544.72,2524.392170524176
TR-030612,2025-07-12,1414.68,1438.0029926329187
TR-030613,2025-07-12,2685.28,2584.670590215237
TR-030614,2025-07-12,1794.12,1798.9012387843156
TR-030615,2025-07-12,469.04,477.06609418155017
TR-030616,2025-07-12,1121.45,1090.7024677793133
TR-030617,2025-07-12,1261.64,1286.6455373208482
TR-030618,2025-07-12,2416.93,2267.3123383127377
TR-030619,2025-07-12,3306.46,3296.1149404175208
TR-030620,2025-07-12,3423.76,3323.4544858503077
TR-030621,2025-07-12,2065.96,2145.098124412936
TR-030622,2025-07-12,3673.45,3963.8462369023346
TR-030623,2025-07-12,1820.89,1818.611838237081
TR-030624,2025-07-12,1541.39,1557.384588755416
TR-030625,2025-07-12,1480.38,1414.6257413885214
TR-030626,2025-07-12,2345.65,2081.1020171026435
TR-030627,2025-07-12,1568.51,1629.4500709304948
TR-030628,2025-07-12,1455.5,1495.8886518157578
TR-030629,2025-07-12,974.69,978.8178268577653
TR-030630,2025-07-12,1895.5,2051.2542239701547
TR-030631,2025-07-12,3538.73,3552.9413171232927
TR-030632,2025-07-12,2672.73,2333.8786608073415
TR-030633,2025-07-12,2396.84,2549.304155656453
TR-030634,2025-07-12,4997.41,5187.603751053128
TR-030635,2025-07-12,1796.96,1790.567340578869
TR-030636,2025-07-12,2174.18,2235.298945013457
TR-030637,2025-07-12,929.42,900.6754107872682
TR-030638,2025-07-12,3609.71,3620.1288334576284
TR-030639,2025-07-12,3369.42,3544.5509388621676
TR-030640,2025-07-12,1764.02,1746.5937412623973
TR-030641,2025-07-12,2527.27,2465.728039839982
TR-030642,2025-07-12,2434.39,2448.978659512729
TR-030643,2025-07-12,4391.45,4296.83485163104
TR-030644,2025-07-12,5340.69,5407.3459296095525
TR-030645,2025-07-12,2170.43,2144.6318145419996
TR-030646,2025-07-12,2875.23,2577.6435085906787
TR-030647,2025-07-12,1592.63,1532.8678179594617
TR-030648,2025-07-12,3549.24,3433.813318571747
TR-030649,2025-07-12,1244.92,1246.914967213088
TR-030650,2025-07-12,4750.92,4824.120064528879
TR-030651,2025-07-12,3673.59,3464.14062616332
TR-030652,2025-07-12,711.95,692.8175223930732
TR-030653,2025-07-12,1691.69,1659.0579861660756
TR-030654,2025-07-12,1057.38,1042.8699124934544
TR-030655,2025-07-12,3207.56,3153.3009327177488
TR-030656,2025-07-12,4242.07,4133.421349031149
TR-030657,2025-07-12,2981.6,3198.347472536246
TR-030658,2025-07-12,2336.97,2293.8169992984012
TR-030659,2025-07-12,1592.75,1534.8073788110755
TR-030660,2025-07-12,907.85,937.2796246540643
TR-030661,2025-07-12,1193.71,1196.3424577362289
TR-030662,2025-07-12,4044.97,4045.8242683813496
TR-030663,2025-07-12,3819.9,3894.435604846574
TR-030664,2025-07-12,1546.66,1602.471164599259
TR-030665,2025-07-12,2363.33,2452.8243827315187
TR-030666,2025-07-12,2516.06,2447.343846552882
TR-030667,2025-07-12,1652.35,1605.0976560061208
TR-030668,2025-07-12,3516.22,3234.2423291572413
TR-030669,2025-07-12,1213.38,1241.076254603649
TR-030670,2025-07-12,311.81,389.0399424916516
TR-030671,2025-07-12,4175.17,4120.813845977172
TR-030672,2025-07-12,616.27,620.7508316337139
TR-030673,2025-07-12,930.57,978.990660080822
TR-030674,2025-07-12,3309.52,3254.297249627919
TR-030675,2025-07-12,962.96,959.1484530770385
TR-030676,2025-07-12,1625.64,1568.2717530249415
TR-030677,2025-07-12,3408.91,3310.063496409426
TR-030678,2025-07-12,1557.97,1482.7777006708598
TR-030679,2025-07-12,704.47,711.2179013891989
TR-030680,2025-07-12,1518.98,1419.2716594668107
TR-030681,2025-07-12,1854.9,1813.356297761881
TR-030682,2025-07-12,4060.4,4040.821455339904
TR-030683,2025-07-12,2872.47,2835.2057537412843
TR-030684,2025-07-12,1076.42,1081.8183504580338
TR-030685,2025-07-12,2616.71,2832.061380152522
TR-030686,2025-07-12,4186.0,4050.4632248816642
TR-030687,2025-07-12,2203.03,2219.7850352001556
TR-030688,2025-07-12,1471.4,1492.8119003126344
TR-030689,2025-07-12,2784.21,2790.8854659156764
TR-030690,2025-07-12,3814.26,3854.417689426741
TR-030691,2025-07-12,3154.85,3108.071335213974
TR-030692,2025-07-12,2507.85,2328.1633572184287
TR-030693,2025-07-12,5414.25,5432.120260966709
TR-030694,2025-07-12,575.56,579.2036152874625
TR-030695,2025-07-12,1374.42,1393.3365048407798
TR-030696,2025-07-12,1435.82,1420.906713995932
TR-030697,2025-07-12,4016.37,4086.167575940319
TR-030698,2025-07-12,1648.54,1653.7022750855479
TR-030699,2025-07-12,2480.34,2457.340760382397
TR-030700,2025-07-12,1034.17,1028.3690194047467
TR-030701,2025-07-12,977.65,979.124474399586
TR-030702,2025-07-12,714.25,676.4667475751023
TR-030703,2025-07-12,2850.62,2934.696117810246
TR-030704,2025-07-12,1600.92,1612.6077369971338
TR-030705,2025-07-12,1677.72,1664.0836275558854
TR-030706,2025-07-12,59.68,340.78739642052346
TR-030707,2025-07-12,3532.44,3380.160046952662
TR-030708,2025-07-12,1879.21,1816.6009762581969
TR-030709,2025-07-12,2405.92,2225.123959677131
TR-030710,2025-07-12,1425.36,1421.812491217871
TR-030711,2025-07-12,486.47,487.6731193877813
TR-030712,2025-07-12,780.01,825.3479073247042
TR-030713,2025-07-12,1003.71,1037.4854818465085
TR-030714,2025-07-12,2800.97,2817.105089576279
TR-030715,2025-07-12,2940.64,3109.2809275528566
TR-030716,2025-07-12,4458.97,4320.337919180887
TR-030717,2025-07-12,4685.49,4585.632033541379
TR-030718,2025-07-12,1684.33,1771.7098515933044
TR-030719,2025-07-12,4721.65,4446.1648578657605
TR-030720,2025-07-12,2561.63,2530.850951383614
TR-030721,2025-07-12,1475.77,1527.7389197086036
TR-030722,2025-07-12,571.08,574.5489583983501
TR-030723,2025-07-12,3343.04,3393.5935338912855
TR-030724,2025-07-12,2666.67,2569.9164610851594
TR-030725,2025-07-12,2231.48,2205.480556878286
TR-030726,2025-07-12,1740.67,1721.2714486124046
TR-030727,2025-07-12,295.75,389.9295420811425
TR-030728,2025-07-12,644.13,659.2909400848102
TR-030729,2025-07-12,354.52,406.1927510438993
TR-030730,2025-07-12,4311.95,4322.770287595755
TR-030731,2025-07-12,2156.22,2114.730576777222
TR-030732,2025-07-12,4086.56,4016.6917839098305
TR-030733,2025-07-12,3823.2,3954.232587183879
TR-030734,2025-07-12,473.3,535.4113541198219
TR-030735,2025-07-12,4622.8,4720.177748967904
TR-030736,2025-07-12,2396.05,2283.3171148309757
TR-030737,2025-07-12,778.53,797.4332408179375
TR-030738,2025-07-12,1814.43,1748.885824366082
TR-030739,2025-07-12,4568.56,4615.006843179011
TR-030740,2025-07-12,1514.04,1402.0236504686548
TR-030741,2025-07-12,1044.81,1088.0305479638914
TR-030742,2025-07-12,5089.15,5132.563645829179
TR-030743,2025-07-12,911.34,889.7740318581316
TR-030744,2025-07-12,4526.11,4442.962477707209
TR-030745,2025-07-12,610.41,580.8140799102011
TR-030746,2025-07-12,3760.95,3558.489692300638
TR-030747,2025-07-13,1561.4,1575.470950117016
TR-030748,2025-07-13,3410.5,3405.1581255674764
TR-030749,2025-07-13,891.18,870.1837593627633
TR-030750,2025-07-13,4795.16,1968.7222976272785
TR-030751,2025-07-13,732.38,730.935520641757
TR-030752,2025-07-13,3658.81,3744.8417897855825
TR-030753,2025-07-13,4145.37,4100.369008332587
TR-030754,2025-07-13,4839.33,4831.176466634799
TR-030755,2025-07-13,2113.95,2025.462777121899
TR-030756,2025-07-13,871.33,903.8908592057792
TR-030757,2025-07-13,2287.78,2470.006548479053
TR-030758,2025-07-13,2152.13,2064.481930183278
TR-030759,2025-07-13,1151.15,1116.894726789265
TR-030760,2025-07-13,2182.98,2195.536749130113
TR-030761,2025-07-13,2230.67,2284.968186583336
TR-030762,2025-07-13,3598.75,3573.2423546486557
TR-030763,2025-07-13,1064.0,1029.4963599263951
TR-030764,2025-07-13,2085.06,2098.7741210901563
TR-030765,2025-07-13,1122.73,1173.6180981930033
TR-030766,2025-07-13,1218.41,1262.0780688417392
TR-030767,2025-07-13,1345.82,1366.1295308018584
TR-030768,2025-07-13,1028.05,1041.4777498665953
TR-030769,2025-07-13,1481.63,1576.8479931296115
TR-030770,2025-07-13,1943.03,1979.3828128654627
TR-030771,2025-07-13,1314.1,1329.7028999150646
TR-030772,2025-07-13,503.1,510.34527969125156
TR-030773,2025-07-13,3726.14,3626.1843013856333
TR-030774,2025-07-13,3682.73,3462.855161755341
TR-030775,2025-07-13,2048.55,2096.2203738461353
TR-030776,2025-07-13,1550.27,1519.6259031558216
TR-030777,2025-07-13,4022.07,3988.844829467724
TR-030778,2025-07-13,2326.7,2254.887823096488
TR-030779,2025-07-13,4410.95,4347.394254688448
TR-030780,2025-07-13,890.93,940.0376266339958
TR-030781,2025-07-13,4992.12,4921.153778900341
TR-030782,2025-07-13,1165.89,1078.198222428302
TR-030783,2025-07-13,880.74,858.9052611321529
TR-030784,2025-07-13,2021.66,1850.85772618582
TR-030785,2025-07-13,2022.06,2054.9195832482073
TR-030786,2025-07-13,1722.7,1696.1393780355297
TR-030787,2025-07-13,892.59,884.1832280749859
TR-030788,2025-07-13,1356.1,1287.1462308538064
TR-030789,2025-07-13,1649.67,1634.9583100098755
TR-030790,2025-07-13,1674.54,1661.9005804853018
TR-030791,2025-07-13,2784.88,2524.433680034719
TR-030792,2025-07-13,2383.43,2455.2241811910826
TR-030793,2025-07-13,6065.51,5852.800757175664
TR-030794,2025-07-13,1786.01,1710.6337337835048
TR-030795,2025-07-13,688.99,678.1431869385426
TR-030796,2025-07-13,1462.35,1416.1407133214016
TR-030797,2025-07-13,3999.47,4034.7104611631357
TR-030798,2025-07-13,1255.88,1242.6293285461675
TR-030799,2025-07-13,3450.04,3267.8651066878783
TR-030800,2025-07-13,1675.24,1633.9456233281135
TR-030801,2025-07-13,751.2,771.4348778040367
TR-030802,2025-07-13,585.86,581.4712742369336
TR-030803,2025-07-13,1035.13,1033.7209094974203
TR-030804,2025-07-13,1359.53,1316.93776652505
TR-030805,2025-07-13,3773.57,3633.759839737419
TR-030806,2025-07-13,912.34,957.8037924947503
TR-030807,2025-07-13,1452.6,1413.7158469448414
TR-030808,2025-07-13,1307.3,1281.5795779125492
TR-030809,2025-07-13,969.11,972.101836723198
TR-030810,2025-07-13,1623.84,1571.808315298074
TR-030811,2025-07-13,1252.32,1245.9128342498955
TR-030812,2025-07-13,2470.29,2541.4827310895307
TR-030813,2025-07-13,2556.21,2480.28582243057
TR-030814,2025-07-13,2082.85,2023.7901433264433
TR-030815,2025-07-13,2757.5,2686.860630087987
TR-030816,2025-07-13,3779.43,3887.7251146768376
TR-030817,2025-07-13,1377.33,1273.6079546282895
TR-030818,2025-07-13,4038.49,4002.944437150407
TR-030819,2025-07-13,3006.92,2740.3893881448494
TR-030820,2025-07-13,3780.45,3765.5408382163737
TR-030821,2025-07-13,2387.39,2355.9904812613768
TR-030822,2025-07-13,782.79,769.8973624759019
TR-030823,2025-07-13,2206.75,2137.6920971957124
TR-030824,2025-07-13,2122.49,2066.5466968610876
TR-030825,2025-07-13,845.86,830.7956682498236
TR-030826,2025-07-13,997.28,978.6443895941004
TR-030827,2025-07-13,3989.15,4018.106857811803
TR-030828,2025-07-13,2744.55,2842.5338801520934
TR-030829,2025-07-13,2058.37,1968.8852710026815
TR-030830,2025-07-13,2030.82,2174.8044715850547
TR-030831,2025-07-13,2759.22,2564.400152174827
TR-030832,2025-07-13,1293.41,1294.1545425481825
TR-030833,2025-07-13,3960.48,4126.823069060523
TR-030834,2025-07-13,2090.8,2066.1137031154253
TR-030835,2025-07-13,2241.72,2417.499926332088
TR-030836,2025-07-13,982.02,1004.3744713306179
TR-030837,2025-07-13,2406.93,2421.6629293546916
TR-030838,2025-07-13,2246.31,2305.0606658519655
TR-030839,2025-07-13,2783.66,2849.334093675298
TR-030840,2025-07-13,836.56,803.9413838173143
TR-030841,2025-07-13,2043.29,1972.4709211399202
TR-030842,2025-07-13,749.7,784.9517315937937
TR-030843,2025-07-13,1154.47,1128.3175004423224
TR-030844,2025-07-13,4325.3,4273.196767001522
TR-030845,2025-07-13,993.97,1026.66365304596
TR-030846,2025-07-13,4314.78,4360.4080830542425
TR-030847,2025-07-13,1145.24,1164.0797535699667
TR-030848,2025-07-13,2522.14,2524.135532182704
TR-030849,2025-07-13,1627.4,1623.5266552935548
TR-030850,2025-07-13,728.41,730.1107711570548
TR-030851,2025-07-13,4217.09,4211.548704138053
TR-030852,2025-07-13,2064.09,2003.4165095936544
TR-030853,2025-07-13,224.9,345.0985884933491
TR-030854,2025-07-13,4429.42,4397.723628844536
TR-030855,2025-07-13,1670.59,1651.1007271872304
TR-030856,2025-07-13,758.79,769.4133187216532
TR-030857,2025-07-13,312.99,328.13831066656917
TR-030858,2025-07-13,1001.52,975.2974878396656
TR-030859,2025-07-13,4827.69,4609.918803196872
TR-030860,2025-07-13,1874.57,1833.175355538085
TR-030861,2025-07-13,2071.3,2132.173509515222
TR-030862,2025-07-13,2351.95,2419.7722883132333
TR-030863,2025-07-13,1383.51,1369.8872066528975
TR-030864,2025-07-13,1265.86,1314.008609497951
TR-030865,2025-07-13,5283.97,5150.364557048873
TR-030866,2025-07-13,476.03,429.1359060391226
TR-030867,2025-07-13,1370.24,1337.988959024795
TR-030868,2025-07-13,5702.78,5897.654705071416
TR-030869,2025-07-13,3011.81,3019.3991426933
TR-030870,2025-07-13,1532.49,1409.7187358698527
TR-030871,2025-07-13,3866.94,3769.714077139628
TR-030872,2025-07-13,3950.52,3909.2541698863897
TR-030873,2025-07-13,4226.81,4239.785464843536
TR-030874,2025-07-13,5382.71,5140.964940919763
TR-030875,2025-07-13,2018.87,1988.1614772200255
TR-030876,2025-07-13,3086.11,3354.311356341435
TR-030877,2025-07-13,4798.13,4731.210735665319
TR-030878,2025-07-13,1544.93,1561.6138463374862
TR-030879,2025-07-13,1991.18,2001.6071285806495
TR-030880,2025-07-13,4780.32,4673.884072147812
TR-030881,2025-07-13,2628.64,2703.6027858644093
TR-030882,2025-07-13,4926.8,4813.753511721038
TR-030883,2025-07-13,610.35,605.3631730955135
TR-030884,2025-07-13,3336.06,3561.9621232699865
TR-030885,2025-07-13,1596.0,1564.0975103976398
TR-030886,2025-07-13,2594.37,2672.4878974197527
TR-030887,2025-07-13,3417.87,3338.2508133966285
TR-030888,2025-07-13,2348.52,2232.5646758668568
TR-030889,2025-07-13,2193.11,2103.34058103724
TR-030890,2025-07-13,4082.08,4184.352350936106
TR-030891,2025-07-13,3871.02,4006.1991984018855
TR-030892,2025-07-13,3108.39,925.3796219779642
TR-030893,2025-07-13,1075.32,1137.2049885325514
TR-030894,2025-07-13,2217.93,2270.0013801914142
TR-030895,2025-07-13,4549.32,4215.716832132704
TR-030896,2025-07-13,1084.28,1064.292861354958
TR-030897,2025-07-13,4767.36,4604.301232822061
TR-030898,2025-07-13,764.55,760.6043325467931
TR-030899,2025-07-13,997.07,1016.6642517966577
TR-030900,2025-07-13,774.46,775.6901112256182
TR-030901,2025-07-13,3827.37,3840.6663823512245
TR-030902,2025-07-13,1156.04,1139.3874828272883
TR-030903,2025-07-13,4714.08,4620.038142446319
TR-030904,2025-07-13,2065.24,2023.6346103203011
TR-030905,2025-07-13,1196.57,1235.2454029573792
TR-030906,2025-07-13,2054.27,2111.326751306949
TR-030907,2025-07-13,2010.15,1960.8597525714395
TR-030908,2025-07-13,3822.26,3686.452598504736
TR-030909,2025-07-13,2478.38,2427.140582266884
TR-030910,2025-07-13,780.67,725.3912252508578
TR-030911,2025-07-13,1592.78,1478.5132752369354
TR-030912,2025-07-13,2316.17,2172.7413294769526
TR-030913,2025-07-13,1645.68,1624.4566332726938
TR-030914,2025-07-13,2027.85,2013.773051913685
TR-030915,2025-07-13,3920.49,3962.018961447648
TR-030916,2025-07-13,3775.64,3848.844772657047
TR-030917,2025-07-13,890.78,877.1523949139046
TR-030918,2025-07-13,1499.46,1630.3653687341803
TR-030919,2025-07-13,1149.11,1135.994372626669
TR-030920,2025-07-13,1464.45,1456.5966512701666
TR-030921,2025-07-13,3451.49,3387.204229617917
TR-030922,2025-07-13,706.48,717.0796683630435
TR-030923,2025-07-14,2013.79,1980.998776469556
TR-030924,2025-07-14,3977.13,3784.5826484010513
TR-030925,2025-07-14,5355.59,5298.784973371661
TR-030926,2025-07-14,1544.71,1449.5419788278195
TR-030927,2025-07-14,1495.6,1455.5898246558795
TR-030928,2025-07-14,5172.64,5098.821069686534
TR-030929,2025-07-14,4011.1,3948.7473014065463
TR-030930,2025-07-14,4097.64,4189.5772717024975
TR-030931,2025-07-14,3050.75,3299.368622912869
TR-030932,2025-07-14,3216.84,3183.14897645796
TR-030933,2025-07-14,4303.41,4381.1343521484505
TR-030934,2025-07-14,4481.51,4456.6910219619185
TR-030935,2025-07-14,2716.36,2612.7350098183365
TR-030936,2025-07-14,361.91,397.3934888504425
TR-030937,2025-07-14,2253.82,2055.5729828369695
TR-030938,2025-07-14,1106.54,1085.2548400979902
TR-030939,2025-07-14,1002.36,1022.7594740370037
TR-030940,2025-07-14,1052.89,1070.9177544287354
TR-030941,2025-07-14,1256.28,1287.6512173310402
TR-030942,2025-07-14,898.29,860.1760465522996
TR-030943,2025-07-14,2864.99,2915.8967605327794
TR-030944,2025-07-14,493.72,474.4896030584812
TR-030945,2025-07-14,3072.58,2961.0766716630005
TR-030946,2025-07-14,3324.84,3128.9894277208414
TR-030947,2025-07-14,3688.5,3704.196930896408
TR-030948,2025-07-14,4177.2,4135.434034482672
TR-030949,2025-07-14,2966.57,2804.6280746331486
TR-030950,2025-07-14,1790.77,1812.7601447030872
TR-030951,2025-07-14,1451.46,1524.1354881935833
TR-030952,2025-07-14,5975.08,5372.857907748117
TR-030953,2025-07-14,3176.69,3048.4540033319436
TR-030954,2025-07-14,1851.57,1847.0763837627387
TR-030955,2025-07-14,891.32,889.0752761481281
TR-030956,2025-07-14,2053.22,2116.961945466952
TR-030957,2025-07-14,4609.63,4671.081042547499
TR-030958,2025-07-14,557.59,597.3328995990857
TR-030959,2025-07-14,983.41,972.4391855785441
TR-030960,2025-07-14,2910.22,2818.1157762826424
TR-030961,2025-07-14,3494.0,3441.591849454526
TR-030962,2025-07-14,2544.98,2550.319070692679
TR-030963,2025-07-14,576.24,561.3158383623688
TR-030964,2025-07-14,3613.63,3789.09431403277
TR-030965,2025-07-14,923.25,936.6782132330943
TR-030966,2025-07-14,803.51,854.8198832727999
TR-030967,2025-07-14,3835.93,3913.255167750375
TR-030968,2025-07-14,2299.7,2302.8753864739374
TR-030969,2025-07-14,268.86,390.09562842691844
TR-030970,2025-07-14,2823.78,2952.866091066313
TR-030971,2025-07-14,2509.41,2463.8312566629515
TR-030972,2025-07-14,525.15,552.2009477892318
TR-030973,2025-07-14,6516.72,5886.081801964002
TR-030974,2025-07-14,1006.11,1043.7886983978306
TR-030975,2025-07-14,612.21,625.2357051799652
TR-030976,2025-07-14,1769.34,1764.9764047726305
TR-030977,2025-07-14,1720.02,1710.1440784785734
TR-030978,2025-07-14,2189.38,2126.497429963557
TR-030979,2025-07-14,1169.63,1157.4263666990469
TR-030980,2025-07-14,4376.89,4369.826951423578
TR-030981,2025-07-14,977.71,959.7453036961269
TR-030982,2025-07-14,1104.31,1069.459412964149
TR-030983,2025-07-14,2072.97,2031.9138476641363
TR-030984,2025-07-14,779.65,750.9883217954273
TR-030985,2025-07-14,1560.35,1578.064645620928
TR-030986,2025-07-14,2303.43,2471.9493142651922
TR-030987,2025-07-14,2279.06,2084.9520890404565
TR-030988,2025-07-14,2300.43,2259.88956237861
TR-030989,2025-07-14,1673.65,1615.5378620966262
TR-030990,2025-07-14,1723.8,1766.8656155374883
TR-030991,2025-07-14,3718.98,3592.415486041258
TR-030992,2025-07-14,1468.72,1434.2079377586858
TR-030993,2025-07-14,1572.4,1504.8762307066563
TR-030994,2025-07-14,3572.98,3445.907336921676
TR-030995,2025-07-14,3963.91,3805.295580872841
TR-030996,2025-07-14,792.37,771.925923177467
TR-030997,2025-07-14,5696.87,5457.184242420844
TR-030998,2025-07-14,1882.51,1904.2134878861873
TR-030999,2025-07-14,4295.23,4384.577425680364
TR-031000,2025-07-14,4404.9,4294.177087074435
TR-031001,2025-07-14,3129.2,2776.1689412246124
TR-031002,2025-07-14,2553.5,2437.5852439070068
TR-031003,2025-07-14,2700.92,2656.13209331232
TR-031004,2025-07-14,2590.21,2583.2527181387086
TR-031005,2025-07-14,602.57,613.5747370904373
TR-031006,2025-07-14,1227.94,1257.0811994763944
TR-031007,2025-07-14,721.77,699.8751287273662
TR-031008,2025-07-14,4337.99,4135.380901415774
TR-031009,2025-07-14,2459.35,2464.9961368847753
TR-031010,2025-07-14,1605.46,1585.4778240123883
TR-031011,2025-07-14,600.87,629.857534740177
TR-031012,2025-07-14,3474.14,3462.258374528473
TR-031013,2025-07-14,2100.13,2003.0449128602838
TR-031014,2025-07-14,1609.27,1655.045983190403
TR-031015,2025-07-14,2206.95,2155.651971830756
TR-031016,2025-07-14,758.87,765.2116206625494
TR-031017,2025-07-14,3492.31,3424.00543537217
TR-031018,2025-07-14,4109.53,4304.539906185717
TR-031019,2025-07-14,926.82,3973.269447712834
TR-031020,2025-07-14,753.27,788.4469901128043
TR-031021,2025-07-14,964.44,971.8894828582672
TR-031022,2025-07-14,4574.6,4455.475724493956
TR-031023,2025-07-14,4116.38,3896.768596029683
TR-031024,2025-07-14,1782.79,1811.9797414796114
TR-031025,2025-07-14,3802.08,3692.47893173399
TR-031026,2025-07-14,1654.42,1601.525554980512
TR-031027,2025-07-14,1943.65,1906.2302563001906
TR-031028,2025-07-14,3136.73,3005.730361974305
TR-031029,2025-07-14,1297.39,1346.3137317593305
TR-031030,2025-07-14,1042.42,986.7436978203727
TR-031031,2025-07-14,3822.67,3951.30050594433
TR-031032,2025-07-14,5929.17,5133.684127340819
TR-031033,2025-07-14,1563.33,1573.371636040547
TR-031034,2025-07-14,2962.14,2913.095443134856
TR-031035,2025-07-14,1850.69,1865.7780743177668
TR-031036,2025-07-14,1720.99,1716.314863304015
TR-031037,2025-07-14,3956.97,3907.2680747431177
TR-031038,2025-07-14,3841.23,3800.577439298536
TR-031039,2025-07-14,2380.76,2355.370396272904
TR-031040,2025-07-14,2062.37,2023.5236070669382
TR-031041,2025-07-14,3842.0,3705.9627127503754
TR-031042,2025-07-14,4003.37,4049.9534992484687
TR-031043,2025-07-14,1204.56,1177.5031312141618
TR-031044,2025-07-14,4140.39,4188.406529030951
TR-031045,2025-07-14,1642.24,1713.602332867332
TR-031046,2025-07-14,3859.46,4031.7211450722534
TR-031047,2025-07-14,3440.06,3386.171859560044
TR-031048,2025-07-14,1980.59,2038.1745769647978
TR-031049,2025-07-14,1241.76,1260.3826629934613
TR-031050,2025-07-14,5052.56,4717.377765264411
TR-031051,2025-07-14,646.7,653.2507985920283
TR-031052,2025-07-14,2707.19,2599.7672009760017
TR-031053,2025-07-14,2378.42,2436.739272823499
TR-031054,2025-07-14,1021.92,1038.8007726651263
TR-031055,2025-07-14,245.71,391.209072005546
TR-031056,2025-07-14,2792.66,2730.0877743477868
TR-031057,2025-07-14,1017.63,995.9470271384641
TR-031058,2025-07-14,1481.47,1503.0870368100618
TR-031059,2025-07-14,3440.83,3523.72526438582
TR-031060,2025-07-14,1930.82,1929.622568309995
TR-031061,2025-07-14,2200.07,2091.55647321396
TR-031062,2025-07-14,1918.97,1873.364677880302
TR-031063,2025-07-14,492.71,515.832639032767
TR-031064,2025-07-14,2663.21,2670.995400768472
TR-031065,2025-07-14,4484.12,4252.795606987274
TR-031066,2025-07-14,2557.11,2666.6288820419704
TR-031067,2025-07-14,6359.0,5858.511339447391
TR-031068,2025-07-14,2028.09,1980.284938252756
TR-031069,2025-07-14,4856.54,4628.288024743019
TR-031070,2025-07-14,2566.75,2523.9076974481113
TR-031071,2025-07-14,915.73,905.3614942019851
TR-031072,2025-07-14,1850.23,1823.3015881110375
TR-031073,2025-07-14,2802.59,3077.991773679738
TR-031074,2025-07-14,1813.98,1840.9814859740106
TR-031075,2025-07-14,3495.35,3424.015744067972
TR-031076,2025-07-15,1028.63,1048.7860367578414
TR-031077,2025-07-15,1828.3,1790.5950055835772
TR-031078,2025-07-15,2828.32,2701.2897343108857
TR-031079,2025-07-15,3718.96,3903.6713830315
TR-031080,2025-07-15,4411.76,4486.550034269317
TR-031081,2025-07-15,4700.02,4639.857743810612
TR-031082,2025-07-15,2703.15,2592.735780354981
TR-031083,2025-07-15,4170.96,4234.312412775924
TR-031084,2025-07-15,4538.81,4431.156512987989
TR-031085,2025-07-15,3463.97,3542.741969881459
TR-031086,2025-07-15,3837.61,3770.7303140757163
TR-031087,2025-07-15,5519.2,5338.885178481222
TR-031088,2025-07-15,5481.82,5453.920259552589
TR-031089,2025-07-15,3898.57,3916.770426859323
TR-031090,2025-07-15,1834.62,1834.3088204469798
TR-031091,2025-07-15,1468.29,1435.2144384225962
TR-031092,2025-07-15,1661.76,1627.0679612344215
TR-031093,2025-07-15,588.42,641.1350905903791
TR-031094,2025-07-15,2997.65,2836.373621295683
TR-031095,2025-07-15,1070.62,1031.5720351484708
TR-031096,2025-07-15,4025.89,3953.2848803194247
TR-031097,2025-07-15,4861.52,4634.715674857891
TR-031098,2025-07-15,2101.44,2102.7045290628553
TR-031099,2025-07-15,1330.11,1362.186769090889
TR-031100,2025-07-15,1647.97,1700.3042945936854
TR-031101,2025-07-15,1394.12,1400.1512021257463
TR-031102,2025-07-15,4231.14,4214.291809858114
TR-031103,2025-07-15,3402.55,3737.6608797977656
TR-031104,2025-07-15,2128.61,2068.2061827780417
TR-031105,2025-07-15,896.3,898.2180659218559
TR-031106,2025-07-15,1146.04,1161.1897202503
TR-031107,2025-07-15,1149.63,1099.7711860436684
TR-031108,2025-07-15,3900.59,3897.897276360004
TR-031109,2025-07-15,3886.51,3917.6703143628606
TR-031110,2025-07-15,3857.69,3789.1559340096414
TR-031111,2025-07-15,2637.05,2469.020521296102
TR-031112,2025-07-15,4026.81,3973.4682397654287
TR-031113,2025-07-15,1483.61,1409.2472262163328
TR-031114,2025-07-15,880.63,868.3419510517588
TR-031115,2025-07-15,589.95,640.7419779230213
TR-031116,2025-07-15,2619.05,2636.1555534132813
TR-031117,2025-07-15,3670.22,3486.691889385017
TR-031118,2025-07-15,1033.64,1029.5988958481207
TR-031119,2025-07-15,1960.16,1955.1036439488016
TR-031120,2025-07-15,1133.6,1172.0347562445388
TR-031121,2025-07-15,3569.07,3660.2458300222643
TR-031122,2025-07-15,4496.11,4417.457333823947
TR-031123,2025-07-15,2192.77,2279.471605220923
TR-031124,2025-07-15,3462.35,3426.7708290181117
TR-031125,2025-07-15,1051.27,1036.8523032132025
TR-031126,2025-07-15,1908.66,1959.9751576464962
TR-031127,2025-07-15,4779.51,4828.357499669846
TR-031128,2025-07-15,2800.39,2947.285473891672
TR-031129,2025-07-15,2132.27,2070.711452307892
TR-031130,2025-07-15,1962.71,1989.6802368083545
TR-031131,2025-07-15,5061.61,1687.3796592684168
TR-031132,2025-07-15,1779.31,1861.144383621863
TR-031133,2025-07-15,438.84,519.6980187710074
TR-031134,2025-07-15,2242.32,2222.595936447771
TR-031135,2025-07-15,4073.44,4110.441502696241
TR-031136,2025-07-15,1908.18,1902.1783520235492
TR-031137,2025-07-15,5592.89,5364.001918594791
TR-031138,2025-07-15,2374.3,2259.012609009163
TR-031139,2025-07-15,2479.34,2452.2843912599
TR-031140,2025-07-15,2058.89,2033.2266502523428
TR-031141,2025-07-15,4651.51,4662.684541665511
TR-031142,2025-07-15,1987.29,1962.5850300282607
TR-031143,2025-07-15,5591.08,5352.59466570836
TR-031144,2025-07-15,542.36,580.7372348572926
TR-031145,2025-07-15,312.92,473.2839754902434
TR-031146,2025-07-15,3781.76,3901.824526862848
TR-031147,2025-07-15,1869.74,1882.7701030481585
TR-031148,2025-07-15,4280.67,4232.390139700987
TR-031149,2025-07-15,1131.43,1151.7216579311716
TR-031150,2025-07-15,3590.05,3589.320550724552
TR-031151,2025-07-15,2061.73,2044.182734438567
TR-031152,2025-07-15,5802.66,5433.82590375991
TR-031153,2025-07-15,730.52,766.4405718833084
TR-031154,2025-07-15,723.46,717.9109167998081
TR-031155,2025-07-15,839.57,869.6515354672472
TR-031156,2025-07-15,1120.67,1157.4050453944874
TR-031157,2025-07-15,1005.61,996.7966262999935
TR-031158,2025-07-15,2175.61,2392.9617318975534
TR-031159,2025-07-15,4050.58,4069.6971152519327
TR-031160,2025-07-15,4662.18,4516.261257954957
TR-031161,2025-07-15,2313.21,2256.353151599024
TR-031162,2025-07-15,2513.39,2435.60768100319
TR-031163,2025-07-15,2475.03,2319.474500734631
TR-031164,2025-07-15,3052.91,3228.2918056491344
TR-031165,2025-07-15,1141.87,1152.7267622013378
TR-031166,2025-07-15,1415.54,1397.202389090604
TR-031167,2025-07-15,4309.52,4354.622397283707
TR-031168,2025-07-15,2297.18,2212.4395835265614
TR-031169,2025-07-15,1373.21,1385.1839083180457
TR-031170,2025-07-15,3165.42,3072.40624749557
TR-031171,2025-07-15,673.4,649.5529536087897
TR-031172,2025-07-15,3618.84,3459.125127766317
TR-031173,2025-07-15,2676.5,2313.5890670886097
TR-031174,2025-07-15,4056.98,4181.859197939203
TR-031175,2025-07-15,1185.63,1166.419887013289
TR-031176,2025-07-15,4080.45,3970.660435114938
TR-031177,2025-07-15,1156.3,1147.6101913768757
TR-031178,2025-07-15,912.09,966.832111258683
TR-031179,2025-07-15,3341.52,3198.7323232823837
TR-031180,2025-07-15,4128.74,4014.9601963773325
TR-031181,2025-07-15,6109.42,5964.488645804925
TR-031182,2025-07-15,885.35,891.4536165851293
TR-031183,2025-07-15,1100.5,1089.0481134850957
TR-031184,2025-07-15,4203.27,4056.90171055298
TR-031185,2025-07-15,474.14,444.74285242446945
TR-031186,2025-07-15,1544.4,1545.9291725952367
TR-031187,2025-07-15,4436.55,4384.448634813234
TR-031188,2025-07-15,2530.21,2340.8030041574757
TR-031189,2025-07-15,1039.62,1055.2555212857833
TR-031190,2025-07-15,1343.16,1336.000692682549
TR-031191,2025-07-15,3745.4,3724.769491817142
TR-031192,2025-07-15,3428.99,3668.883993772774
TR-031193,2025-07-15,2283.5,2235.5095597199447
TR-031194,2025-07-15,3505.89,3667.772342910788
TR-031195,2025-07-15,345.46,417.0866920097176
TR-031196,2025-07-15,3369.69,3037.185321693151
TR-031197,2025-07-15,3133.96,3041.268719111634
TR-031198,2025-07-15,1395.35,1397.3027461571373
TR-031199,2025-07-15,910.93,939.4577030973655
TR-031200,2025-07-15,3460.09,3523.4032253729565
TR-031201,2025-07-15,2499.54,2293.6086383841493
TR-031202,2025-07-15,9445.95,2876.7791408616486
TR-031203,2025-07-15,2406.54,2549.635229359971
TR-031204,2025-07-15,3614.89,3527.8324359749454
TR-031205,2025-07-15,2665.86,2817.1516979973376
TR-031206,2025-07-15,4806.59,4742.250210630664
TR-031207,2025-07-15,4374.54,4323.03215758073
TR-031208,2025-07-15,5737.5,5376.873801899688
TR-031209,2025-07-15,5800.11,5669.422354888115
TR-031210,2025-07-15,968.4,936.6145966049748
TR-031211,2025-07-15,1466.16,1442.6160208498836
TR-031212,2025-07-15,4253.1,4285.013729997567
TR-031213,2025-07-15,2551.17,2486.125115310137
TR-031214,2025-07-15,3565.25,3635.4202213083154
TR-031215,2025-07-15,4869.46,4735.053210817874
TR-031216,2025-07-15,1882.94,1880.1910709111899
TR-031217,2025-07-15,909.27,926.2925639286821
TR-031218,2025-07-15,2911.96,3107.976972484804
TR-031219,2025-07-15,2488.57,2584.7531579385736
TR-031220,2025-07-15,5477.69,5428.876669136953
TR-031221,2025-07-15,1231.82,1258.627253056453
TR-031222,2025-07-15,1479.55,1418.3882457080128
TR-031223,2025-07-15,2318.57,2215.8939787810896
TR-031224,2025-07-15,491.96,496.69499626155925
TR-031225,2025-07-16,2513.37,2526.2383470368754
TR-031226,2025-07-16,1180.47,1176.14856685217
TR-031227,2025-07-16,1545.31,1543.8339649237553
TR-031228,2025-07-16,1349.51,1365.1884048875788
TR-031229,2025-07-16,1595.7,1579.9638870080444
TR-031230,2025-07-16,531.33,570.379030082695
TR-031231,2025-07-16,3745.55,3451.890374741321
TR-031232,2025-07-16,4736.47,4693.185991949453
TR-031233,2025-07-16,3269.88,3248.5925944017026
TR-031234,2025-07-16,4781.12,4518.196922443575
TR-031235,2025-07-16,3162.43,2943.1211668896403
TR-031236,2025-07-16,4778.73,4444.544048346936
TR-031237,2025-07-16,1284.21,1248.8014312052414
TR-031238,2025-07-16,763.11,785.0686329319647
TR-031239,2025-07-16,6312.38,6115.132238819919
TR-031240,2025-07-16,2299.33,2162.2150924056377
TR-031241,2025-07-16,4552.61,4336.774318460502
TR-031242,2025-07-16,713.38,740.0436305241958
TR-031243,2025-07-16,2054.62,1995.0707411413475
TR-031244,2025-07-16,1846.19,1810.2344351829345
TR-031245,2025-07-16,343.21,502.32124996480525
TR-031246,2025-07-16,4944.65,4828.87968334735
TR-031247,2025-07-16,1164.94,1174.0612017984427
TR-031248,2025-07-16,2198.2,2202.55678175695
TR-031249,2025-07-16,2076.81,2075.1906241991232
TR-031250,2025-07-16,1688.09,1729.5522186874105
TR-031251,2025-07-16,3019.0,2949.0460518664254
TR-031252,2025-07-16,5180.86,5176.963560365357
TR-031253,2025-07-16,3985.45,4092.174404771899
TR-031254,2025-07-16,1209.55,1265.4363092676635
TR-031255,2025-07-16,2629.73,2551.8064281256547
TR-031256,2025-07-16,5202.28,5087.812948215314
TR-031257,2025-07-16,657.66,674.9495524489232
TR-031258,2025-07-16,1820.91,1864.7759373610631
TR-031259,2025-07-16,1691.93,1664.5167584864034
TR-031260,2025-07-16,19042.39,3782.293814931798
TR-031261,2025-07-16,2545.02,2352.0529267388674
TR-031262,2025-07-16,1700.07,1657.8496259454728
TR-031263,2025-07-16,4453.17,4188.810102778149
TR-031264,2025-07-16,1762.58,1700.4481582231492
TR-031265,2025-07-16,2458.42,2451.4553447363824
TR-031266,2025-07-16,2995.27,2762.7056344488483
TR-031267,2025-07-16,1846.89,1767.6382080540466
TR-031268,2025-07-16,2479.39,2401.1071691551692
TR-031269,2025-07-16,3948.52,4005.21406258313
TR-031270,2025-07-16,4388.84,4425.432016259312
TR-031271,2025-07-16,5341.61,5218.79525948684
TR-031272,2025-07-16,796.62,843.9243300147882
TR-031273,2025-07-16,4157.9,4132.002376801615
TR-031274,2025-07-16,811.4,817.4517736471053
TR-031275,2025-07-16,2531.05,2468.8474555767893
TR-031276,2025-07-16,1334.81,1329.200361517064
TR-031277,2025-07-16,2274.26,2075.733155269627
TR-031278,2025-07-16,2179.5,2151.5641306980524
TR-031279,2025-07-16,1336.61,1311.1285768310304
TR-031280,2025-07-16,2848.44,2694.711209269957
TR-031281,2025-07-16,1016.23,1056.0126227688957
TR-031282,2025-07-16,3369.39,3386.7678204308177
TR-031283,2025-07-16,2478.25,2511.2600200973447
TR-031284,2025-07-16,5817.95,5636.937895470158
TR-031285,2025-07-16,2797.85,2734.1735743251384
TR-031286,2025-07-16,1615.55,1614.6915466541454
TR-031287,2025-07-16,2282.64,2259.4910808283594
TR-031288,2025-07-16,4191.28,4288.520645247978
TR-031289,2025-07-16,1877.27,1788.0495441652192
TR-031290,2025-07-16,1739.6,1661.9930777926807
TR-031291,2025-07-16,4179.08,4032.5052191737595
TR-031292,2025-07-16,4635.54,4673.319871000351
TR-031293,2025-07-16,2837.44,2746.218899668479
TR-031294,2025-07-16,804.91,2531.495988711506
TR-031295,2025-07-16,2613.67,2587.378551141949
TR-031296,2025-07-16,5018.11,4924.85673529021
TR-031297,2025-07-16,4643.35,4651.856598691269
TR-031298,2025-07-16,423.31,456.56575516509065
TR-031299,2025-07-16,2044.57,2010.1675115741602
TR-031300,2025-07-16,4560.5,4734.734504531296
TR-031301,2025-07-16,353.57,410.3364776434796
TR-031302,2025-07-16,1800.31,1812.3496605282357
TR-031303,2025-07-16,4358.6,1832.753987985388
TR-031304,2025-07-16,2821.46,2818.068629863516
TR-031305,2025-07-16,1537.67,1566.901746284476
TR-031306,2025-07-16,1143.56,1114.3274444372778
TR-031307,2025-07-16,1417.5,1420.5755020513652
TR-031308,2025-07-16,562.63,569.0235454819306
TR-031309,2025-07-16,4130.49,3886.5348663833392
TR-031310,2025-07-16,1566.47,1548.8036552166125
TR-031311,2025-07-16,2037.41,1932.3539158265164
TR-031312,2025-07-16,1010.31,1008.5888117530466
TR-031313,2025-07-16,5392.04,5181.818441049934
TR-031314,2025-07-16,1488.69,1505.666034366801
TR-031315,2025-07-16,2684.4,2566.01905920895
TR-031316,2025-07-16,2095.89,2138.727107669701
TR-031317,2025-07-16,3175.88,3035.0065548495963
TR-031318,2025-07-16,1129.56,1101.350735342412
TR-031319,2025-07-16,1954.38,1992.4227776659407
TR-031320,2025-07-16,1174.86,1197.8825546773699
TR-031321,2025-07-16,1734.09,1709.3859065187153
TR-031322,2025-07-16,2210.71,2159.19310729519
TR-031323,2025-07-16,1278.83,1261.9200926804529
TR-031324,2025-07-16,1152.25,1122.6322892700368
TR-031325,2025-07-16,2305.91,2294.4539608728746
TR-031326,2025-07-16,2942.26,3019.153180718276
TR-031327,2025-07-16,6510.96,6016.957873534006
TR-031328,2025-07-16,2371.78,2356.8199972315133
TR-031329,2025-07-16,1954.96,1938.78505779717
TR-031330,2025-07-16,1423.55,1356.6262401405068
TR-031331,2025-07-16,956.22,932.129378751903
TR-031332,2025-07-16,2894.8,2675.2561703371357
TR-031333,2025-07-16,5970.35,1641.9728741622077
TR-031334,2025-07-16,2963.06,3177.640894326248
TR-031335,2025-07-16,1694.67,1658.0052591316721
TR-031336,2025-07-16,902.78,932.4304864808071
TR-031337,2025-07-16,966.36,952.5577296767151
TR-031338,2025-07-16,4544.07,4324.458593433084
TR-031339,2025-07-16,1660.46,1675.208394087366
TR-031340,2025-07-16,312.22,397.2890120885738
TR-031341,2025-07-16,2629.41,2674.4508541380414
TR-031342,2025-07-16,3531.56,3374.7906355862924
TR-031343,2025-07-16,4615.93,4535.782515661811
TR-031344,2025-07-16,4006.49,3978.5989328268397
TR-031345,2025-07-16,3435.48,3470.432138875897
TR-031346,2025-07-16,2103.16,2162.649370191633
TR-031347,2025-07-16,2088.78,2002.6489349215717
TR-031348,2025-07-16,926.88,918.7695936039936
TR-031349,2025-07-16,1186.7,1082.6555694990861
TR-031350,2025-07-16,2685.15,2456.857652685546
TR-031351,2025-07-16,2928.02,2940.9075041460796
TR-031352,2025-07-16,3691.21,3577.0392773536005
TR-031353,2025-07-16,2363.35,2178.5208594104456
TR-031354,2025-07-16,1341.26,1328.0248889908594
TR-031355,2025-07-16,1941.56,1851.2854230968935
TR-031356,2025-07-16,2065.8,2001.3551001806163
TR-031357,2025-07-16,2839.63,2732.9464142516304
TR-031358,2025-07-16,849.26,842.7399046234814
TR-031359,2025-07-16,3803.6,3599.2705763786157
TR-031360,2025-07-16,1499.34,1539.6809782290245
TR-031361,2025-07-16,2178.09,2163.118269317785
TR-031362,2025-07-16,703.07,717.7817017729205
TR-031363,2025-07-16,1195.93,1181.152905941764
TR-031364,2025-07-16,2555.73,2566.2061701373864
TR-031365,2025-07-16,5972.2,5927.907573343195
TR-031366,2025-07-16,2171.81,2054.5415368203476
TR-031367,2025-07-16,3296.97,3304.3593558943417
TR-031368,2025-07-16,4155.08,4207.113079038414
TR-031369,2025-07-16,1773.92,1744.8947172048388
TR-031370,2025-07-16,1187.01,1184.3140865827936
TR-031371,2025-07-16,1575.81,1594.362077960624
TR-031372,2025-07-16,3118.16,3253.086220650235
TR-031373,2025-07-16,1143.76,1158.4044552125538
TR-031374,2025-07-17,6638.75,6275.545128992232
TR-031375,2025-07-17,2217.51,2205.7870690460413
TR-031376,2025-07-17,3492.8,3271.385952675655
TR-031377,2025-07-17,3229.54,3194.4473888574366
TR-031378,2025-07-17,1656.43,1627.3330052882511
TR-031379,2025-07-17,3832.66,3888.179003757706
TR-031380,2025-07-17,2045.58,1980.1125967453586
TR-031381,2025-07-17,1082.16,1072.446384602643
TR-031382,2025-07-17,1397.01,1343.0883441353967
TR-031383,2025-07-17,3669.39,3593.6074343688606
TR-031384,2025-07-17,596.1,580.4852700235267
TR-031385,2025-07-17,4256.96,4034.3053189450784
TR-031386,2025-07-17,2309.46,2162.2466466651863
TR-031387,2025-07-17,804.37,851.94990055226
TR-031388,2025-07-17,1980.14,1932.4633447925
TR-031389,2025-07-17,357.76,557.7276742024501
TR-031390,2025-07-17,2417.81,2305.455037153623
TR-031391,2025-07-17,1272.41,1255.0417248156286
TR-031392,2025-07-17,4098.46,4060.3955104712636
TR-031393,2025-07-17,813.18,804.3233333440867
TR-031394,2025-07-17,2960.92,3019.6401230818
TR-031395,2025-07-17,3715.2,3620.470013692303
TR-031396,2025-07-17,4511.81,4488.18153416317
TR-031397,2025-07-17,1621.96,1605.8300965090825
TR-031398,2025-07-17,4058.58,4144.521847232836
TR-031399,2025-07-17,380.46,414.86454295669796
TR-031400,2025-07-17,3694.79,3623.002915937239
TR-031401,2025-07-17,1420.85,1390.8354172490067
TR-031402,2025-07-17,353.69,510.55454834950365
TR-031403,2025-07-17,2072.59,1965.3473620983805
TR-031404,2025-07-17,2116.32,2123.7703977838814
TR-031405,2025-07-17,3275.69,3366.325390503881
TR-031406,2025-07-17,2966.6,2803.4909460491476
TR-031407,2025-07-17,2277.07,2260.7024950408377
TR-031408,2025-07-17,3556.32,3455.8088920954865
TR-031409,2025-07-17,1126.03,1123.8433717598757
TR-031410,2025-07-17,580.91,579.3906600385014
TR-031411,2025-07-17,4422.6,4496.124096253422
TR-031412,2025-07-17,859.57,881.5417803708815
TR-031413,2025-07-17,3499.26,3431.1612733679713
TR-031414,2025-07-17,1562.78,1600.5895245026907
TR-031415,2025-07-17,2841.75,2627.7987488457834
TR-031416,2025-07-17,884.63,900.5424409712307
TR-031417,2025-07-17,3133.06,3220.747183151233
TR-031418,2025-07-17,4123.03,3977.2296956320906
TR-031419,2025-07-17,3959.06,3956.9462489661646
TR-031420,2025-07-17,4757.82,4629.263559944997
TR-031421,2025-07-17,3384.98,3270.988094029096
TR-031422,2025-07-17,2275.32,2198.8338188527414
TR-031423,2025-07-17,3429.16,3398.3268365932945
TR-031424,2025-07-17,1225.21,1205.8820491063143
TR-031425,2025-07-17,1558.87,1505.1873493823257
TR-031426,2025-07-17,1023.17,1011.3709121633126
TR-031427,2025-07-17,3305.66,3405.8196492619873
TR-031428,2025-07-17,1376.76,1361.4146928280286
TR-031429,2025-07-17,694.65,716.2875134168385
TR-031430,2025-07-17,1812.61,1775.2563012706576
TR-031431,2025-07-17,3558.75,3548.0382872954387
TR-031432,2025-07-17,1684.1,1682.1972059080633
TR-031433,2025-07-17,4264.82,4268.826076790403
TR-031434,2025-07-17,1629.48,1593.003180444468
TR-031435,2025-07-17,3598.03,3420.085686293117
TR-031436,2025-07-17,865.1,887.3648970725035
TR-031437,2025-07-17,1989.26,1924.0444111206143
TR-031438,2025-07-17,1695.22,1647.8367884624727
TR-031439,2025-07-17,781.61,795.400532981741
TR-031440,2025-07-17,2015.81,1983.2443150724996
TR-031441,2025-07-17,1043.87,1063.6532024440205
TR-031442,2025-07-17,4162.47,4266.945906452551
TR-031443,2025-07-17,2587.52,2451.5176027501166
TR-031444,2025-07-17,3984.62,4041.5348794173833
TR-031445,2025-07-17,2072.24,2065.4518654625444
TR-031446,2025-07-17,1229.83,1271.3836203611581
TR-031447,2025-07-17,2592.17,2423.511247053342
TR-031448,2025-07-17,3759.21,3613.147914989562
TR-031449,2025-07-17,2493.89,2433.513387120067
TR-031450,2025-07-17,4384.53,4338.778081017326
TR-031451,2025-07-17,1596.51,1577.9538065545157
TR-031452,2025-07-17,3722.0,3640.150418973183
TR-031453,2025-07-17,796.1,841.3836922792268
TR-031454,2025-07-17,3792.84,3694.8506917468294
TR-031455,2025-07-17,1825.92,1763.4778158584732
TR-031456,2025-07-17,5190.0,5119.910151947359
TR-031457,2025-07-17,1393.35,1359.5150938213976
TR-031458,2025-07-17,2033.9,2048.734925306106
TR-031459,2025-07-17,1306.37,1362.080660423026
TR-031460,2025-07-17,1291.87,1324.9751199456655
TR-031461,2025-07-17,10965.67,2409.108462589045
TR-031462,2025-07-17,3619.13,3514.4245194712753
TR-031463,2025-07-17,1820.41,1847.3199861010917
TR-031464,2025-07-17,1998.3,2021.769373938977
TR-031465,2025-07-17,1363.85,1389.0619329262838
TR-031466,2025-07-17,3749.6,3732.783666777676
TR-031467,2025-07-17,5204.08,5220.631965080079
TR-031468,2025-07-17,6156.12,5943.104296025982
TR-031469,2025-07-17,4263.01,4002.1206532418573
TR-031470,2025-07-17,1595.4,1526.2460724984246
TR-031471,2025-07-17,1361.76,1395.6657260289999
TR-031472,2025-07-17,1159.11,1200.0169390209705
TR-031473,2025-07-17,2976.78,2985.6135184660507
TR-031474,2025-07-17,1947.38,1829.131026032917
TR-031475,2025-07-17,3119.09,3136.6234400010812
TR-031476,2025-07-17,4078.02,4013.32893845538
TR-031477,2025-07-17,5495.08,5484.426957234136
TR-031478,2025-07-17,879.94,901.4235537619104
TR-031479,2025-07-17,1015.33,960.9406112034494
TR-031480,2025-07-17,1802.44,1782.1369865464349
TR-031481,2025-07-17,2064.26,1990.1051795035935
TR-031482,2025-07-17,1347.85,1389.7676138947693
TR-031483,2025-07-17,1272.75,1262.8358068955888
TR-031484,2025-07-17,4223.36,4305.936415708291
TR-031485,2025-07-17,846.13,845.6382872957367
TR-031486,2025-07-17,1597.36,1609.6877940599375
TR-031487,2025-07-17,1820.18,1748.1193074944777
TR-031488,2025-07-17,613.47,640.3623168461997
TR-031489,2025-07-17,1213.6,1171.5614214914726
TR-031490,2025-07-17,1616.93,1621.131916254493
TR-031491,2025-07-17,3797.93,3780.6297657489067
TR-031492,2025-07-17,2109.92,2110.64641250596
TR-031493,2025-07-17,3967.58,4076.5106199013294
TR-031494,2025-07-17,763.41,782.6087741605468
TR-031495,2025-07-17,924.44,924.8674066018889
TR-031496,2025-07-17,2507.98,2496.828161938455
TR-031497,2025-07-17,3511.46,3414.0308063383964
TR-031498,2025-07-17,518.99,546.0700883939107
TR-031499,2025-07-17,625.26,618.7473480269175
TR-031500,2025-07-17,468.9,481.4701037018722
TR-031501,2025-07-17,4824.66,4506.963305642528
TR-031502,2025-07-17,4962.25,4997.0323890499985
TR-031503,2025-07-17,1574.86,1533.0964321857005
TR-031504,2025-07-17,2311.49,2115.761610673034
TR-031505,2025-07-17,1769.7,1763.7454834077032
TR-031506,2025-07-17,3794.57,3922.1986639473134
TR-031507,2025-07-17,1296.07,1223.2641183341127
TR-031508,2025-07-17,1711.55,1661.4039595254376
TR-031509,2025-07-17,1814.05,1731.908561489242
TR-031510,2025-07-17,1558.87,1510.7331524083058
TR-031511,2025-07-17,2646.95,2553.2343787880004
TR-031512,2025-07-17,1647.46,1650.4027102910873
TR-031513,2025-07-17,2415.54,2490.466105460835
TR-031514,2025-07-17,3124.63,3024.807950468481
TR-031515,2025-07-17,2650.43,2577.842665004372
TR-031516,2025-07-17,1151.48,1158.364594368832
TR-031517,2025-07-17,974.64,1014.3380830567019
TR-031518,2025-07-17,2152.83,2142.320484071065
TR-031519,2025-07-17,2285.17,2314.2354005386965
TR-031520,2025-07-17,1278.15,1310.8208493841996
TR-031521,2025-07-17,4258.71,4080.6255110013726
TR-031522,2025-07-17,1604.74,1616.4961059006432
TR-031523,2025-07-17,3223.02,3111.9051531702607
TR-031524,2025-07-17,2535.07,2474.2598657472463
TR-031525,2025-07-17,3510.78,3303.3286624805173
TR-031526,2025-07-18,2113.86,2162.9975109622437
TR-031527,2025-07-18,5278.65,5065.936674631161
TR-031528,2025-07-18,4048.36,4068.759192052799
TR-031529,2025-07-18,1592.76,1553.1073754945244
TR-031530,2025-07-18,3416.23,3587.917627727441
TR-031531,2025-07-18,1572.25,1488.4820593821537
TR-031532,2025-07-18,482.25,543.6934854182571
TR-031533,2025-07-18,1778.15,1773.922133105946
TR-031534,2025-07-18,1267.89,1231.4397407752333
TR-031535,2025-07-18,1764.79,1695.5653045817025
TR-031536,2025-07-18,2292.08,2212.636839847635
TR-031537,2025-07-18,3453.16,3316.4648125482017
TR-031538,2025-07-18,4608.72,4616.046365960692
TR-031539,2025-07-18,2542.37,2606.9980080244386
TR-031540,2025-07-18,1186.65,1166.4915440839936
TR-031541,2025-07-18,1279.82,1323.0454902063573
TR-031542,2025-07-18,1809.81,1803.9661417658747
TR-031543,2025-07-18,833.05,824.6210582406584
TR-031544,2025-07-18,583.26,607.5159772289696
TR-031545,2025-07-18,764.93,768.064583945322
TR-031546,2025-07-18,1246.54,1220.9829405722862
TR-031547,2025-07-18,860.69,792.4465281544653
TR-031548,2025-07-18,4386.82,4167.002068088605
TR-031549,2025-07-18,1188.12,1178.4356696922557
TR-031550,2025-07-18,2279.14,2245.216216719533
TR-031551,2025-07-18,1237.17,1247.6545395683975
TR-031552,2025-07-18,1982.94,1995.132400727591
TR-031553,2025-07-18,2836.0,2658.6668261706786
TR-031554,2025-07-18,756.12,736.5160506243403
TR-031555,2025-07-18,1665.21,1646.505093840396
TR-031556,2025-07-18,1884.32,1857.5192307478364
TR-031557,2025-07-18,1997.67,2007.9175540972303
TR-031558,2025-07-18,4695.36,4642.99550265769
TR-031559,2025-07-18,3200.48,3092.3188494754086
TR-031560,2025-07-18,2916.47,2875.619501614283
TR-031561,2025-07-18,1889.65,1860.9937012831788
TR-031562,2025-07-18,3980.9,4048.9551050735595
TR-031563,2025-07-18,3048.58,3303.38995642595
TR-031564,2025-07-18,3271.96,3244.3682089398453
TR-031565,2025-07-18,2059.4,2046.354107763601
TR-031566,2025-07-18,1484.88,1472.922976684205
TR-031567,2025-07-18,3758.14,3694.512504674959
TR-031568,2025-07-18,1880.56,1921.258136012596
TR-031569,2025-07-18,1040.46,1023.1461676028485
TR-031570,2025-07-18,2147.13,2254.1083542614797
TR-031571,2025-07-18,1374.61,1411.428831220519
TR-031572,2025-07-18,886.08,829.4161384423937
TR-031573,2025-07-18,2009.98,1952.5085547869978
TR-031574,2025-07-18,2509.51,2528.3430836590433
TR-031575,2025-07-18,3701.45,3609.859953510613
TR-031576,2025-07-18,1470.86,1444.4435582926076
TR-031577,2025-07-18,1194.38,1181.6721502541275
TR-031578,2025-07-18,4883.17,4752.32181736912
TR-031579,2025-07-18,772.66,776.8315192692389
TR-031580,2025-07-18,3039.33,2975.089377124397
TR-031581,2025-07-18,831.51,875.2531587734861
TR-031582,2025-07-18,5121.69,5029.737621752225
TR-031583,2025-07-18,1039.54,1060.1183128285793
TR-031584,2025-07-18,3312.14,3443.5414061335896
TR-031585,2025-07-18,2140.92,2029.4650545698767
TR-031586,2025-07-18,1130.85,1180.8456388567627
TR-031587,2025-07-18,1102.63,1169.9435943732358
TR-031588,2025-07-18,1447.66,1437.3568646711808
TR-031589,2025-07-18,4535.45,4575.212818324278
TR-031590,2025-07-18,1545.48,1579.577417638211
TR-031591,2025-07-18,1152.92,1150.834555723789
TR-031592,2025-07-18,788.56,816.9980238163917
TR-031593,2025-07-18,1679.29,1629.8347619534711
TR-031594,2025-07-18,1326.29,1294.2166044136156
TR-031595,2025-07-18,3610.33,3855.21236558648
TR-031596,2025-07-18,4522.53,4172.065888165847
TR-031597,2025-07-18,5145.5,4969.67744170582
TR-031598,2025-07-18,3360.46,3417.507516826967
TR-031599,2025-07-18,3584.14,3610.2864665184943
TR-031600,2025-07-18,3594.26,3620.4392795342355
TR-031601,2025-07-18,1444.58,1400.8985311617284
TR-031602,2025-07-18,1826.01,1870.9370517145758
TR-031603,2025-07-18,5132.85,5105.32988423206
TR-031604,2025-07-18,2017.87,2034.7231811236625
TR-031605,2025-07-18,1041.78,1013.9517060526083
TR-031606,2025-07-18,2305.08,2177.360327583693
TR-031607,2025-07-18,1292.76,1250.0284957229685
TR-031608,2025-07-18,1221.06,1219.9224413316892
TR-031609,2025-07-18,1533.85,1603.8457136516492
TR-031610,2025-07-18,2131.63,2224.5975971863213
TR-031611,2025-07-18,4197.17,4064.096253653698
TR-031612,2025-07-18,1364.3,1379.7752282455135
TR-031613,2025-07-18,847.29,822.0105795378113
TR-031614,2025-07-18,628.38,610.8008499273465
TR-031615,2025-07-18,4660.82,4777.805279184459
TR-031616,2025-07-18,1109.81,1176.6857176129733
TR-031617,2025-07-18,1682.6,1682.399430779232
TR-031618,2025-07-18,1931.59,1868.8073085664073
TR-031619,2025-07-18,751.31,788.5592160186347
TR-031620,2025-07-18,1025.42,2512.065570329154
TR-031621,2025-07-18,1847.63,1873.869271992387
TR-031622,2025-07-18,2223.8,2094.8189126415796
TR-031623,2025-07-18,1512.25,1459.7952366302475
TR-031624,2025-07-18,485.59,455.52346289388765
TR-031625,2025-07-18,2183.25,2142.6918742269604
TR-031626,2025-07-18,1971.5,1940.122656279445
TR-031627,2025-07-18,644.32,647.6306532790366
TR-031628,2025-07-18,2900.65,2517.4910292667664
TR-031629,2025-07-18,2111.93,2151.4182981644954
TR-031630,2025-07-18,2789.58,2768.126738247124
TR-031631,2025-07-18,2667.5,2627.8653712708037
TR-031632,2025-07-18,2434.0,2475.085516513314
TR-031633,2025-07-18,3166.44,3082.9482084342485
TR-031634,2025-07-18,1735.84,1746.5642577945237
TR-031635,2025-07-18,1340.13,1319.2702725955044
TR-031636,2025-07-18,2375.42,2587.379403711123
TR-031637,2025-07-18,2383.02,2297.0920301562837
TR-031638,2025-07-18,4657.5,4742.696343526174
TR-031639,2025-07-18,1051.37,1089.8859011982559
TR-031640,2025-07-18,2208.89,2199.4417430686563
TR-031641,2025-07-18,4304.42,4339.605474150354
TR-031642,2025-07-18,839.15,841.5990949526636
TR-031643,2025-07-18,2083.52,2086.8421659269447
TR-031644,2025-07-18,3827.29,3634.5017530811924
TR-031645,2025-07-18,3559.85,3386.078976969444
TR-031646,2025-07-18,1892.96,1938.6780847260786
TR-031647,2025-07-18,2714.25,2581.464184783156
TR-031648,2025-07-18,2319.37,2305.9453476906115
TR-031649,2025-07-18,2437.76,2535.508768904608
TR-031650,2025-07-18,4302.4,4336.953211475462
TR-031651,2025-07-18,920.33,916.6403346136144
TR-031652,2025-07-18,2037.23,2085.9407435376775
TR-031653,2025-07-18,1263.39,1244.6037465118525
TR-031654,2025-07-18,648.31,663.5268208645252
TR-031655,2025-07-18,1945.39,1900.109013932891
TR-031656,2025-07-18,1726.9,1769.983803329234
TR-031657,2025-07-18,3905.98,3736.344044680058
TR-031658,2025-07-18,3879.18,3982.195848811063
TR-031659,2025-07-18,2436.91,2312.1657090883173
TR-031660,2025-07-18,3969.03,3849.473369974343
TR-031661,2025-07-18,2196.24,2202.270415834105
TR-031662,2025-07-18,2772.61,2731.3932694414266
TR-031663,2025-07-18,4734.99,4765.987224825309
TR-031664,2025-07-18,3341.15,3186.5485696067985
TR-031665,2025-07-18,569.62,597.5726130968496
TR-031666,2025-07-18,3872.25,3852.3730979237007
TR-031667,2025-07-18,1689.23,1765.6249358672294
TR-031668,2025-07-18,2211.48,2073.4799554249653
TR-031669,2025-07-18,764.33,777.6239907739173
TR-031670,2025-07-18,1909.88,1822.7869516941844
TR-031671,2025-07-18,1402.08,1384.3088758471113
TR-031672,2025-07-18,643.27,673.4089398259923
TR-031673,2025-07-18,1086.93,1062.8494337115562
TR-031674,2025-07-18,581.24,611.3134960626048
TR-031675,2025-07-18,860.37,844.4245217589028
TR-031676,2025-07-18,627.4,625.2102411571834
TR-031677,2025-07-18,1207.2,1238.2938806724428
TR-031678,2025-07-18,695.03,730.1066702851665
TR-031679,2025-07-18,735.65,732.3162010756994
TR-031680,2025-07-19,411.83,382.2443728112203
TR-031681,2025-07-19,2395.32,2219.4492258934106
TR-031682,2025-07-19,656.07,651.8855958692964
TR-031683,2025-07-19,1385.05,1364.3395167465615
TR-031684,2025-07-19,2868.19,3076.025844959634
TR-031685,2025-07-19,3329.37,3469.098633928478
TR-031686,2025-07-19,2271.09,2225.5804214601126
TR-031687,2025-07-19,3795.87,3693.6614550797317
TR-031688,2025-07-19,1707.52,1777.094839594927
TR-031689,2025-07-19,2859.05,2712.617390713004
TR-031690,2025-07-19,2269.87,2168.2180217572
TR-031691,2025-07-19,3168.1,3134.517379291712
TR-031692,2025-07-19,1856.54,1870.1376546107758
TR-031693,2025-07-19,6184.19,5935.125862923131
TR-031694,2025-07-19,779.74,807.279617716976
TR-031695,2025-07-19,3725.54,3562.4328326882533
TR-031696,2025-07-19,634.94,580.7205620536095
TR-031697,2025-07-19,2302.7,2171.1167515698803
TR-031698,2025-07-19,1742.37,1765.0724713687794
TR-031699,2025-07-19,1213.28,1215.134882755543
TR-031700,2025-07-19,4645.79,4489.031003901264
TR-031701,2025-07-19,1915.25,1939.8668787199213
TR-031702,2025-07-19,1661.79,1631.5732185441288
TR-031703,2025-07-19,3918.5,3776.1838698498036
TR-031704,2025-07-19,832.48,858.9791816966417
TR-031705,2025-07-19,2902.84,2892.806976129852
TR-031706,2025-07-19,1418.35,1374.6719111691734
TR-031707,2025-07-19,1137.81,1171.2042169510382
TR-031708,2025-07-19,3832.34,3427.0037372594234
TR-031709,2025-07-19,1286.38,1216.020127449778
TR-031710,2025-07-19,3365.82,3357.9894452267254
TR-031711,2025-07-19,2629.72,2589.9801033410404
TR-031712,2025-07-19,655.11,617.9062916439857
TR-031713,2025-07-19,739.06,761.7384789614728
TR-031714,2025-07-19,1101.84,1098.8761349610359
TR-031715,2025-07-19,4287.8,4428.618546487571
TR-031716,2025-07-19,644.95,664.2408719613952
TR-031717,2025-07-19,3813.66,3747.6462657968787
TR-031718,2025-07-19,3906.53,3832.558891636455
TR-031719,2025-07-19,961.59,930.1658910639769
TR-031720,2025-07-19,728.49,748.5854255751065
TR-031721,2025-07-19,2323.82,2214.2114243549536
TR-031722,2025-07-19,3789.38,3592.004456480344
TR-031723,2025-07-19,1860.35,1813.2766480696953
TR-031724,2025-07-19,3016.54,3067.427217044222
TR-031725,2025-07-19,2190.35,2243.647183327216
TR-031726,2025-07-19,5619.01,5548.289574229202
TR-031727,2025-07-19,2012.82,2137.0870884568894
TR-031728,2025-07-19,2988.76,2913.573147811297
TR-031729,2025-07-19,4291.97,4193.883249497936
TR-031730,2025-07-19,167.63,761.2662279433107
TR-031731,2025-07-19,4670.39,4532.861399080274
TR-031732,2025-07-19,1160.24,1158.0329282887378
TR-031733,2025-07-19,2031.14,2197.480417367509
TR-031734,2025-07-19,3363.21,3214.8545956581565
TR-031735,2025-07-19,2655.17,2612.7562328774575
TR-031736,2025-07-19,856.18,802.0166566532105
TR-031737,2025-07-19,2123.07,2136.8903223148664
TR-031738,2025-07-19,2193.44,2039.0927051884078
TR-031739,2025-07-19,1682.44,1627.975504723143
TR-031740,2025-07-19,1558.6,1643.8701492374362
TR-031741,2025-07-19,1417.06,1325.1900507565574
TR-031742,2025-07-19,921.0,992.2614167110307
TR-031743,2025-07-19,6193.75,5958.307942546276
TR-031744,2025-07-19,1208.29,1197.10937980467
TR-031745,2025-07-19,2640.82,2463.737870573896
TR-031746,2025-07-19,573.13,2260.391738698071
TR-031747,2025-07-19,1386.42,1326.9255847771713
TR-031748,2025-07-19,4507.5,4275.490661751388
TR-031749,2025-07-19,2004.62,1992.4978136833502
TR-031750,2025-07-19,5281.13,5146.691399377029
TR-031751,2025-07-19,1217.22,1200.4741476048353
TR-031752,2025-07-19,2021.05,2011.8045237131896
TR-031753,2025-07-19,2197.86,2197.6679695532926
TR-031754,2025-07-19,4127.58,4036.5595763924794
TR-031755,2025-07-19,1836.18,1777.4260850051178
TR-031756,2025-07-19,1490.12,1525.4140599578463
TR-031757,2025-07-19,1080.05,1021.8934508332586
TR-031758,2025-07-19,5071.98,4816.4152478935885
TR-031759,2025-07-19,2383.37,2203.748789500845
TR-031760,2025-07-19,2948.52,2926.332738582057
TR-031761,2025-07-19,1024.45,1039.6108634287675
TR-031762,2025-07-19,1554.87,1505.1364379807615
TR-031763,2025-07-19,1537.23,1560.0445578493652
TR-031764,2025-07-19,3693.9,3824.181923280463
TR-031765,2025-07-19,4838.22,4736.946425222461
TR-031766,2025-07-19,2856.63,2950.7350943556025
TR-031767,2025-07-19,1186.79,1132.061834228147
TR-031768,2025-07-19,2773.41,2635.910049821956
TR-031769,2025-07-19,2589.11,2632.0496435079804
TR-031770,2025-07-19,2202.94,2179.173100909596
TR-031771,2025-07-19,1809.76,1871.406447913801
TR-031772,2025-07-19,2407.29,2259.3176020047604
TR-031773,2025-07-19,4554.92,4414.945732387026
TR-031774,2025-07-19,1638.48,1598.3476264357357
TR-031775,2025-07-19,628.22,662.4316598265241
TR-031776,2025-07-19,3351.5,3279.525729777387
TR-031777,2025-07-19,2970.23,2744.156311218224
TR-031778,2025-07-19,1532.08,1571.0414814364583
TR-031779,2025-07-19,1088.36,1084.7882738023643
TR-031780,2025-07-19,5088.98,4772.95393429859
TR-031781,2025-07-19,2335.46,2094.1559029407226
TR-031782,2025-07-19,1116.86,1132.3503489860077
TR-031783,2025-07-19,639.73,654.8644541767735
TR-031784,2025-07-19,1757.58,1776.119448870135
TR-031785,2025-07-19,2821.13,2708.529878393488
TR-031786,2025-07-19,3978.13,3779.134415264105
TR-031787,2025-07-19,1272.75,1290.681704921386
TR-031788,2025-07-19,1398.67,3901.73412694333
TR-031789,2025-07-19,607.91,605.3601584500038
TR-031790,2025-07-19,3765.86,3856.3859630999114
TR-031791,2025-07-19,1920.95,1884.0561445068688
TR-031792,2025-07-19,689.96,689.9584620407566
TR-031793,2025-07-19,3340.64,3386.8165869294858
TR-031794,2025-07-19,2471.11,2448.1222785016384
TR-031795,2025-07-19,1987.25,2077.235477294725
TR-031796,2025-07-19,1983.19,1901.153325955123
TR-031797,2025-07-19,1228.65,1196.3841766545734
TR-031798,2025-07-19,4373.61,4393.93407011239
TR-031799,2025-07-19,1971.73,2002.2078132195516
TR-031800,2025-07-19,1282.18,1314.0451610954442
TR-031801,2025-07-19,2771.07,2917.8860176460585
TR-031802,2025-07-19,2265.62,2175.657492451277
TR-031803,2025-07-19,1410.06,1375.2230343265155
TR-031804,2025-07-19,1739.75,1749.5294305805246
TR-031805,2025-07-19,1139.4,1127.702779178409
TR-031806,2025-07-19,897.41,866.5357411869829
TR-031807,2025-07-19,3478.54,3365.0606600425986
TR-031808,2025-07-19,1362.07,1352.4886104355323
TR-031809,2025-07-19,1153.21,1146.7086815696507
TR-031810,2025-07-19,3692.33,3654.820467305023
TR-031811,2025-07-19,1356.86,1376.4283855497447
TR-031812,2025-07-19,3781.83,3795.0809707069166
TR-031813,2025-07-19,2697.24,2589.418009728684
TR-031814,2025-07-19,3993.28,3754.6127128195894
TR-031815,2025-07-19,888.58,974.4841957529445
TR-031816,2025-07-19,1849.59,1860.5599818044907
TR-031817,2025-07-19,792.23,809.2799241045143
TR-031818,2025-07-19,2049.36,2003.365846382249
TR-031819,2025-07-19,3321.53,3112.3834294909957
TR-031820,2025-07-19,5111.68,4909.2137342467795
TR-031821,2025-07-19,2890.32,2503.147457452995
TR-031822,2025-07-19,1554.7,1496.4057322149185
TR-031823,2025-07-19,3709.91,3726.721344389886
TR-031824,2025-07-19,1249.2,1236.5388648961743
TR-031825,2025-07-19,2315.59,2183.1503026171704
TR-031826,2025-07-20,1703.23,1721.2912878475051
TR-031827,2025-07-20,1831.22,1817.5595011219498
TR-031828,2025-07-20,1302.13,1296.4788784340278
TR-031829,2025-07-20,1934.13,1822.6016757824646
TR-031830,2025-07-20,3708.88,3584.2781716701793
TR-031831,2025-07-20,3967.28,3849.409842696863
TR-031832,2025-07-20,4197.26,4188.750756330398
TR-031833,2025-07-20,711.85,694.6930856886568
TR-031834,2025-07-20,1607.39,1567.7774344434424
TR-031835,2025-07-20,2399.63,2383.2269185550454
TR-031836,2025-07-20,2508.49,2486.77792645459
TR-031837,2025-07-20,834.95,883.3410104031632
TR-031838,2025-07-20,957.04,986.0313402082468
TR-031839,2025-07-20,1489.56,1528.2449434321015
TR-031840,2025-07-20,3642.46,3717.8968933965953
TR-031841,2025-07-20,3308.16,3059.4471374396862
TR-031842,2025-07-20,5254.97,5119.891725662978
TR-031843,2025-07-20,2017.97,2038.1012250823999
TR-031844,2025-07-20,2552.19,2532.32079859851
TR-031845,2025-07-20,3008.23,2920.1503476240396
TR-031846,2025-07-20,5260.81,5159.522286844198
TR-031847,2025-07-20,1398.98,1349.0575930883524
TR-031848,2025-07-20,1520.14,1499.136981085755
TR-031849,2025-07-20,988.49,1026.6658067658748
TR-031850,2025-07-20,1363.62,1320.6461776338622
TR-031851,2025-07-20,1944.96,1923.0266128101957
TR-031852,2025-07-20,4117.33,4149.358484272392
TR-031853,2025-07-20,1810.98,1810.1637683122512
TR-031854,2025-07-20,2291.82,2233.452214614476
TR-031855,2025-07-20,2955.39,2581.814826719727
TR-031856,2025-07-20,2924.74,3049.1414366538493
TR-031857,2025-07-20,1107.3,1109.844806935382
TR-031858,2025-07-20,4157.82,4107.202908139163
TR-031859,2025-07-20,2868.58,3035.933135960404
TR-031860,2025-07-20,2402.16,2290.2243384168073
TR-031861,2025-07-20,4106.3,4220.873102470194
TR-031862,2025-07-20,2881.52,2950.8774047828288
TR-031863,2025-07-20,730.58,781.1462553235983
TR-031864,2025-07-20,3755.18,3706.1095378618775
TR-031865,2025-07-20,1821.63,1777.7574617124174
TR-031866,2025-07-20,2280.81,2233.9887843808056
TR-031867,2025-07-20,597.48,571.4595115570849
TR-031868,2025-07-20,2162.48,2121.229276497306
TR-031869,2025-07-20,4844.2,4641.546699433326
TR-031870,2025-07-20,3239.14,3060.710617402404
TR-031871,2025-07-20,2675.14,2508.370453826253
TR-031872,2025-07-20,1211.4,1217.4801198950381
TR-031873,2025-07-20,494.05,504.4917587110756
TR-031874,2025-07-20,1384.32,1342.5531943009826
TR-031875,2025-07-20,3602.1,3615.869336414872
TR-031876,2025-07-20,5394.76,5359.205875711306
TR-031877,2025-07-20,5115.97,5006.6965920584635
TR-031878,2025-07-20,920.1,917.4968555726816
TR-031879,2025-07-20,2696.01,2589.2802088117546
TR-031880,2025-07-20,3314.31,3085.5991682446174
TR-031881,2025-07-20,872.08,876.5277011517958
TR-031882,2025-07-20,3934.28,3935.4324258460288
TR-031883,2025-07-20,2195.52,2092.746327985682
TR-031884,2025-07-20,2451.04,2252.968172114905
TR-031885,2025-07-20,2697.37,2573.2732053960885
TR-031886,2025-07-20,2368.9,2556.9460651162394
TR-031887,2025-07-20,4092.25,4093.0544984921544
TR-031888,2025-07-20,3445.36,3248.9139399455344
TR-031889,2025-07-20,4346.16,4251.103913280727
TR-031890,2025-07-20,1410.03,1400.8826979380237
TR-031891,2025-07-20,1112.27,1112.3958127758847
TR-031892,2025-07-20,5235.6,4987.387819321724
TR-031893,2025-07-20,5010.93,5091.165766099261
TR-031894,2025-07-20,4487.05,4489.152139839407
TR-031895,2025-07-20,4430.3,4419.41966716633
TR-031896,2025-07-20,1862.84,1808.1840744692668
TR-031897,2025-07-20,412.5,537.0176538752548
TR-031898,2025-07-20,5847.05,5560.826654097436
TR-031899,2025-07-20,6113.07,5943.370228236683
TR-031900,2025-07-20,1531.53,1521.9706360281123
TR-031901,2025-07-20,1796.25,1839.3754436453708
TR-031902,2025-07-20,1174.03,1161.2654560333767
TR-031903,2025-07-20,3390.69,3298.934934031927
TR-031904,2025-07-20,543.57,569.9808025382299
TR-031905,2025-07-20,1845.07,2080.245293703557
TR-031906,2025-07-20,4848.69,4775.7177702215795
TR-031907,2025-07-20,1200.36,1204.361447222499
TR-031908,2025-07-20,1455.79,1364.5995346722107
TR-031909,2025-07-20,687.82,657.696954404631
TR-031910,2025-07-20,4276.57,4293.69575795645
TR-031911,2025-07-20,1800.7,1811.4493907336287
TR-031912,2025-07-20,2489.92,2252.640234698648
TR-031913,2025-07-20,993.92,992.071986397387
TR-031914,2025-07-20,657.56,682.3741047355372
TR-031915,2025-07-20,758.05,795.8335251359606
TR-031916,2025-07-20,1546.1,1442.3306553975344
TR-031917,2025-07-20,2302.76,2243.948975275703
TR-031918,2025-07-20,4528.71,4568.256801691274
TR-031919,2025-07-20,1138.71,1126.9823393611093
TR-031920,2025-07-20,1675.33,1638.1487730890049
TR-031921,2025-07-20,2427.19,2592.3061910846927
TR-031922,2025-07-20,4120.08,4163.7547870392755
TR-031923,2025-07-20,1145.31,1172.6660512146495
TR-031924,2025-07-20,2378.18,2186.1263713385233
TR-031925,2025-07-20,585.54,576.9445855409383
TR-031926,2025-07-20,1125.47,1185.3385907282245
TR-031927,2025-07-20,2818.39,2931.454290666855
TR-031928,2025-07-20,799.82,767.1105061190476
TR-031929,2025-07-20,1877.2,1825.1202026545957
TR-031930,2025-07-20,676.94,688.3674704564928
TR-031931,2025-07-20,1981.19,2025.1936214144464
TR-031932,2025-07-20,1438.94,1512.1823484129684
TR-031933,2025-07-20,1037.33,1027.2506191221487
TR-031934,2025-07-20,2548.7,2397.2498154050895
TR-031935,2025-07-20,1039.63,1108.1440787530528
TR-031936,2025-07-20,3235.64,3088.2837383409496
TR-031937,2025-07-20,1129.75,1131.3913671108032
TR-031938,2025-07-20,2969.7,3123.0844161750865
TR-031939,2025-07-20,518.29,540.6666306751981
TR-031940,2025-07-20,2192.83,2255.8719266474563
TR-031941,2025-07-20,3803.56,3858.3229812245872
TR-031942,2025-07-20,2692.13,2677.3149603084858
TR-031943,2025-07-20,4406.97,4532.230211360076
TR-031944,2025-07-20,1455.31,1438.2479604182843
TR-031945,2025-07-20,1109.72,1109.5634097038942
TR-031946,2025-07-20,960.16,947.9261024208502
TR-031947,2025-07-20,1359.09,1368.7658385737423
TR-031948,2025-07-20,4620.0,4530.387828527959
TR-031949,2025-07-20,3727.62,3728.760410908155
TR-031950,2025-07-20,4819.32,4825.490146526168
TR-031951,2025-07-20,2435.03,2567.124406233479
TR-031952,2025-07-20,3910.33,3714.8589154736937
TR-031953,2025-07-20,2505.79,2689.036373594632
TR-031954,2025-07-20,3367.1,3362.4235940820654
TR-031955,2025-07-20,1917.44,1833.6095912296419
TR-031956,2025-07-20,1973.65,1947.7627372174845
TR-031957,2025-07-20,981.06,1035.828021208316
TR-031958,2025-07-20,3632.59,3676.2675369775097
TR-031959,2025-07-20,1487.91,1477.3195035377257
TR-031960,2025-07-20,1472.86,1458.945544910157
TR-031961,2025-07-20,553.64,530.4658589911646
TR-031962,2025-07-20,2825.47,2921.0578094663206
TR-031963,2025-07-20,858.34,4505.768244406692
TR-031964,2025-07-20,3365.67,3333.22431125646
TR-031965,2025-07-20,4585.63,4515.563298925383
TR-031966,2025-07-20,1772.56,1752.7657561077383
TR-031967,2025-07-20,2068.14,2083.997749857953
TR-031968,2025-07-20,1940.57,1942.0056230347093
TR-031969,2025-07-20,2602.55,2680.6083983686176
TR-031970,2025-07-20,1803.76,1846.2098654598774
TR-031971,2025-07-20,1177.75,1210.785689582549
TR-031972,2025-07-20,1401.87,1359.7994282505042
TR-031973,2025-07-20,2415.19,2628.1495371510928
TR-031974,2025-07-20,3041.27,3175.7378000616027
TR-031975,2025-07-20,3765.98,3632.1302868790112
TR-031976,2025-07-20,1912.88,1920.2133375287058
TR-031977,2025-07-20,652.88,679.0728674845509
TR-031978,2025-07-20,1770.64,1799.1748772015826
TR-031979,2025-07-20,1034.67,1054.4464035181768
TR-031980,2025-07-20,617.18,590.7351704728203
TR-031981,2025-07-20,1052.3,1059.3359445914045
TR-031982,2025-07-20,3845.9,4010.4391979840575
TR-031983,2025-07-20,2462.15,2220.738181991767
TR-031984,2025-07-20,1831.7,1877.2865479443997
TR-031985,2025-07-20,1917.86,1906.7622322001557
TR-031986,2025-07-21,2328.27,2237.9111901344836
TR-031987,2025-07-21,1110.64,1158.1515451787818
TR-031988,2025-07-21,2368.89,2413.190151051652
TR-031989,2025-07-21,4058.51,3997.0859913797817
TR-031990,2025-07-21,3300.43,3300.597284698248
TR-031991,2025-07-21,3866.32,4050.336202593082
TR-031992,2025-07-21,1347.15,1362.239102284928
TR-031993,2025-07-21,1626.95,1596.9701072321068
TR-031994,2025-07-21,3353.12,3631.658825182195
TR-031995,2025-07-21,3867.57,3861.730564406575
TR-031996,2025-07-21,2878.11,2927.8291943087606
TR-031997,2025-07-21,1404.33,1423.466008980885
TR-031998,2025-07-21,831.36,831.2433795946079
TR-031999,2025-07-21,1768.56,1819.2381128812262
TR-032000,2025-07-21,1716.55,1737.5867243149867
TR-032001,2025-07-21,1977.25,1993.3173576105232
TR-032002,2025-07-21,1175.04,1243.827803739582
TR-032003,2025-07-21,3914.0,4028.7970038065987
TR-032004,2025-07-21,418.34,435.6719957615735
TR-032005,2025-07-21,1049.48,1048.742158809107
TR-032006,2025-07-21,835.07,841.4941413095412
TR-032007,2025-07-21,586.26,608.7718173250903
TR-032008,2025-07-21,3225.33,3125.7559582138956
TR-032009,2025-07-21,1847.13,1849.9471586722027
TR-032010,2025-07-21,1503.47,1560.4361483786377
TR-032011,2025-07-21,1905.24,1834.1427836201467
TR-032012,2025-07-21,2847.22,2709.3740490177106
TR-032013,2025-07-21,555.97,561.04279699975
TR-032014,2025-07-21,2803.6,2825.506184794615
TR-032015,2025-07-21,4701.91,4505.615267028466
TR-032016,2025-07-21,2446.87,2564.8117759511215
TR-032017,2025-07-21,4101.96,4093.262010943098
TR-032018,2025-07-21,1716.17,1624.4004457968379
TR-032019,2025-07-21,1993.56,2004.2147742163813
TR-032020,2025-07-21,1442.66,1433.3191749385185
TR-032021,2025-07-21,1722.55,1814.3409344769807
TR-032022,2025-07-21,2048.23,2108.07026989899
TR-032023,2025-07-21,4246.1,4274.13011910654
TR-032024,2025-07-21,3905.04,3890.0754113234107
TR-032025,2025-07-21,4463.38,4314.998450884554
TR-032026,2025-07-21,905.22,930.6015604287045
TR-032027,2025-07-21,4629.83,4511.707293336674
TR-032028,2025-07-21,1805.26,1710.2992997346978
TR-032029,2025-07-21,2038.28,1978.0527898895864
TR-032030,2025-07-21,3954.69,3854.220631767943
TR-032031,2025-07-21,3152.33,3218.6670513880154
TR-032032,2025-07-21,1164.63,1172.7459360888763
TR-032033,2025-07-21,1487.98,1416.9566122604178
TR-032034,2025-07-21,2727.28,2555.220878390799
TR-032035,2025-07-21,351.4,413.9298793742835
TR-032036,2025-07-21,2921.23,2862.141468547549
TR-032037,2025-07-21,5705.67,5603.879265051199
TR-032038,2025-07-21,3131.17,3308.340752739441
TR-032039,2025-07-21,4287.11,4345.938146113943
TR-032040,2025-07-21,4184.88,4121.363477676432
TR-032041,2025-07-21,1261.08,1295.7455806079743
TR-032042,2025-07-21,4821.73,4549.085357585727
TR-032043,2025-07-21,503.34,522.7878042754289
TR-032044,2025-07-21,3728.3,3736.0563685678744
TR-032045,2025-07-21,3470.76,3627.2066692112376
TR-032046,2025-07-21,4129.51,3953.271394781065
TR-032047,2025-07-21,2081.08,2133.9670406927085
TR-032048,2025-07-21,5546.76,5387.806972689172
TR-032049,2025-07-21,3462.71,3528.5912548743636
TR-032050,2025-07-21,5517.76,5167.213668827701
TR-032051,2025-07-21,2361.95,2320.62152388614
TR-032052,2025-07-21,2155.51,2054.3984579420435
TR-032053,2025-07-21,1712.92,1642.903257595377
TR-032054,2025-07-21,4577.46,4636.400501933682
TR-032055,2025-07-21,1749.54,1837.5109714325304
TR-032056,2025-07-21,1801.65,1882.0151356641545
TR-032057,2025-07-21,558.05,568.0296967130223
TR-032058,2025-07-21,1631.51,1578.716238211478
TR-032059,2025-07-21,3587.67,3717.398734858957
TR-032060,2025-07-21,1034.33,1069.3813938252329
TR-032061,2025-07-21,3827.23,3828.8970907034636
TR-032062,2025-07-21,1046.53,1094.6054834799736
TR-032063,2025-07-21,2001.45,2006.2370667708576
TR-032064,2025-07-21,4042.24,4075.270310945132
TR-032065,2025-07-21,1892.07,1888.4616528324414
TR-032066,2025-07-21,5202.24,5168.339769234213
TR-032067,2025-07-21,3387.64,3648.5980020657626
TR-032068,2025-07-21,4625.92,4583.8505102453255
TR-032069,2025-07-21,320.74,394.33585187340236
TR-032070,2025-07-21,1399.66,1365.501187096957
TR-032071,2025-07-21,1289.1,1262.095005383156
TR-032072,2025-07-21,1350.0,1320.650525955025
TR-032073,2025-07-21,2287.61,2249.551379824771
TR-032074,2025-07-21,3862.65,4071.7224794163744
TR-032075,2025-07-21,2103.83,2124.8783786505824
TR-032076,2025-07-21,2285.81,2085.422991282128
TR-032077,2025-07-21,3092.0,3074.2387957215574
TR-032078,2025-07-21,767.15,744.1864600834303
TR-032079,2025-07-21,5072.27,4721.0278358420455
TR-032080,2025-07-21,856.74,836.8574098887134
TR-032081,2025-07-21,4237.97,4192.576202634804
TR-032082,2025-07-21,2410.14,2261.2075776211714
TR-032083,2025-07-21,2229.86,2174.2029986294433
TR-032084,2025-07-21,1956.53,1920.9037738106304
TR-032085,2025-07-21,7417.99,2350.8081024710514
TR-032086,2025-07-21,459.81,419.77132048641283
TR-032087,2025-07-21,1847.9,1832.6815109768174
TR-032088,2025-07-21,2235.24,2128.1429545012948
TR-032089,2025-07-21,969.68,964.142526744102
TR-032090,2025-07-21,2248.32,2132.180245790178
TR-032091,2025-07-21,1500.0,1458.042215498338
TR-032092,2025-07-21,1115.5,1170.9812692825215
TR-032093,2025-07-21,2015.42,2071.795500528615
TR-032094,2025-07-21,924.31,943.8966933592408
TR-032095,2025-07-21,2370.21,2394.413358201682
TR-032096,2025-07-21,1139.35,1125.3150594414387
TR-032097,2025-07-21,3261.6,3264.8079741368892
TR-032098,2025-07-21,1776.72,1749.3446555075502
TR-032099,2025-07-21,4499.82,4311.382238639094
TR-032100,2025-07-21,1709.75,1760.4456205411493
TR-032101,2025-07-21,1074.33,1055.6689117651676
TR-032102,2025-07-21,709.4,710.5161525262258
TR-032103,2025-07-21,885.53,940.3675008384705
TR-032104,2025-07-21,686.28,701.6960584025971
TR-032105,2025-07-21,2235.1,2110.3509578228527
TR-032106,2025-07-21,5060.17,4892.953045126354
TR-032107,2025-07-21,983.41,981.5269321329833
TR-032108,2025-07-21,1868.55,1889.5998143982931
TR-032109,2025-07-21,1961.33,2075.030001648888
TR-032110,2025-07-21,1551.94,1558.4005185949688
TR-032111,2025-07-21,952.89,916.765101209169
TR-032112,2025-07-21,3602.63,3656.1947263972143
TR-032113,2025-07-21,3163.37,3087.6889744172468
TR-032114,2025-07-21,1529.24,1586.1298366046738
TR-032115,2025-07-21,1327.91,1334.213478695747
TR-032116,2025-07-21,1906.13,1914.0460593421894
TR-032117,2025-07-21,1280.25,1207.4614021615375
TR-032118,2025-07-21,4603.74,4627.210516527653
TR-032119,2025-07-21,2365.91,2450.621929256873
TR-032120,2025-07-21,1894.4,1913.435319358215
TR-032121,2025-07-21,1433.69,1385.3927597697211
TR-032122,2025-07-21,2689.69,2743.2257604374186
TR-032123,2025-07-21,1417.36,1421.317163794402
TR-032124,2025-07-21,4813.4,4695.780485495465
TR-032125,2025-07-21,2553.37,2742.297584135437
TR-032126,2025-07-21,2376.58,2409.846491893981
TR-032127,2025-07-21,1913.57,1882.3581543061553
TR-032128,2025-07-21,3514.03,3598.006501123163
TR-032129,2025-07-21,4215.05,4107.042120763013
TR-032130,2025-07-21,451.41,416.6331386436584
TR-032131,2025-07-22,3118.81,3058.5643807100264
TR-032132,2025-07-22,1935.36,1961.5165350792588
TR-032133,2025-07-22,545.29,540.9965952209391
TR-032134,2025-07-22,975.02,1036.2812037312722
TR-032135,2025-07-22,2954.5,2995.3651443206104
TR-032136,2025-07-22,3726.02,3532.9732979890714
TR-032137,2025-07-22,599.98,603.1310844737798
TR-032138,2025-07-22,3386.87,3290.690519563618
TR-032139,2025-07-22,1072.0,1064.4799496069563
TR-032140,2025-07-22,4130.11,4206.758587748139
TR-032141,2025-07-22,1830.93,1815.5317812952749
TR-032142,2025-07-22,907.2,955.4000825619685
TR-032143,2025-07-22,2578.18,2510.9753158893736
TR-032144,2025-07-22,2537.47,2610.1630189781704
TR-032145,2025-07-22,2058.72,2026.1891657590309
TR-032146,2025-07-22,762.05,758.3413773445482
TR-032147,2025-07-22,1695.49,1654.0308574890157
TR-032148,2025-07-22,1345.77,1430.917086891299
TR-032149,2025-07-22,1950.66,1973.7088929284614
TR-032150,2025-07-22,2248.05,2262.7823414176178
TR-032151,2025-07-22,2760.2,2780.727643371052
TR-032152,2025-07-22,958.75,987.6871408875188
TR-032153,2025-07-22,4250.1,4329.103951920628
TR-032154,2025-07-22,933.83,922.2896280846833
TR-032155,2025-07-22,2040.02,2011.4051608373563
TR-032156,2025-07-22,3804.83,3832.94833621051
TR-032157,2025-07-22,4985.24,4879.230009894893
TR-032158,2025-07-22,6077.29,5968.560484836686
TR-032159,2025-07-22,5289.24,5622.967502558657
TR-032160,2025-07-22,3601.12,3593.552380013337
TR-032161,2025-07-22,1601.13,1594.6260626003284
TR-032162,2025-07-22,3768.69,3751.0415640127303
TR-032163,2025-07-22,1040.61,1074.3495713641594
TR-032164,2025-07-22,2315.06,2202.81704935453
TR-032165,2025-07-22,1729.03,1733.1928077723205
TR-032166,2025-07-22,1587.97,1615.7052081221675
TR-032167,2025-07-22,2179.79,2077.8570057656543
TR-032168,2025-07-22,3160.11,3182.9271601535265
TR-032169,2025-07-22,379.37,488.65543987597266
TR-032170,2025-07-22,1550.55,1611.9565958402325
TR-032171,2025-07-22,819.75,868.5360650434486
TR-032172,2025-07-22,547.2,570.7707938588246
TR-032173,2025-07-22,2139.39,2061.322740031718
TR-032174,2025-07-22,1483.72,1475.7554965675881
TR-032175,2025-07-22,4369.5,4281.802647277353
TR-032176,2025-07-22,697.86,703.8097697303494
TR-032177,2025-07-22,1336.26,1357.3509309898857
TR-032178,2025-07-22,4044.58,3905.1379678066505
TR-032179,2025-07-22,1350.4,1229.0750273586436
TR-032180,2025-07-22,1939.01,1947.0489398727805
TR-032181,2025-07-22,4618.69,4387.750425034377
TR-032182,2025-07-22,3610.1,3606.056738493961
TR-032183,2025-07-22,4162.31,4311.522572941721
TR-032184,2025-07-22,403.54,423.94919736141196
TR-032185,2025-07-22,802.6,787.2903049427948
TR-032186,2025-07-22,5653.26,5342.970222974189
TR-032187,2025-07-22,3739.79,3472.2329541786094
TR-032188,2025-07-22,1498.09,1449.1182672393709
TR-032189,2025-07-22,1645.67,1628.3085232308094
TR-032190,2025-07-22,5204.97,5192.4453073866935
TR-032191,2025-07-22,1372.03,1345.7271879418074
TR-032192,2025-07-22,2413.94,2332.5216803553326
TR-032193,2025-07-22,2088.38,2138.8318273733894
TR-032194,2025-07-22,4143.74,4247.521407291557
TR-032195,2025-07-22,2194.97,2254.5136820696216
TR-032196,2025-07-22,1547.72,1574.7090668931069
TR-032197,2025-07-22,3721.19,3919.208649877116
TR-032198,2025-07-22,2500.87,2324.1661254404607
TR-032199,2025-07-22,2449.62,2416.2040099898577
TR-032200,2025-07-22,4204.43,3921.9333317157607
TR-032201,2025-07-22,1002.41,1015.5702539918523
TR-032202,2025-07-22,2846.43,2926.282874122495
TR-032203,2025-07-22,1425.2,1334.5353699320094
TR-032204,2025-07-22,3292.5,3137.7236697956096
TR-032205,2025-07-22,863.79,888.8945592754815
TR-032206,2025-07-22,799.03,827.7060561654112
TR-032207,2025-07-22,4082.26,3952.201301282911
TR-032208,2025-07-22,2975.7,2652.4290789555957
TR-032209,2025-07-22,4751.34,4659.792007330535
TR-032210,2025-07-22,1640.31,1639.1218878870786
TR-032211,2025-07-22,1646.27,1649.062425021028
TR-032212,2025-07-22,1694.58,1808.3006438366926
TR-032213,2025-07-22,662.69,644.456655548438
TR-032214,2025-07-22,1920.01,1924.7724493718347
TR-032215,2025-07-22,1436.72,1348.8551859068457
TR-032216,2025-07-22,2195.04,2152.4239161778114
TR-032217,2025-07-22,1759.09,1792.0718597074188
TR-032218,2025-07-22,4332.02,4160.219488634924
TR-032219,2025-07-22,3950.97,3719.5466356295356
TR-032220,2025-07-22,1857.64,1804.9588319528366
TR-032221,2025-07-22,2896.25,2962.5447900823174
TR-032222,2025-07-22,2808.01,2572.157415194569
TR-032223,2025-07-22,4244.92,4219.211657473779
TR-032224,2025-07-22,1572.08,1478.3676498706413
TR-032225,2025-07-22,1218.33,1225.4568703018826
TR-032226,2025-07-22,801.89,783.3033237067611
TR-032227,2025-07-22,577.9,599.4574172013076
TR-032228,2025-07-22,2267.57,2256.603328381404
TR-032229,2025-07-22,2431.16,2567.7913483296775
TR-032230,2025-07-22,3877.98,4129.626004795741
TR-032231,2025-07-22,1072.61,1064.4573756774362
TR-032232,2025-07-22,576.02,578.0748370577055
TR-032233,2025-07-22,1057.9,1045.5074497330015
TR-032234,2025-07-22,5197.75,5260.181660003175
TR-032235,2025-07-22,2152.78,2098.868106189189
TR-032236,2025-07-22,5627.38,5560.86736638872
TR-032237,2025-07-22,3851.85,3877.675636662937
TR-032238,2025-07-22,3599.05,3642.454921818935
TR-032239,2025-07-22,3328.52,3234.1864502644585
TR-032240,2025-07-22,2268.51,2204.7400535885977
TR-032241,2025-07-22,1352.14,1342.7323043728106
TR-032242,2025-07-22,2544.38,2416.695898356529
TR-032243,2025-07-22,607.16,631.1924231128589
TR-032244,2025-07-22,1899.21,1897.3923435805962
TR-032245,2025-07-22,3630.98,3820.711356930329
TR-032246,2025-07-22,3215.1,3434.547661919869
TR-032247,2025-07-22,1594.6,1599.0623452861091
TR-032248,2025-07-22,348.25,488.63388061417936
TR-032249,2025-07-22,2358.73,2361.0604515005543
TR-032250,2025-07-22,3232.74,3158.8425384231828
TR-032251,2025-07-22,3132.15,3037.8154560863486
TR-032252,2025-07-22,1384.72,1351.5746662115744
TR-032253,2025-07-22,2263.66,2196.2263988183495
TR-032254,2025-07-22,1979.75,1869.7863286012487
TR-032255,2025-07-22,971.38,993.6372664887326
TR-032256,2025-07-22,1379.89,1366.4030520912324
TR-032257,2025-07-22,951.13,949.1838007987187
TR-032258,2025-07-22,4151.26,4312.054757198062
TR-032259,2025-07-22,758.05,781.958929167414
TR-032260,2025-07-22,5179.03,5187.192316126992
TR-032261,2025-07-22,1550.64,1573.009454780308
TR-032262,2025-07-22,1950.01,1881.7677858994653
TR-032263,2025-07-22,5594.86,5419.742008672757
TR-032264,2025-07-22,4365.27,4266.045501443917
TR-032265,2025-07-22,1199.71,1171.317145168547
TR-032266,2025-07-22,961.48,1009.2294326856126
TR-032267,2025-07-22,5095.64,4936.576757062894
TR-032268,2025-07-22,1065.82,1126.0285639741605
TR-032269,2025-07-22,1159.73,1180.797762377611
TR-032270,2025-07-22,756.9,759.0836153875971
TR-032271,2025-07-23,2551.45,2352.9869305598677
TR-032272,2025-07-23,4423.19,4522.831616966612
TR-032273,2025-07-23,1518.14,1513.5717663628213
TR-032274,2025-07-23,2820.85,2729.4672767537686
TR-032275,2025-07-23,5244.46,5129.76870137672
TR-032276,2025-07-23,591.14,611.0860727132995
TR-032277,2025-07-23,3201.63,3206.899649523057
TR-032278,2025-07-23,2762.55,2764.6519430004364
TR-032279,2025-07-23,2450.15,2250.7877015873555
TR-032280,2025-07-23,4264.95,4342.56174083348
TR-032281,2025-07-23,2569.18,2345.9179227698314
TR-032282,2025-07-23,4339.24,4125.960258494908
TR-032283,2025-07-23,4298.71,4253.582037296694
TR-032284,2025-07-23,494.28,523.7343446028001
TR-032285,2025-07-23,1998.7,2000.7502399372256
TR-032286,2025-07-23,4520.49,4469.401963805809
TR-032287,2025-07-23,3505.59,3687.5833234093334
TR-032288,2025-07-23,3573.57,3611.7373904036567
TR-032289,2025-07-23,1572.68,1565.6329091040889
TR-032290,2025-07-23,2216.12,2220.3850443682436
TR-032291,2025-07-23,3213.67,3255.1131274397717
TR-032292,2025-07-23,1975.71,1975.0917724442832
TR-032293,2025-07-23,1705.82,1659.7903018986374
TR-032294,2025-07-23,3222.1,3175.424749486191
TR-032295,2025-07-23,1948.42,1967.5971382764624
TR-032296,2025-07-23,1970.19,1845.0811700138192
TR-032297,2025-07-23,2272.78,2179.714721318899
TR-032298,2025-07-23,271.64,365.55694676257076
TR-032299,2025-07-23,4917.21,4888.331427869539
TR-032300,2025-07-23,2416.6,2430.325740904084
TR-032301,2025-07-23,948.27,943.0551430952144
TR-032302,2025-07-23,1677.09,1719.4441084258833
TR-032303,2025-07-23,5802.22,5506.025437577987
TR-032304,2025-07-23,964.02,963.2098434949708
TR-032305,2025-07-23,294.25,397.76505521166996
TR-032306,2025-07-23,2376.23,2300.2999032740317
TR-032307,2025-07-23,1584.27,1634.0681072547713
TR-032308,2025-07-23,2142.64,2032.5408947002688
TR-032309,2025-07-23,1183.85,1206.7020521394456
TR-032310,2025-07-23,5756.91,5431.944698114433
TR-032311,2025-07-23,1880.81,1865.425903091746
TR-032312,2025-07-23,4509.27,4462.7450255734075
TR-032313,2025-07-23,909.91,903.6475974236223
TR-032314,2025-07-23,2479.9,2538.7630637254624
TR-032315,2025-07-23,2040.08,2003.6582139067752
TR-032316,2025-07-23,2972.14,2744.701512723977
TR-032317,2025-07-23,1159.27,1174.771024878375
TR-032318,2025-07-23,3892.85,3850.111285770431
TR-032319,2025-07-23,837.13,784.212601888494
TR-032320,2025-07-23,4539.41,4527.476642408147
TR-032321,2025-07-23,5793.1,5572.385752361735
TR-032322,2025-07-23,2052.62,2060.349544236
TR-032323,2025-07-23,1024.98,1071.3538778225955
TR-032324,2025-07-23,2310.4,2274.0355605571963
TR-032325,2025-07-23,4962.1,4698.403884111554
TR-032326,2025-07-23,3903.22,3817.6412613716425
TR-032327,2025-07-23,1965.2,1920.2097530890312
TR-032328,2025-07-23,4080.74,3942.6294428452215
TR-032329,2025-07-23,3900.3,3869.4151412874044
TR-032330,2025-07-23,1969.08,1853.131837086413
TR-032331,2025-07-23,1715.4,1572.7049814424297
TR-032332,2025-07-23,2819.81,2857.1945658680515
TR-032333,2025-07-23,1465.62,1481.5800106956062
TR-032334,2025-07-23,594.29,580.5817126728218
TR-032335,2025-07-23,3855.52,3747.705596284293
TR-032336,2025-07-23,1227.04,1161.037372954845
TR-032337,2025-07-23,2314.21,2315.560083401648
TR-032338,2025-07-23,1552.87,1623.647571795712
TR-032339,2025-07-23,1645.22,1639.5978878599883
TR-032340,2025-07-23,2526.91,2343.9650924785783
TR-032341,2025-07-23,4200.86,4082.23813493971
TR-032342,2025-07-23,2074.58,1901.136717587336
TR-032343,2025-07-23,5093.85,4687.891460074227
TR-032344,2025-07-23,2123.14,2035.6583766596384
TR-032345,2025-07-23,1525.94,1500.2461517636589
TR-032346,2025-07-23,4081.96,3989.3801890708446
TR-032347,2025-07-23,653.21,677.2681337612546
TR-032348,2025-07-23,2990.39,2783.650271444985
TR-032349,2025-07-23,1411.48,1352.053731319896
TR-032350,2025-07-23,1990.08,1958.8300275575364
TR-032351,2025-07-23,5230.66,4897.450441903835
TR-032352,2025-07-23,757.61,781.9397212432382
TR-032353,2025-07-23,16951.43,3917.8033669903107
TR-032354,2025-07-23,661.41,662.5413374466887
TR-032355,2025-07-23,1247.3,1228.722116790665
TR-032356,2025-07-23,766.12,791.8187489195457
TR-032357,2025-07-23,3723.41,3757.7491670819545
TR-032358,2025-07-23,2879.31,2656.772193741227
TR-032359,2025-07-23,825.71,835.06448036765
TR-032360,2025-07-23,1071.84,1115.7312260953065
TR-032361,2025-07-23,2197.55,2144.6196352116845
TR-032362,2025-07-23,1295.01,1293.7173057518016
TR-032363,2025-07-23,2612.3,2414.9912526165413
TR-032364,2025-07-23,1459.36,1416.8412885886146
TR-032365,2025-07-23,6156.47,5902.2091378338055
TR-032366,2025-07-23,445.58,476.0848080949911
TR-032367,2025-07-23,1402.62,1398.4893651900588
TR-032368,2025-07-23,1229.28,1249.62253415117
TR-032369,2025-07-23,1226.8,1238.2541740152055
TR-032370,2025-07-23,1394.95,1374.0768656409487
TR-032371,2025-07-23,3028.58,3138.154041993155
TR-032372,2025-07-23,1208.01,1197.7291561133611
TR-032373,2025-07-23,2539.04,2303.9450019073856
TR-032374,2025-07-23,4534.55,4567.87760413682
TR-032375,2025-07-23,4246.43,4084.429549949402
TR-032376,2025-07-23,3573.99,3764.122329227573
TR-032377,2025-07-23,2879.9,2744.845166178229
TR-032378,2025-07-23,1452.88,1477.668165235188
TR-032379,2025-07-23,5801.05,5692.323036577634
TR-032380,2025-07-23,4300.79,4148.597194080116
TR-032381,2025-07-23,3990.99,4063.583982095479
TR-032382,2025-07-23,2104.29,2028.2547668090144
TR-032383,2025-07-23,2641.73,2616.4530034416985
TR-032384,2025-07-23,3002.52,3115.7021000118084
TR-032385,2025-07-23,5203.78,4886.720353311292
TR-032386,2025-07-23,770.1,759.0328600041678
TR-032387,2025-07-23,4699.02,4708.681662295125
TR-032388,2025-07-23,3381.92,3262.929015895225
TR-032389,2025-07-23,615.99,629.2537489864146
TR-032390,2025-07-23,734.71,774.6798167741345
TR-032391,2025-07-23,1173.3,1125.1232127144217
TR-032392,2025-07-23,825.08,811.5191236984933
TR-032393,2025-07-23,4811.72,4811.5161899734385
TR-032394,2025-07-23,1166.91,1198.2545947408396
TR-032395,2025-07-23,2568.09,2512.427858358595
TR-032396,2025-07-23,1862.24,1857.899118283262
TR-032397,2025-07-23,2186.85,2086.622876727368
TR-032398,2025-07-23,704.37,749.6463796763189
TR-032399,2025-07-23,1516.32,1526.8008594405464
TR-032400,2025-07-23,4959.87,4915.586491286458
TR-032401,2025-07-23,4021.57,4011.5993908709406
TR-032402,2025-07-23,1092.07,1109.8378498909362
TR-032403,2025-07-23,3392.97,3130.813748197843
TR-032404,2025-07-23,1839.94,1828.1785037054458
TR-032405,2025-07-23,5974.22,5882.279606556005
TR-032406,2025-07-23,5734.76,5782.649859357253
TR-032407,2025-07-23,2716.73,2708.679966552556
TR-032408,2025-07-23,1571.49,1546.377332665831
TR-032409,2025-07-23,1691.71,1678.5857115084154
TR-032410,2025-07-23,3185.68,3085.9248351096016
TR-032411,2025-07-23,3428.36,3083.534599144132
TR-032412,2025-07-23,1172.56,1145.4239828390491
TR-032413,2025-07-23,995.08,1027.9092973315128
TR-032414,2025-07-23,1023.88,998.3062999558531
TR-032415,2025-07-23,1902.8,1860.7816354517274
TR-032416,2025-07-23,1262.54,1219.8374201599343
TR-032417,2025-07-23,2179.03,2201.455509578835
TR-032418,2025-07-23,3198.89,2870.9959115944216
TR-032419,2025-07-23,464.13,546.0465180285316
TR-032420,2025-07-23,487.04,486.6685945319707
TR-032421,2025-07-23,2079.76,2006.5873418444246
TR-032422,2025-07-23,4234.79,4234.368886639573
TR-032423,2025-07-23,4382.86,4475.9368109860225
TR-032424,2025-07-23,872.21,896.6516212010772
TR-032425,2025-07-23,2126.09,2143.8403414332793
TR-032426,2025-07-23,3943.11,3954.19081667533
TR-032427,2025-07-23,1437.0,1439.7522070761274
TR-032428,2025-07-23,1054.0,1076.2595995752604
TR-032429,2025-07-23,4132.74,4001.8897866398875
TR-032430,2025-07-23,3099.06,3179.5577881899962
TR-032431,2025-07-23,1428.2,1392.8092255769093
TR-032432,2025-07-23,2139.58,2087.1881327521473
TR-032433,2025-07-23,369.61,469.0434781866495
TR-032434,2025-07-23,3737.41,3764.3172633636595
TR-032435,2025-07-23,1514.15,1456.9916215400788
TR-032436,2025-07-23,1769.18,1744.776298492485
TR-032437,2025-07-23,2074.38,2043.196008627504
TR-032438,2025-07-23,3045.77,2924.5452802881896
TR-032439,2025-07-24,2127.16,2067.315826748405
TR-032440,2025-07-24,4494.97,4352.105495089318
TR-032441,2025-07-24,3182.95,3098.3911484815662
TR-032442,2025-07-24,2346.29,2228.5155674866833
TR-032443,2025-07-24,4403.7,4259.722243707427
TR-032444,2025-07-24,2979.92,3034.1916229080043
TR-032445,2025-07-24,1835.08,1848.9592495012453
TR-032446,2025-07-24,5960.77,5910.520245021275
TR-032447,2025-07-24,1425.84,1407.1546309672003
TR-032448,2025-07-24,5351.48,5298.741357203242
TR-032449,2025-07-24,1527.46,1548.2496049980168
TR-032450,2025-07-24,3685.65,3707.0481219361386
TR-032451,2025-07-24,874.49,868.631859373334
TR-032452,2025-07-24,2144.08,2129.2163736977495
TR-032453,2025-07-24,2083.57,2120.136542722511
TR-032454,2025-07-24,310.54,479.33540826971785
TR-032455,2025-07-24,1152.24,1166.6207047541288
TR-032456,2025-07-24,4657.66,4465.7398543660365
TR-032457,2025-07-24,2637.28,2629.4802328698274
TR-032458,2025-07-24,2002.5,2032.7089754303774
TR-032459,2025-07-24,604.62,633.6876732556298
TR-032460,2025-07-24,12550.02,2957.3426876197145
TR-032461,2025-07-24,1660.36,1650.6910244352146
TR-032462,2025-07-24,1124.76,1127.6601245887555
TR-032463,2025-07-24,651.26,663.8923598948345
TR-032464,2025-07-24,2948.5,2937.530867979879
TR-032465,2025-07-24,1707.29,1753.1898577889092
TR-032466,2025-07-24,2494.43,2330.555419800384
TR-032467,2025-07-24,2895.51,2742.1531711478556
TR-032468,2025-07-24,2723.09,2366.400383558265
TR-032469,2025-07-24,1473.54,1482.7070993140246
TR-032470,2025-07-24,1805.51,1726.922352800615
TR-032471,2025-07-24,2000.32,1865.6126223775905
TR-032472,2025-07-24,3053.32,3271.3387597017254
TR-032473,2025-07-24,1189.82,1241.7450338691847
TR-032474,2025-07-24,1729.8,1666.2849998678644
TR-032475,2025-07-24,3740.2,3511.007779628758
TR-032476,2025-07-24,3073.93,2771.2576478134606
TR-032477,2025-07-24,3645.93,3758.7662180365705
TR-032478,2025-07-24,2568.3,2336.439103752097
TR-032479,2025-07-24,1017.35,1009.2140625959482
TR-032480,2025-07-24,1268.66,1209.8381518003762
TR-032481,2025-07-24,2482.63,2638.140913060734
TR-032482,2025-07-24,3207.04,2998.2712130491896
TR-032483,2025-07-24,2133.42,2064.817788471331
TR-032484,2025-07-24,4191.34,4120.22307084181
TR-032485,2025-07-24,2770.5,2743.3957707595277
TR-032486,2025-07-24,1232.54,1214.5451154739014
TR-032487,2025-07-24,3754.36,3652.8983164276547
TR-032488,2025-07-24,1310.4,1312.9532146014296
TR-032489,2025-07-24,1812.49,1696.7622616037227
TR-032490,2025-07-24,5120.97,5033.788840982266
TR-032491,2025-07-24,3321.14,3561.093619516484
TR-032492,2025-07-24,4196.33,4014.0974057968524
TR-032493,2025-07-24,1799.18,1731.3854986781148
TR-032494,2025-07-24,456.27,544.0574476765669
TR-032495,2025-07-24,3751.68,3598.2570709248535
TR-032496,2025-07-24,4110.84,4061.960249475532
TR-032497,2025-07-24,3636.56,3647.5415085704276
TR-032498,2025-07-24,3048.31,2522.9808870823485
TR-032499,2025-07-24,662.45,667.66462842171
TR-032500,2025-07-24,4419.14,4313.088712366325
TR-032501,2025-07-24,1490.35,1557.0873373158129
TR-032502,2025-07-24,1814.53,1808.8183720226953
TR-032503,2025-07-24,5221.67,5062.119367672514
TR-032504,2025-07-24,2948.5,2720.0425991179955
TR-032505,2025-07-24,764.29,807.2456249277529
TR-032506,2025-07-24,3077.99,2765.743674719698
TR-032507,2025-07-24,1803.91,1833.496601315664
TR-032508,2025-07-24,4336.99,4113.850113361252
TR-032509,2025-07-24,2761.56,2702.373267990352
TR-032510,2025-07-24,4565.08,4732.0064907689375
TR-032511,2025-07-24,268.39,390.22032046362074
TR-032512,2025-07-24,2167.62,2142.5886005228326
TR-032513,2025-07-24,941.27,958.7598707193163
TR-032514,2025-07-24,3646.94,3553.952043438433
TR-032515,2025-07-24,5954.96,5602.682898796432
TR-032516,2025-07-24,1514.63,1490.0860862456389
TR-032517,2025-07-24,4931.44,4767.552705780726
TR-032518,2025-07-24,4963.66,4994.52947280952
TR-032519,2025-07-24,1650.5,1615.8400031495094
TR-032520,2025-07-24,2075.93,2007.8028854390334
TR-032521,2025-07-24,774.84,776.4808177056723
TR-032522,2025-07-24,1492.0,1452.7081096192878
TR-032523,2025-07-24,5708.78,5420.827538447953
TR-032524,2025-07-24,2659.09,2637.0486912969786
TR-032525,2025-07-24,2102.06,2022.3318910017933
TR-032526,2025-07-24,1639.47,1690.429145439212
TR-032527,2025-07-24,4386.8,4116.9964763049065
TR-032528,2025-07-24,2124.86,2091.235100660732
TR-032529,2025-07-24,2300.5,2264.3462585420993
TR-032530,2025-07-24,1517.3,1507.1748633807558
TR-032531,2025-07-24,3444.56,3163.945875545757
TR-032532,2025-07-24,1306.02,1319.8744086329402
TR-032533,2025-07-24,5956.93,5854.641080314492
TR-032534,2025-07-24,5208.75,5065.1628956385775
TR-032535,2025-07-24,2733.7,2886.678528542253
TR-032536,2025-07-24,2151.37,2137.0182867478215
TR-032537,2025-07-24,1356.66,1334.8022964918105
TR-032538,2025-07-24,2140.0,2128.800509584833
TR-032539,2025-07-24,1055.48,1091.9686627135734
TR-032540,2025-07-24,1773.15,1728.2495215145611
TR-032541,2025-07-24,5224.07,5047.718815582122
TR-032542,2025-07-24,5636.47,5382.196362180493
TR-032543,2025-07-24,1406.38,1426.670218391339
TR-032544,2025-07-24,2039.67,2031.8335201321502
TR-032545,2025-07-24,4524.37,4462.929817894774
TR-032546,2025-07-24,1832.07,1701.1839781401168
TR-032547,2025-07-24,2999.1,3144.3496937184836
TR-032548,2025-07-24,2132.38,2059.7783507050945
TR-032549,2025-07-24,2949.87,2860.4235960455917
TR-032550,2025-07-24,4609.86,4409.852742939304
TR-032551,2025-07-24,1893.54,1935.7610522812372
TR-032552,2025-07-24,4527.05,4405.501758162785
TR-032553,2025-07-24,3964.68,3857.3913533972636
TR-032554,2025-07-24,2767.44,2801.4101294965267
TR-032555,2025-07-24,2332.55,2213.3410868549104
TR-032556,2025-07-24,3116.64,3117.1590663019024
TR-032557,2025-07-24,5736.22,5512.551958366214
TR-032558,2025-07-24,1019.26,1060.4953748464136
TR-032559,2025-07-24,2152.39,2301.5639209612327
TR-032560,2025-07-24,894.51,887.255540611993
TR-032561,2025-07-24,1893.8,1869.039248905795
TR-032562,2025-07-24,3678.62,3773.678000029965
TR-032563,2025-07-24,2087.84,2067.4883507397394
TR-032564,2025-07-24,2900.38,2977.267749644791
TR-032565,2025-07-24,1271.78,1264.9146007550976
TR-032566,2025-07-24,2003.15,1955.107470469159
TR-032567,2025-07-24,4843.0,4773.596834410499
TR-032568,2025-07-24,2015.2,1914.5577342260392
TR-032569,2025-07-24,1417.95,1408.5629643552834
TR-032570,2025-07-24,1537.72,1503.6583438878126
TR-032571,2025-07-24,1629.41,1620.6457707093855
TR-032572,2025-07-24,4952.66,4818.123352934344
TR-032573,2025-07-24,2887.1,2696.0233791667947
TR-032574,2025-07-24,2255.31,2229.1457638293705
TR-032575,2025-07-24,1071.54,1105.4217707495
TR-032576,2025-07-24,4162.33,4226.294672067133
TR-032577,2025-07-24,3061.87,2969.3640744929585
TR-032578,2025-07-24,1106.35,1099.3222534250722
TR-032579,2025-07-24,2447.95,2568.5903882204657
TR-032580,2025-07-24,252.03,1129.0536237627207
TR-032581,2025-07-24,603.69,584.013010721214
TR-032582,2025-07-24,1803.83,1698.3588037023221
TR-032583,2025-07-24,848.87,806.267724656738
TR-032584,2025-07-24,5154.94,5084.38333480455
TR-032585,2025-07-24,1786.59,1698.4052276335983
TR-032586,2025-07-24,1297.55,1308.5068682450014
TR-032587,2025-07-24,2106.93,2081.3288423074296
TR-032588,2025-07-24,808.63,825.3359576686635
TR-032589,2025-07-24,2469.34,2453.1576174633738
TR-032590,2025-07-24,2510.09,2310.530172837447
TR-032591,2025-07-24,1993.05,2117.7285246677284
TR-032592,2025-07-24,2172.77,2300.15571506033
TR-032593,2025-07-24,960.83,965.3492824243915
TR-032594,2025-07-24,5880.07,5774.282285461672
TR-032595,2025-07-24,3079.08,3187.038774986294
TR-032596,2025-07-24,715.77,704.8582535015439
TR-032597,2025-07-24,3883.12,3733.2218625761143
TR-032598,2025-07-24,1198.31,1214.358613175781
TR-032599,2025-07-24,4402.47,4500.868176030781
TR-032600,2025-07-24,1244.54,1205.201281020315
TR-032601,2025-07-25,1795.6,1820.6310756828398
TR-032602,2025-07-25,3985.09,3952.4737401522602
TR-032603,2025-07-25,1831.44,1865.4849162163234
TR-032604,2025-07-25,1814.73,1869.1002971887524
TR-032605,2025-07-25,5060.6,5224.468264448902
TR-032606,2025-07-25,1159.69,1200.7749255090598
TR-032607,2025-07-25,776.49,843.42691600799
TR-032608,2025-07-25,1345.49,1361.1769394528058
TR-032609,2025-07-25,2391.1,2529.1288706527157
TR-032610,2025-07-25,640.86,656.645179455463
TR-032611,2025-07-25,1003.51,1088.6202598126183
TR-032612,2025-07-25,2223.64,2236.8421588842084
TR-032613,2025-07-25,1483.36,1547.6902153477777
TR-032614,2025-07-25,1013.01,995.3346833762225
TR-032615,2025-07-25,1268.49,1300.5694937256835
TR-032616,2025-07-25,1603.79,1605.219299440549
TR-032617,2025-07-25,1920.16,2113.978936118954
TR-032618,2025-07-25,3219.74,3029.3605731934167
TR-032619,2025-07-25,1515.31,1457.0306052621315
TR-032620,2025-07-25,2086.34,2331.2380833498073
TR-032621,2025-07-25,1453.48,1433.0785035416811
TR-032622,2025-07-25,1631.89,1699.611999528736
TR-032623,2025-07-25,1844.26,1872.994950364047
TR-032624,2025-07-25,1591.32,1636.4285565518915
TR-032625,2025-07-25,1380.67,1386.4597744081966
TR-032626,2025-07-25,3180.61,3347.0123682207077
TR-032627,2025-07-25,1272.59,1285.980118363944
TR-032628,2025-07-25,559.05,581.1047389370624
TR-032629,2025-07-25,4374.65,4325.221761127817
TR-032630,2025-07-25,1269.2,1288.2335488898998
TR-032631,2025-07-25,1840.76,1820.3903864689833
TR-032632,2025-07-25,937.61,959.7097584816124
TR-032633,2025-07-25,822.73,854.1826531282964
TR-032634,2025-07-25,3858.21,4118.128726743561
TR-032635,2025-07-25,4051.75,4020.7274457077483
TR-032636,2025-07-25,1826.04,2039.713488129821
TR-032637,2025-07-25,1869.29,1868.1000779236838
TR-032638,2025-07-25,3347.59,3396.517764210751
TR-032639,2025-07-25,2653.19,2593.6914461806828
TR-032640,2025-07-25,720.47,749.3136446340309
TR-032641,2025-07-25,2766.8,2938.0564531844143
TR-032642,2025-07-25,2385.54,2472.632570873814
TR-032643,2025-07-25,1155.79,1158.7387620686272
TR-032644,2025-07-25,2351.78,2209.0144834196312
TR-032645,2025-07-25,1705.03,1771.665109526252
TR-032646,2025-07-25,1615.16,1536.5069790476496
TR-032647,2025-07-25,4232.78,4301.752723196905
TR-032648,2025-07-25,768.26,825.7327187958504
TR-032649,2025-07-25,2339.92,2256.230364531494
TR-032650,2025-07-25,3526.8,3727.931137022126
TR-032651,2025-07-25,1780.57,1799.6343263284643
TR-032652,2025-07-25,3484.76,3465.7226457377674
TR-032653,2025-07-25,1924.84,1898.8822337161998
TR-032654,2025-07-25,1711.68,1772.3882076450839
TR-032655,2025-07-25,790.18,818.2026125192058
TR-032656,2025-07-25,1802.55,1838.480008419156
TR-032657,2025-07-25,1675.31,1655.4128974473576
TR-032658,2025-07-25,1490.02,1465.0479512147317
TR-032659,2025-07-25,3944.08,4005.548319103681
TR-032660,2025-07-25,3416.38,3504.7217510550818
TR-032661,2025-07-25,3111.53,2785.2919308278265
TR-032662,2025-07-25,2159.84,2061.362467096542
TR-032663,2025-07-25,3293.39,3503.839314569249
TR-032664,2025-07-25,2397.54,2475.9821475690123
TR-032665,2025-07-25,5543.22,5624.007194980218
TR-032666,2025-07-25,3674.78,3900.0821895294885
TR-032667,2025-07-25,1358.54,1328.0697696038387
TR-032668,2025-07-25,5174.53,5200.836448269268
TR-032669,2025-07-25,960.12,987.3266968576613
TR-032670,2025-07-25,899.68,905.2080831248747
TR-032671,2025-07-25,2827.98,2916.6035673614533
TR-032672,2025-07-25,2570.38,2839.5186398339574
TR-032673,2025-07-25,3939.9,3848.104415648032
TR-032674,2025-07-25,4025.72,3977.8435114114686
TR-032675,2025-07-25,2064.45,2129.5896287372047
TR-032676,2025-07-25,3644.19,3563.9863452115715
TR-032677,2025-07-25,5376.87,5211.183983396648
TR-032678,2025-07-25,13435.73,3220.5862068569754
TR-032679,2025-07-25,10182.59,3722.8278727662287
TR-032680,2025-07-25,1243.96,1241.4752678922882
TR-032681,2025-07-25,4132.2,4211.416518645215
TR-032682,2025-07-25,3252.3,3295.845296414972
TR-032683,2025-07-25,3191.53,3055.5687316061085
TR-032684,2025-07-25,4200.2,4056.0550125526997
TR-032685,2025-07-25,2304.15,2274.9373510204846
TR-032686,2025-07-25,3444.4,3531.054529193314
TR-032687,2025-07-25,983.26,1014.4804123410493
TR-032688,2025-07-25,2020.06,2250.5443924263627
TR-032689,2025-07-25,1919.24,1896.445684337191
TR-032690,2025-07-25,3653.08,3691.077079507474
TR-032691,2025-07-25,2290.3,2407.915643486478
TR-032692,2025-07-25,659.75,663.6692731218952
TR-032693,2025-07-25,1003.77,1020.7547784246183
TR-032694,2025-07-25,2900.85,2973.7068836057124
TR-032695,2025-07-25,3366.83,3516.4269188928556
TR-032696,2025-07-25,2370.42,2719.34927899623
TR-032697,2025-07-25,4704.4,4633.852977460929
TR-032698,2025-07-25,1426.38,1411.9908326699401
TR-032699,2025-07-25,1141.74,1172.0040878926793
TR-032700,2025-07-25,3958.98,3910.2907167649846
TR-032701,2025-07-25,1431.72,1470.2658562833253
TR-032702,2025-07-25,333.87,387.3871426123276
TR-032703,2025-07-25,1112.55,1085.6363905853846
TR-032704,2025-07-25,3215.38,3190.291417254848
TR-032705,2025-07-25,1761.75,1671.810308060118
TR-032706,2025-07-25,1147.6,1208.6030380477823
TR-032707,2025-07-25,2869.52,2688.679854893985
TR-032708,2025-07-25,683.06,689.1849495423214
TR-032709,2025-07-25,2385.69,2253.1457278055163
TR-032710,2025-07-25,3695.63,3618.5383493607105
TR-032711,2025-07-25,1973.87,1959.0062223537366
TR-032712,2025-07-25,4621.28,4508.720341816535
TR-032713,2025-07-25,5914.63,5875.644744139502
TR-032714,2025-07-25,1385.85,1410.5633326458187
TR-032715,2025-07-25,1855.55,1815.206330975153
TR-032716,2025-07-25,4113.84,4150.94991960369
TR-032717,2025-07-25,2840.2,3231.7834579265827
TR-032718,2025-07-25,5716.61,5175.064743405024
TR-032719,2025-07-25,1447.89,1494.454094417078
TR-032720,2025-07-25,1002.59,1019.0271348971028
TR-032721,2025-07-25,1823.86,1725.4831235577963
TR-032722,2025-07-25,568.64,561.0277333053707
TR-032723,2025-07-25,2761.01,2996.9923347489753
TR-032724,2025-07-25,2110.93,2036.1419745246626
TR-032725,2025-07-25,3322.7,3503.47515763234
TR-032726,2025-07-25,1188.63,1174.7730138078405
TR-032727,2025-07-25,605.63,626.7594345575694
TR-032728,2025-07-25,672.84,694.1178191811337
TR-032729,2025-07-25,4127.3,4294.609650211414
TR-032730,2025-07-25,4887.45,4945.501240230621
TR-032731,2025-07-25,877.84,840.199813262825
TR-032732,2025-07-25,1210.06,1258.8873717222957
TR-032733,2025-07-25,2827.1,2743.5743193200005
TR-032734,2025-07-25,2264.1,2362.5357195366378
TR-032735,2025-07-25,786.2,820.4498690626806
TR-032736,2025-07-25,1039.6,1028.6369372121185
TR-032737,2025-07-25,2884.04,3099.168355324974
TR-032738,2025-07-25,4075.32,4139.442767442997
TR-032739,2025-07-25,3975.65,4034.596076649811
TR-032740,2025-07-25,2091.38,2235.3446175328354
TR-032741,2025-07-25,1148.66,1169.0575163879057
TR-032742,2025-07-25,1026.79,1010.442802104888
TR-032743,2025-07-25,618.25,687.9917527871196
TR-032744,2025-07-25,3399.53,3397.7974212971903
TR-032745,2025-07-25,1229.81,1213.0863944704888
TR-032746,2025-07-25,3774.01,3718.5205208203065
TR-032747,2025-07-25,1954.6,1958.5064275059158
TR-032748,2025-07-25,2362.59,2367.95181438211
TR-032749,2025-07-25,1886.47,1858.8258507406895
TR-032750,2025-07-25,2310.25,2452.6304099980644
TR-032751,2025-07-25,2685.21,2640.8168017873877
TR-032752,2025-07-25,4164.07,4222.06971764319
TR-032753,2025-07-26,4181.36,4141.182428186629
TR-032754,2025-07-26,3815.28,3843.844530517952
TR-032755,2025-07-26,5341.24,5366.966915221654
TR-032756,2025-07-26,2472.19,2523.755685496427
TR-032757,2025-07-26,1256.62,1281.07961480231
TR-032758,2025-07-26,1736.66,1721.9028523395323
TR-032759,2025-07-26,1816.77,1859.71659383096
TR-032760,2025-07-26,5172.5,5269.5773256318835
TR-032761,2025-07-26,2614.96,2733.1669047178266
TR-032762,2025-07-26,1966.84,2082.4226373798556
TR-032763,2025-07-26,612.07,638.1968938363291
TR-032764,2025-07-26,3681.76,3700.002983268432
TR-032765,2025-07-26,3007.83,3136.9077844097965
TR-032766,2025-07-26,676.85,714.2619890485262
TR-032767,2025-07-26,2457.83,2506.6081282312844
TR-032768,2025-07-26,4523.97,4568.770069356632
TR-032769,2025-07-26,1781.1,1837.1570463255712
TR-032770,2025-07-26,5134.52,5149.760176266426
TR-032771,2025-07-26,1896.67,1894.6638539469873
TR-032772,2025-07-26,1179.97,1216.0505103639402
TR-032773,2025-07-26,542.58,593.2467139621076
TR-032774,2025-07-26,849.68,878.1025948283982
TR-032775,2025-07-26,2923.62,3027.9790967743293
TR-032776,2025-07-26,3968.6,4026.1943741677446
TR-032777,2025-07-26,1409.82,1402.8402006468127
TR-032778,2025-07-26,3809.9,3821.440820227842
TR-032779,2025-07-26,1531.01,1614.3548821220948
TR-032780,2025-07-26,2384.36,2514.0246387029147
TR-032781,2025-07-26,1137.39,1180.0682917797199
TR-032782,2025-07-26,2000.96,2013.0325002476761
TR-032783,2025-07-26,3226.76,3049.3130014865164
TR-032784,2025-07-26,2768.45,2793.5617355165978
TR-032785,2025-07-26,1572.21,1621.2444836147624
TR-032786,2025-07-26,2523.24,2539.08399708426
TR-032787,2025-07-26,1289.13,1315.1344738298399
TR-032788,2025-07-26,1627.76,1613.4602309541356
TR-032789,2025-07-26,1890.39,1887.924818822634
TR-032790,2025-07-26,846.21,881.7460441738519
TR-032791,2025-07-26,4073.45,4168.353044006977
TR-032792,2025-07-26,3655.58,3827.8776022926495
TR-032793,2025-07-26,3205.68,3100.5859758627576
TR-032794,2025-07-26,4322.64,4214.66464652662
TR-032795,2025-07-26,1852.53,2014.322331713982
TR-032796,2025-07-26,4388.08,4384.067546283881
TR-032797,2025-07-26,3292.14,3306.348777774525
TR-032798,2025-07-26,1364.0,1369.9986456644835
TR-032799,2025-07-26,843.8,829.9404075883228
TR-032800,2025-07-26,2240.57,2259.2750859650578
TR-032801,2025-07-26,1738.9,1686.4876690689998
TR-032802,2025-07-26,2442.47,2211.9176493305495
TR-032803,2025-07-26,1519.19,1537.4023881884877
TR-032804,2025-07-26,1102.01,1163.3603682854691
TR-032805,2025-07-26,3689.12,3890.7523981361282
TR-032806,2025-07-26,1864.49,1829.6882401363202
TR-032807,2025-07-26,3162.9,3035.32179689135
TR-032808,2025-07-26,1179.8,1169.690998688393
TR-032809,2025-07-26,1560.31,1588.9147104380722
TR-032810,2025-07-26,927.32,957.5607417845567
TR-032811,2025-07-26,2652.52,2789.1139018680024
TR-032812,2025-07-26,1878.06,1937.5155912358555
TR-032813,2025-07-26,3409.05,3666.730898287052
TR-032814,2025-07-26,2671.9,2683.4606285592768
TR-032815,2025-07-26,2300.15,2412.2496736813405
TR-032816,2025-07-26,2905.05,3156.676559887903
TR-032817,2025-07-26,2627.38,2965.2364665935224
TR-032818,2025-07-26,4849.72,4946.214170923808
TR-032819,2025-07-26,1076.49,1083.8336323825954
TR-032820,2025-07-26,1348.68,1360.052944055804
TR-032821,2025-07-26,738.87,837.8660348156238
TR-032822,2025-07-26,1606.4,1705.9180286562882
TR-032823,2025-07-26,1419.4,1430.2918307590817
TR-032824,2025-07-26,2689.56,3042.5205646929016
TR-032825,2025-07-26,1335.43,1331.7190209415776
TR-032826,2025-07-26,1183.71,1194.5695731867204
TR-032827,2025-07-26,835.6,843.2747575948813
TR-032828,2025-07-26,3390.19,3427.3162077755587
TR-032829,2025-07-26,707.65,719.0280450004043
TR-032830,2025-07-26,3598.69,3544.7709511906446
TR-032831,2025-07-26,3018.99,3126.2675540238415
TR-032832,2025-07-26,1772.88,1796.1308355218732
TR-032833,2025-07-26,2410.26,2277.8866986592107
TR-032834,2025-07-26,1372.35,1376.0259156185555
TR-032835,2025-07-26,4693.29,4710.571423005804
TR-032836,2025-07-26,1446.05,1438.2470551548813
TR-032837,2025-07-26,3819.84,3764.497594283425
TR-032838,2025-07-26,5158.76,5156.894366638933
TR-032839,2025-07-26,1168.4,1186.3812918059243
TR-032840,2025-07-26,2541.0,2795.2941096356326
TR-032841,2025-07-26,1123.05,1176.320359672598
TR-032842,2025-07-26,1896.51,1865.9009695626582
TR-032843,2025-07-26,2544.97,2495.184190657641
TR-032844,2025-07-26,1148.73,1224.6417728432625
TR-032845,2025-07-26,1112.39,1183.3127292992308
TR-032846,2025-07-26,5661.91,5626.564074045327
TR-032847,2025-07-26,3866.25,3916.135067736169
TR-032848,2025-07-26,2412.34,2292.9234886642507
TR-032849,2025-07-26,1619.06,1670.498289481589
TR-032850,2025-07-26,1197.41,2773.533942946479
TR-032851,2025-07-26,1745.58,1906.0366891514507
TR-032852,2025-07-26,3469.22,3706.563670215525
TR-032853,2025-07-26,965.32,997.471077675423
TR-032854,2025-07-26,2371.59,2498.784918688426
TR-032855,2025-07-26,1088.47,1112.1206862580627
TR-032856,2025-07-26,1838.99,1911.6439754948624
TR-032857,2025-07-26,1667.62,1735.1919620110402
TR-032858,2025-07-26,3998.84,4225.976823536079
TR-032859,2025-07-26,564.67,607.581882229852
TR-032860,2025-07-26,2852.1,2993.066852000946
TR-032861,2025-07-26,1562.25,1599.6435061605985
TR-032862,2025-07-26,1971.58,2282.319414444728
TR-032863,2025-07-26,842.78,871.7312988642318
TR-032864,2025-07-26,1639.91,1637.1507480298562
TR-032865,2025-07-26,1493.3,1580.641051532007
TR-032866,2025-07-26,4327.16,4554.213657540372
TR-032867,2025-07-26,3710.4,3895.815076865514
TR-032868,2025-07-26,1235.73,1295.7292108524757
TR-032869,2025-07-26,3288.98,1268.57125024234
TR-032870,2025-07-26,1510.16,1455.7465053913024
TR-032871,2025-07-26,1572.34,1582.3958605290388
TR-032872,2025-07-26,1577.9,1568.7880086233915
TR-032873,2025-07-26,4115.12,4313.363521377065
TR-032874,2025-07-26,3288.49,3198.1963312003827
TR-032875,2025-07-26,1759.96,1910.8587610340396
TR-032876,2025-07-26,597.98,598.9457028913716
TR-032877,2025-07-26,2487.69,2616.3265208171333
TR-032878,2025-07-26,8768.95,3876.5776372100936
TR-032879,2025-07-26,2163.74,2289.561700494102
TR-032880,2025-07-26,2773.57,3040.2063309444557
TR-032881,2025-07-26,4553.24,4647.344208366028
TR-032882,2025-07-26,952.59,1020.501091483659
TR-032883,2025-07-26,1402.65,1429.5819682494848
TR-032884,2025-07-26,4552.36,4418.600094825324
TR-032885,2025-07-26,2897.27,2765.1445896715377
TR-032886,2025-07-26,1399.03,1435.4020900812272
TR-032887,2025-07-26,947.49,989.2380202496502
TR-032888,2025-07-26,1176.38,1223.3043233231238
TR-032889,2025-07-26,5200.47,5137.206055541497
TR-032890,2025-07-26,2860.19,2692.5691536072823
TR-032891,2025-07-26,1575.72,1482.02529219392
TR-032892,2025-07-26,772.97,789.8951408370933
TR-032893,2025-07-26,2586.97,2571.9248122317003
TR-032894,2025-07-26,3428.93,3365.1623404922548
TR-032895,2025-07-26,1081.32,1101.7241931878586
TR-032896,2025-07-26,3283.34,3287.738856209392
TR-032897,2025-07-26,1427.14,1480.3933935551327
TR-032898,2025-07-26,1110.4,1111.3209867250712
TR-032899,2025-07-26,5798.7,5864.046767413761
TR-032900,2025-07-26,5254.63,5473.057682591874
TR-032901,2025-07-26,2443.03,2646.417946309344
TR-032902,2025-07-26,1347.37,1380.2325821514592
TR-032903,2025-07-26,2318.6,2471.7045267947497
TR-032904,2025-07-26,3633.29,3645.5683212221775
TR-032905,2025-07-26,2430.05,2263.6133181717996
TR-032906,2025-07-26,4470.06,4297.14727561383
TR-032907,2025-07-26,2349.02,2429.8269506083366
TR-032908,2025-07-26,990.98,999.0154858895669
TR-032909,2025-07-26,734.78,800.4392492711715
TR-032910,2025-07-26,1982.32,2140.620126619336
TR-032911,2025-07-26,2734.49,2675.429304520726
TR-032912,2025-07-26,1824.23,1835.9428033817678
TR-032913,2025-07-26,2772.56,2895.2785064810837
TR-032914,2025-07-26,2677.59,2949.25088592952
TR-032915,2025-07-26,3234.32,3355.0473782907256
TR-032916,2025-07-26,1134.2,1120.084746219708
TR-032917,2025-07-26,4501.69,4416.9018706892
TR-032918,2025-07-26,1381.2,1374.1702418426362
TR-032919,2025-07-26,3769.93,3971.203719873046
TR-032920,2025-07-26,1821.68,1783.4850084679204
TR-032921,2025-07-26,1875.38,2100.8172197266545
TR-032922,2025-07-26,251.26,409.29900980311027
TR-032923,2025-07-26,1114.11,1195.6697593253157
TR-032924,2025-07-26,5048.44,4976.033711696108
TR-032925,2025-07-26,1633.33,1638.1575041941373
TR-032926,2025-07-26,1069.02,1121.7382302768924
TR-032927,2025-07-26,1423.48,1460.4016986637935
TR-032928,2025-07-26,4156.88,4123.388201766575
TR-032929,2025-07-26,858.21,892.6876421539273
TR-032930,2025-07-26,813.75,817.9643221156828
TR-032931,2025-07-26,901.8,904.0441987293023
TR-032932,2025-07-26,2850.86,2937.864482730675
TR-032933,2025-07-26,3981.98,4046.1664328293546
TR-032934,2025-07-26,1245.71,1262.4056179617578
TR-032935,2025-07-27,2163.29,2184.1992606476115
TR-032936,2025-07-27,2384.07,2483.859969978035
TR-032937,2025-07-27,1435.17,1444.2961045306306
TR-032938,2025-07-27,3416.49,3446.570834437366
TR-032939,2025-07-27,3988.53,4129.560079593358
TR-032940,2025-07-27,3037.1,3092.7480967986257
TR-032941,2025-07-27,706.09,748.2037417667273
TR-032942,2025-07-27,2852.16,2998.33362254291
TR-032943,2025-07-27,2828.82,3026.6591156579743
TR-032944,2025-07-27,1101.66,1130.3372835474322
TR-032945,2025-07-27,1417.23,1510.4781238311953
TR-032946,2025-07-27,181.52,630.4611893869683
TR-032947,2025-07-27,3736.52,3863.341336794316
TR-032948,2025-07-27,4227.74,4298.3596491667695
TR-032949,2025-07-27,3424.45,3432.514050031139
TR-032950,2025-07-27,1408.76,1375.4116679361834
TR-032951,2025-07-27,1424.22,1450.702419763004
TR-032952,2025-07-27,1572.85,1552.0575713204394
TR-032953,2025-07-27,3176.7,3350.424328782014
TR-032954,2025-07-27,2287.55,2188.4266970139734
TR-032955,2025-07-27,3445.03,3333.4137005239636
TR-032956,2025-07-27,1948.74,2133.406771531997
TR-032957,2025-07-27,1043.92,1041.4466215337827
TR-032958,2025-07-27,2558.38,2328.550119115931
TR-032959,2025-07-27,1187.48,1186.611523157398
TR-032960,2025-07-27,2899.85,2924.712141605194
TR-032961,2025-07-27,524.13,548.7175809473349
TR-032962,2025-07-27,698.25,772.0843747647627
TR-032963,2025-07-27,2421.32,2448.074070690556
TR-032964,2025-07-27,1855.81,1756.0463274909632
TR-032965,2025-07-27,257.43,533.7928002028293
TR-032966,2025-07-27,192.65,390.0192826797236
TR-032967,2025-07-27,4571.1,4471.983583674797
TR-032968,2025-07-27,1482.91,1506.0612276081463
TR-032969,2025-07-27,2401.55,2355.7033450240638
TR-032970,2025-07-27,1785.98,1815.1694332534948
TR-032971,2025-07-27,2359.07,2476.4979242679938
TR-032972,2025-07-27,1350.54,1356.813980600521
TR-032973,2025-07-27,2014.06,1958.940808236134
TR-032974,2025-07-27,877.53,925.0859039186114
TR-032975,2025-07-27,1644.0,1714.5700187621262
TR-032976,2025-07-27,2059.41,2239.864638326809
TR-032977,2025-07-27,646.48,636.8815868529321
TR-032978,2025-07-27,2969.42,2946.2825849678525
TR-032979,2025-07-27,1253.86,1276.1704133406943
TR-032980,2025-07-27,2594.03,2670.9428736326936
TR-032981,2025-07-27,3524.21,3711.7428378496425
TR-032982,2025-07-27,845.62,878.7345814919195
TR-032983,2025-07-27,1436.2,1422.7934013970175
TR-032984,2025-07-27,2888.72,2833.944918606916
TR-032985,2025-07-27,1448.87,1561.283565686862
TR-032986,2025-07-27,981.73,1031.8126467046297
TR-032987,2025-07-27,1229.03,1251.1741838440116
TR-032988,2025-07-27,1125.51,1174.4035739552178
TR-032989,2025-07-27,2983.7,3111.289070054685
TR-032990,2025-07-27,1472.31,1581.4025678619173
TR-032991,2025-07-27,1865.89,2159.3329709452473
TR-032992,2025-07-27,1329.27,1336.2155544530856
TR-032993,2025-07-27,1877.25,1932.1003251328993
TR-032994,2025-07-27,405.29,417.7108579110177
TR-032995,2025-07-27,3533.37,3759.7840184450724
TR-032996,2025-07-27,2875.14,3025.326980922363
TR-032997,2025-07-27,2638.38,2535.8587691410157
TR-032998,2025-07-27,4168.72,4133.870331418431
TR-032999,2025-07-27,711.37,783.4032902043323
TR-033000,2025-07-27,1205.4,1221.6015326869142
TR-033001,2025-07-27,2486.71,2628.3230998777644
TR-033002,2025-07-27,349.68,455.0154099410313
TR-033003,2025-07-27,3779.91,3978.6376114172263
TR-033004,2025-07-27,3363.73,3608.683364891036
TR-033005,2025-07-27,869.31,952.1614642551212
TR-033006,2025-07-27,1723.34,1754.2289449539273
TR-033007,2025-07-27,1106.77,1110.4417458229875
TR-033008,2025-07-27,1444.1,1486.6414783745674
TR-033009,2025-07-27,2923.22,3141.4961467909175
TR-033010,2025-07-27,727.21,796.9748395692964
TR-033011,2025-07-27,2120.51,2044.7867740468657
TR-033012,2025-07-27,1343.73,1352.0876026324713
TR-033013,2025-07-27,1499.67,1538.5581115162797
TR-033014,2025-07-27,2055.35,2142.9585048514937
TR-033015,2025-07-27,1253.36,1285.2692711486827
TR-033016,2025-07-27,2003.88,2155.6143596796464
TR-033017,2025-07-27,2031.04,2224.875358975782
TR-033018,2025-07-27,823.25,865.4217375786213
TR-033019,2025-07-27,3529.73,3762.6152457487146
TR-033020,2025-07-27,2966.04,3100.009404682903
TR-033021,2025-07-27,1819.42,1793.4937251412784
TR-033022,2025-07-27,771.46,827.3765562962776
TR-033023,2025-07-27,1054.01,1058.659627763489
TR-033024,2025-07-27,4226.13,4244.388988729366
TR-033025,2025-07-27,1205.58,1269.310869551207
TR-033026,2025-07-27,3939.59,4098.057242597852
TR-033027,2025-07-27,4486.08,4561.736748414558
TR-033028,2025-07-27,768.89,780.7915450136766
TR-033029,2025-07-27,1552.48,1538.4517930353036
TR-033030,2025-07-27,3302.26,3370.6778038058164
TR-033031,2025-07-27,2526.04,2563.8311577024047
TR-033032,2025-07-27,2018.47,2074.8787010862225
TR-033033,2025-07-27,1355.23,1410.0771732926996
TR-033034,2025-07-27,1604.66,1658.7599045482305
TR-033035,2025-07-27,3343.47,3422.2839025094227
TR-033036,2025-07-27,379.33,379.9983723187813
TR-033037,2025-07-27,3330.78,3114.6980160849234
TR-033038,2025-07-27,1177.81,1215.5211454152804
TR-033039,2025-07-27,7607.75,1651.6654020765711
TR-033040,2025-07-27,2234.86,2202.2559834668937
TR-033041,2025-07-27,2251.6,2544.1756265553304
TR-033042,2025-07-27,1307.33,1358.8883268461748
TR-033043,2025-07-27,2145.12,2090.7195488071543
TR-033044,2025-07-27,4354.23,4473.0892163641165
TR-033045,2025-07-27,2597.26,2622.502614381404
TR-033046,2025-07-27,2016.83,2218.900383524439
TR-033047,2025-07-27,2413.16,2607.69153337572
TR-033048,2025-07-27,786.53,832.9917054053021
TR-033049,2025-07-27,1705.16,1680.9663949994808
TR-033050,2025-07-27,898.23,914.1177388448039
TR-033051,2025-07-27,3261.16,3380.488265363984
TR-033052,2025-07-27,1282.83,1310.457773577174
TR-033053,2025-07-27,751.79,804.4327210675322
TR-033054,2025-07-27,2592.78,2582.0482288308085
TR-033055,2025-07-27,798.03,853.515593761007
TR-033056,2025-07-27,3734.08,3735.2258316403804
TR-033057,2025-07-27,1280.74,1312.7770477466947
TR-033058,2025-07-27,3296.85,3331.298709318816
TR-033059,2025-07-27,2278.22,2260.6578052089108
TR-033060,2025-07-27,4984.21,5137.042442281787
TR-033061,2025-07-27,282.54,1422.233942834274
TR-033062,2025-07-27,3261.9,3246.9476176032204
TR-033063,2025-07-27,3530.35,3711.01538124497
TR-033064,2025-07-27,2883.41,2908.6155555563655
TR-033065,2025-07-27,806.0,895.0650177237767
TR-033066,2025-07-27,1275.74,1313.9255899499599
TR-033067,2025-07-27,1464.1,1461.3020182485427
TR-033068,2025-07-27,4174.09,4115.524559175865
TR-033069,2025-07-27,691.7,727.6195895971457
TR-033070,2025-07-27,2662.76,2810.967639686443
TR-033071,2025-07-27,3847.58,3921.911525223443
TR-033072,2025-07-27,1900.56,2074.145198839638
TR-033073,2025-07-27,3531.73,3694.2625656873897
TR-033074,2025-07-27,230.1,400.6846974803959
TR-033075,2025-07-27,17333.65,3872.418827152427
TR-033076,2025-07-27,5553.38,5567.180325246296
TR-033077,2025-07-27,1585.57,1604.1670787440153
TR-033078,2025-07-27,1756.09,1784.6606530149138
TR-033079,2025-07-27,1241.89,1277.1723635900235
TR-033080,2025-07-27,1760.78,1785.8732890056087
TR-033081,2025-07-27,4298.03,4245.909683885804
TR-033082,2025-07-27,978.54,1079.9833390445265
TR-033083,2025-07-28,989.65,1047.244779223693
TR-033084,2025-07-28,3554.43,3490.5973821703183
TR-033085,2025-07-28,551.0,611.9644387875994
TR-033086,2025-07-28,2866.84,2642.3403904046017
TR-033087,2025-07-28,11117.85,3792.776556848513
TR-033088,2025-07-28,1495.86,1526.7770878910183
TR-033089,2025-07-28,3873.08,3966.574382527744
TR-033090,2025-07-28,5421.9,5405.244609114719
TR-033091,2025-07-28,1898.11,1950.7903855093484
TR-033092,2025-07-28,4163.82,4202.769732771
TR-033093,2025-07-28,4689.79,4838.886933337291
TR-033094,2025-07-28,251.2,435.6778897142892
TR-033095,2025-07-28,1084.99,1101.6105113626154
TR-033096,2025-07-28,1374.59,1364.5018609936114
TR-033097,2025-07-28,4869.68,4888.341266306163
TR-033098,2025-07-28,1859.46,1795.02190011661
TR-033099,2025-07-28,1222.71,1240.9423525268805
TR-033100,2025-07-28,571.03,624.6868498592039
TR-033101,2025-07-28,1062.28,1122.7161518333232
TR-033102,2025-07-28,2462.39,2331.214864632751
TR-033103,2025-07-28,1023.46,1092.9905720647303
TR-033104,2025-07-28,730.81,799.574416888034
TR-033105,2025-07-28,345.19,441.8301726349407
TR-033106,2025-07-28,2821.94,2865.9983835989597
TR-033107,2025-07-28,5266.95,5350.036454834718
TR-033108,2025-07-28,2010.78,2020.7712845880253
TR-033109,2025-07-28,1741.31,1776.121239187988
TR-033110,2025-07-28,1307.68,1338.4045136596742
TR-033111,2025-07-28,1454.74,1514.111090981266
TR-033112,2025-07-28,1898.27,1910.813476614055
TR-033113,2025-07-28,3337.67,3658.49336809784
TR-033114,2025-07-28,1608.9,1533.1798766981099
TR-033115,2025-07-28,5884.68,5730.087679192846
TR-033116,2025-07-28,968.12,992.6862021951488
TR-033117,2025-07-28,1358.77,1390.333578504617
TR-033118,2025-07-28,1688.03,1750.1035374814976
TR-033119,2025-07-28,589.77,1509.9416204209267
TR-033120,2025-07-28,1319.58,1396.3133487094933
TR-033121,2025-07-28,1341.91,1342.6075048668497
TR-033122,2025-07-28,1060.52,1107.4735915495407
TR-033123,2025-07-28,2288.59,2467.9548239908777
TR-033124,2025-07-28,4235.39,4363.308971736974
TR-033125,2025-07-28,667.47,698.0087121517502
TR-033126,2025-07-28,1866.7,1838.647989042223
TR-033127,2025-07-28,921.09,970.6719718505744
TR-033128,2025-07-28,4423.69,4526.121744566222
TR-033129,2025-07-28,591.93,650.7463238686407
TR-033130,2025-07-28,1981.07,1923.6919741162963
TR-033131,2025-07-28,1079.93,1083.583466090036
TR-033132,2025-07-28,453.76,532.0682438286794
TR-033133,2025-07-28,1841.68,1993.2673238244506
TR-033134,2025-07-28,1045.98,1110.9570156810355
TR-033135,2025-07-28,749.0,817.8028230982391
TR-033136,2025-07-28,644.7,709.4732776089022
TR-033137,2025-07-28,507.31,608.3878568884479
TR-033138,2025-07-28,1157.48,1219.905510159757
TR-033139,2025-07-28,951.85,980.8147776901396
TR-033140,2025-07-28,2317.43,2335.8588707283393
TR-033141,2025-07-28,882.87,924.3991371581155
TR-033142,2025-07-28,2472.06,2703.061769797315
TR-033143,2025-07-28,669.33,707.7311015394841
TR-033144,2025-07-28,1349.13,1360.013605732613
TR-033145,2025-07-28,1769.62,1755.5266428704567
TR-033146,2025-07-28,3851.99,3871.1391852618917
TR-033147,2025-07-28,1047.91,1089.344603862809
TR-033148,2025-07-28,3793.81,3923.6138775721074
TR-033149,2025-07-28,5189.0,5193.120792195778
TR-033150,2025-07-28,1722.32,1628.805948233472
TR-033151,2025-07-28,2675.46,2698.5321459289157
TR-033152,2025-07-28,3934.13,3888.468283710742
TR-033153,2025-07-28,1955.71,2032.6196904175054
TR-033154,2025-07-28,1926.51,1991.1316076401263
TR-033155,2025-07-28,2297.29,2363.3451097539414
TR-033156,2025-07-28,2347.66,2449.4389338290925
TR-033157,2025-07-28,730.76,811.2799677532921
TR-033158,2025-07-28,2894.13,3034.93006100185
TR-033159,2025-07-28,2843.17,3046.1831773877925
TR-033160,2025-07-28,2992.03,3382.9656591646594
TR-033161,2025-07-28,2311.92,2147.652520076651
TR-033162,2025-07-28,1733.19,1752.838642902703
TR-033163,2025-07-28,2131.03,2218.85256577568
TR-033164,2025-07-28,1181.15,1211.1724422651723
TR-033165,2025-07-28,2177.26,2119.461842055429
TR-033166,2025-07-28,2453.15,2488.5848832060797
TR-033167,2025-07-28,1178.59,1237.9399084518873
TR-033168,2025-07-28,1929.08,1972.6700258498634
TR-033169,2025-07-28,2217.1,2123.66637480051
TR-033170,2025-07-28,2897.57,3105.334331349111
TR-033171,2025-07-28,1663.4,1676.666576524379
TR-033172,2025-07-28,2666.77,2675.1462247431373
TR-033173,2025-07-28,1407.1,1401.0164629089131
TR-033174,2025-07-28,2062.01,2023.0616227931912
TR-033175,2025-07-28,1426.78,1459.4556729927135
TR-033176,2025-07-28,4536.47,4629.608244377189
TR-033177,2025-07-28,5405.95,5284.698555360914
TR-033178,2025-07-28,1153.57,1209.048335116022
TR-033179,2025-07-28,1991.56,2125.3756852545807
TR-033180,2025-07-28,839.54,832.3538993437464
TR-033181,2025-07-28,3503.11,3733.327131445546
TR-033182,2025-07-28,840.66,898.3394324998685
TR-033183,2025-07-28,1543.43,1565.7592677211928
TR-033184,2025-07-28,958.89,994.6446702178278
TR-033185,2025-07-28,2594.5,2712.314908619189
TR-033186,2025-07-28,4765.47,4777.977259831341
TR-033187,2025-07-28,1072.73,1130.566739673762
TR-033188,2025-07-28,4758.75,4872.0052393411415
TR-033189,2025-07-28,820.22,881.3958583129383
TR-033190,2025-07-28,1560.64,1564.654683147341
TR-033191,2025-07-28,3648.27,3936.767314748302
TR-033192,2025-07-28,3962.34,4191.394234714933
TR-033193,2025-07-28,751.09,814.0359616745432
TR-033194,2025-07-28,3243.61,3536.1689784179102
TR-033195,2025-07-28,4010.64,4173.319527292559
TR-033196,2025-07-28,2371.53,2157.15292087839
TR-033197,2025-07-28,2254.81,2166.400295783275
TR-033198,2025-07-28,3124.78,3211.9621781572214
TR-033199,2025-07-28,4868.75,5052.744963379539
TR-033200,2025-07-28,4209.92,4317.186232294747
TR-033201,2025-07-28,1826.1,1909.3913007103363
TR-033202,2025-07-28,2182.49,2262.944509112585
TR-033203,2025-07-28,3861.21,3900.101070437555
TR-033204,2025-07-28,424.18,476.95380949749597
TR-033205,2025-07-28,3736.94,3870.2891023088428
TR-033206,2025-07-28,1541.48,1533.0606329895415
TR-033207,2025-07-28,864.75,909.6583975054687
TR-033208,2025-07-28,1023.49,1032.9649381579845
TR-033209,2025-07-28,1115.26,1158.1488380610463
TR-033210,2025-07-28,1086.36,1096.4252898934792
TR-033211,2025-07-28,3724.13,3754.98960523837
TR-033212,2025-07-28,1157.89,1201.0256703219043
TR-033213,2025-07-28,3690.14,4057.3311296821116
TR-033214,2025-07-28,1568.81,1588.519932054581
TR-033215,2025-07-28,1133.62,1160.3625230279
TR-033216,2025-07-28,2473.93,2625.418403880631
TR-033217,2025-07-28,761.27,806.4489096633586
TR-033218,2025-07-28,1398.53,1440.9528936149277
TR-033219,2025-07-29,1420.59,1470.3252354507467
TR-033220,2025-07-29,3640.51,3708.3249176822983
TR-033221,2025-07-29,3878.94,3837.0564429035066
TR-033222,2025-07-29,2615.16,2773.8650657016387
TR-033223,2025-07-29,1713.02,1815.4262401524286
TR-033224,2025-07-29,1259.85,1270.4490878383276
TR-033225,2025-07-29,1611.43,1712.267657365777
TR-033226,2025-07-29,3114.18,3560.6888325084255
TR-033227,2025-07-29,4014.56,4010.682274186262
TR-033228,2025-07-29,2989.18,3042.9671725200005
TR-033229,2025-07-29,1676.83,1713.6991882600073
TR-033230,2025-07-29,998.86,1017.1668343989518
TR-033231,2025-07-29,1828.03,1851.5946999211308
TR-033232,2025-07-29,2425.52,2302.5427487258
TR-033233,2025-07-29,9454.94,3715.7811831237095
TR-033234,2025-07-29,997.94,1030.4911336333057
TR-033235,2025-07-29,1803.99,1822.8782119799064
TR-033236,2025-07-29,1083.0,1117.46916776741
TR-033237,2025-07-29,1579.09,1639.844970389494
TR-033238,2025-07-29,1928.09,1947.6219387736485
TR-033239,2025-07-29,3548.35,3715.1871047189725
TR-033240,2025-07-29,3843.58,3714.239974795579
TR-033241,2025-07-29,1284.5,1333.5112420841033
TR-033242,2025-07-29,824.27,876.1429132921348
TR-033243,2025-07-29,1388.81,1456.2916787618765
TR-033244,2025-07-29,1128.9,1161.1913502179534
TR-033245,2025-07-29,1293.47,1257.180912415812
TR-033246,2025-07-29,1354.57,1372.7805667130524
TR-033247,2025-07-29,1861.38,1840.3612609460672
TR-033248,2025-07-29,805.38,827.2231869027794
TR-033249,2025-07-29,2233.73,2185.549520853396
TR-033250,2025-07-29,3420.69,3589.617187920423
TR-033251,2025-07-29,1473.1,1522.6040702678847
TR-033252,2025-07-29,1769.73,1736.5147569469793
TR-033253,2025-07-29,777.3,796.3494571658348
TR-033254,2025-07-29,1007.53,1024.0603567053295
TR-033255,2025-07-29,5605.79,5656.994692577537
TR-033256,2025-07-29,756.5,822.7311512065419
TR-033257,2025-07-29,237.05,1242.0973766635939
TR-033258,2025-07-29,665.14,715.8947341349417
TR-033259,2025-07-29,5075.37,5068.623767571809
TR-033260,2025-07-29,1230.53,1288.0574008007936
TR-033261,2025-07-29,3738.79,3632.127182541627
TR-033262,2025-07-29,2849.25,2709.246710183768
TR-033263,2025-07-29,1455.4,1497.9642356636173
TR-033264,2025-07-29,4372.17,4450.668671290827
TR-033265,2025-07-29,3614.59,3647.187605650701
TR-033266,2025-07-29,1016.92,1079.436544493216
TR-033267,2025-07-29,2035.28,2163.8427558063845
TR-033268,2025-07-29,1073.77,1126.8417399262996
TR-033269,2025-07-29,2058.58,2015.6808537876416
TR-033270,2025-07-29,585.85,609.3089025541642
TR-033271,2025-07-29,602.71,645.7095541476563
TR-033272,2025-07-29,2242.34,2215.668962142714
TR-033273,2025-07-29,2226.3,2149.304706066295
TR-033274,2025-07-29,11700.79,3699.318212758043
TR-033275,2025-07-29,2093.58,2009.877181389097
TR-033276,2025-07-29,3064.63,2896.3287073109573
TR-033277,2025-07-29,4545.32,4501.78872965033
TR-033278,2025-07-29,5078.8,4962.833479567612
TR-033279,2025-07-29,1706.41,1634.8232449866111
TR-033280,2025-07-29,6289.39,5821.720987639104
TR-033281,2025-07-29,4150.42,4205.438536220225
TR-033282,2025-07-29,3478.47,3562.22750620393
TR-033283,2025-07-29,2239.24,2247.4004582592743
TR-033284,2025-07-29,2090.95,2034.3848873894315
TR-033285,2025-07-29,656.33,716.2412795811608
TR-033286,2025-07-29,638.98,699.126206858318
TR-033287,2025-07-29,3120.61,3238.354512237135
TR-033288,2025-07-29,1778.43,1684.0568148028078
TR-033289,2025-07-29,6070.24,6002.632424573469
TR-033290,2025-07-29,1801.21,1839.4851099713496
TR-033291,2025-07-29,2757.75,2809.3991389511702
TR-033292,2025-07-29,1710.7,1911.288888882796
TR-033293,2025-07-29,1796.29,1945.1358770986824
TR-033294,2025-07-29,4082.81,4077.124899957069
TR-033295,2025-07-29,1526.56,1526.8069122962602
TR-033296,2025-07-29,3748.15,3933.1432190365367
TR-033297,2025-07-29,2358.57,2288.11629698255
TR-033298,2025-07-29,799.27,832.7126563857651
TR-033299,2025-07-29,3889.88,4038.8490811959855
TR-033300,2025-07-29,5071.95,5213.515360292893
TR-033301,2025-07-29,1999.57,2094.9301380575416
TR-033302,2025-07-29,684.23,726.0856052746124
TR-033303,2025-07-29,1161.81,1213.8079899446375
TR-033304,2025-07-29,631.69,665.7598213520696
TR-033305,2025-07-29,6289.74,2087.762311806031
TR-033306,2025-07-29,1692.64,1655.5106448664378
TR-033307,2025-07-29,324.35,429.1471467953804
TR-033308,2025-07-29,3264.59,3308.376689509077
TR-033309,2025-07-29,1340.04,1346.646191754798
TR-033310,2025-07-29,1671.29,1694.0185382689865
TR-033311,2025-07-29,818.04,906.8440582417547
TR-033312,2025-07-29,11663.11,3664.295797339027
TR-033313,2025-07-29,2835.15,3016.0997710908987
TR-033314,2025-07-29,3547.14,3720.5262570856594
TR-033315,2025-07-29,4005.08,4125.386755450961
TR-033316,2025-07-29,3889.7,4051.358091943008
TR-033317,2025-07-29,1238.33,1226.2182241408923
TR-033318,2025-07-29,4113.77,4113.097234066041
TR-033319,2025-07-29,1454.31,1490.973488451537
TR-033320,2025-07-29,1538.63,1534.859141451587
TR-033321,2025-07-29,3402.81,3419.248634848699
TR-033322,2025-07-29,3019.11,3032.1367454629362
TR-033323,2025-07-29,3738.64,3522.6142607521815
TR-033324,2025-07-29,3278.18,3479.901094615285
TR-033325,2025-07-29,1574.29,1550.3011474118875
TR-033326,2025-07-29,1140.79,1193.1530410821806
TR-033327,2025-07-29,862.51,885.4549929260845
TR-033328,2025-07-29,4653.68,5077.355472619036
TR-033329,2025-07-29,1705.18,1774.1909752212994
TR-033330,2025-07-29,2253.53,2233.755844777915
TR-033331,2025-07-29,2217.15,2271.0202256219036
TR-033332,2025-07-29,4453.21,4673.0942039626625
TR-033333,2025-07-29,801.41,873.4542140114122
TR-033334,2025-07-29,3689.1,3908.4803192362106
TR-033335,2025-07-29,3272.85,3289.1675815652097
TR-033336,2025-07-29,1665.39,1613.160976451912
TR-033337,2025-07-29,3877.1,4033.1543714670593
TR-033338,2025-07-29,3782.81,3835.108962738165
TR-033339,2025-07-29,989.07,1018.6797607147749
TR-033340,2025-07-29,3865.21,4065.1476316028597
TR-033341,2025-07-29,1811.38,1810.8118842736212
TR-033342,2025-07-29,625.2,693.1786070289036
TR-033343,2025-07-29,754.69,743.1805099357557
TR-033344,2025-07-29,2668.85,2561.4953462874437
TR-033345,2025-07-29,4211.13,4211.067292805298
TR-033346,2025-07-29,1055.08,1040.2524079972718
TR-033347,2025-07-29,4668.29,4824.794776729461
TR-033348,2025-07-29,2304.18,2438.137983046666
TR-033349,2025-07-29,1144.3,1184.9058116653755
TR-033350,2025-07-29,5897.96,5764.225632049757
TR-033351,2025-07-29,2152.41,2070.1684358815455
TR-033352,2025-07-29,1680.49,1651.556150861171
TR-033353,2025-07-29,840.99,873.7003111235738
TR-033354,2025-07-29,844.68,888.7500009181349
TR-033355,2025-07-29,2292.39,2223.234412496513
TR-033356,2025-07-29,1238.44,1301.0411310294025
TR-033357,2025-07-29,521.73,538.745030947365
TR-033358,2025-07-29,1656.78,1697.6151062449417
TR-033359,2025-07-29,4343.02,4289.578512262286
TR-033360,2025-07-29,500.83,541.9723840323297
TR-033361,2025-07-29,1151.03,1191.9171096772602
TR-033362,2025-07-29,3391.79,3443.0170884137497
TR-033363,2025-07-29,1942.0,1906.1317064345249
TR-033364,2025-07-29,3836.36,4077.2152247312233
TR-033365,2025-07-29,4229.91,4032.9612429856957
TR-033366,2025-07-29,1245.46,1245.5338847783087
TR-033367,2025-07-29,3647.9,3738.5205800804356
TR-033368,2025-07-29,3693.66,3685.7190967402057
TR-033369,2025-07-29,1132.59,1121.6237027750085
TR-033370,2025-07-29,1651.94,1708.0110307512205
TR-033371,2025-07-29,1388.08,1377.3500482424333
TR-033372,2025-07-29,1238.54,1234.7340517899233
TR-033373,2025-07-29,1145.59,1152.5564614243103
TR-033374,2025-07-29,662.05,724.5841521457401
TR-033375,2025-07-29,1800.0,1816.5846318197707
TR-033376,2025-07-29,1353.63,1325.0429743211794
TR-033377,2025-07-29,840.06,926.5816848741101
TR-033378,2025-07-29,3325.49,3180.6015315362465
TR-033379,2025-07-29,1512.77,1565.153986863331
TR-033380,2025-07-29,1407.85,1397.9716272879027
TR-033381,2025-07-29,654.72,661.1371347843756
TR-033382,2025-07-29,830.79,866.0122014254591
TR-033383,2025-07-29,5179.71,4919.321312164931
TR-033384,2025-07-29,1737.63,1757.7390472470436
TR-033385,2025-07-29,3778.79,3736.1942806534253
TR-033386,2025-07-29,831.77,878.2100757560866
TR-033387,2025-07-29,2589.12,2614.649778794427
TR-033388,2025-07-30,1492.45,1526.092541464287
TR-033389,2025-07-30,2425.9,2634.430152326148
TR-033390,2025-07-30,523.76,544.1729873773538
TR-033391,2025-07-30,1894.87,1907.0921626997258
TR-033392,2025-07-30,4510.5,4361.670140004974
TR-033393,2025-07-30,2095.34,2199.8029019232936
TR-033394,2025-07-30,1159.17,1153.0244728887574
TR-033395,2025-07-30,4384.3,4101.263643163806
TR-033396,2025-07-30,4316.63,4463.345356130926
TR-033397,2025-07-30,1823.2,1703.8502969536867
TR-033398,2025-07-30,649.26,750.4005144289024
TR-033399,2025-07-30,4873.57,4527.801662401816
TR-033400,2025-07-30,1074.28,1027.9804308874814
TR-033401,2025-07-30,4532.07,4687.675862096639
TR-033402,2025-07-30,2285.16,2221.7837561554365
TR-033403,2025-07-30,972.93,1035.6538394352679
TR-033404,2025-07-30,1109.36,1112.5405713797982
TR-033405,2025-07-30,2836.02,2921.360417389263
TR-033406,2025-07-30,2754.93,2639.0357929069733
TR-033407,2025-07-30,3188.57,3169.5666153056927
TR-033408,2025-07-30,1594.22,1629.9232475947615
TR-033409,2025-07-30,1704.36,1673.5986282158212
TR-033410,2025-07-30,1211.82,1235.619873340282
TR-033411,2025-07-30,1577.8,1498.1882337462553
TR-033412,2025-07-30,1903.08,1937.6846366684595
TR-033413,2025-07-30,574.23,591.6997802479605
TR-033414,2025-07-30,1093.54,1091.5300312174106
TR-033415,2025-07-30,793.91,784.3044009286673
TR-033416,2025-07-30,2146.61,2238.336472162236
TR-033417,2025-07-30,1963.31,1939.3318267554382
TR-033418,2025-07-30,1826.74,1890.0141467740953
TR-033419,2025-07-30,1558.35,1622.800818949324
TR-033420,2025-07-30,2532.58,2551.8319693461362
TR-033421,2025-07-30,4237.41,4301.8846369047915
TR-033422,2025-07-30,2149.7,2194.619872783276
TR-033423,2025-07-30,3921.35,3868.6147914451017
TR-033424,2025-07-30,2609.89,2736.4819700705557
TR-033425,2025-07-30,3454.91,3344.230494724128
TR-033426,2025-07-30,1941.84,1971.6881764982304
TR-033427,2025-07-30,3018.74,2959.926644089668
TR-033428,2025-07-30,532.18,542.9464197310856
TR-033429,2025-07-30,3547.81,3722.0280577346366
TR-033430,2025-07-30,2285.38,2225.362770819006
TR-033431,2025-07-30,1942.42,1897.9909653230543
TR-033432,2025-07-30,839.25,843.1434222272765
TR-033433,2025-07-30,1555.16,1504.9061244356753
TR-033434,2025-07-30,3762.37,3721.487079877992
TR-033435,2025-07-30,1800.79,1703.399514011454
TR-033436,2025-07-30,5326.07,5012.512503685222
TR-033437,2025-07-30,1820.67,1799.6818157094315
TR-033438,2025-07-30,1689.34,1664.477162557904
TR-033439,2025-07-30,3137.97,3156.4259510421907
TR-033440,2025-07-30,4318.58,4374.138916185968
TR-033441,2025-07-30,804.53,790.5920548148738
TR-033442,2025-07-30,2333.02,2382.3218185872925
TR-033443,2025-07-30,3461.44,3554.793116350328
TR-033444,2025-07-30,2818.73,2648.2354331506313
TR-033445,2025-07-30,3543.39,3618.6419690596613
TR-033446,2025-07-30,2291.67,2230.513980313376
TR-033447,2025-07-30,1712.33,1841.3199053385877
TR-033448,2025-07-30,2348.45,2379.8832856170097
TR-033449,2025-07-30,1681.37,1777.4209118453957
TR-033450,2025-07-30,1270.94,1297.2554303717152
TR-033451,2025-07-30,2166.93,2140.9282719663915
TR-033452,2025-07-30,3599.57,3719.8840955903197
TR-033453,2025-07-30,2504.96,2560.750585532249
TR-033454,2025-07-30,4148.95,4116.472455768753
TR-033455,2025-07-30,2080.07,2142.2961048925795
TR-033456,2025-07-30,2834.56,3008.9755722996083
TR-033457,2025-07-30,1444.8,1443.2826782732604
TR-033458,2025-07-30,1861.47,1805.133813028027
TR-033459,2025-07-30,4571.47,4764.178167503664
TR-033460,2025-07-30,5253.1,5035.830513930532
TR-033461,2025-07-30,2799.52,3132.243442155641
TR-033462,2025-07-30,4442.0,4472.4853394584625
TR-033463,2025-07-30,787.16,787.5331472539935
TR-033464,2025-07-30,2207.87,2534.7161646152394
TR-033465,2025-07-30,2117.14,2015.3088427209368
TR-033466,2025-07-30,1153.84,1224.616652592942
TR-033467,2025-07-30,2595.59,2770.8240285432926
TR-033468,2025-07-30,1392.04,1336.8732123239365
TR-033469,2025-07-30,889.07,914.392541443575
TR-033470,2025-07-30,1982.01,2209.2303297006265
TR-033471,2025-07-30,2686.32,2633.4079709310536
TR-033472,2025-07-30,6127.79,5919.851075377213
TR-033473,2025-07-30,1046.89,1160.7208223959622
TR-033474,2025-07-30,3986.38,3998.18441829299
TR-033475,2025-07-30,2158.96,2138.875873382333
TR-033476,2025-07-30,5522.82,5309.75042467496
TR-033477,2025-07-30,2331.43,2196.9173150775437
TR-033478,2025-07-30,2089.17,2181.973155593876
TR-033479,2025-07-30,3859.45,4064.2498261324363
TR-033480,2025-07-30,4432.04,4452.073294553309
TR-033481,2025-07-30,4367.11,4468.687693270571
TR-033482,2025-07-30,2423.77,2398.825715375713
TR-033483,2025-07-30,1868.17,1758.5393482940046
TR-033484,2025-07-30,2265.16,2190.8306793986853
TR-033485,2025-07-30,1850.8,1817.2817786714038
TR-033486,2025-07-30,5403.43,5308.906153453599
TR-033487,2025-07-30,3749.77,3861.350019445045
TR-033488,2025-07-30,1636.98,1653.3800469233088
TR-033489,2025-07-30,2373.91,2472.419126880337
TR-033490,2025-07-30,4711.88,4927.967167396086
TR-033491,2025-07-30,1115.43,1175.157169758145
TR-033492,2025-07-30,4374.98,4489.574507106812
TR-033493,2025-07-30,5228.93,5197.2607200817565
TR-033494,2025-07-30,331.63,398.8075225345599
TR-033495,2025-07-30,3983.97,4093.412039583354
TR-033496,2025-07-30,853.23,835.399055801055
TR-033497,2025-07-30,2766.52,2738.2408092236333
TR-033498,2025-07-30,5234.26,5240.471423657131
TR-033499,2025-07-30,944.31,899.755293872164
TR-033500,2025-07-30,3815.3,3870.939096557964
TR-033501,2025-07-30,1579.34,1615.130322498449
TR-033502,2025-07-30,681.29,700.650293549367
TR-033503,2025-07-30,972.78,1043.776141816912
TR-033504,2025-07-30,1472.46,1537.4487103949036
TR-033505,2025-07-30,867.75,925.6296336051159
TR-033506,2025-07-30,1607.06,1659.0689859121524
TR-033507,2025-07-30,4816.56,4918.430166849414
TR-033508,2025-07-30,795.95,799.8119231686305
TR-033509,2025-07-30,5154.49,5088.691524148027
TR-033510,2025-07-30,3244.94,3288.0015732466823
TR-033511,2025-07-30,1407.64,1380.3009118728132
TR-033512,2025-07-30,420.29,445.13912211971524
TR-033513,2025-07-30,817.79,821.2545208140937
TR-033514,2025-07-30,4307.23,4285.136272795133
TR-033515,2025-07-30,2734.49,2720.1914943582224
TR-033516,2025-07-30,1492.69,1442.0794904959312
TR-033517,2025-07-30,473.01,460.528839804035
TR-033518,2025-07-30,2046.33,2003.6199650380024
TR-033519,2025-07-30,2864.62,3064.7807780243274
TR-033520,2025-07-30,2127.18,2041.674580911072
TR-033521,2025-07-30,1184.72,1187.7322477582345
TR-033522,2025-07-30,1737.62,1727.8057463880093
TR-033523,2025-07-30,825.4,892.2663546684457
TR-033524,2025-07-30,3397.54,3340.5408741627434
TR-033525,2025-07-30,1065.03,1097.5152347598555
TR-033526,2025-07-30,1540.87,1530.3794692556683
TR-033527,2025-07-30,2008.33,1998.5012187359955
TR-033528,2025-07-30,4067.77,3868.3107825603147
TR-033529,2025-07-30,2755.3,2536.3543963072957
TR-033530,2025-07-30,1671.59,1707.4440720920848
TR-033531,2025-07-30,2717.57,2836.5710210738093
TR-033532,2025-07-30,2597.84,2426.8104469994355
TR-033533,2025-07-30,1642.37,1710.7184219083545
TR-033534,2025-07-30,4436.45,4414.310219161132
TR-033535,2025-07-30,1294.5,1250.156954854497
TR-033536,2025-07-30,755.86,760.828228292133
TR-033537,2025-07-30,1058.07,1093.2533482453227
TR-033538,2025-07-30,3587.26,3637.812384836694
TR-033539,2025-07-30,1526.98,1551.4486755017492
TR-033540,2025-07-30,4765.3,4693.470455823453
TR-033541,2025-07-30,2626.56,2652.648737954897
TR-033542,2025-07-30,2777.24,2689.5642301841617
TR-033543,2025-07-30,2705.94,2549.159381567551
TR-033544,2025-07-30,4655.63,4537.707329647526
TR-033545,2025-07-30,4927.45,4763.077837683308
TR-033546,2025-07-30,3099.64,3012.609649301253
TR-033547,2025-07-30,391.46,454.9866841053981
TR-033548,2025-07-30,1601.82,1700.085086547619
TR-033549,2025-07-30,1986.12,1929.3232271520073
TR-033550,2025-07-30,1398.59,3820.3478335982295
TR-033551,2025-07-30,2425.96,2337.0240041778084
TR-033552,2025-07-30,1193.55,1207.6238034976166
TR-033553,2025-07-30,1154.62,1193.4181526287316
TR-033554,2025-07-31,1179.09,1209.959445484591
TR-033555,2025-07-31,694.94,688.8367591733465
TR-033556,2025-07-31,966.97,1014.2116898426785
TR-033557,2025-07-31,2028.71,2074.3352502145935
TR-033558,2025-07-31,2520.82,2507.7325741487907
TR-033559,2025-07-31,1053.9,1050.719095067104
TR-033560,2025-07-31,2665.31,2789.4448184918274
TR-033561,2025-07-31,5306.3,5276.468533375518
TR-033562,2025-07-31,2984.0,2823.375837527158
TR-033563,2025-07-31,3609.2,3268.2550973811362
TR-033564,2025-07-31,3905.53,3859.8185182313937
TR-033565,2025-07-31,2525.63,2550.2614386507544
TR-033566,2025-07-31,773.86,801.853910723316
TR-033567,2025-07-31,4283.98,4254.509956768674
TR-033568,2025-07-31,1674.07,1639.6950861820192
TR-033569,2025-07-31,977.64,1017.7424807281242
TR-033570,2025-07-31,1437.12,1505.8180370031737
TR-033571,2025-07-31,5167.59,4914.351186619895
TR-033572,2025-07-31,2329.27,2377.9876898917328
TR-033573,2025-07-31,1536.67,1518.2383195436378
TR-033574,2025-07-31,1710.34,1674.0969068499603
TR-033575,2025-07-31,2564.39,2269.310979378723
TR-033576,2025-07-31,2283.06,2185.874881523664
TR-033577,2025-07-31,1516.79,1538.7385733957908
TR-033578,2025-07-31,1315.65,1330.8632805541909
TR-033579,2025-07-31,2284.82,2354.438064390911
TR-033580,2025-07-31,3818.44,3867.843539721886
TR-033581,2025-07-31,3287.63,3426.8454362027614
TR-033582,2025-07-31,1031.99,1081.2677135532858
TR-033583,2025-07-31,2256.64,2430.168083548961
TR-033584,2025-07-31,2382.85,2259.8881031669353
TR-033585,2025-07-31,2996.59,3064.8568425892995
TR-033586,2025-07-31,171.28,985.4861273841677
TR-033587,2025-07-31,3236.3,3067.225776861329
TR-033588,2025-07-31,5242.67,5191.556094941285
TR-033589,2025-07-31,821.5,868.5408200146082
TR-033590,2025-07-31,1522.92,1526.4086102245315
TR-033591,2025-07-31,2939.42,2972.491300102218
TR-033592,2025-07-31,4293.63,4146.073763139386
TR-033593,2025-07-31,2945.96,2883.4626859707523
TR-033594,2025-07-31,2472.99,2806.147242878364
TR-033595,2025-07-31,738.34,749.364952506611
TR-033596,2025-07-31,3256.86,3383.91899170699
TR-033597,2025-07-31,1944.65,1931.0479415844097
TR-033598,2025-07-31,4297.86,4401.969072784279
TR-033599,2025-07-31,2198.37,2392.5962098965892
TR-033600,2025-07-31,2978.27,2938.549630242817
TR-033601,2025-07-31,4935.31,4763.9773027222445
TR-033602,2025-07-31,652.13,675.6131860342653
TR-033603,2025-07-31,3506.35,3542.6986235730656
TR-033604,2025-07-31,1113.56,1138.6067072264846
TR-033605,2025-07-31,4448.72,4416.286738777904
TR-033606,2025-07-31,1633.43,1662.992022257924
TR-033607,2025-07-31,1482.92,1523.850488883023
TR-033608,2025-07-31,1600.76,1664.282579917552
TR-033609,2025-07-31,1754.5,1740.1324575787983
TR-033610,2025-07-31,850.85,1000.8935921734515
TR-033611,2025-07-31,574.44,605.6325413267496
TR-033612,2025-07-31,805.97,879.6648621768165
TR-033613,2025-07-31,3726.52,3723.900531056959
TR-033614,2025-07-31,1813.51,1866.1730380943486
TR-033615,2025-07-31,1956.95,1957.0596503682514
TR-033616,2025-07-31,3509.04,3467.919913415315
TR-033617,2025-07-31,3414.58,3483.6372432992475
TR-033618,2025-07-31,1171.32,1219.4453092678195
TR-033619,2025-07-31,1169.44,1237.1855151737
TR-033620,2025-07-31,1078.13,1103.727471919489
TR-033621,2025-07-31,2035.68,2041.6636393389783
TR-033622,2025-07-31,816.59,780.5125257726193
TR-033623,2025-07-31,2883.69,3090.1986620876482
TR-033624,2025-07-31,1690.05,1819.2717742224388
TR-033625,2025-07-31,1374.42,1359.5833832392827
TR-033626,2025-07-31,4992.63,4990.576114420528
TR-033627,2025-07-31,1519.07,1552.9301446718694
TR-033628,2025-07-31,4372.7,4254.3630183475525
TR-033629,2025-07-31,6555.87,6052.630958674153
TR-033630,2025-07-31,4293.8,4361.016893488088
TR-033631,2025-07-31,3888.72,3939.737374963669
TR-033632,2025-07-31,4984.37,4962.432598885756
TR-033633,2025-07-31,1305.57,1304.101407578109
TR-033634,2025-07-31,4343.49,4507.4759022591425
TR-033635,2025-07-31,3201.29,3267.836787683439
TR-033636,2025-07-31,1041.63,1030.3379340129063
TR-033637,2025-07-31,487.3,499.5450407129895
TR-033638,2025-07-31,3469.85,3576.774033129795
TR-033639,2025-07-31,3461.66,3577.8843451364837
TR-033640,2025-07-31,1669.65,1604.9708610746823
TR-033641,2025-07-31,3991.54,3909.860471853154
TR-033642,2025-07-31,4627.87,4646.075987802833
TR-033643,2025-07-31,1234.28,1317.6544779324277
TR-033644,2025-07-31,3037.85,3112.8641990414812
TR-033645,2025-07-31,2908.0,2769.8615199888895
TR-033646,2025-07-31,3475.05,3696.5653434245573
TR-033647,2025-07-31,3325.09,1182.520021164119
TR-033648,2025-07-31,1802.48,1779.8659550458353
TR-033649,2025-07-31,2392.89,2437.9326698896434
TR-033650,2025-07-31,2638.99,2543.0520458171054
TR-033651,2025-07-31,1554.34,1600.813600516016
TR-033652,2025-07-31,6861.97,5981.116210392794
TR-033653,2025-07-31,2903.33,3012.293263110519
TR-033654,2025-07-31,1820.81,1850.692409647128
TR-033655,2025-07-31,2099.51,2075.1562459025627
TR-033656,2025-07-31,399.91,396.7318911555742
TR-033657,2025-07-31,242.62,391.55571819225656
TR-033658,2025-07-31,4389.63,4586.002038813782
TR-033659,2025-07-31,2147.77,2048.584253767932
TR-033660,2025-07-31,837.32,882.1265198771694
TR-033661,2025-07-31,1380.87,1324.0923042199252
TR-033662,2025-07-31,764.39,713.2353548778144
TR-033663,2025-07-31,3676.16,3715.074306351371
TR-033664,2025-07-31,4366.08,4321.568518839584
TR-033665,2025-07-31,1893.21,1935.1821440474212
TR-033666,2025-07-31,1577.92,1589.1688531995828
TR-033667,2025-07-31,3057.03,3190.173918988988
TR-033668,2025-07-31,1672.79,1662.7899017008422
TR-033669,2025-07-31,3559.74,3813.920442446459
TR-033670,2025-07-31,4510.39,4403.744641034347
TR-033671,2025-07-31,2729.95,2914.8308318506733
TR-033672,2025-07-31,1783.51,1835.0792472252422
TR-033673,2025-07-31,3407.64,3456.1707091746316
TR-033674,2025-07-31,1016.79,1010.1298798946317
TR-033675,2025-07-31,1827.31,2073.266325112887
TR-033676,2025-07-31,981.15,959.7258428852449
TR-033677,2025-07-31,2524.36,2657.392133534577
TR-033678,2025-07-31,1914.4,2045.1488965528706
TR-033679,2025-07-31,1109.3,1073.6727451883394
TR-033680,2025-07-31,4295.53,4281.582136870722
TR-033681,2025-07-31,4692.93,4478.414783314133
TR-033682,2025-07-31,2704.31,2600.3660194160175
TR-033683,2025-07-31,960.9,960.2843945633383
TR-033684,2025-07-31,813.1,807.4346073828349
TR-033685,2025-07-31,2067.97,2035.6214622236462
TR-033686,2025-07-31,1782.53,1824.6317163612312
TR-033687,2025-07-31,3067.99,3211.3038020480326
TR-033688,2025-07-31,3593.31,3621.315353372498
TR-033689,2025-07-31,1501.04,1447.2909069851576
TR-033690,2025-07-31,2114.02,2197.9401613672044
TR-033691,2025-07-31,2733.75,2646.5917094998413
TR-033692,2025-07-31,1579.13,1581.1906866713464
TR-033693,2025-07-31,1775.76,1832.3266494487234
TR-033694,2025-07-31,1960.66,1980.9124672769206
TR-033695,2025-07-31,3005.74,3009.01254855396
TR-033696,2025-07-31,1824.89,1823.7004862888052
TR-033697,2025-07-31,875.7,840.3824980331397
TR-033698,2025-07-31,5256.89,5271.489647746763
TR-033699,2025-07-31,1633.09,1654.8590000097681
TR-033700,2025-07-31,2673.7,2846.390548341633
TR-033701,2025-07-31,4477.45,4303.5948880619935
TR-033702,2025-07-31,1839.76,1841.968876071076
TR-033703,2025-07-31,3429.46,3615.1762379389343
TR-033704,2025-07-31,1681.79,1638.7952218956825
TR-033705,2025-07-31,1663.85,1659.6543500095383
TR-033706,2025-07-31,1565.57,1512.966673559993
TR-033707,2025-07-31,2153.28,2103.048754062457
TR-033708,2025-07-31,1184.85,1221.9519218416833
TR-033709,2025-07-31,252.68,397.8348657674744
TR-033710,2025-07-31,1758.02,1843.0222423628963
TR-033711,2025-07-31,2554.48,2521.283209011483
TR-033712,2025-07-31,2655.55,2864.6833474161467
TR-033713,2025-07-31,1131.42,1103.3165898478799
TR-033714,2025-07-31,3190.44,3268.0011053383096
TR-033715,2025-07-31,2092.53,2091.570981698089
TR-033716,2025-07-31,2316.16,2263.784352111868
TR-033717,2025-07-31,1860.68,1884.7563134274715
TR-033718,2025-07-31,1247.41,1283.018286394367
TR-033719,2025-08-01,867.62,898.1781268622397
TR-033720,2025-08-01,1789.0,1731.583364145532
TR-033721,2025-08-01,2403.16,2389.7498224749456
TR-033722,2025-08-01,4722.42,4797.619477095165
TR-033723,2025-08-01,276.48,458.83982637137706
TR-033724,2025-08-01,1243.65,1241.2122612133865
TR-033725,2025-08-01,1664.84,1742.0007690535317
TR-033726,2025-08-01,1286.77,1284.110931733751
TR-033727,2025-08-01,3475.19,3695.3903760339963
TR-033728,2025-08-01,4007.13,4023.0518596941547
TR-033729,2025-08-01,2507.97,2457.6649342129017
TR-033730,2025-08-01,917.05,972.807783156461
TR-033731,2025-08-01,3562.11,3636.4393078106777
TR-033732,2025-08-01,2197.15,2184.717796110262
TR-033733,2025-08-01,747.57,837.1004927663403
TR-033734,2025-08-01,2511.03,2440.580249047423
TR-033735,2025-08-01,1092.22,1133.8542976537137
TR-033736,2025-08-01,1331.9,1280.983919002475
TR-033737,2025-08-01,3634.84,3656.212321959457
TR-033738,2025-08-01,606.35,660.1190793845283
TR-033739,2025-08-01,3822.64,4022.0276051330347
TR-033740,2025-08-01,830.35,847.8289584162314
TR-033741,2025-08-01,2525.75,2879.526801352349
TR-033742,2025-08-01,3472.54,3446.4167094375925
TR-033743,2025-08-01,2215.04,2105.1743661129244
TR-033744,2025-08-01,4279.06,4227.585764014147
TR-033745,2025-08-01,1096.66,1133.3691696099386
TR-033746,2025-08-01,2040.66,2011.2505110026038
TR-033747,2025-08-01,664.74,655.6884675536649
TR-033748,2025-08-01,662.76,718.8272262465835
TR-033749,2025-08-01,2008.68,2074.972614385204
TR-033750,2025-08-01,2234.64,2083.794136335683
TR-033751,2025-08-01,2537.62,2640.732769235385
TR-033752,2025-08-01,4258.1,4109.4057149045375
TR-033753,2025-08-01,2474.08,2371.6288093196868
TR-033754,2025-08-01,1809.03,1710.7460771078008
TR-033755,2025-08-01,3799.11,3831.9557381076565
TR-033756,2025-08-01,856.65,855.1504746857927
TR-033757,2025-08-01,2136.44,1993.0896468205085
TR-033758,2025-08-01,3853.87,4045.5921747730918
TR-033759,2025-08-01,1090.79,1085.864942323008
TR-033760,2025-08-01,5143.64,5168.094224296787
TR-033761,2025-08-01,3967.88,4020.275221999692
TR-033762,2025-08-01,2142.51,1996.5123656885544
TR-033763,2025-08-01,3074.49,3009.684867779205
TR-033764,2025-08-01,2482.57,2388.3120654978143
TR-033765,2025-08-01,631.13,585.9080739953806
TR-033766,2025-08-01,4026.23,3934.1666847003994
TR-033767,2025-08-01,941.46,988.0154838880419
TR-033768,2025-08-01,1457.24,1637.7992693372237
TR-033769,2025-08-01,2057.39,2319.357108663385
TR-033770,2025-08-01,236.48,768.9750127121442
TR-033771,2025-08-01,784.35,732.3241122845388
TR-033772,2025-08-01,1659.97,1715.8816370167965
TR-033773,2025-08-01,1971.17,2063.041600543225
TR-033774,2025-08-01,1442.58,1462.0147830405508
TR-033775,2025-08-01,2610.45,2846.3645207114987
TR-033776,2025-08-01,4334.24,4415.980547665493
TR-033777,2025-08-01,4004.31,4010.367745514636
TR-033778,2025-08-01,3317.04,3320.4643814993424
TR-033779,2025-08-01,2746.34,2534.4945768084845
TR-033780,2025-08-01,1575.68,1544.560010046363
TR-033781,2025-08-01,3699.41,3540.2582368718486
TR-033782,2025-08-01,1220.53,1215.7944770942374
TR-033783,2025-08-01,2808.81,2998.889279646367
TR-033784,2025-08-01,780.13,817.5754033749843
TR-033785,2025-08-01,1304.64,1339.267962718875
TR-033786,2025-08-01,1959.95,1901.2835232137847
TR-033787,2025-08-01,539.38,671.0923239767781
TR-033788,2025-08-01,4168.16,4251.802146196015
TR-033789,2025-08-01,1257.53,1283.3638304515823
TR-033790,2025-08-01,400.5,573.3118253080895
TR-033791,2025-08-01,2085.87,2263.215557352106
TR-033792,2025-08-01,3052.13,2847.643768754814
TR-033793,2025-08-01,925.69,941.9390751774824
TR-033794,2025-08-01,3801.15,4027.6213347039798
TR-033795,2025-08-01,2124.89,2030.0499813086544
TR-033796,2025-08-01,3882.94,3812.4099464464925
TR-033797,2025-08-01,1166.72,1188.6066597251597
TR-033798,2025-08-01,3282.16,3051.6214562950686
TR-033799,2025-08-01,2234.9,2210.5648708181484
TR-033800,2025-08-01,1326.02,1249.4957666277342
TR-033801,2025-08-01,920.2,1006.1677649666127
TR-033802,2025-08-01,3944.93,4038.460104937103
TR-033803,2025-08-01,4835.29,4822.1204660105595
TR-033804,2025-08-01,2202.97,2377.5622885104503
TR-033805,2025-08-01,2969.53,3135.6440244861524
TR-033806,2025-08-01,4057.04,4030.2819560753856
TR-033807,2025-08-01,4766.29,4688.260735118221
TR-033808,2025-08-01,1229.96,1230.4933286693692
TR-033809,2025-08-01,2260.24,2170.966743207423
TR-033810,2025-08-01,3841.99,4102.477068902914
TR-033811,2025-08-01,1660.14,1676.0989583052935
TR-033812,2025-08-01,3193.75,3040.039823305908
TR-033813,2025-08-01,1044.84,1078.8266328668606
TR-033814,2025-08-01,1907.25,1853.562408971435
TR-033815,2025-08-01,3001.06,3184.5727439069874
TR-033816,2025-08-01,2686.58,2781.9964829710893
TR-033817,2025-08-01,2140.85,2159.9626349411315
TR-033818,2025-08-01,3702.88,3755.471929518759
TR-033819,2025-08-01,1658.17,1650.2326578034617
TR-033820,2025-08-01,1855.63,1815.8198909215655
TR-033821,2025-08-01,648.19,674.8129244771694
TR-033822,2025-08-01,625.72,742.2874507881529
TR-033823,2025-08-01,772.01,858.7639789750276
TR-033824,2025-08-01,3827.0,3758.3444499704738
TR-033825,2025-08-01,4059.57,4214.711055272719
TR-033826,2025-08-01,2568.67,2360.021517222639
TR-033827,2025-08-01,2463.37,2245.545219892296
TR-033828,2025-08-01,1930.71,1891.6009883732875
TR-033829,2025-08-01,2334.52,2439.4632079137145
TR-033830,2025-08-01,2795.59,2573.2980124013566
TR-033831,2025-08-01,3130.89,3199.6792676767873
TR-033832,2025-08-01,3156.54,3222.470941388213
TR-033833,2025-08-01,1141.69,1141.687414694263
TR-033834,2025-08-01,3477.96,3493.3043568844123
TR-033835,2025-08-01,1699.01,1684.7069945618439
TR-033836,2025-08-01,4584.03,4294.731404080732
TR-033837,2025-08-01,3884.75,4042.9833780584468
TR-033838,2025-08-01,804.18,859.8199045471874
TR-033839,2025-08-01,1414.94,1433.501667386107
TR-033840,2025-08-01,1383.98,1353.8754665599288
TR-033841,2025-08-01,1809.13,1832.267483715993
TR-033842,2025-08-01,3598.93,3659.5868320602126
TR-033843,2025-08-01,2956.21,2950.6121631226206
TR-033844,2025-08-01,1653.71,1656.9608593785574
TR-033845,2025-08-01,1171.55,1206.0030591140007
TR-033846,2025-08-01,2896.69,2772.149617960387
TR-033847,2025-08-01,2682.67,2704.027885126592
TR-033848,2025-08-01,2852.82,3110.546071601225
TR-033849,2025-08-01,1298.64,1291.5510082707328
TR-033850,2025-08-01,1646.28,1716.8439467111841
TR-033851,2025-08-01,4136.86,3929.050257011718
TR-033852,2025-08-01,3533.04,3665.424422294845
TR-033853,2025-08-01,3390.11,3558.6002046573103
TR-033854,2025-08-01,2165.69,2115.945593292737
TR-033855,2025-08-01,2207.7,2269.6042014992786
TR-033856,2025-08-01,3894.65,3933.320653506502
TR-033857,2025-08-01,2203.67,2237.818845710631
TR-033858,2025-08-01,1605.77,1632.4834176766112
TR-033859,2025-08-01,5226.07,5664.407012631139
TR-033860,2025-08-01,5850.29,5505.161421379113
TR-033861,2025-08-01,1693.17,1732.7136956722957
TR-033862,2025-08-01,3470.83,3806.9334168016876
TR-033863,2025-08-01,5152.02,5308.174044926746
TR-033864,2025-08-01,1343.43,1334.5094692003104
TR-033865,2025-08-01,1038.63,1080.2555747118095
TR-033866,2025-08-01,483.85,516.1290435738338
TR-033867,2025-08-02,2394.85,2710.1765687898564
TR-033868,2025-08-02,5608.62,5512.011058515061
TR-033869,2025-08-02,907.17,929.0354519433806
TR-033870,2025-08-02,1593.7,1545.8098816955865
TR-033871,2025-08-02,3088.95,2969.0553300371316
TR-033872,2025-08-02,1383.73,1345.6298647349358
TR-033873,2025-08-02,548.34,666.8059780030114
TR-033874,2025-08-02,4344.56,4208.380637147264
TR-033875,2025-08-02,926.33,941.3206838968247
TR-033876,2025-08-02,1778.67,1679.6093444160524
TR-033877,2025-08-02,4067.91,4072.841173716757
TR-033878,2025-08-02,1594.47,1605.4156891911698
TR-033879,2025-08-02,1079.38,1158.1839810276638
TR-033880,2025-08-02,1902.25,1891.9176645440389
TR-033881,2025-08-02,804.32,875.773092580147
TR-033882,2025-08-02,524.83,613.3791933526281
TR-033883,2025-08-02,2845.08,2939.0088990874083
TR-033884,2025-08-02,1931.83,2126.3733093482265
TR-033885,2025-08-02,3592.99,3817.3369328089725
TR-033886,2025-08-02,3812.14,3909.472620897456
TR-033887,2025-08-02,3812.37,3925.965044492669
TR-033888,2025-08-02,6163.95,5611.642771738408
TR-033889,2025-08-02,1908.53,1880.7752707200812
TR-033890,2025-08-02,1861.41,1759.3243087690107
TR-033891,2025-08-02,1822.01,1903.7260824848845
TR-033892,2025-08-02,2553.25,2384.10877447362
TR-033893,2025-08-02,4532.85,4360.366248359538
TR-033894,2025-08-02,3939.72,4148.131488147417
TR-033895,2025-08-02,4714.07,4692.905291465253
TR-033896,2025-08-02,1056.64,1078.523548835139
TR-033897,2025-08-02,1752.59,1868.7631222077507
TR-033898,2025-08-02,1427.18,1431.0389310419805
TR-033899,2025-08-02,1994.72,1964.7898446372933
TR-033900,2025-08-02,3962.62,3866.008473501014
TR-033901,2025-08-02,1702.25,1687.3726076790856
TR-033902,2025-08-02,3031.99,3111.2277500501013
TR-033903,2025-08-02,1486.79,1523.076530751366
TR-033904,2025-08-02,1851.59,1899.302881852473
TR-033905,2025-08-02,4161.02,4076.395875569076
TR-033906,2025-08-02,4813.98,5004.511515977867
TR-033907,2025-08-02,803.92,779.2110802957925
TR-033908,2025-08-02,1437.39,1449.377373609751
TR-033909,2025-08-02,2690.82,2651.881815264184
TR-033910,2025-08-02,2281.95,2135.2088380954674
TR-033911,2025-08-02,2448.56,2249.1784236155804
TR-033912,2025-08-02,650.81,766.3631784840713
TR-033913,2025-08-02,3234.68,3421.8116332242266
TR-033914,2025-08-02,4871.74,5025.998889452838
TR-033915,2025-08-02,2222.35,2326.459396350248
TR-033916,2025-08-02,1100.92,1174.9358026158257
TR-033917,2025-08-02,1394.76,1314.8742883163477
TR-033918,2025-08-02,3205.6,3174.3721329373398
TR-033919,2025-08-02,648.49,729.3901033865643
TR-033920,2025-08-02,3807.18,3856.0972219907353
TR-033921,2025-08-02,978.47,1022.5226441391717
TR-033922,2025-08-02,3293.11,3221.3632678001386
TR-033923,2025-08-02,1734.74,1734.694506059263
TR-033924,2025-08-02,1947.61,1996.5471525141488
TR-033925,2025-08-02,1559.92,1490.7699436200423
TR-033926,2025-08-02,1784.01,1785.1712382674689
TR-033927,2025-08-02,1771.45,1810.2119589045956
TR-033928,2025-08-02,1171.35,1187.9132822878669
TR-033929,2025-08-02,252.2,527.4443350689633
TR-033930,2025-08-02,2145.78,2140.4340379153036
TR-033931,2025-08-02,2912.64,2898.8139792227594
TR-033932,2025-08-02,2299.11,2372.4705490174024
TR-033933,2025-08-02,3307.2,3360.2048680197095
TR-033934,2025-08-02,2475.56,2319.0355933032424
TR-033935,2025-08-02,3940.26,3817.7018553696134
TR-033936,2025-08-02,5735.1,5563.375137300149
TR-033937,2025-08-02,2324.69,2517.2879146584587
TR-033938,2025-08-02,2134.15,2078.7047378611996
TR-033939,2025-08-02,3170.25,3296.2591977404227
TR-033940,2025-08-02,1416.92,1420.0296368115478
TR-033941,2025-08-02,1896.46,1771.0388125980166
TR-033942,2025-08-02,1198.58,1248.2725553570867
TR-033943,2025-08-02,2033.22,1927.4310950680579
TR-033944,2025-08-02,3740.02,3641.145864605027
TR-033945,2025-08-02,574.3,641.0428562265006
TR-033946,2025-08-02,2341.23,2334.7233702909193
TR-033947,2025-08-02,4210.03,4194.033051878068
TR-033948,2025-08-02,2654.01,2719.9506527017656
TR-033949,2025-08-02,5754.26,5557.737455999164
TR-033950,2025-08-02,2267.14,2142.889383823662
TR-033951,2025-08-02,5227.69,5429.9677968825135
TR-033952,2025-08-02,1642.52,1685.2866929517681
TR-033953,2025-08-02,1933.41,1845.233411662428
TR-033954,2025-08-02,846.8,909.3020654899926
TR-033955,2025-08-02,3164.8,3476.6481040690514
TR-033956,2025-08-02,3686.34,3368.08489622254
TR-033957,2025-08-02,1834.02,1801.5893211975101
TR-033958,2025-08-02,5106.99,5319.683459771495
TR-033959,2025-08-02,1777.75,1795.7731434062166
TR-033960,2025-08-02,1973.02,2061.5912438074224
TR-033961,2025-08-02,2778.66,2937.2991478450776
TR-033962,2025-08-02,1551.83,1571.4637976873564
TR-033963,2025-08-02,1011.11,1014.803763639247
TR-033964,2025-08-02,5071.92,5110.851522786955
TR-033965,2025-08-02,1496.05,1527.4058233982516
TR-033966,2025-08-02,4353.92,4198.207839763287
TR-033967,2025-08-02,837.63,915.9413795329324
TR-033968,2025-08-02,2597.51,2632.281640991829
TR-033969,2025-08-02,2084.14,2154.107016847871
TR-033970,2025-08-02,1924.28,1848.0643631575028
TR-033971,2025-08-02,2285.31,2654.2167749144855
TR-033972,2025-08-02,3325.75,3524.147213107334
TR-033973,2025-08-02,760.91,847.2046095191408
TR-033974,2025-08-02,2362.67,2341.410017873719
TR-033975,2025-08-02,3556.89,3646.467672280646
TR-033976,2025-08-02,5709.31,5254.444430856901
TR-033977,2025-08-02,829.36,891.1494099866725
TR-033978,2025-08-02,785.23,876.1435666672089
TR-033979,2025-08-02,1493.87,1485.2303061083637
TR-033980,2025-08-02,2309.75,2317.8266619679334
TR-033981,2025-08-02,2501.06,2505.160993483193
TR-033982,2025-08-02,2255.88,2239.4789217180255
TR-033983,2025-08-02,1951.31,1958.0517595059032
TR-033984,2025-08-02,4086.4,4261.984376338473
TR-033985,2025-08-02,1074.82,1076.9424924699406
TR-033986,2025-08-02,3146.66,2587.792077989457
TR-033987,2025-08-02,2079.64,2268.448764512045
TR-033988,2025-08-02,2018.62,2024.2728284847851
TR-033989,2025-08-02,1562.72,1588.3022816673906
TR-033990,2025-08-02,2505.44,2476.3094960191215
TR-033991,2025-08-02,1328.04,1341.796177309838
TR-033992,2025-08-02,2125.37,2238.2719834415916
TR-033993,2025-08-02,1665.9,1732.6972015956674
TR-033994,2025-08-02,1119.16,1128.9825177335179
TR-033995,2025-08-02,2680.3,2607.9148465104054
TR-033996,2025-08-02,837.83,921.8832276877056
TR-033997,2025-08-02,2346.96,2168.7641527899173
TR-033998,2025-08-02,1634.34,1670.211202748466
TR-033999,2025-08-02,1126.45,1164.1114479588396
TR-034000,2025-08-02,1183.3,1171.4538365366948
TR-034001,2025-08-02,2320.25,2278.0877916298555
TR-034002,2025-08-02,317.01,384.49498814549383
TR-034003,2025-08-02,512.3,621.5709344679663
TR-034004,2025-08-02,919.74,984.2705878566828
TR-034005,2025-08-02,1444.21,1400.104319990926
TR-034006,2025-08-02,948.25,981.0850908680618
TR-034007,2025-08-02,1827.37,1771.435083194485
TR-034008,2025-08-02,817.95,910.8785805762152
TR-034009,2025-08-02,2057.63,2012.2547591891566
TR-034010,2025-08-02,3609.07,3116.152739231747
TR-034011,2025-08-02,1239.71,1257.1637139405968
TR-034012,2025-08-02,1603.87,1688.5384572016053
TR-034013,2025-08-02,2125.75,2221.080678442403
TR-034014,2025-08-02,1962.76,1999.983726851112
TR-034015,2025-08-02,1034.19,1107.442652004302
TR-034016,2025-08-02,5067.84,5029.007151571648
TR-034017,2025-08-02,1796.09,1885.2774769497485
TR-034018,2025-08-02,1937.5,1870.1238474475479
TR-034019,2025-08-02,1244.72,1255.4837877543912
TR-034020,2025-08-02,1025.87,1086.0049277989956
TR-034021,2025-08-02,5269.1,5065.1402364034875
TR-034022,2025-08-02,3420.72,3726.154483625118
TR-034023,2025-08-02,1134.01,1160.2676865446342
TR-034024,2025-08-02,1406.7,1423.3990119484283
TR-034025,2025-08-02,1152.47,1134.6304565048863
TR-034026,2025-08-02,4159.38,4191.255840330962
TR-034027,2025-08-02,1076.58,1101.1609387567432
TR-034028,2025-08-03,2687.56,2822.791948999644
TR-034029,2025-08-03,1707.58,1671.1122005553802
TR-034030,2025-08-03,770.25,870.0469792766808
TR-034031,2025-08-03,863.58,883.5760005211243
TR-034032,2025-08-03,1139.44,1148.1353202789583
TR-034033,2025-08-03,5041.03,4958.743745089239
TR-034034,2025-08-03,4407.53,3964.8809241404915
TR-034035,2025-08-03,4795.74,4976.8657932481365
TR-034036,2025-08-03,3487.12,3573.162055011047
TR-034037,2025-08-03,1346.16,1337.4445946322849
TR-034038,2025-08-03,800.76,891.2552539217049
TR-034039,2025-08-03,3689.84,3622.2787892926
TR-034040,2025-08-03,3897.88,3970.794959578923
TR-034041,2025-08-03,756.26,773.4853712636525
TR-034042,2025-08-03,3359.43,3675.953506899918
TR-034043,2025-08-03,865.81,940.3679743970642
TR-034044,2025-08-03,1324.91,1311.4011204507697
TR-034045,2025-08-03,625.75,751.7584153086311
TR-034046,2025-08-03,2592.04,2450.099109210541
TR-034047,2025-08-03,2306.19,2145.990377585507
TR-034048,2025-08-03,948.57,982.0441173168103
TR-034049,2025-08-03,3353.18,3386.6076592229083
TR-034050,2025-08-03,3952.31,3794.2195938672203
TR-034051,2025-08-03,2007.18,2177.858015701964
TR-034052,2025-08-03,544.64,670.8132165470745
TR-034053,2025-08-03,722.17,699.8978988336507
TR-034054,2025-08-03,3674.51,3310.9167864576684
TR-034055,2025-08-03,2447.73,2522.312786339236
TR-034056,2025-08-03,656.28,788.5107102053462
TR-034057,2025-08-03,3738.3,3820.2280279415527
TR-034058,2025-08-03,238.78,1223.1850720718867
TR-034059,2025-08-03,981.12,1049.6811623245221
TR-034060,2025-08-03,1408.98,1379.858445308988
TR-034061,2025-08-03,1379.06,1381.2691998882028
TR-034062,2025-08-03,1159.04,1216.9708486208874
TR-034063,2025-08-03,3950.06,3811.4995553793096
TR-034064,2025-08-03,1490.56,1490.4878548972042
TR-034065,2025-08-03,1157.76,1184.4887071392975
TR-034066,2025-08-03,1177.76,1232.2815029129054
TR-034067,2025-08-03,4004.92,3939.120666075035
TR-034068,2025-08-03,2402.34,2110.242300250479
TR-034069,2025-08-03,3703.6,3757.867294441446
TR-034070,2025-08-03,1816.14,1769.7294096905873
TR-034071,2025-08-03,3423.45,3540.791016698977
TR-034072,2025-08-03,1443.93,1470.1740367474995
TR-034073,2025-08-03,1146.37,1223.718429110384
TR-034074,2025-08-03,406.42,569.4129817825633
TR-034075,2025-08-03,5278.88,5328.831700042969
TR-034076,2025-08-03,1957.47,1945.5933276022974
TR-034077,2025-08-03,2075.07,2296.4173131003085
TR-034078,2025-08-03,970.99,990.5861746841786
TR-034079,2025-08-03,3959.2,4107.924815043696
TR-034080,2025-08-03,6080.38,5691.526272531606
TR-034081,2025-08-03,2107.48,2166.8184965195096
TR-034082,2025-08-03,4196.12,4128.929339760929
TR-034083,2025-08-03,1264.42,1288.8100326118615
TR-034084,2025-08-03,1954.35,1881.4519303104596
TR-034085,2025-08-03,1158.06,1182.3538326881717
TR-034086,2025-08-03,573.43,655.6421495326892
TR-034087,2025-08-03,3270.79,3370.916193298185
TR-034088,2025-08-03,3229.4,3626.41397917001
TR-034089,2025-08-03,1883.01,1779.6258981585677
TR-034090,2025-08-03,2766.02,3028.8154914265383
TR-034091,2025-08-03,2134.55,2057.059405576153
TR-034092,2025-08-03,4959.93,5210.489938288108
TR-034093,2025-08-03,1335.54,1417.1262998913317
TR-034094,2025-08-03,2258.06,2144.0712381525805
TR-034095,2025-08-03,1520.28,1566.160496044744
TR-034096,2025-08-03,736.9,815.9265762297841
TR-034097,2025-08-03,3201.46,3564.4082962540915
TR-034098,2025-08-03,3894.26,3874.858157198917
TR-034099,2025-08-03,3088.09,3245.671421534312
TR-034100,2025-08-03,1248.29,1300.3500717013317
TR-034101,2025-08-03,1407.25,1357.0333998973651
TR-034102,2025-08-03,728.46,739.5436141163802
TR-034103,2025-08-03,942.37,989.2886813972448
TR-034104,2025-08-03,801.01,837.0449559311967
TR-034105,2025-08-03,1082.19,1097.8819524761607
TR-034106,2025-08-03,3891.19,4085.6140700480173
TR-034107,2025-08-03,4872.27,4971.929637207169
TR-034108,2025-08-03,1219.42,1273.3530292601956
TR-034109,2025-08-03,2208.36,2345.5686842484324
TR-034110,2025-08-03,1741.58,1688.0870263497452
TR-034111,2025-08-03,2673.22,2998.4835891237053
TR-034112,2025-08-03,2455.34,2447.2466909255086
TR-034113,2025-08-03,2314.64,2143.853156623546
TR-034114,2025-08-03,4551.32,4452.408986067869
TR-034115,2025-08-03,944.68,985.1379255171589
TR-034116,2025-08-03,1566.36,1551.0530205532984
TR-034117,2025-08-03,610.64,705.842329828092
TR-034118,2025-08-03,261.93,455.83555814037663
TR-034119,2025-08-03,601.04,708.4537735861443
TR-034120,2025-08-03,1426.84,1403.3076330148956
TR-034121,2025-08-03,1445.35,1440.9361723106465
TR-034122,2025-08-03,3804.38,3816.689556247972
TR-034123,2025-08-03,2125.75,2027.3760024186374
TR-034124,2025-08-03,2911.04,3092.783675488597
TR-034125,2025-08-03,398.68,538.5254988880708
TR-034126,2025-08-03,1585.61,1553.5635966630966
TR-034127,2025-08-03,1623.34,1657.6181610270257
TR-034128,2025-08-03,1762.27,1796.3367756815978
TR-034129,2025-08-03,872.25,928.5423583290949
TR-034130,2025-08-03,4625.7,4585.898182581852
TR-034131,2025-08-03,451.9,583.9594511386863
TR-034132,2025-08-03,4874.89,4725.200822958332
TR-034133,2025-08-03,3297.77,3501.7182491511485
TR-034134,2025-08-03,4092.06,4181.911859547975
TR-034135,2025-08-03,1550.87,1546.6358378166892
TR-034136,2025-08-03,1471.63,1403.1550820897123
TR-034137,2025-08-03,232.27,536.7372515835484
TR-034138,2025-08-03,1193.71,1214.1929357491522
TR-034139,2025-08-03,1345.07,1331.6625849136135
TR-034140,2025-08-03,704.33,695.730686443359
TR-034141,2025-08-03,3119.88,2830.40101815579
TR-034142,2025-08-03,1566.66,1568.2940367764081
TR-034143,2025-08-03,2211.72,2205.9358383342064
TR-034144,2025-08-03,994.23,1011.764596175449
TR-034145,2025-08-03,2630.37,2585.7596992012923
TR-034146,2025-08-03,546.61,687.7489025422428
TR-034147,2025-08-03,657.56,668.6326906217782
TR-034148,2025-08-03,2018.95,2063.2522476077324
TR-034149,2025-08-03,784.88,840.3395012243211
TR-034150,2025-08-03,4628.21,4619.030675709455
TR-034151,2025-08-03,4443.29,4279.5712827906455
TR-034152,2025-08-03,5413.99,5226.678346882797
TR-034153,2025-08-03,4265.3,4324.557895089731
TR-034154,2025-08-03,2211.24,2217.9864632627414
TR-034155,2025-08-03,1401.46,1406.8582930045206
TR-034156,2025-08-03,3678.88,3742.32869180928
TR-034157,2025-08-03,1593.4,1641.9224720155642
TR-034158,2025-08-03,5486.34,5526.447028393886
TR-034159,2025-08-03,1263.75,1291.5549010042496
TR-034160,2025-08-03,585.53,643.9656759722768
TR-034161,2025-08-03,995.56,1025.984112384079
TR-034162,2025-08-03,4191.23,4344.782444634829
TR-034163,2025-08-03,1989.32,2096.898049611195
TR-034164,2025-08-03,1491.46,1424.5453312477769
TR-034165,2025-08-03,4970.98,5076.231657397038
TR-034166,2025-08-03,2540.65,2561.4640915030814
TR-034167,2025-08-03,1601.44,1575.3191525480343
TR-034168,2025-08-03,1942.11,1840.597032425172
TR-034169,2025-08-03,5483.01,5429.266798699195
TR-034170,2025-08-03,2853.29,2890.051877720686
TR-034171,2025-08-03,2426.63,2385.1413276104336
TR-034172,2025-08-03,2585.32,2516.431113699575
TR-034173,2025-08-03,1591.5,1550.9049164075057
TR-034174,2025-08-03,1895.4,1971.217568376864
TR-034175,2025-08-03,3806.4,3760.512189232284
TR-034176,2025-08-03,3303.15,3414.641308028965
TR-034177,2025-08-03,666.29,756.9208755215818
TR-034178,2025-08-03,1447.17,1453.9899344726668
TR-034179,2025-08-03,708.77,760.1479963043041
TR-034180,2025-08-03,1114.64,1126.679719392962
TR-034181,2025-08-03,2235.33,2394.3399604298183
TR-034182,2025-08-03,2499.42,2657.8424935033354
TR-034183,2025-08-03,940.7,1007.0513389775608
TR-034184,2025-08-03,1599.3,1643.9274578384884
TR-034185,2025-08-03,3844.87,4240.59148834456
TR-034186,2025-08-03,1496.87,1437.2393575105214
TR-034187,2025-08-03,4209.92,4276.018888437026
TR-034188,2025-08-03,2630.14,2706.669934445546
TR-034189,2025-08-03,1534.71,1538.632215094145
TR-034190,2025-08-03,5108.51,5009.727722416644
TR-034191,2025-08-03,986.8,1020.1817983567324
TR-034192,2025-08-03,2780.68,2861.378851132269
TR-034193,2025-08-03,3518.46,3242.9975550494137
TR-034194,2025-08-03,5849.97,5822.900853540433
TR-034195,2025-08-04,4433.82,4531.920362237977
TR-034196,2025-08-04,1141.42,1166.8578108136849
TR-034197,2025-08-04,2698.93,2743.990151714008
TR-034198,2025-08-04,1693.78,1614.9307822168448
TR-034199,2025-08-04,1631.85,1641.1627846922852
TR-034200,2025-08-04,2302.23,2008.6002925178345
TR-034201,2025-08-04,1197.74,1189.2348019621938
TR-034202,2025-08-04,1652.95,1616.9345988601167
TR-034203,2025-08-04,4173.58,3861.6032792567457
TR-034204,2025-08-04,544.52,612.0595928655655
TR-034205,2025-08-04,1714.21,1670.172137347785
TR-034206,2025-08-04,2014.28,1858.0935695192168
TR-034207,2025-08-04,5205.12,5354.2120589012175
TR-034208,2025-08-04,4555.64,4759.622117946246
TR-034209,2025-08-04,2874.24,3083.2698831313132
TR-034210,2025-08-04,1124.02,1179.2194222958522
TR-034211,2025-08-04,1058.85,1076.805765193572
TR-034212,2025-08-04,2021.46,2133.2075340811716
TR-034213,2025-08-04,496.18,617.2407196852396
TR-034214,2025-08-04,818.39,882.7692837632605
TR-034215,2025-08-04,5739.34,5360.102179197172
TR-034216,2025-08-04,1287.17,1333.1849437973294
TR-034217,2025-08-04,4069.8,4149.381159663025
TR-034218,2025-08-04,2453.31,2330.871798927967
TR-034219,2025-08-04,1230.35,1279.549981560037
TR-034220,2025-08-04,1174.26,1200.0655030176301
TR-034221,2025-08-04,2425.13,2390.620120891181
TR-034222,2025-08-04,555.03,668.520748081489
TR-034223,2025-08-04,929.83,955.1974196911444
TR-034224,2025-08-04,1405.3,1375.40307466053
TR-034225,2025-08-04,2042.92,2376.5195438090063
TR-034226,2025-08-04,914.06,981.4327243890007
TR-034227,2025-08-04,2065.84,1978.1424858985288
TR-034228,2025-08-04,1823.5,2098.9231147889095
TR-034229,2025-08-04,3910.43,4054.3785048963455
TR-034230,2025-08-04,1842.54,1718.7020805923178
TR-034231,2025-08-04,1603.2,1611.5504205994964
TR-034232,2025-08-04,3369.66,3164.148876389214
TR-034233,2025-08-04,4594.78,4562.934914104602
TR-034234,2025-08-04,2885.13,2654.16532900381
TR-034235,2025-08-04,1769.96,1813.26101890368
TR-034236,2025-08-04,2419.31,2563.5439456135637
TR-034237,2025-08-04,1220.66,1231.5506392603227
TR-034238,2025-08-04,4257.67,4144.3360326319325
TR-034239,2025-08-04,2020.7,2039.9984643769608
TR-034240,2025-08-04,1360.52,1311.474075287415
TR-034241,2025-08-04,3775.48,3834.6450806658313
TR-034242,2025-08-04,1499.26,1501.9728934776883
TR-034243,2025-08-04,2056.61,2139.2545694030546
TR-034244,2025-08-04,1755.85,1803.8660588187117
TR-034245,2025-08-04,4268.13,4498.103956496177
TR-034246,2025-08-04,3159.4,2812.9419344187836
TR-034247,2025-08-04,1446.35,1427.5726279597143
TR-034248,2025-08-04,1062.41,1120.614715220301
TR-034249,2025-08-04,1385.14,1364.473103071605
TR-034250,2025-08-04,1035.9,1067.806190877717
TR-034251,2025-08-04,1628.37,1606.0358881042332
TR-034252,2025-08-04,1360.36,1374.472427143624
TR-034253,2025-08-04,2183.5,2072.2688324987407
TR-034254,2025-08-04,1201.83,1234.646459577535
TR-034255,2025-08-04,1606.21,1584.177890359956
TR-034256,2025-08-04,4299.9,4239.669155703728
TR-034257,2025-08-04,1327.57,1335.4775068590602
TR-034258,2025-08-04,1289.89,1277.2102930919013
TR-034259,2025-08-04,3352.59,3471.6995236282146
TR-034260,2025-08-04,641.88,690.3825549129581
TR-034261,2025-08-04,1522.0,1666.6508860155
TR-034262,2025-08-04,2519.83,2168.115271708773
TR-034263,2025-08-04,248.66,507.2573320411741
TR-034264,2025-08-04,1027.69,991.0854376150949
TR-034265,2025-08-04,4711.58,4801.687264570432
TR-034266,2025-08-04,4878.94,4907.216342793337
TR-034267,2025-08-04,4529.6,4609.462262930073
TR-034268,2025-08-04,2164.46,2144.0850188295913
TR-034269,2025-08-04,640.47,758.4835504382061
TR-034270,2025-08-04,505.89,621.7960642198607
TR-034271,2025-08-04,3640.33,3732.0023063921403
TR-034272,2025-08-04,5176.26,5248.9869026783035
TR-034273,2025-08-04,1518.94,1540.029191570822
TR-034274,2025-08-04,4728.14,4659.191549869965
TR-034275,2025-08-04,841.73,883.713163594459
TR-034276,2025-08-04,635.9,717.8027196552757
TR-034277,2025-08-04,4559.79,4659.3527076603605
TR-034278,2025-08-04,1004.28,1019.5611608043054
TR-034279,2025-08-04,1833.6,1764.6395160436741
TR-034280,2025-08-04,1038.09,982.5339504884053
TR-034281,2025-08-04,740.9,837.6904124907314
TR-034282,2025-08-04,1789.47,1929.2504539031436
TR-034283,2025-08-04,2485.16,2575.725342085242
TR-034284,2025-08-04,6054.63,5792.807804052654
TR-034285,2025-08-04,3966.47,4161.985336434275
TR-034286,2025-08-04,1510.89,1520.2730446599492
TR-034287,2025-08-04,4169.66,4041.7744513410075
TR-034288,2025-08-04,9535.05,2248.812675312623
TR-034289,2025-08-04,3026.98,3159.062219875554
TR-034290,2025-08-04,1328.05,1297.0425331073443
TR-034291,2025-08-04,4440.66,4192.597229139271
TR-034292,2025-08-04,1812.55,1867.897611894512
TR-034293,2025-08-04,2055.41,2126.397863784778
TR-034294,2025-08-04,1849.82,1889.3003751416422
TR-034295,2025-08-04,1657.43,1674.774968911373
TR-034296,2025-08-04,2146.11,2189.9873153422627
TR-034297,2025-08-04,2410.89,2751.9364901673084
TR-034298,2025-08-04,3727.79,3943.79625408032
TR-034299,2025-08-04,2297.53,2095.6064685194237
TR-034300,2025-08-04,1583.33,1566.5691685865263
TR-034301,2025-08-04,1634.34,1708.6433339344717
TR-034302,2025-08-04,4028.12,4217.867356466932
TR-034303,2025-08-04,2668.88,2977.672772652667
TR-034304,2025-08-04,3789.94,3989.5216475969173
TR-034305,2025-08-04,1838.66,1764.7504745649444
TR-034306,2025-08-04,3284.95,3272.101168958071
TR-034307,2025-08-04,2766.64,2810.7374574797414
TR-034308,2025-08-04,1823.03,1896.0059823046781
TR-034309,2025-08-04,1044.58,1081.1759579467193
TR-034310,2025-08-04,4393.14,4540.21481194016
TR-034311,2025-08-04,1450.62,1472.4201436938313
TR-034312,2025-08-04,2253.42,2165.4989587731893
TR-034313,2025-08-04,3448.82,3170.9141520096164
TR-034314,2025-08-04,3442.31,3576.2070656146016
TR-034315,2025-08-04,1820.23,1907.7809275318477
TR-034316,2025-08-04,973.57,1006.3905193533639
TR-034317,2025-08-04,5239.8,5088.497824208336
TR-034318,2025-08-04,4093.97,4221.728731151027
TR-034319,2025-08-04,1613.39,1846.3333201415842
TR-034320,2025-08-04,4606.36,4746.2038708325335
TR-034321,2025-08-04,745.45,765.4028469253449
TR-034322,2025-08-04,2229.87,2036.8579196213652
TR-034323,2025-08-04,510.54,593.7489064505207
TR-034324,2025-08-04,812.25,901.1322222194331
TR-034325,2025-08-04,4493.48,4669.255187841016
TR-034326,2025-08-04,2353.03,2341.140849876087
TR-034327,2025-08-04,1513.03,1532.2975079052708
TR-034328,2025-08-04,1388.9,1425.0137377428919
TR-034329,2025-08-04,1854.39,1863.7577528328209
TR-034330,2025-08-04,2229.01,1984.6871408893062
TR-034331,2025-08-04,4627.9,4749.105980964913
TR-034332,2025-08-04,979.33,1010.2558295627878
TR-034333,2025-08-04,920.74,993.7909309988268
TR-034334,2025-08-04,2873.26,2874.3286718047702
TR-034335,2025-08-04,2465.47,2523.7086496626885
TR-034336,2025-08-04,1666.71,1568.6717544536648
TR-034337,2025-08-04,2475.46,2248.208635813103
TR-034338,2025-08-04,2665.16,3055.3360557141286
TR-034339,2025-08-04,1533.45,1478.9994196245207
TR-034340,2025-08-04,2263.51,2169.768517308045
TR-034341,2025-08-04,1592.43,1577.680755967481
TR-034342,2025-08-04,2636.22,2432.563963209898
TR-034343,2025-08-04,5367.45,5357.280363843432
TR-034344,2025-08-04,82.38,526.5038826287423
TR-034345,2025-08-04,1907.08,1937.0132427597068
TR-034346,2025-08-04,854.18,941.3042164546803
TR-034347,2025-08-04,1621.68,1653.2774070335015
TR-034348,2025-08-04,1420.42,1396.1744575580701
TR-034349,2025-08-04,741.02,840.615325567082
TR-034350,2025-08-04,2748.76,2582.0335687182787
TR-034351,2025-08-04,1467.12,1495.7048707598847
TR-034352,2025-08-04,608.22,751.4320092757346
TR-034353,2025-08-04,2315.85,2689.6742258469553
TR-034354,2025-08-04,1961.23,2129.973508989807
TR-034355,2025-08-04,1926.33,1902.541776645591
TR-034356,2025-08-04,1232.75,1218.0256815438202
TR-034357,2025-08-04,1616.46,1666.179631671318
TR-034358,2025-08-04,700.54,814.5131853531348
TR-034359,2025-08-04,1992.66,2196.32209141965
TR-034360,2025-08-04,1143.93,1162.8134200671295
TR-034361,2025-08-04,2587.81,2730.2690805477846
TR-034362,2025-08-04,1025.42,1049.632109458922
TR-034363,2025-08-04,3641.08,3761.7713788244555
TR-034364,2025-08-04,4015.52,4131.697355801668
TR-034365,2025-08-04,3662.47,3863.669261721612
TR-034366,2025-08-04,5332.84,5530.81631248974
TR-034367,2025-08-04,338.67,1707.6903128073295
TR-034368,2025-08-04,2585.17,2605.5542427177515
TR-034369,2025-08-04,4040.31,4115.858572731793
TR-034370,2025-08-05,2410.27,2243.5522431592885
TR-034371,2025-08-05,2609.36,2471.48211814965
TR-034372,2025-08-05,2077.72,2246.130450810407
TR-034373,2025-08-05,5393.67,5205.200015954373
TR-034374,2025-08-05,7603.41,2933.0167190801335
TR-034375,2025-08-05,5775.22,5495.227717100953
TR-034376,2025-08-05,4295.11,4353.320151863092
TR-034377,2025-08-05,741.1,826.0066756014533
TR-034378,2025-08-05,5948.94,5673.172270933412
TR-034379,2025-08-05,3221.66,3250.2110442823687
TR-034380,2025-08-05,2535.21,2573.1617597259174
TR-034381,2025-08-05,2264.45,2527.853777915527
TR-034382,2025-08-05,929.32,1008.4638703993587
TR-034383,2025-08-05,1684.17,1824.1916017668339
TR-034384,2025-08-05,2561.56,2576.2936340360266
TR-034385,2025-08-05,2549.96,2771.179694678939
TR-034386,2025-08-05,865.02,960.818130954993
TR-034387,2025-08-05,891.95,940.739323718713
TR-034388,2025-08-05,4647.65,4452.9379406573335
TR-034389,2025-08-05,2462.49,2813.473677864514
TR-034390,2025-08-05,1773.53,1772.9217331358404
TR-034391,2025-08-05,3222.22,3066.919333639159
TR-034392,2025-08-05,1067.27,1078.0392156443181
TR-034393,2025-08-05,2240.2,2167.016497470666
TR-034394,2025-08-05,2341.02,2177.663458971751
TR-034395,2025-08-05,489.57,581.7133802770074
TR-034396,2025-08-05,2541.24,2357.8525563839253
TR-034397,2025-08-05,1707.9,1857.7978528862184
TR-034398,2025-08-05,4630.38,4234.447609332628
TR-034399,2025-08-05,1826.7,1808.6602421458015
TR-034400,2025-08-05,1936.01,1852.568790309829
TR-034401,2025-08-05,1582.5,1673.4951073519492
TR-034402,2025-08-05,1297.18,1265.2607110278157
TR-034403,2025-08-05,1243.28,1247.8463391231076
TR-034404,2025-08-05,1101.62,1119.9473323941093
TR-034405,2025-08-05,2401.2,2351.3811150495458
TR-034406,2025-08-05,2920.43,3034.80590848224
TR-034407,2025-08-05,1581.08,1711.8323295119628
TR-034408,2025-08-05,1600.53,1616.5501491285086
TR-034409,2025-08-05,2317.05,2193.792225562806
TR-034410,2025-08-05,2042.95,1949.9297624132837
TR-034411,2025-08-05,3080.48,3153.14990030192
TR-034412,2025-08-05,3217.56,3315.4182196267357
TR-034413,2025-08-05,1378.3,1359.181842670847
TR-034414,2025-08-05,3221.63,3263.179425410194
TR-034415,2025-08-05,1904.92,1933.931290836082
TR-034416,2025-08-05,2562.63,2414.4505906272543
TR-034417,2025-08-05,2596.53,2681.658487571213
TR-034418,2025-08-05,349.06,1476.1833020920315
TR-034419,2025-08-05,3354.77,3493.2133665391775
TR-034420,2025-08-05,2064.16,2006.8985310979517
TR-034421,2025-08-05,1395.34,1446.6491935245122
TR-034422,2025-08-05,1571.81,1526.656558277833
TR-034423,2025-08-05,1186.51,1242.4608423352056
TR-034424,2025-08-05,5192.12,5254.649580698394
TR-034425,2025-08-05,1463.87,1434.3796664302122
TR-034426,2025-08-05,2073.3,2019.3255799062795
TR-034427,2025-08-05,3183.27,2802.9037902123364
TR-034428,2025-08-05,2038.22,1951.0588111813634
TR-034429,2025-08-05,983.42,958.385697894417
TR-034430,2025-08-05,1497.67,1479.0858790065522
TR-034431,2025-08-05,2913.62,2943.779998392314
TR-034432,2025-08-05,1938.59,2010.2547259577798
TR-034433,2025-08-05,1078.55,1117.011259274529
TR-034434,2025-08-05,792.34,837.9908066781438
TR-034435,2025-08-05,4163.41,4114.799629657574
TR-034436,2025-08-05,1475.54,1397.8365974099202
TR-034437,2025-08-05,2220.69,2261.28777444077
TR-034438,2025-08-05,949.44,962.8289883028949
TR-034439,2025-08-05,1589.66,1559.20199447389
TR-034440,2025-08-05,1024.25,1078.6773627862924
TR-034441,2025-08-05,366.28,606.9800034953648
TR-034442,2025-08-05,764.88,927.3610369682092
TR-034443,2025-08-05,860.72,831.6134843023094
TR-034444,2025-08-05,477.32,565.78111257506
TR-034445,2025-08-05,4848.75,5049.915485075811
TR-034446,2025-08-05,4237.76,4482.317854258166
TR-034447,2025-08-05,3677.63,3782.3143127377107
TR-034448,2025-08-05,1930.97,1825.1851228937853
TR-034449,2025-08-05,2321.74,2339.357682717792
TR-034450,2025-08-05,4024.05,3967.8344167066853
TR-034451,2025-08-05,561.29,672.4830280732438
TR-034452,2025-08-05,3449.99,3432.71287714676
TR-034453,2025-08-05,2045.13,2212.5503966388765
TR-034454,2025-08-05,2469.73,2484.6435838139746
TR-034455,2025-08-05,534.28,595.7200969305616
TR-034456,2025-08-05,3568.16,3652.319104997833
TR-034457,2025-08-05,502.26,607.9349196102874
TR-034458,2025-08-05,1552.87,1672.5510751152544
TR-034459,2025-08-05,438.64,518.1854843223357
TR-034460,2025-08-05,430.62,585.6938643422598
TR-034461,2025-08-05,2856.44,2838.4941965782446
TR-034462,2025-08-05,1578.16,1662.2399966025357
TR-034463,2025-08-05,2809.0,2771.535704805648
TR-034464,2025-08-05,738.95,826.6856858940646
TR-034465,2025-08-05,3050.77,3017.4799568545814
TR-034466,2025-08-05,2161.55,2190.853821632404
TR-034467,2025-08-05,3147.3,3191.889028801715
TR-034468,2025-08-05,4379.71,4098.890072432232
TR-034469,2025-08-05,1210.94,1243.7375249659076
TR-034470,2025-08-05,3496.1,3404.817571845554
TR-034471,2025-08-05,364.77,528.5916930435967
TR-034472,2025-08-05,3702.59,3713.828849363872
TR-034473,2025-08-05,2476.29,2256.966587294193
TR-034474,2025-08-05,7436.41,2471.539666051127
TR-034475,2025-08-05,1994.59,2111.662155974459
TR-034476,2025-08-05,2463.96,2318.158267318645
TR-034477,2025-08-05,2804.39,2959.004179421867
TR-034478,2025-08-05,3466.51,3688.2380698919715
TR-034479,2025-08-05,4889.68,4671.654762283827
TR-034480,2025-08-05,1054.06,1062.008215899135
TR-034481,2025-08-05,1483.67,1548.278532420132
TR-034482,2025-08-05,1979.01,2035.5588282707597
TR-034483,2025-08-05,1686.96,1672.6276521912002
TR-034484,2025-08-05,4154.61,4044.2415225210434
TR-034485,2025-08-05,1715.32,1865.339781293725
TR-034486,2025-08-05,2112.99,1978.8775191939433
TR-034487,2025-08-05,4902.04,5116.695745884123
TR-034488,2025-08-05,1075.39,1059.9882671513801
TR-034489,2025-08-05,2042.33,2026.3750398495413
TR-034490,2025-08-05,3375.52,3544.342449381743
TR-034491,2025-08-05,219.45,376.0111856970675
TR-034492,2025-08-05,1098.32,1131.8763527158721
TR-034493,2025-08-05,544.54,716.4586316912182
TR-034494,2025-08-05,2858.42,2893.9377287094803
TR-034495,2025-08-05,2338.98,2334.500011814982
TR-034496,2025-08-05,2178.59,2320.505881833154
TR-034497,2025-08-05,1164.54,1171.4347742707703
TR-034498,2025-08-05,1022.04,1050.0172953130916
TR-034499,2025-08-05,2788.14,2958.8441549595254
TR-034500,2025-08-05,768.55,803.1755762773262
TR-034501,2025-08-05,1367.23,1346.7436688598177
TR-034502,2025-08-05,3276.94,3098.875494249861
TR-034503,2025-08-05,3687.08,3919.9993217122683
TR-034504,2025-08-05,5329.83,5352.4633408526315
TR-034505,2025-08-05,2819.99,2597.700524253982
TR-034506,2025-08-05,1380.92,1389.4341734827872
TR-034507,2025-08-05,3587.95,3705.6296649601363
TR-034508,2025-08-05,1155.46,1191.4330524356733
TR-034509,2025-08-05,2390.22,2468.3954572133243
TR-034510,2025-08-05,1277.45,1261.2164022745997
TR-034511,2025-08-05,2173.55,2121.8460612683134
TR-034512,2025-08-05,3790.87,3821.4609101371243
TR-034513,2025-08-05,1211.97,1247.7854410283546
TR-034514,2025-08-05,1527.78,1537.9042886618317
TR-034515,2025-08-05,387.41,1851.9721648293996
TR-034516,2025-08-05,1402.97,1327.5216725658988
TR-034517,2025-08-05,1758.01,1701.8070109035002
TR-034518,2025-08-05,2828.04,2764.0773446052362
TR-034519,2025-08-05,3717.6,3623.010786122438
TR-034520,2025-08-05,546.05,713.9254653428764
TR-034521,2025-08-05,3651.95,3707.6698011937033
TR-034522,2025-08-05,2115.78,2089.524396892986
TR-034523,2025-08-05,3417.7,3592.9783099644246
TR-034524,2025-08-05,5305.08,5281.239741410915
TR-034525,2025-08-05,1021.07,1027.894952810967
TR-034526,2025-08-05,3708.46,3898.809209440143
TR-034527,2025-08-05,5148.89,5201.35947132529
TR-034528,2025-08-05,1643.71,1700.3026307992054
TR-034529,2025-08-05,1945.71,1950.699616359928
TR-034530,2025-08-05,4329.1,4447.242992030612
TR-034531,2025-08-05,456.96,536.1875286406082
TR-034532,2025-08-05,811.53,857.5694562465824
TR-034533,2025-08-05,5489.51,5568.094740218188
TR-034534,2025-08-05,3051.36,2893.1410100845756
TR-034535,2025-08-05,682.59,1620.2627696479242
TR-034536,2025-08-05,1250.44,1231.1484539293842
TR-034537,2025-08-05,924.09,989.4183264677615
TR-034538,2025-08-05,4035.65,4222.326381440314
TR-034539,2025-08-05,1039.31,1068.5868472278075
TR-034540,2025-08-05,1385.45,1362.2702144818704
TR-034541,2025-08-05,3916.77,3949.1054854142913
TR-034542,2025-08-05,1086.12,1141.6634406540522
TR-034543,2025-08-05,772.01,889.8970751815204
TR-034544,2025-08-05,909.61,931.6945984293243
TR-034545,2025-08-05,3098.87,3125.6699586396667
TR-034546,2025-08-05,3110.36,2838.675242106424
TR-034547,2025-08-05,1507.8,1515.7925705674465
TR-034548,2025-08-06,2874.2,2780.3894670675063
TR-034549,2025-08-06,1323.94,1287.523618677178
TR-034550,2025-08-06,1118.31,1112.264152288493
TR-034551,2025-08-06,2190.09,2133.9330316647956
TR-034552,2025-08-06,3826.52,3868.6959333189743
TR-034553,2025-08-06,1555.48,1585.0601016150392
TR-034554,2025-08-06,3493.19,3616.4727777932694
TR-034555,2025-08-06,1574.59,1563.930395298368
TR-034556,2025-08-06,2648.29,2570.201879393713
TR-034557,2025-08-06,792.3,796.6042137571226
TR-034558,2025-08-06,3796.08,3733.175487782607
TR-034559,2025-08-06,1245.99,1216.49899794104
TR-034560,2025-08-06,1732.96,1677.1372405152645
TR-034561,2025-08-06,1536.47,1559.2584944628525
TR-034562,2025-08-06,3204.39,3269.9053694117365
TR-034563,2025-08-06,3612.88,3701.44112897006
TR-034564,2025-08-06,2017.06,2156.658433961456
TR-034565,2025-08-06,836.56,904.2606060553953
TR-034566,2025-08-06,5558.87,5658.520270166091
TR-034567,2025-08-06,3597.46,3663.7789595948384
TR-034568,2025-08-06,3123.19,3179.469997498616
TR-034569,2025-08-06,1122.6,1111.7304487495767
TR-034570,2025-08-06,1797.19,1990.7666012941318
TR-034571,2025-08-06,3648.36,3590.021552023704
TR-034572,2025-08-06,2617.72,2779.1878088676663
TR-034573,2025-08-06,1351.75,1312.890468954657
TR-034574,2025-08-06,974.4,1012.5112855451271
TR-034575,2025-08-06,1383.85,1360.0923391881806
TR-034576,2025-08-06,1788.18,1844.9290619739356
TR-034577,2025-08-06,2257.8,2146.5069204580727
TR-034578,2025-08-06,823.35,908.8334091381714
TR-034579,2025-08-06,1651.8,1687.5102415504255
TR-034580,2025-08-06,2450.38,2443.7327011706075
TR-034581,2025-08-06,4765.59,4623.382875433351
TR-034582,2025-08-06,4339.02,4565.514579581439
TR-034583,2025-08-06,2975.48,3059.9347972047
TR-034584,2025-08-06,18972.15,4192.578768224594
TR-034585,2025-08-06,4874.2,4776.281730322501
TR-034586,2025-08-06,2415.9,2616.6701537349036
TR-034587,2025-08-06,254.59,371.21281093688003
TR-034588,2025-08-06,3504.64,3351.4602094636807
TR-034589,2025-08-06,1080.16,1059.1421176160404
TR-034590,2025-08-06,1697.58,1657.7405488543093
TR-034591,2025-08-06,3468.77,3596.733258314134
TR-034592,2025-08-06,2976.57,3265.2305620073384
TR-034593,2025-08-06,1356.34,1341.8789392003655
TR-034594,2025-08-06,1549.55,1542.5553323389145
TR-034595,2025-08-06,1503.85,1528.1316473120828
TR-034596,2025-08-06,3988.76,4238.437525279874
TR-034597,2025-08-06,590.99,677.6389302543055
TR-034598,2025-08-06,1930.92,1999.2176722451077
TR-034599,2025-08-06,887.81,957.5539559553424
TR-034600,2025-08-06,2313.4,2422.7368675097036
TR-034601,2025-08-06,1754.24,1672.3630130710528
TR-034602,2025-08-06,1928.76,1864.4265448769956
TR-034603,2025-08-06,4983.84,4756.107019323996
TR-034604,2025-08-06,504.48,608.4546433371015
TR-034605,2025-08-06,5514.42,5497.401564255618
TR-034606,2025-08-06,2433.35,2654.6678545117106
TR-034607,2025-08-06,1666.76,1618.203097046247
TR-034608,2025-08-06,2419.83,2450.420547875601
TR-034609,2025-08-06,2271.22,2349.1086602344667
TR-034610,2025-08-06,1802.65,1828.259046262673
TR-034611,2025-08-06,1467.12,1577.4762750312032
TR-034612,2025-08-06,1680.01,1633.7295893830903
TR-034613,2025-08-06,3112.32,3302.747244181619
TR-034614,2025-08-06,1473.44,1407.4007789149705
TR-034615,2025-08-06,3159.65,3082.7802731759775
TR-034616,2025-08-06,501.52,509.98083831531903
TR-034617,2025-08-06,1028.59,1060.7315673545404
TR-034618,2025-08-06,1427.94,1557.3906761816743
TR-034619,2025-08-06,1759.75,1753.6328720550346
TR-034620,2025-08-06,1981.5,2079.659877952787
TR-034621,2025-08-06,1027.01,1104.7839398854094
TR-034622,2025-08-06,1986.63,1929.1200328159327
TR-034623,2025-08-06,1374.59,1338.6056104602162
TR-034624,2025-08-06,867.11,925.3154911295594
TR-034625,2025-08-06,1711.41,1702.7935568304313
TR-034626,2025-08-06,765.37,882.3784175877634
TR-034627,2025-08-06,3081.37,3283.6600743545587
TR-034628,2025-08-06,3782.97,3763.296417850186
TR-034629,2025-08-06,2132.39,2059.7769551562455
TR-034630,2025-08-06,3234.66,3311.7931591631504
TR-034631,2025-08-06,5133.07,5282.138828817481
TR-034632,2025-08-06,1481.05,1424.0642706677854
TR-034633,2025-08-06,1256.1,1271.8544433733573
TR-034634,2025-08-06,2981.88,3115.3634727524927
TR-034635,2025-08-06,2909.4,2776.6674862399504
TR-034636,2025-08-06,5602.35,5543.612647409751
TR-034637,2025-08-06,1120.37,1083.168689963326
TR-034638,2025-08-06,1448.63,1416.6031152804985
TR-034639,2025-08-06,2838.46,2865.543225607949
TR-034640,2025-08-06,2258.7,2178.614668031901
TR-034641,2025-08-06,972.05,978.5684845879271
TR-034642,2025-08-06,1772.78,1742.6666921031474
TR-034643,2025-08-06,2210.84,2405.494807693925
TR-034644,2025-08-06,2014.36,1916.1241519459154
TR-034645,2025-08-06,2408.12,2211.7213416650593
TR-034646,2025-08-06,5164.83,5207.455380293381
TR-034647,2025-08-06,1216.74,1203.2432934274536
TR-034648,2025-08-06,777.88,803.1980884230563
TR-034649,2025-08-06,3143.47,3122.0207662664184
TR-034650,2025-08-06,3395.56,3489.5754044761784
TR-034651,2025-08-06,1571.67,1646.179256339239
TR-034652,2025-08-06,4468.11,4453.25503559645
TR-034653,2025-08-06,2799.59,3139.829402862727
TR-034654,2025-08-06,5683.71,1765.3169163540697
TR-034655,2025-08-06,732.67,829.7644938122219
TR-034656,2025-08-06,3552.01,3686.6612970520255
TR-034657,2025-08-06,2456.55,2616.2329436081727
TR-034658,2025-08-06,745.17,848.2684589385592
TR-034659,2025-08-06,1370.78,1320.2464887695053
TR-034660,2025-08-06,576.43,670.9559843845093
TR-034661,2025-08-06,991.38,1020.8851530628249
TR-034662,2025-08-06,2140.03,2101.500995032616
TR-034663,2025-08-06,1018.23,1074.0105970052505
TR-034664,2025-08-06,3826.35,3944.0888126958407
TR-034665,2025-08-06,1948.77,1902.032909298996
TR-034666,2025-08-06,3259.7,3371.3138360793755
TR-034667,2025-08-06,475.52,649.3623504179191
TR-034668,2025-08-06,404.45,574.3347185042189
TR-034669,2025-08-06,1912.4,1926.1604368477965
TR-034670,2025-08-06,1673.13,1589.5130940993188
TR-034671,2025-08-06,2062.25,2200.93973205865
TR-034672,2025-08-06,1152.35,1197.4060459585623
TR-034673,2025-08-06,1388.98,1349.8954942410696
TR-034674,2025-08-06,1575.96,1498.8206663121132
TR-034675,2025-08-06,1360.35,1306.2221723310163
TR-034676,2025-08-06,1542.96,1515.636023930102
TR-034677,2025-08-06,3825.45,3798.3847384012165
TR-034678,2025-08-06,3065.8,3539.484580654399
TR-034679,2025-08-06,2180.15,2289.7477500656005
TR-034680,2025-08-06,2070.16,2033.5611325701818
TR-034681,2025-08-06,829.37,872.7206558936693
TR-034682,2025-08-06,2268.62,1944.837833640922
TR-034683,2025-08-06,5199.14,5339.146919455519
TR-034684,2025-08-06,1610.85,1655.1449579179675
TR-034685,2025-08-06,1987.7,2069.909683794908
TR-034686,2025-08-06,1976.79,1971.2749588448937
TR-034687,2025-08-06,3825.29,3637.0630584976857
TR-034688,2025-08-06,3317.38,3481.652899002442
TR-034689,2025-08-06,772.73,842.1470894977365
TR-034690,2025-08-06,540.33,639.6539758521171
TR-034691,2025-08-07,2951.8,2890.4629919824824
TR-034692,2025-08-07,5438.05,5243.32320347868
TR-034693,2025-08-07,3723.07,3618.4591147549627
TR-034694,2025-08-07,2054.95,2027.8947032941574
TR-034695,2025-08-07,4541.48,4406.288384517243
TR-034696,2025-08-07,2927.05,3073.2151282906116
TR-034697,2025-08-07,1434.89,1445.633286552877
TR-034698,2025-08-07,500.91,638.6658995998084
TR-034699,2025-08-07,1362.53,1393.259602191904
TR-034700,2025-08-07,630.52,655.0209537343469
TR-034701,2025-08-07,2156.91,2179.1868246170843
TR-034702,2025-08-07,2064.49,2060.0054044211192
TR-034703,2025-08-07,2094.46,1991.7017415530593
TR-034704,2025-08-07,2172.36,2104.5670477296326
TR-034705,2025-08-07,1884.75,1878.8191874028926
TR-034706,2025-08-07,801.56,771.9672855134179
TR-034707,2025-08-07,710.19,794.5618418049419
TR-034708,2025-08-07,2339.68,2294.740470557947
TR-034709,2025-08-07,997.09,1079.0672064071773
TR-034710,2025-08-07,854.23,872.3130887271527
TR-034711,2025-08-07,706.05,646.0652266986995
TR-034712,2025-08-07,3430.8,3504.37235547038
TR-034713,2025-08-07,3569.91,3527.154313884802
TR-034714,2025-08-07,4404.33,4310.773206202689
TR-034715,2025-08-07,2703.6,2659.6686733677534
TR-034716,2025-08-07,1183.07,1233.796272840881
TR-034717,2025-08-07,1574.83,1676.5271891528253
TR-034718,2025-08-07,870.68,893.1520579295147
TR-034719,2025-08-07,1542.22,1497.952410951128
TR-034720,2025-08-07,786.43,886.1154977719004
TR-034721,2025-08-07,1894.3,1790.9043532687947
TR-034722,2025-08-07,1209.44,1191.5189812796048
TR-034723,2025-08-07,1299.39,1296.1311376923813
TR-034724,2025-08-07,2897.77,3077.206897525036
TR-034725,2025-08-07,2611.62,2464.8950048884376
TR-034726,2025-08-07,1236.71,1304.2171902119258
TR-034727,2025-08-07,401.93,492.27698312378584
TR-034728,2025-08-07,1736.07,1743.1383526684715
TR-034729,2025-08-07,565.79,563.3156957481274
TR-034730,2025-08-07,1611.58,1685.5307628623232
TR-034731,2025-08-07,650.57,720.4742058612228
TR-034732,2025-08-07,2870.53,2959.6813445990974
TR-034733,2025-08-07,1578.01,1564.4511655241743
TR-034734,2025-08-07,1521.52,1453.9743008279588
TR-034735,2025-08-07,1514.86,1534.6707474910309
TR-034736,2025-08-07,1174.07,1180.326387070722
TR-034737,2025-08-07,4036.07,3972.5864364370736
TR-034738,2025-08-07,3048.49,2945.38186335932
TR-034739,2025-08-07,667.47,680.7239634511488
TR-034740,2025-08-07,833.05,926.8540771594485
TR-034741,2025-08-07,1964.78,1965.1317589170094
TR-034742,2025-08-07,1798.1,1859.3280843612235
TR-034743,2025-08-07,4789.86,4683.841553629301
TR-034744,2025-08-07,784.66,917.9604092493569
TR-034745,2025-08-07,3257.36,3378.5436974588683
TR-034746,2025-08-07,349.58,548.6038544019193
TR-034747,2025-08-07,766.52,842.7259466277226
TR-034748,2025-08-07,2747.01,2681.157523975725
TR-034749,2025-08-07,5176.59,5142.5458715009845
TR-034750,2025-08-07,4690.81,4719.223968490718
TR-034751,2025-08-07,2633.37,2713.804473139245
TR-034752,2025-08-07,2072.09,2033.6563730848648
TR-034753,2025-08-07,1830.62,5128.3240768750575
TR-034754,2025-08-07,3372.04,3332.6229691601625
TR-034755,2025-08-07,1656.95,1609.4453458892108
TR-034756,2025-08-07,284.34,509.43246299402904
TR-034757,2025-08-07,1261.03,1259.8337544239969
TR-034758,2025-08-07,3762.66,3630.418065317167
TR-034759,2025-08-07,663.38,683.7867562024271
TR-034760,2025-08-07,1942.6,1994.7984453231445
TR-034761,2025-08-07,495.86,631.1487858259204
TR-034762,2025-08-07,1408.45,1332.3572713855515
TR-034763,2025-08-07,2485.18,2305.008818104368
TR-034764,2025-08-07,1925.82,1897.9750144946202
TR-034765,2025-08-07,4237.04,4197.532130888726
TR-034766,2025-08-07,3382.18,3241.2924279028366
TR-034767,2025-08-07,2487.08,2631.5205787195137
TR-034768,2025-08-07,209.4,515.4804991623646
TR-034769,2025-08-07,2954.76,2961.3663288071816
TR-034770,2025-08-07,1570.29,1497.2953312095551
TR-034771,2025-08-07,3184.03,3394.448779598575
TR-034772,2025-08-07,1565.79,1544.2224836311686
TR-034773,2025-08-07,1964.47,1912.0943776359923
TR-034774,2025-08-07,3690.06,3804.198805851962
TR-034775,2025-08-07,792.21,802.8367927310594
TR-034776,2025-08-07,1090.99,1130.197846728314
TR-034777,2025-08-07,1899.73,1855.7004172472566
TR-034778,2025-08-07,1903.46,1885.2131774428522
TR-034779,2025-08-07,1341.65,1365.682998823457
TR-034780,2025-08-07,2158.03,2215.6340229748034
TR-034781,2025-08-07,2308.97,2193.8672470235697
TR-034782,2025-08-07,3719.44,3738.3468730458576
TR-034783,2025-08-07,3625.95,3758.461109416012
TR-034784,2025-08-07,4331.05,4337.673969124986
TR-034785,2025-08-07,2998.17,3436.504126496966
TR-034786,2025-08-07,1003.91,1081.7548653186518
TR-034787,2025-08-07,1554.46,1488.3520471422655
TR-034788,2025-08-07,1579.46,1565.3663667182695
TR-034789,2025-08-07,3330.65,3357.1303295845473
TR-034790,2025-08-07,2820.72,2940.562100960266
TR-034791,2025-08-07,562.57,691.8678108411771
TR-034792,2025-08-07,2533.07,2367.588338786028
TR-034793,2025-08-07,1751.03,1733.9541153792863
TR-034794,2025-08-07,2740.8,2971.1398194421863
TR-034795,2025-08-07,1494.32,1447.2165308698302
TR-034796,2025-08-07,1579.37,1593.7434553027874
TR-034797,2025-08-07,3384.67,3366.603644844212
TR-034798,2025-08-07,3491.47,3475.1541759319416
TR-034799,2025-08-07,774.15,867.3105770742031
TR-034800,2025-08-07,2121.71,2179.9030733691957
TR-034801,2025-08-07,4039.42,4121.595620738067
TR-034802,2025-08-07,5955.45,5898.08309720509
TR-034803,2025-08-07,2808.51,2493.8068041564493
TR-034804,2025-08-07,2278.63,2372.5831078269384
TR-034805,2025-08-07,1067.95,1060.9248189314128
TR-034806,2025-08-07,1008.36,1023.9493550824524
TR-034807,2025-08-07,1422.9,1487.3278269393481
TR-034808,2025-08-07,4991.17,4832.908714177263
TR-034809,2025-08-07,2361.06,2349.6610778937998
TR-034810,2025-08-07,3002.98,2858.6852525560867
TR-034811,2025-08-07,1270.71,1309.5518010206865
TR-034812,2025-08-07,411.76,513.481087588344
TR-034813,2025-08-07,958.54,1011.142453841066
TR-034814,2025-08-07,3809.42,3967.354104706178
TR-034815,2025-08-07,741.22,823.0883763958138
TR-034816,2025-08-07,438.9,498.147250339674
TR-034817,2025-08-07,3086.9,3231.074864190633
TR-034818,2025-08-07,3074.72,3056.90405018544
TR-034819,2025-08-07,3945.58,3878.8808901974344
TR-034820,2025-08-07,1594.36,1587.8892517579523
TR-034821,2025-08-07,957.66,963.8167807989548
TR-034822,2025-08-07,1053.53,1068.3110807294158
TR-034823,2025-08-07,1715.62,1698.0516566223282
TR-034824,2025-08-07,587.61,641.9147607935663
TR-034825,2025-08-07,2927.36,2776.3698369766057
TR-034826,2025-08-07,1672.28,1694.4379333261122
TR-034827,2025-08-07,1940.52,2140.632355040632
TR-034828,2025-08-07,1279.7,1202.5470090249098
TR-034829,2025-08-07,4220.82,4203.489080154391
TR-034830,2025-08-07,4464.55,4442.480165934856
TR-034831,2025-08-07,1810.57,1664.930142756176
TR-034832,2025-08-07,2032.18,1974.8978673466027
TR-034833,2025-08-07,642.46,714.7956365532661
TR-034834,2025-08-07,1357.74,1354.061398027359
TR-034835,2025-08-07,2376.05,2441.9311877546193
TR-034836,2025-08-07,782.28,866.0625804702363
TR-034837,2025-08-07,1173.83,1274.6827924426773
TR-034838,2025-08-07,1670.44,1645.492184356477
TR-034839,2025-08-07,1171.67,1192.4004766565454
TR-034840,2025-08-07,304.19,472.95807060842026
TR-034841,2025-08-07,4992.36,4920.805017854756
TR-034842,2025-08-07,1391.2,1376.9123428173589
TR-034843,2025-08-07,907.3,979.0251901355723
TR-034844,2025-08-07,1004.91,1069.8641064954381
TR-034845,2025-08-08,663.11,719.5210872506857
TR-034846,2025-08-08,5705.66,5472.523401812535
TR-034847,2025-08-08,2167.6,1965.0788581475872
TR-034848,2025-08-08,864.72,894.5114258192916
TR-034849,2025-08-08,1684.04,1626.3884825840194
TR-034850,2025-08-08,1934.3,1969.7435711959697
TR-034851,2025-08-08,1165.31,1214.660342939042
TR-034852,2025-08-08,1751.1,1759.1558206732022
TR-034853,2025-08-08,3540.37,3553.3333711621144
TR-034854,2025-08-08,3570.31,3654.7588870933887
TR-034855,2025-08-08,4832.58,4725.1895383995125
TR-034856,2025-08-08,4892.81,4774.2491144366
TR-034857,2025-08-08,1782.14,1744.8835868649876
TR-034858,2025-08-08,588.08,689.1967937201987
TR-034859,2025-08-08,750.45,874.368583591687
TR-034860,2025-08-08,3670.29,3599.3582045981693
TR-034861,2025-08-08,1363.67,1370.0614462892388
TR-034862,2025-08-08,5020.53,5313.208375225473
TR-034863,2025-08-08,3903.3,4008.265794691759
TR-034864,2025-08-08,1692.05,1746.921804714461
TR-034865,2025-08-08,3848.31,3938.6536955368415
TR-034866,2025-08-08,1317.98,1359.3051572597365
TR-034867,2025-08-08,517.57,510.8948442205444
TR-034868,2025-08-08,3881.97,3939.9843634835397
TR-034869,2025-08-08,2220.75,2244.281972487227
TR-034870,2025-08-08,1015.89,1078.2064129193193
TR-034871,2025-08-08,2470.57,2579.5945716063397
TR-034872,2025-08-08,3771.21,3783.9976345119408
TR-034873,2025-08-08,2492.87,2502.2460153289285
TR-034874,2025-08-08,4326.19,4232.013671029499
TR-034875,2025-08-08,3830.53,3846.0339672992986
TR-034876,2025-08-08,683.22,801.7750361546496
TR-034877,2025-08-08,1327.43,1293.4619331664903
TR-034878,2025-08-08,1433.38,1414.688745535118
TR-034879,2025-08-08,3823.46,3765.1681713927946
TR-034880,2025-08-08,3773.14,3136.2996652378206
TR-034881,2025-08-08,1465.1,1439.4866335673635
TR-034882,2025-08-08,966.22,1042.7460552936932
TR-034883,2025-08-08,571.01,679.3061492443212
TR-034884,2025-08-08,5570.67,5512.0861474506655
TR-034885,2025-08-08,5674.2,5726.268352050146
TR-034886,2025-08-08,997.09,1041.9917233057681
TR-034887,2025-08-08,4036.41,4094.310854653918
TR-034888,2025-08-08,2934.61,2791.9718116084073
TR-034889,2025-08-08,1410.76,1423.473913873272
TR-034890,2025-08-08,1571.25,1622.650149519813
TR-034891,2025-08-08,5720.06,5606.423687730496
TR-034892,2025-08-08,2048.83,2052.925231264415
TR-034893,2025-08-08,1161.43,1129.2603445379361
TR-034894,2025-08-08,2316.1,2520.4811178490268
TR-034895,2025-08-08,1267.82,1264.5758342232743
TR-034896,2025-08-08,2038.35,2237.8727802050234
TR-034897,2025-08-08,1765.51,1750.42797892508
TR-034898,2025-08-08,1551.07,1567.2714812069057
TR-034899,2025-08-08,836.0,940.3979211432215
TR-034900,2025-08-08,2065.82,2299.685929667817
TR-034901,2025-08-08,2509.21,2782.611420672876
TR-034902,2025-08-08,995.76,1031.9574593601203
TR-034903,2025-08-08,927.99,919.2213423847861
TR-034904,2025-08-08,2658.24,2497.2762212909115
TR-034905,2025-08-08,4294.76,3537.7370748045187
TR-034906,2025-08-08,1346.29,1320.2598523940178
TR-034907,2025-08-08,1945.82,1892.12630903975
TR-034908,2025-08-08,2234.7,2106.4379124227635
TR-034909,2025-08-08,2989.73,3172.565205832902
TR-034910,2025-08-08,3733.6,3873.7882916342833
TR-034911,2025-08-08,2194.45,2040.4185145534907
TR-034912,2025-08-08,2416.12,2200.2896131152747
TR-034913,2025-08-08,5274.79,5198.521039560711
TR-034914,2025-08-08,4829.09,4793.553671142599
TR-034915,2025-08-08,1778.27,1808.9937632171714
TR-034916,2025-08-08,2128.43,1930.2829334726277
TR-034917,2025-08-08,1461.4,1516.2351358253857
TR-034918,2025-08-08,1215.61,1184.4848482750767
TR-034919,2025-08-08,1681.32,1599.3851250630967
TR-034920,2025-08-08,1833.6,1815.043912449988
TR-034921,2025-08-08,1044.26,1147.2308658950585
TR-034922,2025-08-08,897.12,942.8718177546903
TR-034923,2025-08-08,3601.64,3542.2864888821578
TR-034924,2025-08-08,1592.58,1571.9999077689674
TR-034925,2025-08-08,3258.23,3041.0158352240346
TR-034926,2025-08-08,3779.79,3842.7503685634483
TR-034927,2025-08-08,2108.66,2112.5747458734795
TR-034928,2025-08-08,1814.15,1802.2240543023338
TR-034929,2025-08-08,3266.77,3451.041542637313
TR-034930,2025-08-08,2545.42,2864.708650297776
TR-034931,2025-08-08,4419.87,4525.540522760288
TR-034932,2025-08-08,4450.96,4274.566869364523
TR-034933,2025-08-08,1367.66,1354.7651522983942
TR-034934,2025-08-08,650.18,1549.3323162675133
TR-034935,2025-08-08,3436.38,3797.248946650422
TR-034936,2025-08-08,1187.34,1170.0307580260019
TR-034937,2025-08-08,1905.67,1942.1990794526248
TR-034938,2025-08-08,2900.29,3130.881538824704
TR-034939,2025-08-08,3414.47,3385.163449879806
TR-034940,2025-08-08,2208.98,2321.472213521625
TR-034941,2025-08-08,337.03,1405.750096044762
TR-034942,2025-08-08,385.5,545.8554715612058
TR-034943,2025-08-08,2293.39,2235.545067797339
TR-034944,2025-08-08,1207.71,1232.5738487937936
TR-034945,2025-08-08,2706.03,2718.0843812343983
TR-034946,2025-08-08,4146.94,4421.98059227331
TR-034947,2025-08-08,2704.44,2620.193944375948
TR-034948,2025-08-08,3210.97,3404.334291957893
TR-034949,2025-08-08,1322.46,1305.0106040952226
TR-034950,2025-08-08,2766.03,3097.088243820781
TR-034951,2025-08-08,2818.11,2708.2606907974023
TR-034952,2025-08-08,5823.64,5398.749083502833
TR-034953,2025-08-08,3571.55,3756.4797537288123
TR-034954,2025-08-08,859.46,968.1462039199585
TR-034955,2025-08-08,4179.39,3939.402379168219
TR-034956,2025-08-08,965.42,982.8443687470774
TR-034957,2025-08-08,4577.31,4462.976175870832
TR-034958,2025-08-08,3612.69,3938.860399221618
TR-034959,2025-08-08,712.84,834.8440699585374
TR-034960,2025-08-08,3655.8,3785.7235066994217
TR-034961,2025-08-08,2474.44,2458.638923508549
TR-034962,2025-08-08,2736.5,2694.802115389657
TR-034963,2025-08-08,5760.01,5409.143795914115
TR-034964,2025-08-08,2789.62,2972.414661914974
TR-034965,2025-08-08,2252.44,2299.2092525539715
TR-034966,2025-08-08,3052.21,3392.527905208589
TR-034967,2025-08-08,611.95,683.8119687825749
TR-034968,2025-08-08,2322.08,2577.3834132064117
TR-034969,2025-08-08,1646.7,1594.3501635264574
TR-034970,2025-08-08,446.97,574.0652884164763
TR-034971,2025-08-08,4059.94,4088.8958377721337
TR-034972,2025-08-08,790.09,962.224420762114
TR-034973,2025-08-08,1944.03,1946.9909446190832
TR-034974,2025-08-08,1201.16,1207.9178630859142
TR-034975,2025-08-08,1895.48,1928.7286746899335
TR-034976,2025-08-08,2917.68,2783.2430473458085
TR-034977,2025-08-08,2545.53,2435.701587535853
TR-034978,2025-08-08,4195.98,4130.609677732073
TR-034979,2025-08-08,4781.79,4883.844067748693
TR-034980,2025-08-08,1098.67,1091.9797563418806
TR-034981,2025-08-08,1234.26,1274.47025416858
TR-034982,2025-08-08,4432.5,4436.395103411186
TR-034983,2025-08-08,4725.92,4606.6976469411475
TR-034984,2025-08-08,1579.67,1591.1972045446073
TR-034985,2025-08-08,5499.06,5309.909273748635
TR-034986,2025-08-08,1344.04,1308.9725539216574
TR-034987,2025-08-09,1036.77,1064.2622468913592
TR-034988,2025-08-09,2349.25,2562.8855321884403
TR-034989,2025-08-09,1251.03,1250.5750139686093
TR-034990,2025-08-09,1187.19,1207.889362732261
TR-034991,2025-08-09,2651.6,2796.8654534504085
TR-034992,2025-08-09,2045.35,1831.0888026262344
TR-034993,2025-08-09,3935.62,3852.0708941965336
TR-034994,2025-08-09,2099.19,2213.7319584817
TR-034995,2025-08-09,710.04,809.8951087194282
TR-034996,2025-08-09,1094.79,1132.9474261417818
TR-034997,2025-08-09,4026.88,3856.436556475833
TR-034998,2025-08-09,712.5,780.6889409936464
TR-034999,2025-08-09,5031.67,4862.965903108583
TR-035000,2025-08-09,3164.39,3160.428217812442
TR-035001,2025-08-09,1188.22,1208.1861065298444
TR-035002,2025-08-09,1232.15,1295.1480516814886
TR-035003,2025-08-09,2077.35,2062.6828085558977
TR-035004,2025-08-09,3016.77,3063.5101002504653
TR-035005,2025-08-09,4958.16,5007.597657356611
TR-035006,2025-08-09,3288.81,3306.854538575979
TR-035007,2025-08-09,3013.8,3409.3236346908584
TR-035008,2025-08-09,358.18,560.6168534772796
TR-035009,2025-08-09,1676.9,1830.7861454793929
TR-035010,2025-08-09,4139.48,4110.84667936161
TR-035011,2025-08-09,655.92,657.5748925469461
TR-035012,2025-08-09,1414.15,1382.2194483141725
TR-035013,2025-08-09,1790.35,1768.7491243051936
TR-035014,2025-08-09,2895.37,3028.945634265267
TR-035015,2025-08-09,1056.79,3531.8078628934654
TR-035016,2025-08-09,916.51,921.3803964878541
TR-035017,2025-08-09,2997.24,2742.445484111484
TR-035018,2025-08-09,2030.21,2078.65371769934
TR-035019,2025-08-09,2460.35,2396.4565137427335
TR-035020,2025-08-09,727.6,818.3000015304992
TR-035021,2025-08-09,1540.56,1527.23403719826
TR-035022,2025-08-09,3248.29,3240.8381022516305
TR-035023,2025-08-09,3901.56,997.2454653890707
TR-035024,2025-08-09,1556.08,1505.1692175639594
TR-035025,2025-08-09,1369.86,1357.101763590982
TR-035026,2025-08-09,1460.21,1519.472833229166
TR-035027,2025-08-09,1428.06,1457.2557497637922
TR-035028,2025-08-09,2020.28,1996.3306588826183
TR-035029,2025-08-09,1811.5,1815.8690464168255
TR-035030,2025-08-09,3877.81,3796.516725555431
TR-035031,2025-08-09,1176.42,1181.518893253232
TR-035032,2025-08-09,1599.34,1661.049729925773
TR-035033,2025-08-09,1626.92,1589.7317095941671
TR-035034,2025-08-09,3529.05,3011.226771204766
TR-035035,2025-08-09,1407.97,1383.2898066882085
TR-035036,2025-08-09,3958.79,3902.5111937888432
TR-035037,2025-08-09,1777.94,1724.756250732923
TR-035038,2025-08-09,1172.4,1223.4773728415962
TR-035039,2025-08-09,1700.05,1791.888892690043
TR-035040,2025-08-09,3860.28,4029.957470172699
TR-035041,2025-08-09,1703.49,1742.0502284569247
TR-035042,2025-08-09,3806.09,4027.649772706408
TR-035043,2025-08-09,1940.32,1865.701363674521
TR-035044,2025-08-09,659.78,787.3131520722854
TR-035045,2025-08-09,230.74,355.52346322409494
TR-035046,2025-08-09,2782.99,2704.6473559413685
TR-035047,2025-08-09,3003.62,2967.2564106952445
TR-035048,2025-08-09,3572.6,3753.0046802972684
TR-035049,2025-08-09,617.77,719.5673992504026
TR-035050,2025-08-09,1561.71,1577.697822483976
TR-035051,2025-08-09,4431.13,4588.6728478543555
TR-035052,2025-08-09,2642.06,2674.533885731088
TR-035053,2025-08-09,4474.0,4514.419435069124
TR-035054,2025-08-09,1528.76,1517.2213259535736
TR-035055,2025-08-09,4333.26,4200.16148591515
TR-035056,2025-08-09,4006.7,3978.2711501746353
TR-035057,2025-08-09,3615.67,3662.2559426396488
TR-035058,2025-08-09,920.29,937.6734657855311
TR-035059,2025-08-09,1547.03,1633.9287588913276
TR-035060,2025-08-09,1003.44,1030.3324180761188
TR-035061,2025-08-09,4236.94,4112.892362029574
TR-035062,2025-08-09,589.3,606.9512128623305
TR-035063,2025-08-09,1437.11,1451.373884324717
TR-035064,2025-08-09,2925.64,3243.003739965474
TR-035065,2025-08-09,1157.66,1180.2630477028404
TR-035066,2025-08-09,2442.54,2331.3572377634664
TR-035067,2025-08-09,2302.4,2337.29355215996
TR-035068,2025-08-09,1474.25,1505.9385955472605
TR-035069,2025-08-09,1038.4,1070.0684642007554
TR-035070,2025-08-09,1467.37,1428.5490922590552
TR-035071,2025-08-09,3840.01,3854.2693248047817
TR-035072,2025-08-09,2562.49,3055.4407414880234
TR-035073,2025-08-09,986.16,1010.8856638072652
TR-035074,2025-08-09,783.59,791.5701121378663
TR-035075,2025-08-09,780.79,814.5847947389309
TR-035076,2025-08-09,3359.74,3273.361239494652
TR-035077,2025-08-09,991.31,1025.7518757106686
TR-035078,2025-08-09,1550.93,1526.0474337465894
TR-035079,2025-08-09,4765.56,4483.649602438891
TR-035080,2025-08-09,2898.12,2685.216928643205
TR-035081,2025-08-09,1639.52,1608.3226762377622
TR-035082,2025-08-09,908.2,976.1276293964479
TR-035083,2025-08-09,1128.95,1159.8883714605486
TR-035084,2025-08-09,2648.74,2671.705144095753
TR-035085,2025-08-09,3987.01,4018.2211312664786
TR-035086,2025-08-09,1882.9,2051.621700204722
TR-035087,2025-08-09,925.7,974.90610499443
TR-035088,2025-08-09,4020.71,4184.496411556831
TR-035089,2025-08-09,773.77,902.0935040792799
TR-035090,2025-08-09,3640.82,3826.622287254131
TR-035091,2025-08-09,1735.44,1748.6931082618291
TR-035092,2025-08-09,2580.12,2492.644947111496
TR-035093,2025-08-09,3265.54,3622.09687057815
TR-035094,2025-08-09,3573.56,3551.5449730530745
TR-035095,2025-08-09,1765.9,1842.1415494547439
TR-035096,2025-08-09,3398.64,2972.947623779751
TR-035097,2025-08-09,1859.26,1830.1284641076227
TR-035098,2025-08-09,1867.23,1909.6088199279723
TR-035099,2025-08-09,1473.24,1458.6335773868807
TR-035100,2025-08-09,1462.21,1429.030999551616
TR-035101,2025-08-09,2075.08,2425.4681063134644
TR-035102,2025-08-09,875.03,945.6109347865531
TR-035103,2025-08-09,795.36,3921.7625109764354
TR-035104,2025-08-09,1211.18,1237.2284376394346
TR-035105,2025-08-09,2953.57,2809.752465796638
TR-035106,2025-08-09,2188.21,2076.46035457655
TR-035107,2025-08-09,6146.72,6023.024173866863
TR-035108,2025-08-09,1126.53,1184.7755514150363
TR-035109,2025-08-09,1328.61,1368.1244764812782
TR-035110,2025-08-09,2718.35,2862.576582393275
TR-035111,2025-08-09,3835.04,3863.988361302576
TR-035112,2025-08-09,2852.57,2695.1211149424066
TR-035113,2025-08-09,1693.89,1765.8403233247925
TR-035114,2025-08-09,1489.42,1592.5769823505666
TR-035115,2025-08-09,1039.42,1051.3576986277621
TR-035116,2025-08-09,884.21,880.465061126536
TR-035117,2025-08-09,1385.87,1351.697277239175
TR-035118,2025-08-09,3121.41,3386.169972014799
TR-035119,2025-08-09,1591.62,1576.8397025790882
TR-035120,2025-08-09,992.49,962.547565820942
TR-035121,2025-08-09,1335.98,1352.7027595911302
TR-035122,2025-08-09,733.42,773.556133607415
TR-035123,2025-08-09,1117.78,1139.715576148878
TR-035124,2025-08-09,899.52,926.0316435812795
TR-035125,2025-08-09,1036.15,1081.6149105724344
TR-035126,2025-08-09,1202.29,1240.1018654645563
TR-035127,2025-08-09,2519.36,2646.5691622037625
TR-035128,2025-08-09,1642.55,1696.6886530579186
TR-035129,2025-08-10,1776.04,1771.4620566893655
TR-035130,2025-08-10,2054.43,2261.293661920719
TR-035131,2025-08-10,1365.5,1371.0982736598337
TR-035132,2025-08-10,3699.35,3709.5084633725464
TR-035133,2025-08-10,1795.06,1783.0676848584187
TR-035134,2025-08-10,632.38,664.0466319037992
TR-035135,2025-08-10,1038.13,1080.9696429322
TR-035136,2025-08-10,1342.86,1398.600415675929
TR-035137,2025-08-10,1902.18,1970.79377223446
TR-035138,2025-08-10,1220.87,1237.2174931027557
TR-035139,2025-08-10,2447.19,2691.40538629639
TR-035140,2025-08-10,1909.85,2211.872292733663
TR-035141,2025-08-10,4106.44,4171.854324962474
TR-035142,2025-08-10,3343.72,3313.695747996513
TR-035143,2025-08-10,2854.8,2758.626628208757
TR-035144,2025-08-10,4216.16,4130.211686526871
TR-035145,2025-08-10,3217.55,3349.016673790142
TR-035146,2025-08-10,942.45,937.6895787898561
TR-035147,2025-08-10,3190.13,3228.1378213133394
TR-035148,2025-08-10,3126.39,3165.1388327531768
TR-035149,2025-08-10,2284.93,2487.2544684809195
TR-035150,2025-08-10,1420.87,1417.0003524938145
TR-035151,2025-08-10,1404.52,1451.8231700650636
TR-035152,2025-08-10,413.18,472.37524174805276
TR-035153,2025-08-10,1398.22,1365.7921413307158
TR-035154,2025-08-10,960.36,987.6304254435663
TR-035155,2025-08-10,1023.97,1059.9719526166039
TR-035156,2025-08-10,928.24,927.6910021696015
TR-035157,2025-08-10,4071.62,4091.3761312501993
TR-035158,2025-08-10,3504.05,3303.311529731342
TR-035159,2025-08-10,4328.43,4322.930308577785
TR-035160,2025-08-10,1553.55,1566.5640905903858
TR-035161,2025-08-10,2905.53,3161.5982059061917
TR-035162,2025-08-10,1997.37,1950.28733707203
TR-035163,2025-08-10,3931.8,4018.763297172709
TR-035164,2025-08-10,723.9,804.6600057335206
TR-035165,2025-08-10,329.37,569.3614280956654
TR-035166,2025-08-10,3718.65,3986.828443074185
TR-035167,2025-08-10,2454.42,2371.3986971715385
TR-035168,2025-08-10,1859.54,1853.1293139252966
TR-035169,2025-08-10,972.43,1004.3203888249317
TR-035170,2025-08-10,1378.6,1373.4968116676032
TR-035171,2025-08-10,233.81,452.46937901639785
TR-035172,2025-08-10,957.67,974.8161310389021
TR-035173,2025-08-10,2691.28,2672.7412028823524
TR-035174,2025-08-10,1828.07,1878.6168425404242
TR-035175,2025-08-10,3824.3,3789.551283618107
TR-035176,2025-08-10,1164.15,1162.5001425887613
TR-035177,2025-08-10,275.69,539.2025492989453
TR-035178,2025-08-10,2426.85,2495.6879670332078
TR-035179,2025-08-10,1204.81,1193.0131022822916
TR-035180,2025-08-10,3178.59,3120.1122671444937
TR-035181,2025-08-10,4405.84,4446.062781242515
TR-035182,2025-08-10,4611.27,4532.823240416721
TR-035183,2025-08-10,4298.7,4392.704835929314
TR-035184,2025-08-10,851.58,898.9619217484767
TR-035185,2025-08-10,3305.7,3060.3505485024175
TR-035186,2025-08-10,2085.7,2082.6037762691726
TR-035187,2025-08-10,2153.53,1872.924461218913
TR-035188,2025-08-10,3186.66,3315.4116469130286
TR-035189,2025-08-10,1832.56,1910.4773180407888
TR-035190,2025-08-10,550.36,694.097663116062
TR-035191,2025-08-10,783.37,764.6776739135908
TR-035192,2025-08-10,1047.55,1070.635881525966
TR-035193,2025-08-10,5093.1,5068.034047004415
TR-035194,2025-08-10,3093.54,3233.136672331614
TR-035195,2025-08-10,760.66,828.261752785555
TR-035196,2025-08-10,2792.14,2917.4449407135335
TR-035197,2025-08-10,5553.52,2285.7937169866177
TR-035198,2025-08-10,4582.99,4515.4885399071445
TR-035199,2025-08-10,3857.29,3833.8930992764267
TR-035200,2025-08-10,1001.11,1020.4679283037505
TR-035201,2025-08-10,337.95,454.09957066849915
TR-035202,2025-08-10,4656.79,4785.7993063607955
TR-035203,2025-08-10,660.17,632.4736086636731
TR-035204,2025-08-10,3718.38,3700.9516666461896
TR-035205,2025-08-10,858.29,898.1167019442469
TR-035206,2025-08-10,888.26,957.2170865287551
TR-035207,2025-08-10,2380.21,2423.460938269028
TR-035208,2025-08-10,2721.3,2819.7151604903825
TR-035209,2025-08-10,3882.23,1338.043604480842
TR-035210,2025-08-10,649.19,740.5213051059568
TR-035211,2025-08-10,4573.63,4523.323043313553
TR-035212,2025-08-10,789.87,850.3049438462051
TR-035213,2025-08-10,1399.97,1424.4740671278373
TR-035214,2025-08-10,496.96,577.6297017257739
TR-035215,2025-08-10,3247.66,3557.085056914573
TR-035216,2025-08-10,3810.01,3962.63482989263
TR-035217,2025-08-10,1204.71,1239.735123479326
TR-035218,2025-08-10,4704.17,4912.817717198927
TR-035219,2025-08-10,791.45,835.4337379772871
TR-035220,2025-08-10,4040.02,4201.226787922376
TR-035221,2025-08-10,2894.59,3074.18088411344
TR-035222,2025-08-10,1646.72,1597.7174696228476
TR-035223,2025-08-10,1513.5,1627.5483422797547
TR-035224,2025-08-10,1777.71,1743.0341826928964
TR-035225,2025-08-10,1878.82,1897.1560141793786
TR-035226,2025-08-10,2769.66,3000.059803862426
TR-035227,2025-08-10,1161.9,1197.7507180573625
TR-035228,2025-08-10,268.64,1354.439165609199
TR-035229,2025-08-10,919.66,917.2950535603989
TR-035230,2025-08-10,262.01,585.4899948585773
TR-035231,2025-08-10,1197.41,1235.0009484609745
TR-035232,2025-08-10,1389.13,1407.6544278996935
TR-035233,2025-08-10,4036.21,4050.770958112529
TR-035234,2025-08-10,1841.89,1855.5365962883102
TR-035235,2025-08-10,791.5,815.1676488955106
TR-035236,2025-08-10,5414.37,5567.539631287611
TR-035237,2025-08-10,1121.27,1165.9065739145901
TR-035238,2025-08-10,826.9,941.184409688464
TR-035239,2025-08-10,6481.38,5882.144583395466
TR-035240,2025-08-10,2515.98,2847.8526157328643
TR-035241,2025-08-10,2327.19,2128.9783313067633
TR-035242,2025-08-10,2412.94,2430.49447362331
TR-035243,2025-08-10,973.67,1017.6694014593355
TR-035244,2025-08-10,1367.36,1371.4326900418246
TR-035245,2025-08-10,5749.81,5431.15952743382
TR-035246,2025-08-10,4277.12,4072.7069414061234
TR-035247,2025-08-10,420.44,657.4064627106534
TR-035248,2025-08-10,1416.79,1393.5309996370006
TR-035249,2025-08-10,2495.11,2461.609112376963
TR-035250,2025-08-10,1798.38,1822.6930986827667
TR-035251,2025-08-10,1335.27,1364.187910404773
TR-035252,2025-08-10,1418.91,1418.1498660954119
TR-035253,2025-08-10,1491.67,1455.146998511545
TR-035254,2025-08-10,4273.82,4314.867239891276
TR-035255,2025-08-10,4088.63,4182.514861506039
TR-035256,2025-08-10,767.11,854.7304057977258
TR-035257,2025-08-10,3958.37,3994.5516879974657
TR-035258,2025-08-10,974.02,1008.2660789990556
TR-035259,2025-08-10,636.89,757.648646611081
TR-035260,2025-08-10,1831.93,1892.8125048338063
TR-035261,2025-08-10,761.53,849.8018642809575
TR-035262,2025-08-11,4491.77,4498.861434942599
TR-035263,2025-08-11,1524.75,1535.0089543957502
TR-035264,2025-08-11,625.37,716.8285467177218
TR-035265,2025-08-11,3458.25,3616.0385318017316
TR-035266,2025-08-11,1279.49,1302.1619901424203
TR-035267,2025-08-11,907.19,954.8014985066327
TR-035268,2025-08-11,2209.07,2311.783409718348
TR-035269,2025-08-11,953.88,990.2002082344848
TR-035270,2025-08-11,4084.75,4045.343307576849
TR-035271,2025-08-11,1892.94,1831.9901304521386
TR-035272,2025-08-11,600.71,621.8480386440156
TR-035273,2025-08-11,1576.18,1641.9342028376273
TR-035274,2025-08-11,2599.39,2308.212844345581
TR-035275,2025-08-11,2593.96,2520.8635896644682
TR-035276,2025-08-11,888.38,916.2597015322824
TR-035277,2025-08-11,5270.78,5226.594696829734
TR-035278,2025-08-11,2890.49,2876.9831142849516
TR-035279,2025-08-11,3238.03,3248.180395569047
TR-035280,2025-08-11,3421.27,3618.7909973149517
TR-035281,2025-08-11,1334.25,1399.5397052244912
TR-035282,2025-08-11,305.68,1322.82666364044
TR-035283,2025-08-11,886.67,897.5812278274932
TR-035284,2025-08-11,1872.3,1996.4127144542476
TR-035285,2025-08-11,3017.51,2852.3725898704092
TR-035286,2025-08-11,4309.28,4206.268701118779
TR-035287,2025-08-11,3788.89,3877.2047902597897
TR-035288,2025-08-11,4313.31,4012.443467833321
TR-035289,2025-08-11,1425.03,1399.1629621823959
TR-035290,2025-08-11,2664.37,2337.914625562549
TR-035291,2025-08-11,795.95,890.4700964459007
TR-035292,2025-08-11,2334.57,2368.3706523943547
TR-035293,2025-08-11,1571.35,1538.2057515736137
TR-035294,2025-08-11,3296.51,3096.926242679813
TR-035295,2025-08-11,729.36,818.1500538071243
TR-035296,2025-08-11,747.24,804.1867119759318
TR-035297,2025-08-11,3842.81,4001.032676221592
TR-035298,2025-08-11,4651.57,1747.865794535299
TR-035299,2025-08-11,2191.92,2202.2707009856995
TR-035300,2025-08-11,1529.59,1638.1451404632971
TR-035301,2025-08-11,3495.32,3520.325559273534
TR-035302,2025-08-11,1985.71,2088.7056969329933
TR-035303,2025-08-11,3666.1,3890.8023370649876
TR-035304,2025-08-11,2136.72,2116.6180932264456
TR-035305,2025-08-11,2581.99,2384.907144227017
TR-035306,2025-08-11,2234.66,2207.680249088699
TR-035307,2025-08-11,1340.58,1314.0077974788587
TR-035308,2025-08-11,3461.55,3686.865976729705
TR-035309,2025-08-11,4213.99,4149.544755543215
TR-035310,2025-08-11,1395.03,1405.2602181908446
TR-035311,2025-08-11,1103.59,1144.7227770612517
TR-035312,2025-08-11,2388.35,2414.7128870521583
TR-035313,2025-08-11,1901.97,1819.016827567142
TR-035314,2025-08-11,566.28,584.5194008734961
TR-035315,2025-08-11,2606.73,2882.6070724151937
TR-035316,2025-08-11,1138.47,1203.7037300140323
TR-035317,2025-08-11,3401.27,3392.5312925181233
TR-035318,2025-08-11,1663.41,1670.5871182721758
TR-035319,2025-08-11,1796.52,1800.5308369529807
TR-035320,2025-08-11,2254.77,2091.41311259151
TR-035321,2025-08-11,3690.87,3888.5143448178223
TR-035322,2025-08-11,1985.19,1941.9258394359238
TR-035323,2025-08-11,1871.5,1884.8894554392373
TR-035324,2025-08-11,304.31,526.1650860970062
TR-035325,2025-08-11,1917.59,1901.4550207146626
TR-035326,2025-08-11,1497.97,1519.9782761674019
TR-035327,2025-08-11,4638.65,4655.158714328435
TR-035328,2025-08-11,3709.66,3772.9633254977302
TR-035329,2025-08-11,429.58,664.8724669631026
TR-035330,2025-08-11,733.71,798.1614663833066
TR-035331,2025-08-11,2231.77,2029.2218215061318
TR-035332,2025-08-11,1865.51,1759.550924726034
TR-035333,2025-08-11,1683.04,1744.733955563591
TR-035334,2025-08-11,3304.34,3321.3623056783745
TR-035335,2025-08-11,3276.77,3324.514687507569
TR-035336,2025-08-11,568.95,585.5547153077716
TR-035337,2025-08-11,3444.01,3057.864388158073
TR-035338,2025-08-11,1453.67,1416.7227726238345
TR-035339,2025-08-11,2430.57,2321.3537065966343
TR-035340,2025-08-11,1294.06,1333.4349287248795
TR-035341,2025-08-11,3617.96,3653.0885598341683
TR-035342,2025-08-11,1181.25,1232.5384708474926
TR-035343,2025-08-11,1498.56,1493.4762911566436
TR-035344,2025-08-11,765.88,815.094452694631
TR-035345,2025-08-11,2669.69,2704.9596164855443
TR-035346,2025-08-11,1612.19,1617.6804039090787
TR-035347,2025-08-11,1492.87,1511.7749498906373
TR-035348,2025-08-11,1386.4,1370.832679364547
TR-035349,2025-08-11,1670.87,1700.6686964872026
TR-035350,2025-08-11,1790.56,1852.4401843437513
TR-035351,2025-08-11,2142.78,2211.4213755474675
TR-035352,2025-08-11,1623.25,1612.3370879264833
TR-035353,2025-08-11,3352.96,3308.255621441551
TR-035354,2025-08-11,5452.45,5256.916950409181
TR-035355,2025-08-11,4119.36,4198.559460933221
TR-035356,2025-08-11,2659.28,2383.862249347666
TR-035357,2025-08-11,4882.05,4889.0723883779565
TR-035358,2025-08-11,518.13,676.1424042359954
TR-035359,2025-08-11,1430.63,1457.3459698531187
TR-035360,2025-08-11,831.87,870.0645098189007
TR-035361,2025-08-11,3000.01,2786.8705349125594
TR-035362,2025-08-11,1544.93,1528.1622386228541
TR-035363,2025-08-11,2402.26,2461.76219234104
TR-035364,2025-08-11,3810.04,3934.6451300423173
TR-035365,2025-08-11,5972.5,5597.588104265
TR-035366,2025-08-11,2494.39,2201.986120376301
TR-035367,2025-08-11,1896.38,1950.8791439736083
TR-035368,2025-08-11,2240.73,2450.8197355547604
TR-035369,2025-08-11,1992.2,1984.9210885092375
TR-035370,2025-08-11,934.02,938.8614042965767
TR-035371,2025-08-11,5164.25,5003.141241435827
TR-035372,2025-08-11,6014.82,1349.1475685861506
TR-035373,2025-08-11,1999.18,1992.0787422555968
TR-035374,2025-08-11,1357.81,1365.546895381207
TR-035375,2025-08-11,568.19,570.671170922418
TR-035376,2025-08-11,1742.95,1833.1930882866739
TR-035377,2025-08-11,1367.57,1378.59586360136
TR-035378,2025-08-11,3965.59,4014.2900156459937
TR-035379,2025-08-11,4264.24,3971.52592930393
TR-035380,2025-08-11,758.85,735.9021822975094
TR-035381,2025-08-11,685.02,754.573813061407
TR-035382,2025-08-11,1579.0,1572.4689634349431
TR-035383,2025-08-11,1033.19,1091.4027790667988
TR-035384,2025-08-11,1554.74,1562.679294165091
TR-035385,2025-08-11,2934.63,3240.911726324446
TR-035386,2025-08-11,3974.16,4093.951748258058
TR-035387,2025-08-11,2213.47,2098.5300523117917
TR-035388,2025-08-11,6007.97,5793.899923061581
TR-035389,2025-08-12,4173.86,4263.561904388622
TR-035390,2025-08-12,2055.39,1906.5171830246484
TR-035391,2025-08-12,760.89,842.7311876914391
TR-035392,2025-08-12,3191.5,3027.9942754934505
TR-035393,2025-08-12,3137.2,3600.2363138095366
TR-035394,2025-08-12,2247.29,2212.367706736452
TR-035395,2025-08-12,1564.87,1650.698101393474
TR-035396,2025-08-12,1355.11,1313.1949034030383
TR-035397,2025-08-12,1547.8,1563.077178512428
TR-035398,2025-08-12,1764.71,1780.201693505309
TR-035399,2025-08-12,2448.27,2383.539932045491
TR-035400,2025-08-12,733.93,761.7968949636013
TR-035401,2025-08-12,3274.68,3386.565350728807
TR-035402,2025-08-12,1267.48,1254.3902121903704
TR-035403,2025-08-12,1129.75,1180.931189773727
TR-035404,2025-08-12,1294.1,1309.593828981061
TR-035405,2025-08-12,1804.71,1773.1840377566805
TR-035406,2025-08-12,3418.29,3406.26281227031
TR-035407,2025-08-12,1418.4,1397.1514881496541
TR-035408,2025-08-12,6117.19,5962.024273296646
TR-035409,2025-08-12,1555.07,1538.9266647984093
TR-035410,2025-08-12,1580.51,1578.2855791451284
TR-035411,2025-08-12,817.61,879.8315471066946
TR-035412,2025-08-12,1120.36,1139.214679433972
TR-035413,2025-08-12,3874.7,3787.984182188566
TR-035414,2025-08-12,2827.06,2769.6708434053317
TR-035415,2025-08-12,4015.75,4072.6240498483758
TR-035416,2025-08-12,487.49,623.482642141224
TR-035417,2025-08-12,3278.0,3284.2121730086455
TR-035418,2025-08-12,490.96,611.2598861669044
TR-035419,2025-08-12,4894.91,4878.588445455392
TR-035420,2025-08-12,3058.8,3033.3751667627275
TR-035421,2025-08-12,1012.87,1032.2868740041506
TR-035422,2025-08-12,719.03,794.6791354200441
TR-035423,2025-08-12,1188.59,1200.9797473843457
TR-035424,2025-08-12,3800.8,3887.2013160451947
TR-035425,2025-08-12,1721.02,1745.0381701296983
TR-035426,2025-08-12,4414.39,4699.679520392425
TR-035427,2025-08-12,4433.82,4508.806607957633
TR-035428,2025-08-12,899.73,866.7701611428683
TR-035429,2025-08-12,3180.76,3348.576175586815
TR-035430,2025-08-12,2346.24,2441.730459471409
TR-035431,2025-08-12,1320.13,1347.436790079546
TR-035432,2025-08-12,4222.33,4499.146466748418
TR-035433,2025-08-12,4741.87,4565.93605504
TR-035434,2025-08-12,222.13,530.7956540400764
TR-035435,2025-08-12,2416.63,2447.4721699857973
TR-035436,2025-08-12,1033.95,1035.3992439547353
TR-035437,2025-08-12,4163.04,4172.928707664416
TR-035438,2025-08-12,2875.26,3068.7193064648054
TR-035439,2025-08-12,1835.64,1716.2774482486225
TR-035440,2025-08-12,1546.47,1505.145640360736
TR-035441,2025-08-12,959.82,1026.7555088023357
TR-035442,2025-08-12,1542.4,1481.6957997312593
TR-035443,2025-08-12,4475.75,4364.580809644293
TR-035444,2025-08-12,3716.68,3610.3258649327045
TR-035445,2025-08-12,1513.38,1561.1309164485879
TR-035446,2025-08-12,1007.71,974.8251058619078
TR-035447,2025-08-12,1407.86,1440.4091367498977
TR-035448,2025-08-12,4698.32,4926.242555096091
TR-035449,2025-08-12,2878.99,2893.052140827205
TR-035450,2025-08-12,753.64,2677.7741908654375
TR-035451,2025-08-12,3030.24,3211.343414137435
TR-035452,2025-08-12,1073.62,1082.240186606642
TR-035453,2025-08-12,1280.53,1269.6637395308078
TR-035454,2025-08-12,2650.02,2552.634968224876
TR-035455,2025-08-12,2350.23,2403.6774231958966
TR-035456,2025-08-12,2090.34,2166.593523891564
TR-035457,2025-08-12,1833.04,1815.6378300604713
TR-035458,2025-08-12,2984.48,3281.22370904929
TR-035459,2025-08-12,5417.7,5446.138424022082
TR-035460,2025-08-12,1502.08,1525.7350043958056
TR-035461,2025-08-12,2498.65,2289.877641342633
TR-035462,2025-08-12,2198.17,1911.4433752363168
TR-035463,2025-08-12,2467.43,2499.728149751242
TR-035464,2025-08-12,3079.37,3100.921677680574
TR-035465,2025-08-12,1192.7,1209.0899336344764
TR-035466,2025-08-12,2707.75,2799.0257225370615
TR-035467,2025-08-12,3128.98,3243.8421995505187
TR-035468,2025-08-12,1922.58,1966.2865839017948
TR-035469,2025-08-12,17742.34,4342.267557164708
TR-035470,2025-08-12,4709.82,4599.172043953267
TR-035471,2025-08-12,531.16,601.1175259733752
TR-035472,2025-08-12,713.31,737.629806503584
TR-035473,2025-08-12,1229.37,1186.268765374971
TR-035474,2025-08-12,2903.46,3117.620240578198
TR-035475,2025-08-12,4558.05,4505.307454653066
TR-035476,2025-08-12,1345.5,5445.145500085973
TR-035477,2025-08-12,2177.5,2339.9043336436675
TR-035478,2025-08-12,1850.03,1777.9146375359305
TR-035479,2025-08-12,4914.03,4855.969325076727
TR-035480,2025-08-12,4241.98,4529.461776434888
TR-035481,2025-08-12,447.03,635.3987766686346
TR-035482,2025-08-12,2631.33,2554.0520542002005
TR-035483,2025-08-12,979.25,973.952154303071
TR-035484,2025-08-12,2717.02,2604.078963046692
TR-035485,2025-08-12,3253.74,3397.2303874381546
TR-035486,2025-08-12,3963.28,4121.886090452235
TR-035487,2025-08-12,1881.37,1922.6547847965037
TR-035488,2025-08-12,817.86,922.6695672129936
TR-035489,2025-08-12,5590.56,5449.914106511009
TR-035490,2025-08-12,1575.11,1589.636219834174
TR-035491,2025-08-12,2216.38,2345.019571797708
TR-035492,2025-08-12,233.96,484.95120613594486
TR-035493,2025-08-12,1023.88,1071.1105869730436
TR-035494,2025-08-12,5942.84,5898.960565113411
TR-035495,2025-08-12,1675.03,1605.0773232219226
TR-035496,2025-08-12,1768.75,1821.628904461215
TR-035497,2025-08-12,1523.87,1544.430895281936
TR-035498,2025-08-12,1269.77,1260.6668639820768
TR-035499,2025-08-12,1542.49,1541.035579236249
TR-035500,2025-08-12,2010.8,2063.2188783677175
TR-035501,2025-08-12,1927.86,1977.5283957089098
TR-035502,2025-08-12,3707.97,3781.1829781908614
TR-035503,2025-08-12,1932.14,2159.1569477543917
TR-035504,2025-08-12,3943.12,4213.63311047599
TR-035505,2025-08-12,1672.08,1718.5860059951392
TR-035506,2025-08-12,2046.7,1983.9962657225967
TR-035507,2025-08-12,3880.13,3870.9829751703955
TR-035508,2025-08-12,2172.33,2179.1506515931196
TR-035509,2025-08-12,3677.1,3629.5246859898107
TR-035510,2025-08-12,5619.9,5552.6561681565
TR-035511,2025-08-12,1605.32,1543.0105401117237
TR-035512,2025-08-12,942.11,935.4223122289259
TR-035513,2025-08-12,3378.16,3443.473204734773
TR-035514,2025-08-12,1022.74,1043.4927264648813
TR-035515,2025-08-12,4776.8,4656.831216441588
TR-035516,2025-08-12,1376.52,1361.5466621756557
TR-035517,2025-08-12,4728.39,4689.378643079876
TR-035518,2025-08-12,1027.67,1072.7035749874212
TR-035519,2025-08-12,1936.23,1977.796553451198
TR-035520,2025-08-12,1953.3,1999.4066784597933
TR-035521,2025-08-12,3869.9,3935.7072087839106
TR-035522,2025-08-12,3504.32,3351.846145634215
TR-035523,2025-08-12,1728.42,1749.1283654950184
TR-035524,2025-08-12,12284.47,3679.1865304231665
TR-035525,2025-08-12,3103.93,3208.5992465537943
TR-035526,2025-08-12,1240.54,1204.420735737218
TR-035527,2025-08-12,1800.36,1783.2875871543383
TR-035528,2025-08-12,1033.46,1000.5278147059432
TR-035529,2025-08-12,4059.2,4283.575773799363
TR-035530,2025-08-12,1682.04,1679.1699064207846
TR-035531,2025-08-12,890.09,940.3152674342264
TR-035532,2025-08-12,3393.28,3517.4746033335928
TR-035533,2025-08-12,338.93,494.2256418875106
TR-035534,2025-08-12,1324.37,1306.8816385206214
TR-035535,2025-08-12,4232.5,4276.507777290615
TR-035536,2025-08-12,808.78,858.2775705257604
TR-035537,2025-08-12,5172.18,5056.613417593835
TR-035538,2025-08-12,298.71,448.0597623346796
TR-035539,2025-08-12,1030.03,1069.6352710024585
TR-035540,2025-08-12,1361.82,1340.4204970146604
TR-035541,2025-08-12,1839.3,1862.2547905680212
TR-035542,2025-08-12,1178.19,1214.1576236111457
TR-035543,2025-08-12,1260.69,1303.5636995179125
TR-035544,2025-08-13,2552.52,2195.213400213419
TR-035545,2025-08-13,1419.2,1433.50426827287
TR-035546,2025-08-13,826.03,838.8618777601014
TR-035547,2025-08-13,1484.31,1604.909902485537
TR-035548,2025-08-13,1666.06,1605.421928494381
TR-035549,2025-08-13,3964.03,4137.072090481397
TR-035550,2025-08-13,4176.33,4305.415728698317
TR-035551,2025-08-13,1515.66,1519.713285687418
TR-035552,2025-08-13,1631.7,1623.5216914510352
TR-035553,2025-08-13,2224.17,2187.6030444295025
TR-035554,2025-08-13,1029.13,1035.9445495117186
TR-035555,2025-08-13,2069.22,2177.4961986743765
TR-035556,2025-08-13,1009.14,1080.8686344548623
TR-035557,2025-08-13,1848.52,1936.573020683832
TR-035558,2025-08-13,796.71,755.6759267760244
TR-035559,2025-08-13,4262.9,4154.546579228643
TR-035560,2025-08-13,1210.29,1258.2037253435615
TR-035561,2025-08-13,1775.63,1805.749289524795
TR-035562,2025-08-13,5690.1,5418.557258032622
TR-035563,2025-08-13,1281.27,1317.241195252809
TR-035564,2025-08-13,5170.25,5356.294698308077
TR-035565,2025-08-13,2052.87,2030.9295707500823
TR-035566,2025-08-13,3910.47,3898.9089463284085
TR-035567,2025-08-13,1507.98,1542.1230028929638
TR-035568,2025-08-13,3624.2,3694.042371305769
TR-035569,2025-08-13,3890.34,4090.318515993686
TR-035570,2025-08-13,1267.81,1262.6347826726414
TR-035571,2025-08-13,2743.85,2742.2607040925163
TR-035572,2025-08-13,2509.34,2623.3725639945433
TR-035573,2025-08-13,2255.21,2084.7073475679604
TR-035574,2025-08-13,2562.47,2312.434966927581
TR-035575,2025-08-13,2409.79,2477.5945149780546
TR-035576,2025-08-13,5738.04,5623.436171051945
TR-035577,2025-08-13,3004.32,3138.2891930318788
TR-035578,2025-08-13,2237.22,2372.6954483210566
TR-035579,2025-08-13,822.99,502.75530730049445
TR-035580,2025-08-13,913.22,915.041748809776
TR-035581,2025-08-13,4926.46,4661.727789100829
TR-035582,2025-08-13,1981.8,1920.5809483445971
TR-035583,2025-08-13,2280.93,2623.223862423364
TR-035584,2025-08-13,2131.94,2273.1070731060117
TR-035585,2025-08-13,1522.31,1515.408654015169
TR-035586,2025-08-13,355.65,479.6638445202143
TR-035587,2025-08-13,1930.02,1857.9698032439546
TR-035588,2025-08-13,1888.96,1903.0790217986923
TR-035589,2025-08-13,3872.5,3693.725152432205
TR-035590,2025-08-13,302.81,1635.2467939867058
TR-035591,2025-08-13,2264.42,2307.8504044777806
TR-035592,2025-08-13,727.21,805.3648612742534
TR-035593,2025-08-13,884.52,958.8557355945766
TR-035594,2025-08-13,5296.44,5299.218903427893
TR-035595,2025-08-13,759.64,856.2885519356612
TR-035596,2025-08-13,4554.85,4531.37627213382
TR-035597,2025-08-13,948.79,978.2082514877266
TR-035598,2025-08-13,3905.64,4051.719473005842
TR-035599,2025-08-13,4684.95,4647.585350087313
TR-035600,2025-08-13,3891.19,3803.5662587808147
TR-035601,2025-08-13,2593.66,2674.576891599516
TR-035602,2025-08-13,1760.4,1841.529661289834
TR-035603,2025-08-13,1395.09,1355.759415381564
TR-035604,2025-08-13,1420.13,1477.9692510748828
TR-035605,2025-08-13,3262.87,3454.823907184066
TR-035606,2025-08-13,1339.62,1350.9525226421833
TR-035607,2025-08-13,1190.11,1237.0864028652077
TR-035608,2025-08-13,2160.05,2309.0061780908813
TR-035609,2025-08-13,1608.46,1694.9638225775107
TR-035610,2025-08-13,1971.11,1950.7333858224738
TR-035611,2025-08-13,1684.44,1690.9423348365206
TR-035612,2025-08-13,3163.22,3168.8347994015776
TR-035613,2025-08-13,2313.16,2394.9819646967508
TR-035614,2025-08-13,1599.48,1613.7783809550474
TR-035615,2025-08-13,3034.89,3254.4436991166244
TR-035616,2025-08-13,1756.55,1755.9750801092
TR-035617,2025-08-13,4927.52,4752.88949647912
TR-035618,2025-08-13,1012.15,1033.8977998452388
TR-035619,2025-08-13,4546.93,4392.421382593033
TR-035620,2025-08-13,874.12,971.9029138574849
TR-035621,2025-08-13,1871.38,1989.349008811511
TR-035622,2025-08-13,2556.82,2474.842731581716
TR-035623,2025-08-13,1645.91,1559.8039067157233
TR-035624,2025-08-13,1357.84,1334.790765803663
TR-035625,2025-08-13,2096.07,2370.276911304066
TR-035626,2025-08-13,2795.68,2920.1165283308205
TR-035627,2025-08-13,1268.28,1237.932817746114
TR-035628,2025-08-13,3867.7,4014.005874288544
TR-035629,2025-08-13,1005.63,1006.658548875037
TR-035630,2025-08-13,630.43,699.6700749101483
TR-035631,2025-08-13,1968.99,1954.0865705870115
TR-035632,2025-08-13,1530.17,1516.3133035530159
TR-035633,2025-08-13,1454.54,1457.3915955423201
TR-035634,2025-08-13,1723.73,1775.2513731396639
TR-035635,2025-08-13,1925.19,1976.8110845467952
TR-035636,2025-08-13,1098.27,1110.177508051302
TR-035637,2025-08-13,470.28,494.388645051971
TR-035638,2025-08-13,614.86,669.3502687247787
TR-035639,2025-08-13,1762.98,1790.3093355222943
TR-035640,2025-08-13,3283.74,3024.813253467978
TR-035641,2025-08-13,1976.0,1925.1587087886326
TR-035642,2025-08-13,4820.41,4950.325171840671
TR-035643,2025-08-13,1831.89,1820.2775139019452
TR-035644,2025-08-13,948.0,1010.8714008225936
TR-035645,2025-08-13,4394.74,4152.66789477256
TR-035646,2025-08-13,1318.27,1328.0314262403976
TR-035647,2025-08-13,1251.39,1275.5531079356429
TR-035648,2025-08-13,802.54,790.3147636718736
TR-035649,2025-08-13,2304.56,2157.479687495537
TR-035650,2025-08-13,1117.83,1107.688316981607
TR-035651,2025-08-13,2890.03,2888.9443896496796
TR-035652,2025-08-13,1793.66,1830.9422238336008
TR-035653,2025-08-13,1743.89,1732.1846150964961
TR-035654,2025-08-13,2305.98,2409.739871714267
TR-035655,2025-08-13,2038.96,1978.2562332805344
TR-035656,2025-08-13,1700.53,1711.828671164766
TR-035657,2025-08-13,1994.51,1964.5328334757799
TR-035658,2025-08-13,1113.64,1154.4900212494283
TR-035659,2025-08-13,2225.94,2306.2420250083055
TR-035660,2025-08-13,587.21,715.2697835680158
TR-035661,2025-08-13,2295.26,2343.723862145159
TR-035662,2025-08-13,1196.61,1204.8183124621592
TR-035663,2025-08-13,676.49,730.9445872375838
TR-035664,2025-08-13,580.17,701.5839529994744
TR-035665,2025-08-13,4025.07,4099.387043029359
TR-035666,2025-08-13,4661.36,4413.42285726198
TR-035667,2025-08-13,2354.29,2297.9630458488377
TR-035668,2025-08-13,4620.01,4340.8918499863485
TR-035669,2025-08-13,968.25,1009.0972715442498
TR-035670,2025-08-13,1918.8,1927.750613350184
TR-035671,2025-08-13,5501.64,5230.530085773837
TR-035672,2025-08-13,483.01,602.3989773357155
TR-035673,2025-08-13,2454.32,2229.4169022577203
TR-035674,2025-08-13,1769.44,2009.64238430301
TR-035675,2025-08-13,1845.72,1823.1593023249663
TR-035676,2025-08-13,1312.8,1320.0466588009901
TR-035677,2025-08-13,1694.66,2005.6497381091922
TR-035678,2025-08-13,1809.36,2069.4840622331785
TR-035679,2025-08-13,1897.88,2032.8748189088371
TR-035680,2025-08-13,4480.32,4389.658806996221
TR-035681,2025-08-13,1759.48,1890.0558457570708
TR-035682,2025-08-13,2512.99,2626.692739560915
TR-035683,2025-08-13,3552.86,3489.8617873639964
TR-035684,2025-08-13,2570.44,2740.1381008461535
TR-035685,2025-08-13,1381.64,1385.9798410092321
TR-035686,2025-08-13,2320.32,2123.5436529023127
TR-035687,2025-08-13,1493.45,1524.05592004055
TR-035688,2025-08-13,2384.33,2399.653766320487
TR-035689,2025-08-13,3374.69,3455.3640753470945
TR-035690,2025-08-13,4291.28,4324.346219669888
TR-035691,2025-08-13,2455.25,2390.531363925382
TR-035692,2025-08-13,730.02,723.8035653849633
TR-035693,2025-08-13,1794.44,1750.6534753385158
TR-035694,2025-08-13,4860.05,5027.073300654141
TR-035695,2025-08-13,2245.67,2329.205984751598
TR-035696,2025-08-13,2018.63,2296.252574365454
TR-035697,2025-08-13,2023.64,1968.6223362008707
TR-035698,2025-08-13,1626.46,1705.9217338776202
TR-035699,2025-08-13,1626.49,1675.6381292078318
TR-035700,2025-08-13,1178.32,1223.5203493797706
TR-035701,2025-08-13,3061.21,2935.7970951089906
TR-035702,2025-08-13,1901.31,1785.8853902261249
TR-035703,2025-08-14,4919.05,4904.963623117124
TR-035704,2025-08-14,555.29,630.3267857186479
TR-035705,2025-08-14,2184.73,2299.269570194269
TR-035706,2025-08-14,3680.0,3589.3320932969714
TR-035707,2025-08-14,1646.85,1627.4601326276336
TR-035708,2025-08-14,4275.68,4313.684297427139
TR-035709,2025-08-14,3728.88,3868.202138912926
TR-035710,2025-08-14,4175.17,4262.873225674779
TR-035711,2025-08-14,1533.45,1491.95375490888
TR-035712,2025-08-14,3932.57,3898.123248363361
TR-035713,2025-08-14,1100.7,1152.082048066213
TR-035714,2025-08-14,1710.79,1679.5406936423328
TR-035715,2025-08-14,3898.03,3749.3566272238654
TR-035716,2025-08-14,718.5,800.6720947890269
TR-035717,2025-08-14,2188.02,2143.9326027015018
TR-035718,2025-08-14,1010.12,1035.026175974917
TR-035719,2025-08-14,1552.79,1533.4016099974158
TR-035720,2025-08-14,788.21,810.5730832323484
TR-035721,2025-08-14,3463.64,3541.9136366008142
TR-035722,2025-08-14,4194.23,4161.7811865629
TR-035723,2025-08-14,4851.23,4904.884590082365
TR-035724,2025-08-14,2504.16,2513.6099408275645
TR-035725,2025-08-14,3550.99,3395.111563642511
TR-035726,2025-08-14,996.66,988.7314600196905
TR-035727,2025-08-14,1763.78,1822.441980136887
TR-035728,2025-08-14,3821.38,3741.2867441339754
TR-035729,2025-08-14,3246.78,3333.4136849108245
TR-035730,2025-08-14,5911.62,5781.1688843012835
TR-035731,2025-08-14,1001.34,1055.158886435951
TR-035732,2025-08-14,5292.71,5286.191593702917
TR-035733,2025-08-14,2202.79,2195.2880365101687
TR-035734,2025-08-14,2602.76,2477.372967038461
TR-035735,2025-08-14,1704.91,1685.139837812934
TR-035736,2025-08-14,2388.42,2131.9896056690154
TR-035737,2025-08-14,5332.67,5240.743927043437
TR-035738,2025-08-14,1160.03,1194.1995254787907
TR-035739,2025-08-14,1491.11,1565.8838049896708
TR-035740,2025-08-14,1554.43,1626.8225867808778
TR-035741,2025-08-14,2773.45,2576.1620696186556
TR-035742,2025-08-14,4762.65,4749.243961308806
TR-035743,2025-08-14,3702.16,3436.6454901437705
TR-035744,2025-08-14,5680.52,5220.554333729272
TR-035745,2025-08-14,694.63,788.0941672578278
TR-035746,2025-08-14,1427.92,1443.989122297709
TR-035747,2025-08-14,1083.82,1149.9168436647165
TR-035748,2025-08-14,2419.34,2480.897000796713
TR-035749,2025-08-14,955.18,969.5879320516906
TR-035750,2025-08-14,1277.52,1258.3889259805767
TR-035751,2025-08-14,4740.74,4779.529266234129
TR-035752,2025-08-14,716.74,784.8201989038248
TR-035753,2025-08-14,2838.44,2839.902337673403
TR-035754,2025-08-14,3893.12,3871.313394805935
TR-035755,2025-08-14,1567.72,1533.5194907537223
TR-035756,2025-08-14,886.12,957.4376524186662
TR-035757,2025-08-14,5010.88,4893.957627464585
TR-035758,2025-08-14,321.79,393.51105395635227
TR-035759,2025-08-14,1432.89,1438.1398426328633
TR-035760,2025-08-14,324.08,608.5524038966214
TR-035761,2025-08-14,510.01,524.1324903911534
TR-035762,2025-08-14,2136.98,2089.806100976629
TR-035763,2025-08-14,2835.46,2803.274394593662
TR-035764,2025-08-14,3036.26,3060.8175766237614
TR-035765,2025-08-14,845.61,868.8805059891833
TR-035766,2025-08-14,4715.34,4613.74737418769
TR-035767,2025-08-14,4324.68,4296.708875710019
TR-035768,2025-08-14,3107.7,3122.9514369972476
TR-035769,2025-08-14,5420.15,5189.713871364432
TR-035770,2025-08-14,754.24,842.849720860205
TR-035771,2025-08-14,1381.84,1390.7883660015084
TR-035772,2025-08-14,2820.29,2680.2134864315353
TR-035773,2025-08-14,2002.2,1971.0464974926451
TR-035774,2025-08-14,3069.57,3259.270668167381
TR-035775,2025-08-14,4823.97,4752.584854285458
TR-035776,2025-08-14,3029.65,3213.4847553487543
TR-035777,2025-08-14,1431.15,1315.0399790036681
TR-035778,2025-08-14,1410.33,1396.1734103700496
TR-035779,2025-08-14,1280.36,1312.8683917280655
TR-035780,2025-08-14,4034.06,4015.213810095179
TR-035781,2025-08-14,1682.41,1668.3391532401934
TR-035782,2025-08-14,722.88,823.7391518174309
TR-035783,2025-08-14,556.01,683.298559278431
TR-035784,2025-08-14,1361.82,1374.6517536130898
TR-035785,2025-08-14,890.14,990.776148973641
TR-035786,2025-08-14,1181.54,1157.7676983831593
TR-035787,2025-08-14,5714.96,5478.29482120868
TR-035788,2025-08-14,2424.97,2261.3981809518145
TR-035789,2025-08-14,2189.04,2151.783454249126
TR-035790,2025-08-14,2733.22,2814.615492206465
TR-035791,2025-08-14,3046.33,2998.199017727992
TR-035792,2025-08-14,1858.94,1856.9070528638279
TR-035793,2025-08-14,1609.89,1567.5922397323204
TR-035794,2025-08-14,2743.14,2440.061561178977
TR-035795,2025-08-14,4403.55,4418.7171071622415
TR-035796,2025-08-14,1348.0,1345.9598245313805
TR-035797,2025-08-14,1102.47,1143.2924621132215
TR-035798,2025-08-14,3548.54,3450.0004589706555
TR-035799,2025-08-14,3705.12,3866.5472294083097
TR-035800,2025-08-14,1330.98,1372.0462439157163
TR-035801,2025-08-14,2557.91,2224.4562585716785
TR-035802,2025-08-14,871.65,994.4421576654431
TR-035803,2025-08-14,1448.35,1399.8313615312122
TR-035804,2025-08-14,912.97,1002.2149803369878
TR-035805,2025-08-14,4201.17,4078.372338229738
TR-035806,2025-08-14,3416.73,3666.5051134300575
TR-035807,2025-08-14,2708.64,2993.7320561600013
TR-035808,2025-08-14,930.25,1014.6970973043801
TR-035809,2025-08-14,1339.32,1347.3313678020677
TR-035810,2025-08-14,2294.66,2475.6404746085295
TR-035811,2025-08-14,5034.02,5261.262102947633
TR-035812,2025-08-14,3268.75,3401.9372812776865
TR-035813,2025-08-14,3779.93,3724.4907292801704
TR-035814,2025-08-14,2094.06,2026.2643418816253
TR-035815,2025-08-14,1271.47,1253.673230428251
TR-035816,2025-08-14,2414.56,2455.7825907028637
TR-035817,2025-08-14,3129.28,3095.0768913341262
TR-035818,2025-08-14,1487.91,1616.356068555503
TR-035819,2025-08-14,5102.64,5024.288177072518
TR-035820,2025-08-14,726.95,828.0522130751865
TR-035821,2025-08-14,5004.21,4952.289241632909
TR-035822,2025-08-14,890.84,933.4739075319342
TR-035823,2025-08-14,5441.3,5415.1625083192575
TR-035824,2025-08-14,542.38,566.9699445263309
TR-035825,2025-08-14,2715.78,2962.944214756245
TR-035826,2025-08-14,2147.75,2347.778541379156
TR-035827,2025-08-14,3812.05,3920.134075944703
TR-035828,2025-08-14,1783.53,1798.0372926590453
TR-035829,2025-08-14,600.73,699.4448780458088
TR-035830,2025-08-14,212.76,572.6270408537894
TR-035831,2025-08-14,1526.07,1544.7084568270645
TR-035832,2025-08-14,2091.82,2093.4799685421594
TR-035833,2025-08-14,563.43,675.3128183947626
TR-035834,2025-08-14,11797.79,2946.2694814055517
TR-035835,2025-08-14,828.81,913.3061982268198
TR-035836,2025-08-14,2201.48,2167.4101161134963
TR-035837,2025-08-14,732.97,711.6897872004713
TR-035838,2025-08-14,986.09,1012.7016175625865
TR-035839,2025-08-14,829.25,842.2512264571067
TR-035840,2025-08-14,2398.11,2340.5070807915836
TR-035841,2025-08-14,1022.33,1071.664548559534
TR-035842,2025-08-14,2957.43,2968.1598042079845
TR-035843,2025-08-14,4173.83,3965.861417814311
TR-035844,2025-08-14,375.17,604.332598693089
TR-035845,2025-08-14,2063.37,2307.8753984717564
TR-035846,2025-08-14,2337.41,2276.512520226854
TR-035847,2025-08-14,2554.62,2533.3287454093525
TR-035848,2025-08-14,1079.31,1108.3225012540265
TR-035849,2025-08-14,2760.37,2503.056649674997
TR-035850,2025-08-14,3329.1,3529.9794004388277
TR-035851,2025-08-14,955.7,1001.231872440461
TR-035852,2025-08-14,4087.87,4153.472184459442
TR-035853,2025-08-14,2007.27,1899.9388822354629
TR-035854,2025-08-14,3863.93,3831.2210513739055
TR-035855,2025-08-14,878.84,887.511788679546
TR-035856,2025-08-14,1520.44,1521.7914397483
TR-035857,2025-08-14,3824.57,3844.326881195748
TR-035858,2025-08-14,2660.65,2680.3366434793925
TR-035859,2025-08-14,3488.59,3445.491182939755
TR-035860,2025-08-14,1038.35,1090.1997815296113
TR-035861,2025-08-15,2545.38,2567.2270795482304
TR-035862,2025-08-15,1744.99,1756.3761145257333
TR-035863,2025-08-15,2886.57,2993.7339881732905
TR-035864,2025-08-15,2209.86,2330.299314052925
TR-035865,2025-08-15,2139.65,2243.155849869046
TR-035866,2025-08-15,2580.47,2472.113521138276
TR-035867,2025-08-15,2051.54,2008.205829783846
TR-035868,2025-08-15,530.93,594.3123580952199
TR-035869,2025-08-15,4934.24,5051.451053237962
TR-035870,2025-08-15,1522.56,1498.460522833902
TR-035871,2025-08-15,843.95,930.5059145632558
TR-035872,2025-08-15,1401.96,1355.871640760191
TR-035873,2025-08-15,1423.89,1412.508078363506
TR-035874,2025-08-15,4172.95,4219.646669433262
TR-035875,2025-08-15,2285.21,2307.1452188954077
TR-035876,2025-08-15,2529.79,2626.940748446864
TR-035877,2025-08-15,2425.46,2443.263202373761
TR-035878,2025-08-15,728.58,823.1548026491369
TR-035879,2025-08-15,2640.59,2910.6928858941887
TR-035880,2025-08-15,1688.52,1770.3480291664298
TR-035881,2025-08-15,3163.17,3303.2909411100086
TR-035882,2025-08-15,4166.5,4183.506459562483
TR-035883,2025-08-15,1133.46,1163.5747661998553
TR-035884,2025-08-15,3905.16,4063.9802603878
TR-035885,2025-08-15,956.31,964.5436655235967
TR-035886,2025-08-15,785.61,894.5136714972477
TR-035887,2025-08-15,979.97,994.655052735171
TR-035888,2025-08-15,4185.15,4028.7952514563067
TR-035889,2025-08-15,4475.11,4350.295896862091
TR-035890,2025-08-15,2052.77,2065.9004936365673
TR-035891,2025-08-15,2969.82,3009.4878776298183
TR-035892,2025-08-15,2406.46,2437.784984173514
TR-035893,2025-08-15,3706.18,3904.30105528516
TR-035894,2025-08-15,2966.94,2346.903911876144
TR-035895,2025-08-15,1889.77,2015.872248834843
TR-035896,2025-08-15,1218.39,1266.898411658591
TR-035897,2025-08-15,3733.14,3748.535123934407
TR-035898,2025-08-15,2341.55,2425.600820580404
TR-035899,2025-08-15,2601.85,2506.978495301191
TR-035900,2025-08-15,3464.46,3513.6357702664473
TR-035901,2025-08-15,647.94,749.6170456334125
TR-035902,2025-08-15,1031.84,1068.6541744077022
TR-035903,2025-08-15,3083.86,3192.685886769162
TR-035904,2025-08-15,404.73,611.9274741260531
TR-035905,2025-08-15,8904.72,2174.316073225228
TR-035906,2025-08-15,1588.68,1607.6240960991959
TR-035907,2025-08-15,3962.92,3848.6505098716034
TR-035908,2025-08-15,5807.63,5534.802341918297
TR-035909,2025-08-15,1767.45,1771.63656505205
TR-035910,2025-08-15,1221.98,1192.6395076668364
TR-035911,2025-08-15,2330.98,2320.1335634124225
TR-035912,2025-08-15,4384.86,4458.936503543485
TR-035913,2025-08-15,2050.76,2077.289991519228
TR-035914,2025-08-15,1032.82,1052.4786114195301
TR-035915,2025-08-15,3462.97,3268.0691242366493
TR-035916,2025-08-15,1897.9,2260.297566454912
TR-035917,2025-08-15,3018.47,3076.5746836819935
TR-035918,2025-08-15,4738.76,4784.493053106968
TR-035919,2025-08-15,1606.85,1611.503588948617
TR-035920,2025-08-15,430.98,590.9153777615277
TR-035921,2025-08-15,5297.2,5292.547640759623
TR-035922,2025-08-15,3993.33,4183.219544121483
TR-035923,2025-08-15,2143.25,2012.0062515436207
TR-035924,2025-08-15,2434.72,2149.848024793088
TR-035925,2025-08-15,3644.74,3952.610967096738
TR-035926,2025-08-15,415.29,580.0340251223588
TR-035927,2025-08-15,2613.88,2525.562225030312
TR-035928,2025-08-15,1284.33,1318.7824278376456
TR-035929,2025-08-15,1435.28,1382.0007728299329
TR-035930,2025-08-15,2208.18,2068.9035680860975
TR-035931,2025-08-15,826.49,886.9625098308366
TR-035932,2025-08-15,1963.65,2075.8896156943674
TR-035933,2025-08-15,960.97,1014.2019528561398
TR-035934,2025-08-15,4252.53,4089.4548446911235
TR-035935,2025-08-15,4544.84,4527.211209642335
TR-035936,2025-08-15,4500.1,4304.3647219156155
TR-035937,2025-08-15,1981.29,1878.1859195828606
TR-035938,2025-08-15,2134.19,2071.218171836924
TR-035939,2025-08-15,2458.41,2402.3330593788687
TR-035940,2025-08-15,1343.79,1351.270083448513
TR-035941,2025-08-15,847.08,942.0331290720464
TR-035942,2025-08-15,547.39,565.5117482041187
TR-035943,2025-08-15,2263.78,2390.1446915123306
TR-035944,2025-08-15,955.67,936.7815677757217
TR-035945,2025-08-15,2327.04,2197.0774198502877
TR-035946,2025-08-15,1323.9,1360.5424625358926
TR-035947,2025-08-15,3483.19,3459.855283041553
TR-035948,2025-08-15,558.53,529.6107239661201
TR-035949,2025-08-15,4258.9,4352.27272463308
TR-035950,2025-08-15,729.3,744.1723441851368
TR-035951,2025-08-15,3582.04,3662.392594152555
TR-035952,2025-08-15,3963.21,4073.462456804608
TR-035953,2025-08-15,1347.91,1373.7864944523612
TR-035954,2025-08-15,642.3,640.9496735789692
TR-035955,2025-08-15,2378.79,1991.4251341244922
TR-035956,2025-08-15,1774.56,1985.5622617455813
TR-035957,2025-08-15,2099.76,2155.5305767974874
TR-035958,2025-08-15,1405.83,1416.1996886053755
TR-035959,2025-08-15,2874.57,2971.072009469449
TR-035960,2025-08-15,3919.74,4090.4328954194575
TR-035961,2025-08-15,2446.78,2480.3519598894127
TR-035962,2025-08-15,3035.7,3027.0701362501786
TR-035963,2025-08-15,1043.9,1060.8015969967491
TR-035964,2025-08-15,1304.06,1234.1827415002265
TR-035965,2025-08-15,1574.52,1584.480113095937
TR-035966,2025-08-15,894.25,979.6457916148222
TR-035967,2025-08-15,1519.04,1547.9309005117966
TR-035968,2025-08-15,4775.95,4832.9174414465415
TR-035969,2025-08-15,1940.71,2175.615217875647
TR-035970,2025-08-15,719.5,715.2821374159575
TR-035971,2025-08-15,1409.26,1517.0198218892558
TR-035972,2025-08-15,4423.32,4593.650813939628
TR-035973,2025-08-15,1223.41,1228.730099474562
TR-035974,2025-08-15,2142.57,2056.4264372408443
TR-035975,2025-08-15,1261.45,1302.973623212867
TR-035976,2025-08-15,3769.56,3719.2134953016
TR-035977,2025-08-15,1276.29,1308.702419032848
TR-035978,2025-08-15,2431.97,2405.1497066526927
TR-035979,2025-08-15,1638.07,1572.2922192794338
TR-035980,2025-08-15,397.3,1025.0187096061102
TR-035981,2025-08-15,4547.38,4297.049223831982
TR-035982,2025-08-15,1636.97,1650.8913269910668
TR-035983,2025-08-15,899.24,946.4887539030153
TR-035984,2025-08-15,2295.78,2232.9200963065005
TR-035985,2025-08-15,1905.41,1876.0458186842693
TR-035986,2025-08-15,2031.02,2130.0303093444486
TR-035987,2025-08-15,3075.57,3293.233797686834
TR-035988,2025-08-15,2327.21,2333.2243349655496
TR-035989,2025-08-15,2264.87,2254.1909942699003
TR-035990,2025-08-15,1498.65,1449.816630853341
TR-035991,2025-08-15,3099.76,2960.3899656905974
TR-035992,2025-08-15,1159.62,1162.6767615661747
TR-035993,2025-08-15,835.48,935.1880595341015
TR-035994,2025-08-15,2295.09,2175.066696670651
TR-035995,2025-08-15,1375.34,1363.4485315779923
TR-035996,2025-08-15,402.54,560.7432210815723
TR-035997,2025-08-15,1066.44,1105.0048891108145
TR-035998,2025-08-15,2645.54,2656.207514768671
TR-035999,2025-08-15,6767.41,1602.9144497649127
TR-036000,2025-08-15,2725.03,2538.2615552575535
TR-036001,2025-08-15,4406.16,4372.085935461684
TR-036002,2025-08-15,3229.29,3416.1001332531823
TR-036003,2025-08-15,2232.61,2442.7505636366327
TR-036004,2025-08-15,778.77,896.9124403394967
TR-036005,2025-08-15,3800.77,3773.7700400263807
TR-036006,2025-08-15,4450.0,4520.617375666112
TR-036007,2025-08-15,1955.24,1937.240185112651
TR-036008,2025-08-15,2730.46,2808.690823718067
TR-036009,2025-08-15,4283.87,4172.737073669348
TR-036010,2025-08-15,4004.42,4046.5658173655147
TR-036011,2025-08-15,1025.89,1000.017164267217
TR-036012,2025-08-15,2388.5,2261.5264712606413
TR-036013,2025-08-15,2127.74,2190.3381783153523
TR-036014,2025-08-15,2447.09,2389.4209226338353
TR-036015,2025-08-15,2026.52,1974.4489980972783
TR-036016,2025-08-15,1434.56,1357.9361422070235
TR-036017,2025-08-15,905.61,949.801165360783
TR-036018,2025-08-15,228.14,499.7371368204706
TR-036019,2025-08-15,870.97,961.0488115624603
TR-036020,2025-08-15,2446.1,2576.976418978651
TR-036021,2025-08-15,887.44,964.2146836545764
TR-036022,2025-08-15,518.2,574.7667662073654
TR-036023,2025-08-15,4419.17,4605.786779623622
TR-036024,2025-08-15,4660.74,4548.797994496269
TR-036025,2025-08-15,819.28,853.7223796015448
TR-036026,2025-08-15,831.29,924.750936514044
TR-036027,2025-08-15,3004.44,3349.6656512576556
TR-036028,2025-08-15,647.03,707.6202869467375
TR-036029,2025-08-15,1115.83,1134.658869078632
TR-036030,2025-08-15,3230.46,2951.0714539699666
TR-036031,2025-08-15,4144.99,4055.1205706611136
TR-036032,2025-08-16,1841.5,1810.0996309293891
TR-036033,2025-08-16,3684.22,3841.6999610875537
TR-036034,2025-08-16,3269.29,3511.9209370511553
TR-036035,2025-08-16,2322.85,2571.6766805160787
TR-036036,2025-08-16,2049.08,1976.6041437201768
TR-036037,2025-08-16,1757.33,1894.1181353500904
TR-036038,2025-08-16,3837.87,3481.85128655915
TR-036039,2025-08-16,2023.19,1973.4944807064278
TR-036040,2025-08-16,1911.36,2058.67899053561
TR-036041,2025-08-16,893.25,992.8575261699225
TR-036042,2025-08-16,1650.86,1674.5175994739475
TR-036043,2025-08-16,1613.54,1554.8843665956479
TR-036044,2025-08-16,2673.7,2533.4992613445384
TR-036045,2025-08-16,3599.97,3871.4644821501247
TR-036046,2025-08-16,3418.9,3520.373119631711
TR-036047,2025-08-16,1145.54,1142.3076263972903
TR-036048,2025-08-16,3224.14,3395.8212207631495
TR-036049,2025-08-16,4071.82,4146.685703709592
TR-036050,2025-08-16,1576.71,1588.6110712570462
TR-036051,2025-08-16,1602.84,1652.8491987896898
TR-036052,2025-08-16,3650.17,3725.5140386836056
TR-036053,2025-08-16,1659.44,1699.0260176745205
TR-036054,2025-08-16,3246.09,3492.5670494367087
TR-036055,2025-08-16,2257.36,2228.7524063597825
TR-036056,2025-08-16,2892.53,2999.010539729955
TR-036057,2025-08-16,1951.46,1946.6342900593368
TR-036058,2025-08-16,815.17,793.5683034415172
TR-036059,2025-08-16,1151.02,1174.12910486946
TR-036060,2025-08-16,2154.06,2200.600723842068
TR-036061,2025-08-16,2285.29,2101.2841539951232
TR-036062,2025-08-16,1831.39,1829.289414294748
TR-036063,2025-08-16,2049.4,1996.171651279666
TR-036064,2025-08-16,2375.44,2969.8348856989687
TR-036065,2025-08-16,372.27,490.25593931520166
TR-036066,2025-08-16,5311.84,5172.260472926039
TR-036067,2025-08-16,2928.35,2989.2333658714574
TR-036068,2025-08-16,3125.51,3149.834787035701
TR-036069,2025-08-16,2480.93,2465.2642320350355
TR-036070,2025-08-16,2398.27,2426.5826407999702
TR-036071,2025-08-16,255.7,630.2414281463305
TR-036072,2025-08-16,4697.05,4688.241599343381
TR-036073,2025-08-16,3674.62,3832.306670553684
TR-036074,2025-08-16,2844.65,2995.6288664873937
TR-036075,2025-08-16,250.44,455.1416276539496
TR-036076,2025-08-16,3217.33,3367.034484925094
TR-036077,2025-08-16,2269.65,2237.2503518719145
TR-036078,2025-08-16,1534.37,1565.990219035964
TR-036079,2025-08-16,1769.3,1758.7380811579958
TR-036080,2025-08-16,1617.76,1589.9944236166534
TR-036081,2025-08-16,2168.56,2201.60806992632
TR-036082,2025-08-16,1794.13,1811.8426140570057
TR-036083,2025-08-16,1138.56,1140.322614802064
TR-036084,2025-08-16,5936.83,5268.404418032663
TR-036085,2025-08-16,1911.85,1856.4038537805413
TR-036086,2025-08-16,3676.84,4052.2252610117494
TR-036087,2025-08-16,1230.68,1253.6836747091188
TR-036088,2025-08-16,1520.78,1538.8539924245931
TR-036089,2025-08-16,3178.12,2939.7510300703852
TR-036090,2025-08-16,3976.42,4051.085282366157
TR-036091,2025-08-16,5467.0,5175.962966012587
TR-036092,2025-08-16,2241.16,2339.2508104181857
TR-036093,2025-08-16,1639.75,1624.489116437232
TR-036094,2025-08-16,1681.79,1627.0699233942503
TR-036095,2025-08-16,1748.6,1765.4699973290417
TR-036096,2025-08-16,4562.29,4490.316365360699
TR-036097,2025-08-16,1016.49,1070.3602882802422
TR-036098,2025-08-16,1743.72,1789.1081521489887
TR-036099,2025-08-16,3687.56,3815.092307170352
TR-036100,2025-08-16,4096.12,3957.6558610316533
TR-036101,2025-08-16,474.97,2018.6892459983549
TR-036102,2025-08-16,3838.1,3708.8157139938526
TR-036103,2025-08-16,1834.23,1777.349371642708
TR-036104,2025-08-16,2497.26,2457.956523265022
TR-036105,2025-08-16,2273.1,2217.767254616754
TR-036106,2025-08-16,4607.33,4487.808332517556
TR-036107,2025-08-16,622.95,665.8787436890891
TR-036108,2025-08-16,1687.84,1748.7498510836847
TR-036109,2025-08-16,3022.84,3031.920192434187
TR-036110,2025-08-16,2039.42,2081.878983209007
TR-036111,2025-08-16,1465.38,1418.3188302284739
TR-036112,2025-08-16,960.78,966.5211501797769
TR-036113,2025-08-16,493.34,619.0464584030246
TR-036114,2025-08-16,2483.22,2509.9598609462414
TR-036115,2025-08-16,2759.1,2851.290803988036
TR-036116,2025-08-16,2651.89,2928.8719118382355
TR-036117,2025-08-16,1132.13,1159.8426944508553
TR-036118,2025-08-16,2123.96,1997.2564996879587
TR-036119,2025-08-16,1069.59,1150.1580952579206
TR-036120,2025-08-16,3055.64,3157.4452362723955
TR-036121,2025-08-16,3073.16,3143.0356750021347
TR-036122,2025-08-16,4215.87,4280.375034518202
TR-036123,2025-08-16,336.62,531.2064734278663
TR-036124,2025-08-16,1455.33,1462.567407028509
TR-036125,2025-08-16,1481.84,1482.728414780906
TR-036126,2025-08-16,1801.22,1790.9111429290965
TR-036127,2025-08-16,3652.18,3755.103777491514
TR-036128,2025-08-16,2068.77,2127.014594529243
TR-036129,2025-08-16,3868.89,4005.3060122710604
TR-036130,2025-08-16,4075.62,4568.137766169804
TR-036131,2025-08-16,802.3,797.1280302940002
TR-036132,2025-08-16,3788.68,3894.6758619580587
TR-036133,2025-08-16,1915.8,1818.2867361725853
TR-036134,2025-08-16,726.88,814.9582121462024
TR-036135,2025-08-16,2990.38,3083.0543273824223
TR-036136,2025-08-16,1622.29,1592.9482075097815
TR-036137,2025-08-16,2750.99,2709.4252462435084
TR-036138,2025-08-16,1249.44,1226.669846780229
TR-036139,2025-08-16,4247.68,4431.632317509524
TR-036140,2025-08-16,2638.95,2455.646646760256
TR-036141,2025-08-16,2614.31,2659.292081114528
TR-036142,2025-08-16,5157.53,5126.024230676941
TR-036143,2025-08-16,1797.61,1799.4257586118783
TR-036144,2025-08-16,1130.66,1156.846435378944
TR-036145,2025-08-16,1944.47,1998.9924967836032
TR-036146,2025-08-16,1001.14,998.6313634978678
TR-036147,2025-08-16,2625.33,3248.0254980153104
TR-036148,2025-08-16,2031.99,2159.870174093764
TR-036149,2025-08-16,1413.77,1415.1733400136222
TR-036150,2025-08-16,4953.76,5103.4018328538095
TR-036151,2025-08-16,5013.5,5116.434427299324
TR-036152,2025-08-16,1571.67,1582.0984366174396
TR-036153,2025-08-16,4412.23,4308.6706362738305
TR-036154,2025-08-16,3611.27,3585.581936717137
TR-036155,2025-08-16,2261.69,2133.6485346890568
TR-036156,2025-08-16,3401.34,3358.8959289031627
TR-036157,2025-08-16,1646.63,1645.9529602114949
TR-036158,2025-08-16,3454.23,3366.1599438154703
TR-036159,2025-08-16,1457.51,1475.313562612379
TR-036160,2025-08-16,5451.29,5295.706375201348
TR-036161,2025-08-16,3816.6,3964.015137345452
TR-036162,2025-08-16,2322.3,2072.6335157217045
TR-036163,2025-08-16,3473.17,3500.3330646997742
TR-036164,2025-08-16,663.35,739.7300592056652
TR-036165,2025-08-16,4844.76,4928.864926858583
TR-036166,2025-08-16,2569.81,2232.2707642882147
TR-036167,2025-08-16,1160.98,1160.340059844999
TR-036168,2025-08-17,1652.87,1722.161561784114
TR-036169,2025-08-17,1644.17,1650.5921030919533
TR-036170,2025-08-17,5136.17,5192.4959070604455
TR-036171,2025-08-17,4414.17,4490.475912374646
TR-036172,2025-08-17,2410.45,2565.023889376881
TR-036173,2025-08-17,1206.28,1283.3292749578677
TR-036174,2025-08-17,590.4,1786.9103678493868
TR-036175,2025-08-17,1105.12,1113.4655623230592
TR-036176,2025-08-17,2619.57,2088.9645160459463
TR-036177,2025-08-17,2247.2,2286.927877781662
TR-036178,2025-08-17,436.28,471.9351288106641
TR-036179,2025-08-17,1313.47,1298.826377334601
TR-036180,2025-08-17,1037.58,1057.4044582386816
TR-036181,2025-08-17,2378.78,2532.0311273099974
TR-036182,2025-08-17,2727.16,2811.034842732961
TR-036183,2025-08-17,3821.36,4186.777732465168
TR-036184,2025-08-17,3380.18,3546.9035894469107
TR-036185,2025-08-17,740.47,739.214192141276
TR-036186,2025-08-17,2055.83,2283.4908369905315
TR-036187,2025-08-17,2250.27,2281.00408156058
TR-036188,2025-08-17,1527.78,1695.0995114742332
TR-036189,2025-08-17,3093.44,3255.421913561628
TR-036190,2025-08-17,1733.05,1692.9483591797575
TR-036191,2025-08-17,4800.2,4728.845639771096
TR-036192,2025-08-17,549.01,632.6349823431303
TR-036193,2025-08-17,3767.23,3937.2590919809236
TR-036194,2025-08-17,3019.94,3330.139191911983
TR-036195,2025-08-17,898.11,1003.7702383331166
TR-036196,2025-08-17,830.05,931.2071889699882
TR-036197,2025-08-17,2144.22,2028.6576595326292
TR-036198,2025-08-17,3686.55,3833.7578123280887
TR-036199,2025-08-17,1091.95,1082.274927007372
TR-036200,2025-08-17,3196.57,3000.64143693414
TR-036201,2025-08-17,3381.1,3490.528898332515
TR-036202,2025-08-17,3762.82,3511.1787497403
TR-036203,2025-08-17,2135.53,2107.19446131361
TR-036204,2025-08-17,839.05,940.7825596172534
TR-036205,2025-08-17,4083.3,4123.464646165117
TR-036206,2025-08-17,1030.79,1055.6513635930864
TR-036207,2025-08-17,979.98,1012.6136859577822
TR-036208,2025-08-17,2014.89,1957.304920666853
TR-036209,2025-08-17,775.55,851.8387920275604
TR-036210,2025-08-17,5484.89,5484.812861259888
TR-036211,2025-08-17,2470.83,2669.6629137284403
TR-036212,2025-08-17,229.68,493.6544700634238
TR-036213,2025-08-17,574.81,610.7974595445969
TR-036214,2025-08-17,858.66,892.8937523034122
TR-036215,2025-08-17,2039.55,2047.8249588862445
TR-036216,2025-08-17,5097.56,5311.224072722849
TR-036217,2025-08-17,1213.75,1191.0560498925436
TR-036218,2025-08-17,2730.21,2753.2949357899656
TR-036219,2025-08-17,1430.67,1432.2592060543773
TR-036220,2025-08-17,1080.77,1120.4556238239493
TR-036221,2025-08-17,1826.94,1929.2518071169004
TR-036222,2025-08-17,3316.18,3528.7529124207877
TR-036223,2025-08-17,3805.29,3951.209556841337
TR-036224,2025-08-17,1206.5,1201.7013407505747
TR-036225,2025-08-17,3475.0,3507.7608689299013
TR-036226,2025-08-17,3979.62,4098.244510094719
TR-036227,2025-08-17,4153.36,4270.250244874723
TR-036228,2025-08-17,1389.16,1368.7930014671465
TR-036229,2025-08-17,2186.81,2116.7121167929745
TR-036230,2025-08-17,582.53,681.2133623212578
TR-036231,2025-08-17,3160.75,2989.2976225548014
TR-036232,2025-08-17,701.0,799.2855308993423
TR-036233,2025-08-17,500.33,613.4211224300914
TR-036234,2025-08-17,951.19,1012.8514499369686
TR-036235,2025-08-17,1345.95,1305.3242108478198
TR-036236,2025-08-17,575.45,745.7688131711902
TR-036237,2025-08-17,1427.88,1438.4219034595362
TR-036238,2025-08-17,3563.83,3508.094650684565
TR-036239,2025-08-17,4616.32,4819.806096548598
TR-036240,2025-08-17,903.07,993.7624990128922
TR-036241,2025-08-17,2050.24,2197.562274180451
TR-036242,2025-08-17,1151.23,1154.8722209324192
TR-036243,2025-08-17,1374.88,1441.9237560247534
TR-036244,2025-08-17,2483.45,2802.9617382245856
TR-036245,2025-08-17,1250.99,1309.8390689549062
TR-036246,2025-08-17,551.79,676.8750239307803
TR-036247,2025-08-17,3761.24,3845.336547360347
TR-036248,2025-08-17,1922.79,1941.2716527976472
TR-036249,2025-08-17,1742.86,1708.1253432591561
TR-036250,2025-08-17,2597.63,2520.3590334823944
TR-036251,2025-08-17,2091.12,2166.0766696978358
TR-036252,2025-08-17,3595.51,3548.301526010152
TR-036253,2025-08-17,766.26,746.8850413574648
TR-036254,2025-08-17,1884.95,1894.6988807647183
TR-036255,2025-08-17,3030.28,3163.733058137601
TR-036256,2025-08-17,2050.45,2228.0850659340977
TR-036257,2025-08-17,4803.79,4912.2245645210605
TR-036258,2025-08-17,2393.67,2802.1866829907885
TR-036259,2025-08-17,4864.79,5096.792766928834
TR-036260,2025-08-17,2032.97,2119.5944556732225
TR-036261,2025-08-17,2089.62,2156.1948086063235
TR-036262,2025-08-17,2089.28,2088.3478860956156
TR-036263,2025-08-17,1855.56,1903.8009195372258
TR-036264,2025-08-17,2202.77,2113.4911220336453
TR-036265,2025-08-17,4154.97,4173.498021066978
TR-036266,2025-08-17,4335.22,4361.310711344984
TR-036267,2025-08-17,3318.05,3592.301190354946
TR-036268,2025-08-17,4307.74,4342.484914845418
TR-036269,2025-08-17,1567.26,1520.9408218495369
TR-036270,2025-08-17,4264.12,4140.021643310003
TR-036271,2025-08-17,1933.24,2096.1439547959576
TR-036272,2025-08-17,1493.51,1472.6539412340385
TR-036273,2025-08-17,894.5,966.5810126609879
TR-036274,2025-08-17,2550.29,2294.713405167012
TR-036275,2025-08-17,4713.06,4794.653454543645
TR-036276,2025-08-17,4047.8,4055.662152838807
TR-036277,2025-08-17,2205.46,2269.207079122504
TR-036278,2025-08-17,1297.22,1311.2764513573843
TR-036279,2025-08-17,3844.59,4140.237691450767
TR-036280,2025-08-17,5396.59,5384.203135567832
TR-036281,2025-08-17,2064.97,1927.236278289938
TR-036282,2025-08-17,1105.94,1128.5158592180346
TR-036283,2025-08-17,1605.1,1615.8400156986713
TR-036284,2025-08-17,4324.29,4007.1062603443943
TR-036285,2025-08-17,2112.79,2201.9467704553877
TR-036286,2025-08-17,786.37,845.6238326058422
TR-036287,2025-08-17,3266.32,3447.2770677057556
TR-036288,2025-08-17,5763.0,5454.096545534956
TR-036289,2025-08-17,1708.81,1763.6745863069318
TR-036290,2025-08-17,3827.3,3839.0827138053746
TR-036291,2025-08-17,1470.35,1617.7588770723598
TR-036292,2025-08-17,1607.91,1746.0584590678263
TR-036293,2025-08-17,3974.12,3988.7658908884387
TR-036294,2025-08-17,2305.45,2082.4857989065545
TR-036295,2025-08-17,587.69,689.958034624502
TR-036296,2025-08-17,1520.23,1494.5461597636456
TR-036297,2025-08-17,2405.08,2532.32815675002
TR-036298,2025-08-17,1508.56,1541.7700031445181
TR-036299,2025-08-17,1155.37,1198.1244035070151
TR-036300,2025-08-17,880.58,921.8973818703571
TR-036301,2025-08-17,2290.38,2570.7918349965253
TR-036302,2025-08-17,2676.64,2459.3715899190697
TR-036303,2025-08-17,2719.32,2815.3912681071915
TR-036304,2025-08-17,470.52,599.1426246632047
TR-036305,2025-08-17,1140.31,1181.4657237288566
TR-036306,2025-08-17,4307.93,4387.1616717320285
TR-036307,2025-08-17,836.43,880.0043944429378
TR-036308,2025-08-17,2003.51,2052.1302292925816
TR-036309,2025-08-17,1203.26,1235.6594940976915
TR-036310,2025-08-17,2768.58,2951.313518913533
TR-036311,2025-08-17,2159.37,2048.904193850811
TR-036312,2025-08-17,2617.18,2677.512161112305
TR-036313,2025-08-17,455.32,611.9203394025483
TR-036314,2025-08-17,2029.34,2343.1483793520542
TR-036315,2025-08-17,2803.91,2840.093338136672
TR-036316,2025-08-17,1104.37,1158.6256865856278
TR-036317,2025-08-17,2222.31,2065.547737053609
TR-036318,2025-08-17,1400.4,1437.9949531371535
TR-036319,2025-08-17,571.65,682.9218515556634
TR-036320,2025-08-17,1286.62,1321.5117142753668
TR-036321,2025-08-17,3386.31,3414.9213881507203
TR-036322,2025-08-17,580.04,671.7469212198209
TR-036323,2025-08-17,1635.76,1723.007364621892
TR-036324,2025-08-17,2316.54,2229.0594631053627
TR-036325,2025-08-17,1440.32,1399.9539456234734
TR-036326,2025-08-17,885.0,980.275897327755
TR-036327,2025-08-17,4180.5,4049.6426331626753
TR-036328,2025-08-18,1302.19,1322.9710750642923
TR-036329,2025-08-18,968.56,1000.6295269673424
TR-036330,2025-08-18,1486.25,1511.8830518748678
TR-036331,2025-08-18,1213.62,1279.0098333317833
TR-036332,2025-08-18,960.39,1011.1219129103
TR-036333,2025-08-18,1873.0,1918.7169513345448
TR-036334,2025-08-18,530.61,649.7101080559919
TR-036335,2025-08-18,1790.14,1849.4496141813038
TR-036336,2025-08-18,1463.86,1502.7223772942489
TR-036337,2025-08-18,7005.3,1902.4422342815496
TR-036338,2025-08-18,2754.32,2826.14469454114
TR-036339,2025-08-18,4459.58,4265.000856176595
TR-036340,2025-08-18,1085.17,1109.6984935228866
TR-036341,2025-08-18,824.06,935.5473017248373
TR-036342,2025-08-18,2422.92,2540.0772808163474
TR-036343,2025-08-18,2196.65,2245.691769954448
TR-036344,2025-08-18,2033.9,2121.6233386845142
TR-036345,2025-08-18,1311.96,1281.2985225935608
TR-036346,2025-08-18,4145.32,4065.8244295901545
TR-036347,2025-08-18,609.92,635.3910203202599
TR-036348,2025-08-18,3018.58,3020.9955172352
TR-036349,2025-08-18,2280.83,2207.331343393966
TR-036350,2025-08-18,363.64,492.22803453174333
TR-036351,2025-08-18,1474.28,1450.5765937753781
TR-036352,2025-08-18,2625.24,2609.57260674657
TR-036353,2025-08-18,1182.95,1189.0887475437958
TR-036354,2025-08-18,1588.15,1624.4028160958858
TR-036355,2025-08-18,4013.6,4069.7618761583726
TR-036356,2025-08-18,387.66,585.6145481165968
TR-036357,2025-08-18,1067.44,1122.5557131994738
TR-036358,2025-08-18,924.05,988.3304115153026
TR-036359,2025-08-18,3251.33,3315.786192028234
TR-036360,2025-08-18,2867.66,2966.671012492082
TR-036361,2025-08-18,5279.47,5246.7725341844725
TR-036362,2025-08-18,2235.11,2130.3654857893553
TR-036363,2025-08-18,4469.94,4390.582686987311
TR-036364,2025-08-18,4767.02,4649.836011759429
TR-036365,2025-08-18,2766.01,2840.5975058228328
TR-036366,2025-08-18,3101.88,3226.156149218466
TR-036367,2025-08-18,3414.11,3547.2049421735483
TR-036368,2025-08-18,594.86,745.8567712812844
TR-036369,2025-08-18,1655.43,1687.2166808911413
TR-036370,2025-08-18,1136.01,1198.770912371928
TR-036371,2025-08-18,5474.99,1172.771321602509
TR-036372,2025-08-18,2101.95,2247.2807579034397
TR-036373,2025-08-18,1601.64,1593.2812839257435
TR-036374,2025-08-18,945.7,963.9896577145989
TR-036375,2025-08-18,2830.13,2750.6859429760434
TR-036376,2025-08-18,764.68,717.4410150229708
TR-036377,2025-08-18,592.37,658.6009409716519
TR-036378,2025-08-18,583.85,715.0111671549564
TR-036379,2025-08-18,2325.74,2328.688824911218
TR-036380,2025-08-18,451.84,538.973935908364
TR-036381,2025-08-18,1291.52,1321.1384589179197
TR-036382,2025-08-18,4435.81,4425.460977541632
TR-036383,2025-08-18,1474.08,1506.1438836703328
TR-036384,2025-08-18,3001.21,2870.056864896039
TR-036385,2025-08-18,5270.1,5379.445094581131
TR-036386,2025-08-18,1762.06,1717.657727506063
TR-036387,2025-08-18,1780.32,1825.0847040467406
TR-036388,2025-08-18,3216.91,3344.3963328126883
TR-036389,2025-08-18,4407.92,4427.276594193356
TR-036390,2025-08-18,1040.88,1076.0965789192192
TR-036391,2025-08-18,475.28,581.0637794113804
TR-036392,2025-08-18,9127.43,2707.836851323912
TR-036393,2025-08-18,2986.01,3184.3602658545906
TR-036394,2025-08-18,4112.57,4276.250377825563
TR-036395,2025-08-18,3004.7,3110.6008950292853
TR-036396,2025-08-18,1405.11,1430.3977583742644
TR-036397,2025-08-18,921.85,937.547489846927
TR-036398,2025-08-18,5391.98,5243.871154092746
TR-036399,2025-08-18,2704.57,2626.0005030515667
TR-036400,2025-08-18,3284.18,3278.985845545548
TR-036401,2025-08-18,1396.72,1474.8279817163652
TR-036402,2025-08-18,1066.18,1094.0606653375776
TR-036403,2025-08-18,3184.97,3221.365194091978
TR-036404,2025-08-18,4600.41,4553.918115228158
TR-036405,2025-08-18,3414.08,3519.767080750903
TR-036406,2025-08-18,2600.97,2541.4790733483637
TR-036407,2025-08-18,2356.65,2471.931969779015
TR-036408,2025-08-18,2950.3,3095.710773452726
TR-036409,2025-08-18,1205.97,1223.7881741299893
TR-036410,2025-08-18,1119.34,1159.3796989475263
TR-036411,2025-08-18,1151.14,1182.0364329613053
TR-036412,2025-08-18,2691.6,2685.571935969175
TR-036413,2025-08-18,1783.71,1856.65686137728
TR-036414,2025-08-18,552.32,662.4569274201199
TR-036415,2025-08-18,1323.71,1306.2485870001774
TR-036416,2025-08-18,1222.79,1229.0729036973512
TR-036417,2025-08-18,2446.14,2557.3547111065377
TR-036418,2025-08-18,1253.85,1236.628365748189
TR-036419,2025-08-18,1870.75,1946.682977480524
TR-036420,2025-08-18,1694.82,1646.4342360596165
TR-036421,2025-08-18,1041.44,1079.658653702319
TR-036422,2025-08-18,1695.68,1675.043994755656
TR-036423,2025-08-18,907.4,942.9696041110997
TR-036424,2025-08-18,4036.53,4283.973957275436
TR-036425,2025-08-18,2205.14,2077.316452699085
TR-036426,2025-08-18,3675.29,3141.7286313168256
TR-036427,2025-08-18,2094.68,2163.3833413035422
TR-036428,2025-08-18,3807.79,3943.2539349695894
TR-036429,2025-08-18,4223.98,4001.308961296328
TR-036430,2025-08-18,1038.63,1065.9059998291882
TR-036431,2025-08-18,713.95,816.1729203900798
TR-036432,2025-08-18,3634.28,3888.337439744976
TR-036433,2025-08-18,3443.19,3278.2056631402893
TR-036434,2025-08-18,1497.08,1491.0293242111204
TR-036435,2025-08-18,4874.55,4843.770065016819
TR-036436,2025-08-18,845.52,930.430188926083
TR-036437,2025-08-18,4633.79,4612.32323052131
TR-036438,2025-08-18,2608.3,2803.2383765188215
TR-036439,2025-08-18,1073.13,1091.0707893820684
TR-036440,2025-08-18,2924.85,3145.0490161255957
TR-036441,2025-08-18,742.67,869.28192885782
TR-036442,2025-08-18,3055.59,3147.5013376559
TR-036443,2025-08-18,2569.04,2799.9620189684174
TR-036444,2025-08-18,1541.79,1606.0926388797322
TR-036445,2025-08-18,3784.74,3687.5282018299054
TR-036446,2025-08-18,1179.95,1216.7286638120868
TR-036447,2025-08-18,1593.1,1639.4125802231006
TR-036448,2025-08-18,1621.52,1713.9612588849386
TR-036449,2025-08-18,1540.02,1508.2473984639182
TR-036450,2025-08-18,830.01,884.600896798353
TR-036451,2025-08-18,1881.25,2070.4567035054406
TR-036452,2025-08-18,631.79,749.7928413339071
TR-036453,2025-08-18,3197.64,2932.8611093993222
TR-036454,2025-08-18,1219.62,1238.876645098106
TR-036455,2025-08-18,3946.97,4014.815607333131
TR-036456,2025-08-18,1799.23,1834.3320965150276
TR-036457,2025-08-18,1389.5,1445.4864612485517
TR-036458,2025-08-18,2763.16,2680.3502766599436
TR-036459,2025-08-18,3493.69,3537.529653241715
TR-036460,2025-08-18,1104.2,1133.8127846932541
TR-036461,2025-08-18,3292.21,3549.579790200446
TR-036462,2025-08-18,2140.29,2220.187994913429
TR-036463,2025-08-18,1333.56,1356.7798912100516
TR-036464,2025-08-18,3545.35,3430.829044201022
TR-036465,2025-08-18,246.24,355.6112794557673
TR-036466,2025-08-18,1876.54,1881.0373759836546
TR-036467,2025-08-18,870.16,945.1699778545651
TR-036468,2025-08-18,646.37,673.603459658546
TR-036469,2025-08-18,2662.1,2669.7343419249123
TR-036470,2025-08-18,2450.2,2165.3364177154804
TR-036471,2025-08-18,1881.24,1814.8536565834215
TR-036472,2025-08-18,1239.46,1302.0765310586276
TR-036473,2025-08-18,2022.38,1938.3752265566166
TR-036474,2025-08-18,1068.71,1123.3372113986943
TR-036475,2025-08-18,3088.48,3497.1057124403324
TR-036476,2025-08-18,2533.85,2481.3740755930376
TR-036477,2025-08-18,648.16,769.980384845875
TR-036478,2025-08-19,4062.45,3996.434735636232
TR-036479,2025-08-19,2528.12,2537.7317398447153
TR-036480,2025-08-19,2170.15,2063.6043998019904
TR-036481,2025-08-19,2807.51,2627.702517689857
TR-036482,2025-08-19,4494.76,4519.391747518661
TR-036483,2025-08-19,700.81,779.2642129639341
TR-036484,2025-08-19,1434.06,1421.226482734684
TR-036485,2025-08-19,1421.04,1393.264558173763
TR-036486,2025-08-19,3248.51,3510.7938873533776
TR-036487,2025-08-19,3482.69,3637.9209907626882
TR-036488,2025-08-19,1940.19,1948.8366011811063
TR-036489,2025-08-19,577.87,660.1059694507871
TR-036490,2025-08-19,1938.92,2137.673901794838
TR-036491,2025-08-19,2529.01,2440.2366030842823
TR-036492,2025-08-19,4145.98,4240.783107569295
TR-036493,2025-08-19,3683.08,3612.1148563606694
TR-036494,2025-08-19,621.06,757.3415885890674
TR-036495,2025-08-19,2412.3,2359.0321393563117
TR-036496,2025-08-19,1602.28,1601.1751875292844
TR-036497,2025-08-19,5007.09,5034.666961651736
TR-036498,2025-08-19,3974.93,4012.446515501292
TR-036499,2025-08-19,3785.29,3883.348372968395
TR-036500,2025-08-19,3699.85,3775.269233917833
TR-036501,2025-08-19,3577.21,3664.619741209005
TR-036502,2025-08-19,2123.58,2089.25042695648
TR-036503,2025-08-19,5212.13,5187.626046644462
TR-036504,2025-08-19,1360.75,1358.2089441199091
TR-036505,2025-08-19,2928.8,3263.5950134546692
TR-036506,2025-08-19,3687.08,3983.0403629967477
TR-036507,2025-08-19,1239.01,1282.489793284316
TR-036508,2025-08-19,698.91,763.2405767255902
TR-036509,2025-08-19,1890.03,1863.8298787804722
TR-036510,2025-08-19,3376.05,3538.403302776739
TR-036511,2025-08-19,484.6,585.6158587845603
TR-036512,2025-08-19,3328.76,3504.490354897744
TR-036513,2025-08-19,2946.23,3163.344881265204
TR-036514,2025-08-19,1713.96,1690.7255387948708
TR-036515,2025-08-19,2876.51,2951.079498204003
TR-036516,2025-08-19,2088.96,2269.4903134145516
TR-036517,2025-08-19,3594.09,3533.4312153362207
TR-036518,2025-08-19,3494.05,3583.719891531469
TR-036519,2025-08-19,1114.24,1138.4526842275416
TR-036520,2025-08-19,2714.49,2519.9603496405402
TR-036521,2025-08-19,1401.37,1373.948725986434
TR-036522,2025-08-19,2062.24,2292.3932816512893
TR-036523,2025-08-19,910.62,922.8627033809726
TR-036524,2025-08-19,2451.68,2345.8250802049392
TR-036525,2025-08-19,1876.04,1793.2726848019806
TR-036526,2025-08-19,643.19,784.6377454951919
TR-036527,2025-08-19,2168.16,2168.498888428385
TR-036528,2025-08-19,3719.7,3652.755250391469
TR-036529,2025-08-19,3308.92,3361.1410213260115
TR-036530,2025-08-19,2682.76,2746.734290853269
TR-036531,2025-08-19,1574.32,1493.092669894114
TR-036532,2025-08-19,4083.58,4094.0031513016697
TR-036533,2025-08-19,1889.76,1986.7214182288628
TR-036534,2025-08-19,4693.35,4401.65711668453
TR-036535,2025-08-19,3092.36,3118.202047988726
TR-036536,2025-08-19,1094.04,1157.5160920284075
TR-036537,2025-08-19,1201.66,1209.7399439032392
TR-036538,2025-08-19,2757.2,2519.644210265483
TR-036539,2025-08-19,2296.67,2539.323822722052
TR-036540,2025-08-19,2650.75,2733.6366584471607
TR-036541,2025-08-19,1098.72,1136.1159415770487
TR-036542,2025-08-19,1292.85,1292.9464671674418
TR-036543,2025-08-19,780.91,851.1927100400769
TR-036544,2025-08-19,2459.64,2626.443921134831
TR-036545,2025-08-19,2801.49,2879.8810090064767
TR-036546,2025-08-19,881.77,954.7588327628639
TR-036547,2025-08-19,4040.94,4138.190043314322
TR-036548,2025-08-19,269.95,553.5256838207167
TR-036549,2025-08-19,1487.21,1418.3870022132915
TR-036550,2025-08-19,1881.32,1893.7195557901364
TR-036551,2025-08-19,1649.02,1628.6360933552069
TR-036552,2025-08-19,3390.6,3514.57153464381
TR-036553,2025-08-19,2499.47,2504.886388564563
TR-036554,2025-08-19,1415.92,1472.479924265148
TR-036555,2025-08-19,2284.29,2370.258006797626
TR-036556,2025-08-19,1813.52,1817.7119643138658
TR-036557,2025-08-19,1186.67,1200.387590899447
TR-036558,2025-08-19,640.91,770.450933917816
TR-036559,2025-08-19,3199.7,3350.8239922452562
TR-036560,2025-08-19,330.59,399.50694601326563
TR-036561,2025-08-19,1762.13,1669.4198807673185
TR-036562,2025-08-19,2439.47,2298.8828252887097
TR-036563,2025-08-19,1363.3,1359.4635542134147
TR-036564,2025-08-19,1700.11,1792.1221745821351
TR-036565,2025-08-19,888.84,875.1078400262927
TR-036566,2025-08-19,768.75,851.7685055358306
TR-036567,2025-08-19,423.14,373.4706046157214
TR-036568,2025-08-19,2057.14,2114.7351841172162
TR-036569,2025-08-19,2365.86,1995.2753544349519
TR-036570,2025-08-19,4523.85,4395.446515418444
TR-036571,2025-08-19,2401.06,2058.134204215984
TR-036572,2025-08-19,611.69,733.4499190057081
TR-036573,2025-08-19,1834.73,1906.6195994995626
TR-036574,2025-08-19,3876.58,3883.5109375821594
TR-036575,2025-08-19,4178.76,4119.2612669224745
TR-036576,2025-08-19,2125.87,2052.771350616857
TR-036577,2025-08-19,808.98,868.7100293811404
TR-036578,2025-08-19,5132.34,5222.441617257557
TR-036579,2025-08-19,3954.67,4044.7815239955144
TR-036580,2025-08-19,4222.39,4241.951110933025
TR-036581,2025-08-19,779.19,906.8886446724391
TR-036582,2025-08-19,305.5,532.6697144573254
TR-036583,2025-08-19,927.53,1011.0316826533153
TR-036584,2025-08-19,4263.95,4358.425534961843
TR-036585,2025-08-19,1070.05,1081.0377137813489
TR-036586,2025-08-19,1551.73,1673.809156837557
TR-036587,2025-08-19,5028.79,5227.3597191095405
TR-036588,2025-08-19,1432.27,1460.1295111162326
TR-036589,2025-08-19,1249.37,1269.7205408549187
TR-036590,2025-08-19,3132.86,3153.4373198363783
TR-036591,2025-08-19,545.0,654.5779620288783
TR-036592,2025-08-19,3215.76,3192.6370210907526
TR-036593,2025-08-19,2014.18,1934.6912932712298
TR-036594,2025-08-19,2571.46,2702.9754823112
TR-036595,2025-08-19,1139.56,1156.4698091047308
TR-036596,2025-08-19,5055.89,5334.516960958009
TR-036597,2025-08-19,1867.51,1873.0100956547985
TR-036598,2025-08-19,1233.19,568.7020422671299
TR-036599,2025-08-19,1651.75,1646.0268300616708
TR-036600,2025-08-19,2183.06,2009.4763454107267
TR-036601,2025-08-19,4622.21,4918.019366843862
TR-036602,2025-08-19,3186.96,3130.9035047022207
TR-036603,2025-08-19,4157.95,4139.977978470817
TR-036604,2025-08-19,1086.93,1177.4817955794533
TR-036605,2025-08-19,2969.49,3254.8000177314866
TR-036606,2025-08-19,5016.26,5035.870048014444
TR-036607,2025-08-19,251.48,616.5788903047398
TR-036608,2025-08-19,475.77,607.2326246936775
TR-036609,2025-08-19,4493.84,4468.602325346117
TR-036610,2025-08-20,1386.42,432.8444851317013
TR-036611,2025-08-20,1283.24,1294.2877853600432
TR-036612,2025-08-20,3774.05,3604.2140018415294
TR-036613,2025-08-20,2310.44,2353.713466515389
TR-036614,2025-08-20,2867.53,3076.2990552310853
TR-036615,2025-08-20,4091.63,4177.197372760831
TR-036616,2025-08-20,2104.27,839.44111669836
TR-036617,2025-08-20,3897.69,3958.720496644961
TR-036618,2025-08-20,2244.64,2112.3233346509187
TR-036619,2025-08-20,2651.55,2604.2889646018525
TR-036620,2025-08-20,2380.7,2191.051939711304
TR-036621,2025-08-20,829.39,935.7312073970318
TR-036622,2025-08-20,1473.56,1479.8275148227617
TR-036623,2025-08-20,3636.99,3627.95051408759
TR-036624,2025-08-20,915.54,928.8087172211249
TR-036625,2025-08-20,1183.23,1134.3712998408537
TR-036626,2025-08-20,4304.02,4090.056908642568
TR-036627,2025-08-20,4808.84,4642.766066115066
TR-036628,2025-08-20,1391.56,1410.257414439527
TR-036629,2025-08-20,1284.09,1342.6399852746729
TR-036630,2025-08-20,1595.82,1666.7801434169683
TR-036631,2025-08-20,2925.66,2873.046598310918
TR-036632,2025-08-20,3402.74,3475.017421561983
TR-036633,2025-08-20,3447.63,3581.9066850241998
TR-036634,2025-08-20,2126.57,2010.0167471352947
TR-036635,2025-08-20,3155.17,3094.424528548168
TR-036636,2025-08-20,5422.39,5297.349418938989
TR-036637,2025-08-20,3591.08,3692.809469738986
TR-036638,2025-08-20,5169.48,4925.920498853909
TR-036639,2025-08-20,3599.34,3726.8140519574117
TR-036640,2025-08-20,2646.7,2752.0511233702796
TR-036641,2025-08-20,472.55,616.821310112
TR-036642,2025-08-20,863.42,902.5531818281156
TR-036643,2025-08-20,1960.5,2116.4855702281243
TR-036644,2025-08-20,342.72,1448.7197901135733
TR-036645,2025-08-20,2388.92,2563.5527494757002
TR-036646,2025-08-20,2259.87,2057.3682610289397
TR-036647,2025-08-20,2261.14,2073.856238756413
TR-036648,2025-08-20,1790.72,1856.256449566116
TR-036649,2025-08-20,1034.76,1094.4344440124687
TR-036650,2025-08-20,1851.91,1809.5674326343665
TR-036651,2025-08-20,1013.63,1022.5904089312914
TR-036652,2025-08-20,954.57,980.133385689853
TR-036653,2025-08-20,814.6,842.5721716377404
TR-036654,2025-08-20,636.77,749.6118092871061
TR-036655,2025-08-20,1098.68,4325.848425589014
TR-036656,2025-08-20,2434.53,2427.2942526440115
TR-036657,2025-08-20,501.72,599.5619483500288
TR-036658,2025-08-20,3768.26,3753.6689759763544
TR-036659,2025-08-20,672.86,746.9785541297822
TR-036660,2025-08-20,3694.93,3661.3356856011796
TR-036661,2025-08-20,1834.61,1871.6306446587153
TR-036662,2025-08-20,1855.13,1901.0247129247032
TR-036663,2025-08-20,1850.53,1763.5297567532268
TR-036664,2025-08-20,2405.01,2585.2647591802906
TR-036665,2025-08-20,1585.92,1558.978017763093
TR-036666,2025-08-20,485.3,577.9860157787944
TR-036667,2025-08-20,1466.89,1464.006088867051
TR-036668,2025-08-20,3732.56,3636.6867388691
TR-036669,2025-08-20,969.07,975.6432317208523
TR-036670,2025-08-20,1597.78,1604.4046684258137
TR-036671,2025-08-20,1033.53,1087.327244978684
TR-036672,2025-08-20,1007.86,1032.2107776418902
TR-036673,2025-08-20,2015.73,1994.376790204567
TR-036674,2025-08-20,4108.8,4050.639449263226
TR-036675,2025-08-20,2542.56,2472.2836518176573
TR-036676,2025-08-20,2090.52,2192.236483019967
TR-036677,2025-08-20,2214.55,2202.104445033719
TR-036678,2025-08-20,601.12,681.0152872910671
TR-036679,2025-08-20,1374.58,1370.395952197403
TR-036680,2025-08-20,11839.2,3276.3051200262043
TR-036681,2025-08-20,3288.75,3232.1009778953867
TR-036682,2025-08-20,1945.54,1977.7925576691505
TR-036683,2025-08-20,1951.68,1938.824947521725
TR-036684,2025-08-20,1038.02,1071.5956622181316
TR-036685,2025-08-20,721.78,818.833409238903
TR-036686,2025-08-20,1436.61,1409.2005729490388
TR-036687,2025-08-20,1764.72,1681.283083223036
TR-036688,2025-08-20,2089.6,2063.4120618069455
TR-036689,2025-08-20,1890.54,1831.4390547615503
TR-036690,2025-08-20,2105.68,2215.0179038505726
TR-036691,2025-08-20,5533.57,5543.490216022203
TR-036692,2025-08-20,1474.64,1449.9665906931477
TR-036693,2025-08-20,3669.47,3812.7771539705136
TR-036694,2025-08-20,2434.45,2489.736226295168
TR-036695,2025-08-20,4408.52,4435.33415214358
TR-036696,2025-08-20,3681.09,3736.38705514281
TR-036697,2025-08-20,3813.32,3661.5729786390148
TR-036698,2025-08-20,3441.2,3486.3080480715316
TR-036699,2025-08-20,3826.6,3639.3158406970824
TR-036700,2025-08-20,1209.64,1187.2624774418216
TR-036701,2025-08-20,842.96,916.1093995892384
TR-036702,2025-08-20,1325.4,1343.5768616460964
TR-036703,2025-08-20,1785.26,1725.3213140740697
TR-036704,2025-08-20,3738.53,3493.985082355473
TR-036705,2025-08-20,1789.47,1744.595228601503
TR-036706,2025-08-20,2219.86,2073.5092560299654
TR-036707,2025-08-20,3637.47,3722.3489717515795
TR-036708,2025-08-20,6180.67,5840.849305425971
TR-036709,2025-08-20,4075.64,4235.819822569343
TR-036710,2025-08-20,218.86,556.3939724834122
TR-036711,2025-08-20,2243.05,2435.905487035241
TR-036712,2025-08-20,4382.01,4261.161906210438
TR-036713,2025-08-20,510.82,501.59818217639304
TR-036714,2025-08-20,4325.54,4167.82383484757
TR-036715,2025-08-20,989.96,1011.7758275120898
TR-036716,2025-08-20,2755.51,3012.3993905764946
TR-036717,2025-08-20,704.44,821.0813002487737
TR-036718,2025-08-20,2691.38,2612.9273191885504
TR-036719,2025-08-20,3913.51,3883.0424497496524
TR-036720,2025-08-20,1091.2,1115.6483335728572
TR-036721,2025-08-20,3753.75,3653.6864514426925
TR-036722,2025-08-20,1375.57,1401.4630616337863
TR-036723,2025-08-20,725.83,748.7427901248013
TR-036724,2025-08-20,1370.4,1343.077469863054
TR-036725,2025-08-20,956.28,953.7876845317853
TR-036726,2025-08-20,2748.99,2497.9063320031833
TR-036727,2025-08-20,4305.07,4284.3860282784835
TR-036728,2025-08-20,1285.25,1339.411395404382
TR-036729,2025-08-20,1712.54,1866.9778732564032
TR-036730,2025-08-20,3234.1,3046.3030302099196
TR-036731,2025-08-20,3722.53,3803.827127017069
TR-036732,2025-08-20,657.03,748.2679094123564
TR-036733,2025-08-20,2707.86,2781.3997988353694
TR-036734,2025-08-20,2152.23,2276.3665888907035
TR-036735,2025-08-20,3067.5,3152.5451953372685
TR-036736,2025-08-20,1009.51,1048.8289532881463
TR-036737,2025-08-20,2068.94,2491.11348506644
TR-036738,2025-08-20,4399.22,4170.499892288599
TR-036739,2025-08-20,910.13,956.9410058073472
TR-036740,2025-08-20,1244.46,1283.3972750497478
TR-036741,2025-08-20,2054.36,2209.8572063936917
TR-036742,2025-08-20,3311.12,3601.4770584741896
TR-036743,2025-08-20,3116.25,3279.762336102074
TR-036744,2025-08-20,972.59,989.1564868635733
TR-036745,2025-08-20,1528.99,1582.6847327335613
TR-036746,2025-08-20,904.99,890.9677249546125
TR-036747,2025-08-20,2681.57,2692.780811977814
TR-036748,2025-08-20,4782.94,4634.38457539712
TR-036749,2025-08-20,2305.82,2113.8216886089367
TR-036750,2025-08-20,1135.08,1111.7466048035044
TR-036751,2025-08-20,1621.15,1620.4409174641767
TR-036752,2025-08-20,2537.55,2494.2254092702547
TR-036753,2025-08-20,1166.11,1166.7221569168087
TR-036754,2025-08-20,1535.6,1460.662905328953
TR-036755,2025-08-20,1724.39,2103.350934550965
TR-036756,2025-08-20,493.53,510.68006995647875
TR-036757,2025-08-20,3778.8,3822.9634329693727
TR-036758,2025-08-20,946.97,996.3166609946654
TR-036759,2025-08-20,1586.05,1548.3291555241685
TR-036760,2025-08-20,588.43,738.8046712320006
TR-036761,2025-08-20,3540.52,3514.0968926354453
TR-036762,2025-08-20,2164.19,2215.2202080103707
TR-036763,2025-08-20,4327.83,4255.983086318156
TR-036764,2025-08-20,4999.28,4899.519706286199
TR-036765,2025-08-20,4525.36,4518.253637944154
TR-036766,2025-08-20,1804.96,1750.5408256391997
TR-036767,2025-08-20,1452.84,1419.1600855737906
TR-036768,2025-08-20,3612.33,3647.2185991140022
TR-036769,2025-08-20,660.26,744.0698994731197
TR-036770,2025-08-20,5089.9,5188.693067212109
TR-036771,2025-08-20,4681.91,4730.252033590998
TR-036772,2025-08-20,989.75,1044.031728124804
TR-036773,2025-08-20,3808.51,3769.066543731692
TR-036774,2025-08-20,2535.37,2159.970259926984
TR-036775,2025-08-20,2002.27,2105.1729062605
TR-036776,2025-08-20,1186.24,1219.911613114366
TR-036777,2025-08-20,3466.25,3234.3457543301765
TR-036778,2025-08-21,697.99,806.6011667054636
TR-036779,2025-08-21,2390.25,2731.679912654163
TR-036780,2025-08-21,949.82,993.4725407640817
TR-036781,2025-08-21,2029.95,1954.8631385544732
TR-036782,2025-08-21,1791.15,1755.3651732515134
TR-036783,2025-08-21,1570.09,1569.3854561984815
TR-036784,2025-08-21,2239.63,2325.636801116836
TR-036785,2025-08-21,1638.23,1592.1686516795614
TR-036786,2025-08-21,990.81,1007.3546714488863
TR-036787,2025-08-21,3892.62,3981.6067763410465
TR-036788,2025-08-21,971.16,1015.627086379817
TR-036789,2025-08-21,1270.17,1331.6786047894082
TR-036790,2025-08-21,5285.51,5120.987146311389
TR-036791,2025-08-21,847.21,907.0674976143059
TR-036792,2025-08-21,5067.94,4889.15406897707
TR-036793,2025-08-21,4868.53,4737.645279003562
TR-036794,2025-08-21,1579.37,1692.8902765325395
TR-036795,2025-08-21,3794.2,3609.432292742902
TR-036796,2025-08-21,1145.33,1142.8418564399663
TR-036797,2025-08-21,1837.01,1996.5009457726567
TR-036798,2025-08-21,748.1,810.9344000386964
TR-036799,2025-08-21,1619.03,1756.1622570085024
TR-036800,2025-08-21,2244.95,2271.2322337536757
TR-036801,2025-08-21,2897.26,3046.233143015061
TR-036802,2025-08-21,1933.26,1949.5379071237617
TR-036803,2025-08-21,6445.9,5830.938594072936
TR-036804,2025-08-21,3509.63,3490.8682661556822
TR-036805,2025-08-21,881.82,953.9443075475633
TR-036806,2025-08-21,1117.21,1176.9841361314627
TR-036807,2025-08-21,884.12,851.811915598842
TR-036808,2025-08-21,1004.87,1064.868783808899
TR-036809,2025-08-21,1786.82,1890.5817471725848
TR-036810,2025-08-21,1253.59,1249.3970336172642
TR-036811,2025-08-21,4403.73,4347.771061548341
TR-036812,2025-08-21,767.18,791.3275057585345
TR-036813,2025-08-21,3856.7,4105.336816024701
TR-036814,2025-08-21,1758.47,1852.5519937999848
TR-036815,2025-08-21,2669.68,2923.0396391886543
TR-036816,2025-08-21,1292.01,1265.6919529119436
TR-036817,2025-08-21,3610.69,3673.7634724938084
TR-036818,2025-08-21,1019.65,1130.2122509739052
TR-036819,2025-08-21,333.85,458.0965776988148
TR-036820,2025-08-21,2059.99,2239.1379900040183
TR-036821,2025-08-21,1276.36,1318.516557171124
TR-036822,2025-08-21,4884.31,4539.7593343192475
TR-036823,2025-08-21,2222.35,2168.623663105138
TR-036824,2025-08-21,1108.91,1140.2568981137076
TR-036825,2025-08-21,3056.51,3100.0004718601595
TR-036826,2025-08-21,2399.16,2362.0935073313076
TR-036827,2025-08-21,3246.87,3556.691740826403
TR-036828,2025-08-21,918.93,993.3033999199404
TR-036829,2025-08-21,3712.27,3667.099082883467
TR-036830,2025-08-21,1929.4,1960.303663479604
TR-036831,2025-08-21,1986.98,1957.4650866634008
TR-036832,2025-08-21,2160.97,2398.670260144094
TR-036833,2025-08-21,2817.46,2992.4145264056046
TR-036834,2025-08-21,3299.81,3399.51666705735
TR-036835,2025-08-21,6089.99,5964.649479079034
TR-036836,2025-08-21,2457.42,2308.10422538882
TR-036837,2025-08-21,1202.6,1254.6278364240861
TR-036838,2025-08-21,2550.17,2293.4545366570082
TR-036839,2025-08-21,1642.54,1645.2325802742118
TR-036840,2025-08-21,1239.55,1247.3208188026972
TR-036841,2025-08-21,2014.39,1920.7781273179178
TR-036842,2025-08-21,1775.15,2013.1017874507208
TR-036843,2025-08-21,842.84,930.0882870424921
TR-036844,2025-08-21,1736.32,1761.229272735061
TR-036845,2025-08-21,2515.93,2409.954403453296
TR-036846,2025-08-21,1714.47,1732.7118339170856
TR-036847,2025-08-21,1150.61,1191.4670027995035
TR-036848,2025-08-21,1076.29,1166.608261429185
TR-036849,2025-08-21,1611.52,1623.0312177350104
TR-036850,2025-08-21,515.58,662.6243993875883
TR-036851,2025-08-21,1628.64,1609.702437019443
TR-036852,2025-08-21,1712.3,1694.4366812328249
TR-036853,2025-08-21,4457.75,4549.945390500454
TR-036854,2025-08-21,1136.15,1165.6328570248297
TR-036855,2025-08-21,3759.61,3652.450979330592
TR-036856,2025-08-21,3034.0,3231.228649537816
TR-036857,2025-08-21,2928.26,2957.190314207889
TR-036858,2025-08-21,1902.46,2130.2821922531234
TR-036859,2025-08-21,2817.21,2737.60959712007
TR-036860,2025-08-21,1879.48,1917.8986897008415
TR-036861,2025-08-21,1845.85,1828.598471502994
TR-036862,2025-08-21,2318.82,2526.222703362792
TR-036863,2025-08-21,1856.59,1828.115329944894
TR-036864,2025-08-21,3400.02,3505.4719319896703
TR-036865,2025-08-21,1034.15,1121.6152391647863
TR-036866,2025-08-21,2274.67,2583.651770597135
TR-036867,2025-08-21,3866.5,3783.8364720226105
TR-036868,2025-08-21,550.87,630.8058053739576
TR-036869,2025-08-21,2077.94,2136.8203526826123
TR-036870,2025-08-21,1560.6,1546.9501934524585
TR-036871,2025-08-21,506.1,615.4311383028823
TR-036872,2025-08-21,4790.81,5030.750860993171
TR-036873,2025-08-21,1957.68,1893.2270744490534
TR-036874,2025-08-21,3303.46,3407.5596066582293
TR-036875,2025-08-21,2290.55,2130.6181154959327
TR-036876,2025-08-21,1119.74,1156.2763878042317
TR-036877,2025-08-21,1889.92,1955.5000578457107
TR-036878,2025-08-21,1867.94,1787.992814555329
TR-036879,2025-08-21,1640.97,1586.107489300352
TR-036880,2025-08-21,1284.06,1362.2598689042063
TR-036881,2025-08-21,1440.59,1452.8168587406676
TR-036882,2025-08-21,5418.53,5363.436747264337
TR-036883,2025-08-21,2669.51,2722.2858814753763
TR-036884,2025-08-21,2243.76,2244.3759776164
TR-036885,2025-08-21,3686.52,3724.362260681638
TR-036886,2025-08-21,3291.83,3691.924905875811
TR-036887,2025-08-21,2216.2,2372.1680959389782
TR-036888,2025-08-21,316.32,516.211659424343
TR-036889,2025-08-21,4229.19,4118.526962525389
TR-036890,2025-08-21,916.1,981.1539672072095
TR-036891,2025-08-21,4069.8,4042.0133145502205
TR-036892,2025-08-21,3132.63,3085.925533416147
TR-036893,2025-08-21,1151.52,1099.7905629505842
TR-036894,2025-08-21,3740.47,3821.3280712701076
TR-036895,2025-08-21,1761.83,1699.7242016746654
TR-036896,2025-08-21,227.45,536.8514664924569
TR-036897,2025-08-21,3116.42,3247.579600753643
TR-036898,2025-08-21,3538.11,3590.143315727487
TR-036899,2025-08-21,1396.51,1398.599791918401
TR-036900,2025-08-21,1891.09,1855.2899649433057
TR-036901,2025-08-21,679.82,777.2315578510272
TR-036902,2025-08-21,1090.2,1084.7524701668517
TR-036903,2025-08-21,3525.78,3587.4167689286887
TR-036904,2025-08-21,3345.13,3439.2132026585964
TR-036905,2025-08-21,3381.17,3562.4173014791904
TR-036906,2025-08-21,5342.18,5197.966258902707
TR-036907,2025-08-21,4353.98,4350.226115041089
TR-036908,2025-08-21,578.24,695.017098731613
TR-036909,2025-08-21,1648.21,1702.8743278248385
TR-036910,2025-08-21,526.23,588.6342693067886
TR-036911,2025-08-21,2766.38,2817.5658771164885
TR-036912,2025-08-21,2474.42,2189.1386668132545
TR-036913,2025-08-21,3814.88,3882.713380552677
TR-036914,2025-08-21,1161.68,1207.1916954891744
TR-036915,2025-08-21,2231.31,2346.7078378429746
TR-036916,2025-08-21,2401.98,2413.662801306185
TR-036917,2025-08-21,2888.44,2950.419961604327
TR-036918,2025-08-21,1856.3,1796.5216946544867
TR-036919,2025-08-21,2593.53,2926.9639628737277
TR-036920,2025-08-21,2925.55,3349.7519259716873
TR-036921,2025-08-21,1272.48,1275.0297086694154
TR-036922,2025-08-21,648.07,729.6580055319221
TR-036923,2025-08-21,5258.82,5333.66837112274
TR-036924,2025-08-21,249.52,809.2268570661504
TR-036925,2025-08-21,2773.08,2800.0684377678826
TR-036926,2025-08-21,2780.93,3040.4561504378285
TR-036927,2025-08-21,4470.46,4469.925330556511
TR-036928,2025-08-21,2415.52,2805.583764521246
TR-036929,2025-08-21,2272.12,2256.5895064599176
TR-036930,2025-08-21,14362.88,3550.1840909267034
TR-036931,2025-08-21,2555.97,2474.2487400756313
TR-036932,2025-08-21,5076.78,5207.291693144178
TR-036933,2025-08-21,3778.41,3651.6467178304492
TR-036934,2025-08-21,3556.83,3539.2205648673944
TR-036935,2025-08-21,935.62,1025.773941106783
TR-036936,2025-08-21,1011.03,1066.2224197579392
TR-036937,2025-08-21,1645.78,1675.5577817097808
TR-036938,2025-08-21,4947.36,4959.039410245428
TR-036939,2025-08-21,1275.31,1285.0994291703537
TR-036940,2025-08-21,4222.13,4333.245198725046
TR-036941,2025-08-21,3501.53,3679.40393366924
TR-036942,2025-08-21,2180.5,2301.919058945796
TR-036943,2025-08-22,1029.15,1021.5472761407362
TR-036944,2025-08-22,1334.05,1342.3387197877744
TR-036945,2025-08-22,1525.93,1532.675968277843
TR-036946,2025-08-22,348.27,583.8928704130758
TR-036947,2025-08-22,954.67,1027.352841468316
TR-036948,2025-08-22,1958.51,2193.6197184689404
TR-036949,2025-08-22,5154.03,4855.210318810707
TR-036950,2025-08-22,842.65,849.072629847394
TR-036951,2025-08-22,3665.34,3640.2791542288837
TR-036952,2025-08-22,1946.35,1972.4057019962588
TR-036953,2025-08-22,664.28,1850.5572841799867
TR-036954,2025-08-22,4097.41,4221.8152009856285
TR-036955,2025-08-22,1537.52,1538.514896112497
TR-036956,2025-08-22,3218.08,3305.465775302072
TR-036957,2025-08-22,2701.36,2731.8380926132622
TR-036958,2025-08-22,573.81,605.2349993727723
TR-036959,2025-08-22,1697.95,1776.4232907629769
TR-036960,2025-08-22,695.52,757.7537998975718
TR-036961,2025-08-22,1109.67,3538.582470069622
TR-036962,2025-08-22,4321.15,4216.88032065808
TR-036963,2025-08-22,5249.85,5276.407789490644
TR-036964,2025-08-22,1866.21,1887.9472917044025
TR-036965,2025-08-22,2688.22,2601.745737529119
TR-036966,2025-08-22,1306.2,1286.4771466833986
TR-036967,2025-08-22,2127.18,2140.399457397771
TR-036968,2025-08-22,1962.15,1922.3830421940304
TR-036969,2025-08-22,1022.31,1036.7213732412156
TR-036970,2025-08-22,3930.77,4024.4028940691896
TR-036971,2025-08-22,2197.33,2310.457300858409
TR-036972,2025-08-22,239.63,532.5731982508339
TR-036973,2025-08-22,946.18,918.0301983236486
TR-036974,2025-08-22,2460.35,2547.6684030906454
TR-036975,2025-08-22,5255.27,5087.647498895654
TR-036976,2025-08-22,4195.1,4134.877902694987
TR-036977,2025-08-22,1262.86,1273.3734788656209
TR-036978,2025-08-22,1053.46,1114.7705418092637
TR-036979,2025-08-22,1241.93,1314.3222903376309
TR-036980,2025-08-22,4522.51,4504.535444956971
TR-036981,2025-08-22,3349.09,3469.1604372516167
TR-036982,2025-08-22,526.72,636.5780660276555
TR-036983,2025-08-22,4815.5,4988.627140960979
TR-036984,2025-08-22,3303.55,3409.999035138509
TR-036985,2025-08-22,3635.08,3285.8140362408603
TR-036986,2025-08-22,1863.97,1757.4631327707366
TR-036987,2025-08-22,1871.41,1805.547105736127
TR-036988,2025-08-22,1547.77,1524.7492201637647
TR-036989,2025-08-22,666.16,676.2548562493575
TR-036990,2025-08-22,2285.14,2270.4232955149573
TR-036991,2025-08-22,1405.65,1451.8983968840896
TR-036992,2025-08-22,754.23,828.2049289720153
TR-036993,2025-08-22,3060.21,3114.5989123764866
TR-036994,2025-08-22,1216.75,1219.6947742148905
TR-036995,2025-08-22,2960.5,3086.3132176013323
TR-036996,2025-08-22,1947.58,2071.8202400833316
TR-036997,2025-08-22,1676.59,1645.9102122618958
TR-036998,2025-08-22,1857.57,1839.7402844749329
TR-036999,2025-08-22,2961.48,2987.5439865202297
TR-037000,2025-08-22,2064.48,2013.9891981180938
TR-037001,2025-08-22,2454.6,2442.284392767152
TR-037002,2025-08-22,2147.36,2206.6660853874814
TR-037003,2025-08-22,1343.79,1377.6480040944812
TR-037004,2025-08-22,1784.4,1703.3357339828674
TR-037005,2025-08-22,1785.93,1900.6970618999665
TR-037006,2025-08-22,1400.87,1421.0539697632048
TR-037007,2025-08-22,5043.72,4829.745443055953
TR-037008,2025-08-22,4386.83,4215.309346001088
TR-037009,2025-08-22,1935.05,1887.9556707213299
TR-037010,2025-08-22,1328.92,1354.563463715237
TR-037011,2025-08-22,1021.56,1056.980350268327
TR-037012,2025-08-22,3409.39,3337.3870324692043
TR-037013,2025-08-22,2999.84,3047.1322713628642
TR-037014,2025-08-22,1611.21,1619.863493676257
TR-037015,2025-08-22,855.73,951.7142169447054
TR-037016,2025-08-22,2162.53,2177.0486232755643
TR-037017,2025-08-22,3853.5,3778.941614481024
TR-037018,2025-08-22,709.62,806.5990652865391
TR-037019,2025-08-22,1572.54,1566.7096664955545
TR-037020,2025-08-22,2631.26,2505.5386718429922
TR-037021,2025-08-22,4036.45,3965.2000032275914
TR-037022,2025-08-22,3321.75,3592.9832914752515
TR-037023,2025-08-22,679.98,724.9682985902966
TR-037024,2025-08-22,1002.94,1007.2941968077231
TR-037025,2025-08-22,3095.69,3035.774500029358
TR-037026,2025-08-22,2806.91,2829.410200429628
TR-037027,2025-08-22,5454.33,5384.518687764731
TR-037028,2025-08-22,4504.06,4283.489873638826
TR-037029,2025-08-22,1004.1,996.3628594308457
TR-037030,2025-08-22,1573.25,1562.004823160064
TR-037031,2025-08-22,3219.57,3299.962102230443
TR-037032,2025-08-22,2652.04,2445.1889694103083
TR-037033,2025-08-22,1680.37,1660.7407820553908
TR-037034,2025-08-22,3740.15,3934.66745282529
TR-037035,2025-08-22,5376.34,5391.40563260453
TR-037036,2025-08-22,1506.92,1525.44853277247
TR-037037,2025-08-22,4308.01,4288.49828949768
TR-037038,2025-08-22,1879.92,1879.9970518530076
TR-037039,2025-08-22,1318.97,1326.710079936011
TR-037040,2025-08-22,707.9,737.078500255081
TR-037041,2025-08-22,2404.88,2390.818517908636
TR-037042,2025-08-22,1524.89,1622.4285967903897
TR-037043,2025-08-22,2476.08,2475.892244023407
TR-037044,2025-08-22,1382.58,1314.2826958885187
TR-037045,2025-08-22,1765.69,1966.2011200734723
TR-037046,2025-08-22,1305.11,1300.452867358337
TR-037047,2025-08-22,4092.43,3931.7301865006184
TR-037048,2025-08-22,607.66,741.4063658522139
TR-037049,2025-08-22,1649.33,1564.750119684858
TR-037050,2025-08-22,5347.7,5337.725167592351
TR-037051,2025-08-22,1765.59,1706.1301480243328
TR-037052,2025-08-22,2048.33,1995.458513952676
TR-037053,2025-08-22,2025.53,2060.9329575175134
TR-037054,2025-08-22,4752.73,4744.743214070871
TR-037055,2025-08-22,1782.3,1722.3792178337455
TR-037056,2025-08-22,2333.46,2417.509664379589
TR-037057,2025-08-22,862.5,897.932345478855
TR-037058,2025-08-22,6036.06,5862.056315373709
TR-037059,2025-08-22,1218.12,1293.2967527826866
TR-037060,2025-08-22,445.02,552.0958183970499
TR-037061,2025-08-22,947.41,987.9178720590955
TR-037062,2025-08-22,460.11,609.6527584329376
TR-037063,2025-08-22,5754.79,5544.472608970567
TR-037064,2025-08-22,2154.21,2239.273820753832
TR-037065,2025-08-22,2438.81,2548.3616507516426
TR-037066,2025-08-22,3197.26,3423.0608170981513
TR-037067,2025-08-22,5150.15,5124.662419235202
TR-037068,2025-08-22,2655.51,2292.8808940809768
TR-037069,2025-08-22,958.7,966.5892290311476
TR-037070,2025-08-22,3207.35,3285.7258820541365
TR-037071,2025-08-22,1741.96,1690.5394065337018
TR-037072,2025-08-22,2491.35,2750.4526165497455
TR-037073,2025-08-22,1015.7,1087.7339726808527
TR-037074,2025-08-22,3837.73,4017.7040105891806
TR-037075,2025-08-22,440.22,587.2518502346013
TR-037076,2025-08-23,4926.52,4888.469181624891
TR-037077,2025-08-23,2243.56,2079.6745138869915
TR-037078,2025-08-23,1403.99,1562.4973352219763
TR-037079,2025-08-23,758.3,875.2720490034212
TR-037080,2025-08-23,5422.12,5047.624302833132
TR-037081,2025-08-23,3864.3,4052.7944688476355
TR-037082,2025-08-23,2355.88,2339.99821101431
TR-037083,2025-08-23,4208.52,4496.294357121563
TR-037084,2025-08-23,876.19,926.46407114005
TR-037085,2025-08-23,680.26,728.2518368020981
TR-037086,2025-08-23,1540.43,1569.4791663173032
TR-037087,2025-08-23,2336.74,2534.3175312251406
TR-037088,2025-08-23,3525.59,3814.7891802629256
TR-037089,2025-08-23,3444.13,3682.1283609617863
TR-037090,2025-08-23,1364.33,1405.9362500264592
TR-037091,2025-08-23,3290.93,3364.9982086721443
TR-037092,2025-08-23,2906.55,3106.6291992422375
TR-037093,2025-08-23,1712.77,1632.041022288777
TR-037094,2025-08-23,1885.57,1932.854152354878
TR-037095,2025-08-23,2926.84,2778.646036152108
TR-037096,2025-08-23,1670.48,1645.0060008944724
TR-037097,2025-08-23,4443.39,4332.78154961508
TR-037098,2025-08-23,2889.83,3159.8100213379403
TR-037099,2025-08-23,2091.31,2229.4361067677414
TR-037100,2025-08-23,4058.8,3751.1833237365627
TR-037101,2025-08-23,3483.18,3615.559640763111
TR-037102,2025-08-23,2376.56,2334.4608718620048
TR-037103,2025-08-23,1290.75,1310.6931599956793
TR-037104,2025-08-23,2556.88,2652.159698965556
TR-037105,2025-08-23,1196.96,1213.1901121198362
TR-037106,2025-08-23,692.62,699.3077779975297
TR-037107,2025-08-23,2441.75,2087.6986111267224
TR-037108,2025-08-23,2519.17,2861.273741861721
TR-037109,2025-08-23,934.38,1017.1778412904328
TR-037110,2025-08-23,3935.77,4002.1714441958484
TR-037111,2025-08-23,3257.83,3007.4065575040886
TR-037112,2025-08-23,3184.54,3172.811256903159
TR-037113,2025-08-23,4835.13,4745.846066669685
TR-037114,2025-08-23,1780.64,1700.7323135426873
TR-037115,2025-08-23,1139.21,1152.8506447855243
TR-037116,2025-08-23,4088.62,4307.720203213985
TR-037117,2025-08-23,1381.48,1414.1834968913308
TR-037118,2025-08-23,1249.48,1300.4887059618077
TR-037119,2025-08-23,4499.44,4347.23799045597
TR-037120,2025-08-23,1892.08,1862.3235450928614
TR-037121,2025-08-23,3369.7,3361.217818572718
TR-037122,2025-08-23,723.37,851.6137190931956
TR-037123,2025-08-23,3188.75,3301.1362383087817
TR-037124,2025-08-23,1866.9,1914.9549573392806
TR-037125,2025-08-23,725.06,770.5970834103875
TR-037126,2025-08-23,1077.88,1067.6285689651545
TR-037127,2025-08-23,5864.87,5385.03793852751
TR-037128,2025-08-23,1366.32,1395.278954866552
TR-037129,2025-08-23,1851.36,1989.4000129744409
TR-037130,2025-08-23,2880.2,2886.6254064402256
TR-037131,2025-08-23,3638.89,3881.7834506387235
TR-037132,2025-08-23,2111.16,2325.5470733928587
TR-037133,2025-08-23,1641.34,1667.3352113014043
TR-037134,2025-08-23,1625.2,1593.6965168859847
TR-037135,2025-08-23,3460.44,3558.6661591363054
TR-037136,2025-08-23,736.46,798.8122000256424
TR-037137,2025-08-23,3151.74,2814.722251530835
TR-037138,2025-08-23,1956.23,1936.446388332403
TR-037139,2025-08-23,810.86,907.3188522634164
TR-037140,2025-08-23,1318.15,1307.706638450027
TR-037141,2025-08-23,5267.91,5058.1011604578525
TR-037142,2025-08-23,3878.02,3984.504316764525
TR-037143,2025-08-23,1310.97,1285.8169381093176
TR-037144,2025-08-23,2049.1,2538.3143986865634
TR-037145,2025-08-23,1656.94,1563.31355190977
TR-037146,2025-08-23,1101.21,1104.7258314354913
TR-037147,2025-08-23,5110.7,5160.298331913238
TR-037148,2025-08-23,1363.09,1320.0716036542149
TR-037149,2025-08-23,4900.82,4889.215922457221
TR-037150,2025-08-23,5360.53,5476.888923713363
TR-037151,2025-08-23,723.28,843.852148104635
TR-037152,2025-08-23,1486.62,1492.6788235727217
TR-037153,2025-08-23,953.04,954.6222120500615
TR-037154,2025-08-23,1516.82,1531.3596766233522
TR-037155,2025-08-23,3723.95,3720.8910908833623
TR-037156,2025-08-23,5328.33,5377.684227067732
TR-037157,2025-08-23,1210.95,1303.4579646294274
TR-037158,2025-08-23,3061.05,3102.6320775695426
TR-037159,2025-08-23,1473.63,1515.2709921213022
TR-037160,2025-08-23,901.03,877.735203103382
TR-037161,2025-08-23,2549.6,2272.4646066311466
TR-037162,2025-08-23,4575.83,4524.681061207331
TR-037163,2025-08-23,4779.29,4757.35813713495
TR-037164,2025-08-23,1496.84,1614.8804683101075
TR-037165,2025-08-23,2721.41,2900.0889527515546
TR-037166,2025-08-23,4364.43,4390.198174903135
TR-037167,2025-08-23,1215.08,1242.772195285585
TR-037168,2025-08-23,1303.3,1277.6536978936115
TR-037169,2025-08-23,2517.13,2508.8941211464826
TR-037170,2025-08-23,1874.15,1904.9439921084645
TR-037171,2025-08-23,1199.57,1168.29800403674
TR-037172,2025-08-23,1789.85,1854.4096762225852
TR-037173,2025-08-23,1416.31,1433.0235731670955
TR-037174,2025-08-23,11981.0,2761.8590114046847
TR-037175,2025-08-23,5002.47,4952.144670476064
TR-037176,2025-08-23,5160.6,5326.649623468303
TR-037177,2025-08-23,885.63,931.5278129388137
TR-037178,2025-08-23,1324.98,1340.4539976125807
TR-037179,2025-08-23,4140.5,4214.352531199323
TR-037180,2025-08-23,2260.55,2135.8078048975513
TR-037181,2025-08-23,4415.77,4392.9364085977595
TR-037182,2025-08-23,1231.15,1257.5167465744153
TR-037183,2025-08-23,1697.97,1679.2901183120139
TR-037184,2025-08-23,218.9,582.9373860823212
TR-037185,2025-08-23,1743.3,1741.8481752900445
TR-037186,2025-08-23,4165.97,4400.819956738504
TR-037187,2025-08-23,2685.36,2756.1567148185504
TR-037188,2025-08-23,3482.37,3670.6422389572344
TR-037189,2025-08-23,1633.05,1596.2823740967578
TR-037190,2025-08-23,2125.42,2248.6882591546714
TR-037191,2025-08-23,4179.22,4350.014520172151
TR-037192,2025-08-23,1566.73,1556.189928039836
TR-037193,2025-08-23,975.11,988.0656068575629
TR-037194,2025-08-23,2326.77,2147.9472723734243
TR-037195,2025-08-23,4032.25,4097.1269740615735
TR-037196,2025-08-23,1121.81,1187.8483395816015
TR-037197,2025-08-23,2181.88,2187.8293614830964
TR-037198,2025-08-23,2853.66,2894.679730164861
TR-037199,2025-08-23,2683.95,2782.364820470403
TR-037200,2025-08-23,3852.12,3759.631953736425
TR-037201,2025-08-23,494.37,1652.879006404303
TR-037202,2025-08-23,2113.74,2369.886031626179
TR-037203,2025-08-23,1101.03,1135.5405491961424
TR-037204,2025-08-23,2792.02,3204.0906221882105
TR-037205,2025-08-23,3303.78,3470.0625135914406
TR-037206,2025-08-23,1006.46,1025.5287677926844
TR-037207,2025-08-23,1403.05,1390.2021334167835
TR-037208,2025-08-23,3642.59,3713.0661200058566
TR-037209,2025-08-23,3282.53,3610.0623321608673
TR-037210,2025-08-23,1815.02,1812.105128588711
TR-037211,2025-08-23,2267.3,2515.620556210416
TR-037212,2025-08-23,889.93,913.4502442906012
TR-037213,2025-08-23,542.39,664.3847269890157
TR-037214,2025-08-23,1702.34,1643.5930068461676
TR-037215,2025-08-23,3111.47,3145.893852408516
TR-037216,2025-08-23,1704.0,1708.043347268328
TR-037217,2025-08-23,1724.25,1803.539909581693
TR-037218,2025-08-23,1671.16,1633.4748251478045
TR-037219,2025-08-23,713.05,823.4495880610598
TR-037220,2025-08-23,3469.59,3501.692992854423
TR-037221,2025-08-23,2537.24,2109.9743460380805
TR-037222,2025-08-23,3286.22,3540.240634292946
TR-037223,2025-08-23,2369.52,2415.8682572346565
TR-037224,2025-08-23,3002.99,3232.7004188392966
TR-037225,2025-08-23,2073.2,1987.9260066728443
TR-037226,2025-08-23,2112.13,2349.414062163366
TR-037227,2025-08-23,1125.28,1146.0414618655718
TR-037228,2025-08-23,1468.95,1506.5054189133925
TR-037229,2025-08-23,995.3,1022.9406551577006
TR-037230,2025-08-23,838.07,922.5360163542036
TR-037231,2025-08-23,567.49,643.0651062113395
TR-037232,2025-08-23,1992.45,1829.791140997906
TR-037233,2025-08-23,918.74,953.0153543689398
TR-037234,2025-08-23,2662.69,743.8025148784557
TR-037235,2025-08-24,1919.73,2135.1691701074874
TR-037236,2025-08-24,1929.14,2091.3500993516273
TR-037237,2025-08-24,1721.44,1687.4526155820652
TR-037238,2025-08-24,3997.77,4065.564365765653
TR-037239,2025-08-24,1538.17,1485.6828589659285
TR-037240,2025-08-24,935.47,937.713926158088
TR-037241,2025-08-24,3683.01,4033.366816685641
TR-037242,2025-08-24,4757.86,5126.9157846573935
TR-037243,2025-08-24,2077.63,2210.653257292809
TR-037244,2025-08-24,622.91,715.2257491618598
TR-037245,2025-08-24,3315.62,3231.5524663262245
TR-037246,2025-08-24,5060.31,4963.450120981108
TR-037247,2025-08-24,2428.63,2216.325757572522
TR-037248,2025-08-24,1041.67,1046.9215036493206
TR-037249,2025-08-24,1498.19,1515.6770036328512
TR-037250,2025-08-24,4630.16,4537.426270971604
TR-037251,2025-08-24,1109.63,1154.2677078145518
TR-037252,2025-08-24,459.39,628.540745935275
TR-037253,2025-08-24,2897.07,2922.454867701495
TR-037254,2025-08-24,2296.82,2161.560091762243
TR-037255,2025-08-24,3009.15,3006.847275710836
TR-037256,2025-08-24,3421.87,3635.9378836669503
TR-037257,2025-08-24,2409.45,2492.173711469016
TR-037258,2025-08-24,4695.99,4804.213267157078
TR-037259,2025-08-24,947.31,1021.5064791381405
TR-037260,2025-08-24,1006.34,1096.9751927864143
TR-037261,2025-08-24,4110.03,4167.909285148025
TR-037262,2025-08-24,922.96,989.0904295749126
TR-037263,2025-08-24,726.92,754.701119621521
TR-037264,2025-08-24,2773.9,2969.1822979543585
TR-037265,2025-08-24,1541.65,1511.897918634312
TR-037266,2025-08-24,2215.4,1998.7954009492234
TR-037267,2025-08-24,4531.67,4471.155096400787
TR-037268,2025-08-24,3618.48,3925.914288011915
TR-037269,2025-08-24,3500.98,3577.883443624597
TR-037270,2025-08-24,1170.1,1179.5840432474606
TR-037271,2025-08-24,2317.13,2518.974990359806
TR-037272,2025-08-24,1101.68,1148.7918403427643
TR-037273,2025-08-24,873.25,960.4936283647949
TR-037274,2025-08-24,321.32,628.8364376000366
TR-037275,2025-08-24,1629.18,1611.1993597865253
TR-037276,2025-08-24,5138.3,5189.333676120034
TR-037277,2025-08-24,3513.12,3625.2144765260555
TR-037278,2025-08-24,1986.79,1948.8127558347712
TR-037279,2025-08-24,740.97,863.3714399385876
TR-037280,2025-08-24,1706.19,1724.7184364837758
TR-037281,2025-08-24,2191.06,2248.101269192816
TR-037282,2025-08-24,3617.33,3706.2255040672667
TR-037283,2025-08-24,1198.94,1254.4226147697284
TR-037284,2025-08-24,2581.04,2700.9685802839263
TR-037285,2025-08-24,1306.66,1316.6406362569187
TR-037286,2025-08-24,2053.79,1885.1166433275498
TR-037287,2025-08-24,3788.44,3784.059008687606
TR-037288,2025-08-24,4348.94,4302.043416174276
TR-037289,2025-08-24,1763.23,1723.5378260966133
TR-037290,2025-08-24,1802.36,1872.9359691972443
TR-037291,2025-08-24,1871.34,1897.4632990617315
TR-037292,2025-08-24,3761.88,3827.5787317572804
TR-037293,2025-08-24,306.45,477.83958558262316
TR-037294,2025-08-24,2457.2,2926.868184473778
TR-037295,2025-08-24,1299.89,1344.925711531213
TR-037296,2025-08-24,2062.13,2007.619016675077
TR-037297,2025-08-24,1692.16,1807.3429562965869
TR-037298,2025-08-24,2069.21,1992.2897961551744
TR-037299,2025-08-24,583.78,657.3598116537976
TR-037300,2025-08-24,1835.49,1912.40359873108
TR-037301,2025-08-24,3514.88,3697.0610034776987
TR-037302,2025-08-24,2025.32,1958.972781437946
TR-037303,2025-08-24,1106.82,1168.3705268160138
TR-037304,2025-08-24,3327.79,3500.3888094612466
TR-037305,2025-08-24,1686.27,1763.6972883888197
TR-037306,2025-08-24,3685.39,3848.4477433581396
TR-037307,2025-08-24,1582.29,1624.3994589406375
TR-037308,2025-08-24,2418.25,2550.887542379925
TR-037309,2025-08-24,2154.85,2329.633847189385
TR-037310,2025-08-24,1208.83,1205.5828271702796
TR-037311,2025-08-24,2852.17,2992.1597060763897
TR-037312,2025-08-24,2262.34,2378.531779995595
TR-037313,2025-08-24,2692.43,2793.7155212378
TR-037314,2025-08-24,509.3,1504.6265557840493
TR-037315,2025-08-24,869.6,873.3540162955071
TR-037316,2025-08-24,1829.88,1843.2349770657352
TR-037317,2025-08-24,2135.95,2216.1397536496875
TR-037318,2025-08-24,2201.68,2197.9566043429836
TR-037319,2025-08-24,525.2,567.1063762807921
TR-037320,2025-08-24,1756.81,1864.3795775245226
TR-037321,2025-08-24,2611.16,2637.9583981088153
TR-037322,2025-08-24,4381.12,4466.098177680562
TR-037323,2025-08-24,2271.6,2652.088171718682
TR-037324,2025-08-24,1734.72,1721.5477960228673
TR-037325,2025-08-24,2355.02,2434.700113634316
TR-037326,2025-08-24,666.39,777.0768271622769
TR-037327,2025-08-24,4233.89,4223.636562571304
TR-037328,2025-08-24,3684.57,3872.0455912222196
TR-037329,2025-08-24,1481.86,1456.876274252617
TR-037330,2025-08-24,3854.48,4049.778190761397
TR-037331,2025-08-24,5577.31,5269.338765314695
TR-037332,2025-08-24,1279.34,1313.3601485770914
TR-037333,2025-08-24,2425.34,2254.167300029234
TR-037334,2025-08-24,1493.17,1548.8172243960826
TR-037335,2025-08-24,2670.46,2691.8278977301434
TR-037336,2025-08-24,2192.56,2543.347611605205
TR-037337,2025-08-24,1167.75,1231.7854191947263
TR-037338,2025-08-24,1401.41,1430.8402014288258
TR-037339,2025-08-24,2028.25,2329.676700367554
TR-037340,2025-08-24,2173.53,2573.1812730024467
TR-037341,2025-08-24,1338.42,1331.8385857975795
TR-037342,2025-08-24,2593.02,2560.288984704412
TR-037343,2025-08-24,4711.71,4903.565372927365
TR-037344,2025-08-24,1778.92,1740.6073696167616
TR-037345,2025-08-24,2697.42,2816.41391348748
TR-037346,2025-08-24,2236.9,2427.189924531208
TR-037347,2025-08-24,787.78,876.3295332227017
TR-037348,2025-08-24,3938.05,4103.377688914141
TR-037349,2025-08-24,1590.46,1678.1065729957843
TR-037350,2025-08-24,1569.15,1576.675309019492
TR-037351,2025-08-24,1665.73,1744.0303925710086
TR-037352,2025-08-24,1008.38,1063.1285639135124
TR-037353,2025-08-24,3269.5,3275.4207795212988
TR-037354,2025-08-24,3273.33,3299.1203316801702
TR-037355,2025-08-24,872.46,906.9355871393782
TR-037356,2025-08-24,1590.15,1575.557349888146
TR-037357,2025-08-24,3267.86,3326.4994586159405
TR-037358,2025-08-24,2927.7,2970.7992215675285
TR-037359,2025-08-24,3117.03,3182.306639768779
TR-037360,2025-08-24,880.37,939.621455211756
TR-037361,2025-08-24,1858.87,1867.3746560319964
TR-037362,2025-08-24,2437.64,971.9165708798932
TR-037363,2025-08-24,432.79,610.3366309871544
TR-037364,2025-08-24,3581.09,3713.1442901689343
TR-037365,2025-08-24,807.14,791.0392278886013
TR-037366,2025-08-24,1300.28,1285.6706192060424
TR-037367,2025-08-24,2405.38,2607.1695589777173
TR-037368,2025-08-24,1718.36,1854.5296933419327
TR-037369,2025-08-24,1881.99,1774.2638745541008
TR-037370,2025-08-24,880.86,960.8655841994535
TR-037371,2025-08-24,442.88,568.3287350298006
TR-037372,2025-08-24,2276.79,2337.5194349153467
TR-037373,2025-08-24,2054.57,2173.9923973961386
TR-037374,2025-08-24,2247.08,2135.2404850688467
TR-037375,2025-08-24,2294.2,2465.612232856477
TR-037376,2025-08-24,1366.08,1319.2427744271731
TR-037377,2025-08-24,2593.96,2541.7970278385937
TR-037378,2025-08-24,738.04,854.8570730634697
TR-037379,2025-08-24,2567.17,2639.567621905931
TR-037380,2025-08-24,1093.46,1125.1407230980535
TR-037381,2025-08-24,3343.32,3496.4023301940624
TR-037382,2025-08-24,1895.76,1930.7333298248054
TR-037383,2025-08-24,3927.86,3987.982266365684
TR-037384,2025-08-24,1108.77,1133.4005007445708
TR-037385,2025-08-24,3090.61,3146.804948150404
TR-037386,2025-08-24,3118.45,3149.583615271218
TR-037387,2025-08-24,928.46,971.5203264215525
TR-037388,2025-08-24,2422.87,2592.2786179814048
TR-037389,2025-08-24,1022.55,1070.076869938444
TR-037390,2025-08-24,2481.43,2620.3630465795904
TR-037391,2025-08-24,1102.93,1180.4373894724836
TR-037392,2025-08-24,894.95,949.2392809355422
TR-037393,2025-08-24,1054.43,1092.7316770401967
TR-037394,2025-08-24,2567.52,2801.823090576907
TR-037395,2025-08-25,2796.73,2836.726206762204
TR-037396,2025-08-25,1661.97,1724.4442929013612
TR-037397,2025-08-25,308.52,554.7635976877013
TR-037398,2025-08-25,3398.73,3593.95418102188
TR-037399,2025-08-25,1453.09,1491.9346364834614
TR-037400,2025-08-25,4567.92,4614.631970126209
TR-037401,2025-08-25,1480.31,1491.0651277119264
TR-037402,2025-08-25,3089.86,3245.542825181272
TR-037403,2025-08-25,1207.44,1243.3934033282087
TR-037404,2025-08-25,1354.88,1321.3245784710818
TR-037405,2025-08-25,2525.06,2608.0482076753324
TR-037406,2025-08-25,5126.65,5429.366180900792
TR-037407,2025-08-25,2566.58,2688.671092187663
TR-037408,2025-08-25,928.81,916.2773208472734
TR-037409,2025-08-25,1745.66,2009.163056526116
TR-037410,2025-08-25,2645.67,2727.634850264604
TR-037411,2025-08-25,2631.63,2707.389502914484
TR-037412,2025-08-25,1576.43,1774.2979689942756
TR-037413,2025-08-25,1434.51,1455.5185609627094
TR-037414,2025-08-25,1575.57,1518.4274430137705
TR-037415,2025-08-25,4595.87,4786.832739298206
TR-037416,2025-08-25,4488.99,4514.592665536866
TR-037417,2025-08-25,2925.43,3376.3132569171503
TR-037418,2025-08-25,2103.7,1999.3107774519003
TR-037419,2025-08-25,631.25,737.5677604637797
TR-037420,2025-08-25,4753.96,4747.929590207719
TR-037421,2025-08-25,1310.54,1307.4105741263043
TR-037422,2025-08-25,2495.39,2479.3965955428052
TR-037423,2025-08-25,1761.46,1753.928897042076
TR-037424,2025-08-25,950.57,1021.0653461849987
TR-037425,2025-08-25,1820.93,1813.5635643931428
TR-037426,2025-08-25,6450.5,6001.393258288949
TR-037427,2025-08-25,633.84,3081.5763275533227
TR-037428,2025-08-25,1626.05,1593.6668269023269
TR-037429,2025-08-25,1537.62,1525.0367112881681
TR-037430,2025-08-25,2450.5,2510.7423093313955
TR-037431,2025-08-25,3075.6,3175.1442337191647
TR-037432,2025-08-25,2575.39,2287.584004713058
TR-037433,2025-08-25,3800.27,3624.4396189209897
TR-037434,2025-08-25,1415.27,1416.7547409365757
TR-037435,2025-08-25,3286.5,3435.706085296287
TR-037436,2025-08-25,1998.34,2028.229348896384
TR-037437,2025-08-25,1356.23,1344.1578622997288
TR-037438,2025-08-25,3895.33,4005.4468193601024
TR-037439,2025-08-25,3885.01,3910.9955029676366
TR-037440,2025-08-25,2790.28,2739.8536809155257
TR-037441,2025-08-25,3384.09,3390.6708234011185
TR-037442,2025-08-25,2734.43,2604.434790130672
TR-037443,2025-08-25,4507.79,4580.275241905259
TR-037444,2025-08-25,2277.19,2108.0488544584323
TR-037445,2025-08-25,1768.34,1885.7155367944642
TR-037446,2025-08-25,3578.75,3840.242116681885
TR-037447,2025-08-25,4142.32,4245.777063815212
TR-037448,2025-08-25,321.01,561.7596025896171
TR-037449,2025-08-25,999.69,1077.4767061523346
TR-037450,2025-08-25,5201.7,5300.789005626685
TR-037451,2025-08-25,1682.14,1744.1249630745137
TR-037452,2025-08-25,1058.57,1077.1323205852732
TR-037453,2025-08-25,1336.47,1331.8500657866136
TR-037454,2025-08-25,2925.47,2643.518749716011
TR-037455,2025-08-25,4029.68,4018.070204342822
TR-037456,2025-08-25,1321.95,1306.8529201489782
TR-037457,2025-08-25,1730.58,2054.927140190889
TR-037458,2025-08-25,1929.15,1936.2425014525095
TR-037459,2025-08-25,1017.42,1063.8933187437065
TR-037460,2025-08-25,2191.42,2196.374542076561
TR-037461,2025-08-25,6600.96,6008.758679686516
TR-037462,2025-08-25,3503.39,3705.8917291957496
TR-037463,2025-08-25,4342.27,4047.542934545958
TR-037464,2025-08-25,2589.5,2616.315969252676
TR-037465,2025-08-25,1433.9,1451.5112910916362
TR-037466,2025-08-25,1549.96,1541.056847276609
TR-037467,2025-08-25,856.35,929.4787304646065
TR-037468,2025-08-25,1147.09,1171.4179835533055
TR-037469,2025-08-25,2731.74,2370.249222513231
TR-037470,2025-08-25,1355.42,1353.8742988143651
TR-037471,2025-08-25,1389.14,1396.0420352628366
TR-037472,2025-08-25,4591.86,4711.571446025412
TR-037473,2025-08-25,4727.74,4891.320330949715
TR-037474,2025-08-25,2511.8,2515.049641843819
TR-037475,2025-08-25,1269.27,1313.66193805586
TR-037476,2025-08-25,3340.43,3440.746326103217
TR-037477,2025-08-25,3123.56,3387.011613084712
TR-037478,2025-08-25,1786.52,1981.7281047685124
TR-037479,2025-08-25,835.39,871.2077531073737
TR-037480,2025-08-25,2006.14,1957.2937142118728
TR-037481,2025-08-25,3013.5,3145.4407557117756
TR-037482,2025-08-25,2283.71,2527.014639095784
TR-037483,2025-08-25,412.37,507.6481204397669
TR-037484,2025-08-25,1342.31,1376.8898082975338
TR-037485,2025-08-25,3474.89,3432.9393838088345
TR-037486,2025-08-25,1781.67,1892.6255574980628
TR-037487,2025-08-25,2230.48,2131.929322246701
TR-037488,2025-08-25,3480.85,3496.995173821855
TR-037489,2025-08-25,3791.97,3913.9213013338745
TR-037490,2025-08-25,470.3,600.9469159761015
TR-037491,2025-08-25,1129.48,1191.9229334085528
TR-037492,2025-08-25,2416.23,2187.8602462966683
TR-037493,2025-08-25,3974.86,3920.4941619357273
TR-037494,2025-08-25,1554.96,1700.9613642942602
TR-037495,2025-08-25,1430.57,1432.2641126394842
TR-037496,2025-08-25,1371.93,1384.8174192233964
TR-037497,2025-08-25,4704.09,4739.887609962352
TR-037498,2025-08-25,5266.93,5210.709612667792
TR-037499,2025-08-25,2318.21,2417.283761271154
TR-037500,2025-08-25,4077.42,3830.7669053699015
TR-037501,2025-08-25,2393.51,2685.603324810191
TR-037502,2025-08-25,1793.6,1976.371719311512
TR-037503,2025-08-25,546.06,644.485437130807
TR-037504,2025-08-25,471.35,589.8885424859407
TR-037505,2025-08-25,1359.21,1375.7259323217131
TR-037506,2025-08-25,1359.02,1352.1342707770855
TR-037507,2025-08-25,5874.84,5811.3999597087495
TR-037508,2025-08-25,1458.43,1474.774143191558
TR-037509,2025-08-25,759.91,744.2220774982404
TR-037510,2025-08-25,3389.76,3502.8370781800795
TR-037511,2025-08-25,4140.17,4194.840669797347
TR-037512,2025-08-25,4029.27,4285.257775733966
TR-037513,2025-08-25,911.49,965.1309477425152
TR-037514,2025-08-25,1814.2,1849.8516121307402
TR-037515,2025-08-25,4270.17,3804.829180690589
TR-037516,2025-08-25,4172.44,4170.755151335405
TR-037517,2025-08-25,1081.96,1063.0155057188394
TR-037518,2025-08-25,2261.4,2262.636259284848
TR-037519,2025-08-25,580.73,731.1181778055839
TR-037520,2025-08-25,1235.0,1271.9197773262908
TR-037521,2025-08-25,4212.53,4252.247988700093
TR-037522,2025-08-25,3196.39,3569.192965575017
TR-037523,2025-08-25,1027.81,1077.5137544019433
TR-037524,2025-08-25,3958.96,4002.3327031436693
TR-037525,2025-08-25,1672.26,1665.695367142215
TR-037526,2025-08-25,1764.35,1736.4215256978234
TR-037527,2025-08-25,1311.35,1318.7888201650492
TR-037528,2025-08-25,2507.22,2601.1041856365455
TR-037529,2025-08-25,2396.54,2417.169608928942
TR-037530,2025-08-25,1243.11,1261.6176580794681
TR-037531,2025-08-25,4177.52,4271.093685617437
TR-037532,2025-08-25,891.98,880.2167589806756
TR-037533,2025-08-25,2102.24,2100.446363056458
TR-037534,2025-08-25,844.6,943.3516796414929
TR-037535,2025-08-25,826.36,879.7362725376436
TR-037536,2025-08-25,4259.34,4374.954917141908
TR-037537,2025-08-25,1223.24,1240.97970799402
TR-037538,2025-08-26,4207.6,4046.7972531468276
TR-037539,2025-08-26,1704.22,1793.3467834541177
TR-037540,2025-08-26,5543.98,5255.875306383772
TR-037541,2025-08-26,1745.83,1671.3931545989258
TR-037542,2025-08-26,2814.36,2797.855544604013
TR-037543,2025-08-26,3151.52,3274.164784249556
TR-037544,2025-08-26,1059.53,1008.2377282292161
TR-037545,2025-08-26,882.57,904.7719115442355
TR-037546,2025-08-26,2374.48,2618.2201685850287
TR-037547,2025-08-26,529.58,593.4268989422883
TR-037548,2025-08-26,776.71,810.9575349078139
TR-037549,2025-08-26,1848.34,1901.5201744407377
TR-037550,2025-08-26,2702.67,2998.750532235416
TR-037551,2025-08-26,3359.87,3518.893010095961
TR-037552,2025-08-26,1875.62,1924.249384556203
TR-037553,2025-08-26,2775.5,2851.85565349067
TR-037554,2025-08-26,439.78,492.5030326027497
TR-037555,2025-08-26,5253.18,5279.025292963117
TR-037556,2025-08-26,1239.38,1273.922627543152
TR-037557,2025-08-26,3621.56,3234.24120580432
TR-037558,2025-08-26,3116.28,3072.244275989437
TR-037559,2025-08-26,1298.15,1320.036186278249
TR-037560,2025-08-26,4133.81,4203.497366005688
TR-037561,2025-08-26,1935.9,1899.3414248220306
TR-037562,2025-08-26,2753.95,2744.573921374367
TR-037563,2025-08-26,2148.99,2072.8560697066173
TR-037564,2025-08-26,1342.1,1391.569047720528
TR-037565,2025-08-26,1400.2,1368.2785380086625
TR-037566,2025-08-26,2128.94,2267.2432732120915
TR-037567,2025-08-26,2419.5,2416.321335167259
TR-037568,2025-08-26,480.53,534.9613501983581
TR-037569,2025-08-26,3280.89,3344.9043857682254
TR-037570,2025-08-26,2143.84,2202.423203029114
TR-037571,2025-08-26,1999.35,1915.8792509129812
TR-037572,2025-08-26,1840.35,1930.1616891401632
TR-037573,2025-08-26,2533.0,2539.991203448968
TR-037574,2025-08-26,769.24,765.7475601643118
TR-037575,2025-08-26,2531.82,2419.0917181624836
TR-037576,2025-08-26,3549.2,3753.8846373995098
TR-037577,2025-08-26,1683.88,1698.2442200945866
TR-037578,2025-08-26,3080.9,3182.7091318156754
TR-037579,2025-08-26,3883.87,4182.474548506261
TR-037580,2025-08-26,5314.35,5256.648604739711
TR-037581,2025-08-26,1299.42,1295.2594747458518
TR-037582,2025-08-26,4128.11,4109.298225699255
TR-037583,2025-08-26,1780.4,1710.9702601877543
TR-037584,2025-08-26,2337.1,2348.510433065807
TR-037585,2025-08-26,625.66,747.0079045863183
TR-037586,2025-08-26,1485.25,1531.6984046562377
TR-037587,2025-08-26,464.06,577.3612815826855
TR-037588,2025-08-26,816.33,850.5557206789626
TR-037589,2025-08-26,2369.79,2657.224853440712
TR-037590,2025-08-26,4074.46,3757.2791696500963
TR-037591,2025-08-26,1678.89,1710.6230797336307
TR-037592,2025-08-26,1020.5,1037.9673043028872
TR-037593,2025-08-26,1469.47,1463.2615167794777
TR-037594,2025-08-26,1554.66,1562.5191634330345
TR-037595,2025-08-26,1827.24,1832.1328438252322
TR-037596,2025-08-26,531.79,648.4453142853388
TR-037597,2025-08-26,1141.64,1201.3612217136947
TR-037598,2025-08-26,3389.74,3418.8076673774185
TR-037599,2025-08-26,2337.5,2579.922479258124
TR-037600,2025-08-26,2413.43,2535.0666486412288
TR-037601,2025-08-26,2448.42,2712.6670496363845
TR-037602,2025-08-26,1240.34,1260.2408541732832
TR-037603,2025-08-26,4122.47,3722.8888801227004
TR-037604,2025-08-26,3751.93,3822.515051996519
TR-037605,2025-08-26,2197.75,2167.7633713632067
TR-037606,2025-08-26,2164.68,2172.2001365081933
TR-037607,2025-08-26,579.29,732.9817289514453
TR-037608,2025-08-26,3826.84,3845.293692394188
TR-037609,2025-08-26,3739.54,3613.187765499925
TR-037610,2025-08-26,2247.78,2045.3726555326734
TR-037611,2025-08-26,929.59,964.4083500544352
TR-037612,2025-08-26,626.83,699.5314993140521
TR-037613,2025-08-26,3084.71,3141.33861870873
TR-037614,2025-08-26,3474.44,3621.863720250194
TR-037615,2025-08-26,892.54,930.4522049191855
TR-037616,2025-08-26,895.86,959.8781542641341
TR-037617,2025-08-26,1149.77,1187.9302810463994
TR-037618,2025-08-26,1935.32,2083.5651789011395
TR-037619,2025-08-26,1120.27,1193.318631980748
TR-037620,2025-08-26,1728.72,1804.7788420991862
TR-037621,2025-08-26,3097.49,3338.8173238136465
TR-037622,2025-08-26,4244.53,4497.988460266251
TR-037623,2025-08-26,3724.92,3786.1665670637803
TR-037624,2025-08-26,2607.99,2649.4323223521037
TR-037625,2025-08-26,4145.22,4196.176857351878
TR-037626,2025-08-26,4884.69,4726.001805550415
TR-037627,2025-08-26,1894.18,1858.6992496709695
TR-037628,2025-08-26,3107.88,3083.1314881158282
TR-037629,2025-08-26,3343.16,3282.0192718638637
TR-037630,2025-08-26,4211.34,4232.412854733775
TR-037631,2025-08-26,234.78,493.62729263483084
TR-037632,2025-08-26,4501.93,4227.232631704079
TR-037633,2025-08-26,4409.52,4437.745350845186
TR-037634,2025-08-26,2734.23,2980.3325265059048
TR-037635,2025-08-26,1007.76,1053.953280498536
TR-037636,2025-08-26,2487.71,2199.089666702829
TR-037637,2025-08-26,1196.28,1215.9481571146516
TR-037638,2025-08-26,4570.74,4452.112358088364
TR-037639,2025-08-26,3756.09,3824.020036227254
TR-037640,2025-08-26,2804.03,2955.666418422764
TR-037641,2025-08-26,1768.74,1776.5338125562564
TR-037642,2025-08-26,4834.15,4901.8584072281765
TR-037643,2025-08-26,1909.79,1840.1830208475212
TR-037644,2025-08-26,1452.43,1464.9444229618216
TR-037645,2025-08-26,2856.98,2924.9501856865686
TR-037646,2025-08-26,3034.16,3055.259323474034
TR-037647,2025-08-26,1569.66,1544.765080074853
TR-037648,2025-08-26,4760.85,4470.867757383858
TR-037649,2025-08-26,4252.97,4437.053193371594
TR-037650,2025-08-26,5371.91,5279.918909183168
TR-037651,2025-08-26,2678.85,2539.6984788580576
TR-037652,2025-08-26,670.09,754.7789590166749
TR-037653,2025-08-26,837.58,876.400315308266
TR-037654,2025-08-26,2161.67,2160.386307614901
TR-037655,2025-08-26,1815.69,1962.9921977137285
TR-037656,2025-08-26,1471.38,1458.9066948860877
TR-037657,2025-08-26,1808.99,1975.0007756350763
TR-037658,2025-08-26,3018.61,3324.74887811775
TR-037659,2025-08-26,1378.05,1378.2007707974135
TR-037660,2025-08-26,3207.68,3423.460176243928
TR-037661,2025-08-26,879.66,944.9040751696216
TR-037662,2025-08-26,3446.98,3612.7196441429924
TR-037663,2025-08-26,2254.18,2055.303295275048
TR-037664,2025-08-26,1496.33,1535.5552537528747
TR-037665,2025-08-26,1220.66,1219.4114700627742
TR-037666,2025-08-26,1635.51,1783.9375346378044
TR-037667,2025-08-26,3126.4,3229.057992345288
TR-037668,2025-08-26,800.04,827.5793278525916
TR-037669,2025-08-26,2020.49,2016.0881873325666
TR-037670,2025-08-26,4425.0,4483.634910435494
TR-037671,2025-08-26,4015.37,4089.6938772466656
TR-037672,2025-08-26,3653.07,3779.354565283181
TR-037673,2025-08-26,2850.71,2418.250828304049
TR-037674,2025-08-26,4345.54,4314.7763196753785
TR-037675,2025-08-26,1086.98,1186.8815304264099
TR-037676,2025-08-26,2952.96,3326.0691352417525
TR-037677,2025-08-26,2549.25,2912.6183340601992
TR-037678,2025-08-26,2998.91,3156.2444822256757
TR-037679,2025-08-26,4163.16,4237.159529233286
TR-037680,2025-08-26,4425.38,4411.404248810018
TR-037681,2025-08-26,6659.04,6135.42314665057
TR-037682,2025-08-26,2608.55,2637.646443469678
TR-037683,2025-08-26,346.48,500.651497325641
TR-037684,2025-08-26,2434.71,2452.7508477688393
TR-037685,2025-08-26,1988.07,2198.921720024756
TR-037686,2025-08-26,1152.5,1195.2836973317633
TR-037687,2025-08-26,3859.22,4076.5986878034755
TR-037688,2025-08-26,669.53,748.8860733695465
TR-037689,2025-08-26,2137.58,2002.7524174587634
TR-037690,2025-08-26,4646.35,4642.620737414194
TR-037691,2025-08-26,481.58,627.7078818830587
TR-037692,2025-08-27,1947.49,1817.0758970079746
TR-037693,2025-08-27,3584.34,3808.4934565529193
TR-037694,2025-08-27,5390.78,5515.137789707383
TR-037695,2025-08-27,971.18,1003.9657781298665
TR-037696,2025-08-27,857.47,888.3768569143824
TR-037697,2025-08-27,2380.42,2212.9313875312046
TR-037698,2025-08-27,5058.01,4964.556401470382
TR-037699,2025-08-27,794.67,839.6342904911717
TR-037700,2025-08-27,2485.21,2545.3135706692865
TR-037701,2025-08-27,1598.8,1592.9948671881514
TR-037702,2025-08-27,489.56,546.3084361338231
TR-037703,2025-08-27,2312.48,2152.9318577307795
TR-037704,2025-08-27,4878.99,4902.964790137301
TR-037705,2025-08-27,897.42,902.4670210075292
TR-037706,2025-08-27,2632.86,2874.6186484204536
TR-037707,2025-08-27,741.58,846.3938963954029
TR-037708,2025-08-27,1413.89,1436.9983265450967
TR-037709,2025-08-27,2761.5,2697.4891582489936
TR-037710,2025-08-27,1841.26,2051.03836735133
TR-037711,2025-08-27,1106.42,1122.7356946172788
TR-037712,2025-08-27,3653.94,3460.3568986848695
TR-037713,2025-08-27,2076.05,2237.2245377815243
TR-037714,2025-08-27,3885.89,3889.7293220252686
TR-037715,2025-08-27,1488.98,1479.1054716357853
TR-037716,2025-08-27,5283.49,5277.512780110401
TR-037717,2025-08-27,2201.11,2122.2312358175686
TR-037718,2025-08-27,1944.16,1880.3603566688223
TR-037719,2025-08-27,4336.38,4145.623553972909
TR-037720,2025-08-27,2890.25,2838.672359306684
TR-037721,2025-08-27,994.31,1017.7781120978723
TR-037722,2025-08-27,3072.38,2894.005401778695
TR-037723,2025-08-27,740.81,767.4500895411504
TR-037724,2025-08-27,2768.05,2601.7114739810336
TR-037725,2025-08-27,1604.13,1601.4447892271407
TR-037726,2025-08-27,4031.9,4003.7400994048985
TR-037727,2025-08-27,1247.72,1295.695080215296
TR-037728,2025-08-27,1231.91,1291.3379107957062
TR-037729,2025-08-27,274.19,428.0763971120939
TR-037730,2025-08-27,639.55,755.8866813890643
TR-037731,2025-08-27,3286.93,3235.907804329072
TR-037732,2025-08-27,3661.53,3557.2389884263507
TR-037733,2025-08-27,826.05,811.8596880884534
TR-037734,2025-08-27,1882.87,1862.1813946069467
TR-037735,2025-08-27,1384.21,1332.5521969576434
TR-037736,2025-08-27,1443.46,1402.8864477549544
TR-037737,2025-08-27,3951.12,4002.821056721335
TR-037738,2025-08-27,1960.64,1832.552074310361
TR-037739,2025-08-27,1204.34,1229.8803446909706
TR-037740,2025-08-27,1155.44,1244.9079031219803
TR-037741,2025-08-27,2947.8,3028.2247740123084
TR-037742,2025-08-27,1054.29,1102.6080970017297
TR-037743,2025-08-27,2919.81,2846.917185622814
TR-037744,2025-08-27,3541.23,3533.384328254512
TR-037745,2025-08-27,1684.1,1657.5855937144404
TR-037746,2025-08-27,805.31,877.3320387375638
TR-037747,2025-08-27,3329.25,3295.3569583893495
TR-037748,2025-08-27,605.68,624.7376803114037
TR-037749,2025-08-27,648.4,741.1984212503191
TR-037750,2025-08-27,240.18,677.6704683398361
TR-037751,2025-08-27,3272.48,3375.117886570144
TR-037752,2025-08-27,4083.19,4111.47434980852
TR-037753,2025-08-27,2485.52,2518.003912208738
TR-037754,2025-08-27,632.38,630.1519572957179
TR-037755,2025-08-27,3525.65,3521.4567156644894
TR-037756,2025-08-27,2100.88,2051.486616736801
TR-037757,2025-08-27,1027.84,1127.5588092786336
TR-037758,2025-08-27,2124.84,2263.155624244013
TR-037759,2025-08-27,3776.47,3958.095852595212
TR-037760,2025-08-27,914.43,992.1234713601286
TR-037761,2025-08-27,1883.25,1864.5312557110658
TR-037762,2025-08-27,2824.37,3222.6254990110065
TR-037763,2025-08-27,1337.71,1356.5802187330967
TR-037764,2025-08-27,1864.52,1862.7237452109814
TR-037765,2025-08-27,24294.98,5023.831807972374
TR-037766,2025-08-27,3950.17,4086.2231266180456
TR-037767,2025-08-27,748.62,760.2448878725277
TR-037768,2025-08-27,1731.97,1749.9164729184702
TR-037769,2025-08-27,1567.29,1549.1362641855424
TR-037770,2025-08-27,5369.04,5473.467035490861
TR-037771,2025-08-27,1637.51,1631.893950966583
TR-037772,2025-08-27,1947.0,1933.4296707096025
TR-037773,2025-08-27,2011.85,2229.216457207431
TR-037774,2025-08-27,4654.29,4732.2868852253205
TR-037775,2025-08-27,1210.64,1220.2375599513007
TR-037776,2025-08-27,1919.3,1950.765429959474
TR-037777,2025-08-27,1786.35,1818.347867251608
TR-037778,2025-08-27,4927.84,4984.104310314705
TR-037779,2025-08-27,1256.55,1268.829204738679
TR-037780,2025-08-27,820.76,912.3991181585393
TR-037781,2025-08-27,1732.68,1691.138691259801
TR-037782,2025-08-27,3636.08,3702.6286426183124
TR-037783,2025-08-27,4874.91,4845.546074554932
TR-037784,2025-08-27,1830.01,1837.7935749606736
TR-037785,2025-08-27,2378.55,2585.4807785370767
TR-037786,2025-08-27,3841.84,3914.2086043126437
TR-037787,2025-08-27,2478.27,2485.063962051929
TR-037788,2025-08-27,1582.18,1584.667224422085
TR-037789,2025-08-27,2082.11,2111.5502725028186
TR-037790,2025-08-27,1025.65,1145.1338660001638
TR-037791,2025-08-27,830.19,906.4285111948443
TR-037792,2025-08-27,588.43,748.7925593139407
TR-037793,2025-08-27,4241.09,4321.275056656705
TR-037794,2025-08-27,1595.56,1577.261693600826
TR-037795,2025-08-27,1934.79,1947.948189725842
TR-037796,2025-08-27,1887.98,1870.4558386790193
TR-037797,2025-08-27,4784.42,4884.604541859226
TR-037798,2025-08-27,2088.52,1911.560592558669
TR-037799,2025-08-27,2327.45,2413.424498074401
TR-037800,2025-08-27,2466.04,2673.564168293233
TR-037801,2025-08-27,3202.97,3233.6911030591027
TR-037802,2025-08-27,3570.01,3650.999166317897
TR-037803,2025-08-27,863.26,946.1070523863955
TR-037804,2025-08-27,2846.54,2756.6638127834235
TR-037805,2025-08-27,2174.57,2222.756165541794
TR-037806,2025-08-27,1178.12,1212.8691188489852
TR-037807,2025-08-27,910.42,980.3766655948014
TR-037808,2025-08-27,425.68,558.4985271300718
TR-037809,2025-08-27,4447.18,4127.71124164154
TR-037810,2025-08-27,2497.99,2574.679812622968
TR-037811,2025-08-27,2103.44,2022.9767349257306
TR-037812,2025-08-27,2080.37,1989.5993267536314
TR-037813,2025-08-27,1593.5,1572.141421278535
TR-037814,2025-08-27,2847.78,2899.6848087047442
TR-037815,2025-08-27,3236.69,3706.810153766941
TR-037816,2025-08-27,1248.79,1287.6732887639116
TR-037817,2025-08-27,913.21,952.5831019557322
TR-037818,2025-08-27,1585.24,1607.7204405736827
TR-037819,2025-08-27,874.6,899.8607961819898
TR-037820,2025-08-27,3849.14,4021.3432023272685
TR-037821,2025-08-27,726.24,823.6174212103178
TR-037822,2025-08-27,2429.53,2407.300471586127
TR-037823,2025-08-27,782.98,870.5194180643698
TR-037824,2025-08-27,2024.03,2188.848907994131
TR-037825,2025-08-27,3607.67,3628.8756035263323
TR-037826,2025-08-27,2880.71,3056.185411508707
TR-037827,2025-08-27,1314.22,1290.9535760720019
TR-037828,2025-08-27,2859.51,2925.4050941522755
TR-037829,2025-08-27,2660.34,2685.9732925271987
TR-037830,2025-08-27,3452.72,3616.4966583689297
TR-037831,2025-08-27,1807.34,1730.957928109812
TR-037832,2025-08-27,2669.9,2657.9244313382105
TR-037833,2025-08-27,1173.38,1179.9655651836342
TR-037834,2025-08-27,956.97,895.946161643277
TR-037835,2025-08-27,1745.97,1773.8651333475455
TR-037836,2025-08-27,1624.84,1591.596748125924
TR-037837,2025-08-27,3878.35,3890.6231576440514
TR-037838,2025-08-27,955.72,1075.3544731332108
TR-037839,2025-08-27,5585.41,5404.877235625445
TR-037840,2025-08-27,1354.84,1334.1925016145588
TR-037841,2025-08-27,3572.03,3425.3310470366996
TR-037842,2025-08-27,1207.55,1225.7871309119355
TR-037843,2025-08-27,385.4,641.1958341819982
TR-037844,2025-08-27,3052.88,3053.2258815062205
TR-037845,2025-08-27,2013.43,1914.2928740167722
TR-037846,2025-08-27,1278.5,1274.3674228776829
TR-037847,2025-08-27,814.53,858.4609096504544
TR-037848,2025-08-27,641.45,763.3869449707815
TR-037849,2025-08-27,5595.12,5351.614409215722
TR-037850,2025-08-27,2537.72,2439.2496858120776
TR-037851,2025-08-27,2920.26,2938.6604676212255
TR-037852,2025-08-27,2886.36,2909.620769967568
TR-037853,2025-08-27,411.05,598.1342581105027
TR-037854,2025-08-27,4584.66,4556.701453904921
TR-037855,2025-08-27,1234.56,1264.2256321260563
TR-037856,2025-08-27,2265.03,2794.541571077519
TR-037857,2025-08-27,3824.33,3521.2133944907755
TR-037858,2025-08-27,2256.3,2233.0181598985605
TR-037859,2025-08-27,3348.23,3548.271095909675
TR-037860,2025-08-27,1802.0,1737.4815155937931
TR-037861,2025-08-27,1304.18,1295.7123180072235
TR-037862,2025-08-27,4297.06,4338.653217678369
TR-037863,2025-08-27,964.54,1052.951639220008
TR-037864,2025-08-27,3421.01,3462.5857212287387
TR-037865,2025-08-27,611.4,720.1804530940858
TR-037866,2025-08-27,1239.4,1238.5842117244556
TR-037867,2025-08-27,3843.69,3870.3731064420967
TR-037868,2025-08-27,1429.32,1380.8995126296686
TR-037869,2025-08-27,2384.31,2077.7260599489646
TR-037870,2025-08-27,1139.34,1183.7601202782962
TR-037871,2025-08-27,910.55,946.0646712965229
TR-037872,2025-08-27,3111.16,2939.0062245471863
TR-037873,2025-08-27,631.56,636.6513355121463
TR-037874,2025-08-27,1535.2,1581.4035963942802
TR-037875,2025-08-27,4626.57,4744.530224958728
TR-037876,2025-08-28,929.34,3371.160406075409
TR-037877,2025-08-28,2150.65,2102.4565298020125
TR-037878,2025-08-28,5266.47,5319.792772921186
TR-037879,2025-08-28,914.55,957.4851756637136
TR-037880,2025-08-28,2377.46,2355.043902878674
TR-037881,2025-08-28,2567.11,2513.9200080493088
TR-037882,2025-08-28,3589.92,3717.559189893919
TR-037883,2025-08-28,578.94,661.0120366111703
TR-037884,2025-08-28,3442.41,3390.363712050533
TR-037885,2025-08-28,771.36,862.5716013622678
TR-037886,2025-08-28,2159.15,2052.9864084804117
TR-037887,2025-08-28,1325.32,1295.0157146819893
TR-037888,2025-08-28,3197.62,3287.240007978975
TR-037889,2025-08-28,489.53,604.5066972205036
TR-037890,2025-08-28,4410.04,4395.777289578527
TR-037891,2025-08-28,4320.86,4309.450523687364
TR-037892,2025-08-28,1069.0,1050.8718216996235
TR-037893,2025-08-28,4911.81,4906.819487612405
TR-037894,2025-08-28,3688.75,3870.678669861285
TR-037895,2025-08-28,1942.6,2181.319073936662
TR-037896,2025-08-28,1923.54,1891.235417912407
TR-037897,2025-08-28,784.94,2141.723048759333
TR-037898,2025-08-28,1558.7,1611.1806332687893
TR-037899,2025-08-28,1166.18,1187.249747465929
TR-037900,2025-08-28,4057.35,4078.221242233935
TR-037901,2025-08-28,931.46,970.8916710210221
TR-037902,2025-08-28,2214.15,2070.6300663455563
TR-037903,2025-08-28,1309.77,1330.5734864088859
TR-037904,2025-08-28,2533.04,2666.0568557526867
TR-037905,2025-08-28,1117.17,1151.9870668792641
TR-037906,2025-08-28,1663.45,1757.8951021259631
TR-037907,2025-08-28,903.74,973.3109041067019
TR-037908,2025-08-28,1982.8,1938.233765225252
TR-037909,2025-08-28,1157.6,1210.9300917197002
TR-037910,2025-08-28,1023.16,1041.8291038724237
TR-037911,2025-08-28,1557.83,1597.791400070681
TR-037912,2025-08-28,2576.74,2556.0995799890234
TR-037913,2025-08-28,4556.3,4604.242517430723
TR-037914,2025-08-28,1489.51,1524.8613620112537
TR-037915,2025-08-28,1681.13,1632.8998206867323
TR-037916,2025-08-28,379.75,582.0168781950279
TR-037917,2025-08-28,596.66,713.2214937199317
TR-037918,2025-08-28,2006.88,1962.9345462691513
TR-037919,2025-08-28,2191.94,2023.777986688808
TR-037920,2025-08-28,2301.75,2296.2651308986888
TR-037921,2025-08-28,3783.43,3794.3659029574846
TR-037922,2025-08-28,1318.28,1275.461381262658
TR-037923,2025-08-28,2683.81,2562.141849251794
TR-037924,2025-08-28,915.56,1009.7109283032061
TR-037925,2025-08-28,1135.02,1121.2837097283368
TR-037926,2025-08-28,2327.43,2235.0618742236074
TR-037927,2025-08-28,1396.35,1363.3867421776035
TR-037928,2025-08-28,5511.11,5534.283865977737
TR-037929,2025-08-28,4248.81,4294.633208422214
TR-037930,2025-08-28,3002.06,3075.9461597359286
TR-037931,2025-08-28,1866.56,1903.9404940868806
TR-037932,2025-08-28,1092.98,1117.03190303314
TR-037933,2025-08-28,1497.36,600.3232457067829
TR-037934,2025-08-28,2265.29,2341.0049310270338
TR-037935,2025-08-28,3183.54,3142.343090669891
TR-037936,2025-08-28,5008.04,5037.337633576295
TR-037937,2025-08-28,1154.83,1187.3576711297555
TR-037938,2025-08-28,4872.48,5062.352724314793
TR-037939,2025-08-28,1521.09,1452.9745244964683
TR-037940,2025-08-28,1198.97,1236.526443491137
TR-037941,2025-08-28,2486.64,2714.2979599927817
TR-037942,2025-08-28,3063.56,3238.086282765724
TR-037943,2025-08-28,2305.2,2165.189113593941
TR-037944,2025-08-28,4845.77,1926.0035293453145
TR-037945,2025-08-28,1063.14,1086.7103077524089
TR-037946,2025-08-28,3830.63,3655.724780967426
TR-037947,2025-08-28,1463.75,1500.008056024133
TR-037948,2025-08-28,3492.12,3459.620763774048
TR-037949,2025-08-28,660.18,763.4307505210327
TR-037950,2025-08-28,1761.74,1884.89257916482
TR-037951,2025-08-28,543.05,648.7899168329709
TR-037952,2025-08-28,1465.92,1473.7390618340878
TR-037953,2025-08-28,3776.02,3608.005886286366
TR-037954,2025-08-28,2190.78,2170.3881823661586
TR-037955,2025-08-28,1185.36,1186.2485359559532
TR-037956,2025-08-28,1023.5,1071.4582850079623
TR-037957,2025-08-28,2317.42,2534.1457101391466
TR-037958,2025-08-28,1430.85,1409.7148323593697
TR-037959,2025-08-28,741.67,806.2976209797507
TR-037960,2025-08-28,822.76,939.9936570040811
TR-037961,2025-08-28,1724.02,1686.5189949378596
TR-037962,2025-08-28,1588.13,1617.6254647013816
TR-037963,2025-08-28,13409.18,4114.8563750176945
TR-037964,2025-08-28,3187.06,3296.1319894254502
TR-037965,2025-08-28,5342.33,5213.521858658151
TR-037966,2025-08-28,5712.69,5517.2406395825565
TR-037967,2025-08-28,493.08,606.4847155969292
TR-037968,2025-08-28,1192.19,1214.9371484898668
TR-037969,2025-08-28,1043.42,1098.1433382795008
TR-037970,2025-08-28,4980.31,4942.366655060796
TR-037971,2025-08-28,2813.86,2555.302556433769
TR-037972,2025-08-28,5672.62,5689.535192559017
TR-037973,2025-08-28,1501.32,1625.3340036880822
TR-037974,2025-08-28,3638.16,3864.8117597139226
TR-037975,2025-08-28,3442.92,3407.489076665138
TR-037976,2025-08-28,641.72,690.6816609048471
TR-037977,2025-08-28,3521.02,3579.435925671549
TR-037978,2025-08-28,4064.81,3978.986411398654
TR-037979,2025-08-28,4340.88,4513.4328155698
TR-037980,2025-08-28,456.07,623.1560628280922
TR-037981,2025-08-28,1046.72,1116.1673697258377
TR-037982,2025-08-28,1752.92,1754.2851156320025
TR-037983,2025-08-28,841.55,941.5065842825197
TR-037984,2025-08-28,3649.79,3599.6755848837875
TR-037985,2025-08-28,5230.52,5146.692969588645
TR-037986,2025-08-28,570.78,676.4499904570741
TR-037987,2025-08-28,636.16,676.1317330274348
TR-037988,2025-08-28,1325.69,1356.6149692403897
TR-037989,2025-08-28,4784.97,4781.909572087759
TR-037990,2025-08-28,2263.46,2331.182117538852
TR-037991,2025-08-28,5207.45,4907.737597811125
TR-037992,2025-08-28,4638.51,4567.031899968268
TR-037993,2025-08-28,3040.13,3143.1773722996404
TR-037994,2025-08-28,2150.73,2188.545506440129
TR-037995,2025-08-28,1360.48,1356.446816153076
TR-037996,2025-08-28,732.78,811.6013380747745
TR-037997,2025-08-28,1821.47,1785.5222310977674
TR-037998,2025-08-28,1793.3,1815.1092417808793
TR-037999,2025-08-28,609.26,709.3194153362654
TR-038000,2025-08-28,2695.43,2880.060224911714
TR-038001,2025-08-28,566.92,2062.20632660643
TR-038002,2025-08-28,1850.18,2016.8474378207154
TR-038003,2025-08-28,462.4,485.8949837189557
TR-038004,2025-08-28,963.88,943.1245915548966
TR-038005,2025-08-28,1032.25,1020.6293100234277
TR-038006,2025-08-28,213.24,478.75210623788666
TR-038007,2025-08-28,1261.4,1303.1347020438016
TR-038008,2025-08-28,1848.26,1882.922372968442
TR-038009,2025-08-28,3869.64,3883.6969106968427
TR-038010,2025-08-28,4687.06,4566.964475236433
TR-038011,2025-08-28,3835.83,3968.946385841674
TR-038012,2025-08-28,2568.11,2148.7986502409285
TR-038013,2025-08-28,2675.61,2906.051016960791
TR-038014,2025-08-28,2962.37,3139.8152331047822
TR-038015,2025-08-28,935.04,954.6134450018385
TR-038016,2025-08-28,4301.09,4328.95762689685
TR-038017,2025-08-28,3043.42,2909.412491739411
TR-038018,2025-08-28,2575.77,2466.500246948147
TR-038019,2025-08-28,1521.67,1457.35854660097
TR-038020,2025-08-28,2070.71,2151.337882484692
TR-038021,2025-08-28,3410.9,3457.7114381282463
TR-038022,2025-08-28,992.78,1092.2817384764169
TR-038023,2025-08-28,999.39,1052.3862452522017
TR-038024,2025-08-28,1074.03,1114.1829366756324
TR-038025,2025-08-28,1167.7,1230.2068148221047
TR-038026,2025-08-28,6133.24,5992.522638231752
TR-038027,2025-08-28,5037.8,5157.168313802593
TR-038028,2025-08-28,4708.22,4449.794956255369
TR-038029,2025-08-28,5004.85,5154.01279937179
TR-038030,2025-08-28,5347.64,5427.251890621216
TR-038031,2025-08-28,1887.77,2051.9310466409243
TR-038032,2025-08-28,2976.99,2925.3963081077554
TR-038033,2025-08-28,1099.93,1082.8980623455782
TR-038034,2025-08-28,1185.14,1196.4169306554586
TR-038035,2025-08-28,817.54,859.1068355759951
TR-038036,2025-08-28,1591.49,1542.3241434933811
TR-038037,2025-08-28,2695.04,2764.0828440349655
TR-038038,2025-08-28,3779.82,3895.4564353158357
TR-038039,2025-08-28,2938.51,3129.995529263716
TR-038040,2025-08-29,4852.55,4968.934856395092
TR-038041,2025-08-29,1273.81,1313.7538017438246
TR-038042,2025-08-29,1328.3,1396.5976721522738
TR-038043,2025-08-29,1081.06,1125.6934105136975
TR-038044,2025-08-29,1938.15,1959.5578644171835
TR-038045,2025-08-29,6964.45,2394.242056604578
TR-038046,2025-08-29,1441.78,1438.350352226413
TR-038047,2025-08-29,1441.83,1431.8058957763185
TR-038048,2025-08-29,1079.27,1121.937039023258
TR-038049,2025-08-29,3346.24,3298.897131349657
TR-038050,2025-08-29,1206.48,1241.2568449514315
TR-038051,2025-08-29,940.04,989.7650433110061
TR-038052,2025-08-29,888.64,954.4121192670148
TR-038053,2025-08-29,1047.9,1078.3961002028868
TR-038054,2025-08-29,3500.84,3356.759177931266
TR-038055,2025-08-29,917.56,962.2530662024076
TR-038056,2025-08-29,3486.06,2917.0403547745855
TR-038057,2025-08-29,1181.15,1150.113528899993
TR-038058,2025-08-29,1599.86,1626.0484695903558
TR-038059,2025-08-29,3780.36,3434.4063603435516
TR-038060,2025-08-29,2276.37,2281.9277970599874
TR-038061,2025-08-29,3832.73,3862.138429276828
TR-038062,2025-08-29,4243.53,4424.645236130837
TR-038063,2025-08-29,5675.17,5425.422408736144
TR-038064,2025-08-29,1471.2,1469.8147659441508
TR-038065,2025-08-29,2467.5,2629.398790073272
TR-038066,2025-08-29,430.44,619.3875573485898
TR-038067,2025-08-29,1241.26,1193.9426234037587
TR-038068,2025-08-29,881.85,924.5005803881456
TR-038069,2025-08-29,1002.64,1035.172102799145
TR-038070,2025-08-29,3688.46,3706.477710983207
TR-038071,2025-08-29,3388.98,3053.3047530156787
TR-038072,2025-08-29,1198.78,1238.7609028932247
TR-038073,2025-08-29,1638.39,1630.287052945039
TR-038074,2025-08-29,3717.58,3854.060449665029
TR-038075,2025-08-29,3769.36,3488.1335972398447
TR-038076,2025-08-29,1756.32,1903.43650757261
TR-038077,2025-08-29,1154.44,1144.1559402252155
TR-038078,2025-08-29,2145.54,2071.306133071494
TR-038079,2025-08-29,3065.67,2702.143122255582
TR-038080,2025-08-29,4466.21,4414.543573352465
TR-038081,2025-08-29,2414.14,2358.6914993578607
TR-038082,2025-08-29,4165.93,3744.7560389063638
TR-038083,2025-08-29,4017.55,4086.57814808209
TR-038084,2025-08-29,4316.49,4248.083238047884
TR-038085,2025-08-29,2566.92,2733.988267794512
TR-038086,2025-08-29,1723.18,1637.8582580687498
TR-038087,2025-08-29,3114.15,3079.462868465269
TR-038088,2025-08-29,1098.57,1183.0111922213914
TR-038089,2025-08-29,5408.24,5399.292515478448
TR-038090,2025-08-29,5571.16,5375.059955962446
TR-038091,2025-08-29,1801.54,1859.3986610940399
TR-038092,2025-08-29,5291.81,5339.076272660873
TR-038093,2025-08-29,3948.31,3887.1274930362197
TR-038094,2025-08-29,3588.64,3820.7360116138448
TR-038095,2025-08-29,999.34,1039.5814864180652
TR-038096,2025-08-29,3568.75,3499.690120857727
TR-038097,2025-08-29,2896.5,2644.768438508023
TR-038098,2025-08-29,1902.84,1863.234977243357
TR-038099,2025-08-29,3500.09,3677.2873306928414
TR-038100,2025-08-29,5007.73,4590.953034678256
TR-038101,2025-08-29,984.23,974.1340043818802
TR-038102,2025-08-29,1266.69,1307.0695681586217
TR-038103,2025-08-29,2680.97,2648.911101119418
TR-038104,2025-08-29,3822.75,4012.599887386263
TR-038105,2025-08-29,1830.82,1820.039031689487
TR-038106,2025-08-29,925.77,969.8716425870739
TR-038107,2025-08-29,3920.72,3890.339027915171
TR-038108,2025-08-29,1539.99,1510.0841415624882
TR-038109,2025-08-29,1851.64,1737.5018803499222
TR-038110,2025-08-29,2229.78,2533.94995831199
TR-038111,2025-08-29,1288.41,1316.8516795361406
TR-038112,2025-08-29,657.63,740.6313944624808
TR-038113,2025-08-29,2921.08,2916.0394630435226
TR-038114,2025-08-29,4295.47,4303.100475336153
TR-038115,2025-08-29,1026.41,1010.0451213930892
TR-038116,2025-08-29,1779.0,1773.704335665755
TR-038117,2025-08-29,1638.14,1713.1370010562914
TR-038118,2025-08-29,3679.12,3899.3960610798877
TR-038119,2025-08-29,918.1,932.6345319120326
TR-038120,2025-08-29,750.05,847.1169675717435
TR-038121,2025-08-29,1933.49,1793.427973752291
TR-038122,2025-08-29,595.99,731.2749345369286
TR-038123,2025-08-29,3921.4,4132.200563150632
TR-038124,2025-08-29,910.05,924.1852390855868
TR-038125,2025-08-29,3335.15,3316.8638081584013
TR-038126,2025-08-29,816.48,839.9931642656068
TR-038127,2025-08-29,2267.47,2082.4459174527396
TR-038128,2025-08-29,4900.24,4694.244963227398
TR-038129,2025-08-29,3459.86,3478.1987346205387
TR-038130,2025-08-29,1459.3,1490.9097079872408
TR-038131,2025-08-29,1334.9,1317.236204423691
TR-038132,2025-08-29,328.67,462.4966916980609
TR-038133,2025-08-29,4808.25,4267.482900545236
TR-038134,2025-08-29,1913.11,1862.1091799371875
TR-038135,2025-08-29,1518.34,1479.575974583567
TR-038136,2025-08-29,2644.98,2487.810927571708
TR-038137,2025-08-29,2586.01,2508.7577969024073
TR-038138,2025-08-29,2038.98,1941.9900994165966
TR-038139,2025-08-29,3057.42,3219.6033557134106
TR-038140,2025-08-29,756.89,803.5309997416064
TR-038141,2025-08-29,1637.49,1570.0967717250417
TR-038142,2025-08-29,4027.95,3949.0955375223853
TR-038143,2025-08-29,393.98,528.5931493328567
TR-038144,2025-08-29,3815.57,4006.796259649479
TR-038145,2025-08-29,1356.09,1361.3400106762344
TR-038146,2025-08-29,3158.14,3215.328457013775
TR-038147,2025-08-29,5472.38,5269.440607066141
TR-038148,2025-08-29,1759.2,1699.244118750898
TR-038149,2025-08-29,1240.94,1260.4017755108675
TR-038150,2025-08-29,2089.29,2151.8876572467166
TR-038151,2025-08-29,1948.57,1889.8302597059999
TR-038152,2025-08-29,648.48,643.3101938834002
TR-038153,2025-08-29,2403.04,2124.834914175684
TR-038154,2025-08-29,1825.23,1826.021827476133
TR-038155,2025-08-29,1077.31,1123.9240320022996
TR-038156,2025-08-29,2213.62,2376.9628627868847
TR-038157,2025-08-29,815.86,898.7256152750788
TR-038158,2025-08-29,1256.28,1238.125954222844
TR-038159,2025-08-29,1680.91,1751.9250008754807
TR-038160,2025-08-29,3566.64,3553.4328576125313
TR-038161,2025-08-29,5511.33,5554.292770769608
TR-038162,2025-08-29,3389.92,3328.210448155467
TR-038163,2025-08-29,4152.38,4255.436738665472
TR-038164,2025-08-29,1157.08,1173.206459590052
TR-038165,2025-08-29,1240.59,1215.1003726856325
TR-038166,2025-08-29,370.89,501.0607199956321
TR-038167,2025-08-29,741.7,781.4450488411246
TR-038168,2025-08-29,2130.86,2030.394601086201
TR-038169,2025-08-29,1850.54,1858.6071629191827
TR-038170,2025-08-29,784.51,880.9888890209302
TR-038171,2025-08-29,3032.24,3159.827476028483
TR-038172,2025-08-29,5566.96,5531.929443346646
TR-038173,2025-08-29,5228.39,5408.230321055267
TR-038174,2025-08-29,2989.33,2921.316307194613
TR-038175,2025-08-29,521.98,687.7977913806344
TR-038176,2025-08-29,822.33,875.7679395861633
TR-038177,2025-08-29,4198.62,3986.051663715279
TR-038178,2025-08-29,889.15,949.7997198718851
TR-038179,2025-08-29,1424.01,1425.682958558135
TR-038180,2025-08-29,520.3,600.4654444939181
TR-038181,2025-08-29,3770.29,3908.331656919456
TR-038182,2025-08-29,1630.64,1610.820063163786
TR-038183,2025-08-29,1647.96,1673.1655793823552
TR-038184,2025-08-29,3711.01,3740.542457523141
TR-038185,2025-08-29,766.72,806.1265417020047
TR-038186,2025-08-29,2915.5,2780.577837670046
TR-038187,2025-08-29,1453.84,1423.1212724274112
TR-038188,2025-08-29,845.78,905.4468339098962
TR-038189,2025-08-29,4283.63,4326.9993451020255
TR-038190,2025-08-29,2595.65,2149.710053275748
TR-038191,2025-08-30,1537.18,1532.016719716414
TR-038192,2025-08-30,1284.09,1308.793947146074
TR-038193,2025-08-30,2640.74,2447.9541027293926
TR-038194,2025-08-30,1557.32,1562.1408223734618
TR-038195,2025-08-30,4117.4,4092.0033379089086
TR-038196,2025-08-30,1675.95,1704.0536181044515
TR-038197,2025-08-30,2412.8,2229.891144570757
TR-038198,2025-08-30,2242.61,2149.5253634338374
TR-038199,2025-08-30,1291.48,1275.3996077767097
TR-038200,2025-08-30,812.63,921.8644422355803
TR-038201,2025-08-30,2332.23,2378.062984055661
TR-038202,2025-08-30,1788.42,1815.790418362534
TR-038203,2025-08-30,1988.34,1965.9131848157976
TR-038204,2025-08-30,2919.33,3059.299495818774
TR-038205,2025-08-30,6012.08,5739.416287177733
TR-038206,2025-08-30,835.19,962.0502074990379
TR-038207,2025-08-30,4356.01,4514.329439844276
TR-038208,2025-08-30,1916.36,2052.0787151783993
TR-038209,2025-08-30,2862.05,2628.3419028134213
TR-038210,2025-08-30,1848.53,1834.6618065954342
TR-038211,2025-08-30,2041.37,2033.3026836211382
TR-038212,2025-08-30,4580.65,4554.505022500789
TR-038213,2025-08-30,610.03,602.7737095859575
TR-038214,2025-08-30,1402.53,1342.6224583015792
TR-038215,2025-08-30,3437.47,3374.5340703552793
TR-038216,2025-08-30,2926.22,2757.0194989167258
TR-038217,2025-08-30,3567.51,3350.5099339150643
TR-038218,2025-08-30,1888.29,1802.036271232152
TR-038219,2025-08-30,969.71,1017.1041661102144
TR-038220,2025-08-30,1002.84,1044.3263256095433
TR-038221,2025-08-30,4628.63,4752.736085207698
TR-038222,2025-08-30,4158.93,4370.156255169594
TR-038223,2025-08-30,1298.2,1309.8853074200756
TR-038224,2025-08-30,4150.04,4185.409407886951
TR-038225,2025-08-30,794.7,810.8140160766086
TR-038226,2025-08-30,1559.92,1608.8196096642405
TR-038227,2025-08-30,1210.11,1238.7736044382991
TR-038228,2025-08-30,2845.92,2965.5738898700342
TR-038229,2025-08-30,707.81,684.869800631632
TR-038230,2025-08-30,3624.6,3586.794160280952
TR-038231,2025-08-30,3147.85,3175.119705241329
TR-038232,2025-08-30,3550.67,3483.9002146230578
TR-038233,2025-08-30,1395.48,1350.5402198116426
TR-038234,2025-08-30,317.92,505.6255460363893
TR-038235,2025-08-30,1050.91,1108.687261377709
TR-038236,2025-08-30,1754.69,1839.6685861995388
TR-038237,2025-08-30,927.54,1031.655945970656
TR-038238,2025-08-30,846.04,897.4776213709056
TR-038239,2025-08-30,1733.62,1756.0405774024002
TR-038240,2025-08-30,741.41,833.1824074862363
TR-038241,2025-08-30,573.04,636.6353325561745
TR-038242,2025-08-30,891.99,938.1636851938738
TR-038243,2025-08-30,144.92,803.4601684488332
TR-038244,2025-08-30,2511.08,2405.451213136661
TR-038245,2025-08-30,2263.98,2244.198336530067
TR-038246,2025-08-30,4283.8,4321.927773403946
TR-038247,2025-08-30,2413.56,2311.623359059169
TR-038248,2025-08-30,2568.36,2524.9092923437956
TR-038249,2025-08-30,1351.11,1330.0322342776
TR-038250,2025-08-30,2529.62,2977.001829313296
TR-038251,2025-08-30,2551.04,2197.3111444966985
TR-038252,2025-08-30,1001.31,1029.8354343707397
TR-038253,2025-08-30,4638.53,4716.784396940819
TR-038254,2025-08-30,3311.2,2722.401673138104
TR-038255,2025-08-30,1747.5,1883.7676915399502
TR-038256,2025-08-30,4680.78,4896.465326017471
TR-038257,2025-08-30,4209.65,4216.820533805627
TR-038258,2025-08-30,2558.26,2667.1402911736004
TR-038259,2025-08-30,3239.62,3238.3221137958285
TR-038260,2025-08-30,6127.24,5783.459959813505
TR-038261,2025-08-30,1162.14,1177.4087312872243
TR-038262,2025-08-30,2335.37,2333.6610334418483
TR-038263,2025-08-30,2738.82,2835.0698164071923
TR-038264,2025-08-30,4183.92,4219.420499992209
TR-038265,2025-08-30,1877.94,1995.3788764651372
TR-038266,2025-08-30,709.82,746.254884687628
TR-038267,2025-08-30,3502.5,3647.46269918689
TR-038268,2025-08-30,3177.86,3274.982758592454
TR-038269,2025-08-30,1991.79,1999.4323735840835
TR-038270,2025-08-30,4940.91,5066.906305913335
TR-038271,2025-08-30,1586.21,1606.5725670513682
TR-038272,2025-08-30,1289.22,1330.373496399518
TR-038273,2025-08-30,1965.8,1959.700386180124
TR-038274,2025-08-30,854.24,927.6440009768905
TR-038275,2025-08-30,3537.46,3647.8934427976574
TR-038276,2025-08-30,3456.86,3511.193654331111
TR-038277,2025-08-30,3977.4,3999.378752919016
TR-038278,2025-08-30,1909.86,1964.7599101480864
TR-038279,2025-08-30,3743.08,4197.983234729545
TR-038280,2025-08-30,3975.76,4106.084186919834
TR-038281,2025-08-30,2980.73,3099.8283244588592
TR-038282,2025-08-30,222.11,523.0149904566636
TR-038283,2025-08-30,1469.79,1459.8856397284794
TR-038284,2025-08-30,4252.82,4154.519724762148
TR-038285,2025-08-30,1605.29,1748.5814047623862
TR-038286,2025-08-30,3421.38,3635.5791535316594
TR-038287,2025-08-30,2482.39,2820.5233870615793
TR-038288,2025-08-30,3508.42,3646.1586998135135
TR-038289,2025-08-30,3922.75,4131.462410621738
TR-038290,2025-08-30,1919.72,1837.3070616441878
TR-038291,2025-08-30,1637.17,1607.9580550107798
TR-038292,2025-08-30,780.67,858.423724113471
TR-038293,2025-08-30,3545.01,3569.4267627394174
TR-038294,2025-08-30,801.44,897.8217193008584
TR-038295,2025-08-30,3153.81,3256.58541771057
TR-038296,2025-08-30,1425.21,1571.2069306443575
TR-038297,2025-08-30,1076.3,1125.103635566601
TR-038298,2025-08-30,4388.14,4342.393909744158
TR-038299,2025-08-30,1579.71,1626.3115852387643
TR-038300,2025-08-30,1772.91,1904.8992253817792
TR-038301,2025-08-30,810.88,839.808626198278
TR-038302,2025-08-30,3223.23,3322.5381903402913
TR-038303,2025-08-30,2236.78,2231.431873454335
TR-038304,2025-08-30,2506.35,2590.885162018422
TR-038305,2025-08-30,2323.16,2396.2791940054476
TR-038306,2025-08-30,2073.43,2004.15038290999
TR-038307,2025-08-30,1270.61,1311.0603940637313
TR-038308,2025-08-30,4162.88,4146.849085274434
TR-038309,2025-08-30,551.31,1495.0833723380406
TR-038310,2025-08-30,2044.34,2191.0137335425525
TR-038311,2025-08-30,2999.26,3100.8118707153526
TR-038312,2025-08-30,836.07,852.1917155294475
TR-038313,2025-08-30,2206.24,2285.75823192362
TR-038314,2025-08-30,1535.9,1608.97025294281
TR-038315,2025-08-30,1567.67,1610.1042281729528
TR-038316,2025-08-30,2069.16,1961.6086621652098
TR-038317,2025-08-30,3016.58,3216.571841856571
TR-038318,2025-08-30,1997.86,2047.4831348951952
TR-038319,2025-08-30,3483.44,3671.1687470466923
TR-038320,2025-08-30,2983.43,2904.8566293557733
TR-038321,2025-08-30,2511.74,2467.023346146866
TR-038322,2025-08-30,4600.11,4590.240385462035
TR-038323,2025-08-30,2546.13,2664.6580671628244
TR-038324,2025-08-30,1762.17,1663.7907050692133
TR-038325,2025-08-30,2236.94,2574.660755145682
TR-038326,2025-08-30,4206.68,4191.409556180322
TR-038327,2025-08-30,4288.11,4349.212678950147
TR-038328,2025-08-30,2881.95,2832.1229039546183
TR-038329,2025-08-30,1501.74,3755.738837561482
TR-038330,2025-08-30,2578.73,2558.723758553182
TR-038331,2025-08-31,3233.75,3388.1938455609866
TR-038332,2025-08-31,698.09,751.6033086749171
TR-038333,2025-08-31,1671.41,1714.0784271431326
TR-038334,2025-08-31,1727.0,1716.8744748718782
TR-038335,2025-08-31,5012.22,5390.791182448465
TR-038336,2025-08-31,454.17,587.5826387632794
TR-038337,2025-08-31,3354.9,3371.9197499400425
TR-038338,2025-08-31,2461.86,2638.1917943418366
TR-038339,2025-08-31,854.42,944.3714139199692
TR-038340,2025-08-31,3475.31,3738.486727692333
TR-038341,2025-08-31,1510.17,1496.5817554725313
TR-038342,2025-08-31,4870.06,5164.488763174815
TR-038343,2025-08-31,907.84,949.1278571618827
TR-038344,2025-08-31,4140.64,4206.213921239958
TR-038345,2025-08-31,449.49,506.8711105599016
TR-038346,2025-08-31,2027.8,1931.1640474995068
TR-038347,2025-08-31,1939.87,1873.0052873398674
TR-038348,2025-08-31,3038.18,3131.569276901575
TR-038349,2025-08-31,4459.97,4450.77532828684
TR-038350,2025-08-31,717.91,798.4723457764314
TR-038351,2025-08-31,985.38,1014.1445306778436
TR-038352,2025-08-31,4204.85,4251.909829841484
TR-038353,2025-08-31,1697.78,1765.7433909598726
TR-038354,2025-08-31,1943.47,1810.9250903810916
TR-038355,2025-08-31,3666.12,3843.829574412339
TR-038356,2025-08-31,2916.24,2936.9994653311487
TR-038357,2025-08-31,1456.78,1446.1305533683926
TR-038358,2025-08-31,1864.32,1996.3826725993454
TR-038359,2025-08-31,2958.21,2512.6547660487568
TR-038360,2025-08-31,4343.73,4494.671312612192
TR-038361,2025-08-31,1310.33,1295.0237485042862
TR-038362,2025-08-31,3263.99,3387.1017419837012
TR-038363,2025-08-31,3426.22,3614.766026841565
TR-038364,2025-08-31,1859.2,1771.6331646655542
TR-038365,2025-08-31,2288.42,2149.1235030876805
TR-038366,2025-08-31,3232.28,2815.6179998995804
TR-038367,2025-08-31,2801.66,2689.3109885459166
TR-038368,2025-08-31,2266.11,2444.9767530401778
TR-038369,2025-08-31,4464.52,4658.076756060194
TR-038370,2025-08-31,3527.76,3544.7696770686716
TR-038371,2025-08-31,2793.3,2776.504657319232
TR-038372,2025-08-31,2844.85,2827.3494864799927
TR-038373,2025-08-31,420.84,566.8241362417314
TR-038374,2025-08-31,2497.8,2838.0244102642437
TR-038375,2025-08-31,1587.51,1564.8256886929496
TR-038376,2025-08-31,1876.86,1919.1349160506968
TR-038377,2025-08-31,892.93,924.7534629617599
TR-038378,2025-08-31,2089.46,2060.7736394113235
TR-038379,2025-08-31,2665.95,2855.270254562715
TR-038380,2025-08-31,2167.35,2312.445908671187
TR-038381,2025-08-31,2952.37,3206.118099406106
TR-038382,2025-08-31,4309.09,4508.328431962539
TR-038383,2025-08-31,603.33,710.2789288360132
TR-038384,2025-08-31,2275.18,2274.1006161613623
TR-038385,2025-08-31,4238.1,4163.669767155878
TR-038386,2025-08-31,918.32,945.6302113085196
TR-038387,2025-08-31,578.11,701.4897751725521
TR-038388,2025-08-31,2804.5,2697.0737430308664
TR-038389,2025-08-31,2342.64,2409.8661404907825
TR-038390,2025-08-31,2146.44,1993.113372062593
TR-038391,2025-08-31,2009.89,2063.822814500716
TR-038392,2025-08-31,1278.9,1302.7265362082453
TR-038393,2025-08-31,4801.85,4857.574210880378
TR-038394,2025-08-31,4661.41,4708.525428198751
TR-038395,2025-08-31,892.65,964.7716683370243
TR-038396,2025-08-31,4691.77,4886.8053442173
TR-038397,2025-08-31,1837.56,1968.2433202023062
TR-038398,2025-08-31,1647.49,1738.9008106417778
TR-038399,2025-08-31,2063.84,2019.8803935733351
TR-038400,2025-08-31,762.75,820.685398172616
TR-038401,2025-08-31,631.07,769.4126555511516
TR-038402,2025-08-31,1755.35,1729.615254940646
TR-038403,2025-08-31,4466.13,4672.908981895393
TR-038404,2025-08-31,2574.99,2361.338631540418
TR-038405,2025-08-31,576.69,578.9019647918208
TR-038406,2025-08-31,3685.33,3952.0606188200272
TR-038407,2025-08-31,2851.4,2923.1170010799838
TR-038408,2025-08-31,2996.08,3114.791318223074
TR-038409,2025-08-31,4225.72,4209.751745712942
TR-038410,2025-08-31,3850.74,4032.7769415765183
TR-038411,2025-08-31,1239.35,1269.073424737303
TR-038412,2025-08-31,1222.86,1268.995095313003
TR-038413,2025-08-31,2142.98,1910.5083745133497
TR-038414,2025-08-31,3847.65,3965.498545287729
TR-038415,2025-08-31,1939.02,1927.4094975007438
TR-038416,2025-08-31,1887.9,2042.775549447636
TR-038417,2025-08-31,361.91,616.6864646889317
TR-038418,2025-08-31,5030.28,5146.517922447667
TR-038419,2025-08-31,1578.38,1608.094167704862
TR-038420,2025-08-31,1834.76,1823.1435120154135
TR-038421,2025-08-31,4722.33,4999.67260188
TR-038422,2025-08-31,1473.29,1508.8875925366374
TR-038423,2025-08-31,724.88,866.8314607595325
TR-038424,2025-08-31,1873.01,1816.7749016445528
TR-038425,2025-08-31,1875.26,2078.260277721429
TR-038426,2025-08-31,1534.18,1679.4275216004064
TR-038427,2025-08-31,1017.09,1079.8439786042882
TR-038428,2025-08-31,4375.08,4343.927949096383
TR-038429,2025-08-31,1327.08,1304.5409666703417
TR-038430,2025-08-31,611.1,709.1553172651993
TR-038431,2025-08-31,1778.4,1738.2230605534528
TR-038432,2025-08-31,693.2,776.2498936489987
TR-038433,2025-08-31,1374.19,1354.5437132541006
TR-038434,2025-08-31,982.54,1026.5486816313419
TR-038435,2025-08-31,3546.39,3551.9177796596773
TR-038436,2025-08-31,2473.61,2600.1051936698286
TR-038437,2025-08-31,2734.79,2698.7122030581777
TR-038438,2025-08-31,4245.9,4416.471772974914
TR-038439,2025-08-31,2964.86,3011.7687083677483
TR-038440,2025-08-31,3704.63,4003.885038961357
TR-038441,2025-08-31,2148.12,2231.844870108257
TR-038442,2025-08-31,805.86,837.1959527526212
TR-038443,2025-08-31,3067.56,2955.32568277674
TR-038444,2025-08-31,4405.94,4483.545821004529
TR-038445,2025-08-31,618.57,751.9506654285497
TR-038446,2025-08-31,1987.09,2242.9329808318694
TR-038447,2025-08-31,1021.84,1036.7329664865229
TR-038448,2025-08-31,449.12,579.2749922795222
TR-038449,2025-08-31,2475.36,2841.8940287929613
TR-038450,2025-08-31,1770.71,1806.8146743789018
TR-038451,2025-08-31,2007.29,2046.4791483420324
TR-038452,2025-08-31,1346.97,1308.010963910573
TR-038453,2025-08-31,1282.9,1289.2590196888368
TR-038454,2025-08-31,2494.51,2425.308152218428
TR-038455,2025-08-31,1869.31,1945.1869559059974
TR-038456,2025-08-31,4632.24,4499.318189788796
TR-038457,2025-08-31,3369.16,3621.005642466716
TR-038458,2025-08-31,1405.18,1352.9143963680926
TR-038459,2025-08-31,1587.4,1642.9192898765368
TR-038460,2025-08-31,7384.72,2957.651928414137
TR-038461,2025-08-31,2459.39,2318.9101057486955
TR-038462,2025-08-31,3536.58,3473.875131064463
TR-038463,2025-08-31,2121.53,2105.3001354519993
TR-038464,2025-08-31,894.58,928.386271178731
TR-038465,2025-08-31,1038.53,1034.14997802578
TR-038466,2025-08-31,2040.45,1985.9897960933345
TR-038467,2025-08-31,890.49,935.4400710877771
TR-038468,2025-08-31,699.48,800.5054042432002
TR-038469,2025-08-31,1856.32,1835.101662246697
TR-038470,2025-08-31,214.48,563.4592328693145
TR-038471,2025-08-31,3899.95,4076.0763728792294
TR-038472,2025-08-31,4945.76,4984.804958096631
TR-038473,2025-08-31,3057.86,3132.738158931923
TR-038474,2025-08-31,2322.2,2130.5784285946543
TR-038475,2025-08-31,1636.72,1708.5595597034796
TR-038476,2025-08-31,2591.36,2767.2332755140965
TR-038477,2025-08-31,3365.56,3519.7773992182892
