load_id,date,posted_rate,predicted_rate
TR-028807,2025-07-01,626.6,608.2541386878764
TR-028808,2025-07-01,935.85,953.0330758372063
TR-028809,2025-07-01,2098.29,2092.7639488153627
TR-028810,2025-07-01,3062.96,2955.1716454967
TR-028811,2025-07-01,1221.59,1228.781518463196
TR-028812,2025-07-01,1114.49,1117.0325737213157
TR-028813,2025-07-01,1829.62,1794.282525230075
TR-028814,2025-07-01,10620.88,3138.0917857917298
TR-028815,2025-07-01,562.33,557.3281564624754
TR-028816,2025-07-01,4406.98,4256.907507824378
TR-028817,2025-07-01,1322.56,1277.1569881529422
TR-028818,2025-07-01,2634.99,2811.839093243555
TR-028819,2025-07-01,3208.35,3296.6452024921955
TR-028820,2025-07-01,3627.33,3671.8686027094905
TR-028821,2025-07-01,2793.15,2837.7882769322055
TR-028822,2025-07-01,2992.18,2925.365386859877
TR-028823,2025-07-01,2944.35,3033.9440649393687
TR-028824,2025-07-01,3450.56,3575.4923621123075
TR-028825,2025-07-01,14317.13,3364.7409202171507
TR-028826,2025-07-01,1821.29,1793.2651009044162
TR-028827,2025-07-01,1453.06,1449.3438152217086
TR-028828,2025-07-01,327.04,306.6354265821265
TR-028829,2025-07-01,653.64,600.8704231538728
TR-028830,2025-07-01,417.85,370.3619926701847
TR-028831,2025-07-01,1778.94,1787.0017395741759
TR-028832,2025-07-01,2884.66,2766.923637623452
TR-028833,2025-07-01,1271.87,1253.1430512062705
TR-028834,2025-07-01,839.16,820.2913191783127
TR-028835,2025-07-01,2860.06,3024.6183518126254
TR-028836,2025-07-01,698.22,686.7925812638164
TR-028837,2025-07-01,645.97,646.3478773715344
TR-028838,2025-07-01,3502.07,3482.4048142990473
TR-028839,2025-07-01,4025.77,3938.7456208379417
TR-028840,2025-07-01,1241.43,1232.6686077101742
TR-028841,2025-07-01,2856.47,2897.3300513726213
TR-028842,2025-07-01,4300.61,4546.906539792379
TR-028843,2025-07-01,2343.99,2330.5283191016692
TR-028844,2025-07-01,739.24,741.2226969058536
TR-028845,2025-07-01,2176.41,2075.9249331734923
TR-028846,2025-07-01,3866.42,3601.135051404948
TR-028847,2025-07-01,1907.65,1889.7985672562793
TR-028848,2025-07-01,3986.07,4235.996842258594
TR-028849,2025-07-01,235.59,287.98079205119785
TR-028850,2025-07-01,1850.29,1862.9366660313865
TR-028851,2025-07-01,982.61,942.9378817803153
TR-028852,2025-07-01,1984.8,1941.39974216458
TR-028853,2025-07-01,2617.48,2558.155808598793
TR-028854,2025-07-01,815.85,770.2892613771478
TR-028855,2025-07-01,5303.95,5355.046360086807
TR-028856,2025-07-01,3194.99,3132.153332656259
TR-028857,2025-07-01,914.78,897.2041078629787
TR-028858,2025-07-01,2708.27,2707.116365657487
TR-028859,2025-07-01,2200.21,2109.7904452037033
TR-028860,2025-07-01,1321.67,1302.0374631165723
TR-028861,2025-07-01,5777.13,5702.120026139996
TR-028862,2025-07-01,1224.18,1207.7846980830952
TR-028863,2025-07-01,516.87,480.85869556193455
TR-028864,2025-07-01,1548.83,1563.9725157940713
TR-028865,2025-07-01,1278.95,1290.0156809236958
TR-028866,2025-07-01,1461.33,1436.4891541018335
TR-028867,2025-07-01,273.18,308.1462767311509
TR-028868,2025-07-01,4093.76,3949.3514861743292
TR-028869,2025-07-01,4423.87,4516.050741891471
TR-028870,2025-07-01,1377.43,1392.459728995865
TR-028871,2025-07-01,1101.06,1096.7999764460378
TR-028872,2025-07-01,3504.89,3548.756268938623
TR-028873,2025-07-01,1840.51,1865.301482217586
TR-028874,2025-07-01,1216.63,1187.7636004694034
TR-028875,2025-07-01,703.33,698.838940209782
TR-028876,2025-07-01,356.22,355.144179270551
TR-028877,2025-07-01,2139.58,2089.667907544761
TR-028878,2025-07-01,1328.65,1333.1652099844039
TR-028879,2025-07-01,2571.68,2515.9011564540338
TR-028880,2025-07-01,2147.82,2082.7512801501816
TR-028881,2025-07-01,4045.7,4184.358208221844
TR-028882,2025-07-01,5258.57,5425.357855425474
TR-028883,2025-07-01,1509.85,1513.1128976461432
TR-028884,2025-07-01,2493.54,2462.8539800162957
TR-028885,2025-07-01,2007.92,1950.9269155978602
TR-028886,2025-07-01,2705.35,2649.228340272229
TR-028887,2025-07-01,4773.67,4801.3787681637605
TR-028888,2025-07-01,2946.58,2796.5425923957564
TR-028889,2025-07-01,3296.22,3284.078009283157
TR-028890,2025-07-01,1065.26,1070.4492138476216
TR-028891,2025-07-01,4341.59,4295.830642968293
TR-028892,2025-07-01,4819.69,5086.890864939999
TR-028893,2025-07-01,900.44,908.8276206366738
TR-028894,2025-07-01,769.64,754.6649780083133
TR-028895,2025-07-01,2215.65,2301.5500787426176
TR-028896,2025-07-01,3848.85,4075.341276092925
TR-028897,2025-07-01,1624.75,1684.2065819563054
TR-028898,2025-07-01,2448.78,2400.7386610968138
TR-028899,2025-07-01,858.44,861.9837874143026
TR-028900,2025-07-01,2907.21,2902.7636335264942
TR-028901,2025-07-01,1149.03,1152.2648791033334
TR-028902,2025-07-01,3544.78,3389.4117723749314
TR-028903,2025-07-01,579.66,577.1393348062431
TR-028904,2025-07-01,543.27,556.7409151862539
TR-028905,2025-07-01,3914.12,3937.595158301648
TR-028906,2025-07-01,3315.5,3471.6070474826633
TR-028907,2025-07-01,583.89,593.693803687871
TR-028908,2025-07-01,1173.28,1154.1661562733202
TR-028909,2025-07-01,1981.14,1967.9549008677423
TR-028910,2025-07-01,370.42,305.9435426166359
TR-028911,2025-07-01,3861.91,3899.9651385544566
TR-028912,2025-07-01,1230.66,1225.9856001926528
TR-028913,2025-07-01,871.05,854.1676142845289
TR-028914,2025-07-01,4603.91,4833.179269946068
TR-028915,2025-07-01,1580.55,1568.4519546263932
TR-028916,2025-07-01,2822.69,2806.2990886176353
TR-028917,2025-07-01,6680.25,6214.904228926582
TR-028918,2025-07-01,2046.52,2011.0029516447305
TR-028919,2025-07-01,2178.28,2217.8304214319046
TR-028920,2025-07-01,1034.06,1027.0520946530128
TR-028921,2025-07-01,688.13,678.6689418988788
TR-028922,2025-07-01,402.91,356.9560707663914
TR-028923,2025-07-01,1853.36,1854.9065954838493
TR-028924,2025-07-01,1855.08,1800.9972147095193
TR-028925,2025-07-01,975.19,963.4822736299243
TR-028926,2025-07-01,248.36,240.16856032893205
TR-028927,2025-07-01,1388.73,1381.9766262866744
TR-028928,2025-07-01,714.49,700.9561054464165
TR-028929,2025-07-01,3611.14,3742.0181897290495
TR-028930,2025-07-01,2908.62,3069.0395903814365
TR-028931,2025-07-01,2165.32,2109.8408311236735
TR-028932,2025-07-01,2021.38,2051.1021129992096
TR-028933,2025-07-01,1581.8,1545.0516461237764
TR-028934,2025-07-01,1826.13,1798.7462491979818
TR-028935,2025-07-01,919.01,903.3405780772674
TR-028936,2025-07-01,1797.97,1782.9302736043767
TR-028937,2025-07-01,939.1,944.7249043108164
TR-028938,2025-07-01,404.65,386.81297472302697
TR-028939,2025-07-01,3968.9,4231.211273057802
TR-028940,2025-07-01,3981.55,4315.721538036853
TR-028941,2025-07-01,1943.06,1921.401335052188
TR-028942,2025-07-02,5711.09,5624.17430186241
TR-028943,2025-07-02,855.3,835.3878727971747
TR-028944,2025-07-02,1695.86,1656.891206955918
TR-028945,2025-07-02,832.59,840.012885276948
TR-028946,2025-07-02,5215.9,5486.371849099447
TR-028947,2025-07-02,3653.88,3599.6194323131044
TR-028948,2025-07-02,4028.79,3932.713248541289
TR-028949,2025-07-02,851.35,832.7663446264808
TR-028950,2025-07-02,2996.52,2928.5444101350263
TR-028951,2025-07-02,4131.57,4242.916403352173
TR-028952,2025-07-02,2892.63,2775.5709320827286
TR-028953,2025-07-02,3701.2,3741.330100555881
TR-028954,2025-07-02,1760.71,1746.2407359636115
TR-028955,2025-07-02,942.81,930.2831084039501
TR-028956,2025-07-02,1920.97,1877.4868273752047
TR-028957,2025-07-02,2407.72,2345.5096311530233
TR-028958,2025-07-02,2319.06,2324.051660242991
TR-028959,2025-07-02,6114.99,5847.351621565926
TR-028960,2025-07-02,1482.09,1394.7470372810603
TR-028961,2025-07-02,4264.16,4495.455075770198
TR-028962,2025-07-02,1585.26,1592.438027524296
TR-028963,2025-07-02,2356.2,2362.642923004309
TR-028964,2025-07-02,1587.61,1580.2710723348196
TR-028965,2025-07-02,1286.43,1240.4675272283025
TR-028966,2025-07-02,2530.79,2569.6119698654907
TR-028967,2025-07-02,1802.0,1808.1397003549353
TR-028968,2025-07-02,3269.47,3205.524105066761
TR-028969,2025-07-02,3631.63,3641.04160326608
TR-028970,2025-07-02,1567.37,1517.502706714061
TR-028971,2025-07-02,5145.21,5294.124102333683
TR-028972,2025-07-02,1717.01,1702.2085957169597
TR-028973,2025-07-02,1301.23,1277.633889489457
TR-028974,2025-07-02,3154.11,3228.243459728784
TR-028975,2025-07-02,4209.18,4501.087663113422
TR-028976,2025-07-02,2152.54,2084.6438656031096
TR-028977,2025-07-02,1536.48,1534.4474561007335
TR-028978,2025-07-02,864.86,837.0722884155218
TR-028979,2025-07-02,3931.54,3936.8918696739847
TR-028980,2025-07-02,2327.02,2332.5114432920077
TR-028981,2025-07-02,2752.9,2608.07293899222
TR-028982,2025-07-02,3771.83,3465.3599506668093
TR-028983,2025-07-02,918.39,902.5829526534023
TR-028984,2025-07-02,2212.28,2204.8879875158036
TR-028985,2025-07-02,1710.13,1712.3049014468938
TR-028986,2025-07-02,1354.27,1335.0592574894556
TR-028987,2025-07-02,1236.65,1218.374770833801
TR-028988,2025-07-02,875.39,854.1552705529273
TR-028989,2025-07-02,1836.8,1842.914419442596
TR-028990,2025-07-02,1767.03,1755.5048559371828
TR-028991,2025-07-02,1041.97,1037.689289096255
TR-028992,2025-07-02,4940.32,4682.8570093876
TR-028993,2025-07-02,4472.58,4350.1901484343025
TR-028994,2025-07-02,2573.29,2550.4861018161573
TR-028995,2025-07-02,4351.15,4662.3404894735095
TR-028996,2025-07-02,1156.87,3083.929820098108
TR-028997,2025-07-02,414.32,408.7188407656599
TR-028998,2025-07-02,3533.26,3320.678474980009
TR-028999,2025-07-02,1093.87,1066.498349018188
TR-029000,2025-07-02,2738.89,2694.873469210645
TR-029001,2025-07-02,1535.3,1487.0221943258546
TR-029002,2025-07-02,1448.52,1424.2660192768926
TR-029003,2025-07-02,1652.99,1645.0192874825254
TR-029004,2025-07-02,1289.14,1260.0446322449538
TR-029005,2025-07-02,2736.43,2672.8853978610364
TR-029006,2025-07-02,759.45,759.4596603020505
TR-029007,2025-07-02,3712.22,3723.522459775464
TR-029008,2025-07-02,2062.12,2068.235659208451
TR-029009,2025-07-02,830.7,826.2428198476341
TR-029010,2025-07-02,3244.87,3032.591929115619
TR-029011,2025-07-02,1569.03,1604.4125822384601
TR-029012,2025-07-02,999.13,1017.476095399565
TR-029013,2025-07-02,3277.56,3520.858500846783
TR-029014,2025-07-02,1156.57,1138.555755435173
TR-029015,2025-07-02,5028.75,5101.552278947021
TR-029016,2025-07-02,2438.96,2272.264450440985
TR-029017,2025-07-02,1428.54,1463.9996032960444
TR-029018,2025-07-02,2633.23,2636.3791637999843
TR-029019,2025-07-02,2255.41,2253.309290765896
TR-029020,2025-07-02,2306.72,2360.7638876108613
TR-029021,2025-07-02,6533.28,6338.870793851324
TR-029022,2025-07-02,1835.12,1802.6790639520093
TR-029023,2025-07-02,2127.89,2136.642097469047
TR-029024,2025-07-02,1941.68,1924.2720976599628
TR-029025,2025-07-02,1422.18,1405.7051814992883
TR-029026,2025-07-02,2562.16,2517.0016704347877
TR-029027,2025-07-02,2806.86,2834.9162853875564
TR-029028,2025-07-02,3821.87,3718.5174793282536
TR-029029,2025-07-02,3490.08,3243.2969805313364
TR-029030,2025-07-02,1944.87,1887.056751095325
TR-029031,2025-07-02,4689.45,4843.984741549322
TR-029032,2025-07-02,600.54,623.7473582656271
TR-029033,2025-07-02,4250.77,4474.761533585529
TR-029034,2025-07-02,1390.85,1371.5569367893268
TR-029035,2025-07-02,2521.13,2462.722005122896
TR-029036,2025-07-02,2570.02,2550.860164600134
TR-029037,2025-07-02,1787.35,1771.8367718658158
TR-029038,2025-07-02,763.35,764.7236087516577
TR-029039,2025-07-02,4680.28,4743.730404725521
TR-029040,2025-07-02,632.86,631.8812507583945
TR-029041,2025-07-02,914.78,918.0855716912334
TR-029042,2025-07-02,1354.81,1327.4398468196541
TR-029043,2025-07-02,3027.02,3073.959454565849
TR-029044,2025-07-02,3145.29,3272.3049048997154
TR-029045,2025-07-02,2643.78,2720.0348815159164
TR-029046,2025-07-02,3915.41,3923.021753616745
TR-029047,2025-07-02,3646.72,3613.065950635204
TR-029048,2025-07-02,2101.39,2069.426747042185
TR-029049,2025-07-02,4255.94,4218.40451902687
TR-029050,2025-07-02,1960.27,1924.5666414855862
TR-029051,2025-07-02,2302.58,2225.137552461919
TR-029052,2025-07-02,1507.02,1488.610022792046
TR-029053,2025-07-02,2502.53,2547.401863585064
TR-029054,2025-07-02,1645.78,1647.6411292491782
TR-029055,2025-07-02,1984.68,5750.65627438681
TR-029056,2025-07-02,667.86,2942.4188044388047
TR-029057,2025-07-02,939.55,937.5023275489843
TR-029058,2025-07-02,385.09,1075.744441113761
TR-029059,2025-07-02,1830.56,1853.7771606660156
TR-029060,2025-07-02,1240.91,1232.6472671986578
TR-029061,2025-07-02,2615.74,2494.012750708788
TR-029062,2025-07-02,994.92,976.1230655491681
TR-029063,2025-07-02,2543.01,2543.9945358809605
TR-029064,2025-07-02,1465.3,1423.254034078843
TR-029065,2025-07-02,1541.37,1516.6358852591354
TR-029066,2025-07-02,3444.49,3530.058819232435
TR-029067,2025-07-02,1218.98,1186.1976956126248
TR-029068,2025-07-02,1795.15,1846.6539045646618
TR-029069,2025-07-02,1088.73,1085.4266530529703
TR-029070,2025-07-02,4930.68,4962.706898076694
TR-029071,2025-07-02,1778.3,1797.8990836737594
TR-029072,2025-07-02,881.52,868.1746542043152
TR-029073,2025-07-02,3468.84,3551.2909795110195
TR-029074,2025-07-02,3889.14,4081.505469142751
TR-029075,2025-07-02,5576.85,5688.965640488975
TR-029076,2025-07-02,3618.13,3692.377686948102
TR-029077,2025-07-02,2173.12,2198.5044978176365
TR-029078,2025-07-02,4207.04,4301.71244187829
TR-029079,2025-07-02,2252.03,2293.5441410058675
TR-029080,2025-07-02,3400.54,3526.3540251931477
TR-029081,2025-07-02,4057.18,4249.381935261887
TR-029082,2025-07-02,302.23,330.2791658344134
TR-029083,2025-07-02,1005.71,996.6154821343445
TR-029084,2025-07-02,1313.45,1283.9077844638916
TR-029085,2025-07-02,3401.92,3505.8391659027684
TR-029086,2025-07-02,1973.95,1971.2441236111115
TR-029087,2025-07-02,3913.76,4118.441256329592
TR-029088,2025-07-02,1281.3,1254.0319361338695
TR-029089,2025-07-02,2986.67,703.4111144808631
TR-029090,2025-07-02,3828.91,3680.301010103416
TR-029091,2025-07-02,4161.23,4308.998204041385
TR-029092,2025-07-02,3500.78,3568.999207373789
TR-029093,2025-07-02,927.41,895.9878857726167
TR-029094,2025-07-02,3514.9,3670.7285829500343
TR-029095,2025-07-02,2571.41,2512.878833611677
TR-029096,2025-07-02,3126.05,3103.739742400735
TR-029097,2025-07-02,1201.25,1199.2000082378804
TR-029098,2025-07-02,1071.17,1070.6807878414018
TR-029099,2025-07-02,2041.72,2038.4754595950303
TR-029100,2025-07-02,3403.32,3516.695160168659
TR-029101,2025-07-02,2291.86,2281.0903547453263
TR-029102,2025-07-02,6557.41,6283.37862732338
TR-029103,2025-07-02,1616.31,1585.6600210369309
TR-029104,2025-07-02,4067.5,4100.519114899149
TR-029105,2025-07-02,3671.51,3851.572950206253
TR-029106,2025-07-02,2491.55,2426.6677591489083
TR-029107,2025-07-02,1022.58,1029.179911325961
TR-029108,2025-07-02,2411.54,2317.8441175501716
TR-029109,2025-07-02,2672.17,2614.6696533399863
TR-029110,2025-07-02,1411.61,1385.6754411287934
TR-029111,2025-07-02,1302.7,1282.890790200834
TR-029112,2025-07-02,809.09,810.2262581348482
TR-029113,2025-07-03,1372.84,1348.867369833208
TR-029114,2025-07-03,4993.53,5033.02963447875
TR-029115,2025-07-03,1635.91,1607.0782671832824
TR-029116,2025-07-03,4120.34,4123.497774232751
TR-029117,2025-07-03,3178.09,3090.313753463997
TR-029118,2025-07-03,618.65,611.7563873294588
TR-029119,2025-07-03,2610.24,2553.9610315990444
TR-029120,2025-07-03,899.4,892.5931690520387
TR-029121,2025-07-03,945.76,954.1700248889038
TR-029122,2025-07-03,551.17,559.8558472037579
TR-029123,2025-07-03,1768.84,1764.816717707651
TR-029124,2025-07-03,2518.94,2589.451611541487
TR-029125,2025-07-03,363.33,370.62839042794707
TR-029126,2025-07-03,879.49,899.6831391783358
TR-029127,2025-07-03,1411.96,1387.0806082937609
TR-029128,2025-07-03,531.88,492.43738544899423
TR-029129,2025-07-03,1577.31,1553.2913209343649
TR-029130,2025-07-03,3756.05,3682.178351594365
TR-029131,2025-07-03,1523.87,1478.0975433794017
TR-029132,2025-07-03,620.08,594.4264090521676
TR-029133,2025-07-03,1272.96,1255.86132242627
TR-029134,2025-07-03,1547.43,1542.2634447742594
TR-029135,2025-07-03,2195.94,2249.9860580417103
TR-029136,2025-07-03,1243.41,1213.0422298883323
TR-029137,2025-07-03,1802.67,1779.2617645492098
TR-029138,2025-07-03,1497.95,1517.6136027799582
TR-029139,2025-07-03,1565.05,1555.627516447321
TR-029140,2025-07-03,1964.36,1958.872523705083
TR-029141,2025-07-03,1715.34,1683.169816123112
TR-029142,2025-07-03,1092.52,1096.00220737723
TR-029143,2025-07-03,3842.68,3903.783169833328
TR-029144,2025-07-03,3605.69,3514.515519784726
TR-029145,2025-07-03,1365.22,1372.322740382773
TR-029146,2025-07-03,354.91,358.2075991346616
TR-029147,2025-07-03,819.45,812.3549433210047
TR-029148,2025-07-03,3163.43,3034.9489907351817
TR-029149,2025-07-03,1780.26,1785.5861759347051
TR-029150,2025-07-03,819.93,805.2634858522653
TR-029151,2025-07-03,367.89,393.0168455625247
TR-029152,2025-07-03,1798.74,1783.9453415182033
TR-029153,2025-07-03,2355.7,2208.50006049762
TR-029154,2025-07-03,3258.23,3372.2706004993843
TR-029155,2025-07-03,1639.04,1687.573192028288
TR-029156,2025-07-03,508.14,505.327157452662
TR-029157,2025-07-03,1751.51,1760.8406574479113
TR-029158,2025-07-03,4130.3,4022.5706023324924
TR-029159,2025-07-03,504.55,481.8226786539995
TR-029160,2025-07-03,739.49,707.4114998866556
TR-029161,2025-07-03,1984.65,1889.35240863864
TR-029162,2025-07-03,2229.43,2144.557093522156
TR-029163,2025-07-03,625.37,593.7817413350032
TR-029164,2025-07-03,985.28,972.2185545852684
TR-029165,2025-07-03,3701.58,3730.657550243957
TR-029166,2025-07-03,599.88,577.5375795642069
TR-029167,2025-07-03,3830.39,3659.999305990412
TR-029168,2025-07-03,1491.5,1474.0901842060084
TR-029169,2025-07-03,798.32,790.1701943674448
TR-029170,2025-07-03,3077.81,3127.4863158834805
TR-029171,2025-07-03,6757.79,6286.248189188475
TR-029172,2025-07-03,2398.43,2315.504887254867
TR-029173,2025-07-03,1689.91,1629.2920128852568
TR-029174,2025-07-03,4185.87,4108.616302110777
TR-029175,2025-07-03,1888.21,1841.4395988903468
TR-029176,2025-07-03,1024.02,1005.7757418287382
TR-029177,2025-07-03,2554.26,2449.1413922695197
TR-029178,2025-07-03,1211.43,1190.0252425634335
TR-029179,2025-07-03,3073.9,2970.7751054145137
TR-029180,2025-07-03,5471.49,5557.521714063213
TR-029181,2025-07-03,2141.4,2262.915762800787
TR-029182,2025-07-03,3260.53,3353.9151784077712
TR-029183,2025-07-03,2283.75,2313.681020537027
TR-029184,2025-07-03,1496.39,1514.1279950509586
TR-029185,2025-07-03,4132.37,4194.573987639442
TR-029186,2025-07-03,2167.12,2122.9042860654185
TR-029187,2025-07-03,1848.13,1836.0532831595187
TR-029188,2025-07-03,1390.25,1364.3302190892193
TR-029189,2025-07-03,993.6,1007.1292768484799
TR-029190,2025-07-03,3963.72,4252.8547229221085
TR-029191,2025-07-03,2866.56,2682.016413778695
TR-029192,2025-07-03,3088.02,3073.5316663649414
TR-029193,2025-07-03,3601.13,3631.778529852774
TR-029194,2025-07-03,3175.81,3112.692257477374
TR-029195,2025-07-03,2095.34,2041.6211025593234
TR-029196,2025-07-03,3898.37,3761.708714373996
TR-029197,2025-07-03,1507.49,1503.4275666989483
TR-029198,2025-07-03,750.7,723.9018689512042
TR-029199,2025-07-03,727.64,731.3971396763097
TR-029200,2025-07-03,5388.14,5598.541654061885
TR-029201,2025-07-03,5213.56,5220.779276369575
TR-029202,2025-07-03,3975.27,3943.540230425341
TR-029203,2025-07-03,5251.54,5010.888800185418
TR-029204,2025-07-03,2007.61,1999.4596242345058
TR-029205,2025-07-03,652.91,642.1457320569859
TR-029206,2025-07-03,2011.24,1963.7803196189354
TR-029207,2025-07-03,717.4,708.7926884108115
TR-029208,2025-07-03,3476.12,3431.1720148540912
TR-029209,2025-07-03,3095.41,3029.8818470857254
TR-029210,2025-07-03,1681.61,1630.900585297323
TR-029211,2025-07-03,868.37,884.6808570028593
TR-029212,2025-07-03,1555.08,1567.112934682546
TR-029213,2025-07-03,1243.46,1220.6639793617946
TR-029214,2025-07-03,2429.23,2424.9585553736965
TR-029215,2025-07-03,2047.49,2060.1824799152596
TR-029216,2025-07-03,3904.97,3999.258876077833
TR-029217,2025-07-03,4014.57,4213.136497210181
TR-029218,2025-07-03,3504.91,3650.930767571366
TR-029219,2025-07-03,3890.59,3792.7490294113745
TR-029220,2025-07-03,3530.95,3348.8783472096025
TR-029221,2025-07-03,820.77,825.8948996720784
TR-029222,2025-07-03,555.72,566.776673926119
TR-029223,2025-07-03,2359.44,2444.184448676573
TR-029224,2025-07-03,1438.78,1384.8612907680654
TR-029225,2025-07-03,3022.9,3063.928964921811
TR-029226,2025-07-03,1780.81,1786.0445403042042
TR-029227,2025-07-03,5808.93,5727.520487773207
TR-029228,2025-07-03,1227.25,1219.762652167399
TR-029229,2025-07-03,4089.85,4138.792753906747
TR-029230,2025-07-03,3026.77,2964.0322689958693
TR-029231,2025-07-03,2970.8,2928.2668195256447
TR-029232,2025-07-03,2739.12,2771.0445664540816
TR-029233,2025-07-03,4740.65,4937.4153769403765
TR-029234,2025-07-03,1199.16,1181.9135414496507
TR-029235,2025-07-03,3065.85,3155.30163440793
TR-029236,2025-07-03,1910.41,1914.9558123209447
TR-029237,2025-07-03,2359.23,2301.4713567822537
TR-029238,2025-07-03,2771.73,2621.812007644685
TR-029239,2025-07-03,452.41,2117.4533913374535
TR-029240,2025-07-03,1470.71,1473.1905393049353
TR-029241,2025-07-03,2721.94,2669.827536229647
TR-029242,2025-07-03,1764.63,1722.7702587286226
TR-029243,2025-07-03,4127.61,3975.7980470973216
TR-029244,2025-07-03,2736.72,2665.9386098343552
TR-029245,2025-07-03,2259.6,2218.9802866826512
TR-029246,2025-07-03,1948.46,1956.7857697042284
TR-029247,2025-07-03,2759.39,2689.0462474387764
TR-029248,2025-07-03,4634.7,4367.093533078691
TR-029249,2025-07-03,4362.9,4586.4261822368435
TR-029250,2025-07-03,1761.67,1789.631716367804
TR-029251,2025-07-03,1779.73,1774.234789454941
TR-029252,2025-07-03,1736.02,1703.2269292606072
TR-029253,2025-07-03,1139.87,1149.605220496966
TR-029254,2025-07-03,466.76,502.0198466646158
TR-029255,2025-07-03,5091.93,5059.553162345771
TR-029256,2025-07-03,5237.17,4963.972178751577
TR-029257,2025-07-03,4141.16,4173.5913647784155
TR-029258,2025-07-03,1449.51,1418.5853041955138
TR-029259,2025-07-03,1532.58,1527.5879875349922
TR-029260,2025-07-03,2554.74,2580.749462074575
TR-029261,2025-07-03,3867.09,4005.986570967502
TR-029262,2025-07-03,731.01,714.7455775999842
TR-029263,2025-07-03,2045.53,2050.9848311690453
TR-029264,2025-07-03,2005.72,1987.5950657699789
TR-029265,2025-07-03,1727.72,1698.2039415488778
TR-029266,2025-07-03,875.59,853.924655037932
TR-029267,2025-07-03,3582.28,3502.7161401925964
TR-029268,2025-07-03,5397.96,1626.8676510397902
TR-029269,2025-07-03,1423.44,1402.3691942746468
TR-029270,2025-07-03,4594.59,4284.297985237957
TR-029271,2025-07-03,1852.17,1852.4584725535517
TR-029272,2025-07-03,5851.06,5822.07328883432
TR-029273,2025-07-03,5773.55,5790.222455953683
TR-029274,2025-07-03,1571.52,1563.8684118474769
TR-029275,2025-07-03,615.72,572.6025740944247
TR-029276,2025-07-03,984.22,957.273713320321
TR-029277,2025-07-03,5132.78,5157.839423892075
TR-029278,2025-07-03,7269.5,1503.6874600739184
TR-029279,2025-07-03,1326.62,1343.835500305062
TR-029280,2025-07-03,1595.79,1622.3221603066743
TR-029281,2025-07-03,2320.91,2219.9961761164345
TR-029282,2025-07-03,2133.72,2093.195118756389
TR-029283,2025-07-03,5304.85,5502.582540412391
TR-029284,2025-07-03,2918.04,2930.765127423503
TR-029285,2025-07-04,4019.88,4304.979369194654
TR-029286,2025-07-04,13817.43,3386.3610591280967
TR-029287,2025-07-04,2143.34,2115.6376148369336
TR-029288,2025-07-04,639.48,644.4277553011384
TR-029289,2025-07-04,1847.91,1855.8962252117542
TR-029290,2025-07-04,5440.05,5586.102844077479
TR-029291,2025-07-04,4157.05,4034.7531218903387
TR-029292,2025-07-04,2758.46,2711.328815673548
TR-029293,2025-07-04,528.02,524.8478292589206
TR-029294,2025-07-04,3698.93,3685.989906445795
TR-029295,2025-07-04,1625.58,1646.6546020687795
TR-029296,2025-07-04,1918.63,1894.414356100163
TR-029297,2025-07-04,2385.13,2414.8595379120106
TR-029298,2025-07-04,1947.16,1930.8899686112254
TR-029299,2025-07-04,4087.24,4266.291910111175
TR-029300,2025-07-04,1888.37,1869.58125984169
TR-029301,2025-07-04,4764.99,4533.312472158756
TR-029302,2025-07-04,5112.57,5212.225657579726
TR-029303,2025-07-04,4796.35,5011.6786235623895
TR-029304,2025-07-04,2494.55,2496.109521590558
TR-029305,2025-07-04,4537.98,4643.239316145343
TR-029306,2025-07-04,1035.87,1019.7149146672896
TR-029307,2025-07-04,919.79,890.2265609494053
TR-029308,2025-07-04,2804.29,2722.4503842836507
TR-029309,2025-07-04,722.76,750.1735481348092
TR-029310,2025-07-04,1199.68,1146.2982128771139
TR-029311,2025-07-04,1158.38,1184.1031183646999
TR-029312,2025-07-04,5514.34,5675.985265133261
TR-029313,2025-07-04,3865.41,3726.95129929634
TR-029314,2025-07-04,3925.43,3994.948904402746
TR-029315,2025-07-04,1477.98,1468.4329507071664
TR-029316,2025-07-04,2055.98,2068.433996708484
TR-029317,2025-07-04,3927.35,3899.453869643029
TR-029318,2025-07-04,3927.72,3722.0811095529198
TR-029319,2025-07-04,4225.89,4092.405219350564
TR-029320,2025-07-04,2882.95,2990.4036230446013
TR-029321,2025-07-04,2697.99,2573.7572994856673
TR-029322,2025-07-04,3145.99,3114.0231324487813
TR-029323,2025-07-04,1177.34,1150.5255601042022
TR-029324,2025-07-04,1367.89,1331.0569004125675
TR-029325,2025-07-04,1494.5,1468.0260452692849
TR-029326,2025-07-04,829.71,807.7860889787642
TR-029327,2025-07-04,3994.55,4181.880828181006
TR-029328,2025-07-04,1796.35,1794.706694790078
TR-029329,2025-07-04,4076.22,4304.42558878154
TR-029330,2025-07-04,4022.62,4274.750724329659
TR-029331,2025-07-04,1322.87,1324.4469541605692
TR-029332,2025-07-04,2223.07,2276.559755079183
TR-029333,2025-07-04,2105.37,2104.660021858946
TR-029334,2025-07-04,3426.84,3524.181569762909
TR-029335,2025-07-04,996.34,983.5019778269026
TR-029336,2025-07-04,1508.58,1544.5265813855367
TR-029337,2025-07-04,4357.42,4288.355884733902
TR-029338,2025-07-04,3723.96,4039.0397111764823
TR-029339,2025-07-04,1304.58,1345.867789743151
TR-029340,2025-07-04,4386.53,4492.29120716433
TR-029341,2025-07-04,1454.55,1411.2431837653387
TR-029342,2025-07-04,2585.52,2590.7341764115813
TR-029343,2025-07-04,701.1,693.4652439974911
TR-029344,2025-07-04,4181.68,4257.493199661967
TR-029345,2025-07-04,696.83,675.1110288444519
TR-029346,2025-07-04,2132.08,2122.5672744123494
TR-029347,2025-07-04,2378.43,2387.0536308290107
TR-029348,2025-07-04,3131.22,2930.1930224332755
TR-029349,2025-07-04,1798.2,1765.045472515474
TR-029350,2025-07-04,490.31,427.4487509806175
TR-029351,2025-07-04,4233.73,4538.229981962008
TR-029352,2025-07-04,344.43,312.74027273257235
TR-029353,2025-07-04,1290.82,1262.6562984378393
TR-029354,2025-07-04,1580.3,1608.1811140939872
TR-029355,2025-07-04,893.72,880.0222463187597
TR-029356,2025-07-04,1469.03,1399.484554516009
TR-029357,2025-07-04,3968.35,3912.0795511810707
TR-029358,2025-07-04,4206.42,4453.106744755715
TR-029359,2025-07-04,4325.3,4200.499217735335
TR-029360,2025-07-04,3406.29,3423.0745952797397
TR-029361,2025-07-04,2647.51,2723.59768444782
TR-029362,2025-07-04,2240.91,2236.442279189566
TR-029363,2025-07-04,442.27,434.1464608115863
TR-029364,2025-07-04,2293.52,2354.603196682397
TR-029365,2025-07-04,2452.37,2340.149574817914
TR-029366,2025-07-04,4875.9,5081.332652364076
TR-029367,2025-07-04,3446.64,3294.5493265883797
TR-029368,2025-07-04,2099.15,2072.5335466208244
TR-029369,2025-07-04,803.22,814.8060381912455
TR-029370,2025-07-04,658.24,651.4501030216683
TR-029371,2025-07-04,1468.13,1542.945803224646
TR-029372,2025-07-04,2036.7,2016.8086687131959
TR-029373,2025-07-04,5313.86,5273.866329074516
TR-029374,2025-07-04,3392.6,3464.9371612120776
TR-029375,2025-07-04,2033.25,2042.6332457621502
TR-029376,2025-07-04,710.07,670.3647718075147
TR-029377,2025-07-04,1915.96,1879.4046445524527
TR-029378,2025-07-04,3730.89,3916.998125311232
TR-029379,2025-07-04,2631.99,2594.896080263306
TR-029380,2025-07-04,2937.1,2912.154650429863
TR-029381,2025-07-04,1330.81,1314.4282587339787
TR-029382,2025-07-04,681.33,673.2729071504604
TR-029383,2025-07-04,1296.27,1267.2973016565563
TR-029384,2025-07-04,882.14,851.6009527905499
TR-029385,2025-07-04,1677.87,1656.7693711373017
TR-029386,2025-07-04,4418.08,4543.135220704471
TR-029387,2025-07-04,2798.61,2717.503468188809
TR-029388,2025-07-04,2045.88,2050.290744175404
TR-029389,2025-07-04,3290.81,3202.5309322330368
TR-029390,2025-07-04,4252.48,4133.3897532170595
TR-029391,2025-07-04,1839.26,1813.0670533439707
TR-029392,2025-07-04,2040.87,2024.9400272816706
TR-029393,2025-07-04,2951.52,2790.230586713714
TR-029394,2025-07-04,1936.5,1908.948829480605
TR-029395,2025-07-04,2529.67,2502.9276639684285
TR-029396,2025-07-04,1244.39,1228.9665357414674
TR-029397,2025-07-04,1370.28,1359.4283278559653
TR-029398,2025-07-04,5749.58,5825.733401524398
TR-029399,2025-07-04,2016.41,1990.330158584107
TR-029400,2025-07-04,3292.86,3464.136501844674
TR-029401,2025-07-04,4087.19,4313.535394770158
TR-029402,2025-07-04,807.99,826.2676437701983
TR-029403,2025-07-04,818.29,786.3220065801291
TR-029404,2025-07-04,2465.5,2522.7324052795207
TR-029405,2025-07-04,3194.19,3228.6323051094764
TR-029406,2025-07-04,2249.56,2261.7148594147416
TR-029407,2025-07-04,5425.66,5459.48626321205
TR-029408,2025-07-04,1914.88,2030.057886462173
TR-029409,2025-07-04,1767.63,1701.2487374486038
TR-029410,2025-07-04,2001.73,1996.4779890214184
TR-029411,2025-07-04,1617.99,1666.6513603664516
TR-029412,2025-07-04,1640.33,1587.1559037831025
TR-029413,2025-07-04,1782.21,1809.8656239947263
TR-029414,2025-07-04,1243.0,1251.226872747145
TR-029415,2025-07-04,1954.86,1955.6512554058609
TR-029416,2025-07-04,4593.72,4586.582700279179
TR-029417,2025-07-04,564.78,577.1203787226951
TR-029418,2025-07-04,1681.36,1682.5929570655503
TR-029419,2025-07-04,5824.57,5605.028026494843
TR-029420,2025-07-04,1089.71,1009.4889596848515
TR-029421,2025-07-04,1737.98,1727.7613923251756
TR-029422,2025-07-04,3485.98,3526.953964321907
TR-029423,2025-07-04,1837.71,1859.3467289984778
TR-029424,2025-07-04,5739.12,5863.006862564076
TR-029425,2025-07-04,1722.82,1693.3956849063607
TR-029426,2025-07-04,1629.28,1695.2125232279502
TR-029427,2025-07-04,3703.13,3759.388478027613
TR-029428,2025-07-04,3722.23,3572.920132614731
TR-029429,2025-07-04,617.99,605.5983072360207
TR-029430,2025-07-04,1596.17,1602.4449413216155
TR-029431,2025-07-04,2065.76,2087.5825190292035
TR-029432,2025-07-04,1449.07,1405.3158657073113
TR-029433,2025-07-04,2048.62,2021.8089529090346
TR-029434,2025-07-04,1041.1,1063.0745103433956
TR-029435,2025-07-04,4345.44,4640.789859066959
TR-029436,2025-07-04,1244.09,1224.9863134410152
TR-029437,2025-07-04,999.87,994.6905089607588
TR-029438,2025-07-04,2567.85,2624.7982104355942
TR-029439,2025-07-04,974.25,996.2440725897935
TR-029440,2025-07-04,3787.08,3904.3450780655644
TR-029441,2025-07-04,1729.94,1739.5587370089765
TR-029442,2025-07-04,5041.51,5200.973174903348
TR-029443,2025-07-04,4589.0,4880.928599569486
TR-029444,2025-07-04,4144.83,4236.02193875164
TR-029445,2025-07-05,1495.83,1516.4611898520961
TR-029446,2025-07-05,1196.55,1151.6313367186708
TR-029447,2025-07-05,3251.55,3377.035847952508
TR-029448,2025-07-05,3750.93,3942.5889963469817
TR-029449,2025-07-05,3787.58,3599.891989472742
TR-029450,2025-07-05,1531.92,1551.660021432372
TR-029451,2025-07-05,1005.19,1000.760091119079
TR-029452,2025-07-05,902.04,877.175596372083
TR-029453,2025-07-05,1723.05,1707.3628402633353
TR-029454,2025-07-05,792.69,786.0388602540978
TR-029455,2025-07-05,4043.93,4102.1389912394725
TR-029456,2025-07-05,1483.35,1462.1810892891244
TR-029457,2025-07-05,855.4,853.2771815891286
TR-029458,2025-07-05,3866.73,3784.675453242232
TR-029459,2025-07-05,1106.28,5255.2850779347955
TR-029460,2025-07-05,4236.66,4345.993892354302
TR-029461,2025-07-05,2741.53,2697.549668959204
TR-029462,2025-07-05,1031.18,1000.4440208966837
TR-029463,2025-07-05,827.88,841.6793280698347
TR-029464,2025-07-05,4206.35,4371.6902894944
TR-029465,2025-07-05,3138.63,3118.7008565963697
TR-029466,2025-07-05,4769.15,4924.502180013726
TR-029467,2025-07-05,702.09,1788.6777485614907
TR-029468,2025-07-05,2421.97,2329.640677777156
TR-029469,2025-07-05,777.65,762.5625234617735
TR-029470,2025-07-05,1311.94,1304.8008800263492
TR-029471,2025-07-05,1409.21,1420.3789056758276
TR-029472,2025-07-05,3969.15,3785.6148014335245
TR-029473,2025-07-05,797.28,777.8039252243024
TR-029474,2025-07-05,2416.03,2375.9711113687604
TR-029475,2025-07-05,1773.5,1808.839125825865
TR-029476,2025-07-05,1904.6,1895.5423963270032
TR-029477,2025-07-05,4984.87,4722.589674235176
TR-029478,2025-07-05,1148.65,3936.978356096568
TR-029479,2025-07-05,1389.51,1392.656431068769
TR-029480,2025-07-05,3099.14,2860.862979299799
TR-029481,2025-07-05,5032.11,4923.458631048826
TR-029482,2025-07-05,2166.86,2207.87128568235
TR-029483,2025-07-05,4038.3,4265.1423949461705
TR-029484,2025-07-05,971.09,953.7992886109992
TR-029485,2025-07-05,1033.12,1009.1070315262795
TR-029486,2025-07-05,4902.03,5048.18315952881
TR-029487,2025-07-05,1627.18,1654.1958889353584
TR-029488,2025-07-05,3257.36,3184.044257430127
TR-029489,2025-07-05,1781.19,1761.9687258772844
TR-029490,2025-07-05,5274.28,5364.703033103405
TR-029491,2025-07-05,3670.72,3936.8787711977975
TR-029492,2025-07-05,1237.53,1234.389001718639
TR-029493,2025-07-05,1975.38,2017.7260497029279
TR-029494,2025-07-05,1599.65,1581.978640409402
TR-029495,2025-07-05,4818.53,5026.289197334426
TR-029496,2025-07-05,2984.98,2892.0855369342553
TR-029497,2025-07-05,2865.45,2641.4082057622572
TR-029498,2025-07-05,3842.82,3748.4435420131304
TR-029499,2025-07-05,2811.6,2767.933214694979
TR-029500,2025-07-05,3330.61,3347.994879797744
TR-029501,2025-07-05,3523.03,3539.0659204693234
TR-029502,2025-07-05,1909.48,1895.4642331589812
TR-029503,2025-07-05,4548.76,4994.4256763071135
TR-029504,2025-07-05,1159.26,1178.0783536971644
TR-029505,2025-07-05,1247.77,1228.0693252672315
TR-029506,2025-07-05,1182.16,1198.3515797772343
TR-029507,2025-07-05,3803.43,4039.812761183876
TR-029508,2025-07-05,4126.76,4281.765749600052
TR-029509,2025-07-05,629.04,635.0607521755458
TR-029510,2025-07-05,2315.52,2274.467188266269
TR-029511,2025-07-05,1178.19,1155.74950664773
TR-029512,2025-07-05,1012.04,1002.7338938969186
TR-029513,2025-07-05,3424.96,3408.0826963487148
TR-029514,2025-07-05,3200.94,3225.5283409153076
TR-029515,2025-07-05,4428.23,4623.5272125451775
TR-029516,2025-07-05,1820.64,1887.2728443307522
TR-029517,2025-07-05,3625.07,3604.2571310456174
TR-029518,2025-07-05,1519.05,1507.0550254266204
TR-029519,2025-07-05,531.61,538.9250312641938
TR-029520,2025-07-05,2747.64,2804.3843376442182
TR-029521,2025-07-05,3235.84,3159.426557734267
TR-029522,2025-07-05,4997.88,5048.227902010546
TR-029523,2025-07-05,1250.27,1262.4402001483268
TR-029524,2025-07-05,516.91,516.0638769764855
TR-029525,2025-07-05,2731.3,2807.0930205753
TR-029526,2025-07-05,3941.71,3452.699111298387
TR-029527,2025-07-05,1353.25,1312.4247169640985
TR-029528,2025-07-05,4776.1,4821.488296442386
TR-029529,2025-07-05,2526.59,2662.0408154957317
TR-029530,2025-07-05,1818.14,1827.8250444038788
TR-029531,2025-07-05,2174.19,2124.2888157915877
TR-029532,2025-07-05,991.44,979.0572992502877
TR-029533,2025-07-05,4784.95,4756.105869265628
TR-029534,2025-07-05,1028.05,1050.869042532843
TR-029535,2025-07-05,1485.39,1441.7994580922357
TR-029536,2025-07-05,4262.82,4371.30278834786
TR-029537,2025-07-05,1748.65,1746.3152623411208
TR-029538,2025-07-05,1988.92,1933.1207399344457
TR-029539,2025-07-05,1444.01,1385.2548230762798
TR-029540,2025-07-05,4081.0,3958.47213133922
TR-029541,2025-07-05,1459.64,1416.1861996662817
TR-029542,2025-07-05,900.08,876.1436684734042
TR-029543,2025-07-05,1646.61,1631.572403965203
TR-029544,2025-07-05,3964.59,3854.490827040598
TR-029545,2025-07-05,3882.86,3894.5696603403885
TR-029546,2025-07-05,1936.38,1932.4242385947477
TR-029547,2025-07-05,1361.92,1402.3220937743774
TR-029548,2025-07-05,1124.47,1117.7910548345835
TR-029549,2025-07-05,531.52,532.1754089716281
TR-029550,2025-07-05,2413.62,2325.016377478255
TR-029551,2025-07-05,3685.44,3867.10320616004
TR-029552,2025-07-05,3157.83,3183.555629820866
TR-029553,2025-07-05,4308.66,4051.2945121148946
TR-029554,2025-07-05,1376.85,1350.0317794759721
TR-029555,2025-07-05,5950.82,5930.441690956135
TR-029556,2025-07-05,741.9,730.2025085744884
TR-029557,2025-07-05,5594.43,5591.2104821465955
TR-029558,2025-07-05,885.65,881.530608887223
TR-029559,2025-07-05,563.63,556.5349283759851
TR-029560,2025-07-05,2970.02,2845.662138453542
TR-029561,2025-07-05,999.72,975.3807405337732
TR-029562,2025-07-05,1337.29,1342.813966859935
TR-029563,2025-07-05,1956.45,1951.5117943742782
TR-029564,2025-07-05,866.47,861.7039433592988
TR-029565,2025-07-05,2106.25,2118.8026045188767
TR-029566,2025-07-05,1652.09,1688.4887003027243
TR-029567,2025-07-05,3442.12,3538.5373918944074
TR-029568,2025-07-05,1966.63,1927.2235097925404
TR-029569,2025-07-05,1676.66,1637.7781775238143
TR-029570,2025-07-05,3054.67,3141.04275615963
TR-029571,2025-07-05,760.97,754.5863077816497
TR-029572,2025-07-05,4415.52,4510.760636794048
TR-029573,2025-07-05,3771.03,3903.5917355698434
TR-029574,2025-07-05,3164.49,3274.0363664605643
TR-029575,2025-07-05,1537.25,1544.949652951427
TR-029576,2025-07-05,1590.07,1562.8905412982556
TR-029577,2025-07-05,3834.16,3878.1974860747414
TR-029578,2025-07-05,1839.86,1790.9158790766855
TR-029579,2025-07-05,1069.51,1059.2482576957282
TR-029580,2025-07-05,5041.32,5224.099977397306
TR-029581,2025-07-05,814.13,796.9902989438895
TR-029582,2025-07-05,1618.0,1612.459761041248
TR-029583,2025-07-05,1950.61,1931.3112899484054
TR-029584,2025-07-05,1732.69,1786.0712179366355
TR-029585,2025-07-05,3900.36,4201.518188224821
TR-029586,2025-07-05,3486.55,3384.066674288576
TR-029587,2025-07-05,763.59,744.6339525820197
TR-029588,2025-07-05,5030.16,4984.902567666764
TR-029589,2025-07-05,585.34,571.7816531950707
TR-029590,2025-07-05,2116.65,2243.6360289785885
TR-029591,2025-07-05,3020.17,3181.0431404285696
TR-029592,2025-07-05,1401.68,1392.4169024405217
TR-029593,2025-07-05,2138.02,2112.4543689206344
TR-029594,2025-07-05,1205.69,1187.8520445989925
TR-029595,2025-07-05,617.46,612.4015626327802
TR-029596,2025-07-05,898.06,894.314624617075
TR-029597,2025-07-05,1767.05,1746.7743796910343
TR-029598,2025-07-05,519.31,508.9112291292485
TR-029599,2025-07-05,2858.4,2791.21598106913
TR-029600,2025-07-05,1773.71,1733.6928919406207
TR-029601,2025-07-05,1299.89,1276.2999694865105
TR-029602,2025-07-06,4513.23,4548.877754922695
TR-029603,2025-07-06,832.92,848.1793782973853
TR-029604,2025-07-06,1624.22,1651.3836988100625
TR-029605,2025-07-06,4360.01,3862.244329932923
TR-029606,2025-07-06,4577.93,4749.054832724379
TR-029607,2025-07-06,2299.21,2171.4947499091036
TR-029608,2025-07-06,4114.77,4336.755305086091
TR-029609,2025-07-06,3623.95,3619.9078288288492
TR-029610,2025-07-06,2856.51,2855.9948040805043
TR-029611,2025-07-06,1792.47,1845.1836706044783
TR-029612,2025-07-06,3302.2,3391.3842975871335
TR-029613,2025-07-06,1121.54,1128.0532058706647
TR-029614,2025-07-06,3624.28,3723.829136269934
TR-029615,2025-07-06,4231.21,4367.530356008348
TR-029616,2025-07-06,4312.0,4250.197600529518
TR-029617,2025-07-06,5790.14,5881.176979284049
TR-029618,2025-07-06,3368.95,3319.9365233967756
TR-029619,2025-07-06,1426.19,1430.6723606186836
TR-029620,2025-07-06,2074.09,2129.756541201728
TR-029621,2025-07-06,2532.05,2589.712748053497
TR-029622,2025-07-06,3846.05,3689.7381070608058
TR-029623,2025-07-06,983.13,972.5495115030557
TR-029624,2025-07-06,993.18,983.398088719423
TR-029625,2025-07-06,2680.09,2608.685582340691
TR-029626,2025-07-06,720.22,689.541592099609
TR-029627,2025-07-06,2238.73,2150.7172034137975
TR-029628,2025-07-06,5249.4,5161.128889220339
TR-029629,2025-07-06,3257.91,3338.0131544149344
TR-029630,2025-07-06,2698.54,2717.1831602692823
TR-029631,2025-07-06,2560.74,2575.5065829253363
TR-029632,2025-07-06,1597.46,1584.835502523767
TR-029633,2025-07-06,4475.09,4156.046238913864
TR-029634,2025-07-06,2149.52,2101.0714732847173
TR-029635,2025-07-06,3534.47,3643.775417538984
TR-029636,2025-07-06,2347.08,2384.9797355803935
TR-029637,2025-07-06,2006.6,1999.5123872714034
TR-029638,2025-07-06,551.68,559.5032132253522
TR-029639,2025-07-06,4003.18,4124.2818593331995
TR-029640,2025-07-06,672.9,652.4701319134409
TR-029641,2025-07-06,4554.63,4719.178040719561
TR-029642,2025-07-06,815.3,803.6978955197462
TR-029643,2025-07-06,4142.67,4238.148578869602
TR-029644,2025-07-06,1249.07,1270.1565466546226
TR-029645,2025-07-06,5358.34,2273.40538918899
TR-029646,2025-07-06,2324.37,2428.82160234441
TR-029647,2025-07-06,2058.7,2085.7190078221142
TR-029648,2025-07-06,1350.03,1377.6460533389322
TR-029649,2025-07-06,2313.31,2343.227529881213
TR-029650,2025-07-06,575.49,561.073838223884
TR-029651,2025-07-06,1228.85,1199.4984801616345
TR-029652,2025-07-06,3264.82,3338.4366282240294
TR-029653,2025-07-06,5751.03,5737.575562235201
TR-029654,2025-07-06,2347.62,2446.208665226178
TR-029655,2025-07-06,1552.41,1568.1654122928637
TR-029656,2025-07-06,1413.81,1402.456452875863
TR-029657,2025-07-06,1316.01,1318.9123852286987
TR-029658,2025-07-06,2632.16,2679.7447205326143
TR-029659,2025-07-06,1030.76,1020.6285967700004
TR-029660,2025-07-06,2266.75,2199.7111888688996
TR-029661,2025-07-06,1202.34,1237.8225713130914
TR-029662,2025-07-06,2443.58,2388.3743877218894
TR-029663,2025-07-06,5707.96,5766.026210910749
TR-029664,2025-07-06,11668.74,3477.0619623754897
TR-029665,2025-07-06,1584.88,1580.1073299048583
TR-029666,2025-07-06,1362.22,1361.100387629688
TR-029667,2025-07-06,2243.83,2213.428200969752
TR-029668,2025-07-06,3100.02,3049.243069274412
TR-029669,2025-07-06,1646.85,1616.6990628328895
TR-029670,2025-07-06,1683.28,1685.308949483748
TR-029671,2025-07-06,1896.2,1854.7841739114035
TR-029672,2025-07-06,1343.45,1289.8910104569184
TR-029673,2025-07-06,1478.1,1453.5089305529843
TR-029674,2025-07-06,4335.38,4550.706219848967
TR-029675,2025-07-06,802.27,776.5577306615467
TR-029676,2025-07-06,2015.18,1924.2087345492557
TR-029677,2025-07-06,1831.1,1739.758067165487
TR-029678,2025-07-06,582.19,553.8380470844935
TR-029679,2025-07-06,2779.86,2798.9529457880767
TR-029680,2025-07-06,1320.15,1328.304112701901
TR-029681,2025-07-06,964.92,957.0464690721559
TR-029682,2025-07-06,4645.47,4888.3623697756275
TR-029683,2025-07-06,726.69,743.2912924468874
TR-029684,2025-07-06,819.71,819.8200541504717
TR-029685,2025-07-06,4315.1,4489.261611888011
TR-029686,2025-07-06,1078.23,1031.0035312030545
TR-029687,2025-07-06,615.1,603.7866387524697
TR-029688,2025-07-06,1115.04,1081.6841273123725
TR-029689,2025-07-06,2031.45,2021.794302795581
TR-029690,2025-07-06,3275.44,3457.98859116866
TR-029691,2025-07-06,762.83,762.8408771662005
TR-029692,2025-07-06,2148.64,2206.9487461814974
TR-029693,2025-07-06,2296.55,2276.0485006026943
TR-029694,2025-07-06,2061.38,2218.828558072788
TR-029695,2025-07-06,3608.02,3900.9550749446817
TR-029696,2025-07-06,1782.63,1776.56823663753
TR-029697,2025-07-06,1292.92,1277.5293038512689
TR-029698,2025-07-06,769.8,768.4340524779382
TR-029699,2025-07-06,1150.48,1120.463914204111
TR-029700,2025-07-06,2879.67,2780.9880838040876
TR-029701,2025-07-06,1930.48,1994.176360000793
TR-029702,2025-07-06,1627.15,1596.5511157737571
TR-029703,2025-07-06,1694.67,1638.047833600693
TR-029704,2025-07-06,2145.18,2105.37281195258
TR-029705,2025-07-06,2370.51,2272.9234798608773
TR-029706,2025-07-06,2588.12,2611.229570408899
TR-029707,2025-07-06,1268.29,1342.7228887603078
TR-029708,2025-07-06,3534.89,3668.8734989234595
TR-029709,2025-07-06,2375.02,2401.722884227542
TR-029710,2025-07-06,1489.93,1554.784112198598
TR-029711,2025-07-06,1376.68,1390.6644093386826
TR-029712,2025-07-06,1043.58,1024.9720849183564
TR-029713,2025-07-06,2071.76,2058.54716303684
TR-029714,2025-07-06,1209.07,1163.413426686669
TR-029715,2025-07-06,1219.22,1214.9463197863804
TR-029716,2025-07-06,1339.91,1368.6560256886642
TR-029717,2025-07-06,2868.75,2787.88317593596
TR-029718,2025-07-06,6056.34,6142.366659196049
TR-029719,2025-07-06,5099.29,5274.369652297986
TR-029720,2025-07-06,1058.21,1042.015561127414
TR-029721,2025-07-06,2092.4,2058.6322434429753
TR-029722,2025-07-06,350.72,359.21475639928127
TR-029723,2025-07-06,2269.61,2322.323370283944
TR-029724,2025-07-06,395.91,366.50978864127853
TR-029725,2025-07-06,1758.81,1732.3742664691274
TR-029726,2025-07-06,2114.9,2112.2756575185026
TR-029727,2025-07-06,4633.67,4940.245746484945
TR-029728,2025-07-06,3058.63,2957.8947352869895
TR-029729,2025-07-06,1689.52,1652.8276014061971
TR-029730,2025-07-06,928.06,945.8889839114114
TR-029731,2025-07-06,2661.19,2677.768745298086
TR-029732,2025-07-06,2265.17,2205.372772518433
TR-029733,2025-07-06,959.9,926.219658812493
TR-029734,2025-07-06,2149.69,2249.495421978803
TR-029735,2025-07-06,4293.49,4563.072372692517
TR-029736,2025-07-06,3038.18,3208.256554215577
TR-029737,2025-07-06,743.21,731.9220621177624
TR-029738,2025-07-06,3556.04,3552.662245816558
TR-029739,2025-07-06,1228.53,1211.905638322177
TR-029740,2025-07-06,391.76,382.28603418807376
TR-029741,2025-07-06,2082.26,2066.294440580534
TR-029742,2025-07-06,4870.49,4961.086172172596
TR-029743,2025-07-06,4025.95,4020.324783702541
TR-029744,2025-07-06,4968.89,5062.5410880343725
TR-029745,2025-07-06,4640.5,4902.560474082595
TR-029746,2025-07-06,608.97,617.1474254246343
TR-029747,2025-07-06,3524.86,3739.8312783567208
TR-029748,2025-07-06,1857.37,1779.225589369648
TR-029749,2025-07-06,1908.71,1832.1376705887137
TR-029750,2025-07-06,3921.87,3762.899553906977
TR-029751,2025-07-06,1581.72,1545.6840960985337
TR-029752,2025-07-06,1401.27,1414.1209953993366
TR-029753,2025-07-06,2245.65,2140.5350374260292
TR-029754,2025-07-06,1443.59,1438.0821696895894
TR-029755,2025-07-06,5719.02,5773.304443076887
TR-029756,2025-07-06,617.74,603.118082267078
TR-029757,2025-07-06,3909.21,3786.8847847021716
TR-029758,2025-07-06,2891.15,2700.486812411269
TR-029759,2025-07-06,2794.91,2634.0161764622253
TR-029760,2025-07-07,3652.5,3695.8810056534107
TR-029761,2025-07-07,3208.66,3294.1041877893786
TR-029762,2025-07-07,2071.21,2029.0444559688794
TR-029763,2025-07-07,3513.08,3586.3562441488466
TR-029764,2025-07-07,5710.29,5745.715911620564
TR-029765,2025-07-07,1105.94,1083.7728155158586
TR-029766,2025-07-07,1810.27,1819.8701470571107
TR-029767,2025-07-07,560.53,508.18154271131203
TR-029768,2025-07-07,384.65,353.98107551095336
TR-029769,2025-07-07,4203.06,4009.4965930874305
TR-029770,2025-07-07,2722.41,2618.76018500257
TR-029771,2025-07-07,1394.22,1379.9562135689584
TR-029772,2025-07-07,1754.92,1742.2383654998248
TR-029773,2025-07-07,1777.79,1760.8959992452417
TR-029774,2025-07-07,4212.42,4495.724737775693
TR-029775,2025-07-07,2088.72,2053.6629080209345
TR-029776,2025-07-07,998.63,965.7025976278662
TR-029777,2025-07-07,2251.07,2184.25460458134
TR-029778,2025-07-07,1031.12,992.484411881513
TR-029779,2025-07-07,3039.93,3123.10539503525
TR-029780,2025-07-07,1076.51,1065.0424977496168
TR-029781,2025-07-07,643.11,634.0687592094423
TR-029782,2025-07-07,4946.54,4422.272539154681
TR-029783,2025-07-07,951.82,947.077934215078
TR-029784,2025-07-07,1619.46,1569.9971440019388
TR-029785,2025-07-07,4576.49,4781.886456397328
TR-029786,2025-07-07,2157.24,2162.0505235859205
TR-029787,2025-07-07,785.28,788.0268311218534
TR-029788,2025-07-07,2011.13,2010.1393058170686
TR-029789,2025-07-07,4166.98,4066.021326736361
TR-029790,2025-07-07,4351.72,1703.2054389608304
TR-029791,2025-07-07,2570.66,2553.573928873935
TR-029792,2025-07-07,3764.81,3895.5401039820695
TR-029793,2025-07-07,3472.67,3474.0357930886926
TR-029794,2025-07-07,972.06,984.359326004053
TR-029795,2025-07-07,1872.28,1836.5815594968174
TR-029796,2025-07-07,2046.59,2032.345809538619
TR-029797,2025-07-07,2179.72,2286.4496024631517
TR-029798,2025-07-07,1208.32,1178.6490747911416
TR-029799,2025-07-07,812.94,831.2152112455641
TR-029800,2025-07-07,3253.63,3431.8111355950828
TR-029801,2025-07-07,3060.08,3040.0556028273195
TR-029802,2025-07-07,722.1,741.3646427259539
TR-029803,2025-07-07,952.36,962.034501940777
TR-029804,2025-07-07,1631.59,1620.508509551556
TR-029805,2025-07-07,3728.4,3951.0050977173823
TR-029806,2025-07-07,4889.84,4783.2032062315975
TR-029807,2025-07-07,1196.07,1197.711513659435
TR-029808,2025-07-07,3066.58,3094.21733427173
TR-029809,2025-07-07,3686.7,3662.427668935608
TR-029810,2025-07-07,3348.65,3473.682399964076
TR-029811,2025-07-07,263.32,1182.2131968591566
TR-029812,2025-07-07,1909.16,1833.6666322096814
TR-029813,2025-07-07,1118.11,1121.9129314216375
TR-029814,2025-07-07,1963.8,2054.5645068028275
TR-029815,2025-07-07,1179.95,1167.6352993273222
TR-029816,2025-07-07,4140.45,3996.6196188718627
TR-029817,2025-07-07,3332.63,3292.6719037975076
TR-029818,2025-07-07,2996.51,3049.998316178861
TR-029819,2025-07-07,1076.08,1073.9979351506133
TR-029820,2025-07-07,5157.08,5536.98298137619
TR-029821,2025-07-07,3260.8,3413.0533314536196
TR-029822,2025-07-07,2970.19,2898.4344820932147
TR-029823,2025-07-07,2531.29,2577.5934253016176
TR-029824,2025-07-07,1222.4,1221.4968472424018
TR-029825,2025-07-07,3915.5,4086.3809683708123
TR-029826,2025-07-07,1649.96,1662.8083366866176
TR-029827,2025-07-07,1038.42,1041.256027875711
TR-029828,2025-07-07,1105.46,1151.9707475063333
TR-029829,2025-07-07,1140.4,1128.0535915327696
TR-029830,2025-07-07,241.77,226.59612364610604
TR-029831,2025-07-07,4796.23,4987.942693345217
TR-029832,2025-07-07,2627.06,2699.298509544578
TR-029833,2025-07-07,3740.1,3775.004852855897
TR-029834,2025-07-07,705.3,688.9191576014028
TR-029835,2025-07-07,1847.01,1807.8670141207633
TR-029836,2025-07-07,2054.9,2199.754310433069
TR-029837,2025-07-07,2730.21,2936.336696322108
TR-029838,2025-07-07,985.22,975.4259456103166
TR-029839,2025-07-07,558.22,569.1593977139252
TR-029840,2025-07-07,2056.06,2075.188121633919
TR-029841,2025-07-07,2936.61,3054.4510245882707
TR-029842,2025-07-07,3223.34,3171.72882269348
TR-029843,2025-07-07,4852.09,4580.886237132495
TR-029844,2025-07-07,1826.8,1796.8926161970362
TR-029845,2025-07-07,4920.45,5146.9327461052835
TR-029846,2025-07-07,1646.33,1616.1079977170514
TR-029847,2025-07-07,4098.28,4157.061047991816
TR-029848,2025-07-07,3933.73,4006.8960119326052
TR-029849,2025-07-07,1846.89,1975.4933539312913
TR-029850,2025-07-07,3910.23,4108.145767753193
TR-029851,2025-07-07,2291.12,2271.1498874314047
TR-029852,2025-07-07,1430.19,1456.7421467221452
TR-029853,2025-07-07,1880.41,1903.0764098993413
TR-029854,2025-07-07,1149.71,1114.0677304607968
TR-029855,2025-07-07,5071.42,5368.249505498233
TR-029856,2025-07-07,985.59,1008.0526959938057
TR-029857,2025-07-07,1053.52,1058.7822974483158
TR-029858,2025-07-07,795.93,790.4560423049062
TR-029859,2025-07-07,937.62,899.7795585288793
TR-029860,2025-07-07,1773.57,1883.185758036868
TR-029861,2025-07-07,761.96,762.7886194936045
TR-029862,2025-07-07,649.15,642.2832089097432
TR-029863,2025-07-07,2634.37,2619.972936173347
TR-029864,2025-07-07,4382.8,4627.916703802614
TR-029865,2025-07-07,6127.77,5922.567216962766
TR-029866,2025-07-07,2749.98,2897.8013642969845
TR-029867,2025-07-07,2117.13,2072.4546080061837
TR-029868,2025-07-07,529.64,517.7258357771352
TR-029869,2025-07-07,1682.91,1706.14084795386
TR-029870,2025-07-07,917.0,906.6044001369826
TR-029871,2025-07-07,1441.54,1425.380142536935
TR-029872,2025-07-07,2108.04,2108.396776191489
TR-029873,2025-07-07,2153.45,2219.6851645666225
TR-029874,2025-07-07,745.13,712.6635644067487
TR-029875,2025-07-07,4275.75,4179.137868183452
TR-029876,2025-07-07,1759.78,1721.4704433899622
TR-029877,2025-07-07,2618.05,2617.8378072464616
TR-029878,2025-07-07,1551.91,1507.255124071106
TR-029879,2025-07-07,1207.83,1184.8273368805553
TR-029880,2025-07-07,3816.51,3965.137310427551
TR-029881,2025-07-07,2594.91,2557.2173497207227
TR-029882,2025-07-07,1428.73,1430.880886219429
TR-029883,2025-07-07,2385.68,2309.5625482757205
TR-029884,2025-07-07,1130.41,1117.1839705979512
TR-029885,2025-07-07,2666.36,2718.6020965172365
TR-029886,2025-07-07,2616.03,2627.1665186376213
TR-029887,2025-07-07,2579.89,2465.1847650414625
TR-029888,2025-07-07,3845.66,1121.2846215871994
TR-029889,2025-07-07,1370.56,1313.0477029501185
TR-029890,2025-07-07,2076.69,2026.4676963493657
TR-029891,2025-07-07,4103.29,4049.6748206431207
TR-029892,2025-07-07,3937.2,3941.628739511313
TR-029893,2025-07-07,4142.27,4417.280318000006
TR-029894,2025-07-07,4380.44,4619.804567025753
TR-029895,2025-07-07,3669.44,3696.771244889544
TR-029896,2025-07-07,5806.21,5865.107414166701
TR-029897,2025-07-07,3717.33,3781.870287192129
TR-029898,2025-07-07,3918.62,4222.55401472057
TR-029899,2025-07-07,762.97,766.726820072493
TR-029900,2025-07-07,672.44,674.7629391933879
TR-029901,2025-07-07,588.46,606.8042353958236
TR-029902,2025-07-07,1780.94,1757.3911405852446
TR-029903,2025-07-07,2076.43,2226.8253576593092
TR-029904,2025-07-07,2985.89,2957.6149169108185
TR-029905,2025-07-07,3520.39,3521.146788979553
TR-029906,2025-07-07,3022.93,2970.2528099827473
TR-029907,2025-07-07,1485.47,1464.8956801405423
TR-029908,2025-07-07,3627.75,3731.8720068357125
TR-029909,2025-07-07,1377.56,1393.573432856157
TR-029910,2025-07-07,1005.05,995.2220309783767
TR-029911,2025-07-07,5280.81,5459.781746135586
TR-029912,2025-07-07,4152.27,4361.877038231386
TR-029913,2025-07-07,1677.13,1653.7680732589854
TR-029914,2025-07-07,308.96,314.5605887155072
TR-029915,2025-07-07,1546.41,1565.290219332775
TR-029916,2025-07-07,1509.34,1482.1492383143805
TR-029917,2025-07-07,2598.13,2461.85797513297
TR-029918,2025-07-07,2802.36,2942.7781621984122
TR-029919,2025-07-07,3308.09,3245.7932998332653
TR-029920,2025-07-07,2575.87,2604.7423352366272
TR-029921,2025-07-08,1644.7,1620.1521557997826
TR-029922,2025-07-08,452.53,443.28719490907145
TR-029923,2025-07-08,1773.86,1756.2182811335174
TR-029924,2025-07-08,5407.07,5553.436879577138
TR-029925,2025-07-08,1827.0,1890.454360339088
TR-029926,2025-07-08,750.24,719.3764028401922
TR-029927,2025-07-08,5195.32,5338.7676047969835
TR-029928,2025-07-08,1659.44,1640.498608070309
TR-029929,2025-07-08,3807.67,4077.3439683845754
TR-029930,2025-07-08,4625.88,4908.753674527133
TR-029931,2025-07-08,2559.65,2456.469019844526
TR-029932,2025-07-08,1869.96,1848.4578368090486
TR-029933,2025-07-08,1741.74,1722.6626920650137
TR-029934,2025-07-08,1864.5,1869.4173392286348
TR-029935,2025-07-08,2157.75,2165.6185439288815
TR-029936,2025-07-08,4454.91,4748.83452170283
TR-029937,2025-07-08,1846.43,1776.3768219151505
TR-029938,2025-07-08,4308.43,4351.202267304095
TR-029939,2025-07-08,2424.46,2445.3026292574696
TR-029940,2025-07-08,4293.06,4592.882840535005
TR-029941,2025-07-08,3220.54,3132.109380330068
TR-029942,2025-07-08,1065.49,1085.525953825686
TR-029943,2025-07-08,1055.32,1060.2078866635534
TR-029944,2025-07-08,4251.67,4109.842407428202
TR-029945,2025-07-08,5234.45,5401.26558820024
TR-029946,2025-07-08,4787.27,4958.098061096686
TR-029947,2025-07-08,1742.46,1727.405961902792
TR-029948,2025-07-08,3396.48,3485.0099860048276
TR-029949,2025-07-08,598.25,600.2488240358765
TR-029950,2025-07-08,5491.89,5565.053624094442
TR-029951,2025-07-08,2161.73,2259.2821195208844
TR-029952,2025-07-08,1195.62,1192.1462157735295
TR-029953,2025-07-08,2540.32,2473.8202489233076
TR-029954,2025-07-08,2806.38,2730.4694201887564
TR-029955,2025-07-08,1886.19,1885.0948598204511
TR-029956,2025-07-08,2163.87,2093.951182803472
TR-029957,2025-07-08,3004.0,3005.4197781141643
TR-029958,2025-07-08,1142.68,1119.0478765823707
TR-029959,2025-07-08,2841.34,2770.5209165650185
TR-029960,2025-07-08,1825.14,1867.5418200621425
TR-029961,2025-07-08,3356.42,3452.1114627901247
TR-029962,2025-07-08,1293.11,1255.4897498182809
TR-029963,2025-07-08,3583.66,3535.0484667501173
TR-029964,2025-07-08,2300.37,2371.284833927558
TR-029965,2025-07-08,2565.53,2511.6625088150918
TR-029966,2025-07-08,2733.0,2817.2593356573693
TR-029967,2025-07-08,1609.28,1607.3686655730507
TR-029968,2025-07-08,1995.25,2093.666972222418
TR-029969,2025-07-08,1488.25,1442.2451941871168
TR-029970,2025-07-08,1984.16,1957.022061266845
TR-029971,2025-07-08,2713.57,2748.593104864115
TR-029972,2025-07-08,2286.85,2392.647161506081
TR-029973,2025-07-08,1124.29,1130.5782375296744
TR-029974,2025-07-08,1333.38,1340.625173188729
TR-029975,2025-07-08,3526.89,3581.584292013039
TR-029976,2025-07-08,2104.75,2251.144335651376
TR-029977,2025-07-08,1291.2,1297.157611034293
TR-029978,2025-07-08,1308.6,1297.120751330008
TR-029979,2025-07-08,3618.61,3766.290866977306
TR-029980,2025-07-08,704.43,714.3197424830904
TR-029981,2025-07-08,3929.93,3990.0985744897466
TR-029982,2025-07-08,607.63,612.4334295020526
TR-029983,2025-07-08,4203.07,4277.844235680035
TR-029984,2025-07-08,890.88,890.8985779397594
TR-029985,2025-07-08,913.71,904.0401447731982
TR-029986,2025-07-08,4293.71,4337.493508070089
TR-029987,2025-07-08,4101.92,4049.6066350220376
TR-029988,2025-07-08,4916.55,5113.6841055576815
TR-029989,2025-07-08,906.56,906.5776207241144
TR-029990,2025-07-08,5112.96,5235.486169333554
TR-029991,2025-07-08,2354.4,2226.2497251633463
TR-029992,2025-07-08,3177.96,3226.4698335748526
TR-029993,2025-07-08,4704.81,4840.280902554004
TR-029994,2025-07-08,997.17,987.9469005130798
TR-029995,2025-07-08,3777.81,3736.4366432090005
TR-029996,2025-07-08,3749.13,3688.6565075684093
TR-029997,2025-07-08,1585.47,1579.0193789399245
TR-029998,2025-07-08,1025.8,1053.696308183505
TR-029999,2025-07-08,2408.88,2537.290707979527
TR-030000,2025-07-08,1141.97,1166.0110443497986
TR-030001,2025-07-08,2376.48,2320.420524548431
TR-030002,2025-07-08,5720.81,5807.243544966355
TR-030003,2025-07-08,3627.57,3531.3861881204457
TR-030004,2025-07-08,1332.8,1282.3336397601834
TR-030005,2025-07-08,1383.7,1368.510262481526
TR-030006,2025-07-08,2777.65,2773.8889024967325
TR-030007,2025-07-08,1368.29,1349.8900653834498
TR-030008,2025-07-08,4208.45,4320.003825952312
TR-030009,2025-07-08,3361.33,3404.8915136374217
TR-030010,2025-07-08,1944.06,1903.935106896425
TR-030011,2025-07-08,1162.95,1144.4876850233197
TR-030012,2025-07-08,2389.02,2350.113810876808
TR-030013,2025-07-08,3689.71,3904.846874870032
TR-030014,2025-07-08,2967.97,2918.2090886957158
TR-030015,2025-07-08,631.45,621.2904048698869
TR-030016,2025-07-08,257.56,741.0374503634536
TR-030017,2025-07-08,1167.59,1161.663139499528
TR-030018,2025-07-08,2709.45,2569.8698928737617
TR-030019,2025-07-08,3697.65,3786.235801509926
TR-030020,2025-07-08,3279.46,3306.5246546011267
TR-030021,2025-07-08,2917.16,3110.4138686775345
TR-030022,2025-07-08,867.03,873.0584910106826
TR-030023,2025-07-08,2155.12,2110.5295791610474
TR-030024,2025-07-08,648.08,639.3247232334083
TR-030025,2025-07-08,659.71,660.6853301368225
TR-030026,2025-07-08,1822.58,1798.4345377611419
TR-030027,2025-07-08,4917.64,4759.176846291439
TR-030028,2025-07-08,3390.55,3509.020934970921
TR-030029,2025-07-08,1863.17,1854.7207987022416
TR-030030,2025-07-08,1290.16,1312.7594207906334
TR-030031,2025-07-08,5068.93,5158.774271806738
TR-030032,2025-07-08,1326.82,1304.0074621142764
TR-030033,2025-07-08,654.74,668.5018056870579
TR-030034,2025-07-08,3069.03,3058.6365980085275
TR-030035,2025-07-08,3625.56,3692.1117941935654
TR-030036,2025-07-08,1111.55,1101.4750332066753
TR-030037,2025-07-08,4601.79,4564.68383355168
TR-030038,2025-07-08,2516.27,2407.011174909237
TR-030039,2025-07-08,4506.2,4470.966646883862
TR-030040,2025-07-08,1688.02,1702.8437399912118
TR-030041,2025-07-08,1373.06,1359.0440686533884
TR-030042,2025-07-08,3881.78,3646.953854217472
TR-030043,2025-07-08,1176.33,1146.4892706966239
TR-030044,2025-07-08,1867.59,1814.645515616461
TR-030045,2025-07-08,607.6,601.845279884573
TR-030046,2025-07-08,1334.43,1275.8222517032093
TR-030047,2025-07-08,600.02,601.4697212093122
TR-030048,2025-07-08,2020.54,2034.7187775753755
TR-030049,2025-07-08,2461.77,2539.1807026492706
TR-030050,2025-07-08,1220.34,1218.593367774956
TR-030051,2025-07-08,1150.24,1137.0332119690192
TR-030052,2025-07-08,1171.78,1157.126874791988
TR-030053,2025-07-08,843.66,833.7556152443889
TR-030054,2025-07-08,2932.68,2940.2737595104977
TR-030055,2025-07-08,670.67,675.2161471724569
TR-030056,2025-07-08,1821.22,1841.4441617653501
TR-030057,2025-07-08,2084.7,2159.376379853186
TR-030058,2025-07-08,1723.45,1682.8107552207603
TR-030059,2025-07-08,2271.48,2251.327355876948
TR-030060,2025-07-08,1183.92,1176.3822253980572
TR-030061,2025-07-08,2355.46,2344.5356120285596
TR-030062,2025-07-08,1749.53,1704.2739606910088
TR-030063,2025-07-08,3752.29,3859.142937282374
TR-030064,2025-07-08,2078.58,2102.174143370674
TR-030065,2025-07-08,1571.22,1545.5718614462126
TR-030066,2025-07-08,1337.74,1336.7962856330794
TR-030067,2025-07-08,440.58,461.4569359899054
TR-030068,2025-07-08,2122.34,2279.0957380061227
TR-030069,2025-07-08,3595.37,3558.2162884716863
TR-030070,2025-07-08,413.57,391.4580475134036
TR-030071,2025-07-08,2407.45,2475.1147874725425
TR-030072,2025-07-08,3719.01,3645.7925359477913
TR-030073,2025-07-08,2163.53,2114.435469021833
TR-030074,2025-07-08,4168.93,4262.490819682937
TR-030075,2025-07-08,3893.03,3764.59644994414
TR-030076,2025-07-08,4797.89,5093.164235887783
TR-030077,2025-07-08,984.19,921.9287570742737
TR-030078,2025-07-08,1491.15,1465.0785195303076
TR-030079,2025-07-09,1918.31,1922.9374718340175
TR-030080,2025-07-09,2505.27,2559.9013711767275
TR-030081,2025-07-09,689.7,667.8700472411016
TR-030082,2025-07-09,1177.25,1136.780750857595
TR-030083,2025-07-09,823.68,833.4949528656972
TR-030084,2025-07-09,1586.23,1545.0406659853793
TR-030085,2025-07-09,4460.44,4217.209163990563
TR-030086,2025-07-09,1179.49,1173.9408609398943
TR-030087,2025-07-09,2525.5,2515.364814584644
TR-030088,2025-07-09,3252.7,3273.367891642508
TR-030089,2025-07-09,861.45,858.3030754932211
TR-030090,2025-07-09,733.1,739.9736643920934
TR-030091,2025-07-09,1213.49,1177.020993887377
TR-030092,2025-07-09,1021.99,1031.0319177673302
TR-030093,2025-07-09,3560.52,3501.1019779140947
TR-030094,2025-07-09,1125.27,1095.9204888981199
TR-030095,2025-07-09,597.85,600.5975091745117
TR-030096,2025-07-09,2443.73,2281.095231903309
TR-030097,2025-07-09,1196.88,1192.212105748366
TR-030098,2025-07-09,3787.41,3907.090254658667
TR-030099,2025-07-09,2504.91,2442.061937553522
TR-030100,2025-07-09,1114.16,1112.121638612563
TR-030101,2025-07-09,1617.52,1577.5176891348617
TR-030102,2025-07-09,699.76,700.1844068689958
TR-030103,2025-07-09,2677.13,2683.0075424299675
TR-030104,2025-07-09,2589.23,2503.9330672129604
TR-030105,2025-07-09,4836.0,4589.989039617309
TR-030106,2025-07-09,5216.09,5048.265909981596
TR-030107,2025-07-09,2488.39,2494.3484074488933
TR-030108,2025-07-09,3721.62,3830.183955468741
TR-030109,2025-07-09,2798.5,2674.513459167962
TR-030110,2025-07-09,4221.43,4294.404482446279
TR-030111,2025-07-09,2899.95,2742.9396967544253
TR-030112,2025-07-09,2060.38,2064.598643908067
TR-030113,2025-07-09,3093.4,3201.250060827079
TR-030114,2025-07-09,1694.08,1739.8770533762881
TR-030115,2025-07-09,376.78,366.30816948487455
TR-030116,2025-07-09,2573.8,2560.753626232159
TR-030117,2025-07-09,573.61,584.493662351117
TR-030118,2025-07-09,1731.16,1717.2246413970438
TR-030119,2025-07-09,4923.86,4745.577273972301
TR-030120,2025-07-09,2370.49,2400.092464269131
TR-030121,2025-07-09,3468.06,3533.5839456645026
TR-030122,2025-07-09,2957.67,2722.8041413132587
TR-030123,2025-07-09,1015.2,1011.3005046824211
TR-030124,2025-07-09,2925.94,2746.1547822220505
TR-030125,2025-07-09,1204.9,1196.1517001430775
TR-030126,2025-07-09,2264.18,2273.466013580204
TR-030127,2025-07-09,538.31,539.8299222432046
TR-030128,2025-07-09,4180.35,4208.747714625799
TR-030129,2025-07-09,790.68,784.9930189442923
TR-030130,2025-07-09,858.02,853.4415746671447
TR-030131,2025-07-09,2210.64,2334.005674633882
TR-030132,2025-07-09,2130.31,2131.816028897465
TR-030133,2025-07-09,5376.03,5582.63515754832
TR-030134,2025-07-09,1368.21,1349.7730373141892
TR-030135,2025-07-09,880.62,865.1030862856946
TR-030136,2025-07-09,2633.33,2503.2388741724276
TR-030137,2025-07-09,3214.93,3219.808637160951
TR-030138,2025-07-09,1410.07,1383.2857745631238
TR-030139,2025-07-09,1544.25,1542.3530453115652
TR-030140,2025-07-09,4028.53,3984.8147273915047
TR-030141,2025-07-09,1131.34,1103.201097241047
TR-030142,2025-07-09,6253.88,6223.229776552124
TR-030143,2025-07-09,837.32,825.1190213416331
TR-030144,2025-07-09,345.24,339.6617643702303
TR-030145,2025-07-09,604.66,622.9233391727664
TR-030146,2025-07-09,5490.92,5522.141107959729
TR-030147,2025-07-09,3548.48,3633.6210952651
TR-030148,2025-07-09,561.47,546.2115857537673
TR-030149,2025-07-09,2610.84,2555.7842288353404
TR-030150,2025-07-09,4107.71,4056.7052773518158
TR-030151,2025-07-09,4673.1,4691.694531485621
TR-030152,2025-07-09,1018.93,1018.0091955637015
TR-030153,2025-07-09,1963.42,1976.8639215879066
TR-030154,2025-07-09,4096.14,4139.5415070677545
TR-030155,2025-07-09,1261.07,1220.5372321843083
TR-030156,2025-07-09,1047.4,1031.4733889685574
TR-030157,2025-07-09,1491.03,1493.3087503298261
TR-030158,2025-07-09,1871.14,1861.5135120855493
TR-030159,2025-07-09,941.58,945.4008747833342
TR-030160,2025-07-09,1051.8,1003.5851686380065
TR-030161,2025-07-09,2295.37,2301.2297781670986
TR-030162,2025-07-09,2309.83,2438.21300155765
TR-030163,2025-07-09,1752.57,1765.6155255545402
TR-030164,2025-07-09,947.02,956.6682354650496
TR-030165,2025-07-09,4639.86,4889.226829958188
TR-030166,2025-07-09,2156.39,2140.2256738055185
TR-030167,2025-07-09,641.98,658.3001714613542
TR-030168,2025-07-09,4130.83,4085.854856347568
TR-030169,2025-07-09,1977.38,1968.3502106960646
TR-030170,2025-07-09,5432.18,4976.001375878997
TR-030171,2025-07-09,4457.44,4788.768347979071
TR-030172,2025-07-09,3381.78,3409.0257950458195
TR-030173,2025-07-09,2422.81,2366.7274289099855
TR-030174,2025-07-09,1628.56,1593.665690146656
TR-030175,2025-07-09,1832.26,1865.4652219033353
TR-030176,2025-07-09,1625.66,1598.2897708364428
TR-030177,2025-07-09,2032.0,2012.9838496210186
TR-030178,2025-07-09,2439.62,2351.803343276262
TR-030179,2025-07-09,5210.28,4925.560780454472
TR-030180,2025-07-09,358.61,369.1620894388391
TR-030181,2025-07-09,823.5,859.5085583205813
TR-030182,2025-07-09,4181.78,4293.118534349923
TR-030183,2025-07-09,4156.52,4367.419210777757
TR-030184,2025-07-09,4388.84,4582.787640169199
TR-030185,2025-07-09,5057.59,5120.442560900255
TR-030186,2025-07-09,1095.22,1081.0371619862403
TR-030187,2025-07-09,2087.95,2099.886470023833
TR-030188,2025-07-09,1689.82,1675.57683380747
TR-030189,2025-07-09,3016.53,3050.591616178975
TR-030190,2025-07-09,1074.18,1071.61407046827
TR-030191,2025-07-09,2452.29,2551.102411614389
TR-030192,2025-07-09,3536.39,3761.1550120846705
TR-030193,2025-07-09,1477.74,1510.6213368292233
TR-030194,2025-07-09,642.44,627.187515087218
TR-030195,2025-07-09,3963.63,3840.6710478421383
TR-030196,2025-07-09,3875.7,4014.7002314559877
TR-030197,2025-07-09,1852.71,1836.6209118448278
TR-030198,2025-07-09,2701.94,2732.736458905124
TR-030199,2025-07-09,3050.6,2870.330820644341
TR-030200,2025-07-09,3908.63,4153.431786732314
TR-030201,2025-07-09,5504.76,4962.894916967305
TR-030202,2025-07-09,2968.73,3026.374655627619
TR-030203,2025-07-09,3858.33,3983.3524256630258
TR-030204,2025-07-09,3713.37,3600.4421255115303
TR-030205,2025-07-09,2952.19,2762.126785198254
TR-030206,2025-07-09,1505.23,1492.930635745016
TR-030207,2025-07-09,4231.6,4083.5311063146482
TR-030208,2025-07-09,1402.44,1397.6800304471697
TR-030209,2025-07-09,1783.63,1775.402926040967
TR-030210,2025-07-09,3698.1,3840.445796615841
TR-030211,2025-07-09,1377.03,1358.6403850212498
TR-030212,2025-07-09,1098.53,1086.5987026782657
TR-030213,2025-07-09,1137.98,1157.6794890277433
TR-030214,2025-07-09,2549.82,2534.2842002321518
TR-030215,2025-07-09,1003.06,994.7275719818879
TR-030216,2025-07-09,4588.11,4607.825973081987
TR-030217,2025-07-09,5099.39,5018.888421769014
TR-030218,2025-07-09,1361.85,1327.7425681469722
TR-030219,2025-07-09,394.67,397.23663906293865
TR-030220,2025-07-09,6025.48,5876.860846883023
TR-030221,2025-07-09,1032.94,1035.3756832706408
TR-030222,2025-07-09,1722.75,1725.3637950207114
TR-030223,2025-07-09,900.24,915.3577070742095
TR-030224,2025-07-09,3537.12,3651.1679670611743
TR-030225,2025-07-09,2312.7,2233.733567437828
TR-030226,2025-07-09,1830.89,1830.2714425604627
TR-030227,2025-07-09,1321.23,1331.9104036344302
TR-030228,2025-07-09,1245.3,1266.904554936737
TR-030229,2025-07-09,3730.35,3666.7081536744136
TR-030230,2025-07-09,2628.19,2689.153694725751
TR-030231,2025-07-09,968.65,970.7192060414937
TR-030232,2025-07-09,4748.61,4947.312281422146
TR-030233,2025-07-09,5015.01,5203.001729865
TR-030234,2025-07-09,4412.43,4619.672672073474
TR-030235,2025-07-09,1411.03,1409.2412903404893
TR-030236,2025-07-09,3444.42,3362.7804699424964
TR-030237,2025-07-09,2415.31,2437.6742242883315
TR-030238,2025-07-09,4379.17,4644.6135792708965
TR-030239,2025-07-10,2373.65,2226.714318940517
TR-030240,2025-07-10,897.34,882.9360402221068
TR-030241,2025-07-10,3399.79,3503.945376892949
TR-030242,2025-07-10,3815.85,3579.884306245788
TR-030243,2025-07-10,1815.89,1812.5605556872717
TR-030244,2025-07-10,1045.47,1041.4846128043237
TR-030245,2025-07-10,5115.5,4896.653662753859
TR-030246,2025-07-10,4418.0,4324.395407402655
TR-030247,2025-07-10,9195.08,2306.4037782163373
TR-030248,2025-07-10,1737.14,1704.4193589726715
TR-030249,2025-07-10,2628.29,2558.764723716811
TR-030250,2025-07-10,2058.62,2088.4542757998056
TR-030251,2025-07-10,2239.98,2221.1133780452137
TR-030252,2025-07-10,4130.03,4017.478809331031
TR-030253,2025-07-10,1099.01,1092.467869131957
TR-030254,2025-07-10,2180.16,2141.7320630191016
TR-030255,2025-07-10,805.51,816.9956769688862
TR-030256,2025-07-10,1829.67,1803.2234001364643
TR-030257,2025-07-10,2870.07,2914.057515325186
TR-030258,2025-07-10,831.31,833.1099280069227
TR-030259,2025-07-10,3472.38,3279.07982452883
TR-030260,2025-07-10,1791.11,1765.7485689585408
TR-030261,2025-07-10,2803.99,2753.8166096263617
TR-030262,2025-07-10,4313.93,4523.498796198785
TR-030263,2025-07-10,3828.95,3737.4576411274993
TR-030264,2025-07-10,2358.71,2493.1084750390382
TR-030265,2025-07-10,2316.84,2205.58634102309
TR-030266,2025-07-10,1707.48,1691.5170703276094
TR-030267,2025-07-10,2163.0,2213.653852028025
TR-030268,2025-07-10,2203.3,2263.5833176675624
TR-030269,2025-07-10,1684.25,1684.998120690044
TR-030270,2025-07-10,4289.7,4411.246156326825
TR-030271,2025-07-10,380.61,391.1501011562869
TR-030272,2025-07-10,1298.18,1263.0256395031056
TR-030273,2025-07-10,1886.23,1902.580947787197
TR-030274,2025-07-10,1955.39,1957.0308844987026
TR-030275,2025-07-10,1886.21,1849.2113876006365
TR-030276,2025-07-10,3753.04,3524.291598686461
TR-030277,2025-07-10,2574.13,2446.0329413164177
TR-030278,2025-07-10,4267.8,4267.724282472912
TR-030279,2025-07-10,3311.28,3370.125284753596
TR-030280,2025-07-10,1200.02,1166.2141964779041
TR-030281,2025-07-10,712.33,705.5076485782835
TR-030282,2025-07-10,1962.96,744.3350567230389
TR-030283,2025-07-10,1430.89,1408.7456032989749
TR-030284,2025-07-10,2426.25,2389.474185870712
TR-030285,2025-07-10,1671.53,1661.1834585277836
TR-030286,2025-07-10,2926.74,2869.2483250066543
TR-030287,2025-07-10,3778.76,3877.7117121707547
TR-030288,2025-07-10,1679.51,1702.2338108230797
TR-030289,2025-07-10,1128.63,1132.1522655895005
TR-030290,2025-07-10,828.3,826.7888891265482
TR-030291,2025-07-10,4702.08,4960.9045323034225
TR-030292,2025-07-10,3554.06,3684.65633416568
TR-030293,2025-07-10,4086.68,4399.982994152636
TR-030294,2025-07-10,1080.81,1063.5391353900857
TR-030295,2025-07-10,1453.52,1449.7939128182581
TR-030296,2025-07-10,3467.68,3497.551693341806
TR-030297,2025-07-10,4546.52,4103.2087961396555
TR-030298,2025-07-10,1278.08,1277.9061023881766
TR-030299,2025-07-10,731.19,728.5095426724259
TR-030300,2025-07-10,1134.64,1137.6989647287135
TR-030301,2025-07-10,3798.22,3783.5786882792668
TR-030302,2025-07-10,2234.27,2312.7943057633356
TR-030303,2025-07-10,2035.77,2071.2553505086457
TR-030304,2025-07-10,3139.08,3097.411953290042
TR-030305,2025-07-10,4340.03,4595.681952749994
TR-030306,2025-07-10,4249.28,4361.064435273821
TR-030307,2025-07-10,3411.75,3526.8427334558733
TR-030308,2025-07-10,3009.16,2976.2971460012172
TR-030309,2025-07-10,1207.36,1179.6644814018414
TR-030310,2025-07-10,4002.13,4086.6112020760447
TR-030311,2025-07-10,4302.23,4156.186526207529
TR-030312,2025-07-10,857.92,815.3621496465985
TR-030313,2025-07-10,773.56,775.9817378042752
TR-030314,2025-07-10,1566.2,1564.9079645196634
TR-030315,2025-07-10,1251.91,1256.639131725542
TR-030316,2025-07-10,3722.25,3604.8020229945723
TR-030317,2025-07-10,630.34,578.6085666229574
TR-030318,2025-07-10,5218.42,5294.614651162526
TR-030319,2025-07-10,2452.12,2338.702144211183
TR-030320,2025-07-10,2518.98,2578.125770726051
TR-030321,2025-07-10,768.57,3436.374829367595
TR-030322,2025-07-10,2055.19,2096.7678829783827
TR-030323,2025-07-10,4238.49,4147.7852423034565
TR-030324,2025-07-10,2802.16,2719.72870437251
TR-030325,2025-07-10,1195.69,1187.463400346954
TR-030326,2025-07-10,4291.58,4124.0637241748
TR-030327,2025-07-10,294.68,310.61831778446054
TR-030328,2025-07-10,3353.23,3305.2312718612043
TR-030329,2025-07-10,1854.9,1806.2285651793204
TR-030330,2025-07-10,1700.99,1673.013010380808
TR-030331,2025-07-10,1917.99,1884.6503863655216
TR-030332,2025-07-10,1547.92,1510.5518473436625
TR-030333,2025-07-10,3888.68,4081.8214400143875
TR-030334,2025-07-10,400.03,387.17553343649223
TR-030335,2025-07-10,1767.35,1709.4932578045727
TR-030336,2025-07-10,1314.74,1327.231767405836
TR-030337,2025-07-10,1294.11,1318.7042906422223
TR-030338,2025-07-10,2455.29,2535.566270178609
TR-030339,2025-07-10,4729.75,4589.754756940713
TR-030340,2025-07-10,695.57,692.1166021167741
TR-030341,2025-07-10,1738.57,1740.2447820399527
TR-030342,2025-07-10,975.29,4374.5923026393875
TR-030343,2025-07-10,1077.35,1060.0645174473577
TR-030344,2025-07-10,2142.74,2128.2748414724774
TR-030345,2025-07-10,1849.91,1863.327699396412
TR-030346,2025-07-10,4137.3,4047.492798705188
TR-030347,2025-07-10,1639.8,1645.1164338287952
TR-030348,2025-07-10,1812.31,1790.0714034629586
TR-030349,2025-07-10,620.69,588.532225116418
TR-030350,2025-07-10,1084.15,1062.9359008984206
TR-030351,2025-07-10,515.33,494.00671878149575
TR-030352,2025-07-10,1316.25,1326.7231262555574
TR-030353,2025-07-10,2280.68,2218.193097757946
TR-030354,2025-07-10,3007.69,2901.813745619195
TR-030355,2025-07-10,1363.17,1354.440976386251
TR-030356,2025-07-10,4101.61,4191.657264455067
TR-030357,2025-07-10,1003.31,968.0070385235897
TR-030358,2025-07-10,2185.23,2124.332975364279
TR-030359,2025-07-10,2191.39,2166.2299961719245
TR-030360,2025-07-10,1186.89,1189.6783083154073
TR-030361,2025-07-10,2535.9,2527.841439159266
TR-030362,2025-07-10,4237.3,4010.9977407136944
TR-030363,2025-07-10,1843.28,1879.8077783651265
TR-030364,2025-07-10,1822.83,1808.1112793987677
TR-030365,2025-07-10,3137.89,3139.756139025776
TR-030366,2025-07-10,2146.76,2157.161947402986
TR-030367,2025-07-10,2687.1,2831.033903877774
TR-030368,2025-07-10,2147.47,2207.9947019809647
TR-030369,2025-07-10,4108.07,4407.498333335351
TR-030370,2025-07-10,1903.09,1870.5667537091745
TR-030371,2025-07-10,2883.01,2679.2408412918626
TR-030372,2025-07-10,2023.87,2125.4023130779915
TR-030373,2025-07-10,1971.33,1945.9515384639324
TR-030374,2025-07-10,674.36,660.4037924299483
TR-030375,2025-07-10,1124.0,1118.914610935715
TR-030376,2025-07-10,1550.5,1543.5746996677335
TR-030377,2025-07-10,1232.56,1215.225955809751
TR-030378,2025-07-10,1603.28,1605.3596273095325
TR-030379,2025-07-10,1544.9,1505.998531549214
TR-030380,2025-07-10,3028.0,3189.963572511039
TR-030381,2025-07-10,2550.07,2452.8747366767075
TR-030382,2025-07-10,1308.99,1265.2786173270229
TR-030383,2025-07-10,1108.93,1088.307468310501
TR-030384,2025-07-10,2976.55,2970.8491338761064
TR-030385,2025-07-10,2039.29,2053.0982455816375
TR-030386,2025-07-10,736.1,730.4252882719403
TR-030387,2025-07-10,1757.22,1718.5289476757428
TR-030388,2025-07-10,1886.66,1907.2303263508172
TR-030389,2025-07-10,2177.86,2141.167566233846
TR-030390,2025-07-10,1975.47,1972.4542511692557
TR-030391,2025-07-10,2197.73,2087.8540395882333
TR-030392,2025-07-10,4356.37,4233.358406567069
TR-030393,2025-07-10,3877.58,4109.476538323421
TR-030394,2025-07-10,1302.0,1321.0285855185302
TR-030395,2025-07-10,775.05,771.482564451454
TR-030396,2025-07-10,1347.03,1321.5982361533615
TR-030397,2025-07-10,581.53,597.023539907379
TR-030398,2025-07-10,3562.07,3612.1360419812286
TR-030399,2025-07-10,405.35,414.35754678561824
TR-030400,2025-07-10,588.0,596.1701979853782
TR-030401,2025-07-11,1740.14,1709.5013576246802
TR-030402,2025-07-11,1564.51,1592.8866168537108
TR-030403,2025-07-11,1679.46,1618.1134747178223
TR-030404,2025-07-11,1687.22,1651.8220853270525
TR-030405,2025-07-11,2442.57,2376.043200360886
TR-030406,2025-07-11,1238.04,1212.4459950176877
TR-030407,2025-07-11,2698.28,2625.5307389658747
TR-030408,2025-07-11,773.41,774.5359612789191
TR-030409,2025-07-11,1929.35,1914.7732154755936
TR-030410,2025-07-11,3519.09,3338.981515540343
TR-030411,2025-07-11,2017.2,1995.0386132957794
TR-030412,2025-07-11,1633.32,1602.7809014922923
TR-030413,2025-07-11,2553.12,2516.936861469686
TR-030414,2025-07-11,578.85,565.2621768559975
TR-030415,2025-07-11,3201.57,3307.0811584714043
TR-030416,2025-07-11,1568.48,1538.1221501408452
TR-030417,2025-07-11,3257.96,3297.0788517132387
TR-030418,2025-07-11,1342.88,1356.8489618247916
TR-030419,2025-07-11,1549.37,1550.4826935363442
TR-030420,2025-07-11,2016.18,2207.3587092147677
TR-030421,2025-07-11,1807.82,1746.8538343872492
TR-030422,2025-07-11,2456.53,2385.237915117933
TR-030423,2025-07-11,256.45,245.00328500427085
TR-030424,2025-07-11,1855.24,1896.9413770777696
TR-030425,2025-07-11,6266.37,5942.252619734672
TR-030426,2025-07-11,2498.42,2454.607852241488
TR-030427,2025-07-11,582.19,546.5733817142186
TR-030428,2025-07-11,1228.6,1208.1093064602474
TR-030429,2025-07-11,1076.83,1073.0450415290827
TR-030430,2025-07-11,2763.46,2716.696769696282
TR-030431,2025-07-11,1941.54,1930.7437437378087
TR-030432,2025-07-11,3633.13,3758.890345450864
TR-030433,2025-07-11,2720.36,2622.3342280407433
TR-030434,2025-07-11,5767.46,5685.612358078759
TR-030435,2025-07-11,2016.79,1967.9940816886608
TR-030436,2025-07-11,1727.51,1726.742749910279
TR-030437,2025-07-11,4757.05,4921.7758933799605
TR-030438,2025-07-11,944.04,932.8444583179567
TR-030439,2025-07-11,790.33,763.0425755879434
TR-030440,2025-07-11,1726.64,1702.7529850526826
TR-030441,2025-07-11,3629.97,3496.4095462730274
TR-030442,2025-07-11,1918.28,1888.8156311317002
TR-030443,2025-07-11,2981.44,3030.1837547706045
TR-030444,2025-07-11,1716.55,1681.4987999588327
TR-030445,2025-07-11,1875.33,1888.7806487225353
TR-030446,2025-07-11,2205.88,2183.6204022817424
TR-030447,2025-07-11,2371.55,2353.571917252602
TR-030448,2025-07-11,5144.32,5254.968163502958
TR-030449,2025-07-11,1227.77,1230.456543301123
TR-030450,2025-07-11,3896.53,3926.973598241104
TR-030451,2025-07-11,4977.66,5273.794168178027
TR-030452,2025-07-11,3240.86,3386.4354544489065
TR-030453,2025-07-11,4136.94,4062.480418408892
TR-030454,2025-07-11,3811.69,3837.048441525621
TR-030455,2025-07-11,2211.05,2161.400128039746
TR-030456,2025-07-11,609.87,624.1047483625171
TR-030457,2025-07-11,4873.99,5116.740162730873
TR-030458,2025-07-11,1712.44,1668.761471783954
TR-030459,2025-07-11,3403.88,3517.684731040612
TR-030460,2025-07-11,1405.33,1379.8406553908258
TR-030461,2025-07-11,2890.52,2931.504790392149
TR-030462,2025-07-11,3143.44,3056.977725493006
TR-030463,2025-07-11,5108.04,4871.525130612985
TR-030464,2025-07-11,2972.43,2892.5978680007656
TR-030465,2025-07-11,3229.92,3264.3808121710654
TR-030466,2025-07-11,1971.93,1953.3985804569843
TR-030467,2025-07-11,1076.73,1063.967921254673
TR-030468,2025-07-11,4037.3,4139.178836729505
TR-030469,2025-07-11,1659.3,1646.0350171787393
TR-030470,2025-07-11,2284.14,2272.0879072899716
TR-030471,2025-07-11,991.96,1003.8245960775293
TR-030472,2025-07-11,594.84,596.2756496212224
TR-030473,2025-07-11,784.37,761.5873298013312
TR-030474,2025-07-11,1538.29,1534.6254878418085
TR-030475,2025-07-11,1152.41,1132.1258753049283
TR-030476,2025-07-11,4525.25,4235.448802455605
TR-030477,2025-07-11,3744.87,3795.057705560183
TR-030478,2025-07-11,1418.62,1377.6125593399706
TR-030479,2025-07-11,3954.39,3855.473549484745
TR-030480,2025-07-11,2609.26,2652.345661325545
TR-030481,2025-07-11,3343.63,3315.317370543167
TR-030482,2025-07-11,4015.8,3965.9205640523564
TR-030483,2025-07-11,1243.34,1265.6957659234838
TR-030484,2025-07-11,2871.44,2796.409585721476
TR-030485,2025-07-11,2062.09,2020.8919934448381
TR-030486,2025-07-11,2870.35,3000.9914011304636
TR-030487,2025-07-11,2793.09,2695.7290961644344
TR-030488,2025-07-11,902.09,888.3527026066151
TR-030489,2025-07-11,2013.0,1971.240290014365
TR-030490,2025-07-11,3207.33,3083.27418311751
TR-030491,2025-07-11,1914.13,1929.4784770366884
TR-030492,2025-07-11,3882.52,3789.7502651208115
TR-030493,2025-07-11,3690.44,3541.751272378917
TR-030494,2025-07-11,4747.59,4844.245368239272
TR-030495,2025-07-11,3456.02,3671.204190429543
TR-030496,2025-07-11,901.88,899.6538497569029
TR-030497,2025-07-11,1081.31,1061.5296271668187
TR-030498,2025-07-11,6305.98,5805.269588626273
TR-030499,2025-07-11,1607.62,1639.507833489476
TR-030500,2025-07-11,1065.25,1076.8461178122534
TR-030501,2025-07-11,2274.3,2297.630289806785
TR-030502,2025-07-11,3016.82,3208.9796377642856
TR-030503,2025-07-11,1667.35,1667.675211494449
TR-030504,2025-07-11,2061.53,2012.7078452477367
TR-030505,2025-07-11,728.28,717.4935829934356
TR-030506,2025-07-11,1035.0,1045.2374213421049
TR-030507,2025-07-11,1563.21,1577.746324864098
TR-030508,2025-07-11,494.43,484.66359426716684
TR-030509,2025-07-11,5725.17,5780.55463153029
TR-030510,2025-07-11,3514.5,3478.4992462999776
TR-030511,2025-07-11,1358.99,582.5645754089078
TR-030512,2025-07-11,1260.8,1275.195378445223
TR-030513,2025-07-11,2303.83,2158.0488280007694
TR-030514,2025-07-11,1474.65,1445.3174979155492
TR-030515,2025-07-11,1980.45,2055.364847316391
TR-030516,2025-07-11,648.69,625.9404588978834
TR-030517,2025-07-11,1927.79,1907.3506702189652
TR-030518,2025-07-11,2517.17,2481.9278849589996
TR-030519,2025-07-11,854.89,818.4316504773908
TR-030520,2025-07-11,2100.29,2082.400502488801
TR-030521,2025-07-11,1407.3,1396.5536915263424
TR-030522,2025-07-11,1717.31,1716.751759191692
TR-030523,2025-07-11,1245.57,1226.0593873685202
TR-030524,2025-07-11,1140.16,1119.5281887357457
TR-030525,2025-07-11,4513.38,4656.379063902765
TR-030526,2025-07-11,2390.61,2432.4155527624343
TR-030527,2025-07-11,1673.86,1645.5548277738683
TR-030528,2025-07-11,1820.79,1796.5365520428977
TR-030529,2025-07-11,750.35,735.4971843401873
TR-030530,2025-07-11,4190.89,4054.851859760576
TR-030531,2025-07-11,2012.11,2013.8924782485371
TR-030532,2025-07-11,3836.62,3761.0064640833302
TR-030533,2025-07-11,2113.91,2112.484403794702
TR-030534,2025-07-11,4424.19,4248.1113175731725
TR-030535,2025-07-11,2616.67,2576.657160533941
TR-030536,2025-07-11,1467.73,1428.4693224628365
TR-030537,2025-07-11,2481.8,2533.8034736059544
TR-030538,2025-07-11,4759.82,4802.4552190038785
TR-030539,2025-07-11,1546.1,1603.0866242565958
TR-030540,2025-07-11,4014.1,4120.257140856725
TR-030541,2025-07-11,1434.29,1423.4617214355494
TR-030542,2025-07-11,1683.92,1671.3784568717529
TR-030543,2025-07-11,1553.15,1545.1543845177664
TR-030544,2025-07-11,4921.95,4703.292029730222
TR-030545,2025-07-11,5103.52,4902.133178433231
TR-030546,2025-07-11,203.79,229.38733165241678
TR-030547,2025-07-11,4157.51,4122.389346433948
TR-030548,2025-07-11,4497.89,4452.15113761268
TR-030549,2025-07-11,3280.06,3184.129317490287
TR-030550,2025-07-11,1327.62,1357.785593728192
TR-030551,2025-07-11,1087.12,1034.073200192179
TR-030552,2025-07-11,3872.4,4129.0960532655445
TR-030553,2025-07-11,3950.65,3920.741474587351
TR-030554,2025-07-11,396.96,1117.8835810653434
TR-030555,2025-07-11,4706.47,4597.548511331315
TR-030556,2025-07-12,1582.52,1563.0045673290317
TR-030557,2025-07-12,3375.78,3451.564414297343
TR-030558,2025-07-12,361.11,334.1262788489717
TR-030559,2025-07-12,1166.72,1157.539103661813
TR-030560,2025-07-12,2139.92,2096.8358292744383
TR-030561,2025-07-12,2030.05,2064.6642605700704
TR-030562,2025-07-12,4349.07,4579.194219265078
TR-030563,2025-07-12,1344.15,1336.3103570689077
TR-030564,2025-07-12,1898.77,1892.9134848176682
TR-030565,2025-07-12,1205.38,1172.976795277054
TR-030566,2025-07-12,2329.47,2341.805850735221
TR-030567,2025-07-12,1630.6,1608.4508907374436
TR-030568,2025-07-12,534.63,534.9524401169454
TR-030569,2025-07-12,1904.16,1849.087501525453
TR-030570,2025-07-12,1168.73,1166.443333816761
TR-030571,2025-07-12,1959.68,1939.8883738694522
TR-030572,2025-07-12,2508.14,2464.462262231614
TR-030573,2025-07-12,4582.06,4849.783116808954
TR-030574,2025-07-12,736.17,764.093611299118
TR-030575,2025-07-12,764.43,749.553868308058
TR-030576,2025-07-12,763.81,756.2409481090139
TR-030577,2025-07-12,1079.94,1072.1785837375346
TR-030578,2025-07-12,1192.53,1200.3463884770035
TR-030579,2025-07-12,5799.27,5886.030881695208
TR-030580,2025-07-12,1582.17,1533.3730292409587
TR-030581,2025-07-12,1676.06,1657.8029679486037
TR-030582,2025-07-12,2518.79,2489.257716963188
TR-030583,2025-07-12,1434.59,1405.6120134354478
TR-030584,2025-07-12,3122.35,3257.0702374526777
TR-030585,2025-07-12,2640.3,2781.1022680256815
TR-030586,2025-07-12,1778.52,1784.0116900326009
TR-030587,2025-07-12,2479.15,2453.2789150158114
TR-030588,2025-07-12,685.37,674.3759443755303
TR-030589,2025-07-12,1066.85,1079.8394556370022
TR-030590,2025-07-12,3171.73,3058.5875603372724
TR-030591,2025-07-12,4594.73,4708.149566844615
TR-030592,2025-07-12,3667.36,3932.717350362831
TR-030593,2025-07-12,1420.59,1439.9472742283606
TR-030594,2025-07-12,1896.84,1896.3967481567304
TR-030595,2025-07-12,3049.71,3197.913368409458
TR-030596,2025-07-12,2454.58,2427.7095492180783
TR-030597,2025-07-12,2328.88,2332.383531207575
TR-030598,2025-07-12,3695.67,3582.1072456777124
TR-030599,2025-07-12,1544.7,1574.459566573051
TR-030600,2025-07-12,1097.2,1085.7847525248462
TR-030601,2025-07-12,1766.12,1747.2635293033504
TR-030602,2025-07-12,1892.28,1875.1389902986627
TR-030603,2025-07-12,3538.64,3766.9988552443147
TR-030604,2025-07-12,1708.49,1844.4630480026096
TR-030605,2025-07-12,1969.98,2062.47212899689
TR-030606,2025-07-12,1063.53,1033.447992009951
TR-030607,2025-07-12,1824.22,1742.7832939378955
TR-030608,2025-07-12,920.38,934.4480730788264
TR-030609,2025-07-12,549.54,541.5847972080121
TR-030610,2025-07-12,1028.6,1028.6589348494938
TR-030611,2025-07-12,2544.72,2530.3208869792475
TR-030612,2025-07-12,1414.68,1442.8129255810516
TR-030613,2025-07-12,2685.28,2617.2230399722876
TR-030614,2025-07-12,1794.12,1791.684832790636
TR-030615,2025-07-12,469.04,475.6650000167969
TR-030616,2025-07-12,1121.45,1083.3315179919935
TR-030617,2025-07-12,1261.64,1251.447129302693
TR-030618,2025-07-12,2416.93,2411.5753488303067
TR-030619,2025-07-12,3306.46,3372.142066034694
TR-030620,2025-07-12,3423.76,3391.349884164069
TR-030621,2025-07-12,2065.96,2201.833732133354
TR-030622,2025-07-12,3673.45,4059.033793634284
TR-030623,2025-07-12,1820.89,1787.9214375260776
TR-030624,2025-07-12,1541.39,1619.644263039908
TR-030625,2025-07-12,1480.38,1442.9421296917037
TR-030626,2025-07-12,2345.65,2198.5958944086806
TR-030627,2025-07-12,1568.51,1581.2933905106681
TR-030628,2025-07-12,1455.5,1459.3081110264231
TR-030629,2025-07-12,974.69,980.4869540458446
TR-030630,2025-07-12,1895.5,2028.6955493146795
TR-030631,2025-07-12,3538.73,3657.3326916567735
TR-030632,2025-07-12,2672.73,2540.6373839917096
TR-030633,2025-07-12,2396.84,2503.7683369527167
TR-030634,2025-07-12,4997.41,5393.171718415784
TR-030635,2025-07-12,1796.96,1795.719610449295
TR-030636,2025-07-12,2174.18,2287.006308430497
TR-030637,2025-07-12,929.42,907.5308263205023
TR-030638,2025-07-12,3609.71,3632.1732416673976
TR-030639,2025-07-12,3369.42,3412.9488683935806
TR-030640,2025-07-12,1764.02,1753.0496731467447
TR-030641,2025-07-12,2527.27,2551.4372541530415
TR-030642,2025-07-12,2434.39,2442.3300398320844
TR-030643,2025-07-12,4391.45,4663.184946786334
TR-030644,2025-07-12,5340.69,5492.657974182916
TR-030645,2025-07-12,2170.43,2152.62290406366
TR-030646,2025-07-12,2875.23,2787.0351658921486
TR-030647,2025-07-12,1592.63,1569.7146409388213
TR-030648,2025-07-12,3549.24,3480.6037046916185
TR-030649,2025-07-12,1244.92,1226.5588676576722
TR-030650,2025-07-12,4750.92,4971.370392529528
TR-030651,2025-07-12,3673.59,3548.932062626953
TR-030652,2025-07-12,711.95,697.031311055841
TR-030653,2025-07-12,1691.69,1667.2890253726223
TR-030654,2025-07-12,1057.38,1075.475122887334
TR-030655,2025-07-12,3207.56,3111.4976608531024
TR-030656,2025-07-12,4242.07,4566.234372684075
TR-030657,2025-07-12,2981.6,3174.805669314925
TR-030658,2025-07-12,2336.97,2338.79994316704
TR-030659,2025-07-12,1592.75,1606.3358032196563
TR-030660,2025-07-12,907.85,880.893113028265
TR-030661,2025-07-12,1193.71,1156.2975349234664
TR-030662,2025-07-12,4044.97,4320.452132279028
TR-030663,2025-07-12,3819.9,4099.445351095008
TR-030664,2025-07-12,1546.66,1564.22651789033
TR-030665,2025-07-12,2363.33,2430.313738888356
TR-030666,2025-07-12,2516.06,2460.5206035313763
TR-030667,2025-07-12,1652.35,1649.793541007042
TR-030668,2025-07-12,3516.22,3321.2638051231147
TR-030669,2025-07-12,1213.38,1204.9895316153331
TR-030670,2025-07-12,311.81,324.5230582303371
TR-030671,2025-07-12,4175.17,4399.541153225799
TR-030672,2025-07-12,616.27,606.566306406587
TR-030673,2025-07-12,930.57,934.3701160853713
TR-030674,2025-07-12,3309.52,3312.310083042584
TR-030675,2025-07-12,962.96,985.7822706833533
TR-030676,2025-07-12,1625.64,1631.469823226254
TR-030677,2025-07-12,3408.91,3314.2706448636377
TR-030678,2025-07-12,1557.97,1556.0149625063455
TR-030679,2025-07-12,704.47,722.6639447996303
TR-030680,2025-07-12,1518.98,1531.0670366764493
TR-030681,2025-07-12,1854.9,1793.999928076233
TR-030682,2025-07-12,4060.4,4254.687325709781
TR-030683,2025-07-12,2872.47,2853.4066702715436
TR-030684,2025-07-12,1076.42,1047.3209368200419
TR-030685,2025-07-12,2616.71,2680.1541175618836
TR-030686,2025-07-12,4186.0,4342.0428938340265
TR-030687,2025-07-12,2203.03,2236.6816053070443
TR-030688,2025-07-12,1471.4,1479.7650254720334
TR-030689,2025-07-12,2784.21,2783.743485194513
TR-030690,2025-07-12,3814.26,3920.370075667272
TR-030691,2025-07-12,3154.85,3094.9767952531874
TR-030692,2025-07-12,2507.85,2536.8775186327366
TR-030693,2025-07-12,5414.25,5492.962847574688
TR-030694,2025-07-12,575.56,556.6997699387524
TR-030695,2025-07-12,1374.42,1379.2212149598536
TR-030696,2025-07-12,1435.82,1430.203892856753
TR-030697,2025-07-12,4016.37,4297.539177544407
TR-030698,2025-07-12,1648.54,1626.816478907011
TR-030699,2025-07-12,2480.34,2547.9822777501595
TR-030700,2025-07-12,1034.17,1034.1236582206761
TR-030701,2025-07-12,977.65,998.6551144271942
TR-030702,2025-07-12,714.25,690.9456664134838
TR-030703,2025-07-12,2850.62,2971.352756345624
TR-030704,2025-07-12,1600.92,1594.2069787032124
TR-030705,2025-07-12,1677.72,1661.3209605244035
TR-030706,2025-07-12,59.68,326.4099380035315
TR-030707,2025-07-12,3532.44,3486.117117746775
TR-030708,2025-07-12,1879.21,1912.6135917529286
TR-030709,2025-07-12,2405.92,2335.8361450828215
TR-030710,2025-07-12,1425.36,1395.7264095054425
TR-030711,2025-07-12,486.47,474.7346567607791
TR-030712,2025-07-12,780.01,769.3128976176579
TR-030713,2025-07-12,1003.71,1005.6725083394252
TR-030714,2025-07-12,2800.97,2850.022026063898
TR-030715,2025-07-12,2940.64,3057.81634783797
TR-030716,2025-07-12,4458.97,4663.820547165073
TR-030717,2025-07-12,4685.49,4766.547122767295
TR-030718,2025-07-12,1684.33,1734.7285533457982
TR-030719,2025-07-12,4721.65,4800.090020847918
TR-030720,2025-07-12,2561.63,2557.6108422813454
TR-030721,2025-07-12,1475.77,1489.8819987435181
TR-030722,2025-07-12,571.08,570.814801957631
TR-030723,2025-07-12,3343.04,3499.035347425333
TR-030724,2025-07-12,2666.67,2595.094353596685
TR-030725,2025-07-12,2231.48,2241.111952117575
TR-030726,2025-07-12,1740.67,1758.1907437442997
TR-030727,2025-07-12,295.75,284.9676484162166
TR-030728,2025-07-12,644.13,660.3421359894401
TR-030729,2025-07-12,354.52,372.7440854170927
TR-030730,2025-07-12,4311.95,4275.712874777559
TR-030731,2025-07-12,2156.22,2208.6197494903445
TR-030732,2025-07-12,4086.56,4066.702209669447
TR-030733,2025-07-12,3823.2,3877.843758466019
TR-030734,2025-07-12,473.3,440.48000644789056
TR-030735,2025-07-12,4622.8,4819.5627631484
TR-030736,2025-07-12,2396.05,2426.0369156835195
TR-030737,2025-07-12,778.53,762.3982853040372
TR-030738,2025-07-12,1814.43,1763.6023899355666
TR-030739,2025-07-12,4568.56,4510.771952728017
TR-030740,2025-07-12,1514.04,1498.4456920832583
TR-030741,2025-07-12,1044.81,1050.08634399087
TR-030742,2025-07-12,5089.15,5195.816909398887
TR-030743,2025-07-12,911.34,900.8627529669491
TR-030744,2025-07-12,4526.11,4752.735115936909
TR-030745,2025-07-12,610.41,611.5372341139821
TR-030746,2025-07-12,3760.95,3646.2316425113877
TR-030747,2025-07-13,1561.4,1533.3682968001244
TR-030748,2025-07-13,3410.5,3481.985093031476
TR-030749,2025-07-13,891.18,849.524638549644
TR-030750,2025-07-13,4795.16,2004.5021852704522
TR-030751,2025-07-13,732.38,762.9050566132634
TR-030752,2025-07-13,3658.81,3773.861386042181
TR-030753,2025-07-13,4145.37,4372.918928200074
TR-030754,2025-07-13,4839.33,5013.60047499965
TR-030755,2025-07-13,2113.95,2084.9237755411177
TR-030756,2025-07-13,871.33,872.1927764697746
TR-030757,2025-07-13,2287.78,2423.046912859651
TR-030758,2025-07-13,2152.13,2130.035876693817
TR-030759,2025-07-13,1151.15,1147.1135430623315
TR-030760,2025-07-13,2182.98,2221.5392931271053
TR-030761,2025-07-13,2230.67,2310.708425880242
TR-030762,2025-07-13,3598.75,3639.5915042174156
TR-030763,2025-07-13,1064.0,1023.1975591014038
TR-030764,2025-07-13,2085.06,2088.4174271544334
TR-030765,2025-07-13,1122.73,1143.3483982175694
TR-030766,2025-07-13,1218.41,1207.0168910069901
TR-030767,2025-07-13,1345.82,1365.8376258219946
TR-030768,2025-07-13,1028.05,1002.2123011553864
TR-030769,2025-07-13,1481.63,1527.7165519559946
TR-030770,2025-07-13,1943.03,1967.6650116831026
TR-030771,2025-07-13,1314.1,1303.8723070726635
TR-030772,2025-07-13,503.1,507.6549613044117
TR-030773,2025-07-13,3726.14,3754.9700566108622
TR-030774,2025-07-13,3682.73,3468.9261104659604
TR-030775,2025-07-13,2048.55,2105.6805550687513
TR-030776,2025-07-13,1550.27,1586.2499997973814
TR-030777,2025-07-13,4022.07,3914.5237629976027
TR-030778,2025-07-13,2326.7,2261.196667105835
TR-030779,2025-07-13,4410.95,4612.3995433850105
TR-030780,2025-07-13,890.93,879.6493908851651
TR-030781,2025-07-13,4992.12,5086.94964884596
TR-030782,2025-07-13,1165.89,1123.4465857571768
TR-030783,2025-07-13,880.74,831.2906756701475
TR-030784,2025-07-13,2021.66,2003.5470652612528
TR-030785,2025-07-13,2022.06,2087.137491245572
TR-030786,2025-07-13,1722.7,1712.9918737219364
TR-030787,2025-07-13,892.59,877.954278324172
TR-030788,2025-07-13,1356.1,1355.6678165043377
TR-030789,2025-07-13,1649.67,1639.1313886847195
TR-030790,2025-07-13,1674.54,1689.8687987056664
TR-030791,2025-07-13,2784.88,2627.7954364553525
TR-030792,2025-07-13,2383.43,2511.2904109163005
TR-030793,2025-07-13,6065.51,6097.544181662468
TR-030794,2025-07-13,1786.01,1787.2448152743166
TR-030795,2025-07-13,688.99,669.2041451992045
TR-030796,2025-07-13,1462.35,1394.331725019961
TR-030797,2025-07-13,3999.47,4192.480521189952
TR-030798,2025-07-13,1255.88,1244.9297359654674
TR-030799,2025-07-13,3450.04,3352.035596289974
TR-030800,2025-07-13,1675.24,1652.2334850194281
TR-030801,2025-07-13,751.2,746.009667974553
TR-030802,2025-07-13,585.86,576.60869787357
TR-030803,2025-07-13,1035.13,1036.320696184236
TR-030804,2025-07-13,1359.53,1305.505380236016
TR-030805,2025-07-13,3773.57,3705.0525390357743
TR-030806,2025-07-13,912.34,921.2154954868885
TR-030807,2025-07-13,1452.6,1437.800493581276
TR-030808,2025-07-13,1307.3,1287.2852211430993
TR-030809,2025-07-13,969.11,926.6996259495988
TR-030810,2025-07-13,1623.84,1638.010792056055
TR-030811,2025-07-13,1252.32,1220.2364251638553
TR-030812,2025-07-13,2470.29,2557.3327603939015
TR-030813,2025-07-13,2556.21,2453.0523996444585
TR-030814,2025-07-13,2082.85,2087.5225895916087
TR-030815,2025-07-13,2757.5,2700.994627077123
TR-030816,2025-07-13,3779.43,3755.6756192305747
TR-030817,2025-07-13,1377.33,1369.7804647874214
TR-030818,2025-07-13,4038.49,4074.910986024294
TR-030819,2025-07-13,3006.92,2927.064203977962
TR-030820,2025-07-13,3780.45,3946.2448572331446
TR-030821,2025-07-13,2387.39,2266.2820068669544
TR-030822,2025-07-13,782.79,768.432656306474
TR-030823,2025-07-13,2206.75,2175.2296259899554
TR-030824,2025-07-13,2122.49,2078.1596673325553
TR-030825,2025-07-13,845.86,827.907750109789
TR-030826,2025-07-13,997.28,959.812759946506
TR-030827,2025-07-13,3989.15,4249.253167539379
TR-030828,2025-07-13,2744.55,2805.2242300441508
TR-030829,2025-07-13,2058.37,1968.3528179824018
TR-030830,2025-07-13,2030.82,2194.4375995956716
TR-030831,2025-07-13,2759.22,2746.246610637769
TR-030832,2025-07-13,1293.41,1298.2925260172158
TR-030833,2025-07-13,3960.48,4251.617067412989
TR-030834,2025-07-13,2090.8,2088.2322552557434
TR-030835,2025-07-13,2241.72,2380.8763196098225
TR-030836,2025-07-13,982.02,974.8085298017672
TR-030837,2025-07-13,2406.93,2444.512139818339
TR-030838,2025-07-13,2246.31,2326.68528989433
TR-030839,2025-07-13,2783.66,2859.9544969712274
TR-030840,2025-07-13,836.56,831.8086511898226
TR-030841,2025-07-13,2043.29,2014.0586701345658
TR-030842,2025-07-13,749.7,749.4341592967448
TR-030843,2025-07-13,1154.47,1118.2771793991583
TR-030844,2025-07-13,4325.3,4601.920206838169
TR-030845,2025-07-13,993.97,973.360961270821
TR-030846,2025-07-13,4314.78,4529.0050535363125
TR-030847,2025-07-13,1145.24,1122.8850964605726
TR-030848,2025-07-13,2522.14,2536.9991234641516
TR-030849,2025-07-13,1627.4,1623.1047782217772
TR-030850,2025-07-13,728.41,711.9408858238316
TR-030851,2025-07-13,4217.09,4321.088432657578
TR-030852,2025-07-13,2064.09,2069.6721363740335
TR-030853,2025-07-13,224.9,229.8770342744772
TR-030854,2025-07-13,4429.42,4701.632386626693
TR-030855,2025-07-13,1670.59,1662.1496152668685
TR-030856,2025-07-13,758.79,749.197824010685
TR-030857,2025-07-13,312.99,318.4022625234342
TR-030858,2025-07-13,1001.52,986.4395983519663
TR-030859,2025-07-13,4827.69,4574.826625790695
TR-030860,2025-07-13,1874.57,1853.5495233226545
TR-030861,2025-07-13,2071.3,2145.123227667927
TR-030862,2025-07-13,2351.95,2427.354936201125
TR-030863,2025-07-13,1383.51,1405.9679867467016
TR-030864,2025-07-13,1265.86,1245.941395362075
TR-030865,2025-07-13,5283.97,5265.67191632312
TR-030866,2025-07-13,476.03,492.5737557392891
TR-030867,2025-07-13,1370.24,1373.7839403790779
TR-030868,2025-07-13,5702.78,5936.963802556654
TR-030869,2025-07-13,3011.81,3009.4671513576122
TR-030870,2025-07-13,1532.49,1509.0802031854028
TR-030871,2025-07-13,3866.94,3955.8578353762664
TR-030872,2025-07-13,3950.52,4063.594518851535
TR-030873,2025-07-13,4226.81,4443.846715917995
TR-030874,2025-07-13,5382.71,5491.455466732253
TR-030875,2025-07-13,2018.87,2003.3799068998896
TR-030876,2025-07-13,3086.11,3220.0090251074816
TR-030877,2025-07-13,4798.13,5058.197407130554
TR-030878,2025-07-13,1544.93,1568.4030915008934
TR-030879,2025-07-13,1991.18,2016.6792559299147
TR-030880,2025-07-13,4780.32,4927.985803117395
TR-030881,2025-07-13,2628.64,2703.169020082095
TR-030882,2025-07-13,4926.8,4872.401145099455
TR-030883,2025-07-13,610.35,617.0287147485395
TR-030884,2025-07-13,3336.06,3392.6707891370233
TR-030885,2025-07-13,1596.0,1598.2023962078672
TR-030886,2025-07-13,2594.37,2587.4956668342675
TR-030887,2025-07-13,3417.87,3351.1915305371517
TR-030888,2025-07-13,2348.52,2400.2146967873227
TR-030889,2025-07-13,2193.11,2223.490282399642
TR-030890,2025-07-13,4082.08,4373.530206196482
TR-030891,2025-07-13,3871.02,4160.07385854625
TR-030892,2025-07-13,3108.39,955.9430448993706
TR-030893,2025-07-13,1075.32,1097.6308552967778
TR-030894,2025-07-13,2217.93,2302.2590385260874
TR-030895,2025-07-13,4549.32,4600.68947349046
TR-030896,2025-07-13,1084.28,1064.6980110543939
TR-030897,2025-07-13,4767.36,4517.7144359655185
TR-030898,2025-07-13,764.55,741.5135949328017
TR-030899,2025-07-13,997.07,995.9743923171668
TR-030900,2025-07-13,774.46,784.6874239529135
TR-030901,2025-07-13,3827.37,3808.565967546582
TR-030902,2025-07-13,1156.04,1131.7782536260584
TR-030903,2025-07-13,4714.08,4943.847852576556
TR-030904,2025-07-13,2065.24,2046.7819062374488
TR-030905,2025-07-13,1196.57,1181.3361865836948
TR-030906,2025-07-13,2054.27,2081.366113695216
TR-030907,2025-07-13,2010.15,2018.7616445642705
TR-030908,2025-07-13,3822.26,4022.943360747044
TR-030909,2025-07-13,2478.38,2532.4651304588983
TR-030910,2025-07-13,780.67,757.0089802782138
TR-030911,2025-07-13,1592.78,1531.439454799651
TR-030912,2025-07-13,2316.17,2330.7180861718866
TR-030913,2025-07-13,1645.68,1645.5264561465474
TR-030914,2025-07-13,2027.85,2022.0229305902378
TR-030915,2025-07-13,3920.49,4236.407444707033
TR-030916,2025-07-13,3775.64,3999.8107678594392
TR-030917,2025-07-13,890.78,894.419039528424
TR-030918,2025-07-13,1499.46,1620.5629388784803
TR-030919,2025-07-13,1149.11,1125.7802852247323
TR-030920,2025-07-13,1464.45,1445.403140911022
TR-030921,2025-07-13,3451.49,3509.795585608937
TR-030922,2025-07-13,706.48,694.917087427662
TR-030923,2025-07-14,2013.79,1993.9734840471185
TR-030924,2025-07-14,3977.13,3951.368034195876
TR-030925,2025-07-14,5355.59,5568.320475974394
TR-030926,2025-07-14,1544.71,1538.8233105716868
TR-030927,2025-07-14,1495.6,1473.720310524894
TR-030928,2025-07-14,5172.64,5352.201328895929
TR-030929,2025-07-14,4011.1,4094.27539290509
TR-030930,2025-07-14,4097.64,4408.49960228886
TR-030931,2025-07-14,3050.75,3245.700100796448
TR-030932,2025-07-14,3216.84,3218.3686428140245
TR-030933,2025-07-14,4303.41,4239.9186021492615
TR-030934,2025-07-14,4481.51,4817.851722258169
TR-030935,2025-07-14,2716.36,2756.291631289863
TR-030936,2025-07-14,361.91,357.60180181057854
TR-030937,2025-07-14,2253.82,2134.7499087699834
TR-030938,2025-07-14,1106.54,1094.7085195759494
TR-030939,2025-07-14,1002.36,984.0412202469649
TR-030940,2025-07-14,1052.89,1020.8172138899203
TR-030941,2025-07-14,1256.28,1229.4934040470644
TR-030942,2025-07-14,898.29,868.3618507091924
TR-030943,2025-07-14,2864.99,2895.479272324271
TR-030944,2025-07-14,493.72,501.88468857705857
TR-030945,2025-07-14,3072.58,3021.003686250085
TR-030946,2025-07-14,3324.84,3262.716278140952
TR-030947,2025-07-14,3688.5,3781.2780166189227
TR-030948,2025-07-14,4177.2,4386.211666889821
TR-030949,2025-07-14,2966.57,2940.5080996687952
TR-030950,2025-07-14,1790.77,1799.5975351332054
TR-030951,2025-07-14,1451.46,1526.6895923925347
TR-030952,2025-07-14,5975.08,5943.039962621275
TR-030953,2025-07-14,3176.69,3093.073956361184
TR-030954,2025-07-14,1851.57,1866.746661146518
TR-030955,2025-07-14,891.32,882.5139723547884
TR-030956,2025-07-14,2053.22,2137.6347908451457
TR-030957,2025-07-14,4609.63,4718.678678398091
TR-030958,2025-07-14,557.59,558.6675655510307
TR-030959,2025-07-14,983.41,951.3309945541924
TR-030960,2025-07-14,2910.22,2928.0293314328183
TR-030961,2025-07-14,3494.0,3473.606420741602
TR-030962,2025-07-14,2544.98,2539.7352238449835
TR-030963,2025-07-14,576.24,573.2554644301363
TR-030964,2025-07-14,3613.63,3753.8466155961773
TR-030965,2025-07-14,923.25,908.833639434343
TR-030966,2025-07-14,803.51,821.898835410477
TR-030967,2025-07-14,3835.93,4192.831863628923
TR-030968,2025-07-14,2299.7,2367.4386547620334
TR-030969,2025-07-14,268.86,299.7993404436341
TR-030970,2025-07-14,2823.78,2920.528762763112
TR-030971,2025-07-14,2509.41,2461.818572294338
TR-030972,2025-07-14,525.15,545.721406807327
TR-030973,2025-07-14,6516.72,6425.947821231031
TR-030974,2025-07-14,1006.11,1000.7631004678954
TR-030975,2025-07-14,612.21,614.0140459921693
TR-030976,2025-07-14,1769.34,1771.6571091330193
TR-030977,2025-07-14,1720.02,1689.8686650710672
TR-030978,2025-07-14,2189.38,2147.81394784539
TR-030979,2025-07-14,1169.63,1177.1583325890215
TR-030980,2025-07-14,4376.89,4295.913931674859
TR-030981,2025-07-14,977.71,964.7253233613316
TR-030982,2025-07-14,1104.31,1012.0701323670576
TR-030983,2025-07-14,2072.97,2093.040745881946
TR-030984,2025-07-14,779.65,753.5295739363678
TR-030985,2025-07-14,1560.35,1577.3610745889343
TR-030986,2025-07-14,2303.43,2427.5311111770593
TR-030987,2025-07-14,2279.06,2129.041066464917
TR-030988,2025-07-14,2300.43,2378.6371624068593
TR-030989,2025-07-14,1673.65,1594.1558850563317
TR-030990,2025-07-14,1723.8,1768.9796238654908
TR-030991,2025-07-14,3718.98,3671.953938070871
TR-030992,2025-07-14,1468.72,1443.844076498316
TR-030993,2025-07-14,1572.4,1533.7129871122322
TR-030994,2025-07-14,3572.98,3510.185129862171
TR-030995,2025-07-14,3963.91,3964.3528835908814
TR-030996,2025-07-14,792.37,789.1014786403051
TR-030997,2025-07-14,5696.87,5298.5410187911375
TR-030998,2025-07-14,1882.51,1889.5716188508927
TR-030999,2025-07-14,4295.23,4583.310481215345
TR-031000,2025-07-14,4404.9,4616.009482905659
TR-031001,2025-07-14,3129.2,2885.5923356226963
TR-031002,2025-07-14,2553.5,2508.4654165515967
TR-031003,2025-07-14,2700.92,2646.8960485293505
TR-031004,2025-07-14,2590.21,2677.1299923650786
TR-031005,2025-07-14,602.57,615.672607800179
TR-031006,2025-07-14,1227.94,1221.250928944921
TR-031007,2025-07-14,721.77,703.5835154521752
TR-031008,2025-07-14,4337.99,4466.71138267229
TR-031009,2025-07-14,2459.35,2493.1410130411987
TR-031010,2025-07-14,1605.46,1559.311165586748
TR-031011,2025-07-14,600.87,582.1529782047987
TR-031012,2025-07-14,3474.14,3494.2968606594573
TR-031013,2025-07-14,2100.13,2065.9331850834124
TR-031014,2025-07-14,1609.27,1583.5119985429192
TR-031015,2025-07-14,2206.95,2206.5507061517214
TR-031016,2025-07-14,758.87,772.7333726277247
TR-031017,2025-07-14,3492.31,3518.62323282428
TR-031018,2025-07-14,4109.53,4491.118803260088
TR-031019,2025-07-14,926.82,4169.666360494639
TR-031020,2025-07-14,753.27,751.5678276705135
TR-031021,2025-07-14,964.44,913.7525955619936
TR-031022,2025-07-14,4574.6,4409.141471586089
TR-031023,2025-07-14,4116.38,4286.518388928223
TR-031024,2025-07-14,1782.79,1778.09480368066
TR-031025,2025-07-14,3802.08,3660.3048650641986
TR-031026,2025-07-14,1654.42,1609.449203081584
TR-031027,2025-07-14,1943.65,1902.9497964117704
TR-031028,2025-07-14,3136.73,2984.908880637125
TR-031029,2025-07-14,1297.39,1302.5126038587457
TR-031030,2025-07-14,1042.42,1027.8647384810536
TR-031031,2025-07-14,3822.67,3867.379275437692
TR-031032,2025-07-14,5929.17,5739.25523409709
TR-031033,2025-07-14,1563.33,1572.9256673475033
TR-031034,2025-07-14,2962.14,2939.3497507782663
TR-031035,2025-07-14,1850.69,1858.4616647708742
TR-031036,2025-07-14,1720.99,1716.78557047382
TR-031037,2025-07-14,3956.97,4142.725352215808
TR-031038,2025-07-14,3841.23,4006.79554742442
TR-031039,2025-07-14,2380.76,2387.4860457108157
TR-031040,2025-07-14,2062.37,2077.006925892606
TR-031041,2025-07-14,3842.0,3608.102272673382
TR-031042,2025-07-14,4003.37,4179.9500666253125
TR-031043,2025-07-14,1204.56,1166.213668247468
TR-031044,2025-07-14,4140.39,4320.613429643825
TR-031045,2025-07-14,1642.24,1652.2147781375913
TR-031046,2025-07-14,3859.46,4147.631925416372
TR-031047,2025-07-14,3440.06,3351.0456690749797
TR-031048,2025-07-14,1980.59,2069.499817085199
TR-031049,2025-07-14,1241.76,1238.6874039551415
TR-031050,2025-07-14,5052.56,4705.530072692897
TR-031051,2025-07-14,646.7,645.8840613603294
TR-031052,2025-07-14,2707.19,2597.0110968785857
TR-031053,2025-07-14,2378.42,2432.138679091946
TR-031054,2025-07-14,1021.92,1048.2296890772438
TR-031055,2025-07-14,245.71,309.93766491688086
TR-031056,2025-07-14,2792.66,2729.9429305767635
TR-031057,2025-07-14,1017.63,1003.8714410184762
TR-031058,2025-07-14,1481.47,1481.980924617924
TR-031059,2025-07-14,3440.83,3415.602592696929
TR-031060,2025-07-14,1930.82,1907.2974633358685
TR-031061,2025-07-14,2200.07,2164.406707204845
TR-031062,2025-07-14,1918.97,1927.9521348466058
TR-031063,2025-07-14,492.71,474.0422706547244
TR-031064,2025-07-14,2663.21,2699.590037741021
TR-031065,2025-07-14,4484.12,4259.979623714664
TR-031066,2025-07-14,2557.11,2566.9066034847087
TR-031067,2025-07-14,6359.0,6224.370567055986
TR-031068,2025-07-14,2028.09,2020.400699959934
TR-031069,2025-07-14,4856.54,5013.385731978234
TR-031070,2025-07-14,2566.75,2542.6911878136834
TR-031071,2025-07-14,915.73,910.6252566657837
TR-031072,2025-07-14,1850.23,1824.7033264782592
TR-031073,2025-07-14,2802.59,2956.8213726140407
TR-031074,2025-07-14,1813.98,1827.0522188262694
TR-031075,2025-07-14,3495.35,3363.7997470955133
TR-031076,2025-07-15,1028.63,1023.9217234021402
TR-031077,2025-07-15,1828.3,1773.9246523368104
TR-031078,2025-07-15,2828.32,2784.6565075992858
TR-031079,2025-07-15,3718.96,3812.4208175710896
TR-031080,2025-07-15,4411.76,4362.751552160356
TR-031081,2025-07-15,4700.02,4906.488355452504
TR-031082,2025-07-15,2703.15,2639.556170790518
TR-031083,2025-07-15,4170.96,4382.121850628119
TR-031084,2025-07-15,4538.81,4573.055604447985
TR-031085,2025-07-15,3463.97,3646.0901667064613
TR-031086,2025-07-15,3837.61,3752.809424708468
TR-031087,2025-07-15,5519.2,5688.25022220195
TR-031088,2025-07-15,5481.82,5397.309845683664
TR-031089,2025-07-15,3898.57,4084.751458333795
TR-031090,2025-07-15,1834.62,1816.8413741801778
TR-031091,2025-07-15,1468.29,1400.3726457934706
TR-031092,2025-07-15,1661.76,1681.1695529924987
TR-031093,2025-07-15,588.42,587.2336422408351
TR-031094,2025-07-15,2997.65,2975.6768013320275
TR-031095,2025-07-15,1070.62,1032.0319609759665
TR-031096,2025-07-15,4025.89,4197.0746454499
TR-031097,2025-07-15,4861.52,4760.458878054218
TR-031098,2025-07-15,2101.44,2081.225808198918
TR-031099,2025-07-15,1330.11,1365.6279375236625
TR-031100,2025-07-15,1647.97,1693.138679920373
TR-031101,2025-07-15,1394.12,1388.0771151906617
TR-031102,2025-07-15,4231.14,4222.337938167979
TR-031103,2025-07-15,3402.55,3650.3287234041045
TR-031104,2025-07-15,2128.61,2072.8792330343576
TR-031105,2025-07-15,896.3,889.0708575709641
TR-031106,2025-07-15,1146.04,1143.4011757022556
TR-031107,2025-07-15,1149.63,1103.1491498029516
TR-031108,2025-07-15,3900.59,3974.8952909437526
TR-031109,2025-07-15,3886.51,4043.3085066941603
TR-031110,2025-07-15,3857.69,3988.764564538957
TR-031111,2025-07-15,2637.05,2542.6075894085266
TR-031112,2025-07-15,4026.81,4248.359637975288
TR-031113,2025-07-15,1483.61,1440.3280362570806
TR-031114,2025-07-15,880.63,865.2569550797239
TR-031115,2025-07-15,589.95,602.7099800788524
TR-031116,2025-07-15,2619.05,2632.1091327484164
TR-031117,2025-07-15,3670.22,3481.4691899463937
TR-031118,2025-07-15,1033.64,1029.7646949653422
TR-031119,2025-07-15,1960.16,1963.067627570937
TR-031120,2025-07-15,1133.6,1145.5629118757133
TR-031121,2025-07-15,3569.07,3681.1177950583847
TR-031122,2025-07-15,4496.11,4374.402110176732
TR-031123,2025-07-15,2192.77,2279.575427647128
TR-031124,2025-07-15,3462.35,3544.600192841097
TR-031125,2025-07-15,1051.27,1058.7205405422108
TR-031126,2025-07-15,1908.66,2008.2713205161556
TR-031127,2025-07-15,4779.51,4650.948441839063
TR-031128,2025-07-15,2800.39,2884.46461465162
TR-031129,2025-07-15,2132.27,2094.7217137702137
TR-031130,2025-07-15,1962.71,1944.3912351877775
TR-031131,2025-07-15,5061.61,1712.252317408208
TR-031132,2025-07-15,1779.31,1842.0890799090162
TR-031133,2025-07-15,438.84,389.25255051483896
TR-031134,2025-07-15,2242.32,2244.8408227134364
TR-031135,2025-07-15,4073.44,4042.322399134432
TR-031136,2025-07-15,1908.18,1904.3133978947476
TR-031137,2025-07-15,5592.89,5691.375223700999
TR-031138,2025-07-15,2374.3,2484.703683335855
TR-031139,2025-07-15,2479.34,2435.686010801526
TR-031140,2025-07-15,2058.89,2047.7528514085532
TR-031141,2025-07-15,4651.51,4531.770403804242
TR-031142,2025-07-15,1987.29,1941.1582781970117
TR-031143,2025-07-15,5591.08,5671.7921720291315
TR-031144,2025-07-15,542.36,555.6626085414331
TR-031145,2025-07-15,312.92,299.5891734015142
TR-031146,2025-07-15,3781.76,3733.970513273505
TR-031147,2025-07-15,1869.74,1942.3090602332297
TR-031148,2025-07-15,4280.67,4564.601953458749
TR-031149,2025-07-15,1131.43,1134.5228770186286
TR-031150,2025-07-15,3590.05,3640.7777845579426
TR-031151,2025-07-15,2061.73,2066.678056818321
TR-031152,2025-07-15,5802.66,5745.839913755084
TR-031153,2025-07-15,730.52,722.2465605080602
TR-031154,2025-07-15,723.46,721.4239897400001
TR-031155,2025-07-15,839.57,876.2292500996108
TR-031156,2025-07-15,1120.67,1126.273250076313
TR-031157,2025-07-15,1005.61,994.9192013654439
TR-031158,2025-07-15,2175.61,2365.500612715664
TR-031159,2025-07-15,4050.58,4337.6983362101555
TR-031160,2025-07-15,4662.18,4492.111741553231
TR-031161,2025-07-15,2313.21,2268.7599493227926
TR-031162,2025-07-15,2513.39,2446.328797454218
TR-031163,2025-07-15,2475.03,2439.1101400797133
TR-031164,2025-07-15,3052.91,3224.230571833621
TR-031165,2025-07-15,1141.87,1110.2978344336889
TR-031166,2025-07-15,1415.54,1437.7636633511347
TR-031167,2025-07-15,4309.52,4420.133223572335
TR-031168,2025-07-15,2297.18,2196.638127518661
TR-031169,2025-07-15,1373.21,1375.8085298383796
TR-031170,2025-07-15,3165.42,3044.7287173743757
TR-031171,2025-07-15,673.4,658.3240949145402
TR-031172,2025-07-15,3618.84,3568.239448678072
TR-031173,2025-07-15,2676.5,2522.162227727808
TR-031174,2025-07-15,4056.98,4461.702849170924
TR-031175,2025-07-15,1185.63,1144.7606124192314
TR-031176,2025-07-15,4080.45,4170.454301938493
TR-031177,2025-07-15,1156.3,1156.520478574366
TR-031178,2025-07-15,912.09,903.4242052939089
TR-031179,2025-07-15,3341.52,3281.3679082159315
TR-031180,2025-07-15,4128.74,3988.2669927155716
TR-031181,2025-07-15,6109.42,5867.2811019959045
TR-031182,2025-07-15,885.35,870.2352928216604
TR-031183,2025-07-15,1100.5,1082.9718289134473
TR-031184,2025-07-15,4203.27,4390.310490335489
TR-031185,2025-07-15,474.14,485.2817724993236
TR-031186,2025-07-15,1544.4,1553.7867582475776
TR-031187,2025-07-15,4436.55,4717.7395391503505
TR-031188,2025-07-15,2530.21,2467.413172350491
TR-031189,2025-07-15,1039.62,996.0568338367176
TR-031190,2025-07-15,1343.16,1355.6905853563364
TR-031191,2025-07-15,3745.4,3842.421977497208
TR-031192,2025-07-15,3428.99,3543.3879353495004
TR-031193,2025-07-15,2283.5,2220.296061796173
TR-031194,2025-07-15,3505.89,3666.969819165724
TR-031195,2025-07-15,345.46,327.46718178627776
TR-031196,2025-07-15,3369.69,3191.3634088187855
TR-031197,2025-07-15,3133.96,3123.6939557321607
TR-031198,2025-07-15,1395.35,1395.2406285571196
TR-031199,2025-07-15,910.93,908.5342023600099
TR-031200,2025-07-15,3460.09,3582.8174805268504
TR-031201,2025-07-15,2499.54,2434.0703386005157
TR-031202,2025-07-15,9445.95,2866.957723328353
TR-031203,2025-07-15,2406.54,2532.8424169932387
TR-031204,2025-07-15,3614.89,3586.3138950924385
TR-031205,2025-07-15,2665.86,2802.179805468312
TR-031206,2025-07-15,4806.59,4816.893929257824
TR-031207,2025-07-15,4374.54,4270.108956171202
TR-031208,2025-07-15,5737.5,5787.069111550736
TR-031209,2025-07-15,5800.11,5566.774064104411
TR-031210,2025-07-15,968.4,942.1539782241807
TR-031211,2025-07-15,1466.16,1428.136177542799
TR-031212,2025-07-15,4253.1,4526.569024394341
TR-031213,2025-07-15,2551.17,2609.31484037722
TR-031214,2025-07-15,3565.25,3593.5120034023466
TR-031215,2025-07-15,4869.46,4748.727119899157
TR-031216,2025-07-15,1882.94,1922.5333850009765
TR-031217,2025-07-15,909.27,894.4329084642878
TR-031218,2025-07-15,2911.96,3036.747146936534
TR-031219,2025-07-15,2488.57,2584.8488272713666
TR-031220,2025-07-15,5477.69,5601.271663782949
TR-031221,2025-07-15,1231.82,1259.3552174837967
TR-031222,2025-07-15,1479.55,1465.6210719025191
TR-031223,2025-07-15,2318.57,2249.046059469978
TR-031224,2025-07-15,491.96,481.56157094460934
TR-031225,2025-07-16,2513.37,2565.498588930876
TR-031226,2025-07-16,1180.47,1178.3464183497556
TR-031227,2025-07-16,1545.31,1569.7973402816838
TR-031228,2025-07-16,1349.51,1340.5032704197083
TR-031229,2025-07-16,1595.7,1572.764157447005
TR-031230,2025-07-16,531.33,447.29605955848024
TR-031231,2025-07-16,3745.55,3597.3234467009547
TR-031232,2025-07-16,4736.47,4906.993912867004
TR-031233,2025-07-16,3269.88,3415.0579727378954
TR-031234,2025-07-16,4781.12,4463.844147091007
TR-031235,2025-07-16,3162.43,3085.0388476775724
TR-031236,2025-07-16,4778.73,4798.6857711254215
TR-031237,2025-07-16,1284.21,1275.0457788498138
TR-031238,2025-07-16,763.11,778.1329141282904
TR-031239,2025-07-16,6312.38,6198.051128926936
TR-031240,2025-07-16,2299.33,2166.4825373416575
TR-031241,2025-07-16,4552.61,4726.272369540025
TR-031242,2025-07-16,713.38,715.9224914913549
TR-031243,2025-07-16,2054.62,2034.4197607942483
TR-031244,2025-07-16,1846.19,1807.570541290164
TR-031245,2025-07-16,343.21,296.5931200185578
TR-031246,2025-07-16,4944.65,5078.9035643075495
TR-031247,2025-07-16,1164.94,1179.5467752517088
TR-031248,2025-07-16,2198.2,2224.509754368272
TR-031249,2025-07-16,2076.81,2103.0304554727754
TR-031250,2025-07-16,1688.09,1714.3546426348644
TR-031251,2025-07-16,3019.0,2911.687846290144
TR-031252,2025-07-16,5180.86,5306.926288199652
TR-031253,2025-07-16,3985.45,4289.986130898013
TR-031254,2025-07-16,1209.55,1217.144012935313
TR-031255,2025-07-16,2629.73,2539.947557976239
TR-031256,2025-07-16,5202.28,5380.523225260229
TR-031257,2025-07-16,657.66,648.9985888033057
TR-031258,2025-07-16,1820.91,1813.6783672969686
TR-031259,2025-07-16,1691.93,1673.141878112818
TR-031260,2025-07-16,19042.39,3837.197026575327
TR-031261,2025-07-16,2545.02,2544.6904686558037
TR-031262,2025-07-16,1700.07,1692.8752946415025
TR-031263,2025-07-16,4453.17,4520.106858610375
TR-031264,2025-07-16,1762.58,1757.4818831223683
TR-031265,2025-07-16,2458.42,2446.680840369325
TR-031266,2025-07-16,2995.27,2899.444023604307
TR-031267,2025-07-16,1846.89,1815.8660377470121
TR-031268,2025-07-16,2479.39,2514.9548388673234
TR-031269,2025-07-16,3948.52,4187.183535240916
TR-031270,2025-07-16,4388.84,4660.4191977590635
TR-031271,2025-07-16,5341.61,5162.565607317557
TR-031272,2025-07-16,796.62,830.4398781914294
TR-031273,2025-07-16,4157.9,4303.938801470608
TR-031274,2025-07-16,811.4,819.0472192744629
TR-031275,2025-07-16,2531.05,2571.186311888127
TR-031276,2025-07-16,1334.81,1301.751463911243
TR-031277,2025-07-16,2274.26,2143.0140793148203
TR-031278,2025-07-16,2179.5,2172.9698684087675
TR-031279,2025-07-16,1336.61,1337.6445975191348
TR-031280,2025-07-16,2848.44,2732.069075037443
TR-031281,2025-07-16,1016.23,1021.136990925302
TR-031282,2025-07-16,3369.39,3311.886888863624
TR-031283,2025-07-16,2478.25,2465.445029160393
TR-031284,2025-07-16,5817.95,5671.784729942995
TR-031285,2025-07-16,2797.85,2779.679550507221
TR-031286,2025-07-16,1615.55,1651.5853655791811
TR-031287,2025-07-16,2282.64,2248.5999650705876
TR-031288,2025-07-16,4191.28,4500.8491675001915
TR-031289,2025-07-16,1877.27,1822.9686196496818
TR-031290,2025-07-16,1739.6,1702.8208158301338
TR-031291,2025-07-16,4179.08,4282.6371494009
TR-031292,2025-07-16,4635.54,4786.166879268144
TR-031293,2025-07-16,2837.44,2834.6293886680605
TR-031294,2025-07-16,804.91,2578.998223373475
TR-031295,2025-07-16,2613.67,2589.7010015795686
TR-031296,2025-07-16,5018.11,5222.197762950554
TR-031297,2025-07-16,4643.35,4673.249472894858
TR-031298,2025-07-16,423.31,434.36934716626615
TR-031299,2025-07-16,2044.57,2069.377372507504
TR-031300,2025-07-16,4560.5,4852.415027317595
TR-031301,2025-07-16,353.57,356.8496237585552
TR-031302,2025-07-16,1800.31,1765.8998872484162
TR-031303,2025-07-16,4358.6,1833.4843700269887
TR-031304,2025-07-16,2821.46,2840.5428513692596
TR-031305,2025-07-16,1537.67,1495.4535740482065
TR-031306,2025-07-16,1143.56,1104.2367583467965
TR-031307,2025-07-16,1417.5,1408.3863297295804
TR-031308,2025-07-16,562.63,548.0597834384647
TR-031309,2025-07-16,4130.49,3993.530688205946
TR-031310,2025-07-16,1566.47,1581.7285201389268
TR-031311,2025-07-16,2037.41,1970.0415450397265
TR-031312,2025-07-16,1010.31,1014.3011692455918
TR-031313,2025-07-16,5392.04,5571.615377084809
TR-031314,2025-07-16,1488.69,1455.9534859789455
TR-031315,2025-07-16,2684.4,2633.094926953133
TR-031316,2025-07-16,2095.89,2124.9116717410984
TR-031317,2025-07-16,3175.88,3075.8275858503816
TR-031318,2025-07-16,1129.56,1109.6498163658007
TR-031319,2025-07-16,1954.38,2015.0630016729115
TR-031320,2025-07-16,1174.86,1166.2415856201092
TR-031321,2025-07-16,1734.09,1735.0013297705266
TR-031322,2025-07-16,2210.71,2237.04213380348
TR-031323,2025-07-16,1278.83,1263.619476494833
TR-031324,2025-07-16,1152.25,1123.1426276858556
TR-031325,2025-07-16,2305.91,2285.6533817887153
TR-031326,2025-07-16,2942.26,2995.0495279018864
TR-031327,2025-07-16,6510.96,6206.583763449152
TR-031328,2025-07-16,2371.78,2329.1939890396875
TR-031329,2025-07-16,1954.96,1971.7473739852157
TR-031330,2025-07-16,1423.55,1427.6165322827542
TR-031331,2025-07-16,956.22,927.5235937260254
TR-031332,2025-07-16,2894.8,2699.1193210180904
TR-031333,2025-07-16,5970.35,1668.7501953840047
TR-031334,2025-07-16,2963.06,3118.5050090403524
TR-031335,2025-07-16,1694.67,1703.6364681104017
TR-031336,2025-07-16,902.78,906.2435457154779
TR-031337,2025-07-16,966.36,959.2934855390738
TR-031338,2025-07-16,4544.07,4722.834243195017
TR-031339,2025-07-16,1660.46,1644.232813536105
TR-031340,2025-07-16,312.22,291.9006233069296
TR-031341,2025-07-16,2629.41,2743.748047110589
TR-031342,2025-07-16,3531.56,3429.4183908891273
TR-031343,2025-07-16,4615.93,4458.9801504318875
TR-031344,2025-07-16,4006.49,4226.380814410628
TR-031345,2025-07-16,3435.48,3526.7915681017585
TR-031346,2025-07-16,2103.16,2122.4970714641254
TR-031347,2025-07-16,2088.78,1985.960901904152
TR-031348,2025-07-16,926.88,919.2345807325538
TR-031349,2025-07-16,1186.7,1143.8183104837767
TR-031350,2025-07-16,2685.15,2590.0013997694655
TR-031351,2025-07-16,2928.02,2997.8615491335895
TR-031352,2025-07-16,3691.21,3806.5120133013324
TR-031353,2025-07-16,2363.35,2272.3382043712245
TR-031354,2025-07-16,1341.26,1348.5115346233492
TR-031355,2025-07-16,1941.56,1920.300485340882
TR-031356,2025-07-16,2065.8,2046.988562766292
TR-031357,2025-07-16,2839.63,2745.426967111772
TR-031358,2025-07-16,849.26,842.7245517107818
TR-031359,2025-07-16,3803.6,3745.4073046284147
TR-031360,2025-07-16,1499.34,1508.455287356016
TR-031361,2025-07-16,2178.09,2114.2665628130303
TR-031362,2025-07-16,703.07,689.659001568482
TR-031363,2025-07-16,1195.93,1174.6857461001932
TR-031364,2025-07-16,2555.73,2624.542995412616
TR-031365,2025-07-16,5972.2,5969.824279140911
TR-031366,2025-07-16,2171.81,2160.2764863307775
TR-031367,2025-07-16,3296.97,3305.37006550244
TR-031368,2025-07-16,4155.08,4380.310969247913
TR-031369,2025-07-16,1773.92,1800.4348591100782
TR-031370,2025-07-16,1187.01,1189.9630586643636
TR-031371,2025-07-16,1575.81,1587.2256087550847
TR-031372,2025-07-16,3118.16,3159.859033944058
TR-031373,2025-07-16,1143.76,1137.596630788554
TR-031374,2025-07-17,6638.75,6305.349282930862
TR-031375,2025-07-17,2217.51,2237.7653570441457
TR-031376,2025-07-17,3492.8,3353.364460850401
TR-031377,2025-07-17,3229.54,3187.0769443681293
TR-031378,2025-07-17,1656.43,1653.2331369841
TR-031379,2025-07-17,3832.66,4029.044697095783
TR-031380,2025-07-17,2045.58,1937.1672506696457
TR-031381,2025-07-17,1082.16,1073.7670725849232
TR-031382,2025-07-17,1397.01,1390.666924722932
TR-031383,2025-07-17,3669.39,3714.487243084592
TR-031384,2025-07-17,596.1,601.3593727435363
TR-031385,2025-07-17,4256.96,4067.1826139850964
TR-031386,2025-07-17,2309.46,2190.603638961008
TR-031387,2025-07-17,804.37,794.3707869943286
TR-031388,2025-07-17,1980.14,1947.6795639248514
TR-031389,2025-07-17,357.76,309.7654373067981
TR-031390,2025-07-17,2417.81,2290.0483324149345
TR-031391,2025-07-17,1272.41,1262.1488923890695
TR-031392,2025-07-17,4098.46,4345.5103695512735
TR-031393,2025-07-17,813.18,791.9205412088363
TR-031394,2025-07-17,2960.92,2980.331868355407
TR-031395,2025-07-17,3715.2,3835.6989608023555
TR-031396,2025-07-17,4511.81,4667.553424619781
TR-031397,2025-07-17,1621.96,1593.1340114199236
TR-031398,2025-07-17,4058.58,4034.5561395762
TR-031399,2025-07-17,380.46,365.9271044486603
TR-031400,2025-07-17,3694.79,3613.8923863672717
TR-031401,2025-07-17,1420.85,1417.1178446096487
TR-031402,2025-07-17,353.69,303.6639418553851
TR-031403,2025-07-17,2072.59,1993.962193674803
TR-031404,2025-07-17,2116.32,2094.8131122448594
TR-031405,2025-07-17,3275.69,3466.728301156081
TR-031406,2025-07-17,2966.6,2861.5239123769943
TR-031407,2025-07-17,2277.07,2330.845686378032
TR-031408,2025-07-17,3556.32,3573.078977557411
TR-031409,2025-07-17,1126.03,1106.726336533655
TR-031410,2025-07-17,580.91,572.5628139882729
TR-031411,2025-07-17,4422.6,4496.118569559265
TR-031412,2025-07-17,859.57,855.3301184230746
TR-031413,2025-07-17,3499.26,3392.4788850976847
TR-031414,2025-07-17,1562.78,1547.6989630241221
TR-031415,2025-07-17,2841.75,2699.9881700663072
TR-031416,2025-07-17,884.63,881.7174036494555
TR-031417,2025-07-17,3133.06,3265.622229670825
TR-031418,2025-07-17,4123.03,4253.151684651187
TR-031419,2025-07-17,3959.06,4191.804353516912
TR-031420,2025-07-17,4757.82,4501.54516528071
TR-031421,2025-07-17,3384.98,3400.294196048575
TR-031422,2025-07-17,2275.32,2290.738990099012
TR-031423,2025-07-17,3429.16,3346.3763262926063
TR-031424,2025-07-17,1225.21,1195.9207722967121
TR-031425,2025-07-17,1558.87,1527.8769830532754
TR-031426,2025-07-17,1023.17,1031.7501712245798
TR-031427,2025-07-17,3305.66,3432.956017362456
TR-031428,2025-07-17,1376.76,1379.3036765577556
TR-031429,2025-07-17,694.65,704.9725084918698
TR-031430,2025-07-17,1812.61,1774.0241201932288
TR-031431,2025-07-17,3558.75,3557.654010890598
TR-031432,2025-07-17,1684.1,1658.0203268407927
TR-031433,2025-07-17,4264.82,4231.960440895507
TR-031434,2025-07-17,1629.48,1649.6598359160741
TR-031435,2025-07-17,3598.03,3550.3638934977507
TR-031436,2025-07-17,865.1,881.9762295756776
TR-031437,2025-07-17,1989.26,1964.5133994977796
TR-031438,2025-07-17,1695.22,1699.4004506339998
TR-031439,2025-07-17,781.61,769.0353523874551
TR-031440,2025-07-17,2015.81,1977.0590246722313
TR-031441,2025-07-17,1043.87,1015.8884067191391
TR-031442,2025-07-17,4162.47,4422.002295970943
TR-031443,2025-07-17,2587.52,2585.8089479159844
TR-031444,2025-07-17,3984.62,4261.054988945894
TR-031445,2025-07-17,2072.24,2097.5676421405847
TR-031446,2025-07-17,1229.83,1248.0233285181935
TR-031447,2025-07-17,2592.17,2418.891745452088
TR-031448,2025-07-17,3759.21,3641.358059966139
TR-031449,2025-07-17,2493.89,2460.770089081107
TR-031450,2025-07-17,4384.53,4315.799187616483
TR-031451,2025-07-17,1596.51,1584.0433247251597
TR-031452,2025-07-17,3722.0,3642.386579342169
TR-031453,2025-07-17,796.1,846.3849933415815
TR-031454,2025-07-17,3792.84,3803.003702988712
TR-031455,2025-07-17,1825.92,1771.9346712351414
TR-031456,2025-07-17,5190.0,5384.64020902123
TR-031457,2025-07-17,1393.35,1376.4604572764263
TR-031458,2025-07-17,2033.9,2057.8790808075305
TR-031459,2025-07-17,1306.37,1343.2238281487723
TR-031460,2025-07-17,1291.87,1258.9106023750812
TR-031461,2025-07-17,10965.67,2438.50306732667
TR-031462,2025-07-17,3619.13,3535.187154455831
TR-031463,2025-07-17,1820.41,1792.9670225089296
TR-031464,2025-07-17,1998.3,2063.9674473948617
TR-031465,2025-07-17,1363.85,1348.0961226879895
TR-031466,2025-07-17,3749.6,3847.447446558923
TR-031467,2025-07-17,5204.08,5144.321829206924
TR-031468,2025-07-17,6156.12,5790.1578829253895
TR-031469,2025-07-17,4263.01,4078.296075867818
TR-031470,2025-07-17,1595.4,1596.276332368834
TR-031471,2025-07-17,1361.76,1396.6454069255026
TR-031472,2025-07-17,1159.11,1155.3747314105904
TR-031473,2025-07-17,2976.78,3020.5743944434344
TR-031474,2025-07-17,1947.38,1896.8162319547093
TR-031475,2025-07-17,3119.09,3145.482019910072
TR-031476,2025-07-17,4078.02,4271.15366403257
TR-031477,2025-07-17,5495.08,5453.350294644566
TR-031478,2025-07-17,879.94,884.5050777238646
TR-031479,2025-07-17,1015.33,1003.931700249462
TR-031480,2025-07-17,1802.44,1818.9660362215204
TR-031481,2025-07-17,2064.26,2002.723779800763
TR-031482,2025-07-17,1347.85,1330.4522734907744
TR-031483,2025-07-17,1272.75,1277.5989258122158
TR-031484,2025-07-17,4223.36,4429.091163576654
TR-031485,2025-07-17,846.13,856.6005020664464
TR-031486,2025-07-17,1597.36,1576.0933236648154
TR-031487,2025-07-17,1820.18,1783.3583527486733
TR-031488,2025-07-17,613.47,610.0736576053956
TR-031489,2025-07-17,1213.6,1173.1461234321762
TR-031490,2025-07-17,1616.93,1587.345284204028
TR-031491,2025-07-17,3797.93,3876.1376332684295
TR-031492,2025-07-17,2109.92,2143.7976557615566
TR-031493,2025-07-17,3967.58,4029.012781018561
TR-031494,2025-07-17,763.41,759.8145080006973
TR-031495,2025-07-17,924.44,905.4425203300234
TR-031496,2025-07-17,2507.98,2522.4370725806098
TR-031497,2025-07-17,3511.46,3505.144721969351
TR-031498,2025-07-17,518.99,504.03062396325646
TR-031499,2025-07-17,625.26,618.0537270329725
TR-031500,2025-07-17,468.9,485.2459463527124
TR-031501,2025-07-17,4824.66,4457.717723046197
TR-031502,2025-07-17,4962.25,5327.686698533712
TR-031503,2025-07-17,1574.86,1569.613197274751
TR-031504,2025-07-17,2311.49,2225.9037420529157
TR-031505,2025-07-17,1769.7,1737.8243542242656
TR-031506,2025-07-17,3794.57,4099.368920428147
TR-031507,2025-07-17,1296.07,1253.2294380368814
TR-031508,2025-07-17,1711.55,1729.4860908812582
TR-031509,2025-07-17,1814.05,1828.0968831342811
TR-031510,2025-07-17,1558.87,1556.6261084637988
TR-031511,2025-07-17,2646.95,2583.8713119281447
TR-031512,2025-07-17,1647.46,1638.6245321825502
TR-031513,2025-07-17,2415.54,2468.2194623999676
TR-031514,2025-07-17,3124.63,3094.362171532365
TR-031515,2025-07-17,2650.43,2679.286925133822
TR-031516,2025-07-17,1151.48,1130.978431590155
TR-031517,2025-07-17,974.64,969.8993600180279
TR-031518,2025-07-17,2152.83,2169.6913689905746
TR-031519,2025-07-17,2285.17,2355.1889113367774
TR-031520,2025-07-17,1278.15,1264.0278370664191
TR-031521,2025-07-17,4258.71,4447.821197084771
TR-031522,2025-07-17,1604.74,1649.033140264472
TR-031523,2025-07-17,3223.02,3147.677444620088
TR-031524,2025-07-17,2535.07,2458.2083852428327
TR-031525,2025-07-17,3510.78,3310.1683130208335
TR-031526,2025-07-18,2113.86,2186.841848943876
TR-031527,2025-07-18,5278.65,5457.886217985585
TR-031528,2025-07-18,4048.36,3966.56688788834
TR-031529,2025-07-18,1592.76,1537.9977101621332
TR-031530,2025-07-18,3416.23,3557.8969543623484
TR-031531,2025-07-18,1572.25,1554.1517105710168
TR-031532,2025-07-18,482.25,484.357852808035
TR-031533,2025-07-18,1778.15,1731.8850472580527
TR-031534,2025-07-18,1267.89,1252.3355176400141
TR-031535,2025-07-18,1764.79,1706.217580731414
TR-031536,2025-07-18,2292.08,2270.3835623493787
TR-031537,2025-07-18,3453.16,3333.370298133767
TR-031538,2025-07-18,4608.72,4929.506452368109
TR-031539,2025-07-18,2542.37,2557.848322274088
TR-031540,2025-07-18,1186.65,1169.098132890015
TR-031541,2025-07-18,1279.82,1271.7346772417077
TR-031542,2025-07-18,1809.81,1826.9106796500578
TR-031543,2025-07-18,833.05,823.8441273743055
TR-031544,2025-07-18,583.26,571.9393219827814
TR-031545,2025-07-18,764.93,762.4121020244804
TR-031546,2025-07-18,1246.54,1205.4672636108726
TR-031547,2025-07-18,860.69,838.0277480985086
TR-031548,2025-07-18,4386.82,4462.485238211464
TR-031549,2025-07-18,1188.12,1146.0158732958273
TR-031550,2025-07-18,2279.14,2237.1364403252037
TR-031551,2025-07-18,1237.17,1206.873563292825
TR-031552,2025-07-18,1982.94,1956.3648053838208
TR-031553,2025-07-18,2836.0,2677.7455285720525
TR-031554,2025-07-18,756.12,745.9927713753464
TR-031555,2025-07-18,1665.21,1641.9367136498586
TR-031556,2025-07-18,1884.32,1903.6695505063165
TR-031557,2025-07-18,1997.67,1953.600468706228
TR-031558,2025-07-18,4695.36,4622.028563152505
TR-031559,2025-07-18,3200.48,3122.7294932585796
TR-031560,2025-07-18,2916.47,2909.5786500558074
TR-031561,2025-07-18,1889.65,1892.9867818085345
TR-031562,2025-07-18,3980.9,4258.830649809503
TR-031563,2025-07-18,3048.58,3258.979746325794
TR-031564,2025-07-18,3271.96,3321.5028705977575
TR-031565,2025-07-18,2059.4,2064.990632533814
TR-031566,2025-07-18,1484.88,1541.9195185155627
TR-031567,2025-07-18,3758.14,3853.8722176648794
TR-031568,2025-07-18,1880.56,1924.2436320987197
TR-031569,2025-07-18,1040.46,1027.2009926585433
TR-031570,2025-07-18,2147.13,2281.9767871151744
TR-031571,2025-07-18,1374.61,1373.6105212061573
TR-031572,2025-07-18,886.08,864.716210148463
TR-031573,2025-07-18,2009.98,1967.776675086067
TR-031574,2025-07-18,2509.51,2585.874445350592
TR-031575,2025-07-18,3701.45,3643.5353241404127
TR-031576,2025-07-18,1470.86,1508.5702004044085
TR-031577,2025-07-18,1194.38,1166.43127392829
TR-031578,2025-07-18,4883.17,5083.505686256116
TR-031579,2025-07-18,772.66,777.9117925171136
TR-031580,2025-07-18,3039.33,3036.0494113808504
TR-031581,2025-07-18,831.51,837.221879823625
TR-031582,2025-07-18,5121.69,5062.159751437286
TR-031583,2025-07-18,1039.54,1033.3606845228505
TR-031584,2025-07-18,3312.14,3406.4557125817746
TR-031585,2025-07-18,2140.92,2109.2767314658763
TR-031586,2025-07-18,1130.85,1125.974325406188
TR-031587,2025-07-18,1102.63,1113.2405631186627
TR-031588,2025-07-18,1447.66,1442.3430013483178
TR-031589,2025-07-18,4535.45,4622.181211251458
TR-031590,2025-07-18,1545.48,1565.7217082545585
TR-031591,2025-07-18,1152.92,1151.0890089812488
TR-031592,2025-07-18,788.56,764.4434692073451
TR-031593,2025-07-18,1679.29,1625.6215913276094
TR-031594,2025-07-18,1326.29,1340.764107769364
TR-031595,2025-07-18,3610.33,3832.455987847885
TR-031596,2025-07-18,4522.53,4561.523930889546
TR-031597,2025-07-18,5145.5,5256.165417735793
TR-031598,2025-07-18,3360.46,3516.833069191368
TR-031599,2025-07-18,3584.14,3697.223087986859
TR-031600,2025-07-18,3594.26,3707.238873268958
TR-031601,2025-07-18,1444.58,1469.398993774417
TR-031602,2025-07-18,1826.01,1801.5069559544277
TR-031603,2025-07-18,5132.85,5043.738078174966
TR-031604,2025-07-18,2017.87,2034.408431388517
TR-031605,2025-07-18,1041.78,1019.4599891646455
TR-031606,2025-07-18,2305.08,2239.3905107563132
TR-031607,2025-07-18,1292.76,1238.9772238056153
TR-031608,2025-07-18,1221.06,1254.068687828209
TR-031609,2025-07-18,1533.85,1591.9610778193949
TR-031610,2025-07-18,2131.63,2153.17320584485
TR-031611,2025-07-18,4197.17,4089.3038876713636
TR-031612,2025-07-18,1364.3,1370.3910232478086
TR-031613,2025-07-18,847.29,859.9399259303166
TR-031614,2025-07-18,628.38,613.9866365697734
TR-031615,2025-07-18,4660.82,4915.090049415979
TR-031616,2025-07-18,1109.81,1142.688282936131
TR-031617,2025-07-18,1682.6,1685.2236332739078
TR-031618,2025-07-18,1931.59,1953.7326642437652
TR-031619,2025-07-18,751.31,756.8272408745473
TR-031620,2025-07-18,1025.42,2572.5011991171045
TR-031621,2025-07-18,1847.63,1816.7027791250403
TR-031622,2025-07-18,2223.8,2132.476826660227
TR-031623,2025-07-18,1512.25,1499.7233502198414
TR-031624,2025-07-18,485.59,482.8112881372266
TR-031625,2025-07-18,2183.25,2112.10407107272
TR-031626,2025-07-18,1971.5,1955.1826447262415
TR-031627,2025-07-18,644.32,652.1273054369765
TR-031628,2025-07-18,2900.65,2628.86703582192
TR-031629,2025-07-18,2111.93,2149.679764528171
TR-031630,2025-07-18,2789.58,2767.6382773148707
TR-031631,2025-07-18,2667.5,2691.5301844001174
TR-031632,2025-07-18,2434.0,2383.990310914813
TR-031633,2025-07-18,3166.44,3068.2211106935683
TR-031634,2025-07-18,1735.84,1791.5019532025185
TR-031635,2025-07-18,1340.13,1300.6487226867903
TR-031636,2025-07-18,2375.42,2476.1126065763865
TR-031637,2025-07-18,2383.02,2385.515500740462
TR-031638,2025-07-18,4657.5,4910.7331396914215
TR-031639,2025-07-18,1051.37,1048.7509751250193
TR-031640,2025-07-18,2208.89,2206.261511890976
TR-031641,2025-07-18,4304.42,4631.076479106525
TR-031642,2025-07-18,839.15,849.1625590620855
TR-031643,2025-07-18,2083.52,2081.985738627916
TR-031644,2025-07-18,3827.29,3602.2915566466036
TR-031645,2025-07-18,3559.85,3458.5178693977446
TR-031646,2025-07-18,1892.96,1876.3812744446118
TR-031647,2025-07-18,2714.25,2634.0770542284204
TR-031648,2025-07-18,2319.37,2328.5180782932784
TR-031649,2025-07-18,2437.76,2572.0208385645237
TR-031650,2025-07-18,4302.4,4377.12457052681
TR-031651,2025-07-18,920.33,900.2646897617071
TR-031652,2025-07-18,2037.23,2119.175607569097
TR-031653,2025-07-18,1263.39,1210.9643980722628
TR-031654,2025-07-18,648.31,671.8083945604741
TR-031655,2025-07-18,1945.39,1920.7889677786013
TR-031656,2025-07-18,1726.9,1756.7875011336332
TR-031657,2025-07-18,3905.98,3810.6668335853237
TR-031658,2025-07-18,3879.18,3951.07544073943
TR-031659,2025-07-18,2436.91,2442.1709976343946
TR-031660,2025-07-18,3969.03,3808.991799736336
TR-031661,2025-07-18,2196.24,2210.0644090280284
TR-031662,2025-07-18,2772.61,2649.5086127674713
TR-031663,2025-07-18,4734.99,5013.475596235913
TR-031664,2025-07-18,3341.15,3263.8722419272635
TR-031665,2025-07-18,569.62,534.6444306788841
TR-031666,2025-07-18,3872.25,3910.4067840801617
TR-031667,2025-07-18,1689.23,1708.0557654989047
TR-031668,2025-07-18,2211.48,2133.614337019893
TR-031669,2025-07-18,764.33,743.7091805000317
TR-031670,2025-07-18,1909.88,1883.3365914976057
TR-031671,2025-07-18,1402.08,1359.5107507609675
TR-031672,2025-07-18,643.27,638.4072855566792
TR-031673,2025-07-18,1086.93,1073.7257628301875
TR-031674,2025-07-18,581.24,585.4433408723961
TR-031675,2025-07-18,860.37,813.3705449584511
TR-031676,2025-07-18,627.4,641.4022522299759
TR-031677,2025-07-18,1207.2,1222.3600218807107
TR-031678,2025-07-18,695.03,708.9029047925727
TR-031679,2025-07-18,735.65,743.3005509127041
TR-031680,2025-07-19,411.83,430.9330692286799
TR-031681,2025-07-19,2395.32,2369.366941633679
TR-031682,2025-07-19,656.07,650.014165082278
TR-031683,2025-07-19,1385.05,1337.1591553641026
TR-031684,2025-07-19,2868.19,3049.465224130427
TR-031685,2025-07-19,3329.37,3377.7574016830154
TR-031686,2025-07-19,2271.09,2208.2043282747395
TR-031687,2025-07-19,3795.87,3677.20781295124
TR-031688,2025-07-19,1707.52,1716.5780788782122
TR-031689,2025-07-19,2859.05,2759.4801828152736
TR-031690,2025-07-19,2269.87,2272.9060838028327
TR-031691,2025-07-19,3168.1,3223.200597230856
TR-031692,2025-07-19,1856.54,1939.6692302438978
TR-031693,2025-07-19,6184.19,5851.805887667337
TR-031694,2025-07-19,779.74,792.7918936667019
TR-031695,2025-07-19,3725.54,3663.3343944386734
TR-031696,2025-07-19,634.94,616.7935061603707
TR-031697,2025-07-19,2302.7,2294.008599592057
TR-031698,2025-07-19,1742.37,1776.7237730129752
TR-031699,2025-07-19,1213.28,1173.0050587598869
TR-031700,2025-07-19,4645.79,4508.999602790479
TR-031701,2025-07-19,1915.25,1998.7580721312534
TR-031702,2025-07-19,1661.79,1636.8796314609533
TR-031703,2025-07-19,3918.5,3837.5702028511932
TR-031704,2025-07-19,832.48,827.8263433023876
TR-031705,2025-07-19,2902.84,2883.18391503009
TR-031706,2025-07-19,1418.35,1368.0950945044788
TR-031707,2025-07-19,1137.81,1142.901455249289
TR-031708,2025-07-19,3832.34,3547.954045948118
TR-031709,2025-07-19,1286.38,1238.673538673436
TR-031710,2025-07-19,3365.82,3402.9518014121372
TR-031711,2025-07-19,2629.72,2633.5015125887003
TR-031712,2025-07-19,655.11,629.8192086426623
TR-031713,2025-07-19,739.06,734.7315346447541
TR-031714,2025-07-19,1101.84,1104.0661259702727
TR-031715,2025-07-19,4287.8,4493.045523228619
TR-031716,2025-07-19,644.95,643.0309982069672
TR-031717,2025-07-19,3813.66,3767.027696411085
TR-031718,2025-07-19,3906.53,4038.432803504301
TR-031719,2025-07-19,961.59,938.9151607549584
TR-031720,2025-07-19,728.49,727.3090086843084
TR-031721,2025-07-19,2323.82,2402.118684495835
TR-031722,2025-07-19,3789.38,3722.3558441643463
TR-031723,2025-07-19,1860.35,1864.7678894110184
TR-031724,2025-07-19,3016.54,3127.578485254967
TR-031725,2025-07-19,2190.35,2289.8693812973734
TR-031726,2025-07-19,5619.01,5630.202553929866
TR-031727,2025-07-19,2012.82,2097.859014100079
TR-031728,2025-07-19,2988.76,2942.9378598645108
TR-031729,2025-07-19,4291.97,4547.346790990082
TR-031730,2025-07-19,167.63,794.895434259872
TR-031731,2025-07-19,4670.39,4570.845867657138
TR-031732,2025-07-19,1160.24,1136.0598975702917
TR-031733,2025-07-19,2031.14,2235.3106808477423
TR-031734,2025-07-19,3363.21,3337.2553358393257
TR-031735,2025-07-19,2655.17,2698.557065153325
TR-031736,2025-07-19,856.18,808.8784030700645
TR-031737,2025-07-19,2123.07,2170.768538911188
TR-031738,2025-07-19,2193.44,2157.4538876620627
TR-031739,2025-07-19,1682.44,1685.9582851244095
TR-031740,2025-07-19,1558.6,1578.5846519574568
TR-031741,2025-07-19,1417.06,1366.4977347934196
TR-031742,2025-07-19,921.0,916.9769515267097
TR-031743,2025-07-19,6193.75,6112.519608736795
TR-031744,2025-07-19,1208.29,1184.5170389031432
TR-031745,2025-07-19,2640.82,2497.4212590257785
TR-031746,2025-07-19,573.13,2451.755123581387
TR-031747,2025-07-19,1386.42,1387.3841137364225
TR-031748,2025-07-19,4507.5,4255.906820366232
TR-031749,2025-07-19,2004.62,1958.5068201986958
TR-031750,2025-07-19,5281.13,5483.385883747383
TR-031751,2025-07-19,1217.22,1222.3804089883417
TR-031752,2025-07-19,2021.05,2015.6483779661355
TR-031753,2025-07-19,2197.86,2178.272180257246
TR-031754,2025-07-19,4127.58,4317.214154388209
TR-031755,2025-07-19,1836.18,1837.5070455342798
TR-031756,2025-07-19,1490.12,1498.1510765432365
TR-031757,2025-07-19,1080.05,1054.7727608237526
TR-031758,2025-07-19,5071.98,4806.482737042547
TR-031759,2025-07-19,2383.37,2249.7055263746533
TR-031760,2025-07-19,2948.52,2915.0482640755677
TR-031761,2025-07-19,1024.45,1021.8126526656699
TR-031762,2025-07-19,1554.87,1554.896098860504
TR-031763,2025-07-19,1537.23,1498.1928880581513
TR-031764,2025-07-19,3693.9,3927.7315685224344
TR-031765,2025-07-19,4838.22,4999.370552095215
TR-031766,2025-07-19,2856.63,2947.929278099566
TR-031767,2025-07-19,1186.79,1171.3744764726273
TR-031768,2025-07-19,2773.41,2745.4584442470305
TR-031769,2025-07-19,2589.11,2584.7248848403533
TR-031770,2025-07-19,2202.94,2211.3960355676504
TR-031771,2025-07-19,1809.76,1839.4835478220732
TR-031772,2025-07-19,2407.29,2494.0191217514425
TR-031773,2025-07-19,4554.92,4493.915378841651
TR-031774,2025-07-19,1638.48,1603.4385092377725
TR-031775,2025-07-19,628.22,654.8670040064659
TR-031776,2025-07-19,3351.5,3293.3807461177444
TR-031777,2025-07-19,2970.23,2874.2218180515983
TR-031778,2025-07-19,1532.08,1546.7416022543296
TR-031779,2025-07-19,1088.36,1066.061332452804
TR-031780,2025-07-19,5088.98,4835.535522801926
TR-031781,2025-07-19,2335.46,2200.03371319735
TR-031782,2025-07-19,1116.86,1125.6695171944782
TR-031783,2025-07-19,639.73,657.6005657438336
TR-031784,2025-07-19,1757.58,1751.5524470726011
TR-031785,2025-07-19,2821.13,2797.41390388638
TR-031786,2025-07-19,3978.13,3883.0403150510974
TR-031787,2025-07-19,1272.75,1279.0033443090385
TR-031788,2025-07-19,1398.67,4149.9197699734905
TR-031789,2025-07-19,607.91,596.2469829948958
TR-031790,2025-07-19,3765.86,3967.5906272201805
TR-031791,2025-07-19,1920.95,1952.0740674971785
TR-031792,2025-07-19,689.96,693.5588005210415
TR-031793,2025-07-19,3340.64,3454.7457466021087
TR-031794,2025-07-19,2471.11,2424.6141186233485
TR-031795,2025-07-19,1987.25,2113.850250840734
TR-031796,2025-07-19,1983.19,1987.2448821801695
TR-031797,2025-07-19,1228.65,1196.901257550409
TR-031798,2025-07-19,4373.61,4296.333512156718
TR-031799,2025-07-19,1971.73,1990.6013288626564
TR-031800,2025-07-19,1282.18,1327.9482803891779
TR-031801,2025-07-19,2771.07,2908.322321274058
TR-031802,2025-07-19,2265.62,2272.9630904320893
TR-031803,2025-07-19,1410.06,1405.2328477612557
TR-031804,2025-07-19,1739.75,1777.6530270359756
TR-031805,2025-07-19,1139.4,1141.4231792577157
TR-031806,2025-07-19,897.41,876.439199443953
TR-031807,2025-07-19,3478.54,3512.3712447109037
TR-031808,2025-07-19,1362.07,1352.7834590709015
TR-031809,2025-07-19,1153.21,1153.8492749478912
TR-031810,2025-07-19,3692.33,3645.4124069211257
TR-031811,2025-07-19,1356.86,1367.0787761707745
TR-031812,2025-07-19,3781.83,3822.05087338564
TR-031813,2025-07-19,2697.24,2649.8240475306684
TR-031814,2025-07-19,3993.28,3791.8826412856743
TR-031815,2025-07-19,888.58,873.1660920294572
TR-031816,2025-07-19,1849.59,1983.8976766457713
TR-031817,2025-07-19,792.23,815.1392317483374
TR-031818,2025-07-19,2049.36,2019.221483346421
TR-031819,2025-07-19,3321.53,3241.078654254307
TR-031820,2025-07-19,5111.68,4801.368258674321
TR-031821,2025-07-19,2890.32,2809.4062339837474
TR-031822,2025-07-19,1554.7,1563.7476271667456
TR-031823,2025-07-19,3709.91,3692.2914662086364
TR-031824,2025-07-19,1249.2,1228.4097793016965
TR-031825,2025-07-19,2315.59,2352.9414547611646
TR-031826,2025-07-20,1703.23,1657.4645188404215
TR-031827,2025-07-20,1831.22,1812.2174557982278
TR-031828,2025-07-20,1302.13,1310.6093598387442
TR-031829,2025-07-20,1934.13,1935.804379751804
TR-031830,2025-07-20,3708.88,3697.5184849511775
TR-031831,2025-07-20,3967.28,3963.213110179319
TR-031832,2025-07-20,4197.26,4102.416498505159
TR-031833,2025-07-20,711.85,675.4240749547315
TR-031834,2025-07-20,1607.39,1554.2698943289927
TR-031835,2025-07-20,2399.63,2289.6450003680766
TR-031836,2025-07-20,2508.49,2545.4540042813046
TR-031837,2025-07-20,834.95,831.2112778578962
TR-031838,2025-07-20,957.04,966.4033074488393
TR-031839,2025-07-20,1489.56,1547.4050560769342
TR-031840,2025-07-20,3642.46,3729.176944124269
TR-031841,2025-07-20,3308.16,3153.979569273615
TR-031842,2025-07-20,5254.97,5418.001852884356
TR-031843,2025-07-20,2017.97,2025.652540129908
TR-031844,2025-07-20,2552.19,2563.9932443345247
TR-031845,2025-07-20,3008.23,2946.8113396086683
TR-031846,2025-07-20,5260.81,5479.5656065736175
TR-031847,2025-07-20,1398.98,1340.3670661174644
TR-031848,2025-07-20,1520.14,1480.351219149478
TR-031849,2025-07-20,988.49,1027.61220361063
TR-031850,2025-07-20,1363.62,1334.0114785329913
TR-031851,2025-07-20,1944.96,1936.5121848919948
TR-031852,2025-07-20,4117.33,4288.068398751983
TR-031853,2025-07-20,1810.98,1797.2265046855114
TR-031854,2025-07-20,2291.82,2285.2935336903697
TR-031855,2025-07-20,2955.39,2838.289399027811
TR-031856,2025-07-20,2924.74,3048.9934131845775
TR-031857,2025-07-20,1107.3,1067.4523101883212
TR-031858,2025-07-20,4157.82,4115.332636108348
TR-031859,2025-07-20,2868.58,3012.230404262018
TR-031860,2025-07-20,2402.16,2414.6068724108427
TR-031861,2025-07-20,4106.3,4368.0954798987
TR-031862,2025-07-20,2881.52,2987.8904307619814
TR-031863,2025-07-20,730.58,712.434594382686
TR-031864,2025-07-20,3755.18,3818.8451898924436
TR-031865,2025-07-20,1821.63,1763.8356170922455
TR-031866,2025-07-20,2280.81,2284.210182167337
TR-031867,2025-07-20,597.48,584.0902909334843
TR-031868,2025-07-20,2162.48,2154.507814560297
TR-031869,2025-07-20,4844.2,5016.621953045545
TR-031870,2025-07-20,3239.14,3228.83950336228
TR-031871,2025-07-20,2675.14,2659.5455101356347
TR-031872,2025-07-20,1211.4,1171.7653494795206
TR-031873,2025-07-20,494.05,482.724266854754
TR-031874,2025-07-20,1384.32,1380.3910334948903
TR-031875,2025-07-20,3602.1,3714.8459721288514
TR-031876,2025-07-20,5394.76,5612.359038060892
TR-031877,2025-07-20,5115.97,5101.097115468137
TR-031878,2025-07-20,920.1,900.2553810214539
TR-031879,2025-07-20,2696.01,2634.6065132177946
TR-031880,2025-07-20,3314.31,3265.343236462524
TR-031881,2025-07-20,872.08,859.847182628906
TR-031882,2025-07-20,3934.28,4044.10741667924
TR-031883,2025-07-20,2195.52,2135.843866825801
TR-031884,2025-07-20,2451.04,2420.5861423435717
TR-031885,2025-07-20,2697.37,2667.108634553985
TR-031886,2025-07-20,2368.9,2544.667656551897
TR-031887,2025-07-20,4092.25,4002.8399551406433
TR-031888,2025-07-20,3445.36,3339.906453422763
TR-031889,2025-07-20,4346.16,4554.434284139234
TR-031890,2025-07-20,1410.03,1375.54935391914
TR-031891,2025-07-20,1112.27,1095.9411226560378
TR-031892,2025-07-20,5235.6,4928.8097655125475
TR-031893,2025-07-20,5010.93,5201.437564781884
TR-031894,2025-07-20,4487.05,4802.071647275995
TR-031895,2025-07-20,4430.3,4360.313872301039
TR-031896,2025-07-20,1862.84,1838.1224560132684
TR-031897,2025-07-20,412.5,399.9328131165476
TR-031898,2025-07-20,5847.05,5828.89584485646
TR-031899,2025-07-20,6113.07,6087.173836913369
TR-031900,2025-07-20,1531.53,1485.6957795604937
TR-031901,2025-07-20,1796.25,1866.0908836872106
TR-031902,2025-07-20,1174.03,1169.2153979466482
TR-031903,2025-07-20,3390.69,3383.5651526987863
TR-031904,2025-07-20,543.57,553.5054254788861
TR-031905,2025-07-20,1845.07,2062.505310745355
TR-031906,2025-07-20,4848.69,5146.796688695487
TR-031907,2025-07-20,1200.36,1174.8467849200572
TR-031908,2025-07-20,1455.79,1409.3503050761874
TR-031909,2025-07-20,687.82,660.6302646179963
TR-031910,2025-07-20,4276.57,4403.058056724829
TR-031911,2025-07-20,1800.7,1775.0844052636864
TR-031912,2025-07-20,2489.92,2387.8003217675196
TR-031913,2025-07-20,993.92,970.6992993593327
TR-031914,2025-07-20,657.56,660.1937078321592
TR-031915,2025-07-20,758.05,744.0737535778892
TR-031916,2025-07-20,1546.1,1441.37176104807
TR-031917,2025-07-20,2302.76,2246.313808791151
TR-031918,2025-07-20,4528.71,4676.718181249076
TR-031919,2025-07-20,1138.71,1113.982616915232
TR-031920,2025-07-20,1675.33,1712.2105119524426
TR-031921,2025-07-20,2427.19,2491.2036913339316
TR-031922,2025-07-20,4120.08,4389.989117505749
TR-031923,2025-07-20,1145.31,1135.6676167955839
TR-031924,2025-07-20,2378.18,2325.067191240512
TR-031925,2025-07-20,585.54,584.3764152046557
TR-031926,2025-07-20,1125.47,1113.942151859842
TR-031927,2025-07-20,2818.39,2899.523143151674
TR-031928,2025-07-20,799.82,792.270956910844
TR-031929,2025-07-20,1877.2,1873.5183045713607
TR-031930,2025-07-20,676.94,698.782739950235
TR-031931,2025-07-20,1981.19,2046.5835971539955
TR-031932,2025-07-20,1438.94,1492.9259234868832
TR-031933,2025-07-20,1037.33,1021.2148189927174
TR-031934,2025-07-20,2548.7,2531.517147165984
TR-031935,2025-07-20,1039.63,1041.3612785277562
TR-031936,2025-07-20,3235.64,3169.0189755116303
TR-031937,2025-07-20,1129.75,1122.8407351158871
TR-031938,2025-07-20,2969.7,3105.6002139989205
TR-031939,2025-07-20,518.29,520.5217434328555
TR-031940,2025-07-20,2192.83,2255.8452662348077
TR-031941,2025-07-20,3803.56,4064.021883675524
TR-031942,2025-07-20,2692.13,2617.0779769169126
TR-031943,2025-07-20,4406.97,4765.3619561203905
TR-031944,2025-07-20,1455.31,1469.292463177051
TR-031945,2025-07-20,1109.72,1094.4088276703992
TR-031946,2025-07-20,960.16,924.2377270568724
TR-031947,2025-07-20,1359.09,1372.5008497159577
TR-031948,2025-07-20,4620.0,4918.639810581574
TR-031949,2025-07-20,3727.62,3737.5189880993835
TR-031950,2025-07-20,4819.32,5078.498636204112
TR-031951,2025-07-20,2435.03,2540.3976741797605
TR-031952,2025-07-20,3910.33,3727.9480980517333
TR-031953,2025-07-20,2505.79,2581.5618796071067
TR-031954,2025-07-20,3367.1,3489.7170890206335
TR-031955,2025-07-20,1917.44,1910.0938785034914
TR-031956,2025-07-20,1973.65,1965.4678411761377
TR-031957,2025-07-20,981.06,1002.9090708612499
TR-031958,2025-07-20,3632.59,3677.9001655480834
TR-031959,2025-07-20,1487.91,1466.1512143220987
TR-031960,2025-07-20,1472.86,1431.9864574101098
TR-031961,2025-07-20,553.64,545.7820082185956
TR-031962,2025-07-20,2825.47,2867.1951527715746
TR-031963,2025-07-20,858.34,4762.379457401385
TR-031964,2025-07-20,3365.67,3495.548094463058
TR-031965,2025-07-20,4585.63,4801.529723012537
TR-031966,2025-07-20,1772.56,1763.615202150033
TR-031967,2025-07-20,2068.14,2050.2136488193446
TR-031968,2025-07-20,1940.57,2001.6436906090735
TR-031969,2025-07-20,2602.55,2609.993026825449
TR-031970,2025-07-20,1803.76,1838.9605993206403
TR-031971,2025-07-20,1177.75,1168.8462344404375
TR-031972,2025-07-20,1401.87,1370.6933754062597
TR-031973,2025-07-20,2415.19,2548.7996157922194
TR-031974,2025-07-20,3041.27,3191.0114781025477
TR-031975,2025-07-20,3765.98,3692.9238541282093
TR-031976,2025-07-20,1912.88,1885.2092963585633
TR-031977,2025-07-20,652.88,601.3021263875286
TR-031978,2025-07-20,1770.64,1770.89379987437
TR-031979,2025-07-20,1034.67,1037.9178029992952
TR-031980,2025-07-20,617.18,609.7870849447387
TR-031981,2025-07-20,1052.3,1032.7133198840045
TR-031982,2025-07-20,3845.9,3878.861488211881
TR-031983,2025-07-20,2462.15,2402.05732080867
TR-031984,2025-07-20,1831.7,1879.572508011782
TR-031985,2025-07-20,1917.86,1874.5590982848876
TR-031986,2025-07-21,2328.27,2307.2618166228085
TR-031987,2025-07-21,1110.64,1113.3083702652377
TR-031988,2025-07-21,2368.89,2459.428884317666
TR-031989,2025-07-21,4058.51,4298.805189615396
TR-031990,2025-07-21,3300.43,3391.3739817156797
TR-031991,2025-07-21,3866.32,4199.112938620617
TR-031992,2025-07-21,1347.15,1363.7805539320427
TR-031993,2025-07-21,1626.95,1569.6362245363473
TR-031994,2025-07-21,3353.12,3495.627123965606
TR-031995,2025-07-21,3867.57,3857.464058399446
TR-031996,2025-07-21,2878.11,2993.323505196453
TR-031997,2025-07-21,1404.33,1418.2680123122639
TR-031998,2025-07-21,831.36,806.6657916999515
TR-031999,2025-07-21,1768.56,1822.804948064971
TR-032000,2025-07-21,1716.55,1709.2623689985053
TR-032001,2025-07-21,1977.25,1992.8121359973513
TR-032002,2025-07-21,1175.04,1166.1312436382032
TR-032003,2025-07-21,3914.0,4242.868582219417
TR-032004,2025-07-21,418.34,428.0169757087253
TR-032005,2025-07-21,1049.48,1026.9236914778917
TR-032006,2025-07-21,835.07,792.1916832648736
TR-032007,2025-07-21,586.26,602.2537821576565
TR-032008,2025-07-21,3225.33,3129.737184871721
TR-032009,2025-07-21,1847.13,1816.7805304908675
TR-032010,2025-07-21,1503.47,1530.4604879648775
TR-032011,2025-07-21,1905.24,1899.2611564267145
TR-032012,2025-07-21,2847.22,2817.505499549137
TR-032013,2025-07-21,555.97,533.6067642205724
TR-032014,2025-07-21,2803.6,2797.4834862813286
TR-032015,2025-07-21,4701.91,4467.138290242402
TR-032016,2025-07-21,2446.87,2585.7171900453636
TR-032017,2025-07-21,4101.96,4020.935019987757
TR-032018,2025-07-21,1716.17,1701.2178886349916
TR-032019,2025-07-21,1993.56,2052.704263620493
TR-032020,2025-07-21,1442.66,1405.5765892127588
TR-032021,2025-07-21,1722.55,1862.440991428025
TR-032022,2025-07-21,2048.23,2089.505972209688
TR-032023,2025-07-21,4246.1,4349.58938064287
TR-032024,2025-07-21,3905.04,4152.050828543077
TR-032025,2025-07-21,4463.38,4806.355849201138
TR-032026,2025-07-21,905.22,905.544942497435
TR-032027,2025-07-21,4629.83,4849.146116805487
TR-032028,2025-07-21,1805.26,1721.0569350309675
TR-032029,2025-07-21,2038.28,1981.0101626652395
TR-032030,2025-07-21,3954.69,4069.299785819575
TR-032031,2025-07-21,3152.33,3303.2209527974005
TR-032032,2025-07-21,1164.63,1163.0199701801107
TR-032033,2025-07-21,1487.98,1413.4165925764653
TR-032034,2025-07-21,2727.28,2725.972618879526
TR-032035,2025-07-21,351.4,356.99580912631114
TR-032036,2025-07-21,2921.23,2907.663097291345
TR-032037,2025-07-21,5705.67,5879.037654795891
TR-032038,2025-07-21,3131.17,3305.661785293205
TR-032039,2025-07-21,4287.11,4576.774700807534
TR-032040,2025-07-21,4184.88,4432.988483762481
TR-032041,2025-07-21,1261.08,1264.0401862689223
TR-032042,2025-07-21,4821.73,4674.195697933053
TR-032043,2025-07-21,503.34,513.8143620224392
TR-032044,2025-07-21,3728.3,3896.298595393591
TR-032045,2025-07-21,3470.76,3637.0984990964566
TR-032046,2025-07-21,4129.51,4202.491266998266
TR-032047,2025-07-21,2081.08,2081.959823858444
TR-032048,2025-07-21,5546.76,5680.131437217801
TR-032049,2025-07-21,3462.71,3587.450304257069
TR-032050,2025-07-21,5517.76,5778.7087452104115
TR-032051,2025-07-21,2361.95,2376.3888413584914
TR-032052,2025-07-21,2155.51,2099.2582978868086
TR-032053,2025-07-21,1712.92,1671.3609530457184
TR-032054,2025-07-21,4577.46,4920.771851572667
TR-032055,2025-07-21,1749.54,1857.9378865050423
TR-032056,2025-07-21,1801.65,1892.4186087098751
TR-032057,2025-07-21,558.05,547.8071977091952
TR-032058,2025-07-21,1631.51,1603.5869962181548
TR-032059,2025-07-21,3587.67,3728.8002289485125
TR-032060,2025-07-21,1034.33,1023.0164521379663
TR-032061,2025-07-21,3827.23,3800.570350161972
TR-032062,2025-07-21,1046.53,1020.8885647436776
TR-032063,2025-07-21,2001.45,1993.867704111394
TR-032064,2025-07-21,4042.24,4047.049467522632
TR-032065,2025-07-21,1892.07,1851.9835916118116
TR-032066,2025-07-21,5202.24,5359.4619990254
TR-032067,2025-07-21,3387.64,3630.074146034828
TR-032068,2025-07-21,4625.92,4697.403909541065
TR-032069,2025-07-21,320.74,338.50207834264444
TR-032070,2025-07-21,1399.66,1388.2206959050366
TR-032071,2025-07-21,1289.1,1250.1169689542683
TR-032072,2025-07-21,1350.0,1348.4635876186098
TR-032073,2025-07-21,2287.61,2325.5625628280077
TR-032074,2025-07-21,3862.65,4057.4897777306733
TR-032075,2025-07-21,2103.83,2180.425067679215
TR-032076,2025-07-21,2285.81,2172.246209656931
TR-032077,2025-07-21,3092.0,3195.2180173133574
TR-032078,2025-07-21,767.15,759.8811842184131
TR-032079,2025-07-21,5072.27,4747.407096799142
TR-032080,2025-07-21,856.74,874.4362654430969
TR-032081,2025-07-21,4237.97,4543.87067470329
TR-032082,2025-07-21,2410.14,2365.810345365788
TR-032083,2025-07-21,2229.86,2298.9926356447972
TR-032084,2025-07-21,1956.53,1972.453941273772
TR-032085,2025-07-21,7417.99,2551.649889301268
TR-032086,2025-07-21,459.81,443.67258906155934
TR-032087,2025-07-21,1847.9,1829.6167870662512
TR-032088,2025-07-21,2235.24,2248.3196746579524
TR-032089,2025-07-21,969.68,985.8826983441955
TR-032090,2025-07-21,2248.32,2152.83877507218
TR-032091,2025-07-21,1500.0,1460.2924126282508
TR-032092,2025-07-21,1115.5,1129.9386431621792
TR-032093,2025-07-21,2015.42,2074.7206709770066
TR-032094,2025-07-21,924.31,910.0861899041726
TR-032095,2025-07-21,2370.21,2434.229456185552
TR-032096,2025-07-21,1139.35,1094.6770222547327
TR-032097,2025-07-21,3261.6,3238.5876291235368
TR-032098,2025-07-21,1776.72,1723.6316842625947
TR-032099,2025-07-21,4499.82,4731.108460663199
TR-032100,2025-07-21,1709.75,1792.7568635590148
TR-032101,2025-07-21,1074.33,1074.6711566693853
TR-032102,2025-07-21,709.4,677.0995399892122
TR-032103,2025-07-21,885.53,865.5221318075637
TR-032104,2025-07-21,686.28,676.5350994951223
TR-032105,2025-07-21,2235.1,2150.723503147779
TR-032106,2025-07-21,5060.17,5191.09182509648
TR-032107,2025-07-21,983.41,983.368273322547
TR-032108,2025-07-21,1868.55,1876.062864009842
TR-032109,2025-07-21,1961.33,2072.7366739713684
TR-032110,2025-07-21,1551.94,1541.1633037459326
TR-032111,2025-07-21,952.89,916.8357284616902
TR-032112,2025-07-21,3602.63,3781.006719616212
TR-032113,2025-07-21,3163.37,3203.534243135371
TR-032114,2025-07-21,1529.24,1538.558027248896
TR-032115,2025-07-21,1327.91,1275.8086517570684
TR-032116,2025-07-21,1906.13,1900.0100164754529
TR-032117,2025-07-21,1280.25,1223.272619041879
TR-032118,2025-07-21,4603.74,4906.635998034883
TR-032119,2025-07-21,2365.91,2470.1705051536874
TR-032120,2025-07-21,1894.4,1973.522153947002
TR-032121,2025-07-21,1433.69,1406.974827746639
TR-032122,2025-07-21,2689.69,2796.095980414009
TR-032123,2025-07-21,1417.36,1391.8646079687937
TR-032124,2025-07-21,4813.4,4990.47050744805
TR-032125,2025-07-21,2553.37,2593.10047073905
TR-032126,2025-07-21,2376.58,2426.778153179506
TR-032127,2025-07-21,1913.57,1868.6670804048329
TR-032128,2025-07-21,3514.03,3571.3017194905806
TR-032129,2025-07-21,4215.05,4418.705213187498
TR-032130,2025-07-21,451.41,455.28509677806727
TR-032131,2025-07-22,3118.81,3159.4516330910046
TR-032132,2025-07-22,1935.36,1962.5525243558645
TR-032133,2025-07-22,545.29,559.1372086159541
TR-032134,2025-07-22,975.02,966.954916739754
TR-032135,2025-07-22,2954.5,3017.7127740605333
TR-032136,2025-07-22,3726.02,3636.2932938007602
TR-032137,2025-07-22,599.98,597.4272573746972
TR-032138,2025-07-22,3386.87,3339.673266405324
TR-032139,2025-07-22,1072.0,1016.0590315255889
TR-032140,2025-07-22,4130.11,4391.198191127452
TR-032141,2025-07-22,1830.93,1774.9627348090537
TR-032142,2025-07-22,907.2,892.6578383242013
TR-032143,2025-07-22,2578.18,2645.684393985247
TR-032144,2025-07-22,2537.47,2647.0346797278326
TR-032145,2025-07-22,2058.72,2089.258926760002
TR-032146,2025-07-22,762.05,743.4730060768558
TR-032147,2025-07-22,1695.49,1685.6137324553063
TR-032148,2025-07-22,1345.77,1374.554035014378
TR-032149,2025-07-22,1950.66,1982.3448511335755
TR-032150,2025-07-22,2248.05,2310.922589570986
TR-032151,2025-07-22,2760.2,2818.6153828636384
TR-032152,2025-07-22,958.75,932.8430290783799
TR-032153,2025-07-22,4250.1,4486.219947711196
TR-032154,2025-07-22,933.83,930.3357401745332
TR-032155,2025-07-22,2040.02,2060.4430430543016
TR-032156,2025-07-22,3804.83,3890.97524700912
TR-032157,2025-07-22,4985.24,4984.920387671476
TR-032158,2025-07-22,6077.29,6164.359675084926
TR-032159,2025-07-22,5289.24,5672.42037181693
TR-032160,2025-07-22,3601.12,3616.671868206475
TR-032161,2025-07-22,1601.13,1602.5431352617388
TR-032162,2025-07-22,3768.69,3725.850367176333
TR-032163,2025-07-22,1040.61,1054.997436941344
TR-032164,2025-07-22,2315.06,2306.677107774503
TR-032165,2025-07-22,1729.03,1727.679195812338
TR-032166,2025-07-22,1587.97,1607.3453698654594
TR-032167,2025-07-22,2179.79,2097.2176258037816
TR-032168,2025-07-22,3160.11,3246.1049308856313
TR-032169,2025-07-22,379.37,357.1941696539967
TR-032170,2025-07-22,1550.55,1547.5682106848212
TR-032171,2025-07-22,819.75,826.3723430712344
TR-032172,2025-07-22,547.2,553.107433414406
TR-032173,2025-07-22,2139.39,2155.8511006149474
TR-032174,2025-07-22,1483.72,1447.8829209261776
TR-032175,2025-07-22,4369.5,4569.521923490313
TR-032176,2025-07-22,697.86,708.478899506793
TR-032177,2025-07-22,1336.26,1385.9854057632772
TR-032178,2025-07-22,4044.58,4168.180610872375
TR-032179,2025-07-22,1350.4,1245.572369387784
TR-032180,2025-07-22,1939.01,1963.2513343434398
TR-032181,2025-07-22,4618.69,4774.575438280082
TR-032182,2025-07-22,3610.1,3763.9217837807887
TR-032183,2025-07-22,4162.31,4485.38558188552
TR-032184,2025-07-22,403.54,413.1495425588536
TR-032185,2025-07-22,802.6,800.7016964277522
TR-032186,2025-07-22,5653.26,5712.88770077106
TR-032187,2025-07-22,3739.79,3548.5684707879973
TR-032188,2025-07-22,1498.09,1482.2014896295836
TR-032189,2025-07-22,1645.67,1637.4163542220956
TR-032190,2025-07-22,5204.97,5321.13990104126
TR-032191,2025-07-22,1372.03,1365.0673655860498
TR-032192,2025-07-22,2413.94,2328.6938795187957
TR-032193,2025-07-22,2088.38,2132.35757877393
TR-032194,2025-07-22,4143.74,4535.3357714205495
TR-032195,2025-07-22,2194.97,2326.8344139060873
TR-032196,2025-07-22,1547.72,1511.146065298112
TR-032197,2025-07-22,3721.19,3908.8240944395875
TR-032198,2025-07-22,2500.87,2464.227272112197
TR-032199,2025-07-22,2449.62,2435.7479263071887
TR-032200,2025-07-22,4204.43,4361.9153668203635
TR-032201,2025-07-22,1002.41,996.3020229851456
TR-032202,2025-07-22,2846.43,3019.8415799750737
TR-032203,2025-07-22,1425.2,1449.7121095844527
TR-032204,2025-07-22,3292.5,3204.9584322709447
TR-032205,2025-07-22,863.79,860.2272959478057
TR-032206,2025-07-22,799.03,786.9322344003181
TR-032207,2025-07-22,4082.26,4099.20479090838
TR-032208,2025-07-22,2975.7,2729.047557433456
TR-032209,2025-07-22,4751.34,4671.8026509535275
TR-032210,2025-07-22,1640.31,1653.760833333234
TR-032211,2025-07-22,1646.27,1661.0086797418141
TR-032212,2025-07-22,1694.58,1707.8064512794904
TR-032213,2025-07-22,662.69,633.3163271496048
TR-032214,2025-07-22,1920.01,1921.1419859966886
TR-032215,2025-07-22,1436.72,1399.7617456117275
TR-032216,2025-07-22,2195.04,2231.1766992784264
TR-032217,2025-07-22,1759.09,1783.2969860946148
TR-032218,2025-07-22,4332.02,4340.165330072051
TR-032219,2025-07-22,3950.97,3682.7181215288333
TR-032220,2025-07-22,1857.64,1858.5468505521496
TR-032221,2025-07-22,2896.25,3044.563882147276
TR-032222,2025-07-22,2808.01,2667.265113935646
TR-032223,2025-07-22,4244.92,4166.192936577506
TR-032224,2025-07-22,1572.08,1555.3318574416426
TR-032225,2025-07-22,1218.33,1165.2222022990375
TR-032226,2025-07-22,801.89,796.4966243380686
TR-032227,2025-07-22,577.9,578.576438561129
TR-032228,2025-07-22,2267.57,2302.2508785274435
TR-032229,2025-07-22,2431.16,2523.984653941103
TR-032230,2025-07-22,3877.98,4215.774472854021
TR-032231,2025-07-22,1072.61,1076.3561462624737
TR-032232,2025-07-22,576.02,566.9190567690306
TR-032233,2025-07-22,1057.9,1035.0220894187848
TR-032234,2025-07-22,5197.75,5363.347900740752
TR-032235,2025-07-22,2152.78,2127.980670599967
TR-032236,2025-07-22,5627.38,5723.212406618471
TR-032237,2025-07-22,3851.85,4051.213606338805
TR-032238,2025-07-22,3599.05,3631.553311710299
TR-032239,2025-07-22,3328.52,3230.822025908573
TR-032240,2025-07-22,2268.51,2262.649428270115
TR-032241,2025-07-22,1352.14,1365.9975233306736
TR-032242,2025-07-22,2544.38,2462.281029536209
TR-032243,2025-07-22,607.16,600.3193178466527
TR-032244,2025-07-22,1899.21,1877.591397589674
TR-032245,2025-07-22,3630.98,3928.558998288945
TR-032246,2025-07-22,3215.1,3389.022171702398
TR-032247,2025-07-22,1594.6,1618.4262068064736
TR-032248,2025-07-22,348.25,292.50930874624
TR-032249,2025-07-22,2358.73,2377.323597272259
TR-032250,2025-07-22,3232.74,3177.9468296359205
TR-032251,2025-07-22,3132.15,3098.6913966620778
TR-032252,2025-07-22,1384.72,1366.5201026643201
TR-032253,2025-07-22,2263.66,2190.050590403742
TR-032254,2025-07-22,1979.75,1894.7136075390047
TR-032255,2025-07-22,971.38,998.0687561417584
TR-032256,2025-07-22,1379.89,1359.6523334786536
TR-032257,2025-07-22,951.13,955.0303534940009
TR-032258,2025-07-22,4151.26,4442.42187306917
TR-032259,2025-07-22,758.05,762.9449082593457
TR-032260,2025-07-22,5179.03,5355.731628808489
TR-032261,2025-07-22,1550.64,1541.0965078459212
TR-032262,2025-07-22,1950.01,1925.3506942321121
TR-032263,2025-07-22,5594.86,5656.651288359968
TR-032264,2025-07-22,4365.27,4222.998882052918
TR-032265,2025-07-22,1199.71,1160.9255055626486
TR-032266,2025-07-22,961.48,974.535957603748
TR-032267,2025-07-22,5095.64,4952.225591202405
TR-032268,2025-07-22,1065.82,1087.529930722531
TR-032269,2025-07-22,1159.73,1165.6799081996692
TR-032270,2025-07-22,756.9,742.849563831237
TR-032271,2025-07-23,2551.45,2506.4523669143427
TR-032272,2025-07-23,4423.19,4687.07815261
TR-032273,2025-07-23,1518.14,1530.6868095038183
TR-032274,2025-07-23,2820.85,2791.676792332601
TR-032275,2025-07-23,5244.46,5357.018867604145
TR-032276,2025-07-23,591.14,576.3005597967249
TR-032277,2025-07-23,3201.63,3335.412903637335
TR-032278,2025-07-23,2762.55,2737.6435718809935
TR-032279,2025-07-23,2450.15,2398.6465062148413
TR-032280,2025-07-23,4264.95,4210.238410129258
TR-032281,2025-07-23,2569.18,2530.666535729874
TR-032282,2025-07-23,4339.24,4360.082142826801
TR-032283,2025-07-23,4298.71,4649.4060082128
TR-032284,2025-07-23,494.28,485.2810623726048
TR-032285,2025-07-23,1998.7,2062.0824135096186
TR-032286,2025-07-23,4520.49,4452.427495022939
TR-032287,2025-07-23,3505.59,3708.076080917475
TR-032288,2025-07-23,3573.57,3588.099868171654
TR-032289,2025-07-23,1572.68,1562.7609699961945
TR-032290,2025-07-23,2216.12,2138.972723490343
TR-032291,2025-07-23,3213.67,3309.5794551237577
TR-032292,2025-07-23,1975.71,1944.9346154414548
TR-032293,2025-07-23,1705.82,1671.2461330302085
TR-032294,2025-07-23,3222.1,3142.3315566134183
TR-032295,2025-07-23,1948.42,1928.6547377458319
TR-032296,2025-07-23,1970.19,1988.6566275346877
TR-032297,2025-07-23,2272.78,2357.6267903288476
TR-032298,2025-07-23,271.64,287.26033195414186
TR-032299,2025-07-23,4917.21,5202.877792307503
TR-032300,2025-07-23,2416.6,2430.2852391187153
TR-032301,2025-07-23,948.27,944.0763658781751
TR-032302,2025-07-23,1677.09,1611.1402778576266
TR-032303,2025-07-23,5802.22,5951.6917569283005
TR-032304,2025-07-23,964.02,956.4922056179157
TR-032305,2025-07-23,294.25,306.4518279952225
TR-032306,2025-07-23,2376.23,2426.456523574555
TR-032307,2025-07-23,1584.27,1544.9087299785099
TR-032308,2025-07-23,2142.64,2086.1917002613395
TR-032309,2025-07-23,1183.85,1193.9923134316111
TR-032310,2025-07-23,5756.91,5760.608556586711
TR-032311,2025-07-23,1880.81,1900.53459872503
TR-032312,2025-07-23,4509.27,4405.311813348566
TR-032313,2025-07-23,909.91,911.6502356811164
TR-032314,2025-07-23,2479.9,2545.9835851020844
TR-032315,2025-07-23,2040.08,2026.7533406951893
TR-032316,2025-07-23,2972.14,2883.519157045319
TR-032317,2025-07-23,1159.27,1165.5871998529753
TR-032318,2025-07-23,3892.85,4059.2355209942157
TR-032319,2025-07-23,837.13,832.5965781692596
TR-032320,2025-07-23,4539.41,4534.242762095279
TR-032321,2025-07-23,5793.1,5668.564667827432
TR-032322,2025-07-23,2052.62,2061.437335534899
TR-032323,2025-07-23,1024.98,1008.9875979578686
TR-032324,2025-07-23,2310.4,2321.587389518387
TR-032325,2025-07-23,4962.1,4636.498883447126
TR-032326,2025-07-23,3903.22,3983.696879389699
TR-032327,2025-07-23,1965.2,1938.6332739581214
TR-032328,2025-07-23,4080.74,4027.1653473425663
TR-032329,2025-07-23,3900.3,4002.3325847907963
TR-032330,2025-07-23,1969.08,1945.7154518817467
TR-032331,2025-07-23,1715.4,1672.6145915643212
TR-032332,2025-07-23,2819.81,2869.2678209575793
TR-032333,2025-07-23,1465.62,1485.4324056033938
TR-032334,2025-07-23,594.29,600.992938735251
TR-032335,2025-07-23,3855.52,3818.528170881877
TR-032336,2025-07-23,1227.04,1208.6007247962
TR-032337,2025-07-23,2314.21,2273.1874126701673
TR-032338,2025-07-23,1552.87,1549.0438186074307
TR-032339,2025-07-23,1645.22,1666.519060071375
TR-032340,2025-07-23,2526.91,2514.3580795094117
TR-032341,2025-07-23,4200.86,4456.267239151241
TR-032342,2025-07-23,2074.58,2059.6547073298743
TR-032343,2025-07-23,5093.85,5026.711632440867
TR-032344,2025-07-23,2123.14,2095.708182090454
TR-032345,2025-07-23,1525.94,1487.7478646867903
TR-032346,2025-07-23,4081.96,4234.290461491147
TR-032347,2025-07-23,653.21,646.6042894172125
TR-032348,2025-07-23,2990.39,2859.147618462385
TR-032349,2025-07-23,1411.48,1397.8123695324025
TR-032350,2025-07-23,1990.08,1996.507060717545
TR-032351,2025-07-23,5230.66,5262.584905619228
TR-032352,2025-07-23,757.61,762.2415816662516
TR-032353,2025-07-23,16951.43,4147.860935395176
TR-032354,2025-07-23,661.41,653.440758770569
TR-032355,2025-07-23,1247.3,1214.0399343340036
TR-032356,2025-07-23,766.12,762.9960910155586
TR-032357,2025-07-23,3723.41,3892.1526108574026
TR-032358,2025-07-23,2879.31,2862.1003359628194
TR-032359,2025-07-23,825.71,840.5376819848982
TR-032360,2025-07-23,1071.84,1061.7554992864543
TR-032361,2025-07-23,2197.55,2146.8306886443474
TR-032362,2025-07-23,1295.01,1273.294490223508
TR-032363,2025-07-23,2612.3,2599.9425535274095
TR-032364,2025-07-23,1459.36,1429.875292570296
TR-032365,2025-07-23,6156.47,5720.394241711157
TR-032366,2025-07-23,445.58,424.59172122900713
TR-032367,2025-07-23,1402.62,1410.6261277871617
TR-032368,2025-07-23,1229.28,1245.2174863639402
TR-032369,2025-07-23,1226.8,1201.8523176402796
TR-032370,2025-07-23,1394.95,1407.6708726321701
TR-032371,2025-07-23,3028.58,3202.5506308199583
TR-032372,2025-07-23,1208.01,1213.6275783646618
TR-032373,2025-07-23,2539.04,2499.9368389510873
TR-032374,2025-07-23,4534.55,4430.901381835568
TR-032375,2025-07-23,4246.43,3976.0039970872213
TR-032376,2025-07-23,3573.99,3711.3351823473263
TR-032377,2025-07-23,2879.9,2841.8992143996225
TR-032378,2025-07-23,1452.88,1449.1889853467965
TR-032379,2025-07-23,5801.05,5665.368214308039
TR-032380,2025-07-23,4300.79,4135.991931964875
TR-032381,2025-07-23,3990.99,4384.561887688117
TR-032382,2025-07-23,2104.29,2076.341775689332
TR-032383,2025-07-23,2641.73,2634.6522433236287
TR-032384,2025-07-23,3002.52,3148.1639508209414
TR-032385,2025-07-23,5203.78,5269.4059339813375
TR-032386,2025-07-23,770.1,752.7882619764188
TR-032387,2025-07-23,4699.02,4757.921789630818
TR-032388,2025-07-23,3381.92,3342.6301836718308
TR-032389,2025-07-23,615.99,606.4317141892469
TR-032390,2025-07-23,734.71,735.3443122437193
TR-032391,2025-07-23,1173.3,1166.1450156513206
TR-032392,2025-07-23,825.08,815.2263091216732
TR-032393,2025-07-23,4811.72,5079.229058067494
TR-032394,2025-07-23,1166.91,1174.9348556948548
TR-032395,2025-07-23,2568.09,2498.2077820510567
TR-032396,2025-07-23,1862.24,1863.847247411914
TR-032397,2025-07-23,2186.85,2119.5322879108053
TR-032398,2025-07-23,704.37,690.4811609241608
TR-032399,2025-07-23,1516.32,1488.1129139057398
TR-032400,2025-07-23,4959.87,5333.810043545743
TR-032401,2025-07-23,4021.57,4281.31234419939
TR-032402,2025-07-23,1092.07,1100.618866582974
TR-032403,2025-07-23,3392.97,3261.294848104868
TR-032404,2025-07-23,1839.94,1846.4097434275736
TR-032405,2025-07-23,5974.22,5858.971788202042
TR-032406,2025-07-23,5734.76,5954.685707632494
TR-032407,2025-07-23,2716.73,2632.513858203577
TR-032408,2025-07-23,1571.49,1564.7982452894075
TR-032409,2025-07-23,1691.71,1691.279458313426
TR-032410,2025-07-23,3185.68,3173.720764480131
TR-032411,2025-07-23,3428.36,3183.301250486657
TR-032412,2025-07-23,1172.56,1153.5822053424158
TR-032413,2025-07-23,995.08,1000.1695722530819
TR-032414,2025-07-23,1023.88,1009.50448836808
TR-032415,2025-07-23,1902.8,1935.1242690944323
TR-032416,2025-07-23,1262.54,1228.5803506914779
TR-032417,2025-07-23,2179.03,2259.908349936137
TR-032418,2025-07-23,3198.89,3026.631063762398
TR-032419,2025-07-23,464.13,438.921677127072
TR-032420,2025-07-23,487.04,462.0042287610534
TR-032421,2025-07-23,2079.76,2075.9869155666083
TR-032422,2025-07-23,4234.79,4563.865916871734
TR-032423,2025-07-23,4382.86,4338.201940041649
TR-032424,2025-07-23,872.21,889.9526004013737
TR-032425,2025-07-23,2126.09,2175.434419162322
TR-032426,2025-07-23,3943.11,3841.0988888584548
TR-032427,2025-07-23,1437.0,1452.3778195163895
TR-032428,2025-07-23,1054.0,1069.5628255383858
TR-032429,2025-07-23,4132.74,4305.701376294612
TR-032430,2025-07-23,3099.06,3311.635525743199
TR-032431,2025-07-23,1428.2,1413.4430925965576
TR-032432,2025-07-23,2139.58,2150.0968012719077
TR-032433,2025-07-23,369.61,356.5250827696288
TR-032434,2025-07-23,3737.41,3878.8949087404862
TR-032435,2025-07-23,1514.15,1485.095076174693
TR-032436,2025-07-23,1769.18,1757.6977848974987
TR-032437,2025-07-23,2074.38,2104.4686372645206
TR-032438,2025-07-23,3045.77,2968.367784455026
TR-032439,2025-07-24,2127.16,2087.116964928845
TR-032440,2025-07-24,4494.97,4354.620560782859
TR-032441,2025-07-24,3182.95,3164.8901306923185
TR-032442,2025-07-24,2346.29,2344.826982475514
TR-032443,2025-07-24,4403.7,4646.273983950027
TR-032444,2025-07-24,2979.92,3139.9330358364136
TR-032445,2025-07-24,1835.08,1867.6361049886193
TR-032446,2025-07-24,5960.77,6182.191290625811
TR-032447,2025-07-24,1425.84,1414.4814351797315
TR-032448,2025-07-24,5351.48,5538.966936691949
TR-032449,2025-07-24,1527.46,1513.650242275917
TR-032450,2025-07-24,3685.65,3647.190898915044
TR-032451,2025-07-24,874.49,872.1375321362111
TR-032452,2025-07-24,2144.08,2128.515417877459
TR-032453,2025-07-24,2083.57,2081.237910861962
TR-032454,2025-07-24,310.54,289.9550288675276
TR-032455,2025-07-24,1152.24,1163.8664445637853
TR-032456,2025-07-24,4657.66,4414.386877430123
TR-032457,2025-07-24,2637.28,2635.3269847212614
TR-032458,2025-07-24,2002.5,1971.1738699869566
TR-032459,2025-07-24,604.62,586.9355605539058
TR-032460,2025-07-24,12550.02,2984.856605308739
TR-032461,2025-07-24,1660.36,1679.9864560962499
TR-032462,2025-07-24,1124.76,1090.5654501098518
TR-032463,2025-07-24,651.26,661.7350458630071
TR-032464,2025-07-24,2948.5,3012.112746990425
TR-032465,2025-07-24,1707.29,1679.935587599432
TR-032466,2025-07-24,2494.43,2496.903884939876
TR-032467,2025-07-24,2895.51,2873.293780124837
TR-032468,2025-07-24,2723.09,2574.1922268454
TR-032469,2025-07-24,1473.54,1450.3119001439272
TR-032470,2025-07-24,1805.51,1768.8810350552922
TR-032471,2025-07-24,2000.32,2014.9702092961109
TR-032472,2025-07-24,3053.32,3276.3429152880035
TR-032473,2025-07-24,1189.82,1196.4883781422805
TR-032474,2025-07-24,1729.8,1708.6081625458248
TR-032475,2025-07-24,3740.2,3627.3444973012265
TR-032476,2025-07-24,3073.93,2863.998548142269
TR-032477,2025-07-24,3645.93,3728.835354269336
TR-032478,2025-07-24,2568.3,2499.3155332261285
TR-032479,2025-07-24,1017.35,1004.1448041992317
TR-032480,2025-07-24,1268.66,1226.8510512997836
TR-032481,2025-07-24,2482.63,2590.2474726373284
TR-032482,2025-07-24,3207.04,3066.4476496642055
TR-032483,2025-07-24,2133.42,2091.443146925034
TR-032484,2025-07-24,4191.34,4046.4584252016193
TR-032485,2025-07-24,2770.5,2807.9399391958905
TR-032486,2025-07-24,1232.54,1238.6825168553357
TR-032487,2025-07-24,3754.36,3866.948466591624
TR-032488,2025-07-24,1310.4,1295.4731528049763
TR-032489,2025-07-24,1812.49,1796.156050224178
TR-032490,2025-07-24,5120.97,5018.383544198919
TR-032491,2025-07-24,3321.14,3452.357938112114
TR-032492,2025-07-24,4196.33,4333.320333133675
TR-032493,2025-07-24,1799.18,1789.8433712471185
TR-032494,2025-07-24,456.27,430.26451709186955
TR-032495,2025-07-24,3751.68,3678.6595320506935
TR-032496,2025-07-24,4110.84,4379.286857161007
TR-032497,2025-07-24,3636.56,3794.5635052708662
TR-032498,2025-07-24,3048.31,2690.925476188751
TR-032499,2025-07-24,662.45,674.31152645522
TR-032500,2025-07-24,4419.14,4364.5785901225
TR-032501,2025-07-24,1490.35,1509.389402635549
TR-032502,2025-07-24,1814.53,1809.127684277555
TR-032503,2025-07-24,5221.67,5388.380894657372
TR-032504,2025-07-24,2948.5,2836.4921109322286
TR-032505,2025-07-24,764.29,769.2037372036633
TR-032506,2025-07-24,3077.99,2899.5686697434617
TR-032507,2025-07-24,1803.91,1836.1692170621197
TR-032508,2025-07-24,4336.99,4510.664968614623
TR-032509,2025-07-24,2761.56,2632.163958480312
TR-032510,2025-07-24,4565.08,5026.862554947811
TR-032511,2025-07-24,268.39,286.62129113319276
TR-032512,2025-07-24,2167.62,2131.011706156865
TR-032513,2025-07-24,941.27,921.233176043273
TR-032514,2025-07-24,3646.94,3630.8565308973807
TR-032515,2025-07-24,5954.96,6000.948518595829
TR-032516,2025-07-24,1514.63,1521.4379426682322
TR-032517,2025-07-24,4931.44,5172.612377416819
TR-032518,2025-07-24,4963.66,5253.97687303012
TR-032519,2025-07-24,1650.5,1624.7371688960563
TR-032520,2025-07-24,2075.93,2059.495613680906
TR-032521,2025-07-24,774.84,761.4933940067746
TR-032522,2025-07-24,1492.0,1475.7962526803772
TR-032523,2025-07-24,5708.78,5822.854127053628
TR-032524,2025-07-24,2659.09,2585.2296095953857
TR-032525,2025-07-24,2102.06,2103.2362658464426
TR-032526,2025-07-24,1639.47,1675.9180062083014
TR-032527,2025-07-24,4386.8,4406.942702600659
TR-032528,2025-07-24,2124.86,2094.67033430158
TR-032529,2025-07-24,2300.5,2281.9355182725485
TR-032530,2025-07-24,1517.3,1517.4438937817138
TR-032531,2025-07-24,3444.56,3311.6751846085212
TR-032532,2025-07-24,1306.02,1295.5651493564417
TR-032533,2025-07-24,5956.93,5734.262273610634
TR-032534,2025-07-24,5208.75,4994.144735749348
TR-032535,2025-07-24,2733.7,2868.1621181903497
TR-032536,2025-07-24,2151.37,2114.1518701996374
TR-032537,2025-07-24,1356.66,1345.342049933536
TR-032538,2025-07-24,2140.0,2145.5013187035497
TR-032539,2025-07-24,1055.48,1073.5593139435764
TR-032540,2025-07-24,1773.15,1761.6311772200258
TR-032541,2025-07-24,5224.07,5447.963250802806
TR-032542,2025-07-24,5636.47,5592.459528720122
TR-032543,2025-07-24,1406.38,1456.3540479916396
TR-032544,2025-07-24,2039.67,2032.9312381639322
TR-032545,2025-07-24,4524.37,4359.090883572274
TR-032546,2025-07-24,1832.07,1811.0781592481562
TR-032547,2025-07-24,2999.1,3201.0536038587647
TR-032548,2025-07-24,2132.38,2097.314940519085
TR-032549,2025-07-24,2949.87,2913.0612866301094
TR-032550,2025-07-24,4609.86,4774.607674369599
TR-032551,2025-07-24,1893.54,1908.4521493409777
TR-032552,2025-07-24,4527.05,4319.23329542127
TR-032553,2025-07-24,3964.68,3760.2384568422262
TR-032554,2025-07-24,2767.44,2832.4940228760206
TR-032555,2025-07-24,2332.55,2238.365389241547
TR-032556,2025-07-24,3116.64,3204.3408510662034
TR-032557,2025-07-24,5736.22,5799.649779685234
TR-032558,2025-07-24,1019.26,1010.3575293289329
TR-032559,2025-07-24,2152.39,2314.59884026307
TR-032560,2025-07-24,894.51,881.1712173096626
TR-032561,2025-07-24,1893.8,1868.082116394351
TR-032562,2025-07-24,3678.62,3806.0214137216904
TR-032563,2025-07-24,2087.84,2063.493668431707
TR-032564,2025-07-24,2900.38,3007.150746443382
TR-032565,2025-07-24,1271.78,1287.429415620121
TR-032566,2025-07-24,2003.15,1988.31336021216
TR-032567,2025-07-24,4843.0,5040.915183307081
TR-032568,2025-07-24,2015.2,1974.5723031605223
TR-032569,2025-07-24,1417.95,1425.1346393366077
TR-032570,2025-07-24,1537.72,1543.6003690221312
TR-032571,2025-07-24,1629.41,1653.2202756813472
TR-032572,2025-07-24,4952.66,5146.019343363329
TR-032573,2025-07-24,2887.1,2794.480583191272
TR-032574,2025-07-24,2255.31,2274.166022751691
TR-032575,2025-07-24,1071.54,1077.4458950038622
TR-032576,2025-07-24,4162.33,4441.192172325592
TR-032577,2025-07-24,3061.87,2993.0511286894102
TR-032578,2025-07-24,1106.35,1100.4984455494186
TR-032579,2025-07-24,2447.95,2583.6874763882206
TR-032580,2025-07-24,252.03,1122.4184938075557
TR-032581,2025-07-24,603.69,580.5136369934387
TR-032582,2025-07-24,1803.83,1793.3593658663106
TR-032583,2025-07-24,848.87,850.8358697613296
TR-032584,2025-07-24,5154.94,5474.271318616145
TR-032585,2025-07-24,1786.59,1782.0434349982568
TR-032586,2025-07-24,1297.55,1271.8474372236003
TR-032587,2025-07-24,2106.93,2063.5645107052133
TR-032588,2025-07-24,808.63,822.2569220868278
TR-032589,2025-07-24,2469.34,2470.7031911762306
TR-032590,2025-07-24,2510.09,2440.938622680233
TR-032591,2025-07-24,1993.05,2087.96119655483
TR-032592,2025-07-24,2172.77,2345.309066432875
TR-032593,2025-07-24,960.83,944.8021158002425
TR-032594,2025-07-24,5880.07,5870.1109200674455
TR-032595,2025-07-24,3079.08,3263.420694520945
TR-032596,2025-07-24,715.77,647.6275424911462
TR-032597,2025-07-24,3883.12,3813.718502064697
TR-032598,2025-07-24,1198.31,1196.312878502649
TR-032599,2025-07-24,4402.47,4372.681661059765
TR-032600,2025-07-24,1244.54,1206.6537487167313
TR-032601,2025-07-25,1795.6,1781.367991949752
TR-032602,2025-07-25,3985.09,3915.390829717942
TR-032603,2025-07-25,1831.44,1858.0817016410476
TR-032604,2025-07-25,1814.73,1919.3891036670266
TR-032605,2025-07-25,5060.6,5518.254359549208
TR-032606,2025-07-25,1159.69,1166.2400273761114
TR-032607,2025-07-25,776.49,755.3448142807902
TR-032608,2025-07-25,1345.49,1372.3986237251763
TR-032609,2025-07-25,2391.1,2562.3175949933557
TR-032610,2025-07-25,640.86,629.5695671581626
TR-032611,2025-07-25,1003.51,1035.6471107553587
TR-032612,2025-07-25,2223.64,2249.1756423039965
TR-032613,2025-07-25,1483.36,1579.0300672361993
TR-032614,2025-07-25,1013.01,1009.9572266129582
TR-032615,2025-07-25,1268.49,1255.0928324128024
TR-032616,2025-07-25,1603.79,1599.8559482744165
TR-032617,2025-07-25,1920.16,2113.9877971490982
TR-032618,2025-07-25,3219.74,3146.063682859066
TR-032619,2025-07-25,1515.31,1507.019677245597
TR-032620,2025-07-25,2086.34,2299.2880964834944
TR-032621,2025-07-25,1453.48,1427.3368049627766
TR-032622,2025-07-25,1631.89,1685.8937534631627
TR-032623,2025-07-25,1844.26,1874.1312633767102
TR-032624,2025-07-25,1591.32,1625.982749551199
TR-032625,2025-07-25,1380.67,1393.3281088984645
TR-032626,2025-07-25,3180.61,3352.4582439481833
TR-032627,2025-07-25,1272.59,1264.8784754802823
TR-032628,2025-07-25,559.05,565.0067141107733
TR-032629,2025-07-25,4374.65,4567.108532414081
TR-032630,2025-07-25,1269.2,1235.789381890025
TR-032631,2025-07-25,1840.76,1805.8442742286386
TR-032632,2025-07-25,937.61,905.0795981527813
TR-032633,2025-07-25,822.73,825.52949386528
TR-032634,2025-07-25,3858.21,4301.473681217142
TR-032635,2025-07-25,4051.75,4286.430876079386
TR-032636,2025-07-25,1826.04,2041.8452292498228
TR-032637,2025-07-25,1869.29,1902.2388401008452
TR-032638,2025-07-25,3347.59,3420.5328094187284
TR-032639,2025-07-25,2653.19,2607.9312456241064
TR-032640,2025-07-25,720.47,698.8573598876933
TR-032641,2025-07-25,2766.8,2902.9422871155625
TR-032642,2025-07-25,2385.54,2540.0761651600455
TR-032643,2025-07-25,1155.79,1145.3053703194605
TR-032644,2025-07-25,2351.78,2353.7004853652375
TR-032645,2025-07-25,1705.03,1774.1056005426892
TR-032646,2025-07-25,1615.16,1607.2910724823346
TR-032647,2025-07-25,4232.78,4578.555629586407
TR-032648,2025-07-25,768.26,786.0701099926715
TR-032649,2025-07-25,2339.92,2261.3122365595736
TR-032650,2025-07-25,3526.8,3797.604648116402
TR-032651,2025-07-25,1780.57,1760.4122301544855
TR-032652,2025-07-25,3484.76,3445.389294676545
TR-032653,2025-07-25,1924.84,1881.306535594378
TR-032654,2025-07-25,1711.68,1832.0768748899175
TR-032655,2025-07-25,790.18,804.3227964591711
TR-032656,2025-07-25,1802.55,1857.1452823464458
TR-032657,2025-07-25,1675.31,1666.1757047113026
TR-032658,2025-07-25,1490.02,1498.7684070109437
TR-032659,2025-07-25,3944.08,3991.426517120603
TR-032660,2025-07-25,3416.38,3482.4480846686197
TR-032661,2025-07-25,3111.53,2962.518016712388
TR-032662,2025-07-25,2159.84,2107.3861368625066
TR-032663,2025-07-25,3293.39,3440.671888737352
TR-032664,2025-07-25,2397.54,2464.693872844552
TR-032665,2025-07-25,5543.22,5801.019464085561
TR-032666,2025-07-25,3674.78,3996.406115439535
TR-032667,2025-07-25,1358.54,1345.3327510976505
TR-032668,2025-07-25,5174.53,5575.584658480039
TR-032669,2025-07-25,960.12,948.5078363991435
TR-032670,2025-07-25,899.68,900.1731098360109
TR-032671,2025-07-25,2827.98,2975.969924365355
TR-032672,2025-07-25,2570.38,2715.8297932661026
TR-032673,2025-07-25,3939.9,4142.845358345456
TR-032674,2025-07-25,4025.72,3996.246034183839
TR-032675,2025-07-25,2064.45,2100.0914468842243
TR-032676,2025-07-25,3644.19,3691.4348502521716
TR-032677,2025-07-25,5376.87,5639.715090066663
TR-032678,2025-07-25,13435.73,3255.856118101762
TR-032679,2025-07-25,10182.59,3769.5899877728702
TR-032680,2025-07-25,1243.96,1209.5532854964513
TR-032681,2025-07-25,4132.2,4502.189147236994
TR-032682,2025-07-25,3252.3,3407.1947725996724
TR-032683,2025-07-25,3191.53,3160.4258716887366
TR-032684,2025-07-25,4200.2,4478.183236556943
TR-032685,2025-07-25,2304.15,2301.5157170437105
TR-032686,2025-07-25,3444.4,3609.987814221234
TR-032687,2025-07-25,983.26,974.2856513608803
TR-032688,2025-07-25,2020.06,2179.2944348371334
TR-032689,2025-07-25,1919.24,1858.6199870525015
TR-032690,2025-07-25,3653.08,3846.1074780645467
TR-032691,2025-07-25,2290.3,2446.1119518914566
TR-032692,2025-07-25,659.75,653.1215975556486
TR-032693,2025-07-25,1003.77,998.3590385782497
TR-032694,2025-07-25,2900.85,2946.633242136067
TR-032695,2025-07-25,3366.83,3534.834422469187
TR-032696,2025-07-25,2370.42,2519.45470908881
TR-032697,2025-07-25,4704.4,4993.7897179328675
TR-032698,2025-07-25,1426.38,1423.1004368663819
TR-032699,2025-07-25,1141.74,1138.9246064485544
TR-032700,2025-07-25,3958.98,4195.304270953785
TR-032701,2025-07-25,1431.72,1457.815962765555
TR-032702,2025-07-25,333.87,323.01248270177996
TR-032703,2025-07-25,1112.55,1137.7617189011758
TR-032704,2025-07-25,3215.38,3387.512682888401
TR-032705,2025-07-25,1761.75,1688.7389605533526
TR-032706,2025-07-25,1147.6,1160.1260958899366
TR-032707,2025-07-25,2869.52,2784.3276686128766
TR-032708,2025-07-25,683.06,664.4343994959846
TR-032709,2025-07-25,2385.69,2460.684314417578
TR-032710,2025-07-25,3695.63,3735.942485185772
TR-032711,2025-07-25,1973.87,2012.7843775156564
TR-032712,2025-07-25,4621.28,4459.079482638475
TR-032713,2025-07-25,5914.63,6160.541775041496
TR-032714,2025-07-25,1385.85,1355.1109288160735
TR-032715,2025-07-25,1855.55,1862.3886833249057
TR-032716,2025-07-25,4113.84,4287.200648225941
TR-032717,2025-07-25,2840.2,3082.3109159866553
TR-032718,2025-07-25,5716.61,5705.334112030758
TR-032719,2025-07-25,1447.89,1555.5370491899366
TR-032720,2025-07-25,1002.59,993.2207995857672
TR-032721,2025-07-25,1823.86,1797.926460836623
TR-032722,2025-07-25,568.64,568.4726775615354
TR-032723,2025-07-25,2761.01,2958.9947128248114
TR-032724,2025-07-25,2110.93,2041.098072431206
TR-032725,2025-07-25,3322.7,3487.0085520790767
TR-032726,2025-07-25,1188.63,1178.5671044017117
TR-032727,2025-07-25,605.63,609.3605611387384
TR-032728,2025-07-25,672.84,683.0531149627309
TR-032729,2025-07-25,4127.3,4417.28195764675
TR-032730,2025-07-25,4887.45,5137.6709510888895
TR-032731,2025-07-25,877.84,869.7776073935344
TR-032732,2025-07-25,1210.06,1203.8506010898948
TR-032733,2025-07-25,2827.1,2808.487718173003
TR-032734,2025-07-25,2264.1,2341.455418520504
TR-032735,2025-07-25,786.2,782.973853209571
TR-032736,2025-07-25,1039.6,1025.392403464616
TR-032737,2025-07-25,2884.04,3083.786226028184
TR-032738,2025-07-25,4075.32,4201.4470478943995
TR-032739,2025-07-25,3975.65,4319.397244117045
TR-032740,2025-07-25,2091.38,2287.485443234041
TR-032741,2025-07-25,1148.66,1141.502462596279
TR-032742,2025-07-25,1026.79,992.0072585133992
TR-032743,2025-07-25,618.25,634.0225530954336
TR-032744,2025-07-25,3399.53,3568.068486146486
TR-032745,2025-07-25,1229.81,1215.4237906739056
TR-032746,2025-07-25,3774.01,3987.9572219187744
TR-032747,2025-07-25,1954.6,2001.9348350166074
TR-032748,2025-07-25,2362.59,2346.253705099935
TR-032749,2025-07-25,1886.47,1836.2370450517215
TR-032750,2025-07-25,2310.25,2442.183569982745
TR-032751,2025-07-25,2685.21,2633.7113936882897
TR-032752,2025-07-25,4164.07,4218.440434168174
TR-032753,2025-07-26,4181.36,4301.290248169704
TR-032754,2025-07-26,3815.28,3785.918935299775
TR-032755,2025-07-26,5341.24,5628.731704540418
TR-032756,2025-07-26,2472.19,2614.9452507948226
TR-032757,2025-07-26,1256.62,1218.8461962250476
TR-032758,2025-07-26,1736.66,1691.276419600735
TR-032759,2025-07-26,1816.77,1788.9088881314567
TR-032760,2025-07-26,5172.5,5605.772388510068
TR-032761,2025-07-26,2614.96,2729.191965115936
TR-032762,2025-07-26,1966.84,2080.641563711977
TR-032763,2025-07-26,612.07,607.9902139633091
TR-032764,2025-07-26,3681.76,3845.5745236918306
TR-032765,2025-07-26,3007.83,3130.5168444434266
TR-032766,2025-07-26,676.85,691.5040657281438
TR-032767,2025-07-26,2457.83,2615.1266112765334
TR-032768,2025-07-26,4523.97,4830.911686335421
TR-032769,2025-07-26,1781.1,1741.1083312952842
TR-032770,2025-07-26,5134.52,5402.549196188622
TR-032771,2025-07-26,1896.67,1887.8225483862798
TR-032772,2025-07-26,1179.97,1171.4442501242588
TR-032773,2025-07-26,542.58,535.6539751507868
TR-032774,2025-07-26,849.68,850.1652462203576
TR-032775,2025-07-26,2923.62,3062.1700798776064
TR-032776,2025-07-26,3968.6,4230.7858186549865
TR-032777,2025-07-26,1409.82,1374.2260117192743
TR-032778,2025-07-26,3809.9,4094.136442329201
TR-032779,2025-07-26,1531.01,1559.0315404031953
TR-032780,2025-07-26,2384.36,2576.776616691095
TR-032781,2025-07-26,1137.39,1103.8986558726667
TR-032782,2025-07-26,2000.96,2028.7359764833939
TR-032783,2025-07-26,3226.76,3146.9885625634124
TR-032784,2025-07-26,2768.45,2854.626784792907
TR-032785,2025-07-26,1572.21,1520.4059691338919
TR-032786,2025-07-26,2523.24,2570.02158196401
TR-032787,2025-07-26,1289.13,1274.901947074157
TR-032788,2025-07-26,1627.76,1612.6582972988922
TR-032789,2025-07-26,1890.39,1978.0417955803468
TR-032790,2025-07-26,846.21,855.8863660745958
TR-032791,2025-07-26,4073.45,4688.76287533902
TR-032792,2025-07-26,3655.58,4056.982635518508
TR-032793,2025-07-26,3205.68,3221.866478094851
TR-032794,2025-07-26,4322.64,4225.9762124106
TR-032795,2025-07-26,1852.53,2022.0968110331978
TR-032796,2025-07-26,4388.08,4660.480434598322
TR-032797,2025-07-26,3292.14,3485.2411385357227
TR-032798,2025-07-26,1364.0,1354.1828395239122
TR-032799,2025-07-26,843.8,829.7492578525155
TR-032800,2025-07-26,2240.57,2311.5661465730627
TR-032801,2025-07-26,1738.9,1742.8554398929487
TR-032802,2025-07-26,2442.47,2369.105155564788
TR-032803,2025-07-26,1519.19,1494.3991842479059
TR-032804,2025-07-26,1102.01,1105.6260555026313
TR-032805,2025-07-26,3689.12,3965.242819924526
TR-032806,2025-07-26,1864.49,1828.411611119247
TR-032807,2025-07-26,3162.9,3099.036271663598
TR-032808,2025-07-26,1179.8,1145.6999677618653
TR-032809,2025-07-26,1560.31,1602.2901817646461
TR-032810,2025-07-26,927.32,926.5707074240394
TR-032811,2025-07-26,2652.52,2825.51231537831
TR-032812,2025-07-26,1878.06,1992.923861604829
TR-032813,2025-07-26,3409.05,3580.1726967600425
TR-032814,2025-07-26,2671.9,2629.4988715994723
TR-032815,2025-07-26,2300.15,2499.3305571780634
TR-032816,2025-07-26,2905.05,3103.762704060081
TR-032817,2025-07-26,2627.38,2836.307633898423
TR-032818,2025-07-26,4849.72,5246.019527114113
TR-032819,2025-07-26,1076.49,1055.8441972393985
TR-032820,2025-07-26,1348.68,1335.9012706234116
TR-032821,2025-07-26,738.87,742.9168161800692
TR-032822,2025-07-26,1606.4,1593.1649729467908
TR-032823,2025-07-26,1419.4,1388.6133307462671
TR-032824,2025-07-26,2689.56,2945.2577754148433
TR-032825,2025-07-26,1335.43,1276.2980899050742
TR-032826,2025-07-26,1183.71,1170.4099549862863
TR-032827,2025-07-26,835.6,819.4923431418714
TR-032828,2025-07-26,3390.19,3424.5523530151418
TR-032829,2025-07-26,707.65,692.015955339481
TR-032830,2025-07-26,3598.69,3596.4992359432276
TR-032831,2025-07-26,3018.99,3157.0406968518428
TR-032832,2025-07-26,1772.88,1800.778726429703
TR-032833,2025-07-26,2410.26,2353.1604212412385
TR-032834,2025-07-26,1372.35,1397.3490938476202
TR-032835,2025-07-26,4693.29,4963.446032212955
TR-032836,2025-07-26,1446.05,1454.5713644864425
TR-032837,2025-07-26,3819.84,3888.9042615116546
TR-032838,2025-07-26,5158.76,5192.158791690021
TR-032839,2025-07-26,1168.4,1154.6799056535094
TR-032840,2025-07-26,2541.0,2660.286702663213
TR-032841,2025-07-26,1123.05,1108.8341121775677
TR-032842,2025-07-26,1896.51,1863.5276560381806
TR-032843,2025-07-26,2544.97,2550.1462874885733
TR-032844,2025-07-26,1148.73,1133.0930740059523
TR-032845,2025-07-26,1112.39,1119.6435199350942
TR-032846,2025-07-26,5661.91,5822.325914289452
TR-032847,2025-07-26,3866.25,4133.0867418259595
TR-032848,2025-07-26,2412.34,2365.7684166960566
TR-032849,2025-07-26,1619.06,1617.3664429357043
TR-032850,2025-07-26,1197.41,2809.734880241006
TR-032851,2025-07-26,1745.58,1934.2188287340468
TR-032852,2025-07-26,3469.22,3846.3359097679677
TR-032853,2025-07-26,965.32,957.7272845020889
TR-032854,2025-07-26,2371.59,2549.5608027900544
TR-032855,2025-07-26,1088.47,1067.1898997293765
TR-032856,2025-07-26,1838.99,1920.4579340044822
TR-032857,2025-07-26,1667.62,1809.2293870718963
TR-032858,2025-07-26,3998.84,4392.003377197446
TR-032859,2025-07-26,564.67,542.6788198787403
TR-032860,2025-07-26,2852.1,3063.2521188707
TR-032861,2025-07-26,1562.25,1533.1745364591518
TR-032862,2025-07-26,1971.58,2224.314813046044
TR-032863,2025-07-26,842.78,858.624336596402
TR-032864,2025-07-26,1639.91,1652.2462123609516
TR-032865,2025-07-26,1493.3,1535.0976464858231
TR-032866,2025-07-26,4327.16,4889.045230758305
TR-032867,2025-07-26,3710.4,4070.6915023428796
TR-032868,2025-07-26,1235.73,1242.7042654572354
TR-032869,2025-07-26,3288.98,1210.8057464857586
TR-032870,2025-07-26,1510.16,1477.7962258105367
TR-032871,2025-07-26,1572.34,1540.829480795896
TR-032872,2025-07-26,1577.9,1529.7988466361846
TR-032873,2025-07-26,4115.12,4464.718317313199
TR-032874,2025-07-26,3288.49,3234.1378662866314
TR-032875,2025-07-26,1759.96,1910.8142122400825
TR-032876,2025-07-26,597.98,596.3007462809537
TR-032877,2025-07-26,2487.69,2621.037272341384
TR-032878,2025-07-26,8768.95,3824.7775106768604
TR-032879,2025-07-26,2163.74,2292.859988148617
TR-032880,2025-07-26,2773.57,2978.714292410999
TR-032881,2025-07-26,4553.24,4812.281461183642
TR-032882,2025-07-26,952.59,980.4066844000547
TR-032883,2025-07-26,1402.65,1392.00390126093
TR-032884,2025-07-26,4552.36,4509.987954281868
TR-032885,2025-07-26,2897.27,2903.0498843883233
TR-032886,2025-07-26,1399.03,1434.9517130401946
TR-032887,2025-07-26,947.49,977.1117821832673
TR-032888,2025-07-26,1176.38,1161.7419276866867
TR-032889,2025-07-26,5200.47,5224.631708771224
TR-032890,2025-07-26,2860.19,2837.1893026424364
TR-032891,2025-07-26,1575.72,1543.998825093313
TR-032892,2025-07-26,772.97,759.5410870668791
TR-032893,2025-07-26,2586.97,2601.727712596512
TR-032894,2025-07-26,3428.93,3517.5933078385274
TR-032895,2025-07-26,1081.32,1068.1767536317836
TR-032896,2025-07-26,3283.34,3433.5837379997784
TR-032897,2025-07-26,1427.14,1441.589039478132
TR-032898,2025-07-26,1110.4,1088.357144373719
TR-032899,2025-07-26,5798.7,6038.398838776694
TR-032900,2025-07-26,5254.63,5694.4404782365955
TR-032901,2025-07-26,2443.03,2672.3479179123055
TR-032902,2025-07-26,1347.37,1378.6065117801775
TR-032903,2025-07-26,2318.6,2461.9512519343157
TR-032904,2025-07-26,3633.29,3756.818433487867
TR-032905,2025-07-26,2430.05,2481.309343517657
TR-032906,2025-07-26,4470.06,4455.635123178567
TR-032907,2025-07-26,2349.02,2460.178490240339
TR-032908,2025-07-26,990.98,974.1651672432424
TR-032909,2025-07-26,734.78,737.8969133858302
TR-032910,2025-07-26,1982.32,2132.1478189833056
TR-032911,2025-07-26,2734.49,2707.409721184965
TR-032912,2025-07-26,1824.23,1813.3984698987367
TR-032913,2025-07-26,2772.56,2958.962231770735
TR-032914,2025-07-26,2677.59,2863.6626417659677
TR-032915,2025-07-26,3234.32,3469.916397330924
TR-032916,2025-07-26,1134.2,1108.8637588943043
TR-032917,2025-07-26,4501.69,4792.411205033392
TR-032918,2025-07-26,1381.2,1348.7056761787471
TR-032919,2025-07-26,3769.93,4103.192710460026
TR-032920,2025-07-26,1821.68,1787.6046422959362
TR-032921,2025-07-26,1875.38,2102.57249085336
TR-032922,2025-07-26,251.26,272.62260963461625
TR-032923,2025-07-26,1114.11,1113.9421016699102
TR-032924,2025-07-26,5048.44,5189.897216881551
TR-032925,2025-07-26,1633.33,1646.8641308263636
TR-032926,2025-07-26,1069.02,1073.3412532082316
TR-032927,2025-07-26,1423.48,1438.4236490167866
TR-032928,2025-07-26,4156.88,4433.1974951334705
TR-032929,2025-07-26,858.21,859.9981485373172
TR-032930,2025-07-26,813.75,802.7469622826833
TR-032931,2025-07-26,901.8,892.4685764245395
TR-032932,2025-07-26,2850.86,3033.0538873831074
TR-032933,2025-07-26,3981.98,4340.526364159026
TR-032934,2025-07-26,1245.71,1242.393374185138
TR-032935,2025-07-27,2163.29,2152.9511817479683
TR-032936,2025-07-27,2384.07,2454.5540699137955
TR-032937,2025-07-27,1435.17,1419.723586212189
TR-032938,2025-07-27,3416.49,3570.486492934556
TR-032939,2025-07-27,3988.53,4273.846817910255
TR-032940,2025-07-27,3037.1,3207.45173693609
TR-032941,2025-07-27,706.09,703.0634687089747
TR-032942,2025-07-27,2852.16,3068.727329764054
TR-032943,2025-07-27,2828.82,2995.2737073734975
TR-032944,2025-07-27,1101.66,1066.4670943929434
TR-032945,2025-07-27,1417.23,1507.8308538568651
TR-032946,2025-07-27,181.52,593.372735583634
TR-032947,2025-07-27,3736.52,4155.603990102418
TR-032948,2025-07-27,4227.74,4460.6385077026025
TR-032949,2025-07-27,3424.45,3433.336858509692
TR-032950,2025-07-27,1408.76,1401.7965037630076
TR-032951,2025-07-27,1424.22,1430.5228375072927
TR-032952,2025-07-27,1572.85,1600.3181741167657
TR-032953,2025-07-27,3176.7,3399.4707465214105
TR-032954,2025-07-27,2287.55,2253.493475635042
TR-032955,2025-07-27,3445.03,3373.6160777657556
TR-032956,2025-07-27,1948.74,2112.4473146875753
TR-032957,2025-07-27,1043.92,1016.9001827184029
TR-032958,2025-07-27,2558.38,2507.6476218752855
TR-032959,2025-07-27,1187.48,1212.7736861121052
TR-032960,2025-07-27,2899.85,2932.9267335228164
TR-032961,2025-07-27,524.13,508.8779801548493
TR-032962,2025-07-27,698.25,695.4109986287091
TR-032963,2025-07-27,2421.32,2564.470184459565
TR-032964,2025-07-27,1855.81,1780.3018634464665
TR-032965,2025-07-27,257.43,249.84221363362607
TR-032966,2025-07-27,192.65,222.17460870576386
TR-032967,2025-07-27,4571.1,4851.439640738686
TR-032968,2025-07-27,1482.91,1490.3826944431673
TR-032969,2025-07-27,2401.55,2371.4741947751368
TR-032970,2025-07-27,1785.98,1848.5718829467435
TR-032971,2025-07-27,2359.07,2471.9148634896965
TR-032972,2025-07-27,1350.54,1397.3702959763216
TR-032973,2025-07-27,2014.06,2040.1792472072343
TR-032974,2025-07-27,877.53,859.0885320661371
TR-032975,2025-07-27,1644.0,1618.161250522559
TR-032976,2025-07-27,2059.41,2241.2708512245154
TR-032977,2025-07-27,646.48,624.2707924648131
TR-032978,2025-07-27,2969.42,2957.01481530774
TR-032979,2025-07-27,1253.86,1253.8312344926549
TR-032980,2025-07-27,2594.03,2695.771054803904
TR-032981,2025-07-27,3524.21,3773.2052878528493
TR-032982,2025-07-27,845.62,843.7407945967881
TR-032983,2025-07-27,1436.2,1448.936594803159
TR-032984,2025-07-27,2888.72,2852.663601632147
TR-032985,2025-07-27,1448.87,1611.7857100629244
TR-032986,2025-07-27,981.73,967.5143685556918
TR-032987,2025-07-27,1229.03,1210.6730258617201
TR-032988,2025-07-27,1125.51,1133.970435079299
TR-032989,2025-07-27,2983.7,3225.0414756684327
TR-032990,2025-07-27,1472.31,1553.8329389242272
TR-032991,2025-07-27,1865.89,2129.827465856738
TR-032992,2025-07-27,1329.27,1323.5071903041555
TR-032993,2025-07-27,1877.25,1958.364841816113
TR-032994,2025-07-27,405.29,433.39847768750946
TR-032995,2025-07-27,3533.37,3939.807370322951
TR-032996,2025-07-27,2875.14,3111.247972695002
TR-032997,2025-07-27,2638.38,2567.957265069746
TR-032998,2025-07-27,4168.72,4090.3353680853043
TR-032999,2025-07-27,711.37,701.6876562140018
TR-033000,2025-07-27,1205.4,1246.749581848808
TR-033001,2025-07-27,2486.71,2587.9795371382565
TR-033002,2025-07-27,349.68,358.564065197394
TR-033003,2025-07-27,3779.91,4025.9065435986167
TR-033004,2025-07-27,3363.73,3716.8027468834057
TR-033005,2025-07-27,869.31,872.5802153868653
TR-033006,2025-07-27,1723.34,1665.4491674509015
TR-033007,2025-07-27,1106.77,1096.628630405163
TR-033008,2025-07-27,1444.1,1478.2334712083446
TR-033009,2025-07-27,2923.22,3125.627378628547
TR-033010,2025-07-27,727.21,731.8560794190117
TR-033011,2025-07-27,2120.51,2097.386966930757
TR-033012,2025-07-27,1343.73,1311.9894650669255
TR-033013,2025-07-27,1499.67,1554.0717968295228
TR-033014,2025-07-27,2055.35,2171.0745813507865
TR-033015,2025-07-27,1253.36,1282.4199344120361
TR-033016,2025-07-27,2003.88,2140.454330003388
TR-033017,2025-07-27,2031.04,2271.7690466463655
TR-033018,2025-07-27,823.25,829.6965429904138
TR-033019,2025-07-27,3529.73,3896.30162862141
TR-033020,2025-07-27,2966.04,3125.596059362904
TR-033021,2025-07-27,1819.42,1780.0568906874175
TR-033022,2025-07-27,771.46,771.71485726184
TR-033023,2025-07-27,1054.01,1074.225005786698
TR-033024,2025-07-27,4226.13,4573.737572240588
TR-033025,2025-07-27,1205.58,1287.577731359815
TR-033026,2025-07-27,3939.59,4280.914851554345
TR-033027,2025-07-27,4486.08,4916.072995733821
TR-033028,2025-07-27,768.89,777.1058456983241
TR-033029,2025-07-27,1552.48,1542.7293383702406
TR-033030,2025-07-27,3302.26,3476.4857162114854
TR-033031,2025-07-27,2526.04,2546.674245429122
TR-033032,2025-07-27,2018.47,2091.9039645804296
TR-033033,2025-07-27,1355.23,1403.5025241948126
TR-033034,2025-07-27,1604.66,1610.9136676237142
TR-033035,2025-07-27,3343.47,3466.8330489763875
TR-033036,2025-07-27,379.33,394.4335360162417
TR-033037,2025-07-27,3330.78,3246.9302824536135
TR-033038,2025-07-27,1177.81,1157.4888900727963
TR-033039,2025-07-27,7607.75,1574.1797793211629
TR-033040,2025-07-27,2234.86,2223.298509379283
TR-033041,2025-07-27,2251.6,2409.7710097405707
TR-033042,2025-07-27,1307.33,1334.7306523686404
TR-033043,2025-07-27,2145.12,2158.896342707275
TR-033044,2025-07-27,4354.23,4721.339374942982
TR-033045,2025-07-27,2597.26,2680.159679930462
TR-033046,2025-07-27,2016.83,2228.9300085293285
TR-033047,2025-07-27,2413.16,2507.098818273928
TR-033048,2025-07-27,786.53,793.3154115999582
TR-033049,2025-07-27,1705.16,1666.3094391401637
TR-033050,2025-07-27,898.23,879.9580253453279
TR-033051,2025-07-27,3261.16,3466.564714875307
TR-033052,2025-07-27,1282.83,1271.8563040545437
TR-033053,2025-07-27,751.79,792.521803527275
TR-033054,2025-07-27,2592.78,2635.081618317214
TR-033055,2025-07-27,798.03,806.732137869427
TR-033056,2025-07-27,3734.08,3962.005751791891
TR-033057,2025-07-27,1280.74,1292.70217125229
TR-033058,2025-07-27,3296.85,3345.0043639270257
TR-033059,2025-07-27,2278.22,2306.2357120146676
TR-033060,2025-07-27,4984.21,5299.993170710748
TR-033061,2025-07-27,282.54,1412.5763594378077
TR-033062,2025-07-27,3261.9,3244.0862145930882
TR-033063,2025-07-27,3530.35,3744.823680070536
TR-033064,2025-07-27,2883.41,3041.6799500026345
TR-033065,2025-07-27,806.0,806.2268345816717
TR-033066,2025-07-27,1275.74,1256.5506143841124
TR-033067,2025-07-27,1464.1,1417.1122496720693
TR-033068,2025-07-27,4174.09,4494.31416720851
TR-033069,2025-07-27,691.7,668.9924858473038
TR-033070,2025-07-27,2662.76,2751.1400220591713
TR-033071,2025-07-27,3847.58,4035.3730126459905
TR-033072,2025-07-27,1900.56,2108.2586049278443
TR-033073,2025-07-27,3531.73,3780.467555643851
TR-033074,2025-07-27,230.1,231.59718921162485
TR-033075,2025-07-27,17333.65,3989.399538047926
TR-033076,2025-07-27,5553.38,5902.905021611041
TR-033077,2025-07-27,1585.57,1606.5894645001324
TR-033078,2025-07-27,1756.09,1753.5937860510337
TR-033079,2025-07-27,1241.89,1231.2489683633014
TR-033080,2025-07-27,1760.78,1799.7701245646945
TR-033081,2025-07-27,4298.03,4096.8304300636755
TR-033082,2025-07-27,978.54,1028.025285329276
TR-033083,2025-07-28,989.65,963.6145865028702
TR-033084,2025-07-28,3554.43,3540.8701053065424
TR-033085,2025-07-28,551.0,572.9416934068822
TR-033086,2025-07-28,2866.84,2747.1060989966245
TR-033087,2025-07-28,11117.85,3837.232091461827
TR-033088,2025-07-28,1495.86,1507.8144732718924
TR-033089,2025-07-28,3873.08,4294.579009477582
TR-033090,2025-07-28,5421.9,5775.274331678393
TR-033091,2025-07-28,1898.11,1934.8256033600235
TR-033092,2025-07-28,4163.82,4473.713625755719
TR-033093,2025-07-28,4689.79,5175.248100744809
TR-033094,2025-07-28,251.2,270.93102757044494
TR-033095,2025-07-28,1084.99,1082.2676579261397
TR-033096,2025-07-28,1374.59,1354.1296151637932
TR-033097,2025-07-28,4869.68,5360.122525973325
TR-033098,2025-07-28,1859.46,1839.763739055437
TR-033099,2025-07-28,1222.71,1218.7790687823483
TR-033100,2025-07-28,571.03,579.2789019662713
TR-033101,2025-07-28,1062.28,1098.728136249475
TR-033102,2025-07-28,2462.39,2519.089783859122
TR-033103,2025-07-28,1023.46,1040.5528856867707
TR-033104,2025-07-28,730.81,746.4732691562982
TR-033105,2025-07-28,345.19,335.97049649227836
TR-033106,2025-07-28,2821.94,2940.138685822215
TR-033107,2025-07-28,5266.95,5593.060062466861
TR-033108,2025-07-28,2010.78,1934.1862189827916
TR-033109,2025-07-28,1741.31,1697.1141544253956
TR-033110,2025-07-28,1307.68,1317.5302898148866
TR-033111,2025-07-28,1454.74,1591.3191256509567
TR-033112,2025-07-28,1898.27,1844.5242688062667
TR-033113,2025-07-28,3337.67,3753.131475129917
TR-033114,2025-07-28,1608.9,1556.6380057864951
TR-033115,2025-07-28,5884.68,5920.7472882810425
TR-033116,2025-07-28,968.12,967.9257373384752
TR-033117,2025-07-28,1358.77,1352.2630792382995
TR-033118,2025-07-28,1688.03,1685.3861648326963
TR-033119,2025-07-28,589.77,1491.070252863657
TR-033120,2025-07-28,1319.58,1315.4688580356092
TR-033121,2025-07-28,1341.91,1332.8557514693562
TR-033122,2025-07-28,1060.52,1076.8029978170223
TR-033123,2025-07-28,2288.59,2426.5704486514137
TR-033124,2025-07-28,4235.39,4425.332894063492
TR-033125,2025-07-28,667.47,670.4569660569048
TR-033126,2025-07-28,1866.7,1832.287142444974
TR-033127,2025-07-28,921.09,911.0622426121993
TR-033128,2025-07-28,4423.69,4804.407110052875
TR-033129,2025-07-28,591.93,595.4568646558248
TR-033130,2025-07-28,1981.07,1991.8939550245918
TR-033131,2025-07-28,1079.93,1057.2708230996402
TR-033132,2025-07-28,453.76,411.1173023713385
TR-033133,2025-07-28,1841.68,2038.8596221569253
TR-033134,2025-07-28,1045.98,1037.2835699584748
TR-033135,2025-07-28,749.0,761.2078005745457
TR-033136,2025-07-28,644.7,633.4320625107005
TR-033137,2025-07-28,507.31,499.92804668348646
TR-033138,2025-07-28,1157.48,1145.8266036136592
TR-033139,2025-07-28,951.85,933.8284070579651
TR-033140,2025-07-28,2317.43,2362.965808289224
TR-033141,2025-07-28,882.87,875.7430065772809
TR-033142,2025-07-28,2472.06,2690.359752774496
TR-033143,2025-07-28,669.33,670.3786535869147
TR-033144,2025-07-28,1349.13,1379.8866629819267
TR-033145,2025-07-28,1769.62,1763.6404900678076
TR-033146,2025-07-28,3851.99,3942.1019769619975
TR-033147,2025-07-28,1047.91,1055.5414022068983
TR-033148,2025-07-28,3793.81,3961.545937428225
TR-033149,2025-07-28,5189.0,5402.587959007238
TR-033150,2025-07-28,1722.32,1661.8848525096075
TR-033151,2025-07-28,2675.46,2754.0965672839975
TR-033152,2025-07-28,3934.13,3944.454560014902
TR-033153,2025-07-28,1955.71,2091.532005269058
TR-033154,2025-07-28,1926.51,2033.7943610972204
TR-033155,2025-07-28,2297.29,2439.6127664043192
TR-033156,2025-07-28,2347.66,2478.1577592821195
TR-033157,2025-07-28,730.76,789.576550605347
TR-033158,2025-07-28,2894.13,3090.8494341357605
TR-033159,2025-07-28,2843.17,3105.567263565462
TR-033160,2025-07-28,2992.03,3333.5899041491334
TR-033161,2025-07-28,2311.92,2322.109531366032
TR-033162,2025-07-28,1733.19,1674.3915664585054
TR-033163,2025-07-28,2131.03,2256.165831470426
TR-033164,2025-07-28,1181.15,1183.6711889975882
TR-033165,2025-07-28,2177.26,2131.564461277798
TR-033166,2025-07-28,2453.15,2493.634887078869
TR-033167,2025-07-28,1178.59,1163.26456826019
TR-033168,2025-07-28,1929.08,2043.7471643931772
TR-033169,2025-07-28,2217.1,2184.968475422027
TR-033170,2025-07-28,2897.57,3147.0656051982273
TR-033171,2025-07-28,1663.4,1696.9863111485631
TR-033172,2025-07-28,2666.77,2736.182242817812
TR-033173,2025-07-28,1407.1,1420.5856572588377
TR-033174,2025-07-28,2062.01,2082.4210762345065
TR-033175,2025-07-28,1426.78,1412.2990422301634
TR-033176,2025-07-28,4536.47,4851.523851987228
TR-033177,2025-07-28,5405.95,5535.23886129176
TR-033178,2025-07-28,1153.57,1169.6978580701416
TR-033179,2025-07-28,1991.56,2128.587807161952
TR-033180,2025-07-28,839.54,828.5929767441868
TR-033181,2025-07-28,3503.11,3875.1837868568255
TR-033182,2025-07-28,840.66,825.5560885311602
TR-033183,2025-07-28,1543.43,1589.1988164606964
TR-033184,2025-07-28,958.89,943.6057624645288
TR-033185,2025-07-28,2594.5,2716.468865637572
TR-033186,2025-07-28,4765.47,5054.838431517124
TR-033187,2025-07-28,1072.73,1115.322429309369
TR-033188,2025-07-28,4758.75,5149.123254551439
TR-033189,2025-07-28,820.22,829.1087332483241
TR-033190,2025-07-28,1560.64,1630.4756910326566
TR-033191,2025-07-28,3648.27,4277.04838409573
TR-033192,2025-07-28,3962.34,4377.024289237629
TR-033193,2025-07-28,751.09,764.370439863186
TR-033194,2025-07-28,3243.61,3443.0946062029066
TR-033195,2025-07-28,4010.64,4422.206177055954
TR-033196,2025-07-28,2371.53,2289.0366922348167
TR-033197,2025-07-28,2254.81,2293.9233743737095
TR-033198,2025-07-28,3124.78,3264.8898828460774
TR-033199,2025-07-28,4868.75,5397.542967033368
TR-033200,2025-07-28,4209.92,4557.05160471703
TR-033201,2025-07-28,1826.1,1976.47677470521
TR-033202,2025-07-28,2182.49,2275.1896970863477
TR-033203,2025-07-28,3861.21,4067.2702868514625
TR-033204,2025-07-28,424.18,385.5720664218516
TR-033205,2025-07-28,3736.94,4025.06073763458
TR-033206,2025-07-28,1541.48,1518.4413504188344
TR-033207,2025-07-28,864.75,882.3046690876669
TR-033208,2025-07-28,1023.49,990.6013459264054
TR-033209,2025-07-28,1115.26,1114.263154602216
TR-033210,2025-07-28,1086.36,1072.8298181083724
TR-033211,2025-07-28,3724.13,3881.089248409882
TR-033212,2025-07-28,1157.89,1164.4225744291673
TR-033213,2025-07-28,3690.14,4269.589912414345
TR-033214,2025-07-28,1568.81,1559.1907754577123
TR-033215,2025-07-28,1133.62,1162.7304309564493
TR-033216,2025-07-28,2473.93,2597.782091401737
TR-033217,2025-07-28,761.27,754.1297789590534
TR-033218,2025-07-28,1398.53,1447.850848688007
TR-033219,2025-07-29,1420.59,1489.421997483004
TR-033220,2025-07-29,3640.51,3822.4709054723917
TR-033221,2025-07-29,3878.94,4122.445905695286
TR-033222,2025-07-29,2615.16,2802.8050823785343
TR-033223,2025-07-29,1713.02,1844.2560364230876
TR-033224,2025-07-29,1259.85,1229.1932187307423
TR-033225,2025-07-29,1611.43,1709.8619679103363
TR-033226,2025-07-29,3114.18,3431.8390595860506
TR-033227,2025-07-29,4014.56,4340.933650794055
TR-033228,2025-07-29,2989.18,3104.935603384287
TR-033229,2025-07-29,1676.83,1739.564785337218
TR-033230,2025-07-29,998.86,1008.6894055448616
TR-033231,2025-07-29,1828.03,1813.0546767821627
TR-033232,2025-07-29,2425.52,2408.612375104959
TR-033233,2025-07-29,9454.94,3464.4842261318636
TR-033234,2025-07-29,997.94,1025.6236723274887
TR-033235,2025-07-29,1803.99,1797.1166633546125
TR-033236,2025-07-29,1083.0,1066.9217024177683
TR-033237,2025-07-29,1579.09,1591.4072636641024
TR-033238,2025-07-29,1928.09,1979.7656451588718
TR-033239,2025-07-29,3548.35,3867.1213104985923
TR-033240,2025-07-29,3843.58,3957.295127941608
TR-033241,2025-07-29,1284.5,1252.2254945189256
TR-033242,2025-07-29,824.27,821.9257368957931
TR-033243,2025-07-29,1388.81,1477.282997314096
TR-033244,2025-07-29,1128.9,1117.2976551826546
TR-033245,2025-07-29,1293.47,1255.3798111378637
TR-033246,2025-07-29,1354.57,1368.895413033507
TR-033247,2025-07-29,1861.38,1851.2432862819048
TR-033248,2025-07-29,805.38,813.273428649348
TR-033249,2025-07-29,2233.73,2210.384600673463
TR-033250,2025-07-29,3420.69,3544.2703495994847
TR-033251,2025-07-29,1473.1,1505.817950732559
TR-033252,2025-07-29,1769.73,1759.9070414096982
TR-033253,2025-07-29,777.3,792.1077094592395
TR-033254,2025-07-29,1007.53,987.4842188654828
TR-033255,2025-07-29,5605.79,5911.6473918183
TR-033256,2025-07-29,756.5,774.6299530686307
TR-033257,2025-07-29,237.05,1180.990329225658
TR-033258,2025-07-29,665.14,643.2779114272472
TR-033259,2025-07-29,5075.37,5295.558953991363
TR-033260,2025-07-29,1230.53,1262.1524273045409
TR-033261,2025-07-29,3738.79,3768.2266494106034
TR-033262,2025-07-29,2849.25,2850.2573183637564
TR-033263,2025-07-29,1455.4,1518.297169818513
TR-033264,2025-07-29,4372.17,4642.6631564842855
TR-033265,2025-07-29,3614.59,3775.216232078215
TR-033266,2025-07-29,1016.92,1014.5125327357662
TR-033267,2025-07-29,2035.28,2136.7421810251763
TR-033268,2025-07-29,1073.77,1088.0913615589245
TR-033269,2025-07-29,2058.58,2073.208896038132
TR-033270,2025-07-29,585.85,583.5136925536718
TR-033271,2025-07-29,602.71,576.8763478272159
TR-033272,2025-07-29,2242.34,2266.4344462545832
TR-033273,2025-07-29,2226.3,2217.221596734144
TR-033274,2025-07-29,11700.79,3751.9076337434826
TR-033275,2025-07-29,2093.58,2049.2168187267634
TR-033276,2025-07-29,3064.63,3020.451774694384
TR-033277,2025-07-29,4545.32,4756.562117967059
TR-033278,2025-07-29,5078.8,5234.260516189879
TR-033279,2025-07-29,1706.41,1656.9694944924747
TR-033280,2025-07-29,6289.39,6332.97127453718
TR-033281,2025-07-29,4150.42,4377.864454974519
TR-033282,2025-07-29,3478.47,3612.1574237117056
TR-033283,2025-07-29,2239.24,2281.6589507336057
TR-033284,2025-07-29,2090.95,2043.9830522411826
TR-033285,2025-07-29,656.33,681.6976944193163
TR-033286,2025-07-29,638.98,654.0235658886659
TR-033287,2025-07-29,3120.61,3247.4606017412884
TR-033288,2025-07-29,1778.43,1732.7630318443348
TR-033289,2025-07-29,6070.24,6226.827203821147
TR-033290,2025-07-29,1801.21,1831.393734529627
TR-033291,2025-07-29,2757.75,2840.887809265578
TR-033292,2025-07-29,1710.7,1965.8637721289072
TR-033293,2025-07-29,1796.29,2013.3969774508362
TR-033294,2025-07-29,4082.81,4337.534533096927
TR-033295,2025-07-29,1526.56,1564.9820710145243
TR-033296,2025-07-29,3748.15,4123.265115784696
TR-033297,2025-07-29,2358.57,2349.9614177535236
TR-033298,2025-07-29,799.27,790.2747653565282
TR-033299,2025-07-29,3889.88,4099.985739245673
TR-033300,2025-07-29,5071.95,5354.03121627332
TR-033301,2025-07-29,1999.57,2111.6125583101816
TR-033302,2025-07-29,684.23,691.0993246503722
TR-033303,2025-07-29,1161.81,1147.3469647259785
TR-033304,2025-07-29,631.69,623.1828633819053
TR-033305,2025-07-29,6289.74,2109.8613250565227
TR-033306,2025-07-29,1692.64,1655.083465035528
TR-033307,2025-07-29,324.35,345.63303288388306
TR-033308,2025-07-29,3264.59,3396.132408879223
TR-033309,2025-07-29,1340.04,1345.0649294916695
TR-033310,2025-07-29,1671.29,1691.323851068392
TR-033311,2025-07-29,818.04,807.7643259283013
TR-033312,2025-07-29,11663.11,3851.183624877517
TR-033313,2025-07-29,2835.15,3078.2351317161733
TR-033314,2025-07-29,3547.14,3687.2234865240384
TR-033315,2025-07-29,4005.08,4370.297130817551
TR-033316,2025-07-29,3889.7,4338.493884259111
TR-033317,2025-07-29,1238.33,1266.4601995870964
TR-033318,2025-07-29,4113.77,4062.7294106606387
TR-033319,2025-07-29,1454.31,1557.039856279834
TR-033320,2025-07-29,1538.63,1603.6958288590636
TR-033321,2025-07-29,3402.81,3413.424169405716
TR-033322,2025-07-29,3019.11,3068.1625641505525
TR-033323,2025-07-29,3738.64,3624.962124572769
TR-033324,2025-07-29,3278.18,3491.5545288580242
TR-033325,2025-07-29,1574.29,1548.1627966815124
TR-033326,2025-07-29,1140.79,1129.546228300965
TR-033327,2025-07-29,862.51,864.90144499351
TR-033328,2025-07-29,4653.68,5363.699349014236
TR-033329,2025-07-29,1705.18,1788.366914873302
TR-033330,2025-07-29,2253.53,2369.311432286858
TR-033331,2025-07-29,2217.15,2327.238397246518
TR-033332,2025-07-29,4453.21,4932.27792267441
TR-033333,2025-07-29,801.41,825.0477605116357
TR-033334,2025-07-29,3689.1,4068.303500988303
TR-033335,2025-07-29,3272.85,3287.3022276407123
TR-033336,2025-07-29,1665.39,1647.6277905834356
TR-033337,2025-07-29,3877.1,4325.377768117142
TR-033338,2025-07-29,3782.81,3746.4855684222475
TR-033339,2025-07-29,989.07,977.2669159588363
TR-033340,2025-07-29,3865.21,4311.327818710488
TR-033341,2025-07-29,1811.38,1802.1910767915317
TR-033342,2025-07-29,625.2,630.4167139122479
TR-033343,2025-07-29,754.69,758.3188250272991
TR-033344,2025-07-29,2668.85,2640.6858014538357
TR-033345,2025-07-29,4211.13,4414.377691087843
TR-033346,2025-07-29,1055.08,1063.7888656765172
TR-033347,2025-07-29,4668.29,4911.799233916213
TR-033348,2025-07-29,2304.18,2446.9209827004997
TR-033349,2025-07-29,1144.3,1124.4370950533255
TR-033350,2025-07-29,5897.96,6034.049366141775
TR-033351,2025-07-29,2152.41,2103.9866128549083
TR-033352,2025-07-29,1680.49,1622.265274451562
TR-033353,2025-07-29,840.99,864.4574895251094
TR-033354,2025-07-29,844.68,818.5442877697429
TR-033355,2025-07-29,2292.39,2361.8796809189694
TR-033356,2025-07-29,1238.44,1309.9893898221642
TR-033357,2025-07-29,521.73,528.3015195194741
TR-033358,2025-07-29,1656.78,1638.3160086384325
TR-033359,2025-07-29,4343.02,4678.8187545851415
TR-033360,2025-07-29,500.83,510.7162054169782
TR-033361,2025-07-29,1151.03,1186.046560956556
TR-033362,2025-07-29,3391.79,3534.6987846873376
TR-033363,2025-07-29,1942.0,1934.7569734894364
TR-033364,2025-07-29,3836.36,4354.055175219353
TR-033365,2025-07-29,4229.91,4529.670948841137
TR-033366,2025-07-29,1245.46,1274.9319507195312
TR-033367,2025-07-29,3647.9,3967.2409097525438
TR-033368,2025-07-29,3693.66,3896.3022600219692
TR-033369,2025-07-29,1132.59,1130.254135285754
TR-033370,2025-07-29,1651.94,1628.8749490976693
TR-033371,2025-07-29,1388.08,1362.830274878922
TR-033372,2025-07-29,1238.54,1260.63250215823
TR-033373,2025-07-29,1145.59,1166.2880765123384
TR-033374,2025-07-29,662.05,657.5812862508942
TR-033375,2025-07-29,1800.0,1818.8476857060516
TR-033376,2025-07-29,1353.63,1338.396375147309
TR-033377,2025-07-29,840.06,847.8730567478542
TR-033378,2025-07-29,3325.49,3284.3589897333063
TR-033379,2025-07-29,1512.77,1512.8464740652905
TR-033380,2025-07-29,1407.85,1335.3411480984025
TR-033381,2025-07-29,654.72,637.5942809799017
TR-033382,2025-07-29,830.79,818.6358383746123
TR-033383,2025-07-29,5179.71,4949.756732432436
TR-033384,2025-07-29,1737.63,1797.497757765585
TR-033385,2025-07-29,3778.79,3697.6887260841436
TR-033386,2025-07-29,831.77,854.1790422494961
TR-033387,2025-07-29,2589.12,2625.3116043357995
TR-033388,2025-07-30,1492.45,1535.7995644548312
TR-033389,2025-07-30,2425.9,2527.447628976717
TR-033390,2025-07-30,523.76,520.540720992025
TR-033391,2025-07-30,1894.87,1859.186458767575
TR-033392,2025-07-30,4510.5,4625.56279435683
TR-033393,2025-07-30,2095.34,2171.619403393107
TR-033394,2025-07-30,1159.17,1170.9968911396545
TR-033395,2025-07-30,4384.3,4604.168347720041
TR-033396,2025-07-30,4316.63,4770.747162997922
TR-033397,2025-07-30,1823.2,1764.035376329332
TR-033398,2025-07-30,649.26,660.4125202406776
TR-033399,2025-07-30,4873.57,4539.973670089283
TR-033400,2025-07-30,1074.28,1058.1175308392621
TR-033401,2025-07-30,4532.07,4970.877876767445
TR-033402,2025-07-30,2285.16,2271.551959985688
TR-033403,2025-07-30,972.93,977.2974181996929
TR-033404,2025-07-30,1109.36,1112.774727215519
TR-033405,2025-07-30,2836.02,2966.866418382501
TR-033406,2025-07-30,2754.93,2744.2268058297013
TR-033407,2025-07-30,3188.57,3248.6594639808436
TR-033408,2025-07-30,1594.22,1596.1589519128806
TR-033409,2025-07-30,1704.36,1701.0691821263176
TR-033410,2025-07-30,1211.82,1188.1744783505073
TR-033411,2025-07-30,1577.8,1534.3140011273815
TR-033412,2025-07-30,1903.08,1930.1512602714497
TR-033413,2025-07-30,574.23,565.4153116273329
TR-033414,2025-07-30,1093.54,1089.0385662949254
TR-033415,2025-07-30,793.91,793.8170049008257
TR-033416,2025-07-30,2146.61,2294.6335950592097
TR-033417,2025-07-30,1963.31,1930.448692611117
TR-033418,2025-07-30,1826.74,1832.9767060607346
TR-033419,2025-07-30,1558.35,1562.586044859728
TR-033420,2025-07-30,2532.58,2600.084530082591
TR-033421,2025-07-30,4237.41,4258.372899869083
TR-033422,2025-07-30,2149.7,2234.029367292436
TR-033423,2025-07-30,3921.35,4201.144265579982
TR-033424,2025-07-30,2609.89,2738.201064553383
TR-033425,2025-07-30,3454.91,3507.3095301955723
TR-033426,2025-07-30,1941.84,1888.0913507521316
TR-033427,2025-07-30,3018.74,3064.939605176732
TR-033428,2025-07-30,532.18,528.8492591220737
TR-033429,2025-07-30,3547.81,3749.5239118519366
TR-033430,2025-07-30,2285.38,2303.500725152669
TR-033431,2025-07-30,1942.42,1905.2655138515352
TR-033432,2025-07-30,839.25,825.0635780166953
TR-033433,2025-07-30,1555.16,1549.066346929296
TR-033434,2025-07-30,3762.37,3922.5319310835152
TR-033435,2025-07-30,1800.79,1740.9029653892417
TR-033436,2025-07-30,5326.07,5315.989727549777
TR-033437,2025-07-30,1820.67,1817.1215833309536
TR-033438,2025-07-30,1689.34,1606.3261026784062
TR-033439,2025-07-30,3137.97,3122.3848233181225
TR-033440,2025-07-30,4318.58,4589.077773073855
TR-033441,2025-07-30,804.53,780.9574524924175
TR-033442,2025-07-30,2333.02,2304.1369634968974
TR-033443,2025-07-30,3461.44,3574.516189537075
TR-033444,2025-07-30,2818.73,2810.3445758688003
TR-033445,2025-07-30,3543.39,3629.736337877418
TR-033446,2025-07-30,2291.67,2317.8282378812783
TR-033447,2025-07-30,1712.33,1924.664699111353
TR-033448,2025-07-30,2348.45,2399.213139464169
TR-033449,2025-07-30,1681.37,1846.3075569163966
TR-033450,2025-07-30,1270.94,1280.6058519955807
TR-033451,2025-07-30,2166.93,2261.2634404805553
TR-033452,2025-07-30,3599.57,3819.3687644817483
TR-033453,2025-07-30,2504.96,2589.570450712365
TR-033454,2025-07-30,4148.95,4478.413255117192
TR-033455,2025-07-30,2080.07,2197.196963594787
TR-033456,2025-07-30,2834.56,3041.2129304977375
TR-033457,2025-07-30,1444.8,1437.426686417793
TR-033458,2025-07-30,1861.47,1836.0534381303085
TR-033459,2025-07-30,4571.47,5149.619146024147
TR-033460,2025-07-30,5253.1,5221.3940684921035
TR-033461,2025-07-30,2799.52,3030.2464774290543
TR-033462,2025-07-30,4442.0,4872.643860022687
TR-033463,2025-07-30,787.16,769.5584583348433
TR-033464,2025-07-30,2207.87,2421.575935077623
TR-033465,2025-07-30,2117.14,2056.7888078840774
TR-033466,2025-07-30,1153.84,1188.2161397310535
TR-033467,2025-07-30,2595.59,2696.11281792434
TR-033468,2025-07-30,1392.04,1391.1334927652802
TR-033469,2025-07-30,889.07,892.4815303192636
TR-033470,2025-07-30,1982.01,2215.3787843830896
TR-033471,2025-07-30,2686.32,2676.924698561005
TR-033472,2025-07-30,6127.79,6124.573359771496
TR-033473,2025-07-30,1046.89,1049.6042941512849
TR-033474,2025-07-30,3986.38,4137.894696631636
TR-033475,2025-07-30,2158.96,2177.3702034591215
TR-033476,2025-07-30,5522.82,5685.537971127886
TR-033477,2025-07-30,2331.43,2371.7287704388978
TR-033478,2025-07-30,2089.17,2226.9186153444352
TR-033479,2025-07-30,3859.45,4032.2838435765016
TR-033480,2025-07-30,4432.04,4698.81175317311
TR-033481,2025-07-30,4367.11,4732.223246964859
TR-033482,2025-07-30,2423.77,2447.2627673006036
TR-033483,2025-07-30,1868.17,1790.7197457358634
TR-033484,2025-07-30,2265.16,2364.426507729968
TR-033485,2025-07-30,1850.8,1821.4872850317374
TR-033486,2025-07-30,5403.43,5613.4203391150295
TR-033487,2025-07-30,3749.77,4010.1792047382637
TR-033488,2025-07-30,1636.98,1636.135692383648
TR-033489,2025-07-30,2373.91,2572.9212893773865
TR-033490,2025-07-30,4711.88,5182.574017861358
TR-033491,2025-07-30,1115.43,1117.057408824843
TR-033492,2025-07-30,4374.98,4787.5467960191245
TR-033493,2025-07-30,5228.93,5518.677929162611
TR-033494,2025-07-30,331.63,335.61945409795936
TR-033495,2025-07-30,3983.97,4178.0448088440435
TR-033496,2025-07-30,853.23,865.9848634575382
TR-033497,2025-07-30,2766.52,2753.926520097048
TR-033498,2025-07-30,5234.26,5476.232014634267
TR-033499,2025-07-30,944.31,923.4909579908738
TR-033500,2025-07-30,3815.3,4157.198414313272
TR-033501,2025-07-30,1579.34,1571.173457078347
TR-033502,2025-07-30,681.29,664.3761849281216
TR-033503,2025-07-30,972.78,994.5003305841956
TR-033504,2025-07-30,1472.46,1584.831879353443
TR-033505,2025-07-30,867.75,883.2736325549141
TR-033506,2025-07-30,1607.06,1695.9845370980322
TR-033507,2025-07-30,4816.56,5141.611719105746
TR-033508,2025-07-30,795.95,789.4841484784456
TR-033509,2025-07-30,5154.49,5349.122566636676
TR-033510,2025-07-30,3244.94,3363.656374391602
TR-033511,2025-07-30,1407.64,1382.9011620774743
TR-033512,2025-07-30,420.29,414.4915469573421
TR-033513,2025-07-30,817.79,803.2661724174885
TR-033514,2025-07-30,4307.23,4393.693820109708
TR-033515,2025-07-30,2734.49,2698.2220774911684
TR-033516,2025-07-30,1492.69,1482.2599804515169
TR-033517,2025-07-30,473.01,493.98477910685847
TR-033518,2025-07-30,2046.33,2016.2051211545668
TR-033519,2025-07-30,2864.62,3055.6253486126334
TR-033520,2025-07-30,2127.18,2134.3936125563896
TR-033521,2025-07-30,1184.72,1185.027465450764
TR-033522,2025-07-30,1737.62,1733.0961546022743
TR-033523,2025-07-30,825.4,850.900975773233
TR-033524,2025-07-30,3397.54,3481.124369377259
TR-033525,2025-07-30,1065.03,1082.0593233338834
TR-033526,2025-07-30,1540.87,1500.2429257983806
TR-033527,2025-07-30,2008.33,2042.5583030266391
TR-033528,2025-07-30,4067.77,4326.143927683344
TR-033529,2025-07-30,2755.3,2639.9788888034627
TR-033530,2025-07-30,1671.59,1791.2717966862347
TR-033531,2025-07-30,2717.57,2843.8892019530363
TR-033532,2025-07-30,2597.84,2608.1390664687124
TR-033533,2025-07-30,1642.37,1663.9690087504298
TR-033534,2025-07-30,4436.45,4545.479315642716
TR-033535,2025-07-30,1294.5,1272.4467606518983
TR-033536,2025-07-30,755.86,750.7223224316676
TR-033537,2025-07-30,1058.07,1060.2025943581648
TR-033538,2025-07-30,3587.26,3703.9159113597775
TR-033539,2025-07-30,1526.98,1504.5112824749176
TR-033540,2025-07-30,4765.3,4805.296916073636
TR-033541,2025-07-30,2626.56,2708.900335918816
TR-033542,2025-07-30,2777.24,2741.7164772501233
TR-033543,2025-07-30,2705.94,2708.99975162983
TR-033544,2025-07-30,4655.63,4523.613184229862
TR-033545,2025-07-30,4927.45,4881.752167510837
TR-033546,2025-07-30,3099.64,3064.008057367932
TR-033547,2025-07-30,391.46,380.7815835991813
TR-033548,2025-07-30,1601.82,1729.60510147225
TR-033549,2025-07-30,1986.12,1974.1621165879264
TR-033550,2025-07-30,1398.59,3981.0487141777644
TR-033551,2025-07-30,2425.96,2385.2991973212766
TR-033552,2025-07-30,1193.55,1174.4484953053445
TR-033553,2025-07-30,1154.62,1138.7729650189747
TR-033554,2025-07-31,1179.09,1183.4876197488884
TR-033555,2025-07-31,694.94,683.2956246811585
TR-033556,2025-07-31,966.97,942.9389619803402
TR-033557,2025-07-31,2028.71,2017.5599734291443
TR-033558,2025-07-31,2520.82,2500.099670072207
TR-033559,2025-07-31,1053.9,1044.8886438258994
TR-033560,2025-07-31,2665.31,2679.318523578666
TR-033561,2025-07-31,5306.3,5630.770703069492
TR-033562,2025-07-31,2984.0,3068.8783560289808
TR-033563,2025-07-31,3609.2,3343.3087732913427
TR-033564,2025-07-31,3905.53,4063.233001786266
TR-033565,2025-07-31,2525.63,2581.0518780801676
TR-033566,2025-07-31,773.86,772.6802667209488
TR-033567,2025-07-31,4283.98,4612.99704043339
TR-033568,2025-07-31,1674.07,1642.9852149443846
TR-033569,2025-07-31,977.64,984.309750620898
TR-033570,2025-07-31,1437.12,1509.0682013569487
TR-033571,2025-07-31,5167.59,5187.911200688751
TR-033572,2025-07-31,2329.27,2427.769468405007
TR-033573,2025-07-31,1536.67,1565.0736329824688
TR-033574,2025-07-31,1710.34,1758.1426626713235
TR-033575,2025-07-31,2564.39,2495.792422917409
TR-033576,2025-07-31,2283.06,2337.537692065666
TR-033577,2025-07-31,1516.79,1513.6763074833473
TR-033578,2025-07-31,1315.65,1375.7669262207194
TR-033579,2025-07-31,2284.82,2373.6020753022754
TR-033580,2025-07-31,3818.44,3855.7274853902195
TR-033581,2025-07-31,3287.63,3411.922928233401
TR-033582,2025-07-31,1031.99,1022.3927725021052
TR-033583,2025-07-31,2256.64,2397.949989194244
TR-033584,2025-07-31,2382.85,2419.538940862061
TR-033585,2025-07-31,2996.59,3191.5030921308808
TR-033586,2025-07-31,171.28,927.6917113737576
TR-033587,2025-07-31,3236.3,3172.476533361468
TR-033588,2025-07-31,5242.67,5479.263022502726
TR-033589,2025-07-31,821.5,832.4875963450291
TR-033590,2025-07-31,1522.92,1526.0836465782563
TR-033591,2025-07-31,2939.42,3061.4638394292147
TR-033592,2025-07-31,4293.63,4155.854951349886
TR-033593,2025-07-31,2945.96,3024.546761362077
TR-033594,2025-07-31,2472.99,2599.458847542977
TR-033595,2025-07-31,738.34,732.294333830766
TR-033596,2025-07-31,3256.86,3438.6585898435337
TR-033597,2025-07-31,1944.65,1911.151031495949
TR-033598,2025-07-31,4297.86,4626.037741710999
TR-033599,2025-07-31,2198.37,2402.482388721047
TR-033600,2025-07-31,2978.27,3001.2469819399166
TR-033601,2025-07-31,4935.31,5087.341991817637
TR-033602,2025-07-31,652.13,668.0354426840807
TR-033603,2025-07-31,3506.35,3516.2839580313616
TR-033604,2025-07-31,1113.56,1120.7016212043213
TR-033605,2025-07-31,4448.72,4464.266179438489
TR-033606,2025-07-31,1633.43,1616.1095545624064
TR-033607,2025-07-31,1482.92,1570.0763924457556
TR-033608,2025-07-31,1600.76,1605.5575682189435
TR-033609,2025-07-31,1754.5,1767.301858447984
TR-033610,2025-07-31,850.85,859.4756787564664
TR-033611,2025-07-31,574.44,547.3534468606745
TR-033612,2025-07-31,805.97,814.5272440075474
TR-033613,2025-07-31,3726.52,3736.0093512893245
TR-033614,2025-07-31,1813.51,1868.5518505119967
TR-033615,2025-07-31,1956.95,1926.8798535396859
TR-033616,2025-07-31,3509.04,3448.535950042431
TR-033617,2025-07-31,3414.58,3530.953813980985
TR-033618,2025-07-31,1171.32,1164.096490385989
TR-033619,2025-07-31,1169.44,1191.7760122297077
TR-033620,2025-07-31,1078.13,1094.5373276925334
TR-033621,2025-07-31,2035.68,1992.9357405287521
TR-033622,2025-07-31,816.59,806.3103516438377
TR-033623,2025-07-31,2883.69,3142.5802732172165
TR-033624,2025-07-31,1690.05,1867.0858683673105
TR-033625,2025-07-31,1374.42,1346.2667265814673
TR-033626,2025-07-31,4992.63,5134.060822592864
TR-033627,2025-07-31,1519.07,1499.7246723904611
TR-033628,2025-07-31,4372.7,4570.676326715205
TR-033629,2025-07-31,6555.87,6347.029831643162
TR-033630,2025-07-31,4293.8,4585.983385702786
TR-033631,2025-07-31,3888.72,4213.341310965091
TR-033632,2025-07-31,4984.37,5192.635202029647
TR-033633,2025-07-31,1305.57,1301.4145954000212
TR-033634,2025-07-31,4343.49,4637.883438733188
TR-033635,2025-07-31,3201.29,3370.195044492078
TR-033636,2025-07-31,1041.63,1014.7078958853912
TR-033637,2025-07-31,487.3,478.9543337242223
TR-033638,2025-07-31,3469.85,3625.706156524516
TR-033639,2025-07-31,3461.66,3672.5263635829224
TR-033640,2025-07-31,1669.65,1657.8548003887056
TR-033641,2025-07-31,3991.54,4117.540662085629
TR-033642,2025-07-31,4627.87,4866.264463126774
TR-033643,2025-07-31,1234.28,1309.5764900197948
TR-033644,2025-07-31,3037.85,3131.685016332708
TR-033645,2025-07-31,2908.0,2857.729534218029
TR-033646,2025-07-31,3475.05,3639.16081197004
TR-033647,2025-07-31,3325.09,1156.9980422964754
TR-033648,2025-07-31,1802.48,1798.9425899637345
TR-033649,2025-07-31,2392.89,2471.822678208977
TR-033650,2025-07-31,2638.99,2688.346908522793
TR-033651,2025-07-31,1554.34,1549.6907208110508
TR-033652,2025-07-31,6861.97,6350.35691321954
TR-033653,2025-07-31,2903.33,3054.382799409507
TR-033654,2025-07-31,1820.81,1844.7881508256637
TR-033655,2025-07-31,2099.51,2078.0914320269303
TR-033656,2025-07-31,399.91,403.7282527992727
TR-033657,2025-07-31,242.62,278.72286057085523
TR-033658,2025-07-31,4389.63,4741.211923009194
TR-033659,2025-07-31,2147.77,2148.7699165121585
TR-033660,2025-07-31,837.32,823.3687792824646
TR-033661,2025-07-31,1380.87,1349.6359835688882
TR-033662,2025-07-31,764.39,763.0036029713644
TR-033663,2025-07-31,3676.16,3713.868528774741
TR-033664,2025-07-31,4366.08,4389.705152130021
TR-033665,2025-07-31,1893.21,1893.6066714264125
TR-033666,2025-07-31,1577.92,1604.9960948136616
TR-033667,2025-07-31,3057.03,3237.5640418373173
TR-033668,2025-07-31,1672.79,1707.0793537766049
TR-033669,2025-07-31,3559.74,3908.0904825051457
TR-033670,2025-07-31,4510.39,4537.30316746498
TR-033671,2025-07-31,2729.95,2910.279116060561
TR-033672,2025-07-31,1783.51,1827.6612854532395
TR-033673,2025-07-31,3407.64,3550.711924550761
TR-033674,2025-07-31,1016.79,1009.946487573446
TR-033675,2025-07-31,1827.31,2068.1397266504246
TR-033676,2025-07-31,981.15,962.3006259994742
TR-033677,2025-07-31,2524.36,2616.061275704898
TR-033678,2025-07-31,1914.4,2038.1687255022348
TR-033679,2025-07-31,1109.3,1099.4381995316692
TR-033680,2025-07-31,4295.53,4692.831926564623
TR-033681,2025-07-31,4692.93,4946.447516466154
TR-033682,2025-07-31,2704.31,2692.6125160071897
TR-033683,2025-07-31,960.9,952.1843643790573
TR-033684,2025-07-31,813.1,802.1180587378459
TR-033685,2025-07-31,2067.97,2098.1643052291897
TR-033686,2025-07-31,1782.53,1886.9559998211598
TR-033687,2025-07-31,3067.99,3288.9970135803815
TR-033688,2025-07-31,3593.31,3773.0532209956204
TR-033689,2025-07-31,1501.04,1480.8352110633798
TR-033690,2025-07-31,2114.02,2189.7401513174987
TR-033691,2025-07-31,2733.75,2749.2138889462462
TR-033692,2025-07-31,1579.13,1582.306438001575
TR-033693,2025-07-31,1775.76,1791.0578142352656
TR-033694,2025-07-31,1960.66,1995.9985844036817
TR-033695,2025-07-31,3005.74,3075.914144003034
TR-033696,2025-07-31,1824.89,1798.0834036646565
TR-033697,2025-07-31,875.7,859.8221672101417
TR-033698,2025-07-31,5256.89,5380.456665169495
TR-033699,2025-07-31,1633.09,1653.6439664254187
TR-033700,2025-07-31,2673.7,2868.8746157729925
TR-033701,2025-07-31,4477.45,4840.8108713223855
TR-033702,2025-07-31,1839.76,1845.3517741077906
TR-033703,2025-07-31,3429.46,3571.7409472550444
TR-033704,2025-07-31,1681.79,1651.1657017087828
TR-033705,2025-07-31,1663.85,1671.9188484940462
TR-033706,2025-07-31,1565.57,1586.4774224180649
TR-033707,2025-07-31,2153.28,2139.2756428398293
TR-033708,2025-07-31,1184.85,1166.7260566207638
TR-033709,2025-07-31,252.68,285.96388350922285
TR-033710,2025-07-31,1758.02,1876.403372519458
TR-033711,2025-07-31,2554.48,2581.9761646330667
TR-033712,2025-07-31,2655.55,2822.605837252806
TR-033713,2025-07-31,1131.42,1142.7015963920223
TR-033714,2025-07-31,3190.44,3292.777997082746
TR-033715,2025-07-31,2092.53,2181.3333323390657
TR-033716,2025-07-31,2316.16,2301.805500134986
TR-033717,2025-07-31,1860.68,1899.667314066366
TR-033718,2025-07-31,1247.41,1233.203883004871
TR-033719,2025-08-01,867.62,852.6635081808514
TR-033720,2025-08-01,1789.0,1855.6693727096133
TR-033721,2025-08-01,2403.16,2352.2191007750653
TR-033722,2025-08-01,4722.42,5199.877069433801
TR-033723,2025-08-01,276.48,288.70337289016635
TR-033724,2025-08-01,1243.65,1188.0341767762072
TR-033725,2025-08-01,1664.84,1722.8328839593614
TR-033726,2025-08-01,1286.77,1250.4531961373889
TR-033727,2025-08-01,3475.19,3727.196390506484
TR-033728,2025-08-01,4007.13,4048.404557650871
TR-033729,2025-08-01,2507.97,2465.1474423945897
TR-033730,2025-08-01,917.05,837.9520890872371
TR-033731,2025-08-01,3562.11,3592.6505107777416
TR-033732,2025-08-01,2197.15,2181.909333030852
TR-033733,2025-08-01,747.57,688.8751659785727
TR-033734,2025-08-01,2511.03,2535.306833906588
TR-033735,2025-08-01,1092.22,960.9598839483848
TR-033736,2025-08-01,1331.9,1330.5407017046218
TR-033737,2025-08-01,3634.84,3845.2212574727637
TR-033738,2025-08-01,606.35,599.7639279549958
TR-033739,2025-08-01,3822.64,4103.339026518616
TR-033740,2025-08-01,830.35,813.6561799480274
TR-033741,2025-08-01,2525.75,2810.0978780627484
TR-033742,2025-08-01,3472.54,3410.5856244734923
TR-033743,2025-08-01,2215.04,2159.4304818792484
TR-033744,2025-08-01,4279.06,3977.3244454475184
TR-033745,2025-08-01,1096.66,1034.5519964337025
TR-033746,2025-08-01,2040.66,2058.2387313038066
TR-033747,2025-08-01,664.74,631.2030479996465
TR-033748,2025-08-01,662.76,646.3159466366328
TR-033749,2025-08-01,2008.68,2138.3633002344395
TR-033750,2025-08-01,2234.64,2156.594294543283
TR-033751,2025-08-01,2537.62,2671.089954261489
TR-033752,2025-08-01,4258.1,4114.732060842528
TR-033753,2025-08-01,2474.08,2415.1906231658563
TR-033754,2025-08-01,1809.03,1750.383482265702
TR-033755,2025-08-01,3799.11,3697.0464755990124
TR-033756,2025-08-01,856.65,948.7592163594591
TR-033757,2025-08-01,2136.44,2107.140541257777
TR-033758,2025-08-01,3853.87,4152.453997061928
TR-033759,2025-08-01,1090.79,1075.716230569133
TR-033760,2025-08-01,5143.64,5433.55460617502
TR-033761,2025-08-01,3967.88,4141.387757706206
TR-033762,2025-08-01,2142.51,1923.0340989188082
TR-033763,2025-08-01,3074.49,3007.0592123680963
TR-033764,2025-08-01,2482.57,2412.4933593577553
TR-033765,2025-08-01,631.13,653.6041258750377
TR-033766,2025-08-01,4026.23,3945.698825402059
TR-033767,2025-08-01,941.46,936.63060328931
TR-033768,2025-08-01,1457.24,1624.401466582414
TR-033769,2025-08-01,2057.39,2226.432343866665
TR-033770,2025-08-01,236.48,695.6108408829635
TR-033771,2025-08-01,784.35,818.2810666536088
TR-033772,2025-08-01,1659.97,1750.4847280274412
TR-033773,2025-08-01,1971.17,2068.442553856447
TR-033774,2025-08-01,1442.58,1459.9681124729527
TR-033775,2025-08-01,2610.45,2620.8464353764552
TR-033776,2025-08-01,4334.24,4677.04060013189
TR-033777,2025-08-01,4004.31,4247.577249461188
TR-033778,2025-08-01,3317.04,3261.1797503105663
TR-033779,2025-08-01,2746.34,2543.9584660160986
TR-033780,2025-08-01,1575.68,1417.9047500051538
TR-033781,2025-08-01,3699.41,3640.396632776977
TR-033782,2025-08-01,1220.53,1191.1782118043204
TR-033783,2025-08-01,2808.81,2892.6694113266567
TR-033784,2025-08-01,780.13,705.4396815229469
TR-033785,2025-08-01,1304.64,1311.0256882607675
TR-033786,2025-08-01,1959.95,1945.4791635114332
TR-033787,2025-08-01,539.38,516.1897935019572
TR-033788,2025-08-01,4168.16,4585.902324901337
TR-033789,2025-08-01,1257.53,1225.8140630190012
TR-033790,2025-08-01,400.5,356.8577434644031
TR-033791,2025-08-01,2085.87,2206.380415028732
TR-033792,2025-08-01,3052.13,2918.4297727695057
TR-033793,2025-08-01,925.69,965.588220182855
TR-033794,2025-08-01,3801.15,3941.0578597947356
TR-033795,2025-08-01,2124.89,1968.6419874366134
TR-033796,2025-08-01,3882.94,4188.493521215931
TR-033797,2025-08-01,1166.72,1118.0434348013705
TR-033798,2025-08-01,3282.16,3045.4043501367805
TR-033799,2025-08-01,2234.9,2198.8477826237613
TR-033800,2025-08-01,1326.02,1361.8698506221099
TR-033801,2025-08-01,920.2,898.4989179915386
TR-033802,2025-08-01,3944.93,3870.7797292633145
TR-033803,2025-08-01,4835.29,4814.879172845915
TR-033804,2025-08-01,2202.97,2385.523320734587
TR-033805,2025-08-01,2969.53,3234.95560107901
TR-033806,2025-08-01,4057.04,4043.410990928324
TR-033807,2025-08-01,4766.29,4641.471095311007
TR-033808,2025-08-01,1229.96,1289.400158104764
TR-033809,2025-08-01,2260.24,2143.116864468113
TR-033810,2025-08-01,3841.99,4103.921657215156
TR-033811,2025-08-01,1660.14,1680.1243180002152
TR-033812,2025-08-01,3193.75,3036.9035711864026
TR-033813,2025-08-01,1044.84,1012.2874443181565
TR-033814,2025-08-01,1907.25,1962.214391818724
TR-033815,2025-08-01,3001.06,3231.1419330598596
TR-033816,2025-08-01,2686.58,2732.3235134315455
TR-033817,2025-08-01,2140.85,2087.7647643267183
TR-033818,2025-08-01,3702.88,3653.3817337661812
TR-033819,2025-08-01,1658.17,1627.9163461088292
TR-033820,2025-08-01,1855.63,1754.7171664462003
TR-033821,2025-08-01,648.19,632.1086670504903
TR-033822,2025-08-01,625.72,634.5891696893179
TR-033823,2025-08-01,772.01,760.721435930622
TR-033824,2025-08-01,3827.0,3843.2250907214443
TR-033825,2025-08-01,4059.57,4243.737064870939
TR-033826,2025-08-01,2568.67,2430.3381494085193
TR-033827,2025-08-01,2463.37,2335.7698349935104
TR-033828,2025-08-01,1930.71,1897.3951138189732
TR-033829,2025-08-01,2334.52,2421.239302758976
TR-033830,2025-08-01,2795.59,2622.7587344017456
TR-033831,2025-08-01,3130.89,3131.527604659393
TR-033832,2025-08-01,3156.54,3248.658840283712
TR-033833,2025-08-01,1141.69,1150.4519044451733
TR-033834,2025-08-01,3477.96,3454.7834260023296
TR-033835,2025-08-01,1699.01,1601.463308495021
TR-033836,2025-08-01,4584.03,4720.7984480904
TR-033837,2025-08-01,3884.75,3990.133209233479
TR-033838,2025-08-01,804.18,816.2687850453829
TR-033839,2025-08-01,1414.94,1385.2832136257205
TR-033840,2025-08-01,1383.98,1424.5814121972182
TR-033841,2025-08-01,1809.13,1778.7745642057712
TR-033842,2025-08-01,3598.93,3593.2837463889114
TR-033843,2025-08-01,2956.21,2964.3795710542995
TR-033844,2025-08-01,1653.71,1667.3825735758944
TR-033845,2025-08-01,1171.55,1263.7131601031283
TR-033846,2025-08-01,2896.69,2836.062831866093
TR-033847,2025-08-01,2682.67,2595.186546285373
TR-033848,2025-08-01,2852.82,2882.7229621706592
TR-033849,2025-08-01,1298.64,1241.2660602974966
TR-033850,2025-08-01,1646.28,1689.2664437548765
TR-033851,2025-08-01,4136.86,4302.058772491485
TR-033852,2025-08-01,3533.04,3778.856415807175
TR-033853,2025-08-01,3390.11,3509.536678157502
TR-033854,2025-08-01,2165.69,2216.665147974579
TR-033855,2025-08-01,2207.7,2264.149731761552
TR-033856,2025-08-01,3894.65,4005.427324552286
TR-033857,2025-08-01,2203.67,2285.809154183958
TR-033858,2025-08-01,1605.77,1665.2864710767549
TR-033859,2025-08-01,5226.07,5495.128575180713
TR-033860,2025-08-01,5850.29,5644.970046201642
TR-033861,2025-08-01,1693.17,1721.479289769374
TR-033862,2025-08-01,3470.83,3696.218744681058
TR-033863,2025-08-01,5152.02,5001.332605722691
TR-033864,2025-08-01,1343.43,1231.2843261072987
TR-033865,2025-08-01,1038.63,1007.4313112759935
TR-033866,2025-08-01,483.85,486.00209840235755
TR-033867,2025-08-02,2394.85,2450.9341020632046
TR-033868,2025-08-02,5608.62,5419.4341650068445
TR-033869,2025-08-02,907.17,932.3441532570534
TR-033870,2025-08-02,1593.7,1528.6863221211556
TR-033871,2025-08-02,3088.95,3009.579556858048
TR-033872,2025-08-02,1383.73,1368.385039453468
TR-033873,2025-08-02,548.34,523.8342150941348
TR-033874,2025-08-02,4344.56,4201.032896154674
TR-033875,2025-08-02,926.33,894.9204180456356
TR-033876,2025-08-02,1778.67,1734.3346466785972
TR-033877,2025-08-02,4067.91,4411.066814675891
TR-033878,2025-08-02,1594.47,1574.4837480380381
TR-033879,2025-08-02,1079.38,1087.5441823625351
TR-033880,2025-08-02,1902.25,1860.8340659127336
TR-033881,2025-08-02,804.32,794.989466406254
TR-033882,2025-08-02,524.83,503.15379947454767
TR-033883,2025-08-02,2845.08,2924.219031917799
TR-033884,2025-08-02,1931.83,2099.0207726117587
TR-033885,2025-08-02,3592.99,3897.2711156211985
TR-033886,2025-08-02,3812.14,3900.8513128219174
TR-033887,2025-08-02,3812.37,3884.170977326341
TR-033888,2025-08-02,6163.95,6139.270502334857
TR-033889,2025-08-02,1908.53,1812.9928359000357
TR-033890,2025-08-02,1861.41,1783.5041173812888
TR-033891,2025-08-02,1822.01,1906.5368214157131
TR-033892,2025-08-02,2553.25,2498.4669512705896
TR-033893,2025-08-02,4532.85,4667.446871563251
TR-033894,2025-08-02,3939.72,3965.149778887929
TR-033895,2025-08-02,4714.07,4781.077830264087
TR-033896,2025-08-02,1056.64,1083.702269016119
TR-033897,2025-08-02,1752.59,1919.0357923571432
TR-033898,2025-08-02,1427.18,1428.641455116765
TR-033899,2025-08-02,1994.72,2074.205506736984
TR-033900,2025-08-02,3962.62,3664.4680130654046
TR-033901,2025-08-02,1702.25,1632.828044410802
TR-033902,2025-08-02,3031.99,3066.870525289993
TR-033903,2025-08-02,1486.79,1659.442068766278
TR-033904,2025-08-02,1851.59,1909.2852537908602
TR-033905,2025-08-02,4161.02,3824.5183564690255
TR-033906,2025-08-02,4813.98,5324.68187848406
TR-033907,2025-08-02,803.92,816.0535437296678
TR-033908,2025-08-02,1437.39,1437.9969057730068
TR-033909,2025-08-02,2690.82,2711.15638297884
TR-033910,2025-08-02,2281.95,2274.6120190450147
TR-033911,2025-08-02,2448.56,2494.6119397327534
TR-033912,2025-08-02,650.81,642.4994086935683
TR-033913,2025-08-02,3234.68,3447.767204484032
TR-033914,2025-08-02,4871.74,5516.7097645913045
TR-033915,2025-08-02,2222.35,2335.3761689983453
TR-033916,2025-08-02,1100.92,1142.8688743619534
TR-033917,2025-08-02,1394.76,1395.644896059261
TR-033918,2025-08-02,3205.6,3261.1737652481143
TR-033919,2025-08-02,648.49,621.6221336000997
TR-033920,2025-08-02,3807.18,3749.725322713609
TR-033921,2025-08-02,978.47,966.6987356028321
TR-033922,2025-08-02,3293.11,3213.2560404156916
TR-033923,2025-08-02,1734.74,1837.9679194792534
TR-033924,2025-08-02,1947.61,1968.7361207225133
TR-033925,2025-08-02,1559.92,1366.5812528108427
TR-033926,2025-08-02,1784.01,1805.6922586807573
TR-033927,2025-08-02,1771.45,1859.1264877761241
TR-033928,2025-08-02,1171.35,1190.0159989544632
TR-033929,2025-08-02,252.2,271.8933588730045
TR-033930,2025-08-02,2145.78,2155.323047773784
TR-033931,2025-08-02,2912.64,2891.8257154344496
TR-033932,2025-08-02,2299.11,2336.3340174934224
TR-033933,2025-08-02,3307.2,3502.7189474221736
TR-033934,2025-08-02,2475.56,2386.699458610129
TR-033935,2025-08-02,3940.26,4023.9405551443565
TR-033936,2025-08-02,5735.1,5740.507923063079
TR-033937,2025-08-02,2324.69,2322.2377827111054
TR-033938,2025-08-02,2134.15,2173.892870743179
TR-033939,2025-08-02,3170.25,3310.642201284441
TR-033940,2025-08-02,1416.92,1429.5523951905118
TR-033941,2025-08-02,1896.46,1756.2318231805546
TR-033942,2025-08-02,1198.58,1165.6784426036004
TR-033943,2025-08-02,2033.22,2118.3853908921715
TR-033944,2025-08-02,3740.02,3701.0370816359164
TR-033945,2025-08-02,574.3,559.9502466969356
TR-033946,2025-08-02,2341.23,2375.7003946393465
TR-033947,2025-08-02,4210.03,4106.783219480456
TR-033948,2025-08-02,2654.01,2723.9794411744865
TR-033949,2025-08-02,5754.26,5559.516560914709
TR-033950,2025-08-02,2267.14,2125.448623079831
TR-033951,2025-08-02,5227.69,5324.162109820408
TR-033952,2025-08-02,1642.52,1811.3049135983313
TR-033953,2025-08-02,1933.41,1988.4891401470138
TR-033954,2025-08-02,846.8,810.6294930971305
TR-033955,2025-08-02,3164.8,3342.5432911499447
TR-033956,2025-08-02,3686.34,3297.794684843141
TR-033957,2025-08-02,1834.02,1927.6357418832893
TR-033958,2025-08-02,5106.99,5137.867085760827
TR-033959,2025-08-02,1777.75,1762.3844111646617
TR-033960,2025-08-02,1973.02,2049.5423555503908
TR-033961,2025-08-02,2778.66,2956.1110739775518
TR-033962,2025-08-02,1551.83,1616.831454377954
TR-033963,2025-08-02,1011.11,1014.1379268455681
TR-033964,2025-08-02,5071.92,5035.527602638749
TR-033965,2025-08-02,1496.05,1532.3511785567728
TR-033966,2025-08-02,4353.92,4597.85037092597
TR-033967,2025-08-02,837.63,814.2990541190325
TR-033968,2025-08-02,2597.51,2566.38554638734
TR-033969,2025-08-02,2084.14,2231.474299423027
TR-033970,2025-08-02,1924.28,1808.947443516703
TR-033971,2025-08-02,2285.31,2353.943560992962
TR-033972,2025-08-02,3325.75,3509.5708348002263
TR-033973,2025-08-02,760.91,738.1084415625427
TR-033974,2025-08-02,2362.67,2323.367717024909
TR-033975,2025-08-02,3556.89,3546.848904038551
TR-033976,2025-08-02,5709.31,5724.275431183947
TR-033977,2025-08-02,829.36,817.5224451376649
TR-033978,2025-08-02,785.23,792.121365412381
TR-033979,2025-08-02,1493.87,1501.7095422838415
TR-033980,2025-08-02,2309.75,2309.0879355284683
TR-033981,2025-08-02,2501.06,2529.752790848839
TR-033982,2025-08-02,2255.88,2242.0032686245036
TR-033983,2025-08-02,1951.31,2041.7085905563035
TR-033984,2025-08-02,4086.4,4486.187049129954
TR-033985,2025-08-02,1074.82,1069.6137130500883
TR-033986,2025-08-02,3146.66,2709.0308707825766
TR-033987,2025-08-02,2079.64,2264.5458468461775
TR-033988,2025-08-02,2018.62,2062.9172085760033
TR-033989,2025-08-02,1562.72,1618.1924429043058
TR-033990,2025-08-02,2505.44,2542.3287684202573
TR-033991,2025-08-02,1328.04,1323.3365411719249
TR-033992,2025-08-02,2125.37,2250.044701498285
TR-033993,2025-08-02,1665.9,1702.4250265412384
TR-033994,2025-08-02,1119.16,1072.1964943949433
TR-033995,2025-08-02,2680.3,2808.4609799117393
TR-033996,2025-08-02,837.83,770.5536749616466
TR-033997,2025-08-02,2346.96,2191.0838659896963
TR-033998,2025-08-02,1634.34,1701.432217010218
TR-033999,2025-08-02,1126.45,1153.784697079154
TR-034000,2025-08-02,1183.3,1132.8639644277928
TR-034001,2025-08-02,2320.25,2324.9971428158365
TR-034002,2025-08-02,317.01,284.809799068717
TR-034003,2025-08-02,512.3,464.7876317393357
TR-034004,2025-08-02,919.74,888.0728711414183
TR-034005,2025-08-02,1444.21,1418.6969484069946
TR-034006,2025-08-02,948.25,899.4339067295548
TR-034007,2025-08-02,1827.37,1733.600710024561
TR-034008,2025-08-02,817.95,793.9449941773904
TR-034009,2025-08-02,2057.63,1962.6037557207724
TR-034010,2025-08-02,3609.07,3133.297073515814
TR-034011,2025-08-02,1239.71,1228.917753897615
TR-034012,2025-08-02,1603.87,1694.419935486535
TR-034013,2025-08-02,2125.75,2226.432208125376
TR-034014,2025-08-02,1962.76,2067.1166553281646
TR-034015,2025-08-02,1034.19,1001.9657428490049
TR-034016,2025-08-02,5067.84,5168.892692152455
TR-034017,2025-08-02,1796.09,1838.3437760724553
TR-034018,2025-08-02,1937.5,1869.8401425602913
TR-034019,2025-08-02,1244.72,1242.4915114480118
TR-034020,2025-08-02,1025.87,1024.2329196800965
TR-034021,2025-08-02,5269.1,5805.171566094271
TR-034022,2025-08-02,3420.72,3408.7634906444973
TR-034023,2025-08-02,1134.01,1135.689909514209
TR-034024,2025-08-02,1406.7,1362.3643858546282
TR-034025,2025-08-02,1152.47,1180.4677876668125
TR-034026,2025-08-02,4159.38,4521.808956518965
TR-034027,2025-08-02,1076.58,1024.5426000089253
TR-034028,2025-08-03,2687.56,2960.17394040464
TR-034029,2025-08-03,1707.58,1699.6630743460034
TR-034030,2025-08-03,770.25,756.3195812899826
TR-034031,2025-08-03,863.58,823.5485842056595
TR-034032,2025-08-03,1139.44,1082.1727491427357
TR-034033,2025-08-03,5041.03,5323.486321124814
TR-034034,2025-08-03,4407.53,3453.1667360042447
TR-034035,2025-08-03,4795.74,5132.913824503871
TR-034036,2025-08-03,3487.12,3604.054221973511
TR-034037,2025-08-03,1346.16,1275.4525216242484
TR-034038,2025-08-03,800.76,737.5712184534115
TR-034039,2025-08-03,3689.84,3520.4056606294694
TR-034040,2025-08-03,3897.88,4009.649490050128
TR-034041,2025-08-03,756.26,761.346548266475
TR-034042,2025-08-03,3359.43,3670.2379220456733
TR-034043,2025-08-03,865.81,889.3447685523031
TR-034044,2025-08-03,1324.91,1318.6893348876147
TR-034045,2025-08-03,625.75,609.5325983740424
TR-034046,2025-08-03,2592.04,2504.247535718011
TR-034047,2025-08-03,2306.19,2129.478470396494
TR-034048,2025-08-03,948.57,951.0542070864327
TR-034049,2025-08-03,3353.18,3333.861797895292
TR-034050,2025-08-03,3952.31,3670.452064927851
TR-034051,2025-08-03,2007.18,2132.0401518225053
TR-034052,2025-08-03,544.64,512.5405825128188
TR-034053,2025-08-03,722.17,730.4798046749796
TR-034054,2025-08-03,3674.51,3157.4135522129227
TR-034055,2025-08-03,2447.73,2508.7784219415084
TR-034056,2025-08-03,656.28,643.0813109834426
TR-034057,2025-08-03,3738.3,3961.088524243706
TR-034058,2025-08-03,238.78,1109.3247638866446
TR-034059,2025-08-03,981.12,933.83117203522
TR-034060,2025-08-03,1408.98,1411.1777967784597
TR-034061,2025-08-03,1379.06,1460.4127401388637
TR-034062,2025-08-03,1159.04,1139.8061708265195
TR-034063,2025-08-03,3950.06,3689.4011440928525
TR-034064,2025-08-03,1490.56,1427.44137421213
TR-034065,2025-08-03,1157.76,1151.4832275163378
TR-034066,2025-08-03,1177.76,1080.6747298286848
TR-034067,2025-08-03,4004.92,4363.292582861489
TR-034068,2025-08-03,2402.34,2292.207832970242
TR-034069,2025-08-03,3703.6,3664.659883244819
TR-034070,2025-08-03,1816.14,1785.188521721466
TR-034071,2025-08-03,3423.45,3460.4513641554304
TR-034072,2025-08-03,1443.93,1478.8414358849768
TR-034073,2025-08-03,1146.37,1073.0785134439966
TR-034074,2025-08-03,406.42,388.4518848545514
TR-034075,2025-08-03,5278.88,5625.327525594045
TR-034076,2025-08-03,1957.47,2009.3872855560567
TR-034077,2025-08-03,2075.07,2230.3971050151467
TR-034078,2025-08-03,970.99,994.7586178336784
TR-034079,2025-08-03,3959.2,4266.401731014885
TR-034080,2025-08-03,6080.38,6021.232039327007
TR-034081,2025-08-03,2107.48,2179.3426406870603
TR-034082,2025-08-03,4196.12,3981.1257769160657
TR-034083,2025-08-03,1264.42,1169.7667894565006
TR-034084,2025-08-03,1954.35,1860.133041813336
TR-034085,2025-08-03,1158.06,1143.932028608323
TR-034086,2025-08-03,573.43,582.7880640550278
TR-034087,2025-08-03,3270.79,3454.3905181825126
TR-034088,2025-08-03,3229.4,3503.660812628265
TR-034089,2025-08-03,1883.01,1741.8600303866008
TR-034090,2025-08-03,2766.02,2863.2771992170606
TR-034091,2025-08-03,2134.55,2081.5369345751983
TR-034092,2025-08-03,4959.93,5255.636440804093
TR-034093,2025-08-03,1335.54,1400.628045731856
TR-034094,2025-08-03,2258.06,2322.8385868835894
TR-034095,2025-08-03,1520.28,1514.4799282399842
TR-034096,2025-08-03,736.9,715.692977477569
TR-034097,2025-08-03,3201.46,3430.1871633989786
TR-034098,2025-08-03,3894.26,3794.653757272736
TR-034099,2025-08-03,3088.09,3198.6064971846617
TR-034100,2025-08-03,1248.29,1237.0656166500953
TR-034101,2025-08-03,1407.25,1341.9144013972282
TR-034102,2025-08-03,728.46,729.0877685143425
TR-034103,2025-08-03,942.37,919.5957140304354
TR-034104,2025-08-03,801.01,822.1634293217904
TR-034105,2025-08-03,1082.19,1090.574512615362
TR-034106,2025-08-03,3891.19,4052.415110425025
TR-034107,2025-08-03,4872.27,5233.919500925
TR-034108,2025-08-03,1219.42,1207.4836546590084
TR-034109,2025-08-03,2208.36,2372.590030770295
TR-034110,2025-08-03,1741.58,1722.9664094161465
TR-034111,2025-08-03,2673.22,2880.462380372752
TR-034112,2025-08-03,2455.34,2490.557786084319
TR-034113,2025-08-03,2314.64,2316.8184693898875
TR-034114,2025-08-03,4551.32,4349.390230841166
TR-034115,2025-08-03,944.68,944.9816970440002
TR-034116,2025-08-03,1566.36,1512.8461967081332
TR-034117,2025-08-03,610.64,597.0299165416193
TR-034118,2025-08-03,261.93,285.08978490395987
TR-034119,2025-08-03,601.04,572.2227016740911
TR-034120,2025-08-03,1426.84,1421.1167969104677
TR-034121,2025-08-03,1445.35,1455.3295664395932
TR-034122,2025-08-03,3804.38,3998.237237987627
TR-034123,2025-08-03,2125.75,2046.8146845733927
TR-034124,2025-08-03,2911.04,3112.38903202688
TR-034125,2025-08-03,398.68,349.1629167356199
TR-034126,2025-08-03,1585.61,1447.3528900731849
TR-034127,2025-08-03,1623.34,1735.6559735972717
TR-034128,2025-08-03,1762.27,1903.1788872554648
TR-034129,2025-08-03,872.25,859.910722094208
TR-034130,2025-08-03,4625.7,4630.23749077473
TR-034131,2025-08-03,451.9,406.547266930741
TR-034132,2025-08-03,4874.89,4307.84354042133
TR-034133,2025-08-03,3297.77,3636.8998938652294
TR-034134,2025-08-03,4092.06,3937.373609609225
TR-034135,2025-08-03,1550.87,1593.3694327199898
TR-034136,2025-08-03,1471.63,1422.6943644898718
TR-034137,2025-08-03,232.27,225.46185855298884
TR-034138,2025-08-03,1193.71,1193.2380325401525
TR-034139,2025-08-03,1345.07,1333.4559139849453
TR-034140,2025-08-03,704.33,742.3395046484072
TR-034141,2025-08-03,3119.88,2798.4983579289146
TR-034142,2025-08-03,1566.66,1553.7705586029483
TR-034143,2025-08-03,2211.72,2187.921574447193
TR-034144,2025-08-03,994.23,967.9353049719838
TR-034145,2025-08-03,2630.37,2656.7035235772933
TR-034146,2025-08-03,546.61,521.1315340481262
TR-034147,2025-08-03,657.56,620.0858011387071
TR-034148,2025-08-03,2018.95,2107.5270501335644
TR-034149,2025-08-03,784.88,777.6595231621486
TR-034150,2025-08-03,4628.21,5207.155088077615
TR-034151,2025-08-03,4443.29,4713.068845457193
TR-034152,2025-08-03,5413.99,5909.999278145815
TR-034153,2025-08-03,4265.3,4552.47957613703
TR-034154,2025-08-03,2211.24,2299.745006428175
TR-034155,2025-08-03,1401.46,1380.3446523183568
TR-034156,2025-08-03,3678.88,3586.550319418726
TR-034157,2025-08-03,1593.4,1828.2316786004192
TR-034158,2025-08-03,5486.34,5521.452491564134
TR-034159,2025-08-03,1263.75,1266.388120316137
TR-034160,2025-08-03,585.53,587.7494522968298
TR-034161,2025-08-03,995.56,948.1974996133595
TR-034162,2025-08-03,4191.23,4335.89850941899
TR-034163,2025-08-03,1989.32,2111.07837399382
TR-034164,2025-08-03,1491.46,1584.974268290828
TR-034165,2025-08-03,4970.98,5367.43047766158
TR-034166,2025-08-03,2540.65,2522.664236595776
TR-034167,2025-08-03,1601.44,1645.4397995087415
TR-034168,2025-08-03,1942.11,1788.2219338716975
TR-034169,2025-08-03,5483.01,5667.284264281449
TR-034170,2025-08-03,2853.29,2869.521261035568
TR-034171,2025-08-03,2426.63,2485.507241807764
TR-034172,2025-08-03,2585.32,2555.7723965986015
TR-034173,2025-08-03,1591.5,1573.1788715778268
TR-034174,2025-08-03,1895.4,2015.6341516435239
TR-034175,2025-08-03,3806.4,3917.44534369409
TR-034176,2025-08-03,3303.15,3414.5886407487765
TR-034177,2025-08-03,666.29,660.8929443811468
TR-034178,2025-08-03,1447.17,1474.1841654036257
TR-034179,2025-08-03,708.77,679.2591742692767
TR-034180,2025-08-03,1114.64,1141.2617069736746
TR-034181,2025-08-03,2235.33,2334.3235137639776
TR-034182,2025-08-03,2499.42,2476.141200809189
TR-034183,2025-08-03,940.7,898.9760631975796
TR-034184,2025-08-03,1599.3,1704.1364408622028
TR-034185,2025-08-03,3844.87,4492.773360941884
TR-034186,2025-08-03,1496.87,1398.4079366949125
TR-034187,2025-08-03,4209.92,4467.800589668431
TR-034188,2025-08-03,2630.14,2737.519546483802
TR-034189,2025-08-03,1534.71,1526.094442349472
TR-034190,2025-08-03,5108.51,4532.743353289082
TR-034191,2025-08-03,986.8,1036.7907038221585
TR-034192,2025-08-03,2780.68,2917.4194236616827
TR-034193,2025-08-03,3518.46,3206.1769315792376
TR-034194,2025-08-03,5849.97,6002.140541499044
TR-034195,2025-08-04,4433.82,4787.795709997684
TR-034196,2025-08-04,1141.42,1148.8189830553329
TR-034197,2025-08-04,2698.93,2699.2861895330816
TR-034198,2025-08-04,1693.78,1665.3239991122302
TR-034199,2025-08-04,1631.85,1661.2539410754382
TR-034200,2025-08-04,2302.23,2131.4306539244085
TR-034201,2025-08-04,1197.74,1220.8767099000859
TR-034202,2025-08-04,1652.95,1620.9987590771611
TR-034203,2025-08-04,4173.58,3594.3901012149217
TR-034204,2025-08-04,544.52,513.4982316302213
TR-034205,2025-08-04,1714.21,1627.780964134824
TR-034206,2025-08-04,2014.28,1836.436210954179
TR-034207,2025-08-04,5205.12,5401.665710498704
TR-034208,2025-08-04,4555.64,4578.855269548917
TR-034209,2025-08-04,2874.24,2992.1257295178766
TR-034210,2025-08-04,1124.02,1125.7329250838072
TR-034211,2025-08-04,1058.85,1054.0019709856767
TR-034212,2025-08-04,2021.46,2131.946440414414
TR-034213,2025-08-04,496.18,467.4904432910294
TR-034214,2025-08-04,818.39,820.3174992210786
TR-034215,2025-08-04,5739.34,5944.631571167175
TR-034216,2025-08-04,1287.17,1221.9387191295505
TR-034217,2025-08-04,4069.8,4243.878591626971
TR-034218,2025-08-04,2453.31,2307.506104920198
TR-034219,2025-08-04,1230.35,1265.2133947779334
TR-034220,2025-08-04,1174.26,1218.9153091925045
TR-034221,2025-08-04,2425.13,2429.7940357040643
TR-034222,2025-08-04,555.03,521.5152795823411
TR-034223,2025-08-04,929.83,956.6910731656925
TR-034224,2025-08-04,1405.3,1344.7285572533463
TR-034225,2025-08-04,2042.92,2198.2295054408232
TR-034226,2025-08-04,914.06,874.3656583075814
TR-034227,2025-08-04,2065.84,1893.2511124862044
TR-034228,2025-08-04,1823.5,2060.8932704124536
TR-034229,2025-08-04,3910.43,4247.4817855508045
TR-034230,2025-08-04,1842.54,2019.6648949510845
TR-034231,2025-08-04,1603.2,1620.8769258417017
TR-034232,2025-08-04,3369.66,3170.1636445778163
TR-034233,2025-08-04,4594.78,4537.95425895921
TR-034234,2025-08-04,2885.13,2779.596865810253
TR-034235,2025-08-04,1769.96,1839.895524821208
TR-034236,2025-08-04,2419.31,2498.686772560694
TR-034237,2025-08-04,1220.66,1133.718658244575
TR-034238,2025-08-04,4257.67,4337.282500663398
TR-034239,2025-08-04,2020.7,2057.882262717511
TR-034240,2025-08-04,1360.52,1461.353358153343
TR-034241,2025-08-04,3775.48,3773.0615114235807
TR-034242,2025-08-04,1499.26,1529.3730101953684
TR-034243,2025-08-04,2056.61,2134.581271824129
TR-034244,2025-08-04,1755.85,1807.7613520226696
TR-034245,2025-08-04,4268.13,4740.6393465488845
TR-034246,2025-08-04,3159.4,2923.794943180877
TR-034247,2025-08-04,1446.35,1522.4112188452136
TR-034248,2025-08-04,1062.41,1092.6467126975797
TR-034249,2025-08-04,1385.14,1433.7866311164194
TR-034250,2025-08-04,1035.9,1028.07513895807
TR-034251,2025-08-04,1628.37,1592.9492743748458
TR-034252,2025-08-04,1360.36,1373.3800515753676
TR-034253,2025-08-04,2183.5,2177.250274628927
TR-034254,2025-08-04,1201.83,1244.5374556839467
TR-034255,2025-08-04,1606.21,1604.3192527065255
TR-034256,2025-08-04,4299.9,4315.102468241327
TR-034257,2025-08-04,1327.57,1317.967810216085
TR-034258,2025-08-04,1289.89,1232.627645639226
TR-034259,2025-08-04,3352.59,3477.158322062951
TR-034260,2025-08-04,641.88,637.6975969363784
TR-034261,2025-08-04,1522.0,1908.3518743676439
TR-034262,2025-08-04,2519.83,2379.087036076088
TR-034263,2025-08-04,248.66,277.3029481626534
TR-034264,2025-08-04,1027.69,1005.038521494592
TR-034265,2025-08-04,4711.58,5271.443781754827
TR-034266,2025-08-04,4878.94,5037.871363398284
TR-034267,2025-08-04,4529.6,4604.185155449824
TR-034268,2025-08-04,2164.46,2167.731583452244
TR-034269,2025-08-04,640.47,589.5570691502974
TR-034270,2025-08-04,505.89,482.59592340513257
TR-034271,2025-08-04,3640.33,3694.893057035274
TR-034272,2025-08-04,5176.26,5467.396375352353
TR-034273,2025-08-04,1518.94,1536.8979621810406
TR-034274,2025-08-04,4728.14,4812.182162743498
TR-034275,2025-08-04,841.73,822.1162637751723
TR-034276,2025-08-04,635.9,650.4942775041659
TR-034277,2025-08-04,4559.79,4633.5951990817675
TR-034278,2025-08-04,1004.28,1009.7717721066716
TR-034279,2025-08-04,1833.6,1633.0477410012581
TR-034280,2025-08-04,1038.09,1025.0153982053469
TR-034281,2025-08-04,740.9,700.703584320585
TR-034282,2025-08-04,1789.47,1881.472565791664
TR-034283,2025-08-04,2485.16,2527.8894723364747
TR-034284,2025-08-04,6054.63,5931.060299551524
TR-034285,2025-08-04,3966.47,4205.995456250131
TR-034286,2025-08-04,1510.89,1541.9715629936188
TR-034287,2025-08-04,4169.66,3951.477921028
TR-034288,2025-08-04,9535.05,2187.763170286757
TR-034289,2025-08-04,3026.98,3104.375394268409
TR-034290,2025-08-04,1328.05,1240.8161315683838
TR-034291,2025-08-04,4440.66,4243.507806704866
TR-034292,2025-08-04,1812.55,1846.0585868439825
TR-034293,2025-08-04,2055.41,2128.4719867693925
TR-034294,2025-08-04,1849.82,1879.2931523302916
TR-034295,2025-08-04,1657.43,1628.6103065907305
TR-034296,2025-08-04,2146.11,2241.4429826932433
TR-034297,2025-08-04,2410.89,2550.7383226669144
TR-034298,2025-08-04,3727.79,3856.130027511696
TR-034299,2025-08-04,2297.53,2301.8849314010376
TR-034300,2025-08-04,1583.33,1502.1669354364187
TR-034301,2025-08-04,1634.34,1713.9930509454298
TR-034302,2025-08-04,4028.12,4407.436280563059
TR-034303,2025-08-04,2668.88,2820.456039226316
TR-034304,2025-08-04,3789.94,4046.7543528578876
TR-034305,2025-08-04,1838.66,1694.5989859684605
TR-034306,2025-08-04,3284.95,3423.4353937938363
TR-034307,2025-08-04,2766.64,2913.432557532682
TR-034308,2025-08-04,1823.03,1960.4056792832396
TR-034309,2025-08-04,1044.58,1027.323744071045
TR-034310,2025-08-04,4393.14,4542.259767316802
TR-034311,2025-08-04,1450.62,1471.5471333027351
TR-034312,2025-08-04,2253.42,2127.829659648171
TR-034313,2025-08-04,3448.82,3121.421438014649
TR-034314,2025-08-04,3442.31,3557.004340169045
TR-034315,2025-08-04,1820.23,1899.0751250529713
TR-034316,2025-08-04,973.57,971.9193797296376
TR-034317,2025-08-04,5239.8,5470.341324219653
TR-034318,2025-08-04,4093.97,4008.1725130079244
TR-034319,2025-08-04,1613.39,1938.0630623655409
TR-034320,2025-08-04,4606.36,4475.341860053212
TR-034321,2025-08-04,745.45,760.2099724220669
TR-034322,2025-08-04,2229.87,2165.122443475855
TR-034323,2025-08-04,510.54,474.6062961335506
TR-034324,2025-08-04,812.25,777.2426607474026
TR-034325,2025-08-04,4493.48,4731.210753898361
TR-034326,2025-08-04,2353.03,2347.061508040494
TR-034327,2025-08-04,1513.03,1542.3850543311319
TR-034328,2025-08-04,1388.9,1411.4304967805194
TR-034329,2025-08-04,1854.39,1953.8334457800133
TR-034330,2025-08-04,2229.01,2156.417735273583
TR-034331,2025-08-04,4627.9,4655.606674926607
TR-034332,2025-08-04,979.33,977.6002088520397
TR-034333,2025-08-04,920.74,864.4111117744507
TR-034334,2025-08-04,2873.26,3016.9568809025454
TR-034335,2025-08-04,2465.47,2538.1032202020137
TR-034336,2025-08-04,1666.71,1490.0589877619593
TR-034337,2025-08-04,2475.46,2466.57578399115
TR-034338,2025-08-04,2665.16,2845.136071298034
TR-034339,2025-08-04,1533.45,1527.4659551958582
TR-034340,2025-08-04,2263.51,2277.632182209511
TR-034341,2025-08-04,1592.43,1601.2029644854538
TR-034342,2025-08-04,2636.22,2694.799307383266
TR-034343,2025-08-04,5367.45,5134.365584238865
TR-034344,2025-08-04,82.38,230.78432488317267
TR-034345,2025-08-04,1907.08,1855.5113006658808
TR-034346,2025-08-04,854.18,838.5266949434831
TR-034347,2025-08-04,1621.68,1741.216714346726
TR-034348,2025-08-04,1420.42,1384.5937325574616
TR-034349,2025-08-04,741.02,762.0068907238775
TR-034350,2025-08-04,2748.76,2639.3185454834556
TR-034351,2025-08-04,1467.12,1620.8844173258046
TR-034352,2025-08-04,608.22,580.3411680771812
TR-034353,2025-08-04,2315.85,2374.9189990741233
TR-034354,2025-08-04,1961.23,2224.924120889889
TR-034355,2025-08-04,1926.33,2014.7391106168773
TR-034356,2025-08-04,1232.75,1173.5990854531365
TR-034357,2025-08-04,1616.46,1777.789901206173
TR-034358,2025-08-04,700.54,677.143416043333
TR-034359,2025-08-04,1992.66,2230.70761632526
TR-034360,2025-08-04,1143.93,1207.3282038838179
TR-034361,2025-08-04,2587.81,2734.5929303160356
TR-034362,2025-08-04,1025.42,993.5716592370237
TR-034363,2025-08-04,3641.08,3629.177421324406
TR-034364,2025-08-04,4015.52,3917.814497423735
TR-034365,2025-08-04,3662.47,3966.4173771789947
TR-034366,2025-08-04,5332.84,5383.936629276037
TR-034367,2025-08-04,338.67,1627.3382892007103
TR-034368,2025-08-04,2585.17,2602.7339760373648
TR-034369,2025-08-04,4040.31,4171.956898994309
TR-034370,2025-08-05,2410.27,2373.399049455109
TR-034371,2025-08-05,2609.36,2539.818419847869
TR-034372,2025-08-05,2077.72,2182.4465611664095
TR-034373,2025-08-05,5393.67,5341.739396434908
TR-034374,2025-08-05,7603.41,2880.8400008564417
TR-034375,2025-08-05,5775.22,5870.217717604206
TR-034376,2025-08-05,4295.11,4257.821978598135
TR-034377,2025-08-05,741.1,729.5608397993323
TR-034378,2025-08-05,5948.94,6016.491316334874
TR-034379,2025-08-05,3221.66,3148.605947327788
TR-034380,2025-08-05,2535.21,2543.348745039774
TR-034381,2025-08-05,2264.45,2427.340282773609
TR-034382,2025-08-05,929.32,913.5667713665615
TR-034383,2025-08-05,1684.17,1779.4804779287492
TR-034384,2025-08-05,2561.56,2558.9993707292333
TR-034385,2025-08-05,2549.96,2722.606832874622
TR-034386,2025-08-05,865.02,813.3845059585675
TR-034387,2025-08-05,891.95,894.0328463928083
TR-034388,2025-08-05,4647.65,4610.934150749741
TR-034389,2025-08-05,2462.49,2579.2838493299005
TR-034390,2025-08-05,1773.53,1716.0180002496259
TR-034391,2025-08-05,3222.22,3092.0160912381243
TR-034392,2025-08-05,1067.27,1068.7447768478569
TR-034393,2025-08-05,2240.2,2193.83332372252
TR-034394,2025-08-05,2341.02,2276.442527888053
TR-034395,2025-08-05,489.57,464.1617123109062
TR-034396,2025-08-05,2541.24,2451.727521386176
TR-034397,2025-08-05,1707.9,1885.5126901644778
TR-034398,2025-08-05,4630.38,3828.031830024891
TR-034399,2025-08-05,1826.7,1817.3483488568468
TR-034400,2025-08-05,1936.01,2000.8183506655446
TR-034401,2025-08-05,1582.5,1842.753851487292
TR-034402,2025-08-05,1297.18,1268.9183952583062
TR-034403,2025-08-05,1243.28,1239.8519667359517
TR-034404,2025-08-05,1101.62,1038.9353005047028
TR-034405,2025-08-05,2401.2,2484.4861260220323
TR-034406,2025-08-05,2920.43,2997.320844322368
TR-034407,2025-08-05,1581.08,1707.9903897552902
TR-034408,2025-08-05,1600.53,1847.9078101150787
TR-034409,2025-08-05,2317.05,2268.790006436963
TR-034410,2025-08-05,2042.95,2062.054197612302
TR-034411,2025-08-05,3080.48,3270.9396918617954
TR-034412,2025-08-05,3217.56,3237.1639985572683
TR-034413,2025-08-05,1378.3,1501.0251650971115
TR-034414,2025-08-05,3221.63,3213.776939823615
TR-034415,2025-08-05,1904.92,1934.8922934268653
TR-034416,2025-08-05,2562.63,2361.632750163524
TR-034417,2025-08-05,2596.53,2607.5437581882366
TR-034418,2025-08-05,349.06,1475.3451026586997
TR-034419,2025-08-05,3354.77,3418.0229928018653
TR-034420,2025-08-05,2064.16,1954.0910198221677
TR-034421,2025-08-05,1395.34,1441.580360848893
TR-034422,2025-08-05,1571.81,1665.888159366469
TR-034423,2025-08-05,1186.51,1224.3014948282857
TR-034424,2025-08-05,5192.12,5233.171374233705
TR-034425,2025-08-05,1463.87,1456.9858510664656
TR-034426,2025-08-05,2073.3,2084.6459772540547
TR-034427,2025-08-05,3183.27,2955.7134214166085
TR-034428,2025-08-05,2038.22,2011.7946503924413
TR-034429,2025-08-05,983.42,1012.3515952866774
TR-034430,2025-08-05,1497.67,1476.3008338740956
TR-034431,2025-08-05,2913.62,2948.0417476720386
TR-034432,2025-08-05,1938.59,2034.5513176782504
TR-034433,2025-08-05,1078.55,1017.9110129717228
TR-034434,2025-08-05,792.34,705.9788578789143
TR-034435,2025-08-05,4163.41,4413.378982384069
TR-034436,2025-08-05,1475.54,1518.302889300976
TR-034437,2025-08-05,2220.69,2359.764507713682
TR-034438,2025-08-05,949.44,944.3014184874396
TR-034439,2025-08-05,1589.66,1568.5996813716765
TR-034440,2025-08-05,1024.25,1033.0130610162503
TR-034441,2025-08-05,366.28,335.2148293321916
TR-034442,2025-08-05,764.88,766.9439660514513
TR-034443,2025-08-05,860.72,873.1267486915077
TR-034444,2025-08-05,477.32,446.7887600467804
TR-034445,2025-08-05,4848.75,4704.239911850472
TR-034446,2025-08-05,4237.76,4511.1142588043585
TR-034447,2025-08-05,3677.63,3821.791360978713
TR-034448,2025-08-05,1930.97,1721.6516755696582
TR-034449,2025-08-05,2321.74,2298.178574520523
TR-034450,2025-08-05,4024.05,4270.9939126117515
TR-034451,2025-08-05,561.29,572.1242473730065
TR-034452,2025-08-05,3449.99,3345.5159373003444
TR-034453,2025-08-05,2045.13,2186.2329145714243
TR-034454,2025-08-05,2469.73,2544.115881494181
TR-034455,2025-08-05,534.28,470.03409517276765
TR-034456,2025-08-05,3568.16,3693.2744364101495
TR-034457,2025-08-05,502.26,470.31529810604667
TR-034458,2025-08-05,1552.87,1775.8205271887373
TR-034459,2025-08-05,438.64,439.4360915136499
TR-034460,2025-08-05,430.62,398.30816829823846
TR-034461,2025-08-05,2856.44,2889.1287489112765
TR-034462,2025-08-05,1578.16,1622.389163520487
TR-034463,2025-08-05,2809.0,2821.2255560275094
TR-034464,2025-08-05,738.95,719.1595689118465
TR-034465,2025-08-05,3050.77,2984.020670946238
TR-034466,2025-08-05,2161.55,2223.6277283390796
TR-034467,2025-08-05,3147.3,3121.0212238609943
TR-034468,2025-08-05,4379.71,4211.381040920324
TR-034469,2025-08-05,1210.94,1234.254169621076
TR-034470,2025-08-05,3496.1,3348.0546204757015
TR-034471,2025-08-05,364.77,351.1194663723463
TR-034472,2025-08-05,3702.59,3912.607865030101
TR-034473,2025-08-05,2476.29,2272.4338381415455
TR-034474,2025-08-05,7436.41,2385.3023058527756
TR-034475,2025-08-05,1994.59,2135.638851406431
TR-034476,2025-08-05,2463.96,2332.102065968848
TR-034477,2025-08-05,2804.39,2820.612528126008
TR-034478,2025-08-05,3466.51,3761.607270311702
TR-034479,2025-08-05,4889.68,5232.479658501971
TR-034480,2025-08-05,1054.06,1096.2300251171876
TR-034481,2025-08-05,1483.67,1581.6694086078655
TR-034482,2025-08-05,1979.01,2093.5448049659476
TR-034483,2025-08-05,1686.96,1798.5445189897205
TR-034484,2025-08-05,4154.61,4425.261896787665
TR-034485,2025-08-05,1715.32,1867.967541581439
TR-034486,2025-08-05,2112.99,2125.8373046223055
TR-034487,2025-08-05,4902.04,5445.13725616524
TR-034488,2025-08-05,1075.39,1060.7284099948297
TR-034489,2025-08-05,2042.33,2049.056530778762
TR-034490,2025-08-05,3375.52,3510.778917880482
TR-034491,2025-08-05,219.45,238.30877203096438
TR-034492,2025-08-05,1098.32,1089.5545790439594
TR-034493,2025-08-05,544.54,520.4040778661802
TR-034494,2025-08-05,2858.42,2923.873186317613
TR-034495,2025-08-05,2338.98,2402.3753856371777
TR-034496,2025-08-05,2178.59,2259.6241381711293
TR-034497,2025-08-05,1164.54,1140.6357977384755
TR-034498,2025-08-05,1022.04,985.9845101008872
TR-034499,2025-08-05,2788.14,2957.9679079693633
TR-034500,2025-08-05,768.55,792.5173831891583
TR-034501,2025-08-05,1367.23,1354.241067939184
TR-034502,2025-08-05,3276.94,3017.152299650784
TR-034503,2025-08-05,3687.08,3932.819963068386
TR-034504,2025-08-05,5329.83,5405.204310127377
TR-034505,2025-08-05,2819.99,2573.91705417132
TR-034506,2025-08-05,1380.92,1372.756561311686
TR-034507,2025-08-05,3587.95,3904.7982742684358
TR-034508,2025-08-05,1155.46,1118.8659434168862
TR-034509,2025-08-05,2390.22,2510.8326801437893
TR-034510,2025-08-05,1277.45,1216.2170995112333
TR-034511,2025-08-05,2173.55,2241.6387041709318
TR-034512,2025-08-05,3790.87,3857.15915158802
TR-034513,2025-08-05,1211.97,1320.8297549037075
TR-034514,2025-08-05,1527.78,1589.3973536546434
TR-034515,2025-08-05,387.41,1832.454346650365
TR-034516,2025-08-05,1402.97,1322.4533626458156
TR-034517,2025-08-05,1758.01,1759.2290363946468
TR-034518,2025-08-05,2828.04,2824.7912762203514
TR-034519,2025-08-05,3717.6,3866.535908263299
TR-034520,2025-08-05,546.05,527.6057519754605
TR-034521,2025-08-05,3651.95,3696.663773124583
TR-034522,2025-08-05,2115.78,2081.9735787996133
TR-034523,2025-08-05,3417.7,3502.837029643828
TR-034524,2025-08-05,5305.08,5545.650336293471
TR-034525,2025-08-05,1021.07,1037.5145655708586
TR-034526,2025-08-05,3708.46,4038.9780451040674
TR-034527,2025-08-05,5148.89,5398.591599425682
TR-034528,2025-08-05,1643.71,1646.0795080653781
TR-034529,2025-08-05,1945.71,2010.3019368211867
TR-034530,2025-08-05,4329.1,4384.405436359846
TR-034531,2025-08-05,456.96,454.7199830965172
TR-034532,2025-08-05,811.53,856.5785681400968
TR-034533,2025-08-05,5489.51,5842.532183960932
TR-034534,2025-08-05,3051.36,2925.772542463761
TR-034535,2025-08-05,682.59,1552.6381323559274
TR-034536,2025-08-05,1250.44,1106.2556934733464
TR-034537,2025-08-05,924.09,921.796341145896
TR-034538,2025-08-05,4035.65,4170.956076260389
TR-034539,2025-08-05,1039.31,1036.9302461746547
TR-034540,2025-08-05,1385.45,1234.9690708891112
TR-034541,2025-08-05,3916.77,4142.892949151953
TR-034542,2025-08-05,1086.12,1107.8518002297994
TR-034543,2025-08-05,772.01,763.6833232788313
TR-034544,2025-08-05,909.61,912.1516921244096
TR-034545,2025-08-05,3098.87,3164.517571761415
TR-034546,2025-08-05,3110.36,2862.4583312889326
TR-034547,2025-08-05,1507.8,1554.0006765677551
TR-034548,2025-08-06,2874.2,2830.825302653829
TR-034549,2025-08-06,1323.94,1287.8351135522503
TR-034550,2025-08-06,1118.31,1000.1105859428689
TR-034551,2025-08-06,2190.09,2105.014627323637
TR-034552,2025-08-06,3826.52,3825.0044713628727
TR-034553,2025-08-06,1555.48,1589.6411981125505
TR-034554,2025-08-06,3493.19,3738.1299981831617
TR-034555,2025-08-06,1574.59,1618.92585864444
TR-034556,2025-08-06,2648.29,2675.9152395204037
TR-034557,2025-08-06,792.3,821.4552818231627
TR-034558,2025-08-06,3796.08,3959.824068747501
TR-034559,2025-08-06,1245.99,1171.3350509442466
TR-034560,2025-08-06,1732.96,1667.9692712418973
TR-034561,2025-08-06,1536.47,1615.4632363876267
TR-034562,2025-08-06,3204.39,3240.357975427952
TR-034563,2025-08-06,3612.88,3460.9611139523377
TR-034564,2025-08-06,2017.06,2172.1560120397107
TR-034565,2025-08-06,836.56,821.6579448833523
TR-034566,2025-08-06,5558.87,5655.995909284844
TR-034567,2025-08-06,3597.46,3788.3718149405977
TR-034568,2025-08-06,3123.19,3218.351391175976
TR-034569,2025-08-06,1122.6,1043.902132984893
TR-034570,2025-08-06,1797.19,2021.476341373209
TR-034571,2025-08-06,3648.36,3635.4371858480067
TR-034572,2025-08-06,2617.72,2679.986750080366
TR-034573,2025-08-06,1351.75,1362.018677580012
TR-034574,2025-08-06,974.4,939.1440804635502
TR-034575,2025-08-06,1383.85,1342.7207249864643
TR-034576,2025-08-06,1788.18,1872.206491367774
TR-034577,2025-08-06,2257.8,2132.8289294551087
TR-034578,2025-08-06,823.35,794.3904361313306
TR-034579,2025-08-06,1651.8,1652.6681049712663
TR-034580,2025-08-06,2450.38,2453.750720979015
TR-034581,2025-08-06,4765.59,4976.515088813819
TR-034582,2025-08-06,4339.02,4719.175307970857
TR-034583,2025-08-06,2975.48,3055.3745337498717
TR-034584,2025-08-06,18972.15,4400.128670405319
TR-034585,2025-08-06,4874.2,5246.0459284852595
TR-034586,2025-08-06,2415.9,2425.03157945764
TR-034587,2025-08-06,254.59,277.6041522738587
TR-034588,2025-08-06,3504.64,3254.5527112360915
TR-034589,2025-08-06,1080.16,1165.059008184537
TR-034590,2025-08-06,1697.58,1716.5477867467296
TR-034591,2025-08-06,3468.77,3436.375922659114
TR-034592,2025-08-06,2976.57,3263.191645455079
TR-034593,2025-08-06,1356.34,1367.5100076018523
TR-034594,2025-08-06,1549.55,1575.5939719625053
TR-034595,2025-08-06,1503.85,1381.894303107271
TR-034596,2025-08-06,3988.76,4131.378878271041
TR-034597,2025-08-06,590.99,613.7359753002339
TR-034598,2025-08-06,1930.92,2043.6210599242797
TR-034599,2025-08-06,887.81,896.2123463100597
TR-034600,2025-08-06,2313.4,2449.4748551945304
TR-034601,2025-08-06,1754.24,1685.044984443491
TR-034602,2025-08-06,1928.76,1851.4501197531367
TR-034603,2025-08-06,4983.84,4634.34763845607
TR-034604,2025-08-06,504.48,493.1382779485385
TR-034605,2025-08-06,5514.42,5463.220405794574
TR-034606,2025-08-06,2433.35,2645.0891798872376
TR-034607,2025-08-06,1666.76,1614.4228091284954
TR-034608,2025-08-06,2419.83,2509.3684409836233
TR-034609,2025-08-06,2271.22,2345.870941337467
TR-034610,2025-08-06,1802.65,1820.1377760655541
TR-034611,2025-08-06,1467.12,1693.274740782912
TR-034612,2025-08-06,1680.01,1702.2653283342854
TR-034613,2025-08-06,3112.32,3285.658774905912
TR-034614,2025-08-06,1473.44,1387.3202655772648
TR-034615,2025-08-06,3159.65,3091.93434823377
TR-034616,2025-08-06,501.52,485.3257596878184
TR-034617,2025-08-06,1028.59,1013.8926747919268
TR-034618,2025-08-06,1427.94,1608.5113573328747
TR-034619,2025-08-06,1759.75,1695.1839699549507
TR-034620,2025-08-06,1981.5,2106.157998673752
TR-034621,2025-08-06,1027.01,1092.4902676341067
TR-034622,2025-08-06,1986.63,1884.9012852239925
TR-034623,2025-08-06,1374.59,1345.773201840818
TR-034624,2025-08-06,867.11,831.3527992879385
TR-034625,2025-08-06,1711.41,1674.09720259926
TR-034626,2025-08-06,765.37,722.9609282842735
TR-034627,2025-08-06,3081.37,3218.0790919515775
TR-034628,2025-08-06,3782.97,3727.7961703882156
TR-034629,2025-08-06,2132.39,2028.0042013939471
TR-034630,2025-08-06,3234.66,3228.819569004262
TR-034631,2025-08-06,5133.07,5016.983026864938
TR-034632,2025-08-06,1481.05,1385.1722101768019
TR-034633,2025-08-06,1256.1,1232.6767587645954
TR-034634,2025-08-06,2981.88,3182.4441983027364
TR-034635,2025-08-06,2909.4,2897.1453831524364
TR-034636,2025-08-06,5602.35,5678.603859775375
TR-034637,2025-08-06,1120.37,1026.3563448115924
TR-034638,2025-08-06,1448.63,1587.8136203444815
TR-034639,2025-08-06,2838.46,2803.8071230556798
TR-034640,2025-08-06,2258.7,2202.6228250378776
TR-034641,2025-08-06,972.05,1013.8631021911808
TR-034642,2025-08-06,1772.78,1740.3582951565324
TR-034643,2025-08-06,2210.84,2360.670011420743
TR-034644,2025-08-06,2014.36,2048.8489059803724
TR-034645,2025-08-06,2408.12,2230.1073807509756
TR-034646,2025-08-06,5164.83,4635.821830267179
TR-034647,2025-08-06,1216.74,1207.0289171646493
TR-034648,2025-08-06,777.88,779.0205593455519
TR-034649,2025-08-06,3143.47,3117.987322267103
TR-034650,2025-08-06,3395.56,3511.949840897653
TR-034651,2025-08-06,1571.67,1657.259133483107
TR-034652,2025-08-06,4468.11,4152.057273000317
TR-034653,2025-08-06,2799.59,2938.8329335079848
TR-034654,2025-08-06,5683.71,1727.2488272967653
TR-034655,2025-08-06,732.67,728.3551190511693
TR-034656,2025-08-06,3552.01,3517.7471138747856
TR-034657,2025-08-06,2456.55,2418.493709122972
TR-034658,2025-08-06,745.17,736.9984055745745
TR-034659,2025-08-06,1370.78,1309.924241570865
TR-034660,2025-08-06,576.43,564.7417437168737
TR-034661,2025-08-06,991.38,983.9793099297762
TR-034662,2025-08-06,2140.03,2219.968074563105
TR-034663,2025-08-06,1018.23,1013.4109136979276
TR-034664,2025-08-06,3826.35,4153.299242477798
TR-034665,2025-08-06,1948.77,2033.9873012682863
TR-034666,2025-08-06,3259.7,3372.1454100727415
TR-034667,2025-08-06,475.52,410.56280197969755
TR-034668,2025-08-06,404.45,333.7565549517986
TR-034669,2025-08-06,1912.4,1916.294124268974
TR-034670,2025-08-06,1673.13,1582.3986925208053
TR-034671,2025-08-06,2062.25,2156.474088886847
TR-034672,2025-08-06,1152.35,1167.9044038243837
TR-034673,2025-08-06,1388.98,1331.4311030858837
TR-034674,2025-08-06,1575.96,1606.3511222647076
TR-034675,2025-08-06,1360.35,1382.3825018508674
TR-034676,2025-08-06,1542.96,1565.345946719303
TR-034677,2025-08-06,3825.45,3876.57845934994
TR-034678,2025-08-06,3065.8,3179.281697843698
TR-034679,2025-08-06,2180.15,2290.3916661781545
TR-034680,2025-08-06,2070.16,2000.5594301584601
TR-034681,2025-08-06,829.37,832.7317959886063
TR-034682,2025-08-06,2268.62,2090.472327833715
TR-034683,2025-08-06,5199.14,5455.045751060547
TR-034684,2025-08-06,1610.85,1669.1021899481873
TR-034685,2025-08-06,1987.7,2088.3614826019457
TR-034686,2025-08-06,1976.79,2064.7521420236244
TR-034687,2025-08-06,3825.29,3468.4263485653546
TR-034688,2025-08-06,3317.38,3435.247473740091
TR-034689,2025-08-06,772.73,770.6186042798458
TR-034690,2025-08-06,540.33,529.9545525992824
TR-034691,2025-08-07,2951.8,2910.5374773037183
TR-034692,2025-08-07,5438.05,5723.183246661135
TR-034693,2025-08-07,3723.07,3466.4649213070284
TR-034694,2025-08-07,2054.95,2076.0254047602325
TR-034695,2025-08-07,4541.48,4613.173490959643
TR-034696,2025-08-07,2927.05,3135.462328262422
TR-034697,2025-08-07,1434.89,1463.5024209256524
TR-034698,2025-08-07,500.91,485.2908683434329
TR-034699,2025-08-07,1362.53,1393.1603182885367
TR-034700,2025-08-07,630.52,565.9357407929067
TR-034701,2025-08-07,2156.91,2191.4970618155417
TR-034702,2025-08-07,2064.49,2076.2193986699403
TR-034703,2025-08-07,2094.46,1953.9667630963859
TR-034704,2025-08-07,2172.36,2216.2107206207047
TR-034705,2025-08-07,1884.75,1964.5574492621308
TR-034706,2025-08-07,801.56,849.5304547625793
TR-034707,2025-08-07,710.19,628.0937861360176
TR-034708,2025-08-07,2339.68,2337.944373521179
TR-034709,2025-08-07,997.09,924.6693808546408
TR-034710,2025-08-07,854.23,869.4903790447128
TR-034711,2025-08-07,706.05,721.1069927683097
TR-034712,2025-08-07,3430.8,3705.87303277268
TR-034713,2025-08-07,3569.91,3508.8807342916402
TR-034714,2025-08-07,4404.33,4217.398598969875
TR-034715,2025-08-07,2703.6,2689.3220365736074
TR-034716,2025-08-07,1183.07,1156.8755625368076
TR-034717,2025-08-07,1574.83,1800.0441331348204
TR-034718,2025-08-07,870.68,850.2104671245891
TR-034719,2025-08-07,1542.22,1440.2105514716945
TR-034720,2025-08-07,786.43,764.9353626944113
TR-034721,2025-08-07,1894.3,1801.434128492392
TR-034722,2025-08-07,1209.44,1287.142356563488
TR-034723,2025-08-07,1299.39,1306.028351164741
TR-034724,2025-08-07,2897.77,3175.881254225802
TR-034725,2025-08-07,2611.62,2608.658735497397
TR-034726,2025-08-07,1236.71,1193.86234651085
TR-034727,2025-08-07,401.93,393.255356698911
TR-034728,2025-08-07,1736.07,1747.532614477356
TR-034729,2025-08-07,565.79,535.463100221687
TR-034730,2025-08-07,1611.58,1670.8210229151287
TR-034731,2025-08-07,650.57,641.0192891638272
TR-034732,2025-08-07,2870.53,3022.8065725527827
TR-034733,2025-08-07,1578.01,1727.8112103084222
TR-034734,2025-08-07,1521.52,1455.4782219461822
TR-034735,2025-08-07,1514.86,1501.510841609653
TR-034736,2025-08-07,1174.07,1220.9563007825882
TR-034737,2025-08-07,4036.07,4226.404110402165
TR-034738,2025-08-07,3048.49,2946.5543236465983
TR-034739,2025-08-07,667.47,665.4173420141075
TR-034740,2025-08-07,833.05,768.7103966607706
TR-034741,2025-08-07,1964.78,1974.4509255644657
TR-034742,2025-08-07,1798.1,1892.6500790434545
TR-034743,2025-08-07,4789.86,4369.031389490127
TR-034744,2025-08-07,784.66,752.9964608176209
TR-034745,2025-08-07,3257.36,3425.81715608881
TR-034746,2025-08-07,349.58,327.65256756940215
TR-034747,2025-08-07,766.52,765.6314509828342
TR-034748,2025-08-07,2747.01,2777.823286961997
TR-034749,2025-08-07,5176.59,5390.1852380735145
TR-034750,2025-08-07,4690.81,4961.357620911989
TR-034751,2025-08-07,2633.37,2739.657864829064
TR-034752,2025-08-07,2072.09,2082.2517870763463
TR-034753,2025-08-07,1830.62,5299.025995047137
TR-034754,2025-08-07,3372.04,3334.991366971936
TR-034755,2025-08-07,1656.95,1606.2557190552222
TR-034756,2025-08-07,284.34,296.7883014181099
TR-034757,2025-08-07,1261.03,1222.4717655336374
TR-034758,2025-08-07,3762.66,3785.449154448313
TR-034759,2025-08-07,663.38,677.1904694987151
TR-034760,2025-08-07,1942.6,2029.2989217685129
TR-034761,2025-08-07,495.86,492.496326656598
TR-034762,2025-08-07,1408.45,1328.800277781761
TR-034763,2025-08-07,2485.18,2513.7333724091645
TR-034764,2025-08-07,1925.82,1999.8794799668253
TR-034765,2025-08-07,4237.04,4589.155768146664
TR-034766,2025-08-07,3382.18,3184.9140738025567
TR-034767,2025-08-07,2487.08,2454.7383840175453
TR-034768,2025-08-07,209.4,237.82063736875853
TR-034769,2025-08-07,2954.76,2990.784832493472
TR-034770,2025-08-07,1570.29,1479.528781755557
TR-034771,2025-08-07,3184.03,3471.947220053234
TR-034772,2025-08-07,1565.79,1540.4901101370713
TR-034773,2025-08-07,1964.47,1973.968633265832
TR-034774,2025-08-07,3690.06,3698.662478377358
TR-034775,2025-08-07,792.21,740.4065424360125
TR-034776,2025-08-07,1090.99,1034.639951958423
TR-034777,2025-08-07,1899.73,1844.9397020687154
TR-034778,2025-08-07,1903.46,1844.3297626277679
TR-034779,2025-08-07,1341.65,1221.2721387574732
TR-034780,2025-08-07,2158.03,2225.0868129856644
TR-034781,2025-08-07,2308.97,2144.993666454385
TR-034782,2025-08-07,3719.44,3726.9265551912013
TR-034783,2025-08-07,3625.95,3769.0498841648705
TR-034784,2025-08-07,4331.05,4547.274960096903
TR-034785,2025-08-07,2998.17,3190.0090756559243
TR-034786,2025-08-07,1003.91,926.7665811708054
TR-034787,2025-08-07,1554.46,1441.3251578134004
TR-034788,2025-08-07,1579.46,1468.6639602290772
TR-034789,2025-08-07,3330.65,3345.0354343274794
TR-034790,2025-08-07,2820.72,2786.776102118927
TR-034791,2025-08-07,562.57,497.87535054374223
TR-034792,2025-08-07,2533.07,2442.0921326939815
TR-034793,2025-08-07,1751.03,1648.8904365621372
TR-034794,2025-08-07,2740.8,2898.2523463114762
TR-034795,2025-08-07,1494.32,1467.5310493381894
TR-034796,2025-08-07,1579.37,1578.2058718852443
TR-034797,2025-08-07,3384.67,3309.5750737812946
TR-034798,2025-08-07,3491.47,3452.5430201278414
TR-034799,2025-08-07,774.15,797.6091116664771
TR-034800,2025-08-07,2121.71,2113.16947317362
TR-034801,2025-08-07,4039.42,4289.6243622987295
TR-034802,2025-08-07,5955.45,6063.38027640537
TR-034803,2025-08-07,2808.51,2582.739302954121
TR-034804,2025-08-07,2278.63,2347.519327450964
TR-034805,2025-08-07,1067.95,1121.0371199220078
TR-034806,2025-08-07,1008.36,991.3075089574663
TR-034807,2025-08-07,1422.9,1476.9077256672772
TR-034808,2025-08-07,4991.17,5293.628049047118
TR-034809,2025-08-07,2361.06,2343.225894106976
TR-034810,2025-08-07,3002.98,2858.308358752887
TR-034811,2025-08-07,1270.71,1261.5337568406294
TR-034812,2025-08-07,411.76,429.18468355099964
TR-034813,2025-08-07,958.54,962.1567302230968
TR-034814,2025-08-07,3809.42,4001.0183219474707
TR-034815,2025-08-07,741.22,722.0258925850021
TR-034816,2025-08-07,438.9,449.70840452762843
TR-034817,2025-08-07,3086.9,3083.54536832948
TR-034818,2025-08-07,3074.72,3102.8467998285037
TR-034819,2025-08-07,3945.58,4140.344763927881
TR-034820,2025-08-07,1594.36,1612.8106622834428
TR-034821,2025-08-07,957.66,955.3172797104824
TR-034822,2025-08-07,1053.53,1137.2799029843586
TR-034823,2025-08-07,1715.62,1582.2091720277413
TR-034824,2025-08-07,587.61,564.6716025714478
TR-034825,2025-08-07,2927.36,2715.332101924062
TR-034826,2025-08-07,1672.28,1663.2228573883792
TR-034827,2025-08-07,1940.52,2098.0644781295205
TR-034828,2025-08-07,1279.7,1351.7521054940828
TR-034829,2025-08-07,4220.82,4593.375597319006
TR-034830,2025-08-07,4464.55,4631.924806031677
TR-034831,2025-08-07,1810.57,1649.9991438775257
TR-034832,2025-08-07,2032.18,2085.1934416263716
TR-034833,2025-08-07,642.46,633.2871718150974
TR-034834,2025-08-07,1357.74,1385.6491756960725
TR-034835,2025-08-07,2376.05,2454.721317819281
TR-034836,2025-08-07,782.28,787.0717245455214
TR-034837,2025-08-07,1173.83,1166.2112635677431
TR-034838,2025-08-07,1670.44,1653.8835535123565
TR-034839,2025-08-07,1171.67,1201.1141673996822
TR-034840,2025-08-07,304.19,324.3239056219812
TR-034841,2025-08-07,4992.36,5342.964923723467
TR-034842,2025-08-07,1391.2,1348.193104597152
TR-034843,2025-08-07,907.3,901.8061443734418
TR-034844,2025-08-07,1004.91,1001.1052021439157
TR-034845,2025-08-08,663.11,628.3405817047615
TR-034846,2025-08-08,5705.66,5750.522269450977
TR-034847,2025-08-08,2167.6,2117.842596960467
TR-034848,2025-08-08,864.72,846.7791529538785
TR-034849,2025-08-08,1684.04,1645.6766287017585
TR-034850,2025-08-08,1934.3,2028.3268444658904
TR-034851,2025-08-08,1165.31,1133.1884236432631
TR-034852,2025-08-08,1751.1,1817.6081265124253
TR-034853,2025-08-08,3540.37,3593.982288219917
TR-034854,2025-08-08,3570.31,3753.3980106650615
TR-034855,2025-08-08,4832.58,4691.510596053977
TR-034856,2025-08-08,4892.81,4280.63061607724
TR-034857,2025-08-08,1782.14,1760.952887995884
TR-034858,2025-08-08,588.08,569.9244786162942
TR-034859,2025-08-08,750.45,733.3995942174156
TR-034860,2025-08-08,3670.29,3586.1566178404655
TR-034861,2025-08-08,1363.67,1351.2038818725134
TR-034862,2025-08-08,5020.53,5584.389396775632
TR-034863,2025-08-08,3903.3,4111.837842060528
TR-034864,2025-08-08,1692.05,1722.2534331461259
TR-034865,2025-08-08,3848.31,3776.5472568198315
TR-034866,2025-08-08,1317.98,1321.0095063880303
TR-034867,2025-08-08,517.57,485.3098532768283
TR-034868,2025-08-08,3881.97,3905.998050842248
TR-034869,2025-08-08,2220.75,2250.5666558107464
TR-034870,2025-08-08,1015.89,1016.4484516625373
TR-034871,2025-08-08,2470.57,2575.5327838168846
TR-034872,2025-08-08,3771.21,3651.6838922298393
TR-034873,2025-08-08,2492.87,2543.439765210613
TR-034874,2025-08-08,4326.19,4236.840608760441
TR-034875,2025-08-08,3830.53,3910.7054856906584
TR-034876,2025-08-08,683.22,670.9768457100753
TR-034877,2025-08-08,1327.43,1355.1080909937587
TR-034878,2025-08-08,1433.38,1467.6260980029306
TR-034879,2025-08-08,3823.46,3766.143395478673
TR-034880,2025-08-08,3773.14,3189.652145675901
TR-034881,2025-08-08,1465.1,1554.9588923450526
TR-034882,2025-08-08,966.22,950.6948061803026
TR-034883,2025-08-08,571.01,534.5539808752611
TR-034884,2025-08-08,5570.67,5500.432213234754
TR-034885,2025-08-08,5674.2,5345.8422214803895
TR-034886,2025-08-08,997.09,1014.7689500131509
TR-034887,2025-08-08,4036.41,4482.807505122694
TR-034888,2025-08-08,2934.61,2808.687024084803
TR-034889,2025-08-08,1410.76,1416.31077816916
TR-034890,2025-08-08,1571.25,1647.2703093448802
TR-034891,2025-08-08,5720.06,5689.77115187482
TR-034892,2025-08-08,2048.83,1924.9581389627272
TR-034893,2025-08-08,1161.43,1156.4278502913671
TR-034894,2025-08-08,2316.1,2310.5638482211134
TR-034895,2025-08-08,1267.82,1226.2979093052988
TR-034896,2025-08-08,2038.35,2155.70607969072
TR-034897,2025-08-08,1765.51,1792.2062073701052
TR-034898,2025-08-08,1551.07,1551.4985992221218
TR-034899,2025-08-08,836.0,814.0688536858108
TR-034900,2025-08-08,2065.82,2209.5418631185107
TR-034901,2025-08-08,2509.21,2488.284112525435
TR-034902,2025-08-08,995.76,979.0685262575171
TR-034903,2025-08-08,927.99,987.9608976869141
TR-034904,2025-08-08,2658.24,2534.5588534941126
TR-034905,2025-08-08,4294.76,3336.6677383234364
TR-034906,2025-08-08,1346.29,1293.9517194735517
TR-034907,2025-08-08,1945.82,1846.3330724966725
TR-034908,2025-08-08,2234.7,2088.1619974459722
TR-034909,2025-08-08,2989.73,3188.6368126793054
TR-034910,2025-08-08,3733.6,3912.355601302943
TR-034911,2025-08-08,2194.45,2141.6899383062973
TR-034912,2025-08-08,2416.12,2229.3408975145726
TR-034913,2025-08-08,5274.79,5481.715345281771
TR-034914,2025-08-08,4829.09,5265.5435241752
TR-034915,2025-08-08,1778.27,1823.962280396689
TR-034916,2025-08-08,2128.43,1860.4608913170284
TR-034917,2025-08-08,1461.4,1501.4880623572412
TR-034918,2025-08-08,1215.61,1196.3363650308456
TR-034919,2025-08-08,1681.32,1641.809072294084
TR-034920,2025-08-08,1833.6,1815.1771275289682
TR-034921,2025-08-08,1044.26,1067.887821484883
TR-034922,2025-08-08,897.12,871.922442934719
TR-034923,2025-08-08,3601.64,3601.3762301632974
TR-034924,2025-08-08,1592.58,1696.0456960506235
TR-034925,2025-08-08,3258.23,3111.4190036153673
TR-034926,2025-08-08,3779.79,3942.8795862395227
TR-034927,2025-08-08,2108.66,2233.171208526168
TR-034928,2025-08-08,1814.15,1865.9460552380476
TR-034929,2025-08-08,3266.77,3520.643968164067
TR-034930,2025-08-08,2545.42,2673.901589463685
TR-034931,2025-08-08,4419.87,4333.150719504617
TR-034932,2025-08-08,4450.96,4614.338569098481
TR-034933,2025-08-08,1367.66,1349.5674299342227
TR-034934,2025-08-08,650.18,1499.5107014949003
TR-034935,2025-08-08,3436.38,3859.7880071938102
TR-034936,2025-08-08,1187.34,1131.5457465891373
TR-034937,2025-08-08,1905.67,1991.365188761964
TR-034938,2025-08-08,2900.29,2934.2418164489477
TR-034939,2025-08-08,3414.47,3295.246870862661
TR-034940,2025-08-08,2208.98,2208.372343264185
TR-034941,2025-08-08,337.03,1495.467491025498
TR-034942,2025-08-08,385.5,337.29740919163464
TR-034943,2025-08-08,2293.39,2257.24621171647
TR-034944,2025-08-08,1207.71,1202.1626415882913
TR-034945,2025-08-08,2706.03,2736.1864167854937
TR-034946,2025-08-08,4146.94,4753.3123845554555
TR-034947,2025-08-08,2704.44,2627.7987509131854
TR-034948,2025-08-08,3210.97,3477.322224366243
TR-034949,2025-08-08,1322.46,1290.3154932243292
TR-034950,2025-08-08,2766.03,3025.094080778616
TR-034951,2025-08-08,2818.11,2766.1437604844855
TR-034952,2025-08-08,5823.64,5549.071222445215
TR-034953,2025-08-08,3571.55,3808.4037489382677
TR-034954,2025-08-08,859.46,859.4437599892519
TR-034955,2025-08-08,4179.39,3876.6560383583455
TR-034956,2025-08-08,965.42,935.8235295067775
TR-034957,2025-08-08,4577.31,4855.197872704471
TR-034958,2025-08-08,3612.69,4041.882365469989
TR-034959,2025-08-08,712.84,712.2943579699165
TR-034960,2025-08-08,3655.8,3583.0013585326133
TR-034961,2025-08-08,2474.44,2477.8502390225585
TR-034962,2025-08-08,2736.5,2636.0158636468573
TR-034963,2025-08-08,5760.01,6081.73775788353
TR-034964,2025-08-08,2789.62,2870.7388753858017
TR-034965,2025-08-08,2252.44,2329.3382173363916
TR-034966,2025-08-08,3052.21,3317.263370401068
TR-034967,2025-08-08,611.95,570.6155044317131
TR-034968,2025-08-08,2322.08,2387.2482303230336
TR-034969,2025-08-08,1646.7,1522.9190122546083
TR-034970,2025-08-08,446.97,414.58555338134875
TR-034971,2025-08-08,4059.94,4353.732206446892
TR-034972,2025-08-08,790.09,776.620053861342
TR-034973,2025-08-08,1944.03,2039.2698044239219
TR-034974,2025-08-08,1201.16,1168.779102830275
TR-034975,2025-08-08,1895.48,2018.2642697902309
TR-034976,2025-08-08,2917.68,2724.9212424669827
TR-034977,2025-08-08,2545.53,2416.582000290416
TR-034978,2025-08-08,4195.98,4064.447975815536
TR-034979,2025-08-08,4781.79,5187.366247667584
TR-034980,2025-08-08,1098.67,1081.699207321783
TR-034981,2025-08-08,1234.26,1338.8454614853824
TR-034982,2025-08-08,4432.5,4271.707693478402
TR-034983,2025-08-08,4725.92,4837.332498693201
TR-034984,2025-08-08,1579.67,1593.3315676264883
TR-034985,2025-08-08,5499.06,5519.473124977832
TR-034986,2025-08-08,1344.04,1313.7165611481782
TR-034987,2025-08-09,1036.77,998.617355641488
TR-034988,2025-08-09,2349.25,2363.3355450706426
TR-034989,2025-08-09,1251.03,1312.4911265689368
TR-034990,2025-08-09,1187.19,1175.7576558100423
TR-034991,2025-08-09,2651.6,2783.8886102107695
TR-034992,2025-08-09,2045.35,2069.1751880841825
TR-034993,2025-08-09,3935.62,3762.51741562157
TR-034994,2025-08-09,2099.19,2186.557776140928
TR-034995,2025-08-09,710.04,731.9390881064994
TR-034996,2025-08-09,1094.79,1157.3955695241386
TR-034997,2025-08-09,4026.88,4258.673551036637
TR-034998,2025-08-09,712.5,683.7060637202915
TR-034999,2025-08-09,5031.67,5067.663047876647
TR-035000,2025-08-09,3164.39,3264.7913544371922
TR-035001,2025-08-09,1188.22,1137.9455601856796
TR-035002,2025-08-09,1232.15,1182.815071434301
TR-035003,2025-08-09,2077.35,2173.7529637905354
TR-035004,2025-08-09,3016.77,3130.5655848565616
TR-035005,2025-08-09,4958.16,4544.974875305168
TR-035006,2025-08-09,3288.81,3290.3211053547648
TR-035007,2025-08-09,3013.8,3402.858201066935
TR-035008,2025-08-09,358.18,328.8465075989921
TR-035009,2025-08-09,1676.9,1883.3316085552055
TR-035010,2025-08-09,4139.48,4466.620083295105
TR-035011,2025-08-09,655.92,674.3360731319636
TR-035012,2025-08-09,1414.15,1444.9562651842496
TR-035013,2025-08-09,1790.35,1693.3443345444716
TR-035014,2025-08-09,2895.37,3014.8613663006972
TR-035015,2025-08-09,1056.79,3504.9236974774603
TR-035016,2025-08-09,916.51,963.1581428430378
TR-035017,2025-08-09,2997.24,2768.0173593220725
TR-035018,2025-08-09,2030.21,2093.6456975486885
TR-035019,2025-08-09,2460.35,2396.340982772076
TR-035020,2025-08-09,727.6,737.7969611109974
TR-035021,2025-08-09,1540.56,1524.0509852438508
TR-035022,2025-08-09,3248.29,3232.936264104412
TR-035023,2025-08-09,3901.56,906.3516736737554
TR-035024,2025-08-09,1556.08,1487.3599988469534
TR-035025,2025-08-09,1369.86,1456.3784193019537
TR-035026,2025-08-09,1460.21,1500.6664379544472
TR-035027,2025-08-09,1428.06,1460.5094823349418
TR-035028,2025-08-09,2020.28,2049.123723516728
TR-035029,2025-08-09,1811.5,1861.695235269465
TR-035030,2025-08-09,3877.81,3598.995122749923
TR-035031,2025-08-09,1176.42,1177.1846368532206
TR-035032,2025-08-09,1599.34,1643.7256154739864
TR-035033,2025-08-09,1626.92,1529.1506645542374
TR-035034,2025-08-09,3529.05,2993.1433393424977
TR-035035,2025-08-09,1407.97,1413.8329005815165
TR-035036,2025-08-09,3958.79,3915.8103363069417
TR-035037,2025-08-09,1777.94,1659.6333007287449
TR-035038,2025-08-09,1172.4,1103.7585747833757
TR-035039,2025-08-09,1700.05,1777.8780319982204
TR-035040,2025-08-09,3860.28,3908.4581303566265
TR-035041,2025-08-09,1703.49,1728.798224266445
TR-035042,2025-08-09,3806.09,4022.9873598123486
TR-035043,2025-08-09,1940.32,2009.6027590218469
TR-035044,2025-08-09,659.78,632.1205270774844
TR-035045,2025-08-09,230.74,244.42608165077698
TR-035046,2025-08-09,2782.99,2701.2737338623333
TR-035047,2025-08-09,3003.62,2930.8907256823995
TR-035048,2025-08-09,3572.6,3766.7113322892287
TR-035049,2025-08-09,617.77,605.2584252897283
TR-035050,2025-08-09,1561.71,1539.5687335371722
TR-035051,2025-08-09,4431.13,4895.471429129178
TR-035052,2025-08-09,2642.06,2727.4390824896695
TR-035053,2025-08-09,4474.0,4656.801912936505
TR-035054,2025-08-09,1528.76,1553.0155854676714
TR-035055,2025-08-09,4333.26,3834.509051505352
TR-035056,2025-08-09,4006.7,3811.5150284593974
TR-035057,2025-08-09,3615.67,3800.2627677407827
TR-035058,2025-08-09,920.29,936.8071114471777
TR-035059,2025-08-09,1547.03,1670.185741427901
TR-035060,2025-08-09,1003.44,975.3242346311591
TR-035061,2025-08-09,4236.94,4139.387824427271
TR-035062,2025-08-09,589.3,565.9327207081287
TR-035063,2025-08-09,1437.11,1356.0941005627956
TR-035064,2025-08-09,2925.64,3030.840724027412
TR-035065,2025-08-09,1157.66,1205.837497739315
TR-035066,2025-08-09,2442.54,2388.640551036302
TR-035067,2025-08-09,2302.4,2422.7531278051365
TR-035068,2025-08-09,1474.25,1492.3844305403093
TR-035069,2025-08-09,1038.4,1034.9852812376853
TR-035070,2025-08-09,1467.37,1523.0697118987625
TR-035071,2025-08-09,3840.01,4049.5083812511766
TR-035072,2025-08-09,2562.49,2584.7249889918353
TR-035073,2025-08-09,986.16,886.0119081085388
TR-035074,2025-08-09,783.59,741.098543964044
TR-035075,2025-08-09,780.79,735.7050691402848
TR-035076,2025-08-09,3359.74,3165.440997793197
TR-035077,2025-08-09,991.31,1004.4241911073136
TR-035078,2025-08-09,1550.93,1537.4221441050713
TR-035079,2025-08-09,4765.56,4752.408989277738
TR-035080,2025-08-09,2898.12,2748.686226354889
TR-035081,2025-08-09,1639.52,1581.6062698814967
TR-035082,2025-08-09,908.2,865.5611784866244
TR-035083,2025-08-09,1128.95,1122.3978651202044
TR-035084,2025-08-09,2648.74,2688.9930025504905
TR-035085,2025-08-09,3987.01,4049.0653295728393
TR-035086,2025-08-09,1882.9,2036.0865026257154
TR-035087,2025-08-09,925.7,902.9816418203922
TR-035088,2025-08-09,4020.71,4074.822633887001
TR-035089,2025-08-09,773.77,757.798151450474
TR-035090,2025-08-09,3640.82,3977.8209037054794
TR-035091,2025-08-09,1735.44,1740.4838437534574
TR-035092,2025-08-09,2580.12,2554.274795001724
TR-035093,2025-08-09,3265.54,3462.3892109364524
TR-035094,2025-08-09,3573.56,3808.623627067235
TR-035095,2025-08-09,1765.9,1838.1307277228786
TR-035096,2025-08-09,3398.64,2932.8517020993168
TR-035097,2025-08-09,1859.26,1821.4253812865652
TR-035098,2025-08-09,1867.23,1917.296438733068
TR-035099,2025-08-09,1473.24,1468.8746496526142
TR-035100,2025-08-09,1462.21,1490.1668935566854
TR-035101,2025-08-09,2075.08,2221.690316855915
TR-035102,2025-08-09,875.03,815.2733069630211
TR-035103,2025-08-09,795.36,4041.9592441668256
TR-035104,2025-08-09,1211.18,1214.1401408940496
TR-035105,2025-08-09,2953.57,2828.9428805609255
TR-035106,2025-08-09,2188.21,2243.876729224373
TR-035107,2025-08-09,6146.72,5717.309056731936
TR-035108,2025-08-09,1126.53,1103.58243991072
TR-035109,2025-08-09,1328.61,1456.1341024578471
TR-035110,2025-08-09,2718.35,2861.2903856555017
TR-035111,2025-08-09,3835.04,3878.9563026061464
TR-035112,2025-08-09,2852.57,2636.9397183010633
TR-035113,2025-08-09,1693.89,1773.6564770257708
TR-035114,2025-08-09,1489.42,1536.6681369825317
TR-035115,2025-08-09,1039.42,1008.5280567772763
TR-035116,2025-08-09,884.21,889.9269415386294
TR-035117,2025-08-09,1385.87,1329.078222095499
TR-035118,2025-08-09,3121.41,3232.9756352275426
TR-035119,2025-08-09,1591.62,1612.641132557113
TR-035120,2025-08-09,992.49,1050.5502914476124
TR-035121,2025-08-09,1335.98,1221.70452525132
TR-035122,2025-08-09,733.42,694.9149793250443
TR-035123,2025-08-09,1117.78,1198.6247838483712
TR-035124,2025-08-09,899.52,941.614911888329
TR-035125,2025-08-09,1036.15,1046.0025888384623
TR-035126,2025-08-09,1202.29,1169.2931367236226
TR-035127,2025-08-09,2519.36,2644.8117596316297
TR-035128,2025-08-09,1642.55,1687.2475860619124
TR-035129,2025-08-10,1776.04,1788.4052918879186
TR-035130,2025-08-10,2054.43,2262.905038228393
TR-035131,2025-08-10,1365.5,1377.699535774441
TR-035132,2025-08-10,3699.35,3751.4836657095243
TR-035133,2025-08-10,1795.06,1802.5594977470857
TR-035134,2025-08-10,632.38,631.5952453302344
TR-035135,2025-08-10,1038.13,996.7577576567616
TR-035136,2025-08-10,1342.86,1409.5658640747838
TR-035137,2025-08-10,1902.18,2033.721448163658
TR-035138,2025-08-10,1220.87,1333.4193364437335
TR-035139,2025-08-10,2447.19,2490.6353883138677
TR-035140,2025-08-10,1909.85,2136.8603960222567
TR-035141,2025-08-10,4106.44,4535.020822517985
TR-035142,2025-08-10,3343.72,3304.335163106885
TR-035143,2025-08-10,2854.8,2771.7755354332567
TR-035144,2025-08-10,4216.16,4608.931229796638
TR-035145,2025-08-10,3217.55,3331.028093016765
TR-035146,2025-08-10,942.45,980.2887101763747
TR-035147,2025-08-10,3190.13,3301.5429363987805
TR-035148,2025-08-10,3126.39,3384.2366374249937
TR-035149,2025-08-10,2284.93,2461.3895964602993
TR-035150,2025-08-10,1420.87,1396.1861866027539
TR-035151,2025-08-10,1404.52,1338.1879504258732
TR-035152,2025-08-10,413.18,426.69770193654335
TR-035153,2025-08-10,1398.22,1349.4238323147786
TR-035154,2025-08-10,960.36,970.102262013535
TR-035155,2025-08-10,1023.97,984.0310006819225
TR-035156,2025-08-10,928.24,976.7641395023389
TR-035157,2025-08-10,4071.62,4207.128012203326
TR-035158,2025-08-10,3504.05,3330.5893357834902
TR-035159,2025-08-10,4328.43,4077.7689068150794
TR-035160,2025-08-10,1553.55,1513.542693030564
TR-035161,2025-08-10,2905.53,3096.916903469923
TR-035162,2025-08-10,1997.37,1878.5543905557752
TR-035163,2025-08-10,3931.8,4043.2879322440863
TR-035164,2025-08-10,723.9,721.999923125907
TR-035165,2025-08-10,329.37,295.7613569440842
TR-035166,2025-08-10,3718.65,4367.224494811047
TR-035167,2025-08-10,2454.42,2530.849735870574
TR-035168,2025-08-10,1859.54,1867.9814598527737
TR-035169,2025-08-10,972.43,913.4085171497918
TR-035170,2025-08-10,1378.6,1304.4798521707405
TR-035171,2025-08-10,233.81,224.7242402494226
TR-035172,2025-08-10,957.67,909.9109136458948
TR-035173,2025-08-10,2691.28,2694.063077428105
TR-035174,2025-08-10,1828.07,1879.9659215833015
TR-035175,2025-08-10,3824.3,3984.241613832369
TR-035176,2025-08-10,1164.15,1286.8811407161402
TR-035177,2025-08-10,275.69,286.8857446861357
TR-035178,2025-08-10,2426.85,2557.4174953128136
TR-035179,2025-08-10,1204.81,1248.6326157009119
TR-035180,2025-08-10,3178.59,3160.7611867628593
TR-035181,2025-08-10,4405.84,4743.053246750743
TR-035182,2025-08-10,4611.27,4313.332973969698
TR-035183,2025-08-10,4298.7,4375.418196458243
TR-035184,2025-08-10,851.58,844.0585661023803
TR-035185,2025-08-10,3305.7,3102.3176063065425
TR-035186,2025-08-10,2085.7,2058.6581721954194
TR-035187,2025-08-10,2153.53,2087.7663759868256
TR-035188,2025-08-10,3186.66,3476.928772207653
TR-035189,2025-08-10,1832.56,1961.7182200424331
TR-035190,2025-08-10,550.36,554.395670336365
TR-035191,2025-08-10,783.37,786.8479449079756
TR-035192,2025-08-10,1047.55,992.1334677247327
TR-035193,2025-08-10,5093.1,5446.71018381765
TR-035194,2025-08-10,3093.54,3372.3497550936604
TR-035195,2025-08-10,760.66,703.1625156099599
TR-035196,2025-08-10,2792.14,2854.929009250062
TR-035197,2025-08-10,5553.52,2281.6298026239638
TR-035198,2025-08-10,4582.99,4728.089748738773
TR-035199,2025-08-10,3857.29,4091.3442004044746
TR-035200,2025-08-10,1001.11,929.4351694854486
TR-035201,2025-08-10,337.95,332.21763574042774
TR-035202,2025-08-10,4656.79,4920.452014653274
TR-035203,2025-08-10,660.17,673.9246258689255
TR-035204,2025-08-10,3718.38,3966.295536448051
TR-035205,2025-08-10,858.29,852.4111051149995
TR-035206,2025-08-10,888.26,879.7507999730948
TR-035207,2025-08-10,2380.21,2478.360092852869
TR-035208,2025-08-10,2721.3,2901.720613889686
TR-035209,2025-08-10,3882.23,1380.5275755567798
TR-035210,2025-08-10,649.19,635.95268189284
TR-035211,2025-08-10,4573.63,4878.438818191513
TR-035212,2025-08-10,789.87,795.947253262886
TR-035213,2025-08-10,1399.97,1359.2331968881024
TR-035214,2025-08-10,496.96,487.145459398908
TR-035215,2025-08-10,3247.66,3391.0167936597045
TR-035216,2025-08-10,3810.01,3973.3695977122643
TR-035217,2025-08-10,1204.71,1252.5219007902483
TR-035218,2025-08-10,4704.17,4984.597132546135
TR-035219,2025-08-10,791.45,776.309483529084
TR-035220,2025-08-10,4040.02,4321.470015018334
TR-035221,2025-08-10,2894.59,3190.020218164233
TR-035222,2025-08-10,1646.72,1807.9111396849405
TR-035223,2025-08-10,1513.5,1686.9384004200906
TR-035224,2025-08-10,1777.71,1716.3039491793472
TR-035225,2025-08-10,1878.82,1984.5908287573952
TR-035226,2025-08-10,2769.66,2925.407860775265
TR-035227,2025-08-10,1161.9,1258.4944809370454
TR-035228,2025-08-10,268.64,1315.7409283464092
TR-035229,2025-08-10,919.66,944.7084499785715
TR-035230,2025-08-10,262.01,241.19080392153003
TR-035231,2025-08-10,1197.41,1287.942709830529
TR-035232,2025-08-10,1389.13,1424.2023116651214
TR-035233,2025-08-10,4036.21,4132.667833562208
TR-035234,2025-08-10,1841.89,2012.2227159269212
TR-035235,2025-08-10,791.5,788.9556525812005
TR-035236,2025-08-10,5414.37,5458.468668039668
TR-035237,2025-08-10,1121.27,1042.2185703900086
TR-035238,2025-08-10,826.9,796.0563006701922
TR-035239,2025-08-10,6481.38,6435.865706573725
TR-035240,2025-08-10,2515.98,2622.2231517144783
TR-035241,2025-08-10,2327.19,2413.589944014322
TR-035242,2025-08-10,2412.94,2490.340258837697
TR-035243,2025-08-10,973.67,1003.3542031176933
TR-035244,2025-08-10,1367.36,1248.0077005778553
TR-035245,2025-08-10,5749.81,5995.618093544701
TR-035246,2025-08-10,4277.12,4405.899373406628
TR-035247,2025-08-10,420.44,341.5438077871212
TR-035248,2025-08-10,1416.79,1306.5806359766395
TR-035249,2025-08-10,2495.11,2471.1684336599064
TR-035250,2025-08-10,1798.38,1813.5992419048569
TR-035251,2025-08-10,1335.27,1390.5789586295514
TR-035252,2025-08-10,1418.91,1338.3660794508241
TR-035253,2025-08-10,1491.67,1508.466614807325
TR-035254,2025-08-10,4273.82,4504.631692347718
TR-035255,2025-08-10,4088.63,4513.454741589893
TR-035256,2025-08-10,767.11,786.8840504134441
TR-035257,2025-08-10,3958.37,3971.8686597614583
TR-035258,2025-08-10,974.02,935.8504774238074
TR-035259,2025-08-10,636.89,579.1585139070047
TR-035260,2025-08-10,1831.93,1929.6971799812052
TR-035261,2025-08-10,761.53,747.8217658377265
TR-035262,2025-08-11,4491.77,4376.133004832762
TR-035263,2025-08-11,1524.75,1577.8659046171376
TR-035264,2025-08-11,625.37,603.5417064343544
TR-035265,2025-08-11,3458.25,3480.421697651196
TR-035266,2025-08-11,1279.49,1178.9807761495836
TR-035267,2025-08-11,907.19,917.3782420021599
TR-035268,2025-08-11,2209.07,2294.1883911069503
TR-035269,2025-08-11,953.88,941.5766287226002
TR-035270,2025-08-11,4084.75,4423.7485526768905
TR-035271,2025-08-11,1892.94,1830.8488871842637
TR-035272,2025-08-11,600.71,633.9628771603773
TR-035273,2025-08-11,1576.18,1534.4402825309915
TR-035274,2025-08-11,2599.39,2513.18975196095
TR-035275,2025-08-11,2593.96,2567.9268979368117
TR-035276,2025-08-11,888.38,913.7502614298288
TR-035277,2025-08-11,5270.78,5639.612033821653
TR-035278,2025-08-11,2890.49,2838.434884911839
TR-035279,2025-08-11,3238.03,3466.1568068648403
TR-035280,2025-08-11,3421.27,3597.0980603736293
TR-035281,2025-08-11,1334.25,1395.7018542809938
TR-035282,2025-08-11,305.68,1285.417969454577
TR-035283,2025-08-11,886.67,960.9014797005098
TR-035284,2025-08-11,1872.3,2023.1804077578963
TR-035285,2025-08-11,3017.51,2900.473259818034
TR-035286,2025-08-11,4309.28,4590.11855293649
TR-035287,2025-08-11,3788.89,4115.231678871397
TR-035288,2025-08-11,4313.31,3932.3758797582946
TR-035289,2025-08-11,1425.03,1491.2389204390904
TR-035290,2025-08-11,2664.37,2553.4411308388885
TR-035291,2025-08-11,795.95,795.0558994403882
TR-035292,2025-08-11,2334.57,2321.4532596325635
TR-035293,2025-08-11,1571.35,1610.3087954183804
TR-035294,2025-08-11,3296.51,3106.743751464326
TR-035295,2025-08-11,729.36,724.0554505352943
TR-035296,2025-08-11,747.24,732.9396406283909
TR-035297,2025-08-11,3842.81,4307.355870717801
TR-035298,2025-08-11,4651.57,1695.101824205357
TR-035299,2025-08-11,2191.92,2203.716167073495
TR-035300,2025-08-11,1529.59,1781.0366866813708
TR-035301,2025-08-11,3495.32,3714.5185655251794
TR-035302,2025-08-11,1985.71,2068.635622934641
TR-035303,2025-08-11,3666.1,3792.1236420639566
TR-035304,2025-08-11,2136.72,2117.3984714202966
TR-035305,2025-08-11,2581.99,2428.627304580591
TR-035306,2025-08-11,2234.66,2148.085077143662
TR-035307,2025-08-11,1340.58,1300.092586751705
TR-035308,2025-08-11,3461.55,3846.1014920437565
TR-035309,2025-08-11,4213.99,4629.807984702406
TR-035310,2025-08-11,1395.03,1411.4015809706007
TR-035311,2025-08-11,1103.59,1126.7192149233342
TR-035312,2025-08-11,2388.35,2516.639698812095
TR-035313,2025-08-11,1901.97,1798.3948425338035
TR-035314,2025-08-11,566.28,592.5408136192245
TR-035315,2025-08-11,2606.73,2688.8006156959123
TR-035316,2025-08-11,1138.47,1107.255274624626
TR-035317,2025-08-11,3401.27,3388.693686147161
TR-035318,2025-08-11,1663.41,1697.4936839576396
TR-035319,2025-08-11,1796.52,1779.560535404489
TR-035320,2025-08-11,2254.77,2205.1772466227953
TR-035321,2025-08-11,3690.87,4034.4381384597314
TR-035322,2025-08-11,1985.19,2017.9451366304068
TR-035323,2025-08-11,1871.5,1810.7898580927806
TR-035324,2025-08-11,304.31,303.1832107921782
TR-035325,2025-08-11,1917.59,1974.6572363922257
TR-035326,2025-08-11,1497.97,1551.894366609447
TR-035327,2025-08-11,4638.65,4522.871634664729
TR-035328,2025-08-11,3709.66,3800.8540221205994
TR-035329,2025-08-11,429.58,367.0108966748603
TR-035330,2025-08-11,733.71,678.3143893519891
TR-035331,2025-08-11,2231.77,1942.4571438090786
TR-035332,2025-08-11,1865.51,1720.877789724343
TR-035333,2025-08-11,1683.04,1771.0847174495193
TR-035334,2025-08-11,3304.34,3373.157040742661
TR-035335,2025-08-11,3276.77,3406.042943452708
TR-035336,2025-08-11,568.95,624.8269643844504
TR-035337,2025-08-11,3444.01,3104.6642780224192
TR-035338,2025-08-11,1453.67,1400.1292425651538
TR-035339,2025-08-11,2430.57,2488.692658915331
TR-035340,2025-08-11,1294.06,1354.3228295772067
TR-035341,2025-08-11,3617.96,3783.677748691325
TR-035342,2025-08-11,1181.25,1289.566300392031
TR-035343,2025-08-11,1498.56,1538.428242047167
TR-035344,2025-08-11,765.88,757.2343102462979
TR-035345,2025-08-11,2669.69,2736.8017009856117
TR-035346,2025-08-11,1612.19,1645.2200811737796
TR-035347,2025-08-11,1492.87,1538.8690538980518
TR-035348,2025-08-11,1386.4,1330.7011843110008
TR-035349,2025-08-11,1670.87,1637.8042274935601
TR-035350,2025-08-11,1790.56,1815.9639453667503
TR-035351,2025-08-11,2142.78,2274.7446398949673
TR-035352,2025-08-11,1623.25,1657.2925608841572
TR-035353,2025-08-11,3352.96,3343.1808898757936
TR-035354,2025-08-11,5452.45,5797.587080293127
TR-035355,2025-08-11,4119.36,4219.978270285279
TR-035356,2025-08-11,2659.28,2418.2657130465395
TR-035357,2025-08-11,4882.05,5161.622365736863
TR-035358,2025-08-11,518.13,518.7078974062792
TR-035359,2025-08-11,1430.63,1404.4756458710956
TR-035360,2025-08-11,831.87,793.5926909645104
TR-035361,2025-08-11,3000.01,2807.790879602689
TR-035362,2025-08-11,1544.93,1527.7986330666608
TR-035363,2025-08-11,2402.26,2402.597824287464
TR-035364,2025-08-11,3810.04,3998.797581790249
TR-035365,2025-08-11,5972.5,6010.951365067242
TR-035366,2025-08-11,2494.39,2322.9748453535312
TR-035367,2025-08-11,1896.38,1945.0822359088147
TR-035368,2025-08-11,2240.73,2348.190203232053
TR-035369,2025-08-11,1992.2,1964.7835531247215
TR-035370,2025-08-11,934.02,877.2930850661079
TR-035371,2025-08-11,5164.25,5225.239506452464
TR-035372,2025-08-11,6014.82,1315.5624772124536
TR-035373,2025-08-11,1999.18,1980.0406767617233
TR-035374,2025-08-11,1357.81,1391.068632429143
TR-035375,2025-08-11,568.19,603.1860578246378
TR-035376,2025-08-11,1742.95,1748.203487570264
TR-035377,2025-08-11,1367.57,1378.780596146122
TR-035378,2025-08-11,3965.59,4298.319953516859
TR-035379,2025-08-11,4264.24,4602.52834864143
TR-035380,2025-08-11,758.85,733.3092491668285
TR-035381,2025-08-11,685.02,650.4533662225675
TR-035382,2025-08-11,1579.0,1685.8629601560576
TR-035383,2025-08-11,1033.19,1041.593146211099
TR-035384,2025-08-11,1554.74,1551.8448613020207
TR-035385,2025-08-11,2934.63,3104.637706634931
TR-035386,2025-08-11,3974.16,4038.0369246358423
TR-035387,2025-08-11,2213.47,2302.5410011208182
TR-035388,2025-08-11,6007.97,5581.642265526322
TR-035389,2025-08-12,4173.86,4048.6138396200236
TR-035390,2025-08-12,2055.39,1827.688391218333
TR-035391,2025-08-12,760.89,730.2963691562204
TR-035392,2025-08-12,3191.5,3080.534134396983
TR-035393,2025-08-12,3137.2,3542.3905717254274
TR-035394,2025-08-12,2247.29,2202.8248022087846
TR-035395,2025-08-12,1564.87,1695.522301677848
TR-035396,2025-08-12,1355.11,1338.9504642112522
TR-035397,2025-08-12,1547.8,1674.6107983863228
TR-035398,2025-08-12,1764.71,1813.7896686634817
TR-035399,2025-08-12,2448.27,2438.1670243346803
TR-035400,2025-08-12,733.93,713.7025017409896
TR-035401,2025-08-12,3274.68,3421.7812027903406
TR-035402,2025-08-12,1267.48,1092.8055766647462
TR-035403,2025-08-12,1129.75,1078.384898008199
TR-035404,2025-08-12,1294.1,1215.4744512286593
TR-035405,2025-08-12,1804.71,1728.4004842577465
TR-035406,2025-08-12,3418.29,3397.310087623738
TR-035407,2025-08-12,1418.4,1499.9808762441733
TR-035408,2025-08-12,6117.19,5931.359603755411
TR-035409,2025-08-12,1555.07,1583.425564844736
TR-035410,2025-08-12,1580.51,1614.0797131312827
TR-035411,2025-08-12,817.61,806.2709435919597
TR-035412,2025-08-12,1120.36,1066.6954804913576
TR-035413,2025-08-12,3874.7,3810.5260192914648
TR-035414,2025-08-12,2827.06,2752.060437728687
TR-035415,2025-08-12,4015.75,4327.792567141422
TR-035416,2025-08-12,487.49,466.62744536334947
TR-035417,2025-08-12,3278.0,3396.5910067022137
TR-035418,2025-08-12,490.96,470.57372444297334
TR-035419,2025-08-12,4894.91,5314.733736664289
TR-035420,2025-08-12,3058.8,3089.890154826078
TR-035421,2025-08-12,1012.87,940.4689099085033
TR-035422,2025-08-12,719.03,693.8501626786231
TR-035423,2025-08-12,1188.59,1076.562839958906
TR-035424,2025-08-12,3800.8,4039.8954566634347
TR-035425,2025-08-12,1721.02,1790.0737199864573
TR-035426,2025-08-12,4414.39,4694.402178928535
TR-035427,2025-08-12,4433.82,4999.277844387328
TR-035428,2025-08-12,899.73,903.5438028961215
TR-035429,2025-08-12,3180.76,3365.2866756175013
TR-035430,2025-08-12,2346.24,2459.208699321846
TR-035431,2025-08-12,1320.13,1196.904603418521
TR-035432,2025-08-12,4222.33,4726.5206068560965
TR-035433,2025-08-12,4741.87,4796.190713789139
TR-035434,2025-08-12,222.13,243.71069104795592
TR-035435,2025-08-12,2416.63,2509.2161849753766
TR-035436,2025-08-12,1033.95,1007.7039843514171
TR-035437,2025-08-12,4163.04,3985.6367674562857
TR-035438,2025-08-12,2875.26,3049.3028218801337
TR-035439,2025-08-12,1835.64,1679.675250002531
TR-035440,2025-08-12,1546.47,1468.8769077470745
TR-035441,2025-08-12,959.82,965.7303024766204
TR-035442,2025-08-12,1542.4,1426.4557520581175
TR-035443,2025-08-12,4475.75,4372.788196398904
TR-035444,2025-08-12,3716.68,3506.240023665569
TR-035445,2025-08-12,1513.38,1467.3948741636525
TR-035446,2025-08-12,1007.71,1014.183503681051
TR-035447,2025-08-12,1407.86,1557.9166182666872
TR-035448,2025-08-12,4698.32,5332.167071421281
TR-035449,2025-08-12,2878.99,2946.490204968192
TR-035450,2025-08-12,753.64,2746.118140362073
TR-035451,2025-08-12,3030.24,3229.98910765557
TR-035452,2025-08-12,1073.62,1071.290887911985
TR-035453,2025-08-12,1280.53,1179.9933789537615
TR-035454,2025-08-12,2650.02,2553.0445693220927
TR-035455,2025-08-12,2350.23,2494.239259413249
TR-035456,2025-08-12,2090.34,2148.168359832366
TR-035457,2025-08-12,1833.04,1788.8071811611192
TR-035458,2025-08-12,2984.48,3199.514939490727
TR-035459,2025-08-12,5417.7,5535.6174633326955
TR-035460,2025-08-12,1502.08,1544.1517471234984
TR-035461,2025-08-12,2498.65,2300.371824803022
TR-035462,2025-08-12,2198.17,2124.228469465062
TR-035463,2025-08-12,2467.43,2547.1456694007225
TR-035464,2025-08-12,3079.37,3245.9767738838827
TR-035465,2025-08-12,1192.7,1220.7826757047612
TR-035466,2025-08-12,2707.75,2752.2452474602615
TR-035467,2025-08-12,3128.98,3304.6482801090115
TR-035468,2025-08-12,1922.58,2012.5573937022841
TR-035469,2025-08-12,17742.34,4587.411573502019
TR-035470,2025-08-12,4709.82,4496.835061499862
TR-035471,2025-08-12,531.16,542.8946467185042
TR-035472,2025-08-12,713.31,647.9566296694887
TR-035473,2025-08-12,1229.37,1146.0204555058572
TR-035474,2025-08-12,2903.46,3133.2252553671105
TR-035475,2025-08-12,4558.05,4667.4106438593935
TR-035476,2025-08-12,1345.5,5771.7533115735905
TR-035477,2025-08-12,2177.5,2246.224615457721
TR-035478,2025-08-12,1850.03,1744.9007237242731
TR-035479,2025-08-12,4914.03,5064.9064722851035
TR-035480,2025-08-12,4241.98,4467.1592915414185
TR-035481,2025-08-12,447.03,397.27342492641515
TR-035482,2025-08-12,2631.33,2626.910472062032
TR-035483,2025-08-12,979.25,1012.4010492998348
TR-035484,2025-08-12,2717.02,2585.5027542811144
TR-035485,2025-08-12,3253.74,3507.4268175443754
TR-035486,2025-08-12,3963.28,4144.335117700771
TR-035487,2025-08-12,1881.37,1958.5518536747486
TR-035488,2025-08-12,817.86,778.5392550728149
TR-035489,2025-08-12,5590.56,5832.569185857935
TR-035490,2025-08-12,1575.11,1540.457256922773
TR-035491,2025-08-12,2216.38,2410.1013249404177
TR-035492,2025-08-12,233.96,248.18109198668625
TR-035493,2025-08-12,1023.88,1000.508554289454
TR-035494,2025-08-12,5942.84,6099.386760154833
TR-035495,2025-08-12,1675.03,1553.6499171475202
TR-035496,2025-08-12,1768.75,1904.875901896439
TR-035497,2025-08-12,1523.87,1529.1735667460612
TR-035498,2025-08-12,1269.77,1213.1855740930314
TR-035499,2025-08-12,1542.49,1489.7733912163492
TR-035500,2025-08-12,2010.8,2123.9837316550315
TR-035501,2025-08-12,1927.86,2050.897795592746
TR-035502,2025-08-12,3707.97,3982.7375435387403
TR-035503,2025-08-12,1932.14,2209.7438639220213
TR-035504,2025-08-12,3943.12,4212.876783107576
TR-035505,2025-08-12,1672.08,1783.3797212789502
TR-035506,2025-08-12,2046.7,2135.820957354835
TR-035507,2025-08-12,3880.13,3938.5245572639355
TR-035508,2025-08-12,2172.33,2146.2336860382034
TR-035509,2025-08-12,3677.1,3842.257541136335
TR-035510,2025-08-12,5619.9,5679.6998851375865
TR-035511,2025-08-12,1605.32,1504.2596206480018
TR-035512,2025-08-12,942.11,963.3916444899434
TR-035513,2025-08-12,3378.16,3321.6104030732836
TR-035514,2025-08-12,1022.74,943.401679517205
TR-035515,2025-08-12,4776.8,4554.146050710401
TR-035516,2025-08-12,1376.52,1352.8901988356229
TR-035517,2025-08-12,4728.39,5111.692906473949
TR-035518,2025-08-12,1027.67,942.5892286043253
TR-035519,2025-08-12,1936.23,1983.410176043901
TR-035520,2025-08-12,1953.3,1961.8365533116453
TR-035521,2025-08-12,3869.9,4118.655252741416
TR-035522,2025-08-12,3504.32,3339.1269450198633
TR-035523,2025-08-12,1728.42,1844.9032923764082
TR-035524,2025-08-12,12284.47,3875.539712600019
TR-035525,2025-08-12,3103.93,3277.0518310651137
TR-035526,2025-08-12,1240.54,1194.6629748226733
TR-035527,2025-08-12,1800.36,1770.6570411534885
TR-035528,2025-08-12,1033.46,1086.3392490183717
TR-035529,2025-08-12,4059.2,4292.495683529197
TR-035530,2025-08-12,1682.04,1660.828595236139
TR-035531,2025-08-12,890.09,887.2580253218918
TR-035532,2025-08-12,3393.28,3682.06681306612
TR-035533,2025-08-12,338.93,313.08369357848346
TR-035534,2025-08-12,1324.37,1246.6442456449004
TR-035535,2025-08-12,4232.5,4501.985449070053
TR-035536,2025-08-12,808.78,817.2975254039078
TR-035537,2025-08-12,5172.18,5596.945770779936
TR-035538,2025-08-12,298.71,305.0731145888583
TR-035539,2025-08-12,1030.03,1031.2899774387624
TR-035540,2025-08-12,1361.82,1331.9629463356482
TR-035541,2025-08-12,1839.3,1841.1534993848488
TR-035542,2025-08-12,1178.19,1290.0002700713133
TR-035543,2025-08-12,1260.69,1373.753644777988
TR-035544,2025-08-13,2552.52,2278.975309174969
TR-035545,2025-08-13,1419.2,1431.7014595969665
TR-035546,2025-08-13,826.03,850.0930199653412
TR-035547,2025-08-13,1484.31,1663.810557680691
TR-035548,2025-08-13,1666.06,1690.864702868637
TR-035549,2025-08-13,3964.03,3940.293030451405
TR-035550,2025-08-13,4176.33,4124.804463066845
TR-035551,2025-08-13,1515.66,1429.2126586155955
TR-035552,2025-08-13,1631.7,1609.204658991179
TR-035553,2025-08-13,2224.17,2222.3973380192147
TR-035554,2025-08-13,1029.13,1000.750214542117
TR-035555,2025-08-13,2069.22,2234.295679487211
TR-035556,2025-08-13,1009.14,997.5190423519953
TR-035557,2025-08-13,1848.52,1966.8614574443434
TR-035558,2025-08-13,796.71,840.2758345281513
TR-035559,2025-08-13,4262.9,3825.848470718067
TR-035560,2025-08-13,1210.29,1226.9492290711282
TR-035561,2025-08-13,1775.63,1823.4628965474128
TR-035562,2025-08-13,5690.1,4800.926812615798
TR-035563,2025-08-13,1281.27,1408.0383188603664
TR-035564,2025-08-13,5170.25,5598.575807804063
TR-035565,2025-08-13,2052.87,1997.3987706976848
TR-035566,2025-08-13,3910.47,4199.634410098877
TR-035567,2025-08-13,1507.98,1504.8602737693
TR-035568,2025-08-13,3624.2,3848.5974647815056
TR-035569,2025-08-13,3890.34,4291.578827081548
TR-035570,2025-08-13,1267.81,1273.8870670188262
TR-035571,2025-08-13,2743.85,2775.979233328032
TR-035572,2025-08-13,2509.34,2556.0048470371703
TR-035573,2025-08-13,2255.21,2100.1361569341752
TR-035574,2025-08-13,2562.47,2502.3509537498003
TR-035575,2025-08-13,2409.79,2473.7952373702665
TR-035576,2025-08-13,5738.04,5252.566659454316
TR-035577,2025-08-13,3004.32,3279.4792523396172
TR-035578,2025-08-13,2237.22,2465.716562007806
TR-035579,2025-08-13,822.99,283.3261374961123
TR-035580,2025-08-13,913.22,886.5912902158502
TR-035581,2025-08-13,4926.46,4773.609733103872
TR-035582,2025-08-13,1981.8,1865.6542025023023
TR-035583,2025-08-13,2280.93,2498.8474930514585
TR-035584,2025-08-13,2131.94,2195.0821257014827
TR-035585,2025-08-13,1522.31,1586.2817936474971
TR-035586,2025-08-13,355.65,355.0676910037474
TR-035587,2025-08-13,1930.02,1822.813490594858
TR-035588,2025-08-13,1888.96,1950.27324100594
TR-035589,2025-08-13,3872.5,3501.5371700475516
TR-035590,2025-08-13,302.81,1592.7443848178898
TR-035591,2025-08-13,2264.42,2283.140179421137
TR-035592,2025-08-13,727.21,703.695884685561
TR-035593,2025-08-13,884.52,877.6340507120575
TR-035594,2025-08-13,5296.44,5611.169744251141
TR-035595,2025-08-13,759.64,747.7832514237584
TR-035596,2025-08-13,4554.85,4804.865820531959
TR-035597,2025-08-13,948.79,963.620766699806
TR-035598,2025-08-13,3905.64,3916.589808502726
TR-035599,2025-08-13,4684.95,5030.54939682424
TR-035600,2025-08-13,3891.19,4186.695275818266
TR-035601,2025-08-13,2593.66,2686.1397402120897
TR-035602,2025-08-13,1760.4,1890.9234912169725
TR-035603,2025-08-13,1395.09,1267.5003501345395
TR-035604,2025-08-13,1420.13,1471.1644977998985
TR-035605,2025-08-13,3262.87,3457.442932868954
TR-035606,2025-08-13,1339.62,1316.3642680385478
TR-035607,2025-08-13,1190.11,1306.8552134523422
TR-035608,2025-08-13,2160.05,2284.1174393908746
TR-035609,2025-08-13,1608.46,1739.0225868431735
TR-035610,2025-08-13,1971.11,2025.794702478791
TR-035611,2025-08-13,1684.44,1711.2080132573374
TR-035612,2025-08-13,3163.22,3157.9534622718625
TR-035613,2025-08-13,2313.16,2415.8492719698743
TR-035614,2025-08-13,1599.48,1624.3696220225397
TR-035615,2025-08-13,3034.89,3205.6134495022293
TR-035616,2025-08-13,1756.55,1737.6932995408724
TR-035617,2025-08-13,4927.52,5079.42068500582
TR-035618,2025-08-13,1012.15,1085.8563803167456
TR-035619,2025-08-13,4546.93,4530.218491788186
TR-035620,2025-08-13,874.12,842.0725646157913
TR-035621,2025-08-13,1871.38,2046.4298594657673
TR-035622,2025-08-13,2556.82,2511.9277441521936
TR-035623,2025-08-13,1645.91,1520.783686836449
TR-035624,2025-08-13,1357.84,1405.2155554458302
TR-035625,2025-08-13,2096.07,2243.655802232672
TR-035626,2025-08-13,2795.68,2864.119421545586
TR-035627,2025-08-13,1268.28,1335.1514177399379
TR-035628,2025-08-13,3867.7,4122.854709788669
TR-035629,2025-08-13,1005.63,999.7874929388707
TR-035630,2025-08-13,630.43,624.1406199876973
TR-035631,2025-08-13,1968.99,2032.3077111743721
TR-035632,2025-08-13,1530.17,1561.4007572196056
TR-035633,2025-08-13,1454.54,1451.4012518091545
TR-035634,2025-08-13,1723.73,1806.0107068606383
TR-035635,2025-08-13,1925.19,1977.4831807428677
TR-035636,2025-08-13,1098.27,1044.5745355842082
TR-035637,2025-08-13,470.28,469.08418747646397
TR-035638,2025-08-13,614.86,598.3254105930572
TR-035639,2025-08-13,1762.98,1869.5601965188932
TR-035640,2025-08-13,3283.74,3038.9586844540336
TR-035641,2025-08-13,1976.0,1958.4706860990323
TR-035642,2025-08-13,4820.41,5234.076329340749
TR-035643,2025-08-13,1831.89,1743.487227139417
TR-035644,2025-08-13,948.0,967.9421653667656
TR-035645,2025-08-13,4394.74,4135.581048469424
TR-035646,2025-08-13,1318.27,1316.6655233221968
TR-035647,2025-08-13,1251.39,1294.8877376720388
TR-035648,2025-08-13,802.54,819.7515194625029
TR-035649,2025-08-13,2304.56,2161.5946618537528
TR-035650,2025-08-13,1117.83,1066.0319440194621
TR-035651,2025-08-13,2890.03,2999.2296015830684
TR-035652,2025-08-13,1793.66,1908.0883144455433
TR-035653,2025-08-13,1743.89,1645.8960063824952
TR-035654,2025-08-13,2305.98,2446.8721438355906
TR-035655,2025-08-13,2038.96,2007.441456311719
TR-035656,2025-08-13,1700.53,1709.924072886442
TR-035657,2025-08-13,1994.51,2015.6857445087944
TR-035658,2025-08-13,1113.64,1056.73336784939
TR-035659,2025-08-13,2225.94,2286.059064445855
TR-035660,2025-08-13,587.21,598.1434908935795
TR-035661,2025-08-13,2295.26,2351.2618408553435
TR-035662,2025-08-13,1196.61,1168.7774787829296
TR-035663,2025-08-13,676.49,664.5667576142257
TR-035664,2025-08-13,580.17,535.3336957542544
TR-035665,2025-08-13,4025.07,4406.643406645527
TR-035666,2025-08-13,4661.36,4410.4324943322345
TR-035667,2025-08-13,2354.29,2166.644538348776
TR-035668,2025-08-13,4620.01,4479.275444661646
TR-035669,2025-08-13,968.25,954.9347787136718
TR-035670,2025-08-13,1918.8,1917.0136393166515
TR-035671,2025-08-13,5501.64,5473.695755276381
TR-035672,2025-08-13,483.01,454.83160483966265
TR-035673,2025-08-13,2454.32,2306.5450222185964
TR-035674,2025-08-13,1769.44,2059.524878065603
TR-035675,2025-08-13,1845.72,1826.5249008095625
TR-035676,2025-08-13,1312.8,1209.1772744260122
TR-035677,2025-08-13,1694.66,2018.1436507081564
TR-035678,2025-08-13,1809.36,2049.6793621971797
TR-035679,2025-08-13,1897.88,2075.1594137195266
TR-035680,2025-08-13,4480.32,4405.702811772335
TR-035681,2025-08-13,1759.48,1985.944712982432
TR-035682,2025-08-13,2512.99,2607.297722919722
TR-035683,2025-08-13,3552.86,3469.810889051004
TR-035684,2025-08-13,2570.44,2497.88393796381
TR-035685,2025-08-13,1381.64,1333.6306119635794
TR-035686,2025-08-13,2320.32,2284.1895856399415
TR-035687,2025-08-13,1493.45,1408.358833842474
TR-035688,2025-08-13,2384.33,2410.6451477505952
TR-035689,2025-08-13,3374.69,3463.197683451608
TR-035690,2025-08-13,4291.28,4362.726228411258
TR-035691,2025-08-13,2455.25,2375.6609796830203
TR-035692,2025-08-13,730.02,718.335130585783
TR-035693,2025-08-13,1794.44,1654.6619419050423
TR-035694,2025-08-13,4860.05,5291.730320765115
TR-035695,2025-08-13,2245.67,2252.5927846596283
TR-035696,2025-08-13,2018.63,2212.5174427717275
TR-035697,2025-08-13,2023.64,1934.3797118371824
TR-035698,2025-08-13,1626.46,1606.9203759919833
TR-035699,2025-08-13,1626.49,1743.3877031235113
TR-035700,2025-08-13,1178.32,1169.7113855406094
TR-035701,2025-08-13,3061.21,3018.297473749195
TR-035702,2025-08-13,1901.31,1872.3310011996057
TR-035703,2025-08-14,4919.05,4998.13338949173
TR-035704,2025-08-14,555.29,570.7864163871172
TR-035705,2025-08-14,2184.73,2253.491721708151
TR-035706,2025-08-14,3680.0,3863.9635660797057
TR-035707,2025-08-14,1646.85,1556.7221118640011
TR-035708,2025-08-14,4275.68,4379.44254954447
TR-035709,2025-08-14,3728.88,4149.113279532912
TR-035710,2025-08-14,4175.17,4483.25073904534
TR-035711,2025-08-14,1533.45,1513.7182176180638
TR-035712,2025-08-14,3932.57,3998.1329019805858
TR-035713,2025-08-14,1100.7,1030.9427624990508
TR-035714,2025-08-14,1710.79,1679.4371448065353
TR-035715,2025-08-14,3898.03,3838.559655233932
TR-035716,2025-08-14,718.5,689.833202525069
TR-035717,2025-08-14,2188.02,2150.3624313012306
TR-035718,2025-08-14,1010.12,989.579344794119
TR-035719,2025-08-14,1552.79,1517.605577647468
TR-035720,2025-08-14,788.21,743.4745629863826
TR-035721,2025-08-14,3463.64,3539.572969177036
TR-035722,2025-08-14,4194.23,4428.200705586058
TR-035723,2025-08-14,4851.23,4594.463759347233
TR-035724,2025-08-14,2504.16,2618.504629994056
TR-035725,2025-08-14,3550.99,3452.8880711709025
TR-035726,2025-08-14,996.66,977.4361339424095
TR-035727,2025-08-14,1763.78,1773.2944525122941
TR-035728,2025-08-14,3821.38,3718.989432410625
TR-035729,2025-08-14,3246.78,3412.642871112118
TR-035730,2025-08-14,5911.62,4997.88100350383
TR-035731,2025-08-14,1001.34,925.8393149583014
TR-035732,2025-08-14,5292.71,5505.205623279671
TR-035733,2025-08-14,2202.79,2273.600731964861
TR-035734,2025-08-14,2602.76,2545.5133349111334
TR-035735,2025-08-14,1704.91,1698.138226058637
TR-035736,2025-08-14,2388.42,2305.3088556447938
TR-035737,2025-08-14,5332.67,5144.61258904797
TR-035738,2025-08-14,1160.03,1136.297490625229
TR-035739,2025-08-14,1491.11,1528.5995255377695
TR-035740,2025-08-14,1554.43,1686.5019469230174
TR-035741,2025-08-14,2773.45,2665.8607123465695
TR-035742,2025-08-14,4762.65,5242.272656781174
TR-035743,2025-08-14,3702.16,3331.6909138701512
TR-035744,2025-08-14,5680.52,5860.567271306919
TR-035745,2025-08-14,694.63,666.4494926451486
TR-035746,2025-08-14,1427.92,1454.8534055422851
TR-035747,2025-08-14,1083.82,1017.8403280192762
TR-035748,2025-08-14,2419.34,2507.5578253757117
TR-035749,2025-08-14,955.18,911.7749079141364
TR-035750,2025-08-14,1277.52,1308.5819987529258
TR-035751,2025-08-14,4740.74,4912.402696493668
TR-035752,2025-08-14,716.74,712.7162376364396
TR-035753,2025-08-14,2838.44,2825.546180744338
TR-035754,2025-08-14,3893.12,3800.6795099805154
TR-035755,2025-08-14,1567.72,1495.2121050080843
TR-035756,2025-08-14,886.12,890.7881764020666
TR-035757,2025-08-14,5010.88,5317.475231681867
TR-035758,2025-08-14,321.79,320.34086836967884
TR-035759,2025-08-14,1432.89,1408.596712609095
TR-035760,2025-08-14,324.08,276.7364169814799
TR-035761,2025-08-14,510.01,490.45066426830596
TR-035762,2025-08-14,2136.98,2113.8298069247467
TR-035763,2025-08-14,2835.46,2800.7741650011294
TR-035764,2025-08-14,3036.26,3110.7420121252617
TR-035765,2025-08-14,845.61,842.6660597475654
TR-035766,2025-08-14,4715.34,4648.484182905544
TR-035767,2025-08-14,4324.68,4562.937304629194
TR-035768,2025-08-14,3107.7,3124.5392406192104
TR-035769,2025-08-14,5420.15,5437.94136274593
TR-035770,2025-08-14,754.24,697.4510096342822
TR-035771,2025-08-14,1381.84,1366.5909981882523
TR-035772,2025-08-14,2820.29,2753.6076719919697
TR-035773,2025-08-14,2002.2,2015.5125740905787
TR-035774,2025-08-14,3069.57,3258.537460906076
TR-035775,2025-08-14,4823.97,4795.431138262594
TR-035776,2025-08-14,3029.65,3160.1631341807984
TR-035777,2025-08-14,1431.15,1401.0024706733811
TR-035778,2025-08-14,1410.33,1323.5224305663373
TR-035779,2025-08-14,1280.36,1186.4566288603428
TR-035780,2025-08-14,4034.06,4163.234008611245
TR-035781,2025-08-14,1682.41,1678.1802126033806
TR-035782,2025-08-14,722.88,738.3005067773341
TR-035783,2025-08-14,556.01,513.0135868970192
TR-035784,2025-08-14,1361.82,1532.7176935507753
TR-035785,2025-08-14,890.14,945.9807028165329
TR-035786,2025-08-14,1181.54,1257.8492929306394
TR-035787,2025-08-14,5714.96,6015.691256576453
TR-035788,2025-08-14,2424.97,2291.294789785506
TR-035789,2025-08-14,2189.04,2200.131658996899
TR-035790,2025-08-14,2733.22,2847.4717889749923
TR-035791,2025-08-14,3046.33,3025.9393086504606
TR-035792,2025-08-14,1858.94,1967.8710345789764
TR-035793,2025-08-14,1609.89,1563.7819209512384
TR-035794,2025-08-14,2743.14,2490.9204847717438
TR-035795,2025-08-14,4403.55,4914.288267704686
TR-035796,2025-08-14,1348.0,1431.501296890242
TR-035797,2025-08-14,1102.47,1100.9691025945438
TR-035798,2025-08-14,3548.54,3613.1638285008694
TR-035799,2025-08-14,3705.12,3753.412979474173
TR-035800,2025-08-14,1330.98,1452.110766078221
TR-035801,2025-08-14,2557.91,2178.6932223648464
TR-035802,2025-08-14,871.65,819.5926980818075
TR-035803,2025-08-14,1448.35,1373.8831622167638
TR-035804,2025-08-14,912.97,895.1063178907647
TR-035805,2025-08-14,4201.17,3946.5461689745594
TR-035806,2025-08-14,3416.73,3391.1409790629364
TR-035807,2025-08-14,2708.64,2814.2529175797
TR-035808,2025-08-14,930.25,889.6142921052732
TR-035809,2025-08-14,1339.32,1347.5378989646326
TR-035810,2025-08-14,2294.66,2326.7493370260963
TR-035811,2025-08-14,5034.02,5326.554810957878
TR-035812,2025-08-14,3268.75,3363.878368919847
TR-035813,2025-08-14,3779.93,3886.06000134753
TR-035814,2025-08-14,2094.06,1994.504711136869
TR-035815,2025-08-14,1271.47,1282.4593332443508
TR-035816,2025-08-14,2414.56,2484.7124363146017
TR-035817,2025-08-14,3129.28,3197.3109437456546
TR-035818,2025-08-14,1487.91,1776.4255874058003
TR-035819,2025-08-14,5102.64,5385.556129736927
TR-035820,2025-08-14,726.95,721.8260190405867
TR-035821,2025-08-14,5004.21,5208.133296825742
TR-035822,2025-08-14,890.84,910.3190269516721
TR-035823,2025-08-14,5441.3,5726.782549464599
TR-035824,2025-08-14,542.38,528.4397722092182
TR-035825,2025-08-14,2715.78,2845.396255819763
TR-035826,2025-08-14,2147.75,2293.919520887815
TR-035827,2025-08-14,3812.05,4097.011399717893
TR-035828,2025-08-14,1783.53,1860.8763474192451
TR-035829,2025-08-14,600.73,586.7103866529903
TR-035830,2025-08-14,212.76,232.67683677098438
TR-035831,2025-08-14,1526.07,1599.639140833652
TR-035832,2025-08-14,2091.82,2188.8999977285503
TR-035833,2025-08-14,563.43,531.0252779781295
TR-035834,2025-08-14,11797.79,3061.012182788107
TR-035835,2025-08-14,828.81,813.2253731220045
TR-035836,2025-08-14,2201.48,2227.2071183025723
TR-035837,2025-08-14,732.97,737.5296194991248
TR-035838,2025-08-14,986.09,997.8899943153237
TR-035839,2025-08-14,829.25,789.3134611393253
TR-035840,2025-08-14,2398.11,2347.3223321884493
TR-035841,2025-08-14,1022.33,929.4867126167188
TR-035842,2025-08-14,2957.43,2951.7762194941492
TR-035843,2025-08-14,4173.83,3871.986618873366
TR-035844,2025-08-14,375.17,341.0726663256047
TR-035845,2025-08-14,2063.37,2231.2064960576904
TR-035846,2025-08-14,2337.41,2302.565738833076
TR-035847,2025-08-14,2554.62,2645.4662699197597
TR-035848,2025-08-14,1079.31,1058.820066089473
TR-035849,2025-08-14,2760.37,2773.9592561508057
TR-035850,2025-08-14,3329.1,3404.721630303014
TR-035851,2025-08-14,955.7,937.1257511184227
TR-035852,2025-08-14,4087.87,4072.8150260212565
TR-035853,2025-08-14,2007.27,1866.3790334734208
TR-035854,2025-08-14,3863.93,3830.185520455882
TR-035855,2025-08-14,878.84,856.311716203937
TR-035856,2025-08-14,1520.44,1526.9299958124004
TR-035857,2025-08-14,3824.57,3828.929173880765
TR-035858,2025-08-14,2660.65,2676.4123271206645
TR-035859,2025-08-14,3488.59,3500.5073839369697
TR-035860,2025-08-14,1038.35,971.1233520963858
TR-035861,2025-08-15,2545.38,2606.2693501451695
TR-035862,2025-08-15,1744.99,1802.866996315039
TR-035863,2025-08-15,2886.57,3045.509850894216
TR-035864,2025-08-15,2209.86,2415.9077650247473
TR-035865,2025-08-15,2139.65,2242.56112043074
TR-035866,2025-08-15,2580.47,2506.3543826124487
TR-035867,2025-08-15,2051.54,2075.14495704609
TR-035868,2025-08-15,530.93,490.0523840527209
TR-035869,2025-08-15,4934.24,5201.827877091257
TR-035870,2025-08-15,1522.56,1492.7735628675102
TR-035871,2025-08-15,843.95,819.2675390080163
TR-035872,2025-08-15,1401.96,1368.9914007867294
TR-035873,2025-08-15,1423.89,1482.164060039056
TR-035874,2025-08-15,4172.95,4155.9878928160615
TR-035875,2025-08-15,2285.21,2380.303053950416
TR-035876,2025-08-15,2529.79,2576.835890445684
TR-035877,2025-08-15,2425.46,2479.993651218169
TR-035878,2025-08-15,728.58,720.9321161183591
TR-035879,2025-08-15,2640.59,2950.146101570092
TR-035880,2025-08-15,1688.52,1863.8398695321127
TR-035881,2025-08-15,3163.17,3237.628485183841
TR-035882,2025-08-15,4166.5,4304.672025467387
TR-035883,2025-08-15,1133.46,1071.8077255001729
TR-035884,2025-08-15,3905.16,4144.776749728138
TR-035885,2025-08-15,956.31,912.2112860275414
TR-035886,2025-08-15,785.61,755.2718908007896
TR-035887,2025-08-15,979.97,952.4421824624453
TR-035888,2025-08-15,4185.15,4053.100782846761
TR-035889,2025-08-15,4475.11,4626.960585450332
TR-035890,2025-08-15,2052.77,2105.897603978622
TR-035891,2025-08-15,2969.82,3098.439225591928
TR-035892,2025-08-15,2406.46,2508.276526044315
TR-035893,2025-08-15,3706.18,3725.4461973370835
TR-035894,2025-08-15,2966.94,2592.11068694283
TR-035895,2025-08-15,1889.77,2038.1913053557405
TR-035896,2025-08-15,1218.39,1150.8897999180326
TR-035897,2025-08-15,3733.14,3973.9933995707597
TR-035898,2025-08-15,2341.55,2397.570275415716
TR-035899,2025-08-15,2601.85,2593.42113556754
TR-035900,2025-08-15,3464.46,3380.3328741467067
TR-035901,2025-08-15,647.94,644.6730631762509
TR-035902,2025-08-15,1031.84,991.5171820064726
TR-035903,2025-08-15,3083.86,3304.4342513811607
TR-035904,2025-08-15,404.73,368.3848362436838
TR-035905,2025-08-15,8904.72,2183.8603363615034
TR-035906,2025-08-15,1588.68,1542.3143323953716
TR-035907,2025-08-15,3962.92,4126.615926025314
TR-035908,2025-08-15,5807.63,5927.257534567856
TR-035909,2025-08-15,1767.45,1751.5138768763252
TR-035910,2025-08-15,1221.98,1229.6757499721534
TR-035911,2025-08-15,2330.98,2380.1678103942054
TR-035912,2025-08-15,4384.86,4352.2712882069
TR-035913,2025-08-15,2050.76,2113.8021511625766
TR-035914,2025-08-15,1032.82,1024.3769750809004
TR-035915,2025-08-15,3462.97,3301.342448096549
TR-035916,2025-08-15,1897.9,2191.210705196496
TR-035917,2025-08-15,3018.47,3171.1013895473707
TR-035918,2025-08-15,4738.76,4545.972270648335
TR-035919,2025-08-15,1606.85,1604.3966297356524
TR-035920,2025-08-15,430.98,389.1247918040563
TR-035921,2025-08-15,5297.2,5537.882807244637
TR-035922,2025-08-15,3993.33,4412.0173382855
TR-035923,2025-08-15,2143.25,2120.8466026136257
TR-035924,2025-08-15,2434.72,2368.986061625932
TR-035925,2025-08-15,3644.74,4152.346284575952
TR-035926,2025-08-15,415.29,362.12658368616627
TR-035927,2025-08-15,2613.88,2503.7820667699007
TR-035928,2025-08-15,1284.33,1226.4976877247655
TR-035929,2025-08-15,1435.28,1230.9600408095928
TR-035930,2025-08-15,2208.18,2040.8238856977027
TR-035931,2025-08-15,826.49,837.7365182329454
TR-035932,2025-08-15,1963.65,2043.441147475585
TR-035933,2025-08-15,960.97,940.4432324082761
TR-035934,2025-08-15,4252.53,4097.176744173862
TR-035935,2025-08-15,4544.84,4703.485149950288
TR-035936,2025-08-15,4500.1,4731.591797361692
TR-035937,2025-08-15,1981.29,1816.8693602589638
TR-035938,2025-08-15,2134.19,1994.559062255008
TR-035939,2025-08-15,2458.41,2464.1030697540914
TR-035940,2025-08-15,1343.79,1352.6635294183163
TR-035941,2025-08-15,847.08,813.5683823954674
TR-035942,2025-08-15,547.39,545.5261919252066
TR-035943,2025-08-15,2263.78,2392.48741340713
TR-035944,2025-08-15,955.67,984.4059437022357
TR-035945,2025-08-15,2327.04,2322.83422357443
TR-035946,2025-08-15,1323.9,1224.763832364885
TR-035947,2025-08-15,3483.19,3438.0701398397646
TR-035948,2025-08-15,558.53,569.819703060638
TR-035949,2025-08-15,4258.9,4536.028632025652
TR-035950,2025-08-15,729.3,739.7425580226129
TR-035951,2025-08-15,3582.04,3781.135023026063
TR-035952,2025-08-15,3963.21,4421.7656390178345
TR-035953,2025-08-15,1347.91,1496.3116748749435
TR-035954,2025-08-15,642.3,629.8973790480815
TR-035955,2025-08-15,2378.79,2147.9209121489203
TR-035956,2025-08-15,1774.56,2066.6694791221043
TR-035957,2025-08-15,2099.76,2218.4944550598416
TR-035958,2025-08-15,1405.83,1409.416969873266
TR-035959,2025-08-15,2874.57,2939.5394158818526
TR-035960,2025-08-15,3919.74,4440.959811539337
TR-035961,2025-08-15,2446.78,2479.612786055552
TR-035962,2025-08-15,3035.7,3097.0259737157294
TR-035963,2025-08-15,1043.9,997.7919880914504
TR-035964,2025-08-15,1304.06,1332.2104295122392
TR-035965,2025-08-15,1574.52,1559.8914661752528
TR-035966,2025-08-15,894.25,875.0379735359062
TR-035967,2025-08-15,1519.04,1533.8636453109366
TR-035968,2025-08-15,4775.95,4672.445440049898
TR-035969,2025-08-15,1940.71,2170.107593879187
TR-035970,2025-08-15,719.5,732.8667684942004
TR-035971,2025-08-15,1409.26,1570.332942602639
TR-035972,2025-08-15,4423.32,4605.245464402376
TR-035973,2025-08-15,1223.41,1230.6181953307191
TR-035974,2025-08-15,2142.57,2181.728807955025
TR-035975,2025-08-15,1261.45,1273.5576096810703
TR-035976,2025-08-15,3769.56,3944.361060000897
TR-035977,2025-08-15,1276.29,1217.3861259826926
TR-035978,2025-08-15,2431.97,2425.338201409296
TR-035979,2025-08-15,1638.07,1512.6543842818437
TR-035980,2025-08-15,397.3,1011.4576953651215
TR-035981,2025-08-15,4547.38,4057.8190300675255
TR-035982,2025-08-15,1636.97,1667.006591619887
TR-035983,2025-08-15,899.24,932.8212208790536
TR-035984,2025-08-15,2295.78,2286.691168126601
TR-035985,2025-08-15,1905.41,1823.7902746885734
TR-035986,2025-08-15,2031.02,2155.236886259126
TR-035987,2025-08-15,3075.57,3231.2965112071465
TR-035988,2025-08-15,2327.21,2371.0562443028116
TR-035989,2025-08-15,2264.87,2312.7123471746395
TR-035990,2025-08-15,1498.65,1428.3786215281982
TR-035991,2025-08-15,3099.76,3026.361074489608
TR-035992,2025-08-15,1159.62,1281.4009624307116
TR-035993,2025-08-15,835.48,854.222239447793
TR-035994,2025-08-15,2295.09,2340.5655403594706
TR-035995,2025-08-15,1375.34,1384.685157200627
TR-035996,2025-08-15,402.54,389.19134242054025
TR-035997,2025-08-15,1066.44,1040.2857311610462
TR-035998,2025-08-15,2645.54,2570.2588723537488
TR-035999,2025-08-15,6767.41,1596.766681882329
TR-036000,2025-08-15,2725.03,2554.0173538107824
TR-036001,2025-08-15,4406.16,4638.772045576749
TR-036002,2025-08-15,3229.29,3536.2949668098595
TR-036003,2025-08-15,2232.61,2472.3357068540327
TR-036004,2025-08-15,778.77,748.481539437405
TR-036005,2025-08-15,3800.77,3813.483463016013
TR-036006,2025-08-15,4450.0,4258.206602000446
TR-036007,2025-08-15,1955.24,2019.1924124809623
TR-036008,2025-08-15,2730.46,2795.929396355507
TR-036009,2025-08-15,4283.87,4333.0507108532165
TR-036010,2025-08-15,4004.42,4348.566388237578
TR-036011,2025-08-15,1025.89,960.4892021091748
TR-036012,2025-08-15,2388.5,2304.410512209211
TR-036013,2025-08-15,2127.74,2151.749925817233
TR-036014,2025-08-15,2447.09,2445.3550380014553
TR-036015,2025-08-15,2026.52,2069.3206152906896
TR-036016,2025-08-15,1434.56,1345.8417426283563
TR-036017,2025-08-15,905.61,877.1383634559563
TR-036018,2025-08-15,228.14,228.4413200060462
TR-036019,2025-08-15,870.97,861.1099120218674
TR-036020,2025-08-15,2446.1,2511.329495535035
TR-036021,2025-08-15,887.44,847.296011386632
TR-036022,2025-08-15,518.2,461.5856299237149
TR-036023,2025-08-15,4419.17,4693.588477602377
TR-036024,2025-08-15,4660.74,4563.595284096301
TR-036025,2025-08-15,819.28,817.4116988475128
TR-036026,2025-08-15,831.29,802.7154680769077
TR-036027,2025-08-15,3004.44,3163.7750507218266
TR-036028,2025-08-15,647.03,640.3440441817182
TR-036029,2025-08-15,1115.83,1060.2953068388113
TR-036030,2025-08-15,3230.46,3075.6533441061197
TR-036031,2025-08-15,4144.99,3976.451656288125
TR-036032,2025-08-16,1841.5,1807.9898809221827
TR-036033,2025-08-16,3684.22,3904.9344112772596
TR-036034,2025-08-16,3269.29,3530.178767513978
TR-036035,2025-08-16,2322.85,2419.059540385088
TR-036036,2025-08-16,2049.08,2083.0449111685716
TR-036037,2025-08-16,1757.33,1945.1083117049652
TR-036038,2025-08-16,3837.87,3510.9858682578697
TR-036039,2025-08-16,2023.19,1923.6622030496333
TR-036040,2025-08-16,1911.36,2065.965522409901
TR-036041,2025-08-16,893.25,829.6005675688957
TR-036042,2025-08-16,1650.86,1601.7371234602654
TR-036043,2025-08-16,1613.54,1457.219980350163
TR-036044,2025-08-16,2673.7,2565.110688587799
TR-036045,2025-08-16,3599.97,3992.3137643352816
TR-036046,2025-08-16,3418.9,3706.6202722076455
TR-036047,2025-08-16,1145.54,1177.0050784641269
TR-036048,2025-08-16,3224.14,3433.868560203457
TR-036049,2025-08-16,4071.82,4098.647676845171
TR-036050,2025-08-16,1576.71,1627.8255593179001
TR-036051,2025-08-16,1602.84,1647.3452053911326
TR-036052,2025-08-16,3650.17,3760.918866307419
TR-036053,2025-08-16,1659.44,1723.2926042741624
TR-036054,2025-08-16,3246.09,3484.6843660700565
TR-036055,2025-08-16,2257.36,2184.302821097892
TR-036056,2025-08-16,2892.53,3145.281496242049
TR-036057,2025-08-16,1951.46,2023.5796049832384
TR-036058,2025-08-16,815.17,841.7148047091612
TR-036059,2025-08-16,1151.02,1223.399809898121
TR-036060,2025-08-16,2154.06,2225.0445403513895
TR-036061,2025-08-16,2285.29,2300.0297618605387
TR-036062,2025-08-16,1831.39,1921.7699244382522
TR-036063,2025-08-16,2049.4,1961.75685302533
TR-036064,2025-08-16,2375.44,2573.553546110296
TR-036065,2025-08-16,372.27,359.3225142935721
TR-036066,2025-08-16,5311.84,5448.850506458105
TR-036067,2025-08-16,2928.35,3001.308719238597
TR-036068,2025-08-16,3125.51,3385.853987467964
TR-036069,2025-08-16,2480.93,2576.862035183527
TR-036070,2025-08-16,2398.27,2412.972332855884
TR-036071,2025-08-16,255.7,238.11245679511563
TR-036072,2025-08-16,4697.05,5163.9790669540225
TR-036073,2025-08-16,3674.62,3753.3963749567533
TR-036074,2025-08-16,2844.65,2877.5565952461875
TR-036075,2025-08-16,250.44,233.97002995250637
TR-036076,2025-08-16,3217.33,3528.7208618242644
TR-036077,2025-08-16,2269.65,2273.583036522903
TR-036078,2025-08-16,1534.37,1649.5079781860575
TR-036079,2025-08-16,1769.3,1735.2274348809801
TR-036080,2025-08-16,1617.76,1621.713901910023
TR-036081,2025-08-16,2168.56,2212.655180145461
TR-036082,2025-08-16,1794.13,1775.5033389536452
TR-036083,2025-08-16,1138.56,1159.1044981827772
TR-036084,2025-08-16,5936.83,5907.8647237902105
TR-036085,2025-08-16,1911.85,1854.4232639378597
TR-036086,2025-08-16,3676.84,4066.6806356172365
TR-036087,2025-08-16,1230.68,1139.1007826265607
TR-036088,2025-08-16,1520.78,1530.6498521594021
TR-036089,2025-08-16,3178.12,2959.563881840556
TR-036090,2025-08-16,3976.42,3984.834144715255
TR-036091,2025-08-16,5467.0,5788.5126586333145
TR-036092,2025-08-16,2241.16,2376.5226662171067
TR-036093,2025-08-16,1639.75,1564.6898042814482
TR-036094,2025-08-16,1681.79,1667.6640971274687
TR-036095,2025-08-16,1748.6,1763.3044777471891
TR-036096,2025-08-16,4562.29,4184.142585568161
TR-036097,2025-08-16,1016.49,990.5483630323158
TR-036098,2025-08-16,1743.72,1832.5589370017929
TR-036099,2025-08-16,3687.56,3931.2777121868885
TR-036100,2025-08-16,4096.12,4394.5030688309735
TR-036101,2025-08-16,474.97,2011.8437113261334
TR-036102,2025-08-16,3838.1,3561.722695494583
TR-036103,2025-08-16,1834.23,1744.3324785522327
TR-036104,2025-08-16,2497.26,2478.6535322994673
TR-036105,2025-08-16,2273.1,2180.4191347963338
TR-036106,2025-08-16,4607.33,4938.285174931626
TR-036107,2025-08-16,622.95,590.7435082740631
TR-036108,2025-08-16,1687.84,1807.6924548800102
TR-036109,2025-08-16,3022.84,3108.2916432447505
TR-036110,2025-08-16,2039.42,2180.378008390398
TR-036111,2025-08-16,1465.38,1298.1931041057132
TR-036112,2025-08-16,960.78,1004.5429957856137
TR-036113,2025-08-16,493.34,454.40530887525296
TR-036114,2025-08-16,2483.22,2550.6029479482613
TR-036115,2025-08-16,2759.1,2986.336663924357
TR-036116,2025-08-16,2651.89,2773.4260808263957
TR-036117,2025-08-16,1132.13,1048.260744960759
TR-036118,2025-08-16,2123.96,1920.045758348107
TR-036119,2025-08-16,1069.59,1100.118796876203
TR-036120,2025-08-16,3055.64,3232.209371688199
TR-036121,2025-08-16,3073.16,3205.064761630079
TR-036122,2025-08-16,4215.87,4047.655199062256
TR-036123,2025-08-16,336.62,322.74848403312103
TR-036124,2025-08-16,1455.33,1433.3178767640866
TR-036125,2025-08-16,1481.84,1488.7242251598611
TR-036126,2025-08-16,1801.22,1908.6900843499984
TR-036127,2025-08-16,3652.18,3837.4113176597302
TR-036128,2025-08-16,2068.77,2119.3290162868648
TR-036129,2025-08-16,3868.89,3880.999784519732
TR-036130,2025-08-16,4075.62,4365.098471257306
TR-036131,2025-08-16,802.3,806.2247460718652
TR-036132,2025-08-16,3788.68,4310.305590661714
TR-036133,2025-08-16,1915.8,1800.837316096526
TR-036134,2025-08-16,726.88,713.8095918364778
TR-036135,2025-08-16,2990.38,3023.08760735501
TR-036136,2025-08-16,1622.29,1792.9275474112612
TR-036137,2025-08-16,2750.99,2697.1912651953626
TR-036138,2025-08-16,1249.44,1192.5361782587433
TR-036139,2025-08-16,4247.68,4280.329811491429
TR-036140,2025-08-16,2638.95,2506.167162815078
TR-036141,2025-08-16,2614.31,2677.39877604188
TR-036142,2025-08-16,5157.53,5476.456088898603
TR-036143,2025-08-16,1797.61,1794.5368284254769
TR-036144,2025-08-16,1130.66,1169.2063297378743
TR-036145,2025-08-16,1944.47,2077.2897272341816
TR-036146,2025-08-16,1001.14,1007.2637825179737
TR-036147,2025-08-16,2625.33,2891.680103404879
TR-036148,2025-08-16,2031.99,2224.381943176192
TR-036149,2025-08-16,1413.77,1422.8327768189463
TR-036150,2025-08-16,4953.76,5219.952148283066
TR-036151,2025-08-16,5013.5,5317.273109742386
TR-036152,2025-08-16,1571.67,1524.7941471800814
TR-036153,2025-08-16,4412.23,4186.304110994402
TR-036154,2025-08-16,3611.27,3454.646689627605
TR-036155,2025-08-16,2261.69,2167.2501609978444
TR-036156,2025-08-16,3401.34,3315.6569506636333
TR-036157,2025-08-16,1646.63,1667.0694521121902
TR-036158,2025-08-16,3454.23,3364.4344154283817
TR-036159,2025-08-16,1457.51,1549.5919148272312
TR-036160,2025-08-16,5451.29,6000.406887711756
TR-036161,2025-08-16,3816.6,3927.9940377115167
TR-036162,2025-08-16,2322.3,2204.9755018363517
TR-036163,2025-08-16,3473.17,3636.820588144261
TR-036164,2025-08-16,663.35,648.0768158565018
TR-036165,2025-08-16,4844.76,5303.23165903077
TR-036166,2025-08-16,2569.81,2491.048380067515
TR-036167,2025-08-16,1160.98,1190.6937310094793
TR-036168,2025-08-17,1652.87,1815.7020419395951
TR-036169,2025-08-17,1644.17,1709.292604981677
TR-036170,2025-08-17,5136.17,5448.342532146818
TR-036171,2025-08-17,4414.17,4919.525661515167
TR-036172,2025-08-17,2410.45,2615.8481393858906
TR-036173,2025-08-17,1206.28,1199.481492448915
TR-036174,2025-08-17,590.4,1755.1810224562028
TR-036175,2025-08-17,1105.12,1035.2994446659175
TR-036176,2025-08-17,2619.57,2212.5894043747453
TR-036177,2025-08-17,2247.2,2329.6583881170877
TR-036178,2025-08-17,436.28,400.5062215826814
TR-036179,2025-08-17,1313.47,1352.4542466408298
TR-036180,2025-08-17,1037.58,1039.6119463152654
TR-036181,2025-08-17,2378.78,2554.620261185461
TR-036182,2025-08-17,2727.16,2846.0510521107867
TR-036183,2025-08-17,3821.36,4303.33848500647
TR-036184,2025-08-17,3380.18,3575.0665746517707
TR-036185,2025-08-17,740.47,777.2067411445784
TR-036186,2025-08-17,2055.83,2316.4368356147415
TR-036187,2025-08-17,2250.27,2405.9124586785665
TR-036188,2025-08-17,1527.78,1750.344556721496
TR-036189,2025-08-17,3093.44,3392.6543823746865
TR-036190,2025-08-17,1733.05,1661.8513758238155
TR-036191,2025-08-17,4800.2,4940.105968515674
TR-036192,2025-08-17,549.01,543.7408653918477
TR-036193,2025-08-17,3767.23,3980.8696871456473
TR-036194,2025-08-17,3019.94,3210.678109074262
TR-036195,2025-08-17,898.11,834.4905248719804
TR-036196,2025-08-17,830.05,808.0217822335187
TR-036197,2025-08-17,2144.22,2153.1091477017335
TR-036198,2025-08-17,3686.55,3666.942504395153
TR-036199,2025-08-17,1091.95,1151.1756766189171
TR-036200,2025-08-17,3196.57,3024.071301373427
TR-036201,2025-08-17,3381.1,3492.8498429044275
TR-036202,2025-08-17,3762.82,3374.296876382616
TR-036203,2025-08-17,2135.53,2138.31868461868
TR-036204,2025-08-17,839.05,838.3482059135999
TR-036205,2025-08-17,4083.3,3912.6165084510208
TR-036206,2025-08-17,1030.79,932.3948491237218
TR-036207,2025-08-17,979.98,1011.3684924798303
TR-036208,2025-08-17,2014.89,2103.1419446093114
TR-036209,2025-08-17,775.55,731.4114569656119
TR-036210,2025-08-17,5484.89,5844.327696651944
TR-036211,2025-08-17,2470.83,2649.8598607772115
TR-036212,2025-08-17,229.68,231.19934520767998
TR-036213,2025-08-17,574.81,545.1346305543731
TR-036214,2025-08-17,858.66,900.6399946928794
TR-036215,2025-08-17,2039.55,2114.272816788594
TR-036216,2025-08-17,5097.56,5651.233914041037
TR-036217,2025-08-17,1213.75,1195.4969297895273
TR-036218,2025-08-17,2730.21,2808.5160138636616
TR-036219,2025-08-17,1430.67,1361.214583010235
TR-036220,2025-08-17,1080.77,1188.4267071399606
TR-036221,2025-08-17,1826.94,1915.0486578443913
TR-036222,2025-08-17,3316.18,3614.703786539975
TR-036223,2025-08-17,3805.29,4048.572188175489
TR-036224,2025-08-17,1206.5,1192.4591719663272
TR-036225,2025-08-17,3475.0,3721.3877765297034
TR-036226,2025-08-17,3979.62,4417.888982466677
TR-036227,2025-08-17,4153.36,4484.203390786413
TR-036228,2025-08-17,1389.16,1274.4264127611457
TR-036229,2025-08-17,2186.81,2135.3686185949805
TR-036230,2025-08-17,582.53,551.968215759395
TR-036231,2025-08-17,3160.75,3033.856842069407
TR-036232,2025-08-17,701.0,700.7725168901893
TR-036233,2025-08-17,500.33,475.4195961683371
TR-036234,2025-08-17,951.19,969.0536708819578
TR-036235,2025-08-17,1345.95,1490.5395925028376
TR-036236,2025-08-17,575.45,539.1360728702863
TR-036237,2025-08-17,1427.88,1480.2213131000372
TR-036238,2025-08-17,3563.83,3535.1598468832312
TR-036239,2025-08-17,4616.32,5114.80301553269
TR-036240,2025-08-17,903.07,882.8277799004733
TR-036241,2025-08-17,2050.24,2139.2799537017377
TR-036242,2025-08-17,1151.23,1127.3024196254016
TR-036243,2025-08-17,1374.88,1398.1942877870872
TR-036244,2025-08-17,2483.45,2603.8871593477998
TR-036245,2025-08-17,1250.99,1191.4683424437733
TR-036246,2025-08-17,551.79,568.5748938306061
TR-036247,2025-08-17,3761.24,4193.7889251696315
TR-036248,2025-08-17,1922.79,2051.763740821154
TR-036249,2025-08-17,1742.86,1696.6597381768568
TR-036250,2025-08-17,2597.63,2541.595607410687
TR-036251,2025-08-17,2091.12,2256.5239129460547
TR-036252,2025-08-17,3595.51,3487.1103476645967
TR-036253,2025-08-17,766.26,813.9331680526003
TR-036254,2025-08-17,1884.95,1885.2388554554084
TR-036255,2025-08-17,3030.28,3335.8297334515705
TR-036256,2025-08-17,2050.45,2196.1413706738917
TR-036257,2025-08-17,4803.79,4957.907918875486
TR-036258,2025-08-17,2393.67,2651.2807557802066
TR-036259,2025-08-17,4864.79,5111.980705643476
TR-036260,2025-08-17,2032.97,2110.4186927175415
TR-036261,2025-08-17,2089.62,2110.9701205546394
TR-036262,2025-08-17,2089.28,2094.0421374720686
TR-036263,2025-08-17,1855.56,1928.712681128256
TR-036264,2025-08-17,2202.77,2129.638910278078
TR-036265,2025-08-17,4154.97,4490.854861993038
TR-036266,2025-08-17,4335.22,4416.966333331171
TR-036267,2025-08-17,3318.05,3670.5395754849005
TR-036268,2025-08-17,4307.74,4388.100882423304
TR-036269,2025-08-17,1567.26,1536.3779552780202
TR-036270,2025-08-17,4264.12,3997.909841931402
TR-036271,2025-08-17,1933.24,2110.7790908848333
TR-036272,2025-08-17,1493.51,1507.0406077579605
TR-036273,2025-08-17,894.5,893.282069083543
TR-036274,2025-08-17,2550.29,2421.6648381574532
TR-036275,2025-08-17,4713.06,5261.463359520978
TR-036276,2025-08-17,4047.8,4269.644808763982
TR-036277,2025-08-17,2205.46,2310.6257597032563
TR-036278,2025-08-17,1297.22,1216.10333272128
TR-036279,2025-08-17,3844.59,4159.689729773905
TR-036280,2025-08-17,5396.59,5055.911507612539
TR-036281,2025-08-17,2064.97,2110.394483429204
TR-036282,2025-08-17,1105.94,1116.487506647678
TR-036283,2025-08-17,1605.1,1686.968197224837
TR-036284,2025-08-17,4324.29,3774.4322760499635
TR-036285,2025-08-17,2112.79,2203.200306892787
TR-036286,2025-08-17,786.37,789.1445001720747
TR-036287,2025-08-17,3266.32,3370.9119099681616
TR-036288,2025-08-17,5763.0,5783.513745520766
TR-036289,2025-08-17,1708.81,1800.9042111146236
TR-036290,2025-08-17,3827.3,3937.4413978578837
TR-036291,2025-08-17,1470.35,1636.0626804122614
TR-036292,2025-08-17,1607.91,1897.289759133742
TR-036293,2025-08-17,3974.12,3914.5007823268465
TR-036294,2025-08-17,2305.45,2192.7391538480356
TR-036295,2025-08-17,587.69,578.6388801006224
TR-036296,2025-08-17,1520.23,1602.230719291285
TR-036297,2025-08-17,2405.08,2491.700706565413
TR-036298,2025-08-17,1508.56,1519.9455775209017
TR-036299,2025-08-17,1155.37,1129.8550419971186
TR-036300,2025-08-17,880.58,876.6522369839674
TR-036301,2025-08-17,2290.38,2499.787951110678
TR-036302,2025-08-17,2676.64,2518.2776766811576
TR-036303,2025-08-17,2719.32,2781.5896596329067
TR-036304,2025-08-17,470.52,451.91825158818835
TR-036305,2025-08-17,1140.31,1101.06715514053
TR-036306,2025-08-17,4307.93,4217.887454304235
TR-036307,2025-08-17,836.43,840.7697190235502
TR-036308,2025-08-17,2003.51,2098.550869682313
TR-036309,2025-08-17,1203.26,1179.2757128510043
TR-036310,2025-08-17,2768.58,2857.824312953324
TR-036311,2025-08-17,2159.37,2199.6936182460686
TR-036312,2025-08-17,2617.18,2737.213155168265
TR-036313,2025-08-17,455.32,439.4018433080769
TR-036314,2025-08-17,2029.34,2227.916449967627
TR-036315,2025-08-17,2803.91,2888.583590735738
TR-036316,2025-08-17,1104.37,1065.7339698378203
TR-036317,2025-08-17,2222.31,2205.049697995913
TR-036318,2025-08-17,1400.4,1481.2398094307966
TR-036319,2025-08-17,571.65,531.5663405332011
TR-036320,2025-08-17,1286.62,1315.4652514893753
TR-036321,2025-08-17,3386.31,3360.9784682480745
TR-036322,2025-08-17,580.04,586.5398464928012
TR-036323,2025-08-17,1635.76,1837.7807249815735
TR-036324,2025-08-17,2316.54,2247.111076156709
TR-036325,2025-08-17,1440.32,1399.3884792333024
TR-036326,2025-08-17,885.0,861.6568743487792
TR-036327,2025-08-17,4180.5,4335.5772216304995
TR-036328,2025-08-18,1302.19,1262.0390971716386
TR-036329,2025-08-18,968.56,932.4235540883936
TR-036330,2025-08-18,1486.25,1537.9630091825513
TR-036331,2025-08-18,1213.62,1216.7967822452888
TR-036332,2025-08-18,960.39,886.5247826204356
TR-036333,2025-08-18,1873.0,1927.744892477784
TR-036334,2025-08-18,530.61,519.9497241507894
TR-036335,2025-08-18,1790.14,1839.2703096786543
TR-036336,2025-08-18,1463.86,1569.6251346505264
TR-036337,2025-08-18,7005.3,2032.9016151540577
TR-036338,2025-08-18,2754.32,2820.3455982894825
TR-036339,2025-08-18,4459.58,4572.302835976703
TR-036340,2025-08-18,1085.17,1037.3694509562265
TR-036341,2025-08-18,824.06,828.124012623216
TR-036342,2025-08-18,2422.92,2572.0258393367158
TR-036343,2025-08-18,2196.65,2230.7168270084376
TR-036344,2025-08-18,2033.9,2113.1380530067427
TR-036345,2025-08-18,1311.96,1355.9286571720427
TR-036346,2025-08-18,4145.32,4192.866321766259
TR-036347,2025-08-18,609.92,597.1469521300477
TR-036348,2025-08-18,3018.58,3034.607576800725
TR-036349,2025-08-18,2280.83,2400.946856821041
TR-036350,2025-08-18,363.64,349.58891627594215
TR-036351,2025-08-18,1474.28,1311.3362033153987
TR-036352,2025-08-18,2625.24,2615.249426186216
TR-036353,2025-08-18,1182.95,1147.4297232718648
TR-036354,2025-08-18,1588.15,1611.121107837987
TR-036355,2025-08-18,4013.6,4252.037153340618
TR-036356,2025-08-18,387.66,373.2608300842135
TR-036357,2025-08-18,1067.44,1096.8267631258423
TR-036358,2025-08-18,924.05,889.943111227749
TR-036359,2025-08-18,3251.33,3317.1036721694936
TR-036360,2025-08-18,2867.66,2875.9451177669157
TR-036361,2025-08-18,5279.47,5628.817770325705
TR-036362,2025-08-18,2235.11,2183.7037916939903
TR-036363,2025-08-18,4469.94,4784.571421920641
TR-036364,2025-08-18,4767.02,4571.4343041852035
TR-036365,2025-08-18,2766.01,2833.3475330478627
TR-036366,2025-08-18,3101.88,3255.923173092432
TR-036367,2025-08-18,3414.11,3515.355916134417
TR-036368,2025-08-18,594.86,542.4699396125927
TR-036369,2025-08-18,1655.43,1739.4990063803111
TR-036370,2025-08-18,1136.01,1134.377096707974
TR-036371,2025-08-18,5474.99,1272.9388961466173
TR-036372,2025-08-18,2101.95,2264.4724950550276
TR-036373,2025-08-18,1601.64,1492.527199780733
TR-036374,2025-08-18,945.7,929.3003409229402
TR-036375,2025-08-18,2830.13,2795.1239405720457
TR-036376,2025-08-18,764.68,803.6927560076995
TR-036377,2025-08-18,592.37,588.5500404001853
TR-036378,2025-08-18,583.85,559.9132380411679
TR-036379,2025-08-18,2325.74,2440.1099989954296
TR-036380,2025-08-18,451.84,438.77637877658043
TR-036381,2025-08-18,1291.52,1306.7528673941488
TR-036382,2025-08-18,4435.81,4693.938862317059
TR-036383,2025-08-18,1474.08,1475.0376880185622
TR-036384,2025-08-18,3001.21,2898.1497711101056
TR-036385,2025-08-18,5270.1,5602.062277248911
TR-036386,2025-08-18,1762.06,1717.8846043493672
TR-036387,2025-08-18,1780.32,1791.491261418557
TR-036388,2025-08-18,3216.91,3311.651429524532
TR-036389,2025-08-18,4407.92,4729.485164095975
TR-036390,2025-08-18,1040.88,1043.6798829761372
TR-036391,2025-08-18,475.28,447.51265140051834
TR-036392,2025-08-18,9127.43,2814.434541670386
TR-036393,2025-08-18,2986.01,3201.5925583363155
TR-036394,2025-08-18,4112.57,4022.9792191793335
TR-036395,2025-08-18,3004.7,3045.1205582196126
TR-036396,2025-08-18,1405.11,1514.577909515721
TR-036397,2025-08-18,921.85,915.0426736528973
TR-036398,2025-08-18,5391.98,5115.754273290685
TR-036399,2025-08-18,2704.57,2713.378930102546
TR-036400,2025-08-18,3284.18,3481.6827442838444
TR-036401,2025-08-18,1396.72,1466.6696881478906
TR-036402,2025-08-18,1066.18,1005.5416526528087
TR-036403,2025-08-18,3184.97,3411.4081387162682
TR-036404,2025-08-18,4600.41,5060.100623328155
TR-036405,2025-08-18,3414.08,3461.0847072398733
TR-036406,2025-08-18,2600.97,2532.199920886068
TR-036407,2025-08-18,2356.65,2442.724259097868
TR-036408,2025-08-18,2950.3,3184.4306233033235
TR-036409,2025-08-18,1205.97,1144.0408738125832
TR-036410,2025-08-18,1119.34,1038.5324986052563
TR-036411,2025-08-18,1151.14,1134.3904620016378
TR-036412,2025-08-18,2691.6,2759.194012529401
TR-036413,2025-08-18,1783.71,1835.2911138081042
TR-036414,2025-08-18,552.32,532.284497720328
TR-036415,2025-08-18,1323.71,1316.1407445268535
TR-036416,2025-08-18,1222.79,1243.9057981151752
TR-036417,2025-08-18,2446.14,2621.2354112024036
TR-036418,2025-08-18,1253.85,1264.8805338193552
TR-036419,2025-08-18,1870.75,2044.2198506454372
TR-036420,2025-08-18,1694.82,1680.64012055756
TR-036421,2025-08-18,1041.44,1022.2146778452184
TR-036422,2025-08-18,1695.68,1673.6319865709997
TR-036423,2025-08-18,907.4,887.0324795916619
TR-036424,2025-08-18,4036.53,4101.787881831261
TR-036425,2025-08-18,2205.14,2247.434086268743
TR-036426,2025-08-18,3675.29,3198.3220987714103
TR-036427,2025-08-18,2094.68,2169.4434644924713
TR-036428,2025-08-18,3807.79,3841.891025890461
TR-036429,2025-08-18,4223.98,3957.6718187454326
TR-036430,2025-08-18,1038.63,1017.2843553155881
TR-036431,2025-08-18,713.95,702.5171831250124
TR-036432,2025-08-18,3634.28,3925.755273650041
TR-036433,2025-08-18,3443.19,3230.5616091017955
TR-036434,2025-08-18,1497.08,1474.3803127374867
TR-036435,2025-08-18,4874.55,5035.001717979799
TR-036436,2025-08-18,845.52,829.9727244442007
TR-036437,2025-08-18,4633.79,4759.21385404507
TR-036438,2025-08-18,2608.3,2808.4809873595705
TR-036439,2025-08-18,1073.13,1047.7462261465
TR-036440,2025-08-18,2924.85,3182.335986356311
TR-036441,2025-08-18,742.67,740.2171281713386
TR-036442,2025-08-18,3055.59,3074.169719778374
TR-036443,2025-08-18,2569.04,2837.6334093776286
TR-036444,2025-08-18,1541.79,1565.4403261101559
TR-036445,2025-08-18,3784.74,3684.2240031460015
TR-036446,2025-08-18,1179.95,1091.6565484255993
TR-036447,2025-08-18,1593.1,1635.987374251902
TR-036448,2025-08-18,1621.52,1725.511938488298
TR-036449,2025-08-18,1540.02,1553.0157739269212
TR-036450,2025-08-18,830.01,819.4757500792253
TR-036451,2025-08-18,1881.25,2126.312631958112
TR-036452,2025-08-18,631.79,607.4976938868604
TR-036453,2025-08-18,3197.64,3010.8531454681533
TR-036454,2025-08-18,1219.62,1132.2405795874674
TR-036455,2025-08-18,3946.97,4329.5846457363705
TR-036456,2025-08-18,1799.23,1925.857442636265
TR-036457,2025-08-18,1389.5,1445.4028589845495
TR-036458,2025-08-18,2763.16,2726.764990184095
TR-036459,2025-08-18,3493.69,3583.4070022544797
TR-036460,2025-08-18,1104.2,1133.4294566155968
TR-036461,2025-08-18,3292.21,3414.4085104862274
TR-036462,2025-08-18,2140.29,2289.6144553250274
TR-036463,2025-08-18,1333.56,1346.5824192490065
TR-036464,2025-08-18,3545.35,3455.1151823834252
TR-036465,2025-08-18,246.24,288.60468757881284
TR-036466,2025-08-18,1876.54,1870.248266906382
TR-036467,2025-08-18,870.16,871.0761843144028
TR-036468,2025-08-18,646.37,616.7506760876001
TR-036469,2025-08-18,2662.1,2708.5856375490216
TR-036470,2025-08-18,2450.2,2176.607877690035
TR-036471,2025-08-18,1881.24,1759.8857388935717
TR-036472,2025-08-18,1239.46,1316.503316548767
TR-036473,2025-08-18,2022.38,1897.2087017682288
TR-036474,2025-08-18,1068.71,1048.3836797587724
TR-036475,2025-08-18,3088.48,3262.8379915085884
TR-036476,2025-08-18,2533.85,2500.771063627928
TR-036477,2025-08-18,648.16,627.7299295191126
TR-036478,2025-08-19,4062.45,3935.350678446821
TR-036479,2025-08-19,2528.12,2515.625944296549
TR-036480,2025-08-19,2170.15,2223.981569567551
TR-036481,2025-08-19,2807.51,2702.4600275922376
TR-036482,2025-08-19,4494.76,4331.070644549481
TR-036483,2025-08-19,700.81,673.3860133330163
TR-036484,2025-08-19,1434.06,1440.6525071579329
TR-036485,2025-08-19,1421.04,1372.7063638084564
TR-036486,2025-08-19,3248.51,3612.0144498602476
TR-036487,2025-08-19,3482.69,3841.5352460787617
TR-036488,2025-08-19,1940.19,1947.1742484215433
TR-036489,2025-08-19,577.87,545.1229620832452
TR-036490,2025-08-19,1938.92,2118.346301924625
TR-036491,2025-08-19,2529.01,2502.1210610271883
TR-036492,2025-08-19,4145.98,4399.940527180687
TR-036493,2025-08-19,3683.08,3617.010853798314
TR-036494,2025-08-19,621.06,573.775460395583
TR-036495,2025-08-19,2412.3,2397.5474855996363
TR-036496,2025-08-19,1602.28,1559.6188684576045
TR-036497,2025-08-19,5007.09,5050.937243533358
TR-036498,2025-08-19,3974.93,4187.770943379808
TR-036499,2025-08-19,3785.29,4061.8692575788846
TR-036500,2025-08-19,3699.85,4032.2517505337214
TR-036501,2025-08-19,3577.21,3745.9851618856387
TR-036502,2025-08-19,2123.58,2134.7916926840894
TR-036503,2025-08-19,5212.13,5074.65502667863
TR-036504,2025-08-19,1360.75,1411.4766018178266
TR-036505,2025-08-19,2928.8,3164.9241872705547
TR-036506,2025-08-19,3687.08,4037.8435370491197
TR-036507,2025-08-19,1239.01,1329.5557149282279
TR-036508,2025-08-19,698.91,702.6549639510349
TR-036509,2025-08-19,1890.03,1947.384862112251
TR-036510,2025-08-19,3376.05,3616.6303009297517
TR-036511,2025-08-19,484.6,479.53183325569285
TR-036512,2025-08-19,3328.76,3525.0482728503016
TR-036513,2025-08-19,2946.23,3044.9172853084115
TR-036514,2025-08-19,1713.96,1648.1180989873715
TR-036515,2025-08-19,2876.51,3059.214057346347
TR-036516,2025-08-19,2088.96,2208.3956913473853
TR-036517,2025-08-19,3594.09,3391.3722261717035
TR-036518,2025-08-19,3494.05,3574.3881697386196
TR-036519,2025-08-19,1114.24,1076.1632505017863
TR-036520,2025-08-19,2714.49,2564.120454265185
TR-036521,2025-08-19,1401.37,1389.1256163592366
TR-036522,2025-08-19,2062.24,2283.8916584489207
TR-036523,2025-08-19,910.62,962.9404184089524
TR-036524,2025-08-19,2451.68,2333.320008466265
TR-036525,2025-08-19,1876.04,1779.5918022880617
TR-036526,2025-08-19,643.19,608.7478859033487
TR-036527,2025-08-19,2168.16,2291.4588377983337
TR-036528,2025-08-19,3719.7,3840.5993655706607
TR-036529,2025-08-19,3308.92,3499.9409816635352
TR-036530,2025-08-19,2682.76,2812.880162670492
TR-036531,2025-08-19,1574.32,1488.3326777241573
TR-036532,2025-08-19,4083.58,4182.195759859415
TR-036533,2025-08-19,1889.76,2017.2646873058957
TR-036534,2025-08-19,4693.35,3912.7857112021943
TR-036535,2025-08-19,3092.36,3196.005540030165
TR-036536,2025-08-19,1094.04,1088.9494939712952
TR-036537,2025-08-19,1201.66,1070.6628065974035
TR-036538,2025-08-19,2757.2,2574.1232514375724
TR-036539,2025-08-19,2296.67,2446.379975676709
TR-036540,2025-08-19,2650.75,2804.00089257079
TR-036541,2025-08-19,1098.72,1090.1324526912927
TR-036542,2025-08-19,1292.85,1291.0440754032024
TR-036543,2025-08-19,780.91,749.1487402913931
TR-036544,2025-08-19,2459.64,2505.1024533801924
TR-036545,2025-08-19,2801.49,2975.0343347702405
TR-036546,2025-08-19,881.77,815.5194156197505
TR-036547,2025-08-19,4040.94,4073.684189718557
TR-036548,2025-08-19,269.95,287.5835899225583
TR-036549,2025-08-19,1487.21,1429.925918958456
TR-036550,2025-08-19,1881.32,1819.2228888097745
TR-036551,2025-08-19,1649.02,1552.785691200576
TR-036552,2025-08-19,3390.6,3507.167872157249
TR-036553,2025-08-19,2499.47,2561.505073441159
TR-036554,2025-08-19,1415.92,1454.2004346891054
TR-036555,2025-08-19,2284.29,2352.471310996173
TR-036556,2025-08-19,1813.52,1874.502169009275
TR-036557,2025-08-19,1186.67,1158.7838674487807
TR-036558,2025-08-19,640.91,643.951049816409
TR-036559,2025-08-19,3199.7,3417.9165096355628
TR-036560,2025-08-19,330.59,332.6663820051977
TR-036561,2025-08-19,1762.13,1719.1185690382965
TR-036562,2025-08-19,2439.47,2398.0911702675994
TR-036563,2025-08-19,1363.3,1202.9121795540646
TR-036564,2025-08-19,1700.11,1771.403331173735
TR-036565,2025-08-19,888.84,837.7528862059369
TR-036566,2025-08-19,768.75,734.1941896043071
TR-036567,2025-08-19,423.14,431.75367585532223
TR-036568,2025-08-19,2057.14,2169.253401980872
TR-036569,2025-08-19,2365.86,2183.929574977907
TR-036570,2025-08-19,4523.85,4594.942929883226
TR-036571,2025-08-19,2401.06,2169.3394700754798
TR-036572,2025-08-19,611.69,544.694400673564
TR-036573,2025-08-19,1834.73,2011.3369809767046
TR-036574,2025-08-19,3876.58,3986.83198485351
TR-036575,2025-08-19,4178.76,4482.347389148368
TR-036576,2025-08-19,2125.87,2050.088606605783
TR-036577,2025-08-19,808.98,815.0238994034618
TR-036578,2025-08-19,5132.34,5612.699255236397
TR-036579,2025-08-19,3954.67,4451.682109371653
TR-036580,2025-08-19,4222.39,4326.054748579726
TR-036581,2025-08-19,779.19,778.3269238851464
TR-036582,2025-08-19,305.5,283.0760857545185
TR-036583,2025-08-19,927.53,960.6788729257371
TR-036584,2025-08-19,4263.95,4457.499850560063
TR-036585,2025-08-19,1070.05,1031.589797095217
TR-036586,2025-08-19,1551.73,1646.378384006852
TR-036587,2025-08-19,5028.79,5090.471553000241
TR-036588,2025-08-19,1432.27,1367.1822592161707
TR-036589,2025-08-19,1249.37,1107.9746954957527
TR-036590,2025-08-19,3132.86,3258.582812295924
TR-036591,2025-08-19,545.0,546.1033568375261
TR-036592,2025-08-19,3215.76,3307.9861237559817
TR-036593,2025-08-19,2014.18,2023.227036020438
TR-036594,2025-08-19,2571.46,2683.7040255873885
TR-036595,2025-08-19,1139.56,1063.6493813308184
TR-036596,2025-08-19,5055.89,5685.349042271028
TR-036597,2025-08-19,1867.51,1895.854203494075
TR-036598,2025-08-19,1233.19,347.47950889138644
TR-036599,2025-08-19,1651.75,1693.5416578971112
TR-036600,2025-08-19,2183.06,2161.591719462985
TR-036601,2025-08-19,4622.21,4801.962186198939
TR-036602,2025-08-19,3186.96,3175.00675683602
TR-036603,2025-08-19,4157.95,4369.855406675951
TR-036604,2025-08-19,1086.93,1096.821959717003
TR-036605,2025-08-19,2969.49,3252.252455092294
TR-036606,2025-08-19,5016.26,5221.167700529828
TR-036607,2025-08-19,251.48,241.4849423936616
TR-036608,2025-08-19,475.77,438.76151723685615
TR-036609,2025-08-19,4493.84,4766.010879652181
TR-036610,2025-08-20,1386.42,288.864060525508
TR-036611,2025-08-20,1283.24,1208.5839686936226
TR-036612,2025-08-20,3774.05,3587.8622240352256
TR-036613,2025-08-20,2310.44,2343.848416775024
TR-036614,2025-08-20,2867.53,2938.1520572488616
TR-036615,2025-08-20,4091.63,4265.156552926268
TR-036616,2025-08-20,2104.27,739.7448837862955
TR-036617,2025-08-20,3897.69,4264.123581555222
TR-036618,2025-08-20,2244.64,2166.3364992735173
TR-036619,2025-08-20,2651.55,2740.8203734867043
TR-036620,2025-08-20,2380.7,2210.6219484889134
TR-036621,2025-08-20,829.39,800.7843604634337
TR-036622,2025-08-20,1473.56,1427.028692502797
TR-036623,2025-08-20,3636.99,3758.7935661854217
TR-036624,2025-08-20,915.54,915.4180944398062
TR-036625,2025-08-20,1183.23,1274.6905994811598
TR-036626,2025-08-20,4304.02,4650.085491088489
TR-036627,2025-08-20,4808.84,5080.144561415454
TR-036628,2025-08-20,1391.56,1383.210963924366
TR-036629,2025-08-20,1284.09,1276.279111984018
TR-036630,2025-08-20,1595.82,1855.8786465680955
TR-036631,2025-08-20,2925.66,2878.3650972301316
TR-036632,2025-08-20,3402.74,3395.5395177656583
TR-036633,2025-08-20,3447.63,3681.6862121326913
TR-036634,2025-08-20,2126.57,2069.692565068712
TR-036635,2025-08-20,3155.17,2997.730011385445
TR-036636,2025-08-20,5422.39,5573.250896105727
TR-036637,2025-08-20,3591.08,3816.162723377157
TR-036638,2025-08-20,5169.48,5404.534427549588
TR-036639,2025-08-20,3599.34,4004.038148114649
TR-036640,2025-08-20,2646.7,2773.759839119398
TR-036641,2025-08-20,472.55,454.1802115403424
TR-036642,2025-08-20,863.42,849.4038484739895
TR-036643,2025-08-20,1960.5,2144.4814111714836
TR-036644,2025-08-20,342.72,1450.9912130693942
TR-036645,2025-08-20,2388.92,2387.781651131727
TR-036646,2025-08-20,2259.87,2071.37858869875
TR-036647,2025-08-20,2261.14,2173.0850645028354
TR-036648,2025-08-20,1790.72,1937.8741838846022
TR-036649,2025-08-20,1034.76,1043.8556768964665
TR-036650,2025-08-20,1851.91,1720.3968598301992
TR-036651,2025-08-20,1013.63,1001.2971228285083
TR-036652,2025-08-20,954.57,993.713443685488
TR-036653,2025-08-20,814.6,813.7656775597355
TR-036654,2025-08-20,636.77,622.6428228348447
TR-036655,2025-08-20,1098.68,4666.1244053777955
TR-036656,2025-08-20,2434.53,2443.468567092211
TR-036657,2025-08-20,501.72,448.14462030510805
TR-036658,2025-08-20,3768.26,3896.8606129088303
TR-036659,2025-08-20,672.86,648.0005659811361
TR-036660,2025-08-20,3694.93,3641.3776357530305
TR-036661,2025-08-20,1834.61,1898.0964885975293
TR-036662,2025-08-20,1855.13,2023.752708473434
TR-036663,2025-08-20,1850.53,1673.7319756185195
TR-036664,2025-08-20,2405.01,2591.7826158490566
TR-036665,2025-08-20,1585.92,1578.1561575594208
TR-036666,2025-08-20,485.3,485.38151462094567
TR-036667,2025-08-20,1466.89,1432.0058540192456
TR-036668,2025-08-20,3732.56,3826.3648395664172
TR-036669,2025-08-20,969.07,915.6532770229642
TR-036670,2025-08-20,1597.78,1549.297817301085
TR-036671,2025-08-20,1033.53,1179.213866756346
TR-036672,2025-08-20,1007.86,1053.3643069720358
TR-036673,2025-08-20,2015.73,2090.195347476307
TR-036674,2025-08-20,4108.8,4593.652003174612
TR-036675,2025-08-20,2542.56,2502.9057655341817
TR-036676,2025-08-20,2090.52,2239.043637267015
TR-036677,2025-08-20,2214.55,2154.1275015550104
TR-036678,2025-08-20,601.12,607.3212495072228
TR-036679,2025-08-20,1374.58,1354.3235731846164
TR-036680,2025-08-20,11839.2,3283.799783351139
TR-036681,2025-08-20,3288.75,3321.2641718894515
TR-036682,2025-08-20,1945.54,1958.4129138240348
TR-036683,2025-08-20,1951.68,2035.6133731435054
TR-036684,2025-08-20,1038.02,1022.5795550748069
TR-036685,2025-08-20,721.78,688.1934084002456
TR-036686,2025-08-20,1436.61,1357.5440426816988
TR-036687,2025-08-20,1764.72,1702.678145215342
TR-036688,2025-08-20,2089.6,2124.0516135444363
TR-036689,2025-08-20,1890.54,1800.5407663838714
TR-036690,2025-08-20,2105.68,2277.941792620828
TR-036691,2025-08-20,5533.57,5743.003670477019
TR-036692,2025-08-20,1474.64,1400.710960654438
TR-036693,2025-08-20,3669.47,4108.86374194859
TR-036694,2025-08-20,2434.45,2566.8677841130225
TR-036695,2025-08-20,4408.52,4610.035598026339
TR-036696,2025-08-20,3681.09,3774.0883826397653
TR-036697,2025-08-20,3813.32,3741.843788619654
TR-036698,2025-08-20,3441.2,3534.324054364238
TR-036699,2025-08-20,3826.6,3654.9489177587966
TR-036700,2025-08-20,1209.64,1141.9475717924852
TR-036701,2025-08-20,842.96,844.1212709012356
TR-036702,2025-08-20,1325.4,1304.2424012757706
TR-036703,2025-08-20,1785.26,1790.1078872455907
TR-036704,2025-08-20,3738.53,3401.3345088997585
TR-036705,2025-08-20,1789.47,1748.837585356069
TR-036706,2025-08-20,2219.86,2155.6318840816707
TR-036707,2025-08-20,3637.47,3700.520601227755
TR-036708,2025-08-20,6180.67,6252.838492212258
TR-036709,2025-08-20,4075.64,4694.5257120577335
TR-036710,2025-08-20,218.86,234.93800914600737
TR-036711,2025-08-20,2243.05,2470.6445753660787
TR-036712,2025-08-20,4382.01,4654.819705750702
TR-036713,2025-08-20,510.82,504.30041539379124
TR-036714,2025-08-20,4325.54,4606.528501209748
TR-036715,2025-08-20,989.96,979.8167254824225
TR-036716,2025-08-20,2755.51,2802.0569568721344
TR-036717,2025-08-20,704.44,641.6529158365262
TR-036718,2025-08-20,2691.38,2663.3824644450206
TR-036719,2025-08-20,3913.51,3737.457322104771
TR-036720,2025-08-20,1091.2,965.9671102857128
TR-036721,2025-08-20,3753.75,3543.655630521172
TR-036722,2025-08-20,1375.57,1384.8926260855724
TR-036723,2025-08-20,725.83,732.183851755536
TR-036724,2025-08-20,1370.4,1364.9906766227516
TR-036725,2025-08-20,956.28,990.8333042686666
TR-036726,2025-08-20,2748.99,2565.099218545375
TR-036727,2025-08-20,4305.07,4673.43876666043
TR-036728,2025-08-20,1285.25,1301.9914891895266
TR-036729,2025-08-20,1712.54,1910.5258619479696
TR-036730,2025-08-20,3234.1,3205.521186463765
TR-036731,2025-08-20,3722.53,3924.3370420708734
TR-036732,2025-08-20,657.03,651.611244132365
TR-036733,2025-08-20,2707.86,2815.9074498978857
TR-036734,2025-08-20,2152.23,2277.9470682125207
TR-036735,2025-08-20,3067.5,3172.070337416419
TR-036736,2025-08-20,1009.51,991.4299067303176
TR-036737,2025-08-20,2068.94,2239.566675933197
TR-036738,2025-08-20,4399.22,4722.453608742305
TR-036739,2025-08-20,910.13,861.1898126109737
TR-036740,2025-08-20,1244.46,1232.1037942939352
TR-036741,2025-08-20,2054.36,2262.245356061059
TR-036742,2025-08-20,3311.12,3519.776579009415
TR-036743,2025-08-20,3116.25,3272.2782395214285
TR-036744,2025-08-20,972.59,932.7461470112322
TR-036745,2025-08-20,1528.99,1519.2210464425743
TR-036746,2025-08-20,904.99,868.1454934387867
TR-036747,2025-08-20,2681.57,2747.0882049085785
TR-036748,2025-08-20,4782.94,4878.6763088892485
TR-036749,2025-08-20,2305.82,2148.3581197628528
TR-036750,2025-08-20,1135.08,1183.0587620893452
TR-036751,2025-08-20,1621.15,1558.080675222805
TR-036752,2025-08-20,2537.55,2575.402837827184
TR-036753,2025-08-20,1166.11,1164.157103397375
TR-036754,2025-08-20,1535.6,1458.7109135630692
TR-036755,2025-08-20,1724.39,2093.0093142758296
TR-036756,2025-08-20,493.53,470.3441329424276
TR-036757,2025-08-20,3778.8,4127.947979989411
TR-036758,2025-08-20,946.97,952.0167587858044
TR-036759,2025-08-20,1586.05,1614.4790752391198
TR-036760,2025-08-20,588.43,591.4390855458312
TR-036761,2025-08-20,3540.52,3536.958389194137
TR-036762,2025-08-20,2164.19,2174.0579134501527
TR-036763,2025-08-20,4327.83,4429.781254265146
TR-036764,2025-08-20,4999.28,5110.513893613151
TR-036765,2025-08-20,4525.36,4792.395145941322
TR-036766,2025-08-20,1804.96,1714.5453245934907
TR-036767,2025-08-20,1452.84,1388.4230506077906
TR-036768,2025-08-20,3612.33,3621.179450226697
TR-036769,2025-08-20,660.26,638.4654725009284
TR-036770,2025-08-20,5089.9,5342.490955345377
TR-036771,2025-08-20,4681.91,4869.341817325614
TR-036772,2025-08-20,989.75,979.1727193590056
TR-036773,2025-08-20,3808.51,3972.6229153385525
TR-036774,2025-08-20,2535.37,2184.68356247536
TR-036775,2025-08-20,2002.27,2114.233681655126
TR-036776,2025-08-20,1186.24,1258.5895738836552
TR-036777,2025-08-20,3466.25,3171.7038101655626
TR-036778,2025-08-21,697.99,680.46781956702
TR-036779,2025-08-21,2390.25,2426.1023559628047
TR-036780,2025-08-21,949.82,1013.766575650226
TR-036781,2025-08-21,2029.95,2022.433678198164
TR-036782,2025-08-21,1791.15,1807.082919952334
TR-036783,2025-08-21,1570.09,1517.1391594984434
TR-036784,2025-08-21,2239.63,2337.9081875394436
TR-036785,2025-08-21,1638.23,1719.5303548220256
TR-036786,2025-08-21,990.81,971.276201614145
TR-036787,2025-08-21,3892.62,4201.909726351271
TR-036788,2025-08-21,971.16,994.0130888663926
TR-036789,2025-08-21,1270.17,1288.3552757550106
TR-036790,2025-08-21,5285.51,5518.951296934475
TR-036791,2025-08-21,847.21,807.9391864558437
TR-036792,2025-08-21,5067.94,5083.496642753303
TR-036793,2025-08-21,4868.53,4504.742965384083
TR-036794,2025-08-21,1579.37,1738.6235569208884
TR-036795,2025-08-21,3794.2,3686.9950331051123
TR-036796,2025-08-21,1145.33,1204.1853769084362
TR-036797,2025-08-21,1837.01,2076.2787008216296
TR-036798,2025-08-21,748.1,711.948000956584
TR-036799,2025-08-21,1619.03,1911.1669959518254
TR-036800,2025-08-21,2244.95,2239.6706900623935
TR-036801,2025-08-21,2897.26,3023.252282891629
TR-036802,2025-08-21,1933.26,2017.071485193452
TR-036803,2025-08-21,6445.9,6009.427739783829
TR-036804,2025-08-21,3509.63,3441.785663924611
TR-036805,2025-08-21,881.82,861.7097648025085
TR-036806,2025-08-21,1117.21,1146.8465169678395
TR-036807,2025-08-21,884.12,860.6352842248053
TR-036808,2025-08-21,1004.87,1030.9656067423698
TR-036809,2025-08-21,1786.82,1958.2795206918445
TR-036810,2025-08-21,1253.59,1267.8983010249565
TR-036811,2025-08-21,4403.73,4698.739024722652
TR-036812,2025-08-21,767.18,744.9658843360482
TR-036813,2025-08-21,3856.7,4001.6760614528494
TR-036814,2025-08-21,1758.47,1811.004616954067
TR-036815,2025-08-21,2669.68,2662.168292595923
TR-036816,2025-08-21,1292.01,1320.489103084112
TR-036817,2025-08-21,3610.69,3749.5389051849857
TR-036818,2025-08-21,1019.65,1026.8518344162421
TR-036819,2025-08-21,333.85,337.5097800019755
TR-036820,2025-08-21,2059.99,2177.7676081840495
TR-036821,2025-08-21,1276.36,1249.7086518839565
TR-036822,2025-08-21,4884.31,4596.157520698565
TR-036823,2025-08-21,2222.35,2138.1793588981254
TR-036824,2025-08-21,1108.91,1014.8557122219769
TR-036825,2025-08-21,3056.51,3134.2187305890857
TR-036826,2025-08-21,2399.16,2349.71095751417
TR-036827,2025-08-21,3246.87,3381.769240837118
TR-036828,2025-08-21,918.93,931.1090949718179
TR-036829,2025-08-21,3712.27,3705.5461698183517
TR-036830,2025-08-21,1929.4,1981.9288211050932
TR-036831,2025-08-21,1986.98,2061.318399898117
TR-036832,2025-08-21,2160.97,2420.5089562591247
TR-036833,2025-08-21,2817.46,3084.629636643992
TR-036834,2025-08-21,3299.81,3329.0260526911734
TR-036835,2025-08-21,6089.99,6122.032922206636
TR-036836,2025-08-21,2457.42,2390.031861717445
TR-036837,2025-08-21,1202.6,1101.492569334667
TR-036838,2025-08-21,2550.17,2486.9475563984943
TR-036839,2025-08-21,1642.54,1674.379886347736
TR-036840,2025-08-21,1239.55,1228.6336955677777
TR-036841,2025-08-21,2014.39,1922.6758447003126
TR-036842,2025-08-21,1775.15,2018.296119704953
TR-036843,2025-08-21,842.84,820.2600367348701
TR-036844,2025-08-21,1736.32,1840.7023507838678
TR-036845,2025-08-21,2515.93,2363.486160510955
TR-036846,2025-08-21,1714.47,1616.7890156106673
TR-036847,2025-08-21,1150.61,1158.2619245888627
TR-036848,2025-08-21,1076.29,1090.6219517778854
TR-036849,2025-08-21,1611.52,1591.208317880301
TR-036850,2025-08-21,515.58,507.8964758747465
TR-036851,2025-08-21,1628.64,1599.948149028647
TR-036852,2025-08-21,1712.3,1777.5764003944444
TR-036853,2025-08-21,4457.75,4278.196826449539
TR-036854,2025-08-21,1136.15,1080.274065316931
TR-036855,2025-08-21,3759.61,3625.807086493458
TR-036856,2025-08-21,3034.0,3151.5823213828344
TR-036857,2025-08-21,2928.26,3063.404675403046
TR-036858,2025-08-21,1902.46,2097.841473265699
TR-036859,2025-08-21,2817.21,2754.0832971887157
TR-036860,2025-08-21,1879.48,1991.6338131557875
TR-036861,2025-08-21,1845.85,1929.8635878199525
TR-036862,2025-08-21,2318.82,2551.6122050663384
TR-036863,2025-08-21,1856.59,1851.7912046070023
TR-036864,2025-08-21,3400.02,3539.294358211361
TR-036865,2025-08-21,1034.15,1003.7019690159973
TR-036866,2025-08-21,2274.67,2376.0248997432036
TR-036867,2025-08-21,3866.5,3624.4015932534708
TR-036868,2025-08-21,550.87,516.0541490597336
TR-036869,2025-08-21,2077.94,2161.7193838523963
TR-036870,2025-08-21,1560.6,1749.7763903996977
TR-036871,2025-08-21,506.1,484.10836227896635
TR-036872,2025-08-21,4790.81,5225.383592242539
TR-036873,2025-08-21,1957.68,1824.4517245331128
TR-036874,2025-08-21,3303.46,3410.1476214459626
TR-036875,2025-08-21,2290.55,2207.0064894628445
TR-036876,2025-08-21,1119.74,1108.1864135837563
TR-036877,2025-08-21,1889.92,1978.1814785610784
TR-036878,2025-08-21,1867.94,1731.2067450839706
TR-036879,2025-08-21,1640.97,1524.4282802786329
TR-036880,2025-08-21,1284.06,1295.202197542548
TR-036881,2025-08-21,1440.59,1505.020364544396
TR-036882,2025-08-21,5418.53,5703.046876410312
TR-036883,2025-08-21,2669.51,2674.7553449547104
TR-036884,2025-08-21,2243.76,2324.0009797453026
TR-036885,2025-08-21,3686.52,3655.289290577146
TR-036886,2025-08-21,3291.83,3439.1115618377994
TR-036887,2025-08-21,2216.2,2332.8752075940647
TR-036888,2025-08-21,316.32,286.5750417621433
TR-036889,2025-08-21,4229.19,4291.674504492677
TR-036890,2025-08-21,916.1,889.0428271460511
TR-036891,2025-08-21,4069.8,4569.732437342505
TR-036892,2025-08-21,3132.63,3061.4848276811094
TR-036893,2025-08-21,1151.52,1091.4313879282804
TR-036894,2025-08-21,3740.47,4006.5983360854116
TR-036895,2025-08-21,1761.83,1869.7241166457438
TR-036896,2025-08-21,227.45,222.49507466454014
TR-036897,2025-08-21,3116.42,3221.5381840023415
TR-036898,2025-08-21,3538.11,3573.019071189368
TR-036899,2025-08-21,1396.51,1362.025479652855
TR-036900,2025-08-21,1891.09,1871.8202313018126
TR-036901,2025-08-21,679.82,647.1224800947691
TR-036902,2025-08-21,1090.2,995.4983041911723
TR-036903,2025-08-21,3525.78,3583.5859622347357
TR-036904,2025-08-21,3345.13,3389.8575224129836
TR-036905,2025-08-21,3381.17,3599.7746555219146
TR-036906,2025-08-21,5342.18,5595.4339302202825
TR-036907,2025-08-21,4353.98,4225.959515394816
TR-036908,2025-08-21,578.24,544.971730338899
TR-036909,2025-08-21,1648.21,1737.6522577856438
TR-036910,2025-08-21,526.23,463.2602842815838
TR-036911,2025-08-21,2766.38,2851.672134577581
TR-036912,2025-08-21,2474.42,2351.9397361456154
TR-036913,2025-08-21,3814.88,4277.2624195794915
TR-036914,2025-08-21,1161.68,1105.4539115121975
TR-036915,2025-08-21,2231.31,2391.3232336531205
TR-036916,2025-08-21,2401.98,2418.426228026935
TR-036917,2025-08-21,2888.44,2946.6562425175666
TR-036918,2025-08-21,1856.3,1824.3716029650234
TR-036919,2025-08-21,2593.53,2729.5626361421982
TR-036920,2025-08-21,2925.55,3153.479112322703
TR-036921,2025-08-21,1272.48,1336.7530727107965
TR-036922,2025-08-21,648.07,632.3680669222721
TR-036923,2025-08-21,5258.82,5331.221679679088
TR-036924,2025-08-21,249.52,772.0499387173711
TR-036925,2025-08-21,2773.08,2762.459421057565
TR-036926,2025-08-21,2780.93,2901.0778345918566
TR-036927,2025-08-21,4470.46,4181.0579910054685
TR-036928,2025-08-21,2415.52,2514.3561866628525
TR-036929,2025-08-21,2272.12,2298.1303309582013
TR-036930,2025-08-21,14362.88,3805.6173898852626
TR-036931,2025-08-21,2555.97,2540.6287055884636
TR-036932,2025-08-21,5076.78,5312.166611249663
TR-036933,2025-08-21,3778.41,3762.0131431120462
TR-036934,2025-08-21,3556.83,3553.5288800519916
TR-036935,2025-08-21,935.62,885.2324896774794
TR-036936,2025-08-21,1011.03,1024.116031420972
TR-036937,2025-08-21,1645.78,1634.5928796879448
TR-036938,2025-08-21,4947.36,5323.652633133824
TR-036939,2025-08-21,1275.31,1218.2448842916115
TR-036940,2025-08-21,4222.13,4749.878535830608
TR-036941,2025-08-21,3501.53,3596.7862442427436
TR-036942,2025-08-21,2180.5,2338.1011672195787
TR-036943,2025-08-22,1029.15,1009.7154458888508
TR-036944,2025-08-22,1334.05,1342.0295949868012
TR-036945,2025-08-22,1525.93,1482.4085193943724
TR-036946,2025-08-22,348.27,298.0187239675862
TR-036947,2025-08-22,954.67,921.0904378743481
TR-036948,2025-08-22,1958.51,2160.372027834353
TR-036949,2025-08-22,5154.03,5208.626224196902
TR-036950,2025-08-22,842.65,824.5768466327337
TR-036951,2025-08-22,3665.34,3818.825069431973
TR-036952,2025-08-22,1946.35,1879.6797122963478
TR-036953,2025-08-22,664.28,1796.8653129155743
TR-036954,2025-08-22,4097.41,4024.163040325591
TR-036955,2025-08-22,1537.52,1510.1385223870946
TR-036956,2025-08-22,3218.08,3258.6304315496486
TR-036957,2025-08-22,2701.36,2794.705342836756
TR-036958,2025-08-22,573.81,541.364680058706
TR-036959,2025-08-22,1697.95,1723.2525711502797
TR-036960,2025-08-22,695.52,665.7114921396932
TR-036961,2025-08-22,1109.67,3645.407664873482
TR-036962,2025-08-22,4321.15,4677.087662363973
TR-036963,2025-08-22,5249.85,5545.764022918986
TR-036964,2025-08-22,1866.21,1954.7894792232735
TR-036965,2025-08-22,2688.22,2709.31118707063
TR-036966,2025-08-22,1306.2,1314.0865375100486
TR-036967,2025-08-22,2127.18,2139.285735831051
TR-036968,2025-08-22,1962.15,1900.6868571507944
TR-036969,2025-08-22,1022.31,1046.7649865861442
TR-036970,2025-08-22,3930.77,4081.8512531896804
TR-036971,2025-08-22,2197.33,2325.7229883973596
TR-036972,2025-08-22,239.63,234.00742899023967
TR-036973,2025-08-22,946.18,918.4900037331132
TR-036974,2025-08-22,2460.35,2592.3813186446932
TR-036975,2025-08-22,5255.27,5072.980347166835
TR-036976,2025-08-22,4195.1,4252.904734480169
TR-036977,2025-08-22,1262.86,1279.7741027723798
TR-036978,2025-08-22,1053.46,1065.0492977684178
TR-036979,2025-08-22,1241.93,1297.3647740349948
TR-036980,2025-08-22,4522.51,4896.224556753303
TR-036981,2025-08-22,3349.09,3490.2602523603414
TR-036982,2025-08-22,526.72,517.8124110987775
TR-036983,2025-08-22,4815.5,5128.862766082255
TR-036984,2025-08-22,3303.55,3433.0237405546563
TR-036985,2025-08-22,3635.08,3207.946686593673
TR-036986,2025-08-22,1863.97,1825.843133060714
TR-036987,2025-08-22,1871.41,1773.507533177572
TR-036988,2025-08-22,1547.77,1373.5702043127171
TR-036989,2025-08-22,666.16,672.2614961227591
TR-036990,2025-08-22,2285.14,2353.584137967086
TR-036991,2025-08-22,1405.65,1342.034328298771
TR-036992,2025-08-22,754.23,751.1785300844549
TR-036993,2025-08-22,3060.21,3191.534966899366
TR-036994,2025-08-22,1216.75,1292.4985690256851
TR-036995,2025-08-22,2960.5,3042.324827122266
TR-036996,2025-08-22,1947.58,2053.6767248136352
TR-036997,2025-08-22,1676.59,1688.3102244731924
TR-036998,2025-08-22,1857.57,1844.604307436622
TR-036999,2025-08-22,2961.48,3027.5166707629314
TR-037000,2025-08-22,2064.48,2159.639081258364
TR-037001,2025-08-22,2454.6,2511.396162905434
TR-037002,2025-08-22,2147.36,2205.392425734407
TR-037003,2025-08-22,1343.79,1295.3470233109983
TR-037004,2025-08-22,1784.4,1728.0596976145844
TR-037005,2025-08-22,1785.93,1897.4672556673095
TR-037006,2025-08-22,1400.87,1306.691089424409
TR-037007,2025-08-22,5043.72,4955.314437406217
TR-037008,2025-08-22,4386.83,4671.010810113891
TR-037009,2025-08-22,1935.05,2026.2044904553334
TR-037010,2025-08-22,1328.92,1291.6735571284216
TR-037011,2025-08-22,1021.56,1057.2335554982672
TR-037012,2025-08-22,3409.39,3288.434737080159
TR-037013,2025-08-22,2999.84,3080.19814093919
TR-037014,2025-08-22,1611.21,1585.546648113248
TR-037015,2025-08-22,855.73,890.9395263957722
TR-037016,2025-08-22,2162.53,2185.409702426318
TR-037017,2025-08-22,3853.5,3903.9664782392338
TR-037018,2025-08-22,709.62,681.124971413577
TR-037019,2025-08-22,1572.54,1652.3845608972567
TR-037020,2025-08-22,2631.26,2529.724087031994
TR-037021,2025-08-22,4036.45,4054.9301296487115
TR-037022,2025-08-22,3321.75,3587.849067657195
TR-037023,2025-08-22,679.98,664.6344244031071
TR-037024,2025-08-22,1002.94,934.971317751643
TR-037025,2025-08-22,3095.69,3118.126800318207
TR-037026,2025-08-22,2806.91,2946.3404564520306
TR-037027,2025-08-22,5454.33,5529.697079568473
TR-037028,2025-08-22,4504.06,4546.523806822386
TR-037029,2025-08-22,1004.1,1000.0871848423184
TR-037030,2025-08-22,1573.25,1661.6097351086453
TR-037031,2025-08-22,3219.57,3304.220553398201
TR-037032,2025-08-22,2652.04,2537.2484559750833
TR-037033,2025-08-22,1680.37,1665.0538050499008
TR-037034,2025-08-22,3740.15,3810.877481120753
TR-037035,2025-08-22,5376.34,5726.332278230558
TR-037036,2025-08-22,1506.92,1568.1906827616237
TR-037037,2025-08-22,4308.01,4504.3239307876875
TR-037038,2025-08-22,1879.92,1840.8500296773454
TR-037039,2025-08-22,1318.97,1252.2884734110844
TR-037040,2025-08-22,707.9,686.1957671742799
TR-037041,2025-08-22,2404.88,2460.206929006558
TR-037042,2025-08-22,1524.89,1731.9013320417673
TR-037043,2025-08-22,2476.08,2438.246151230952
TR-037044,2025-08-22,1382.58,1360.541244864079
TR-037045,2025-08-22,1765.69,2034.848504423278
TR-037046,2025-08-22,1305.11,1294.060477794185
TR-037047,2025-08-22,4092.43,4326.0999756886495
TR-037048,2025-08-22,607.66,578.7737381793772
TR-037049,2025-08-22,1649.33,1688.9007369172368
TR-037050,2025-08-22,5347.7,5422.833242689479
TR-037051,2025-08-22,1765.59,1849.5487834235241
TR-037052,2025-08-22,2048.33,2030.5151048573218
TR-037053,2025-08-22,2025.53,2111.746351041102
TR-037054,2025-08-22,4752.73,4992.206129547151
TR-037055,2025-08-22,1782.3,1742.570672336253
TR-037056,2025-08-22,2333.46,2356.8671121172256
TR-037057,2025-08-22,862.5,889.4835238791478
TR-037058,2025-08-22,6036.06,6053.174631731604
TR-037059,2025-08-22,1218.12,1213.1481864045759
TR-037060,2025-08-22,445.02,455.4329542415274
TR-037061,2025-08-22,947.41,895.2735160088637
TR-037062,2025-08-22,460.11,434.6194416921178
TR-037063,2025-08-22,5754.79,5842.852773865794
TR-037064,2025-08-22,2154.21,2279.7715296427396
TR-037065,2025-08-22,2438.81,2574.3041667569764
TR-037066,2025-08-22,3197.26,3510.720131751265
TR-037067,2025-08-22,5150.15,5287.092723687295
TR-037068,2025-08-22,2655.51,2563.747941905553
TR-037069,2025-08-22,958.7,960.0625357591256
TR-037070,2025-08-22,3207.35,3381.216741333329
TR-037071,2025-08-22,1741.96,1702.6130793901725
TR-037072,2025-08-22,2491.35,2662.559033474213
TR-037073,2025-08-22,1015.7,1043.0486187595404
TR-037074,2025-08-22,3837.73,4168.189421219816
TR-037075,2025-08-22,440.22,436.9396415081715
TR-037076,2025-08-23,4926.52,5427.986725876126
TR-037077,2025-08-23,2243.56,2292.7307439669066
TR-037078,2025-08-23,1403.99,1672.14848803369
TR-037079,2025-08-23,758.3,744.2080854141315
TR-037080,2025-08-23,5422.12,5520.892357021524
TR-037081,2025-08-23,3864.3,4120.1099456162665
TR-037082,2025-08-23,2355.88,2410.809813845722
TR-037083,2025-08-23,4208.52,4386.805342154517
TR-037084,2025-08-23,876.19,887.257302049945
TR-037085,2025-08-23,680.26,680.575654316031
TR-037086,2025-08-23,1540.43,1518.7696705493197
TR-037087,2025-08-23,2336.74,2438.8010898871044
TR-037088,2025-08-23,3525.59,3865.3325223048105
TR-037089,2025-08-23,3444.13,3828.990284124144
TR-037090,2025-08-23,1364.33,1416.3052019517916
TR-037091,2025-08-23,3290.93,3320.872387447824
TR-037092,2025-08-23,2906.55,3075.310671345064
TR-037093,2025-08-23,1712.77,1635.3426316505759
TR-037094,2025-08-23,1885.57,1921.8101022144638
TR-037095,2025-08-23,2926.84,2818.811443467995
TR-037096,2025-08-23,1670.48,1678.27845377925
TR-037097,2025-08-23,4443.39,4658.801236479458
TR-037098,2025-08-23,2889.83,3103.6724831145325
TR-037099,2025-08-23,2091.31,2171.062285162263
TR-037100,2025-08-23,4058.8,3563.53391366189
TR-037101,2025-08-23,3483.18,3714.657496322322
TR-037102,2025-08-23,2376.56,2331.287575724804
TR-037103,2025-08-23,1290.75,1237.6246462327344
TR-037104,2025-08-23,2556.88,2649.402586965343
TR-037105,2025-08-23,1196.96,1101.7998521732584
TR-037106,2025-08-23,692.62,680.9674450366582
TR-037107,2025-08-23,2441.75,2225.04611336971
TR-037108,2025-08-23,2519.17,2543.1300720972013
TR-037109,2025-08-23,934.38,899.5061049002437
TR-037110,2025-08-23,3935.77,3997.590865846323
TR-037111,2025-08-23,3257.83,3067.1230098196
TR-037112,2025-08-23,3184.54,3174.340901527056
TR-037113,2025-08-23,4835.13,4759.66055715082
TR-037114,2025-08-23,1780.64,1746.1044095830196
TR-037115,2025-08-23,1139.21,1041.6647940356938
TR-037116,2025-08-23,4088.62,4666.005180959426
TR-037117,2025-08-23,1381.48,1249.9040793359804
TR-037118,2025-08-23,1249.48,1223.8281130476464
TR-037119,2025-08-23,4499.44,4605.790289848748
TR-037120,2025-08-23,1892.08,1951.4523493730453
TR-037121,2025-08-23,3369.7,3361.9823134657836
TR-037122,2025-08-23,723.37,689.2994944931879
TR-037123,2025-08-23,3188.75,3275.4477981947975
TR-037124,2025-08-23,1866.9,1934.1651558204665
TR-037125,2025-08-23,725.06,712.5399714479196
TR-037126,2025-08-23,1077.88,1024.0607002807217
TR-037127,2025-08-23,5864.87,5939.1507342146315
TR-037128,2025-08-23,1366.32,1364.3750656480654
TR-037129,2025-08-23,1851.36,2028.5278132344283
TR-037130,2025-08-23,2880.2,3007.195522308958
TR-037131,2025-08-23,3638.89,3859.767470284331
TR-037132,2025-08-23,2111.16,2328.4264734626445
TR-037133,2025-08-23,1641.34,1604.1044759829067
TR-037134,2025-08-23,1625.2,1619.0301147961552
TR-037135,2025-08-23,3460.44,3565.061731549786
TR-037136,2025-08-23,736.46,728.7101284731361
TR-037137,2025-08-23,3151.74,2818.1746871477458
TR-037138,2025-08-23,1956.23,2049.413148519566
TR-037139,2025-08-23,810.86,771.0373765848148
TR-037140,2025-08-23,1318.15,1259.0230910710625
TR-037141,2025-08-23,5267.91,5449.5787331564625
TR-037142,2025-08-23,3878.02,4261.612512587555
TR-037143,2025-08-23,1310.97,1208.4460515477074
TR-037144,2025-08-23,2049.1,2277.243415058591
TR-037145,2025-08-23,1656.94,1562.7942641319357
TR-037146,2025-08-23,1101.21,1050.6007924501896
TR-037147,2025-08-23,5110.7,4655.345929378039
TR-037148,2025-08-23,1363.09,1269.6951364165172
TR-037149,2025-08-23,4900.82,4865.384014095358
TR-037150,2025-08-23,5360.53,5774.277701645076
TR-037151,2025-08-23,723.28,723.9698300958979
TR-037152,2025-08-23,1486.62,1523.3924790662197
TR-037153,2025-08-23,953.04,910.3085246150827
TR-037154,2025-08-23,1516.82,1550.0203918208406
TR-037155,2025-08-23,3723.95,3570.6634643937323
TR-037156,2025-08-23,5328.33,5561.035323031784
TR-037157,2025-08-23,1210.95,1286.139742999021
TR-037158,2025-08-23,3061.05,3299.8151359226786
TR-037159,2025-08-23,1473.63,1528.5625142288034
TR-037160,2025-08-23,901.03,987.2630935206229
TR-037161,2025-08-23,2549.6,2408.5402377640453
TR-037162,2025-08-23,4575.83,4276.651472900068
TR-037163,2025-08-23,4779.29,4957.159606975324
TR-037164,2025-08-23,1496.84,1632.949242535332
TR-037165,2025-08-23,2721.41,2896.0306397357213
TR-037166,2025-08-23,4364.43,4414.991082560168
TR-037167,2025-08-23,1215.08,1152.509900823421
TR-037168,2025-08-23,1303.3,1256.1895491304829
TR-037169,2025-08-23,2517.13,2545.4814883879917
TR-037170,2025-08-23,1874.15,1865.4445356550514
TR-037171,2025-08-23,1199.57,1163.8013867875427
TR-037172,2025-08-23,1789.85,1897.5990121615762
TR-037173,2025-08-23,1416.31,1437.299503901817
TR-037174,2025-08-23,11981.0,2850.522323912758
TR-037175,2025-08-23,5002.47,4798.0068101360985
TR-037176,2025-08-23,5160.6,5290.914173737296
TR-037177,2025-08-23,885.63,881.6557641195523
TR-037178,2025-08-23,1324.98,1390.8216805245445
TR-037179,2025-08-23,4140.5,4627.0395855096685
TR-037180,2025-08-23,2260.55,2291.0521408224613
TR-037181,2025-08-23,4415.77,4698.127473573
TR-037182,2025-08-23,1231.15,1193.4605646625764
TR-037183,2025-08-23,1697.97,1731.6001840714487
TR-037184,2025-08-23,218.9,232.36711148442316
TR-037185,2025-08-23,1743.3,1764.9552076176096
TR-037186,2025-08-23,4165.97,4395.807323591739
TR-037187,2025-08-23,2685.36,2833.548059986686
TR-037188,2025-08-23,3482.37,3498.023515529085
TR-037189,2025-08-23,1633.05,1632.8890979208102
TR-037190,2025-08-23,2125.42,2309.3540690129034
TR-037191,2025-08-23,4179.22,4362.500540981473
TR-037192,2025-08-23,1566.73,1516.745648465691
TR-037193,2025-08-23,975.11,964.5644592224288
TR-037194,2025-08-23,2326.77,2413.9320927090143
TR-037195,2025-08-23,4032.25,3949.9626269574696
TR-037196,2025-08-23,1121.81,1139.6207209227607
TR-037197,2025-08-23,2181.88,2268.269971223469
TR-037198,2025-08-23,2853.66,2916.089212398373
TR-037199,2025-08-23,2683.95,2809.695361158292
TR-037200,2025-08-23,3852.12,3687.7708983728517
TR-037201,2025-08-23,494.37,1709.6226515113221
TR-037202,2025-08-23,2113.74,2267.3264481930532
TR-037203,2025-08-23,1101.03,1123.402309274849
TR-037204,2025-08-23,2792.02,3047.4201214728714
TR-037205,2025-08-23,3303.78,3478.7330586100006
TR-037206,2025-08-23,1006.46,966.1713093759574
TR-037207,2025-08-23,1403.05,1407.5026240688576
TR-037208,2025-08-23,3642.59,3864.6357784142833
TR-037209,2025-08-23,3282.53,3678.710150072712
TR-037210,2025-08-23,1815.02,1835.5374049906154
TR-037211,2025-08-23,2267.3,2543.206138134957
TR-037212,2025-08-23,889.93,894.9213013524173
TR-037213,2025-08-23,542.39,546.7379192385007
TR-037214,2025-08-23,1702.34,1655.6817260237256
TR-037215,2025-08-23,3111.47,3299.09983212899
TR-037216,2025-08-23,1704.0,1641.0453045103739
TR-037217,2025-08-23,1724.25,1826.1694314386575
TR-037218,2025-08-23,1671.16,1642.121643233681
TR-037219,2025-08-23,713.05,687.8363725307858
TR-037220,2025-08-23,3469.59,3591.0068905862913
TR-037221,2025-08-23,2537.24,2220.4972964541876
TR-037222,2025-08-23,3286.22,3488.7070646004813
TR-037223,2025-08-23,2369.52,2472.280557117669
TR-037224,2025-08-23,3002.99,3223.390503691355
TR-037225,2025-08-23,2073.2,1956.6459784858866
TR-037226,2025-08-23,2112.13,2243.1222602622815
TR-037227,2025-08-23,1125.28,1163.2332180365074
TR-037228,2025-08-23,1468.95,1534.7804657095821
TR-037229,2025-08-23,995.3,993.9741103163135
TR-037230,2025-08-23,838.07,826.9196221792008
TR-037231,2025-08-23,567.49,579.5133927624753
TR-037232,2025-08-23,1992.45,1781.7562270963913
TR-037233,2025-08-23,918.74,927.2610452041818
TR-037234,2025-08-23,2662.69,668.6276071753967
TR-037235,2025-08-24,1919.73,2080.357900042889
TR-037236,2025-08-24,1929.14,2068.7227286316806
TR-037237,2025-08-24,1721.44,1618.2796649125382
TR-037238,2025-08-24,3997.77,4157.843912160336
TR-037239,2025-08-24,1538.17,1480.8415339037515
TR-037240,2025-08-24,935.47,958.9997146272086
TR-037241,2025-08-24,3683.01,4043.56384776081
TR-037242,2025-08-24,4757.86,5007.5884161647045
TR-037243,2025-08-24,2077.63,2272.8087595611078
TR-037244,2025-08-24,622.91,650.9477586309579
TR-037245,2025-08-24,3315.62,3233.4512429822394
TR-037246,2025-08-24,5060.31,4958.508342620519
TR-037247,2025-08-24,2428.63,2330.618758354542
TR-037248,2025-08-24,1041.67,998.6432243299548
TR-037249,2025-08-24,1498.19,1487.715455929753
TR-037250,2025-08-24,4630.16,4838.607443982742
TR-037251,2025-08-24,1109.63,1192.5158066816625
TR-037252,2025-08-24,459.39,407.87077003636034
TR-037253,2025-08-24,2897.07,2866.4126361178046
TR-037254,2025-08-24,2296.82,2330.7352916456925
TR-037255,2025-08-24,3009.15,2990.7572362390297
TR-037256,2025-08-24,3421.87,3572.8576453426235
TR-037257,2025-08-24,2409.45,2530.540683595153
TR-037258,2025-08-24,4695.99,5067.122412620241
TR-037259,2025-08-24,947.31,994.2526912873786
TR-037260,2025-08-24,1006.34,942.8590605217579
TR-037261,2025-08-24,4110.03,4250.303221894319
TR-037262,2025-08-24,922.96,880.7729037041398
TR-037263,2025-08-24,726.92,720.3078117863021
TR-037264,2025-08-24,2773.9,3036.266988231097
TR-037265,2025-08-24,1541.65,1455.280119274254
TR-037266,2025-08-24,2215.4,2156.691859254605
TR-037267,2025-08-24,4531.67,4760.297505415014
TR-037268,2025-08-24,3618.48,4071.5027984616645
TR-037269,2025-08-24,3500.98,3503.8431516035116
TR-037270,2025-08-24,1170.1,1248.3226814467757
TR-037271,2025-08-24,2317.13,2411.4927444010154
TR-037272,2025-08-24,1101.68,1123.6983078651936
TR-037273,2025-08-24,873.25,820.2018152829436
TR-037274,2025-08-24,321.32,291.15727807143014
TR-037275,2025-08-24,1629.18,1672.8531901802744
TR-037276,2025-08-24,5138.3,5106.67565767043
TR-037277,2025-08-24,3513.12,3807.313025529388
TR-037278,2025-08-24,1986.79,2068.723094159886
TR-037279,2025-08-24,740.97,748.103437440454
TR-037280,2025-08-24,1706.19,1825.5196566573734
TR-037281,2025-08-24,2191.06,2314.8800260725025
TR-037282,2025-08-24,3617.33,3843.831778250286
TR-037283,2025-08-24,1198.94,1171.501890466949
TR-037284,2025-08-24,2581.04,2780.0392694232423
TR-037285,2025-08-24,1306.66,1340.316964649735
TR-037286,2025-08-24,2053.79,2068.2645984249357
TR-037287,2025-08-24,3788.44,3977.2862980590294
TR-037288,2025-08-24,4348.94,4665.180707667972
TR-037289,2025-08-24,1763.23,1784.5314912091278
TR-037290,2025-08-24,1802.36,1868.611214862213
TR-037291,2025-08-24,1871.34,1846.6497875354607
TR-037292,2025-08-24,3761.88,4095.6063632740374
TR-037293,2025-08-24,306.45,305.34570787617713
TR-037294,2025-08-24,2457.2,2734.96435213461
TR-037295,2025-08-24,1299.89,1315.4529860768134
TR-037296,2025-08-24,2062.13,2082.4356035981523
TR-037297,2025-08-24,1692.16,1760.000372011595
TR-037298,2025-08-24,2069.21,1911.0309860588995
TR-037299,2025-08-24,583.78,568.5504476133476
TR-037300,2025-08-24,1835.49,1988.3244407718198
TR-037301,2025-08-24,3514.88,3846.072432961426
TR-037302,2025-08-24,2025.32,2085.1105604354916
TR-037303,2025-08-24,1106.82,1128.38031334222
TR-037304,2025-08-24,3327.79,3517.2522797189054
TR-037305,2025-08-24,1686.27,1805.1322803199873
TR-037306,2025-08-24,3685.39,3957.9965784888896
TR-037307,2025-08-24,1582.29,1657.9626107604354
TR-037308,2025-08-24,2418.25,2574.9265431608337
TR-037309,2025-08-24,2154.85,2348.9934900003996
TR-037310,2025-08-24,1208.83,1231.7415777152128
TR-037311,2025-08-24,2852.17,3074.885220206297
TR-037312,2025-08-24,2262.34,2419.87176545358
TR-037313,2025-08-24,2692.43,2834.861737009768
TR-037314,2025-08-24,509.3,1632.090820791467
TR-037315,2025-08-24,869.6,877.3059692758484
TR-037316,2025-08-24,1829.88,1853.3349067358163
TR-037317,2025-08-24,2135.95,2196.2667624110636
TR-037318,2025-08-24,2201.68,2284.0633770410873
TR-037319,2025-08-24,525.2,531.167939097707
TR-037320,2025-08-24,1756.81,1914.7033193237903
TR-037321,2025-08-24,2611.16,2645.7243743255253
TR-037322,2025-08-24,4381.12,4180.353696859289
TR-037323,2025-08-24,2271.6,2345.1670387096215
TR-037324,2025-08-24,1734.72,1724.7752908130353
TR-037325,2025-08-24,2355.02,2472.105012520642
TR-037326,2025-08-24,666.39,661.4913234074778
TR-037327,2025-08-24,4233.89,4355.631751920984
TR-037328,2025-08-24,3684.57,4059.624107443995
TR-037329,2025-08-24,1481.86,1532.7642186393866
TR-037330,2025-08-24,3854.48,3940.615901467711
TR-037331,2025-08-24,5577.31,5554.4841537789725
TR-037332,2025-08-24,1279.34,1371.457859805898
TR-037333,2025-08-24,2425.34,2307.255176057837
TR-037334,2025-08-24,1493.17,1522.0664149476565
TR-037335,2025-08-24,2670.46,2760.7746961669623
TR-037336,2025-08-24,2192.56,2409.657291461145
TR-037337,2025-08-24,1167.75,1215.4964058988062
TR-037338,2025-08-24,1401.41,1456.5811428016862
TR-037339,2025-08-24,2028.25,2210.027792578307
TR-037340,2025-08-24,2173.53,2389.186039125392
TR-037341,2025-08-24,1338.42,1346.2294378915733
TR-037342,2025-08-24,2593.02,2645.582620879667
TR-037343,2025-08-24,4711.71,5293.802413691397
TR-037344,2025-08-24,1778.92,1697.0971299953828
TR-037345,2025-08-24,2697.42,2778.2973605326165
TR-037346,2025-08-24,2236.9,2471.015931346781
TR-037347,2025-08-24,787.78,751.6672953685458
TR-037348,2025-08-24,3938.05,3924.2849763510894
TR-037349,2025-08-24,1590.46,1685.8181010876206
TR-037350,2025-08-24,1569.15,1553.1272659003293
TR-037351,2025-08-24,1665.73,1696.718906786543
TR-037352,2025-08-24,1008.38,996.3656856196422
TR-037353,2025-08-24,3269.5,3277.251450182992
TR-037354,2025-08-24,3273.33,3318.1723019969345
TR-037355,2025-08-24,872.46,871.8786165844639
TR-037356,2025-08-24,1590.15,1548.589302535972
TR-037357,2025-08-24,3267.86,3423.111577765364
TR-037358,2025-08-24,2927.7,3005.2655637898074
TR-037359,2025-08-24,3117.03,3132.2770957846715
TR-037360,2025-08-24,880.37,891.4685352860026
TR-037361,2025-08-24,1858.87,2029.076749822567
TR-037362,2025-08-24,2437.64,924.2080250474183
TR-037363,2025-08-24,432.79,432.1138196238646
TR-037364,2025-08-24,3581.09,3823.8492706812185
TR-037365,2025-08-24,807.14,752.664735107631
TR-037366,2025-08-24,1300.28,1302.0091722111033
TR-037367,2025-08-24,2405.38,2442.1308910137495
TR-037368,2025-08-24,1718.36,1869.6751499099798
TR-037369,2025-08-24,1881.99,1722.3669120175587
TR-037370,2025-08-24,880.86,860.8552996457556
TR-037371,2025-08-24,442.88,422.0750650106328
TR-037372,2025-08-24,2276.79,2365.368685507199
TR-037373,2025-08-24,2054.57,2095.1841709789614
TR-037374,2025-08-24,2247.08,2173.773398434807
TR-037375,2025-08-24,2294.2,2414.048548942004
TR-037376,2025-08-24,1366.08,1404.7875051792946
TR-037377,2025-08-24,2593.96,2574.8591182559767
TR-037378,2025-08-24,738.04,745.1094375451472
TR-037379,2025-08-24,2567.17,2722.7375311763667
TR-037380,2025-08-24,1093.46,1109.2698438147897
TR-037381,2025-08-24,3343.32,3292.255063504507
TR-037382,2025-08-24,1895.76,1946.970658684214
TR-037383,2025-08-24,3927.86,4299.818983722294
TR-037384,2025-08-24,1108.77,1120.966847362906
TR-037385,2025-08-24,3090.61,3136.274464726155
TR-037386,2025-08-24,3118.45,3109.764994038343
TR-037387,2025-08-24,928.46,916.5562992739256
TR-037388,2025-08-24,2422.87,2608.07342042403
TR-037389,2025-08-24,1022.55,1016.5366417934574
TR-037390,2025-08-24,2481.43,2651.8186516596716
TR-037391,2025-08-24,1102.93,1122.732654598271
TR-037392,2025-08-24,894.95,917.5838453505371
TR-037393,2025-08-24,1054.43,1135.4563487229204
TR-037394,2025-08-24,2567.52,2778.0390949924245
TR-037395,2025-08-25,2796.73,2909.5252055754927
TR-037396,2025-08-25,1661.97,1705.0036557198962
TR-037397,2025-08-25,308.52,290.5917993327352
TR-037398,2025-08-25,3398.73,3710.838627503788
TR-037399,2025-08-25,1453.09,1584.5738986500928
TR-037400,2025-08-25,4567.92,4818.823888091528
TR-037401,2025-08-25,1480.31,1699.9502506726935
TR-037402,2025-08-25,3089.86,3208.7069290152244
TR-037403,2025-08-25,1207.44,1169.8088232411503
TR-037404,2025-08-25,1354.88,1248.0205453532767
TR-037405,2025-08-25,2525.06,2557.9416869879024
TR-037406,2025-08-25,5126.65,5381.430378436729
TR-037407,2025-08-25,2566.58,2845.8249724388097
TR-037408,2025-08-25,928.81,963.206403925802
TR-037409,2025-08-25,1745.66,2062.3902900320077
TR-037410,2025-08-25,2645.67,2768.422603120394
TR-037411,2025-08-25,2631.63,2726.084843007821
TR-037412,2025-08-25,1576.43,1870.1970662175293
TR-037413,2025-08-25,1434.51,1443.8026834779848
TR-037414,2025-08-25,1575.57,1484.212862058969
TR-037415,2025-08-25,4595.87,4770.2813256916015
TR-037416,2025-08-25,4488.99,4903.0700165297085
TR-037417,2025-08-25,2925.43,3256.2404606892214
TR-037418,2025-08-25,2103.7,2076.39939016711
TR-037419,2025-08-25,631.25,642.1583535606841
TR-037420,2025-08-25,4753.96,5047.989362216832
TR-037421,2025-08-25,1310.54,1302.5099517457188
TR-037422,2025-08-25,2495.39,2508.0685475875725
TR-037423,2025-08-25,1761.46,1784.943392392221
TR-037424,2025-08-25,950.57,959.1572422409305
TR-037425,2025-08-25,1820.93,1940.0694160863163
TR-037426,2025-08-25,6450.5,6414.573072421674
TR-037427,2025-08-25,633.84,3066.872290647795
TR-037428,2025-08-25,1626.05,1531.232583287304
TR-037429,2025-08-25,1537.62,1499.205837118991
TR-037430,2025-08-25,2450.5,2521.8200809052005
TR-037431,2025-08-25,3075.6,3398.608138795936
TR-037432,2025-08-25,2575.39,2536.21094436456
TR-037433,2025-08-25,3800.27,3463.3098827626764
TR-037434,2025-08-25,1415.27,1398.4066678559861
TR-037435,2025-08-25,3286.5,3630.593601352223
TR-037436,2025-08-25,1998.34,2076.895119778988
TR-037437,2025-08-25,1356.23,1310.078838902922
TR-037438,2025-08-25,3895.33,4105.647943204741
TR-037439,2025-08-25,3885.01,4254.569301417803
TR-037440,2025-08-25,2790.28,2785.551028904271
TR-037441,2025-08-25,3384.09,3348.28381669832
TR-037442,2025-08-25,2734.43,2747.8368526804734
TR-037443,2025-08-25,4507.79,4439.5709684759295
TR-037444,2025-08-25,2277.19,2151.5065595194637
TR-037445,2025-08-25,1768.34,1908.9763822322532
TR-037446,2025-08-25,3578.75,4040.1419431582444
TR-037447,2025-08-25,4142.32,4631.2119352590325
TR-037448,2025-08-25,321.01,330.3467333265041
TR-037449,2025-08-25,999.69,1001.0518539601579
TR-037450,2025-08-25,5201.7,5667.696511395325
TR-037451,2025-08-25,1682.14,1768.0576676552969
TR-037452,2025-08-25,1058.57,1073.1178205674698
TR-037453,2025-08-25,1336.47,1264.3010468380292
TR-037454,2025-08-25,2925.47,2697.2351409871717
TR-037455,2025-08-25,4029.68,4508.591639678399
TR-037456,2025-08-25,1321.95,1281.5571152487244
TR-037457,2025-08-25,1730.58,2071.940858886746
TR-037458,2025-08-25,1929.15,2024.0011030400854
TR-037459,2025-08-25,1017.42,998.3083391669963
TR-037460,2025-08-25,2191.42,2155.5938125170755
TR-037461,2025-08-25,6600.96,6445.522717099254
TR-037462,2025-08-25,3503.39,3915.583358533442
TR-037463,2025-08-25,4342.27,3702.086344390034
TR-037464,2025-08-25,2589.5,2611.5754293865516
TR-037465,2025-08-25,1433.9,1461.7309503039933
TR-037466,2025-08-25,1549.96,1482.4418719366377
TR-037467,2025-08-25,856.35,859.1473739422701
TR-037468,2025-08-25,1147.09,1286.8910014998614
TR-037469,2025-08-25,2731.74,2426.430808890577
TR-037470,2025-08-25,1355.42,1326.800749882721
TR-037471,2025-08-25,1389.14,1386.6829750801476
TR-037472,2025-08-25,4591.86,4553.19260301929
TR-037473,2025-08-25,4727.74,5287.50210293956
TR-037474,2025-08-25,2511.8,2513.234044723125
TR-037475,2025-08-25,1269.27,1183.8185583120269
TR-037476,2025-08-25,3340.43,3454.431179278443
TR-037477,2025-08-25,3123.56,3408.4344633279047
TR-037478,2025-08-25,1786.52,2049.168736577951
TR-037479,2025-08-25,835.39,851.9622243695308
TR-037480,2025-08-25,2006.14,2065.4564646610697
TR-037481,2025-08-25,3013.5,3140.439743484886
TR-037482,2025-08-25,2283.71,2411.1302872404844
TR-037483,2025-08-25,412.37,370.67078554284615
TR-037484,2025-08-25,1342.31,1359.8016302362614
TR-037485,2025-08-25,3474.89,3347.4174144121766
TR-037486,2025-08-25,1781.67,1905.682051950373
TR-037487,2025-08-25,2230.48,2093.2866366067697
TR-037488,2025-08-25,3480.85,3558.1394264960086
TR-037489,2025-08-25,3791.97,3748.4591099148215
TR-037490,2025-08-25,470.3,465.7537691101058
TR-037491,2025-08-25,1129.48,1150.6853603339725
TR-037492,2025-08-25,2416.23,2468.211463216972
TR-037493,2025-08-25,3974.86,4087.2531063059205
TR-037494,2025-08-25,1554.96,1846.4592724178792
TR-037495,2025-08-25,1430.57,1411.576216086654
TR-037496,2025-08-25,1371.93,1330.3937101570232
TR-037497,2025-08-25,4704.09,4442.239041833915
TR-037498,2025-08-25,5266.93,5443.444409974389
TR-037499,2025-08-25,2318.21,2407.616547651586
TR-037500,2025-08-25,4077.42,3767.363530551075
TR-037501,2025-08-25,2393.51,2588.910461039274
TR-037502,2025-08-25,1793.6,2056.0121515644223
TR-037503,2025-08-25,546.06,528.4626001310429
TR-037504,2025-08-25,471.35,466.99603835420345
TR-037505,2025-08-25,1359.21,1328.5899467270085
TR-037506,2025-08-25,1359.02,1259.84492900446
TR-037507,2025-08-25,5874.84,6060.649649620264
TR-037508,2025-08-25,1458.43,1419.749316184192
TR-037509,2025-08-25,759.91,806.9425148464675
TR-037510,2025-08-25,3389.76,3490.3624724792717
TR-037511,2025-08-25,4140.17,4398.061302035698
TR-037512,2025-08-25,4029.27,4370.320396636551
TR-037513,2025-08-25,911.49,897.1278546599196
TR-037514,2025-08-25,1814.2,1843.035154026762
TR-037515,2025-08-25,4270.17,3673.9011617921315
TR-037516,2025-08-25,4172.44,4618.047985314436
TR-037517,2025-08-25,1081.96,1052.399889534279
TR-037518,2025-08-25,2261.4,2312.525581683214
TR-037519,2025-08-25,580.73,530.3473823426907
TR-037520,2025-08-25,1235.0,1177.672102785998
TR-037521,2025-08-25,4212.53,4091.6394067769734
TR-037522,2025-08-25,3196.39,3305.9403081691885
TR-037523,2025-08-25,1027.81,1010.9978909718483
TR-037524,2025-08-25,3958.96,4034.019219653537
TR-037525,2025-08-25,1672.26,1685.5665069233212
TR-037526,2025-08-25,1764.35,1753.4088684577655
TR-037527,2025-08-25,1311.35,1332.0053574240278
TR-037528,2025-08-25,2507.22,2541.2442797627423
TR-037529,2025-08-25,2396.54,2363.333300713118
TR-037530,2025-08-25,1243.11,1213.7011407514315
TR-037531,2025-08-25,4177.52,4586.316492413938
TR-037532,2025-08-25,891.98,883.7052927357951
TR-037533,2025-08-25,2102.24,2163.7103889424748
TR-037534,2025-08-25,844.6,795.5536948194223
TR-037535,2025-08-25,826.36,822.5739933576854
TR-037536,2025-08-25,4259.34,4309.272674547174
TR-037537,2025-08-25,1223.24,1322.4172350076976
TR-037538,2025-08-26,4207.6,3786.752905079236
TR-037539,2025-08-26,1704.22,1929.9705139067632
TR-037540,2025-08-26,5543.98,5558.682825868007
TR-037541,2025-08-26,1745.83,1734.3359019470429
TR-037542,2025-08-26,2814.36,2761.4258087749636
TR-037543,2025-08-26,3151.52,3302.580921650057
TR-037544,2025-08-26,1059.53,1022.2070209588221
TR-037545,2025-08-26,882.57,885.8019220416035
TR-037546,2025-08-26,2374.48,2610.88193529555
TR-037547,2025-08-26,529.58,489.6594840885578
TR-037548,2025-08-26,776.71,737.9228327621391
TR-037549,2025-08-26,1848.34,1913.663222988043
TR-037550,2025-08-26,2702.67,2851.0676456213782
TR-037551,2025-08-26,3359.87,3572.8402589515727
TR-037552,2025-08-26,1875.62,2047.3229243509613
TR-037553,2025-08-26,2775.5,2895.0785709809415
TR-037554,2025-08-26,439.78,446.55884588848465
TR-037555,2025-08-26,5253.18,5814.757474856775
TR-037556,2025-08-26,1239.38,1275.5532668491217
TR-037557,2025-08-26,3621.56,3274.829781886869
TR-037558,2025-08-26,3116.28,3208.1918434562695
TR-037559,2025-08-26,1298.15,1305.0112825481178
TR-037560,2025-08-26,4133.81,4363.54485338287
TR-037561,2025-08-26,1935.9,1875.502899654783
TR-037562,2025-08-26,2753.95,2817.5824688659573
TR-037563,2025-08-26,2148.99,1977.742277093192
TR-037564,2025-08-26,1342.1,1297.6366896875604
TR-037565,2025-08-26,1400.2,1276.496350656956
TR-037566,2025-08-26,2128.94,2235.1017146683166
TR-037567,2025-08-26,2419.5,2452.1423091981865
TR-037568,2025-08-26,480.53,464.582466814587
TR-037569,2025-08-26,3280.89,3454.459564697241
TR-037570,2025-08-26,2143.84,2213.9001846947544
TR-037571,2025-08-26,1999.35,2056.9274288880206
TR-037572,2025-08-26,1840.35,2044.4280521800229
TR-037573,2025-08-26,2533.0,2541.76284960849
TR-037574,2025-08-26,769.24,756.0453812142115
TR-037575,2025-08-26,2531.82,2510.073842856756
TR-037576,2025-08-26,3549.2,3800.0875530471126
TR-037577,2025-08-26,1683.88,1687.5397968185216
TR-037578,2025-08-26,3080.9,3412.350256106818
TR-037579,2025-08-26,3883.87,4106.822914888048
TR-037580,2025-08-26,5314.35,5170.558252581846
TR-037581,2025-08-26,1299.42,1200.4622382632385
TR-037582,2025-08-26,4128.11,4166.755998286069
TR-037583,2025-08-26,1780.4,1854.5746856345643
TR-037584,2025-08-26,2337.1,2390.285486847164
TR-037585,2025-08-26,625.66,625.2135805499319
TR-037586,2025-08-26,1485.25,1610.7638470629558
TR-037587,2025-08-26,464.06,478.46993249708225
TR-037588,2025-08-26,816.33,839.1710755898541
TR-037589,2025-08-26,2369.79,2490.4476066788884
TR-037590,2025-08-26,4074.46,3846.160306383382
TR-037591,2025-08-26,1678.89,1825.2246578604083
TR-037592,2025-08-26,1020.5,1024.763377590915
TR-037593,2025-08-26,1469.47,1394.1123622668292
TR-037594,2025-08-26,1554.66,1612.3477029944238
TR-037595,2025-08-26,1827.24,1846.4062776946946
TR-037596,2025-08-26,531.79,505.9372268128886
TR-037597,2025-08-26,1141.64,1137.7496812514446
TR-037598,2025-08-26,3389.74,3375.268515484765
TR-037599,2025-08-26,2337.5,2593.347707962841
TR-037600,2025-08-26,2413.43,2526.4451836182407
TR-037601,2025-08-26,2448.42,2572.0420958207496
TR-037602,2025-08-26,1240.34,1283.2900612511435
TR-037603,2025-08-26,4122.47,3610.3553288357875
TR-037604,2025-08-26,3751.93,4018.0970844674493
TR-037605,2025-08-26,2197.75,2279.8628207448614
TR-037606,2025-08-26,2164.68,2190.79309258407
TR-037607,2025-08-26,579.29,531.4276258607831
TR-037608,2025-08-26,3826.84,4255.542561745745
TR-037609,2025-08-26,3739.54,3538.277579386447
TR-037610,2025-08-26,2247.78,2174.7893946400272
TR-037611,2025-08-26,929.59,843.7206149678962
TR-037612,2025-08-26,626.83,621.6043345000671
TR-037613,2025-08-26,3084.71,3140.4368341018944
TR-037614,2025-08-26,3474.44,3522.742512548876
TR-037615,2025-08-26,892.54,893.158779198699
TR-037616,2025-08-26,895.86,810.690112020447
TR-037617,2025-08-26,1149.77,1272.5183792467835
TR-037618,2025-08-26,1935.32,2106.535871605363
TR-037619,2025-08-26,1120.27,1146.2277162636622
TR-037620,2025-08-26,1728.72,1795.3376328572535
TR-037621,2025-08-26,3097.49,3311.920820875323
TR-037622,2025-08-26,4244.53,4237.379651725366
TR-037623,2025-08-26,3724.92,3901.9817764378186
TR-037624,2025-08-26,2607.99,2593.6591722647954
TR-037625,2025-08-26,4145.22,4388.435311185
TR-037626,2025-08-26,4884.69,4921.651208678267
TR-037627,2025-08-26,1894.18,1964.53206427932
TR-037628,2025-08-26,3107.88,3064.267882208589
TR-037629,2025-08-26,3343.16,3490.3493770895075
TR-037630,2025-08-26,4211.34,4649.319216662041
TR-037631,2025-08-26,234.78,244.19710709231492
TR-037632,2025-08-26,4501.93,4424.472116404939
TR-037633,2025-08-26,4409.52,4651.376761364559
TR-037634,2025-08-26,2734.23,2952.712699913348
TR-037635,2025-08-26,1007.76,1010.3576658045358
TR-037636,2025-08-26,2487.71,2389.4437763907627
TR-037637,2025-08-26,1196.28,1123.7661710584573
TR-037638,2025-08-26,4570.74,4369.8982212693145
TR-037639,2025-08-26,3756.09,3846.5628429391077
TR-037640,2025-08-26,2804.03,2869.8385957680903
TR-037641,2025-08-26,1768.74,1755.371172763488
TR-037642,2025-08-26,4834.15,5339.181812161983
TR-037643,2025-08-26,1909.79,1829.6703051175393
TR-037644,2025-08-26,1452.43,1477.3031650658604
TR-037645,2025-08-26,2856.98,3026.5113928339556
TR-037646,2025-08-26,3034.16,3083.2485389435124
TR-037647,2025-08-26,1569.66,1546.2290893432594
TR-037648,2025-08-26,4760.85,4725.111551902445
TR-037649,2025-08-26,4252.97,4978.135594296065
TR-037650,2025-08-26,5371.91,5695.9827067678125
TR-037651,2025-08-26,2678.85,2588.020518889827
TR-037652,2025-08-26,670.09,706.58911317853
TR-037653,2025-08-26,837.58,808.4600629840527
TR-037654,2025-08-26,2161.67,2186.2503641585286
TR-037655,2025-08-26,1815.69,1926.9650339697057
TR-037656,2025-08-26,1471.38,1491.6138226538567
TR-037657,2025-08-26,1808.99,2036.3134350613423
TR-037658,2025-08-26,3018.61,3250.9985205357607
TR-037659,2025-08-26,1378.05,1378.2598431189376
TR-037660,2025-08-26,3207.68,3382.032809526502
TR-037661,2025-08-26,879.66,920.3123511613251
TR-037662,2025-08-26,3446.98,3743.632327750225
TR-037663,2025-08-26,2254.18,2120.2266121402095
TR-037664,2025-08-26,1496.33,1523.3622722267603
TR-037665,2025-08-26,1220.66,1232.7066920463756
TR-037666,2025-08-26,1635.51,1880.7815057509213
TR-037667,2025-08-26,3126.4,3424.998440711377
TR-037668,2025-08-26,800.04,825.7381698772413
TR-037669,2025-08-26,2020.49,2172.065884295113
TR-037670,2025-08-26,4425.0,4552.025369092005
TR-037671,2025-08-26,4015.37,4347.675329551171
TR-037672,2025-08-26,3653.07,3815.8969473545117
TR-037673,2025-08-26,2850.71,2524.553649136734
TR-037674,2025-08-26,4345.54,4515.536561873652
TR-037675,2025-08-26,1086.98,1111.751299930838
TR-037676,2025-08-26,2952.96,3333.5699656604666
TR-037677,2025-08-26,2549.25,2780.5253330894666
TR-037678,2025-08-26,2998.91,3182.500166142762
TR-037679,2025-08-26,4163.16,4091.7606493752896
TR-037680,2025-08-26,4425.38,4907.023450992744
TR-037681,2025-08-26,6659.04,6357.5907534434555
TR-037682,2025-08-26,2608.55,2666.0152103365417
TR-037683,2025-08-26,346.48,348.1905086294323
TR-037684,2025-08-26,2434.71,2548.6742849149346
TR-037685,2025-08-26,1988.07,2142.2199042699913
TR-037686,2025-08-26,1152.5,1124.6566425592314
TR-037687,2025-08-26,3859.22,4316.480629481945
TR-037688,2025-08-26,669.53,647.1889949366553
TR-037689,2025-08-26,2137.58,2101.2719540279436
TR-037690,2025-08-26,4646.35,4888.463623195493
TR-037691,2025-08-26,481.58,452.6411116375554
TR-037692,2025-08-27,1947.49,1723.6046492327725
TR-037693,2025-08-27,3584.34,3824.571433898841
TR-037694,2025-08-27,5390.78,5521.484588240693
TR-037695,2025-08-27,971.18,941.5560300783524
TR-037696,2025-08-27,857.47,881.2747419953487
TR-037697,2025-08-27,2380.42,2321.2291132665137
TR-037698,2025-08-27,5058.01,5455.925340778059
TR-037699,2025-08-27,794.67,770.4662508184576
TR-037700,2025-08-27,2485.21,2581.2468304816157
TR-037701,2025-08-27,1598.8,1565.097485007932
TR-037702,2025-08-27,489.56,485.6038530563751
TR-037703,2025-08-27,2312.48,2311.839837891102
TR-037704,2025-08-27,4878.99,5276.680671446788
TR-037705,2025-08-27,897.42,938.6712682813869
TR-037706,2025-08-27,2632.86,2783.084546711482
TR-037707,2025-08-27,741.58,680.2988894492853
TR-037708,2025-08-27,1413.89,1540.5246615262508
TR-037709,2025-08-27,2761.5,2764.6827182726965
TR-037710,2025-08-27,1841.26,2108.344109995437
TR-037711,2025-08-27,1106.42,1048.1891484347439
TR-037712,2025-08-27,3653.94,3523.6753441819596
TR-037713,2025-08-27,2076.05,2223.8649584350455
TR-037714,2025-08-27,3885.89,4175.612111669549
TR-037715,2025-08-27,1488.98,1392.9385158326547
TR-037716,2025-08-27,5283.49,5629.540745532793
TR-037717,2025-08-27,2201.11,2284.680174240858
TR-037718,2025-08-27,1944.16,1846.6776657629057
TR-037719,2025-08-27,4336.38,4234.924751466964
TR-037720,2025-08-27,2890.25,2903.459424999216
TR-037721,2025-08-27,994.31,943.0320502921151
TR-037722,2025-08-27,3072.38,2949.393870155228
TR-037723,2025-08-27,740.81,747.4790086439759
TR-037724,2025-08-27,2768.05,2700.3810602289886
TR-037725,2025-08-27,1604.13,1593.4182219555003
TR-037726,2025-08-27,4031.9,3895.31790552272
TR-037727,2025-08-27,1247.72,1232.6219595443408
TR-037728,2025-08-27,1231.91,1195.5481418973916
TR-037729,2025-08-27,274.19,290.448613287245
TR-037730,2025-08-27,639.55,637.5609205896217
TR-037731,2025-08-27,3286.93,3297.8721791977214
TR-037732,2025-08-27,3661.53,3612.147027504972
TR-037733,2025-08-27,826.05,869.3826768814088
TR-037734,2025-08-27,1882.87,1972.1928028796383
TR-037735,2025-08-27,1384.21,1262.982770936586
TR-037736,2025-08-27,1443.46,1437.7028933903357
TR-037737,2025-08-27,3951.12,3961.9520093615815
TR-037738,2025-08-27,1960.64,1823.1273279695129
TR-037739,2025-08-27,1204.34,1165.9774706548912
TR-037740,2025-08-27,1155.44,1138.8882819684347
TR-037741,2025-08-27,2947.8,3169.9196759544025
TR-037742,2025-08-27,1054.29,1085.4438467216376
TR-037743,2025-08-27,2919.81,2856.6496325972116
TR-037744,2025-08-27,3541.23,3675.62226078073
TR-037745,2025-08-27,1684.1,1655.8266550658234
TR-037746,2025-08-27,805.31,783.4742766023438
TR-037747,2025-08-27,3329.25,3489.3655112132237
TR-037748,2025-08-27,605.68,605.3494036535172
TR-037749,2025-08-27,648.4,631.1697423675032
TR-037750,2025-08-27,240.18,616.1900737242414
TR-037751,2025-08-27,3272.48,3352.2919394753512
TR-037752,2025-08-27,4083.19,4100.028244494849
TR-037753,2025-08-27,2485.52,2560.7263679384037
TR-037754,2025-08-27,632.38,615.6107484079945
TR-037755,2025-08-27,3525.65,3533.6909104294236
TR-037756,2025-08-27,2100.88,2077.991949862175
TR-037757,2025-08-27,1027.84,1006.7932174386152
TR-037758,2025-08-27,2124.84,2292.1364214438495
TR-037759,2025-08-27,3776.47,3965.9412651220737
TR-037760,2025-08-27,914.43,888.9660049250925
TR-037761,2025-08-27,1883.25,1845.3697257189367
TR-037762,2025-08-27,2824.37,2895.853359029144
TR-037763,2025-08-27,1337.71,1340.2019818624465
TR-037764,2025-08-27,1864.52,1847.7976860275544
TR-037765,2025-08-27,24294.98,5496.444146069874
TR-037766,2025-08-27,3950.17,4324.571435750196
TR-037767,2025-08-27,748.62,687.2137459550808
TR-037768,2025-08-27,1731.97,1795.3730086004746
TR-037769,2025-08-27,1567.29,1568.9796766351774
TR-037770,2025-08-27,5369.04,5468.278255185074
TR-037771,2025-08-27,1637.51,1572.3960250459031
TR-037772,2025-08-27,1947.0,1910.8001785124966
TR-037773,2025-08-27,2011.85,2266.3709860627296
TR-037774,2025-08-27,4654.29,4932.788680199095
TR-037775,2025-08-27,1210.64,1153.4714554059956
TR-037776,2025-08-27,1919.3,2036.0149196150055
TR-037777,2025-08-27,1786.35,1834.7592201256293
TR-037778,2025-08-27,4927.84,5185.2489177997995
TR-037779,2025-08-27,1256.55,1307.890504449798
TR-037780,2025-08-27,820.76,778.5353485850181
TR-037781,2025-08-27,1732.68,1560.5708521466115
TR-037782,2025-08-27,3636.08,3848.171352895248
TR-037783,2025-08-27,4874.91,5055.059108031241
TR-037784,2025-08-27,1830.01,1960.0206874135504
TR-037785,2025-08-27,2378.55,2437.125329549394
TR-037786,2025-08-27,3841.84,3885.1631734613866
TR-037787,2025-08-27,2478.27,2546.297034585447
TR-037788,2025-08-27,1582.18,1634.304861589611
TR-037789,2025-08-27,2082.11,2166.07288184086
TR-037790,2025-08-27,1025.65,1040.6668527298466
TR-037791,2025-08-27,830.19,780.8649268712875
TR-037792,2025-08-27,588.43,534.3963504409949
TR-037793,2025-08-27,4241.09,4461.7062508815625
TR-037794,2025-08-27,1595.56,1493.9103438952152
TR-037795,2025-08-27,1934.79,2016.9751594322026
TR-037796,2025-08-27,1887.98,1914.8556218729861
TR-037797,2025-08-27,4784.42,5282.871083071912
TR-037798,2025-08-27,2088.52,1834.7262464222872
TR-037799,2025-08-27,2327.45,2374.876221848475
TR-037800,2025-08-27,2466.04,2535.30815964013
TR-037801,2025-08-27,3202.97,3249.592182743262
TR-037802,2025-08-27,3570.01,3717.556708586343
TR-037803,2025-08-27,863.26,860.4449047006531
TR-037804,2025-08-27,2846.54,2864.682683059795
TR-037805,2025-08-27,2174.57,2303.3323399436804
TR-037806,2025-08-27,1178.12,1110.767447121571
TR-037807,2025-08-27,910.42,911.4935324462284
TR-037808,2025-08-27,425.68,427.3590396962363
TR-037809,2025-08-27,4447.18,4551.1926367608985
TR-037810,2025-08-27,2497.99,2554.7715795546274
TR-037811,2025-08-27,2103.44,1996.704319034297
TR-037812,2025-08-27,2080.37,2002.1495178039895
TR-037813,2025-08-27,1593.5,1549.7855250104
TR-037814,2025-08-27,2847.78,2920.901748448885
TR-037815,2025-08-27,3236.69,3576.4806140918718
TR-037816,2025-08-27,1248.79,1333.2000568146047
TR-037817,2025-08-27,913.21,937.2120149221159
TR-037818,2025-08-27,1585.24,1569.632141965825
TR-037819,2025-08-27,874.6,848.4996104759394
TR-037820,2025-08-27,3849.14,3940.596040220553
TR-037821,2025-08-27,726.24,697.3261499324188
TR-037822,2025-08-27,2429.53,2467.396760098033
TR-037823,2025-08-27,782.98,744.456002156666
TR-037824,2025-08-27,2024.03,2272.418356358506
TR-037825,2025-08-27,3607.67,3584.259450191535
TR-037826,2025-08-27,2880.71,3081.0041177641297
TR-037827,2025-08-27,1314.22,1357.0129662712973
TR-037828,2025-08-27,2859.51,2975.589284345782
TR-037829,2025-08-27,2660.34,2644.807539577283
TR-037830,2025-08-27,3452.72,3554.7158259731377
TR-037831,2025-08-27,1807.34,1741.8743204589427
TR-037832,2025-08-27,2669.9,2688.3994924648923
TR-037833,2025-08-27,1173.38,1211.2742105144582
TR-037834,2025-08-27,956.97,964.8384926734235
TR-037835,2025-08-27,1745.97,1752.124021940763
TR-037836,2025-08-27,1624.84,1705.5840985899802
TR-037837,2025-08-27,3878.35,3681.454479833695
TR-037838,2025-08-27,955.72,904.758740429786
TR-037839,2025-08-27,5585.41,5785.906929109254
TR-037840,2025-08-27,1354.84,1314.1084131841747
TR-037841,2025-08-27,3572.03,3471.2418735044776
TR-037842,2025-08-27,1207.55,1176.4902996521582
TR-037843,2025-08-27,385.4,338.2599140436431
TR-037844,2025-08-27,3052.88,3026.706356096215
TR-037845,2025-08-27,2013.43,2059.746266340913
TR-037846,2025-08-27,1278.5,1229.1047101284603
TR-037847,2025-08-27,814.53,805.4422390216243
TR-037848,2025-08-27,641.45,657.3424368415576
TR-037849,2025-08-27,5595.12,5518.162486738029
TR-037850,2025-08-27,2537.72,2453.950402468755
TR-037851,2025-08-27,2920.26,2970.756115612609
TR-037852,2025-08-27,2886.36,2951.5782288053033
TR-037853,2025-08-27,411.05,363.78227804901314
TR-037854,2025-08-27,4584.66,4588.6888554415245
TR-037855,2025-08-27,1234.56,1269.2901133274088
TR-037856,2025-08-27,2265.03,2388.9021536132377
TR-037857,2025-08-27,3824.33,3380.8027747000874
TR-037858,2025-08-27,2256.3,2295.656851929732
TR-037859,2025-08-27,3348.23,3560.509691842883
TR-037860,2025-08-27,1802.0,1747.232276353698
TR-037861,2025-08-27,1304.18,1311.7622529499658
TR-037862,2025-08-27,4297.06,4434.7870417413515
TR-037863,2025-08-27,964.54,943.9058671229394
TR-037864,2025-08-27,3421.01,3543.947380143761
TR-037865,2025-08-27,611.4,573.8466757569315
TR-037866,2025-08-27,1239.4,1347.8554187629993
TR-037867,2025-08-27,3843.69,3897.92958779586
TR-037868,2025-08-27,1429.32,1325.0325071931736
TR-037869,2025-08-27,2384.31,2174.2166134322
TR-037870,2025-08-27,1139.34,1137.864082700195
TR-037871,2025-08-27,910.55,914.4103237204476
TR-037872,2025-08-27,3111.16,3073.8104600207616
TR-037873,2025-08-27,631.56,641.7754965327524
TR-037874,2025-08-27,1535.2,1565.3680735322996
TR-037875,2025-08-27,4626.57,4629.438970403642
TR-037876,2025-08-28,929.34,3471.653819804361
TR-037877,2025-08-28,2150.65,2183.22009592082
TR-037878,2025-08-28,5266.47,5572.820370398102
TR-037879,2025-08-28,914.55,881.0142045060492
TR-037880,2025-08-28,2377.46,2457.465559892698
TR-037881,2025-08-28,2567.11,2503.871338397353
TR-037882,2025-08-28,3589.92,3911.820461701271
TR-037883,2025-08-28,578.94,569.8666849452733
TR-037884,2025-08-28,3442.41,3558.924746291214
TR-037885,2025-08-28,771.36,769.2785509666022
TR-037886,2025-08-28,2159.15,2032.328700267475
TR-037887,2025-08-28,1325.32,1184.9831210130972
TR-037888,2025-08-28,3197.62,3334.053946634392
TR-037889,2025-08-28,489.53,471.7482086520868
TR-037890,2025-08-28,4410.04,4560.545972972981
TR-037891,2025-08-28,4320.86,4121.654464343097
TR-037892,2025-08-28,1069.0,1046.0718893913424
TR-037893,2025-08-28,4911.81,5121.244595125487
TR-037894,2025-08-28,3688.75,4354.873484175629
TR-037895,2025-08-28,1942.6,2196.813481304736
TR-037896,2025-08-28,1923.54,1838.757197053953
TR-037897,2025-08-28,784.94,2155.5788146639056
TR-037898,2025-08-28,1558.7,1613.946250036985
TR-037899,2025-08-28,1166.18,1154.0279703729545
TR-037900,2025-08-28,4057.35,4068.1354577707293
TR-037901,2025-08-28,931.46,925.0481519499381
TR-037902,2025-08-28,2214.15,1947.6240515196312
TR-037903,2025-08-28,1309.77,1281.8340193212343
TR-037904,2025-08-28,2533.04,2661.8357893480757
TR-037905,2025-08-28,1117.17,1120.3831136278911
TR-037906,2025-08-28,1663.45,1764.9069822931056
TR-037907,2025-08-28,903.74,924.2397600470828
TR-037908,2025-08-28,1982.8,2004.7897071236482
TR-037909,2025-08-28,1157.6,1153.379286985452
TR-037910,2025-08-28,1023.16,1088.1164274014814
TR-037911,2025-08-28,1557.83,1552.2362962077843
TR-037912,2025-08-28,2576.74,2596.7900549635374
TR-037913,2025-08-28,4556.3,4614.1537455941125
TR-037914,2025-08-28,1489.51,1512.1888431880654
TR-037915,2025-08-28,1681.13,1670.057824835489
TR-037916,2025-08-28,379.75,339.95873864691924
TR-037917,2025-08-28,596.66,605.5425661341737
TR-037918,2025-08-28,2006.88,1963.1578002053504
TR-037919,2025-08-28,2191.94,2141.4718131440704
TR-037920,2025-08-28,2301.75,2319.2252935730853
TR-037921,2025-08-28,3783.43,3886.6830188035965
TR-037922,2025-08-28,1318.28,1430.9438226330474
TR-037923,2025-08-28,2683.81,2627.666708539368
TR-037924,2025-08-28,915.56,842.1325104831268
TR-037925,2025-08-28,1135.02,1061.5427594530101
TR-037926,2025-08-28,2327.43,2249.6776464614027
TR-037927,2025-08-28,1396.35,1393.9301262469087
TR-037928,2025-08-28,5511.11,5722.685814120084
TR-037929,2025-08-28,4248.81,4450.325263118446
TR-037930,2025-08-28,3002.06,3185.2892274544065
TR-037931,2025-08-28,1866.56,1985.4253252825338
TR-037932,2025-08-28,1092.98,1082.2707750940576
TR-037933,2025-08-28,1497.36,572.3625101540079
TR-037934,2025-08-28,2265.29,2282.179476349227
TR-037935,2025-08-28,3183.54,3129.648892030919
TR-037936,2025-08-28,5008.04,5400.665699495604
TR-037937,2025-08-28,1154.83,1183.1138111039959
TR-037938,2025-08-28,4872.48,4956.604311945814
TR-037939,2025-08-28,1521.09,1448.3360853013514
TR-037940,2025-08-28,1198.97,1124.552999134425
TR-037941,2025-08-28,2486.64,2682.592004365324
TR-037942,2025-08-28,3063.56,3178.4184057009966
TR-037943,2025-08-28,2305.2,2190.7868403292014
TR-037944,2025-08-28,4845.77,1981.8745117619237
TR-037945,2025-08-28,1063.14,1064.712266145058
TR-037946,2025-08-28,3830.63,3891.8503563324184
TR-037947,2025-08-28,1463.75,1543.8676351764668
TR-037948,2025-08-28,3492.12,3333.946482805831
TR-037949,2025-08-28,660.18,638.3634388842951
TR-037950,2025-08-28,1761.74,1980.6470817716995
TR-037951,2025-08-28,543.05,506.1904376619011
TR-037952,2025-08-28,1465.92,1551.2490339726712
TR-037953,2025-08-28,3776.02,3684.3668412757943
TR-037954,2025-08-28,2190.78,2287.14562543113
TR-037955,2025-08-28,1185.36,1194.871624968859
TR-037956,2025-08-28,1023.5,930.3495954104454
TR-037957,2025-08-28,2317.42,2395.3140489718076
TR-037958,2025-08-28,1430.85,1386.8004605373526
TR-037959,2025-08-28,741.67,736.5867999945817
TR-037960,2025-08-28,822.76,753.1109499725072
TR-037961,2025-08-28,1724.02,1616.688124557226
TR-037962,2025-08-28,1588.13,1583.2878211627997
TR-037963,2025-08-28,13409.18,4397.640648797712
TR-037964,2025-08-28,3187.06,3460.034365688813
TR-037965,2025-08-28,5342.33,5606.846536562259
TR-037966,2025-08-28,5712.69,5916.1086528770475
TR-037967,2025-08-28,493.08,477.72689275846557
TR-037968,2025-08-28,1192.19,1184.627117620456
TR-037969,2025-08-28,1043.42,1078.2899122089432
TR-037970,2025-08-28,4980.31,5355.171136386271
TR-037971,2025-08-28,2813.86,2689.7436124883175
TR-037972,2025-08-28,5672.62,5860.622780911399
TR-037973,2025-08-28,1501.32,1663.8219383447808
TR-037974,2025-08-28,3638.16,3823.4642832500576
TR-037975,2025-08-28,3442.92,3405.077499935925
TR-037976,2025-08-28,641.72,621.0232325250339
TR-037977,2025-08-28,3521.02,3792.75451193113
TR-037978,2025-08-28,4064.81,4046.8390305176204
TR-037979,2025-08-28,4340.88,4596.844702290504
TR-037980,2025-08-28,456.07,410.3709983673677
TR-037981,2025-08-28,1046.72,1090.485709346114
TR-037982,2025-08-28,1752.92,1840.8315011704506
TR-037983,2025-08-28,841.55,815.8286825157243
TR-037984,2025-08-28,3649.79,3895.480894778297
TR-037985,2025-08-28,5230.52,5032.468196858423
TR-037986,2025-08-28,570.78,570.1217438392096
TR-037987,2025-08-28,636.16,594.7611438531393
TR-037988,2025-08-28,1325.69,1308.7603441423523
TR-037989,2025-08-28,4784.97,4335.792736891921
TR-037990,2025-08-28,2263.46,2246.2042801355897
TR-037991,2025-08-28,5207.45,5397.596182974707
TR-037992,2025-08-28,4638.51,4847.892491234959
TR-037993,2025-08-28,3040.13,3182.570506167771
TR-037994,2025-08-28,2150.73,2270.4916680164683
TR-037995,2025-08-28,1360.48,1359.948078268271
TR-037996,2025-08-28,732.78,681.3022530986335
TR-037997,2025-08-28,1821.47,1902.8924298199945
TR-037998,2025-08-28,1793.3,1903.8318835408231
TR-037999,2025-08-28,609.26,574.359137400989
TR-038000,2025-08-28,2695.43,2954.7986389870325
TR-038001,2025-08-28,566.92,2080.89034750783
TR-038002,2025-08-28,1850.18,2101.9838317604977
TR-038003,2025-08-28,462.4,458.74221080234406
TR-038004,2025-08-28,963.88,1000.2251139310792
TR-038005,2025-08-28,1032.25,1046.9537332111622
TR-038006,2025-08-28,213.24,230.68735669647697
TR-038007,2025-08-28,1261.4,1251.7251647132484
TR-038008,2025-08-28,1848.26,1854.4942211344228
TR-038009,2025-08-28,3869.64,4192.733355390811
TR-038010,2025-08-28,4687.06,4824.335993668998
TR-038011,2025-08-28,3835.83,4365.766176991504
TR-038012,2025-08-28,2568.11,2243.2755983842617
TR-038013,2025-08-28,2675.61,2732.2471766609
TR-038014,2025-08-28,2962.37,3170.6524086058807
TR-038015,2025-08-28,935.04,973.6722066581937
TR-038016,2025-08-28,4301.09,4430.867454377299
TR-038017,2025-08-28,3043.42,2883.6062944262194
TR-038018,2025-08-28,2575.77,2645.6222608514004
TR-038019,2025-08-28,1521.67,1479.8366334078007
TR-038020,2025-08-28,2070.71,2298.255132234689
TR-038021,2025-08-28,3410.9,3432.9759642674644
TR-038022,2025-08-28,992.78,997.7048225687977
TR-038023,2025-08-28,999.39,938.330873582496
TR-038024,2025-08-28,1074.03,1079.1385462575963
TR-038025,2025-08-28,1167.7,1169.4650083337758
TR-038026,2025-08-28,6133.24,6167.055479502481
TR-038027,2025-08-28,5037.8,5205.03306020668
TR-038028,2025-08-28,4708.22,4202.796478233372
TR-038029,2025-08-28,5004.85,5415.90693436927
TR-038030,2025-08-28,5347.64,5197.443881191417
TR-038031,2025-08-28,1887.77,2097.5523218846847
TR-038032,2025-08-28,2976.99,3030.8578083926864
TR-038033,2025-08-28,1099.93,1170.8209057777347
TR-038034,2025-08-28,1185.14,1217.26964699046
TR-038035,2025-08-28,817.54,798.5911052525281
TR-038036,2025-08-28,1591.49,1519.4134170429068
TR-038037,2025-08-28,2695.04,2774.765834007117
TR-038038,2025-08-28,3779.82,4117.390653076336
TR-038039,2025-08-28,2938.51,3076.903490651851
TR-038040,2025-08-29,4852.55,5278.575987448623
TR-038041,2025-08-29,1273.81,1239.685664604886
TR-038042,2025-08-29,1328.3,1398.3318208180322
TR-038043,2025-08-29,1081.06,1074.4612526699498
TR-038044,2025-08-29,1938.15,1973.8005401035746
TR-038045,2025-08-29,6964.45,2444.9430837940718
TR-038046,2025-08-29,1441.78,1461.7583488508408
TR-038047,2025-08-29,1441.83,1440.7036782787657
TR-038048,2025-08-29,1079.27,1021.6778364910684
TR-038049,2025-08-29,3346.24,3325.199434245269
TR-038050,2025-08-29,1206.48,1233.2951690159864
TR-038051,2025-08-29,940.04,973.094657989853
TR-038052,2025-08-29,888.64,803.6655847715333
TR-038053,2025-08-29,1047.9,1034.8301861117147
TR-038054,2025-08-29,3500.84,3380.6296585723867
TR-038055,2025-08-29,917.56,924.525813300344
TR-038056,2025-08-29,3486.06,2906.4698588566625
TR-038057,2025-08-29,1181.15,1208.146113878548
TR-038058,2025-08-29,1599.86,1615.7741527965468
TR-038059,2025-08-29,3780.36,3372.109938108604
TR-038060,2025-08-29,2276.37,2331.9517758253014
TR-038061,2025-08-29,3832.73,4080.311956903578
TR-038062,2025-08-29,4243.53,4573.310302066997
TR-038063,2025-08-29,5675.17,5599.009300887646
TR-038064,2025-08-29,1471.2,1541.0251087998847
TR-038065,2025-08-29,2467.5,2530.975453232483
TR-038066,2025-08-29,430.44,377.08575814103676
TR-038067,2025-08-29,1241.26,1204.9321218500677
TR-038068,2025-08-29,881.85,850.1686479734343
TR-038069,2025-08-29,1002.64,989.3395678640903
TR-038070,2025-08-29,3688.46,4093.7739927099933
TR-038071,2025-08-29,3388.98,3043.186889436663
TR-038072,2025-08-29,1198.78,1184.121624359516
TR-038073,2025-08-29,1638.39,1611.653904251275
TR-038074,2025-08-29,3717.58,4283.164226760273
TR-038075,2025-08-29,3769.36,3442.5864180538624
TR-038076,2025-08-29,1756.32,1931.8116551140586
TR-038077,2025-08-29,1154.44,1077.767700481616
TR-038078,2025-08-29,2145.54,2155.7947403140633
TR-038079,2025-08-29,3065.67,2799.0113114439255
TR-038080,2025-08-29,4466.21,4802.028148273737
TR-038081,2025-08-29,2414.14,2397.4950006258264
TR-038082,2025-08-29,4165.93,3590.328963992088
TR-038083,2025-08-29,4017.55,4355.683363611746
TR-038084,2025-08-29,4316.49,4591.047186304143
TR-038085,2025-08-29,2566.92,2680.8047030770863
TR-038086,2025-08-29,1723.18,1681.6905321086726
TR-038087,2025-08-29,3114.15,3145.4570782627793
TR-038088,2025-08-29,1098.57,1102.8324828929606
TR-038089,2025-08-29,5408.24,5755.778576374226
TR-038090,2025-08-29,5571.16,5848.04432933284
TR-038091,2025-08-29,1801.54,1910.6751331394958
TR-038092,2025-08-29,5291.81,5601.973235017332
TR-038093,2025-08-29,3948.31,4189.690102359453
TR-038094,2025-08-29,3588.64,3686.945413572826
TR-038095,2025-08-29,999.34,938.0593242431021
TR-038096,2025-08-29,3568.75,3811.863175351893
TR-038097,2025-08-29,2896.5,2794.0909675946427
TR-038098,2025-08-29,1902.84,1856.4720470696932
TR-038099,2025-08-29,3500.09,3617.9536267401477
TR-038100,2025-08-29,5007.73,4009.783500473662
TR-038101,2025-08-29,984.23,1021.5306085468625
TR-038102,2025-08-29,1266.69,1353.7777600927382
TR-038103,2025-08-29,2680.97,2621.5341489257553
TR-038104,2025-08-29,3822.75,3989.138905044042
TR-038105,2025-08-29,1830.82,1789.2269042933333
TR-038106,2025-08-29,925.77,944.4286869376515
TR-038107,2025-08-29,3920.72,3838.3694203922228
TR-038108,2025-08-29,1539.99,1466.6858943925188
TR-038109,2025-08-29,1851.64,1789.7842504340415
TR-038110,2025-08-29,2229.78,2340.804330920321
TR-038111,2025-08-29,1288.41,1330.0226288732413
TR-038112,2025-08-29,657.63,661.7827400112324
TR-038113,2025-08-29,2921.08,2944.3316046803166
TR-038114,2025-08-29,4295.47,4804.075792866601
TR-038115,2025-08-29,1026.41,1020.0018143663289
TR-038116,2025-08-29,1779.0,1783.407755551021
TR-038117,2025-08-29,1638.14,1739.418243474455
TR-038118,2025-08-29,3679.12,3956.468216618751
TR-038119,2025-08-29,918.1,913.2705044574996
TR-038120,2025-08-29,750.05,734.2667758820978
TR-038121,2025-08-29,1933.49,1743.5454540391925
TR-038122,2025-08-29,595.99,580.2380966124276
TR-038123,2025-08-29,3921.4,4280.020255954556
TR-038124,2025-08-29,910.05,971.5020393954665
TR-038125,2025-08-29,3335.15,3505.049009249102
TR-038126,2025-08-29,816.48,857.4259640829415
TR-038127,2025-08-29,2267.47,2029.2827166407235
TR-038128,2025-08-29,4900.24,5010.20687515501
TR-038129,2025-08-29,3459.86,3388.1983106686425
TR-038130,2025-08-29,1459.3,1409.6586661067925
TR-038131,2025-08-29,1334.9,1301.6389028109343
TR-038132,2025-08-29,328.67,319.84348261104503
TR-038133,2025-08-29,4808.25,3901.8961668086517
TR-038134,2025-08-29,1913.11,1837.4427706135364
TR-038135,2025-08-29,1518.34,1435.0929871244452
TR-038136,2025-08-29,2644.98,2551.1197266757076
TR-038137,2025-08-29,2586.01,2472.464530512725
TR-038138,2025-08-29,2038.98,1941.5372496409013
TR-038139,2025-08-29,3057.42,3283.9953318406174
TR-038140,2025-08-29,756.89,761.8850537076518
TR-038141,2025-08-29,1637.49,1631.150693696142
TR-038142,2025-08-29,4027.95,4448.066397384565
TR-038143,2025-08-29,393.98,379.06645763716324
TR-038144,2025-08-29,3815.57,4497.523220238316
TR-038145,2025-08-29,1356.09,1386.3962633781318
TR-038146,2025-08-29,3158.14,3204.8757975809813
TR-038147,2025-08-29,5472.38,4620.1550269328745
TR-038148,2025-08-29,1759.2,1718.556438027279
TR-038149,2025-08-29,1240.94,1161.4471055798087
TR-038150,2025-08-29,2089.29,2168.907228604201
TR-038151,2025-08-29,1948.57,1955.2736020649181
TR-038152,2025-08-29,648.48,641.5051824824021
TR-038153,2025-08-29,2403.04,2215.039993645092
TR-038154,2025-08-29,1825.23,1767.641753735725
TR-038155,2025-08-29,1077.31,1118.2515314617556
TR-038156,2025-08-29,2213.62,2441.7813285587845
TR-038157,2025-08-29,815.86,765.3537077365127
TR-038158,2025-08-29,1256.28,1251.0970023836408
TR-038159,2025-08-29,1680.91,1695.5404427706321
TR-038160,2025-08-29,3566.64,3625.81107627447
TR-038161,2025-08-29,5511.33,5441.849847082918
TR-038162,2025-08-29,3389.92,3475.2878328713155
TR-038163,2025-08-29,4152.38,4487.873009627916
TR-038164,2025-08-29,1157.08,1217.5079565511874
TR-038165,2025-08-29,1240.59,1210.5254087459011
TR-038166,2025-08-29,370.89,361.76123826350704
TR-038167,2025-08-29,741.7,794.6838831810246
TR-038168,2025-08-29,2130.86,1997.062639729117
TR-038169,2025-08-29,1850.54,1813.0068466886257
TR-038170,2025-08-29,784.51,777.0308162871364
TR-038171,2025-08-29,3032.24,3311.8654563167743
TR-038172,2025-08-29,5566.96,5527.913972981808
TR-038173,2025-08-29,5228.39,5640.157048585928
TR-038174,2025-08-29,2989.33,2985.624524043845
TR-038175,2025-08-29,521.98,488.90904618522114
TR-038176,2025-08-29,822.33,797.5942144686547
TR-038177,2025-08-29,4198.62,4366.104576550663
TR-038178,2025-08-29,889.15,876.8387238253646
TR-038179,2025-08-29,1424.01,1318.9361573837923
TR-038180,2025-08-29,520.3,495.2266587915563
TR-038181,2025-08-29,3770.29,3761.4658075889797
TR-038182,2025-08-29,1630.64,1526.384622104549
TR-038183,2025-08-29,1647.96,1719.19544522741
TR-038184,2025-08-29,3711.01,3701.667183039885
TR-038185,2025-08-29,766.72,782.5478595336194
TR-038186,2025-08-29,2915.5,2930.0715291784895
TR-038187,2025-08-29,1453.84,1402.148074302535
TR-038188,2025-08-29,845.78,840.4824651571837
TR-038189,2025-08-29,4283.63,4359.219640609827
TR-038190,2025-08-29,2595.65,2374.93143700173
TR-038191,2025-08-30,1537.18,1574.6688419565844
TR-038192,2025-08-30,1284.09,1354.4811543463284
TR-038193,2025-08-30,2640.74,2465.9923723672746
TR-038194,2025-08-30,1557.32,1563.194212143225
TR-038195,2025-08-30,4117.4,4591.3181624289655
TR-038196,2025-08-30,1675.95,1732.2126579330354
TR-038197,2025-08-30,2412.8,2340.2284283988215
TR-038198,2025-08-30,2242.61,2238.418579560521
TR-038199,2025-08-30,1291.48,1308.361777215819
TR-038200,2025-08-30,812.63,793.5926830762313
TR-038201,2025-08-30,2332.23,2511.033546444012
TR-038202,2025-08-30,1788.42,1950.6520209724542
TR-038203,2025-08-30,1988.34,1937.5419045761764
TR-038204,2025-08-30,2919.33,3218.37563597539
TR-038205,2025-08-30,6012.08,6202.061606070295
TR-038206,2025-08-30,835.19,803.5705231420864
TR-038207,2025-08-30,4356.01,4853.311972655208
TR-038208,2025-08-30,1916.36,2111.9716926053507
TR-038209,2025-08-30,2862.05,2705.4492503305323
TR-038210,2025-08-30,1848.53,1817.5349010327438
TR-038211,2025-08-30,2041.37,2047.5522027557683
TR-038212,2025-08-30,4580.65,5027.541459133687
TR-038213,2025-08-30,610.03,656.1843905238311
TR-038214,2025-08-30,1402.53,1285.965074639996
TR-038215,2025-08-30,3437.47,3377.849420549682
TR-038216,2025-08-30,2926.22,2863.1091473058023
TR-038217,2025-08-30,3567.51,3399.4110410003227
TR-038218,2025-08-30,1888.29,1759.4246191334298
TR-038219,2025-08-30,969.71,950.4779675939143
TR-038220,2025-08-30,1002.84,986.05737754309
TR-038221,2025-08-30,4628.63,4513.709937848516
TR-038222,2025-08-30,4158.93,4688.173696770652
TR-038223,2025-08-30,1298.2,1303.0356535273331
TR-038224,2025-08-30,4150.04,4320.577202865175
TR-038225,2025-08-30,794.7,812.2399306655129
TR-038226,2025-08-30,1559.92,1659.6169524971335
TR-038227,2025-08-30,1210.11,1228.7481575214529
TR-038228,2025-08-30,2845.92,3167.9612673480747
TR-038229,2025-08-30,707.81,725.2458455013598
TR-038230,2025-08-30,3624.6,3495.9463099521454
TR-038231,2025-08-30,3147.85,3246.044171524575
TR-038232,2025-08-30,3550.67,3745.3241265760034
TR-038233,2025-08-30,1395.48,1435.1980556508918
TR-038234,2025-08-30,317.92,323.4874913431299
TR-038235,2025-08-30,1050.91,1016.6832497863967
TR-038236,2025-08-30,1754.69,1878.701065387786
TR-038237,2025-08-30,927.54,1007.9776907571212
TR-038238,2025-08-30,846.04,848.7821202405808
TR-038239,2025-08-30,1733.62,1754.7377954416977
TR-038240,2025-08-30,741.41,694.1089871831913
TR-038241,2025-08-30,573.04,565.3506198845472
TR-038242,2025-08-30,891.99,901.6298616173425
TR-038243,2025-08-30,144.92,741.9742769224291
TR-038244,2025-08-30,2511.08,2480.5667609940056
TR-038245,2025-08-30,2263.98,2278.2194009573486
TR-038246,2025-08-30,4283.8,4670.321304133028
TR-038247,2025-08-30,2413.56,2409.1625783085624
TR-038248,2025-08-30,2568.36,2534.6189660460723
TR-038249,2025-08-30,1351.11,1449.2536196918718
TR-038250,2025-08-30,2529.62,2579.910407368849
TR-038251,2025-08-30,2551.04,2419.1221145525406
TR-038252,2025-08-30,1001.31,1035.652879311862
TR-038253,2025-08-30,4638.53,5156.606500586854
TR-038254,2025-08-30,3311.2,2726.895591482154
TR-038255,2025-08-30,1747.5,1903.4986936727262
TR-038256,2025-08-30,4680.78,5170.522718428481
TR-038257,2025-08-30,4209.65,4328.598636273991
TR-038258,2025-08-30,2558.26,2725.733707262375
TR-038259,2025-08-30,3239.62,3402.4271589475575
TR-038260,2025-08-30,6127.24,6080.745541355834
TR-038261,2025-08-30,1162.14,1171.9420759689676
TR-038262,2025-08-30,2335.37,2427.207545541314
TR-038263,2025-08-30,2738.82,2788.623926076308
TR-038264,2025-08-30,4183.92,4669.79054593865
TR-038265,2025-08-30,1877.94,2082.7332078976488
TR-038266,2025-08-30,709.82,676.4910011074089
TR-038267,2025-08-30,3502.5,3834.971159031512
TR-038268,2025-08-30,3177.86,3275.9146491508254
TR-038269,2025-08-30,1991.79,2012.3858541525074
TR-038270,2025-08-30,4940.91,5538.5988958533635
TR-038271,2025-08-30,1586.21,1581.3523389514946
TR-038272,2025-08-30,1289.22,1314.0132968275661
TR-038273,2025-08-30,1965.8,2049.8925412116187
TR-038274,2025-08-30,854.24,801.5889892869741
TR-038275,2025-08-30,3537.46,3783.423757022623
TR-038276,2025-08-30,3456.86,3546.632091844861
TR-038277,2025-08-30,3977.4,4120.363876268488
TR-038278,2025-08-30,1909.86,1926.2092642737541
TR-038279,2025-08-30,3743.08,4026.34793167951
TR-038280,2025-08-30,3975.76,4245.87413141176
TR-038281,2025-08-30,2980.73,3291.1125255344386
TR-038282,2025-08-30,222.11,248.34037188296608
TR-038283,2025-08-30,1469.79,1409.478366259349
TR-038284,2025-08-30,4252.82,4452.237083078631
TR-038285,2025-08-30,1605.29,1927.386528244767
TR-038286,2025-08-30,3421.38,3754.080786653407
TR-038287,2025-08-30,2482.39,2640.894621487941
TR-038288,2025-08-30,3508.42,3765.351087471915
TR-038289,2025-08-30,3922.75,4424.127715183831
TR-038290,2025-08-30,1919.72,1827.4263262854643
TR-038291,2025-08-30,1637.17,1569.6508813012206
TR-038292,2025-08-30,780.67,758.3315831166307
TR-038293,2025-08-30,3545.01,3519.4136867269494
TR-038294,2025-08-30,801.44,786.2727581149028
TR-038295,2025-08-30,3153.81,3275.2779486519225
TR-038296,2025-08-30,1425.21,1630.8261499099835
TR-038297,2025-08-30,1076.3,969.7588307057953
TR-038298,2025-08-30,4388.14,4758.459339824567
TR-038299,2025-08-30,1579.71,1661.9037263857074
TR-038300,2025-08-30,1772.91,1960.902220772464
TR-038301,2025-08-30,810.88,780.5300619942511
TR-038302,2025-08-30,3223.23,3428.142119597557
TR-038303,2025-08-30,2236.78,2363.368484721256
TR-038304,2025-08-30,2506.35,2614.958883591693
TR-038305,2025-08-30,2323.16,2486.9018782189446
TR-038306,2025-08-30,2073.43,2140.2606156543916
TR-038307,2025-08-30,1270.61,1312.0866756612554
TR-038308,2025-08-30,4162.88,4378.134109268573
TR-038309,2025-08-30,551.31,1510.0607093565475
TR-038310,2025-08-30,2044.34,2136.9796552790003
TR-038311,2025-08-30,2999.26,3217.186947691638
TR-038312,2025-08-30,836.07,850.118895865978
TR-038313,2025-08-30,2206.24,2344.7124046671265
TR-038314,2025-08-30,1535.9,1567.6152148599144
TR-038315,2025-08-30,1567.67,1769.2488116182267
TR-038316,2025-08-30,2069.16,1901.6338542309627
TR-038317,2025-08-30,3016.58,3349.3210968100407
TR-038318,2025-08-30,1997.86,2093.3050409995058
TR-038319,2025-08-30,3483.44,3706.92587185507
TR-038320,2025-08-30,2983.43,2936.0280058411527
TR-038321,2025-08-30,2511.74,2554.952428820038
TR-038322,2025-08-30,4600.11,4721.168553100861
TR-038323,2025-08-30,2546.13,2661.2299420426566
TR-038324,2025-08-30,1762.17,1548.202054487252
TR-038325,2025-08-30,2236.94,2464.687923181589
TR-038326,2025-08-30,4206.68,3930.460521583221
TR-038327,2025-08-30,4288.11,4350.688298577861
TR-038328,2025-08-30,2881.95,2821.6900720737176
TR-038329,2025-08-30,1501.74,3652.985646738126
TR-038330,2025-08-30,2578.73,2624.8857086623752
TR-038331,2025-08-31,3233.75,3348.4149787072115
TR-038332,2025-08-31,698.09,712.8723710143079
TR-038333,2025-08-31,1671.41,1683.5333919093368
TR-038334,2025-08-31,1727.0,1905.3024463937563
TR-038335,2025-08-31,5012.22,5456.40874601648
TR-038336,2025-08-31,454.17,449.1830613197427
TR-038337,2025-08-31,3354.9,3483.926700461512
TR-038338,2025-08-31,2461.86,2671.231771077679
TR-038339,2025-08-31,854.42,829.7530978307117
TR-038340,2025-08-31,3475.31,4109.861778334368
TR-038341,2025-08-31,1510.17,1570.2700389025078
TR-038342,2025-08-31,4870.06,5026.08206107397
TR-038343,2025-08-31,907.84,935.0003070438693
TR-038344,2025-08-31,4140.64,4520.645926766509
TR-038345,2025-08-31,449.49,455.21227695982105
TR-038346,2025-08-31,2027.8,2094.367861620259
TR-038347,2025-08-31,1939.87,1818.5878894523855
TR-038348,2025-08-31,3038.18,3119.0812362161696
TR-038349,2025-08-31,4459.97,4553.954785977643
TR-038350,2025-08-31,717.91,688.413959018717
TR-038351,2025-08-31,985.38,1009.1757320386014
TR-038352,2025-08-31,4204.85,4623.000826289191
TR-038353,2025-08-31,1697.78,1737.0683217302978
TR-038354,2025-08-31,1943.47,1781.586323679462
TR-038355,2025-08-31,3666.12,4076.629294450004
TR-038356,2025-08-31,2916.24,2953.089094859656
TR-038357,2025-08-31,1456.78,1432.0866160184344
TR-038358,2025-08-31,1864.32,2026.3604035242515
TR-038359,2025-08-31,2958.21,2577.9708967592005
TR-038360,2025-08-31,4343.73,4315.348005721116
TR-038361,2025-08-31,1310.33,1283.5405665845242
TR-038362,2025-08-31,3263.99,3469.3278126454493
TR-038363,2025-08-31,3426.22,3793.08639425654
TR-038364,2025-08-31,1859.2,1754.828430058234
TR-038365,2025-08-31,2288.42,2297.5002914789375
TR-038366,2025-08-31,3232.28,2832.9519414872543
TR-038367,2025-08-31,2801.66,2739.9091793684374
TR-038368,2025-08-31,2266.11,2483.0385002468706
TR-038369,2025-08-31,4464.52,5191.473250603179
TR-038370,2025-08-31,3527.76,3849.940378552927
TR-038371,2025-08-31,2793.3,2842.083967786009
TR-038372,2025-08-31,2844.85,2888.2012621006234
TR-038373,2025-08-31,420.84,424.4684492535202
TR-038374,2025-08-31,2497.8,2699.2549979025457
TR-038375,2025-08-31,1587.51,1579.1370205972569
TR-038376,2025-08-31,1876.86,1918.4447470424413
TR-038377,2025-08-31,892.93,930.1707766629153
TR-038378,2025-08-31,2089.46,2051.8038738005143
TR-038379,2025-08-31,2665.95,2825.030335724373
TR-038380,2025-08-31,2167.35,2333.650216222728
TR-038381,2025-08-31,2952.37,3109.4594659971604
TR-038382,2025-08-31,4309.09,5030.625886810441
TR-038383,2025-08-31,603.33,589.0541206703083
TR-038384,2025-08-31,2275.18,2226.6007249987883
TR-038385,2025-08-31,4238.1,4036.967360465845
TR-038386,2025-08-31,918.32,944.5892380643888
TR-038387,2025-08-31,578.11,591.1797909822533
TR-038388,2025-08-31,2804.5,2726.559498190414
TR-038389,2025-08-31,2342.64,2461.8834462674517
TR-038390,2025-08-31,2146.44,2133.1623006572936
TR-038391,2025-08-31,2009.89,2124.3857745893856
TR-038392,2025-08-31,1278.9,1202.3195791270243
TR-038393,2025-08-31,4801.85,5349.18908796647
TR-038394,2025-08-31,4661.41,4455.340231508067
TR-038395,2025-08-31,892.65,936.4034130199342
TR-038396,2025-08-31,4691.77,4834.880668091899
TR-038397,2025-08-31,1837.56,2047.5041531094312
TR-038398,2025-08-31,1647.49,1755.2042274876912
TR-038399,2025-08-31,2063.84,1995.1505546793583
TR-038400,2025-08-31,762.75,781.9184022005356
TR-038401,2025-08-31,631.07,633.5022065817114
TR-038402,2025-08-31,1755.35,1760.0098026544265
TR-038403,2025-08-31,4466.13,4697.239277618927
TR-038404,2025-08-31,2574.99,2514.340668463598
TR-038405,2025-08-31,576.69,579.8492445355188
TR-038406,2025-08-31,3685.33,3918.6969611305017
TR-038407,2025-08-31,2851.4,2916.3953589208395
TR-038408,2025-08-31,2996.08,3074.4225537588172
TR-038409,2025-08-31,4225.72,4533.330661383466
TR-038410,2025-08-31,3850.74,3924.2730612859837
TR-038411,2025-08-31,1239.35,1218.3715737403047
TR-038412,2025-08-31,1222.86,1223.8376755379393
TR-038413,2025-08-31,2142.98,2115.3424805997224
TR-038414,2025-08-31,3847.65,4275.284047560765
TR-038415,2025-08-31,1939.02,1932.4370240707947
TR-038416,2025-08-31,1887.9,2059.941284577058
TR-038417,2025-08-31,361.91,343.15898371538117
TR-038418,2025-08-31,5030.28,5526.5130096565
TR-038419,2025-08-31,1578.38,1587.0460497648253
TR-038420,2025-08-31,1834.76,1879.0766320773307
TR-038421,2025-08-31,4722.33,5125.271596577756
TR-038422,2025-08-31,1473.29,1597.526171094147
TR-038423,2025-08-31,724.88,679.7100587379383
TR-038424,2025-08-31,1873.01,1999.2716490029336
TR-038425,2025-08-31,1875.26,2111.085939738094
TR-038426,2025-08-31,1534.18,1701.059000751878
TR-038427,2025-08-31,1017.09,1048.4627726779281
TR-038428,2025-08-31,4375.08,4669.150607100614
TR-038429,2025-08-31,1327.08,1327.6844700460751
TR-038430,2025-08-31,611.1,627.797018125481
TR-038431,2025-08-31,1778.4,1776.366662384092
TR-038432,2025-08-31,693.2,660.5817973661503
TR-038433,2025-08-31,1374.19,1333.130553784006
TR-038434,2025-08-31,982.54,944.6804760516272
TR-038435,2025-08-31,3546.39,3862.5058292654076
TR-038436,2025-08-31,2473.61,2697.1044053372766
TR-038437,2025-08-31,2734.79,2798.009621485117
TR-038438,2025-08-31,4245.9,4603.079646502572
TR-038439,2025-08-31,2964.86,3171.969768492183
TR-038440,2025-08-31,3704.63,4414.021642198216
TR-038441,2025-08-31,2148.12,2147.9423717035584
TR-038442,2025-08-31,805.86,813.562926698813
TR-038443,2025-08-31,3067.56,3003.534214506903
TR-038444,2025-08-31,4405.94,4840.863427960519
TR-038445,2025-08-31,618.57,640.6782370426095
TR-038446,2025-08-31,1987.09,2247.1845030401887
TR-038447,2025-08-31,1021.84,1014.1442788383491
TR-038448,2025-08-31,449.12,458.9542394128309
TR-038449,2025-08-31,2475.36,2618.1929285291776
TR-038450,2025-08-31,1770.71,1765.2109514996855
TR-038451,2025-08-31,2007.29,2151.940261820369
TR-038452,2025-08-31,1346.97,1347.5356780832049
TR-038453,2025-08-31,1282.9,1236.3198339680866
TR-038454,2025-08-31,2494.51,2389.086898084075
TR-038455,2025-08-31,1869.31,1944.971624614907
TR-038456,2025-08-31,4632.24,4666.958672343813
TR-038457,2025-08-31,3369.16,3544.6766925255934
TR-038458,2025-08-31,1405.18,1334.9566260689026
TR-038459,2025-08-31,1587.4,1672.2093592271901
TR-038460,2025-08-31,7384.72,2962.2720549617634
TR-038461,2025-08-31,2459.39,2329.0570680775577
TR-038462,2025-08-31,3536.58,3521.5151737874294
TR-038463,2025-08-31,2121.53,2209.757082725364
TR-038464,2025-08-31,894.58,839.8306528926347
TR-038465,2025-08-31,1038.53,1093.7368633009792
TR-038466,2025-08-31,2040.45,1995.887726203551
TR-038467,2025-08-31,890.49,853.3723845971085
TR-038468,2025-08-31,699.48,679.3623367817559
TR-038469,2025-08-31,1856.32,1813.508107020754
TR-038470,2025-08-31,214.48,242.97158200826067
TR-038471,2025-08-31,3899.95,4066.682322978188
TR-038472,2025-08-31,4945.76,5162.120066014427
TR-038473,2025-08-31,3057.86,3175.7361566681834
TR-038474,2025-08-31,2322.2,2330.8837821375514
TR-038475,2025-08-31,1636.72,1728.662259516858
TR-038476,2025-08-31,2591.36,2752.981400737147
TR-038477,2025-08-31,3365.56,3739.934986086123
